"fournisseur","categorie","volume_annuel","duree_accord","taux_service","part_marque_nationale","exercice","negociateur","taux_remise","attendu","borne_basse","ecart","signale","enjeu_euros"
"F0001","E",119770,12,0.914,0.028,2025,"N11",27.97,28.8619167944067,26.896977636284,-0.891916794406715,FALSE,1068.24874466092
"F0002","E",6085,12,0.938,0.027,2024,"N24",24.51,24.130236117273,22.163788127226,0.379763882726991,FALSE,0
"F0003","E",28985,12,0.96,0.168,2026,"N22",28.19,27.0208629440175,25.0563033963026,1.1691370559825,FALSE,0
"F0004","E",256159,36,1,0.091,2024,"N39",31.93,30.9510852901526,28.9857753956123,0.978914709847434,FALSE,0
"F0005","A",25764,36,0.885,0.297,2024,"N24",27.67,27.6601093395478,25.6955119808841,0.00989066045224618,FALSE,0
"F0006","E",102012,12,0.899,0.195,2025,"N07",30.26,29.0459448582407,27.0816178836921,1.21405514175927,FALSE,0
"F0007","E",13890,36,0.881,0.299,2024,"N33",26.98,26.640647929718,24.6754817683289,0.339352070281976,FALSE,0
"F0008","B",42709,24,0.891,0.115,2026,"N37",24.68,27.6788048755707,25.7144069361133,-2.99880487557071,TRUE,1280.75957430749
"F0009","A",553756,36,0.91,0.811,2025,"N26",34.56,34.0682217999239,32.1025947511318,0.491778200076141,FALSE,0
"F0010","A",118531,24,0.925,0.321,2024,"N21",30.5,29.983051736931,28.0198581180409,0.516948263069004,FALSE,0
"F0011","D",31476,24,0.992,0.645,2025,"N04",28.48,28.9251907953086,26.9607402639937,-0.445190795308612,FALSE,140.128254731339
"F0012","E",41265,12,0.908,0.438,2024,"N13",31.15,28.295910318748,26.3318470984841,2.85408968125204,FALSE,0
"F0013","D",11659,36,0.95,0.4,2026,"N20",25.06,26.782633909004,24.8178964839924,-1.72263390900403,FALSE,200.84188745078
"F0014","D",151306,12,0.926,0.824,2026,"N16",29.18,31.5049964770904,29.5398916772769,-2.32499647709038,TRUE,3517.85916962637
"F0015","D",65132,24,0.865,0.463,2025,"N32",28.85,29.3380797438979,27.3740529541643,-0.488079743897913,FALSE,317.896098795589
"F0016","A",206909,12,0.994,0.624,2024,"N30",32.24,31.5926895198933,29.6281603686984,0.647310480106693,FALSE,0
"F0017","E",222052,12,0.985,0.306,2026,"N38",33.11,30.7186379338077,28.7543598638611,2.39136206619229,FALSE,0
"F0018","E",60372,24,0.939,0.161,2024,"N36",29.3,28.4510526888153,26.4873257542021,0.848947311184663,FALSE,0
"F0019","A",27441,12,0.923,0.34,2026,"N04",27.46,27.3743793873732,25.410291853732,0.0856206126268155,FALSE,0
"F0020","E",20224,24,0.943,0.557,2025,"N16",27.57,27.8199924762439,25.855870575032,-0.249992476243939,FALSE,50.5584783955743
"F0021","E",52511,36,0.972,0.188,2024,"N33",27.69,28.6315772827161,26.6671977408366,-0.941577282716057,FALSE,494.431646927029
"F0022","B",86269,36,0.905,0.583,2025,"N33",29.75,30.4619008737757,28.4978573381839,-0.711900873775715,FALSE,614.149764797571
"F0023","C",435592,36,0.908,0.385,2024,"N25",33.14,32.5718519898185,30.6076210522703,0.568148010181545,FALSE,0
"F0024","E",27012,24,0.958,0.575,2025,"N29",26.62,28.3627078401556,26.3986429508652,-1.74270784015556,FALSE,470.74024178282
"F0025","E",143855,12,0.889,0.708,2024,"N15",31.39,31.0199980259283,29.0550192809579,0.370001974071691,FALSE,0
"F0026","A",24115,24,0.869,0.275,2026,"N27",26.59,27.1479719256585,25.1833783579904,-0.55797192565851,FALSE,134.55492987255
"F0027","D",41969,12,0.95,0.641,2025,"N25",28.16,29.0297481148889,27.0654562023472,-0.86974811488885,FALSE,365.024586337701
"F0028","C",209983,24,0.912,0.508,2026,"N08",32.08,31.4421297865036,29.47872798844,0.637870213496441,FALSE,0
"F0029","B",154277,24,0.86,0.699,2026,"N28",33.32,31.3200309334322,29.3551410925965,1.99996906656777,FALSE,0
"F0030","E",44130,36,0.999,0.824,2026,"N10",27.93,30.1440354218088,28.1779192613129,-2.21403542180885,TRUE,977.053831644245
"F0031","D",38346,12,0.954,0.756,2025,"N18",29.72,29.2160273811579,27.2511183700716,0.503972618842138,FALSE,0
"F0032","C",309473,36,0.881,0.484,2025,"N22",31.79,32.2515587698368,30.2871880018534,-0.461558769836806,FALSE,1428.39977177706
"F0033","E",66985,12,0.866,0.235,2026,"N32",28.92,28.3734268264321,26.4086328284372,0.546573173567872,FALSE,0
"F0034","C",57568,24,0.9,0.306,2025,"N08",30.18,28.8265512557502,26.8629974835678,1.35344874424982,FALSE,0
"F0035","E",23569,24,0.921,0.588,2024,"N06",28.34,28.1105507138782,26.1464983425706,0.229449286121827,FALSE,0
"F0036","A",1647644,12,0.983,0.233,2025,"N17",33.23,33.7970681300206,31.8312122267148,-0.567068130020566,FALSE,9343.26402019605
"F0037","E",748994,12,0.894,0.233,2025,"N32",32.06,32.3376788598585,30.3724845003953,-0.277678859858511,FALSE,2079.79799960866
"F0038","E",156217,36,0.945,0.261,2024,"N18",30.25,30.5325297414671,28.5685981400157,-0.28252974146713,FALSE,441.359486227706
"F0039","C",1200909,12,0.863,0.458,2025,"N17",34.58,33.7857282216476,31.8197328428025,0.794271778352353,FALSE,0
"F0040","C",153240,24,0.954,0.406,2024,"N29",31.79,30.7784828042898,28.8152508941923,1.01151719571019,FALSE,0
"F0041","B",57265,24,0.962,0.539,2025,"N30",28.42,29.5239173711124,27.5603768818229,-1.1039173711124,FALSE,632.158282567517
"F0042","B",165574,24,1,0.098,2025,"N18",29.65,30.0570442811809,28.0924052620773,-0.407044281180902,FALSE,673.959498122466
"F0043","B",474414,12,0.979,0.504,2025,"N26",33.93,32.5798842152215,30.6152215016295,1.35011578477851,FALSE,0
"F0044","D",23234,12,0.885,0.542,2026,"N32",25.89,27.632317404164,25.6676242634059,-1.74231740416403,FALSE,404.81002568347
"F0045","B",388721,36,0.94,0.475,2024,"N37",32.86,32.6363663465269,30.672249474795,0.223633653473065,FALSE,0
"F0046","E",368868,12,0.971,0.488,2025,"N30",31.41,32.0656221639049,30.1011796721994,-0.655622163904869,FALSE,2418.38036355261
"F0047","B",540751,36,0.907,0.231,2025,"N13",32.25,32.4168859251118,30.452323314736,-0.166885925111792,FALSE,902.437308901268
"F0048","C",162093,36,0.912,0.341,2025,"N33",30.44,30.8719872192547,28.9082107229908,-0.431987219254729,FALSE,700.221043306569
"F0049","B",345329,36,0.936,0.311,2025,"N07",30.89,31.9781884188861,30.0141821269883,-1.08818841888615,FALSE,3757.83018505534
"F0050","D",11671,12,0.939,0.26,2026,"N03",27.33,25.8385357679451,23.8737782961119,1.49146423205495,FALSE,0
"F0051","B",86189,24,0.869,0.306,2026,"N20",31.61,29.2991895975949,27.3351432188578,2.31081040240515,FALSE,0
"F0052","E",317266,24,0.95,0.475,2025,"N24",32.73,32.013473280521,30.0497992050613,0.716526719478978,FALSE,0
"F0053","D",180160,36,0.981,0.767,2024,"N23",31.97,32.3081736549534,30.3431615199885,-0.338173654953444,FALSE,609.253656764124
"F0054","A",129305,36,0.924,0.789,2025,"N12",33.24,31.7022887542271,29.7374375152236,1.53771124577289,FALSE,0
"F0055","E",21236,36,0.957,0.404,2024,"N38",29.13,27.7599812192549,25.7956149329556,1.37001878074511,FALSE,0
"F0056","C",76992,24,0.962,0.404,2025,"N28",30.2,29.6853476576713,27.7220799826889,0.514652342328741,FALSE,0
"F0057","D",11957,12,0.943,0.408,2024,"N08",24.8,26.3494128496149,24.384992970421,-1.5494128496149,FALSE,185.263294428454
"F0058","E",70728,24,0.909,0.347,2026,"N22",30.42,29.122528371607,27.1591162907688,1.29747162839298,FALSE,0
"F0059","B",140679,24,0.91,0.186,2026,"N31",30.48,29.8244266041778,27.8606841323879,0.65557339582217,FALSE,0
"F0060","A",51020,24,1,0.16,2026,"N07",27.56,28.2733775522271,26.3089116494059,-0.713377552227058,FALSE,363.965227146245
"F0061","D",168518,24,1,0.264,2024,"N27",29.67,30.557153748296,28.5933395777092,-0.887153748295997,FALSE,1495.01375355345
"F0062","B",95709,36,0.861,0.297,2026,"N12",27.28,29.6922346104566,27.7275612577221,-2.41223461045664,TRUE,2308.72562332195
"F0063","A",276361,24,0.911,0.731,2024,"N32",32.06,32.4657499843586,30.5014726338571,-0.405749984358593,FALSE,1121.33471427325
"F0064","C",62634,24,0.961,0.414,2026,"N13",29.14,29.332324695195,27.3690453103385,-0.192324695195008,FALSE,120.460649588442
"F0065","C",14024,24,0.947,0.608,2026,"N15",26.31,27.4535180802995,25.4891820380686,-1.1435180802995,FALSE,160.366975581201
"F0066","D",21144,12,1,0.828,2026,"N38",29.13,28.503241464929,26.5370147941165,0.626758535070977,FALSE,0
"F0067","E",38392,12,0.89,0.572,2025,"N33",30.36,28.5231604902509,26.5585775437406,1.83683950974905,FALSE,0
"F0068","C",95631,36,0.965,0.592,2026,"N09",30.94,30.7840885300941,28.820114884493,0.155911469905895,FALSE,0
"F0069","B",107763,24,0.951,0.326,2025,"N09",31.26,29.9171939180445,27.953926902416,1.3428060819555,FALSE,0
"F0070","C",39663,12,0.945,0.331,2025,"N32",27.48,28.1195172077828,26.1555888037866,-0.639517207782806,FALSE,253.651710122894
"F0071","A",110163,36,0.899,0.329,2024,"N36",30.81,30.1046346808966,28.1407202908764,0.705365319103386,FALSE,0
"F0072","A",44025,24,0.891,0.175,2026,"N34",24.8,27.8728734890311,25.9087052393628,-3.0728734890311,TRUE,1352.83255354594
"F0073","A",208985,12,0.923,0.701,2025,"N06",30.73,31.6909236997773,29.7265237817897,-0.96092369977729,FALSE,2008.18639397957
"F0074","D",19787,24,0.839,0.404,2025,"N28",27.45,27.2140637260743,25.2488284295959,0.235936273925656,FALSE,0
"F0075","E",392365,36,1,0.562,2025,"N15",34.3,32.9588231313607,30.993684552046,1.3411768686393,FALSE,0
"F0076","B",137301,36,0.949,0.356,2024,"N02",30,30.6513442946723,28.6876274974848,-0.651344294672295,FALSE,894.302230028008
"F0077","A",61427,24,0.995,0.73,2024,"N29",28.7,30.212429074312,28.2479041634725,-1.51242907431203,FALSE,929.039807477651
"F0078","A",27362,36,0.952,0.651,2026,"N29",28.55,28.8304097200116,26.8657163434277,-0.280409720011608,FALSE,76.7257075895762
"F0079","A",193101,24,1,0.234,2024,"N38",28.76,30.6624226538799,28.6983799106671,-1.90242265387989,FALSE,3673.5971688686
"F0080","E",49167,24,0.955,0.425,2026,"N24",30.38,28.8463497952789,26.8829107588151,1.53365020472111,FALSE,0
"F0081","A",219421,12,0.948,0.726,2024,"N21",33,31.8864564436443,29.9219438335751,1.11354355635573,FALSE,0
"F0082","D",909857,24,1,0.471,2026,"N02",34.77,33.7926522451758,31.8278075030723,0.977347754824201,FALSE,0
"F0083","D",125953,36,0.98,0.679,2024,"N33",29.73,31.4853318678147,29.5208682135307,-1.75533186781467,FALSE,2210.89314746861
"F0084","C",137744,36,1,0.259,2026,"N34",31.74,30.4987072326644,28.5342365175821,1.2412927673356,FALSE,0
"F0085","C",199076,24,0.949,0.306,2026,"N17",30.37,30.8587496364038,28.8954078588345,-0.488749636403767,FALSE,972.983226167164
"F0086","D",55523,12,0.949,0.761,2026,"N29",30.01,29.7651313805979,27.8003926644211,0.244868619402066,FALSE,0
"F0087","E",1076097,36,0.981,0.61,2024,"N38",34.61,34.6741676489921,32.708475221981,-0.0641676489921181,FALSE,690.506145774713
"F0088","C",83013,12,0.953,0.711,2026,"N28",29.17,30.3379833742361,28.3736516312711,-1.16798337423612,FALSE,969.578038454626
"F0089","D",247933,24,0.954,0.158,2025,"N28",29.75,30.7908386847507,28.8270479921959,-1.04083868475071,FALSE,2580.58257626299
"F0090","A",164095,12,0.973,0.116,2025,"N35",29.16,29.7532538213741,27.7887469600231,-0.59325382137413,FALSE,973.499858183879
"F0091","E",55221,24,0.882,0.518,2025,"N15",29.32,29.2042126128213,27.2402540409548,0.115787387178724,FALSE,0
"F0092","D",570554,24,0.935,0.216,2026,"N01",33.19,32.2048043312974,30.240765479964,0.985195668702559,FALSE,0
"F0093","D",176928,24,0.969,0.358,2024,"N05",31.42,30.8407884712943,28.8775398891894,0.579211528705706,FALSE,0
"F0094","D",52413,12,0.901,0.101,2024,"N05",26.77,27.7744614355502,25.8099422251239,-1.0044614355502,FALSE,526.468372214929
"F0095","B",53124,36,0.881,0.097,2026,"N39",28.14,28.2245283294346,26.259504371714,-0.0845283294346437,FALSE,44.9048297288601
"F0096","D",11684,24,0.822,0.525,2026,"N29",25.96,26.6295133425103,24.6630674967303,-0.669513342510317,FALSE,78.2259389389055
"F0097","E",32631,12,0.916,0.292,2025,"N28",29.12,27.5245934189639,25.5603899259719,1.59540658103608,FALSE,0
"F0098","C",319631,36,0.919,0.141,2024,"N35",31.78,31.4106390374664,29.4460736044866,0.369360962533626,FALSE,0
"F0099","B",325554,24,0.912,0.652,2024,"N36",31.3,32.5312608354301,30.5671011649215,-1.23126083543007,FALSE,4008.41890017602
"F0100","E",39271,36,1,0.317,2026,"N19",29.12,28.5334430342268,26.5686915854562,0.586556965773177,FALSE,0
"F0101","D",252375,24,1,0.34,2025,"N27",32.57,31.4181478724351,29.4541555921486,1.15185212756487,FALSE,0
"F0102","E",385901,36,0.895,0.454,2026,"N23",30.25,32.3811415825884,30.416766213369,-2.13114158258845,TRUE,8224.09667862465
"F0103","D",304721,36,0.887,0.115,2024,"N18",29.01,31.1389522214095,29.1741499462376,-2.12895222140949,TRUE,6487.36449860122
"F0104","E",539138,24,0.952,0.482,2024,"N26",32.01,32.886336068284,30.922336309763,-0.876336068284019,FALSE,4724.66075182509
"F0105","D",12546,24,0.968,0.831,2025,"N14",27.39,27.928998587937,25.9632059402933,-0.538998587937026,FALSE,67.6227628425793
"F0106","B",154622,24,0.891,0.432,2025,"N15",31.77,30.6801184581892,28.7165754514624,1.08988154181082,FALSE,0
"F0107","D",38946,24,0.912,0.603,2025,"N23",29.48,28.9967957567622,27.0330317994662,0.483204243237825,FALSE,0
"F0108","B",272074,24,0.948,0.304,2025,"N30",33.47,31.3335784123123,29.370079014997,2.13642158768766,FALSE,0
"F0109","E",50094,24,0.852,0.796,2026,"N29",30.03,29.724401168399,27.7586479188942,0.305598831601035,FALSE,0
"F0110","C",136799,36,0.889,0.296,2024,"N31",30.35,30.4298814088391,28.4657318405135,-0.0798814088390749,FALSE,109.276968477766
"F0111","C",344158,24,0.96,0.701,2026,"N14",31.01,32.8673454830825,30.9032276384952,-1.85734548308254,FALSE,6392.2030676672
"F0112","D",18426,36,0.978,0.344,2026,"N30",26.2,27.4114846037098,25.4468674981475,-1.21148460370976,FALSE,223.228153079561
"F0113","B",55110,12,0.934,0.685,2025,"N19",27.4,29.5543234007931,27.5898827964046,-2.15432340079308,TRUE,1187.24762617707
"F0114","A",51600,24,0.921,0.441,2024,"N28",32.43,28.9803698927702,27.0171153608017,3.44963010722984,FALSE,0
"F0115","D",113384,36,0.977,0.828,2025,"N04",30.85,31.7303471702781,29.7649155277127,-0.880347170278135,FALSE,998.172835548161
"F0116","C",18012,36,0.935,0.366,2025,"N11",27.35,27.4654982254206,25.5011612710793,-0.115498225420634,FALSE,20.8035403627646
"F0117","D",297360,12,0.867,0.784,2024,"N32",33.46,32.4117227924668,30.4458116658628,1.04827720753321,FALSE,0
"F0118","C",1153060,36,0.959,0.298,2026,"N31",31.98,33.9352012513326,31.9701985106871,-1.95520125133264,FALSE,22544.6435486161
"F0119","C",82079,24,0.991,0.224,2026,"N13",29,29.2881034929542,27.3241953079522,-0.288103492954228,FALSE,236.472465981901
"F0120","A",211094,36,0.959,0.23,2024,"N04",30.54,30.9819124012835,29.0178497602788,-0.441912401283457,FALSE,932.8505643653
"F0121","D",4725,24,0.919,0.205,2025,"N32",26.29,24.5115555929525,22.5460619452087,1.77844440704753,FALSE,0
"F0122","C",26632,12,0.92,0.519,2025,"N35",28.34,27.9626154000586,25.9984174039598,0.37738459994139,FALSE,0
"F0123","A",244039,12,0.871,0.457,2024,"N03",33.68,31.15464763818,29.1901109620485,2.52535236182004,FALSE,0
"F0124","B",156024,24,0.879,0.417,2025,"N22",29.24,30.6296798386941,28.6659464403302,-1.38967983869412,FALSE,2168.23407152412
"F0125","A",242265,36,0.908,0.428,2026,"N19",32.17,31.6143778339993,29.6503890933243,0.555622166000724,FALSE,0
"F0126","E",534252,36,0.918,0.033,2025,"N09",30.82,31.8106832154648,29.8452604786017,-0.990683215464774,FALSE,5292.74489228486
"F0127","B",121254,36,0.904,0.271,2024,"N01",29.87,30.1279825455819,28.1640302657284,-0.257982545581889,FALSE,312.814155819864
"F0128","A",80498,12,0.934,0.127,2026,"N04",30.53,28.5206226847739,26.5563348631867,2.00937731522605,FALSE,0
"F0129","D",61361,24,0.931,0.289,2025,"N22",26.64,28.878251398491,26.914989283319,-2.23825139849101,TRUE,1373.41344062807
"F0130","E",120742,24,0.95,0.198,2025,"N27",30.03,29.6866780542808,27.7230371782999,0.343321945719222,FALSE,0
"F0131","B",8442,36,0.86,0.453,2025,"N35",26.8,26.2872240157008,24.3213145738939,0.512775984299214,FALSE,0
"F0132","E",618064,36,0.972,0.443,2024,"N11",33.67,33.2990861350102,31.3343872087388,0.370913864989845,FALSE,0
"F0133","B",7822,24,1,0.325,2026,"N10",25.93,25.7560433596727,23.7906142679476,0.173956640327308,FALSE,0
"F0134","C",15598,36,0.942,0.691,2026,"N38",27.13,28.1134875976751,26.1484364963533,-0.983487597675147,FALSE,153.404395485369
"F0135","D",111999,12,0.986,0.22,2025,"N37",28.04,29.486863354741,27.5226215441942,-1.44686335474099,FALSE,1620.47248867637
"F0136","A",315491,12,0.946,0.25,2026,"N24",30.02,31.0777320058981,29.1136312424877,-1.05773200589806,FALSE,3337.04928272786
"F0137","A",196965,36,0.848,0.782,2025,"N23",33.03,32.2130027679586,30.2469468166692,0.816997232041423,FALSE,0
"F0138","D",610497,36,0.993,0.756,2025,"N21",34.37,34.2556111279395,32.2896975534845,0.114388872060516,FALSE,0
"F0139","C",60066,12,0.931,0.168,2026,"N21",30.76,28.2511029778357,26.2868612303448,2.5088970221643,FALSE,0
"F0140","A",46714,36,0.866,0.194,2024,"N24",30.4,28.2879475731233,26.3229879565327,2.11205242687667,FALSE,0
"F0141","E",195082,24,0.841,0.345,2025,"N14",28.9,30.6623083786834,28.6974664044916,-1.76230837868338,FALSE,3437.94643130312
"F0142","B",26213,36,0.975,0.313,2026,"N16",28.53,27.8781078645949,25.9136304172228,0.651892135405095,FALSE,0
"F0143","B",128653,24,0.967,0.111,2025,"N30",29.31,29.6268541824917,27.6628388328437,-0.316854182491717,FALSE,407.642411401069
"F0144","D",184725,24,0.91,0.392,2024,"N37",30.21,30.8937593290237,28.9305151541557,-0.683759329023687,FALSE,1263.07442053901
"F0145","B",142386,36,0.906,0.756,2026,"N38",31.11,31.7045310887111,29.7396904413753,-0.59453108871109,FALSE,846.529035972172
"F0146","C",8719,24,0.979,0.802,2026,"N20",27.36,27.2981660412571,25.3322071228092,0.0618339587428771,FALSE,0
"F0147","D",75134,24,0.932,0.656,2024,"N28",32.07,30.2363448235178,28.272762521902,1.83365517648219,FALSE,0
"F0148","C",8589,36,0.911,0.176,2025,"N40",23.99,25.6993291776509,23.7337461513761,-1.70932917765088,FALSE,146.814283068434
"F0149","C",275529,36,0.884,0.23,2025,"N22",31.21,31.3568955503008,29.3923767686291,-0.14689555030078,FALSE,404.739840788236
"F0150","B",58361,12,0.932,0.211,2024,"N39",27.59,28.3093986291048,26.345328636557,-0.719398629104766,FALSE,419.848233931833
"F0151","E",323569,12,0.845,0.166,2025,"N26",30.39,30.7116776025688,28.7457946580506,-0.321677602568759,FALSE,1040.84900185571
"F0152","A",476319,36,0.99,0.054,2025,"N39",31.73,31.8498297328883,29.8842128215748,-0.119829732888313,FALSE,570.771785396283
"F0153","A",19594,24,0.936,0.574,2025,"N02",25.55,27.8314939171244,25.8675116243347,-2.28149391712443,TRUE,447.03591812136
"F0154","B",293320,24,0.941,0.712,2025,"N23",33.51,32.5880091552046,30.6237755028539,0.921990844795381,FALSE,0
"F0155","D",158260,36,0.887,0.528,2026,"N10",30.46,31.2021135706533,29.237935575889,-0.742113570653316,FALSE,1174.46893691594
"F0156","E",588516,12,0.935,0.456,2026,"N34",33.59,32.6074463602449,30.6430335354544,0.982553639755132,FALSE,0
"F0157","C",21714,12,0.899,0.293,2024,"N03",27.89,26.960097626855,24.9955083587792,0.92990237314504,FALSE,0
"F0158","E",21411,24,0.921,0.709,2024,"N22",27.47,28.2969217498991,26.332308948562,-0.826921749899149,FALSE,177.052215870907
"F0159","D",38361,36,0.871,0.44,2024,"N14",29.81,28.7020313035413,26.7376188116143,1.10796869645872,FALSE,0
"F0160","A",10837,24,0.933,0.827,2026,"N14",29.29,27.5397490020612,25.5740154225531,1.75025099793882,FALSE,0
"F0161","D",114397,36,0.899,0.359,2026,"N35",30.57,30.2296062021283,28.2657497261199,0.340393797871734,FALSE,0
"F0162","C",41387,24,0.917,0.848,2024,"N09",28.08,29.8538119524132,27.8889210328616,-1.77381195241321,FALSE,734.127552745254
"F0163","D",123944,12,0.901,0.347,2024,"N03",29.47,29.8451865576802,27.8813783936362,-0.375186557680173,FALSE,465.021227051114
"F0164","B",147274,36,0.855,0.225,2025,"N29",31.51,30.2175238840654,28.2526274272858,1.29247611593462,FALSE,0
"F0165","B",266837,24,1,0.204,2026,"N19",30.65,31.0711773826174,29.1067657852089,-0.42117738261744,FALSE,1123.8570924549
"F0166","B",19982,12,0.851,0.623,2025,"N18",29.24,27.5973550723601,25.6315286149776,1.64264492763994,FALSE,0
"F0167","B",233971,24,0.853,0.582,2024,"N22",32.77,31.6934260179508,29.728613464897,1.07657398204919,FALSE,0
"F0168","E",231949,24,0.867,0.402,2025,"N16",31.4,31.1491661275726,29.1849730836117,0.250833872427375,FALSE,0
"F0169","A",29564,36,0.998,0.426,2024,"N14",29.65,28.4572516122529,26.4926457222054,1.19274838774708,FALSE,0
"F0170","E",46198,36,0.955,0.644,2024,"N25",30.15,29.6763364386065,27.7118692370722,0.473663561393508,FALSE,0
"F0171","C",16943,12,0.904,0.346,2025,"N27",26.02,26.7212657174241,24.7566570921134,-0.701265717424075,FALSE,118.815450503161
"F0172","C",416458,36,0.911,0.306,2026,"N35",34.61,32.2350572077982,30.2708458415733,2.37494279220184,FALSE,0
"F0173","A",478656,36,0.995,0.026,2025,"N27",31.99,31.7884101893202,29.8225336107016,0.20158981067981,FALSE,0
"F0174","C",34793,36,0.927,0.535,2025,"N24",29.05,28.9804038798121,27.01638900601,0.069596120187903,FALSE,0
"F0175","E",84375,36,0.894,0.501,2026,"N06",29.99,30.0754569701274,28.1113405966573,-0.0854569701273817,FALSE,72.1043185449783
"F0176","E",154955,36,0.896,0.287,2025,"N33",31.76,30.5000313624163,28.5358979252765,1.25996863758366,FALSE,0
"F0177","C",220811,36,1,0.235,2025,"N31",30.07,31.2359040147026,29.2712663127152,-1.1659040147026,FALSE,2574.44431390497
"F0178","B",87631,12,0.866,0.688,2025,"N22",30.74,30.1771187874264,28.2119430414369,0.562881212573558,FALSE,0
"F0179","E",687873,12,1,0.189,2025,"N14",34.24,32.2782960792781,30.3126937558582,1.96170392072186,FALSE,0
"F0180","D",31064,24,0.936,0.291,2024,"N10",27.48,27.8024749213818,25.839113912411,-0.322474921381843,FALSE,100.173609578056
"F0181","E",266187,36,1,0.432,2026,"N20",31.77,31.9230658329289,29.9584233335339,-0.153065832928888,FALSE,407.44134869842
"F0182","D",106683,24,0.94,0.766,2024,"N21",33.05,31.1225261497089,29.1583983245424,1.92747385029114,FALSE,0
"F0183","E",135077,24,0.917,0.064,2025,"N23",29.09,29.4271620679513,27.4629377345997,-0.337162067951262,FALSE,455.428406526526
"F0184","D",39500,24,0.848,0.38,2024,"N29",29.83,28.2710166922084,26.3064922035844,1.55898330779163,FALSE,0
"F0185","A",12044,12,0.835,0.639,2025,"N12",25.87,26.7776554504195,24.8109675301175,-0.90765545041948,FALSE,109.318022448522
"F0186","C",51215,12,0.917,0.767,2026,"N26",29.8,29.6534381999908,27.688673830637,0.146561800009206,FALSE,0
"F0187","C",167697,36,0.889,0.702,2025,"N12",32.21,31.8979481447966,29.9333037268115,0.312051855203375,FALSE,0
"F0188","D",35139,12,0.898,0.663,2026,"N31",29.18,28.6599937575245,26.6953354711257,0.520006242475532,FALSE,0
"F0189","C",12582,36,0.893,0.422,2025,"N07",27.39,26.9686102928464,25.0036855905891,0.421389707153569,FALSE,0
"F0190","E",77778,36,0.91,0.523,2026,"N26",28.58,30.0371717307613,28.0731703920876,-1.45717173076125,FALSE,1133.35902875149
"F0191","A",92642,24,0.868,0.261,2025,"N18",30.78,29.3117371279353,27.3476783955527,1.4682628720647,FALSE,0
"F0192","B",28726,36,1,0.429,2025,"N12",28.05,28.4468496519286,26.4820968572723,-0.396849651928562,FALSE,113.999031012999
"F0193","E",82797,12,0.95,0.242,2024,"N22",30.38,28.9401053120028,26.9761567848427,1.43989468799722,FALSE,0
"F0194","D",155743,36,1,0.286,2024,"N36",31.17,30.7583300029225,28.7940775148786,0.411669997077539,FALSE,0
"F0195","D",122050,36,0.95,0.492,2026,"N09",30.21,30.8039098432077,28.8401816026726,-0.593909843207669,FALSE,724.86696363496
"F0196","C",284634,12,0.902,0.637,2025,"N29",31.83,32.0562095094228,30.0916982100289,-0.226209509422844,FALSE,643.869175050618
"F0197","A",391557,36,0.987,0.352,2024,"N20",30.52,32.3679034283155,30.4034618207757,-1.84790342831545,FALSE,7235.59522680913
"F0198","C",91351,36,1,0.454,2025,"N06",32.17,30.4375291035185,28.4732322735535,1.73247089648146,FALSE,0
"F0199","A",36249,24,0.934,0.334,2024,"N29",27.69,28.1383588559562,26.1749853274547,-0.448358855956187,FALSE,162.525601695558
"F0200","C",11843,12,0.965,0.195,2025,"N35",24.39,25.8384371043421,23.8732522118303,-1.44843710434211,FALSE,171.538406267236
"F0201","B",314559,36,0.956,0.333,2025,"N21",32.91,31.9283882639928,29.9643721563557,0.981611736007245,FALSE,0
"F0202","B",143514,12,0.941,0.234,2026,"N14",29.91,29.7844335538523,27.8204274047041,0.125566446147715,FALSE,0
"F0203","B",316751,36,0.988,0.428,2025,"N27",32.16,32.2672338742938,30.3028294768838,-0.107233874293755,FALSE,339.664369164211
"F0204","D",35624,12,0.966,0.369,2024,"N35",28.97,28.0324311809752,26.0686150956899,0.937568819024801,FALSE,0
"F0205","C",110253,36,0.998,0.421,2026,"N21",30.95,30.5937352574246,28.6295200972236,0.35626474257537,FALSE,0
"F0206","B",35967,12,0.89,0.655,2024,"N05",27.17,28.702739657962,26.7379015143873,-1.53273965796201,FALSE,551.280472779195
"F0207","E",32416,12,0.904,0.237,2025,"N15",26.86,27.3366285886536,25.3722072446716,-0.47662858865365,FALSE,154.503923297967
"F0208","A",16646,12,0.998,0.26,2025,"N18",24.57,26.5391256913931,24.5740493753888,-1.96912569139305,TRUE,327.780662589288
"F0209","C",72152,24,0.926,0.656,2026,"N05",29.15,30.173164778915,28.209542276591,-1.023164778915,FALSE,738.233851282753
"F0210","D",167350,24,0.962,0.351,2024,"N20",32.17,30.7186749672972,28.7554973693467,1.4513250327028,FALSE,0
"F0211","C",239419,24,0.878,0.358,2025,"N29",30.55,31.2147269972009,29.2508181854835,-0.66472699720093,FALSE,1591.48272942849
"F0212","B",125785,36,0.969,0.569,2024,"N30",30.89,31.1477693982315,29.183679568132,-0.25776939823151,FALSE,324.235237565504
"F0213","C",67538,36,1,0.651,2025,"N30",28.07,30.5075401890467,28.5427602770777,-2.43754018904674,TRUE,1646.26589287839
"F0214","C",1048322,12,0.901,0.385,2026,"N11",32.72,33.3861454470066,31.4210533155936,-0.666145447006599,FALSE,6983.34927296852
"F0215","E",598604,12,0.965,0.597,2025,"N35",34.08,33.1365053140962,31.1715317751302,0.943494685903765,FALSE,0
"F0216","E",319495,24,0.955,0.72,2025,"N39",35.31,32.723048802627,30.7585321782932,2.58695119737303,FALSE,0
"F0217","D",113166,36,0.936,0.124,2026,"N37",31.95,29.6215668281723,27.6573499862063,2.32843317182768,FALSE,0
"F0218","D",431994,12,0.878,0.263,2026,"N01",30.16,31.5176383495439,29.5527821214928,-1.35763834954391,FALSE,5864.91621172873
"F0219","A",38197,24,0.966,0.225,2026,"N35",28.74,27.9279718916899,25.9641262865878,0.812028108310141,FALSE,0
"F0220","C",20667,24,0.975,0.104,2025,"N26",26.03,26.7592262921313,24.7944919097324,-0.729226292131273,FALSE,150.70919779477
"F0221","A",200301,12,0.945,0.624,2026,"N25",31.34,31.3995223370978,29.4354655673055,-0.0595223370977926,FALSE,119.22383643025
"F0222","B",116151,24,0.892,0.219,2026,"N05",30.63,29.5761514949638,27.6123270286849,1.05384850503622,FALSE,0
"F0223","C",331662,12,0.985,0.165,2025,"N17",32.57,31.1312278358153,29.1663917697698,1.43877216418473,FALSE,0
"F0224","D",37061,36,0.956,0.462,2025,"N38",30.03,28.8697998176426,26.9058471557746,1.1602001823574,FALSE,0
"F0225","D",134527,12,0.931,0.567,2025,"N23",30.78,30.6520570617495,28.6881607800414,0.127942938250548,FALSE,0
"F0226","E",27327,36,0.98,0.537,2025,"N40",29.86,28.5817296043191,26.6169746458736,1.27827039568087,FALSE,0
"F0227","C",62853,24,0.912,0.235,2025,"N22",29.29,28.7903670994279,26.8267908893077,0.499632900572141,FALSE,0
"F0228","D",165435,36,0.946,0.564,2024,"N30",30.82,31.5344792820819,29.5706857293049,-0.714479282081896,FALSE,1181.99880031219
"F0229","C",87533,24,0.953,0.065,2025,"N33",27.82,28.920699256978,26.9565189159919,-1.10069925697804,FALSE,963.475080610587
"F0230","D",30799,12,0.961,0.125,2025,"N13",28.1,27.1038837848946,25.1393201504905,0.996116215105413,FALSE,0
"F0231","D",16732,24,0.893,0.063,2024,"N22",27.49,26.0886285165168,24.1237518942781,1.40137148348315,FALSE,0
"F0232","B",59747,24,0.935,0.179,2026,"N37",29.4,28.4799718677918,26.5162742092978,0.920028132208202,FALSE,0
"F0233","B",31507,12,0.945,0.847,2026,"N28",28.18,29.0862655807865,27.1206539821749,-0.906265580786531,FALSE,285.537096538412
"F0234","B",16922,12,0.954,0.755,2024,"N23",27.69,27.8970683532195,25.9316370037526,-0.207068353219498,FALSE,35.0401067318034
"F0235","D",105155,36,0.966,0.26,2025,"N19",27.98,29.9916955328382,28.0278003471031,-2.01169553283823,TRUE,2115.39843755604
"F0236","B",31934,36,0.934,0.798,2026,"N12",32.46,29.480489890651,27.5152095342386,2.97951010934898,FALSE,0
"F0237","E",434541,12,0.985,0.528,2026,"N17",32.17,32.4185883855215,30.4539106085617,-0.248588385521522,FALSE,1080.21845632908
"F0238","C",1132222,36,0.928,0.357,2024,"N21",31.46,34.0615405224707,32.0966175455526,-2.60154052247066,TRUE,29455.2141343277
"F0239","D",361579,36,0.895,0.427,2026,"N18",31.61,32.2571353252236,30.2929052351002,-0.647135325223573,FALSE,2339.90543759014
"F0240","E",2683269,36,0.956,0.433,2026,"N24",36.2,35.5447618412591,33.5786826790877,0.65523815874095,FALSE,0
"F0241","C",22161,12,0.906,0.134,2025,"N02",24.73,26.5591092564028,24.5941106539868,-1.82910925640277,FALSE,405.348902311418
"F0242","C",12220,36,0.904,0.519,2025,"N04",27.79,27.2154130080866,25.2505095828928,0.574586991913446,FALSE,0
"F0243","E",80228,24,1,0.181,2026,"N10",30,29.030032026316,27.0657325538902,0.969967973683957,FALSE,0
"F0244","A",11580,24,0.946,0.548,2025,"N04",29.23,26.9346721258122,24.9702803374319,2.29532787418778,FALSE,0
"F0245","E",113128,24,0.945,0.346,2026,"N14",30.18,29.9404371860824,27.9771618704292,0.239562813917605,FALSE,0
"F0246","C",273592,24,1,0.35,2025,"N39",30.99,31.6370443127707,29.6730234553613,-0.647044312770742,FALSE,1770.26147619573
"F0247","E",242431,12,0.892,0.464,2025,"N36",31,31.1760274905284,29.2117043910972,-0.17602749052844,FALSE,426.745205563004
"F0248","B",305938,36,0.894,0.724,2025,"N29",31.38,32.8658638316644,30.9008788739682,-1.48586383166442,FALSE,4545.8220893175
"F0249","E",74512,12,1,0.483,2026,"N29",30.66,29.4951346073109,27.5306981618082,1.16486539268913,FALSE,0
"F0250","D",88047,36,0.932,0.605,2025,"N29",33,30.6128730570235,28.6489001369943,2.38712694297646,FALSE,0
"F0251","A",127953,24,0.918,0.834,2025,"N30",31.88,31.534983642178,29.5703491676217,0.345016357822018,FALSE,0
"F0252","B",89120,36,0.981,0.201,2026,"N24",29.94,29.5352600333032,27.5708750132927,0.40473996669683,FALSE,0
"F0253","E",290178,12,0.832,0.592,2025,"N01",30.94,31.7103671559353,29.7442440317995,-0.770367155935286,FALSE,2235.43600574989
"F0254","E",58735,24,0.949,0.51,2025,"N12",29.57,29.4074433159844,27.4439227673113,0.162556684015591,FALSE,0
"F0255","D",90593,24,0.921,0.514,2026,"N09",29.59,30.0676588032122,28.1043853485548,-0.477658803212247,FALSE,432.725439594071
"F0256","C",41601,12,0.991,0.172,2025,"N03",28.77,27.8359880424076,25.8712244675706,0.934011957592354,FALSE,0
"F0257","C",301206,36,0.974,0.537,2024,"N24",32.48,32.5331314677396,30.5689466979263,-0.0531314677396466,FALSE,160.03516871988
"F0258","C",110526,24,0.979,0.64,2024,"N05",27.4,30.9602372203556,28.9964265771484,-3.56023722035563,TRUE,3934.98779017026
"F0259","A",111825,12,0.999,0.717,2024,"N37",34.11,30.8777088560217,28.9128131142531,3.23229114397833,FALSE,0
"F0260","C",53269,24,0.958,0.344,2025,"N06",29.32,28.9188799660583,26.9555211770864,0.401120033941652,FALSE,0
"F0261","A",11411,36,0.894,0.401,2024,"N24",24.75,26.6647609528612,24.6997513894652,-1.91476095286119,FALSE,218.493372330991
"F0262","C",55343,36,0.98,0.399,2024,"N13",29.4,29.4418382365293,27.4778567899838,-0.041838236529312,FALSE,23.1545352424171
"F0263","C",7125,12,0.973,0.537,2025,"N30",26.63,26.0011480841741,24.0356197334496,0.628851915825852,FALSE,0
"F0264","E",87624,36,1,0.273,2026,"N11",29.84,29.6956402755253,27.731047292814,0.144359724474722,FALSE,0
"F0265","E",21716,24,0.97,0.325,2024,"N30",24.46,27.3326470776064,25.3686807528262,-2.87264707760637,TRUE,623.824039372999
"F0266","A",434860,24,0.951,0.125,2024,"N12",30.6,31.5638882365857,29.5996573487388,-0.963888236585671,FALSE,4191.56438561645
"F0267","C",44131,12,1,0.64,2026,"N01",26.09,29.214991776147,27.2502264087416,-3.12499177614697,TRUE,1379.09012073142
"F0268","D",87370,12,0.886,0.565,2025,"N22",30.71,29.8696589079505,27.9053652149156,0.840341092049549,FALSE,0
"F0269","E",52474,36,0.97,0.442,2026,"N22",29.61,29.2924866092197,27.3283796217267,0.317513390780267,FALSE,0
"F0270","B",24159,24,0.899,0.719,2025,"N03",29,28.5279561904199,26.563300873201,0.472043809580111,FALSE,0
"F0271","C",14975,24,0.885,0.266,2025,"N36",25.54,26.5281489680156,24.5635403519206,-0.988148968015565,FALSE,147.975307960331
"F0272","A",4664,36,0.951,0.954,2026,"N14",28.34,26.8458916786193,24.8775017863334,1.49410832138066,FALSE,0
"F0273","A",43310,12,0.934,0.323,2024,"N29",28.19,28.1269500600998,26.1631973535856,0.0630499399002105,FALSE,0
"F0274","A",8284,24,0.838,0.295,2025,"N08",25.2,25.4821344241326,23.5159203721907,-0.282134424132646,FALSE,23.3720156951484
"F0275","A",359188,36,0.976,0.17,2024,"N04",31.22,31.6970737757087,29.7324216836722,-0.477073775708735,FALSE,1713.59175349269
"F0276","D",20002,36,0.927,0.129,2025,"N14",25.04,26.8904139911085,24.9256598866878,-1.85041399110847,FALSE,370.119806501516
"F0277","B",45446,12,0.977,0.572,2025,"N33",27.69,29.0090966788457,27.0447355627097,-1.3190966788457,FALSE,599.476676668217
"F0278","E",90557,24,1,0.653,2024,"N27",28.89,30.5996125631594,28.6351473662379,-1.7096125631594,FALSE,1548.17384882025
"F0279","A",77890,24,0.938,0.509,2026,"N13",30.39,29.8151647547204,27.8518836548067,0.574835245279626,FALSE,0
"F0280","D",377115,36,0.901,0.764,2025,"N33",31.62,33.3320313830317,31.3667783822135,-1.71203138303174,FALSE,6456.32715012014
"F0281","B",86285,12,0.942,0.12,2025,"N18",27.95,28.6991403348129,26.734802832374,-0.749140334812864,FALSE,646.39573789328
"F0282","B",52260,24,0.889,0.86,2024,"N06",30.38,30.1415404042364,28.1761778764637,0.238459595763633,FALSE,0
"F0283","B",81252,24,0.917,0.597,2025,"N30",33.45,30.1623589890499,28.1987999370199,3.28764101095011,FALSE,0
"F0284","C",586901,24,0.963,0.774,2024,"N06",32.46,33.9818797584551,32.0169237742513,-1.52187975845514,FALSE,8931.92752117077
"F0285","E",237818,12,0.948,0.177,2025,"N20",31.91,30.44430831759,28.4799589765562,1.46569168240998,FALSE,0
"F0286","A",9064,12,0.948,0.294,2024,"N24",22.86,25.5659786239428,23.6010833559653,-2.70597862394284,TRUE,245.269902474179
"F0287","C",74460,12,0.888,0.568,2024,"N05",28.68,29.6869536939326,27.7226088007956,-1.0069536939326,FALSE,749.777720502212
"F0288","C",31670,12,0.995,0.583,2026,"N02",27.95,28.5136410355759,26.5489925565487,-0.563641035575941,FALSE,178.5051159669
"F0289","D",96268,36,0.757,0.303,2026,"N40",29.19,29.526786933883,27.5578498115374,-0.336786933882991,FALSE,324.218045510477
"F0290","B",199582,12,0.932,0.57,2026,"N13",30.43,31.2405692747266,29.2764964248353,-0.810569274726628,FALSE,1617.7503698849
"F0291","B",95249,24,0.923,0.425,2026,"N38",29.23,29.8962021849924,27.9329398086788,-0.666202184992351,FALSE,634.550919183364
"F0292","A",193958,24,0.884,0.46,2025,"N07",32.4,31.0854964927296,29.121829743419,1.31450350727039,FALSE,0
"F0293","E",705247,24,0.95,0.603,2024,"N04",35.01,33.6531094188578,31.6886082849475,1.35689058114217,FALSE,0
"F0294","B",11772,24,0.909,0.325,2024,"N30",26.36,26.2870021002287,24.3226679206867,0.0729978997712593,FALSE,0
"F0295","A",89874,12,0.881,0.266,2024,"N25",27.61,29.0359961232444,27.0717112549983,-1.42599612324438,FALSE,1281.59975580466
"F0296","E",101259,24,0.911,0.368,2025,"N25",29.04,29.8088708429002,27.8454763605993,-0.768870842900245,FALSE,778.550926812359
"F0297","C",162165,12,0.971,0.219,2025,"N23",29.53,30.110124094149,28.1459212388577,-0.580124094149046,FALSE,940.7582372768
"F0298","C",106548,36,0.973,0.109,2025,"N34",30.38,29.6628967561691,27.6983225765763,0.717103243830948,FALSE,0
"F0299","C",285891,12,0.964,0.342,2024,"N40",29.34,31.3510175445376,29.3869378914802,-2.01101754453763,TRUE,5749.31816825408
"F0300","B",93037,24,0.899,0.16,2025,"N14",29.26,29.1165317303055,27.1526882444672,0.143468269694541,FALSE,0
"F0301","A",160454,24,0.914,0.12,2025,"N18",29.38,29.8824525730494,27.9185461041578,-0.502452573049428,FALSE,806.20525156073
"F0302","A",14969,12,0.985,0.746,2024,"N17",28.48,27.7107231220028,25.745144917946,0.769276877997235,FALSE,0
"F0303","E",120512,36,0.901,0.268,2026,"N36",28.29,30.0047368246768,28.040668805919,-1.71473682467681,FALSE,2066.46364215452
"F0304","E",22560,36,0.964,0.563,2024,"N02",28.61,28.3172145878439,26.3525881391574,0.2927854121561,FALSE,0
"F0305","D",190858,36,0.907,0.658,2024,"N04",32.61,31.9539799505107,29.9896853509204,0.656020049489335,FALSE,0
"F0306","A",785360,12,0.955,0.457,2024,"N13",34.37,33.1864804783051,31.2219112054469,1.18351952169492,FALSE,0
"F0307","C",89782,24,0.932,0.201,2024,"N34",30.88,29.3037994825602,27.3402545597324,1.57620051743977,FALSE,0
"F0308","A",161580,24,0.912,0.228,2026,"N24",28.46,30.1449912087078,28.1813939533939,-1.68499120870782,FALSE,2722.6087950301
"F0309","B",234863,36,0.949,0.504,2024,"N10",31.45,31.9276310005212,29.9636920374099,-0.477631000521228,FALSE,1121.77849675417
"F0310","A",502414,36,1,0.251,2024,"N36",33.82,32.5079670742817,30.5429632775853,1.31203292571826,FALSE,0
"F0311","E",248342,24,0.966,0.125,2026,"N26",31.1,30.6186418180434,28.6545057624809,0.481358181956587,FALSE,0
"F0312","D",425688,36,0.986,0.21,2024,"N06",31.31,32.1292058167524,30.1646115241316,-0.819205816752383,FALSE,3487.26085721689
"F0313","D",52152,24,0.934,0.27,2025,"N34",27.62,28.5699634152648,26.6066304400768,-0.949963415264818,FALSE,495.424920328908
"F0314","E",90044,12,0.963,0.302,2024,"N19",28.69,29.2678712955112,27.3039649227919,-0.57787129551118,FALSE,520.338429330087
"F0315","D",17304,12,0.98,0.38,2025,"N39",26.23,26.9331269352533,24.9685619194985,-0.70312693525327,FALSE,121.669084876226
"F0316","A",1383055,36,0.892,0.109,2025,"N40",32.57,33.5268618866683,31.5607780982623,-0.956861886668278,FALSE,13233.92616666
"F0317","A",24173,24,0.95,0.722,2024,"N07",29.12,28.6104518936729,26.6460834837543,0.509548106327117,FALSE,0
"F0318","D",296072,36,0.864,0.506,2025,"N09",33.18,32.1488554416383,30.1840921685447,1.03114455836168,FALSE,0
"F0319","B",120529,36,0.928,0.149,2024,"N16",29.24,29.8207836901479,27.8566259682885,-0.580783690147918,FALSE,700.012773898384
"F0320","D",114687,12,1,0.093,2026,"N31",28.66,29.1457255529156,27.1807739519164,-0.48572555291565,FALSE,557.064064872371
"F0321","B",24569,12,0.927,0.628,2026,"N13",28.61,28.0378849294951,26.0732980930631,0.572115070504896,FALSE,0
"F0322","C",95107,12,0.988,0.283,2024,"N21",29.84,29.4671009569433,27.5029210183224,0.372899043056666,FALSE,0
"F0323","E",110413,36,0.852,0.228,2026,"N02",25.94,29.6592410068784,27.6941504427073,-3.71924100687843,TRUE,4106.52557292469
"F0324","A",162883,24,0.986,0.357,2024,"N20",29.27,30.7090851373546,28.7455481188896,-1.4390851373546,FALSE,2344.0250442773
"F0325","C",66776,12,0.962,0.709,2025,"N35",27.46,30.0492186709127,28.0847430389149,-2.58921867091265,TRUE,1728.97665968863
"F0326","D",133272,24,0.92,0.632,2024,"N03",30.71,31.0644243984622,29.1008757188843,-0.354424398462207,FALSE,472.348484318553
"F0327","B",31813,24,0.937,0.729,2025,"N32",30.89,29.0689949658491,27.10463720885,1.82100503415094,FALSE,0
"F0328","C",423338,36,0.886,0.667,2025,"N22",34.5,33.2775781147382,31.3126695485172,1.22242188526177,FALSE,0
"F0329","D",46092,24,0.941,0.669,2026,"N03",30.05,29.4586579749498,27.4948070379847,0.591342025050224,FALSE,0
"F0330","E",7412466,24,0.895,0.541,2026,"N32",35.56,37.0954062086442,35.1277545641579,-1.53540620864415,FALSE,113811.463177637
"F0331","C",69235,24,0.944,0.723,2025,"N33",32.09,30.3780713379897,28.4141316861357,1.71192866201029,FALSE,0
"F0332","E",46636,36,1,0.724,2024,"N29",32.63,30.0016158206172,28.0361436399153,2.62838417938282,FALSE,0
"F0333","B",126140,24,0.927,0.071,2025,"N12",30.29,29.4070272256378,27.4429734728071,0.882972774362155,FALSE,0
"F0334","D",86703,24,0.908,0.646,2025,"N13",30.36,30.3924290048357,28.4286631550558,-0.0324290048357483,FALSE,28.1169200627388
"F0335","C",373933,24,0.932,0.293,2024,"N37",32.39,31.8484294563759,29.8847463801705,0.541570543624054,FALSE,0
"F0336","A",439273,36,0.987,0.308,2026,"N14",31.72,32.3800607233706,30.4154057383628,-0.66006072337057,FALSE,2899.4685413716
"F0337","D",48878,12,0.957,0.579,2025,"N17",29.09,29.1128485881123,27.1487857492486,-0.0228485881123248,FALSE,11.1679328975421
"F0338","B",46469,12,0.927,0.25,2026,"N04",28.58,27.9961285365477,26.0320532492732,0.58387146345229,FALSE,0
"F0339","C",42403,36,0.89,0.432,2026,"N14",30.67,28.8890968073477,26.924920574705,1.78090319265232,FALSE,0
"F0340","D",182972,12,0.94,0.197,2024,"N09",30.29,30.1213607483294,28.1574323165062,0.168639251670569,FALSE,0
"F0341","C",336633,24,0.927,0.424,2024,"N14",32.63,32.0389335429433,30.0754165707319,0.591066457056662,FALSE,0
"F0342","E",231257,36,0.982,0.528,2025,"N11",32.31,31.9820729871164,30.0176004826245,0.327927012883578,FALSE,0
"F0343","E",88588,36,0.88,0.523,2025,"N05",30.69,30.2374275171294,28.2730326591027,0.452572482870607,FALSE,0
"F0344","C",110085,24,1,0.608,2025,"N18",29.37,30.9038048333029,28.9397183214442,-1.53380483330291,FALSE,1688.4890507415
"F0345","A",232989,12,0.95,0.699,2026,"N22",34.63,31.8620907296813,29.8976752130862,2.76790927031873,FALSE,0
"F0346","B",468047,24,1,0.714,2024,"N03",32.35,33.4539284348536,31.4887102173585,-1.10392843485359,FALSE,5166.9039214792
"F0347","C",101496,12,0.875,0.494,2026,"N06",30.4,29.9022053090202,27.9378373307825,0.49779469097982,FALSE,0
"F0348","D",431995,12,0.921,0.601,2025,"N32",33.32,32.5980098953852,30.6334979953452,0.721990104614839,FALSE,0
"F0349","C",71280,24,1,0.159,2026,"N19",26.67,28.8963555066995,26.9320211394134,-2.2263555066995,TRUE,1586.9462051754
"F0350","E",134757,24,0.973,0.56,2024,"N15",31.81,30.9238756413663,28.9601548472302,0.886124358633733,FALSE,0
"F0351","E",409588,24,0.879,0.203,2026,"N20",31.12,31.4748989367306,29.5104157996736,-0.354898936730592,FALSE,1453.6234569761
"F0352","A",38071,24,0.893,0.708,2024,"N37",28.8,29.1909029358934,27.2265453861677,-0.390902935893443,FALSE,148.820656723993
"F0353","B",13618,12,0.897,0.364,2025,"N27",26.64,26.3418716590034,24.3770612816439,0.298128340996552,FALSE,0
"F0354","C",28266,12,0.849,0.156,2026,"N24",25.96,26.8543350836591,24.8883843935552,-0.894335083659087,FALSE,252.792754747077
"F0355","C",89144,12,0.984,0.507,2026,"N26",30,29.9372527629203,27.9732402878627,0.06274723707973,FALSE,0
"F0356","D",30853,36,0.917,0.642,2026,"N07",27.95,28.9597766764869,26.9952821103229,-1.00977667648688,FALSE,311.546397996497
"F0357","E",90819,36,0.876,0.291,2025,"N08",28.65,29.6173682724655,27.6529586902394,-0.967368272465475,FALSE,878.55419137042
"F0358","C",539514,12,0.952,0.264,2024,"N37",31.73,32.1265107378619,30.1619527993401,-0.396510737861934,FALSE,2139.23094226844
"F0359","E",68926,36,0.987,0.319,2024,"N20",28.69,29.4641576318541,27.4999069198337,-0.774157631854084,FALSE,533.595889331746
"F0360","B",511038,36,0.948,0.48,2024,"N21",32.73,33.1039287471421,31.1396026295918,-0.373928747142152,FALSE,1910.91799082031
"F0361","D",295699,12,0.837,0.347,2026,"N01",30.6,31.068813520383,29.1032068143859,-0.468813520382998,FALSE,1386.27689163732
"F0362","E",29649,24,0.856,0.626,2025,"N03",27.55,28.4621938904956,26.4971208698956,-0.912193890495619,FALSE,270.456366593046
"F0363","D",332872,12,0.917,0.402,2024,"N37",33.78,31.6130627346813,29.6490845375614,2.16693726531875,FALSE,0
"F0364","E",294471,12,0.911,0.453,2026,"N25",29.92,31.4441091441896,29.4800163357629,-1.52410914418957,FALSE,4488.05943798648
"F0365","B",337981,24,0.924,0.214,2025,"N11",32.7,31.3826262141122,29.4188294090375,1.31737378588782,FALSE,0
"F0366","A",135023,24,0.946,0.582,2024,"N35",32.76,30.9654257497971,29.0020543664499,1.79457425020288,FALSE,0
"F0367","C",145467,36,0.931,0.216,2024,"N18",30.38,30.3829113550596,28.4189447148204,-0.00291135505960582,FALSE,4.2350608645568
"F0368","A",54254,24,0.947,0.685,2025,"N13",31.17,29.7962276578656,27.8323596820241,1.37377234213439,FALSE,0
"F0369","D",37046,36,0.885,0.681,2025,"N23",29.14,29.3504808766149,27.3855818758428,-0.210480876614866,FALSE,77.9747455507434
"F0370","B",99146,12,0.981,0.246,2026,"N22",27.92,29.3013429418987,27.3370931704932,-1.38134294189867,FALSE,1369.54627317485
"F0371","B",246913,36,0.917,0.09,2025,"N27",30.11,30.7833006596309,28.8187107773842,-0.673300659630922,FALSE,1662.4668577145
"F0372","C",51910,12,0.92,0.219,2026,"N37",26.1,28.1398533065096,26.1757066411005,-2.03985330650958,TRUE,1058.88785140913
"F0373","B",742830,24,0.988,0.242,2025,"N39",33.67,32.8443095144025,30.8795937405265,0.825690485597541,FALSE,0
"F0374","A",63082,24,0.924,0.894,2026,"N36",32.38,30.5333382252729,28.5682212793383,1.84666177472707,FALSE,0
"F0375","E",158582,24,0.86,0.513,2024,"N37",31.48,30.8385797600858,28.8741845296855,0.641420239914158,FALSE,0
"F0376","B",21762,24,0.963,0.081,2024,"N26",25.65,26.6876287249347,24.723046060135,-1.0376287249347,FALSE,225.80876312029
"F0377","E",691538,36,1,0.272,2024,"N03",32.16,33.0512706658408,31.0859374711311,-0.891270665840786,FALSE,6163.47533714205
"F0378","D",259406,24,0.947,0.191,2026,"N07",31.18,30.8942996747724,28.9306320912877,0.285700325227637,FALSE,0
"F0379","A",514975,36,0.961,0.634,2025,"N08",35.22,33.5507788255305,31.5860651412985,1.66922117446946,FALSE,0
"F0380","D",26145,24,0.95,0.505,2024,"N39",27.62,28.1545007983082,26.1910051979203,-0.534500798308191,FALSE,139.745233717676
"F0381","A",619398,36,1,0.165,2026,"N05",31.49,32.5531775733455,30.5876511443838,-1.06317757334545,FALSE,6585.30062575027
"F0382","E",196223,24,0.886,0.711,2026,"N38",33.31,31.7374330997304,29.7729305939304,1.57256690026965,FALSE,0
"F0383","B",53727,12,0.935,0.138,2025,"N10",27.01,27.9774442068963,26.0131170268955,-0.967444206896264,FALSE,519.778749039156
"F0384","E",69802,36,0.987,0.439,2026,"N34",28.33,29.7734386430554,27.8091621692304,-1.4434386430554,FALSE,1007.54904162553
"F0385","B",18807,12,0.904,0.651,2026,"N27",27.88,27.6308017657116,25.6657905657045,0.249198234288354,FALSE,0
"F0386","B",91310,12,0.998,0.314,2026,"N14",29.38,29.3928185082624,27.4284105832446,-0.0128185082623737,FALSE,11.7045798943735
"F0387","A",329355,24,0.975,0.321,2024,"N18",30.57,31.7151958436881,29.7515139415037,-1.14519584368811,FALSE,3771.75977097897
"F0388","C",40743,12,0.928,0.275,2025,"N21",27.08,27.9729084068535,26.0088739085578,-0.892908406853497,FALSE,363.79767220432
"F0389","E",178826,24,0.964,0.57,2025,"N26",31.27,31.388479277177,29.4247108557768,-0.118479277177013,FALSE,211.871752204565
"F0390","D",26938,24,0.995,0.28,2026,"N30",29.3,27.6065688822512,25.6424012251992,1.69343111774875,FALSE,0
"F0391","E",4705,12,0.905,0.23,2026,"N13",25.74,24.1781380853524,22.2119594118967,1.56186191464763,FALSE,0
"F0392","D",90705,24,0.976,0.326,2026,"N20",29.25,29.645175090025,27.6817684913304,-0.395175090025038,FALSE,358.443565407211
"F0393","C",656848,24,0.916,0.237,2024,"N31",34.15,32.5633533371403,30.5990440459067,1.5866466628597,FALSE,0
"F0394","C",470650,24,0.917,0.333,2025,"N16",33.25,32.3012629107835,30.3374895358739,0.948737089216458,FALSE,0
"F0395","C",50109,12,1,0.905,2024,"N15",29.69,30.2120325662987,28.2457823261251,-0.522032566298705,FALSE,261.585298646618
"F0396","E",503008,12,0.959,0.839,2025,"N04",32.61,33.526810332552,31.5607590006355,-0.916810332551975,FALSE,4611.62931756304
"F0397","E",384742,12,0.866,0.512,2025,"N30",32.13,32.0017766290712,30.0366661538435,0.128223370928794,FALSE,0
"F0398","E",172846,36,0.919,0.403,2025,"N34",32.05,31.0448285506322,29.0809522219748,1.00517144936782,FALSE,0
"F0399","A",71872,24,0.928,0.178,2026,"N13",28.4,28.7366853226004,26.7730072858355,-0.336685322600431,FALSE,241.982475059382
"F0400","E",354932,36,0.925,0.145,2026,"N34",29.76,31.4350709266048,29.4704963335228,-1.67507092660481,FALSE,5945.36274121699
"F0401","B",97325,24,0.898,0.221,2026,"N24",29.63,29.30980072533,27.3460660623923,0.320199274670021,FALSE,0
"F0402","B",67532,36,0.931,0.796,2026,"N05",32.96,30.6691538671326,28.7041648695362,2.29084613286745,FALSE,0
"F0403","E",378679,36,1,0.329,2024,"N23",32.43,32.2466056757313,30.2817782348523,0.183394324268704,FALSE,0
"F0404","A",46960,36,0.987,0.218,2024,"N03",28.25,28.5929843149314,26.6285224272998,-0.342984314931435,FALSE,161.065434291802
"F0405","D",241210,36,0.875,0.397,2024,"N32",30.62,31.5346563289966,29.5703562013824,-0.914656328996614,FALSE,2206.24253117273
"F0406","B",630569,36,0.943,0.111,2024,"N39",34.73,32.3936726975472,30.4286072372561,2.33632730245282,FALSE,0
"F0407","D",46962,24,1,0.362,2025,"N31",25.61,28.7856794050534,26.8217586168908,-3.17567940505337,TRUE,1491.36256220116
"F0408","E",130452,24,0.977,0.046,2026,"N05",28.58,29.3857972610179,27.421293245759,-0.805797261017894,FALSE,1051.17864294306
"F0409","D",199895,12,0.979,0.772,2026,"N31",33.25,31.9053623540048,29.9402742884532,1.34463764599521,FALSE,0
"F0410","B",12810,12,0.955,0.51,2026,"N15",26.19,26.7156778389812,24.7508682117543,-0.525677838981238,FALSE,67.3393311734966
"F0411","B",57822,24,0.947,0.051,2024,"N40",28.32,28.1386829879226,26.1744562152704,0.181317012077411,FALSE,0
"F0412","D",53702,24,0.999,0.218,2025,"N29",27.57,28.5937671756384,26.6296803920714,-1.02376717563835,FALSE,549.783448661307
"F0413","C",54331,12,0.844,0.791,2025,"N25",30.08,29.725866013729,27.7595538661356,0.354133986270984,FALSE,0
"F0414","C",36384,12,0.969,0.296,2025,"N16",29.25,27.9282969305109,25.9641319629841,1.32170306948915,FALSE,0
"F0415","B",478900,24,0.962,0.677,2026,"N13",31.33,33.2662910240045,31.3018303428703,-1.93629102400451,FALSE,9272.8977139576
"F0416","E",34597,36,0.863,0.559,2024,"N09",28.87,28.7997945842801,26.8347153421441,0.0702054157198759,FALSE,0
"F0417","A",89719,24,0.958,0.574,2025,"N24",30.16,30.3108932867823,28.3474534238028,-0.150893286782324,FALSE,135.379947968233
"F0418","A",206903,12,0.876,0.572,2024,"N20",30.78,31.2229726393272,29.2584173985599,-0.442972639327238,FALSE,916.523679947234
"F0419","C",657408,36,0.945,0.526,2024,"N22",35.38,33.6978767144936,31.7334100938435,1.68212328550636,FALSE,0
"F0420","E",14892,12,0.961,0.031,2025,"N32",25.16,25.6191012448595,23.653388204675,-0.459101244859454,FALSE,68.3693573844699
"F0421","D",21149,24,1,0.081,2025,"N29",26.97,26.7173954136991,24.7523163505635,0.252604586300901,FALSE,0
"F0422","A",28354,12,0.898,0.548,2025,"N19",26.38,28.0128826703621,26.0485455956836,-1.6328826703621,FALSE,462.987552354469
"F0423","E",69616,36,0.966,0.352,2025,"N32",29.2,29.5333220492805,27.5692952113042,-0.333322049280511,FALSE,232.045477827121
"F0424","D",306599,36,0.947,0.094,2024,"N29",31.31,31.203371383231,29.2388860502894,0.10662861676899,FALSE,0
"F0425","D",85195,24,0.912,0.204,2025,"N10",28.27,29.1290783767273,27.1655706212177,-0.859078376727297,FALSE,731.89182305282
"F0426","C",119743,12,0.893,0.142,2026,"N03",28.42,29.2114405480735,27.2467863858399,-0.791440548073467,FALSE,947.694655479612
"F0427","C",628011,12,0.887,0.663,2026,"N24",31.11,33.3203240681852,31.3550583260472,-2.21032406818519,TRUE,13881.0782838505
"F0428","B",68424,12,0.939,0.607,2024,"N28",29.93,29.6910043994284,27.7268963766201,0.238995600571627,FALSE,0
"F0429","B",123429,36,0.941,0.352,2026,"N08",28.52,30.4059214933569,28.4421887223011,-1.88592149335685,FALSE,2327.77404003543
"F0430","B",1076164,24,0.919,0.987,2025,"N34",38.2,35.4023793921692,33.4351535565921,2.79762060783083,FALSE,0
"F0431","E",258202,24,1,0.167,2025,"N35",29.07,30.9120606274816,28.9474822681214,-1.84206062748158,FALSE,4756.23738136999
"F0432","B",48831,24,0.952,0.138,2026,"N29",27.93,28.0736217674989,26.1096658171495,-0.143621767498928,FALSE,70.1319452874015
"F0433","D",46660,36,0.922,0.802,2026,"N03",32.81,30.0819024026651,28.1167939376241,2.72809759733487,FALSE,0
"F0434","C",387334,12,0.891,0.58,2024,"N22",32.55,32.3685572358809,30.4038087580316,0.181442764119048,FALSE,0
"F0435","E",25931,36,0.972,0.315,2025,"N31",28.92,27.8583478362584,25.8938114785149,1.06165216374162,FALSE,0
"F0436","A",35306,36,0.842,0.216,2024,"N34",29.37,27.8557455710469,25.8900902336929,1.51425442895309,FALSE,0
"F0437","B",267164,12,0.947,0.264,2025,"N20",31,30.9244011245322,28.9602957448213,0.0755988754677794,FALSE,0
"F0438","C",507910,36,1,0.261,2025,"N01",33.76,32.6437001909257,30.6787222933903,1.11629980907434,FALSE,0
"F0439","E",759967,36,0.9,0.278,2025,"N22",34.47,33.0301398458401,31.0652178420212,1.4398601541599,FALSE,0
"F0440","A",31693,24,0.962,0.587,2024,"N31",29.21,28.6875610197073,26.7238119606307,0.522438980292662,FALSE,0
"F0441","D",190751,12,0.912,0.362,2026,"N18",30.98,30.5506252824885,28.586793857132,0.429374717511514,FALSE,0
"F0442","C",1916,12,0.954,0.628,2024,"N37",24.1,24.1170840298911,22.1496502250413,-0.0170840298911301,FALSE,0.327330012714053
"F0443","B",37312,12,0.957,0.559,2024,"N07",30.1,28.618508809615,26.6543269254131,1.48149119038498,FALSE,0
"F0444","C",3492772,36,0.957,0.614,2025,"N30",34.93,36.644259795356,34.6776328466689,-1.71425979535599,FALSE,59875.1861394512
"F0445","B",677010,36,0.919,0.699,2026,"N34",34.04,34.067052120575,32.101869272394,-0.0270521205749645,FALSE,183.145561504567
"F0446","B",246068,12,0.911,0.276,2025,"N15",31.21,30.758174690879,28.7940407324584,0.451825309120984,FALSE,0
"F0447","A",34572,24,0.943,0.62,2026,"N14",28.28,28.8353115840868,26.8714869639568,-0.555311584086809,FALSE,191.982320850492
"F0448","C",23365,12,0.943,0.431,2026,"N26",26.33,27.5004916460649,25.5363655094051,-1.17049164606494,FALSE,273.485373103073
"F0449","A",398659,12,0.935,0.22,2026,"N32",32.46,31.3474415979209,29.383133486328,1.11255840207913,FALSE,0
"F0450","C",87677,12,0.955,0.087,2025,"N21",27.96,28.7233475770236,26.7587567962296,-0.763347577023602,FALSE,669.280255106983
"F0451","C",40091,24,0.923,0.602,2025,"N04",28.9,29.1226809107153,27.1590266934926,-0.222680910715301,FALSE,89.2750039148713
"F0452","C",254569,24,0.836,0.924,2025,"N25",34.71,32.8249766095286,30.8579582105385,1.8850233904714,FALSE,0
"F0453","D",241969,36,0.931,0.144,2024,"N11",28.67,30.93435396182,28.9701970975711,-2.26435396182003,TRUE,5479.03463787631
"F0454","A",46068,12,0.911,0.39,2024,"N29",27.56,28.3706994801495,26.4068920616654,-0.810699480149459,FALSE,373.473036515253
"F0455","B",63051,24,0.972,0.597,2025,"N39",28.73,29.8601620935065,27.8963757782213,-1.13016209350653,FALSE,712.578501576803
"F0456","B",1522119,24,0.789,0.728,2024,"N39",36.51,34.9832708313153,33.0139159135809,1.5267291686847,FALSE,0
"F0457","A",33006,12,0.962,0.634,2024,"N24",27.57,28.619123194352,26.654827549892,-1.04912319435202,FALSE,346.273601527828
"F0458","B",362162,24,0.954,0.352,2024,"N37",31.77,31.9380020536016,29.9743409546934,-0.16800205360158,FALSE,608.439597364553
"F0459","A",46145,12,0.89,0.645,2025,"N11",28.41,29.0507978125171,27.0862816159347,-0.640797812517103,FALSE,295.696150586017
"F0460","E",38383,36,0.858,0.38,2024,"N40",27.08,28.4534034401658,26.4884689985649,-1.37340344016582,FALSE,527.153442438848
"F0461","B",30620,12,0.947,0.84,2026,"N06",28.36,29.0246166715011,27.0590330878882,-0.664616671501076,FALSE,203.505624813629
"F0462","C",92790,36,0.916,0.711,2026,"N30",32.07,30.9775791213373,29.0132309685004,1.09242087866268,FALSE,0
"F0463","A",104635,24,0.837,0.561,2025,"N06",29.34,30.2916224797877,28.3267221774789,-0.951622479787677,FALSE,995.730181725835
"F0464","D",260623,12,0.864,0.742,2026,"N40",35.06,32.0282874667191,30.0626331819004,3.03171253328085,FALSE,0
"F0465","D",44015,36,0.919,0.514,2024,"N23",31.34,29.2212924462436,27.2574925324347,2.11870755375641,FALSE,0
"F0466","B",175240,24,0.89,0.407,2025,"N27",30.74,30.8084908030505,28.8449137975556,-0.0684908030504907,FALSE,120.02328326568
"F0467","B",54648,24,1,0.495,2025,"N11",27.4,29.3972107970787,27.4331607269443,-1.99721079707866,TRUE,1091.43575638755
"F0468","C",44531,36,0.994,0.262,2026,"N28",31.41,28.6864933763788,26.7219648885824,2.72350662362124,FALSE,0
"F0469","C",229119,36,0.935,0.11,2025,"N11",30.14,30.8205179699608,28.8560438816699,-0.680517969960786,FALSE,1559.19596759445
"F0470","C",183659,24,0.988,0.405,2024,"N23",30.48,31.1301886108795,29.1665722994004,-0.650188610879482,FALSE,1194.12990085515
"F0471","E",17258,24,0.924,0.617,2025,"N13",28.18,27.698621146459,25.7341901477945,0.481378853540992,FALSE,0
"F0472","B",127994,12,1,0.217,2025,"N11",31.57,29.7135358902496,27.7488828991149,1.85646410975042,FALSE,0
"F0473","B",11834,36,0.989,0.187,2026,"N05",26.6,26.276149802589,24.3105168034642,0.323850197411033,FALSE,0
"F0474","B",29346,36,0.932,0.288,2025,"N34",28.14,27.9558281442224,25.9917482799195,0.18417185577761,FALSE,0
"F0475","C",733008,36,0.861,0.132,2026,"N24",33.23,32.5570002527679,30.5909673923058,0.672999747232112,FALSE,0
"F0476","B",508343,24,0.965,0.161,2026,"N24",32.2,31.9166859747876,29.9522905252063,0.28331402521243,FALSE,0
"F0477","D",82866,12,0.827,0.234,2025,"N05",28.22,28.7424237429285,26.776573869815,-0.522423742928495,FALSE,432.911658815127
"F0478","D",213925,24,0.976,0.031,2026,"N12",31.1,30.1904619624064,28.2259117982312,0.909538037593585,FALSE,0
"F0479","D",474227,12,0.892,0.571,2026,"N18",33.16,32.5596338142141,30.5948921064053,0.600366185785887,FALSE,0
"F0480","D",819768,36,1,0.339,2025,"N09",36.56,33.5686170766942,31.6033673852768,2.99138292330581,FALSE,0
"F0481","A",808403,12,0.925,0.574,2024,"N18",33.1,33.5049845598314,31.5401877434249,-0.404984559831426,FALSE,3273.90733121405
"F0482","E",40928,24,0.902,0.545,2024,"N07",29.96,28.8379034304546,26.8740945218817,1.12209656954542,FALSE,0
"F0483","A",96351,12,1,0.309,2024,"N36",28.06,29.4937540220914,27.529542372979,-1.43375402209142,FALSE,1381.4363378253
"F0484","B",115960,36,0.946,0.078,2025,"N29",27.51,29.5934964184978,27.6290297962723,-2.08349641849785,TRUE,2416.0224468901
"F0485","D",5540,12,0.935,0.21,2026,"N19",24.06,24.4966450220192,22.5309332536149,-0.436645022019245,FALSE,24.1901342198662
"F0486","C",40872,24,0.847,0.335,2026,"N35",27.25,28.2103707155156,26.2455960989581,-0.960370715515626,FALSE,392.522718845547
"F0487","D",161541,12,0.904,0.336,2026,"N28",30.99,30.1960558870564,28.2321637207184,0.793944112943642,FALSE,0
"F0488","D",77169,12,0.955,0.292,2025,"N40",30.27,29.0337778449072,27.0700158222073,1.23622215509283,FALSE,0
"F0489","A",48362,12,1,0.622,2026,"N32",28.38,29.2210682545773,27.2563523432981,-0.84106825457733,FALSE,406.757429278688
"F0490","C",24361,12,0.988,0.2,2024,"N13",25.84,27.0514367366001,25.0866140818474,-1.21143673660007,FALSE,295.118103403143
"F0491","D",49662,12,0.952,0.638,2024,"N34",29.94,29.2945888220102,27.3304923633381,0.645411177989843,FALSE,0
"F0492","E",96087,12,0.946,0.418,2024,"N14",27.19,29.6659221769085,27.7021613898808,-2.47592217690852,TRUE,2379.03934212609
"F0493","E",67728,24,0.987,0.67,2026,"N38",30.77,30.1090018373399,28.1446796484533,0.660998162660078,FALSE,0
"F0494","A",387602,12,0.958,0.835,2026,"N24",34.16,33.0751818655921,31.1097250496004,1.08481813440785,FALSE,0
"F0495","E",262649,24,0.923,0.856,2024,"N13",31.77,32.7307487721224,30.7655238424174,-0.960748772122368,FALSE,2523.39704249168
"F0496","D",21065,36,0.864,0.679,2026,"N12",30.5,28.3520074084604,26.3863445932391,2.14799259153964,FALSE,0
"F0497","A",303306,12,0.948,0.42,2025,"N34",31.59,31.5449663947077,29.5811125143776,0.0450336052923213,FALSE,0
"F0498","A",102217,12,0.904,0.224,2026,"N11",29.2,29.1192806471328,27.1551826948243,0.080719352867213,FALSE,0
"F0499","C",246555,24,0.903,0.281,2025,"N02",31.86,31.0926201729857,29.1289640801939,0.767379827014327,FALSE,0
"F0500","C",44844,24,0.922,0.432,2024,"N25",28.46,28.8221110848404,26.8587598763507,-0.362111084840432,FALSE,162.385094885843
"F0501","E",289519,12,0.883,0.37,2026,"N21",31.69,31.1305326546682,29.1660919608341,0.559467345331807,FALSE,0
"F0502","B",41924,12,1,0.221,2026,"N27",25.77,27.8879130227022,25.923102135836,-2.11791302270222,TRUE,887.913855637678
"F0503","A",335537,36,0.955,0.498,2026,"N06",33.84,32.4220679597631,30.4579528055321,1.4179320402369,FALSE,0
"F0504","C",95245,36,0.936,0.648,2026,"N37",30.31,30.880151136938,28.9161318472764,-0.570151136937952,FALSE,543.040450376552
"F0505","B",72388,12,0.849,0.725,2026,"N30",27.81,29.8942272791609,27.9283872265471,-2.08422727916091,TRUE,1508.730442839
"F0506","D",20303,36,0.945,0.294,2025,"N28",29.01,27.4123776347629,25.4480973335194,1.59762236523709,FALSE,0
"F0507","B",14289,36,0.964,0.114,2024,"N24",28.24,26.3739432067512,24.4087061051738,1.86605679324884,FALSE,0
"F0508","A",278332,12,0.848,0.562,2026,"N17",32.74,31.5686387154771,29.6033106058501,1.17136128452288,FALSE,0
"F0509","C",25780,36,0.866,0.353,2026,"N31",26.06,27.8242144238986,25.8592692528066,-1.76421442389861,FALSE,454.814478481063
"F0510","A",24128,12,0.923,0.65,2024,"N20",27.1,28.0882550786859,26.1237705669951,-0.988255078685878,FALSE,238.446185385329
"F0511","A",158756,12,0.992,0.319,2025,"N27",27.56,30.3070298378174,28.3428644440317,-2.74702983781743,TRUE,4361.07468932544
"F0512","E",101084,24,1,0.254,2026,"N18",29.99,29.6055422337561,27.6414663516047,0.384457766243877,FALSE,0
"F0513","A",198083,24,1,0.208,2025,"N21",28.59,30.6303133314751,28.6661175386138,-2.04031333147507,TRUE,4041.51385638576
"F0514","C",20465,12,0.901,0.667,2024,"N33",28.97,27.9205794441183,25.9556151339132,1.04942055588166,FALSE,0
"F0515","E",7733,24,0.938,0.564,2026,"N17",25.96,26.241394256119,24.2764155903957,-0.281394256118976,FALSE,21.7602178256804
"F0516","C",33216,12,1,0.219,2024,"N27",28.53,27.6243513833708,25.6595520006098,0.905648616629243,FALSE,0
"F0517","C",325738,12,0.971,0.416,2025,"N38",31.2,31.7815982857651,29.817456258555,-0.58159828576515,FALSE,1894.48662408568
"F0518","A",94563,36,0.969,0.568,2024,"N39",29.77,30.6645553457599,28.7005400466627,-0.894555345759908,FALSE,845.918371610942
"F0519","E",166299,36,0.963,0.839,2024,"N01",31.84,32.2920409057248,30.3265015659348,-0.452040905724754,FALSE,751.739505811209
"F0520","C",183728,12,0.923,0.166,2024,"N22",30.18,30.0700488246419,28.1056961750843,0.109951175358127,FALSE,0
"F0521","B",120288,36,0.827,0.489,2026,"N34",29.52,30.5339528553766,28.5683149532423,-1.01395285537656,FALSE,1219.66361067536
"F0522","D",120573,36,0.881,0.368,2025,"N18",30.32,30.3536260124704,28.3895438256297,-0.0336260124703749,FALSE,40.5438920159051
"F0523","C",76869,24,0.906,0.581,2026,"N27",31.99,30.0258734098401,28.0623486514435,1.96412659015986,FALSE,0
"F0524","E",128016,36,0.966,0.355,2025,"N12",30.75,30.5177924167253,28.5538033263439,0.232207583274654,FALSE,0
"F0525","A",145312,12,0.964,0.385,2026,"N19",32.02,30.2492548889312,28.2855111421613,1.77074511106882,FALSE,0
"F0526","B",45222,12,0.951,0.375,2024,"N38",28.05,28.3978371829008,26.4339600378566,-0.347837182900818,FALSE,157.298930851408
"F0527","C",202061,36,0.918,0.36,2024,"N05",31.25,31.2897297954357,29.3259242892199,-0.0397297954356652,FALSE,80.2784219552595
"F0528","A",98497,24,1,0.768,2025,"N03",32.37,31.0854775400686,29.1206169935125,1.28452245993137,FALSE,0
"F0529","E",89281,12,0.97,0.26,2026,"N27",28.31,29.1010277083556,27.1369910907692,-0.791027708355635,FALSE,706.237448296995
"F0530","D",81734,24,0.95,0.457,2024,"N03",32.05,29.845789820557,27.8827241985335,2.20421017944296,FALSE,0
"F0531","E",283285,36,0.907,0.617,2025,"N20",32.25,32.4154339738552,30.4509161645317,-0.165433973855166,FALSE,468.649632835606
"F0532","B",83011,24,0.948,0.383,2025,"N27",30.02,29.6536567838304,27.690435566537,0.366343216169597,FALSE,0
"F0533","D",411191,36,0.977,0.464,2025,"N37",32.68,32.7710239947473,30.8066736730558,-0.0910239947472533,FALSE,374.282474241178
"F0534","D",29716,24,0.982,0.213,2024,"N21",28.84,27.599184359855,25.6353273028514,1.24081564014499,FALSE,0
"F0535","C",196714,24,0.931,0.397,2026,"N10",30.28,31.0614118087045,29.0981848231292,-0.781411808704512,FALSE,1537.14642537499
"F0536","E",15567,12,0.964,0.163,2024,"N19",29.31,26.0667789953275,24.1018037137301,3.24322100467249,FALSE,0
"F0537","B",105143,12,0.934,0.568,2025,"N39",29.34,30.2603860681969,28.2964401748042,-0.920386068196862,FALSE,967.721523684227
"F0538","E",54103,36,0.976,0.187,2026,"N20",30.49,28.6358252367301,26.671327481602,1.85417476326987,FALSE,0
"F0539","E",57100,24,0.929,0.142,2024,"N13",27.63,28.2894120245396,26.3255887009583,-0.659412024539563,FALSE,376.52426601209
"F0540","A",28546,36,1,0.582,2025,"N09",29.54,28.8437189506334,26.8786781842342,0.696281049366604,FALSE,0
"F0541","B",95689,36,1,0.353,2026,"N14",30.17,30.112585146916,28.1481539873392,0.0574148530839942,FALSE,0
"F0542","B",188928,12,0.885,0.515,2024,"N17",29.8,30.9573866370315,28.9929486632923,-1.1573866370315,FALSE,2186.62742561087
"F0543","C",10975,36,0.955,0.572,2025,"N02",26.09,27.2888606096907,25.3238340112394,-1.19886060969067,FALSE,131.574951913551
"F0544","B",84427,12,0.972,0.26,2026,"N08",29.21,29.0661712939928,27.1020637160942,0.143828706007248,FALSE,0
"F0545","E",122578,12,0.985,0.374,2026,"N24",27.83,29.9578293024586,27.9937373830364,-2.12782930245863,TRUE,2608.25060236773
"F0546","E",203765,12,0.868,0.295,2024,"N21",29.22,30.3768081707301,28.4120274298628,-1.15680817073013,FALSE,2357.17016908826
"F0547","C",150666,12,0.895,0.249,2026,"N20",27.31,29.8841588684389,27.9199027860581,-2.57415886843891,TRUE,3878.38220072216
"F0548","C",27071,12,0.988,0.727,2024,"N26",29.6,28.7022528363587,26.7370881048757,0.897747163641327,FALSE,0
"F0549","A",322591,36,0.958,0.277,2025,"N22",32.27,31.7918505671661,29.8277127594196,0.47814943283386,FALSE,0
"F0550","C",34812,36,1,0.204,2026,"N22",29.11,28.1402630740901,26.1753301486298,0.969736925909856,FALSE,0
"F0551","E",177469,12,1,0.702,2025,"N03",32.36,31.5499721113369,29.5846609888106,0.810027888663054,FALSE,0
"F0552","E",123502,12,0.901,0.313,2026,"N22",28.96,29.6392713870812,27.6752805875342,-0.679271387081233,FALSE,838.913748473064
"F0553","B",49004,36,0.945,0.383,2026,"N39",31,29.0205538758794,27.0566940838649,1.97944612412058,FALSE,0
"F0554","A",33149,24,0.918,0.243,2026,"N25",27.81,27.6605786331203,25.6967915921433,0.14942136687965,FALSE,0
"F0555","B",75878,24,0.962,0.25,2024,"N17",28.23,29.1620600402223,27.198573232938,-0.932060040222265,FALSE,707.22851731985
"F0556","A",544341,12,1,0.548,2025,"N17",32.7,32.9404128692878,30.9754251306586,-0.240412869287795,FALSE,1308.66581680987
"F0557","C",210319,36,0.933,0.487,2025,"N40",30.07,31.7395963826131,29.7758588878158,-1.66959638261305,FALSE,3511.47841594795
"F0558","A",49141,12,0.998,0.386,2024,"N10",31.01,28.6276698475149,26.6634648256793,2.38233015248513,FALSE,0
"F0559","C",233484,12,0.964,0.277,2026,"N38",30.77,30.7954261032623,28.8313790850538,-0.0254261032622836,FALSE,59.3658829409102
"F0560","C",715382,12,0.963,0.241,2025,"N18",33.23,32.5349322031772,30.5700687915914,0.695067796822748,FALSE,0
"F0561","A",1292056,24,0.947,0.64,2025,"N25",33.22,34.7493944850579,32.7844434533949,-1.52939448505786,FALSE,19760.6332078591
"F0562","B",12634,24,0.944,0.21,2025,"N30",26.99,26.1433287548529,24.1789091949319,0.846671245147078,FALSE,0
"F0563","D",233804,36,0.981,0.96,2026,"N35",33.38,33.2200927712587,31.253467245955,0.159907228741332,FALSE,0
"F0564","B",265310,36,0.921,0.314,2026,"N02",31.42,31.487308707611,29.5233350795793,-0.0673087076110086,FALSE,178.576732162767
"F0565","A",37518,12,0.982,0.645,2026,"N38",27.32,28.844854112177,26.8802675592496,-1.52485411217697,FALSE,572.094765806555
"F0566","C",10596,12,0.95,0.824,2024,"N24",26.84,27.4002121729622,25.4341271407597,-0.560212172962231,FALSE,59.360081847078
"F0567","D",445280,12,0.901,0.719,2025,"N29",35.1,32.9404591672188,30.9752538775072,2.15954083278116,FALSE,0
"F0568","C",56629,36,0.89,0.237,2026,"N18",29.05,28.8043302688446,26.8399794360989,0.24566973115542,FALSE,0
"F0569","D",14230,24,1,0.611,2025,"N40",26,27.5727953707872,25.6077687677743,-1.57279537078719,FALSE,223.808781263018
"F0570","B",27417,12,0.868,0.32,2026,"N06",27.9,27.2358516265706,25.2709061058032,0.664148373429367,FALSE,0
"F0571","D",236282,24,0.967,0.223,2025,"N12",29.95,30.9211019752645,28.9574380548236,-0.971101975264453,FALSE,2294.53916919436
"F0572","A",1341759,36,1,0.337,2024,"N31",33.89,34.3237173763722,32.3579777750596,-0.433717376372243,FALSE,5819.44193203845
"F0573","E",300219,12,0.888,0.287,2026,"N28",30.55,30.9647708968087,29.0003021932054,-0.41477089680869,FALSE,1245.22103869008
"F0574","E",35290,36,0.965,0.476,2024,"N02",29.1,28.791350186112,26.8271514814461,0.308649813887957,FALSE,0
"F0575","B",450212,12,0.875,0.407,2026,"N09",31.16,31.9777445726241,30.0128549299526,-0.817744572624136,FALSE,3681.58419530257
"F0576","E",10512,24,0.973,0.598,2024,"N18",25.73,26.9435220668691,24.9786034150729,-1.21352206686906,FALSE,127.565439669276
"F0577","E",324318,36,0.977,0.487,2025,"N23",31.9,32.3992014242757,30.4347453354674,-0.499201424275718,FALSE,1619.00007518252
"F0578","C",298988,12,0.957,0.639,2024,"N36",32.05,32.2446345411338,30.2802314578956,-0.194634541133766,FALSE,581.933921845024
"F0579","D",846680,24,0.978,0.633,2024,"N31",34.98,34.1395633613232,32.1747855940175,0.840436638676813,FALSE,0
"F0580","B",320185,12,0.891,0.176,2026,"N24",31.98,30.8124329895657,28.8476069683978,1.16756701043434,FALSE,0
"F0581","C",388386,12,0.946,0.437,2024,"N22",32.21,32.0749704509919,30.1108418283918,0.135029549008109,FALSE,0
"F0582","E",114268,24,0.89,0.4,2026,"N19",28.88,30.0041855960869,28.040603627169,-1.12418559608685,FALSE,1284.58439693653
"F0583","D",66916,36,0.974,0.518,2024,"N06",28.48,30.0078877216103,28.0440190610408,-1.52788772161029,FALSE,1022.40134779274
"F0584","A",104011,36,0.87,0.229,2025,"N04",27.63,29.6766477849231,27.712053069741,-2.04664778492311,TRUE,2128.73882757638
"F0585","A",1004289,36,0.966,0.423,2025,"N11",32.55,34.0371463164164,32.0722492467214,-1.48714631641641,FALSE,14935.2468696752
"F0586","E",50967,36,1,0.215,2025,"N09",26.88,28.7128844949379,26.7479910054939,-1.8328844949379,FALSE,934.166240535
"F0587","B",94403,36,1,0.195,2024,"N16",27.6,29.6950117957991,27.7303682181076,-2.09501179579915,TRUE,1977.75398558827
"F0588","D",58103,36,0.949,0.485,2024,"N19",31.67,29.6414844553513,27.6778462341884,2.02851554464866,FALSE,0
"F0589","D",226415,12,0.95,0.157,2024,"N24",31.54,30.369168196247,28.4050127574057,1.17083180375298,FALSE,0
"F0590","B",180061,12,0.915,0.558,2025,"N23",30.24,31.0582663092252,29.0941917680546,-0.818266309225237,FALSE,1473.37849905405
"F0591","D",1161877,36,0.949,0.342,2025,"N19",33.6,34.0393008460562,32.0743652575145,-0.439300846056192,FALSE,5104.1354911323
"F0592","C",1375543,12,0.897,0.443,2025,"N34",34.55,34.0254781781192,32.059997675674,0.524521821880818,FALSE,0
"F0593","A",395358,24,0.846,0.517,2025,"N27",33.33,32.3148666356875,30.3499455730089,1.01513336431251,FALSE,0
"F0594","C",297427,24,0.912,0.267,2024,"N37",31.26,31.3706756892604,29.4069360118812,-0.110675689260418,FALSE,329.179382296584
"F0595","A",87008,24,0.972,0.402,2026,"N20",28.54,29.7560629459195,27.7926664758638,-1.2160629459195,FALSE,1058.07204798564
"F0596","A",17125,12,0.884,0.853,2026,"N38",29.05,27.9875373683679,26.0212016129879,1.06246263163205,FALSE,0
"F0597","C",124743,36,0.975,0.698,2025,"N22",33.08,31.5754435165332,29.6109459487099,1.50455648346679,FALSE,0
"F0598","C",107519,12,1,0.175,2026,"N24",27.72,29.3343239541505,27.3696144015453,-1.6143239541505,FALSE,1735.70497226307
"F0599","E",26366,36,0.955,0.726,2026,"N20",27.14,28.9599041675361,26.9947472609742,-1.81990416753615,FALSE,479.835932812581
"F0600","D",133034,36,0.952,0.199,2025,"N09",31.62,30.1704678420612,28.2065128543234,1.44953215793883,FALSE,0
"F0601","C",329169,36,0.841,0.319,2025,"N27",31.78,31.8107257003587,29.8452938154445,-0.0307257003586514,FALSE,101.139480613569
"F0602","D",35231,12,0.921,0.604,2025,"N01",27.52,28.5903950268791,26.6261526070298,-1.07039502687906,FALSE,377.110871919761
"F0603","D",295900,24,0.869,0.538,2024,"N17",31.67,31.9815549743122,30.017292174392,-0.311554974312227,FALSE,921.891168989878
"F0604","A",167855,24,0.973,0.281,2026,"N20",30.93,30.4705789128679,28.5070068184391,0.459421087132093,FALSE,0
"F0605","D",53416,12,0.901,0.165,2024,"N08",26.8,27.9847879038418,26.0205401780756,-1.1847879038418,FALSE,632.866306716135
"F0606","B",117200,24,0.938,0.55,2026,"N23",30.4,30.6083711353699,28.6449638069636,-0.208371135369909,FALSE,244.210970653533
"F0607","A",253528,24,0.906,0.61,2024,"N01",32.15,31.9778845528347,30.0141012765737,0.172115447165307,FALSE,0
"F0608","D",82465,12,0.938,0.757,2024,"N24",29.67,30.4152374277554,28.450664489888,-0.745237427755363,FALSE,614.56004479846
"F0609","C",95189,36,0.929,0.411,2026,"N33",30.74,30.199557867959,28.2359330350006,0.54044213204098,FALSE,0
"F0610","A",499002,24,0.977,0.567,2025,"N01",34.7,33.0765708072056,31.1124354706448,1.62342919279442,FALSE,0
"F0611","E",200558,24,1,0.74,2026,"N36",31.9,32.0698698148412,30.1049139699331,-0.169869814841157,FALSE,340.687503249127
"F0612","D",195412,36,0.962,0.429,2025,"N16",32.72,31.452198367454,29.4883772075046,1.26780163254597,FALSE,0
"F0613","C",56039,36,0.903,0.492,2024,"N30",30.1,29.5775441663528,27.6136015562417,0.522455833647179,FALSE,0
"F0614","C",239118,12,0.917,0.756,2025,"N21",32.95,32.1400272882515,30.1752070143848,0.809972711748507,FALSE,0
"F0615","D",622146,12,0.923,0.523,2025,"N17",33,32.9669247625293,31.0023599998229,0.0330752374706904,FALSE,0
"F0616","B",33049,24,0.877,0.264,2025,"N01",26.78,27.7089598747809,25.7448239016831,-0.928959874780936,FALSE,307.011949016352
"F0617","B",14096,12,0.942,0.214,2025,"N09",26.19,26.0605918122772,24.0957916768826,0.129408187722849,FALSE,0
"F0618","C",39019,24,0.898,0.339,2025,"N32",29.07,28.292410943679,26.3287479736471,0.777589056320963,FALSE,0
"F0619","A",87420,36,0.931,0.411,2024,"N40",33.03,30.0252979236089,28.0616548768088,3.00470207639112,FALSE,0
"F0620","C",30539,12,0.954,0.69,2026,"N39",31.11,28.6785955298085,26.7140318231442,2.43140447019146,FALSE,0
"F0621","D",13326,24,1,0.316,2024,"N19",26.57,26.6379747613742,24.6734622658866,-0.0679747613742236,FALSE,9.05831670072904
"F0622","A",740798,12,0.936,0.38,2024,"N29",34.02,32.8403962512359,30.8759237562619,1.17960374876411,FALSE,0
"F0623","A",61575,24,0.996,0.462,2026,"N38",28.91,29.4162485790157,27.452399063252,-0.506248579015729,FALSE,311.722562528935
"F0624","E",38145,24,1,0.461,2026,"N34",29.57,28.6260972934301,26.6619084830123,0.943902706569872,FALSE,0
"F0625","A",3189,12,0.888,0.601,2026,"N04",23.7,24.5937876089663,22.6268085670526,-0.893787608966285,FALSE,28.5028868499348
"F0626","C",303723,36,0.935,0.245,2025,"N05",32.16,31.6517500083081,29.6876814122833,0.508249991691866,FALSE,0
"F0627","B",15654,24,0.909,0.273,2025,"N30",29.17,26.5975918349677,24.6334227298755,2.57240816503229,FALSE,0
"F0628","D",496093,36,1,0.394,2026,"N30",32.4,32.8699572721979,30.9051529935693,-0.469957272197945,FALSE,2331.42513036495
"F0629","C",200780,24,0.981,0.52,2025,"N21",30.29,31.5832807052735,29.6196451092195,-1.29328070527353,FALSE,2596.6490000482
"F0630","A",131807,36,0.965,0.123,2024,"N18",29.94,29.9378004020338,27.9733950593513,0.0021995979661682,FALSE,0
"F0631","A",78350,24,0.942,0.751,2025,"N17",31.67,30.561180681062,28.5970805657373,1.10881931893802,FALSE,0
"F0632","E",322614,12,0.856,0.226,2024,"N19",32.34,30.8962968784838,28.9308576330218,1.44370312151624,FALSE,0
"F0633","C",51146,12,0.925,0.172,2024,"N11",26.34,28.0417801428096,26.0774779276557,-1.70178014280963,FALSE,870.392471841413
"F0634","D",158660,24,0.902,0.656,2024,"N30",32.53,31.3772104164898,29.4133703007638,1.15278958351022,FALSE,0
"F0635","B",55579,12,0.939,0.501,2025,"N03",29.29,29.0599998263392,27.0961334284163,0.230000173660823,FALSE,0
"F0636","B",69370,36,0.878,0.348,2024,"N30",28.57,29.4004987876988,27.4362567848389,-0.830498787698843,FALSE,576.117009026688
"F0637","C",675987,24,0.861,0.262,2026,"N17",34,32.5271443363969,30.5620533871525,1.47285566360311,FALSE,0
"F0638","E",389289,12,0.886,0.034,2025,"N19",33,30.7144387144618,28.7487846939817,2.28556128553819,FALSE,0
"F0639","B",32811,24,0.972,0.183,2024,"N06",28.12,27.6493434522913,25.6853300852121,0.470656547708739,FALSE,0
"F0640","E",35718,12,0.967,0.703,2026,"N31",29.67,28.873095920079,26.9082495717183,0.796904079921031,FALSE,0
"F0641","A",106276,24,0.95,0.111,2025,"N01",28.85,29.2652376020849,27.3013788961033,-0.415237602084922,FALSE,441.297913991771
"F0642","C",86319,36,0.948,0.114,2026,"N32",30.66,29.2437110536156,27.2793115636682,1.41628894638441,FALSE,0
"F0643","B",183913,36,0.919,0.598,2026,"N14",32,31.6949403983087,29.7308343234506,0.305059601691269,FALSE,0
"F0644","B",63967,24,0.975,0.093,2024,"N07",29.08,28.4716263303738,26.5074235179941,0.608373669626175,FALSE,0
"F0645","A",28649,36,0.903,0.477,2024,"N13",25.89,28.3703790109799,26.4061535222927,-2.48037901097993,TRUE,710.60378285564
"F0646","E",274403,36,0.933,0.36,2025,"N33",32.86,31.6909980214497,29.727003355831,1.16900197855035,FALSE,0
"F0647","A",77250,36,0.974,0.617,2024,"N22",30.06,30.4877937358626,28.5235547095445,-0.427793735862576,FALSE,330.47066095384
"F0648","A",231833,12,0.977,0.13,2026,"N30",28.02,30.3053407776564,28.34071284346,-2.28534077765639,TRUE,5298.17408506413
"F0649","A",34014,12,0.893,0.254,2026,"N19",26.81,27.419806413266,25.4553729803496,-0.609806413266035,FALSE,207.419553408309
"F0650","E",628866,12,0.924,0.536,2025,"N10",34.1,32.9663649580414,31.0016354769467,1.13363504195856,FALSE,0
"F0651","C",141309,12,0.975,0.414,2026,"N39",29.69,30.3968693576389,28.4330131223796,-0.70686935763889,FALSE,998.870020585939
"F0652","E",138595,12,0.947,0.644,2026,"N04",30.57,30.8418245568934,28.8775977666327,-0.271824556893375,FALSE,376.735244626372
"F0653","C",160171,24,0.958,0.16,2026,"N07",28.96,30.1168661415095,28.1530869670799,-1.15686614150949,FALSE,1852.96406751717
"F0654","A",14980,24,0.983,0.294,2024,"N28",26.9,26.7028143413529,24.7384871882199,0.197185658647054,FALSE,0
"F0655","A",236930,36,0.954,0.136,2025,"N20",31.05,30.8933185664696,28.9288844558723,0.156681433530427,FALSE,0
"F0656","E",53815,36,0.892,0.502,2026,"N15",29.41,29.3539170586674,27.389675036193,0.056082941332555,FALSE,0
"F0657","D",25806,24,0.889,0.494,2024,"N32",26.63,27.987144631852,26.0232820255835,-1.35714463185202,FALSE,350.224743695731
"F0658","B",161136,36,0.95,0.165,2024,"N05",30.02,30.3726655537328,28.4085043950923,-0.352665553732791,FALSE,568.27116666287
"F0659","C",815667,12,1,0.302,2024,"N26",30.41,32.9865375409046,31.0211795821188,-2.57653754090456,TRUE,21015.96646377
"F0660","E",43058,24,0.923,0.481,2026,"N11",28.7,28.7306345496544,26.7671344264895,-0.0306345496543692,FALSE,13.1906243901783
"F0661","E",659815,24,0.987,0.16,2026,"N38",32.92,32.3224893627486,30.3576436300605,0.597510637251439,FALSE,0
"F0662","E",6883,24,0.933,0.353,2024,"N25",27.47,25.5004593233246,23.5356404931122,1.96954067667538,FALSE,0
"F0663","E",145404,12,1,0.359,2024,"N13",31.17,30.2660440736223,28.3016340998693,0.903955926377719,FALSE,0
"F0664","A",48825,12,0.845,0.02,2026,"N27",27.19,27.2501108318816,25.2836816429517,-0.0601108318815946,FALSE,29.3491136661886
"F0665","A",136713,24,0.877,0.341,2024,"N32",29.51,30.177048072457,28.2132727220699,-0.667048072456982,FALSE,911.941431298114
"F0666","B",1355814,24,0.997,0.209,2026,"N30",35.92,33.6840855433638,31.7184917250064,2.23591445663624,FALSE,0
"F0667","A",228752,36,0.995,0.198,2026,"N37",31.37,31.0404573572979,29.0756738148803,0.329542642702112,FALSE,0
"F0668","E",16446,36,0.92,0.369,2025,"N08",26.35,27.1821389810679,25.2175397683608,-0.832138981067917,FALSE,136.85357682643
"F0669","A",594693,24,0.989,0.692,2025,"N15",36.56,33.7318650089272,31.766971939801,2.82813499107282,FALSE,0
"F0670","D",27793,12,0.922,0.642,2025,"N35",28.89,28.3191811461841,26.3546874115324,0.57081885381589,FALSE,0
"F0671","B",50389,36,0.935,0.181,2024,"N04",30.14,28.5266601403747,26.5625406076972,1.6133398596253,FALSE,0
"F0672","D",33458,36,0.969,0.441,2025,"N11",26.9,28.6715030621691,26.7074022053007,-1.77150306216912,FALSE,592.709494540543
"F0673","E",117973,12,0.937,0.28,2025,"N10",29.28,29.5898217306674,27.6259264756241,-0.309821730667377,FALSE,365.505990320224
"F0674","B",87727,12,0.922,0.648,2026,"N29",31.23,30.1238964314529,28.1596412561599,1.10610356854709,FALSE,0
"F0675","D",735191,36,0.866,0.414,2026,"N03",32.49,33.3027191198785,31.337469920832,-0.812719119878501,FALSE,5975.03782462595
"F0676","D",153592,12,0.88,0.438,2026,"N11",30.82,30.3565606167569,28.3923322528259,0.463439383243081,FALSE,0
"F0677","B",235050,36,0.902,0.32,2025,"N30",32.56,31.3227151906839,29.3587320770771,1.23728480931614,FALSE,0
"F0678","A",83836,12,1,0.385,2025,"N35",28.84,29.4847023416607,27.5204725954832,-0.644702341660654,FALSE,540.492655154626
"F0679","C",397702,36,0.886,0.684,2026,"N07",35.77,33.17673538172,31.2118102586861,2.59326461828001,FALSE,0
"F0680","B",28511,24,0.972,0.877,2026,"N18",30.83,29.3272876728228,27.361665513678,1.50271232717719,FALSE,0
"F0681","D",17483,36,0.888,0.353,2024,"N29",27.85,27.2305576965822,25.2660114162319,0.619442303417767,FALSE,0
"F0682","B",300318,12,0.961,0.856,2024,"N09",33.52,32.8027441990535,30.8369332063073,0.717255800946546,FALSE,0
"F0683","B",254398,12,0.935,0.662,2026,"N03",29.76,31.8937663100988,29.9292991157186,-2.1337663100988,TRUE,5428.25881756514
"F0684","A",108580,24,0.871,0.083,2026,"N39",31.26,29.0227172411865,27.0579354472764,2.2372827588135,FALSE,0
"F0685","A",1582742,12,0.989,0.425,2025,"N12",34.13,34.2839029555172,32.3182424233674,-0.153902955517239,FALSE,2435.88671621266
"F0686","C",34468,12,0.909,0.143,2024,"N07",27.86,27.2976099937079,25.3329147305043,0.562390006292084,FALSE,0
"F0687","B",580932,24,0.874,0.086,2024,"N17",30.24,31.7957111691344,29.8303321841095,-1.55571116913438,FALSE,9037.62400907573
"F0688","A",658989,12,0.929,0.027,2026,"N32",31.57,31.5987076998229,29.633132130451,-0.0287076998228883,FALSE,189.180583985854
"F0689","D",22770,24,0.944,0.284,2025,"N17",28.07,27.3004668809955,25.3367625405225,0.769533119004549,FALSE,0
"F0690","E",202538,36,0.969,0.177,2026,"N08",30.27,30.7094983940884,28.7450869797159,-0.439498394088403,FALSE,890.15125741877
"F0691","B",268386,24,0.889,0.334,2025,"N28",30.89,31.2843360526018,29.3205642685385,-0.394336052601759,FALSE,1058.34275813576
"F0692","C",87801,36,0.879,0.387,2025,"N15",29.62,29.9564929160599,27.9923450522551,-0.336492916059886,FALSE,295.44414522974
"F0693","B",88849,36,1,0.221,2024,"N06",30.11,29.6709660221749,27.7063969342787,0.439033977825126,FALSE,0
"F0694","D",97007,36,1,0.253,2026,"N01",29.57,29.8586203183544,27.8941659060899,-0.288620318354372,FALSE,279.981912226026
"F0695","A",36209,36,0.938,0.303,2026,"N03",28.35,28.2742619405755,26.3101380122277,0.0757380594245305,FALSE,0
"F0696","C",19406,12,0.968,0.223,2024,"N07",26.51,26.7138905604754,24.7492317868354,-0.203890560475433,FALSE,39.5670021658625
"F0697","B",269343,12,0.993,0.214,2025,"N26",32.68,30.8839370798429,28.9191991862203,1.79606292015708,FALSE,0
"F0698","A",136842,36,0.93,0.454,2024,"N28",30.76,30.8622904656344,28.8986190879206,-0.102290465634439,FALSE,139.97631898348
"F0699","D",108303,12,0.912,0.528,2024,"N02",28.67,30.1588111549672,28.1950159156325,-1.48881115496716,FALSE,1612.42714516408
"F0700","C",197818,36,0.946,0.333,2025,"N11",32.51,31.2330144124869,29.2692629819831,1.27698558751307,FALSE,0
"F0701","B",38915,24,0.926,0.331,2026,"N38",28.21,28.2033757185532,26.2398785810846,0.00662428144678628,FALSE,0
"F0702","A",47329,12,0.923,0.571,2025,"N29",29.14,28.9458096006218,26.9818631638024,0.194190399378197,FALSE,0
"F0703","E",277236,24,0.988,0.427,2025,"N38",33.62,31.7343671163395,29.7703729414522,1.8856328836605,FALSE,0
"F0704","B",103663,12,1,0.154,2026,"N26",27.76,29.1500219635156,27.1851469301997,-1.39002196351562,FALSE,1440.9384680392
"F0705","A",188136,12,0.963,0.401,2024,"N37",30.77,30.754556441731,28.7908249441938,0.0154435582689807,FALSE,0
"F0706","D",387188,12,0.984,0.149,2024,"N32",31.3,31.2707447712866,29.3059922548247,0.0292552287134207,FALSE,0
"F0707","E",865818,36,0.887,0.772,2026,"N34",34.95,34.5549315637281,32.5887664456899,0.395068436271906,FALSE,0
"F0708","A",34365,12,0.965,0.715,2025,"N03",27.38,28.9173914116318,26.952670131716,-1.53739141163178,FALSE,528.32455860726
"F0709","E",51662,24,0.979,0.23,2026,"N01",28.03,28.4228099927474,26.4589288912289,-0.392809992747431,FALSE,202.933498453178
"F0710","E",18161,24,0.961,0.124,2025,"N25",27.4,26.4641867787463,24.4995419372074,0.93581322125365,FALSE,0
"F0711","A",44603,36,0.861,0.225,2024,"N02",27.54,28.2915524294441,26.3265543456991,-0.751552429444086,FALSE,335.214930104946
"F0712","D",191647,36,0.889,0.35,2024,"N26",29.5,31.0604710216191,29.0964907076381,-1.56047102161908,FALSE,2990.59589880231
"F0713","D",53789,36,0.965,0.2,2024,"N32",28.61,28.746811766688,26.7828365276723,-0.136811766688016,FALSE,73.5896811838169
"F0714","A",1459063,36,0.861,0.407,2025,"N06",33.3,34.3917926812685,32.4257777833985,-1.0917926812685,FALSE,15929.9430490966
"F0715","E",61241,12,0.954,0.157,2024,"N19",26.54,28.2254774008541,26.2612155217191,-1.68547740085412,FALSE,1032.20321505707
"F0716","C",11789,36,0.936,0.649,2025,"N19",31.02,27.5840163540682,25.6188863065601,3.43598364593183,FALSE,0
"F0717","A",34675,36,1,0.313,2025,"N24",28.39,28.3989833143517,26.4342434825766,-0.00898331435170618,FALSE,3.11496425145412
"F0718","E",1295702,36,0.907,0.354,2026,"N06",33.14,34.0634072363389,32.098178554278,-0.923407236338946,FALSE,11964.6060293884
"F0719","E",34796,12,0.912,0.429,2024,"N16",28.28,28.0049780606063,26.0408901239341,0.275021939393714,FALSE,0
"F0720","B",94195,36,1,0.346,2026,"N23",29.82,30.0676890036773,28.1032513461436,-0.247689003677294,FALSE,233.310657013827
"F0721","C",38000,24,1,0.767,2026,"N26",27.36,29.5980646453643,27.6331144547471,-2.2380646453643,TRUE,850.464565238433
"F0722","A",27030,36,0.885,0.259,2025,"N32",27.96,27.6303013391651,25.6656331688708,0.329698660834932,FALSE,0
"F0723","A",420282,12,0.934,0.426,2026,"N17",31.53,32.0094086573336,30.045371450146,-0.4794086573336,FALSE,2014.8682932148
"F0724","B",24160,12,0.951,0.206,2024,"N08",27.24,26.9182299500253,24.9537855723454,0.321770049974706,FALSE,0
"F0725","A",11650,24,0.927,0.062,2026,"N28",25.52,25.493263440994,23.5279772875334,0.0267365590059576,FALSE,0
"F0726","C",41514,24,0.94,0.571,2024,"N30",29.92,29.123409537663,27.1598941573725,0.796590462336983,FALSE,0
"F0727","B",45905,36,0.971,0.122,2026,"N38",28.63,28.2312408907161,26.2665378198705,0.398759109283912,FALSE,0
"F0728","B",174619,12,0.829,0.67,2024,"N25",30.99,31.1609730837853,29.1945937835217,-0.170973083785345,FALSE,298.551489175131
"F0729","E",117657,24,0.974,0.138,2025,"N24",28.97,29.5219488614987,27.5578840552676,-0.551948861498669,FALSE,649.406471973489
"F0730","B",460511,12,0.935,0.66,2025,"N40",32.36,32.8875434845676,30.9227450874407,-0.527543484567559,FALSE,2429.39577621691
"F0731","D",79694,36,0.95,0.274,2025,"N31",28.83,29.5565486079648,27.5927862040479,-0.726548607964833,FALSE,579.015647631494
"F0732","C",173931,24,0.982,0.169,2026,"N22",30.08,30.3196748953683,28.3556754190278,-0.239674895368342,FALSE,416.868942263111
"F0733","A",187943,12,0.952,0.342,2025,"N25",31.58,30.5663683856232,28.6026434157563,1.01363161437679,FALSE,0
"F0734","C",355018,24,0.927,0.435,2024,"N08",32.03,32.1550644799194,30.1915161967864,-0.125064479919423,FALSE,444.001415320338
"F0735","E",23346,24,1,0.431,2024,"N27",28.77,27.803470240841,25.8390945693212,0.966529759159034,FALSE,0
"F0736","D",68536,24,0.901,0.232,2026,"N04",28.94,28.7898004112086,26.8262027599298,0.150199588791406,FALSE,0
"F0737","D",3739,12,0.878,0.096,2025,"N05",23.41,23.4868730553529,21.5196526271208,-0.0768730553528592,FALSE,2.8742835396434
"F0738","E",39041,12,0.804,0.543,2026,"N16",27.75,28.2570661962342,26.2901074010004,-0.507066196234224,FALSE,197.963713671803
"F0739","C",23318,24,0.989,0.905,2024,"N05",31.46,29.2311675039247,27.2652293720155,2.22883249607533,FALSE,0
"F0740","D",35428,24,0.893,0.073,2026,"N09",28.84,27.2703231118013,25.3057802842147,1.56967688819874,FALSE,0
"F0741","B",668723,12,0.997,0.182,2026,"N03",32,32.2100656775194,30.2445554209587,-0.210065677519403,FALSE,1404.75750067807
"F0742","A",353183,24,0.986,0.201,2025,"N05",30.96,31.5107135151785,29.5465240682284,-0.550713515178469,FALSE,1945.02651431277
"F0743","B",16309,12,0.988,0.438,2026,"N07",27.18,26.9626300416432,24.9977335875461,0.217369958356816,FALSE,0
"F0744","A",896726,12,0.891,0.645,2024,"N33",35.29,33.8063754588411,31.8408973995104,1.48362454115893,FALSE,0
"F0745","B",478141,12,0.965,0.551,2025,"N03",29.93,32.6980649315655,30.7334633494853,-2.76806493156546,TRUE,13235.2533444364
"F0746","B",126772,24,1,0.288,2024,"N18",31.14,30.1632515726172,28.1992933360839,0.976748427382756,FALSE,0
"F0747","A",89629,36,0.915,0.694,2026,"N27",30.91,30.7823509091012,28.8179033330566,0.127649090898771,FALSE,0
"F0748","E",85846,12,0.896,0.441,2024,"N09",28.44,29.4553348900528,27.4912711230055,-1.01533489005283,FALSE,871.624389714753
"F0749","C",96804,24,0.946,0.209,2024,"N11",28.59,29.4734620936468,27.5099532153478,-0.883462093646809,FALSE,855.226645133857
"F0750","A",222511,24,0.894,0.287,2025,"N22",31.64,30.8380410474235,28.8743871294985,0.801958952576484,FALSE,0
"F0751","E",72415,36,0.917,0.469,2024,"N27",29.26,29.8324866788868,27.8686108941156,-0.572486678886818,FALSE,414.56622851589
"F0752","D",335484,36,0.938,0.196,2026,"N01",29.68,31.5690199850583,29.6047866136339,-1.8890199850583,FALSE,6337.35980667299
"F0753","B",67360,36,0.933,0.523,2025,"N28",29.29,29.9497880861332,27.9859841846821,-0.659788086133155,FALSE,444.433254819293
"F0754","C",43473,24,0.953,0.602,2025,"N22",29.39,29.3092545993435,27.3456217200157,0.0807454006565287,FALSE,0
"F0755","C",84277,12,0.898,0.129,2024,"N16",26.91,28.6699483076815,26.7052702448897,-1.75994830768152,FALSE,1483.23163526475
"F0756","B",148626,12,0.899,0.208,2025,"N15",29.65,29.7364239062662,27.7721491546565,-0.0864239062661802,FALSE,128.448394927173
"F0757","C",165715,12,0.936,0.616,2026,"N07",31.72,31.1462712349048,29.1822914400397,0.573728765095186,FALSE,0
"F0758","D",97528,36,0.996,0.372,2024,"N33",28.4,30.2426005928311,28.2785533488792,-1.84260059283108,FALSE,1797.0515061763
"F0759","E",15865,12,0.956,0.191,2025,"N40",27.07,26.1609232988743,24.1960114657242,0.909076701125731,FALSE,0
"F0760","D",19296,24,0.814,0.273,2025,"N33",25.72,26.7581172546412,24.7918483234868,-1.03811725464119,FALSE,200.315105455565
"F0761","D",12429,12,0.941,0.296,2026,"N28",27.99,26.044363267555,24.0797324624881,1.94563673244503,FALSE,0
"F0762","D",70729,24,0.915,0.182,2024,"N23",29.87,28.7745574757301,26.8110844486359,1.09544252426987,FALSE,0
"F0763","C",225017,36,0.914,0.39,2026,"N01",32.91,31.4905539143834,29.5267428265686,1.41944608561662,FALSE,0
"F0764","B",102235,12,0.928,0.422,2026,"N18",30.86,29.7450105402861,27.7812518316067,1.11498945971388,FALSE,0
"F0765","B",93269,36,0.92,0.308,2024,"N33",30.05,29.841884614656,27.8781296889836,0.208115385343984,FALSE,0
"F0766","A",55162,24,0.927,0.134,2026,"N26",29.41,28.1870965504146,26.2231703978943,1.2229034495854,FALSE,0
"F0767","B",65351,24,0.974,0.069,2024,"N20",27,28.4365465031245,26.4722390190542,-1.43654650312448,FALSE,938.79750525688
"F0768","A",43956,36,1,0.245,2025,"N09",30.07,28.5877843506306,26.6230199727685,1.48221564936939,FALSE,0
"F0769","D",357302,24,0.912,0.835,2024,"N35",31.46,33.2002113176465,31.2351379104388,-1.74021131764648,FALSE,6217.80984217724
"F0770","B",22137,36,0.935,0.708,2024,"N23",27.05,28.6906054175454,26.7256767334433,-1.64060541754539,FALSE,363.180821282022
"F0771","C",33995,36,1,0.044,2024,"N11",27.78,27.7006946045372,25.735102499958,0.0793053954627823,FALSE,0
"F0772","B",177257,36,0.881,0.177,2026,"N24",30.42,30.3801515285948,28.4155168340512,0.0398484714052003,FALSE,0
"F0773","E",63704,36,0.929,0.183,2025,"N15",29.56,28.8458664994161,26.8816688794722,0.714133500583941,FALSE,0
"F0774","C",219756,36,0.953,0.28,2026,"N24",31.15,31.2172044208862,29.2532955047976,-0.0672044208861777,FALSE,147.685747162629
"F0775","C",56749,12,0.906,0.448,2024,"N24",30.4,28.9484144765389,26.9844551024629,1.45158552346107,FALSE,0
"F0776","B",166055,36,0.92,0.436,2025,"N09",30.5,31.12621416942,29.1624949397188,-0.626214169420017,FALSE,1039.85993903041
"F0777","A",130822,24,1,0.348,2026,"N14",31.43,30.3107131447079,28.3468419122475,1.1192868552921,FALSE,0
"F0778","D",21084,24,0.969,0.598,2026,"N17",27.67,28.0589034062579,26.0947398364637,-0.388903406257874,FALSE,81.9963941754103
"F0779","A",194973,36,0.874,0.383,2026,"N13",29.79,31.0754941586636,29.1110656309832,-1.28549415866357,FALSE,2506.36652597112
"F0780","E",456846,12,1,0.502,2026,"N13",32.55,32.4540909052469,30.4891588167556,0.0959090947530612,FALSE,0
"F0781","B",44534,12,0.96,0.327,2026,"N37",29.22,28.2069814795261,26.2429672633136,1.01301852047395,FALSE,0
"F0782","D",85029,12,0.96,0.493,2024,"N29",29.54,29.7636441697382,27.7999877950298,-0.223644169738154,FALSE,190.162401086655
"F0783","A",215503,12,0.919,0.757,2026,"N40",33.07,31.8414664030777,29.8767513559065,1.22853359692233,FALSE,0
"F0784","A",639301,24,0.974,0.328,2026,"N27",32.48,32.7473070587354,30.7831596068875,-0.267307058735376,FALSE,1708.89669956585
"F0785","A",154707,12,0.966,0.466,2025,"N13",30.85,30.6297318250825,28.6659588489834,0.220268174917475,FALSE,0
"F0786","E",1664334,24,0.94,0.374,2026,"N16",35.33,34.3176692486135,32.3527516873458,1.01233075138647,FALSE,0
"F0787","B",62119,36,0.94,0.651,2026,"N21",28.15,30.144619410656,28.180349794482,-1.99461941065595,TRUE,1239.03763170537
"F0788","B",1027652,36,0.942,0.455,2026,"N10",35.92,34.0932333423378,32.1283785305454,1.82676665766218,FALSE,0
"F0789","B",41313,12,0.893,0.379,2024,"N34",25.63,28.1543964520711,26.1901746468603,-2.52439645207112,TRUE,1042.90390624414
"F0790","A",98398,12,0.985,0.438,2024,"N09",30.61,29.8617536657194,27.8978662502895,0.748246334280612,FALSE,0
"F0791","A",33860,12,0.908,0.187,2026,"N05",26.52,27.2525511877071,25.2880941973842,-0.732551187707088,FALSE,248.04183215762
"F0792","B",333534,36,0.85,0.238,2026,"N27",33.56,31.5058330084934,29.5404573900324,2.05416699150663,FALSE,0
"F0793","D",217834,36,0.817,0.58,2025,"N04",29.57,31.7762356814767,29.8099746164378,-2.20623568147672,TRUE,4805.93143438801
"F0794","A",12506,36,0.947,0.522,2024,"N35",27.46,27.2521599674629,25.2874036407852,0.207840032537128,FALSE,0
"F0795","E",4318,12,0.848,0.177,2024,"N40",22.57,23.832042661153,21.8645084030886,-1.26204266115298,FALSE,54.4950021085855
"F0796","B",1357268,12,0.935,0.529,2026,"N40",35.78,34.2025348269604,32.2371591739556,1.57746517303961,FALSE,0
"F0797","E",71303,36,0.948,0.266,2025,"N28",27.41,29.2957855256125,27.3317958121009,-1.88578552561252,FALSE,1344.62165332749
"F0798","C",13610,24,0.931,0.453,2025,"N37",26.52,26.9879339289378,25.0238533483009,-0.467933928937804,FALSE,63.6858077284351
"F0799","D",34284,36,1,0.166,2024,"N25",28.67,27.9958567208716,26.0310903950491,0.674143279128437,FALSE,0
"F0800","A",57919,24,0.918,0.503,2026,"N28",28.72,29.2857485434569,27.3223558297927,-0.565748543456944,FALSE,327.675898884828
"F0801","C",677091,36,0.942,0.176,2025,"N02",33.64,32.7555195203693,30.7907145158823,0.884480479630732,FALSE,0
"F0802","E",172364,36,0.962,0.283,2026,"N33",32.1,30.7358159077185,28.7717920402563,1.36418409228153,FALSE,0
"F0803","E",106854,24,1,0.102,2024,"N14",30.46,29.3154631864668,27.3509057256014,1.14453681353317,FALSE,0
"F0804","C",32269,24,0.861,0.35,2026,"N04",26.52,27.9003902198307,25.9359115768211,-1.38039021983074,FALSE,445.438120037182
"F0805","B",225493,12,1,0.141,2026,"N05",29.46,30.3586614415658,28.3935865677166,-0.898661441565821,FALSE,2026.41864443002
"F0806","C",12211,36,0.918,0.216,2024,"N25",26.75,26.3885880769403,24.423587152422,0.361411923059748,FALSE,0
"F0807","B",389705,36,1,0.555,2025,"N23",34.51,32.979165969402,31.0142142312398,1.53083403059796,FALSE,0
"F0808","B",325021,36,0.898,0.336,2024,"N10",30.24,31.8792291426682,29.9150001001547,-1.63922914266815,FALSE,5327.83895179146
"F0809","A",57293,12,0.915,0.318,2024,"N36",30.17,28.5252111067231,26.561436044531,1.64478889327686,FALSE,0
"F0810","E",16537,36,0.961,0.419,2024,"N31",27.97,27.4090283555436,25.4444381051674,0.560971644456369,FALSE,0
"F0811","A",47763,12,0.924,0.801,2025,"N21",31.87,29.6090411479047,27.644083213395,2.2609588520953,FALSE,0
"F0812","E",86875,24,0.958,0.247,2026,"N07",27.36,29.2636109934587,27.3001028437678,-1.90361099345869,FALSE,1653.76205056724
"F0813","D",1125130,24,0.926,0.115,2025,"N33",34.59,33.0403419893906,31.0752875686497,1.54965801060945,FALSE,0
"F0814","C",779032,12,1,0.279,2025,"N22",32.49,32.8484182085393,30.8830693060876,-0.358418208539291,FALSE,2792.19253834781
"F0815","B",46368,12,0.898,0.623,2024,"N12",28.57,29.0348930982022,27.0703824331864,-0.464893098202182,FALSE,215.561631774388
"F0816","A",40200,24,0.957,0.163,2025,"N33",26.86,27.867040191506,25.9031575458718,-1.00704019150601,FALSE,404.830156985416
"F0817","C",19391,12,1,0.408,2026,"N12",26.11,27.2450625752665,25.2802151885814,-1.13506257526655,FALSE,220.099983969936
"F0818","D",158420,12,0.956,0.236,2025,"N39",30.2,30.030642574205,28.0667143405661,0.169357425794971,FALSE,0
"F0819","D",52156,24,0.849,0.805,2024,"N22",31.32,29.9132477355422,27.947503962563,1.40675226445785,FALSE,0
"F0820","B",233982,12,1,0.166,2024,"N33",33.14,30.5365377251761,28.5715710869059,2.60346227482394,FALSE,0
"F0821","A",109005,12,0.878,0.487,2026,"N37",29.21,29.9125646810169,27.9483176457603,-0.702564681016899,FALSE,765.83063054247
"F0822","A",52298,12,0.897,0.533,2025,"N27",27.6,28.9496852826417,26.9856286990424,-1.34968528264166,FALSE,705.858409115936
"F0823","E",30063,36,1,0.72,2025,"N15",29.89,29.287045898563,27.3212618208401,0.602954101436971,FALSE,0
"F0824","C",14720,12,1,0.433,2026,"N31",25.59,26.8737924975991,24.9087242506833,-1.28379249759915,FALSE,188.974255646595
"F0825","B",202425,24,0.933,0.445,2024,"N30",30.41,31.2276533978383,29.2643004614255,-0.817653397838303,FALSE,1655.13489057418
"F0826","D",20486,36,1,0.309,2024,"N36",29.47,27.5729019133023,25.6081784374995,1.89709808669765,FALSE,0
"F0827","A",234266,36,0.865,0.397,2026,"N05",31.53,31.391986737206,29.4273176224007,0.13801326279405,FALSE,0
"F0828","D",13679,24,0.947,0.241,2024,"N09",26.95,26.3686120632629,24.4045917766952,0.581387936737066,FALSE,0
"F0829","B",4708,36,0.908,0.272,2024,"N19",24.5,24.9334943281118,22.9675571942279,-0.433494328111827,FALSE,20.4089129675048
"F0830","A",101595,36,0.876,0.466,2026,"N25",28.57,30.2681956565172,28.3038574938997,-1.6981956565172,FALSE,1725.28187723865
"F0831","E",48864,24,0.831,0.256,2026,"N39",28.04,28.1264326759174,26.1611055472837,-0.0864326759173721,FALSE,42.2344627602647
"F0832","E",301183,12,1,0.27,2024,"N14",32.85,31.1825713724899,29.2177994325141,1.66742862751007,FALSE,0
"F0833","A",100005,24,0.937,0.351,2025,"N30",28.71,29.8180012871972,27.8548479256885,-1.1080012871972,FALSE,1108.05668726156
"F0834","C",91474,24,0.987,0.587,2026,"N09",30.22,30.4748507019714,28.5111111852026,-0.254850701971421,FALSE,233.122131121337
"F0835","D",283127,36,0.968,0.453,2024,"N17",27.97,32.124959661465,30.1610481501825,-4.15495966146504,TRUE,11763.8126407161
"F0836","E",45503,24,0.931,0.443,2024,"N08",30.41,28.7757976272199,26.8123862939096,1.63420237278012,FALSE,0
"F0837","D",216292,24,0.938,0.143,2024,"N29",31.42,30.499422572004,28.5357681436461,0.920577427995969,FALSE,0
"F0838","C",1917757,36,0.862,0.466,2026,"N25",36.1,35.0390310992097,33.0727002880227,1.06096890079031,FALSE,0
"F0839","B",132422,24,0.925,0.199,2026,"N08",30.19,29.7924693105288,27.8288704846533,0.397530689471171,FALSE,0
"F0840","E",33384,36,0.993,0.584,2025,"N05",27.33,29.0592700617114,27.0942668995219,-1.72927006171138,FALSE,577.299517401727
"F0841","D",96893,24,1,0.098,2026,"N26",28.36,29.1552760806768,27.1908075930685,-0.795276080676818,FALSE,770.566852850189
"F0842","E",38630,12,0.897,0.142,2025,"N29",24.68,27.3372472748435,25.3725142989635,-2.65724727484352,TRUE,1026.49462227205
"F0843","D",67748,36,1,0.264,2024,"N39",30.47,29.362727370357,27.3984478826922,1.107272629643,FALSE,0
"F0844","A",752319,36,0.879,0.579,2025,"N10",34.66,33.848176512672,31.8829715087081,0.811823487328006,FALSE,0
"F0845","D",31158,24,0.95,0.53,2026,"N28",29.26,28.457477027749,26.4938761132275,0.802522972251008,FALSE,0
"F0846","E",23260,36,0.949,0.29,2024,"N39",25.95,27.5701477109377,25.6058140256949,-1.62014771093767,FALSE,376.846357564103
"F0847","E",189786,24,0.988,0.08,2026,"N17",30.25,30.1029062952928,28.1383518970832,0.147093704707203,FALSE,0
"F0848","D",62722,36,0.901,0.069,2026,"N29",27.59,28.4550754897965,26.4903278412264,-0.865075489796475,FALSE,542.592648710145
"F0849","B",83451,36,0.98,0.723,2024,"N37",29.95,30.9441845970626,28.9793377451485,-0.994184597062574,FALSE,829.656988094689
"F0850","C",48373,24,0.915,0.786,2026,"N08",31.08,29.8772338035428,27.9128259348799,1.20276619645724,FALSE,0
"F0851","A",137033,36,0.871,0.499,2024,"N04",30.38,30.8793274143789,28.9149062412664,-0.499327414378858,FALSE,684.24333574578
"F0852","A",598852,12,0.904,0.742,2024,"N14",34.07,33.4568410366005,31.4914663066507,0.613158963399535,FALSE,0
"F0853","D",220733,36,0.937,0.311,2024,"N36",31.03,31.2681077084464,29.3044302058958,-0.238107708446439,FALSE,525.582288085077
"F0854","D",62183,36,0.986,0.296,2026,"N25",27.42,29.2404890369935,27.2763138713321,-1.82048903699351,FALSE,1132.03469787368
"F0855","B",67273,36,0.973,0.646,2025,"N39",31.91,30.3693160883218,28.404870134964,1.54068391167817,FALSE,0
"F0856","D",34541,24,0.905,0.101,2025,"N39",26.87,27.3797048680073,25.4154979189157,-0.509704868007343,FALSE,176.057158458417
"F0857","A",35711,12,0.966,0.839,2025,"N38",29.34,29.3295055282138,27.3640598887958,0.0104944717861777,FALSE,0
"F0858","E",317912,24,0.977,0.315,2025,"N05",32.26,31.6179755401106,29.6540573822823,0.642024459889395,FALSE,0
"F0859","B",196810,12,0.98,0.395,2025,"N28",30.44,30.8655457344704,28.9014059502706,-0.425545734470447,FALSE,837.516560011286
"F0860","B",180394,36,0.949,0.745,2026,"N18",33.35,32.1341301376181,30.1693942369179,1.21586986238186,FALSE,0
"F0861","E",188537,24,0.908,0.439,2026,"N33",28.87,30.9502641340673,28.9868125842925,-2.08026413406735,TRUE,3922.06759044655
"F0862","A",48942,24,0.893,0.455,2026,"N37",28.46,28.833605854485,26.8699542131014,-0.373605854484953,FALSE,182.850177302026
"F0863","C",102538,36,0.953,0.254,2025,"N15",29.61,29.9712664449645,28.0074071855845,-0.361266444964464,FALSE,370.435387337662
"F0864","D",193644,36,0.97,0.385,2024,"N31",32.93,31.3288834654106,29.3651272398414,1.60111653458937,FALSE,0
"F0865","C",710923,36,0.895,0.141,2026,"N12",33.32,32.5976747251122,30.6323767031092,0.722325274887815,FALSE,0
"F0866","B",142251,12,0.91,0.565,2024,"N40",28.62,30.6906384191989,28.72649892925,-2.07063841919894,TRUE,2945.50385769468
"F0867","D",113981,36,1,0.488,2025,"N33",29.43,30.8263069426185,28.8619271729846,-1.39630694261848,FALSE,1591.52461626597
"F0868","B",40712,12,0.991,0.395,2026,"N31",27.9,28.3131190840949,26.3487276496293,-0.413119084094866,FALSE,168.189041516702
"F0869","B",359676,12,0.965,0.254,2024,"N38",31.67,31.4066083610198,29.4421785099451,0.263391638980153,FALSE,0
"F0870","D",77858,36,0.947,0.654,2025,"N07",30.2,30.5820040494295,28.6178052264974,-0.382004049429451,FALSE,297.420712804782
"F0871","E",142451,12,0.923,0.446,2024,"N18",28.94,30.3319794952335,28.3681311238077,-1.39197949523355,FALSE,1982.88871075514
"F0872","A",168584,36,0.9,0.279,2024,"N24",31.8,30.6476601417382,28.6836248031269,1.15233985826177,FALSE,0
"F0873","D",41574,24,0.992,0.781,2024,"N31",28.19,29.753232745647,27.7883880496205,-1.56323274564697,FALSE,649.89838167527
"F0874","A",149606,36,0.893,0.23,2025,"N33",29.27,30.3054520736245,28.3412387161546,-1.03545207362451,FALSE,1549.09842926668
"F0875","E",407243,24,1,0.236,2025,"N24",32.77,31.8361790032884,29.8715780606619,0.933820996711606,FALSE,0
"F0876","E",36802,12,1,0.585,2024,"N14",29.53,28.7000686519926,26.735202688784,0.829931348007403,FALSE,0
"F0877","D",56956,36,0.888,0.152,2026,"N24",27.28,28.509325841704,26.5447577374652,-1.22932584170404,FALSE,700.17482640095
"F0878","E",39909,36,0.844,0.491,2024,"N32",27.97,28.8014674044094,26.8360876478192,-0.831467404409427,FALSE,331.830326425758
"F0879","D",119439,12,0.943,0.245,2024,"N36",30.33,29.5785968553117,27.6148924479206,0.75140314468829,FALSE,0
"F0880","E",1289366,24,0.88,0.299,2024,"N37",34.32,33.6325113365006,31.667171717423,0.68748866349943,FALSE,0
"F0881","E",156571,24,0.91,0.385,2024,"N26",31.79,30.5529069486758,28.5894812355165,1.23709305132424,FALSE,0
"F0882","C",467669,24,0.954,0.277,2024,"N12",33.79,32.2035057745045,30.2396298880292,1.58649422549545,FALSE,0
"F0883","A",141894,12,0.868,0.385,2025,"N13",29.79,30.077873098437,28.1134832641519,-0.287873098437014,FALSE,408.474654296217
"F0884","B",64279,12,0.95,0.25,2024,"N13",27.73,28.6078990235138,26.6439383308124,-0.877899023513791,FALSE,564.30471332443
"F0885","A",108063,12,1,0.234,2024,"N40",27.59,29.4666757309015,27.5023011179523,-1.87667573090147,FALSE,2027.99209508406
"F0886","A",140739,24,1,0.111,2025,"N35",30.59,29.8099473979178,27.8454388977125,0.780052602082243,FALSE,0
"F0887","C",84471,12,0.992,0.687,2026,"N31",29.66,30.372251860885,28.4076073715965,-0.712251860885015,FALSE,601.646269408181
"F0888","A",98319,36,0.926,0.176,2025,"N20",30.06,29.5434958659748,27.5793953061759,0.516504134025247,FALSE,0
"F0889","E",118156,24,0.917,0.55,2024,"N27",29.58,30.5790645271325,28.6155348170626,-0.999064527132507,FALSE,1180.45468267869
"F0890","D",50221,12,0.912,0.83,2026,"N29",27.43,29.7282698383161,27.7629752139584,-2.29826983831608,TRUE,1154.21409550072
"F0891","D",653586,24,0.948,0.165,2025,"N33",31.64,32.3522687994397,30.3879342173734,-0.712268799439691,FALSE,4655.2891555059
"F0892","B",178792,36,0.977,0.122,2024,"N17",30.34,30.4694834544375,28.504884387147,-0.129483454437537,FALSE,231.506057857961
"F0893","A",91989,12,0.935,0.524,2024,"N36",30.28,29.90096793811,27.9373089324848,0.379032061889962,FALSE,0
"F0894","D",53751,24,0.871,0.475,2026,"N29",28.2,29.0269126972658,27.0629358501529,-0.826912697265811,FALSE,444.473843907346
"F0895","B",165564,12,0.874,0.775,2025,"N14",30.5,31.4562924759425,29.490764853674,-0.956292475942508,FALSE,1583.27607486945
"F0896","A",42279,36,0.901,0.663,2025,"N10",29.48,29.5133121492209,27.5487449303638,-0.0333121492208974,FALSE,14.0840435691032
"F0897","B",24041,12,0.942,0.269,2024,"N22",26.56,27.070418389585,25.1061540092063,-0.510418389584984,FALSE,122.709685040126
"F0898","B",68131,36,0.971,0.435,2025,"N36",29.78,29.7925462545799,27.8286221326318,-0.0125462545798882,FALSE,8.54788870782365
"F0899","C",467783,12,0.935,0.374,2025,"N10",31.68,32.1752106453945,30.21099800048,-0.495210645394472,FALSE,2316.51121334562
"F0900","C",83264,24,0.974,0.194,2024,"N24",30.16,29.2428930167741,27.2791475959523,0.917106983225892,FALSE,0
"F0901","D",130444,36,0.932,0.489,2025,"N05",29.35,30.9165120696909,28.9528230408603,-1.56651206969092,FALSE,2043.42100418762
"F0902","B",33700,24,0.95,0.442,2025,"N24",29.02,28.3789534832165,26.4154516525593,0.641046516783479,FALSE,0
"F0903","E",194729,24,0.961,0.305,2024,"N14",31.21,30.7739962637378,28.8104860636439,0.436003736262208,FALSE,0
"F0904","B",55059,24,0.929,0.559,2024,"N37",30.19,29.4545346934873,27.4910430560104,0.735465306512733,FALSE,0
"F0905","D",53461,12,0.982,0.712,2026,"N11",30.29,29.6292087498171,27.6644301668276,0.660791250182879,FALSE,0
"F0906","D",41835,12,1,0.009,2025,"N02",26.29,27.342256161553,25.3766866973814,-1.052256161553,FALSE,440.211365185696
"F0907","A",89695,24,0.966,0.544,2025,"N27",31.41,30.2412604631862,28.2778240529599,1.1687395368138,FALSE,0
"F0908","A",29990,24,0.922,0.541,2024,"N17",29.36,28.3939763966371,26.4303688745197,0.966023603362853,FALSE,0
"F0909","A",64559,36,0.945,0.466,2026,"N29",31.61,29.672373433206,27.7085252398137,1.937626566794,FALSE,0
"F0910","D",83081,12,0.99,0.512,2025,"N23",28.28,29.8369279065973,27.872737052358,-1.55692790659726,FALSE,1293.51127408007
"F0911","B",33374,24,0.945,0.218,2026,"N33",28.35,27.6755160772421,25.7117180932122,0.674483922757886,FALSE,0
"F0912","C",10272,12,0.927,0.638,2024,"N27",30.23,26.7839097027464,24.8187101580115,3.44609029725355,FALSE,0
"F0913","A",175141,12,0.913,0.389,2026,"N07",30.54,30.4630798440646,28.4993005959944,0.0769201559354009,FALSE,0
"F0914","C",23633,24,0.934,0.175,2024,"N06",29.41,27.0959038536949,25.131820317787,2.31409614630508,FALSE,0
"F0915","B",10191,36,0.937,0.478,2024,"N13",26.48,26.8048047467377,24.8399571394122,-0.324804746737687,FALSE,33.1008517400377
"F0916","A",104500,36,0.86,0.608,2025,"N32",29.44,30.7308956426446,28.7660183247992,-1.29089564264459,FALSE,1348.98594656359
"F0917","A",97937,24,0.972,0.668,2025,"N17",31.58,30.7421389000521,28.7782448813574,0.837861099947894,FALSE,0
"F0918","D",387556,24,0.879,0.758,2024,"N36",30.67,33.0514422356476,31.0863508358094,-2.38144223564761,TRUE,9229.42227078646
"F0919","D",475710,12,0.985,0.306,2025,"N30",31.57,32.044178380313,30.0795703742538,-0.474178380312985,FALSE,2255.7139729869
"F0920","D",7533,24,0.78,0.638,2024,"N28",27.28,26.2128718600354,24.2438915244446,1.06712813996463,FALSE,0
"F0921","A",52357,36,0.937,0.545,2026,"N05",30.71,29.5436936233065,27.5796805246554,1.16630637669352,FALSE,0
"F0922","C",142632,24,0.994,0.309,2024,"N13",30.76,30.4665444623776,28.5027932692518,0.293455537622375,FALSE,0
"F0923","B",20886,24,0.99,0.505,2025,"N21",29.2,27.8653135804221,25.9009797912701,1.33468641957788,FALSE,0
"F0924","C",400444,36,0.861,0.46,2024,"N10",35.34,32.5589296077889,30.5939111772011,2.78107039221111,FALSE,0
"F0925","E",155663,12,0.873,0.331,2026,"N20",31.46,30.0076823498911,28.0432193199213,1.45231765010892,FALSE,0
"F0926","C",46385,36,0.962,0.365,2025,"N38",29.48,29.0294183458087,27.065521698189,0.450581654191318,FALSE,0
"F0927","C",55262,24,0.878,0.358,2026,"N39",28.39,28.8170484279137,26.8531828407722,-0.427048427913697,FALSE,235.995502233667
"F0928","C",150527,36,0.986,0.562,2025,"N02",29.66,31.5149153059914,29.5507054993729,-1.85491530599139,FALSE,2792.14836264967
"F0929","C",1271274,36,1,0.697,2024,"N22",34.8,35.3395007431016,33.3732580639923,-0.539500743101584,FALSE,6858.53267685723
"F0930","C",1016513,12,0.888,0.739,2025,"N39",35.43,34.3560841012868,32.3899953361103,1.07391589871315,FALSE,0
"F0931","A",18818,24,0.88,0.355,2026,"N29",27.43,26.996367337613,25.0319487697583,0.433632662386973,FALSE,0
"F0932","C",212350,12,0.922,0.512,2026,"N20",30.05,31.2246420731599,29.2607766745858,-1.17464207315987,FALSE,2494.35244235498
"F0933","B",18019,36,0.979,0.182,2024,"N36",26.62,26.9651548410841,25.0001946828633,-0.345154841084085,FALSE,62.1934508149413
"F0934","B",88378,12,0.968,0.701,2026,"N24",31.42,30.3718779682704,28.4072695852683,1.04812203172963,FALSE,0
"F0935","B",31824,12,0.956,0.434,2026,"N10",27.18,27.9618656006938,25.9977733758712,-0.781865600693838,FALSE,248.820908764807
"F0936","E",73262,24,0.869,0.432,2024,"N37",31.83,29.3905522523117,27.4265092195235,2.43944774768826,FALSE,0
"F0937","C",61329,24,1,0.384,2024,"N22",31.46,29.3364586137183,27.372652901976,2.12354138628173,FALSE,0
"F0938","B",159312,36,0.94,0.558,2025,"N21",30.5,31.4407057577472,29.4768166693467,-0.940705757747164,FALSE,1498.65715678216
"F0939","B",42305,24,0.97,0.579,2025,"N24",29.4,29.1664037113964,27.2025787071914,0.233596288603604,FALSE,0
"F0940","A",236500,24,0.948,0.096,2024,"N39",31.7,30.5007587514002,28.5367126017939,1.19924124859982,FALSE,0
"F0941","C",89569,12,0.98,0.305,2024,"N34",28.96,29.4176858251529,27.4536581530572,-0.457685825152947,FALSE,409.944616731243
"F0942","D",34727,24,1,0.636,2024,"N26",27.8,29.0723378926112,27.108007880611,-1.27233789261122,FALSE,441.844779967098
"F0943","B",582011,24,0.976,0.682,2025,"N33",34.45,33.6678541077965,31.703060549136,0.782145892203488,FALSE,0
"F0944","E",153020,24,0.798,0.629,2026,"N10",29.55,30.9417626181119,28.9749840051659,-1.39176261811192,FALSE,2129.67515823485
"F0945","D",80357,12,0.901,0.255,2025,"N13",30.56,28.8923430769153,26.928336384498,1.66765692308475,FALSE,0
"F0946","A",114858,36,0.974,0.361,2024,"N39",30.69,30.4035112313625,28.4396385022629,0.286488768637522,FALSE,0
"F0947","A",238089,24,0.883,0.487,2026,"N10",31.17,31.4394390794057,29.475603967133,-0.269439079405696,FALSE,641.504809766229
"F0948","A",87952,36,1,0.466,2026,"N27",30,30.2719639132738,28.3075010242985,-0.271963913273762,FALSE,239.197701002539
"F0949","E",50294,12,0.889,0.125,2025,"N39",29.27,27.6970593845644,25.7322351289758,1.57294061543558,FALSE,0
"F0950","B",85999,36,0.949,0.139,2024,"N21",26.75,29.2915821236477,27.3273729256662,-2.54158212364766,TRUE,2185.73521051575
"F0951","E",53605,24,0.967,0.197,2024,"N31",26.93,28.4148205006879,26.4510437269091,-1.48482050068791,FALSE,795.938029393754
"F0952","B",54397,24,0.983,0.378,2026,"N28",28.33,28.9801094553701,27.016416199621,-0.650109455370085,FALSE,353.640040437665
"F0953","B",700532,12,1,0.33,2026,"N38",33.17,32.7063501747057,30.7410874458173,0.463649825294304,FALSE,0
"F0954","A",260715,12,0.846,0.415,2024,"N35",30.35,31.0951196034908,29.1299027971025,-0.745119603490807,FALSE,1942.63857424106
"F0955","A",501175,12,0.992,0.302,2025,"N14",33.7,32.1011811969856,30.1364777596735,1.59881880301445,FALSE,0
"F0956","B",56381,36,0.974,0.512,2024,"N32",29.97,29.711245774516,27.7471698788924,0.258754225483965,FALSE,0
"F0957","D",12737,12,0.943,0.442,2025,"N11",27.9,26.5464434779048,24.5818986863589,1.35355652209521,FALSE,0
"F0958","C",65294,24,0.929,0.418,2026,"N17",29.35,29.3496140704636,27.3864124028106,0.000385929536435015,FALSE,0
"F0959","A",191437,12,0.904,0.726,2026,"N32",30.47,31.5361606355689,29.5715110381291,-1.06616063556891,FALSE,2041.02593591405
"F0960","B",57142,12,0.984,0.531,2024,"N25",30.3,29.2738240612143,27.309553503583,1.02617593878568,FALSE,0
"F0961","A",128076,24,0.919,0.028,2024,"N02",29.52,29.271928467738,27.3076023863513,0.248071532262028,FALSE,0
"F0962","C",32991,12,0.973,0.191,2025,"N07",27.78,27.4837839941906,25.5192411552534,0.296216005809359,FALSE,0
"F0963","E",185891,12,1,0.145,2026,"N38",28.34,30.0095393656686,28.0446071838118,-1.66953936566858,FALSE,3103.52342223497
"F0964","C",61478,36,1,0.282,2025,"N25",28.77,29.3193589670591,27.3548703599291,-0.549358967059138,FALSE,337.734905768617
"F0965","A",103318,12,0.98,0.111,2024,"N37",28.46,29.011004975498,27.0464975850027,-0.551004975498007,FALSE,569.287320585031
"F0966","B",227813,12,0.988,0.559,2025,"N12",33.23,31.5762198265944,29.6116930673661,1.65378017340563,FALSE,0
"F0967","A",42901,36,0.782,0.595,2024,"N36",29.76,29.1199764342043,27.1519920981147,0.640023565795687,FALSE,0
"F0968","A",28941,24,0.981,0.185,2024,"N04",28.18,27.4476598412637,25.4835329809082,0.732340158736339,FALSE,0
"F0969","A",39006,12,0.919,0.558,2024,"N15",30.32,28.5916125420169,26.6276345098087,1.72838745798307,FALSE,0
"F0970","D",203659,36,0.883,0.462,2025,"N29",29.76,31.4616177323406,29.4974410920056,-1.7016177323406,FALSE,3465.49765750754
"F0971","B",68908,24,0.983,0.085,2025,"N18",29.39,28.5836803475361,26.6193149438263,0.806319652463909,FALSE,0
"F0972","D",360607,12,1,0.455,2024,"N32",32.92,32.0474963857995,30.0829577095157,0.872503614200468,FALSE,0
"F0973","A",192113,12,0.891,0.216,2025,"N01",29.93,30.1317282918755,28.16741186786,-0.201728291875487,FALSE,387.546273370754
"F0974","C",380997,24,0.947,0.579,2024,"N12",32.12,32.7109942442233,30.7472210335905,-0.590994244223261,FALSE,2251.6703406633
"F0975","C",126816,36,0.901,0.67,2026,"N04",29.3,31.3344346351112,29.3701284073205,-2.0344346351112,TRUE,2579.98862686262
"F0976","B",425521,12,0.917,0.7,2025,"N10",32.51,32.8393128293078,30.8743304401421,-0.329312829307767,FALSE,1401.2952443987
"F0977","A",244947,12,0.999,0.579,2026,"N26",29.71,31.6976617871884,29.7330785638195,-1.98766178718842,TRUE,4868.71791786442
"F0978","E",10390,12,0.916,0.341,2024,"N24",26.9,25.8286151241344,23.8637014210788,1.07138487586561,FALSE,0
"F0979","D",556301,24,0.929,0.537,2026,"N08",32.38,33.055492866171,31.0915789650626,-0.675492866171005,FALSE,3757.77356943796
"F0980","D",288548,36,0.938,0.343,2024,"N16",30.83,31.7892397979238,29.8254838201209,-0.959239797923757,FALSE,2767.86725211304
"F0981","E",63623,12,0.862,0.682,2025,"N38",30.99,29.5887700414948,27.6233880832154,1.40122995850522,FALSE,0
"F0982","E",24681,12,0.918,0.435,2026,"N19",26.6,27.4345278879403,25.4703088877284,-0.834527887940336,FALSE,205.969828022554
"F0983","D",11406,12,0.974,0.488,2024,"N07",27.41,26.557476365463,24.5927531434125,0.852523634536961,FALSE,0
"F0984","C",123039,12,0.975,0.751,2024,"N21",30.52,31.1709830805005,29.2062089320287,-0.65098308050052,FALSE,800.963072417035
"F0985","B",37497,24,0.935,0.766,2025,"N31",30.06,29.432628344559,27.4681425076286,0.627371655441042,FALSE,0
"F0986","D",26083,12,0.993,0.253,2025,"N14",30.02,27.2581050077231,25.2934558896097,2.76189499227694,FALSE,0
"F0987","C",32118,36,1,0.473,2026,"N13",28.48,28.7675829120589,26.8029535508,-0.287582912058912,FALSE,92.3658796950815
"F0988","D",14888,24,0.843,0.226,2024,"N38",25.83,26.2651832874619,24.2997015490977,-0.435183287461911,FALSE,64.7900878373293
"F0989","E",318531,36,0.925,0.488,2025,"N36",34.14,32.2746920843534,30.310552043957,1.8653079156466,FALSE,0
"F0990","B",36738,24,0.958,0.135,2025,"N05",25.69,27.6691774467274,25.705139110019,-1.97917744672737,TRUE,727.1102103787
"F0991","D",101224,12,0.978,0.133,2025,"N40",29.42,29.0650122215545,27.1005911117915,0.354987778445501,FALSE,0
"F0992","B",125135,36,0.944,0.087,2024,"N26",28.93,29.7368411855844,27.7724061520963,-0.806841185584357,FALSE,1009.64071758099
"F0993","D",161101,12,0.993,0.387,2026,"N09",30.86,30.5036269099018,28.539496136946,0.356373090098177,FALSE,0
"F0994","D",85823,12,0.916,0.3,2025,"N27",28.41,29.1527205638175,27.1889467772383,-0.74272056381745,FALSE,637.42506948505
"F0995","D",276766,24,0.989,0.367,2026,"N01",30.73,31.5725028864149,29.6087275840349,-0.842502886414927,FALSE,2331.76153861514
"F0996","B",50770,24,0.898,0.627,2025,"N27",29.45,29.4572729343586,27.4933543502646,-0.00727293435864595,FALSE,3.69246877388455
"F0997","D",1307805,12,0.878,0.339,2024,"N30",34.86,33.5545357330739,31.5887754092224,1.30546426692612,FALSE,0
"F0998","A",15692,36,1,0.169,2026,"N35",27.18,26.6751930765863,24.7094371576178,0.504806923413696,FALSE,0
"F0999","C",237438,36,0.955,0.683,2024,"N06",33.08,32.5265116098863,30.562134931865,0.553488390113721,FALSE,0
"F1000","C",1408760,36,0.942,0.268,2025,"N29",36.26,34.1881280308476,32.2229009318157,2.07187196915236,FALSE,0
"F1001","D",33002,12,0.87,0.468,2026,"N29",28.44,27.9581407798843,25.9934652315766,0.481859220115652,FALSE,0
"F1002","E",565759,24,0.992,0.487,2026,"N40",32.99,33.0049981372156,31.0405605052728,-0.0149981372155779,FALSE,84.8533111294811
"F1003","C",1185259,36,0.926,0.402,2025,"N21",33.79,34.2578178911759,32.2929425118732,-0.467817891175855,FALSE,5544.85365877203
"F1004","C",60469,36,0.978,0.273,2024,"N10",31.19,29.2256933293609,27.2616041988764,1.96430667063911,FALSE,0
"F1005","D",647284,36,0.924,0.195,2026,"N32",32.98,32.5927290906762,30.6280389010348,0.387270909323782,FALSE,0
"F1006","C",52777,36,0.921,0.353,2024,"N24",29.95,29.124700875873,27.1609093464959,0.825299124127021,FALSE,0
"F1007","A",149567,24,0.901,0.301,2025,"N29",29.82,30.2541890465977,28.2907452444235,-0.434189046597741,FALSE,649.403531324843
"F1008","E",79945,12,0.91,0.485,2024,"N22",30.01,29.4914589976499,27.5275051997776,0.518541002350087,FALSE,0
"F1009","B",32679,24,0.938,0.126,2024,"N13",27.67,27.4182264367277,25.454186801488,0.251773563272344,FALSE,0
"F1010","A",28209,36,0.941,0.607,2024,"N23",29.26,28.7830745765985,26.8187354588274,0.476925423401454,FALSE,0
"F1011","A",52460,12,0.938,0.053,2024,"N08",27.82,27.6824388971632,25.7178028515949,0.137561102836802,FALSE,0
"F1012","A",17417,24,0.913,0.129,2025,"N10",26.47,26.3479898977931,24.3834405932506,0.122010102206932,FALSE,0
"F1013","D",129021,12,0.949,0.148,2024,"N33",29.74,29.440861039944,27.4768318341988,0.299138960055959,FALSE,0
"F1014","A",121752,36,0.967,0.598,2024,"N18",30.83,31.1500457047052,29.1859640312183,-0.320045704705176,FALSE,389.662046392646
"F1015","E",388438,36,0.908,0.453,2026,"N06",32.91,32.4134471916798,30.4492082819228,0.496552808320246,FALSE,0
"F1016","B",170709,12,0.961,0.293,2024,"N28",27.74,30.3146109065585,28.3506174672109,-2.57461090655848,TRUE,4395.09253247692
"F1017","D",85775,24,1,0.44,2026,"N22",28.94,29.9216262689918,27.9578425758717,-0.981626268991803,FALSE,841.989932227719
"F1018","A",71127,24,0.811,0.565,2026,"N31",28.8,29.5865907331303,27.6206046018793,-0.78659073313025,FALSE,559.478390753553
"F1019","C",1980798,24,0.981,0.641,2025,"N17",34.66,35.591189271016,33.6254343091765,-0.931189271016038,FALSE,18444.9784565003
"F1020","C",16394,12,0.874,0.425,2026,"N25",24.75,26.7852589582229,24.8201657928356,-2.03525895822292,TRUE,333.660353611065
"F1021","B",21313,36,1,0.39,2026,"N26",26.02,27.8103998353716,25.8454039660681,-1.7903998353716,FALSE,381.587916912749
"F1022","B",1527696,12,0.948,0.652,2024,"N25",33.39,34.8109013383946,32.8448854504603,-1.42090133839464,FALSE,21707.0529106014
"F1023","E",378015,12,0.988,0.475,2026,"N27",31.56,32.0519571650001,30.0874039447604,-0.491957165000148,FALSE,1859.67187727531
"F1024","A",131024,36,0.907,0.169,2025,"N10",29.67,29.9479443922383,27.9837009838204,-0.27794439223829,FALSE,364.173860486297
"F1025","B",200260,12,0.932,0.119,2024,"N32",29.78,30.0262537561187,28.061745486248,-0.246253756118705,FALSE,493.147772003318
"F1026","D",347406,12,0.857,0.359,2025,"N18",30.7,31.447191307506,29.4821143807168,-0.747191307505993,FALSE,2595.78743375427
"F1027","A",18229,36,0.928,0.428,2024,"N02",26.41,27.5555777823259,25.5912563510394,-1.14557778232588,FALSE,208.827373940184
"F1028","D",72706,24,0.951,0.052,2026,"N40",26.46,28.4729997381861,26.5088692137428,-2.01299973818614,TRUE,1463.57158964561
"F1029","D",249487,24,0.975,0.453,2026,"N21",32.35,31.6215444897657,29.6579972242935,0.728455510234284,FALSE,0
"F1030","E",234918,12,0.903,0.737,2025,"N17",30.81,31.9140372828111,29.948964322019,-1.1040372828111,FALSE,2593.58230403417
"F1031","D",401502,24,0.957,0.222,2026,"N02",30.55,31.7003045312396,29.7364655019744,-1.15030453123961,FALSE,4618.49569901767
"F1032","B",142828,24,0.911,0.39,2026,"N10",31.65,30.4242171607692,28.4608605317081,1.22578283923077,FALSE,0
"F1033","B",69883,36,0.974,0.215,2024,"N24",27.89,29.2201312390194,27.2559551546627,-1.33013123901944,FALSE,929.535613763958
"F1034","C",52142,36,0.987,0.099,2025,"N19",28.33,28.5162781761599,26.5513340753796,-0.186278176159885,FALSE,97.129166613287
"F1035","C",226143,36,0.924,0.372,2024,"N34",33,31.5152459443234,29.5514489097135,1.48475405567662,FALSE,0
"F1036","D",105613,36,0.925,0.055,2024,"N40",29.58,29.3444164519583,27.380004523779,0.235583548041678,FALSE,0
"F1037","E",191240,12,0.948,0.382,2024,"N05",30.37,30.671285422864,28.7074123622507,-0.301285422864041,FALSE,576.178242685191
"F1038","E",581856,36,0.843,0.705,2026,"N26",34.02,33.6463908243043,31.6799246809958,0.373609175695741,FALSE,0
"F1039","B",478050,36,0.893,0.567,2025,"N24",33.03,33.1376663893758,31.1730327679898,-0.107666389375822,FALSE,514.699174411118
"F1040","E",24169,24,0.952,0.583,2026,"N18",27.98,28.1471044646109,26.1830570530292,-0.167104464610873,FALSE,40.3874780518018
"F1041","D",439435,12,0.918,0.422,2025,"N38",32.36,32.1163779164741,30.1521704986755,0.243622083525906,FALSE,0
"F1042","B",34474,24,0.999,0.947,2026,"N31",31.67,29.8795309916918,27.9129876886422,1.79046900830818,FALSE,0
"F1043","D",15483,36,0.864,0.122,2024,"N32",26.8,26.3409414061188,24.3752467249358,0.459058593881231,FALSE,0
"F1044","B",1384885,12,0.981,0.797,2025,"N30",36.44,35.1240333274699,33.157156930635,1.31596667253009,FALSE,0
"F1045","C",155637,12,0.905,0.451,2026,"N06",30.76,30.5230892324071,28.5592069431794,0.236910767592853,FALSE,0
"F1046","B",54362,12,0.875,0.252,2026,"N02",27.17,28.1546398959116,26.1899946871203,-0.984639895911585,FALSE,535.269940215456
"F1047","C",67601,12,0.952,0.45,2024,"N22",30.23,29.3215182937348,27.3577794970647,0.908481706265245,FALSE,0
"F1048","B",330664,36,0.901,0.761,2026,"N23",32.89,33.0591328755725,31.0939545519064,-0.169132875572473,FALSE,559.261531682961
"F1049","C",1242396,36,0.872,0.412,2024,"N20",32.46,34.2589286836089,32.2932191800396,-1.79892868360888,FALSE,22349.8180080094
"F1050","D",544546,12,0.961,0.56,2024,"N07",32.28,32.9292798432024,30.9647697971148,-0.649279843202407,FALSE,3535.62741496498
"F1051","A",86392,24,0.887,0.077,2024,"N30",28.26,28.7182505727853,26.7538339076211,-0.458250572785271,FALSE,395.891834840652
"F1052","D",28305,12,0.885,0.3,2026,"N31",27.53,27.2681757638015,25.3036759212974,0.261824236198489,FALSE,0
"F1053","A",98573,12,0.955,0.376,2024,"N05",30.91,29.6334584198306,27.6698659939109,1.27654158016938,FALSE,0
"F1054","A",382947,36,0.902,0.097,2025,"N07",31.8,31.4544885036285,29.4895423406795,0.345511496371472,FALSE,0
"F1055","D",207797,24,0.92,0.908,2026,"N11",34.18,32.5037889972107,30.5384434360698,1.67621100278929,FALSE,0
"F1056","D",23475,24,1,0.294,2026,"N20",26.14,27.43493467119,25.4706070523499,-1.29493467118999,FALSE,303.985914061851
"F1057","E",131891,24,0.969,0.437,2025,"N18",30.1,30.53618882845,28.5726618094952,-0.436188828449993,FALSE,575.29380773098
"F1058","D",237572,24,0.934,0.362,2026,"N21",29.88,31.2096204954668,29.2463319193862,-1.32962049546678,FALSE,3158.80600349034
"F1059","B",37567,36,0.812,0.715,2025,"N12",30.34,29.3249217323878,27.3578866782709,1.01507826761223,FALSE,0
"F1060","C",328521,36,0.93,0.349,2026,"N39",33.61,32.0119094747082,30.0479952626152,1.59809052529179,FALSE,0
"F1061","E",659512,24,0.927,0.211,2025,"N23",34.01,32.400084979292,30.4357534800666,1.60991502070801,FALSE,0
"F1062","D",341939,24,0.957,0.345,2026,"N27",32.78,31.788861613416,29.8253386914106,0.991138386584023,FALSE,0
"F1063","B",41281,12,0.902,0.139,2024,"N33",27.99,27.4953678840068,25.5307305051702,0.494632115993166,FALSE,0
"F1064","A",82094,24,1,0.371,2024,"N11",31.09,29.6771428765348,27.7134046936543,1.4128571234652,FALSE,0
"F1065","C",105050,36,0.937,0.511,2026,"N19",30.67,30.653825137792,28.6901545031375,0.0161748622080111,FALSE,0
"F1066","D",75331,36,0.923,0.728,2025,"N20",31.98,30.6917614655351,28.727211528812,1.28823853446491,FALSE,0
"F1067","A",320894,36,1,0.042,2026,"N28",31.82,31.1536112836477,29.1878763105624,0.666388716352309,FALSE,0
"F1068","A",127178,24,0.96,0.541,2025,"N21",30.23,30.7809295324224,28.8175542002714,-0.550929532422419,FALSE,700.661160744184
"F1069","C",114646,12,0.945,0.113,2026,"N26",28.01,29.1586748094863,27.1942572149538,-1.14867480948629,FALSE,1316.90972208366
"F1070","E",168534,36,0.911,0.332,2026,"N27",31.85,30.7410102188065,28.777096128803,1.10898978119355,FALSE,0
"F1071","D",67309,12,0.949,0.305,2026,"N18",31.14,28.7913818479817,26.8276613495334,2.34861815201827,FALSE,0
"F1072","C",23055,24,0.92,0.386,2024,"N39",28.98,27.6230074323116,25.6593080973038,1.35699256768836,FALSE,0
"F1073","D",130834,24,0.887,0.329,2026,"N19",27.59,30.0720070664367,28.1084148704476,-2.48200706643665,TRUE,3247.30912530173
"F1074","E",76327,24,0.973,0.423,2024,"N10",31.62,29.6278594283161,27.6643701966771,1.9921405716839,FALSE,0
"F1075","B",252107,36,0.957,0.837,2024,"N28",33.63,32.9926307517744,31.0271548256834,0.637369248225575,FALSE,0
"F1076","A",149485,12,0.968,0.637,2026,"N38",30.92,31.0107664524381,29.0465904081556,-0.0907664524381353,FALSE,135.682231427147
"F1077","A",83083,12,0.957,0.148,2024,"N04",26.49,28.7222387725172,26.7581016683125,-2.23223877251717,TRUE,1854.61093937044
"F1078","B",413083,12,0.936,0.374,2024,"N02",33.78,31.9109328865767,29.9466827525153,1.86906711342333,FALSE,0
"F1079","A",111060,36,0.898,0.172,2024,"N29",30.92,29.674283014707,27.7099617161562,1.24571698529303,FALSE,0
"F1080","E",24610,12,0.949,0.311,2024,"N15",27.08,27.1883240151299,25.2241145815289,-0.108324015129927,FALSE,26.6585401234751
"F1081","B",720111,24,0.918,0.137,2026,"N14",31.44,32.3181897957597,30.3534992558379,-0.878189795759749,FALSE,6323.94132014348
"F1082","A",449634,24,1,0.422,2024,"N37",32.81,32.5453140217949,30.5811050791281,0.264685978205065,FALSE,0
"F1083","D",109660,24,1,0.35,2025,"N31",29.38,30.1107243605281,28.1469238778149,-0.730724360528058,FALSE,801.312333755068
"F1084","B",17304,12,0.857,0.078,2025,"N18",25.76,25.8457438035328,23.8795374752867,-0.0857438035327647,FALSE,14.8371077633096
"F1085","D",34089,36,0.94,0.334,2024,"N08",26.57,28.3454765297109,26.3817196393506,-1.7754765297109,FALSE,605.242194213148
"F1086","D",357179,36,0.917,0.671,2024,"N28",32.97,33.0136263228304,31.0490877727392,-0.0436263228304341,FALSE,155.824063622516
"F1087","D",102106,36,0.951,0.37,2024,"N07",28.99,30.2252592431715,28.2617429979036,-1.23525924317155,FALSE,1261.27380283274
"F1088","E",73703,36,1,0.467,2026,"N33",31.13,29.963919070726,27.9993727513952,1.16608092927401,FALSE,0
"F1089","C",192448,36,0.98,0.33,2025,"N30",32.94,31.2448682207521,29.2808205690232,1.69513177924788,FALSE,0
"F1090","A",56088,36,0.841,0.393,2026,"N30",29.59,29.0447982052777,27.0794920955957,0.545201794722271,FALSE,0
"F1091","D",61186,36,0.993,0.487,2025,"N08",28.29,29.8134522894003,27.8491531557682,-1.52345228940031,FALSE,932.139517792476
"F1092","A",472887,12,0.911,0.527,2026,"N01",32.55,32.4388017514547,30.4744697422004,0.111198248545278,FALSE,0
"F1093","B",208590,24,0.954,0.249,2025,"N31",31.55,30.764562742554,28.8010275183582,0.78543725744597,FALSE,0
"F1094","D",279258,24,0.906,0.646,2024,"N19",31.54,32.2625473769145,30.2985935772266,-0.722547376914498,FALSE,2017.77135382389
"F1095","B",228714,24,0.904,0.467,2026,"N01",31.27,31.3818679552098,29.4182999595461,-0.111867955209821,FALSE,255.857675078589
"F1096","B",393294,24,0.907,0.743,2026,"N07",32.97,33.0321725517627,31.0674975121552,-0.0621725517626714,FALSE,244.520915729481
"F1097","D",305183,24,0.947,0.478,2025,"N22",30.43,32.0102336796673,30.0467599936834,-1.58023367966728,FALSE,4822.604550619
"F1098","B",43991,36,1,0.523,2026,"N20",30.58,29.3454495222115,27.3807359847056,1.23455047778846,FALSE,0
"F1099","E",90130,36,0.921,0.019,2026,"N40",28.83,28.877022886323,26.912094439338,-0.0470228863229991,FALSE,42.3817274429191
"F1100","A",805336,12,0.919,0.264,2026,"N31",32.54,32.5675066097243,30.6027323841444,-0.0275066097243482,FALSE,221.520630489676
"F1101","B",140343,36,0.885,0.313,2024,"N03",30.46,30.4443518898925,28.4801945341758,0.0156481101074775,FALSE,0
"F1102","B",892098,24,0.925,0.547,2026,"N40",33.35,33.8274415800337,31.8630025593844,-0.477441580033656,FALSE,4259.24678664864
"F1103","E",79369,36,0.945,0.452,2026,"N14",30.59,29.9362586093104,27.9724360179328,0.653741390689593,FALSE,0
"F1104","E",21993,36,0.909,0.681,2025,"N02",28.72,28.5042525571912,26.5391382423529,0.215747442808802,FALSE,0
"F1105","E",127118,36,0.972,0.218,2025,"N18",28.12,30.1326598719596,28.1683778029568,-2.01265987195961,TRUE,2558.45297603762
"F1106","C",62909,24,0.91,0.389,2026,"N02",29.31,29.1724703518599,27.2091319485487,0.137529648140049,FALSE,0
"F1107","D",50399,12,0.934,0.703,2025,"N13",30.09,29.4670548783504,27.5025717699229,0.622945121649611,FALSE,0
"F1108","A",47095,36,1,0.625,2026,"N29",30.98,29.7182324477387,27.7532632968802,1.26176755226129,FALSE,0
"F1109","E",10289,12,1,0.833,2024,"N20",26.46,27.3554383465817,25.3884127709245,-0.895438346581692,FALSE,92.1316514797903
"F1110","A",216132,12,1,0.287,2026,"N09",31.61,30.6779834959497,28.7135192305863,0.932016504050313,FALSE,0
"F1111","A",95070,24,0.909,0.276,2025,"N19",30.1,29.4730078127209,27.5096214621095,0.626992187279093,FALSE,0
"F1112","E",37944,24,0.92,0.761,2024,"N38",29.77,29.3580431629753,27.3934510149033,0.411956837024658,FALSE,0
"F1113","B",16543,12,0.887,0.898,2025,"N31",29.56,28.1361677515306,26.1693987035021,1.42383224846939,FALSE,0
"F1114","D",246748,36,0.896,0.216,2026,"N18",31.49,31.0534911927866,29.0891858854367,0.436508807213382,FALSE,0
"F1115","B",115987,12,0.928,0.389,2024,"N29",29.23,29.9028029297204,27.9390302228755,-0.672802929720355,FALSE,780.363934094748
"F1116","A",251147,36,0.994,0.23,2026,"N26",30.7,31.2781932162286,29.3134987768807,-0.57819321622863,FALSE,1452.11491676172
"F1117","D",176062,12,1,0.341,2025,"N32",29.58,30.5783818281116,28.6140268062377,-0.998381828111576,FALSE,1757.7710142098
"F1118","D",274395,24,0.908,0.373,2026,"N40",32.06,31.4221980637597,29.4587144456703,0.637801936240336,FALSE,0
"F1119","B",107889,12,0.926,0.473,2025,"N19",28.55,30.0194249837186,28.0556479961796,-1.46942498371858,FALSE,1585.34792068413
"F1120","D",19874,36,0.988,0.458,2024,"N20",29.29,27.9205409310206,25.9560295761624,1.36945906897937,FALSE,0
"F1121","C",135970,24,0.999,0.281,2024,"N29",29.93,30.3206405411119,28.3567509645496,-0.390640541111924,FALSE,531.153943749884
"F1122","E",322098,12,0.956,0.281,2025,"N39",31.35,31.2379342405569,29.273677090477,0.11206575944308,FALSE,0
"F1123","C",20843,12,0.907,0.204,2026,"N05",25.16,26.6110355931769,24.6462657105219,-1.45103559317687,FALSE,302.439348685855
"F1124","D",65540,12,0.955,0.39,2024,"N14",30.4,29.0474425300789,27.0838728177922,1.35255746992112,FALSE,0
"F1125","C",613293,12,1,0.393,2024,"N12",33.5,32.7855001262115,30.8204937418015,0.714499873788498,FALSE,0
"F1126","A",25647,12,1,0.138,2026,"N17",27.73,26.8438838122028,24.8786170119897,0.886116187797182,FALSE,0
"F1127","A",542498,24,0.94,0.429,2025,"N38",32.09,32.75238532676,30.7886664779299,-0.662385326759996,FALSE,3593.42714996644
"F1128","E",36411,12,0.882,0.597,2026,"N09",28.29,28.4448697252141,26.4801251811236,-0.154869725214063,FALSE,56.3896156476924
"F1129","A",15726,36,0.919,0.179,2026,"N15",26.12,26.5533886143503,24.588309534265,-0.433388614350253,FALSE,68.1546934927208
"F1130","D",58513,36,0.86,0.873,2026,"N32",29.44,30.5268175980379,28.5603946690051,-1.0868175980379,FALSE,635.929581139914
"F1131","D",51694,24,0.945,0.265,2024,"N06",30.54,28.5624190396088,26.5991987838133,1.97758096039115,FALSE,0
"F1132","E",321423,36,0.925,0.705,2024,"N28",33.51,32.8991498688393,30.9343053812594,0.610850131160731,FALSE,0
"F1133","B",8787,36,0.922,0.418,2025,"N09",26.5,26.3703913503696,24.4053857809476,0.129608649630381,FALSE,0
"F1134","C",33791,36,0.968,0.5,2026,"N24",27.36,28.8642606169401,26.9001259888496,-1.50426061694014,FALSE,508.304705070243
"F1135","D",33813,36,0.922,0.804,2026,"N09",29.77,29.5715380886067,27.6062753780049,0.19846191139326,FALSE,0
"F1136","E",28333,12,0.993,0.335,2024,"N20",29.91,27.5648414770447,25.6002691429623,2.34515852295529,FALSE,0
"F1137","C",111071,12,0.934,0.321,2025,"N14",30.18,29.7204905506146,27.7567365547803,0.459509449385418,FALSE,0
"F1138","E",50961,12,0.95,0.219,2024,"N06",27.89,28.0978102700732,26.1337245757735,-0.207810270073175,FALSE,105.902191731991
"F1139","A",95890,12,0.994,0.35,2025,"N20",28.4,29.5901737866285,27.6260480483216,-1.19017378662855,FALSE,1141.25764399812
"F1140","B",70704,36,0.877,0.641,2024,"N10",32.22,30.252979712123,28.2882702550054,1.96702028787699,FALSE,0
"F1141","D",341948,12,1,0.337,2024,"N13",32.75,31.6305758832794,29.6660781090454,1.11942411672064,FALSE,0
"F1142","A",44122,24,0.933,0.36,2025,"N11",28.54,28.5246695834119,26.5613531865653,0.0153304165880854,FALSE,0
"F1143","E",98054,12,0.894,0.294,2026,"N29",31.59,29.2028865348877,27.2387836774071,2.38711346511227,FALSE,0
"F1144","D",258751,12,0.961,0.709,2025,"N40",30.65,32.1561897562428,30.19146320052,-1.5061897562428,FALSE,3897.28105617582
"F1145","A",174688,12,1,0.286,2026,"N29",30.06,30.3340678411068,28.3696586811769,-0.274067841106774,FALSE,478.763630272601
"F1146","B",97027,36,0.92,0.426,2025,"N07",28.37,30.2371510019805,28.2734836173095,-1.86715100198048,FALSE,1811.6406026916
"F1147","A",254225,36,0.978,0.179,2024,"N19",31.51,31.1723795886234,29.2078955699917,0.337620411376562,FALSE,0
"F1148","B",160624,12,1,0.384,2026,"N15",30.92,30.4984004258289,28.5339631729912,0.421599574171122,FALSE,0
"F1149","A",166561,24,1,0.572,2025,"N17",32.51,31.3760933848241,29.412023667111,1.13390661517587,FALSE,0
"F1150","B",108677,12,0.961,0.285,2024,"N07",28.68,29.5685645790155,27.6046370744574,-0.888564579015515,FALSE,965.665327536692
"F1151","D",320694,24,0.886,0.09,2025,"N05",28.74,30.8831759118363,28.9185951833796,-2.14317591183633,TRUE,6873.03655870439
"F1152","B",358730,36,0.922,0.392,2024,"N23",33.61,32.2402512424584,30.2762019280369,1.36974875754164,FALSE,0
"F1153","D",51280,36,1,0.503,2026,"N40",29.55,29.5401589316592,27.5756500274417,0.00984106834082965,FALSE,0
"F1154","B",200782,12,0.879,0.379,2026,"N06",29.61,30.612755324753,28.6483374288041,-1.00275532475295,FALSE,2013.35219614548
"F1155","C",174763,24,1,0.321,2024,"N01",31.43,30.8371697272431,28.8732854548195,0.592830272756881,FALSE,0
"F1156","D",237081,36,0.955,0.266,2025,"N10",32.56,31.2903258971874,29.3263854752908,1.26967410281258,FALSE,0
"F1157","C",45738,24,0.965,0.474,2025,"N19",28.55,29.0534464876625,27.0899957101398,-0.503446487662462,FALSE,230.266354527057
"F1158","D",26290,24,0.951,0.584,2025,"N18",29.88,28.3875705438803,26.423722343735,1.49242945611967,FALSE,0
"F1159","E",85017,36,0.899,0.611,2026,"N29",32.16,30.4063680197842,28.4420352022327,1.75363198021576,FALSE,0
"F1160","A",394197,24,1,0.534,2026,"N39",32.86,32.601033117759,30.6367231553585,0.258966882241047,FALSE,0
"F1161","B",33173,24,0.875,0.729,2024,"N23",28.69,29.0184736090406,27.0535254695688,-0.328473609040611,FALSE,108.964550327042
"F1162","D",349098,12,0.933,0.347,2025,"N19",30.14,31.5651561007353,29.6011421227742,-1.42515610073526,FALSE,4975.19144454477
"F1163","B",113659,36,0.871,0.084,2026,"N02",30.21,29.3876734003272,27.4224960997219,0.822326599672778,FALSE,0
"F1164","D",136595,24,0.958,0.768,2024,"N30",32.61,31.5582499968121,29.594020737111,1.05175000318793,FALSE,0
"F1165","D",138942,12,0.965,0.058,2024,"N33",31.15,29.3367970932485,27.3722564179915,1.81320290675147,FALSE,0
"F1166","C",73888,12,0.811,0.373,2026,"N24",28.32,28.93211333872,26.9656974181428,-0.612113338719951,FALSE,452.278303713397
"F1167","A",84182,12,0.961,0.589,2025,"N39",29.27,29.9910527598623,28.027115288995,-0.721052759862282,FALSE,606.996634307266
"F1168","A",234159,12,0.932,0.389,2026,"N24",29.73,30.9643741283057,29.0006111887329,-1.23437412830569,FALSE,2890.39811509931
"F1169","D",677875,36,0.98,0.189,2024,"N22",32.15,32.8042647126782,30.8393475272422,-0.654264712678156,FALSE,4435.09692106705
"F1170","D",138798,36,0.94,0.661,2024,"N21",30.62,31.5145688238522,29.5504765706876,-0.894568823852214,FALSE,1241.6436361304
"F1171","B",186547,36,0.889,0.31,2024,"N07",31.45,30.8994871025787,28.9353268424108,0.550512897421317,FALSE,0
"F1172","D",41702,36,0.94,0.32,2026,"N16",27.24,28.5807117526459,26.6168465815559,-1.34071175264588,FALSE,559.103615088385
"F1173","A",96243,36,0.906,0.264,2024,"N21",31.21,29.7186825756803,27.7547315185815,1.49131742431967,FALSE,0
"F1174","A",390755,36,0.978,0.802,2025,"N15",34.55,33.613064878762,31.6474829280498,0.936935121237966,FALSE,0
"F1175","C",412049,12,1,0.296,2024,"N27",31.37,31.8755303369586,29.910702982953,-0.505530336958572,FALSE,2083.03269813442
"F1176","B",80922,12,1,0.3,2024,"N27",29.51,29.2120978911643,27.247668437787,0.297902108835714,FALSE,0
"F1177","A",105134,12,0.932,0.375,2026,"N22",26.44,29.6419692019615,27.6783414088556,-3.20196920196148,TRUE,3366.35830079019
"F1178","D",67104,24,0.893,0.083,2026,"N24",28.13,28.3218611616617,26.3575757901299,-0.191861161661716,FALSE,128.746513921478
"F1179","C",40676,12,0.936,0.184,2025,"N22",27.96,27.7295478828387,25.7652572121974,0.230452117161267,FALSE,0
"F1180","D",201867,24,1,0.793,2026,"N13",31.48,32.2855392870237,30.3204229675851,-0.80553928702366,FALSE,1626.11799253605
"F1181","C",67397,24,0.957,0.241,2026,"N32",29.99,28.955742449201,26.99224345259,1.03425755079901,FALSE,0
"F1182","A",652922,12,0.999,0.483,2026,"N17",32.04,32.9986250270413,31.0336499590328,-0.958625027041293,FALSE,6259.07369905855
"F1183","E",8376,12,0.935,0.396,2025,"N29",26.11,25.6742159039138,23.7090836466102,0.435784096086206,FALSE,0
"F1184","B",12911,24,0.941,0.635,2024,"N06",27.27,27.3672243407698,25.4026804397593,-0.0972243407697846,FALSE,12.5526346367869
"F1185","A",23308,12,0.957,0.448,2025,"N21",27.53,27.5294432408073,25.565310258533,0.000556759192669176,FALSE,0
"F1186","A",108223,24,0.984,0.348,2025,"N06",31.93,30.0251067485845,28.0615716456178,1.90489325141552,FALSE,0
"F1187","D",82788,36,1,0.74,2026,"N13",30.25,30.9740052413808,29.008744414459,-0.724005241380777,FALSE,599.389459234317
"F1188","E",39557,24,1,0.35,2024,"N03",28.73,28.4205957269096,26.4564977281774,0.309404273090376,FALSE,0
"F1189","B",2329,12,0.931,0.766,2024,"N40",24.49,24.707435838516,22.7396363984856,-0.217435838515982,FALSE,5.06408067903722
"F1190","D",123123,24,0.96,0.244,2026,"N29",29.8,29.8739146517674,27.9105163246854,-0.0739146517673497,FALSE,91.005936695514
"F1191","D",14521,12,0.913,0.172,2024,"N07",27.97,25.940283961051,23.9755216024978,2.02971603894896,FALSE,0
"F1192","B",517737,36,0.988,0.402,2025,"N26",31.71,32.9814072449775,31.0167200223123,-1.2714072449775,FALSE,6582.54572792917
"F1193","B",116656,24,0.972,0.485,2026,"N04",30.94,30.4825360902255,28.5190315819554,0.457463909774507,FALSE,0
"F1194","C",41377,12,0.929,0.632,2024,"N40",29.95,29.0031696449434,27.0389396510461,0.946830355056601,FALSE,0
"F1195","A",72430,12,0.949,0.613,2024,"N10",29.29,29.7947118796771,27.8307955819062,-0.504711879677053,FALSE,365.56281445009
"F1196","D",659977,12,0.923,0.65,2024,"N15",34.36,33.4184221482475,31.4534678335107,0.941577851752498,FALSE,0
"F1197","E",65476,36,0.921,0.377,2024,"N14",28.37,29.4199816467229,27.4561582957197,-1.04998164672289,FALSE,687.485983008278
"F1198","C",25554,36,1,0.598,2025,"N32",28.91,28.8013048932175,26.8362841991515,0.108695106782505,FALSE,0
"F1199","A",4678,36,0.939,0.102,2024,"N11",24.89,24.4806901185622,22.5141967983836,0.409309881437771,FALSE,0
"F1200","A",80048,36,0.905,0.277,2024,"N36",28.65,29.4581260200109,27.4941790772699,-0.808126020010864,FALSE,646.888716498296
"F1201","A",39419,24,0.885,0.189,2025,"N18",29.35,27.7723656509619,25.8082174370112,1.57763434903812,FALSE,0
"F1202","D",379799,36,0.9,0.281,2024,"N26",32.72,31.9832218167677,30.0190051903027,0.736778183232296,FALSE,0
"F1203","B",116745,36,0.893,0.132,2024,"N05",29.46,29.6555939672356,27.6910748364273,-0.195593967235631,FALSE,228.346177049237
"F1204","D",351097,24,0.982,0.26,2025,"N13",29.68,31.6881026205237,29.7241570896272,-2.00810262052368,TRUE,7050.38805758001
"F1205","A",58994,36,0.904,0.045,2025,"N07",29.2,28.3150858567464,26.3501411062052,0.884914143253553,FALSE,0
"F1206","A",35823,36,0.951,0.486,2025,"N30",28.32,28.8448186367266,26.8807746567558,-0.524818636726614,FALSE,188.005780234575
"F1207","A",302749,12,0.945,0.056,2024,"N25",30.08,30.5126643398878,28.5478336309084,-0.432664339887758,FALSE,1309.88696236679
"F1208","E",80908,36,0.967,0.182,2025,"N35",30.09,29.298059487414,27.3337165400427,0.791940512586002,FALSE,0
"F1209","A",41217,12,0.885,0.782,2026,"N20",28.3,29.197038820865,27.2317060380208,-0.897038820864992,FALSE,369.732490795924
"F1210","C",87463,24,0.908,0.328,2026,"N15",27.82,29.5251499063579,27.5617809391351,-1.70514990635794,FALSE,1491.37526259784
"F1211","A",326158,12,0.981,0.753,2025,"N10",33.53,32.6601745297675,30.6950387368526,0.86982547023247,FALSE,0
"F1212","C",46161,12,0.973,0.613,2026,"N18",30.05,29.1600007001891,27.1957544024925,0.88999929981091,FALSE,0
"F1213","C",998914,12,0.904,0.277,2025,"N16",32.98,33.0593515603678,31.09414581519,-0.0793515603678046,FALSE,792.653845732451
"F1214","D",180721,36,1,0.434,2024,"N32",29.1,31.412808453933,29.4485886326774,-2.31280845393297,TRUE,4179.7305660322
"F1215","C",23859,24,0.954,0.329,2026,"N01",26.79,27.5336737168237,25.5699316009865,-0.743673716823675,FALSE,177.433112096961
"F1216","E",27058,24,0.935,0.334,2024,"N16",23.74,27.6440535978492,25.6804095505183,-3.90405359784919,TRUE,1056.35882250603
"F1217","E",92022,12,0.951,0.32,2024,"N03",29.17,29.3305750327528,27.3667633099303,-0.160575032752828,FALSE,147.764356639807
"F1218","C",65738,36,0.89,0.188,2024,"N16",28.95,28.9539072349997,26.9894457838252,-0.00390723499968715,FALSE,2.56853814409434
"F1219","C",63195,12,0.953,0.164,2026,"N31",28.07,28.362881672997,26.3986251337204,-0.292881672996966,FALSE,185.086573250433
"F1220","B",83696,12,0.947,0.497,2024,"N24",28.22,29.7196596889635,27.7558277983103,-1.49965968896349,FALSE,1255.15517327488
"F1221","D",135184,36,1,0.463,2024,"N23",30.65,31.0291837194235,29.0649938327622,-0.379183719423509,FALSE,512.595719265476
"F1222","C",73410,24,0.922,0.306,2024,"N05",27.2,29.2575269750912,27.2941960555204,-2.05752697509123,TRUE,1510.43055241447
"F1223","E",52413,36,0.942,0.419,2026,"N26",28.38,29.1729279641572,27.2090368707569,-0.792927964157194,FALSE,415.59733385371
"F1224","E",10479,36,0.856,0.551,2025,"N28",26.61,26.8505821844439,24.8844391192058,-0.24058218444388,FALSE,25.2106071078742
"F1225","A",692364,24,0.867,0.458,2024,"N25",31.82,33.0863429546437,31.1215633232219,-1.26634295464371,FALSE,8767.70273448939
"F1226","D",114628,24,0.93,0.684,2026,"N12",33.74,30.9397437736715,28.97596181733,2.80025622632855,FALSE,0
"F1227","B",193186,36,1,0.389,2026,"N10",31.66,31.3394823975673,29.3749979955198,0.320517602432677,FALSE,0
"F1228","C",122668,36,0.913,0.386,2025,"N16",31.93,30.5538777581856,28.5901797481911,1.3761222418144,FALSE,0
"F1229","B",450386,36,0.971,0.142,2024,"N22",30.86,31.9946680314892,30.0297982264889,-1.13466803148915,FALSE,5110.38596030273
"F1230","C",102536,36,0.941,0.211,2024,"N29",27.68,29.8274205895055,27.8634738974109,-2.14742058950551,TRUE,2201.87917565537
"F1231","C",434740,36,0.965,0.408,2024,"N24",30.47,32.7413273558099,30.7771493553179,-2.27132735580994,TRUE,9874.36854664815
"F1232","C",50803,12,0.995,0.395,2026,"N20",27.83,28.7422186606532,26.7779709323363,-0.912218660653188,FALSE,463.434446171639
"F1233","B",75161,24,0.929,0.083,2025,"N18",26.71,28.614969020404,26.6509760722212,-1.90496902040399,FALSE,1431.79376542584
"F1234","E",187630,12,0.954,0.226,2024,"N36",30.36,30.2134730483097,28.2493641555331,0.146526951690273,FALSE,0
"F1235","B",200065,12,0.932,0.62,2024,"N10",29.86,31.4334012204424,29.4691251577508,-1.57340122044239,FALSE,3147.82515167806
"F1236","E",410195,24,0.843,0.533,2024,"N27",34.33,32.3853594875859,30.420040628247,1.94464051241413,FALSE,0
"F1237","A",50214,36,0.963,0.336,2024,"N15",28.97,28.9866737793958,27.0227730620127,-0.0166737793957523,FALSE,8.37257158578307
"F1238","B",172711,36,0.945,0.575,2026,"N17",31.47,31.5788138092839,29.6148052966103,-0.108813809283948,FALSE,187.933418152399
"F1239","A",53364,12,0.94,0.694,2025,"N12",29.11,29.516143841829,27.5518232784026,-0.406143841829028,FALSE,216.734599753642
"F1240","A",18388,12,0.984,0.226,2024,"N32",27.78,26.5762928341397,24.6115592283249,1.20370716586026,FALSE,0
"F1241","E",318695,24,0.92,0.547,2025,"N10",30.67,32.1663118572118,30.2025041208155,-1.49631185721181,FALSE,4768.67107334119
"F1242","A",91128,24,1,0.228,2025,"N04",30.4,29.442515740183,27.4784573084622,0.957484259816972,FALSE,0
"F1243","B",30810,36,0.937,0.739,2025,"N33",29.24,29.3114166606601,27.3465086872603,-0.0714166606600593,FALSE,22.0034731493643
"F1244","B",40314,12,0.897,0.432,2024,"N30",28.49,28.2717760246562,26.3075974613282,0.218223975343829,FALSE,0
"F1245","C",183839,24,0.959,0.469,2024,"N35",31.03,31.2567955174602,29.2934738433892,-0.226795517460207,FALSE,416.93861134367
"F1246","C",98545,36,1,0.319,2024,"N21",29.56,30.1792119502181,28.2149112255062,-0.61921195021807,FALSE,610.202416342397
"F1247","D",86125,12,0.911,0.248,2025,"N10",28.28,29.0026670404291,27.0387534606126,-0.722667040429101,FALSE,622.396988569564
"F1248","D",215126,24,0.949,0.354,2024,"N38",32.04,31.1048807097732,29.1416974325657,0.935119290226844,FALSE,0
"F1249","E",94361,12,0.859,0.306,2026,"N18",29.08,29.1088367478631,27.1440546412439,-0.0288367478630747,FALSE,27.2106436510759
"F1250","D",11628,24,1,0.189,2025,"N05",24.84,26.062685359392,24.0975539752807,-1.22268535939205,FALSE,142.173853590107
"F1251","B",262897,24,0.887,0.323,2025,"N08",32.66,31.2165096773021,29.2527037018746,1.44349032269793,FALSE,0
"F1252","C",55199,24,0.886,0.44,2024,"N07",30.11,29.1093068469807,27.1455926642831,1.00069315301932,FALSE,0
"F1253","B",63038,24,0.932,0.3,2026,"N26",30.15,28.9004285033863,26.9370568662651,1.24957149661368,FALSE,0
"F1254","E",5640,24,0.9,0.407,2025,"N19",24.03,25.2709114993665,23.3055606711913,-1.24091149936654,FALSE,69.987408564273
"F1255","B",2053,36,0.932,0.391,2026,"N29",23.13,23.9357882284721,21.968634012013,-0.805788228472135,FALSE,16.5428323305329
"F1256","A",102030,12,0.882,0.203,2024,"N08",29.05,29.0640069327008,27.0995639798854,-0.0140069327008199,FALSE,14.2912734346465
"F1257","B",55624,12,0.913,0.549,2026,"N12",29.68,29.0984739098958,27.134397549088,0.581526090104244,FALSE,0
"F1258","C",96328,12,0.949,0.438,2025,"N36",31.78,29.849696650018,27.8860050137071,1.93030334998197,FALSE,0
"F1259","E",134686,24,0.991,0.574,2024,"N16",30.48,30.9964830176592,29.0324560696129,-0.516483017659183,FALSE,695.630317164448
"F1260","E",278939,24,0.895,0.256,2024,"N39",30.89,31.0870651945295,29.1231240382725,-0.197065194529479,FALSE,549.691682968583
"F1261","D",468675,12,0.865,0.286,2026,"N36",33.29,31.6882734431421,29.7231195015111,1.60172655685787,FALSE,0
"F1262","D",411224,24,0.915,0.356,2024,"N28",30.4,32.0842539314954,30.1206626346891,-1.68425393149543,FALSE,6926.05638725278
"F1263","E",30103,36,0.946,0.574,2026,"N28",28.05,28.7278420165631,26.763435524566,-0.67784201656313,FALSE,204.050782245999
"F1264","C",38451,36,0.927,0.359,2026,"N26",29.9,28.5971488599623,26.6332404346758,1.30285114003771,FALSE,0
"F1265","E",112463,24,0.954,0.732,2026,"N18",31.39,31.0333863387322,29.0691918143328,0.356613661267843,FALSE,0
"F1266","D",523614,24,0.912,0.251,2025,"N32",31.69,32.1706540343306,30.2066647040514,-0.480654034330566,FALSE,2516.77181531965
"F1267","A",372850,12,0.95,0.749,2025,"N17",30.68,32.8045976112999,30.8397028179783,-2.12459761129987,TRUE,7921.56219373156
"F1268","A",53339,12,0.996,0.102,2024,"N09",28.13,27.956675882639,25.9917995611762,0.173324117361002,FALSE,0
"F1269","A",24004,12,0.889,0.46,2024,"N29",29.66,27.4813729879341,25.5169570122859,2.17862701206593,FALSE,0
"F1270","D",139137,36,0.93,0.117,2026,"N17",30.93,29.9215554796821,27.9572857249417,1.00844452031791,FALSE,0
"F1271","C",79206,24,0.94,0.201,2025,"N17",28.87,29.1183170018817,27.1547796694869,-0.248317001881734,FALSE,196.681964510446
"F1272","C",220988,12,0.918,0.672,2024,"N09",32.23,31.7792101899311,29.8147648308996,0.450789810068887,FALSE,0
"F1273","C",255681,24,0.909,0.34,2026,"N01",32.09,31.2795611487243,29.3160614277766,0.81043885127573,FALSE,0
"F1274","E",146645,24,0.816,0.022,2024,"N13",28.82,29.2492773844601,27.2824662340928,-0.429277384460079,FALSE,629.513820441483
"F1275","A",34999,12,0.905,0.063,2025,"N27",27.74,26.9997701640723,25.0348195988794,0.74022983592765,FALSE,0
"F1276","A",23740,36,0.94,0.911,2025,"N27",30.08,29.3597991966496,27.3935655895664,0.720200803350352,FALSE,0
"F1277","E",72041,24,0.945,0.626,2025,"N15",29.63,30.0532161647166,28.0894251899327,-0.423216164716575,FALSE,304.889157223468
"F1278","B",176723,36,1,0.778,2024,"N06",33.49,32.3389252728651,30.373341846763,1.15107472713489,FALSE,0
"F1279","C",92816,12,0.87,0.488,2025,"N40",29.13,29.7811756321629,27.8166889724358,-0.651175632162861,FALSE,604.395174748281
"F1280","E",231019,36,0.85,0.24,2026,"N03",32.82,30.8721052429905,28.9068670237187,1.94789475700953,FALSE,0
"F1281","B",62159,12,0.939,0.118,2025,"N06",27.53,28.1623592401758,26.1979777825562,-0.632359240175767,FALSE,393.068180100855
"F1282","B",367662,12,0.915,0.179,2026,"N10",33.33,31.0878558525436,29.1232397778842,2.24214414745643,FALSE,0
"F1283","A",152011,36,0.963,0.341,2024,"N35",30.88,30.7754899399923,28.8116855274506,0.104510060007669,FALSE,0
"F1284","D",69353,12,0.9,0.403,2025,"N04",29.11,29.0706306510146,27.1067511427703,0.0393693489853675,FALSE,0
"F1285","E",42781,36,0.885,0.228,2026,"N08",29.77,28.2025815114526,26.2380085624457,1.56741848854745,FALSE,0
"F1286","E",86050,36,0.931,0.619,2024,"N02",29.54,30.5571812536222,28.5930071042306,-1.0171812536222,FALSE,875.284468741901
"F1287","D",112068,36,0.913,0.251,2025,"N01",31.3,29.9680397952648,28.0042026978479,1.33196020473521,FALSE,0
"F1288","C",657177,12,0.985,0.376,2026,"N12",33.23,32.7716589472494,30.8069271542302,0.458341052750569,FALSE,0
"F1289","C",113751,12,0.907,0.72,2026,"N40",30.85,30.7809151362679,28.8164063412671,0.069084863732126,FALSE,0
"F1290","C",224658,12,0.92,0.309,2024,"N19",29.94,30.7887074221452,28.8246819682854,-0.84870742214521,FALSE,1906.68912044299
"F1291","D",8946,36,0.928,0.096,2026,"N01",27.22,25.461830286958,23.4961242332679,1.75816971304195,FALSE,0
"F1292","C",327622,12,0.887,0.233,2024,"N01",32.41,31.1170264008893,29.1522259422298,1.29297359911069,FALSE,0
"F1293","D",93426,36,0.847,0.453,2024,"N10",28,30.1193448886639,28.1544983590169,-2.11934488866395,TRUE,1980.01915568318
"F1294","B",34461,24,0.934,0.513,2026,"N04",30.32,28.5355176059126,26.5719241107959,1.78448239408742,FALSE,0
"F1295","E",6976,12,0.938,0.675,2025,"N38",27.79,26.1713772752205,24.2053925880273,1.61862272477945,FALSE,0
"F1296","C",37442,12,0.897,0.697,2025,"N09",28.45,28.9654056678383,27.0006200151722,-0.515405667838316,FALSE,192.978190152022
"F1297","C",697190,36,0.934,0.251,2024,"N40",32.93,32.9979415943007,31.0333033999772,-0.0679415943006987,FALSE,473.682001305041
"F1298","D",272395,36,0.882,0.447,2026,"N32",32.08,31.834945325474,29.8706362792106,0.245054674526042,FALSE,0
"F1299","E",261818,36,0.936,0.752,2026,"N31",34.37,32.6751258053306,30.7101993458306,1.69487419466942,FALSE,0
"F1300","C",57803,24,0.904,0.665,2025,"N13",30.78,29.8500871277893,27.8861966356732,0.929912872210711,FALSE,0
"F1301","E",211071,24,0.876,0.613,2024,"N14",28.91,31.6081838265099,29.6437992974226,-2.69818382650985,TRUE,5695.08358445261
"F1302","B",211043,36,0.967,0.472,2024,"N17",31.63,31.7003926392722,29.7364071517303,-0.0703926392721712,FALSE,148.558737699168
"F1303","C",151407,24,1,0.422,2026,"N13",32.4,30.8429312497731,28.8791593567692,1.55706875022691,FALSE,0
"F1304","B",33833,36,0.941,0.732,2026,"N34",30.96,29.4007209062869,27.4358439101823,1.55927909371306,FALSE,0
"F1305","A",49437,12,0.966,0.39,2024,"N33",29.58,28.5879406198548,26.6241798398803,0.992059380145204,FALSE,0
"F1306","A",70300,36,1,0.644,2024,"N30",31.33,30.4618955071872,28.4971119472548,0.868104492812805,FALSE,0
"F1307","C",3661306,36,0.962,0.46,2024,"N28",37.8,36.2960352495963,34.3295207009958,1.5039647504037,FALSE,0
"F1308","A",9715,36,1,0.264,2024,"N04",26.07,26.2224850748226,24.2567912031079,-0.152485074822646,FALSE,14.8139250190201
"F1309","D",711588,12,0.932,0.529,2024,"N27",32.35,33.2158804849648,31.2512742150144,-0.865880484964769,FALSE,6161.5016253511
"F1310","E",527621,36,0.9,0.224,2024,"N40",34.38,32.2934545132472,30.3286766290049,2.08654548675285,FALSE,0
"F1311","C",131110,36,1,0.729,2024,"N30",31.21,31.7895311801373,29.8244963408597,-0.579531180137291,FALSE,759.823330278002
"F1312","B",265774,36,0.86,0.386,2024,"N19",30.7,31.6254109701659,29.6606012302008,-0.92541097016591,FALSE,2459.50175184874
"F1313","D",155652,12,0.87,0.162,2026,"N32",28.4,29.5829156746781,27.6180227412514,-1.1829156746781,FALSE,1841.23190594995
"F1314","D",195404,36,0.968,0.574,2025,"N22",31.08,31.8712050183622,29.9070659291515,-0.791205018362177,FALSE,1546.04625408043
"F1315","D",50174,12,0.95,0.13,2025,"N21",26.29,27.8790275877558,25.9147384933213,-1.58902758775582,FALSE,797.278701880606
"F1316","D",9710,24,0.88,0.516,2026,"N09",27.12,26.4175456704366,24.4525601827404,0.702454329563437,FALSE,0
"F1317","B",2464222,12,0.988,0.416,2026,"N06",34.5,34.9407707546299,32.9743411415152,-0.440770754629924,FALSE,10861.5699051566
"F1318","B",806513,36,0.942,0.284,2025,"N27",31.27,33.272718400417,31.3080527193418,-2.00271840041703,TRUE,16152.1842527554
"F1319","B",19084,36,0.913,0.798,2025,"N35",28.6,28.6644215357478,26.6987990997685,-0.0644215357478011,FALSE,12.2942058821104
"F1320","B",387952,12,0.943,0.286,2026,"N18",31.79,31.5278117799694,29.5635412256902,0.262188220030609,FALSE,0
"F1321","E",62137,36,0.936,0.798,2024,"N09",29.64,30.5482869464362,28.5831552615105,-0.908286946436217,FALSE,564.382259907072
"F1322","D",174373,12,0.905,0.193,2024,"N30",29.74,29.9667063206283,28.0025668845298,-0.226706320628288,FALSE,395.314612469165
"F1323","C",29328,12,0.945,0.334,2025,"N32",27.86,27.6442771905649,25.6802091035678,0.215722809435078,FALSE,0
"F1324","C",28216,36,0.9,0.249,2025,"N10",28.14,27.7893910087947,25.8249532422817,0.350608991205345,FALSE,0
"F1325","C",925282,24,0.955,0.367,2025,"N20",34.32,33.5519375675984,31.5876759827311,0.768062432401621,FALSE,0
"F1326","D",57888,12,1,0.47,2026,"N11",32.03,29.1103127874327,27.1459953681372,2.91968721256728,FALSE,0
"F1327","D",90155,12,0.98,0.49,2026,"N21",31.81,29.8385066898017,27.8745602485139,1.9714933101983,FALSE,0
"F1328","C",230890,12,0.958,0.437,2025,"N20",32.56,31.2646023932192,29.3007170755445,1.2953976067808,FALSE,0
"F1329","B",583291,12,0.94,0.352,2026,"N32",31.33,32.3611242769009,30.3966654534691,-1.03112427690088,FALSE,6014.45510597793
"F1330","C",56271,12,1,0.301,2024,"N13",27.43,28.6995361196807,26.735124824263,-1.2695361196807,FALSE,714.380669905529
"F1331","C",208930,12,0.918,0.07,2024,"N06",30.03,29.9966086057034,28.0317166121514,0.0333913942966504,FALSE,0
"F1332","D",248805,12,0.877,0.346,2026,"N38",33.03,30.8650813132548,28.9006301954009,2.16491868674519,FALSE,0
"F1333","A",49375,36,0.964,0.499,2026,"N07",30.03,29.3715231076358,27.4074329764365,0.658476892364217,FALSE,0
"F1334","C",50307,36,0.931,0.704,2024,"N34",28.73,30.0537796020322,28.0893839208168,-1.32377960203223,FALSE,665.953804394353
"F1335","D",208175,24,0.955,0.105,2026,"N18",28.63,30.3151107154201,28.3511454353365,-1.68511071542008,FALSE,3507.97923182575
"F1336","A",87032,12,0.907,0.668,2024,"N25",29.78,30.1640881706234,28.1998266921685,-0.384088170623389,FALSE,334.279616656948
"F1337","D",654181,24,0.839,0.662,2025,"N06",33.92,33.5447741997312,31.5787537535994,0.375225800268787,FALSE,0
"F1338","C",11785,24,0.942,0.245,2024,"N17",25.71,26.1930551381015,24.2286623658926,-0.483055138101488,FALSE,56.9280480252603
"F1339","D",186551,36,0.997,0.089,2024,"N04",31.42,30.4879311566736,28.5230629697321,0.932068843326366,FALSE,0
"F1340","E",83639,12,0.87,0.432,2026,"N07",31.19,29.2906920663377,27.3262303019001,1.89930793366231,FALSE,0
"F1341","E",19083,24,0.956,0.123,2026,"N35",27.95,26.4826969500046,24.5181452323821,1.46730304999535,FALSE,0
"F1342","D",87824,24,0.98,0.356,2024,"N35",31.07,29.7337558386623,27.7704627388919,1.33624416133773,FALSE,0
"F1343","C",18327,36,0.949,0.281,2024,"N30",28.15,27.2806020988491,25.3161700188319,0.869397901150887,FALSE,0
"F1344","B",67147,36,1,0.264,2025,"N23",29.06,29.3433373211201,27.3787912469742,-0.283337321120072,FALSE,190.252511012495
"F1345","C",366929,24,0.945,0.439,2026,"N04",31.23,32.2049038153467,30.2414333764192,-0.974903815346682,FALSE,3577.20482061343
"F1346","C",43238,24,0.854,0.11,2026,"N39",27.31,27.681138475082,25.7158549148998,-0.371138475082017,FALSE,160.472853855962
"F1347","B",206693,24,0.875,0.411,2024,"N27",30.21,31.0556491774147,29.0916726766242,-0.845649177414671,FALSE,1747.89765427371
"F1348","A",143106,36,0.869,0.049,2026,"N03",28.42,29.6313441373577,27.6658009558177,-1.21134413735771,FALSE,1733.50614120712
"F1349","B",55633,24,0.973,0.186,2025,"N08",28.24,28.5058591396958,26.542007333678,-0.26585913969582,FALSE,147.905415186976
"F1350","D",71926,12,0.938,0.275,2024,"N20",27.7,28.8408665037114,26.8772308514093,-1.14086650371136,FALSE,820.579641459436
"F1351","D",129175,36,0.959,0.473,2024,"N03",28.62,30.9068067083355,28.9431769005716,-2.2868067083355,TRUE,2953.98256549239
"F1352","B",147228,36,0.921,0.348,2026,"N38",29.51,30.6393060180708,28.6755304464557,-1.12930601807079,FALSE,1662.65466428526
"F1353","B",55094,24,0.872,0.353,2025,"N14",26.28,28.7685653460485,26.8046501314193,-2.4885653460485,TRUE,1371.05019175196
"F1354","C",83258,12,0.946,0.403,2024,"N20",27.59,29.5117863609126,27.5480906167349,-1.92178636091263,FALSE,1600.04088836864
"F1355","C",252105,24,0.974,0.332,2026,"N38",31.68,31.3575897581247,29.3940309335572,0.322410241875339,FALSE,0
"F1356","E",30629,36,0.985,0.164,2024,"N09",25.97,27.7249851201915,25.7601207663905,-1.75498512019155,FALSE,537.534392463469
"F1357","D",24677,36,0.919,0.475,2026,"N27",29.06,28.1361188461644,26.1719317015854,0.923881153835588,FALSE,0
"F1358","D",146043,12,1,0.52,2024,"N16",30.46,30.781989491711,28.8177164023711,-0.321989491711019,FALSE,470.243113379523
"F1359","B",174947,24,0.95,0.342,2024,"N10",31.05,30.7364822705361,28.7731446221137,0.313517729463896,FALSE,0
"F1360","E",6455,24,0.933,0.522,2025,"N17",25.32,25.872985223816,23.907852146091,-0.552985223816044,FALSE,35.6951961973257
"F1361","A",114030,24,1,0.456,2026,"N21",29.77,30.3942738859592,28.4304241074359,-0.624273885959237,FALSE,711.859512159318
"F1362","A",523532,36,0.946,0.183,2024,"N26",31.44,32.2804766514399,30.3158660420789,-0.840476651439904,FALSE,4400.16422281636
"F1363","D",270250,12,0.925,0.119,2024,"N12",31.27,30.4985441559145,28.5341241476018,0.77145584408547,FALSE,0
"F1364","B",65673,24,0.973,0.85,2024,"N35",31.06,30.638538618374,28.673439896166,0.421461381626017,FALSE,0
"F1365","D",157994,12,0.983,0.292,2025,"N36",31.2,30.2349186343461,28.2708286809709,0.965081365653869,FALSE,0
"F1366","C",14364,12,0.944,0.217,2025,"N29",26.69,26.1697257543979,24.2048950649142,0.520274245602074,FALSE,0
"F1367","E",214169,24,0.938,0.595,2026,"N24",33.37,31.6499583262244,29.6862975116485,1.72004167377558,FALSE,0
"F1368","A",143489,36,0.855,0.388,2024,"N15",30.32,30.6106820378536,28.6459287733976,-0.290682037853578,FALSE,417.096749295721
"F1369","A",282960,36,0.947,0.213,2025,"N16",31.79,31.3810394823021,29.416859353525,0.408960517697899,FALSE,0
"F1370","C",84188,36,0.86,0.312,2024,"N19",31.13,29.6421172274735,27.6773974980015,1.48788277252645,FALSE,0
"F1371","E",223406,24,0.868,0.903,2026,"N07",33.49,32.4510877324264,30.4849580940087,1.0389122675736,FALSE,0
"F1372","B",60236,12,0.938,0.368,2026,"N13",26.9,28.7645099366571,26.8007031262611,-1.86450993665711,FALSE,1123.10620544478
"F1373","E",366283,12,0.891,0.477,2025,"N16",31.56,31.8719279010444,29.9073727918457,-0.311927901044395,FALSE,1142.53887378244
"F1374","C",174250,12,0.89,0.438,2025,"N33",30.75,30.6876825726032,28.7235474121877,0.0623174273968026,FALSE,0
"F1375","A",12082,36,0.905,0.81,2025,"N02",26.22,27.9273428884941,25.9611633498731,-1.70734288849414,FALSE,206.281167787862
"F1376","A",14174,24,0.923,0.551,2024,"N21",27.79,27.2232122777347,25.259063353002,0.5667877222653,FALSE,0
"F1377","C",191911,24,0.939,0.418,2026,"N38",32.91,31.0960022998729,29.1327972562555,1.81399770012715,FALSE,0
"F1378","D",325935,36,0.884,0.529,2026,"N04",32.07,32.3568193437579,30.3923482223565,-0.286819343757877,FALSE,934.844628077236
"F1379","A",462329,12,0.959,0.395,2025,"N02",33.04,32.1709163943085,30.2067635136334,0.869083605691472,FALSE,0
"F1380","B",55564,24,0.984,0.294,2025,"N27",29.39,28.8283751043114,26.8646322581424,0.561624895688645,FALSE,0
"F1381","C",131303,36,0.947,0.29,2026,"N08",31.3,30.4087750911094,28.4450068955141,0.891224908890639,FALSE,0
"F1382","B",70742,24,0.917,0.522,2025,"N08",28.59,29.729536206623,27.7661540255271,-1.13953620662302,FALSE,806.13070328926
"F1383","E",46761,24,0.935,0.33,2026,"N35",30.62,28.4609656522511,26.4975424318633,2.15903434774891,FALSE,0
"F1384","A",77041,12,0.968,0.242,2025,"N20",28.67,28.8865868062105,26.9226241600831,-0.216586806210458,FALSE,166.860641372599
"F1385","C",447653,36,0.905,0.644,2026,"N05",31.09,33.2898178483352,31.3252332500076,-2.19981784833519,TRUE,9847.55059260793
"F1386","B",60253,36,0.94,0.078,2024,"N29",29.02,28.5329633056525,26.5684500550814,0.487036694347523,FALSE,0
"F1387","E",868337,24,0.858,0.44,2025,"N24",33.69,33.3540738192033,31.3887902179787,0.335926180796704,FALSE,0
"F1388","A",21852,12,0.933,0.364,2025,"N20",26.17,27.144454563163,25.1803400420283,-0.974454563163015,FALSE,212.937811142382
"F1389","C",69877,12,0.946,0.703,2024,"N06",28.35,30.0745964853013,28.1102360594422,-1.72459648530132,FALSE,1205.096286034
"F1390","E",194769,36,1,0.411,2024,"N29",30.96,31.4118621728871,29.4473422900538,-0.451862172887065,FALSE,880.087435510407
"F1391","B",192603,24,1,0.145,2026,"N33",29.71,30.3829299345534,28.4184173502485,-0.672929934553363,FALSE,1296.08324184781
"F1392","E",121558,12,1,0.409,2026,"N22",29.02,30.0712590307441,28.1068990052858,-1.05125903074412,FALSE,1277.88945259193
"F1393","E",14281,24,0.891,0.119,2024,"N27",23.58,25.9323073764616,23.9673016647193,-2.35230737646165,TRUE,335.933016432488
"F1394","D",75588,24,0.906,0.251,2025,"N04",27.38,29.0581678419598,27.0947192337658,-1.67816784195981,FALSE,1268.49350838058
"F1395","B",562628,12,0.998,0.187,2024,"N31",30.91,31.9975924984218,30.0322061278667,-1.08759249842178,FALSE,6119.09992202048
"F1396","A",228667,36,0.952,0.585,2024,"N29",32.52,32.0949659268362,30.1309086675523,0.4250340731638,FALSE,0
"F1397","D",195494,24,0.906,0.406,2024,"N40",31.49,31.0163365868491,29.0530328788579,0.473663413150856,FALSE,0
"F1398","B",174899,36,0.848,0.653,2026,"N30",32.32,31.6346152651713,29.6691576362868,0.685384734828702,FALSE,0
"F1399","D",93819,12,0.967,0.377,2026,"N26",30.33,29.5599851510308,27.5962512395679,0.770014848969179,FALSE,0
"F1400","E",100230,12,0.922,0.33,2026,"N36",28.39,29.3923032057889,27.4285202795929,-1.00230320578886,FALSE,1004.60850316217
"F1401","C",52416,36,0.888,0.362,2025,"N40",28.54,29.0767005979711,27.112583243732,-0.536700597971084,FALSE,281.316985432523
"F1402","E",533297,24,0.966,0.357,2025,"N15",33.31,32.5441031061002,30.5800385685895,0.765896893899793,FALSE,0
"F1403","B",177009,12,0.95,0.183,2025,"N22",29.28,30.0427325463653,28.0785381035198,-0.762732546365264,FALSE,1350.10525299569
"F1404","A",165901,12,0.976,0.51,2026,"N08",31.08,30.835767004705,28.8718090946311,0.244232995294986,FALSE,0
"F1405","D",126549,36,0.965,0.207,2025,"N27",29.18,30.137506844598,28.1734810617917,-0.957506844597972,FALSE,1211.71533677029
"F1406","C",78061,12,0.918,0.48,2026,"N25",31.2,29.5236298917152,27.5598718975496,1.67637010828478,FALSE,0
"F1407","D",18588,12,0.885,0.141,2024,"N13",26.9,26.1957057121246,24.2306289353607,0.704294287875417,FALSE,0
"F1408","D",101402,36,0.978,0.322,2026,"N12",30.2,30.0819682810945,28.118014762223,0.118031718905531,FALSE,0
"F1409","D",46147,24,0.997,0.108,2026,"N14",29.04,27.9892002035725,26.0246963080469,1.05079979642749,FALSE,0
"F1410","C",53243,24,0.947,0.47,2024,"N21",26.35,29.2513698938461,27.2880956771223,-2.90136989384606,TRUE,1544.77637258046
"F1411","A",131189,36,0.924,0.462,2025,"N09",30.17,30.8060092746576,28.8422993575544,-0.636009274657646,FALSE,834.374207330619
"F1412","B",497043,36,0.976,0.506,2024,"N21",32.23,33.1855680619716,31.2209808278233,-0.955568061971562,FALSE,4749.58416226531
"F1413","B",30501,24,0.959,0.138,2026,"N12",27.8,27.3328555812418,25.3686513578068,0.467144418758188,FALSE,0
"F1414","B",104730,24,0.982,0.173,2024,"N18",28.77,29.4997687214611,27.5358398061421,-0.729768721461149,FALSE,764.286781986261
"F1415","A",699167,24,0.919,0.537,2024,"N09",34.02,33.4226140059826,31.4584922238042,0.597385994017444,FALSE,0
"F1416","D",23574,36,0.939,0.193,2026,"N11",26.41,27.3078025235027,25.3433462927712,-0.897802523502719,FALSE,211.647966890531
"F1417","E",195113,24,0.883,0.63,2025,"N30",31.18,31.5434596454091,29.5791881160697,-0.363459645409066,FALSE,709.15701794699
"F1418","B",61027,36,0.882,0.521,2025,"N17",29.74,29.6893870552814,27.7251474922408,0.0506129447186403,FALSE,0
"F1419","C",251692,36,0.895,0.745,2026,"N12",35.32,32.6322629217482,30.6674013170355,2.68773707825184,FALSE,0
"F1420","D",686758,12,0.945,0.218,2026,"N04",31.12,32.2607533270886,30.2960498440748,-1.14075332708862,FALSE,7834.21473404727
"F1421","E",95858,36,0.964,0.388,2024,"N04",30.46,30.1430963947231,28.1792178091039,0.31690360527686,FALSE,0
"F1422","A",337250,12,1,0.29,2025,"N11",29.45,31.4478788112428,29.4832439614746,-1.99787881124279,TRUE,6737.84629091632
"F1423","E",152456,12,0.91,0.573,2024,"N31",32.28,30.7732177340429,28.8090255994841,1.50678226595712,FALSE,0
"F1424","C",1023342,12,0.909,0.122,2024,"N23",32.83,32.6715206467557,30.7056975663759,0.158479353244289,FALSE,0
"F1425","C",1794,36,0.996,0.85,2026,"N31",26.63,25.1983726841596,23.2289254541337,1.43162731584042,FALSE,0
"F1426","E",35785,24,0.865,0.372,2025,"N40",28.06,28.0664217915903,26.1020874689056,-0.00642179159030576,FALSE,2.29803812059092
"F1427","E",92258,24,0.89,0.259,2024,"N09",29.46,29.3132758014458,27.3495142579855,0.146724198554207,FALSE,0
"F1428","A",119465,36,0.955,0.317,2026,"N37",29.12,30.2584546113216,28.2945817112477,-1.1384546113216,FALSE,1360.05480141535
"F1429","E",778071,24,0.95,0.517,2026,"N39",31.04,33.5203810390062,31.556120258664,-2.4803810390062,TRUE,19299.1255540059
"F1430","A",409369,36,0.893,0.61,2024,"N38",31.7,32.9866163879777,31.0219351526919,-1.28661638797772,FALSE,5267.00864130051
"F1431","C",67948,36,1,0.525,2026,"N21",31.03,30.1143991608318,28.1499971545019,0.915600839168192,FALSE,0
"F1432","D",19070,36,1,0.107,2025,"N30",27.08,26.8903448130902,24.924776876644,0.189655186909764,FALSE,0
"F1433","A",426177,12,0.89,0.406,2026,"N22",32.82,31.8921676104205,29.9277354765686,0.927832389579478,FALSE,0
"F1434","A",146732,24,0.902,0.315,2024,"N16",31.14,30.2646027637776,28.3011850948917,0.875397236222426,FALSE,0
"F1435","C",77297,36,0.868,0.664,2024,"N21",30.28,30.5101895801053,28.5452684953631,-0.230189580105346,FALSE,177.929639734029
"F1436","C",297852,12,0.949,0.269,2026,"N15",31.33,31.1346526193937,29.1705631469159,0.195347380606297,FALSE,0
"F1437","E",906903,36,0.929,0.676,2024,"N21",33.69,34.4871871971477,32.5217311105245,-0.797187197147714,FALSE,7229.71460654853
"F1438","A",162806,24,0.919,0.178,2024,"N20",32,30.0781383027523,28.1145039838923,1.92186169724767,FALSE,0
"F1439","B",588039,12,1,0.562,2024,"N32",35.62,33.1265822866466,31.1612504813101,2.49341771335343,FALSE,0
"F1440","C",12528,24,0.949,0.548,2024,"N38",28.28,27.1562374466053,25.1919816869003,1.12376255339466,FALSE,0
"F1441","C",302082,36,0.869,0.362,2026,"N24",31.24,31.7985124081084,29.8338936793839,-0.558512408108427,FALSE,1687.1654526621
"F1442","C",1790131,12,0.899,0.483,2026,"N19",34.83,34.5152893427703,32.5495497465879,0.314710657229746,FALSE,0
"F1443","E",467222,36,0.947,0.44,2025,"N33",33.58,32.7951944386157,30.8308732188154,0.784805561384289,FALSE,0
"F1444","A",53571,36,0.937,0.634,2025,"N05",28.48,29.8792227524758,27.9150263224489,-1.39922275247584,FALSE,749.577620728834
"F1445","E",28318,12,0.974,0.54,2026,"N40",28.21,28.056060848194,26.0916026790172,0.153939151805989,FALSE,0
"F1446","B",170868,36,0.959,0.393,2024,"N33",29.16,31.1247589826737,29.1609527838575,-1.96475898267374,TRUE,3357.14437851497
"F1447","A",39318,12,1,0.228,2025,"N03",27.38,27.8300588486524,25.8653866072289,-0.450058848652379,FALSE,176.954138113142
"F1448","C",58072,36,1,0.823,2024,"N32",32.98,30.7490344891478,28.7833891243546,2.23096551085224,FALSE,0
"F1449","C",13362,36,0.997,0.321,2024,"N24",25.47,26.977747290936,25.0125797233193,-1.50774729093599,FALSE,201.465193014867
"F1450","C",32667,36,1,0.581,2026,"N14",29.97,29.0984124033376,27.13360665306,0.871587596662401,FALSE,0
"F1451","C",209098,12,0.874,0.479,2024,"N20",31.74,31.064596890154,29.0999935399483,0.675403109845949,FALSE,0
"F1452","B",42351,24,0.928,0.267,2024,"N32",26.78,28.2111468210879,26.2476497791189,-1.43114682108795,FALSE,606.104990198956
"F1453","D",38843,12,0.968,0.503,2024,"N35",30.52,28.5516055921216,26.5877105807077,1.96839440787841,FALSE,0
"F1454","D",21326,24,1,0.411,2024,"N04",27.37,27.6584574884195,25.694341938478,-0.288457488419535,FALSE,61.5164439803501
"F1455","E",87038,24,0.898,0.823,2025,"N30",31.06,30.8211374623007,28.8561340626784,0.238862537699305,FALSE,0
"F1456","D",157122,12,1,0.361,2024,"N21",31.53,30.4520745831485,28.4879119273456,1.07792541685152,FALSE,0
"F1457","E",116388,12,0.891,0.591,2024,"N07",31.51,30.3553231735665,28.3908836576727,1.15467682643352,FALSE,0
"F1458","A",3441,12,0.945,0.393,2026,"N35",23.71,24.2386999022367,22.272505843555,-0.528699902236664,FALSE,18.1925636359636
"F1459","D",102035,36,1,0.353,2024,"N07",30.55,30.2691357638349,28.3050013171796,0.280864236165055,FALSE,0
"F1460","E",32699,24,0.92,0.623,2024,"N29",29.56,28.7316564315655,26.7676606301725,0.828343568434484,FALSE,0
"F1461","C",89072,36,0.959,0.605,2025,"N09",29.71,30.7439881436624,28.7800013346082,-1.03398814366237,FALSE,920.993919322946
"F1462","B",27028,36,0.875,0.329,2024,"N04",28.06,27.8311520155391,25.8664946222425,0.228847984460909,FALSE,0
"F1463","D",390197,12,0.951,0.172,2025,"N29",30.27,31.2855106045669,29.3210341640914,-1.01551060456694,FALSE,3962.49191370205
"F1464","D",986080,36,0.974,0.278,2026,"N21",35.3,33.5952753321752,31.6302236324659,1.70472466782477,FALSE,0
"F1465","C",302318,36,0.957,0.341,2024,"N29",35.11,31.9557314338007,29.9917679232547,3.15426856619927,FALSE,0
"F1466","E",817742,12,0.945,0.456,2024,"N21",32.75,33.2018100531749,31.2369911098325,-0.451810053174889,FALSE,3694.6405650334
"F1467","A",135068,24,0.913,0.145,2025,"N28",27.88,29.6748967927448,27.7111183362439,-1.79489679274478,FALSE,2424.33120002452
"F1468","D",73250,24,0.873,0.419,2024,"N11",29.84,29.4175320201179,27.453795694051,0.422467979882118,FALSE,0
"F1469","B",8847,12,0.951,0.196,2026,"N32",26.21,25.2321761579107,23.2667750179735,0.97782384208929,FALSE,0
"F1470","C",46871,24,0.897,0.319,2026,"N18",26.63,28.4795006031671,26.5158453587708,-1.84950060316707,FALSE,866.879427710435
"F1471","E",59577,24,0.929,0.479,2024,"N40",29.76,29.3050267113169,27.3416452601754,0.45497328868306,FALSE,0
"F1472","D",660077,12,0.909,0.31,2024,"N24",32.32,32.4361433404534,30.4715372610338,-0.116143340453405,FALSE,766.635477364623
"F1473","A",32382,36,0.992,0.659,2025,"N21",29.15,29.2470954940311,27.2820238133295,-0.0970954940310698,FALSE,31.441462877141
"F1474","B",111136,36,0.988,0.445,2024,"N21",30.47,30.6366958694772,28.6725712570682,-0.16669586947722,FALSE,185.259121502203
"F1475","C",219483,24,1,0.268,2025,"N13",33.27,31.0533954828874,29.0893175932598,2.2166045171126,FALSE,0
"F1476","A",109446,24,0.961,0.687,2026,"N36",30.82,30.904202251927,28.9403234665176,-0.0842022519270209,FALSE,92.1559966440473
"F1477","A",100093,36,0.873,0.129,2024,"N04",28.71,29.3394445893545,27.374522692341,-0.629444589354524,FALSE,630.029972822623
"F1478","D",361184,36,0.93,0.182,2024,"N33",32.34,31.6811437014308,29.7169279507119,0.658856298569155,FALSE,0
"F1479","E",36206,12,0.908,0.138,2025,"N18",28.64,27.2429990341553,25.278344050942,1.39700096584467,FALSE,0
"F1480","B",105653,24,0.862,0.402,2025,"N15",30.6,29.9306669389395,27.9666236032983,0.669333061060513,FALSE,0
"F1481","C",134720,12,0.93,0.771,2026,"N02",32.5,31.2389538756125,29.2743300648712,1.2610461243875,FALSE,0
"F1482","E",698557,36,0.881,0.436,2025,"N40",33.6,33.3034177904789,31.3383908303393,0.296582209521127,FALSE,0
"F1483","A",531255,12,1,0.648,2025,"N12",33.59,33.1826028024842,31.2173270131346,0.407397197515806,FALSE,0
"F1484","A",203019,12,1,0.622,2026,"N31",31.08,31.5196484599779,29.5549773632862,-0.439648459977878,FALSE,892.569906962488
"F1485","B",286489,36,0.907,0.438,2026,"N33",30.39,31.9325156695004,29.9684709280287,-1.54251566950041,FALSE,4419.13771639504
"F1486","D",8285,24,0.968,0.245,2024,"N17",24.94,25.6162964084943,23.651674239323,-0.676296408494284,FALSE,56.0311574437515
"F1487","B",146758,12,0.93,0.667,2025,"N14",31.53,31.0654761860692,29.1011419358734,0.464523813930818,FALSE,0
"F1488","C",54174,36,0.945,0.683,2025,"N05",32.08,30.1400843052945,28.1757889715579,1.93991569470552,FALSE,0
"F1489","A",16316,12,0.94,0.351,2025,"N23",25.84,26.6530823513154,24.6887414522626,-0.813082351315401,FALSE,132.662516440621
"F1490","A",224072,12,0.96,0.462,2024,"N25",33.6,31.2004754063647,29.2366837752854,2.39952459363526,FALSE,0
"F1491","D",61916,36,0.929,0.157,2024,"N17",29.68,28.7831834520408,26.8192054953186,0.896816547959197,FALSE,0
"F1492","C",44136,24,0.975,0.407,2024,"N01",29.42,28.8266844786698,26.8631800459453,0.593315521330197,FALSE,0
"F1493","B",12493,36,0.839,0.184,2025,"N11",26.87,26.1190342565984,24.152609393467,0.750965743401579,FALSE,0
"F1494","E",121265,36,0.896,0.322,2024,"N01",30.01,30.2054548682091,28.2414083846874,-0.195454868209055,FALSE,237.01834593371
"F1495","D",432846,24,1,0.289,2024,"N15",34.1,32.1389355601215,30.1747326496212,1.96106443987851,FALSE,0
"F1496","E",120252,36,0.948,0.425,2026,"N10",30.18,30.5317319284351,28.5679387136059,-0.351731928435097,FALSE,422.964678581773
"F1497","B",238392,12,0.949,0.294,2024,"N29",32.46,30.829786238169,28.8657397516659,1.63021376183101,FALSE,0
"F1498","D",324581,36,0.947,0.525,2024,"N35",32.75,32.5065749206307,30.5426208231764,0.243425079369274,FALSE,0
"F1499","E",96694,36,0.869,0.495,2024,"N07",31.7,30.2779694333906,28.3134157102263,1.42203056660943,FALSE,0
"F1500","D",62614,12,0.905,0.187,2024,"N38",27.39,28.3087855312225,26.3446948977129,-0.918785531222515,FALSE,575.288372519665
"F1501","C",46990,12,0.978,0.452,2025,"N33",29.71,28.7938421232466,26.8297816579634,0.916157876753431,FALSE,0
"F1502","E",68657,12,0.957,0.353,2026,"N17",29.78,28.917048174263,26.9532266303353,0.862951825737014,FALSE,0
"F1503","C",50761,36,0.86,0.48,2024,"N06",30.55,29.3038796408848,27.339122781814,1.24612035911516,FALSE,0
"F1504","E",106071,12,1,0.563,2024,"N31",30.75,30.3342833972651,28.3696774731841,0.415716602734943,FALSE,0
"F1505","C",54617,24,1,0.892,2024,"N07",30.12,30.5791364567638,28.6134881931228,-0.459136456763815,FALSE,250.766558590693
"F1506","C",364691,24,0.891,0.501,2026,"N20",30.78,32.2671723021481,30.3032929241446,-1.48717230214807,FALSE,5423.58354042684
"F1507","C",34089,24,0.964,0.409,2025,"N30",30.46,28.3978007908027,26.4342586835823,2.06219920919732,FALSE,0
"F1508","A",666228,12,0.872,0.169,2026,"N31",31.73,31.9075462131652,29.941956302739,-0.177546213165193,FALSE,1182.86258504621
"F1509","B",56125,24,0.873,0.288,2025,"N11",27.69,28.6173990527,26.653427021466,-0.927399052700011,FALSE,520.502718327881
"F1510","D",55846,24,0.846,0.138,2025,"N32",28.7,28.1418111964841,26.1767566453313,0.558188803515936,FALSE,0
"F1511","A",217688,36,1,0.037,2026,"N32",30.59,30.5177935898961,28.5521721858565,0.0722064101038669,FALSE,0
"F1512","A",40777,24,1,0.296,2026,"N02",28.28,28.296719416209,26.3325625879754,-0.0167194162090141,FALSE,6.81767634754967
"F1513","B",10291,12,1,0.285,2025,"N03",26.21,25.8659949272867,23.9004064182366,0.344005072713308,FALSE,0
"F1514","A",264385,12,0.854,0.617,2024,"N03",31.23,31.700648872254,29.7353275101888,-0.47064887225396,FALSE,1244.32502090863
"F1515","E",539981,24,0.974,0.074,2026,"N15",31.44,31.7349199277311,29.7700302734609,-0.294919927731065,FALSE,1592.51157496148
"F1516","C",9643,36,0.893,0.151,2025,"N30",25.81,25.7803909616134,23.8146339894385,0.0296090383866279,FALSE,0
"F1517","B",181895,36,1,0.535,2025,"N30",31.99,31.7020617300304,29.7374680159562,0.287938269969629,FALSE,0
"F1518","D",49839,24,1,0.504,2024,"N09",26.24,29.2800390078533,27.3162235503695,-3.04003900785333,TRUE,1515.12504112402
"F1519","D",74701,24,0.995,0.049,2025,"N09",26.84,28.6398121917453,26.6751810564404,-1.79981219174535,FALSE,1344.47770535569
"F1520","A",637520,12,1,0.629,2024,"N10",33.59,33.4211603449797,31.4558507262953,0.168839655020335,FALSE,0
"F1521","C",19094,12,0.982,0.073,2024,"N39",27.32,26.2926648214689,24.3272013892609,1.02733517853106,FALSE,0
"F1522","D",52150,36,0.971,0.763,2024,"N08",28.78,30.2916323191484,28.3267578198783,-1.51163231914842,FALSE,788.316254435902
"F1523","C",434733,36,0.927,0.421,2026,"N22",30.05,32.6575247050119,30.6934958423031,-2.60752470501187,TRUE,11335.7703758392
"F1524","D",129289,24,0.939,0.077,2024,"N29",30.15,29.4912436618943,27.5274229556098,0.658756338105739,FALSE,0
"F1525","A",167647,12,0.956,0.587,2025,"N28",31.7,31.079728126374,29.1157874592912,0.620271873626042,FALSE,0
"F1526","E",43957,24,0.917,0.359,2024,"N23",27.22,28.4577113972746,26.4942425363735,-1.23771139727461,FALSE,544.0607989
"F1527","D",37289,36,0.878,0.203,2026,"N35",28.3,27.9551107667621,25.9903940768021,0.344889233237936,FALSE,0
"F1528","C",38446,24,0.958,0.364,2026,"N15",29.98,28.4040720701538,26.4406167586464,1.57592792984623,FALSE,0
"F1529","E",126332,36,0.882,0.827,2025,"N20",34.17,31.6646705793353,29.698938417599,2.50532942066473,FALSE,0
"F1530","E",57266,36,1,0.171,2026,"N19",29.47,28.7273212083312,26.762364742477,0.742678791668826,FALSE,0
"F1531","D",161279,24,1,0.681,2025,"N31",31.29,31.6595040794965,29.6949906376778,-0.36950407949649,FALSE,595.932484371145
"F1532","B",2235041,24,0.989,0.601,2024,"N13",35.61,35.6204389429179,33.6542715035423,-0.0104389429178724,FALSE,233.314654181044
"F1533","B",11537,12,0.934,0.282,2024,"N05",26.1,25.91549887933,23.9507085527889,0.184501120670046,FALSE,0
"F1534","C",132022,24,0.974,0.485,2025,"N11",30.23,30.7998748658451,28.8364600501855,-0.569874865845136,FALSE,752.360195386066
"F1535","D",85673,36,0.969,0.155,2026,"N02",29.86,29.3252861181374,27.3610129858524,0.534713881862587,FALSE,0
"F1536","B",26879,24,1,0.225,2025,"N37",27.5,27.5011322601513,25.5366328615606,-0.00113226015134771,FALSE,0.30434020608075
"F1537","B",119508,12,0.848,0.324,2024,"N30",29.92,29.6164560433194,27.6513012343332,0.303543956680631,FALSE,0
"F1538","B",32901,12,1,0.135,2025,"N18",28.12,27.3063407767343,25.3411613660834,0.813659223265677,FALSE,0
"F1539","C",18802,24,0.993,0.394,2025,"N29",27.09,27.4572052235023,25.4928928882229,-0.367205223502328,FALSE,69.0419261229077
"F1540","B",95390,12,0.976,0.452,2026,"N37",29.44,29.8092248372696,27.8452180730575,-0.369224837269563,FALSE,352.203572271436
"F1541","C",625012,24,0.92,0.509,2025,"N13",34.53,33.2563150013066,31.2923486041173,1.27368499869343,FALSE,0
"F1542","E",73498,12,0.896,0.438,2024,"N22",28.16,29.1980738773855,27.2340014057128,-1.03807387738552,FALSE,762.963538400808
"F1543","C",156720,24,0.978,0.684,2025,"N07",32.21,31.6417729406915,29.6777477350217,0.568227059308537,FALSE,0
"F1544","E",42653,12,0.921,0.149,2025,"N11",26.01,27.5611100844305,25.5966577337895,-1.55111008443055,FALSE,661.594984312161
"F1545","A",38636,36,0.826,0.768,2026,"N32",28.35,29.4735987607114,27.5066690228742,-1.1235987607114,FALSE,434.113617188456
"F1546","C",16371,24,0.894,0.258,2026,"N10",27.12,26.6169464666753,24.6524902492128,0.503053533324731,FALSE,0
"F1547","C",91923,36,0.932,0.516,2024,"N26",30.42,30.4929067000557,28.529207056081,-0.0729067000557428,FALSE,67.0180258922405
"F1548","A",164404,24,0.859,0.095,2024,"N36",28.39,29.7467873462511,27.7818055525577,-1.35678734625106,FALSE,2230.61266873059
"F1549","A",11693,36,0.87,0.089,2024,"N09",25.82,25.7811449051378,23.814921471725,0.038855094862182,FALSE,0
"F1550","B",9419,24,0.969,0.447,2024,"N29",26.22,26.3863971534156,24.4218215015011,-0.166397153415605,FALSE,15.6729478802159
"F1551","C",170040,36,0.897,0.408,2024,"N20",32.69,31.108478901246,29.1445294126109,1.58152109875403,FALSE,0
"F1552","A",40387,12,0.93,0.491,2025,"N01",29.45,28.4799820181144,26.5161566281903,0.970017981885604,FALSE,0
"F1553","A",13599,12,0.98,0.698,2026,"N14",26.51,27.3641349770959,25.398665159237,-0.854134977095921,FALSE,116.153815535274
"F1554","B",198623,36,0.91,0.483,2024,"N20",32.27,31.5261980899377,29.5622715769875,0.743801910062299,FALSE,0
"F1555","C",69278,12,0.933,0.136,2026,"N14",28.74,28.3935281053095,26.4291819258559,0.346471894690527,FALSE,0
"F1556","C",55045,12,1,0.589,2025,"N28",29.26,29.4742208077162,27.5096168412019,-0.214220807716199,FALSE,117.917843607382
"F1557","E",88216,12,1,0.458,2025,"N29",28.52,29.7438986450488,27.7793983173844,-1.22389864504878,FALSE,1079.67442871624
"F1558","B",40928,36,0.83,0.514,2024,"N31",28.75,28.9309481796728,26.9652008200637,-0.180948179672761,FALSE,74.0584709764676
"F1559","A",2663374,12,0.969,0.284,2024,"N02",35.31,34.6832644629631,32.7170375502475,0.626735537036865,FALSE,0
"F1560","C",6820,24,1,0.036,2026,"N27",24.48,24.7905594818254,22.8239470826293,-0.310559481825404,FALSE,21.1801566604926
"F1561","A",48829,36,0.938,0.268,2024,"N37",29.44,28.703315229266,26.7394046957037,0.736684770733994,FALSE,0
"F1562","E",177286,36,0.938,0.461,2024,"N24",29.52,31.2843486362503,29.3204943533756,-1.76434863625028,FALSE,3127.94312326266
"F1563","A",143853,24,0.904,0.443,2025,"N28",31.31,30.5967324475865,28.6334106500551,0.713267552413534,FALSE,0
"F1564","C",21601,36,1,0.481,2026,"N18",28.69,28.1545143789075,26.1896221919327,0.535485621092548,FALSE,0
"F1565","A",60282,24,0.924,0.535,2026,"N18",27.81,29.4511591068621,27.4877541944667,-1.64115910686208,FALSE,989.323532798597
"F1566","C",80499,24,1,0.78,2024,"N15",30.65,30.8857294459583,28.9209065687791,-0.235729445958263,FALSE,189.759846701942
"F1567","E",464486,36,0.99,0.384,2024,"N33",30.84,32.7095699625717,30.7448367035922,-1.86956996257173,FALSE,8683.89073635092
"F1568","C",638715,36,0.887,0.845,2024,"N30",34.34,34.4387838367125,32.4725540326157,-0.0987838367124638,FALSE,630.947182658013
"F1569","C",661300,12,0.961,0.042,2026,"N28",31.53,31.7970920581077,29.8314590242801,-0.2670920581077,FALSE,1766.27978026622
"F1570","B",116548,36,0.903,0.42,2024,"N31",30.7,30.481621459392,28.5177848432108,0.218378540608043,FALSE,0
"F1571","B",489662,24,0.973,0.668,2026,"N01",30.37,33.2974238872369,31.332871711018,-2.9274238872369,TRUE,14334.482354722
"F1572","C",190265,12,0.912,0.777,2024,"N11",32.81,31.8232414030252,29.8582842490762,0.986758596974784,FALSE,0
"F1573","B",73451,36,0.895,0.165,2026,"N20",28.62,28.9613556415882,26.9969174794287,-0.341355641588198,FALSE,250.729132302947
"F1574","A",67236,24,1,0.722,2025,"N31",30.89,30.3443648912556,28.37970675668,0.545635108744406,FALSE,0
"F1575","E",227535,36,0.956,0.365,2024,"N11",31.22,31.4483335493248,29.4843737065043,-0.228333549324756,FALSE,519.538741456083
"F1576","A",147083,36,0.956,0.81,2025,"N29",31.4,32.0283439890007,30.0632793235862,-0.628343989000705,FALSE,924.187189341906
"F1577","C",52469,24,0.985,0.499,2025,"N16",29.13,29.3815926759679,27.4179116266095,-0.251592675967949,FALSE,132.008161153623
"F1578","C",32506,12,0.981,0.179,2026,"N31",26.25,27.3929104977615,25.4282303527888,-1.14291049776153,FALSE,371.514486402362
"F1579","A",31623,36,0.946,0.086,2025,"N21",26.7,27.5108258738564,25.5459796882713,-0.810825873856363,FALSE,256.407466089598
"F1580","D",533324,24,0.942,0.581,2025,"N25",33.59,33.1847977183808,31.2207688412936,0.405202281619239,FALSE,0
"F1581","E",74020,36,0.947,0.246,2025,"N05",30.59,29.2975754311051,27.3335544199638,1.29242456889492,FALSE,0
"F1582","A",115470,12,0.957,0.477,2024,"N30",27.35,30.1747364898766,28.2110961390388,-2.82473648987658,TRUE,3261.72322486048
"F1583","C",586083,12,0.952,0.535,2025,"N12",34.47,33.0213464664288,31.0568548654051,1.44865353357116,FALSE,0
"F1584","C",638583,12,1,0.524,2026,"N19",34.18,33.1702218164503,31.2051950467392,1.00977818354973,FALSE,0
"F1585","E",290038,36,0.942,0.209,2026,"N40",31.88,31.3236967254408,29.3594487754406,0.556303274559241,FALSE,0
"F1586","A",171176,36,0.938,0.097,2025,"N21",28.04,30.2325052189624,28.2680352138415,-2.19250521896245,TRUE,3753.04273361116
"F1587","D",58943,12,1,0.68,2024,"N28",30.48,29.7780966341098,27.813292268575,0.701903365890185,FALSE,0
"F1588","B",108335,12,0.906,0.045,2026,"N31",27.14,28.7361608781686,26.7712177366146,-1.59616087816861,FALSE,1729.20088736396
"F1589","E",136560,12,0.968,0.657,2026,"N33",30.84,30.8944450423427,28.9300249874116,-0.0544450423426746,FALSE,74.3501498231564
"F1590","D",232691,24,0.857,0.139,2025,"N40",33.06,30.4520656370722,28.4872271706226,2.6079343629278,FALSE,0
"F1591","B",49102,24,0.837,0.194,2026,"N04",29.15,28.0221736212927,26.056867737614,1.12782637870731,FALSE,0
"F1592","D",267372,24,0.893,0.066,2025,"N18",30.06,30.5375810911534,28.5730755335073,-0.477581091153386,FALSE,1276.91811503863
"F1593","C",346435,36,0.96,0.544,2026,"N01",32.06,32.7020921564687,30.7380020872444,-0.642092156468671,FALSE,2224.43196226224
"F1594","C",156753,24,0.941,0.32,2025,"N28",28.21,30.548550473981,28.5852908174452,-2.33855047398099,TRUE,3665.74802447943
"F1595","E",19370,36,1,0.804,2024,"N11",28.04,28.8187696973878,26.8523368142601,-0.778769697387766,FALSE,150.84769038401
"F1596","E",11007,12,0.946,0.527,2024,"N14",25.04,26.5008428317381,24.5359267554507,-1.46084283173811,FALSE,160.794970489414
"F1597","D",228883,36,0.981,0.362,2025,"N33",31.93,31.5531089834958,29.5890165605892,0.376891016504203,FALSE,0
"F1598","E",12633,12,0.933,0.175,2025,"N07",27.89,25.7074013344576,23.7423054545859,2.18259866554243,FALSE,0
"F1599","C",126619,12,0.916,0.698,2026,"N30",31.38,30.9078149837533,28.9434814920879,0.472185016246723,FALSE,0
"F1600","B",2997765,24,0.922,0.523,2026,"N35",35.35,35.696312261091,33.730434724438,-0.346312261091036,FALSE,10381.6277536957
"F1601","D",85625,36,0.906,0.616,2026,"N31",29.5,30.5013214457645,28.5371671371578,-1.00132144576449,FALSE,857.381487935844
"F1602","E",19961,12,0.98,0.556,2025,"N15",30,27.6006432954411,25.6357464202488,2.39935670455887,FALSE,0
"F1603","C",286843,12,0.894,0.747,2026,"N19",33.3,32.3141916972127,30.349155976294,0.985808302787333,FALSE,0
"F1604","B",58540,36,0.92,0.453,2026,"N17",29.03,29.4549300124556,27.4910947552989,-0.424930012455572,FALSE,248.754029291492
"F1605","E",89844,12,0.928,0.427,2026,"N05",30.46,29.5011336024378,27.5374028412673,0.958866397562215,FALSE,0
"F1606","E",12817,36,0.893,0.223,2025,"N02",25.78,26.3210507985975,24.355782449816,-0.541050798597499,FALSE,69.3464808562415
"F1607","A",45749,24,1,0.664,2025,"N09",30.05,29.5643524315832,27.5998486633549,0.485647568416773,FALSE,0
"F1608","C",505747,36,1,0.096,2024,"N30",32.14,32.172733203675,30.2071472062416,-0.0327332036750292,FALSE,165.54719559035
"F1609","E",72026,12,0.953,0.314,2026,"N33",28.63,28.87656800563,26.9127377734389,-0.246568005630017,FALSE,177.593071735076
"F1610","E",42342,12,0.981,0.707,2025,"N06",27.34,29.2319876211743,27.2669022733101,-1.89198762117434,FALSE,801.105398557638
"F1611","B",93143,24,0.849,0.273,2024,"N08",30.5,29.3412205568323,27.3766118460596,1.15877944316771,FALSE,0
"F1612","B",122138,36,0.934,0.194,2025,"N13",30.7,29.9801075594745,28.0161444567828,0.719892440525474,FALSE,0
"F1613","E",305952,12,1,0.365,2024,"N37",31.7,31.4748637247804,29.5101931995911,0.225136275219633,FALSE,0
"F1614","E",215812,24,0.942,0.185,2026,"N10",30.49,30.5169428543348,28.5532259272812,-0.0269428543347523,FALSE,58.1459127969156
"F1615","D",302387,36,0.889,0.174,2024,"N20",31.4,31.2963156309695,29.3317845216133,0.103684369030493,FALSE,0
"F1616","B",20884,12,0.89,0.635,2026,"N02",29.3,27.7271381275924,25.762080959089,1.57286187240761,FALSE,0
"F1617","D",63947,36,0.99,0.681,2024,"N03",31.68,30.4237934095056,28.4591311100411,1.25620659049435,FALSE,0
"F1618","D",9582,24,0.901,0.824,2025,"N21",26.76,27.3506382585311,25.3846233435707,-0.590638258531111,FALSE,56.5949579324511
"F1619","D",589816,36,0.989,0.481,2024,"N23",32.89,33.4193912821622,31.4547052900347,-0.529391282162209,FALSE,3122.43448479785
"F1620","D",46801,12,0.862,0.218,2025,"N40",25.32,27.8483152517832,25.883389487204,-2.52831525178323,TRUE,1183.27682098707
"F1621","C",60794,24,0.963,0.799,2026,"N29",32.98,30.3708778678127,28.4064430820518,2.60912213218726,FALSE,0
"F1622","E",824277,12,0.971,0.323,2024,"N18",31.82,32.8898316096182,30.924839271336,-1.06983160961816,FALSE,8818.37589681225
"F1623","A",271322,12,0.952,0.063,2025,"N31",32.03,30.3701802883096,28.4054105290434,1.65981971169038,FALSE,0
"F1624","D",65822,24,0.938,0.562,2025,"N20",31.47,29.7715725208573,27.8081816033999,1.69842747914267,FALSE,0
"F1625","A",70868,12,0.974,0.849,2026,"N19",30.84,30.4223365906726,28.4569692775807,0.417663409327389,FALSE,0
"F1626","C",58615,24,0.918,0.32,2024,"N17",28.28,28.9286986331397,26.9653241073073,-0.648698633139745,FALSE,380.234703814861
"F1627","E",265609,12,0.953,0.059,2025,"N17",31.6,30.2990677915972,28.3341345401235,1.30093220840276,FALSE,0
"F1628","A",3467643,24,0.952,0.165,2026,"N16",36.58,34.9565423403715,32.9901961445469,1.62345765962851,FALSE,0
"F1629","B",18275,36,0.961,0.419,2024,"N21",27.41,27.6200656511257,25.6556709945286,-0.210065651125714,FALSE,38.3894977432241
"F1630","D",549328,36,0.907,0.511,2025,"N14",32.02,33.2346986060123,31.2702477893054,-1.21469860601228,FALSE,6672.67955843516
"F1631","B",429070,24,0.99,0.502,2024,"N40",31.48,32.6995755650717,30.7353267055998,-1.2195755650717,FALSE,5232.83287705316
"F1632","C",55486,24,0.848,0.202,2024,"N04",28.07,28.3764483808923,26.4114490916446,-0.306448380892288,FALSE,170.035948621895
"F1633","D",142122,36,0.886,0.693,2024,"N31",32.95,31.540205735667,29.5755426345668,1.40979426433299,FALSE,0
"F1634","A",134838,24,0.959,0.479,2025,"N32",28.94,30.6984154150956,28.7351453621879,-1.75841541509562,FALSE,2371.01217740663
"F1635","D",41599,24,0.931,0.393,2026,"N29",27.22,28.4993347939465,26.5360281768262,-1.27933479394652,FALSE,532.190480933813
"F1636","D",46939,12,0.874,0.305,2025,"N33",28.96,28.1203832357396,26.1559195969179,0.839616764260384,FALSE,0
"F1637","E",556936,12,0.942,0.508,2026,"N31",33.76,32.6785439605292,30.7141017056806,1.08145603947081,FALSE,0
"F1638","B",171774,24,0.883,0.393,2024,"N06",32.36,30.7236785033168,28.7599121635608,1.63632149668321,FALSE,0
"F1639","D",63120,36,0.913,0.643,2024,"N28",30.63,30.1502735587707,28.1861465577495,0.47972644122925,FALSE,0
"F1640","D",35248,36,0.972,0.135,2026,"N21",27.34,27.8517279557586,25.8870800648136,-0.511727955758584,FALSE,180.373869845786
"F1641","C",89994,36,0.982,0.65,2026,"N14",30.66,30.8820216682858,28.9176520076577,-0.222021668285834,FALSE,199.806180157153
"F1642","C",107781,12,0.977,0.361,2025,"N10",27.91,29.8662143144903,27.902280218555,-1.95621431449033,FALSE,2108.42735030082
"F1643","C",274997,24,0.888,0.532,2026,"N40",32.27,31.8963505564918,29.932513201311,0.373649443508182,FALSE,0
"F1644","D",654329,36,0.929,0.211,2024,"N11",32.12,32.7129005460035,30.7483528016737,-0.592900546003456,FALSE,3879.52021365895
"F1645","D",107881,24,1,0.743,2024,"N37",35.11,31.1893695908127,29.2247504428485,3.9206304091873,FALSE,0
"F1646","D",35338,24,0.908,0.661,2025,"N22",30.76,28.996540087792,27.0324786375757,1.763459912208,FALSE,0
"F1647","A",161582,12,1,0.36,2024,"N32",29.34,30.4655509085037,28.5013407434449,-1.1255509085037,FALSE,1818.68766897844
"F1648","E",125071,12,0.922,0.185,2024,"N27",27.15,29.3877264013403,27.4235716985621,-2.23772640134033,TRUE,2798.74678742036
"F1649","A",53372,12,0.924,0.367,2026,"N22",30.48,28.5180759418962,26.5543147546086,1.96192405810379,FALSE,0
"F1650","E",244281,12,0.895,0.286,2024,"N40",31.49,30.6932069558711,28.7288497996937,0.796793044128943,FALSE,0
"F1651","D",92749,36,0.91,0.492,2026,"N03",29.62,30.2882859851013,28.3244822456382,-0.668285985101289,FALSE,619.828568321594
"F1652","A",155797,24,0.921,0.41,2024,"N13",29.13,30.6637532173892,28.7005629070126,-1.53375321738924,FALSE,2389.54150009592
"F1653","A",103653,12,0.891,0.47,2025,"N36",29.65,29.857268854633,27.8933166737934,-0.207268854632989,FALSE,214.840385892732
"F1654","D",179731,24,0.918,0.563,2024,"N15",31.04,31.3458122860545,29.3824111432912,-0.305812286054504,FALSE,549.639479848621
"F1655","C",211010,24,1,0.623,2024,"N29",31.93,31.9883188149357,30.0241048703818,-0.0583188149356957,FALSE,123.058531395811
"F1656","E",32250,36,0.884,0.382,2024,"N28",27.99,28.22931998195,26.2648525329261,-0.239319981950011,FALSE,77.1806941788786
"F1657","A",307875,36,0.872,0.456,2025,"N26",31.06,32.0574905214995,30.0929443988338,-0.997490521499476,FALSE,3071.02394306651
"F1658","A",107583,12,0.841,0.223,2026,"N18",26.12,29.079144683894,27.1136738175609,-2.95914468389395,TRUE,3183.53662527363
"F1659","C",14243,12,0.825,0.405,2024,"N15",27.39,26.4592554132455,24.4925595881187,0.930744586754496,FALSE,0
"F1660","D",70187,36,0.985,0.509,2024,"N15",32.48,30.0798799871962,28.11588411511,2.40012001280375,FALSE,0
"F1661","C",455630,12,0.979,0.204,2026,"N35",33.24,31.6897989980538,29.725049367643,1.55020100194625,FALSE,0
"F1662","B",580814,12,0.982,0.444,2024,"N11",33.49,32.7408955330673,30.7760810693168,0.749104466932664,FALSE,0
"F1663","B",49715,36,0.972,0.14,2024,"N13",30.2,28.4598675221603,26.4953784486251,1.74013247783975,FALSE,0
"F1664","C",147834,24,1,0.629,2025,"N07",26.71,31.4352602162074,29.4710814340825,-4.72526021620739,TRUE,6985.54118802803
"F1665","B",22826,24,0.976,0.462,2026,"N15",29.5,27.8116519282384,25.8476196679423,1.68834807176165,FALSE,0
"F1666","A",183643,12,0.986,0.21,2026,"N09",30.43,30.1739605708756,28.2095876513996,0.256039429124399,FALSE,0
"F1667","A",7341,24,1,0.342,2024,"N07",27.65,25.7272739050551,23.7620021114352,1.92272609494492,FALSE,0
"F1668","D",13780,36,1,0.882,2025,"N11",28.04,28.5489393959594,26.5817788025891,-0.50893939595937,FALSE,70.1318487632012
"F1669","D",172263,12,0.994,0.512,2026,"N30",31.09,30.9643321937252,29.0000642274667,0.125667806274823,FALSE,0
"F1670","E",189794,24,0.979,0.31,2024,"N34",29.3,30.781012314738,28.8173242347531,-1.48101231473799,FALSE,2810.87251263382
"F1671","B",48444,24,0.903,0.609,2025,"N36",28.95,29.3409884063779,27.3771731669994,-0.390988406377929,FALSE,189.410423585724
"F1672","D",188175,24,0.916,0.469,2024,"N38",31.75,31.1512782824781,29.1880338641016,0.598721717521908,FALSE,0
"F1673","C",679374,24,0.971,0.365,2026,"N01",33.28,33.0330746524721,31.0690010824495,0.246925347527863,FALSE,0
"F1674","D",88290,24,1,0.239,2026,"N35",28.96,29.4027599721329,27.4387983916488,-0.442759972132865,FALSE,390.912779396107
"F1675","E",212976,24,0.857,0.346,2026,"N16",31.97,30.7874815297683,28.8230947222774,1.18251847023172,FALSE,0
"F1676","E",39925,36,1,0.342,2024,"N32",28.03,28.6785703924392,26.7139321036495,-0.648570392439154,FALSE,258.941729181332
"F1677","A",21934,12,0.968,0.316,2024,"N04",26,27.0815861716564,25.1173575414954,-1.08158617165641,FALSE,237.235110891117
"F1678","C",870697,12,1,0.267,2025,"N02",32.43,32.9929170390976,31.027437799832,-0.562917039097584,FALSE,4901.30177191149
"F1679","A",123808,12,0.911,0.475,2026,"N27",29.21,30.1453450040855,28.1815786609434,-0.93534500408547,FALSE,1158.03194265814
"F1680","B",49182,24,0.931,0.58,2025,"N18",28.29,29.3366948329637,27.3731309791833,-1.04669483296373,FALSE,514.785452748224
"F1681","C",13271,24,0.909,0.739,2025,"N33",27.42,27.7100330340519,25.7449932227334,-0.290033034051898,FALSE,38.4902839490274
"F1682","C",215472,24,0.964,0.503,2024,"N20",32.62,31.6162584931341,29.6528155576993,1.0037415068659,FALSE,0
"F1683","B",299735,24,0.92,0.104,2025,"N21",31.66,30.8733355922354,28.9091629381244,0.786664407764636,FALSE,0
"F1684","E",551888,12,0.874,0.161,2025,"N08",31.52,31.6080431466048,29.6425292310288,-0.0880431466048179,FALSE,485.899560934398
"F1685","A",80642,12,0.935,0.526,2026,"N36",28.7,29.6472855531612,27.6835611147772,-0.947285553161201,FALSE,763.910015780256
"F1686","B",312383,24,0.942,0.119,2024,"N01",32.59,31.0232149270185,29.059075810679,1.56678507298146,FALSE,0
"F1687","E",109589,24,0.958,0.733,2024,"N19",30.6,31.0506640745202,29.0863944715418,-0.450664074520219,FALSE,493.878252625963
"F1688","C",35361,24,0.917,0.604,2025,"N37",29.03,28.9157937637996,26.952043959043,0.114206236200374,FALSE,0
"F1689","D",98400,36,0.956,0.83,2026,"N38",31.13,31.4205465200577,29.4553582407542,-0.290546520057731,FALSE,285.897775736807
"F1690","E",51482,24,0.974,0.138,2026,"N02",30.44,28.1490642145922,26.184938229915,2.29093578540784,FALSE,0
"F1691","A",35648,36,1,0.837,2026,"N22",31.14,29.8681508800208,27.9019656659395,1.27184911997924,FALSE,0
"F1692","A",48610,36,0.95,0.14,2024,"N24",28.83,28.358927853312,26.3945771911494,0.471072146688023,FALSE,0
"F1693","B",291481,24,0.928,0.503,2026,"N18",31.16,31.9170965489571,29.9535393197633,-0.757096548957097,FALSE,2206.79259186564
"F1694","A",110456,24,0.957,0.09,2024,"N02",28.98,29.281074611003,27.3171190878133,-0.301074611003024,FALSE,332.5549723295
"F1695","A",42306,12,0.876,0.139,2025,"N08",27.39,27.4623482746995,25.4974047553556,-0.0723482746995359,FALSE,30.6076610943856
"F1696","B",86084,24,0.843,0.721,2024,"N09",32.46,30.4632636966207,28.4977856519667,1.99673630337931,FALSE,0
"F1697","E",86465,12,0.971,0.43,2025,"N22",28.19,29.5781278441089,27.6141220879483,-1.3881278441089,FALSE,1200.24474040876
"F1698","E",89479,24,0.97,0.343,2024,"N02",30.06,29.6519575980135,27.6885064008581,0.408042401986542,FALSE,0
"F1699","D",127907,24,0.942,0.125,2026,"N30",31.2,29.5663022811887,27.6025717379426,1.63369771881132,FALSE,0
"F1700","A",42307,36,0.871,0.607,2026,"N01",30.27,29.2515489276057,27.2866254935572,1.01845107239429,FALSE,0
"F1701","E",561141,24,0.996,0.421,2024,"N17",33.05,32.8622317590431,30.8977334677535,0.187768240956913,FALSE,0
"F1702","C",26721,36,0.904,0.172,2024,"N05",27.96,27.493050761302,25.5283663484646,0.466949238698017,FALSE,0
"F1703","D",51009,12,1,0.19,2025,"N39",29.97,28.1688657095802,26.2041999167254,1.80113429041978,FALSE,0
"F1704","D",19980,12,0.983,0.346,2025,"N06",28.48,27.0735928927797,25.109074053394,1.4064071072203,FALSE,0
"F1705","E",64620,36,0.952,0.424,2026,"N38",31.3,29.5413862089022,27.5775095524256,1.75861379109779,FALSE,0
"F1706","A",54890,12,0.975,0.16,2026,"N05",30.39,28.0775486368317,26.1131182805912,2.31245136316832,FALSE,0
"F1707","B",134670,12,0.93,0.08,2026,"N40",29.11,29.2286740320766,27.2640601044203,-0.118674032076608,FALSE,159.818318997569
"F1708","E",17838,24,0.929,0.559,2026,"N30",25.42,27.5494138889172,25.5852564124455,-2.12941388891721,TRUE,379.844849505051
"F1709","D",136161,24,0.933,0.753,2025,"N34",32.64,31.4638145648348,29.4996318812002,1.17618543516517,FALSE,0
"F1710","D",14130,12,0.913,0.299,2024,"N29",27.72,26.2536494639816,24.2891847570076,1.46635053601839,FALSE,0
"F1711","D",470698,12,0.912,0.222,2025,"N26",30.86,31.6527764355028,29.6882431792595,-0.792776435502777,FALSE,3731.58282638286
"F1712","A",55171,12,0.908,0.35,2026,"N26",28.28,28.4930926484848,26.5292077541801,-0.213092648484832,FALSE,117.565345095566
"F1713","B",454182,12,0.946,0.463,2024,"N29",31.82,32.3320944570333,30.3677443351795,-0.512094457033271,FALSE,2325.84084684285
"F1714","C",659124,24,0.8,0.633,2026,"N30",33.2,33.4143266622582,31.4469835005855,-0.214326662258244,FALSE,1412.67846934303
"F1715","B",26825,24,0.875,0.087,2025,"N25",27.64,26.8731695902279,24.9082533064582,0.766830409772133,FALSE,0
"F1716","C",1199088,36,0.921,0.464,2025,"N20",35.91,34.4412668888163,32.4763434549693,1.4687331111837,FALSE,0
"F1717","D",112574,24,0.972,0.3,2024,"N39",30.94,29.9589490948448,27.9956918827706,0.981050905155247,FALSE,0
"F1718","D",7435,24,0.923,0.135,2025,"N35",24.84,25.0485439891283,23.0833854939715,-0.208543989128316,FALSE,15.5052455916903
"F1719","B",140804,24,0.945,0.679,2026,"N31",31.19,31.2783433960626,29.3144690340936,-0.0883433960626405,FALSE,124.39103539204
"F1720","A",135232,24,0.837,0.534,2024,"N19",30.34,30.6265240558531,28.6616015597503,-0.286524055853054,FALSE,387.472211211202
"F1721","C",851276,12,0.99,0.543,2026,"N13",34.01,33.6653389204431,31.7002097626186,0.344661079556914,FALSE,0
"F1722","B",10727,12,0.931,0.277,2026,"N06",29.19,25.7307614830835,23.765797394028,3.45923851691651,FALSE,0
"F1723","C",2556,36,0.902,0.606,2025,"N10",24.94,24.9497730866467,22.9825994850809,-0.00977308664672449,FALSE,0.249800094690278
"F1724","A",91118,36,0.935,0.391,2024,"N28",30.21,30.043020596808,28.0793838732085,0.166979403192002,FALSE,0
"F1725","B",55087,36,0.995,0.531,2025,"N18",29.98,29.7674188906617,27.8029108719605,0.21258110933827,FALSE,0
"F1726","C",31191,24,0.972,0.607,2025,"N09",28.31,28.8273351398861,26.8633730939983,-0.517335139886125,FALSE,161.362003481881
"F1727","D",98483,36,0.981,0.618,2025,"N02",32.56,30.9216923237209,28.9573211974047,1.63830767627908,FALSE,0
"F1728","A",860699,12,0.996,0.403,2025,"N20",33.48,33.2592413649444,31.294109859372,0.220758635055581,FALSE,0
"F1729","C",94166,36,0.912,0.714,2025,"N22",30.57,31.0505778816939,29.0861754201718,-0.480577881693872,FALSE,452.540968075851
"F1730","E",303563,12,0.994,0.258,2024,"N03",31.5,31.1500793018478,29.185392747757,0.349920698152154,FALSE,0
"F1731","A",41588,12,0.839,0.339,2024,"N04",26.71,27.9270308446001,25.9616210725571,-1.21703084460006,FALSE,506.138787652273
"F1732","B",19888,12,0.897,0.066,2024,"N17",26.19,26.1105587265338,24.1451422583297,0.0794412734662018,FALSE,0
"F1733","E",57150,12,0.974,0.429,2025,"N14",29.16,28.9175665995691,26.9534618589235,0.242433400430908,FALSE,0
"F1734","A",937630,36,0.984,0.124,2024,"N30",32.37,33.1202798877226,31.1546054602416,-0.750279887722641,FALSE,7034.8493112538
"F1735","C",516515,12,0.893,0.291,2026,"N23",31.71,31.9725290006492,30.0078029575123,-0.262529000649192,FALSE,1356.00166770317
"F1736","B",261172,36,0.955,0.83,2026,"N14",34.53,32.9773926383833,31.0119841049766,1.55260736161669,FALSE,0
"F1737","C",67625,36,0.989,0.707,2026,"N18",29.13,30.5976800792448,28.6329156666675,-1.46768007924481,FALSE,992.518653589304
"F1738","C",156089,12,0.937,0.79,2026,"N08",30.85,31.5415322471547,29.5767928303382,-0.691532247154743,FALSE,1079.40576926137
"F1739","B",212720,24,0.959,0.31,2024,"N14",31.48,30.9767819778467,29.0132972628203,0.503218022153259,FALSE,0
"F1740","B",16015,24,0.962,0.259,2025,"N20",26.56,26.6951216254892,24.7309226235907,-0.135121625489198,FALSE,21.6397283220951
"F1741","D",71013,12,1,0.4,2026,"N17",29.48,29.2409123852486,27.276677454552,0.239087614751394,FALSE,0
"F1742","A",1052434,24,0.912,0.48,2024,"N02",32.82,33.904371021526,31.9399000273389,-1.084371021526,FALSE,11412.289316687
"F1743","D",19340,12,0.879,0.342,2025,"N27",25.89,26.8132388297486,24.84847015103,-0.923238829748573,FALSE,178.554389673374
"F1744","D",132882,36,1,0.153,2026,"N01",30.19,30.0816390274459,28.1168713854027,0.108360972554099,FALSE,0
"F1745","E",55545,24,0.966,0.357,2024,"N06",28.17,28.9197755326814,26.9563041694361,-0.749775532681415,FALSE,416.462819627892
"F1746","C",66016,12,0.849,0.45,2024,"N07",29.94,29.0884521779812,27.1233263044048,0.851547822018826,FALSE,0
"F1747","E",328572,12,0.952,0.504,2024,"N28",29.84,31.8890917587003,29.9248698747801,-2.04909175870025,TRUE,6732.7417733966
"F1748","A",37654,36,0.883,0.388,2025,"N04",30.71,28.5203608656031,26.5560141503334,2.18963913439686,FALSE,0
"F1749","B",257620,24,0.832,0.394,2026,"N39",32.08,31.2309520303093,29.2657669651955,0.849047969690744,FALSE,0
"F1750","D",96097,36,1,0.452,2025,"N08",30.22,30.4516181984578,28.4872850667009,-0.231618198457795,FALSE,222.578140171987
"F1751","B",382709,24,0.947,0.175,2026,"N23",32.09,31.4671081055424,29.5030618823365,0.622891894457641,FALSE,0
"F1752","A",35563,12,1,0.514,2026,"N08",29.43,28.4248522085088,26.4602785562881,1.0051477914912,FALSE,0
"F1753","D",422308,24,0.854,0.482,2024,"N19",33.85,32.3656393156482,30.4008896501184,1.4843606843518,FALSE,0
"F1754","D",97679,24,0.954,0.393,2026,"N30",29.79,29.9105898457349,27.9474243296778,-0.120589845734873,FALSE,117.790955415367
"F1755","D",51924,24,0.923,0.091,2024,"N06",27.11,28.03861851475,26.0747673106052,-0.928618514749981,FALSE,482.17587759878
"F1756","E",40802,36,0.934,0.101,2026,"N39",28.35,27.8623884260223,25.8977229373759,0.487611573977713,FALSE,0
"F1757","D",8592,24,1,0.126,2026,"N20",25.76,25.3522140112621,23.3865120168624,0.407785988737949,FALSE,0
"F1758","B",325718,12,0.901,0.393,2024,"N16",31.39,31.5173503438408,29.5530152903027,-0.127350343840767,FALSE,414.80299295127
"F1759","D",38553,12,0.837,0.441,2025,"N12",27.96,28.1173750096312,26.1518975843862,-0.15737500963116,FALSE,60.6727874631011
"F1760","A",427278,36,0.986,0.653,2026,"N15",32.1,33.3038747232355,31.3388695520846,-1.20387472323547,FALSE,5143.89183994606
"F1761","C",1691291,24,0.872,0.558,2024,"N14",35.75,34.8980413989776,32.9321884875867,0.851958601022424,FALSE,0
"F1762","C",13508,12,0.997,0.387,2026,"N05",27.39,26.6011028366085,24.636008182261,0.788897163391539,FALSE,0
"F1763","B",138656,36,0.995,0.359,2025,"N14",30.28,30.7628081162712,28.7985196253614,-0.482808116271162,FALSE,669.442421696942
"F1764","C",40704,24,0.864,0.319,2025,"N36",29.81,28.2395280150322,26.2752264028711,1.57047198496784,FALSE,0
"F1765","E",109580,36,0.97,0.348,2025,"N24",30.38,30.2565318259689,28.2924990016238,0.123468174031071,FALSE,0
"F1766","B",166844,24,0.953,0.383,2026,"N36",28.81,30.7330917794707,28.7697586487952,-1.9230917794707,FALSE,3208.5632485401
"F1767","C",20853,24,0.827,0.288,2025,"N13",28.01,27.0106830156475,25.0448387908907,0.99931698435255,FALSE,0
"F1768","B",339240,36,0.873,0.208,2025,"N36",31.44,31.5407662331403,29.5759447191376,-0.100766233140295,FALSE,341.839369305136
"F1769","C",76651,24,0.939,0.637,2026,"N38",29.29,30.2412756409907,28.2777545349912,-0.951275640990669,FALSE,729.162291575758
"F1770","A",707905,24,0.952,0.287,2025,"N35",32.52,32.8022417117665,30.8381647946439,-0.28224171176651,FALSE,1998.00318968071
"F1771","B",98851,12,0.936,0.366,2025,"N17",29.92,29.59731933484,27.6335978375452,0.322680665159993,FALSE,0
"F1772","E",123145,36,0.984,0.671,2024,"N18",33.25,31.3780664499828,29.4132885378286,1.87193355001725,FALSE,0
"F1773","D",100447,12,0.872,0.355,2024,"N09",29.34,29.4759680829454,27.5116715898651,-0.135968082945404,FALSE,136.575860276169
"F1774","A",3043830,36,0.957,0.42,2024,"N01",34.05,35.7881491314674,33.8219565677323,-1.73814913146738,FALSE,52906.3047083436
"F1775","E",54244,36,0.941,0.312,2026,"N22",29.27,28.925189976558,26.9612611692275,0.344810023441976,FALSE,0
"F1776","C",5404,24,0.882,0.602,2025,"N33",25.46,25.8343088437454,23.8684657235754,-0.374308843745382,FALSE,20.2276499160004
"F1777","C",315965,12,0.895,0.147,2026,"N23",30.76,30.7839435714975,28.8190670430944,-0.0239435714975009,FALSE,75.6533056820788
"F1778","B",109205,36,0.963,0.662,2024,"N31",27.63,31.1714281703786,29.2070805755568,-3.5414281703786,TRUE,3867.41663346195
"F1779","E",280754,24,0.979,0.483,2024,"N30",30.82,31.894805359841,29.9309500054762,-1.07480535984097,FALSE,3017.55903996791
"F1780","D",420850,36,0.959,0.183,2024,"N04",31.94,31.9838430327036,30.0194768506969,-0.0438430327035491,FALSE,184.513403132886
"F1781","C",630182,24,0.975,0.595,2024,"N40",33.47,33.6152992068573,31.6509375797733,-0.145299206857345,FALSE,915.649447757754
"F1782","B",133300,36,1,0.586,2024,"N04",29.68,31.3472512523516,29.3826057036004,-1.66725125235164,FALSE,2222.44591938474
"F1783","E",173375,24,0.947,0.348,2024,"N28",31.11,30.6822846794053,28.7189268663625,0.427715320594746,FALSE,0
"F1784","A",389242,12,0.921,0.644,2024,"N10",31.47,32.5231968132562,30.5587215795791,-1.05319681325619,FALSE,4099.48433985464
"F1785","C",546130,24,0.84,0.11,2026,"N06",30.02,31.7181915357837,29.75206589665,-1.69819153578374,FALSE,9274.33343437575
"F1786","C",18590,36,1,0.377,2025,"N33",27.88,27.6701249348791,25.7051404443817,0.209875065120936,FALSE,0
"F1787","A",1014050,24,0.919,0.683,2024,"N09",34.44,34.4288909930439,32.4639523755263,0.0111090069560547,FALSE,0
"F1788","B",25594,12,0.956,0.678,2026,"N12",27.79,28.2988785010365,26.334069892716,-0.508878501036538,FALSE,130.242363555291
"F1789","A",130572,24,0.938,0.325,2026,"N02",30.9,30.125567351093,28.1623152188499,0.774432648906956,FALSE,0
"F1790","D",413310,24,0.927,0.609,2024,"N19",32.99,32.8264693298835,30.8625853909533,0.163530670116508,FALSE,0
"F1791","A",54023,24,0.921,0.546,2025,"N17",30.96,29.3493155310478,27.3858995473271,1.61068446895219,FALSE,0
"F1792","B",53517,12,0.931,0.294,2024,"N25",27.44,28.4020511956291,26.4381529375275,-0.962051195629083,FALSE,514.860938364817
"F1793","E",639479,24,0.943,0.732,2026,"N40",33.68,33.7973516815233,31.8325006552587,-0.117351681523331,FALSE,750.439359488584
"F1794","E",615316,24,0.946,0.468,2025,"N30",31.23,33.0475556019515,31.0834840934606,-1.81755560195151,FALSE,11183.710427704
"F1795","B",17635,24,0.848,0.138,2026,"N37",26.66,26.2448459222896,24.2791036589759,0.415154077710362,FALSE,0
"F1796","C",93849,12,0.99,0.45,2025,"N28",31.86,29.9193060098602,27.9551977548102,1.94069399013975,FALSE,0
"F1797","B",162584,24,0.902,0.354,2025,"N29",30.45,30.5620814334877,28.598658154598,-0.112081433487692,FALSE,182.226477821629
"F1798","C",591277,24,0.947,0.614,2025,"N12",32.99,33.5137790331629,31.5496506367189,-0.523779033162917,FALSE,3096.9849539147
"F1799","D",168107,36,0.936,0.115,2026,"N12",29.89,30.2303497500972,28.2660477446717,-0.340349750097158,FALSE,572.151754395829
"F1800","C",315087,24,1,0.039,2026,"N08",32.7,30.9402825742851,28.9751173368399,1.75971742571492,FALSE,0
"F1801","E",175265,12,0.945,0.29,2025,"N15",32.01,30.2673362391603,28.3033802276702,1.74266376083965,FALSE,0
"F1802","C",270199,36,0.945,0.183,2025,"N40",31.71,31.3089582037829,29.3447273509597,0.401041796217093,FALSE,0
"F1803","A",2520342,36,0.856,0.799,2025,"N20",36.81,36.360352490359,34.3923242578135,0.449647509640982,FALSE,0
"F1804","C",229389,24,0.928,0.148,2024,"N28",31.45,30.6501819476311,28.6862617664238,0.799818052368931,FALSE,0
"F1805","B",188069,12,0.988,0.421,2024,"N34",30.71,30.8808280061424,28.9165730623391,-0.170828006142415,FALSE,321.274522871978
"F1806","C",16607,36,0.932,0.519,2024,"N19",27.78,27.7597186396347,25.7952795395363,0.0202813603652707,FALSE,0
"F1807","A",28945,24,1,0.579,2026,"N03",28.51,28.5433388182244,26.5788824681657,-0.0333388182244221,FALSE,9.64992093505897
"F1808","A",18840,36,0.941,0.483,2025,"N38",26.13,27.7878495460227,25.823437753837,-1.6578495460227,FALSE,312.338854470676
"F1809","B",95470,24,0.998,0.943,2024,"N31",33.5,31.546821639054,29.5806068699021,1.95317836094603,FALSE,0
"F1810","D",68347,12,1,0.322,2026,"N32",27.36,28.9602817325117,26.9959964203282,-1.60028173251166,FALSE,1093.74455571974
"F1811","C",40969,24,0.984,0.462,2024,"N33",28.72,28.8790734275876,26.9154070874068,-0.159073427587604,FALSE,65.1707925483654
"F1812","B",232166,36,0.899,0.529,2024,"N22",33.12,31.8847347782667,29.9205631168564,1.23526522173329,FALSE,0
"F1813","E",15298,24,1,0.741,2026,"N15",27.62,27.9495039080364,25.9837872888388,-0.329503908036358,FALSE,50.407507851402
"F1814","B",126473,24,0.958,0.061,2026,"N24",29.43,29.3932860133351,27.4290343395797,0.0367139866648891,FALSE,0
"F1815","D",81355,36,0.899,0.257,2026,"N14",29.41,29.3966681476946,27.4326492883126,0.0133318523053525,FALSE,0
"F1816","D",36579,36,1,0.394,2026,"N01",28.24,28.6923937736832,26.7278432344778,-0.452393773683227,FALSE,165.481118475587
"F1817","D",33241,24,0.91,0.312,2024,"N32",28.09,27.9208123678782,25.9573783847137,0.16918763212179,FALSE,0
"F1818","D",54129,12,0.935,0.621,2024,"N36",29.83,29.3525970197429,27.3886063113059,0.477402980257072,FALSE,0
"F1819","D",258724,36,0.999,0.642,2026,"N03",33.06,32.5223052622512,30.5573789275993,0.537694737748815,FALSE,0
"F1820","B",306028,24,0.971,0.377,2024,"N29",32.23,31.7706428535882,29.8069483777867,0.459357146411765,FALSE,0
"F1821","E",15640,24,0.897,0.237,2025,"N39",27.09,26.4212844464282,24.4567847278479,0.66871555357179,FALSE,0
"F1822","D",107188,24,1,0.152,2026,"N37",27.73,29.4689046743965,27.5046701102964,-1.73890467439645,FALSE,1863.89714239207
"F1823","B",43167,12,0.875,0.811,2024,"N37",29.5,29.405341364646,27.4394690263677,0.0946586353539871,FALSE,0
"F1824","A",316183,36,0.903,0.347,2025,"N06",32.64,31.8523741356122,29.8882787856404,0.787625864387834,FALSE,0
"F1825","D",442387,12,0.966,0.687,2025,"N30",32.4,32.9631285936464,30.9981702846312,-0.563128593646425,FALSE,2491.20769157461
"F1826","A",289720,24,1,0.411,2024,"N34",31.18,31.810154318137,29.8461929349353,-0.630154318137031,FALSE,1825.6830905066
"F1827","C",191756,24,0.848,0.432,2026,"N24",31.54,30.9617456442687,28.997192499728,0.578254355731321,FALSE,0
"F1828","B",229219,24,0.897,0.204,2026,"N32",30.3,30.6326443135099,28.6687014247026,-0.332644313509913,FALSE,762.483968984288
"F1829","A",11861,12,0.943,0.186,2025,"N25",26.22,25.6839029520147,23.7189125542624,0.536097047985308,FALSE,0
"F1830","D",174308,24,0.964,0.314,2026,"N28",28.97,30.6353273698415,28.6719755171841,-1.66532736984155,FALSE,2902.79883182341
"F1831","A",145388,36,0.926,0.342,2025,"N19",29.8,30.6370416881825,28.6733187145932,-0.837041688182481,FALSE,1216.95816961475
"F1832","A",81336,12,0.958,0.371,2025,"N36",31.2,29.3172951748784,27.3536296611394,1.8827048251216,FALSE,0
"F1833","D",41086,36,0.912,0.347,2024,"N25",29.44,28.6281318255469,26.6643614587988,0.811868174453114,FALSE,0
"F1834","D",23024,24,0.912,0.514,2024,"N05",28.31,27.9041714696664,25.9404910287278,0.405828530333608,FALSE,0
"F1835","E",36673,12,0.859,0.584,2024,"N18",25.75,28.4246183873282,26.4593584683378,-2.67461838732824,TRUE,980.862801184887
"F1836","C",47527,24,0.975,0.332,2024,"N03",29.62,28.7344015895925,26.770867730319,0.885598410407518,FALSE,0
"F1837","B",4101,12,0.898,0.21,2024,"N11",22.26,23.9878456757606,22.0214410123882,-1.72784567576061,FALSE,70.8589511629427
"F1838","C",87965,12,0.951,0.276,2025,"N04",28.71,29.2524561335374,27.288596274116,-0.542456133537428,FALSE,477.171537866198
"F1839","C",129204,24,1,0.379,2024,"N29",31.5,30.5163075297082,28.5525375180001,0.983692470291761,FALSE,0
"F1840","B",697056,24,1,0.388,2025,"N16",34.24,33.1756486474267,31.2109438578592,1.06435135257325,FALSE,0
"F1841","C",724798,12,0.954,0.495,2025,"N17",34.04,33.2530362378792,31.2884223079947,0.786963762120827,FALSE,0
"F1842","C",183838,12,0.938,0.31,2026,"N39",29.37,30.4559422521641,28.4921259631923,-1.08594225216408,FALSE,1996.3745175334
"F1843","B",111527,12,0.891,0.016,2025,"N14",29.03,28.7212929657023,26.7560646468361,0.308707034297662,FALSE,0
"F1844","E",106173,24,0.945,0.137,2026,"N12",28.8,29.2511086066713,27.2873156617782,-0.45110860667128,FALSE,478.955540961098
"F1845","B",299290,24,0.945,0.613,2025,"N40",31.43,32.3495003942984,30.3856651555857,-0.919500394298403,FALSE,2751.97273009569
"F1846","B",364890,12,0.871,0.095,2025,"N21",31,30.8047684529716,28.8392150573151,0.195231547028357,FALSE,0
"F1847","E",15544,24,0.922,0.421,2026,"N36",29.02,26.9275799705808,24.9634936783684,2.09242002941917,FALSE,0
"F1848","A",264183,12,0.959,0.173,2024,"N34",31.51,30.6498270183572,28.6855582853941,0.860172981642833,FALSE,0
"F1849","D",57991,36,0.965,0.092,2024,"N35",27.72,28.5636574934119,26.5992813950346,-0.843657493411889,FALSE,489.245417004489
"F1850","C",101846,36,0.897,0.168,2026,"N01",29.13,29.5640024664803,27.5996064712674,-0.434002466480322,FALSE,442.014152011549
"F1851","A",66620,24,0.916,0.308,2024,"N29",25.66,29.0062811206942,27.0429841819776,-3.34628112069425,TRUE,2229.29248260651
"F1852","A",161007,24,0.893,0.568,2025,"N37",33.12,31.1078808189656,29.1442148333934,2.01211918103439,FALSE,0
"F1853","E",30166,36,0.977,0.339,2026,"N29",30.05,28.12912511341,26.1646705866917,1.92087488658995,FALSE,0
"F1854","A",107421,12,0.905,0.254,2025,"N25",29.42,29.3336452691249,27.3697072540099,0.0863547308751365,FALSE,0
"F1855","E",16897,12,0.963,0.377,2024,"N22",27.18,26.7979602479839,24.8334660439623,0.382039752016119,FALSE,0
"F1856","B",349640,24,0.936,0.63,2024,"N13",34.32,32.6292137437918,30.6652014582738,1.69078625620823,FALSE,0
"F1857","A",284546,12,0.976,0.69,2026,"N08",31.42,32.2063211082944,30.2416558556395,-0.786321108294395,FALSE,2237.44526080737
"F1858","C",64678,24,1,0.597,2024,"N04",30.14,30.0205596575993,28.0565056912457,0.119440342400672,FALSE,0
"F1859","D",90089,36,0.897,0.286,2026,"N30",30.98,29.6378144570433,27.6738392466781,1.34218554295675,FALSE,0
"F1860","C",48318,24,0.952,0.116,2026,"N18",25.58,28.0615766286814,26.0975225545251,-2.48157662868141,TRUE,1199.04819544628
"F1861","C",240172,24,0.93,0.493,2025,"N31",29.24,31.6978231544896,29.734470922932,-2.45782315448956,TRUE,5903.00302660068
"F1862","C",200238,12,1,0.832,2025,"N26",31.4,32.2265772081041,30.2608135707561,-0.826577208104148,FALSE,1655.12166996358
"F1863","A",61236,24,0.974,0.098,2026,"N10",30.6,28.3422487918847,26.3779800565965,2.25775120811528,FALSE,0
"F1864","A",82680,24,0.935,0.462,2024,"N18",31.18,29.8213218021563,27.8581891916855,1.35867819784369,FALSE,0
"F1865","E",141030,36,0.928,0.522,2026,"N19",30.67,31.0219759643153,29.0580780090767,-0.351975964315297,FALSE,496.391702473864
"F1866","A",41393,24,1,0.439,2025,"N13",28.63,28.7713815878239,26.8073674731809,-0.141381587823911,FALSE,58.5220806479516
"F1867","E",146406,24,1,0.138,2025,"N31",29.48,29.9214566381207,27.9569261534318,-0.441456638120652,FALSE,646.319005606922
"F1868","C",192693,36,0.868,0.36,2025,"N29",30.03,31.1191655850737,29.1547087564631,-1.08916558507375,FALSE,2098.74584084616
"F1869","E",1978117,36,0.934,0.269,2026,"N02",32.57,34.5534469593296,32.5877282737775,-1.98344695932956,TRUE,39234.9014884812
"F1870","A",160468,24,0.884,0.124,2026,"N29",30.48,29.7884759806214,27.8241199044112,0.691524019378644,FALSE,0
"F1871","D",46840,36,0.933,0.449,2024,"N02",28.97,29.1647086019175,27.2010744850216,-0.194708601917537,FALSE,91.2015091381741
"F1872","D",485853,36,0.938,0.594,2026,"N24",33.57,33.281487078319,31.3170549609338,0.288512921681033,FALSE,0
"F1873","D",160523,36,0.909,0.236,2026,"N37",31.75,30.445480438964,28.4814939608016,1.30451956103605,FALSE,0
"F1874","C",64282,12,1,0.332,2026,"N11",31.32,28.9515926501504,26.9872546751099,2.3684073498496,FALSE,0
"F1875","C",297717,24,0.909,0.846,2024,"N34",32.7,32.994584359448,31.0295431679271,-0.294584359447981,FALSE,877.027717417746
"F1876","C",55002,12,0.978,0.465,2025,"N28",26.22,29.0826448076866,27.1186233710048,-2.8626448076866,TRUE,1574.51189712378
"F1877","E",611576,12,0.854,0.402,2026,"N07",33.28,32.3638031073328,30.3982439070323,0.916196892667223,FALSE,0
"F1878","E",273404,24,0.904,0.114,2025,"N35",31.27,30.6729032737775,28.7086197619721,0.597096726222507,FALSE,0
"F1879","E",74830,36,0.953,0.67,2025,"N08",30.49,30.5185762338079,28.5540553543058,-0.0285762338078897,FALSE,21.3835957584438
"F1880","A",105972,36,0.985,0.308,2024,"N06",29.98,30.1462999402519,28.1822167271133,-0.166299940251935,FALSE,176.231372683781
"F1881","E",1325200,24,0.912,0.253,2024,"N25",32.1,33.6076902635179,31.6426713808153,-1.50769026351789,FALSE,19979.9113721391
"F1882","D",79173,24,0.992,0.426,2025,"N28",30.59,29.7873353732318,27.8236821392955,0.802664626768234,FALSE,0
"F1883","D",68954,12,0.956,0.436,2026,"N01",29.21,29.2116702040641,27.2479817265592,-0.00167020406414764,FALSE,1.15167251039236
"F1884","C",258108,36,0.871,0.73,2025,"N25",30.96,32.6335219026632,30.6682954821778,-1.67352190266322,FALSE,4319.49391252598
"F1885","B",137960,36,1,0.816,2026,"N27",31.63,32.0006507105372,30.0348432160968,-0.370650710537237,FALSE,511.349720257173
"F1886","D",89823,24,0.89,0.429,2026,"N14",30.03,29.7562748207186,27.7927755530302,0.273725179281413,FALSE,0
"F1887","C",248186,12,1,0.256,2025,"N16",30.84,30.95094684436,28.9862841300562,-0.11094684436004,FALSE,275.354535143409
"F1888","D",10010,36,0.873,0.221,2024,"N33",25.69,25.937562049837,23.9720251382722,-0.247562049836976,FALSE,24.7809611886813
"F1889","B",124055,36,0.995,0.277,2024,"N38",28.8,30.3537721820915,28.3894250375383,-1.55377218209147,FALSE,1927.53208049358
"F1890","C",610811,24,0.994,0.489,2026,"N14",36,33.2548353344023,31.2905091223454,2.74516466559769,FALSE,0
"F1891","C",558836,24,0.989,0.392,2025,"N25",33.88,32.8786824161857,30.9144833059083,1.00131758381435,FALSE,0
"F1892","C",44356,24,0.93,0.194,2025,"N11",24.28,28.1507055275953,26.1869901973107,-3.87070552759528,TRUE,1716.89014382016
"F1893","A",110986,12,0.979,0.642,2024,"N16",32.95,30.6168834821951,28.6526400006579,2.33311651780487,FALSE,0
"F1894","E",287266,12,0.821,0.397,2026,"N01",32.37,31.0765239187146,29.1103612754492,1.29347608128543,FALSE,0
"F1895","C",79948,12,0.946,0.322,2026,"N10",29.76,29.1706616040397,27.2069213053471,0.589338395960286,FALSE,0
"F1896","C",203267,24,0.936,0.676,2026,"N27",30.3,31.9078762394241,29.9441477811319,-1.60787623942408,FALSE,3268.28179559015
"F1897","A",195266,36,0.922,0.482,2026,"N30",31.61,31.4471655604033,29.4832964618088,0.162834439596715,FALSE,0
"F1898","B",12990,12,1,0.264,2024,"N35",26.12,26.1799188089994,24.2145852068764,-0.0599188089994342,FALSE,7.78345328902651
"F1899","E",264302,24,0.977,0.267,2025,"N02",29.41,31.1870980703802,29.2231881086163,-1.77709807038021,FALSE,4696.9057419763
"F1900","A",114068,12,0.974,0.213,2026,"N40",29.53,29.3966734196921,27.4325380202869,0.133326580307909,FALSE,0
"F1901","B",92003,36,0.963,0.745,2024,"N09",32.29,31.1301700885159,29.1654132626849,1.15982991148409,FALSE,0
"F1902","E",75230,36,0.968,0.071,2025,"N36",28.1,28.8712596354778,26.9064313648081,-0.771259635477829,FALSE,580.218623769971
"F1903","C",7805,24,0.973,0.61,2025,"N01",26.77,26.6180770929573,24.6529258598518,0.151922907042749,FALSE,0
"F1904","E",93584,12,0.867,0.296,2025,"N38",29.34,29.1311726918623,27.1665274958303,0.208827308137693,FALSE,0
"F1905","A",341379,36,0.941,0.28,2024,"N28",32.34,31.8586115022166,29.8945446693102,0.481388497783442,FALSE,0
"F1906","D",528709,36,1,0.177,2024,"N18",33.85,32.4101920669058,30.4450934664352,1.43980793309421,FALSE,0
"F1907","B",130882,12,0.944,0.476,2025,"N20",33.75,30.3714938639467,28.4077009769112,3.37850613605326,FALSE,0
"F1908","D",86813,24,0.907,0.559,2024,"N27",31.18,30.1477577499915,28.1843632309442,1.03224225000854,FALSE,0
"F1909","A",66716,24,0.938,0.425,2026,"N18",27.51,29.3308602558693,27.3676226288499,-1.82086025586929,FALSE,1214.80512830576
"F1910","E",505758,24,0.945,0.387,2026,"N26",33.66,32.4551837091023,30.4913920312665,1.20481629089774,FALSE,0
"F1911","D",1330375,24,0.949,0.314,2025,"N27",34.34,33.9119253124878,31.9472505753665,0.428074687512201,FALSE,0
"F1912","D",112481,12,0.96,0.486,2025,"N33",29.21,30.1924447557111,28.228665649793,-0.982444755711096,FALSE,1105.0636856714
"F1913","D",4814,12,0.966,0.234,2024,"N38",28.07,24.4461799448982,22.4804623840357,3.6238200551018,FALSE,0
"F1914","B",145209,12,0.983,0.236,2024,"N05",30.32,29.9367751373674,27.9724637410935,0.383224862632556,FALSE,0
"F1915","E",691527,12,0.896,0.742,2026,"N39",34.03,33.5962088295069,31.6304808234507,0.433791170493137,FALSE,0
"F1916","D",21339,36,0.916,0.641,2026,"N19",28.91,28.3643379720323,26.3996089685925,0.545662027967669,FALSE,0
"F1917","B",40193,36,0.884,0.042,2024,"N05",26.96,27.6770067349638,25.7117339148361,-0.717006734963817,FALSE,288.186516984007
"F1918","D",16454,24,0.933,0.565,2026,"N12",27.85,27.5006838583714,25.536598472779,0.349316141628613,FALSE,0
"F1919","C",136738,24,0.995,0.26,2026,"N09",30.42,30.2146733132261,28.2508024681835,0.205326686773873,FALSE,0
"F1920","B",1719874,12,0.975,0.592,2025,"N02",32.71,34.8833612126671,32.9172743469161,-2.17336121266706,TRUE,37379.0744227455
"F1921","B",365185,12,0.892,0.166,2025,"N12",32.09,31.0454684297338,29.0806018869476,1.0445315702662,FALSE,0
"F1922","C",15121,36,0.866,0.534,2026,"N24",27.24,27.478353846706,25.5129483729058,-0.238353846705987,FALSE,36.0414851604123
"F1923","E",21271,12,0.89,0.261,2024,"N36",27.51,26.7023905653972,24.7376374183516,0.807609434602799,FALSE,0
"F1924","E",199383,12,0.989,0.499,2024,"N31",29.83,31.1447192722139,29.1803403489942,-1.31471927221392,FALSE,2621.32672651829
"F1925","D",73120,12,0.993,0.307,2025,"N27",27.75,29.0615604262814,27.0973661253851,-1.31156042628135,FALSE,959.012983696926
"F1926","E",13243,36,1,0.733,2026,"N20",29.45,27.9615245493008,25.9951317038925,1.48847545069925,FALSE,0
"F1927","C",151893,24,0.846,0.315,2025,"N27",30.69,30.3041261180841,28.3394893629878,0.385873881915852,FALSE,0
"F1928","B",36203,24,0.824,0.581,2024,"N09",30.15,28.6457935168928,26.6800351668001,1.50420648310724,FALSE,0
"F1929","A",177440,24,1,0.809,2026,"N23",31.64,32.0953130209286,30.1301662182494,-0.455313020928592,FALSE,807.907424335695
"F1930","E",200626,24,0.932,0.759,2024,"N14",32.38,32.0434345032455,30.0789807566507,0.336565496754517,FALSE,0
"F1931","D",146863,12,0.944,0.355,2025,"N09",29.49,30.2211504012367,28.2574694574776,-0.731150401236654,FALSE,1073.78941376819
"F1932","B",28162,12,0.947,0.131,2024,"N04",26.18,26.9453507839692,24.9807305331601,-0.765350783969222,FALSE,215.538087781412
"F1933","E",36441,12,0.917,0.266,2025,"N21",27.96,27.6303178306913,25.6661247541351,0.329682169308665,FALSE,0
"F1934","B",80614,36,0.961,0.33,2025,"N11",27.3,29.7479346761942,27.7841250423594,-2.44793467619422,TRUE,1973.3780598672
"F1935","A",48428,12,0.859,0.353,2026,"N37",28.11,28.199868601712,26.235064372236,-0.0898686017120092,FALSE,43.5215664370918
"F1936","A",348959,36,0.848,0.175,2026,"N28",32,31.3740770509351,29.4083408249221,0.625922949064865,FALSE,0
"F1937","C",402800,24,0.89,0.626,2024,"N02",33.05,32.8243717919928,30.8600256481075,0.225628208007201,FALSE,0
"F1938","B",125842,36,0.893,0.117,2025,"N18",31.4,29.7338262355316,27.7692960668181,1.66617376446838,FALSE,0
"F1939","C",293259,24,0.95,0.634,2025,"N30",34.33,32.4521353194319,30.4883551993232,1.87786468056813,FALSE,0
"F1940","E",615158,12,0.913,0.228,2026,"N07",34.26,31.9956368232147,30.0308805463203,2.26436317678525,FALSE,0
"F1941","D",31993,12,0.866,0.468,2024,"N20",28.6,27.9491844539235,25.984488161978,0.650815546076529,FALSE,0
"F1942","A",62080,36,0.962,0.276,2026,"N39",28.22,29.1075884100046,27.1435062178978,-0.887588410004639,FALSE,551.01488493088
"F1943","C",1016350,12,0.86,0.888,2025,"N31",33.7,34.7217606090796,32.7541508153651,-1.02176060907957,FALSE,10384.6639503802
"F1944","B",81414,24,0.967,0.675,2026,"N07",29.97,30.4310030848067,28.4670032560078,-0.461003084806666,FALSE,375.321051464499
"F1945","D",52668,36,1,0.475,2026,"N05",30.63,29.5042203549208,27.5397624668675,1.12577964507917,FALSE,0
"F1946","B",106145,36,0.99,0.389,2024,"N22",30.19,30.4094010797204,28.445264271247,-0.219401079720392,FALSE,232.88327606921
"F1947","B",179576,24,0.903,0.589,2024,"N11",32,31.383835061944,29.4200574362035,0.616164938055988,FALSE,0
"F1948","E",16873,36,0.987,0.295,2026,"N25",26.48,27.0934599134979,25.1283856651182,-0.613459913497923,FALSE,103.509091204505
"F1949","A",102872,12,0.879,0.458,2024,"N19",30.71,29.7885014678287,27.8243262016727,0.92149853217132,FALSE,0
"F1950","B",324201,36,0.957,0.05,2025,"N24",30.92,31.1829203913384,29.2179603863005,-0.262920391338426,FALSE,852.39053792309
"F1951","D",60456,36,0.879,0.524,2024,"N16",28.11,29.6821920942147,27.7179646274256,-1.57219209421472,FALSE,950.484452478454
"F1952","B",55747,24,0.926,0.838,2024,"N27",31.34,30.2532410464601,28.2883998839997,1.08675895353994,FALSE,0
"F1953","C",312716,24,0.876,0.398,2025,"N12",32.38,31.7513468129188,29.7873110123404,0.628653187081191,FALSE,0
"F1954","C",37869,12,0.964,0.627,2024,"N26",28.34,28.9134443130997,26.9491343060093,-0.573444313099657,FALSE,217.157626927709
"F1955","B",21902,24,0.926,0.416,2026,"N09",29.88,27.5214173458917,25.557640772045,2.35858265410829,FALSE,0
"F1956","E",79558,12,0.91,0.398,2024,"N29",29.11,29.2390578931701,27.2751712650925,-0.129057893170096,FALSE,102.675878648265
"F1957","E",225183,24,0.944,0.134,2025,"N23",28.98,30.4939869735588,28.5300105686274,-1.51398697355879,FALSE,3409.24128666888
"F1958","B",67685,12,0.918,0.161,2025,"N30",28.97,28.3799608810386,26.4157164380554,0.590039118961371,FALSE,0
"F1959","E",3966,12,0.954,0.224,2026,"N25",25.9,23.9803445399017,22.014030797478,1.91965546009828,FALSE,0
"F1960","D",38923,12,0.881,0.353,2026,"N20",27.88,27.9200114393998,25.9556529182689,-0.0400114393998052,FALSE,15.5736525575862
"F1961","B",152062,36,0.995,0.198,2026,"N35",30.86,30.4094339454723,28.4447771260158,0.450566054527652,FALSE,0
"F1962","E",736905,36,0.875,0.278,2026,"N26",32.03,32.8848690057135,30.919626102885,-0.854869005713489,FALSE,6299.57244655299
"F1963","B",85172,24,0.927,0.427,2026,"N19",29.36,29.7302329225919,27.7669771608471,-0.37023292259191,FALSE,315.334784829982
"F1964","A",1928891,12,1,0.466,2026,"N04",36.6,34.6883736544701,32.7222693356746,1.91162634552988,FALSE,0
"F1965","A",28225,36,0.949,0.473,2024,"N16",29.84,28.4223524362817,26.4582796747077,1.41764756371825,FALSE,0
"F1966","E",49359,36,0.857,0.294,2024,"N03",29.55,28.6126681137016,26.6477245786669,0.93733188629837,FALSE,0
"F1967","D",107641,12,0.884,0.54,2024,"N24",29.38,30.1297050764637,28.1654962466739,-0.749705076463737,FALSE,806.990041356331
"F1968","B",248903,24,0.939,0.317,2025,"N13",30.9,31.2104687695863,29.2470501976996,-0.310468769586326,FALSE,772.766081563452
"F1969","C",66778,12,0.88,0.22,2025,"N26",27.64,28.5190159725628,26.5544183879447,-0.879015972562765,FALSE,586.989286157963
"F1970","C",212686,12,0.904,0.412,2024,"N19",32.78,30.9602787029367,28.9962141057558,1.81972129706325,FALSE,0
"F1971","B",68280,36,0.927,0.371,2025,"N23",31.45,29.5327687231498,27.5690862704235,1.91723127685017,FALSE,0
"F1972","A",174598,24,0.936,0.203,2024,"N16",31.41,30.2926678096721,28.3291680519977,1.1173321903279,FALSE,0
"F1973","A",191447,24,0.904,0.362,2025,"N20",29.8,30.8269362536686,28.8635494814465,-1.02693625366858,FALSE,1966.03864956089
"F1974","E",119511,36,0.949,0.517,2026,"N23",31.45,30.7824068101807,28.8184981972824,0.667593189819264,FALSE,0
"F1975","E",126402,24,0.932,0.55,2026,"N06",31.47,30.6671919967229,28.7037576830769,0.802808003277118,FALSE,0
"F1976","A",72972,36,0.989,0.737,2025,"N20",29.77,30.7625151465106,28.7974329347553,-0.992515146510566,FALSE,724.258152711691
"F1977","A",42723,36,0.864,0.18,2026,"N21",25.65,28.0533349878626,26.0881145726204,-2.40333498786259,TRUE,1026.77680686453
"F1978","E",3474910,36,0.869,0.361,2026,"N23",35.85,35.5918018223337,33.6247091377304,0.258198177666323,FALSE,0
"F1979","E",34336,36,0.869,0.381,2024,"N32",28.82,28.2985245424352,26.3337988145532,0.521475457564755,FALSE,0
"F1980","C",540028,36,0.859,0.163,2025,"N12",32.19,32.1993783734298,30.2337101811309,-0.00937837342983272,FALSE,50.645842465657
"F1981","D",362784,36,0.888,0.259,2024,"N06",31.16,31.8251983783049,29.8607929770908,-0.665198378304947,FALSE,2413.23328474982
"F1982","D",106415,12,0.869,0.377,2026,"N32",30.1,29.5762537797028,27.6118417330657,0.523746220297216,FALSE,0
"F1983","B",98087,36,0.91,0.227,2025,"N32",29.18,29.676076561714,27.7121273788049,-0.496076561714005,FALSE,486.586617088417
"F1984","D",42644,12,0.87,0.371,2025,"N11",29.85,28.1446318447144,26.180111091725,1.70536815528562,FALSE,0
"F1985","B",133506,36,1,0.295,2026,"N31",31.13,30.4831242508416,28.518617272564,0.646875749158394,FALSE,0
"F1986","A",26928,24,0.894,0.571,2024,"N31",28.87,28.2527513438938,26.2887392764551,0.617248656106213,FALSE,0
"F1987","D",104648,12,0.973,0.128,2025,"N37",28.91,29.0947863483628,27.1304041123033,-0.184786348362795,FALSE,193.375217834698
"F1988","D",1174501,36,0.909,0.251,2025,"N38",36.45,33.7249946013751,31.7598247079551,2.72500539862492,FALSE,0
"F1989","E",439612,24,0.893,0.547,2024,"N16",33.35,32.6303831835043,30.6661174045189,0.719616816495659,FALSE,0
"F1990","B",20192,24,0.876,0.707,2025,"N40",27.29,28.163270947414,26.1982100150581,-0.873270947414024,FALSE,176.33086970184
"F1991","A",127226,12,0.935,0.574,2024,"N26",31.97,30.5611654278336,28.5973781828855,1.40883457216641,FALSE,0
"F1992","A",65726,12,0.92,0.674,2025,"N35",29.36,29.755876200005,27.7916508414812,-0.395876200005038,FALSE,260.193591215311
"F1993","A",20316,24,0.873,0.096,2025,"N17",25.07,26.426129470731,24.4609787350194,-1.35612947073104,FALSE,275.511263273718
"F1994","E",412413,12,0.944,0.532,2025,"N02",30.6,32.3170031299592,30.3526002442938,-1.71700312995921,FALSE,7081.14411835867
"F1995","A",12146,24,0.941,0.539,2024,"N30",27.08,26.9761694052627,25.0119417421063,0.103830594737346,FALSE,0
"F1996","B",189444,36,0.931,0.276,2026,"N02",29.09,30.8597437375457,28.8958421950507,-1.76974373754571,FALSE,3352.67332615609
"F1997","D",998327,12,0.878,0.243,2025,"N24",32.64,32.8521323684911,30.8865135427988,-0.212132368491098,FALSE,2117.77471038612
"F1998","E",722341,36,0.939,0.399,2026,"N15",33.01,33.3143090003645,31.3497758658633,-0.304309000364533,FALSE,2198.14867632317
"F1999","B",24391,36,0.977,0.515,2024,"N38",26.04,28.3828212710847,26.4183341952887,-2.34282127108468,TRUE,571.437536230265
"F2000","B",80528,36,0.924,0.689,2026,"N30",31.65,30.6370387305554,28.6726470596406,1.01296126944456,FALSE,0
"F2001","A",86928,36,0.885,0.506,2024,"N33",30.94,30.1962648621362,28.2321113250639,0.74373513786378,FALSE,0
"F2002","D",99809,24,0.893,0.476,2024,"N19",27.63,30.1113857061303,28.1479789003344,-2.48138570613031,TRUE,2476.64625943161
"F2003","C",329460,36,1,0.406,2026,"N33",32.42,32.3093142169383,30.3448061923622,0.11068578306174,FALSE,0
"F2004","D",238884,36,0.932,0.22,2024,"N12",31.38,31.1293843328398,29.165488918876,0.250615667160236,FALSE,0
"F2005","E",945771,24,0.925,0.484,2024,"N18",32.59,33.741355341557,31.776870379256,-1.15135534155699,FALSE,10889.184927397
"F2006","B",53107,12,0.951,0.669,2026,"N04",27.45,29.4336560975038,27.4692343084557,-1.98365609750378,TRUE,1053.46024370133
"F2007","E",185538,12,0.904,0.515,2024,"N20",33.13,30.9134310366795,28.9492656827396,2.21656896332054,FALSE,0
"F2008","C",504006,12,0.875,0.654,2026,"N10",32.25,32.9198416160597,30.9545417799963,-0.669841616059671,FALSE,3376.0419354377
"F2009","D",208294,24,0.943,0.217,2026,"N33",30.41,30.6082227514613,28.6447243762034,-0.198222751461309,FALSE,412.886097928818
"F2010","E",12406,24,0.955,0.634,2025,"N17",26.82,27.2762576414627,25.3114168652934,-0.456257641462734,FALSE,56.6033229998668
"F2011","B",132690,36,0.974,0.095,2026,"N40",28.64,29.8617060374015,27.8969904715874,-1.22170603740149,FALSE,1621.08174102804
"F2012","B",147489,24,0.944,0.07,2026,"N09",30.23,29.6383883887138,27.6742323726669,0.591611611286233,FALSE,0
"F2013","B",122068,36,0.943,0.404,2025,"N20",31.12,30.5867089246857,28.6230546559847,0.53329107531431,FALSE,0
"F2014","A",37181,24,0.949,0.391,2026,"N09",28.5,28.3193417376593,26.3558740820124,0.180658262340682,FALSE,0
"F2015","C",277273,36,0.973,0.883,2025,"N08",31.76,33.3716461136833,31.4058816209037,-1.6116461136833,FALSE,4468.6595287931
"F2016","D",124906,36,0.932,0.558,2026,"N34",29.23,30.9924629721146,29.0286299362601,-1.76246297211458,FALSE,2201.42199994944
"F2017","D",42865,24,0.87,0.344,2026,"N02",27.29,28.294075333217,26.3300198585836,-1.00407533321702,FALSE,430.396891583477
"F2018","E",204485,24,0.919,0.108,2026,"N04",28.31,30.170496262149,28.2064429664778,-1.86049626214899,FALSE,3804.43578165536
"F2019","A",99348,12,0.992,0.575,2025,"N35",29.69,30.2758034234325,28.3115118311906,-0.585803423432537,FALSE,581.983985111757
"F2020","B",58974,24,0.969,0.541,2025,"N28",31.11,29.589914376594,27.6263044233042,1.52008562340595,FALSE,0
"F2021","E",49561,36,0.968,0.258,2026,"N32",29.9,28.6798191689347,26.7155853867291,1.22018083106532,FALSE,0
"F2022","A",30815,24,0.918,0.615,2026,"N12",28.08,28.58958545393,26.6256684462294,-0.509585453930029,FALSE,157.028757628538
"F2023","B",113738,12,0.945,0.552,2024,"N29",31.88,30.3619449686887,28.3979976573215,1.5180550313113,FALSE,0
"F2024","B",54604,24,0.937,0.435,2024,"N22",30.97,29.1077261876928,27.1444414443255,1.86227381230715,FALSE,0
"F2025","D",383454,36,0.929,0.146,2024,"N26",32.28,31.6738929555566,29.7095082268388,0.606107044443384,FALSE,0
"F2026","C",95541,36,0.963,0.386,2025,"N26",30.95,30.248115504057,28.2843819898463,0.701884495943041,FALSE,0
"F2027","C",259402,36,0.926,0.499,2025,"N20",32.76,32.0961642036943,30.1323272708698,0.66383579630569,FALSE,0
"F2028","E",40245,24,0.966,0.476,2024,"N26",30.7,28.738123276327,26.7744960549078,1.96187672367302,FALSE,0
"F2029","A",58858,36,0.947,0.13,2026,"N19",27.92,28.5832672068105,26.6187767495319,-0.663267206810534,FALSE,390.385812584544
"F2030","D",110179,12,0.923,0.236,2026,"N16",30.73,29.3377453247866,27.3738831441485,1.39225467521337,FALSE,0
"F2031","D",248471,24,0.944,0.324,2024,"N33",31.14,31.2419493469816,29.2786956780649,-0.101949346981566,FALSE,253.314561938568
"F2032","E",306603,36,0.912,0.44,2024,"N04",30.69,32.0537723523538,30.089647770579,-1.36377235235379,FALSE,4181.36694548728
"F2033","B",120874,36,0.903,0.11,2024,"N21",31.2,29.6683608776617,27.7038668855516,1.53163912233829,FALSE,0
"F2034","B",137069,36,0.946,0.547,2024,"N17",29.27,31.1800060180242,29.2161298424094,-1.91000601802422,FALSE,2618.02614884562
"F2035","E",206368,12,0.99,0.173,2026,"N05",29.23,30.2367706129321,28.272101534828,-1.0067706129321,FALSE,2077.65237849573
"F2036","B",264299,24,0.839,0.476,2025,"N17",30.9,31.564338246828,29.5994058589329,-0.664338246827981,FALSE,1755.83934298389
"F2037","C",357021,24,0.934,0.138,2026,"N04",30.74,31.2938630161796,29.3297561691716,-0.553863016179616,FALSE,1977.40727899463
"F2038","D",13984,12,1,0.14,2024,"N06",26.48,25.9546859698836,23.9893206399391,0.525314030116437,FALSE,0
"F2039","E",292366,36,0.944,0.426,2026,"N31",29.43,31.9504526298197,29.9864684991864,-2.5204526298197,TRUE,7368.94653569866
"F2040","E",94922,12,0.981,0.151,2026,"N12",27.74,28.9135384313879,26.9490355051346,-1.17353843138794,FALSE,1113.94614984206
"F2041","B",116190,36,0.887,0.24,2025,"N07",29.21,29.940453191145,27.9762740147806,-0.730453191145003,FALSE,848.713562791379
"F2042","D",41689,24,0.915,0.039,2026,"N37",25.41,27.477123436205,25.5127086797265,-2.06712343620496,TRUE,861.763089319484
"F2043","A",261861,36,0.984,0.513,2024,"N27",31.94,32.1702986162746,30.2060289394754,-0.230298616274592,FALSE,603.062259562809
"F2044","E",445470,12,0.992,0.086,2025,"N16",31.44,31.2773840053186,29.3118497568576,0.162615994681367,FALSE,0
"F2045","C",433181,36,0.91,0.398,2026,"N32",30.33,32.5549301099669,30.5907929913254,-2.2249301099669,TRUE,9637.97449965571
"F2046","C",50148,36,0.854,0.29,2024,"N32",30.22,28.7388098606106,26.7737855823754,1.48119013938937,FALSE,0
"F2047","B",16513,36,0.922,0.616,2025,"N16",25.08,27.9378780923038,25.973089003224,-2.85787809230378,TRUE,471.921409382123
"F2048","B",498223,12,0.91,0.613,2026,"N11",31.94,32.7856109100898,30.8208269707502,-0.845610910089786,FALSE,4213.02804457663
"F2049","B",63131,36,0.926,0.681,2025,"N06",29.7,30.2769062205251,28.3125619073639,-0.576906220525078,FALSE,364.206666079687
"F2050","A",13442,36,0.865,0.228,2025,"N04",28.7,26.3860285182241,24.4203539218762,2.31397148177589,FALSE,0
"F2051","C",328035,36,0.888,0.169,2024,"N10",31.23,31.4722483795974,29.5074239938446,-0.242248379597449,FALSE,794.65947201249
"F2052","B",8185,24,1,0.79,2024,"N34",26.59,27.1845715787855,25.2181272400488,-0.594571578785466,FALSE,48.6656837235904
"F2053","E",348116,36,0.861,0.216,2025,"N20",31.07,31.530994712775,29.5657949952807,-0.460994712774951,FALSE,1604.79635432365
"F2054","D",56277,36,0.953,0.419,2026,"N05",29.6,29.3639494754572,27.4001862513429,0.236050524542826,FALSE,0
"F2055","A",980407,36,0.973,0.439,2025,"N39",33.31,34.0568284306375,32.0918680234859,-0.746828430637507,FALSE,7321.95821196026
"F2056","D",110084,36,0.948,0.556,2025,"N40",30.28,30.8632965629761,28.8994478273785,-0.583296562976084,FALSE,642.116188386593
"F2057","B",50052,24,0.908,0.343,2026,"N37",28.35,28.6062872205666,26.6427864639938,-0.256287220566602,FALSE,128.276879637996
"F2058","B",117097,36,0.869,0.423,2024,"N02",30.59,30.4332006332376,28.4688102790373,0.156799366762431,FALSE,0
"F2059","A",37486,24,0.874,0.347,2024,"N08",29.58,28.1150540636219,26.1510346671746,1.46494593637813,FALSE,0
"F2060","B",50649,36,0.957,0.566,2025,"N09",30.12,29.6592911862955,27.6952126536649,0.460708813704461,FALSE,0
"F2061","D",169922,36,0.93,0.387,2025,"N11",30.77,31.0495541901162,29.0858969316887,-0.279554190116198,FALSE,475.024070929245
"F2062","A",107446,12,0.894,0.458,2025,"N08",30.28,29.8867931859983,27.9228945497745,0.393206814001747,FALSE,0
"F2063","A",23818,12,0.948,0.642,2024,"N28",27.92,28.0923845182723,26.1279526910243,-0.172384518272306,FALSE,41.0585445620979
"F2064","C",61892,36,1,0.35,2026,"N02",29.72,29.4727620798393,27.5083870973228,0.247237920160678,FALSE,0
"F2065","E",889211,24,0.922,0.222,2025,"N04",33.05,32.9003615548154,30.9357786522356,0.149638445184642,FALSE,0
"F2066","B",20698,36,0.958,0.523,2024,"N35",29.91,28.106289402664,26.1418802225574,1.80371059733598,FALSE,0
"F2067","C",202316,36,0.948,0.352,2024,"N04",31.12,31.3260673773627,29.3623106668372,-0.206067377362693,FALSE,416.907275185106
"F2068","E",2088297,36,0.972,0.562,2026,"N18",35.37,35.5361122672361,33.5700082042034,-0.166112267236151,FALSE,3468.91749332453
"F2069","D",39378,36,0.958,0.683,2024,"N40",29.53,29.5919734730574,27.6275470008098,-0.0619734730573853,FALSE,24.4039142205372
"F2070","D",257677,24,0.998,0.177,2024,"N09",31.76,30.9891676345713,29.0250104202292,0.770832365428706,FALSE,0
"F2071","A",109050,12,0.875,0.388,2026,"N31",30.46,29.6291773547442,27.6649013693332,0.830822645255843,FALSE,0
"F2072","E",32564,24,0.935,0.322,2024,"N08",29.71,27.9070836355992,25.9435248382153,1.80291636440082,FALSE,0
"F2073","C",268129,12,0.976,0.189,2026,"N28",30.76,30.79239460231,28.8279108440512,-0.0323946023100419,FALSE,86.8593232278922
"F2074","A",234806,24,0.857,0.619,2026,"N16",31.29,31.7391120547711,29.7744258911257,-0.449112054771128,FALSE,1054.54205132589
"F2075","C",97945,36,0.968,0.37,2026,"N12",29,30.2038601330562,28.2400709923534,-1.2038601330562,FALSE,1179.12080732189
"F2076","B",40760,24,0.854,0.874,2026,"N10",29.1,29.6680506761648,27.7017956722718,-0.568050676164813,FALSE,231.537455604778
"F2077","B",328610,24,0.97,0.489,2026,"N22",31.81,32.1493745484672,30.1855982966568,-0.33937454846718,FALSE,1115.218703718
"F2078","E",206958,24,0.999,0.055,2026,"N28",30.41,30.1922289082968,28.2273146897337,0.217771091703156,FALSE,0
"F2079","A",72037,36,0.894,0.602,2025,"N31",30.46,30.182358511753,28.2180913917774,0.277641488247021,FALSE,0
"F2080","B",35219,24,1,0.56,2024,"N30",30.25,28.8758863024735,26.9115928588016,1.37411369752647,FALSE,0
"F2081","B",71291,24,0.887,0.251,2024,"N18",29.89,28.9229325197782,26.9591229782366,0.967067480221786,FALSE,0
"F2082","B",55882,12,0.983,0.609,2025,"N03",29.52,29.4557077692155,27.4912042095313,0.0642922307844636,FALSE,0
"F2083","E",50018,12,0.918,0.235,2025,"N19",28.57,28.0524571638467,26.0883165694035,0.517542836153265,FALSE,0
"F2084","A",449256,36,0.905,0.614,2025,"N14",31.5,33.1697440716931,31.2051697331099,-1.66974407169308,FALSE,7501.42542672547
"F2085","A",87740,12,0.852,0.299,2026,"N12",30.47,28.9869948820792,27.0220420065447,1.48300511792083,FALSE,0
"F2086","A",562859,12,0.852,0.355,2025,"N30",30.49,32.1710698209655,30.2056270108095,-1.68106982096549,FALSE,9462.05278358817
"F2087","D",415392,24,0.956,0.068,2026,"N35",29.86,31.3198882582699,29.3554117357803,-1.45988825826993,FALSE,6064.25903379263
"F2088","D",328965,12,0.95,0.119,2024,"N26",29.26,30.8608999892502,28.8964077047765,-1.6008999892502,FALSE,5266.40064963693
"F2089","C",188427,12,1,0.613,2024,"N34",31.26,31.5131998208719,29.5485458932572,-0.253199820871888,FALSE,477.096826474273
"F2090","B",92677,36,0.85,0.34,2025,"N11",29.34,29.7892833580702,27.8244951852673,-0.449283358070193,FALSE,416.382337758713
"F2091","B",93720,36,0.948,0.094,2026,"N28",27.83,29.2525442430979,27.2880523357409,-1.42254424309789,FALSE,1333.20846463134
"F2092","B",1124596,12,0.986,0.353,2026,"N30",32.8,33.5029298851696,31.5374861154335,-0.702929885169581,FALSE,7905.1213714217
"F2093","B",391074,24,0.943,0.377,2026,"N40",31.55,32.0621597278512,30.0985236727805,-0.512159727851166,FALSE,2002.92353409667
"F2094","C",66585,12,0.978,0.07,2024,"N29",27.99,28.2780095245953,26.313119359251,-0.288009524595338,FALSE,191.771141951806
"F2095","B",240040,24,0.844,0.321,2024,"N18",30.05,30.9835362640479,29.018662147796,-0.93353626404787,FALSE,2240.86044822051
"F2096","D",54015,12,0.911,0.063,2025,"N40",27.05,27.7349724924613,25.7702860065332,-0.684972492461267,FALSE,369.987891802953
"F2097","C",99464,12,0.903,0.64,2026,"N33",30.46,30.3333473022255,28.3691190466774,0.1266526977745,FALSE,0
"F2098","A",31424,24,0.998,0.485,2025,"N36",28.28,28.4554572813367,26.4913095476622,-0.175457281336712,FALSE,55.1356960872483
"F2099","E",32911,36,0.917,0.382,2025,"N24",28.98,28.3245027620497,26.3603600731401,0.655497237950282,FALSE,0
"F2100","A",28656,36,0.928,0.069,2025,"N34",28.64,27.2710844621011,25.306107349034,1.3689155378989,FALSE,0
"F2101","C",154971,24,0.947,0.293,2026,"N06",30.07,30.4171226275759,28.453815093516,-0.347122627575899,FALSE,537.939407180647
"F2102","A",403054,24,0.909,0.352,2024,"N23",30.3,32.000931158053,30.0372383779822,-1.70093115805297,FALSE,6855.67106977882
"F2103","A",101207,36,0.909,0.24,2024,"N13",30.05,29.7374611308083,27.7734809029262,0.312538869191673,FALSE,0
"F2104","A",159168,12,0.86,0.704,2025,"N12",29.77,31.1437539822336,29.1784763210204,-1.37375398223358,FALSE,2186.57673844155
"F2105","C",73269,12,1,0.396,2025,"N27",29.32,29.3897676892466,27.4254600296475,-0.0697676892466355,FALSE,51.1180882341173
"F2106","D",54137,36,0.906,0.517,2024,"N08",29.65,29.5367543585323,27.5729082621697,0.113245641467657,FALSE,0
"F2107","D",142859,24,1,0.249,2025,"N11",29.56,30.2504900677979,28.2865189797637,-0.690490067797896,FALSE,986.427205955396
"F2108","C",24639,24,0.952,0.075,2025,"N35",26.26,26.9157849014653,24.9512122011961,-0.655784901465317,FALSE,161.57884187204
"F2109","D",360178,12,0.975,0.78,2026,"N09",33.69,32.8637098883223,30.8983670807256,0.826290111677714,FALSE,0
"F2110","A",257000,24,0.964,0.575,2024,"N32",33.78,32.0111004825725,30.0474760875449,1.7688995174275,FALSE,0
"F2111","D",156929,12,1,0.412,2024,"N17",32.25,30.5935066899227,28.6293476884849,1.65649331007729,FALSE,0
"F2112","B",101870,12,0.853,0.495,2026,"N18",30.96,29.8025129398489,27.837546780578,1.15748706015107,FALSE,0
"F2113","C",52969,12,1,0.099,2026,"N21",30.59,27.9862925273199,26.0211377459616,2.60370747268015,FALSE,0
"F2114","A",693596,12,0.971,0.36,2024,"N33",31.25,32.7449488495037,30.7803730685812,-1.49494884950375,FALSE,10368.905422204
"F2115","A",78400,36,0.884,0.925,2025,"N36",32.37,31.2072522425965,29.2410217701072,1.16274775740353,FALSE,0
"F2116","C",50083,36,0.972,0.722,2025,"N38",30.96,30.1750666217997,28.2103592377686,0.784933378200279,FALSE,0
"F2117","B",30287,36,0.899,0.361,2026,"N01",29.41,28.1006143256485,26.1363456342131,1.30938567435155,FALSE,0
"F2118","D",42461,36,0.983,0.458,2026,"N23",29.85,29.0790680112635,27.1148623439554,0.770931988736482,FALSE,0
"F2119","E",79261,36,0.914,0.611,2024,"N36",30.04,30.3708165339424,28.4065938328308,-0.330816533942354,FALSE,262.208492968049
"F2120","A",65595,36,0.952,0.4,2024,"N09",29.33,29.573928182966,27.6102111351012,-0.243928182965956,FALSE,160.004691616519
"F2121","E",221392,24,0.968,0.422,2026,"N14",32.02,31.2734757247131,29.3099417271799,0.746524275286909,FALSE,0
"F2122","E",58871,36,0.823,0.206,2025,"N27",27.14,28.583389310101,26.6172639369865,-1.44338931010103,FALSE,849.737720749577
"F2123","A",37687,24,0.984,0.541,2025,"N24",28.76,28.877600759594,26.913702697504,-0.117600759594009,FALSE,44.320198268194
"F2124","D",189681,36,0.936,0.174,2024,"N22",28.64,30.6380778488457,28.6741236797866,-1.99807784884567,TRUE,3789.97404446895
"F2125","C",40570,12,0.957,0.519,2025,"N12",27.18,28.7070855969698,26.7430955846544,-1.52708559696975,FALSE,619.53862669063
"F2126","E",872713,12,0.935,0.483,2026,"N23",33.64,33.3146659644107,31.3498839964857,0.325334035589272,FALSE,0
"F2127","B",21272,24,0.958,0.099,2024,"N01",26.62,26.6922843972544,24.7278120983082,-0.0722843972544069,FALSE,15.3763369839574
"F2128","C",84487,12,0.95,0.554,2025,"N09",31.33,29.9676036367847,28.0037573768441,1.36239636321528,FALSE,0
"F2129","B",38198,12,0.912,0.633,2024,"N08",28.16,28.778966343419,26.8145050138281,-0.618966343419011,FALSE,236.432763859194
"F2130","C",147963,36,0.928,0.642,2025,"N37",32.2,31.6024965551168,29.638459088719,0.597503444883198,FALSE,0
"F2131","A",504076,12,1,0.16,2024,"N35",33.49,31.7261210285242,29.7609046262005,1.76387897147584,FALSE,0
"F2132","A",57624,36,0.931,0.684,2026,"N16",28.04,30.0767518944006,28.1123192193657,-2.03675189440056,TRUE,1173.65791162938
"F2133","C",14943,24,0.895,0.6,2025,"N19",26.32,27.4827976206965,25.518263189273,-1.16279762069645,FALSE,173.756848460671
"F2134","E",143598,36,0.961,0.123,2025,"N11",29.92,30.0400282099937,28.0755226246058,-0.120028209993713,FALSE,172.358108986772
"F2135","E",109271,24,0.894,0.3,2024,"N11",29.36,29.7073043652744,27.7436735649416,-0.347304365274422,FALSE,379.502952979013
"F2136","D",218483,24,0.831,0.554,2026,"N39",32.01,31.4202228673572,29.4549342302908,0.589777132642848,FALSE,0
"F2137","A",37502,12,1,0.563,2024,"N25",28.38,28.6960596955915,26.7315220207117,-0.316059695591488,FALSE,118.52870704072
"F2138","D",46153,12,0.947,0.392,2024,"N38",29.11,28.4760096865824,26.5123902364157,0.633990313417591,FALSE,0
"F2139","A",40098,24,0.925,0.333,2024,"N04",26.49,28.2801929022911,26.3168352072446,-1.79019290229109,FALSE,717.831549960681
"F2140","D",51411,24,1,0.468,2024,"N30",31.34,29.2285711908847,27.2648202450679,2.11142880911527,FALSE,0
"F2141","C",89566,12,1,0.539,2024,"N07",31.36,30.1134658716858,28.1490994571171,1.24653412831421,FALSE,0
"F2142","B",520801,36,0.912,0.389,2025,"N38",34.29,32.8103867863546,30.8461116548204,1.47961321364537,FALSE,0
"F2143","E",171353,24,0.954,0.429,2024,"N27",31.61,30.9044994452857,28.9411165864942,0.705500554714341,FALSE,0
"F2144","E",63953,24,0.979,0.684,2026,"N37",28.85,30.0413260158241,28.0770542232737,-1.19132601582415,FALSE,761.888726900016
"F2145","D",17554,12,0.886,0.179,2025,"N12",26.72,26.2129302599475,24.2478689965379,0.507069740052501,FALSE,0
"F2146","D",566184,12,0.952,0.215,2026,"N26",30.93,31.9562338488141,29.9916589630241,-1.02623384881408,FALSE,5810.37185456953
"F2147","B",221727,24,1,0.633,2025,"N23",30.22,32.0292625601599,30.0647890082804,-1.80926256015989,FALSE,4011.62359676573
"F2148","B",539641,24,1,0.143,2026,"N27",32.41,32.0280856351192,30.0630498898001,0.381914364880792,FALSE,0
"F2149","B",3574,12,0.982,0.415,2024,"N26",22.19,24.5030059625369,22.5366361126914,-2.31300596253689,TRUE,82.6668331010685
"F2150","D",1771266,36,0.97,0.272,2025,"N36",36.83,34.557855913366,32.5921732965371,2.27214408663396,FALSE,0
"F2151","D",30940,12,0.967,0.022,2026,"N40",27.1,26.7843972629986,24.8192432286435,0.315602737001406,FALSE,0
"F2152","C",26519,36,0.919,0.605,2025,"N33",30.03,28.7269876990629,26.7626156366884,1.30301230093707,FALSE,0
"F2153","E",42158,12,0.924,0.561,2025,"N16",28.12,28.7065468168488,26.7423477202093,-0.586546816848802,FALSE,247.276407047118
"F2154","D",51978,36,0.852,0.15,2024,"N19",28.76,28.3373589596973,26.3721217603771,0.422641040302668,FALSE,0
"F2155","E",519074,12,0.971,0.363,2025,"N13",31.52,32.2614973674968,30.2969003043137,-0.741497367496766,FALSE,3848.92004536016
"F2156","A",6237,36,0.922,0.313,2026,"N19",24.02,25.4541917867397,23.4884883787689,-1.43419178673969,FALSE,89.4505417389544
"F2157","D",204189,12,0.93,0.071,2024,"N03",30.75,29.9239274968809,27.9594196469459,0.826072503119132,FALSE,0
"F2158","E",484301,24,0.914,0.602,2025,"N26",33.14,32.980105484206,31.0158569861491,0.15989451579398,FALSE,0
"F2159","A",394453,12,0.959,0.637,2026,"N30",32.3,32.5484138932657,30.5839567741929,-0.248413893265692,FALSE,979.876054403319
"F2160","B",226964,36,1,0.662,2024,"N23",33.14,32.4136580332637,30.4486035161343,0.726341966736285,FALSE,0
"F2161","D",318409,24,0.911,0.254,2024,"N09",32.84,31.3800122432788,29.4163941597741,1.45998775672122,FALSE,0
"F2162","E",63348,36,0.861,0.067,2024,"N26",29.81,28.3817644603492,26.4162170853537,1.42823553965075,FALSE,0
"F2163","E",42291,12,0.906,0.182,2026,"N29",25.8,27.5632848685323,25.5988734383897,-1.76328486853227,FALSE,745.710803750984
"F2164","E",45673,12,0.872,0.646,2024,"N35",29.2,28.9752056815237,27.010115500082,0.224794318476309,FALSE,0
"F2165","B",11769,24,0.869,0.708,2024,"N30",27.75,27.2877623707871,25.3220804278933,0.462237629212925,FALSE,0
"F2166","A",321981,24,0.944,0.262,2026,"N22",31.13,31.4059444699878,29.4423134552057,-0.275944469987799,FALSE,888.488763911415
"F2167","A",93692,12,0.974,0.445,2024,"N07",28.38,29.7820823292119,27.8183333107225,-1.40208232921195,FALSE,1313.63897588526
"F2168","D",153723,12,0.866,0.236,2025,"N20",30.38,29.811984939227,27.8472606034956,0.568015060772971,FALSE,0
"F2169","E",609275,24,0.976,0.571,2026,"N38",33.31,33.329620605675,31.3652018148366,-0.0196206056750086,FALSE,119.543445226408
"F2170","A",529866,24,0.919,0.477,2024,"N23",33.06,32.8096505387695,30.8458430715601,0.250349461230471,FALSE,0
"F2171","D",197965,12,0.995,0.241,2025,"N13",30.21,30.4756066395517,28.511155060109,-0.265606639551681,FALSE,525.808183988485
"F2172","B",37590,24,0.968,0.32,2025,"N06",28.45,28.245029764906,26.2814043848741,0.204970235094049,FALSE,0
"F2173","A",11731,36,0.992,0.365,2025,"N34",25.55,26.7936130730451,24.8282706682183,-1.24361307304512,FALSE,145.888249598923
"F2174","E",287703,36,1,0.303,2025,"N30",31.49,31.7334410087907,29.7686426756516,-0.243441008790661,FALSE,700.387085520996
"F2175","D",13142,36,0.899,0.228,2026,"N17",25.78,26.3942595437822,24.4292228129218,-0.614259543782214,FALSE,80.7259892438586
"F2176","D",69910,24,0.987,0.251,2024,"N04",27.95,29.0862565246107,27.122697408982,-1.13625652461068,FALSE,794.356936355329
"F2177","B",84513,12,0.986,0.752,2026,"N13",30.09,30.4777167141787,28.5126037444237,-0.387716714178666,FALSE,327.671026653816
"F2178","D",39945,24,0.976,0.241,2026,"N18",26.29,28.0921518840412,26.1283974706927,-1.80215188404118,FALSE,719.869570080251
"F2179","C",113326,24,0.9,0.276,2026,"N32",28.96,29.7788576084494,27.8153031873044,-0.818857608449441,FALSE,927.978573351414
"F2180","C",298076,24,0.895,0.549,2025,"N27",31.27,32.1350838641205,30.1712655427712,-0.865083864120461,FALSE,2578.6073788157
"F2181","D",570707,24,0.942,0.565,2026,"N28",34.16,33.1998057130847,31.2358133790617,0.960194286915275,FALSE,0
"F2182","B",57573,24,0.932,0.208,2025,"N04",27.69,28.5449972856644,26.5814617189249,-0.854997285664385,FALSE,492.247587275557
"F2183","E",18959,36,0.998,0.289,2026,"N17",27.78,27.2841775527753,25.3189766877885,0.4958224472247,FALSE,0
"F2184","A",75282,12,0.941,0.385,2024,"N20",28.93,29.2003533290234,27.2367876910857,-0.270353329023436,FALSE,203.527393155423
"F2185","D",26789,24,0.881,0.285,2025,"N20",26.38,27.4444110889284,25.4803198517911,-1.06441108892837,FALSE,285.14508661302
"F2186","D",29286,12,0.959,0.449,2026,"N13",29.51,27.8818566474341,25.9178429857864,1.6281433525659,FALSE,0
"F2187","C",130779,24,0.943,0.366,2026,"N06",30.71,30.3428572441151,28.3796882450355,0.367142755884917,FALSE,0
"F2188","E",362907,36,0.924,0.57,2025,"N27",32.42,32.7123449094844,30.7479550030585,-0.29234490948437,FALSE,1060.94014066244
"F2189","D",116974,24,0.957,0.375,2026,"N25",32.21,30.1544909183699,28.1913007796884,2.0555090816301,FALSE,0
"F2190","C",133506,36,0.939,0.093,2025,"N22",29.13,29.9149143830655,27.9504678201772,-0.784914383065498,FALSE,1047.90779625542
"F2191","D",386684,24,0.933,0.501,2024,"N20",32.63,32.4274622590491,30.4639177294156,0.202537740950881,FALSE,0
"F2192","C",208672,36,0.885,0.533,2026,"N28",30.85,31.716891912917,29.7526611145519,-0.866891912917019,FALSE,1808.9606925222
"F2193","D",24065,24,1,0.66,2025,"N18",27.02,28.5523742678745,26.5875479343842,-1.53237426787447,FALSE,368.765867563992
"F2194","D",47932,24,0.96,0.266,2026,"N17",29.16,28.4242038653049,26.4607346011433,0.735796134695143,FALSE,0
"F2195","C",58944,12,0.927,0.351,2026,"N22",27.57,28.7278740714504,26.7640961744791,-1.1578740714504,FALSE,682.497292675726
"F2196","A",551263,12,0.883,0.51,2025,"N01",32.05,32.6322478137201,30.6674813065739,-0.582247813720095,FALSE,3209.7167653478
"F2197","E",19379,24,0.968,0.191,2024,"N23",25.29,26.7696539120071,24.8053506049043,-1.47965391200713,FALSE,286.742131607862
"F2198","D",75795,36,0.949,0.212,2026,"N07",27.31,29.2513988737778,27.2874527113907,-1.94139887377784,FALSE,1471.48327637991
"F2199","C",3375,36,0.901,0.713,2026,"N25",25.89,25.6453930318425,23.6782019071076,0.24460696815753,FALSE,0
"F2200","E",49843,12,0.947,0.496,2024,"N09",28.99,28.8354539264501,26.8715202541088,0.154546073549916,FALSE,0
"F2201","A",30869,24,0.917,0.291,2024,"N24",28.61,27.7278453960333,25.764257375457,0.88215460396674,FALSE,0
"F2202","A",27765,12,0.974,0.568,2025,"N14",26.22,28.1794064572249,26.2150266948924,-1.95940645722494,FALSE,544.029202848505
"F2203","E",199015,36,0.82,0.421,2026,"N05",31.04,31.0852983590247,29.119332544727,-0.0452983590247023,FALSE,90.1505292130112
"F2204","E",32476,24,0.945,0.365,2024,"N09",28.8,28.0425921137224,26.0790540482923,0.757407886277576,FALSE,0
"F2205","A",471493,12,0.948,0.044,2026,"N27",30.79,31.1460424545434,29.180824545391,-0.356042454543424,FALSE,1678.71525020043
"F2206","E",111525,12,0.869,0.373,2024,"N04",28.28,29.6323050320131,27.6677528603295,-1.35230503201306,FALSE,1508.15818695257
"F2207","C",66180,12,0.96,0.707,2024,"N40",30.87,30.0252597329507,28.0608177436191,0.844740267049314,FALSE,0
"F2208","E",25229,24,0.902,0.261,2025,"N27",25.91,27.2643465374559,25.3003041126985,-1.3543465374559,FALSE,341.68808793475
"F2209","A",727346,12,0.9,0.348,2025,"N30",32.64,32.6530657045437,30.6883779695778,-0.0130657045437204,FALSE,95.0328793705683
"F2210","A",107077,12,0.951,0.551,2026,"N05",32.47,30.2021666164517,28.238383242442,2.26783338354832,FALSE,0
"F2211","B",799557,24,0.951,0.657,2025,"N20",35.33,34.059049146492,32.0943360376967,1.27095085350803,FALSE,0
"F2212","C",1861120,36,0.923,0.284,2024,"N22",35.1,34.6431373096829,32.6774987112196,0.456862690317095,FALSE,0
"F2213","E",97875,36,0.983,0.703,2024,"N01",31.96,31.0981559218939,29.1332473585679,0.861844078106092,FALSE,0
"F2214","D",239921,36,0.963,0.345,2026,"N06",30.97,31.4981343965159,29.5342310180406,-0.528134396515934,FALSE,1267.10532546499
"F2215","D",517476,24,0.915,0.126,2025,"N40",31.96,31.8059675609904,29.8416000440855,0.15403243900964,FALSE,0
"F2216","D",102570,24,0.99,0.66,2026,"N31",31.85,30.8077968105686,28.8436689524555,1.04220318943144,FALSE,0
"F2217","D",13975,12,0.921,0.612,2024,"N20",26.13,27.131218222489,25.1664924670076,-1.00121822248898,FALSE,139.920246592835
"F2218","B",340774,36,0.826,0.421,2024,"N15",31.04,32.0577199764263,30.0917521281021,-1.01771997642627,FALSE,3468.12507246686
"F2219","D",52175,24,1,0.135,2024,"N12",28.78,28.3158792759442,26.3516672495544,0.464120724055803,FALSE,0
"F2220","E",24509,12,0.896,0.572,2026,"N14",28.16,27.7668772624157,25.8022112172153,0.393122737584328,FALSE,0
"F2221","D",47601,24,0.972,0.066,2024,"N31",28.96,27.9218361853482,25.9577067524915,1.03816381465176,FALSE,0
"F2222","A",546258,36,0.913,0.32,2026,"N07",33.59,32.6229165694358,30.6584822720445,0.967083430564159,FALSE,0
"F2223","A",29814,24,0.948,0.528,2024,"N38",27.35,28.3972288549707,26.4336693162957,-1.04722885497073,FALSE,312.220810820972
"F2224","D",49809,12,0.95,0.195,2026,"N31",26.9,28.0015432894321,26.0374877801495,-1.10154328943207,FALSE,548.667697033217
"F2225","B",26875,24,0.997,0.317,2024,"N25",26.31,27.7537146349502,25.7895203909924,-1.44371463495024,FALSE,387.998308142876
"F2226","E",435203,36,1,0.165,2025,"N05",32.74,32.0085690413165,30.0432164929049,0.731430958683475,FALSE,0
"F2227","E",238687,12,0.878,0.156,2025,"N04",30.77,30.2585454414174,28.2935772590069,0.511454558582553,FALSE,0
"F2228","E",740895,36,1,0.482,2024,"N20",34.62,33.7522094929382,31.7868535714091,0.867790507061798,FALSE,0
"F2229","B",337669,24,0.962,0.095,2026,"N28",31.86,31.0699513973965,29.1055436635011,0.790048602603491,FALSE,0
"F2230","E",198481,12,0.985,0.039,2024,"N35",28.82,29.8364545164904,27.8712508644894,-1.01645451649043,FALSE,2017.46908887537
"F2231","D",642436,24,0.904,0.343,2026,"N01",33.06,32.6933223217115,30.7292458947259,0.366677678288539,FALSE,0
"F2232","C",392137,12,0.919,0.516,2024,"N15",32.65,32.2613724747336,30.2970830192229,0.388627525266436,FALSE,0
"F2233","B",153386,36,0.937,0.185,2025,"N38",31.48,30.3254886954068,28.3614664710224,1.15451130459315,FALSE,0
"F2234","E",268860,36,0.972,0.123,2025,"N25",31.93,31.0657598805406,29.1009688661733,0.864240119459406,FALSE,0
"F2235","A",1220199,24,0.905,0.723,2024,"N10",34.36,34.8113711022638,32.8459286845101,-0.45137110226382,FALSE,5507.62567611211
"F2236","E",255888,24,0.957,0.412,2024,"N03",33.46,31.5049133669412,29.5413863804323,1.95508663305885,FALSE,0
"F2237","C",14382,36,0.983,0.337,2025,"N39",27.99,27.1142663898048,25.1493418311957,0.87573361019523,FALSE,0
"F2238","D",8205,36,0.958,0.532,2024,"N15",28.12,26.6544313545387,24.6893507550274,1.46556864546131,FALSE,0
"F2239","C",34282,36,0.914,0.745,2024,"N11",27.96,29.5223729785608,27.5575363825385,-1.56237297856076,FALSE,535.612704510201
"F2240","D",401759,36,0.917,0.758,2024,"N29",32.01,33.4467044184242,31.4816486525635,-1.43670441842422,FALSE,5772.08930441696
"F2241","A",199226,24,0.891,0.348,2025,"N05",29.21,30.8267695824609,28.8631962070375,-1.61676958246085,FALSE,3221.02536835346
"F2242","A",276719,36,0.972,0.222,2024,"N28",32.1,31.4177697187724,29.4534651285708,0.6822302812276,FALSE,0
"F2243","D",96246,24,0.929,0.38,2025,"N39",28.63,29.8515662096885,27.8884352957655,-1.22156620968851,FALSE,1175.7086141768
"F2244","B",87655,12,0.907,0.275,2024,"N02",28.14,29.0937458033275,27.1297171886624,-0.953745803327511,FALSE,836.00588390673
"F2245","E",56769,36,0.958,0.03,2024,"N14",28.97,28.2857258379729,26.3207966893759,0.684274162027052,FALSE,0
"F2246","E",85127,12,0.957,0.397,2025,"N31",29.31,29.4338388342261,27.4699729047366,-0.123838834226117,FALSE,105.420284411666
"F2247","E",90266,36,0.973,0.102,2025,"N01",30.08,29.2598426718478,27.295124351938,0.820157328152202,FALSE,0
"F2248","D",81010,36,0.832,0.59,2026,"N11",31.04,30.199307966173,28.233623274722,0.840692033826976,FALSE,0
"F2249","B",24368,12,1,0.456,2024,"N11",27.2,27.7277046404107,25.7629318735371,-0.527704640410697,FALSE,128.591066775279
"F2250","E",17420,24,0.983,0.766,2026,"N28",27.75,28.1957240017728,26.2302889359938,-0.445724001772845,FALSE,77.6451211088296
"F2251","E",457737,24,0.964,0.108,2025,"N07",31.3,31.5953775785962,29.630810366983,-0.295377578596192,FALSE,1352.05246693885
"F2252","E",113715,24,0.895,0.341,2025,"N29",30.06,29.888537751565,27.9249596766879,0.171462248434999,FALSE,0
"F2253","A",156253,12,0.903,0.792,2025,"N26",30,31.4430051453489,29.4780337824633,-1.44300514534891,FALSE,2254.73882976204
"F2254","D",45117,36,0.88,0.654,2024,"N08",27.2,29.5807102827823,27.6160135997833,-2.38071028278229,TRUE,1074.10505828289
"F2255","A",94380,24,0.904,0.315,2024,"N29",30.07,29.5613448706186,27.5979822743171,0.508655129381449,FALSE,0
"F2256","B",164622,24,0.94,0.827,2026,"N33",30.85,31.9354276977594,29.9707123864312,-1.08542769775944,FALSE,1786.85278460555
"F2257","A",58786,36,0.798,0.573,2026,"N06",30.24,29.5447683842412,27.5776615207111,0.695231615758804,FALSE,0
"F2258","C",30711,24,0.907,0.278,2026,"N29",28.24,27.7057634856153,25.7419525777526,0.534236514384705,FALSE,0
"F2259","A",173727,12,1,0.341,2026,"N10",31.82,30.4798776704255,28.515556428447,1.34012232957448,FALSE,0
"F2260","B",183733,36,0.891,0.713,2025,"N22",32.71,32.0122563542854,30.0474726980235,0.697743645714631,FALSE,0
"F2261","D",18893,12,0.909,0.465,2024,"N19",26.74,27.1782517672622,25.2139977691782,-0.43825176726217,FALSE,82.7989063888417
"F2262","B",26713,12,0.995,0.569,2025,"N06",29.86,28.1833626590488,26.2184718423772,1.67663734095118,FALSE,0
"F2263","B",384006,36,0.912,0.762,2026,"N24",32.82,33.3224042338935,31.3572391506972,-0.502404233893508,FALSE,1929.2624024051
"F2264","C",28425,36,0.961,0.176,2025,"N31",27.92,27.7114702511303,25.7469089827605,0.208529748869736,FALSE,0
"F2265","B",27646,12,0.913,0.276,2026,"N34",26.47,27.2106763806404,25.246348672306,-0.740676380640394,FALSE,204.767392191843
"F2266","C",28588,36,0.956,0.504,2026,"N01",30.05,28.5848790156473,26.6207437895665,1.46512098435272,FALSE,0
"F2267","D",106186,36,0.88,0.354,2024,"N23",31.64,30.1085954461431,28.1445604139585,1.53140455385692,FALSE,0
"F2268","D",70251,24,0.931,0.279,2025,"N38",28.37,29.0669186264698,27.1036640454445,-0.696918626469834,FALSE,489.592304281323
"F2269","D",218865,12,0.983,0.182,2024,"N15",31.11,30.4476150502323,28.4832883291451,0.662384949767691,FALSE,0
"F2270","D",21375,24,0.91,0.823,2026,"N18",28.8,28.6017905911994,26.6365703360123,0.198209408800629,FALSE,0
"F2271","A",37913,24,1,0.506,2026,"N12",29.59,28.770514394268,26.806355788561,0.819485605731959,FALSE,0
"F2272","B",84758,12,0.912,0.661,2025,"N24",31.11,30.134899961051,28.1705405718859,0.975100038949012,FALSE,0
"F2273","B",78159,36,0.948,0.116,2025,"N19",28.96,29.0720395195858,27.1077293123295,-0.112039519585817,FALSE,87.5689681130789
"F2274","B",25048,12,0.987,0.575,2024,"N19",29.75,28.0817879081988,26.1170369447021,1.66821209180124,FALSE,0
"F2275","A",53147,12,0.994,0.176,2025,"N07",27.08,28.1553663205785,26.190749440189,-1.0753663205785,FALSE,571.524938397857
"F2276","D",31246,36,0.935,0.364,2025,"N12",28.03,28.2810172554674,26.3170927684315,-0.251017255467364,FALSE,78.4328516433325
"F2277","D",63062,24,0.939,0.29,2026,"N22",29.71,28.891472285297,26.9282062060438,0.818527714703034,FALSE,0
"F2278","B",19829,12,0.885,0.327,2025,"N28",27.53,26.8171351728235,24.8524085822272,0.712864827176528,FALSE,0
"F2279","A",302276,24,0.962,0.837,2025,"N28",32.79,33.0041778475081,31.0392200569358,-0.214177847508097,FALSE,647.408230333575
"F2280","B",62949,12,1,0.139,2025,"N07",28.38,28.3571581583079,26.3922109310711,0.0228418416920526,FALSE,0
"F2281","E",53931,12,0.912,0.553,2026,"N13",28.39,29.0073781057023,27.0432898327963,-0.617378105702265,FALSE,332.958186186289
"F2282","C",3382,24,0.926,0.372,2026,"N32",24.79,24.4716007366577,22.5057853917342,0.318399263342268,FALSE,0
"F2283","B",34816,36,0.94,0.278,2026,"N09",28.41,28.1681616319541,26.2040524370999,0.241838368045919,FALSE,0
"F2284","D",130619,12,0.958,0.755,2024,"N08",30.65,31.1843859863111,29.2197448951208,-0.534385986311069,FALSE,698.009631459655
"F2285","C",250021,36,0.893,0.749,2024,"N27",33.31,32.6774190028589,30.7124221897596,0.632580997141126,FALSE,0
"F2286","C",20234,24,0.897,0.689,2025,"N23",25.87,28.222491577973,26.2579018001747,-2.35249157797301,TRUE,476.003145887059
"F2287","A",761684,12,1,0.57,2025,"N26",31.84,33.5405664711618,31.5752542272784,-1.7005664711618,FALSE,12952.9427202041
"F2288","B",1307295,24,1,0.206,2026,"N31",33.86,33.6229412458774,31.6573184263663,0.2370587541226,FALSE,0
"F2289","B",34556,36,0.991,0.227,2024,"N37",26.97,28.1576984002261,26.1930769297202,-1.18769840022613,FALSE,410.42105918214
"F2290","D",339351,36,0.908,0.49,2025,"N17",32.94,32.4057916575972,30.4416887611005,0.53420834240282,FALSE,0
"F2291","D",27855,24,0.937,0.477,2024,"N28",29.28,28.1526602610039,26.189265859049,1.12733973899609,FALSE,0
"F2292","D",142454,36,0.999,0.478,2026,"N36",29.71,31.105028020498,29.1406845920298,-1.39502802049803,FALSE,1987.27321632027
"F2293","A",142888,12,0.933,0.19,2026,"N39",31.31,29.6152969344921,27.6512584201096,1.69470306550794,FALSE,0
"F2294","C",303772,12,1,0.305,2026,"N21",30.67,31.3639899871289,29.399405925257,-0.69398998712887,FALSE,2108.14726370111
"F2295","B",140193,36,0.907,0.252,2025,"N07",31.01,30.3129636096098,28.349033849296,0.697036390390195,FALSE,0
"F2296","D",68383,12,0.931,0.368,2024,"N15",29.28,29.0081716931456,27.0446226591125,0.271828306854413,FALSE,0
"F2297","B",110975,12,0.967,0.29,2024,"N29",29.85,29.6275127851179,27.6635432796724,0.222487214882104,FALSE,0
"F2298","C",218075,24,1,0.344,2026,"N40",29.99,31.2082275487563,29.244325313727,-1.21822754875634,FALSE,2656.64972695039
"F2299","A",54697,36,0.885,0.619,2025,"N05",29.52,29.7719015673608,27.8073809332694,-0.2519015673608,FALSE,137.782600299337
"F2300","E",227031,36,1,0.308,2025,"N01",31.38,31.3680143445068,29.4033120513438,0.0119856554931879,FALSE,0
"F2301","E",43757,12,0.855,0.849,2025,"N08",28.8,29.4453244966443,27.4786773841694,-0.645324496644285,FALSE,282.37463999664
"F2302","D",133038,24,0.9,0.186,2024,"N36",30.87,29.7696747747683,27.8060486957204,1.10032522523168,FALSE,0
"F2303","C",320192,12,0.873,0.263,2026,"N20",31.69,31.0897432862064,29.1248626358514,0.600256713793627,FALSE,0
"F2304","B",48107,12,0.926,0.408,2025,"N25",28.6,28.5425559851171,26.5787199403252,0.0574440148829254,FALSE,0
"F2305","D",147012,24,0.942,0.195,2026,"N32",30.91,29.9861806599545,28.022698570795,0.92381934004554,FALSE,0
"F2306","B",4355,12,0.902,0.231,2025,"N30",21.93,24.1509153714088,22.1846853252864,-2.22091537140883,TRUE,96.7208644248545
"F2307","B",50957,36,0.968,0.087,2024,"N33",28.77,28.3428038127303,26.3781292553073,0.427196187269661,FALSE,0
"F2308","D",1240389,24,0.859,0.677,2024,"N19",35.06,34.6497729682164,32.6836168555426,0.410227031783592,FALSE,0
"F2309","A",28989,36,0.901,0.43,2025,"N33",27.25,28.2535232393701,26.2892834002139,-1.00352323937008,FALSE,290.911351860991
"F2310","A",26346,36,0.949,0.418,2026,"N03",26.87,28.1089548471822,26.1447115534203,-1.23895484718219,FALSE,326.415044038619
"F2311","E",265886,12,0.955,0.209,2025,"N20",31.37,30.7262943040122,28.7619664096806,0.643705695987762,FALSE,0
"F2312","C",57826,24,0.94,0.268,2025,"N13",29.06,28.8026160014682,26.839213820145,0.257383998531843,FALSE,0
"F2313","E",41779,24,0.964,0.343,2026,"N12",26.5,28.3719346475551,26.4083480638023,-1.87193464755508,FALSE,782.075576402037
"F2314","D",50534,36,1,0.11,2026,"N36",28.91,28.4116441604809,26.4465802275722,0.498355839519096,FALSE,0
"F2315","C",304276,24,0.955,0.8,2025,"N37",31.6,32.9874517732771,31.0228346076808,-1.38745177327706,FALSE,4221.6827576565
"F2316","C",59817,36,1,0.578,2026,"N37",29.74,30.0592124789753,28.0946663565539,-0.31921247897532,FALSE,190.943328548667
"F2317","B",10419,24,0.992,0.1,2024,"N38",26.75,25.6159171415943,23.6504483277361,1.13408285840566,FALSE,0
"F2318","E",412025,12,0.908,0.36,2026,"N15",32.57,31.7151407667336,29.7508472198699,0.854859233266374,FALSE,0
"F2319","C",423523,24,0.928,0.45,2025,"N32",30.65,32.4820223875976,30.5184223696058,-1.83202238759762,FALSE,7759.03617662506
"F2320","E",205926,12,0.89,0.659,2025,"N33",31.54,31.4590486269126,29.4942346054001,0.0809513730873554,FALSE,0
"F2321","D",77663,12,0.919,0.585,2024,"N02",29.93,29.7995010724763,27.8356163481817,0.130498927523675,FALSE,0
"F2322","C",22640,36,0.949,0.189,2024,"N05",26.47,27.3605306698777,25.3959856444468,-0.890530669877709,FALSE,201.616143660313
"F2323","C",900215,24,0.895,0.293,2026,"N34",33.57,33.1376837320177,31.173098104086,0.432316267982301,FALSE,0
"F2324","C",7164,12,0.85,0.301,2025,"N17",27.12,25.1133844164663,23.1467823889277,2.00661558353367,FALSE,0
"F2325","E",410664,24,0.912,0.346,2024,"N34",32.31,31.992050713718,30.0282177614262,0.31794928628204,FALSE,0
"F2326","D",332121,12,0.948,0.016,2024,"N31",30.57,30.582796385418,28.6177680533844,-0.0127963854180493,FALSE,42.4994832142795
"F2327","C",225649,24,0.86,0.481,2026,"N16",31.81,31.3830287495854,29.4187375892792,0.42697125041455,FALSE,0
"F2328","D",180403,12,0.964,0.628,2026,"N27",31.32,31.3076672325482,29.3434636192132,0.0123327674517633,FALSE,0
"F2329","D",315285,36,0.898,0.299,2024,"N01",31.29,31.7317590363684,29.7676504305616,-0.441759036368413,FALSE,1392.79997781415
"F2330","E",106118,12,0.917,0.222,2026,"N31",27.84,29.1706248290449,27.2065997981063,-1.33062482904495,FALSE,1412.03245608592
"F2331","B",310616,36,0.922,0.307,2026,"N10",31.91,31.7221318022887,29.7580835689308,0.187868197711339,FALSE,0
"F2332","B",243579,24,0.896,0.186,2025,"N01",30.86,30.7260503178479,28.762087202015,0.133949682152135,FALSE,0
"F2333","D",113092,24,0.886,0.386,2026,"N17",31.23,29.9968910963848,28.0333329250091,1.23310890361525,FALSE,0
"F2334","B",117198,24,0.974,0.212,2025,"N11",30.21,29.774683469667,27.8109726149105,0.435316530333012,FALSE,0
"F2335","D",108744,36,0.942,0.097,2025,"N17",29.99,29.541697966487,27.5773996557582,0.448302033513031,FALSE,0
"F2336","C",589830,24,0.977,0.16,2026,"N30",32.77,32.2415576641151,30.2770009861489,0.528442335884854,FALSE,0
"F2337","A",28729,12,0.962,0.18,2024,"N11",25.73,27.1202083590251,25.1558453173174,-1.3902083590251,FALSE,399.392959464322
"F2338","D",73832,24,0.894,0.171,2025,"N32",28.46,28.7728383880132,26.8090100041432,-0.312838388013176,FALSE,230.974838637888
"F2339","D",523503,24,0.993,0.718,2025,"N14",32.96,33.6368118653471,31.6717073441416,-0.676811865347055,FALSE,3543.13041944779
"F2340","D",38119,24,0.931,0.471,2026,"N23",29.23,28.5786778456834,26.6152926217938,0.651322154316624,FALSE,0
"F2341","E",146881,36,0.956,0.408,2024,"N21",30.22,30.8679569943133,28.9041113531407,-0.647956994313279,FALSE,951.725712817288
"F2342","E",95658,36,1,0.143,2026,"N22",29.73,29.4706645624239,27.505694736835,0.259335437576055,FALSE,0
"F2343","D",14920,12,0.961,0.166,2024,"N32",25.85,26.0577406008314,24.0930351046705,-0.207740600831386,FALSE,30.9948976440428
"F2344","C",118630,24,0.946,0.234,2024,"N15",29.34,29.8695309523992,27.9060929220497,-0.529530952399242,FALSE,628.18256883122
"F2345","A",282472,12,0.941,0.346,2024,"N36",31.13,31.2094325229796,29.2455997793823,-0.0794325229796122,FALSE,224.37463631097
"F2346","C",77759,36,0.95,0.361,2024,"N25",30.38,29.8230481299543,27.8593745893464,0.556951870045737,FALSE,0
"F2347","A",316395,36,0.959,0.231,2026,"N35",31.42,31.5847751348065,29.6204563642443,-0.164775134806533,FALSE,521.340287771129
"F2348","D",183366,36,0.872,0.214,2024,"N19",30.46,30.5751003080978,28.610571985696,-0.115100308097787,FALSE,211.054830946589
"F2349","B",148519,36,0.934,0.445,2026,"N26",29.82,30.9506567098477,28.9869181409059,-1.13065670984769,FALSE,1679.24003889869
"F2350","E",13761,12,0.896,0.037,2025,"N40",24.31,25.3863329976468,23.4204210351563,-1.0763329976468,FALSE,148.114183806176
"F2351","A",196140,36,0.87,0.469,2024,"N10",28.89,31.3676646520044,29.4031857395234,-2.47766465200439,TRUE,4859.6914484414
"F2352","D",146131,12,1,0.786,2026,"N32",30.73,31.4825222869643,29.51707182594,-0.752522286964346,FALSE,1099.66834316387
"F2353","A",235195,36,0.972,0.717,2026,"N04",32.6,32.5007283562779,30.5359109533413,0.0992716437220622,FALSE,0
"F2354","C",212051,24,0.914,0.012,2024,"N17",31.03,30.1153397696172,28.1506213671603,0.914660230382832,FALSE,0
"F2355","D",32917,12,0.913,0.256,2024,"N17",27.35,27.4877072718825,25.5236959777265,-0.137707271882523,FALSE,45.3291026855699
"F2356","C",50139,24,0.886,0.253,2024,"N10",26.55,28.4294522421753,26.465494679319,-1.87945224217526,FALSE,942.338559704253
"F2357","B",22076,12,0.967,0.412,2026,"N18",28.05,27.3348582243955,25.3704717216844,0.715141775604522,FALSE,0
"F2358","A",134887,36,0.813,0.353,2025,"N12",30.13,30.3338629644238,28.3677622843797,-0.203862964423823,FALSE,274.984636822363
"F2359","C",38123,24,0.839,0.334,2024,"N14",28.18,28.1292188914011,26.1641326080965,0.0507811085988692,FALSE,0
"F2360","A",491403,24,0.922,0.186,2024,"N01",31.29,31.8763530020953,29.9122593672058,-0.586353002095269,FALSE,2881.35624288621
"F2361","A",304071,24,0.971,0.161,2024,"N38",29.8,31.1297525405776,29.1657334746353,-1.32975254057756,FALSE,4043.39184765959
"F2362","C",22797,12,0.941,0.247,2026,"N40",29.06,26.939903543515,24.9755130106568,2.12009645648502,FALSE,0
"F2363","E",198784,24,0.885,0.083,2024,"N21",29.99,30.0388793333113,28.0742972003592,-0.0488793333113264,FALSE,97.1642939295871
"F2364","B",48404,12,0.933,0.601,2025,"N35",29.17,29.1083494473689,27.1442012056631,0.0616505526311215,FALSE,0
"F2365","C",8514,12,0.916,0.226,2024,"N08",23.41,25.3038887806266,23.3385194303206,-1.89388878062661,FALSE,161.245690782549
"F2366","D",180777,12,0.926,0.32,2025,"N08",29.07,30.4215448353361,28.4577657616399,-1.35154483533609,FALSE,2443.28220697553
"F2367","D",19529,24,1,0.519,2026,"N21",26.78,27.7727257828494,25.8082286136646,-0.99272578284943,FALSE,193.869418132665
"F2368","C",55735,24,0.982,0.511,2024,"N13",29.9,29.5062231371355,27.5426292512917,0.393776862864467,FALSE,0
"F2369","A",206464,36,0.953,0.16,2024,"N03",29.88,30.7381903279228,28.7739356094198,-0.85819032792277,FALSE,1771.85407864247
"F2370","E",195388,12,0.942,0.472,2025,"N37",32.06,30.9475493686135,28.9836025221487,1.11245063138652,FALSE,0
"F2371","C",2505739,36,0.947,0.597,2026,"N06",34.2,35.9968340248413,34.0308473335003,-1.79683402484135,FALSE,45023.9709257193
"F2372","D",187125,24,0.96,0.812,2026,"N19",33.39,32.1417114289661,30.1770589040379,1.24828857103391,FALSE,0
"F2373","B",81812,24,0.938,0.514,2024,"N27",29.72,29.9795700259618,28.0162496742314,-0.259570025961839,FALSE,212.3594296399
"F2374","C",34766,12,1,0.327,2025,"N35",28.25,28.0012830067355,26.0366867946225,0.248716993264516,FALSE,0
"F2375","B",7062,36,0.871,0.13,2024,"N24",26.03,25.1137073361082,23.1472777057681,0.916292663891781,FALSE,0
"F2376","E",50083,12,0.926,0.178,2026,"N08",27.77,27.8608629910366,25.8966370215267,-0.0908629910365839,FALSE,45.5069118008523
"F2377","D",82458,36,0.86,0.525,2025,"N17",31.1,30.1465039328299,28.1818437659137,0.953496067170128,FALSE,0
"F2378","B",894443,36,1,0.526,2024,"N03",35.27,34.2286296832377,32.2631021512718,1.04137031676228,FALSE,0
"F2379","A",61093,12,0.876,0.474,2026,"N20",28.03,28.9445217314889,26.9801855803091,-0.914521731488886,FALSE,558.708761418505
"F2380","E",13250,36,0.977,0.439,2025,"N35",25.93,27.1407011908831,25.1755942486552,-1.21070119088312,FALSE,160.417907792014
"F2381","D",124373,24,0.971,0.255,2026,"N17",31.5,29.9418600331539,27.9783871615139,1.5581399668461,FALSE,0
"F2382","C",99146,36,0.906,0.075,2025,"N11",30.14,29.3250512847273,27.3603654628075,0.814948715272742,FALSE,0
"F2383","C",204122,24,0.967,0.071,2026,"N08",32.31,30.2721716641378,28.3078319997442,2.0378283358622,FALSE,0
"F2384","E",103569,12,0.941,0.605,2026,"N36",29.87,30.2540337184823,28.2899824487321,-0.384033718482332,FALSE,397.739881894966
"F2385","C",33652,24,0.948,0.28,2025,"N28",28.14,27.9841077760581,26.0205098392385,0.155892223941915,FALSE,0
"F2386","C",13907,24,0.937,0.426,2024,"N31",25.83,26.9577813741578,24.993770488677,-1.12778137415782,FALSE,156.840555704128
"F2387","A",57077,12,0.92,0.362,2024,"N27",27.07,28.6523464813258,26.6886557851068,-1.58234648132584,FALSE,903.155901146347
"F2388","B",68221,36,0.87,0.339,2024,"N10",27.13,29.3332820390079,27.3688680889118,-2.20328203900788,TRUE,1503.10103983157
"F2389","E",111864,24,1,0.185,2024,"N11",30.61,29.622258458799,27.6580229335599,0.987741541200986,FALSE,0
"F2390","E",453109,36,0.885,0.387,2026,"N16",32.13,32.4310626059472,30.4664709566778,-0.301062605947159,FALSE,1364.14176318111
"F2391","A",63156,24,0.966,0.316,2025,"N11",28.9,29.0380882189392,27.0746856260474,-0.138088218939178,FALSE,87.2109955532271
"F2392","D",39993,36,1,0.173,2026,"N10",27.51,28.2139552816341,26.249055452157,-0.703955281634084,FALSE,281.532835783919
"F2393","D",3259,24,0.907,0.344,2024,"N19",24.75,24.2844779460501,22.3187951943059,0.465522053949876,FALSE,0
"F2394","E",209841,36,0.968,0.329,2024,"N14",31.02,31.2401232115363,29.2760634271609,-0.220123211536293,FALSE,461.908748319874
"F2395","B",17716,12,1,0.076,2026,"N24",27.68,26.1000678536988,24.1341808943924,1.57993214630115,FALSE,0
"F2396","C",52562,24,0.915,0.728,2026,"N34",30.03,29.8472190041101,27.883147183105,0.182780995889914,FALSE,0
"F2397","D",27328,12,0.977,0.424,2026,"N08",25.97,27.7347783052544,25.7705693683045,-1.76477830525438,FALSE,482.278615259917
"F2398","E",96572,24,0.914,0.475,2024,"N26",28.53,30.0392951714498,28.0758973336529,-1.50929517144984,FALSE,1457.55653297254
"F2399","C",56703,24,0.946,0.092,2024,"N33",27.13,28.2874972318364,26.3234229844536,-1.15749723183643,FALSE,656.335655368209
"F2400","A",57146,12,0.91,0.137,2025,"N19",28.3,28.0028747719502,26.0385151490709,0.297125228049776,FALSE,0
"F2401","A",31564,36,0.905,0.16,2026,"N36",27.11,27.589712140905,25.6249504454554,-0.479712140905004,FALSE,151.416340155256
"F2402","C",209500,36,0.929,0.466,2026,"N23",29.17,31.6181699292747,29.6544513667635,-2.44816992927472,TRUE,5128.91600183054
"F2403","E",19323,24,0.94,0.28,2024,"N17",26.63,26.9622431649433,24.9983113022686,-0.332243164943282,FALSE,64.1993467619904
"F2404","A",47828,24,0.943,0.152,2025,"N07",28.11,28.0879789654421,26.1241843314703,0.0220210345578984,FALSE,0
"F2405","A",376104,12,0.974,0.236,2026,"N23",30.04,31.3729671569746,29.4085447228707,-1.33296715697455,FALSE,5013.34279606758
"F2406","D",21895,24,0.988,0.729,2026,"N40",28.62,28.5237020536086,26.5587442782255,0.0962979463913882,FALSE,0
"F2407","E",1184015,24,0.899,0.518,2026,"N37",35.44,34.0993278614279,32.1344680576691,1.34067213857209,FALSE,0
"F2408","B",55335,12,0.887,0.476,2026,"N16",27.37,28.8356303294073,26.8713625623562,-1.46563032940732,FALSE,811.00654277754
"F2409","D",473630,36,0.924,0.54,2025,"N29",32.88,33.110865322039,31.1465639596806,-0.230865322039044,FALSE,1093.44742477352
"F2410","C",859082,36,0.906,0.295,2025,"N07",34.02,33.4033854448598,31.4385734509079,0.616614555140181,FALSE,0
"F2411","E",79881,12,0.978,0.187,2024,"N11",29.28,28.7810333390801,26.8166988371635,0.49896666091994,FALSE,0
"F2412","C",144389,12,0.874,0.118,2025,"N13",30.81,29.4564149870093,27.4912873220085,1.35358501299072,FALSE,0
"F2413","A",533198,24,0.978,0.519,2024,"N30",32.27,33.0495186139132,31.0854539456036,-0.779518613913218,FALSE,4156.377659013
"F2414","B",194097,24,0.91,0.211,2025,"N11",31.03,30.4590079486583,28.4953501676392,0.570992051341737,FALSE,0
"F2415","A",2262213,24,0.917,0.389,2026,"N18",33.98,34.835720732915,32.8704402820912,-0.855720732914968,FALSE,19358.2256636977
"F2416","C",293155,12,0.921,0.531,2025,"N37",31.93,31.8414026091663,29.8773250797106,0.0885973908337441,FALSE,0
"F2417","A",77232,24,0.954,0.46,2025,"N25",28.9,29.74264550883,27.7794177053509,-0.842645508830042,FALSE,650.791979379618
"F2418","D",407464,12,0.926,0.087,2025,"N17",30.96,31.0685454120812,29.1036816393563,-0.10854541208117,FALSE,442.28347788242
"F2419","C",118364,24,0.933,0.34,2026,"N16",30.99,30.0909967535134,28.1278021046759,0.899003246486625,FALSE,0
"F2420","B",1017121,24,0.919,0.399,2025,"N35",35.74,33.6586336247976,31.6942264125638,2.08136637520239,FALSE,0
"F2421","E",17028,12,0.899,0.316,2024,"N19",25.62,26.5176173524679,24.5529301591332,-0.897617352467879,FALSE,152.84628277823
"F2422","B",803201,36,0.921,0.084,2024,"N10",34.13,32.6638155110827,30.6983764617101,1.46618448891734,FALSE,0
"F2423","E",1307706,12,0.913,0.707,2024,"N01",33.88,34.5992132910119,32.6330417812722,-0.719213291011926,FALSE,9405.19535936041
"F2424","A",753166,24,0.887,0.247,2026,"N39",33.31,32.6174290491223,30.6527810995037,0.692570950877659,FALSE,0
"F2425","D",110266,36,1,0.298,2026,"N23",27.07,30.1904209515126,28.2260544115383,-3.12042095151262,TRUE,3440.76336639491
"F2426","A",7832,24,0.947,0.717,2026,"N35",26.27,26.7366830181948,24.7712061074677,-0.466683018194846,FALSE,36.5506139850204
"F2427","C",35244,12,0.991,0.749,2025,"N29",29.29,29.1926955479425,27.2274482145929,0.0973044520574859,FALSE,0
"F2428","A",99015,36,0.938,0.593,2024,"N19",28.76,30.7498575216192,28.7859470244172,-1.98985752161923,TRUE,1970.25742503128
"F2429","D",596233,12,0.984,0.263,2025,"N14",33.19,32.2832084611885,30.3183714207329,0.906791538811511,FALSE,0
"F2430","B",127344,36,0.955,0.488,2026,"N29",30.89,30.8648695900819,28.9010315119407,0.0251304099180878,FALSE,0
"F2431","C",47824,36,0.879,0.412,2026,"N30",26.23,29.0047936518993,27.0404760884913,-2.77479365189928,TRUE,1327.01731608431
"F2432","A",150394,12,0.999,0.613,2026,"N07",33.08,31.0117019566163,29.047146105497,2.06829804338366,FALSE,0
"F2433","B",562003,12,0.832,0.362,2024,"N04",31.72,32.173520423448,30.2071587834536,-0.453520423448026,FALSE,2548.79838539061
"F2434","B",61329,12,0.989,0.62,2025,"N40",29.08,29.6470259132613,27.6824056223562,-0.567025913261343,FALSE,347.751322344049
"F2435","A",112864,12,0.99,0.439,2024,"N23",29.47,30.0938053846,28.1298348085229,-0.623805384600015,FALSE,704.051709274961
"F2436","E",141620,12,0.942,0.32,2026,"N27",30.55,29.955930225718,27.9921465817351,0.59406977428203,FALSE,0
"F2437","C",186650,24,0.929,0.463,2026,"N04",32.93,31.1590584116264,29.1958330253371,1.77094158837359,FALSE,0
"F2438","D",302543,12,0.976,0.585,2024,"N20",31.7,32.0862768736251,30.1219438523901,-0.386276873625054,FALSE,1168.65364177145
"F2439","E",446817,36,0.953,0.478,2025,"N04",35.3,32.8418545586329,30.877486366657,2.45814544136707,FALSE,0
"F2440","D",14851,36,0.919,0.24,2025,"N28",25.5,26.7102985307412,24.7456438664069,-1.21029853074117,FALSE,179.741434800372
"F2441","E",195216,12,0.847,0.547,2025,"N25",29.27,30.9771208038045,29.0117497289654,-1.7071208038045,FALSE,3332.57294835499
"F2442","E",89486,12,0.957,0.367,2024,"N13",29.29,29.4293155700719,27.4655092325573,-0.139315570071883,FALSE,124.667931034525
"F2443","D",34002,24,0.958,0.587,2025,"N33",28.77,28.8214033456019,26.8576398501327,-0.0514033456018801,FALSE,17.4781655715513
"F2444","A",134536,12,0.867,0.208,2025,"N18",28.2,29.4929736998476,27.5282434195687,-1.29297369984761,FALSE,1739.51509682698
"F2445","A",106079,12,0.893,0.176,2025,"N23",29.17,29.0714579288982,27.1071253015275,0.0985420711017895,FALSE,0
"F2446","B",74720,12,0.885,0.163,2024,"N38",27.72,28.481345405974,26.5166755827667,-0.761345405974001,FALSE,568.877287343774
"F2447","C",194106,12,0.897,0.512,2024,"N11",32.43,31.0817345055354,29.1175396258281,1.34826549446459,FALSE,0
"F2448","C",70140,24,0.91,0.202,2024,"N36",29.13,28.8693661260728,26.9056606144055,0.260633873927233,FALSE,0
"F2449","E",142842,36,0.9,0.682,2026,"N27",31.77,31.439294480008,29.4746912191551,0.330705519992037,FALSE,0
"F2450","E",113415,24,0.988,0.153,2024,"N05",30.02,29.5316194962291,27.5674926550107,0.488380503770948,FALSE,0
"F2451","C",105885,12,0.954,0.434,2024,"N01",27.85,29.9993003302057,28.0355839532457,-2.14930033020565,TRUE,2275.78665463825
"F2452","D",93949,12,0.921,0.322,2024,"N25",29.43,29.3688141139627,27.4051984521861,0.0611858860372863,FALSE,0
"F2453","A",64519,24,0.899,0.451,2026,"N22",30.36,29.2764608236403,27.3129721448207,1.08353917635968,FALSE,0
"F2454","D",463561,12,0.893,0.736,2026,"N13",32.44,32.9890246396898,31.0236518600279,-0.549024639689826,FALSE,2545.06410999255
"F2455","B",212418,12,0.938,0.491,2025,"N26",31.5,31.1782231728004,29.2143027117373,0.321776827199646,FALSE,0
"F2456","C",150361,36,1,0.271,2024,"N16",31.8,30.7212443623766,28.7568237249701,1.07875563762345,FALSE,0
"F2457","D",272978,24,0.975,0.37,2025,"N04",30.48,31.5808976061268,29.6173063709091,-1.10089760612676,FALSE,3005.20826725272
"F2458","B",45818,12,0.893,0.22,2026,"N14",27.57,27.8247836807357,25.8603160241199,-0.254783680735745,FALSE,116.736786839504
"F2459","D",578702,12,0.964,0.441,2026,"N33",33.93,32.6494630318922,30.6850566663897,1.28053696810782,FALSE,0
"F2460","C",13454,36,0.96,0.288,2025,"N01",27.95,26.8260674517844,24.8612731966109,1.12393254821555,FALSE,0
"F2461","E",65090,12,0.934,0.866,2026,"N06",30.53,30.2304591266343,28.2649594358318,0.2995408733657,FALSE,0
"F2462","B",12588,24,0.937,0.592,2025,"N13",26.82,27.1983338064558,25.2338935004512,-0.378333806455757,FALSE,47.6246595566507
"F2463","B",48746,12,0.86,0.21,2024,"N03",28.16,27.8817957176119,25.916666329277,0.278204282388099,FALSE,0
"F2464","D",148215,24,0.89,0.08,2024,"N32",29.3,29.6257791808778,27.661546003176,-0.32577918087777,FALSE,482.853612937987
"F2465","D",101933,12,0.993,0.503,2024,"N29",28.85,30.1447818127698,28.1807156962727,-1.29478181276978,FALSE,1319.80994521062
"F2466","D",1090922,12,0.902,0.729,2026,"N05",31.9,34.357678545767,32.3917182514674,-2.45767854576697,TRUE,26811.3559450519
"F2467","E",128386,12,0.977,0.486,2025,"N40",29.19,30.3803278882388,28.4161769943886,-1.19032788823877,FALSE,1528.21436259422
"F2468","B",165405,24,0.979,0.649,2026,"N09",31.6,31.5163858774389,29.5523122080189,0.0836141225611193,FALSE,0
"F2469","A",88223,24,1,0.65,2026,"N08",31.34,30.5286309613705,28.5643294477073,0.8113690386295,FALSE,0
"F2470","D",27896,12,0.966,0.619,2025,"N14",28.92,28.3437597208766,26.379255463461,0.576240279123393,FALSE,0
"F2471","B",248720,36,0.891,0.725,2025,"N39",32.75,32.5312363557772,30.5662955912593,0.218763644222761,FALSE,0
"F2472","A",533122,12,0.921,0.277,2024,"N21",31.95,31.9952628341628,30.030870068814,-0.0452628341628341,FALSE,241.306126745584
"F2473","C",22962,24,0.963,0.562,2025,"N34",28.44,28.1930192714678,26.22908403787,0.246980728532161,FALSE,0
"F2474","E",9231,12,0.948,0.451,2026,"N24",25.31,25.9606491129303,23.9956274284724,-0.650649112930346,FALSE,60.0614196146002
"F2475","D",11411,36,0.959,0.158,2024,"N13",25.98,26.133145682525,24.1681343739437,-0.153145682524997,FALSE,17.4754538329274
"F2476","A",63979,12,0.949,0.333,2025,"N13",28.13,28.8088079329089,26.8451195507947,-0.678807932908931,FALSE,434.294527395805
"F2477","A",132457,36,0.92,0.697,2024,"N39",33.93,31.4744350848445,29.5100740979245,2.45556491515553,FALSE,0
"F2478","C",215074,36,0.927,0.184,2024,"N26",29.7,30.9118993125706,28.9477151309076,-1.21189931257064,FALSE,2606.48032751819
"F2479","E",6031,36,0.881,0.393,2026,"N31",25.28,25.5200261907762,23.5539581104677,-0.240026190776156,FALSE,14.47597956571
"F2480","C",14001,24,0.861,0.357,2025,"N12",26.13,26.6308220007413,24.6658071690959,-0.500822000741323,FALSE,70.1200883237926
"F2481","B",111595,12,0.958,0.817,2024,"N01",32.32,31.1012111642915,29.1359942435743,1.2187888357085,FALSE,0
"F2482","A",159295,24,0.977,0.78,2024,"N21",32.07,31.845740878571,29.8812344396595,0.224259121429036,FALSE,0
"F2483","A",57822,36,1,0.572,2024,"N03",31.95,29.9463620721789,27.9817700172732,2.00363792782109,FALSE,0
"F2484","C",45997,24,0.872,0.402,2026,"N12",29.38,28.6353778242034,26.6713590782212,0.74462217579655,FALSE,0
"F2485","D",167731,12,0.952,0.149,2025,"N39",30.6,29.8699501633402,27.9057508357278,0.730049836659799,FALSE,0
"F2486","A",41098,12,0.859,0.425,2025,"N30",30.33,28.1879121167927,26.2231571920414,2.14208788320734,FALSE,0
"F2487","C",12066,24,0.923,0.209,2026,"N36",24.33,26.0452338114234,24.0806415076773,-1.71523381142339,FALSE,206.960111686346
"F2488","A",501997,36,0.822,0.269,2026,"N39",33.6,32.1718000849199,30.2052862745048,1.42819991508012,FALSE,0
"F2489","A",288670,24,1,0.271,2025,"N12",32.28,31.410868812406,29.446706033827,0.869131187593954,FALSE,0
"F2490","B",62160,36,0.958,0.518,2026,"N17",29.78,29.8057947730954,27.8418240800144,-0.0257947730953489,FALSE,16.0340309560689
"F2491","E",83790,36,0.905,0.226,2024,"N26",30,29.3602662730748,27.3961437821523,0.63973372692519,FALSE,0
"F2492","E",35111,36,0.925,0.578,2024,"N35",28.91,28.9942572809701,27.0299616842312,-0.0842572809701352,FALSE,29.5835739214242
"F2493","E",689885,24,0.913,0.519,2025,"N10",34.29,33.311747522676,31.34744564729,0.97825247732397,FALSE,0
"F2494","A",174794,24,1,0.605,2024,"N23",31.79,31.5460034631262,29.5818989967376,0.243996536873844,FALSE,0
"F2495","A",325932,12,0.938,0.727,2024,"N36",31.07,32.5043449367121,30.5396620382493,-1.43434493671208,FALSE,4674.98913912442
"F2496","A",74064,24,0.93,0.704,2025,"N16",29.72,30.3161647120674,28.3523007386412,-0.596164712067424,FALSE,441.543432345617
"F2497","C",27485,24,0.975,0.141,2024,"N14",26.12,27.3198735486377,25.3555504700736,-1.19987354863771,FALSE,329.785244843075
"F2498","B",1485214,24,0.882,0.079,2026,"N32",30.45,33.246834966781,31.2806959492062,-2.79683496678101,TRUE,41538.9844835269
"F2499","B",163066,24,0.963,0.717,2024,"N40",30.6,31.7028384287396,29.7386372544301,-1.10283842873963,FALSE,1798.35451220857
"F2500","D",350033,12,0.928,0.214,2024,"N16",31.09,31.1858217244038,29.2216213792701,-0.0958217244038302,FALSE,335.407656582459
"F2501","D",530650,36,0.921,0.511,2025,"N05",34.17,33.2057828768322,31.2414523597866,0.964217123167835,FALSE,0
"F2502","D",1019048,24,0.946,0.545,2026,"N36",34.26,34.0800616763552,32.1155989137949,0.179938323644784,FALSE,0
"F2503","E",191906,24,0.904,0.139,2026,"N31",30.06,30.1275297877748,28.1635083754198,-0.0675297877748307,FALSE,129.593714527166
"F2504","E",16261,36,0.918,0.36,2026,"N08",27.51,27.086368050811,25.1217543793913,0.423631949188962,FALSE,0
"F2505","A",199895,12,0.989,0.878,2026,"N22",31.47,32.1937898127272,30.2279477745339,-0.72378981272719,FALSE,1446.81964615102
"F2506","C",53194,36,0.966,0.161,2024,"N09",29.76,28.6826631775523,26.7183174828276,1.07733682244772,FALSE,0
"F2507","E",75980,36,0.824,0.39,2025,"N22",30.04,29.511422675103,27.5456671065615,0.528577324897043,FALSE,0
"F2508","B",369328,24,0.897,0.411,2025,"N23",32.09,32.0275338999651,30.0637425107099,0.0624661000348894,FALSE,0
"F2509","C",143402,36,0.999,0.144,2025,"N28",28.16,30.286508973044,28.321657986066,-2.12650897304401,TRUE,3049.45639752457
"F2510","E",72221,12,0.923,0.908,2025,"N18",29.37,30.5428464755089,28.5768874392761,-1.1728464755089,FALSE,847.041453077286
"F2511","D",88631,36,0.963,0.391,2025,"N32",30.62,30.0804465726267,28.116709054955,0.539553427373331,FALSE,0
"F2512","C",183598,24,0.984,0.352,2025,"N19",31.73,30.9732395243651,29.0096378248992,0.75676047563493,FALSE,0
"F2513","A",550967,24,0.987,0.238,2026,"N26",31.9,32.2806046115003,30.3161989484244,-0.380604611500274,FALSE,2097.00580984472
"F2514","B",493906,24,0.978,0.193,2025,"N06",32.14,32.0336704530046,30.0692942985272,0.106329546995376,FALSE,0
"F2515","E",18802,36,0.949,0.568,2025,"N08",27.56,28.0111056926095,26.0463395286366,-0.451105692609474,FALSE,84.8168923244333
"F2516","A",195525,36,0.912,0.49,2024,"N12",30.76,31.5012160751988,29.5373441136776,-0.741216075198839,FALSE,1449.26273103253
"F2517","C",153606,24,0.925,0.405,2024,"N36",31.65,30.7245758828091,28.7613365287711,0.925424117190861,FALSE,0
"F2518","A",248315,24,1,0.703,2026,"N29",32.51,32.3357311135173,30.371073601393,0.174268886482743,FALSE,0
"F2519","E",249339,12,0.995,0.197,2024,"N02",30.44,30.6651651521391,28.7003953153087,-0.225165152139081,FALSE,561.424538692062
"F2520","C",222388,36,1,0.503,2026,"N03",31.73,31.9523147058117,29.9879043767518,-0.222314705811691,FALSE,494.401227960503
"F2521","C",352895,24,0.897,0.225,2024,"N14",29.48,31.4981664270023,29.5340427975958,-2.01816642700232,TRUE,7122.00841256984
"F2522","B",136658,36,0.924,0.638,2024,"N08",32.05,31.3894060973457,29.4252425328218,0.660593902654309,FALSE,0
"F2523","D",444266,12,0.917,0.189,2026,"N12",31.92,31.4283027217482,29.4637591658102,0.491697278251785,FALSE,0
"F2524","A",1106603,24,0.9,0.808,2025,"N26",34.45,34.8845150950853,32.9186990659246,-0.434515095085267,FALSE,4808.35707766642
"F2525","C",67498,24,0.873,0.808,2025,"N06",30.75,30.4419097394444,28.4768416371946,0.308090260555591,FALSE,0
"F2526","C",25781,36,0.966,0.678,2024,"N18",29.24,28.9758492355885,27.0111320909769,0.264150764411529,FALSE,0
"F2527","A",71947,24,0.915,0.181,2026,"N10",30.18,28.7221736575193,26.7584395788251,1.45782634248069,FALSE,0
"F2528","A",103535,12,0.877,0.613,2024,"N14",29.22,30.2308353057876,28.2663107925776,-1.01083530578759,FALSE,1046.56833384719
"F2529","D",75266,12,0.909,0.665,2026,"N40",28.57,29.9069066015183,27.9425832533516,-1.3369066015183,FALSE,1006.23612269876
"F2530","D",36458,24,0.98,0.795,2025,"N05",26.81,29.5596601041088,27.5946878088614,-2.74966010410881,TRUE,1002.47108075599
"F2531","C",49439,12,0.933,0.661,2025,"N19",29.5,29.3776919147017,27.413433643733,0.122308085298311,FALSE,0
"F2532","D",250116,36,0.935,0.348,2024,"N13",31.9,31.5685941545682,29.6049040312055,0.331405845431828,FALSE,0
"F2533","C",323230,24,0.857,0.531,2026,"N39",32.73,32.0937676373947,30.1291876952783,0.636232362605263,FALSE,0
"F2534","D",36613,24,0.934,0.187,2025,"N31",28.98,27.7697768066471,25.8060990373971,1.21022319335292,FALSE,0
"F2535","D",83547,12,0.998,0.48,2026,"N02",29.76,29.7225096832063,27.7582771438006,0.0374903167937326,FALSE,0
"F2536","E",18781,12,0.949,0.397,2025,"N35",27.05,26.9972340677873,25.0328075972766,0.0527659322127114,FALSE,0
"F2537","B",43647,24,0.962,0.347,2025,"N36",30.14,28.5489548739544,26.5854761637859,1.59104512604562,FALSE,0
"F2538","D",123262,12,0.813,0.234,2026,"N18",28.67,29.3035977285344,27.3371499327937,-0.633597728534411,FALSE,780.985232146086
"F2539","D",62061,12,0.935,0.505,2024,"N02",27.56,29.2455331399327,27.2818846054986,-1.68553313993271,FALSE,1046.05872197364
"F2540","A",89826,36,0.869,0.317,2025,"N40",30.7,29.6872646785294,27.7228316561691,1.01273532147057,FALSE,0
"F2541","B",19311,24,0.925,0.299,2024,"N35",27.55,27.0371911993482,25.0733272421402,0.512808800651758,FALSE,0
"F2542","A",78129,24,0.906,0.4,2024,"N07",28.44,29.5013590079769,27.538074700384,-1.06135900797691,FALSE,829.229179342284
"F2543","B",13622,36,0.891,0.229,2026,"N12",26.48,26.4340999467203,24.4689170002666,0.0459000532796807,FALSE,0
"F2544","D",98731,36,0.912,0.71,2024,"N31",29.5,31.0535583801627,29.0891625782972,-1.55355838016269,FALSE,1533.84372431843
"F2545","B",93087,24,0.918,0.767,2024,"N18",29.75,30.8599484357769,28.8955927413068,-1.10994843577686,FALSE,1033.2177004116
"F2546","C",34117,36,0.99,0.344,2024,"N33",30.78,28.5310352635402,26.5666781474272,2.24896473645983,FALSE,0
"F2547","C",77007,24,0.943,0.434,2024,"N30",30.07,29.733850157156,27.7706743175959,0.336149842843966,FALSE,0
"F2548","E",131849,36,0.904,0.418,2025,"N15",28.83,30.6247958729648,28.6608509018267,-1.79479587296481,FALSE,2366.42041054537
"F2549","B",169604,24,0.873,0.512,2025,"N20",32.67,31.019157672078,29.0551930397936,1.65084232792204,FALSE,0
"F2550","A",1227592,36,0.971,0.355,2025,"N07",35.92,34.1771096545156,32.2119354187469,1.74289034548436,FALSE,0
"F2551","C",700159,24,0.897,0.388,2024,"N10",29.98,33.0542667897717,31.0899482349498,-3.07426678977174,TRUE,21524.7556125979
"F2552","E",61910,12,1,0.225,2025,"N23",32.11,28.5213809829979,26.5566565907341,3.5886190170021,FALSE,0
"F2553","B",944875,24,1,0.636,2026,"N07",33.64,34.311812559643,32.3463955736476,-0.671812559642959,FALSE,6347.78892292641
"F2554","A",129354,24,1,0.153,2024,"N38",29.83,29.7927016058373,27.8284643740719,0.0372983941627396,FALSE,0
"F2555","A",2149745,24,0.961,0.419,2025,"N38",35.65,34.9702428978207,33.0050223229619,0.679757102179288,FALSE,0
"F2556","D",168462,12,0.997,0.331,2025,"N19",29.47,30.4738810362429,28.5095878900436,-1.00388103624287,FALSE,1691.15807127546
"F2557","E",56944,24,0.857,0.082,2026,"N19",28.21,27.9316048850899,25.9664623396722,0.27839511491015,FALSE,0
"F2558","B",206386,12,0.966,0.238,2024,"N40",32.61,30.4735222288775,28.5093130718499,2.13647777112251,FALSE,0
"F2559","D",112648,36,0.935,0.289,2025,"N35",30.93,30.1248204662654,28.1611357235111,0.805179533734574,FALSE,0
"F2560","D",597031,24,0.937,0.515,2024,"N10",33.94,33.1703684946271,31.20649210919,0.769631505372892,FALSE,0
"F2561","A",74911,36,0.895,0.381,2025,"N03",29.63,29.6255275934908,27.6615760679806,0.00447240650916925,FALSE,0
"F2562","A",65443,36,0.938,0.683,2025,"N32",32.21,30.3396197048989,28.3752799834993,1.87038029510107,FALSE,0
"F2563","E",6378,12,1,0.471,2024,"N17",26.4,25.5714216321025,23.6054020878504,0.828578367897528,FALSE,0
"F2564","A",74893,12,0.977,0.303,2024,"N40",28.5,29.0296589475085,27.0657867388059,-0.52965894750853,FALSE,396.677475557563
"F2565","D",47366,24,0.946,0.241,2025,"N21",27.65,28.3569170448501,26.3934772834779,-0.706917044850073,FALSE,334.838327463685
"F2566","D",47952,36,0.972,0.341,2024,"N32",29.11,28.9724828498526,27.0086700053989,0.137517150147414,FALSE,0
"F2567","B",392440,36,0.961,0.09,2025,"N14",29.64,31.6090333227472,29.6441446973715,-1.96903332274718,TRUE,7727.27437178902
"F2568","B",276222,36,0.894,0.495,2025,"N30",31.6,32.0582467787704,30.0940809816621,-0.458246778770359,FALSE,1265.77841725506
"F2569","C",109785,36,0.959,0.249,2024,"N35",30.54,30.0778059745198,28.1139057738611,0.46219402548018,FALSE,0
"F2570","A",85872,12,0.995,0.412,2026,"N21",29.18,29.5410465353374,27.5769065208619,-0.361046535337398,FALSE,310.03788082493
"F2571","B",38735,36,0.814,0.283,2026,"N18",28.5,28.114518659701,26.148111206103,0.385481340299034,FALSE,0
"F2572","C",29693,36,0.871,0.386,2026,"N01",27.36,28.1528856862894,26.1881680943379,-0.792885686289402,FALSE,235.431546829912
"F2573","A",200158,12,1,0.217,2024,"N29",30.98,30.4065013257027,28.4419652743218,0.573498674297262,FALSE,0
"F2574","D",141901,12,0.981,0.347,2025,"N12",31.83,30.2136523144541,28.2496752813251,1.61634768554589,FALSE,0
"F2575","E",28020,24,0.914,0.393,2024,"N10",27.13,27.8261565056002,25.8624722810061,-0.696156505600165,FALSE,195.063052869166
"F2576","C",93561,12,0.874,0.609,2025,"N19",29.6,30.1417868594303,28.1771418855744,-0.541786859430253,FALSE,506.901203551539
"F2577","D",69045,24,0.942,0.517,2026,"N36",29.41,29.6806589677587,27.7173876297964,-0.270658967758727,FALSE,186.876484289013
"F2578","A",95305,12,0.934,0.231,2026,"N04",28.09,29.0835907621216,27.1197075698501,-0.993590762121645,FALSE,946.941675840034
"F2579","B",712577,36,1,0.227,2026,"N30",31.67,32.9753154578297,31.0098856587438,-1.30531545782965,FALSE,9301.37772993879
"F2580","E",41543,36,0.855,0.717,2026,"N35",29.27,29.4736873877002,27.5078986302036,-0.203687387700199,FALSE,84.6178514722939
"F2581","C",514895,36,0.909,0.602,2026,"N38",34.07,33.4035271791945,31.4390251445755,0.666472820805524,FALSE,0
"F2582","A",344641,24,1,0.248,2024,"N36",32.37,31.6299680837608,29.6657233646225,0.740031916239197,FALSE,0
"F2583","A",108534,12,1,0.556,2026,"N04",31.94,30.3306721743919,28.3662796270607,1.60932782560808,FALSE,0
"F2584","C",305997,24,0.942,0.632,2026,"N28",31.97,32.4509369358693,30.487218077913,-0.48093693586933,FALSE,1471.65259565207
"F2585","D",173984,24,0.908,0.605,2025,"N17",29.82,31.393083111535,29.4294052450004,-1.57308311153501,FALSE,2736.91292077308
"F2586","C",77903,24,0.94,0.304,2025,"N32",29.32,29.3813540986646,27.4180855018853,-0.0613540986646406,FALSE,47.796683482715
"F2587","B",11760,36,0.937,0.284,2025,"N18",25.77,26.4889235867701,24.5241380964076,-0.718923586770067,FALSE,84.5454138041599
"F2588","C",20638,12,0.957,0.788,2024,"N40",25.27,28.3803411046456,26.4149991496197,-3.11034110464564,TRUE,641.912197176768
"F2589","A",30399,36,0.928,0.503,2025,"N39",28.76,28.5860090646071,26.6218967266794,0.173990935392947,FALSE,0
"F2590","E",63817,24,0.948,0.309,2026,"N29",29.74,28.9247877842503,26.9614048256252,0.815212215749746,FALSE,0
"F2591","D",92514,24,0.919,0.487,2026,"N24",30.5,30.0215732845474,28.0583333411709,0.478426715452589,FALSE,0
"F2592","C",523416,24,0.967,0.286,2024,"N27",32.97,32.4338715860348,30.4698511925229,0.536128413965166,FALSE,0
"F2593","B",111696,36,0.984,0.158,2025,"N23",30.39,29.8303727595949,27.8658693146374,0.559627240405057,FALSE,0
"F2594","A",882520,36,0.957,0.758,2026,"N04",36.05,34.706401116474,32.7407141384055,1.34359888352596,FALSE,0
"F2595","D",461807,24,0.956,0.484,2024,"N31",32.51,32.7076836608568,30.7440081280969,-0.197683660856775,FALSE,912.916983692848
"F2596","D",408076,24,0.988,0.314,2025,"N37",32.67,32.0922691872815,30.1282301491933,0.577730812718521,FALSE,0
"F2597","D",101286,12,0.948,0.525,2025,"N27",30.68,30.1114051150835,28.1476249014601,0.568594884916511,FALSE,0
"F2598","B",125203,12,1,0.098,2025,"N16",29.68,29.3436073852609,27.3785050183533,0.336392614739054,FALSE,0
"F2599","D",262184,24,0.872,0.589,2026,"N31",32.23,31.8884331618612,29.9241324596039,0.341566838138807,FALSE,0
"F2600","C",79384,36,0.896,0.394,2024,"N33",29.93,29.8467160147246,27.8827905877539,0.0832839852754077,FALSE,0
"F2601","E",128438,12,0.997,0.569,2026,"N02",32.08,30.6036772387916,28.639134598346,1.47632276120844,FALSE,0
"F2602","A",15512,36,0.988,0.839,2025,"N26",25.44,28.5664380193215,26.5999241124758,-3.12643801932148,TRUE,484.973065557149
"F2603","C",240008,12,0.977,0.413,2024,"N35",30.05,31.2949740666143,29.3308960934201,-1.24497406661431,FALSE,2988.03735779968
"F2604","A",186649,24,0.987,0.496,2024,"N40",31.93,31.320043530939,29.3564110946653,0.609956469060997,FALSE,0
"F2605","C",68946,12,0.936,0.168,2024,"N09",29.14,28.5298590584704,26.5656439896228,0.61014094152965,FALSE,0
"F2606","C",648670,12,0.99,0.409,2024,"N13",32.35,32.9014095279459,30.9365337185925,-0.5514095279459,FALSE,3576.82818492667
"F2607","D",838175,36,0.973,0.29,2025,"N27",34.8,33.41528859462,31.4504124628008,1.38471140538002,FALSE,0
"F2608","B",208947,36,0.86,0.106,2025,"N30",29.79,30.452840230322,28.4875416188776,-0.662840230322043,FALSE,1384.984776051
"F2609","A",53413,24,0.911,0.51,2024,"N16",27.39,29.2107761998461,27.2473843334698,-1.82077619984607,FALSE,972.531191623781
"F2610","B",212970,36,0.942,0.203,2026,"N36",30.29,30.8628719532688,28.8987414114347,-0.572871953268795,FALSE,1220.04539887655
"F2611","C",168922,36,0.79,0.158,2025,"N02",31.3,30.1925176294919,28.2248323052069,1.10748237050808,FALSE,0
"F2612","E",354330,36,0.975,0.286,2025,"N30",32.69,31.9720515061178,30.0075723165493,0.717948493882215,FALSE,0
"F2613","C",73135,36,0.949,0.554,2024,"N24",30.1,30.265600512129,28.3017923227234,-0.165600512129046,FALSE,121.111934545578
"F2614","D",230893,36,0.904,0.433,2025,"N13",29.42,31.6209404057558,29.6570312517779,-2.20094040575576,TRUE,5081.81733106165
"F2615","A",277907,36,0.918,0.355,2025,"N02",33.38,31.6965252916036,29.7326110927112,1.68347470839642,FALSE,0
"F2616","A",220262,36,0.965,0.253,2025,"N26",32.81,31.1262482204126,29.1621423249591,1.68375177958743,FALSE,0
"F2617","A",194388,24,0.98,0.481,2024,"N30",30.95,31.3297050388073,29.3661846884906,-0.37970503880733,FALSE,738.101030836793
"F2618","A",118285,36,0.874,0.283,2025,"N14",30.62,30.0421111211842,28.0777292444348,0.577888878815788,FALSE,0
"F2619","C",65400,12,0.97,0.236,2024,"N21",29.5,28.7008457686326,26.7367347834662,0.799154231367403,FALSE,0
"F2620","A",30745,12,0.927,0.084,2026,"N12",27.74,26.8442905540609,24.879456988512,0.89570944593909,FALSE,0
"F2621","C",8556,36,0.93,0.546,2024,"N02",27.72,26.7693227390091,24.804196992971,0.950677260990908,FALSE,0
"F2622","B",9224,24,0.891,0.28,2026,"N28",24.93,25.6872330214209,23.7222734895414,-0.757233021420937,FALSE,69.8471738958673
"F2623","A",43701,12,0.958,0.243,2026,"N11",26.09,27.9134861741595,25.9494136490435,-1.82348617415951,FALSE,796.881692969449
"F2624","D",58328,12,0.864,0.192,2025,"N08",26.73,28.131775305427,26.1668766810068,-1.40177530542696,FALSE,817.627500149437
"F2625","D",488139,36,0.936,0.587,2024,"N20",34.83,33.3139077256269,31.3495548346975,1.51609227437309,FALSE,0
"F2626","D",211291,36,0.951,0.286,2024,"N39",31.5,31.1542774520392,29.1905494653951,0.345722547960801,FALSE,0
"F2627","D",42125,12,0.847,0.146,2024,"N36",29.18,27.4486203658813,25.4830517430871,1.73137963411875,FALSE,0
"F2628","C",61806,36,0.973,0.488,2025,"N37",30.43,29.8559840263149,27.8920400402217,0.574015973685089,FALSE,0
"F2629","B",45184,12,1,0.05,2025,"N17",28.26,27.5756320247491,25.6101709711816,0.684367975250936,FALSE,0
"F2630","B",40403,24,1,0.391,2026,"N01",27.71,28.5723402781117,26.6082346685387,-0.862340278111684,FALSE,348.411342565464
"F2631","C",1096091,36,0.966,0.823,2025,"N28",33.82,35.3920151545812,33.4257747557572,-1.57201515458122,FALSE,17230.7166280009
"F2632","E",41763,12,0.923,0.624,2024,"N31",28.72,28.8665300615692,26.9021708992147,-0.146530061569184,FALSE,61.1953496131382
"F2633","B",166165,24,0.896,0.343,2026,"N02",30.11,30.506144864131,28.5425731342202,-0.39614486413096,FALSE,658.25411348321
"F2634","D",73427,36,0.926,0.754,2025,"N34",30.18,30.7295313840842,28.7648416469831,-0.549531384084219,FALSE,403.504409391519
"F2635","C",25337,36,0.967,0.322,2026,"N39",27.71,27.9005414567476,25.9362182579845,-0.19054145674755,FALSE,48.2774888961266
"F2636","C",81124,36,0.902,0.396,2026,"N13",31.09,29.8500726446284,27.8862354669312,1.23992735537165,FALSE,0
"F2637","A",14653,36,0.953,0.172,2024,"N26",26.47,26.5332353410066,24.5682747629842,-0.0632353410065605,FALSE,9.26587451769131
"F2638","C",79201,36,0.989,0.105,2025,"N31",29.12,29.2067074832539,27.2418575436413,-0.0867074832538961,FALSE,68.6731938119183
"F2639","C",275216,36,0.945,0.347,2024,"N19",30.76,31.799387105199,29.8355205552358,-1.03938710519904,FALSE,2860.55961544459
"F2640","E",29119,36,0.954,0.14,2026,"N09",26.48,27.469425132481,25.5046949314389,-0.989425132481021,FALSE,288.110704327148
"F2641","B",352018,12,0.957,0.14,2024,"N23",32.39,31.0364312429281,29.0717057046606,1.35356875707188,FALSE,0
"F2642","C",41888,24,0.985,0.439,2026,"N19",30.6,28.8034701325267,26.8397845779009,1.79652986747334,FALSE,0
"F2643","E",52508,36,0.982,0.245,2025,"N23",28.12,28.8108780409407,26.8464111180884,-0.690878040940731,FALSE,362.766241737159
"F2644","E",86898,24,0.961,0.296,2025,"N34",29.5,29.4560465323113,27.4925535178499,0.0439534676887163,FALSE,0
"F2645","C",396149,36,0.905,0.5,2024,"N11",34.04,32.7374461735631,30.7731971443218,1.3025538264369,FALSE,0
"F2646","E",33457,24,0.979,0.311,2025,"N25",27.75,28.003006132644,26.0390493530395,-0.253006132644003,FALSE,84.6482617987042
"F2647","C",165498,12,0.955,0.382,2025,"N33",30.09,30.5707449165612,28.6069665996953,-0.480744916561207,FALSE,795.623222010466
"F2648","A",29255,36,0.982,0.283,2026,"N13",26.67,27.9596621024826,25.9950275871835,-1.28966210248262,FALSE,377.290648081289
"F2649","E",248914,12,1,0.098,2026,"N19",31.33,30.3451633514822,28.3799296385595,0.984836648517803,FALSE,0
"F2650","C",1359082,36,0.911,0.688,2026,"N34",33.77,35.2043014938901,33.2386553668915,-1.43430149389012,FALSE,19493.3334291917
"F2651","C",11153,36,0.925,0.627,2026,"N24",27.73,27.363921707023,25.3987813267717,0.366078292976997,FALSE,0
"F2652","D",68872,24,0.976,0.126,2026,"N27",30.13,28.6416141079274,26.6776304812484,1.48838589207259,FALSE,0
"F2653","C",43484,36,0.937,0.456,2026,"N21",29.56,29.085918702453,27.1221039240414,0.474081297546952,FALSE,0
"F2654","B",49558,36,0.932,0.091,2024,"N28",31.4,28.2412735589969,26.2767737025897,3.15872644100311,FALSE,0
"F2655","E",11960,12,0.988,0.137,2024,"N22",23.8,25.616814801431,23.6512239176045,-1.81681480143095,FALSE,217.291050251142
"F2656","A",97257,12,0.898,0.542,2026,"N15",28.97,29.9223704436889,27.9583663302552,-0.952370443688935,FALSE,926.246922418547
"F2657","C",33850,24,0.895,0.036,2025,"N01",26.5,27.2070633771679,25.2421762642929,-0.707063377167863,FALSE,239.340953171322
"F2658","D",45375,12,0.895,0.472,2025,"N12",28.17,28.5754243102241,26.6113329651195,-0.405424310224127,FALSE,183.961280764198
"F2659","E",148068,12,0.995,0.167,2026,"N02",28.25,29.6974319272468,27.7327301385871,-1.44743192724679,FALSE,2143.18350603578
"F2660","E",61652,36,0.904,0.248,2024,"N37",29.79,28.9286469326896,26.9645221868307,0.861353067310414,FALSE,0
"F2661","A",42441,36,0.949,0.222,2025,"N37",28.72,28.3703367223314,26.4061662755956,0.349663277668622,FALSE,0
"F2662","B",864394,24,0.942,0.094,2025,"N25",32.69,32.5838971170623,30.618947673921,0.106102882937741,FALSE,0
"F2663","A",115786,36,0.896,0.653,2025,"N36",31.71,31.0899224649943,29.1255417610059,0.620077535005674,FALSE,0
"F2664","D",68068,12,1,0.417,2026,"N27",27.87,29.2208481205093,27.2566032906957,-1.35084812050928,FALSE,919.495298668257
"F2665","D",92601,24,0.961,0.479,2024,"N21",30.82,30.1284899772328,28.165341773202,0.691510022767176,FALSE,0
"F2666","E",96985,36,0.996,0.589,2025,"N08",31.5,30.7877763026777,28.8230012650852,0.712223697322283,FALSE,0
"F2667","B",78069,24,0.943,0.731,2024,"N17",30.44,30.5241624925968,28.5600490130335,-0.0841624925967999,FALSE,65.7048163453957
"F2668","C",181938,12,0.977,0.122,2024,"N08",30.31,30.0329030645524,28.0682260291024,0.277096935447606,FALSE,0
"F2669","C",33210,24,0.942,0.709,2024,"N13",28.72,29.1576379860015,27.1935320772568,-0.437637986001455,FALSE,145.339575151083
"F2670","D",487616,36,0.85,0.103,2024,"N26",32.88,31.7884235617927,29.8224362077511,1.09157643820729,FALSE,0
"F2671","A",109066,12,0.985,0.233,2025,"N09",30.84,29.4504444197641,27.4862579318528,1.38955558023586,FALSE,0
"F2672","C",381598,12,0.941,0.604,2025,"N10",33.79,32.5070031394739,30.5426649848749,1.28299686052607,FALSE,0
"F2673","A",67522,24,0.942,0.44,2024,"N25",28.83,29.4482222991213,27.4850778916942,-0.618222299121275,FALSE,417.436060812667
"F2674","C",811783,24,0.957,0.361,2026,"N34",33.03,33.2806190378393,31.3165040423277,-0.250619037839307,FALSE,2034.48274394306
"F2675","C",193547,12,0.962,0.789,2026,"N14",29.83,31.9307016766445,29.9658381756178,-2.10070167664452,TRUE,4065.84507409516
"F2676","C",118491,12,1,0.316,2025,"N03",28.45,29.9350303585063,27.9706641489092,-1.4850303585063,FALSE,1759.6273220977
"F2677","D",748497,12,0.94,0.672,2024,"N18",31.65,33.7141406455682,31.7490286378653,-2.06414064556822,TRUE,15450.0308078587
"F2678","C",120887,12,0.971,0.562,2024,"N20",29.45,30.6037071166284,28.6396993620724,-1.15370711662844,FALSE,1394.68192207862
"F2679","E",286404,24,1,0.203,2025,"N32",31.24,31.1793786799734,29.2148733210337,0.0606213200265522,FALSE,0
"F2680","D",75040,36,0.949,0.43,2026,"N08",29.66,29.8483295619511,27.8846449831079,-0.188329561951122,FALSE,141.322503288122
"F2681","C",3280028,36,0.971,0.719,2025,"N02",37.32,36.8653168033412,34.898238358772,0.454683196658848,FALSE,0
"F2682","D",109156,12,0.982,0.192,2024,"N27",29.36,29.3591780433796,27.3950603937113,0.000821956620381314,FALSE,0
"F2683","E",62294,24,0.883,0.125,2026,"N05",27.74,28.245625387069,26.2812712209992,-0.505625387068992,FALSE,314.974278620758
"F2684","D",153179,12,1,0.501,2024,"N19",28.34,30.8050033393087,28.8407563254042,-2.46500333930867,TRUE,3775.86746511962
"F2685","C",387923,36,0.881,0.287,2024,"N27",29.34,32.0594639085708,30.0947815264598,-2.71946390857082,TRUE,10549.4259780452
"F2686","D",40423,36,0.893,0.229,2024,"N04",29.79,28.2342937976936,26.2701043113439,1.5557062023064,FALSE,0
"F2687","D",362324,24,0.923,0.427,2025,"N31",32.84,32.0963771741661,30.1328503598481,0.743622825833917,FALSE,0
"F2688","B",66462,12,0.944,0.321,2025,"N36",29.05,28.8498682328986,26.8860676310486,0.200131767101386,FALSE,0
"F2689","D",49093,36,0.943,0.475,2026,"N02",27.75,29.2836546513851,27.3198436711654,-1.53365465138508,FALSE,752.917078004476
"F2690","C",34464,24,0.859,0.334,2024,"N02",28.09,28.005423555024,26.0408892710259,0.0845764449759976,FALSE,0
"F2691","C",543277,24,0.94,0.553,2025,"N28",33.88,33.1933465583303,31.2294563831813,0.686653441669726,FALSE,0
"F2692","D",21531,36,1,0.184,2024,"N15",30.07,27.3011405881517,25.3361700778646,2.76885941184829,FALSE,0
"F2693","C",40209,36,0.952,0.332,2024,"N13",27.42,28.6885723346301,26.7246799069835,-1.26857233463006,FALSE,510.0802500314
"F2694","E",42527,24,0.915,0.66,2026,"N14",29.14,29.1989138860607,27.2348720047647,-0.0589138860606759,FALSE,25.0543083250237
"F2695","B",81885,12,0.952,0.54,2024,"N39",31.1,29.8149853154485,27.8510512252087,1.28501468455149,FALSE,0
"F2696","D",129675,24,0.975,0.282,2026,"N16",29.92,30.0922418029646,28.1287743487359,-0.172241802964617,FALSE,223.354557994367
"F2697","E",42474,36,0.961,0.36,2025,"N32",27.07,28.7546729323303,26.7905511585506,-1.68467293233028,FALSE,715.547981277961
"F2698","A",41144,36,0.918,0.344,2026,"N31",28.07,28.5563898659963,26.5923369419733,-0.486389865996333,FALSE,200.120246465531
"F2699","A",5685,36,1,0.237,2026,"N01",25.86,25.2397491716445,23.2730993196992,0.620250828355466,FALSE,0
"F2700","C",389741,24,0.961,0.379,2026,"N08",34.17,32.1631351621743,30.1995436459505,2.00686483782572,FALSE,0
"F2701","C",152321,24,0.96,0.371,2024,"N07",32.27,30.6817943317701,28.7185149356996,1.58820566822989,FALSE,0
"F2702","A",321345,24,1,0.229,2026,"N08",31.04,31.4160347068697,29.4516844652855,-0.376034706869675,FALSE,1208.36872879036
"F2703","E",169716,36,0.961,0.189,2025,"N39",29.87,30.4933596112191,28.5290719192494,-0.623359611219065,FALSE,1057.94099777655
"F2704","B",14027,12,0.97,0.488,2024,"N37",25.81,26.8760019933583,24.9112582023459,-1.0660019933583,FALSE,149.528099608368
"F2705","C",281200,24,0.973,0.6,2024,"N06",32.39,32.3326270430942,30.3687847176143,0.0573729569057875,FALSE,0
"F2706","A",601642,24,0.911,0.498,2025,"N22",31.54,33.0572822328867,31.0933268755968,-1.51728223288667,FALSE,9128.60717158403
"F2707","D",15325,24,0.947,0.381,2024,"N25",24.54,26.9443073369547,24.980559014567,-2.40430733695469,TRUE,368.460099388306
"F2708","A",353035,24,0.906,0.142,2024,"N07",32.9,31.1924667249743,29.2282772353148,1.70753327502572,FALSE,0
"F2709","A",39950,36,0.929,0.494,2024,"N04",28.81,29.000173940768,27.0362666325763,-0.190173940767963,FALSE,75.9744893368011
"F2710","A",51528,12,0.89,0.28,2024,"N17",29.82,28.2010968330496,26.2369204943107,1.61890316695041,FALSE,0
"F2711","E",20976,36,0.933,0.299,2024,"N37",25.11,27.3995565924485,25.4351961544398,-2.2895565924485,TRUE,480.257390831997
"F2712","A",31991,24,1,0.673,2026,"N24",29.18,28.967961539612,27.003238426388,0.212038460388023,FALSE,0
"F2713","C",102471,24,0.894,0.359,2025,"N11",29.83,29.8880966192275,27.9246132815941,-0.058096619227527,FALSE,59.5321866886391
"F2714","D",184664,12,0.986,0.07,2026,"N23",30.92,29.8177526597118,27.8528474253071,1.10224734028825,FALSE,0
"F2715","B",179920,24,0.986,0.464,2026,"N09",32.18,31.1442354370464,29.1804933648885,1.03576456295355,FALSE,0
"F2716","C",200819,12,0.943,0.421,2026,"N26",32.09,30.9190789303444,28.9553438166253,1.17092106965559,FALSE,0
"F2717","C",62529,36,0.872,0.528,2026,"N02",28.88,29.7472733583752,27.7828156817317,-0.867273358375197,FALSE,542.297358258427
"F2718","B",180510,24,0.972,0.364,2025,"N21",31.17,30.8903422865125,28.9268474455723,0.279657713487467,FALSE,0
"F2719","D",218544,12,0.917,0.203,2026,"N30",29.42,30.330957101209,28.366821942039,-0.910957101209039,FALSE,1990.84208726628
"F2720","A",329168,24,0.978,0.389,2026,"N23",29.01,31.8627995260008,29.8990723217942,-2.85279952600077,TRUE,9390.50314374622
"F2721","A",180611,24,0.91,0.229,2025,"N27",29.81,30.3709729718117,28.4074171528088,-0.560972971811669,FALSE,1013.17889411877
"F2722","D",635818,24,0.89,0.16,2025,"N38",33.29,32.1842133909658,30.2195392314805,1.10578660903418,FALSE,0
"F2723","E",100905,36,0.831,0.566,2025,"N34",30.76,30.474130459235,28.5084042270538,0.285869540764978,FALSE,0
"F2724","B",6624,36,0.939,0.785,2026,"N18",26.03,26.9332573339765,24.9666606978896,-0.903257333976516,FALSE,59.8317658026044
"F2725","B",227684,36,0.968,0.575,2025,"N40",33.13,32.113691360158,30.1494669963752,1.01630863984201,FALSE,0
"F2726","C",172933,24,0.97,0.598,2026,"N10",31.95,31.49398958268,29.5304028914268,0.456010417320027,FALSE,0
"F2727","E",297877,12,0.965,0.313,2024,"N09",31.21,31.2195138737321,29.2553124076641,-0.00951387373208945,FALSE,28.3396416569361
"F2728","B",26474,36,0.869,0.402,2025,"N16",27.89,27.9920513805213,26.0273406151324,-0.102051380521345,FALSE,27.017082479221
"F2729","D",306902,24,0.941,0.481,2025,"N31",32.37,32.016306611558,30.0528411211338,0.353693388441997,FALSE,0
"F2730","A",157665,12,1,0.431,2024,"N32",30.86,30.6258681923844,28.661675014771,0.234131807615626,FALSE,0
"F2731","E",29218,12,0.984,0.567,2025,"N05",27.79,28.2495979856682,26.2848483330098,-0.459597985668161,FALSE,134.285339452523
"F2732","D",22946,36,0.929,0.955,2025,"N21",31.23,29.436743418002,27.4700926882078,1.79325658199796,FALSE,0
"F2733","C",304280,36,0.99,0.23,2026,"N07",31.59,31.6681101892665,29.7035382334887,-0.0781101892665426,FALSE,237.673683900236
"F2734","D",1351765,12,1,0.491,2025,"N02",34.73,34.2661162070194,32.3002476930967,0.463883792980582,FALSE,0
"F2735","A",233637,12,0.944,0.159,2024,"N27",29.05,30.3851796635039,28.4209612186011,-1.33517966350393,FALSE,3119.47371042068
"F2736","D",37728,36,0.867,0.834,2024,"N35",29.05,29.7756437320078,27.8096030555099,-0.725643732007757,FALSE,273.770867211887
"F2737","A",156967,24,0.871,0.508,2024,"N11",30.3,30.8566114290765,28.8926473259349,-0.556611429076465,FALSE,873.696261878455
"F2738","D",32517,36,0.971,0.567,2025,"N39",30,28.9838681693249,27.0194978415924,1.01613183067513,FALSE,0
"F2739","B",68680,24,0.916,0.327,2025,"N38",31.19,29.1319458190499,27.1686369384706,2.05805418095014,FALSE,0
"F2740","C",143395,36,0.945,0.081,2025,"N20",30.42,30.0070277243508,28.0424997968159,0.412972275649214,FALSE,0
"F2741","A",72016,12,0.878,0.182,2025,"N25",27.91,28.4393744356712,26.4747831867876,-0.529374435671158,FALSE,381.234293592942
"F2742","B",396020,24,0.922,0.31,2025,"N01",30.91,31.902691448586,29.9390046874253,-0.992691448586044,FALSE,3931.25667469045
"F2743","B",13942,12,0.905,0.238,2025,"N37",25.97,26.0404076705063,24.0755123152949,-0.0704076705063308,FALSE,9.81623742199264
"F2744","E",113686,12,0.858,0.292,2026,"N17",30.26,29.3660994770524,27.4012660165802,0.893900522947629,FALSE,0
"F2745","B",349604,12,0.965,0.64,2024,"N09",31.18,32.4464518884459,30.4817329769618,-1.26645188844586,FALSE,4427.56646008226
"F2746","C",115342,36,0.971,0.229,2026,"N29",30.36,30.0750413589752,28.1109508424204,0.284958641024826,FALSE,0
"F2747","D",327327,12,0.915,0.136,2024,"N32",30.08,30.8344227494011,28.8699043187124,-0.754422749401137,FALSE,2469.42935293226
"F2748","E",63892,36,0.886,0.585,2024,"N02",28.24,29.8993165620014,27.9348250017414,-1.6593165620014,FALSE,1060.17053779394
"F2749","E",237180,24,0.898,0.759,2024,"N08",31.2,32.2472317170797,30.2824796103108,-1.04723171707974,FALSE,2483.82418656972
"F2750","A",25742,12,0.96,0.33,2026,"N33",27.65,27.3139237848416,25.3497473876384,0.336076215158378,FALSE,0
"F2751","A",101725,36,0.859,0.268,2026,"N10",30.39,29.6813165442729,27.7164474983484,0.708683455727126,FALSE,0
"F2752","A",78172,12,0.982,0.26,2025,"N03",27.35,28.9870619089886,27.0229741037759,-1.63706190898855,FALSE,1279.72403549453
"F2753","D",213074,36,0.918,0.27,2026,"N40",31.17,31.0118913154542,29.0479819713339,0.158108684545788,FALSE,0
"F2754","A",48471,36,0.913,0.66,2025,"N11",28.22,29.7465881176422,27.7821908089826,-1.52658811764217,FALSE,739.952526502335
"F2755","E",106912,24,0.916,0.265,2026,"N22",28.85,29.567214366027,27.6037703160804,-0.717214366026955,FALSE,766.788223006738
"F2756","E",1918,24,0.988,0.238,2025,"N26",21.11,23.2346959080941,21.2672366984282,-2.12469590809413,TRUE,40.7516675172453
"F2757","E",58853,36,0.993,0.263,2024,"N34",30.24,29.0649183389665,27.1004418093831,1.17508166103351,FALSE,0
"F2758","D",209026,12,0.952,0.397,2025,"N31",31.7,30.9199299815423,28.9561402356062,0.780070018457682,FALSE,0
"F2759","D",424244,36,0.868,0.172,2025,"N24",32.13,31.7936391355278,29.8284737262271,0.33636086447224,FALSE,0
"F2760","D",164147,24,0.96,0.445,2024,"N09",31.33,30.9482321746692,28.9850634752177,0.38176782533084,FALSE,0
"F2761","A",100624,12,0.904,0.096,2025,"N16",29.96,28.7827564535655,26.8182160608466,1.1772435464345,FALSE,0
"F2762","E",961941,24,0.857,0.383,2026,"N26",34.09,33.3073857607679,31.3420478196684,0.78261423923211,FALSE,0
"F2763","A",97413,36,0.904,0.541,2026,"N27",30.24,30.464753333279,28.5007199457422,-0.224753333278969,FALSE,218.938964547042
"F2764","E",73921,12,0.872,0.539,2024,"N18",28.73,29.4458110477934,27.4811591862031,-0.715811047793434,FALSE,529.134684639384
"F2765","B",133527,24,0.956,0.709,2025,"N20",34.39,31.3470558210905,29.3829991338191,3.04294417890953,FALSE,0
"F2766","C",86291,12,0.999,0.206,2024,"N32",29.97,29.1155600468691,27.1509816658909,0.854439953130914,FALSE,0
"F2767","D",26990,12,0.954,0.86,2025,"N17",31.14,28.9457771096153,26.9800072449652,2.19422289038465,FALSE,0
"F2768","A",12531,12,1,0.313,2024,"N16",25.56,26.2367966165135,24.2716644505431,-0.676796616513467,FALSE,84.8093840153026
"F2769","C",26388,36,0.927,0.433,2026,"N25",28.15,28.2020221465562,26.2379360609494,-0.05202214655624,FALSE,13.7276040332606
"F2770","D",133583,36,0.961,0.572,2026,"N29",32.38,31.1943562169743,29.2303766126324,1.18564378302567,FALSE,0
"F2771","A",191165,24,0.907,0.206,2026,"N26",32.04,30.3430633348007,28.3793150032805,1.69693666519932,FALSE,0
"F2772","E",166629,12,0.928,0.417,2024,"N19",28.69,30.5110963609715,28.5472531390431,-1.82109636097149,FALSE,3034.47465532319
"F2773","C",47672,24,0.971,0.408,2026,"N10",27.62,28.897034519575,26.9335818343402,-1.27703451957504,FALSE,608.787896171815
"F2774","D",51996,24,1,0.433,2024,"N24",28,29.1482872772308,27.1845738049476,-1.14828727723082,FALSE,597.06345266894
"F2775","A",261224,36,0.887,0.487,2025,"N12",30.46,31.9097832427525,29.9455433672095,-1.44978324275249,FALSE,3787.18177804776
"F2776","A",39592,36,0.944,0.218,2025,"N01",28.14,28.2382849151274,26.2740921474788,-0.0982849151273619,FALSE,38.9129635972251
"F2777","D",52724,36,0.978,0.822,2025,"N01",29.97,30.4885062259476,28.5229972515232,-0.518506225947622,FALSE,273.377222568624
"F2778","D",528656,24,0.91,0.378,2024,"N25",32.46,32.5391362024229,30.5753329593217,-0.0791362024228945,FALSE,418.358282280777
"F2779","E",106534,12,0.979,0.682,2026,"N37",27.95,30.5877282731577,28.6230842296547,-2.63772827315769,TRUE,2810.07743852582
"F2780","C",47758,36,0.907,0.24,2026,"N07",29.92,28.5719762284257,26.6077930135133,1.34802377157427,FALSE,0
"F2781","E",41568,12,0.955,0.455,2026,"N22",28.58,28.3960674704072,26.4321038301067,0.183932529592823,FALSE,0
"F2782","D",392609,12,0.989,0.238,2025,"N18",35.05,31.5529237043802,29.5882491690209,3.49707629561981,FALSE,0
"F2783","E",91812,24,0.931,0.346,2026,"N31",31.05,29.5794097841472,27.6161411920893,1.47059021585285,FALSE,0
"F2784","D",113990,12,0.878,0.403,2025,"N09",29.03,29.8251345526505,27.8609182077453,-0.795134552650545,FALSE,906.373876566356
"F2785","E",115365,12,0.959,0.089,2025,"N32",32.13,29.0586124625867,27.0940040739898,3.07138753741329,FALSE,0
"F2786","E",8668,24,0.853,0.31,2026,"N39",25.81,25.5490975400114,23.5833077459609,0.260902459988635,FALSE,0
"F2787","A",32176,12,0.827,0.341,2024,"N36",28.73,27.4988111924532,25.532876199209,1.23118880754682,FALSE,0
"F2788","B",119946,36,0.949,0.607,2024,"N39",30.73,31.140583813564,29.1765364855374,-0.410583813563978,FALSE,492.478861017449
"F2789","E",83440,12,0.924,0.789,2025,"N29",29.45,30.4414979724736,28.4764246324472,-0.991497972473631,FALSE,827.305908231998
"F2790","B",146429,36,0.928,0.352,2025,"N38",30.34,30.7036424219813,28.7399657269397,-0.363642421981272,FALSE,532.477962082956
"F2791","A",31714,24,0.975,0.549,2025,"N26",29.22,28.606575371554,26.6427037924371,0.613424628445951,FALSE,0
"F2792","A",33034,24,1,0.247,2026,"N35",28.32,27.8215415042849,25.8571739462074,0.49845849571512,FALSE,0
"F2793","D",156106,12,1,0.306,2024,"N03",31.64,30.2870315423851,28.3228202545791,1.35296845761489,FALSE,0
"F2794","D",702335,12,0.98,0.636,2025,"N14",33.9,33.5868516812912,31.6215933565273,0.313148318708798,FALSE,0
"F2795","E",29852,24,0.929,0.155,2026,"N35",27.13,27.2384600003251,25.2743919993974,-0.108460000325085,FALSE,32.3774792970443
"F2796","C",89931,12,0.902,0.339,2025,"N12",29.43,29.3722234654339,27.4082734586245,0.0577765345660524,FALSE,0
"F2797","B",31741,12,0.959,0.319,2026,"N11",25.17,27.6400062713568,25.6758442240483,-2.47000627135683,TRUE,784.00469059137
"F2798","E",14010,12,0.905,0.36,2025,"N04",25.51,26.3403169215102,24.3755252298906,-0.830316921510192,FALSE,116.327400703578
"F2799","E",85752,12,1,0.331,2025,"N27",29.67,29.3414105611681,27.3769192811202,0.328589438831919,FALSE,0
"F2800","A",69330,36,0.94,0.396,2026,"N27",30.09,29.5803172352507,27.6165190820115,0.509682764749279,FALSE,0
"F2801","E",4708,24,0.989,0.169,2025,"N03",24.94,24.4808956650953,22.5146165015956,0.459104334904669,FALSE,0
"F2802","D",43121,24,0.939,0.157,2026,"N39",25.49,27.908476138646,25.9447263334779,-2.41847613864605,TRUE,1042.87109574556
"F2803","E",38764,36,0.915,0.153,2026,"N11",28.29,27.8905239928499,25.9259972680015,0.399476007150056,FALSE,0
"F2804","E",13995,24,0.852,0.549,2026,"N29",25.95,26.9867430163158,25.0212880085309,-1.0367430163158,FALSE,145.092185133396
"F2805","E",30904,12,0.897,0.274,2026,"N05",25.9,27.3023237514065,25.3379163496814,-1.40232375140651,FALSE,433.374132134669
"F2806","C",676950,24,0.926,0.271,2025,"N35",32.87,32.7263746577034,30.7622634105169,0.143625342296602,FALSE,0
"F2807","A",5515,12,0.961,0.502,2024,"N13",25.88,25.3794891269548,23.4139841905667,0.500510873045172,FALSE,0
"F2808","D",15165,12,0.842,0.219,2025,"N25",24.91,26.0076932604065,24.0415813042701,-1.09769326040652,FALSE,166.465182940649
"F2809","A",283264,12,1,0.574,2024,"N33",31.25,31.9667361601802,30.002123086501,-0.716736160180247,FALSE,2030.25551677297
"F2810","E",108850,36,0.99,0.286,2026,"N09",30.57,30.0608126501583,28.0964546660784,0.509187349841742,FALSE,0
"F2811","D",151800,24,1,0.349,2024,"N28",29.13,30.6287532071718,28.6650756047604,-1.49875320717184,FALSE,2275.10736848685
"F2812","E",89845,12,0.884,0.037,2026,"N40",26.15,28.3212290628659,26.3560007841084,-2.17122906286593,TRUE,1950.74075153189
"F2813","D",90571,12,0.939,0.586,2026,"N16",31.21,30.0381732115471,28.074291717092,1.17182678845295,FALSE,0
"F2814","A",42238,36,0.904,0.392,2025,"N37",29.02,28.7554427725865,26.7914267400136,0.264557227413455,FALSE,0
"F2815","C",352856,36,0.944,0.492,2024,"N39",34.06,32.6033745066195,30.6393816232875,1.45662549338054,FALSE,0
"F2816","C",8127,36,0.955,0.151,2024,"N39",24.7,25.6235941892725,23.6579586266336,-0.923594189272453,FALSE,75.0604997621723
"F2817","A",126577,36,0.98,0.465,2025,"N18",32.33,30.8631498742362,28.8991102664418,1.46685012576375,FALSE,0
"F2818","B",6670,12,1,0.309,2025,"N34",23.45,25.2387344882289,23.272713086672,-1.78873448822885,FALSE,119.308590364864
"F2819","A",5243,24,0.788,0.312,2024,"N01",24.58,24.7022450567096,22.7334741115492,-0.122245056709552,FALSE,6.40930832328182
"F2820","C",62685,24,0.99,0.47,2024,"N05",28.13,29.5943760470193,27.630737991831,-1.46437604701926,FALSE,917.944125074021
"F2821","A",574972,36,0.941,0.171,2025,"N24",32.36,32.3876200494166,30.4229095617133,-0.0276200494166474,FALSE,158.807550531886
"F2822","B",157854,24,0.893,0.252,2025,"N03",30.81,30.2109294178091,28.2472463288727,0.599070582190915,FALSE,0
"F2823","E",80379,36,0.971,0.145,2025,"N08",30.2,29.1910875251078,27.2265641817775,1.0089124748922,FALSE,0
"F2824","E",678032,36,0.973,0.072,2024,"N10",31.53,32.4061792997873,30.4406147485854,-0.876179299787282,FALSE,5940.7760299337
"F2825","B",75961,36,0.968,0.442,2025,"N39",29.57,29.9808535397953,28.0169787941445,-0.410853539795305,FALSE,312.088457363911
"F2826","D",34300,24,0.873,0.301,2025,"N33",25.45,27.8702466589531,25.9061548169521,-2.42024665895311,TRUE,830.144604020917
"F2827","C",180997,12,1,0.725,2026,"N18",30.64,31.71529162308,29.7502719374781,-1.07529162308002,FALSE,1946.24557902614
"F2828","B",15335,36,0.994,0.592,2024,"N34",27.85,27.8879813209357,25.9226792844601,-0.0379813209357316,FALSE,5.82443556549444
"F2829","B",1184010,12,0.846,0.24,2026,"N13",34.34,33.0025688193009,31.0358611534962,1.33743118069915,FALSE,0
"F2830","D",124981,24,0.944,0.268,2024,"N08",27.89,29.9834663228831,28.0203161541157,-2.09346632288309,TRUE,2616.43514500252
"F2831","C",71901,24,0.962,0.276,2024,"N01",29.78,29.2156425088723,27.2522261241911,0.564357491127737,FALSE,0
"F2832","A",39485,36,1,0.046,2026,"N40",28.73,27.8078155154225,25.8420886011489,0.922184484577521,FALSE,0
"F2833","A",204013,12,0.991,0.163,2024,"N14",28.54,30.2681871286683,28.3036203640902,-1.72818712866825,FALSE,3525.72640680996
"F2834","E",674025,36,1,0.312,2026,"N26",32.37,33.0742731810249,31.1090425899775,-0.704273181024945,FALSE,4746.97730840339
"F2835","E",30930,24,1,0.513,2026,"N36",28.38,28.4363735855439,26.4720021372049,-0.0563735855439162,FALSE,17.4363500087333
"F2836","E",82859,24,0.953,0.291,2025,"N15",29.16,29.3505789289901,27.3871328783099,-0.190578928990103,FALSE,157.911794771909
"F2837","D",89766,24,0.823,0.367,2024,"N16",27.86,29.5024177100149,27.5372036567833,-1.64241771001495,FALSE,1474.33268157202
"F2838","D",22347,12,0.973,0.548,2026,"N40",28.17,27.7534688003557,25.7890084797041,0.416531199644318,FALSE,0
"F2839","B",295742,24,0.876,0.211,2026,"N39",30.27,31.0208334727976,29.0564648011921,-0.750833472797559,FALSE,2220.52992912096
"F2840","A",101206,12,1,0.365,2025,"N29",30,29.7301651403332,27.7659348780189,0.269834859666783,FALSE,0
"F2841","D",38144,12,0.94,0.589,2025,"N10",28.32,28.7114834312909,26.7473650404921,-0.391483431290936,FALSE,149.327440031615
"F2842","D",187181,36,0.883,0.092,2025,"N15",31.14,30.2860691218654,28.3212278422327,0.853930878134602,FALSE,0
"F2843","E",23980,24,0.953,0.284,2025,"N13",27.7,27.3442459682852,25.3803291607299,0.355754031714795,FALSE,0
"F2844","A",105469,36,0.98,0.757,2026,"N09",30.73,31.3433338879359,29.3783102568406,-0.613333887935863,FALSE,646.877118267075
"F2845","B",88382,36,0.865,0.357,2025,"N09",29.87,29.7894589206515,27.8250523958062,0.0805410793484889,FALSE,0
"F2846","A",23151,12,0.89,0.483,2025,"N25",28.12,27.4901489685593,25.5256867996919,0.629851031440676,FALSE,0
"F2847","E",34342,24,1,0.662,2026,"N26",27.81,29.0229921037592,27.0582151254673,-1.21299210375917,FALSE,416.565748272975
"F2848","C",94408,12,0.967,0.364,2024,"N24",30.89,29.6432689090298,27.679454416953,1.24673109097025,FALSE,0
"F2849","A",7511,36,0.839,0.223,2024,"N32",25.98,25.3900931720716,23.4231067558327,0.589906827928353,FALSE,0
"F2850","B",73326,24,0.918,0.205,2025,"N14",28.43,28.8975736869033,26.9340298302538,-0.467573686903346,FALSE,342.853081658748
"F2851","E",116947,36,0.977,0.222,2024,"N39",31.64,30.0195716710033,28.0553214542794,1.62042832899672,FALSE,0
"F2852","D",86865,36,0.858,0.439,2025,"N37",28.01,29.9843257542823,28.0197412924755,-1.97432575428234,TRUE,1714.99806645736
"F2853","B",75729,12,0.873,0.328,2025,"N19",28.39,28.9442415636093,26.9798235254503,-0.554241563609345,FALSE,419.721593705721
"F2854","D",14937,24,0.943,0.353,2026,"N03",27.56,26.7685466036848,24.8045860540006,0.791453396315166,FALSE,0
"F2855","E",58880,12,0.933,0.484,2024,"N14",27.99,29.0421727633486,27.0783059313102,-1.05217276334857,FALSE,619.519323059635
"F2856","C",73985,36,0.84,0.578,2024,"N30",29.43,30.1451843196721,28.17976401214,-0.715184319672129,FALSE,529.129118909425
"F2857","C",180218,12,0.889,0.44,2025,"N18",30.13,30.7453707785072,28.781210278865,-0.61537077850717,FALSE,1109.00890961005
"F2858","B",102917,24,0.94,0.576,2026,"N34",29.01,30.4770364525996,28.5135637740668,-1.46703645259961,FALSE,1509.82990592194
"F2859","E",295235,24,0.936,0.188,2024,"N36",31.46,31.0644798695168,29.1006245508906,0.395520130483234,FALSE,0
"F2860","E",89281,12,0.93,0.454,2026,"N02",28.91,29.5707674029755,27.6070235057909,-0.66076740297547,FALSE,589.939745050529
"F2861","B",125739,36,0.983,0.135,2025,"N01",29.2,29.9535599770548,27.9889757242284,-0.753559977054771,FALSE,947.518779548898
"F2862","D",203064,12,0.957,0.725,2026,"N05",31.93,31.7567486387313,29.7921308600079,0.173251361268697,FALSE,0
"F2863","A",87866,36,0.983,0.467,2025,"N01",29.86,30.2895676745122,28.325470071562,-0.429567674512199,FALSE,377.443932886889
"F2864","E",451107,24,0.915,0.344,2024,"N19",34.01,32.1426086583347,30.1787361361519,1.86739134166532,FALSE,0
"F2865","E",10998,12,0.942,0.572,2025,"N34",29.48,26.6186712056979,24.6535499184322,2.86132879430215,FALSE,0
"F2866","A",17116,12,0.975,0.126,2024,"N28",23.92,26.1632179604853,24.1981802362556,-2.24321796048526,TRUE,383.949186116657
"F2867","D",323748,12,0.957,0.373,2026,"N09",30.41,31.5143681909472,29.5503971253067,-1.10436819094724,FALSE,3575.36993082786
"F2868","A",12449,12,0.939,0.434,2026,"N02",26.52,26.4026196634302,24.4380058862685,0.117380336569784,FALSE,0
"F2869","C",37749,36,0.999,0.417,2025,"N13",29.19,28.9156096682937,26.9511013555233,0.274390331706304,FALSE,0
"F2870","A",40818,24,1,0.358,2024,"N38",26.31,28.5210301695069,26.5571103969291,-2.21103016950691,TRUE,902.49829458933
"F2871","B",130755,36,0.852,0.068,2025,"N25",31.06,29.579770371306,27.6141772402743,1.48022962869405,FALSE,0
"F2872","D",35150,36,0.913,0.263,2026,"N20",26.55,28.0954480126354,26.1313262047093,-1.54544801263544,FALSE,543.224976441358
"F2873","C",35592,12,0.925,0.592,2025,"N31",27.95,28.6420023846637,26.6778220406341,-0.692002384663741,FALSE,246.297488749519
"F2874","E",1323945,36,0.933,0.271,2026,"N08",35.95,33.9138150876062,31.9485752734061,2.03618491239384,FALSE,0
"F2875","A",69753,24,1,0.506,2024,"N01",30.06,29.7957199858732,27.8318867337243,0.264280014126829,FALSE,0
"F2876","B",112975,36,0.991,0.536,2024,"N37",30.43,30.9245463390017,28.9602267806557,-0.494546339001733,FALSE,558.713726487208
"F2877","D",256512,36,0.955,0.196,2024,"N11",29.29,31.2195340799829,29.2554976876252,-1.92953407998293,FALSE,4949.48645924581
"F2878","E",140373,12,1,0.342,2025,"N33",29.02,30.1620061209747,28.1975036202242,-1.14200612097467,FALSE,1603.06825219578
"F2879","A",58987,12,0.951,0.323,2026,"N25",29,28.605761469674,26.641988246921,0.394238530325978,FALSE,0
"F2880","D",29370,36,0.984,0.231,2025,"N07",28.23,27.9006342721699,25.9360815705954,0.32936572783013,FALSE,0
"F2881","B",53568,12,0.982,0.29,2024,"N11",27.62,28.4889091336499,26.5247102497718,-0.868909133649854,FALSE,465.457244713554
"F2882","B",169218,36,0.877,0.317,2025,"N39",31.97,30.7404143103846,28.7761642899011,1.22958568961537,FALSE,0
"F2883","E",156015,12,0.818,0.484,2026,"N29",28.93,30.3373520614087,28.3712244323607,-1.40735206140872,FALSE,2195.68031860681
"F2884","D",273842,36,0.948,0.334,2025,"N33",30.7,31.6992385932101,29.7353774943231,-0.999238593210126,FALSE,2736.33494841847
"F2885","B",275899,12,0.943,0.548,2026,"N37",31.42,31.7183717388539,29.7542290499427,-0.298371738853934,FALSE,823.204643780615
"F2886","C",1567363,24,0.965,0.508,2026,"N35",33.36,34.7632674832945,32.7983897979393,-1.40326748329451,FALSE,21994.2953241894
"F2887","B",601347,12,0.965,0.071,2026,"N08",32.79,31.6671998833304,29.7017332658603,1.12280011666959,FALSE,0
"F2888","A",129787,36,0.926,0.115,2024,"N28",29.17,29.8167060253243,27.8523679259147,-0.646706025324253,FALSE,839.340349087588
"F2889","E",149586,36,1,0.492,2026,"N35",33,31.1683406347716,29.2037797186854,1.83165936522836,FALSE,0
"F2890","A",137316,12,0.898,0.229,2025,"N06",30.59,29.6434974031397,27.6793894536882,0.946502596860309,FALSE,0
"F2891","B",104369,24,0.932,0.177,2024,"N31",30.45,29.4107981765636,27.447199752417,1.03920182343636,FALSE,0
"F2892","A",127425,24,0.929,0.213,2026,"N14",31.75,29.7545129248651,27.7909923819985,1.99548707513492,FALSE,0
"F2893","A",140196,36,0.883,0.274,2024,"N04",30.64,30.3059616056268,28.3416932697014,0.334038394373227,FALSE,0
"F2894","A",53287,12,1,0.696,2024,"N09",28.21,29.6328930944124,27.6680005013072,-1.42289309441242,FALSE,758.217043219544
"F2895","D",31804,12,0.894,0.312,2026,"N03",27.47,27.5057057622375,25.5414305409487,-0.0357057622375194,FALSE,11.3558606220207
"F2896","D",47545,12,1,0.676,2024,"N07",28.36,29.4225354847749,27.4576972189317,-1.06253548477493,FALSE,505.18249623624
"F2897","B",214733,24,0.895,0.134,2024,"N34",30.13,30.3758004912722,28.411593782851,-0.245800491272192,FALSE,527.814768923516
"F2898","B",417531,24,0.934,0.56,2026,"N39",32.33,32.6645626500606,30.7007058067733,-0.334562650060619,FALSE,1396.9027784246
"F2899","A",147959,24,0.915,0.593,2026,"N34",31.3,31.03587281473,29.0723369380458,0.264127185269952,FALSE,0
"F2900","A",96231,12,0.961,0.11,2025,"N21",28.37,28.8585389415247,26.8941671954999,-0.488538941524709,FALSE,470.125908818643
"F2901","E",242465,24,1,0.486,2025,"N03",32.65,31.7082640027113,29.7440259803919,0.941735997288653,FALSE,0
"F2902","C",96269,36,0.928,0.336,2025,"N26",30.04,30.0534087555028,28.089741807031,-0.0134087555028195,FALSE,12.9084748350093
"F2903","E",142291,12,0.96,0.172,2024,"N02",28.91,29.629814559922,27.6655728123694,-0.719814559922046,FALSE,1024.23133545868
"F2904","A",364079,24,0.941,0.572,2026,"N19",33.47,32.4688040416462,30.505100974522,1.00119595835375,FALSE,0
"F2905","D",13286,24,0.949,0.572,2025,"N02",26.13,27.2565815673346,25.29227310742,-1.12658156733462,FALSE,149.677627036078
"F2906","D",31885,24,0.922,0.426,2025,"N28",28.54,28.1975340334609,26.2340849944572,0.342465966539059,FALSE,0
"F2907","D",1556167,36,0.963,0.613,2024,"N01",33.54,35.2957934491574,33.3301352766041,-1.75579344915737,FALSE,27323.0782439488
"F2908","B",96340,24,0.89,0.42,2026,"N09",30.05,29.8378992603059,27.8743232513228,0.212100739694105,FALSE,0
"F2909","A",47058,36,1,0.464,2024,"N01",29.84,29.312643825424,27.3481856022103,0.527356174576028,FALSE,0
"F2910","C",29848,36,0.984,0.143,2025,"N16",27.1,27.7405029889384,25.7755619385954,-0.640502988938369,FALSE,191.177332138324
"F2911","D",67877,36,0.95,0.695,2026,"N24",30.95,30.4346036104753,28.470193892446,0.5153963895247,FALSE,0
"F2912","C",28864,24,1,0.514,2025,"N34",30.13,28.4946344429502,26.5303951981283,1.63536555704977,FALSE,0
"F2913","E",56305,12,0.927,0.038,2026,"N20",26.58,27.6567316990713,25.6918934735826,-1.0767316990713,FALSE,606.253783162095
"F2914","D",66301,24,0.915,0.55,2024,"N38",30.71,29.705710464175,27.7423854963652,1.00428953582501,FALSE,0
"F2915","E",437766,36,0.94,0.087,2025,"N24",29.75,31.6850353307796,29.7200650480026,-1.93503533077961,FALSE,8470.92676614068
"F2916","B",54682,24,1,0.211,2026,"N26",27.89,28.5511056535546,26.586821147485,-0.661105653554646,FALSE,361.505793476752
"F2917","A",226624,12,0.899,0.222,2026,"N13",30.79,30.3799051067954,28.4156059307977,0.410094893204558,FALSE,0
"F2918","E",36290,36,0.937,0.424,2024,"N28",30.83,28.636883761301,26.672894082182,2.19311623869902,FALSE,0
"F2919","C",3264220,36,0.867,0.581,2026,"N35",35.58,36.2240508170696,34.2569333737734,-0.644050817069569,FALSE,21023.2355809483
"F2920","A",22761,12,0.901,0.407,2024,"N24",27.86,27.2698797800392,25.305626444224,0.590120219960809,FALSE,0
"F2921","A",78778,24,0.893,0.472,2026,"N07",30.15,29.6440752015248,27.6805281029242,0.505924798475228,FALSE,0
"F2922","E",112342,24,0.792,0.34,2026,"N22",31.49,29.6226583907691,27.6560097810264,1.86734160923091,FALSE,0
"F2923","D",82836,24,0.941,0.507,2024,"N19",31.05,29.9907946814672,28.0276775684961,1.05920531853283,FALSE,0
"F2924","B",264395,24,0.891,0.45,2025,"N02",30.04,31.5902861531633,29.6265637942203,-1.55028615316334,FALSE,4098.87907465621
"F2925","E",231273,36,0.94,0.276,2026,"N39",30.9,31.1455239259331,29.1815298518625,-0.245523925933135,FALSE,567.830549223339
"F2926","A",125183,36,0.983,0.637,2024,"N03",33.4,31.3345326507702,29.3701143692034,2.06546734922976,FALSE,0
"F2927","E",905531,24,1,0.816,2024,"N02",33.07,34.7472332224216,32.7807923798319,-1.67723322242156,FALSE,15187.8667713262
"F2928","B",54138,36,0.924,0.463,2024,"N17",27.75,29.4137379242559,27.44994809276,-1.66373792425587,FALSE,900.714437433645
"F2929","C",89870,36,0.9,0.287,2026,"N10",30.38,29.7038477000596,27.7398553039818,0.676152299940373,FALSE,0
"F2930","D",79681,36,0.947,0.569,2025,"N17",32.14,30.3800851094365,28.4161893728432,1.75991489056347,FALSE,0
"F2931","A",111837,12,0.961,0.344,2026,"N35",29.31,29.7087517469092,27.7450213155385,-0.398751746909227,FALSE,445.951991190872
"F2932","A",158542,36,0.903,0.231,2025,"N33",30.42,30.4201555080827,28.4560560752738,-0.000155508082702482,FALSE,0.24654562447817
"F2933","B",98355,36,0.945,0.736,2025,"N32",29.62,31.1779308276656,29.2133477501021,-1.55793082766564,FALSE,1532.30286555054
"F2934","A",59611,12,0.927,0.062,2025,"N39",28.86,27.8918474963525,25.9272350868128,0.968152503647474,FALSE,0
"F2935","E",52331,36,0.904,0.044,2025,"N08",27.89,28.0925884588071,26.1275861394758,-0.202588458807082,FALSE,106.016566378334
"F2936","D",71397,12,0.937,0.683,2025,"N31",29.38,29.9745396798304,28.0102264200545,-0.594539679830426,FALSE,424.483495208529
"F2937","E",35360,36,1,0.573,2025,"N30",26.29,29.1337318205885,27.1686442817321,-2.84373182058847,TRUE,1005.54357176008
"F2938","D",46625,12,0.937,0.258,2024,"N14",29.65,28.0965950421887,26.1328389169153,1.55340495781131,FALSE,0
"F2939","B",24123,36,0.994,0.308,2025,"N26",28.6,27.8154540909289,25.8506743074355,0.784545909071138,FALSE,0
"F2940","C",6800,36,0.925,0.53,2025,"N37",28.4,26.347037161278,24.381615118225,2.05296283872204,FALSE,0
"F2941","A",202125,12,0.883,0.506,2025,"N32",31.55,31.0133981709652,29.0491651814504,0.536601829034829,FALSE,0
"F2942","E",32180,12,0.884,0.653,2024,"N26",27.55,28.456569974296,26.4915494932475,-0.906569974295955,FALSE,291.734217728438
"F2943","B",297449,24,0.902,0.342,2024,"N12",32.26,31.4960057028327,29.5322814596078,0.763994297167336,FALSE,0
"F2944","D",31120,12,0.951,0.331,2024,"N08",27.87,27.6806057616846,25.7167935050253,0.189394238315405,FALSE,0
"F2945","E",154355,36,0.917,0.053,2025,"N37",30.24,29.8756233736305,27.910848880925,0.364376626369502,FALSE,0
"F2946","A",22934,36,0.954,0.276,2025,"N18",27.8,27.5454806388266,25.581072219726,0.254519361173401,FALSE,0
"F2947","A",422341,36,0.932,0.461,2026,"N18",32.81,32.6431290250405,30.6789927336691,0.166870974959537,FALSE,0
"F2948","B",36129,36,0.897,0.232,2025,"N25",27.38,28.0652550438593,26.1009483158918,-0.685255043859282,FALSE,247.57579479592
"F2949","A",15629,12,0.967,0.822,2025,"N21",27.74,27.9596443874872,25.9937668172685,-0.219644387487225,FALSE,34.3282213203784
"F2950","C",56574,24,0.973,0.481,2025,"N16",30.6,29.4289485744742,27.4654756289267,1.17105142552579,FALSE,0
"F2951","E",28140,24,0.887,0.401,2024,"N02",26.43,27.8043679332548,25.8403642076823,-1.3743679332548,FALSE,386.747136417902
"F2952","B",2700723,36,0.935,0.377,2026,"N37",34.86,35.4088471328962,33.4428502326367,-0.548847132896199,FALSE,14822.8407529682
"F2953","C",23663,24,0.945,0.517,2026,"N39",26.96,28.0320310875591,26.0683146906875,-1.07203108755912,FALSE,253.674716249115
"F2954","B",242070,36,0.976,0.597,2026,"N05",30.73,32.2403164140405,30.2758786926774,-1.51031641404049,FALSE,3656.02294346782
"F2955","C",5291,36,0.959,0.58,2026,"N09",27.97,26.1014912162464,24.1355397291146,1.86850878375365,FALSE,0
"F2956","C",228761,36,0.931,0.522,2024,"N21",32.06,31.968713408313,30.0048657597657,0.0912865916870267,FALSE,0
"F2957","C",19308,24,0.936,0.3,2024,"N25",28.43,27.1273207650624,25.1634616322278,1.3026792349376,FALSE,0
"F2958","B",58492,24,1,0.558,2024,"N27",27.64,29.6830875155491,27.7189673597729,-2.04308751554914,TRUE,1195.042749595
"F2959","C",26857,36,0.913,0.526,2026,"N22",28.3,28.4652335487649,26.5009978418287,-0.16523354876491,FALSE,44.3767741917918
"F2960","E",180176,36,0.908,0.48,2024,"N07",30.88,31.3068701113474,29.342864947652,-0.426870111347359,FALSE,769.117491821218
"F2961","B",36164,36,0.959,0.431,2025,"N13",27.97,28.7437630108959,26.7797586889585,-0.773763010895866,FALSE,279.823655260381
"F2962","E",112170,36,0.927,0.418,2026,"N13",28.67,30.3608056479523,28.3970406648673,-1.69080564795229,FALSE,1896.57669530809
"F2963","C",167294,24,0.975,0.183,2024,"N39",28.36,30.3318156733439,28.3679660625017,-1.9718156733439,TRUE,3298.72931256394
"F2964","C",202936,24,0.971,0.543,2026,"N09",31.37,31.5975761432138,29.6340704510299,-0.227576143213842,FALSE,461.833921992442
"F2965","B",74321,36,1,0.119,2026,"N20",29.03,29.0497187885154,27.0846498332729,-0.0197187885154086,FALSE,14.6552008125369
"F2966","E",493198,24,0.909,0.753,2024,"N09",33.01,33.4242026892086,31.4592003630454,-0.414202689208615,FALSE,2042.83937912311
"F2967","B",493066,36,0.986,0.099,2025,"N40",32.27,32.0474164158997,30.0821021672847,0.222583584100342,FALSE,0
"F2968","B",45051,12,0.901,0.355,2025,"N34",27.76,28.2410289942848,26.276973718339,-0.481028994284824,FALSE,216.708372215256
"F2969","B",157042,12,0.96,0.698,2026,"N23",33.12,31.2694194311484,29.3048549172153,1.8505805688516,FALSE,0
"F2970","D",320482,24,0.99,0.328,2026,"N05",30.33,31.69971602669,29.7358247358513,-1.36971602669001,FALSE,4389.69331665667
"F2971","A",1346562,24,0.898,0.695,2026,"N02",33.87,34.8289051572539,32.8634589517694,-0.958905157253859,FALSE,12912.2524636207
"F2972","C",43579,12,0.965,0.448,2024,"N31",29.85,28.6370496025913,26.6731301133648,1.2129503974087,FALSE,0
"F2973","A",267600,36,0.885,0.215,2025,"N32",33.1,31.1798269631833,29.2152954466071,1.92017303681674,FALSE,0
"F2974","B",130840,36,0.914,0.622,2025,"N31",30.88,31.2559547699076,29.2918479825128,-0.375954769907636,FALSE,491.899220947151
"F2975","E",36315,24,0.953,0.615,2026,"N25",27.93,28.8913373132924,26.927410512294,-0.9613373132924,FALSE,349.109645322135
"F2976","B",114110,36,0.98,0.195,2025,"N30",30.29,29.9610939122808,27.9967818212511,0.328906087719215,FALSE,0
"F2977","B",17596,12,0.901,0.215,2026,"N08",25.76,26.2925409326691,24.3276412599531,-0.532540932669111,FALSE,93.7059025124567
"F2978","C",69721,12,0.958,0.313,2026,"N16",29.39,28.9487711757894,26.9849502088739,0.441228824210615,FALSE,0
"F2979","A",1340523,12,0.952,0.48,2025,"N07",32.94,34.1023478613929,32.1372391517636,-1.16234786139285,FALSE,15581.5404219793
"F2980","A",270449,36,0.901,0.568,2026,"N36",32.19,32.171105245336,30.2068190346348,0.0188947546639895,FALSE,0
"F2981","C",471043,36,0.87,0.824,2026,"N25",32.52,33.8112664558986,31.8452000098083,-1.29126645589864,FALSE,6082.42025185861
"F2982","C",182401,24,0.955,0.479,2025,"N21",30.24,31.2649393371885,29.3016444842773,-1.02493933718855,FALSE,1869.49960042529
"F2983","B",72520,24,0.928,0.685,2026,"N05",30.95,30.1999095395138,28.2360083923922,0.750090460486192,FALSE,0
"F2984","A",28168,36,0.932,0.159,2026,"N34",27.03,27.4556480616573,25.4909666773098,-0.425648061657299,FALSE,119.896546007628
"F2985","D",9781,12,0.914,0.379,2024,"N22",23.69,25.8911252156923,23.9264079539718,-2.20112521569229,TRUE,215.292057346863
"F2986","D",20751,12,0.918,0.218,2024,"N26",27.11,26.6510730757166,24.6867562852082,0.4589269242834,FALSE,0
"F2987","E",1228051,24,0.99,0.65,2026,"N08",32.44,34.7013223210364,32.735771343929,-2.26132232103638,TRUE,27770.1913767105
"F2988","A",47305,24,0.87,0.194,2024,"N14",28.19,28.0500337173997,26.0856757952869,0.139966282600309,FALSE,0
"F2989","E",119448,36,0.971,0.218,2025,"N18",29.47,30.0310497018695,28.066783834666,-0.561049701869486,FALSE,670.162647889063
"F2990","C",369832,24,0.995,0.156,2025,"N10",33.25,31.5650306788216,29.6004576913003,1.68496932117841,FALSE,0
"F2991","D",22402,12,0.967,0.417,2026,"N08",27.66,27.3777001341928,25.4134812116602,0.282299865807211,FALSE,0
"F2992","B",164011,12,0.936,0.139,2026,"N30",28.22,29.7217489516084,27.7573871515464,-1.50174895160843,FALSE,2463.03347302251
"F2993","C",24007,24,1,0.467,2024,"N05",27.14,28.0670889829165,26.1028714924804,-0.927088982916519,FALSE,222.566252128769
"F2994","E",83067,12,0.945,0.305,2026,"N15",28.14,29.0646268290308,27.1008317647418,-0.924626829030768,FALSE,768.059768070988
"F2995","A",19711,12,0.901,0.192,2026,"N15",30.48,26.3864631878538,24.4216136784366,4.09353681214624,FALSE,0
"F2996","B",866208,12,0.979,0.734,2026,"N06",35.79,34.1426861877927,32.1767577310251,1.64731381220729,FALSE,0
"F2997","B",145276,36,0.892,0.557,2024,"N15",30.11,31.19903723685,29.234837597434,-1.08903723685004,FALSE,1582.10973620626
"F2998","D",550153,36,0.956,0.089,2025,"N08",32.28,32.1433179462216,30.1783059728276,0.136682053778429,FALSE,0
"F2999","D",30223,12,0.861,0.115,2024,"N23",27.83,26.8559639075501,24.8905280009815,0.974036092449893,FALSE,0
"F3000","A",149217,24,1,0.302,2025,"N31",30.18,30.4407237741221,28.4768118784925,-0.260723774122081,FALSE,389.044194031745
