fournisseur,categorie,volume_annuel,duree_accord,taux_service,part_marque_nationale,exercice,negociateur,taux_remise
F0001,E,119770.0,12,0.914,0.028,2025,N11,27.97
F0002,E,6085.0,12,0.938,0.027,2024,N24,24.51
F0003,E,28985.0,12,0.96,0.168,2026,N22,28.19
F0004,E,256159.0,36,1.0,0.091,2024,N39,31.93
F0005,A,25764.0,36,0.885,0.297,2024,N24,27.67
F0006,E,102012.0,12,0.899,0.195,2025,N07,30.26
F0007,E,13890.0,36,0.881,0.299,2024,N33,26.98
F0008,B,42709.0,24,0.891,0.115,2026,N37,24.68
F0009,A,553756.0,36,0.91,0.811,2025,N26,34.56
F0010,A,118531.0,24,0.925,0.321,2024,N21,30.5
F0011,D,31476.0,24,0.992,0.645,2025,N04,28.48
F0012,E,41265.0,12,0.908,0.438,2024,N13,31.15
F0013,D,11659.0,36,0.95,0.4,2026,N20,25.06
F0014,D,151306.0,12,0.926,0.824,2026,N16,29.18
F0015,D,65132.0,24,0.865,0.463,2025,N32,28.85
F0016,A,206909.0,12,0.994,0.624,2024,N30,32.24
F0017,E,222052.0,12,0.985,0.306,2026,N38,33.11
F0018,E,60372.0,24,0.939,0.161,2024,N36,29.3
F0019,A,27441.0,12,0.923,0.34,2026,N04,27.46
F0020,E,20224.0,24,0.943,0.557,2025,N16,27.57
F0021,E,52511.0,36,0.972,0.188,2024,N33,27.69
F0022,B,86269.0,36,0.905,0.583,2025,N33,29.75
F0023,C,435592.0,36,0.908,0.385,2024,N25,33.14
F0024,E,27012.0,24,0.958,0.575,2025,N29,26.62
F0025,E,143855.0,12,0.889,0.708,2024,N15,31.39
F0026,A,24115.0,24,0.869,0.275,2026,N27,26.59
F0027,D,41969.0,12,0.95,0.641,2025,N25,28.16
F0028,C,209983.0,24,0.912,0.508,2026,N08,32.08
F0029,B,154277.0,24,0.86,0.699,2026,N28,33.32
F0030,E,44130.0,36,0.999,0.824,2026,N10,27.93
F0031,D,38346.0,12,0.954,0.756,2025,N18,29.72
F0032,C,309473.0,36,0.881,0.484,2025,N22,31.79
F0033,E,66985.0,12,0.866,0.235,2026,N32,28.92
F0034,C,57568.0,24,0.9,0.306,2025,N08,30.18
F0035,E,23569.0,24,0.921,0.588,2024,N06,28.34
F0036,A,1647644.0,12,0.983,0.233,2025,N17,33.23
F0037,E,748994.0,12,0.894,0.233,2025,N32,32.06
F0038,E,156217.0,36,0.945,0.261,2024,N18,30.25
F0039,C,1200909.0,12,0.863,0.458,2025,N17,34.58
F0040,C,153240.0,24,0.954,0.406,2024,N29,31.79
F0041,B,57265.0,24,0.962,0.539,2025,N30,28.42
F0042,B,165574.0,24,1.0,0.098,2025,N18,29.65
F0043,B,474414.0,12,0.979,0.504,2025,N26,33.93
F0044,D,23234.0,12,0.885,0.542,2026,N32,25.89
F0045,B,388721.0,36,0.94,0.475,2024,N37,32.86
F0046,E,368868.0,12,0.971,0.488,2025,N30,31.41
F0047,B,540751.0,36,0.907,0.231,2025,N13,32.25
F0048,C,162093.0,36,0.912,0.341,2025,N33,30.44
F0049,B,345329.0,36,0.936,0.311,2025,N07,30.89
F0050,D,11671.0,12,0.939,0.26,2026,N03,27.33
F0051,B,86189.0,24,0.869,0.306,2026,N20,31.61
F0052,E,317266.0,24,0.95,0.475,2025,N24,32.73
F0053,D,180160.0,36,0.981,0.767,2024,N23,31.97
F0054,A,129305.0,36,0.924,0.789,2025,N12,33.24
F0055,E,21236.0,36,0.957,0.404,2024,N38,29.13
F0056,C,76992.0,24,0.962,0.404,2025,N28,30.2
F0057,D,11957.0,12,0.943,0.408,2024,N08,24.8
F0058,E,70728.0,24,0.909,0.347,2026,N22,30.42
F0059,B,140679.0,24,0.91,0.186,2026,N31,30.48
F0060,A,51020.0,24,1.0,0.16,2026,N07,27.56
F0061,D,168518.0,24,1.0,0.264,2024,N27,29.67
F0062,B,95709.0,36,0.861,0.297,2026,N12,27.28
F0063,A,276361.0,24,0.911,0.731,2024,N32,32.06
F0064,C,62634.0,24,0.961,0.414,2026,N13,29.14
F0065,C,14024.0,24,0.947,0.608,2026,N15,26.31
F0066,D,21144.0,12,1.0,0.828,2026,N38,29.13
F0067,E,38392.0,12,0.89,0.572,2025,N33,30.36
F0068,C,95631.0,36,0.965,0.592,2026,N09,30.94
F0069,B,107763.0,24,0.951,0.326,2025,N09,31.26
F0070,C,39663.0,12,0.945,0.331,2025,N32,27.48
F0071,A,110163.0,36,0.899,0.329,2024,N36,30.81
F0072,A,44025.0,24,0.891,0.175,2026,N34,24.8
F0073,A,208985.0,12,0.923,0.701,2025,N06,30.73
F0074,D,19787.0,24,0.839,0.404,2025,N28,27.45
F0075,E,392365.0,36,1.0,0.562,2025,N15,34.3
F0076,B,137301.0,36,0.949,0.356,2024,N02,30.0
F0077,A,61427.0,24,0.995,0.73,2024,N29,28.7
F0078,A,27362.0,36,0.952,0.651,2026,N29,28.55
F0079,A,193101.0,24,1.0,0.234,2024,N38,28.76
F0080,E,49167.0,24,0.955,0.425,2026,N24,30.38
F0081,A,219421.0,12,0.948,0.726,2024,N21,33.0
F0082,D,909857.0,24,1.0,0.471,2026,N02,34.77
F0083,D,125953.0,36,0.98,0.679,2024,N33,29.73
F0084,C,137744.0,36,1.0,0.259,2026,N34,31.74
F0085,C,199076.0,24,0.949,0.306,2026,N17,30.37
F0086,D,55523.0,12,0.949,0.761,2026,N29,30.01
F0087,E,1076097.0,36,0.981,0.61,2024,N38,34.61
F0088,C,83013.0,12,0.953,0.711,2026,N28,29.17
F0089,D,247933.0,24,0.954,0.158,2025,N28,29.75
F0090,A,164095.0,12,0.973,0.116,2025,N35,29.16
F0091,E,55221.0,24,0.882,0.518,2025,N15,29.32
F0092,D,570554.0,24,0.935,0.216,2026,N01,33.19
F0093,D,176928.0,24,0.969,0.358,2024,N05,31.42
F0094,D,52413.0,12,0.901,0.101,2024,N05,26.77
F0095,B,53124.0,36,0.881,0.097,2026,N39,28.14
F0096,D,11684.0,24,0.822,0.525,2026,N29,25.96
F0097,E,32631.0,12,0.916,0.292,2025,N28,29.12
F0098,C,319631.0,36,0.919,0.141,2024,N35,31.78
F0099,B,325554.0,24,0.912,0.652,2024,N36,31.3
F0100,E,39271.0,36,1.0,0.317,2026,N19,29.12
F0101,D,252375.0,24,1.0,0.34,2025,N27,32.57
F0102,E,385901.0,36,0.895,0.454,2026,N23,30.25
F0103,D,304721.0,36,0.887,0.115,2024,N18,29.01
F0104,E,539138.0,24,0.952,0.482,2024,N26,32.01
F0105,D,12546.0,24,0.968,0.831,2025,N14,27.39
F0106,B,154622.0,24,0.891,0.432,2025,N15,31.77
F0107,D,38946.0,24,0.912,0.603,2025,N23,29.48
F0108,B,272074.0,24,0.948,0.304,2025,N30,33.47
F0109,E,50094.0,24,0.852,0.796,2026,N29,30.03
F0110,C,136799.0,36,0.889,0.296,2024,N31,30.35
F0111,C,344158.0,24,0.96,0.701,2026,N14,31.01
F0112,D,18426.0,36,0.978,0.344,2026,N30,26.2
F0113,B,55110.0,12,0.934,0.685,2025,N19,27.4
F0114,A,51600.0,24,0.921,0.441,2024,N28,32.43
F0115,D,113384.0,36,0.977,0.828,2025,N04,30.85
F0116,C,18012.0,36,0.935,0.366,2025,N11,27.35
F0117,D,297360.0,12,0.867,0.784,2024,N32,33.46
F0118,C,1153060.0,36,0.959,0.298,2026,N31,31.98
F0119,C,82079.0,24,0.991,0.224,2026,N13,29.0
F0120,A,211094.0,36,0.959,0.23,2024,N04,30.54
F0121,D,4725.0,24,0.919,0.205,2025,N32,26.29
F0122,C,26632.0,12,0.92,0.519,2025,N35,28.34
F0123,A,244039.0,12,0.871,0.457,2024,N03,33.68
F0124,B,156024.0,24,0.879,0.417,2025,N22,29.24
F0125,A,242265.0,36,0.908,0.428,2026,N19,32.17
F0126,E,534252.0,36,0.918,0.033,2025,N09,30.82
F0127,B,121254.0,36,0.904,0.271,2024,N01,29.87
F0128,A,80498.0,12,0.934,0.127,2026,N04,30.53
F0129,D,61361.0,24,0.931,0.289,2025,N22,26.64
F0130,E,120742.0,24,0.95,0.198,2025,N27,30.03
F0131,B,8442.0,36,0.86,0.453,2025,N35,26.8
F0132,E,618064.0,36,0.972,0.443,2024,N11,33.67
F0133,B,7822.0,24,1.0,0.325,2026,N10,25.93
F0134,C,15598.0,36,0.942,0.691,2026,N38,27.13
F0135,D,111999.0,12,0.986,0.22,2025,N37,28.04
F0136,A,315491.0,12,0.946,0.25,2026,N24,30.02
F0137,A,196965.0,36,0.848,0.782,2025,N23,33.03
F0138,D,610497.0,36,0.993,0.756,2025,N21,34.37
F0139,C,60066.0,12,0.931,0.168,2026,N21,30.76
F0140,A,46714.0,36,0.866,0.194,2024,N24,30.4
F0141,E,195082.0,24,0.841,0.345,2025,N14,28.9
F0142,B,26213.0,36,0.975,0.313,2026,N16,28.53
F0143,B,128653.0,24,0.967,0.111,2025,N30,29.31
F0144,D,184725.0,24,0.91,0.392,2024,N37,30.21
F0145,B,142386.0,36,0.906,0.756,2026,N38,31.11
F0146,C,8719.0,24,0.979,0.802,2026,N20,27.36
F0147,D,75134.0,24,0.932,0.656,2024,N28,32.07
F0148,C,8589.0,36,0.911,0.176,2025,N40,23.99
F0149,C,275529.0,36,0.884,0.23,2025,N22,31.21
F0150,B,58361.0,12,0.932,0.211,2024,N39,27.59
F0151,E,323569.0,12,0.845,0.166,2025,N26,30.39
F0152,A,476319.0,36,0.99,0.054,2025,N39,31.73
F0153,A,19594.0,24,0.936,0.574,2025,N02,25.55
F0154,B,293320.0,24,0.941,0.712,2025,N23,33.51
F0155,D,158260.0,36,0.887,0.528,2026,N10,30.46
F0156,E,588516.0,12,0.935,0.456,2026,N34,33.59
F0157,C,21714.0,12,0.899,0.293,2024,N03,27.89
F0158,E,21411.0,24,0.921,0.709,2024,N22,27.47
F0159,D,38361.0,36,0.871,0.44,2024,N14,29.81
F0160,A,10837.0,24,0.933,0.827,2026,N14,29.29
F0161,D,114397.0,36,0.899,0.359,2026,N35,30.57
F0162,C,41387.0,24,0.917,0.848,2024,N09,28.08
F0163,D,123944.0,12,0.901,0.347,2024,N03,29.47
F0164,B,147274.0,36,0.855,0.225,2025,N29,31.51
F0165,B,266837.0,24,1.0,0.204,2026,N19,30.65
F0166,B,19982.0,12,0.851,0.623,2025,N18,29.24
F0167,B,233971.0,24,0.853,0.582,2024,N22,32.77
F0168,E,231949.0,24,0.867,0.402,2025,N16,31.4
F0169,A,29564.0,36,0.998,0.426,2024,N14,29.65
F0170,E,46198.0,36,0.955,0.644,2024,N25,30.15
F0171,C,16943.0,12,0.904,0.346,2025,N27,26.02
F0172,C,416458.0,36,0.911,0.306,2026,N35,34.61
F0173,A,478656.0,36,0.995,0.026,2025,N27,31.99
F0174,C,34793.0,36,0.927,0.535,2025,N24,29.05
F0175,E,84375.0,36,0.894,0.501,2026,N06,29.99
F0176,E,154955.0,36,0.896,0.287,2025,N33,31.76
F0177,C,220811.0,36,1.0,0.235,2025,N31,30.07
F0178,B,87631.0,12,0.866,0.688,2025,N22,30.74
F0179,E,687873.0,12,1.0,0.189,2025,N14,34.24
F0180,D,31064.0,24,0.936,0.291,2024,N10,27.48
F0181,E,266187.0,36,1.0,0.432,2026,N20,31.77
F0182,D,106683.0,24,0.94,0.766,2024,N21,33.05
F0183,E,135077.0,24,0.917,0.064,2025,N23,29.09
F0184,D,39500.0,24,0.848,0.38,2024,N29,29.83
F0185,A,12044.0,12,0.835,0.639,2025,N12,25.87
F0186,C,51215.0,12,0.917,0.767,2026,N26,29.8
F0187,C,167697.0,36,0.889,0.702,2025,N12,32.21
F0188,D,35139.0,12,0.898,0.663,2026,N31,29.18
F0189,C,12582.0,36,0.893,0.422,2025,N07,27.39
F0190,E,77778.0,36,0.91,0.523,2026,N26,28.58
F0191,A,92642.0,24,0.868,0.261,2025,N18,30.78
F0192,B,28726.0,36,1.0,0.429,2025,N12,28.05
F0193,E,82797.0,12,0.95,0.242,2024,N22,30.38
F0194,D,155743.0,36,1.0,0.286,2024,N36,31.17
F0195,D,122050.0,36,0.95,0.492,2026,N09,30.21
F0196,C,284634.0,12,0.902,0.637,2025,N29,31.83
F0197,A,391557.0,36,0.987,0.352,2024,N20,30.52
F0198,C,91351.0,36,1.0,0.454,2025,N06,32.17
F0199,A,36249.0,24,0.934,0.334,2024,N29,27.69
F0200,C,11843.0,12,0.965,0.195,2025,N35,24.39
F0201,B,314559.0,36,0.956,0.333,2025,N21,32.91
F0202,B,143514.0,12,0.941,0.234,2026,N14,29.91
F0203,B,316751.0,36,0.988,0.428,2025,N27,32.16
F0204,D,35624.0,12,0.966,0.369,2024,N35,28.97
F0205,C,110253.0,36,0.998,0.421,2026,N21,30.95
F0206,B,35967.0,12,0.89,0.655,2024,N05,27.17
F0207,E,32416.0,12,0.904,0.237,2025,N15,26.86
F0208,A,16646.0,12,0.998,0.26,2025,N18,24.57
F0209,C,72152.0,24,0.926,0.656,2026,N05,29.15
F0210,D,167350.0,24,0.962,0.351,2024,N20,32.17
F0211,C,239419.0,24,0.878,0.358,2025,N29,30.55
F0212,B,125785.0,36,0.969,0.569,2024,N30,30.89
F0213,C,67538.0,36,1.0,0.651,2025,N30,28.07
F0214,C,1048322.0,12,0.901,0.385,2026,N11,32.72
F0215,E,598604.0,12,0.965,0.597,2025,N35,34.08
F0216,E,319495.0,24,0.955,0.72,2025,N39,35.31
F0217,D,113166.0,36,0.936,0.124,2026,N37,31.95
F0218,D,431994.0,12,0.878,0.263,2026,N01,30.16
F0219,A,38197.0,24,0.966,0.225,2026,N35,28.74
F0220,C,20667.0,24,0.975,0.104,2025,N26,26.03
F0221,A,200301.0,12,0.945,0.624,2026,N25,31.34
F0222,B,116151.0,24,0.892,0.219,2026,N05,30.63
F0223,C,331662.0,12,0.985,0.165,2025,N17,32.57
F0224,D,37061.0,36,0.956,0.462,2025,N38,30.03
F0225,D,134527.0,12,0.931,0.567,2025,N23,30.78
F0226,E,27327.0,36,0.98,0.537,2025,N40,29.86
F0227,C,62853.0,24,0.912,0.235,2025,N22,29.29
F0228,D,165435.0,36,0.946,0.564,2024,N30,30.82
F0229,C,87533.0,24,0.953,0.065,2025,N33,27.82
F0230,D,30799.0,12,0.961,0.125,2025,N13,28.1
F0231,D,16732.0,24,0.893,0.063,2024,N22,27.49
F0232,B,59747.0,24,0.935,0.179,2026,N37,29.4
F0233,B,31507.0,12,0.945,0.847,2026,N28,28.18
F0234,B,16922.0,12,0.954,0.755,2024,N23,27.69
F0235,D,105155.0,36,0.966,0.26,2025,N19,27.98
F0236,B,31934.0,36,0.934,0.798,2026,N12,32.46
F0237,E,434541.0,12,0.985,0.528,2026,N17,32.17
F0238,C,1132222.0,36,0.928,0.357,2024,N21,31.46
F0239,D,361579.0,36,0.895,0.427,2026,N18,31.61
F0240,E,2683269.0,36,0.956,0.433,2026,N24,36.2
F0241,C,22161.0,12,0.906,0.134,2025,N02,24.73
F0242,C,12220.0,36,0.904,0.519,2025,N04,27.79
F0243,E,80228.0,24,1.0,0.181,2026,N10,30.0
F0244,A,11580.0,24,0.946,0.548,2025,N04,29.23
F0245,E,113128.0,24,0.945,0.346,2026,N14,30.18
F0246,C,273592.0,24,1.0,0.35,2025,N39,30.99
F0247,E,242431.0,12,0.892,0.464,2025,N36,31.0
F0248,B,305938.0,36,0.894,0.724,2025,N29,31.38
F0249,E,74512.0,12,1.0,0.483,2026,N29,30.66
F0250,D,88047.0,36,0.932,0.605,2025,N29,33.0
F0251,A,127953.0,24,0.918,0.834,2025,N30,31.88
F0252,B,89120.0,36,0.981,0.201,2026,N24,29.94
F0253,E,290178.0,12,0.832,0.592,2025,N01,30.94
F0254,E,58735.0,24,0.949,0.51,2025,N12,29.57
F0255,D,90593.0,24,0.921,0.514,2026,N09,29.59
F0256,C,41601.0,12,0.991,0.172,2025,N03,28.77
F0257,C,301206.0,36,0.974,0.537,2024,N24,32.48
F0258,C,110526.0,24,0.979,0.64,2024,N05,27.4
F0259,A,111825.0,12,0.999,0.717,2024,N37,34.11
F0260,C,53269.0,24,0.958,0.344,2025,N06,29.32
F0261,A,11411.0,36,0.894,0.401,2024,N24,24.75
F0262,C,55343.0,36,0.98,0.399,2024,N13,29.4
F0263,C,7125.0,12,0.973,0.537,2025,N30,26.63
F0264,E,87624.0,36,1.0,0.273,2026,N11,29.84
F0265,E,21716.0,24,0.97,0.325,2024,N30,24.46
F0266,A,434860.0,24,0.951,0.125,2024,N12,30.6
F0267,C,44131.0,12,1.0,0.64,2026,N01,26.09
F0268,D,87370.0,12,0.886,0.565,2025,N22,30.71
F0269,E,52474.0,36,0.97,0.442,2026,N22,29.61
F0270,B,24159.0,24,0.899,0.719,2025,N03,29.0
F0271,C,14975.0,24,0.885,0.266,2025,N36,25.54
F0272,A,4664.0,36,0.951,0.954,2026,N14,28.34
F0273,A,43310.0,12,0.934,0.323,2024,N29,28.19
F0274,A,8284.0,24,0.838,0.295,2025,N08,25.2
F0275,A,359188.0,36,0.976,0.17,2024,N04,31.22
F0276,D,20002.0,36,0.927,0.129,2025,N14,25.04
F0277,B,45446.0,12,0.977,0.572,2025,N33,27.69
F0278,E,90557.0,24,1.0,0.653,2024,N27,28.89
F0279,A,77890.0,24,0.938,0.509,2026,N13,30.39
F0280,D,377115.0,36,0.901,0.764,2025,N33,31.62
F0281,B,86285.0,12,0.942,0.12,2025,N18,27.95
F0282,B,52260.0,24,0.889,0.86,2024,N06,30.38
F0283,B,81252.0,24,0.917,0.597,2025,N30,33.45
F0284,C,586901.0,24,0.963,0.774,2024,N06,32.46
F0285,E,237818.0,12,0.948,0.177,2025,N20,31.91
F0286,A,9064.0,12,0.948,0.294,2024,N24,22.86
F0287,C,74460.0,12,0.888,0.568,2024,N05,28.68
F0288,C,31670.0,12,0.995,0.583,2026,N02,27.95
F0289,D,96268.0,36,0.757,0.303,2026,N40,29.19
F0290,B,199582.0,12,0.932,0.57,2026,N13,30.43
F0291,B,95249.0,24,0.923,0.425,2026,N38,29.23
F0292,A,193958.0,24,0.884,0.46,2025,N07,32.4
F0293,E,705247.0,24,0.95,0.603,2024,N04,35.01
F0294,B,11772.0,24,0.909,0.325,2024,N30,26.36
F0295,A,89874.0,12,0.881,0.266,2024,N25,27.61
F0296,E,101259.0,24,0.911,0.368,2025,N25,29.04
F0297,C,162165.0,12,0.971,0.219,2025,N23,29.53
F0298,C,106548.0,36,0.973,0.109,2025,N34,30.38
F0299,C,285891.0,12,0.964,0.342,2024,N40,29.34
F0300,B,93037.0,24,0.899,0.16,2025,N14,29.26
F0301,A,160454.0,24,0.914,0.12,2025,N18,29.38
F0302,A,14969.0,12,0.985,0.746,2024,N17,28.48
F0303,E,120512.0,36,0.901,0.268,2026,N36,28.29
F0304,E,22560.0,36,0.964,0.563,2024,N02,28.61
F0305,D,190858.0,36,0.907,0.658,2024,N04,32.61
F0306,A,785360.0,12,0.955,0.457,2024,N13,34.37
F0307,C,89782.0,24,0.932,0.201,2024,N34,30.88
F0308,A,161580.0,24,0.912,0.228,2026,N24,28.46
F0309,B,234863.0,36,0.949,0.504,2024,N10,31.45
F0310,A,502414.0,36,1.0,0.251,2024,N36,33.82
F0311,E,248342.0,24,0.966,0.125,2026,N26,31.1
F0312,D,425688.0,36,0.986,0.21,2024,N06,31.31
F0313,D,52152.0,24,0.934,0.27,2025,N34,27.62
F0314,E,90044.0,12,0.963,0.302,2024,N19,28.69
F0315,D,17304.0,12,0.98,0.38,2025,N39,26.23
F0316,A,1383055.0,36,0.892,0.109,2025,N40,32.57
F0317,A,24173.0,24,0.95,0.722,2024,N07,29.12
F0318,D,296072.0,36,0.864,0.506,2025,N09,33.18
F0319,B,120529.0,36,0.928,0.149,2024,N16,29.24
F0320,D,114687.0,12,1.0,0.093,2026,N31,28.66
F0321,B,24569.0,12,0.927,0.628,2026,N13,28.61
F0322,C,95107.0,12,0.988,0.283,2024,N21,29.84
F0323,E,110413.0,36,0.852,0.228,2026,N02,25.94
F0324,A,162883.0,24,0.986,0.357,2024,N20,29.27
F0325,C,66776.0,12,0.962,0.709,2025,N35,27.46
F0326,D,133272.0,24,0.92,0.632,2024,N03,30.71
F0327,B,31813.0,24,0.937,0.729,2025,N32,30.89
F0328,C,423338.0,36,0.886,0.667,2025,N22,34.5
F0329,D,46092.0,24,0.941,0.669,2026,N03,30.05
F0330,E,7412466.0,24,0.895,0.541,2026,N32,35.56
F0331,C,69235.0,24,0.944,0.723,2025,N33,32.09
F0332,E,46636.0,36,1.0,0.724,2024,N29,32.63
F0333,B,126140.0,24,0.927,0.071,2025,N12,30.29
F0334,D,86703.0,24,0.908,0.646,2025,N13,30.36
F0335,C,373933.0,24,0.932,0.293,2024,N37,32.39
F0336,A,439273.0,36,0.987,0.308,2026,N14,31.72
F0337,D,48878.0,12,0.957,0.579,2025,N17,29.09
F0338,B,46469.0,12,0.927,0.25,2026,N04,28.58
F0339,C,42403.0,36,0.89,0.432,2026,N14,30.67
F0340,D,182972.0,12,0.94,0.197,2024,N09,30.29
F0341,C,336633.0,24,0.927,0.424,2024,N14,32.63
F0342,E,231257.0,36,0.982,0.528,2025,N11,32.31
F0343,E,88588.0,36,0.88,0.523,2025,N05,30.69
F0344,C,110085.0,24,1.0,0.608,2025,N18,29.37
F0345,A,232989.0,12,0.95,0.699,2026,N22,34.63
F0346,B,468047.0,24,1.0,0.714,2024,N03,32.35
F0347,C,101496.0,12,0.875,0.494,2026,N06,30.4
F0348,D,431995.0,12,0.921,0.601,2025,N32,33.32
F0349,C,71280.0,24,1.0,0.159,2026,N19,26.67
F0350,E,134757.0,24,0.973,0.56,2024,N15,31.81
F0351,E,409588.0,24,0.879,0.203,2026,N20,31.12
F0352,A,38071.0,24,0.893,0.708,2024,N37,28.8
F0353,B,13618.0,12,0.897,0.364,2025,N27,26.64
F0354,C,28266.0,12,0.849,0.156,2026,N24,25.96
F0355,C,89144.0,12,0.984,0.507,2026,N26,30.0
F0356,D,30853.0,36,0.917,0.642,2026,N07,27.95
F0357,E,90819.0,36,0.876,0.291,2025,N08,28.65
F0358,C,539514.0,12,0.952,0.264,2024,N37,31.73
F0359,E,68926.0,36,0.987,0.319,2024,N20,28.69
F0360,B,511038.0,36,0.948,0.48,2024,N21,32.73
F0361,D,295699.0,12,0.837,0.347,2026,N01,30.6
F0362,E,29649.0,24,0.856,0.626,2025,N03,27.55
F0363,D,332872.0,12,0.917,0.402,2024,N37,33.78
F0364,E,294471.0,12,0.911,0.453,2026,N25,29.92
F0365,B,337981.0,24,0.924,0.214,2025,N11,32.7
F0366,A,135023.0,24,0.946,0.582,2024,N35,32.76
F0367,C,145467.0,36,0.931,0.216,2024,N18,30.38
F0368,A,54254.0,24,0.947,0.685,2025,N13,31.17
F0369,D,37046.0,36,0.885,0.681,2025,N23,29.14
F0370,B,99146.0,12,0.981,0.246,2026,N22,27.92
F0371,B,246913.0,36,0.917,0.09,2025,N27,30.11
F0372,C,51910.0,12,0.92,0.219,2026,N37,26.1
F0373,B,742830.0,24,0.988,0.242,2025,N39,33.67
F0374,A,63082.0,24,0.924,0.894,2026,N36,32.38
F0375,E,158582.0,24,0.86,0.513,2024,N37,31.48
F0376,B,21762.0,24,0.963,0.081,2024,N26,25.65
F0377,E,691538.0,36,1.0,0.272,2024,N03,32.16
F0378,D,259406.0,24,0.947,0.191,2026,N07,31.18
F0379,A,514975.0,36,0.961,0.634,2025,N08,35.22
F0380,D,26145.0,24,0.95,0.505,2024,N39,27.62
F0381,A,619398.0,36,1.0,0.165,2026,N05,31.49
F0382,E,196223.0,24,0.886,0.711,2026,N38,33.31
F0383,B,53727.0,12,0.935,0.138,2025,N10,27.01
F0384,E,69802.0,36,0.987,0.439,2026,N34,28.33
F0385,B,18807.0,12,0.904,0.651,2026,N27,27.88
F0386,B,91310.0,12,0.998,0.314,2026,N14,29.38
F0387,A,329355.0,24,0.975,0.321,2024,N18,30.57
F0388,C,40743.0,12,0.928,0.275,2025,N21,27.08
F0389,E,178826.0,24,0.964,0.57,2025,N26,31.27
F0390,D,26938.0,24,0.995,0.28,2026,N30,29.3
F0391,E,4705.0,12,0.905,0.23,2026,N13,25.74
F0392,D,90705.0,24,0.976,0.326,2026,N20,29.25
F0393,C,656848.0,24,0.916,0.237,2024,N31,34.15
F0394,C,470650.0,24,0.917,0.333,2025,N16,33.25
F0395,C,50109.0,12,1.0,0.905,2024,N15,29.69
F0396,E,503008.0,12,0.959,0.839,2025,N04,32.61
F0397,E,384742.0,12,0.866,0.512,2025,N30,32.13
F0398,E,172846.0,36,0.919,0.403,2025,N34,32.05
F0399,A,71872.0,24,0.928,0.178,2026,N13,28.4
F0400,E,354932.0,36,0.925,0.145,2026,N34,29.76
F0401,B,97325.0,24,0.898,0.221,2026,N24,29.63
F0402,B,67532.0,36,0.931,0.796,2026,N05,32.96
F0403,E,378679.0,36,1.0,0.329,2024,N23,32.43
F0404,A,46960.0,36,0.987,0.218,2024,N03,28.25
F0405,D,241210.0,36,0.875,0.397,2024,N32,30.62
F0406,B,630569.0,36,0.943,0.111,2024,N39,34.73
F0407,D,46962.0,24,1.0,0.362,2025,N31,25.61
F0408,E,130452.0,24,0.977,0.046,2026,N05,28.58
F0409,D,199895.0,12,0.979,0.772,2026,N31,33.25
F0410,B,12810.0,12,0.955,0.51,2026,N15,26.19
F0411,B,57822.0,24,0.947,0.051,2024,N40,28.32
F0412,D,53702.0,24,0.999,0.218,2025,N29,27.57
F0413,C,54331.0,12,0.844,0.791,2025,N25,30.08
F0414,C,36384.0,12,0.969,0.296,2025,N16,29.25
F0415,B,478900.0,24,0.962,0.677,2026,N13,31.33
F0416,E,34597.0,36,0.863,0.559,2024,N09,28.87
F0417,A,89719.0,24,0.958,0.574,2025,N24,30.16
F0418,A,206903.0,12,0.876,0.572,2024,N20,30.78
F0419,C,657408.0,36,0.945,0.526,2024,N22,35.38
F0420,E,14892.0,12,0.961,0.031,2025,N32,25.16
F0421,D,21149.0,24,1.0,0.081,2025,N29,26.97
F0422,A,28354.0,12,0.898,0.548,2025,N19,26.38
F0423,E,69616.0,36,0.966,0.352,2025,N32,29.2
F0424,D,306599.0,36,0.947,0.094,2024,N29,31.31
F0425,D,85195.0,24,0.912,0.204,2025,N10,28.27
F0426,C,119743.0,12,0.893,0.142,2026,N03,28.42
F0427,C,628011.0,12,0.887,0.663,2026,N24,31.11
F0428,B,68424.0,12,0.939,0.607,2024,N28,29.93
F0429,B,123429.0,36,0.941,0.352,2026,N08,28.52
F0430,B,1076164.0,24,0.919,0.987,2025,N34,38.2
F0431,E,258202.0,24,1.0,0.167,2025,N35,29.07
F0432,B,48831.0,24,0.952,0.138,2026,N29,27.93
F0433,D,46660.0,36,0.922,0.802,2026,N03,32.81
F0434,C,387334.0,12,0.891,0.58,2024,N22,32.55
F0435,E,25931.0,36,0.972,0.315,2025,N31,28.92
F0436,A,35306.0,36,0.842,0.216,2024,N34,29.37
F0437,B,267164.0,12,0.947,0.264,2025,N20,31.0
F0438,C,507910.0,36,1.0,0.261,2025,N01,33.76
F0439,E,759967.0,36,0.9,0.278,2025,N22,34.47
F0440,A,31693.0,24,0.962,0.587,2024,N31,29.21
F0441,D,190751.0,12,0.912,0.362,2026,N18,30.98
F0442,C,1916.0,12,0.954,0.628,2024,N37,24.1
F0443,B,37312.0,12,0.957,0.559,2024,N07,30.1
F0444,C,3492772.0,36,0.957,0.614,2025,N30,34.93
F0445,B,677010.0,36,0.919,0.699,2026,N34,34.04
F0446,B,246068.0,12,0.911,0.276,2025,N15,31.21
F0447,A,34572.0,24,0.943,0.62,2026,N14,28.28
F0448,C,23365.0,12,0.943,0.431,2026,N26,26.33
F0449,A,398659.0,12,0.935,0.22,2026,N32,32.46
F0450,C,87677.0,12,0.955,0.087,2025,N21,27.96
F0451,C,40091.0,24,0.923,0.602,2025,N04,28.9
F0452,C,254569.0,24,0.836,0.924,2025,N25,34.71
F0453,D,241969.0,36,0.931,0.144,2024,N11,28.67
F0454,A,46068.0,12,0.911,0.39,2024,N29,27.56
F0455,B,63051.0,24,0.972,0.597,2025,N39,28.73
F0456,B,1522119.0,24,0.789,0.728,2024,N39,36.51
F0457,A,33006.0,12,0.962,0.634,2024,N24,27.57
F0458,B,362162.0,24,0.954,0.352,2024,N37,31.77
F0459,A,46145.0,12,0.89,0.645,2025,N11,28.41
F0460,E,38383.0,36,0.858,0.38,2024,N40,27.08
F0461,B,30620.0,12,0.947,0.84,2026,N06,28.36
F0462,C,92790.0,36,0.916,0.711,2026,N30,32.07
F0463,A,104635.0,24,0.837,0.561,2025,N06,29.34
F0464,D,260623.0,12,0.864,0.742,2026,N40,35.06
F0465,D,44015.0,36,0.919,0.514,2024,N23,31.34
F0466,B,175240.0,24,0.89,0.407,2025,N27,30.74
F0467,B,54648.0,24,1.0,0.495,2025,N11,27.4
F0468,C,44531.0,36,0.994,0.262,2026,N28,31.41
F0469,C,229119.0,36,0.935,0.11,2025,N11,30.14
F0470,C,183659.0,24,0.988,0.405,2024,N23,30.48
F0471,E,17258.0,24,0.924,0.617,2025,N13,28.18
F0472,B,127994.0,12,1.0,0.217,2025,N11,31.57
F0473,B,11834.0,36,0.989,0.187,2026,N05,26.6
F0474,B,29346.0,36,0.932,0.288,2025,N34,28.14
F0475,C,733008.0,36,0.861,0.132,2026,N24,33.23
F0476,B,508343.0,24,0.965,0.161,2026,N24,32.2
F0477,D,82866.0,12,0.827,0.234,2025,N05,28.22
F0478,D,213925.0,24,0.976,0.031,2026,N12,31.1
F0479,D,474227.0,12,0.892,0.571,2026,N18,33.16
F0480,D,819768.0,36,1.0,0.339,2025,N09,36.56
F0481,A,808403.0,12,0.925,0.574,2024,N18,33.1
F0482,E,40928.0,24,0.902,0.545,2024,N07,29.96
F0483,A,96351.0,12,1.0,0.309,2024,N36,28.06
F0484,B,115960.0,36,0.946,0.078,2025,N29,27.51
F0485,D,5540.0,12,0.935,0.21,2026,N19,24.06
F0486,C,40872.0,24,0.847,0.335,2026,N35,27.25
F0487,D,161541.0,12,0.904,0.336,2026,N28,30.99
F0488,D,77169.0,12,0.955,0.292,2025,N40,30.27
F0489,A,48362.0,12,1.0,0.622,2026,N32,28.38
F0490,C,24361.0,12,0.988,0.2,2024,N13,25.84
F0491,D,49662.0,12,0.952,0.638,2024,N34,29.94
F0492,E,96087.0,12,0.946,0.418,2024,N14,27.19
F0493,E,67728.0,24,0.987,0.67,2026,N38,30.77
F0494,A,387602.0,12,0.958,0.835,2026,N24,34.16
F0495,E,262649.0,24,0.923,0.856,2024,N13,31.77
F0496,D,21065.0,36,0.864,0.679,2026,N12,30.5
F0497,A,303306.0,12,0.948,0.42,2025,N34,31.59
F0498,A,102217.0,12,0.904,0.224,2026,N11,29.2
F0499,C,246555.0,24,0.903,0.281,2025,N02,31.86
F0500,C,44844.0,24,0.922,0.432,2024,N25,28.46
F0501,E,289519.0,12,0.883,0.37,2026,N21,31.69
F0502,B,41924.0,12,1.0,0.221,2026,N27,25.77
F0503,A,335537.0,36,0.955,0.498,2026,N06,33.84
F0504,C,95245.0,36,0.936,0.648,2026,N37,30.31
F0505,B,72388.0,12,0.849,0.725,2026,N30,27.81
F0506,D,20303.0,36,0.945,0.294,2025,N28,29.01
F0507,B,14289.0,36,0.964,0.114,2024,N24,28.24
F0508,A,278332.0,12,0.848,0.562,2026,N17,32.74
F0509,C,25780.0,36,0.866,0.353,2026,N31,26.06
F0510,A,24128.0,12,0.923,0.65,2024,N20,27.1
F0511,A,158756.0,12,0.992,0.319,2025,N27,27.56
F0512,E,101084.0,24,1.0,0.254,2026,N18,29.99
F0513,A,198083.0,24,1.0,0.208,2025,N21,28.59
F0514,C,20465.0,12,0.901,0.667,2024,N33,28.97
F0515,E,7733.0,24,0.938,0.564,2026,N17,25.96
F0516,C,33216.0,12,1.0,0.219,2024,N27,28.53
F0517,C,325738.0,12,0.971,0.416,2025,N38,31.2
F0518,A,94563.0,36,0.969,0.568,2024,N39,29.77
F0519,E,166299.0,36,0.963,0.839,2024,N01,31.84
F0520,C,183728.0,12,0.923,0.166,2024,N22,30.18
F0521,B,120288.0,36,0.827,0.489,2026,N34,29.52
F0522,D,120573.0,36,0.881,0.368,2025,N18,30.32
F0523,C,76869.0,24,0.906,0.581,2026,N27,31.99
F0524,E,128016.0,36,0.966,0.355,2025,N12,30.75
F0525,A,145312.0,12,0.964,0.385,2026,N19,32.02
F0526,B,45222.0,12,0.951,0.375,2024,N38,28.05
F0527,C,202061.0,36,0.918,0.36,2024,N05,31.25
F0528,A,98497.0,24,1.0,0.768,2025,N03,32.37
F0529,E,89281.0,12,0.97,0.26,2026,N27,28.31
F0530,D,81734.0,24,0.95,0.457,2024,N03,32.05
F0531,E,283285.0,36,0.907,0.617,2025,N20,32.25
F0532,B,83011.0,24,0.948,0.383,2025,N27,30.02
F0533,D,411191.0,36,0.977,0.464,2025,N37,32.68
F0534,D,29716.0,24,0.982,0.213,2024,N21,28.84
F0535,C,196714.0,24,0.931,0.397,2026,N10,30.28
F0536,E,15567.0,12,0.964,0.163,2024,N19,29.31
F0537,B,105143.0,12,0.934,0.568,2025,N39,29.34
F0538,E,54103.0,36,0.976,0.187,2026,N20,30.49
F0539,E,57100.0,24,0.929,0.142,2024,N13,27.63
F0540,A,28546.0,36,1.0,0.582,2025,N09,29.54
F0541,B,95689.0,36,1.0,0.353,2026,N14,30.17
F0542,B,188928.0,12,0.885,0.515,2024,N17,29.8
F0543,C,10975.0,36,0.955,0.572,2025,N02,26.09
F0544,B,84427.0,12,0.972,0.26,2026,N08,29.21
F0545,E,122578.0,12,0.985,0.374,2026,N24,27.83
F0546,E,203765.0,12,0.868,0.295,2024,N21,29.22
F0547,C,150666.0,12,0.895,0.249,2026,N20,27.31
F0548,C,27071.0,12,0.988,0.727,2024,N26,29.6
F0549,A,322591.0,36,0.958,0.277,2025,N22,32.27
F0550,C,34812.0,36,1.0,0.204,2026,N22,29.11
F0551,E,177469.0,12,1.0,0.702,2025,N03,32.36
F0552,E,123502.0,12,0.901,0.313,2026,N22,28.96
F0553,B,49004.0,36,0.945,0.383,2026,N39,31.0
F0554,A,33149.0,24,0.918,0.243,2026,N25,27.81
F0555,B,75878.0,24,0.962,0.25,2024,N17,28.23
F0556,A,544341.0,12,1.0,0.548,2025,N17,32.7
F0557,C,210319.0,36,0.933,0.487,2025,N40,30.07
F0558,A,49141.0,12,0.998,0.386,2024,N10,31.01
F0559,C,233484.0,12,0.964,0.277,2026,N38,30.77
F0560,C,715382.0,12,0.963,0.241,2025,N18,33.23
F0561,A,1292056.0,24,0.947,0.64,2025,N25,33.22
F0562,B,12634.0,24,0.944,0.21,2025,N30,26.99
F0563,D,233804.0,36,0.981,0.96,2026,N35,33.38
F0564,B,265310.0,36,0.921,0.314,2026,N02,31.42
F0565,A,37518.0,12,0.982,0.645,2026,N38,27.32
F0566,C,10596.0,12,0.95,0.824,2024,N24,26.84
F0567,D,445280.0,12,0.901,0.719,2025,N29,35.1
F0568,C,56629.0,36,0.89,0.237,2026,N18,29.05
F0569,D,14230.0,24,1.0,0.611,2025,N40,26.0
F0570,B,27417.0,12,0.868,0.32,2026,N06,27.9
F0571,D,236282.0,24,0.967,0.223,2025,N12,29.95
F0572,A,1341759.0,36,1.0,0.337,2024,N31,33.89
F0573,E,300219.0,12,0.888,0.287,2026,N28,30.55
F0574,E,35290.0,36,0.965,0.476,2024,N02,29.1
F0575,B,450212.0,12,0.875,0.407,2026,N09,31.16
F0576,E,10512.0,24,0.973,0.598,2024,N18,25.73
F0577,E,324318.0,36,0.977,0.487,2025,N23,31.9
F0578,C,298988.0,12,0.957,0.639,2024,N36,32.05
F0579,D,846680.0,24,0.978,0.633,2024,N31,34.98
F0580,B,320185.0,12,0.891,0.176,2026,N24,31.98
F0581,C,388386.0,12,0.946,0.437,2024,N22,32.21
F0582,E,114268.0,24,0.89,0.4,2026,N19,28.88
F0583,D,66916.0,36,0.974,0.518,2024,N06,28.48
F0584,A,104011.0,36,0.87,0.229,2025,N04,27.63
F0585,A,1004289.0,36,0.966,0.423,2025,N11,32.55
F0586,E,50967.0,36,1.0,0.215,2025,N09,26.88
F0587,B,94403.0,36,1.0,0.195,2024,N16,27.6
F0588,D,58103.0,36,0.949,0.485,2024,N19,31.67
F0589,D,226415.0,12,0.95,0.157,2024,N24,31.54
F0590,B,180061.0,12,0.915,0.558,2025,N23,30.24
F0591,D,1161877.0,36,0.949,0.342,2025,N19,33.6
F0592,C,1375543.0,12,0.897,0.443,2025,N34,34.55
F0593,A,395358.0,24,0.846,0.517,2025,N27,33.33
F0594,C,297427.0,24,0.912,0.267,2024,N37,31.26
F0595,A,87008.0,24,0.972,0.402,2026,N20,28.54
F0596,A,17125.0,12,0.884,0.853,2026,N38,29.05
F0597,C,124743.0,36,0.975,0.698,2025,N22,33.08
F0598,C,107519.0,12,1.0,0.175,2026,N24,27.72
F0599,E,26366.0,36,0.955,0.726,2026,N20,27.14
F0600,D,133034.0,36,0.952,0.199,2025,N09,31.62
F0601,C,329169.0,36,0.841,0.319,2025,N27,31.78
F0602,D,35231.0,12,0.921,0.604,2025,N01,27.52
F0603,D,295900.0,24,0.869,0.538,2024,N17,31.67
F0604,A,167855.0,24,0.973,0.281,2026,N20,30.93
F0605,D,53416.0,12,0.901,0.165,2024,N08,26.8
F0606,B,117200.0,24,0.938,0.55,2026,N23,30.4
F0607,A,253528.0,24,0.906,0.61,2024,N01,32.15
F0608,D,82465.0,12,0.938,0.757,2024,N24,29.67
F0609,C,95189.0,36,0.929,0.411,2026,N33,30.74
F0610,A,499002.0,24,0.977,0.567,2025,N01,34.7
F0611,E,200558.0,24,1.0,0.74,2026,N36,31.9
F0612,D,195412.0,36,0.962,0.429,2025,N16,32.72
F0613,C,56039.0,36,0.903,0.492,2024,N30,30.1
F0614,C,239118.0,12,0.917,0.756,2025,N21,32.95
F0615,D,622146.0,12,0.923,0.523,2025,N17,33.0
F0616,B,33049.0,24,0.877,0.264,2025,N01,26.78
F0617,B,14096.0,12,0.942,0.214,2025,N09,26.19
F0618,C,39019.0,24,0.898,0.339,2025,N32,29.07
F0619,A,87420.0,36,0.931,0.411,2024,N40,33.03
F0620,C,30539.0,12,0.954,0.69,2026,N39,31.11
F0621,D,13326.0,24,1.0,0.316,2024,N19,26.57
F0622,A,740798.0,12,0.936,0.38,2024,N29,34.02
F0623,A,61575.0,24,0.996,0.462,2026,N38,28.91
F0624,E,38145.0,24,1.0,0.461,2026,N34,29.57
F0625,A,3189.0,12,0.888,0.601,2026,N04,23.7
F0626,C,303723.0,36,0.935,0.245,2025,N05,32.16
F0627,B,15654.0,24,0.909,0.273,2025,N30,29.17
F0628,D,496093.0,36,1.0,0.394,2026,N30,32.4
F0629,C,200780.0,24,0.981,0.52,2025,N21,30.29
F0630,A,131807.0,36,0.965,0.123,2024,N18,29.94
F0631,A,78350.0,24,0.942,0.751,2025,N17,31.67
F0632,E,322614.0,12,0.856,0.226,2024,N19,32.34
F0633,C,51146.0,12,0.925,0.172,2024,N11,26.34
F0634,D,158660.0,24,0.902,0.656,2024,N30,32.53
F0635,B,55579.0,12,0.939,0.501,2025,N03,29.29
F0636,B,69370.0,36,0.878,0.348,2024,N30,28.57
F0637,C,675987.0,24,0.861,0.262,2026,N17,34.0
F0638,E,389289.0,12,0.886,0.034,2025,N19,33.0
F0639,B,32811.0,24,0.972,0.183,2024,N06,28.12
F0640,E,35718.0,12,0.967,0.703,2026,N31,29.67
F0641,A,106276.0,24,0.95,0.111,2025,N01,28.85
F0642,C,86319.0,36,0.948,0.114,2026,N32,30.66
F0643,B,183913.0,36,0.919,0.598,2026,N14,32.0
F0644,B,63967.0,24,0.975,0.093,2024,N07,29.08
F0645,A,28649.0,36,0.903,0.477,2024,N13,25.89
F0646,E,274403.0,36,0.933,0.36,2025,N33,32.86
F0647,A,77250.0,36,0.974,0.617,2024,N22,30.06
F0648,A,231833.0,12,0.977,0.13,2026,N30,28.02
F0649,A,34014.0,12,0.893,0.254,2026,N19,26.81
F0650,E,628866.0,12,0.924,0.536,2025,N10,34.1
F0651,C,141309.0,12,0.975,0.414,2026,N39,29.69
F0652,E,138595.0,12,0.947,0.644,2026,N04,30.57
F0653,C,160171.0,24,0.958,0.16,2026,N07,28.96
F0654,A,14980.0,24,0.983,0.294,2024,N28,26.9
F0655,A,236930.0,36,0.954,0.136,2025,N20,31.05
F0656,E,53815.0,36,0.892,0.502,2026,N15,29.41
F0657,D,25806.0,24,0.889,0.494,2024,N32,26.63
F0658,B,161136.0,36,0.95,0.165,2024,N05,30.02
F0659,C,815667.0,12,1.0,0.302,2024,N26,30.41
F0660,E,43058.0,24,0.923,0.481,2026,N11,28.7
F0661,E,659815.0,24,0.987,0.16,2026,N38,32.92
F0662,E,6883.0,24,0.933,0.353,2024,N25,27.47
F0663,E,145404.0,12,1.0,0.359,2024,N13,31.17
F0664,A,48825.0,12,0.845,0.02,2026,N27,27.19
F0665,A,136713.0,24,0.877,0.341,2024,N32,29.51
F0666,B,1355814.0,24,0.997,0.209,2026,N30,35.92
F0667,A,228752.0,36,0.995,0.198,2026,N37,31.37
F0668,E,16446.0,36,0.92,0.369,2025,N08,26.35
F0669,A,594693.0,24,0.989,0.692,2025,N15,36.56
F0670,D,27793.0,12,0.922,0.642,2025,N35,28.89
F0671,B,50389.0,36,0.935,0.181,2024,N04,30.14
F0672,D,33458.0,36,0.969,0.441,2025,N11,26.9
F0673,E,117973.0,12,0.937,0.28,2025,N10,29.28
F0674,B,87727.0,12,0.922,0.648,2026,N29,31.23
F0675,D,735191.0,36,0.866,0.414,2026,N03,32.49
F0676,D,153592.0,12,0.88,0.438,2026,N11,30.82
F0677,B,235050.0,36,0.902,0.32,2025,N30,32.56
F0678,A,83836.0,12,1.0,0.385,2025,N35,28.84
F0679,C,397702.0,36,0.886,0.684,2026,N07,35.77
F0680,B,28511.0,24,0.972,0.877,2026,N18,30.83
F0681,D,17483.0,36,0.888,0.353,2024,N29,27.85
F0682,B,300318.0,12,0.961,0.856,2024,N09,33.52
F0683,B,254398.0,12,0.935,0.662,2026,N03,29.76
F0684,A,108580.0,24,0.871,0.083,2026,N39,31.26
F0685,A,1582742.0,12,0.989,0.425,2025,N12,34.13
F0686,C,34468.0,12,0.909,0.143,2024,N07,27.86
F0687,B,580932.0,24,0.874,0.086,2024,N17,30.24
F0688,A,658989.0,12,0.929,0.027,2026,N32,31.57
F0689,D,22770.0,24,0.944,0.284,2025,N17,28.07
F0690,E,202538.0,36,0.969,0.177,2026,N08,30.27
F0691,B,268386.0,24,0.889,0.334,2025,N28,30.89
F0692,C,87801.0,36,0.879,0.387,2025,N15,29.62
F0693,B,88849.0,36,1.0,0.221,2024,N06,30.11
F0694,D,97007.0,36,1.0,0.253,2026,N01,29.57
F0695,A,36209.0,36,0.938,0.303,2026,N03,28.35
F0696,C,19406.0,12,0.968,0.223,2024,N07,26.51
F0697,B,269343.0,12,0.993,0.214,2025,N26,32.68
F0698,A,136842.0,36,0.93,0.454,2024,N28,30.76
F0699,D,108303.0,12,0.912,0.528,2024,N02,28.67
F0700,C,197818.0,36,0.946,0.333,2025,N11,32.51
F0701,B,38915.0,24,0.926,0.331,2026,N38,28.21
F0702,A,47329.0,12,0.923,0.571,2025,N29,29.14
F0703,E,277236.0,24,0.988,0.427,2025,N38,33.62
F0704,B,103663.0,12,1.0,0.154,2026,N26,27.76
F0705,A,188136.0,12,0.963,0.401,2024,N37,30.77
F0706,D,387188.0,12,0.984,0.149,2024,N32,31.3
F0707,E,865818.0,36,0.887,0.772,2026,N34,34.95
F0708,A,34365.0,12,0.965,0.715,2025,N03,27.38
F0709,E,51662.0,24,0.979,0.23,2026,N01,28.03
F0710,E,18161.0,24,0.961,0.124,2025,N25,27.4
F0711,A,44603.0,36,0.861,0.225,2024,N02,27.54
F0712,D,191647.0,36,0.889,0.35,2024,N26,29.5
F0713,D,53789.0,36,0.965,0.2,2024,N32,28.61
F0714,A,1459063.0,36,0.861,0.407,2025,N06,33.3
F0715,E,61241.0,12,0.954,0.157,2024,N19,26.54
F0716,C,11789.0,36,0.936,0.649,2025,N19,31.02
F0717,A,34675.0,36,1.0,0.313,2025,N24,28.39
F0718,E,1295702.0,36,0.907,0.354,2026,N06,33.14
F0719,E,34796.0,12,0.912,0.429,2024,N16,28.28
F0720,B,94195.0,36,1.0,0.346,2026,N23,29.82
F0721,C,38000.0,24,1.0,0.767,2026,N26,27.36
F0722,A,27030.0,36,0.885,0.259,2025,N32,27.96
F0723,A,420282.0,12,0.934,0.426,2026,N17,31.53
F0724,B,24160.0,12,0.951,0.206,2024,N08,27.24
F0725,A,11650.0,24,0.927,0.062,2026,N28,25.52
F0726,C,41514.0,24,0.94,0.571,2024,N30,29.92
F0727,B,45905.0,36,0.971,0.122,2026,N38,28.63
F0728,B,174619.0,12,0.829,0.67,2024,N25,30.99
F0729,E,117657.0,24,0.974,0.138,2025,N24,28.97
F0730,B,460511.0,12,0.935,0.66,2025,N40,32.36
F0731,D,79694.0,36,0.95,0.274,2025,N31,28.83
F0732,C,173931.0,24,0.982,0.169,2026,N22,30.08
F0733,A,187943.0,12,0.952,0.342,2025,N25,31.58
F0734,C,355018.0,24,0.927,0.435,2024,N08,32.03
F0735,E,23346.0,24,1.0,0.431,2024,N27,28.77
F0736,D,68536.0,24,0.901,0.232,2026,N04,28.94
F0737,D,3739.0,12,0.878,0.096,2025,N05,23.41
F0738,E,39041.0,12,0.804,0.543,2026,N16,27.75
F0739,C,23318.0,24,0.989,0.905,2024,N05,31.46
F0740,D,35428.0,24,0.893,0.073,2026,N09,28.84
F0741,B,668723.0,12,0.997,0.182,2026,N03,32.0
F0742,A,353183.0,24,0.986,0.201,2025,N05,30.96
F0743,B,16309.0,12,0.988,0.438,2026,N07,27.18
F0744,A,896726.0,12,0.891,0.645,2024,N33,35.29
F0745,B,478141.0,12,0.965,0.551,2025,N03,29.93
F0746,B,126772.0,24,1.0,0.288,2024,N18,31.14
F0747,A,89629.0,36,0.915,0.694,2026,N27,30.91
F0748,E,85846.0,12,0.896,0.441,2024,N09,28.44
F0749,C,96804.0,24,0.946,0.209,2024,N11,28.59
F0750,A,222511.0,24,0.894,0.287,2025,N22,31.64
F0751,E,72415.0,36,0.917,0.469,2024,N27,29.26
F0752,D,335484.0,36,0.938,0.196,2026,N01,29.68
F0753,B,67360.0,36,0.933,0.523,2025,N28,29.29
F0754,C,43473.0,24,0.953,0.602,2025,N22,29.39
F0755,C,84277.0,12,0.898,0.129,2024,N16,26.91
F0756,B,148626.0,12,0.899,0.208,2025,N15,29.65
F0757,C,165715.0,12,0.936,0.616,2026,N07,31.72
F0758,D,97528.0,36,0.996,0.372,2024,N33,28.4
F0759,E,15865.0,12,0.956,0.191,2025,N40,27.07
F0760,D,19296.0,24,0.814,0.273,2025,N33,25.72
F0761,D,12429.0,12,0.941,0.296,2026,N28,27.99
F0762,D,70729.0,24,0.915,0.182,2024,N23,29.87
F0763,C,225017.0,36,0.914,0.39,2026,N01,32.91
F0764,B,102235.0,12,0.928,0.422,2026,N18,30.86
F0765,B,93269.0,36,0.92,0.308,2024,N33,30.05
F0766,A,55162.0,24,0.927,0.134,2026,N26,29.41
F0767,B,65351.0,24,0.974,0.069,2024,N20,27.0
F0768,A,43956.0,36,1.0,0.245,2025,N09,30.07
F0769,D,357302.0,24,0.912,0.835,2024,N35,31.46
F0770,B,22137.0,36,0.935,0.708,2024,N23,27.05
F0771,C,33995.0,36,1.0,0.044,2024,N11,27.78
F0772,B,177257.0,36,0.881,0.177,2026,N24,30.42
F0773,E,63704.0,36,0.929,0.183,2025,N15,29.56
F0774,C,219756.0,36,0.953,0.28,2026,N24,31.15
F0775,C,56749.0,12,0.906,0.448,2024,N24,30.4
F0776,B,166055.0,36,0.92,0.436,2025,N09,30.5
F0777,A,130822.0,24,1.0,0.348,2026,N14,31.43
F0778,D,21084.0,24,0.969,0.598,2026,N17,27.67
F0779,A,194973.0,36,0.874,0.383,2026,N13,29.79
F0780,E,456846.0,12,1.0,0.502,2026,N13,32.55
F0781,B,44534.0,12,0.96,0.327,2026,N37,29.22
F0782,D,85029.0,12,0.96,0.493,2024,N29,29.54
F0783,A,215503.0,12,0.919,0.757,2026,N40,33.07
F0784,A,639301.0,24,0.974,0.328,2026,N27,32.48
F0785,A,154707.0,12,0.966,0.466,2025,N13,30.85
F0786,E,1664334.0,24,0.94,0.374,2026,N16,35.33
F0787,B,62119.0,36,0.94,0.651,2026,N21,28.15
F0788,B,1027652.0,36,0.942,0.455,2026,N10,35.92
F0789,B,41313.0,12,0.893,0.379,2024,N34,25.63
F0790,A,98398.0,12,0.985,0.438,2024,N09,30.61
F0791,A,33860.0,12,0.908,0.187,2026,N05,26.52
F0792,B,333534.0,36,0.85,0.238,2026,N27,33.56
F0793,D,217834.0,36,0.817,0.58,2025,N04,29.57
F0794,A,12506.0,36,0.947,0.522,2024,N35,27.46
F0795,E,4318.0,12,0.848,0.177,2024,N40,22.57
F0796,B,1357268.0,12,0.935,0.529,2026,N40,35.78
F0797,E,71303.0,36,0.948,0.266,2025,N28,27.41
F0798,C,13610.0,24,0.931,0.453,2025,N37,26.52
F0799,D,34284.0,36,1.0,0.166,2024,N25,28.67
F0800,A,57919.0,24,0.918,0.503,2026,N28,28.72
F0801,C,677091.0,36,0.942,0.176,2025,N02,33.64
F0802,E,172364.0,36,0.962,0.283,2026,N33,32.1
F0803,E,106854.0,24,1.0,0.102,2024,N14,30.46
F0804,C,32269.0,24,0.861,0.35,2026,N04,26.52
F0805,B,225493.0,12,1.0,0.141,2026,N05,29.46
F0806,C,12211.0,36,0.918,0.216,2024,N25,26.75
F0807,B,389705.0,36,1.0,0.555,2025,N23,34.51
F0808,B,325021.0,36,0.898,0.336,2024,N10,30.24
F0809,A,57293.0,12,0.915,0.318,2024,N36,30.17
F0810,E,16537.0,36,0.961,0.419,2024,N31,27.97
F0811,A,47763.0,12,0.924,0.801,2025,N21,31.87
F0812,E,86875.0,24,0.958,0.247,2026,N07,27.36
F0813,D,1125130.0,24,0.926,0.115,2025,N33,34.59
F0814,C,779032.0,12,1.0,0.279,2025,N22,32.49
F0815,B,46368.0,12,0.898,0.623,2024,N12,28.57
F0816,A,40200.0,24,0.957,0.163,2025,N33,26.86
F0817,C,19391.0,12,1.0,0.408,2026,N12,26.11
F0818,D,158420.0,12,0.956,0.236,2025,N39,30.2
F0819,D,52156.0,24,0.849,0.805,2024,N22,31.32
F0820,B,233982.0,12,1.0,0.166,2024,N33,33.14
F0821,A,109005.0,12,0.878,0.487,2026,N37,29.21
F0822,A,52298.0,12,0.897,0.533,2025,N27,27.6
F0823,E,30063.0,36,1.0,0.72,2025,N15,29.89
F0824,C,14720.0,12,1.0,0.433,2026,N31,25.59
F0825,B,202425.0,24,0.933,0.445,2024,N30,30.41
F0826,D,20486.0,36,1.0,0.309,2024,N36,29.47
F0827,A,234266.0,36,0.865,0.397,2026,N05,31.53
F0828,D,13679.0,24,0.947,0.241,2024,N09,26.95
F0829,B,4708.0,36,0.908,0.272,2024,N19,24.5
F0830,A,101595.0,36,0.876,0.466,2026,N25,28.57
F0831,E,48864.0,24,0.831,0.256,2026,N39,28.04
F0832,E,301183.0,12,1.0,0.27,2024,N14,32.85
F0833,A,100005.0,24,0.937,0.351,2025,N30,28.71
F0834,C,91474.0,24,0.987,0.587,2026,N09,30.22
F0835,D,283127.0,36,0.968,0.453,2024,N17,27.97
F0836,E,45503.0,24,0.931,0.443,2024,N08,30.41
F0837,D,216292.0,24,0.938,0.143,2024,N29,31.42
F0838,C,1917757.0,36,0.862,0.466,2026,N25,36.1
F0839,B,132422.0,24,0.925,0.199,2026,N08,30.19
F0840,E,33384.0,36,0.993,0.584,2025,N05,27.33
F0841,D,96893.0,24,1.0,0.098,2026,N26,28.36
F0842,E,38630.0,12,0.897,0.142,2025,N29,24.68
F0843,D,67748.0,36,1.0,0.264,2024,N39,30.47
F0844,A,752319.0,36,0.879,0.579,2025,N10,34.66
F0845,D,31158.0,24,0.95,0.53,2026,N28,29.26
F0846,E,23260.0,36,0.949,0.29,2024,N39,25.95
F0847,E,189786.0,24,0.988,0.08,2026,N17,30.25
F0848,D,62722.0,36,0.901,0.069,2026,N29,27.59
F0849,B,83451.0,36,0.98,0.723,2024,N37,29.95
F0850,C,48373.0,24,0.915,0.786,2026,N08,31.08
F0851,A,137033.0,36,0.871,0.499,2024,N04,30.38
F0852,A,598852.0,12,0.904,0.742,2024,N14,34.07
F0853,D,220733.0,36,0.937,0.311,2024,N36,31.03
F0854,D,62183.0,36,0.986,0.296,2026,N25,27.42
F0855,B,67273.0,36,0.973,0.646,2025,N39,31.91
F0856,D,34541.0,24,0.905,0.101,2025,N39,26.87
F0857,A,35711.0,12,0.966,0.839,2025,N38,29.34
F0858,E,317912.0,24,0.977,0.315,2025,N05,32.26
F0859,B,196810.0,12,0.98,0.395,2025,N28,30.44
F0860,B,180394.0,36,0.949,0.745,2026,N18,33.35
F0861,E,188537.0,24,0.908,0.439,2026,N33,28.87
F0862,A,48942.0,24,0.893,0.455,2026,N37,28.46
F0863,C,102538.0,36,0.953,0.254,2025,N15,29.61
F0864,D,193644.0,36,0.97,0.385,2024,N31,32.93
F0865,C,710923.0,36,0.895,0.141,2026,N12,33.32
F0866,B,142251.0,12,0.91,0.565,2024,N40,28.62
F0867,D,113981.0,36,1.0,0.488,2025,N33,29.43
F0868,B,40712.0,12,0.991,0.395,2026,N31,27.9
F0869,B,359676.0,12,0.965,0.254,2024,N38,31.67
F0870,D,77858.0,36,0.947,0.654,2025,N07,30.2
F0871,E,142451.0,12,0.923,0.446,2024,N18,28.94
F0872,A,168584.0,36,0.9,0.279,2024,N24,31.8
F0873,D,41574.0,24,0.992,0.781,2024,N31,28.19
F0874,A,149606.0,36,0.893,0.23,2025,N33,29.27
F0875,E,407243.0,24,1.0,0.236,2025,N24,32.77
F0876,E,36802.0,12,1.0,0.585,2024,N14,29.53
F0877,D,56956.0,36,0.888,0.152,2026,N24,27.28
F0878,E,39909.0,36,0.844,0.491,2024,N32,27.97
F0879,D,119439.0,12,0.943,0.245,2024,N36,30.33
F0880,E,1289366.0,24,0.88,0.299,2024,N37,34.32
F0881,E,156571.0,24,0.91,0.385,2024,N26,31.79
F0882,C,467669.0,24,0.954,0.277,2024,N12,33.79
F0883,A,141894.0,12,0.868,0.385,2025,N13,29.79
F0884,B,64279.0,12,0.95,0.25,2024,N13,27.73
F0885,A,108063.0,12,1.0,0.234,2024,N40,27.59
F0886,A,140739.0,24,1.0,0.111,2025,N35,30.59
F0887,C,84471.0,12,0.992,0.687,2026,N31,29.66
F0888,A,98319.0,36,0.926,0.176,2025,N20,30.06
F0889,E,118156.0,24,0.917,0.55,2024,N27,29.58
F0890,D,50221.0,12,0.912,0.83,2026,N29,27.43
F0891,D,653586.0,24,0.948,0.165,2025,N33,31.64
F0892,B,178792.0,36,0.977,0.122,2024,N17,30.34
F0893,A,91989.0,12,0.935,0.524,2024,N36,30.28
F0894,D,53751.0,24,0.871,0.475,2026,N29,28.2
F0895,B,165564.0,12,0.874,0.775,2025,N14,30.5
F0896,A,42279.0,36,0.901,0.663,2025,N10,29.48
F0897,B,24041.0,12,0.942,0.269,2024,N22,26.56
F0898,B,68131.0,36,0.971,0.435,2025,N36,29.78
F0899,C,467783.0,12,0.935,0.374,2025,N10,31.68
F0900,C,83264.0,24,0.974,0.194,2024,N24,30.16
F0901,D,130444.0,36,0.932,0.489,2025,N05,29.35
F0902,B,33700.0,24,0.95,0.442,2025,N24,29.02
F0903,E,194729.0,24,0.961,0.305,2024,N14,31.21
F0904,B,55059.0,24,0.929,0.559,2024,N37,30.19
F0905,D,53461.0,12,0.982,0.712,2026,N11,30.29
F0906,D,41835.0,12,1.0,0.009,2025,N02,26.29
F0907,A,89695.0,24,0.966,0.544,2025,N27,31.41
F0908,A,29990.0,24,0.922,0.541,2024,N17,29.36
F0909,A,64559.0,36,0.945,0.466,2026,N29,31.61
F0910,D,83081.0,12,0.99,0.512,2025,N23,28.28
F0911,B,33374.0,24,0.945,0.218,2026,N33,28.35
F0912,C,10272.0,12,0.927,0.638,2024,N27,30.23
F0913,A,175141.0,12,0.913,0.389,2026,N07,30.54
F0914,C,23633.0,24,0.934,0.175,2024,N06,29.41
F0915,B,10191.0,36,0.937,0.478,2024,N13,26.48
F0916,A,104500.0,36,0.86,0.608,2025,N32,29.44
F0917,A,97937.0,24,0.972,0.668,2025,N17,31.58
F0918,D,387556.0,24,0.879,0.758,2024,N36,30.67
F0919,D,475710.0,12,0.985,0.306,2025,N30,31.57
F0920,D,7533.0,24,0.78,0.638,2024,N28,27.28
F0921,A,52357.0,36,0.937,0.545,2026,N05,30.71
F0922,C,142632.0,24,0.994,0.309,2024,N13,30.76
F0923,B,20886.0,24,0.99,0.505,2025,N21,29.2
F0924,C,400444.0,36,0.861,0.46,2024,N10,35.34
F0925,E,155663.0,12,0.873,0.331,2026,N20,31.46
F0926,C,46385.0,36,0.962,0.365,2025,N38,29.48
F0927,C,55262.0,24,0.878,0.358,2026,N39,28.39
F0928,C,150527.0,36,0.986,0.562,2025,N02,29.66
F0929,C,1271274.0,36,1.0,0.697,2024,N22,34.8
F0930,C,1016513.0,12,0.888,0.739,2025,N39,35.43
F0931,A,18818.0,24,0.88,0.355,2026,N29,27.43
F0932,C,212350.0,12,0.922,0.512,2026,N20,30.05
F0933,B,18019.0,36,0.979,0.182,2024,N36,26.62
F0934,B,88378.0,12,0.968,0.701,2026,N24,31.42
F0935,B,31824.0,12,0.956,0.434,2026,N10,27.18
F0936,E,73262.0,24,0.869,0.432,2024,N37,31.83
F0937,C,61329.0,24,1.0,0.384,2024,N22,31.46
F0938,B,159312.0,36,0.94,0.558,2025,N21,30.5
F0939,B,42305.0,24,0.97,0.579,2025,N24,29.4
F0940,A,236500.0,24,0.948,0.096,2024,N39,31.7
F0941,C,89569.0,12,0.98,0.305,2024,N34,28.96
F0942,D,34727.0,24,1.0,0.636,2024,N26,27.8
F0943,B,582011.0,24,0.976,0.682,2025,N33,34.45
F0944,E,153020.0,24,0.798,0.629,2026,N10,29.55
F0945,D,80357.0,12,0.901,0.255,2025,N13,30.56
F0946,A,114858.0,36,0.974,0.361,2024,N39,30.69
F0947,A,238089.0,24,0.883,0.487,2026,N10,31.17
F0948,A,87952.0,36,1.0,0.466,2026,N27,30.0
F0949,E,50294.0,12,0.889,0.125,2025,N39,29.27
F0950,B,85999.0,36,0.949,0.139,2024,N21,26.75
F0951,E,53605.0,24,0.967,0.197,2024,N31,26.93
F0952,B,54397.0,24,0.983,0.378,2026,N28,28.33
F0953,B,700532.0,12,1.0,0.33,2026,N38,33.17
F0954,A,260715.0,12,0.846,0.415,2024,N35,30.35
F0955,A,501175.0,12,0.992,0.302,2025,N14,33.7
F0956,B,56381.0,36,0.974,0.512,2024,N32,29.97
F0957,D,12737.0,12,0.943,0.442,2025,N11,27.9
F0958,C,65294.0,24,0.929,0.418,2026,N17,29.35
F0959,A,191437.0,12,0.904,0.726,2026,N32,30.47
F0960,B,57142.0,12,0.984,0.531,2024,N25,30.3
F0961,A,128076.0,24,0.919,0.028,2024,N02,29.52
F0962,C,32991.0,12,0.973,0.191,2025,N07,27.78
F0963,E,185891.0,12,1.0,0.145,2026,N38,28.34
F0964,C,61478.0,36,1.0,0.282,2025,N25,28.77
F0965,A,103318.0,12,0.98,0.111,2024,N37,28.46
F0966,B,227813.0,12,0.988,0.559,2025,N12,33.23
F0967,A,42901.0,36,0.782,0.595,2024,N36,29.76
F0968,A,28941.0,24,0.981,0.185,2024,N04,28.18
F0969,A,39006.0,12,0.919,0.558,2024,N15,30.32
F0970,D,203659.0,36,0.883,0.462,2025,N29,29.76
F0971,B,68908.0,24,0.983,0.085,2025,N18,29.39
F0972,D,360607.0,12,1.0,0.455,2024,N32,32.92
F0973,A,192113.0,12,0.891,0.216,2025,N01,29.93
F0974,C,380997.0,24,0.947,0.579,2024,N12,32.12
F0975,C,126816.0,36,0.901,0.67,2026,N04,29.3
F0976,B,425521.0,12,0.917,0.7,2025,N10,32.51
F0977,A,244947.0,12,0.999,0.579,2026,N26,29.71
F0978,E,10390.0,12,0.916,0.341,2024,N24,26.9
F0979,D,556301.0,24,0.929,0.537,2026,N08,32.38
F0980,D,288548.0,36,0.938,0.343,2024,N16,30.83
F0981,E,63623.0,12,0.862,0.682,2025,N38,30.99
F0982,E,24681.0,12,0.918,0.435,2026,N19,26.6
F0983,D,11406.0,12,0.974,0.488,2024,N07,27.41
F0984,C,123039.0,12,0.975,0.751,2024,N21,30.52
F0985,B,37497.0,24,0.935,0.766,2025,N31,30.06
F0986,D,26083.0,12,0.993,0.253,2025,N14,30.02
F0987,C,32118.0,36,1.0,0.473,2026,N13,28.48
F0988,D,14888.0,24,0.843,0.226,2024,N38,25.83
F0989,E,318531.0,36,0.925,0.488,2025,N36,34.14
F0990,B,36738.0,24,0.958,0.135,2025,N05,25.69
F0991,D,101224.0,12,0.978,0.133,2025,N40,29.42
F0992,B,125135.0,36,0.944,0.087,2024,N26,28.93
F0993,D,161101.0,12,0.993,0.387,2026,N09,30.86
F0994,D,85823.0,12,0.916,0.3,2025,N27,28.41
F0995,D,276766.0,24,0.989,0.367,2026,N01,30.73
F0996,B,50770.0,24,0.898,0.627,2025,N27,29.45
F0997,D,1307805.0,12,0.878,0.339,2024,N30,34.86
F0998,A,15692.0,36,1.0,0.169,2026,N35,27.18
F0999,C,237438.0,36,0.955,0.683,2024,N06,33.08
F1000,C,1408760.0,36,0.942,0.268,2025,N29,36.26
F1001,D,33002.0,12,0.87,0.468,2026,N29,28.44
F1002,E,565759.0,24,0.992,0.487,2026,N40,32.99
F1003,C,1185259.0,36,0.926,0.402,2025,N21,33.79
F1004,C,60469.0,36,0.978,0.273,2024,N10,31.19
F1005,D,647284.0,36,0.924,0.195,2026,N32,32.98
F1006,C,52777.0,36,0.921,0.353,2024,N24,29.95
F1007,A,149567.0,24,0.901,0.301,2025,N29,29.82
F1008,E,79945.0,12,0.91,0.485,2024,N22,30.01
F1009,B,32679.0,24,0.938,0.126,2024,N13,27.67
F1010,A,28209.0,36,0.941,0.607,2024,N23,29.26
F1011,A,52460.0,12,0.938,0.053,2024,N08,27.82
F1012,A,17417.0,24,0.913,0.129,2025,N10,26.47
F1013,D,129021.0,12,0.949,0.148,2024,N33,29.74
F1014,A,121752.0,36,0.967,0.598,2024,N18,30.83
F1015,E,388438.0,36,0.908,0.453,2026,N06,32.91
F1016,B,170709.0,12,0.961,0.293,2024,N28,27.74
F1017,D,85775.0,24,1.0,0.44,2026,N22,28.94
F1018,A,71127.0,24,0.811,0.565,2026,N31,28.8
F1019,C,1980798.0,24,0.981,0.641,2025,N17,34.66
F1020,C,16394.0,12,0.874,0.425,2026,N25,24.75
F1021,B,21313.0,36,1.0,0.39,2026,N26,26.02
F1022,B,1527696.0,12,0.948,0.652,2024,N25,33.39
F1023,E,378015.0,12,0.988,0.475,2026,N27,31.56
F1024,A,131024.0,36,0.907,0.169,2025,N10,29.67
F1025,B,200260.0,12,0.932,0.119,2024,N32,29.78
F1026,D,347406.0,12,0.857,0.359,2025,N18,30.7
F1027,A,18229.0,36,0.928,0.428,2024,N02,26.41
F1028,D,72706.0,24,0.951,0.052,2026,N40,26.46
F1029,D,249487.0,24,0.975,0.453,2026,N21,32.35
F1030,E,234918.0,12,0.903,0.737,2025,N17,30.81
F1031,D,401502.0,24,0.957,0.222,2026,N02,30.55
F1032,B,142828.0,24,0.911,0.39,2026,N10,31.65
F1033,B,69883.0,36,0.974,0.215,2024,N24,27.89
F1034,C,52142.0,36,0.987,0.099,2025,N19,28.33
F1035,C,226143.0,36,0.924,0.372,2024,N34,33.0
F1036,D,105613.0,36,0.925,0.055,2024,N40,29.58
F1037,E,191240.0,12,0.948,0.382,2024,N05,30.37
F1038,E,581856.0,36,0.843,0.705,2026,N26,34.02
F1039,B,478050.0,36,0.893,0.567,2025,N24,33.03
F1040,E,24169.0,24,0.952,0.583,2026,N18,27.98
F1041,D,439435.0,12,0.918,0.422,2025,N38,32.36
F1042,B,34474.0,24,0.999,0.947,2026,N31,31.67
F1043,D,15483.0,36,0.864,0.122,2024,N32,26.8
F1044,B,1384885.0,12,0.981,0.797,2025,N30,36.44
F1045,C,155637.0,12,0.905,0.451,2026,N06,30.76
F1046,B,54362.0,12,0.875,0.252,2026,N02,27.17
F1047,C,67601.0,12,0.952,0.45,2024,N22,30.23
F1048,B,330664.0,36,0.901,0.761,2026,N23,32.89
F1049,C,1242396.0,36,0.872,0.412,2024,N20,32.46
F1050,D,544546.0,12,0.961,0.56,2024,N07,32.28
F1051,A,86392.0,24,0.887,0.077,2024,N30,28.26
F1052,D,28305.0,12,0.885,0.3,2026,N31,27.53
F1053,A,98573.0,12,0.955,0.376,2024,N05,30.91
F1054,A,382947.0,36,0.902,0.097,2025,N07,31.8
F1055,D,207797.0,24,0.92,0.908,2026,N11,34.18
F1056,D,23475.0,24,1.0,0.294,2026,N20,26.14
F1057,E,131891.0,24,0.969,0.437,2025,N18,30.1
F1058,D,237572.0,24,0.934,0.362,2026,N21,29.88
F1059,B,37567.0,36,0.812,0.715,2025,N12,30.34
F1060,C,328521.0,36,0.93,0.349,2026,N39,33.61
F1061,E,659512.0,24,0.927,0.211,2025,N23,34.01
F1062,D,341939.0,24,0.957,0.345,2026,N27,32.78
F1063,B,41281.0,12,0.902,0.139,2024,N33,27.99
F1064,A,82094.0,24,1.0,0.371,2024,N11,31.09
F1065,C,105050.0,36,0.937,0.511,2026,N19,30.67
F1066,D,75331.0,36,0.923,0.728,2025,N20,31.98
F1067,A,320894.0,36,1.0,0.042,2026,N28,31.82
F1068,A,127178.0,24,0.96,0.541,2025,N21,30.23
F1069,C,114646.0,12,0.945,0.113,2026,N26,28.01
F1070,E,168534.0,36,0.911,0.332,2026,N27,31.85
F1071,D,67309.0,12,0.949,0.305,2026,N18,31.14
F1072,C,23055.0,24,0.92,0.386,2024,N39,28.98
F1073,D,130834.0,24,0.887,0.329,2026,N19,27.59
F1074,E,76327.0,24,0.973,0.423,2024,N10,31.62
F1075,B,252107.0,36,0.957,0.837,2024,N28,33.63
F1076,A,149485.0,12,0.968,0.637,2026,N38,30.92
F1077,A,83083.0,12,0.957,0.148,2024,N04,26.49
F1078,B,413083.0,12,0.936,0.374,2024,N02,33.78
F1079,A,111060.0,36,0.898,0.172,2024,N29,30.92
F1080,E,24610.0,12,0.949,0.311,2024,N15,27.08
F1081,B,720111.0,24,0.918,0.137,2026,N14,31.44
F1082,A,449634.0,24,1.0,0.422,2024,N37,32.81
F1083,D,109660.0,24,1.0,0.35,2025,N31,29.38
F1084,B,17304.0,12,0.857,0.078,2025,N18,25.76
F1085,D,34089.0,36,0.94,0.334,2024,N08,26.57
F1086,D,357179.0,36,0.917,0.671,2024,N28,32.97
F1087,D,102106.0,36,0.951,0.37,2024,N07,28.99
F1088,E,73703.0,36,1.0,0.467,2026,N33,31.13
F1089,C,192448.0,36,0.98,0.33,2025,N30,32.94
F1090,A,56088.0,36,0.841,0.393,2026,N30,29.59
F1091,D,61186.0,36,0.993,0.487,2025,N08,28.29
F1092,A,472887.0,12,0.911,0.527,2026,N01,32.55
F1093,B,208590.0,24,0.954,0.249,2025,N31,31.55
F1094,D,279258.0,24,0.906,0.646,2024,N19,31.54
F1095,B,228714.0,24,0.904,0.467,2026,N01,31.27
F1096,B,393294.0,24,0.907,0.743,2026,N07,32.97
F1097,D,305183.0,24,0.947,0.478,2025,N22,30.43
F1098,B,43991.0,36,1.0,0.523,2026,N20,30.58
F1099,E,90130.0,36,0.921,0.019,2026,N40,28.83
F1100,A,805336.0,12,0.919,0.264,2026,N31,32.54
F1101,B,140343.0,36,0.885,0.313,2024,N03,30.46
F1102,B,892098.0,24,0.925,0.547,2026,N40,33.35
F1103,E,79369.0,36,0.945,0.452,2026,N14,30.59
F1104,E,21993.0,36,0.909,0.681,2025,N02,28.72
F1105,E,127118.0,36,0.972,0.218,2025,N18,28.12
F1106,C,62909.0,24,0.91,0.389,2026,N02,29.31
F1107,D,50399.0,12,0.934,0.703,2025,N13,30.09
F1108,A,47095.0,36,1.0,0.625,2026,N29,30.98
F1109,E,10289.0,12,1.0,0.833,2024,N20,26.46
F1110,A,216132.0,12,1.0,0.287,2026,N09,31.61
F1111,A,95070.0,24,0.909,0.276,2025,N19,30.1
F1112,E,37944.0,24,0.92,0.761,2024,N38,29.77
F1113,B,16543.0,12,0.887,0.898,2025,N31,29.56
F1114,D,246748.0,36,0.896,0.216,2026,N18,31.49
F1115,B,115987.0,12,0.928,0.389,2024,N29,29.23
F1116,A,251147.0,36,0.994,0.23,2026,N26,30.7
F1117,D,176062.0,12,1.0,0.341,2025,N32,29.58
F1118,D,274395.0,24,0.908,0.373,2026,N40,32.06
F1119,B,107889.0,12,0.926,0.473,2025,N19,28.55
F1120,D,19874.0,36,0.988,0.458,2024,N20,29.29
F1121,C,135970.0,24,0.999,0.281,2024,N29,29.93
F1122,E,322098.0,12,0.956,0.281,2025,N39,31.35
F1123,C,20843.0,12,0.907,0.204,2026,N05,25.16
F1124,D,65540.0,12,0.955,0.39,2024,N14,30.4
F1125,C,613293.0,12,1.0,0.393,2024,N12,33.5
F1126,A,25647.0,12,1.0,0.138,2026,N17,27.73
F1127,A,542498.0,24,0.94,0.429,2025,N38,32.09
F1128,E,36411.0,12,0.882,0.597,2026,N09,28.29
F1129,A,15726.0,36,0.919,0.179,2026,N15,26.12
F1130,D,58513.0,36,0.86,0.873,2026,N32,29.44
F1131,D,51694.0,24,0.945,0.265,2024,N06,30.54
F1132,E,321423.0,36,0.925,0.705,2024,N28,33.51
F1133,B,8787.0,36,0.922,0.418,2025,N09,26.5
F1134,C,33791.0,36,0.968,0.5,2026,N24,27.36
F1135,D,33813.0,36,0.922,0.804,2026,N09,29.77
F1136,E,28333.0,12,0.993,0.335,2024,N20,29.91
F1137,C,111071.0,12,0.934,0.321,2025,N14,30.18
F1138,E,50961.0,12,0.95,0.219,2024,N06,27.89
F1139,A,95890.0,12,0.994,0.35,2025,N20,28.4
F1140,B,70704.0,36,0.877,0.641,2024,N10,32.22
F1141,D,341948.0,12,1.0,0.337,2024,N13,32.75
F1142,A,44122.0,24,0.933,0.36,2025,N11,28.54
F1143,E,98054.0,12,0.894,0.294,2026,N29,31.59
F1144,D,258751.0,12,0.961,0.709,2025,N40,30.65
F1145,A,174688.0,12,1.0,0.286,2026,N29,30.06
F1146,B,97027.0,36,0.92,0.426,2025,N07,28.37
F1147,A,254225.0,36,0.978,0.179,2024,N19,31.51
F1148,B,160624.0,12,1.0,0.384,2026,N15,30.92
F1149,A,166561.0,24,1.0,0.572,2025,N17,32.51
F1150,B,108677.0,12,0.961,0.285,2024,N07,28.68
F1151,D,320694.0,24,0.886,0.09,2025,N05,28.74
F1152,B,358730.0,36,0.922,0.392,2024,N23,33.61
F1153,D,51280.0,36,1.0,0.503,2026,N40,29.55
F1154,B,200782.0,12,0.879,0.379,2026,N06,29.61
F1155,C,174763.0,24,1.0,0.321,2024,N01,31.43
F1156,D,237081.0,36,0.955,0.266,2025,N10,32.56
F1157,C,45738.0,24,0.965,0.474,2025,N19,28.55
F1158,D,26290.0,24,0.951,0.584,2025,N18,29.88
F1159,E,85017.0,36,0.899,0.611,2026,N29,32.16
F1160,A,394197.0,24,1.0,0.534,2026,N39,32.86
F1161,B,33173.0,24,0.875,0.729,2024,N23,28.69
F1162,D,349098.0,12,0.933,0.347,2025,N19,30.14
F1163,B,113659.0,36,0.871,0.084,2026,N02,30.21
F1164,D,136595.0,24,0.958,0.768,2024,N30,32.61
F1165,D,138942.0,12,0.965,0.058,2024,N33,31.15
F1166,C,73888.0,12,0.811,0.373,2026,N24,28.32
F1167,A,84182.0,12,0.961,0.589,2025,N39,29.27
F1168,A,234159.0,12,0.932,0.389,2026,N24,29.73
F1169,D,677875.0,36,0.98,0.189,2024,N22,32.15
F1170,D,138798.0,36,0.94,0.661,2024,N21,30.62
F1171,B,186547.0,36,0.889,0.31,2024,N07,31.45
F1172,D,41702.0,36,0.94,0.32,2026,N16,27.24
F1173,A,96243.0,36,0.906,0.264,2024,N21,31.21
F1174,A,390755.0,36,0.978,0.802,2025,N15,34.55
F1175,C,412049.0,12,1.0,0.296,2024,N27,31.37
F1176,B,80922.0,12,1.0,0.3,2024,N27,29.51
F1177,A,105134.0,12,0.932,0.375,2026,N22,26.44
F1178,D,67104.0,24,0.893,0.083,2026,N24,28.13
F1179,C,40676.0,12,0.936,0.184,2025,N22,27.96
F1180,D,201867.0,24,1.0,0.793,2026,N13,31.48
F1181,C,67397.0,24,0.957,0.241,2026,N32,29.99
F1182,A,652922.0,12,0.999,0.483,2026,N17,32.04
F1183,E,8376.0,12,0.935,0.396,2025,N29,26.11
F1184,B,12911.0,24,0.941,0.635,2024,N06,27.27
F1185,A,23308.0,12,0.957,0.448,2025,N21,27.53
F1186,A,108223.0,24,0.984,0.348,2025,N06,31.93
F1187,D,82788.0,36,1.0,0.74,2026,N13,30.25
F1188,E,39557.0,24,1.0,0.35,2024,N03,28.73
F1189,B,2329.0,12,0.931,0.766,2024,N40,24.49
F1190,D,123123.0,24,0.96,0.244,2026,N29,29.8
F1191,D,14521.0,12,0.913,0.172,2024,N07,27.97
F1192,B,517737.0,36,0.988,0.402,2025,N26,31.71
F1193,B,116656.0,24,0.972,0.485,2026,N04,30.94
F1194,C,41377.0,12,0.929,0.632,2024,N40,29.95
F1195,A,72430.0,12,0.949,0.613,2024,N10,29.29
F1196,D,659977.0,12,0.923,0.65,2024,N15,34.36
F1197,E,65476.0,36,0.921,0.377,2024,N14,28.37
F1198,C,25554.0,36,1.0,0.598,2025,N32,28.91
F1199,A,4678.0,36,0.939,0.102,2024,N11,24.89
F1200,A,80048.0,36,0.905,0.277,2024,N36,28.65
F1201,A,39419.0,24,0.885,0.189,2025,N18,29.35
F1202,D,379799.0,36,0.9,0.281,2024,N26,32.72
F1203,B,116745.0,36,0.893,0.132,2024,N05,29.46
F1204,D,351097.0,24,0.982,0.26,2025,N13,29.68
F1205,A,58994.0,36,0.904,0.045,2025,N07,29.2
F1206,A,35823.0,36,0.951,0.486,2025,N30,28.32
F1207,A,302749.0,12,0.945,0.056,2024,N25,30.08
F1208,E,80908.0,36,0.967,0.182,2025,N35,30.09
F1209,A,41217.0,12,0.885,0.782,2026,N20,28.3
F1210,C,87463.0,24,0.908,0.328,2026,N15,27.82
F1211,A,326158.0,12,0.981,0.753,2025,N10,33.53
F1212,C,46161.0,12,0.973,0.613,2026,N18,30.05
F1213,C,998914.0,12,0.904,0.277,2025,N16,32.98
F1214,D,180721.0,36,1.0,0.434,2024,N32,29.1
F1215,C,23859.0,24,0.954,0.329,2026,N01,26.79
F1216,E,27058.0,24,0.935,0.334,2024,N16,23.74
F1217,E,92022.0,12,0.951,0.32,2024,N03,29.17
F1218,C,65738.0,36,0.89,0.188,2024,N16,28.95
F1219,C,63195.0,12,0.953,0.164,2026,N31,28.07
F1220,B,83696.0,12,0.947,0.497,2024,N24,28.22
F1221,D,135184.0,36,1.0,0.463,2024,N23,30.65
F1222,C,73410.0,24,0.922,0.306,2024,N05,27.2
F1223,E,52413.0,36,0.942,0.419,2026,N26,28.38
F1224,E,10479.0,36,0.856,0.551,2025,N28,26.61
F1225,A,692364.0,24,0.867,0.458,2024,N25,31.82
F1226,D,114628.0,24,0.93,0.684,2026,N12,33.74
F1227,B,193186.0,36,1.0,0.389,2026,N10,31.66
F1228,C,122668.0,36,0.913,0.386,2025,N16,31.93
F1229,B,450386.0,36,0.971,0.142,2024,N22,30.86
F1230,C,102536.0,36,0.941,0.211,2024,N29,27.68
F1231,C,434740.0,36,0.965,0.408,2024,N24,30.47
F1232,C,50803.0,12,0.995,0.395,2026,N20,27.83
F1233,B,75161.0,24,0.929,0.083,2025,N18,26.71
F1234,E,187630.0,12,0.954,0.226,2024,N36,30.36
F1235,B,200065.0,12,0.932,0.62,2024,N10,29.86
F1236,E,410195.0,24,0.843,0.533,2024,N27,34.33
F1237,A,50214.0,36,0.963,0.336,2024,N15,28.97
F1238,B,172711.0,36,0.945,0.575,2026,N17,31.47
F1239,A,53364.0,12,0.94,0.694,2025,N12,29.11
F1240,A,18388.0,12,0.984,0.226,2024,N32,27.78
F1241,E,318695.0,24,0.92,0.547,2025,N10,30.67
F1242,A,91128.0,24,1.0,0.228,2025,N04,30.4
F1243,B,30810.0,36,0.937,0.739,2025,N33,29.24
F1244,B,40314.0,12,0.897,0.432,2024,N30,28.49
F1245,C,183839.0,24,0.959,0.469,2024,N35,31.03
F1246,C,98545.0,36,1.0,0.319,2024,N21,29.56
F1247,D,86125.0,12,0.911,0.248,2025,N10,28.28
F1248,D,215126.0,24,0.949,0.354,2024,N38,32.04
F1249,E,94361.0,12,0.859,0.306,2026,N18,29.08
F1250,D,11628.0,24,1.0,0.189,2025,N05,24.84
F1251,B,262897.0,24,0.887,0.323,2025,N08,32.66
F1252,C,55199.0,24,0.886,0.44,2024,N07,30.11
F1253,B,63038.0,24,0.932,0.3,2026,N26,30.15
F1254,E,5640.0,24,0.9,0.407,2025,N19,24.03
F1255,B,2053.0,36,0.932,0.391,2026,N29,23.13
F1256,A,102030.0,12,0.882,0.203,2024,N08,29.05
F1257,B,55624.0,12,0.913,0.549,2026,N12,29.68
F1258,C,96328.0,12,0.949,0.438,2025,N36,31.78
F1259,E,134686.0,24,0.991,0.574,2024,N16,30.48
F1260,E,278939.0,24,0.895,0.256,2024,N39,30.89
F1261,D,468675.0,12,0.865,0.286,2026,N36,33.29
F1262,D,411224.0,24,0.915,0.356,2024,N28,30.4
F1263,E,30103.0,36,0.946,0.574,2026,N28,28.05
F1264,C,38451.0,36,0.927,0.359,2026,N26,29.9
F1265,E,112463.0,24,0.954,0.732,2026,N18,31.39
F1266,D,523614.0,24,0.912,0.251,2025,N32,31.69
F1267,A,372850.0,12,0.95,0.749,2025,N17,30.68
F1268,A,53339.0,12,0.996,0.102,2024,N09,28.13
F1269,A,24004.0,12,0.889,0.46,2024,N29,29.66
F1270,D,139137.0,36,0.93,0.117,2026,N17,30.93
F1271,C,79206.0,24,0.94,0.201,2025,N17,28.87
F1272,C,220988.0,12,0.918,0.672,2024,N09,32.23
F1273,C,255681.0,24,0.909,0.34,2026,N01,32.09
F1274,E,146645.0,24,0.816,0.022,2024,N13,28.82
F1275,A,34999.0,12,0.905,0.063,2025,N27,27.74
F1276,A,23740.0,36,0.94,0.911,2025,N27,30.08
F1277,E,72041.0,24,0.945,0.626,2025,N15,29.63
F1278,B,176723.0,36,1.0,0.778,2024,N06,33.49
F1279,C,92816.0,12,0.87,0.488,2025,N40,29.13
F1280,E,231019.0,36,0.85,0.24,2026,N03,32.82
F1281,B,62159.0,12,0.939,0.118,2025,N06,27.53
F1282,B,367662.0,12,0.915,0.179,2026,N10,33.33
F1283,A,152011.0,36,0.963,0.341,2024,N35,30.88
F1284,D,69353.0,12,0.9,0.403,2025,N04,29.11
F1285,E,42781.0,36,0.885,0.228,2026,N08,29.77
F1286,E,86050.0,36,0.931,0.619,2024,N02,29.54
F1287,D,112068.0,36,0.913,0.251,2025,N01,31.3
F1288,C,657177.0,12,0.985,0.376,2026,N12,33.23
F1289,C,113751.0,12,0.907,0.72,2026,N40,30.85
F1290,C,224658.0,12,0.92,0.309,2024,N19,29.94
F1291,D,8946.0,36,0.928,0.096,2026,N01,27.22
F1292,C,327622.0,12,0.887,0.233,2024,N01,32.41
F1293,D,93426.0,36,0.847,0.453,2024,N10,28.0
F1294,B,34461.0,24,0.934,0.513,2026,N04,30.32
F1295,E,6976.0,12,0.938,0.675,2025,N38,27.79
F1296,C,37442.0,12,0.897,0.697,2025,N09,28.45
F1297,C,697190.0,36,0.934,0.251,2024,N40,32.93
F1298,D,272395.0,36,0.882,0.447,2026,N32,32.08
F1299,E,261818.0,36,0.936,0.752,2026,N31,34.37
F1300,C,57803.0,24,0.904,0.665,2025,N13,30.78
F1301,E,211071.0,24,0.876,0.613,2024,N14,28.91
F1302,B,211043.0,36,0.967,0.472,2024,N17,31.63
F1303,C,151407.0,24,1.0,0.422,2026,N13,32.4
F1304,B,33833.0,36,0.941,0.732,2026,N34,30.96
F1305,A,49437.0,12,0.966,0.39,2024,N33,29.58
F1306,A,70300.0,36,1.0,0.644,2024,N30,31.33
F1307,C,3661306.0,36,0.962,0.46,2024,N28,37.8
F1308,A,9715.0,36,1.0,0.264,2024,N04,26.07
F1309,D,711588.0,12,0.932,0.529,2024,N27,32.35
F1310,E,527621.0,36,0.9,0.224,2024,N40,34.38
F1311,C,131110.0,36,1.0,0.729,2024,N30,31.21
F1312,B,265774.0,36,0.86,0.386,2024,N19,30.7
F1313,D,155652.0,12,0.87,0.162,2026,N32,28.4
F1314,D,195404.0,36,0.968,0.574,2025,N22,31.08
F1315,D,50174.0,12,0.95,0.13,2025,N21,26.29
F1316,D,9710.0,24,0.88,0.516,2026,N09,27.12
F1317,B,2464222.0,12,0.988,0.416,2026,N06,34.5
F1318,B,806513.0,36,0.942,0.284,2025,N27,31.27
F1319,B,19084.0,36,0.913,0.798,2025,N35,28.6
F1320,B,387952.0,12,0.943,0.286,2026,N18,31.79
F1321,E,62137.0,36,0.936,0.798,2024,N09,29.64
F1322,D,174373.0,12,0.905,0.193,2024,N30,29.74
F1323,C,29328.0,12,0.945,0.334,2025,N32,27.86
F1324,C,28216.0,36,0.9,0.249,2025,N10,28.14
F1325,C,925282.0,24,0.955,0.367,2025,N20,34.32
F1326,D,57888.0,12,1.0,0.47,2026,N11,32.03
F1327,D,90155.0,12,0.98,0.49,2026,N21,31.81
F1328,C,230890.0,12,0.958,0.437,2025,N20,32.56
F1329,B,583291.0,12,0.94,0.352,2026,N32,31.33
F1330,C,56271.0,12,1.0,0.301,2024,N13,27.43
F1331,C,208930.0,12,0.918,0.07,2024,N06,30.03
F1332,D,248805.0,12,0.877,0.346,2026,N38,33.03
F1333,A,49375.0,36,0.964,0.499,2026,N07,30.03
F1334,C,50307.0,36,0.931,0.704,2024,N34,28.73
F1335,D,208175.0,24,0.955,0.105,2026,N18,28.63
F1336,A,87032.0,12,0.907,0.668,2024,N25,29.78
F1337,D,654181.0,24,0.839,0.662,2025,N06,33.92
F1338,C,11785.0,24,0.942,0.245,2024,N17,25.71
F1339,D,186551.0,36,0.997,0.089,2024,N04,31.42
F1340,E,83639.0,12,0.87,0.432,2026,N07,31.19
F1341,E,19083.0,24,0.956,0.123,2026,N35,27.95
F1342,D,87824.0,24,0.98,0.356,2024,N35,31.07
F1343,C,18327.0,36,0.949,0.281,2024,N30,28.15
F1344,B,67147.0,36,1.0,0.264,2025,N23,29.06
F1345,C,366929.0,24,0.945,0.439,2026,N04,31.23
F1346,C,43238.0,24,0.854,0.11,2026,N39,27.31
F1347,B,206693.0,24,0.875,0.411,2024,N27,30.21
F1348,A,143106.0,36,0.869,0.049,2026,N03,28.42
F1349,B,55633.0,24,0.973,0.186,2025,N08,28.24
F1350,D,71926.0,12,0.938,0.275,2024,N20,27.7
F1351,D,129175.0,36,0.959,0.473,2024,N03,28.62
F1352,B,147228.0,36,0.921,0.348,2026,N38,29.51
F1353,B,55094.0,24,0.872,0.353,2025,N14,26.28
F1354,C,83258.0,12,0.946,0.403,2024,N20,27.59
F1355,C,252105.0,24,0.974,0.332,2026,N38,31.68
F1356,E,30629.0,36,0.985,0.164,2024,N09,25.97
F1357,D,24677.0,36,0.919,0.475,2026,N27,29.06
F1358,D,146043.0,12,1.0,0.52,2024,N16,30.46
F1359,B,174947.0,24,0.95,0.342,2024,N10,31.05
F1360,E,6455.0,24,0.933,0.522,2025,N17,25.32
F1361,A,114030.0,24,1.0,0.456,2026,N21,29.77
F1362,A,523532.0,36,0.946,0.183,2024,N26,31.44
F1363,D,270250.0,12,0.925,0.119,2024,N12,31.27
F1364,B,65673.0,24,0.973,0.85,2024,N35,31.06
F1365,D,157994.0,12,0.983,0.292,2025,N36,31.2
F1366,C,14364.0,12,0.944,0.217,2025,N29,26.69
F1367,E,214169.0,24,0.938,0.595,2026,N24,33.37
F1368,A,143489.0,36,0.855,0.388,2024,N15,30.32
F1369,A,282960.0,36,0.947,0.213,2025,N16,31.79
F1370,C,84188.0,36,0.86,0.312,2024,N19,31.13
F1371,E,223406.0,24,0.868,0.903,2026,N07,33.49
F1372,B,60236.0,12,0.938,0.368,2026,N13,26.9
F1373,E,366283.0,12,0.891,0.477,2025,N16,31.56
F1374,C,174250.0,12,0.89,0.438,2025,N33,30.75
F1375,A,12082.0,36,0.905,0.81,2025,N02,26.22
F1376,A,14174.0,24,0.923,0.551,2024,N21,27.79
F1377,C,191911.0,24,0.939,0.418,2026,N38,32.91
F1378,D,325935.0,36,0.884,0.529,2026,N04,32.07
F1379,A,462329.0,12,0.959,0.395,2025,N02,33.04
F1380,B,55564.0,24,0.984,0.294,2025,N27,29.39
F1381,C,131303.0,36,0.947,0.29,2026,N08,31.3
F1382,B,70742.0,24,0.917,0.522,2025,N08,28.59
F1383,E,46761.0,24,0.935,0.33,2026,N35,30.62
F1384,A,77041.0,12,0.968,0.242,2025,N20,28.67
F1385,C,447653.0,36,0.905,0.644,2026,N05,31.09
F1386,B,60253.0,36,0.94,0.078,2024,N29,29.02
F1387,E,868337.0,24,0.858,0.44,2025,N24,33.69
F1388,A,21852.0,12,0.933,0.364,2025,N20,26.17
F1389,C,69877.0,12,0.946,0.703,2024,N06,28.35
F1390,E,194769.0,36,1.0,0.411,2024,N29,30.96
F1391,B,192603.0,24,1.0,0.145,2026,N33,29.71
F1392,E,121558.0,12,1.0,0.409,2026,N22,29.02
F1393,E,14281.0,24,0.891,0.119,2024,N27,23.58
F1394,D,75588.0,24,0.906,0.251,2025,N04,27.38
F1395,B,562628.0,12,0.998,0.187,2024,N31,30.91
F1396,A,228667.0,36,0.952,0.585,2024,N29,32.52
F1397,D,195494.0,24,0.906,0.406,2024,N40,31.49
F1398,B,174899.0,36,0.848,0.653,2026,N30,32.32
F1399,D,93819.0,12,0.967,0.377,2026,N26,30.33
F1400,E,100230.0,12,0.922,0.33,2026,N36,28.39
F1401,C,52416.0,36,0.888,0.362,2025,N40,28.54
F1402,E,533297.0,24,0.966,0.357,2025,N15,33.31
F1403,B,177009.0,12,0.95,0.183,2025,N22,29.28
F1404,A,165901.0,12,0.976,0.51,2026,N08,31.08
F1405,D,126549.0,36,0.965,0.207,2025,N27,29.18
F1406,C,78061.0,12,0.918,0.48,2026,N25,31.2
F1407,D,18588.0,12,0.885,0.141,2024,N13,26.9
F1408,D,101402.0,36,0.978,0.322,2026,N12,30.2
F1409,D,46147.0,24,0.997,0.108,2026,N14,29.04
F1410,C,53243.0,24,0.947,0.47,2024,N21,26.35
F1411,A,131189.0,36,0.924,0.462,2025,N09,30.17
F1412,B,497043.0,36,0.976,0.506,2024,N21,32.23
F1413,B,30501.0,24,0.959,0.138,2026,N12,27.8
F1414,B,104730.0,24,0.982,0.173,2024,N18,28.77
F1415,A,699167.0,24,0.919,0.537,2024,N09,34.02
F1416,D,23574.0,36,0.939,0.193,2026,N11,26.41
F1417,E,195113.0,24,0.883,0.63,2025,N30,31.18
F1418,B,61027.0,36,0.882,0.521,2025,N17,29.74
F1419,C,251692.0,36,0.895,0.745,2026,N12,35.32
F1420,D,686758.0,12,0.945,0.218,2026,N04,31.12
F1421,E,95858.0,36,0.964,0.388,2024,N04,30.46
F1422,A,337250.0,12,1.0,0.29,2025,N11,29.45
F1423,E,152456.0,12,0.91,0.573,2024,N31,32.28
F1424,C,1023342.0,12,0.909,0.122,2024,N23,32.83
F1425,C,1794.0,36,0.996,0.85,2026,N31,26.63
F1426,E,35785.0,24,0.865,0.372,2025,N40,28.06
F1427,E,92258.0,24,0.89,0.259,2024,N09,29.46
F1428,A,119465.0,36,0.955,0.317,2026,N37,29.12
F1429,E,778071.0,24,0.95,0.517,2026,N39,31.04
F1430,A,409369.0,36,0.893,0.61,2024,N38,31.7
F1431,C,67948.0,36,1.0,0.525,2026,N21,31.03
F1432,D,19070.0,36,1.0,0.107,2025,N30,27.08
F1433,A,426177.0,12,0.89,0.406,2026,N22,32.82
F1434,A,146732.0,24,0.902,0.315,2024,N16,31.14
F1435,C,77297.0,36,0.868,0.664,2024,N21,30.28
F1436,C,297852.0,12,0.949,0.269,2026,N15,31.33
F1437,E,906903.0,36,0.929,0.676,2024,N21,33.69
F1438,A,162806.0,24,0.919,0.178,2024,N20,32.0
F1439,B,588039.0,12,1.0,0.562,2024,N32,35.62
F1440,C,12528.0,24,0.949,0.548,2024,N38,28.28
F1441,C,302082.0,36,0.869,0.362,2026,N24,31.24
F1442,C,1790131.0,12,0.899,0.483,2026,N19,34.83
F1443,E,467222.0,36,0.947,0.44,2025,N33,33.58
F1444,A,53571.0,36,0.937,0.634,2025,N05,28.48
F1445,E,28318.0,12,0.974,0.54,2026,N40,28.21
F1446,B,170868.0,36,0.959,0.393,2024,N33,29.16
F1447,A,39318.0,12,1.0,0.228,2025,N03,27.38
F1448,C,58072.0,36,1.0,0.823,2024,N32,32.98
F1449,C,13362.0,36,0.997,0.321,2024,N24,25.47
F1450,C,32667.0,36,1.0,0.581,2026,N14,29.97
F1451,C,209098.0,12,0.874,0.479,2024,N20,31.74
F1452,B,42351.0,24,0.928,0.267,2024,N32,26.78
F1453,D,38843.0,12,0.968,0.503,2024,N35,30.52
F1454,D,21326.0,24,1.0,0.411,2024,N04,27.37
F1455,E,87038.0,24,0.898,0.823,2025,N30,31.06
F1456,D,157122.0,12,1.0,0.361,2024,N21,31.53
F1457,E,116388.0,12,0.891,0.591,2024,N07,31.51
F1458,A,3441.0,12,0.945,0.393,2026,N35,23.71
F1459,D,102035.0,36,1.0,0.353,2024,N07,30.55
F1460,E,32699.0,24,0.92,0.623,2024,N29,29.56
F1461,C,89072.0,36,0.959,0.605,2025,N09,29.71
F1462,B,27028.0,36,0.875,0.329,2024,N04,28.06
F1463,D,390197.0,12,0.951,0.172,2025,N29,30.27
F1464,D,986080.0,36,0.974,0.278,2026,N21,35.3
F1465,C,302318.0,36,0.957,0.341,2024,N29,35.11
F1466,E,817742.0,12,0.945,0.456,2024,N21,32.75
F1467,A,135068.0,24,0.913,0.145,2025,N28,27.88
F1468,D,73250.0,24,0.873,0.419,2024,N11,29.84
F1469,B,8847.0,12,0.951,0.196,2026,N32,26.21
F1470,C,46871.0,24,0.897,0.319,2026,N18,26.63
F1471,E,59577.0,24,0.929,0.479,2024,N40,29.76
F1472,D,660077.0,12,0.909,0.31,2024,N24,32.32
F1473,A,32382.0,36,0.992,0.659,2025,N21,29.15
F1474,B,111136.0,36,0.988,0.445,2024,N21,30.47
F1475,C,219483.0,24,1.0,0.268,2025,N13,33.27
F1476,A,109446.0,24,0.961,0.687,2026,N36,30.82
F1477,A,100093.0,36,0.873,0.129,2024,N04,28.71
F1478,D,361184.0,36,0.93,0.182,2024,N33,32.34
F1479,E,36206.0,12,0.908,0.138,2025,N18,28.64
F1480,B,105653.0,24,0.862,0.402,2025,N15,30.6
F1481,C,134720.0,12,0.93,0.771,2026,N02,32.5
F1482,E,698557.0,36,0.881,0.436,2025,N40,33.6
F1483,A,531255.0,12,1.0,0.648,2025,N12,33.59
F1484,A,203019.0,12,1.0,0.622,2026,N31,31.08
F1485,B,286489.0,36,0.907,0.438,2026,N33,30.39
F1486,D,8285.0,24,0.968,0.245,2024,N17,24.94
F1487,B,146758.0,12,0.93,0.667,2025,N14,31.53
F1488,C,54174.0,36,0.945,0.683,2025,N05,32.08
F1489,A,16316.0,12,0.94,0.351,2025,N23,25.84
F1490,A,224072.0,12,0.96,0.462,2024,N25,33.6
F1491,D,61916.0,36,0.929,0.157,2024,N17,29.68
F1492,C,44136.0,24,0.975,0.407,2024,N01,29.42
F1493,B,12493.0,36,0.839,0.184,2025,N11,26.87
F1494,E,121265.0,36,0.896,0.322,2024,N01,30.01
F1495,D,432846.0,24,1.0,0.289,2024,N15,34.1
F1496,E,120252.0,36,0.948,0.425,2026,N10,30.18
F1497,B,238392.0,12,0.949,0.294,2024,N29,32.46
F1498,D,324581.0,36,0.947,0.525,2024,N35,32.75
F1499,E,96694.0,36,0.869,0.495,2024,N07,31.7
F1500,D,62614.0,12,0.905,0.187,2024,N38,27.39
F1501,C,46990.0,12,0.978,0.452,2025,N33,29.71
F1502,E,68657.0,12,0.957,0.353,2026,N17,29.78
F1503,C,50761.0,36,0.86,0.48,2024,N06,30.55
F1504,E,106071.0,12,1.0,0.563,2024,N31,30.75
F1505,C,54617.0,24,1.0,0.892,2024,N07,30.12
F1506,C,364691.0,24,0.891,0.501,2026,N20,30.78
F1507,C,34089.0,24,0.964,0.409,2025,N30,30.46
F1508,A,666228.0,12,0.872,0.169,2026,N31,31.73
F1509,B,56125.0,24,0.873,0.288,2025,N11,27.69
F1510,D,55846.0,24,0.846,0.138,2025,N32,28.7
F1511,A,217688.0,36,1.0,0.037,2026,N32,30.59
F1512,A,40777.0,24,1.0,0.296,2026,N02,28.28
F1513,B,10291.0,12,1.0,0.285,2025,N03,26.21
F1514,A,264385.0,12,0.854,0.617,2024,N03,31.23
F1515,E,539981.0,24,0.974,0.074,2026,N15,31.44
F1516,C,9643.0,36,0.893,0.151,2025,N30,25.81
F1517,B,181895.0,36,1.0,0.535,2025,N30,31.99
F1518,D,49839.0,24,1.0,0.504,2024,N09,26.24
F1519,D,74701.0,24,0.995,0.049,2025,N09,26.84
F1520,A,637520.0,12,1.0,0.629,2024,N10,33.59
F1521,C,19094.0,12,0.982,0.073,2024,N39,27.32
F1522,D,52150.0,36,0.971,0.763,2024,N08,28.78
F1523,C,434733.0,36,0.927,0.421,2026,N22,30.05
F1524,D,129289.0,24,0.939,0.077,2024,N29,30.15
F1525,A,167647.0,12,0.956,0.587,2025,N28,31.7
F1526,E,43957.0,24,0.917,0.359,2024,N23,27.22
F1527,D,37289.0,36,0.878,0.203,2026,N35,28.3
F1528,C,38446.0,24,0.958,0.364,2026,N15,29.98
F1529,E,126332.0,36,0.882,0.827,2025,N20,34.17
F1530,E,57266.0,36,1.0,0.171,2026,N19,29.47
F1531,D,161279.0,24,1.0,0.681,2025,N31,31.29
F1532,B,2235041.0,24,0.989,0.601,2024,N13,35.61
F1533,B,11537.0,12,0.934,0.282,2024,N05,26.1
F1534,C,132022.0,24,0.974,0.485,2025,N11,30.23
F1535,D,85673.0,36,0.969,0.155,2026,N02,29.86
F1536,B,26879.0,24,1.0,0.225,2025,N37,27.5
F1537,B,119508.0,12,0.848,0.324,2024,N30,29.92
F1538,B,32901.0,12,1.0,0.135,2025,N18,28.12
F1539,C,18802.0,24,0.993,0.394,2025,N29,27.09
F1540,B,95390.0,12,0.976,0.452,2026,N37,29.44
F1541,C,625012.0,24,0.92,0.509,2025,N13,34.53
F1542,E,73498.0,12,0.896,0.438,2024,N22,28.16
F1543,C,156720.0,24,0.978,0.684,2025,N07,32.21
F1544,E,42653.0,12,0.921,0.149,2025,N11,26.01
F1545,A,38636.0,36,0.826,0.768,2026,N32,28.35
F1546,C,16371.0,24,0.894,0.258,2026,N10,27.12
F1547,C,91923.0,36,0.932,0.516,2024,N26,30.42
F1548,A,164404.0,24,0.859,0.095,2024,N36,28.39
F1549,A,11693.0,36,0.87,0.089,2024,N09,25.82
F1550,B,9419.0,24,0.969,0.447,2024,N29,26.22
F1551,C,170040.0,36,0.897,0.408,2024,N20,32.69
F1552,A,40387.0,12,0.93,0.491,2025,N01,29.45
F1553,A,13599.0,12,0.98,0.698,2026,N14,26.51
F1554,B,198623.0,36,0.91,0.483,2024,N20,32.27
F1555,C,69278.0,12,0.933,0.136,2026,N14,28.74
F1556,C,55045.0,12,1.0,0.589,2025,N28,29.26
F1557,E,88216.0,12,1.0,0.458,2025,N29,28.52
F1558,B,40928.0,36,0.83,0.514,2024,N31,28.75
F1559,A,2663374.0,12,0.969,0.284,2024,N02,35.31
F1560,C,6820.0,24,1.0,0.036,2026,N27,24.48
F1561,A,48829.0,36,0.938,0.268,2024,N37,29.44
F1562,E,177286.0,36,0.938,0.461,2024,N24,29.52
F1563,A,143853.0,24,0.904,0.443,2025,N28,31.31
F1564,C,21601.0,36,1.0,0.481,2026,N18,28.69
F1565,A,60282.0,24,0.924,0.535,2026,N18,27.81
F1566,C,80499.0,24,1.0,0.78,2024,N15,30.65
F1567,E,464486.0,36,0.99,0.384,2024,N33,30.84
F1568,C,638715.0,36,0.887,0.845,2024,N30,34.34
F1569,C,661300.0,12,0.961,0.042,2026,N28,31.53
F1570,B,116548.0,36,0.903,0.42,2024,N31,30.7
F1571,B,489662.0,24,0.973,0.668,2026,N01,30.37
F1572,C,190265.0,12,0.912,0.777,2024,N11,32.81
F1573,B,73451.0,36,0.895,0.165,2026,N20,28.62
F1574,A,67236.0,24,1.0,0.722,2025,N31,30.89
F1575,E,227535.0,36,0.956,0.365,2024,N11,31.22
F1576,A,147083.0,36,0.956,0.81,2025,N29,31.4
F1577,C,52469.0,24,0.985,0.499,2025,N16,29.13
F1578,C,32506.0,12,0.981,0.179,2026,N31,26.25
F1579,A,31623.0,36,0.946,0.086,2025,N21,26.7
F1580,D,533324.0,24,0.942,0.581,2025,N25,33.59
F1581,E,74020.0,36,0.947,0.246,2025,N05,30.59
F1582,A,115470.0,12,0.957,0.477,2024,N30,27.35
F1583,C,586083.0,12,0.952,0.535,2025,N12,34.47
F1584,C,638583.0,12,1.0,0.524,2026,N19,34.18
F1585,E,290038.0,36,0.942,0.209,2026,N40,31.88
F1586,A,171176.0,36,0.938,0.097,2025,N21,28.04
F1587,D,58943.0,12,1.0,0.68,2024,N28,30.48
F1588,B,108335.0,12,0.906,0.045,2026,N31,27.14
F1589,E,136560.0,12,0.968,0.657,2026,N33,30.84
F1590,D,232691.0,24,0.857,0.139,2025,N40,33.06
F1591,B,49102.0,24,0.837,0.194,2026,N04,29.15
F1592,D,267372.0,24,0.893,0.066,2025,N18,30.06
F1593,C,346435.0,36,0.96,0.544,2026,N01,32.06
F1594,C,156753.0,24,0.941,0.32,2025,N28,28.21
F1595,E,19370.0,36,1.0,0.804,2024,N11,28.04
F1596,E,11007.0,12,0.946,0.527,2024,N14,25.04
F1597,D,228883.0,36,0.981,0.362,2025,N33,31.93
F1598,E,12633.0,12,0.933,0.175,2025,N07,27.89
F1599,C,126619.0,12,0.916,0.698,2026,N30,31.38
F1600,B,2997765.0,24,0.922,0.523,2026,N35,35.35
F1601,D,85625.0,36,0.906,0.616,2026,N31,29.5
F1602,E,19961.0,12,0.98,0.556,2025,N15,30.0
F1603,C,286843.0,12,0.894,0.747,2026,N19,33.3
F1604,B,58540.0,36,0.92,0.453,2026,N17,29.03
F1605,E,89844.0,12,0.928,0.427,2026,N05,30.46
F1606,E,12817.0,36,0.893,0.223,2025,N02,25.78
F1607,A,45749.0,24,1.0,0.664,2025,N09,30.05
F1608,C,505747.0,36,1.0,0.096,2024,N30,32.14
F1609,E,72026.0,12,0.953,0.314,2026,N33,28.63
F1610,E,42342.0,12,0.981,0.707,2025,N06,27.34
F1611,B,93143.0,24,0.849,0.273,2024,N08,30.5
F1612,B,122138.0,36,0.934,0.194,2025,N13,30.7
F1613,E,305952.0,12,1.0,0.365,2024,N37,31.7
F1614,E,215812.0,24,0.942,0.185,2026,N10,30.49
F1615,D,302387.0,36,0.889,0.174,2024,N20,31.4
F1616,B,20884.0,12,0.89,0.635,2026,N02,29.3
F1617,D,63947.0,36,0.99,0.681,2024,N03,31.68
F1618,D,9582.0,24,0.901,0.824,2025,N21,26.76
F1619,D,589816.0,36,0.989,0.481,2024,N23,32.89
F1620,D,46801.0,12,0.862,0.218,2025,N40,25.32
F1621,C,60794.0,24,0.963,0.799,2026,N29,32.98
F1622,E,824277.0,12,0.971,0.323,2024,N18,31.82
F1623,A,271322.0,12,0.952,0.063,2025,N31,32.03
F1624,D,65822.0,24,0.938,0.562,2025,N20,31.47
F1625,A,70868.0,12,0.974,0.849,2026,N19,30.84
F1626,C,58615.0,24,0.918,0.32,2024,N17,28.28
F1627,E,265609.0,12,0.953,0.059,2025,N17,31.6
F1628,A,3467643.0,24,0.952,0.165,2026,N16,36.58
F1629,B,18275.0,36,0.961,0.419,2024,N21,27.41
F1630,D,549328.0,36,0.907,0.511,2025,N14,32.02
F1631,B,429070.0,24,0.99,0.502,2024,N40,31.48
F1632,C,55486.0,24,0.848,0.202,2024,N04,28.07
F1633,D,142122.0,36,0.886,0.693,2024,N31,32.95
F1634,A,134838.0,24,0.959,0.479,2025,N32,28.94
F1635,D,41599.0,24,0.931,0.393,2026,N29,27.22
F1636,D,46939.0,12,0.874,0.305,2025,N33,28.96
F1637,E,556936.0,12,0.942,0.508,2026,N31,33.76
F1638,B,171774.0,24,0.883,0.393,2024,N06,32.36
F1639,D,63120.0,36,0.913,0.643,2024,N28,30.63
F1640,D,35248.0,36,0.972,0.135,2026,N21,27.34
F1641,C,89994.0,36,0.982,0.65,2026,N14,30.66
F1642,C,107781.0,12,0.977,0.361,2025,N10,27.91
F1643,C,274997.0,24,0.888,0.532,2026,N40,32.27
F1644,D,654329.0,36,0.929,0.211,2024,N11,32.12
F1645,D,107881.0,24,1.0,0.743,2024,N37,35.11
F1646,D,35338.0,24,0.908,0.661,2025,N22,30.76
F1647,A,161582.0,12,1.0,0.36,2024,N32,29.34
F1648,E,125071.0,12,0.922,0.185,2024,N27,27.15
F1649,A,53372.0,12,0.924,0.367,2026,N22,30.48
F1650,E,244281.0,12,0.895,0.286,2024,N40,31.49
F1651,D,92749.0,36,0.91,0.492,2026,N03,29.62
F1652,A,155797.0,24,0.921,0.41,2024,N13,29.13
F1653,A,103653.0,12,0.891,0.47,2025,N36,29.65
F1654,D,179731.0,24,0.918,0.563,2024,N15,31.04
F1655,C,211010.0,24,1.0,0.623,2024,N29,31.93
F1656,E,32250.0,36,0.884,0.382,2024,N28,27.99
F1657,A,307875.0,36,0.872,0.456,2025,N26,31.06
F1658,A,107583.0,12,0.841,0.223,2026,N18,26.12
F1659,C,14243.0,12,0.825,0.405,2024,N15,27.39
F1660,D,70187.0,36,0.985,0.509,2024,N15,32.48
F1661,C,455630.0,12,0.979,0.204,2026,N35,33.24
F1662,B,580814.0,12,0.982,0.444,2024,N11,33.49
F1663,B,49715.0,36,0.972,0.14,2024,N13,30.2
F1664,C,147834.0,24,1.0,0.629,2025,N07,26.71
F1665,B,22826.0,24,0.976,0.462,2026,N15,29.5
F1666,A,183643.0,12,0.986,0.21,2026,N09,30.43
F1667,A,7341.0,24,1.0,0.342,2024,N07,27.65
F1668,D,13780.0,36,1.0,0.882,2025,N11,28.04
F1669,D,172263.0,12,0.994,0.512,2026,N30,31.09
F1670,E,189794.0,24,0.979,0.31,2024,N34,29.3
F1671,B,48444.0,24,0.903,0.609,2025,N36,28.95
F1672,D,188175.0,24,0.916,0.469,2024,N38,31.75
F1673,C,679374.0,24,0.971,0.365,2026,N01,33.28
F1674,D,88290.0,24,1.0,0.239,2026,N35,28.96
F1675,E,212976.0,24,0.857,0.346,2026,N16,31.97
F1676,E,39925.0,36,1.0,0.342,2024,N32,28.03
F1677,A,21934.0,12,0.968,0.316,2024,N04,26.0
F1678,C,870697.0,12,1.0,0.267,2025,N02,32.43
F1679,A,123808.0,12,0.911,0.475,2026,N27,29.21
F1680,B,49182.0,24,0.931,0.58,2025,N18,28.29
F1681,C,13271.0,24,0.909,0.739,2025,N33,27.42
F1682,C,215472.0,24,0.964,0.503,2024,N20,32.62
F1683,B,299735.0,24,0.92,0.104,2025,N21,31.66
F1684,E,551888.0,12,0.874,0.161,2025,N08,31.52
F1685,A,80642.0,12,0.935,0.526,2026,N36,28.7
F1686,B,312383.0,24,0.942,0.119,2024,N01,32.59
F1687,E,109589.0,24,0.958,0.733,2024,N19,30.6
F1688,C,35361.0,24,0.917,0.604,2025,N37,29.03
F1689,D,98400.0,36,0.956,0.83,2026,N38,31.13
F1690,E,51482.0,24,0.974,0.138,2026,N02,30.44
F1691,A,35648.0,36,1.0,0.837,2026,N22,31.14
F1692,A,48610.0,36,0.95,0.14,2024,N24,28.83
F1693,B,291481.0,24,0.928,0.503,2026,N18,31.16
F1694,A,110456.0,24,0.957,0.09,2024,N02,28.98
F1695,A,42306.0,12,0.876,0.139,2025,N08,27.39
F1696,B,86084.0,24,0.843,0.721,2024,N09,32.46
F1697,E,86465.0,12,0.971,0.43,2025,N22,28.19
F1698,E,89479.0,24,0.97,0.343,2024,N02,30.06
F1699,D,127907.0,24,0.942,0.125,2026,N30,31.2
F1700,A,42307.0,36,0.871,0.607,2026,N01,30.27
F1701,E,561141.0,24,0.996,0.421,2024,N17,33.05
F1702,C,26721.0,36,0.904,0.172,2024,N05,27.96
F1703,D,51009.0,12,1.0,0.19,2025,N39,29.97
F1704,D,19980.0,12,0.983,0.346,2025,N06,28.48
F1705,E,64620.0,36,0.952,0.424,2026,N38,31.3
F1706,A,54890.0,12,0.975,0.16,2026,N05,30.39
F1707,B,134670.0,12,0.93,0.08,2026,N40,29.11
F1708,E,17838.0,24,0.929,0.559,2026,N30,25.42
F1709,D,136161.0,24,0.933,0.753,2025,N34,32.64
F1710,D,14130.0,12,0.913,0.299,2024,N29,27.72
F1711,D,470698.0,12,0.912,0.222,2025,N26,30.86
F1712,A,55171.0,12,0.908,0.35,2026,N26,28.28
F1713,B,454182.0,12,0.946,0.463,2024,N29,31.82
F1714,C,659124.0,24,0.8,0.633,2026,N30,33.2
F1715,B,26825.0,24,0.875,0.087,2025,N25,27.64
F1716,C,1199088.0,36,0.921,0.464,2025,N20,35.91
F1717,D,112574.0,24,0.972,0.3,2024,N39,30.94
F1718,D,7435.0,24,0.923,0.135,2025,N35,24.84
F1719,B,140804.0,24,0.945,0.679,2026,N31,31.19
F1720,A,135232.0,24,0.837,0.534,2024,N19,30.34
F1721,C,851276.0,12,0.99,0.543,2026,N13,34.01
F1722,B,10727.0,12,0.931,0.277,2026,N06,29.19
F1723,C,2556.0,36,0.902,0.606,2025,N10,24.94
F1724,A,91118.0,36,0.935,0.391,2024,N28,30.21
F1725,B,55087.0,36,0.995,0.531,2025,N18,29.98
F1726,C,31191.0,24,0.972,0.607,2025,N09,28.31
F1727,D,98483.0,36,0.981,0.618,2025,N02,32.56
F1728,A,860699.0,12,0.996,0.403,2025,N20,33.48
F1729,C,94166.0,36,0.912,0.714,2025,N22,30.57
F1730,E,303563.0,12,0.994,0.258,2024,N03,31.5
F1731,A,41588.0,12,0.839,0.339,2024,N04,26.71
F1732,B,19888.0,12,0.897,0.066,2024,N17,26.19
F1733,E,57150.0,12,0.974,0.429,2025,N14,29.16
F1734,A,937630.0,36,0.984,0.124,2024,N30,32.37
F1735,C,516515.0,12,0.893,0.291,2026,N23,31.71
F1736,B,261172.0,36,0.955,0.83,2026,N14,34.53
F1737,C,67625.0,36,0.989,0.707,2026,N18,29.13
F1738,C,156089.0,12,0.937,0.79,2026,N08,30.85
F1739,B,212720.0,24,0.959,0.31,2024,N14,31.48
F1740,B,16015.0,24,0.962,0.259,2025,N20,26.56
F1741,D,71013.0,12,1.0,0.4,2026,N17,29.48
F1742,A,1052434.0,24,0.912,0.48,2024,N02,32.82
F1743,D,19340.0,12,0.879,0.342,2025,N27,25.89
F1744,D,132882.0,36,1.0,0.153,2026,N01,30.19
F1745,E,55545.0,24,0.966,0.357,2024,N06,28.17
F1746,C,66016.0,12,0.849,0.45,2024,N07,29.94
F1747,E,328572.0,12,0.952,0.504,2024,N28,29.84
F1748,A,37654.0,36,0.883,0.388,2025,N04,30.71
F1749,B,257620.0,24,0.832,0.394,2026,N39,32.08
F1750,D,96097.0,36,1.0,0.452,2025,N08,30.22
F1751,B,382709.0,24,0.947,0.175,2026,N23,32.09
F1752,A,35563.0,12,1.0,0.514,2026,N08,29.43
F1753,D,422308.0,24,0.854,0.482,2024,N19,33.85
F1754,D,97679.0,24,0.954,0.393,2026,N30,29.79
F1755,D,51924.0,24,0.923,0.091,2024,N06,27.11
F1756,E,40802.0,36,0.934,0.101,2026,N39,28.35
F1757,D,8592.0,24,1.0,0.126,2026,N20,25.76
F1758,B,325718.0,12,0.901,0.393,2024,N16,31.39
F1759,D,38553.0,12,0.837,0.441,2025,N12,27.96
F1760,A,427278.0,36,0.986,0.653,2026,N15,32.1
F1761,C,1691291.0,24,0.872,0.558,2024,N14,35.75
F1762,C,13508.0,12,0.997,0.387,2026,N05,27.39
F1763,B,138656.0,36,0.995,0.359,2025,N14,30.28
F1764,C,40704.0,24,0.864,0.319,2025,N36,29.81
F1765,E,109580.0,36,0.97,0.348,2025,N24,30.38
F1766,B,166844.0,24,0.953,0.383,2026,N36,28.81
F1767,C,20853.0,24,0.827,0.288,2025,N13,28.01
F1768,B,339240.0,36,0.873,0.208,2025,N36,31.44
F1769,C,76651.0,24,0.939,0.637,2026,N38,29.29
F1770,A,707905.0,24,0.952,0.287,2025,N35,32.52
F1771,B,98851.0,12,0.936,0.366,2025,N17,29.92
F1772,E,123145.0,36,0.984,0.671,2024,N18,33.25
F1773,D,100447.0,12,0.872,0.355,2024,N09,29.34
F1774,A,3043830.0,36,0.957,0.42,2024,N01,34.05
F1775,E,54244.0,36,0.941,0.312,2026,N22,29.27
F1776,C,5404.0,24,0.882,0.602,2025,N33,25.46
F1777,C,315965.0,12,0.895,0.147,2026,N23,30.76
F1778,B,109205.0,36,0.963,0.662,2024,N31,27.63
F1779,E,280754.0,24,0.979,0.483,2024,N30,30.82
F1780,D,420850.0,36,0.959,0.183,2024,N04,31.94
F1781,C,630182.0,24,0.975,0.595,2024,N40,33.47
F1782,B,133300.0,36,1.0,0.586,2024,N04,29.68
F1783,E,173375.0,24,0.947,0.348,2024,N28,31.11
F1784,A,389242.0,12,0.921,0.644,2024,N10,31.47
F1785,C,546130.0,24,0.84,0.11,2026,N06,30.02
F1786,C,18590.0,36,1.0,0.377,2025,N33,27.88
F1787,A,1014050.0,24,0.919,0.683,2024,N09,34.44
F1788,B,25594.0,12,0.956,0.678,2026,N12,27.79
F1789,A,130572.0,24,0.938,0.325,2026,N02,30.9
F1790,D,413310.0,24,0.927,0.609,2024,N19,32.99
F1791,A,54023.0,24,0.921,0.546,2025,N17,30.96
F1792,B,53517.0,12,0.931,0.294,2024,N25,27.44
F1793,E,639479.0,24,0.943,0.732,2026,N40,33.68
F1794,E,615316.0,24,0.946,0.468,2025,N30,31.23
F1795,B,17635.0,24,0.848,0.138,2026,N37,26.66
F1796,C,93849.0,12,0.99,0.45,2025,N28,31.86
F1797,B,162584.0,24,0.902,0.354,2025,N29,30.45
F1798,C,591277.0,24,0.947,0.614,2025,N12,32.99
F1799,D,168107.0,36,0.936,0.115,2026,N12,29.89
F1800,C,315087.0,24,1.0,0.039,2026,N08,32.7
F1801,E,175265.0,12,0.945,0.29,2025,N15,32.01
F1802,C,270199.0,36,0.945,0.183,2025,N40,31.71
F1803,A,2520342.0,36,0.856,0.799,2025,N20,36.81
F1804,C,229389.0,24,0.928,0.148,2024,N28,31.45
F1805,B,188069.0,12,0.988,0.421,2024,N34,30.71
F1806,C,16607.0,36,0.932,0.519,2024,N19,27.78
F1807,A,28945.0,24,1.0,0.579,2026,N03,28.51
F1808,A,18840.0,36,0.941,0.483,2025,N38,26.13
F1809,B,95470.0,24,0.998,0.943,2024,N31,33.5
F1810,D,68347.0,12,1.0,0.322,2026,N32,27.36
F1811,C,40969.0,24,0.984,0.462,2024,N33,28.72
F1812,B,232166.0,36,0.899,0.529,2024,N22,33.12
F1813,E,15298.0,24,1.0,0.741,2026,N15,27.62
F1814,B,126473.0,24,0.958,0.061,2026,N24,29.43
F1815,D,81355.0,36,0.899,0.257,2026,N14,29.41
F1816,D,36579.0,36,1.0,0.394,2026,N01,28.24
F1817,D,33241.0,24,0.91,0.312,2024,N32,28.09
F1818,D,54129.0,12,0.935,0.621,2024,N36,29.83
F1819,D,258724.0,36,0.999,0.642,2026,N03,33.06
F1820,B,306028.0,24,0.971,0.377,2024,N29,32.23
F1821,E,15640.0,24,0.897,0.237,2025,N39,27.09
F1822,D,107188.0,24,1.0,0.152,2026,N37,27.73
F1823,B,43167.0,12,0.875,0.811,2024,N37,29.5
F1824,A,316183.0,36,0.903,0.347,2025,N06,32.64
F1825,D,442387.0,12,0.966,0.687,2025,N30,32.4
F1826,A,289720.0,24,1.0,0.411,2024,N34,31.18
F1827,C,191756.0,24,0.848,0.432,2026,N24,31.54
F1828,B,229219.0,24,0.897,0.204,2026,N32,30.3
F1829,A,11861.0,12,0.943,0.186,2025,N25,26.22
F1830,D,174308.0,24,0.964,0.314,2026,N28,28.97
F1831,A,145388.0,36,0.926,0.342,2025,N19,29.8
F1832,A,81336.0,12,0.958,0.371,2025,N36,31.2
F1833,D,41086.0,36,0.912,0.347,2024,N25,29.44
F1834,D,23024.0,24,0.912,0.514,2024,N05,28.31
F1835,E,36673.0,12,0.859,0.584,2024,N18,25.75
F1836,C,47527.0,24,0.975,0.332,2024,N03,29.62
F1837,B,4101.0,12,0.898,0.21,2024,N11,22.26
F1838,C,87965.0,12,0.951,0.276,2025,N04,28.71
F1839,C,129204.0,24,1.0,0.379,2024,N29,31.5
F1840,B,697056.0,24,1.0,0.388,2025,N16,34.24
F1841,C,724798.0,12,0.954,0.495,2025,N17,34.04
F1842,C,183838.0,12,0.938,0.31,2026,N39,29.37
F1843,B,111527.0,12,0.891,0.016,2025,N14,29.03
F1844,E,106173.0,24,0.945,0.137,2026,N12,28.8
F1845,B,299290.0,24,0.945,0.613,2025,N40,31.43
F1846,B,364890.0,12,0.871,0.095,2025,N21,31.0
F1847,E,15544.0,24,0.922,0.421,2026,N36,29.02
F1848,A,264183.0,12,0.959,0.173,2024,N34,31.51
F1849,D,57991.0,36,0.965,0.092,2024,N35,27.72
F1850,C,101846.0,36,0.897,0.168,2026,N01,29.13
F1851,A,66620.0,24,0.916,0.308,2024,N29,25.66
F1852,A,161007.0,24,0.893,0.568,2025,N37,33.12
F1853,E,30166.0,36,0.977,0.339,2026,N29,30.05
F1854,A,107421.0,12,0.905,0.254,2025,N25,29.42
F1855,E,16897.0,12,0.963,0.377,2024,N22,27.18
F1856,B,349640.0,24,0.936,0.63,2024,N13,34.32
F1857,A,284546.0,12,0.976,0.69,2026,N08,31.42
F1858,C,64678.0,24,1.0,0.597,2024,N04,30.14
F1859,D,90089.0,36,0.897,0.286,2026,N30,30.98
F1860,C,48318.0,24,0.952,0.116,2026,N18,25.58
F1861,C,240172.0,24,0.93,0.493,2025,N31,29.24
F1862,C,200238.0,12,1.0,0.832,2025,N26,31.4
F1863,A,61236.0,24,0.974,0.098,2026,N10,30.6
F1864,A,82680.0,24,0.935,0.462,2024,N18,31.18
F1865,E,141030.0,36,0.928,0.522,2026,N19,30.67
F1866,A,41393.0,24,1.0,0.439,2025,N13,28.63
F1867,E,146406.0,24,1.0,0.138,2025,N31,29.48
F1868,C,192693.0,36,0.868,0.36,2025,N29,30.03
F1869,E,1978117.0,36,0.934,0.269,2026,N02,32.57
F1870,A,160468.0,24,0.884,0.124,2026,N29,30.48
F1871,D,46840.0,36,0.933,0.449,2024,N02,28.97
F1872,D,485853.0,36,0.938,0.594,2026,N24,33.57
F1873,D,160523.0,36,0.909,0.236,2026,N37,31.75
F1874,C,64282.0,12,1.0,0.332,2026,N11,31.32
F1875,C,297717.0,24,0.909,0.846,2024,N34,32.7
F1876,C,55002.0,12,0.978,0.465,2025,N28,26.22
F1877,E,611576.0,12,0.854,0.402,2026,N07,33.28
F1878,E,273404.0,24,0.904,0.114,2025,N35,31.27
F1879,E,74830.0,36,0.953,0.67,2025,N08,30.49
F1880,A,105972.0,36,0.985,0.308,2024,N06,29.98
F1881,E,1325200.0,24,0.912,0.253,2024,N25,32.1
F1882,D,79173.0,24,0.992,0.426,2025,N28,30.59
F1883,D,68954.0,12,0.956,0.436,2026,N01,29.21
F1884,C,258108.0,36,0.871,0.73,2025,N25,30.96
F1885,B,137960.0,36,1.0,0.816,2026,N27,31.63
F1886,D,89823.0,24,0.89,0.429,2026,N14,30.03
F1887,C,248186.0,12,1.0,0.256,2025,N16,30.84
F1888,D,10010.0,36,0.873,0.221,2024,N33,25.69
F1889,B,124055.0,36,0.995,0.277,2024,N38,28.8
F1890,C,610811.0,24,0.994,0.489,2026,N14,36.0
F1891,C,558836.0,24,0.989,0.392,2025,N25,33.88
F1892,C,44356.0,24,0.93,0.194,2025,N11,24.28
F1893,A,110986.0,12,0.979,0.642,2024,N16,32.95
F1894,E,287266.0,12,0.821,0.397,2026,N01,32.37
F1895,C,79948.0,12,0.946,0.322,2026,N10,29.76
F1896,C,203267.0,24,0.936,0.676,2026,N27,30.3
F1897,A,195266.0,36,0.922,0.482,2026,N30,31.61
F1898,B,12990.0,12,1.0,0.264,2024,N35,26.12
F1899,E,264302.0,24,0.977,0.267,2025,N02,29.41
F1900,A,114068.0,12,0.974,0.213,2026,N40,29.53
F1901,B,92003.0,36,0.963,0.745,2024,N09,32.29
F1902,E,75230.0,36,0.968,0.071,2025,N36,28.1
F1903,C,7805.0,24,0.973,0.61,2025,N01,26.77
F1904,E,93584.0,12,0.867,0.296,2025,N38,29.34
F1905,A,341379.0,36,0.941,0.28,2024,N28,32.34
F1906,D,528709.0,36,1.0,0.177,2024,N18,33.85
F1907,B,130882.0,12,0.944,0.476,2025,N20,33.75
F1908,D,86813.0,24,0.907,0.559,2024,N27,31.18
F1909,A,66716.0,24,0.938,0.425,2026,N18,27.51
F1910,E,505758.0,24,0.945,0.387,2026,N26,33.66
F1911,D,1330375.0,24,0.949,0.314,2025,N27,34.34
F1912,D,112481.0,12,0.96,0.486,2025,N33,29.21
F1913,D,4814.0,12,0.966,0.234,2024,N38,28.07
F1914,B,145209.0,12,0.983,0.236,2024,N05,30.32
F1915,E,691527.0,12,0.896,0.742,2026,N39,34.03
F1916,D,21339.0,36,0.916,0.641,2026,N19,28.91
F1917,B,40193.0,36,0.884,0.042,2024,N05,26.96
F1918,D,16454.0,24,0.933,0.565,2026,N12,27.85
F1919,C,136738.0,24,0.995,0.26,2026,N09,30.42
F1920,B,1719874.0,12,0.975,0.592,2025,N02,32.71
F1921,B,365185.0,12,0.892,0.166,2025,N12,32.09
F1922,C,15121.0,36,0.866,0.534,2026,N24,27.24
F1923,E,21271.0,12,0.89,0.261,2024,N36,27.51
F1924,E,199383.0,12,0.989,0.499,2024,N31,29.83
F1925,D,73120.0,12,0.993,0.307,2025,N27,27.75
F1926,E,13243.0,36,1.0,0.733,2026,N20,29.45
F1927,C,151893.0,24,0.846,0.315,2025,N27,30.69
F1928,B,36203.0,24,0.824,0.581,2024,N09,30.15
F1929,A,177440.0,24,1.0,0.809,2026,N23,31.64
F1930,E,200626.0,24,0.932,0.759,2024,N14,32.38
F1931,D,146863.0,12,0.944,0.355,2025,N09,29.49
F1932,B,28162.0,12,0.947,0.131,2024,N04,26.18
F1933,E,36441.0,12,0.917,0.266,2025,N21,27.96
F1934,B,80614.0,36,0.961,0.33,2025,N11,27.3
F1935,A,48428.0,12,0.859,0.353,2026,N37,28.11
F1936,A,348959.0,36,0.848,0.175,2026,N28,32.0
F1937,C,402800.0,24,0.89,0.626,2024,N02,33.05
F1938,B,125842.0,36,0.893,0.117,2025,N18,31.4
F1939,C,293259.0,24,0.95,0.634,2025,N30,34.33
F1940,E,615158.0,12,0.913,0.228,2026,N07,34.26
F1941,D,31993.0,12,0.866,0.468,2024,N20,28.6
F1942,A,62080.0,36,0.962,0.276,2026,N39,28.22
F1943,C,1016350.0,12,0.86,0.888,2025,N31,33.7
F1944,B,81414.0,24,0.967,0.675,2026,N07,29.97
F1945,D,52668.0,36,1.0,0.475,2026,N05,30.63
F1946,B,106145.0,36,0.99,0.389,2024,N22,30.19
F1947,B,179576.0,24,0.903,0.589,2024,N11,32.0
F1948,E,16873.0,36,0.987,0.295,2026,N25,26.48
F1949,A,102872.0,12,0.879,0.458,2024,N19,30.71
F1950,B,324201.0,36,0.957,0.05,2025,N24,30.92
F1951,D,60456.0,36,0.879,0.524,2024,N16,28.11
F1952,B,55747.0,24,0.926,0.838,2024,N27,31.34
F1953,C,312716.0,24,0.876,0.398,2025,N12,32.38
F1954,C,37869.0,12,0.964,0.627,2024,N26,28.34
F1955,B,21902.0,24,0.926,0.416,2026,N09,29.88
F1956,E,79558.0,12,0.91,0.398,2024,N29,29.11
F1957,E,225183.0,24,0.944,0.134,2025,N23,28.98
F1958,B,67685.0,12,0.918,0.161,2025,N30,28.97
F1959,E,3966.0,12,0.954,0.224,2026,N25,25.9
F1960,D,38923.0,12,0.881,0.353,2026,N20,27.88
F1961,B,152062.0,36,0.995,0.198,2026,N35,30.86
F1962,E,736905.0,36,0.875,0.278,2026,N26,32.03
F1963,B,85172.0,24,0.927,0.427,2026,N19,29.36
F1964,A,1928891.0,12,1.0,0.466,2026,N04,36.6
F1965,A,28225.0,36,0.949,0.473,2024,N16,29.84
F1966,E,49359.0,36,0.857,0.294,2024,N03,29.55
F1967,D,107641.0,12,0.884,0.54,2024,N24,29.38
F1968,B,248903.0,24,0.939,0.317,2025,N13,30.9
F1969,C,66778.0,12,0.88,0.22,2025,N26,27.64
F1970,C,212686.0,12,0.904,0.412,2024,N19,32.78
F1971,B,68280.0,36,0.927,0.371,2025,N23,31.45
F1972,A,174598.0,24,0.936,0.203,2024,N16,31.41
F1973,A,191447.0,24,0.904,0.362,2025,N20,29.8
F1974,E,119511.0,36,0.949,0.517,2026,N23,31.45
F1975,E,126402.0,24,0.932,0.55,2026,N06,31.47
F1976,A,72972.0,36,0.989,0.737,2025,N20,29.77
F1977,A,42723.0,36,0.864,0.18,2026,N21,25.65
F1978,E,3474910.0,36,0.869,0.361,2026,N23,35.85
F1979,E,34336.0,36,0.869,0.381,2024,N32,28.82
F1980,C,540028.0,36,0.859,0.163,2025,N12,32.19
F1981,D,362784.0,36,0.888,0.259,2024,N06,31.16
F1982,D,106415.0,12,0.869,0.377,2026,N32,30.1
F1983,B,98087.0,36,0.91,0.227,2025,N32,29.18
F1984,D,42644.0,12,0.87,0.371,2025,N11,29.85
F1985,B,133506.0,36,1.0,0.295,2026,N31,31.13
F1986,A,26928.0,24,0.894,0.571,2024,N31,28.87
F1987,D,104648.0,12,0.973,0.128,2025,N37,28.91
F1988,D,1174501.0,36,0.909,0.251,2025,N38,36.45
F1989,E,439612.0,24,0.893,0.547,2024,N16,33.35
F1990,B,20192.0,24,0.876,0.707,2025,N40,27.29
F1991,A,127226.0,12,0.935,0.574,2024,N26,31.97
F1992,A,65726.0,12,0.92,0.674,2025,N35,29.36
F1993,A,20316.0,24,0.873,0.096,2025,N17,25.07
F1994,E,412413.0,12,0.944,0.532,2025,N02,30.6
F1995,A,12146.0,24,0.941,0.539,2024,N30,27.08
F1996,B,189444.0,36,0.931,0.276,2026,N02,29.09
F1997,D,998327.0,12,0.878,0.243,2025,N24,32.64
F1998,E,722341.0,36,0.939,0.399,2026,N15,33.01
F1999,B,24391.0,36,0.977,0.515,2024,N38,26.04
F2000,B,80528.0,36,0.924,0.689,2026,N30,31.65
F2001,A,86928.0,36,0.885,0.506,2024,N33,30.94
F2002,D,99809.0,24,0.893,0.476,2024,N19,27.63
F2003,C,329460.0,36,1.0,0.406,2026,N33,32.42
F2004,D,238884.0,36,0.932,0.22,2024,N12,31.38
F2005,E,945771.0,24,0.925,0.484,2024,N18,32.59
F2006,B,53107.0,12,0.951,0.669,2026,N04,27.45
F2007,E,185538.0,12,0.904,0.515,2024,N20,33.13
F2008,C,504006.0,12,0.875,0.654,2026,N10,32.25
F2009,D,208294.0,24,0.943,0.217,2026,N33,30.41
F2010,E,12406.0,24,0.955,0.634,2025,N17,26.82
F2011,B,132690.0,36,0.974,0.095,2026,N40,28.64
F2012,B,147489.0,24,0.944,0.07,2026,N09,30.23
F2013,B,122068.0,36,0.943,0.404,2025,N20,31.12
F2014,A,37181.0,24,0.949,0.391,2026,N09,28.5
F2015,C,277273.0,36,0.973,0.883,2025,N08,31.76
F2016,D,124906.0,36,0.932,0.558,2026,N34,29.23
F2017,D,42865.0,24,0.87,0.344,2026,N02,27.29
F2018,E,204485.0,24,0.919,0.108,2026,N04,28.31
F2019,A,99348.0,12,0.992,0.575,2025,N35,29.69
F2020,B,58974.0,24,0.969,0.541,2025,N28,31.11
F2021,E,49561.0,36,0.968,0.258,2026,N32,29.9
F2022,A,30815.0,24,0.918,0.615,2026,N12,28.08
F2023,B,113738.0,12,0.945,0.552,2024,N29,31.88
F2024,B,54604.0,24,0.937,0.435,2024,N22,30.97
F2025,D,383454.0,36,0.929,0.146,2024,N26,32.28
F2026,C,95541.0,36,0.963,0.386,2025,N26,30.95
F2027,C,259402.0,36,0.926,0.499,2025,N20,32.76
F2028,E,40245.0,24,0.966,0.476,2024,N26,30.7
F2029,A,58858.0,36,0.947,0.13,2026,N19,27.92
F2030,D,110179.0,12,0.923,0.236,2026,N16,30.73
F2031,D,248471.0,24,0.944,0.324,2024,N33,31.14
F2032,E,306603.0,36,0.912,0.44,2024,N04,30.69
F2033,B,120874.0,36,0.903,0.11,2024,N21,31.2
F2034,B,137069.0,36,0.946,0.547,2024,N17,29.27
F2035,E,206368.0,12,0.99,0.173,2026,N05,29.23
F2036,B,264299.0,24,0.839,0.476,2025,N17,30.9
F2037,C,357021.0,24,0.934,0.138,2026,N04,30.74
F2038,D,13984.0,12,1.0,0.14,2024,N06,26.48
F2039,E,292366.0,36,0.944,0.426,2026,N31,29.43
F2040,E,94922.0,12,0.981,0.151,2026,N12,27.74
F2041,B,116190.0,36,0.887,0.24,2025,N07,29.21
F2042,D,41689.0,24,0.915,0.039,2026,N37,25.41
F2043,A,261861.0,36,0.984,0.513,2024,N27,31.94
F2044,E,445470.0,12,0.992,0.086,2025,N16,31.44
F2045,C,433181.0,36,0.91,0.398,2026,N32,30.33
F2046,C,50148.0,36,0.854,0.29,2024,N32,30.22
F2047,B,16513.0,36,0.922,0.616,2025,N16,25.08
F2048,B,498223.0,12,0.91,0.613,2026,N11,31.94
F2049,B,63131.0,36,0.926,0.681,2025,N06,29.7
F2050,A,13442.0,36,0.865,0.228,2025,N04,28.7
F2051,C,328035.0,36,0.888,0.169,2024,N10,31.23
F2052,B,8185.0,24,1.0,0.79,2024,N34,26.59
F2053,E,348116.0,36,0.861,0.216,2025,N20,31.07
F2054,D,56277.0,36,0.953,0.419,2026,N05,29.6
F2055,A,980407.0,36,0.973,0.439,2025,N39,33.31
F2056,D,110084.0,36,0.948,0.556,2025,N40,30.28
F2057,B,50052.0,24,0.908,0.343,2026,N37,28.35
F2058,B,117097.0,36,0.869,0.423,2024,N02,30.59
F2059,A,37486.0,24,0.874,0.347,2024,N08,29.58
F2060,B,50649.0,36,0.957,0.566,2025,N09,30.12
F2061,D,169922.0,36,0.93,0.387,2025,N11,30.77
F2062,A,107446.0,12,0.894,0.458,2025,N08,30.28
F2063,A,23818.0,12,0.948,0.642,2024,N28,27.92
F2064,C,61892.0,36,1.0,0.35,2026,N02,29.72
F2065,E,889211.0,24,0.922,0.222,2025,N04,33.05
F2066,B,20698.0,36,0.958,0.523,2024,N35,29.91
F2067,C,202316.0,36,0.948,0.352,2024,N04,31.12
F2068,E,2088297.0,36,0.972,0.562,2026,N18,35.37
F2069,D,39378.0,36,0.958,0.683,2024,N40,29.53
F2070,D,257677.0,24,0.998,0.177,2024,N09,31.76
F2071,A,109050.0,12,0.875,0.388,2026,N31,30.46
F2072,E,32564.0,24,0.935,0.322,2024,N08,29.71
F2073,C,268129.0,12,0.976,0.189,2026,N28,30.76
F2074,A,234806.0,24,0.857,0.619,2026,N16,31.29
F2075,C,97945.0,36,0.968,0.37,2026,N12,29.0
F2076,B,40760.0,24,0.854,0.874,2026,N10,29.1
F2077,B,328610.0,24,0.97,0.489,2026,N22,31.81
F2078,E,206958.0,24,0.999,0.055,2026,N28,30.41
F2079,A,72037.0,36,0.894,0.602,2025,N31,30.46
F2080,B,35219.0,24,1.0,0.56,2024,N30,30.25
F2081,B,71291.0,24,0.887,0.251,2024,N18,29.89
F2082,B,55882.0,12,0.983,0.609,2025,N03,29.52
F2083,E,50018.0,12,0.918,0.235,2025,N19,28.57
F2084,A,449256.0,36,0.905,0.614,2025,N14,31.5
F2085,A,87740.0,12,0.852,0.299,2026,N12,30.47
F2086,A,562859.0,12,0.852,0.355,2025,N30,30.49
F2087,D,415392.0,24,0.956,0.068,2026,N35,29.86
F2088,D,328965.0,12,0.95,0.119,2024,N26,29.26
F2089,C,188427.0,12,1.0,0.613,2024,N34,31.26
F2090,B,92677.0,36,0.85,0.34,2025,N11,29.34
F2091,B,93720.0,36,0.948,0.094,2026,N28,27.83
F2092,B,1124596.0,12,0.986,0.353,2026,N30,32.8
F2093,B,391074.0,24,0.943,0.377,2026,N40,31.55
F2094,C,66585.0,12,0.978,0.07,2024,N29,27.99
F2095,B,240040.0,24,0.844,0.321,2024,N18,30.05
F2096,D,54015.0,12,0.911,0.063,2025,N40,27.05
F2097,C,99464.0,12,0.903,0.64,2026,N33,30.46
F2098,A,31424.0,24,0.998,0.485,2025,N36,28.28
F2099,E,32911.0,36,0.917,0.382,2025,N24,28.98
F2100,A,28656.0,36,0.928,0.069,2025,N34,28.64
F2101,C,154971.0,24,0.947,0.293,2026,N06,30.07
F2102,A,403054.0,24,0.909,0.352,2024,N23,30.3
F2103,A,101207.0,36,0.909,0.24,2024,N13,30.05
F2104,A,159168.0,12,0.86,0.704,2025,N12,29.77
F2105,C,73269.0,12,1.0,0.396,2025,N27,29.32
F2106,D,54137.0,36,0.906,0.517,2024,N08,29.65
F2107,D,142859.0,24,1.0,0.249,2025,N11,29.56
F2108,C,24639.0,24,0.952,0.075,2025,N35,26.26
F2109,D,360178.0,12,0.975,0.78,2026,N09,33.69
F2110,A,257000.0,24,0.964,0.575,2024,N32,33.78
F2111,D,156929.0,12,1.0,0.412,2024,N17,32.25
F2112,B,101870.0,12,0.853,0.495,2026,N18,30.96
F2113,C,52969.0,12,1.0,0.099,2026,N21,30.59
F2114,A,693596.0,12,0.971,0.36,2024,N33,31.25
F2115,A,78400.0,36,0.884,0.925,2025,N36,32.37
F2116,C,50083.0,36,0.972,0.722,2025,N38,30.96
F2117,B,30287.0,36,0.899,0.361,2026,N01,29.41
F2118,D,42461.0,36,0.983,0.458,2026,N23,29.85
F2119,E,79261.0,36,0.914,0.611,2024,N36,30.04
F2120,A,65595.0,36,0.952,0.4,2024,N09,29.33
F2121,E,221392.0,24,0.968,0.422,2026,N14,32.02
F2122,E,58871.0,36,0.823,0.206,2025,N27,27.14
F2123,A,37687.0,24,0.984,0.541,2025,N24,28.76
F2124,D,189681.0,36,0.936,0.174,2024,N22,28.64
F2125,C,40570.0,12,0.957,0.519,2025,N12,27.18
F2126,E,872713.0,12,0.935,0.483,2026,N23,33.64
F2127,B,21272.0,24,0.958,0.099,2024,N01,26.62
F2128,C,84487.0,12,0.95,0.554,2025,N09,31.33
F2129,B,38198.0,12,0.912,0.633,2024,N08,28.16
F2130,C,147963.0,36,0.928,0.642,2025,N37,32.2
F2131,A,504076.0,12,1.0,0.16,2024,N35,33.49
F2132,A,57624.0,36,0.931,0.684,2026,N16,28.04
F2133,C,14943.0,24,0.895,0.6,2025,N19,26.32
F2134,E,143598.0,36,0.961,0.123,2025,N11,29.92
F2135,E,109271.0,24,0.894,0.3,2024,N11,29.36
F2136,D,218483.0,24,0.831,0.554,2026,N39,32.01
F2137,A,37502.0,12,1.0,0.563,2024,N25,28.38
F2138,D,46153.0,12,0.947,0.392,2024,N38,29.11
F2139,A,40098.0,24,0.925,0.333,2024,N04,26.49
F2140,D,51411.0,24,1.0,0.468,2024,N30,31.34
F2141,C,89566.0,12,1.0,0.539,2024,N07,31.36
F2142,B,520801.0,36,0.912,0.389,2025,N38,34.29
F2143,E,171353.0,24,0.954,0.429,2024,N27,31.61
F2144,E,63953.0,24,0.979,0.684,2026,N37,28.85
F2145,D,17554.0,12,0.886,0.179,2025,N12,26.72
F2146,D,566184.0,12,0.952,0.215,2026,N26,30.93
F2147,B,221727.0,24,1.0,0.633,2025,N23,30.22
F2148,B,539641.0,24,1.0,0.143,2026,N27,32.41
F2149,B,3574.0,12,0.982,0.415,2024,N26,22.19
F2150,D,1771266.0,36,0.97,0.272,2025,N36,36.83
F2151,D,30940.0,12,0.967,0.022,2026,N40,27.1
F2152,C,26519.0,36,0.919,0.605,2025,N33,30.03
F2153,E,42158.0,12,0.924,0.561,2025,N16,28.12
F2154,D,51978.0,36,0.852,0.15,2024,N19,28.76
F2155,E,519074.0,12,0.971,0.363,2025,N13,31.52
F2156,A,6237.0,36,0.922,0.313,2026,N19,24.02
F2157,D,204189.0,12,0.93,0.071,2024,N03,30.75
F2158,E,484301.0,24,0.914,0.602,2025,N26,33.14
F2159,A,394453.0,12,0.959,0.637,2026,N30,32.3
F2160,B,226964.0,36,1.0,0.662,2024,N23,33.14
F2161,D,318409.0,24,0.911,0.254,2024,N09,32.84
F2162,E,63348.0,36,0.861,0.067,2024,N26,29.81
F2163,E,42291.0,12,0.906,0.182,2026,N29,25.8
F2164,E,45673.0,12,0.872,0.646,2024,N35,29.2
F2165,B,11769.0,24,0.869,0.708,2024,N30,27.75
F2166,A,321981.0,24,0.944,0.262,2026,N22,31.13
F2167,A,93692.0,12,0.974,0.445,2024,N07,28.38
F2168,D,153723.0,12,0.866,0.236,2025,N20,30.38
F2169,E,609275.0,24,0.976,0.571,2026,N38,33.31
F2170,A,529866.0,24,0.919,0.477,2024,N23,33.06
F2171,D,197965.0,12,0.995,0.241,2025,N13,30.21
F2172,B,37590.0,24,0.968,0.32,2025,N06,28.45
F2173,A,11731.0,36,0.992,0.365,2025,N34,25.55
F2174,E,287703.0,36,1.0,0.303,2025,N30,31.49
F2175,D,13142.0,36,0.899,0.228,2026,N17,25.78
F2176,D,69910.0,24,0.987,0.251,2024,N04,27.95
F2177,B,84513.0,12,0.986,0.752,2026,N13,30.09
F2178,D,39945.0,24,0.976,0.241,2026,N18,26.29
F2179,C,113326.0,24,0.9,0.276,2026,N32,28.96
F2180,C,298076.0,24,0.895,0.549,2025,N27,31.27
F2181,D,570707.0,24,0.942,0.565,2026,N28,34.16
F2182,B,57573.0,24,0.932,0.208,2025,N04,27.69
F2183,E,18959.0,36,0.998,0.289,2026,N17,27.78
F2184,A,75282.0,12,0.941,0.385,2024,N20,28.93
F2185,D,26789.0,24,0.881,0.285,2025,N20,26.38
F2186,D,29286.0,12,0.959,0.449,2026,N13,29.51
F2187,C,130779.0,24,0.943,0.366,2026,N06,30.71
F2188,E,362907.0,36,0.924,0.57,2025,N27,32.42
F2189,D,116974.0,24,0.957,0.375,2026,N25,32.21
F2190,C,133506.0,36,0.939,0.093,2025,N22,29.13
F2191,D,386684.0,24,0.933,0.501,2024,N20,32.63
F2192,C,208672.0,36,0.885,0.533,2026,N28,30.85
F2193,D,24065.0,24,1.0,0.66,2025,N18,27.02
F2194,D,47932.0,24,0.96,0.266,2026,N17,29.16
F2195,C,58944.0,12,0.927,0.351,2026,N22,27.57
F2196,A,551263.0,12,0.883,0.51,2025,N01,32.05
F2197,E,19379.0,24,0.968,0.191,2024,N23,25.29
F2198,D,75795.0,36,0.949,0.212,2026,N07,27.31
F2199,C,3375.0,36,0.901,0.713,2026,N25,25.89
F2200,E,49843.0,12,0.947,0.496,2024,N09,28.99
F2201,A,30869.0,24,0.917,0.291,2024,N24,28.61
F2202,A,27765.0,12,0.974,0.568,2025,N14,26.22
F2203,E,199015.0,36,0.82,0.421,2026,N05,31.04
F2204,E,32476.0,24,0.945,0.365,2024,N09,28.8
F2205,A,471493.0,12,0.948,0.044,2026,N27,30.79
F2206,E,111525.0,12,0.869,0.373,2024,N04,28.28
F2207,C,66180.0,12,0.96,0.707,2024,N40,30.87
F2208,E,25229.0,24,0.902,0.261,2025,N27,25.91
F2209,A,727346.0,12,0.9,0.348,2025,N30,32.64
F2210,A,107077.0,12,0.951,0.551,2026,N05,32.47
F2211,B,799557.0,24,0.951,0.657,2025,N20,35.33
F2212,C,1861120.0,36,0.923,0.284,2024,N22,35.1
F2213,E,97875.0,36,0.983,0.703,2024,N01,31.96
F2214,D,239921.0,36,0.963,0.345,2026,N06,30.97
F2215,D,517476.0,24,0.915,0.126,2025,N40,31.96
F2216,D,102570.0,24,0.99,0.66,2026,N31,31.85
F2217,D,13975.0,12,0.921,0.612,2024,N20,26.13
F2218,B,340774.0,36,0.826,0.421,2024,N15,31.04
F2219,D,52175.0,24,1.0,0.135,2024,N12,28.78
F2220,E,24509.0,12,0.896,0.572,2026,N14,28.16
F2221,D,47601.0,24,0.972,0.066,2024,N31,28.96
F2222,A,546258.0,36,0.913,0.32,2026,N07,33.59
F2223,A,29814.0,24,0.948,0.528,2024,N38,27.35
F2224,D,49809.0,12,0.95,0.195,2026,N31,26.9
F2225,B,26875.0,24,0.997,0.317,2024,N25,26.31
F2226,E,435203.0,36,1.0,0.165,2025,N05,32.74
F2227,E,238687.0,12,0.878,0.156,2025,N04,30.77
F2228,E,740895.0,36,1.0,0.482,2024,N20,34.62
F2229,B,337669.0,24,0.962,0.095,2026,N28,31.86
F2230,E,198481.0,12,0.985,0.039,2024,N35,28.82
F2231,D,642436.0,24,0.904,0.343,2026,N01,33.06
F2232,C,392137.0,12,0.919,0.516,2024,N15,32.65
F2233,B,153386.0,36,0.937,0.185,2025,N38,31.48
F2234,E,268860.0,36,0.972,0.123,2025,N25,31.93
F2235,A,1220199.0,24,0.905,0.723,2024,N10,34.36
F2236,E,255888.0,24,0.957,0.412,2024,N03,33.46
F2237,C,14382.0,36,0.983,0.337,2025,N39,27.99
F2238,D,8205.0,36,0.958,0.532,2024,N15,28.12
F2239,C,34282.0,36,0.914,0.745,2024,N11,27.96
F2240,D,401759.0,36,0.917,0.758,2024,N29,32.01
F2241,A,199226.0,24,0.891,0.348,2025,N05,29.21
F2242,A,276719.0,36,0.972,0.222,2024,N28,32.1
F2243,D,96246.0,24,0.929,0.38,2025,N39,28.63
F2244,B,87655.0,12,0.907,0.275,2024,N02,28.14
F2245,E,56769.0,36,0.958,0.03,2024,N14,28.97
F2246,E,85127.0,12,0.957,0.397,2025,N31,29.31
F2247,E,90266.0,36,0.973,0.102,2025,N01,30.08
F2248,D,81010.0,36,0.832,0.59,2026,N11,31.04
F2249,B,24368.0,12,1.0,0.456,2024,N11,27.2
F2250,E,17420.0,24,0.983,0.766,2026,N28,27.75
F2251,E,457737.0,24,0.964,0.108,2025,N07,31.3
F2252,E,113715.0,24,0.895,0.341,2025,N29,30.06
F2253,A,156253.0,12,0.903,0.792,2025,N26,30.0
F2254,D,45117.0,36,0.88,0.654,2024,N08,27.2
F2255,A,94380.0,24,0.904,0.315,2024,N29,30.07
F2256,B,164622.0,24,0.94,0.827,2026,N33,30.85
F2257,A,58786.0,36,0.798,0.573,2026,N06,30.24
F2258,C,30711.0,24,0.907,0.278,2026,N29,28.24
F2259,A,173727.0,12,1.0,0.341,2026,N10,31.82
F2260,B,183733.0,36,0.891,0.713,2025,N22,32.71
F2261,D,18893.0,12,0.909,0.465,2024,N19,26.74
F2262,B,26713.0,12,0.995,0.569,2025,N06,29.86
F2263,B,384006.0,36,0.912,0.762,2026,N24,32.82
F2264,C,28425.0,36,0.961,0.176,2025,N31,27.92
F2265,B,27646.0,12,0.913,0.276,2026,N34,26.47
F2266,C,28588.0,36,0.956,0.504,2026,N01,30.05
F2267,D,106186.0,36,0.88,0.354,2024,N23,31.64
F2268,D,70251.0,24,0.931,0.279,2025,N38,28.37
F2269,D,218865.0,12,0.983,0.182,2024,N15,31.11
F2270,D,21375.0,24,0.91,0.823,2026,N18,28.8
F2271,A,37913.0,24,1.0,0.506,2026,N12,29.59
F2272,B,84758.0,12,0.912,0.661,2025,N24,31.11
F2273,B,78159.0,36,0.948,0.116,2025,N19,28.96
F2274,B,25048.0,12,0.987,0.575,2024,N19,29.75
F2275,A,53147.0,12,0.994,0.176,2025,N07,27.08
F2276,D,31246.0,36,0.935,0.364,2025,N12,28.03
F2277,D,63062.0,24,0.939,0.29,2026,N22,29.71
F2278,B,19829.0,12,0.885,0.327,2025,N28,27.53
F2279,A,302276.0,24,0.962,0.837,2025,N28,32.79
F2280,B,62949.0,12,1.0,0.139,2025,N07,28.38
F2281,E,53931.0,12,0.912,0.553,2026,N13,28.39
F2282,C,3382.0,24,0.926,0.372,2026,N32,24.79
F2283,B,34816.0,36,0.94,0.278,2026,N09,28.41
F2284,D,130619.0,12,0.958,0.755,2024,N08,30.65
F2285,C,250021.0,36,0.893,0.749,2024,N27,33.31
F2286,C,20234.0,24,0.897,0.689,2025,N23,25.87
F2287,A,761684.0,12,1.0,0.57,2025,N26,31.84
F2288,B,1307295.0,24,1.0,0.206,2026,N31,33.86
F2289,B,34556.0,36,0.991,0.227,2024,N37,26.97
F2290,D,339351.0,36,0.908,0.49,2025,N17,32.94
F2291,D,27855.0,24,0.937,0.477,2024,N28,29.28
F2292,D,142454.0,36,0.999,0.478,2026,N36,29.71
F2293,A,142888.0,12,0.933,0.19,2026,N39,31.31
F2294,C,303772.0,12,1.0,0.305,2026,N21,30.67
F2295,B,140193.0,36,0.907,0.252,2025,N07,31.01
F2296,D,68383.0,12,0.931,0.368,2024,N15,29.28
F2297,B,110975.0,12,0.967,0.29,2024,N29,29.85
F2298,C,218075.0,24,1.0,0.344,2026,N40,29.99
F2299,A,54697.0,36,0.885,0.619,2025,N05,29.52
F2300,E,227031.0,36,1.0,0.308,2025,N01,31.38
F2301,E,43757.0,12,0.855,0.849,2025,N08,28.8
F2302,D,133038.0,24,0.9,0.186,2024,N36,30.87
F2303,C,320192.0,12,0.873,0.263,2026,N20,31.69
F2304,B,48107.0,12,0.926,0.408,2025,N25,28.6
F2305,D,147012.0,24,0.942,0.195,2026,N32,30.91
F2306,B,4355.0,12,0.902,0.231,2025,N30,21.93
F2307,B,50957.0,36,0.968,0.087,2024,N33,28.77
F2308,D,1240389.0,24,0.859,0.677,2024,N19,35.06
F2309,A,28989.0,36,0.901,0.43,2025,N33,27.25
F2310,A,26346.0,36,0.949,0.418,2026,N03,26.87
F2311,E,265886.0,12,0.955,0.209,2025,N20,31.37
F2312,C,57826.0,24,0.94,0.268,2025,N13,29.06
F2313,E,41779.0,24,0.964,0.343,2026,N12,26.5
F2314,D,50534.0,36,1.0,0.11,2026,N36,28.91
F2315,C,304276.0,24,0.955,0.8,2025,N37,31.6
F2316,C,59817.0,36,1.0,0.578,2026,N37,29.74
F2317,B,10419.0,24,0.992,0.1,2024,N38,26.75
F2318,E,412025.0,12,0.908,0.36,2026,N15,32.57
F2319,C,423523.0,24,0.928,0.45,2025,N32,30.65
F2320,E,205926.0,12,0.89,0.659,2025,N33,31.54
F2321,D,77663.0,12,0.919,0.585,2024,N02,29.93
F2322,C,22640.0,36,0.949,0.189,2024,N05,26.47
F2323,C,900215.0,24,0.895,0.293,2026,N34,33.57
F2324,C,7164.0,12,0.85,0.301,2025,N17,27.12
F2325,E,410664.0,24,0.912,0.346,2024,N34,32.31
F2326,D,332121.0,12,0.948,0.016,2024,N31,30.57
F2327,C,225649.0,24,0.86,0.481,2026,N16,31.81
F2328,D,180403.0,12,0.964,0.628,2026,N27,31.32
F2329,D,315285.0,36,0.898,0.299,2024,N01,31.29
F2330,E,106118.0,12,0.917,0.222,2026,N31,27.84
F2331,B,310616.0,36,0.922,0.307,2026,N10,31.91
F2332,B,243579.0,24,0.896,0.186,2025,N01,30.86
F2333,D,113092.0,24,0.886,0.386,2026,N17,31.23
F2334,B,117198.0,24,0.974,0.212,2025,N11,30.21
F2335,D,108744.0,36,0.942,0.097,2025,N17,29.99
F2336,C,589830.0,24,0.977,0.16,2026,N30,32.77
F2337,A,28729.0,12,0.962,0.18,2024,N11,25.73
F2338,D,73832.0,24,0.894,0.171,2025,N32,28.46
F2339,D,523503.0,24,0.993,0.718,2025,N14,32.96
F2340,D,38119.0,24,0.931,0.471,2026,N23,29.23
F2341,E,146881.0,36,0.956,0.408,2024,N21,30.22
F2342,E,95658.0,36,1.0,0.143,2026,N22,29.73
F2343,D,14920.0,12,0.961,0.166,2024,N32,25.85
F2344,C,118630.0,24,0.946,0.234,2024,N15,29.34
F2345,A,282472.0,12,0.941,0.346,2024,N36,31.13
F2346,C,77759.0,36,0.95,0.361,2024,N25,30.38
F2347,A,316395.0,36,0.959,0.231,2026,N35,31.42
F2348,D,183366.0,36,0.872,0.214,2024,N19,30.46
F2349,B,148519.0,36,0.934,0.445,2026,N26,29.82
F2350,E,13761.0,12,0.896,0.037,2025,N40,24.31
F2351,A,196140.0,36,0.87,0.469,2024,N10,28.89
F2352,D,146131.0,12,1.0,0.786,2026,N32,30.73
F2353,A,235195.0,36,0.972,0.717,2026,N04,32.6
F2354,C,212051.0,24,0.914,0.012,2024,N17,31.03
F2355,D,32917.0,12,0.913,0.256,2024,N17,27.35
F2356,C,50139.0,24,0.886,0.253,2024,N10,26.55
F2357,B,22076.0,12,0.967,0.412,2026,N18,28.05
F2358,A,134887.0,36,0.813,0.353,2025,N12,30.13
F2359,C,38123.0,24,0.839,0.334,2024,N14,28.18
F2360,A,491403.0,24,0.922,0.186,2024,N01,31.29
F2361,A,304071.0,24,0.971,0.161,2024,N38,29.8
F2362,C,22797.0,12,0.941,0.247,2026,N40,29.06
F2363,E,198784.0,24,0.885,0.083,2024,N21,29.99
F2364,B,48404.0,12,0.933,0.601,2025,N35,29.17
F2365,C,8514.0,12,0.916,0.226,2024,N08,23.41
F2366,D,180777.0,12,0.926,0.32,2025,N08,29.07
F2367,D,19529.0,24,1.0,0.519,2026,N21,26.78
F2368,C,55735.0,24,0.982,0.511,2024,N13,29.9
F2369,A,206464.0,36,0.953,0.16,2024,N03,29.88
F2370,E,195388.0,12,0.942,0.472,2025,N37,32.06
F2371,C,2505739.0,36,0.947,0.597,2026,N06,34.2
F2372,D,187125.0,24,0.96,0.812,2026,N19,33.39
F2373,B,81812.0,24,0.938,0.514,2024,N27,29.72
F2374,C,34766.0,12,1.0,0.327,2025,N35,28.25
F2375,B,7062.0,36,0.871,0.13,2024,N24,26.03
F2376,E,50083.0,12,0.926,0.178,2026,N08,27.77
F2377,D,82458.0,36,0.86,0.525,2025,N17,31.1
F2378,B,894443.0,36,1.0,0.526,2024,N03,35.27
F2379,A,61093.0,12,0.876,0.474,2026,N20,28.03
F2380,E,13250.0,36,0.977,0.439,2025,N35,25.93
F2381,D,124373.0,24,0.971,0.255,2026,N17,31.5
F2382,C,99146.0,36,0.906,0.075,2025,N11,30.14
F2383,C,204122.0,24,0.967,0.071,2026,N08,32.31
F2384,E,103569.0,12,0.941,0.605,2026,N36,29.87
F2385,C,33652.0,24,0.948,0.28,2025,N28,28.14
F2386,C,13907.0,24,0.937,0.426,2024,N31,25.83
F2387,A,57077.0,12,0.92,0.362,2024,N27,27.07
F2388,B,68221.0,36,0.87,0.339,2024,N10,27.13
F2389,E,111864.0,24,1.0,0.185,2024,N11,30.61
F2390,E,453109.0,36,0.885,0.387,2026,N16,32.13
F2391,A,63156.0,24,0.966,0.316,2025,N11,28.9
F2392,D,39993.0,36,1.0,0.173,2026,N10,27.51
F2393,D,3259.0,24,0.907,0.344,2024,N19,24.75
F2394,E,209841.0,36,0.968,0.329,2024,N14,31.02
F2395,B,17716.0,12,1.0,0.076,2026,N24,27.68
F2396,C,52562.0,24,0.915,0.728,2026,N34,30.03
F2397,D,27328.0,12,0.977,0.424,2026,N08,25.97
F2398,E,96572.0,24,0.914,0.475,2024,N26,28.53
F2399,C,56703.0,24,0.946,0.092,2024,N33,27.13
F2400,A,57146.0,12,0.91,0.137,2025,N19,28.3
F2401,A,31564.0,36,0.905,0.16,2026,N36,27.11
F2402,C,209500.0,36,0.929,0.466,2026,N23,29.17
F2403,E,19323.0,24,0.94,0.28,2024,N17,26.63
F2404,A,47828.0,24,0.943,0.152,2025,N07,28.11
F2405,A,376104.0,12,0.974,0.236,2026,N23,30.04
F2406,D,21895.0,24,0.988,0.729,2026,N40,28.62
F2407,E,1184015.0,24,0.899,0.518,2026,N37,35.44
F2408,B,55335.0,12,0.887,0.476,2026,N16,27.37
F2409,D,473630.0,36,0.924,0.54,2025,N29,32.88
F2410,C,859082.0,36,0.906,0.295,2025,N07,34.02
F2411,E,79881.0,12,0.978,0.187,2024,N11,29.28
F2412,C,144389.0,12,0.874,0.118,2025,N13,30.81
F2413,A,533198.0,24,0.978,0.519,2024,N30,32.27
F2414,B,194097.0,24,0.91,0.211,2025,N11,31.03
F2415,A,2262213.0,24,0.917,0.389,2026,N18,33.98
F2416,C,293155.0,12,0.921,0.531,2025,N37,31.93
F2417,A,77232.0,24,0.954,0.46,2025,N25,28.9
F2418,D,407464.0,12,0.926,0.087,2025,N17,30.96
F2419,C,118364.0,24,0.933,0.34,2026,N16,30.99
F2420,B,1017121.0,24,0.919,0.399,2025,N35,35.74
F2421,E,17028.0,12,0.899,0.316,2024,N19,25.62
F2422,B,803201.0,36,0.921,0.084,2024,N10,34.13
F2423,E,1307706.0,12,0.913,0.707,2024,N01,33.88
F2424,A,753166.0,24,0.887,0.247,2026,N39,33.31
F2425,D,110266.0,36,1.0,0.298,2026,N23,27.07
F2426,A,7832.0,24,0.947,0.717,2026,N35,26.27
F2427,C,35244.0,12,0.991,0.749,2025,N29,29.29
F2428,A,99015.0,36,0.938,0.593,2024,N19,28.76
F2429,D,596233.0,12,0.984,0.263,2025,N14,33.19
F2430,B,127344.0,36,0.955,0.488,2026,N29,30.89
F2431,C,47824.0,36,0.879,0.412,2026,N30,26.23
F2432,A,150394.0,12,0.999,0.613,2026,N07,33.08
F2433,B,562003.0,12,0.832,0.362,2024,N04,31.72
F2434,B,61329.0,12,0.989,0.62,2025,N40,29.08
F2435,A,112864.0,12,0.99,0.439,2024,N23,29.47
F2436,E,141620.0,12,0.942,0.32,2026,N27,30.55
F2437,C,186650.0,24,0.929,0.463,2026,N04,32.93
F2438,D,302543.0,12,0.976,0.585,2024,N20,31.7
F2439,E,446817.0,36,0.953,0.478,2025,N04,35.3
F2440,D,14851.0,36,0.919,0.24,2025,N28,25.5
F2441,E,195216.0,12,0.847,0.547,2025,N25,29.27
F2442,E,89486.0,12,0.957,0.367,2024,N13,29.29
F2443,D,34002.0,24,0.958,0.587,2025,N33,28.77
F2444,A,134536.0,12,0.867,0.208,2025,N18,28.2
F2445,A,106079.0,12,0.893,0.176,2025,N23,29.17
F2446,B,74720.0,12,0.885,0.163,2024,N38,27.72
F2447,C,194106.0,12,0.897,0.512,2024,N11,32.43
F2448,C,70140.0,24,0.91,0.202,2024,N36,29.13
F2449,E,142842.0,36,0.9,0.682,2026,N27,31.77
F2450,E,113415.0,24,0.988,0.153,2024,N05,30.02
F2451,C,105885.0,12,0.954,0.434,2024,N01,27.85
F2452,D,93949.0,12,0.921,0.322,2024,N25,29.43
F2453,A,64519.0,24,0.899,0.451,2026,N22,30.36
F2454,D,463561.0,12,0.893,0.736,2026,N13,32.44
F2455,B,212418.0,12,0.938,0.491,2025,N26,31.5
F2456,C,150361.0,36,1.0,0.271,2024,N16,31.8
F2457,D,272978.0,24,0.975,0.37,2025,N04,30.48
F2458,B,45818.0,12,0.893,0.22,2026,N14,27.57
F2459,D,578702.0,12,0.964,0.441,2026,N33,33.93
F2460,C,13454.0,36,0.96,0.288,2025,N01,27.95
F2461,E,65090.0,12,0.934,0.866,2026,N06,30.53
F2462,B,12588.0,24,0.937,0.592,2025,N13,26.82
F2463,B,48746.0,12,0.86,0.21,2024,N03,28.16
F2464,D,148215.0,24,0.89,0.08,2024,N32,29.3
F2465,D,101933.0,12,0.993,0.503,2024,N29,28.85
F2466,D,1090922.0,12,0.902,0.729,2026,N05,31.9
F2467,E,128386.0,12,0.977,0.486,2025,N40,29.19
F2468,B,165405.0,24,0.979,0.649,2026,N09,31.6
F2469,A,88223.0,24,1.0,0.65,2026,N08,31.34
F2470,D,27896.0,12,0.966,0.619,2025,N14,28.92
F2471,B,248720.0,36,0.891,0.725,2025,N39,32.75
F2472,A,533122.0,12,0.921,0.277,2024,N21,31.95
F2473,C,22962.0,24,0.963,0.562,2025,N34,28.44
F2474,E,9231.0,12,0.948,0.451,2026,N24,25.31
F2475,D,11411.0,36,0.959,0.158,2024,N13,25.98
F2476,A,63979.0,12,0.949,0.333,2025,N13,28.13
F2477,A,132457.0,36,0.92,0.697,2024,N39,33.93
F2478,C,215074.0,36,0.927,0.184,2024,N26,29.7
F2479,E,6031.0,36,0.881,0.393,2026,N31,25.28
F2480,C,14001.0,24,0.861,0.357,2025,N12,26.13
F2481,B,111595.0,12,0.958,0.817,2024,N01,32.32
F2482,A,159295.0,24,0.977,0.78,2024,N21,32.07
F2483,A,57822.0,36,1.0,0.572,2024,N03,31.95
F2484,C,45997.0,24,0.872,0.402,2026,N12,29.38
F2485,D,167731.0,12,0.952,0.149,2025,N39,30.6
F2486,A,41098.0,12,0.859,0.425,2025,N30,30.33
F2487,C,12066.0,24,0.923,0.209,2026,N36,24.33
F2488,A,501997.0,36,0.822,0.269,2026,N39,33.6
F2489,A,288670.0,24,1.0,0.271,2025,N12,32.28
F2490,B,62160.0,36,0.958,0.518,2026,N17,29.78
F2491,E,83790.0,36,0.905,0.226,2024,N26,30.0
F2492,E,35111.0,36,0.925,0.578,2024,N35,28.91
F2493,E,689885.0,24,0.913,0.519,2025,N10,34.29
F2494,A,174794.0,24,1.0,0.605,2024,N23,31.79
F2495,A,325932.0,12,0.938,0.727,2024,N36,31.07
F2496,A,74064.0,24,0.93,0.704,2025,N16,29.72
F2497,C,27485.0,24,0.975,0.141,2024,N14,26.12
F2498,B,1485214.0,24,0.882,0.079,2026,N32,30.45
F2499,B,163066.0,24,0.963,0.717,2024,N40,30.6
F2500,D,350033.0,12,0.928,0.214,2024,N16,31.09
F2501,D,530650.0,36,0.921,0.511,2025,N05,34.17
F2502,D,1019048.0,24,0.946,0.545,2026,N36,34.26
F2503,E,191906.0,24,0.904,0.139,2026,N31,30.06
F2504,E,16261.0,36,0.918,0.36,2026,N08,27.51
F2505,A,199895.0,12,0.989,0.878,2026,N22,31.47
F2506,C,53194.0,36,0.966,0.161,2024,N09,29.76
F2507,E,75980.0,36,0.824,0.39,2025,N22,30.04
F2508,B,369328.0,24,0.897,0.411,2025,N23,32.09
F2509,C,143402.0,36,0.999,0.144,2025,N28,28.16
F2510,E,72221.0,12,0.923,0.908,2025,N18,29.37
F2511,D,88631.0,36,0.963,0.391,2025,N32,30.62
F2512,C,183598.0,24,0.984,0.352,2025,N19,31.73
F2513,A,550967.0,24,0.987,0.238,2026,N26,31.9
F2514,B,493906.0,24,0.978,0.193,2025,N06,32.14
F2515,E,18802.0,36,0.949,0.568,2025,N08,27.56
F2516,A,195525.0,36,0.912,0.49,2024,N12,30.76
F2517,C,153606.0,24,0.925,0.405,2024,N36,31.65
F2518,A,248315.0,24,1.0,0.703,2026,N29,32.51
F2519,E,249339.0,12,0.995,0.197,2024,N02,30.44
F2520,C,222388.0,36,1.0,0.503,2026,N03,31.73
F2521,C,352895.0,24,0.897,0.225,2024,N14,29.48
F2522,B,136658.0,36,0.924,0.638,2024,N08,32.05
F2523,D,444266.0,12,0.917,0.189,2026,N12,31.92
F2524,A,1106603.0,24,0.9,0.808,2025,N26,34.45
F2525,C,67498.0,24,0.873,0.808,2025,N06,30.75
F2526,C,25781.0,36,0.966,0.678,2024,N18,29.24
F2527,A,71947.0,24,0.915,0.181,2026,N10,30.18
F2528,A,103535.0,12,0.877,0.613,2024,N14,29.22
F2529,D,75266.0,12,0.909,0.665,2026,N40,28.57
F2530,D,36458.0,24,0.98,0.795,2025,N05,26.81
F2531,C,49439.0,12,0.933,0.661,2025,N19,29.5
F2532,D,250116.0,36,0.935,0.348,2024,N13,31.9
F2533,C,323230.0,24,0.857,0.531,2026,N39,32.73
F2534,D,36613.0,24,0.934,0.187,2025,N31,28.98
F2535,D,83547.0,12,0.998,0.48,2026,N02,29.76
F2536,E,18781.0,12,0.949,0.397,2025,N35,27.05
F2537,B,43647.0,24,0.962,0.347,2025,N36,30.14
F2538,D,123262.0,12,0.813,0.234,2026,N18,28.67
F2539,D,62061.0,12,0.935,0.505,2024,N02,27.56
F2540,A,89826.0,36,0.869,0.317,2025,N40,30.7
F2541,B,19311.0,24,0.925,0.299,2024,N35,27.55
F2542,A,78129.0,24,0.906,0.4,2024,N07,28.44
F2543,B,13622.0,36,0.891,0.229,2026,N12,26.48
F2544,D,98731.0,36,0.912,0.71,2024,N31,29.5
F2545,B,93087.0,24,0.918,0.767,2024,N18,29.75
F2546,C,34117.0,36,0.99,0.344,2024,N33,30.78
F2547,C,77007.0,24,0.943,0.434,2024,N30,30.07
F2548,E,131849.0,36,0.904,0.418,2025,N15,28.83
F2549,B,169604.0,24,0.873,0.512,2025,N20,32.67
F2550,A,1227592.0,36,0.971,0.355,2025,N07,35.92
F2551,C,700159.0,24,0.897,0.388,2024,N10,29.98
F2552,E,61910.0,12,1.0,0.225,2025,N23,32.11
F2553,B,944875.0,24,1.0,0.636,2026,N07,33.64
F2554,A,129354.0,24,1.0,0.153,2024,N38,29.83
F2555,A,2149745.0,24,0.961,0.419,2025,N38,35.65
F2556,D,168462.0,12,0.997,0.331,2025,N19,29.47
F2557,E,56944.0,24,0.857,0.082,2026,N19,28.21
F2558,B,206386.0,12,0.966,0.238,2024,N40,32.61
F2559,D,112648.0,36,0.935,0.289,2025,N35,30.93
F2560,D,597031.0,24,0.937,0.515,2024,N10,33.94
F2561,A,74911.0,36,0.895,0.381,2025,N03,29.63
F2562,A,65443.0,36,0.938,0.683,2025,N32,32.21
F2563,E,6378.0,12,1.0,0.471,2024,N17,26.4
F2564,A,74893.0,12,0.977,0.303,2024,N40,28.5
F2565,D,47366.0,24,0.946,0.241,2025,N21,27.65
F2566,D,47952.0,36,0.972,0.341,2024,N32,29.11
F2567,B,392440.0,36,0.961,0.09,2025,N14,29.64
F2568,B,276222.0,36,0.894,0.495,2025,N30,31.6
F2569,C,109785.0,36,0.959,0.249,2024,N35,30.54
F2570,A,85872.0,12,0.995,0.412,2026,N21,29.18
F2571,B,38735.0,36,0.814,0.283,2026,N18,28.5
F2572,C,29693.0,36,0.871,0.386,2026,N01,27.36
F2573,A,200158.0,12,1.0,0.217,2024,N29,30.98
F2574,D,141901.0,12,0.981,0.347,2025,N12,31.83
F2575,E,28020.0,24,0.914,0.393,2024,N10,27.13
F2576,C,93561.0,12,0.874,0.609,2025,N19,29.6
F2577,D,69045.0,24,0.942,0.517,2026,N36,29.41
F2578,A,95305.0,12,0.934,0.231,2026,N04,28.09
F2579,B,712577.0,36,1.0,0.227,2026,N30,31.67
F2580,E,41543.0,36,0.855,0.717,2026,N35,29.27
F2581,C,514895.0,36,0.909,0.602,2026,N38,34.07
F2582,A,344641.0,24,1.0,0.248,2024,N36,32.37
F2583,A,108534.0,12,1.0,0.556,2026,N04,31.94
F2584,C,305997.0,24,0.942,0.632,2026,N28,31.97
F2585,D,173984.0,24,0.908,0.605,2025,N17,29.82
F2586,C,77903.0,24,0.94,0.304,2025,N32,29.32
F2587,B,11760.0,36,0.937,0.284,2025,N18,25.77
F2588,C,20638.0,12,0.957,0.788,2024,N40,25.27
F2589,A,30399.0,36,0.928,0.503,2025,N39,28.76
F2590,E,63817.0,24,0.948,0.309,2026,N29,29.74
F2591,D,92514.0,24,0.919,0.487,2026,N24,30.5
F2592,C,523416.0,24,0.967,0.286,2024,N27,32.97
F2593,B,111696.0,36,0.984,0.158,2025,N23,30.39
F2594,A,882520.0,36,0.957,0.758,2026,N04,36.05
F2595,D,461807.0,24,0.956,0.484,2024,N31,32.51
F2596,D,408076.0,24,0.988,0.314,2025,N37,32.67
F2597,D,101286.0,12,0.948,0.525,2025,N27,30.68
F2598,B,125203.0,12,1.0,0.098,2025,N16,29.68
F2599,D,262184.0,24,0.872,0.589,2026,N31,32.23
F2600,C,79384.0,36,0.896,0.394,2024,N33,29.93
F2601,E,128438.0,12,0.997,0.569,2026,N02,32.08
F2602,A,15512.0,36,0.988,0.839,2025,N26,25.44
F2603,C,240008.0,12,0.977,0.413,2024,N35,30.05
F2604,A,186649.0,24,0.987,0.496,2024,N40,31.93
F2605,C,68946.0,12,0.936,0.168,2024,N09,29.14
F2606,C,648670.0,12,0.99,0.409,2024,N13,32.35
F2607,D,838175.0,36,0.973,0.29,2025,N27,34.8
F2608,B,208947.0,36,0.86,0.106,2025,N30,29.79
F2609,A,53413.0,24,0.911,0.51,2024,N16,27.39
F2610,B,212970.0,36,0.942,0.203,2026,N36,30.29
F2611,C,168922.0,36,0.79,0.158,2025,N02,31.3
F2612,E,354330.0,36,0.975,0.286,2025,N30,32.69
F2613,C,73135.0,36,0.949,0.554,2024,N24,30.1
F2614,D,230893.0,36,0.904,0.433,2025,N13,29.42
F2615,A,277907.0,36,0.918,0.355,2025,N02,33.38
F2616,A,220262.0,36,0.965,0.253,2025,N26,32.81
F2617,A,194388.0,24,0.98,0.481,2024,N30,30.95
F2618,A,118285.0,36,0.874,0.283,2025,N14,30.62
F2619,C,65400.0,12,0.97,0.236,2024,N21,29.5
F2620,A,30745.0,12,0.927,0.084,2026,N12,27.74
F2621,C,8556.0,36,0.93,0.546,2024,N02,27.72
F2622,B,9224.0,24,0.891,0.28,2026,N28,24.93
F2623,A,43701.0,12,0.958,0.243,2026,N11,26.09
F2624,D,58328.0,12,0.864,0.192,2025,N08,26.73
F2625,D,488139.0,36,0.936,0.587,2024,N20,34.83
F2626,D,211291.0,36,0.951,0.286,2024,N39,31.5
F2627,D,42125.0,12,0.847,0.146,2024,N36,29.18
F2628,C,61806.0,36,0.973,0.488,2025,N37,30.43
F2629,B,45184.0,12,1.0,0.05,2025,N17,28.26
F2630,B,40403.0,24,1.0,0.391,2026,N01,27.71
F2631,C,1096091.0,36,0.966,0.823,2025,N28,33.82
F2632,E,41763.0,12,0.923,0.624,2024,N31,28.72
F2633,B,166165.0,24,0.896,0.343,2026,N02,30.11
F2634,D,73427.0,36,0.926,0.754,2025,N34,30.18
F2635,C,25337.0,36,0.967,0.322,2026,N39,27.71
F2636,C,81124.0,36,0.902,0.396,2026,N13,31.09
F2637,A,14653.0,36,0.953,0.172,2024,N26,26.47
F2638,C,79201.0,36,0.989,0.105,2025,N31,29.12
F2639,C,275216.0,36,0.945,0.347,2024,N19,30.76
F2640,E,29119.0,36,0.954,0.14,2026,N09,26.48
F2641,B,352018.0,12,0.957,0.14,2024,N23,32.39
F2642,C,41888.0,24,0.985,0.439,2026,N19,30.6
F2643,E,52508.0,36,0.982,0.245,2025,N23,28.12
F2644,E,86898.0,24,0.961,0.296,2025,N34,29.5
F2645,C,396149.0,36,0.905,0.5,2024,N11,34.04
F2646,E,33457.0,24,0.979,0.311,2025,N25,27.75
F2647,C,165498.0,12,0.955,0.382,2025,N33,30.09
F2648,A,29255.0,36,0.982,0.283,2026,N13,26.67
F2649,E,248914.0,12,1.0,0.098,2026,N19,31.33
F2650,C,1359082.0,36,0.911,0.688,2026,N34,33.77
F2651,C,11153.0,36,0.925,0.627,2026,N24,27.73
F2652,D,68872.0,24,0.976,0.126,2026,N27,30.13
F2653,C,43484.0,36,0.937,0.456,2026,N21,29.56
F2654,B,49558.0,36,0.932,0.091,2024,N28,31.4
F2655,E,11960.0,12,0.988,0.137,2024,N22,23.8
F2656,A,97257.0,12,0.898,0.542,2026,N15,28.97
F2657,C,33850.0,24,0.895,0.036,2025,N01,26.5
F2658,D,45375.0,12,0.895,0.472,2025,N12,28.17
F2659,E,148068.0,12,0.995,0.167,2026,N02,28.25
F2660,E,61652.0,36,0.904,0.248,2024,N37,29.79
F2661,A,42441.0,36,0.949,0.222,2025,N37,28.72
F2662,B,864394.0,24,0.942,0.094,2025,N25,32.69
F2663,A,115786.0,36,0.896,0.653,2025,N36,31.71
F2664,D,68068.0,12,1.0,0.417,2026,N27,27.87
F2665,D,92601.0,24,0.961,0.479,2024,N21,30.82
F2666,E,96985.0,36,0.996,0.589,2025,N08,31.5
F2667,B,78069.0,24,0.943,0.731,2024,N17,30.44
F2668,C,181938.0,12,0.977,0.122,2024,N08,30.31
F2669,C,33210.0,24,0.942,0.709,2024,N13,28.72
F2670,D,487616.0,36,0.85,0.103,2024,N26,32.88
F2671,A,109066.0,12,0.985,0.233,2025,N09,30.84
F2672,C,381598.0,12,0.941,0.604,2025,N10,33.79
F2673,A,67522.0,24,0.942,0.44,2024,N25,28.83
F2674,C,811783.0,24,0.957,0.361,2026,N34,33.03
F2675,C,193547.0,12,0.962,0.789,2026,N14,29.83
F2676,C,118491.0,12,1.0,0.316,2025,N03,28.45
F2677,D,748497.0,12,0.94,0.672,2024,N18,31.65
F2678,C,120887.0,12,0.971,0.562,2024,N20,29.45
F2679,E,286404.0,24,1.0,0.203,2025,N32,31.24
F2680,D,75040.0,36,0.949,0.43,2026,N08,29.66
F2681,C,3280028.0,36,0.971,0.719,2025,N02,37.32
F2682,D,109156.0,12,0.982,0.192,2024,N27,29.36
F2683,E,62294.0,24,0.883,0.125,2026,N05,27.74
F2684,D,153179.0,12,1.0,0.501,2024,N19,28.34
F2685,C,387923.0,36,0.881,0.287,2024,N27,29.34
F2686,D,40423.0,36,0.893,0.229,2024,N04,29.79
F2687,D,362324.0,24,0.923,0.427,2025,N31,32.84
F2688,B,66462.0,12,0.944,0.321,2025,N36,29.05
F2689,D,49093.0,36,0.943,0.475,2026,N02,27.75
F2690,C,34464.0,24,0.859,0.334,2024,N02,28.09
F2691,C,543277.0,24,0.94,0.553,2025,N28,33.88
F2692,D,21531.0,36,1.0,0.184,2024,N15,30.07
F2693,C,40209.0,36,0.952,0.332,2024,N13,27.42
F2694,E,42527.0,24,0.915,0.66,2026,N14,29.14
F2695,B,81885.0,12,0.952,0.54,2024,N39,31.1
F2696,D,129675.0,24,0.975,0.282,2026,N16,29.92
F2697,E,42474.0,36,0.961,0.36,2025,N32,27.07
F2698,A,41144.0,36,0.918,0.344,2026,N31,28.07
F2699,A,5685.0,36,1.0,0.237,2026,N01,25.86
F2700,C,389741.0,24,0.961,0.379,2026,N08,34.17
F2701,C,152321.0,24,0.96,0.371,2024,N07,32.27
F2702,A,321345.0,24,1.0,0.229,2026,N08,31.04
F2703,E,169716.0,36,0.961,0.189,2025,N39,29.87
F2704,B,14027.0,12,0.97,0.488,2024,N37,25.81
F2705,C,281200.0,24,0.973,0.6,2024,N06,32.39
F2706,A,601642.0,24,0.911,0.498,2025,N22,31.54
F2707,D,15325.0,24,0.947,0.381,2024,N25,24.54
F2708,A,353035.0,24,0.906,0.142,2024,N07,32.9
F2709,A,39950.0,36,0.929,0.494,2024,N04,28.81
F2710,A,51528.0,12,0.89,0.28,2024,N17,29.82
F2711,E,20976.0,36,0.933,0.299,2024,N37,25.11
F2712,A,31991.0,24,1.0,0.673,2026,N24,29.18
F2713,C,102471.0,24,0.894,0.359,2025,N11,29.83
F2714,D,184664.0,12,0.986,0.07,2026,N23,30.92
F2715,B,179920.0,24,0.986,0.464,2026,N09,32.18
F2716,C,200819.0,12,0.943,0.421,2026,N26,32.09
F2717,C,62529.0,36,0.872,0.528,2026,N02,28.88
F2718,B,180510.0,24,0.972,0.364,2025,N21,31.17
F2719,D,218544.0,12,0.917,0.203,2026,N30,29.42
F2720,A,329168.0,24,0.978,0.389,2026,N23,29.01
F2721,A,180611.0,24,0.91,0.229,2025,N27,29.81
F2722,D,635818.0,24,0.89,0.16,2025,N38,33.29
F2723,E,100905.0,36,0.831,0.566,2025,N34,30.76
F2724,B,6624.0,36,0.939,0.785,2026,N18,26.03
F2725,B,227684.0,36,0.968,0.575,2025,N40,33.13
F2726,C,172933.0,24,0.97,0.598,2026,N10,31.95
F2727,E,297877.0,12,0.965,0.313,2024,N09,31.21
F2728,B,26474.0,36,0.869,0.402,2025,N16,27.89
F2729,D,306902.0,24,0.941,0.481,2025,N31,32.37
F2730,A,157665.0,12,1.0,0.431,2024,N32,30.86
F2731,E,29218.0,12,0.984,0.567,2025,N05,27.79
F2732,D,22946.0,36,0.929,0.955,2025,N21,31.23
F2733,C,304280.0,36,0.99,0.23,2026,N07,31.59
F2734,D,1351765.0,12,1.0,0.491,2025,N02,34.73
F2735,A,233637.0,12,0.944,0.159,2024,N27,29.05
F2736,D,37728.0,36,0.867,0.834,2024,N35,29.05
F2737,A,156967.0,24,0.871,0.508,2024,N11,30.3
F2738,D,32517.0,36,0.971,0.567,2025,N39,30.0
F2739,B,68680.0,24,0.916,0.327,2025,N38,31.19
F2740,C,143395.0,36,0.945,0.081,2025,N20,30.42
F2741,A,72016.0,12,0.878,0.182,2025,N25,27.91
F2742,B,396020.0,24,0.922,0.31,2025,N01,30.91
F2743,B,13942.0,12,0.905,0.238,2025,N37,25.97
F2744,E,113686.0,12,0.858,0.292,2026,N17,30.26
F2745,B,349604.0,12,0.965,0.64,2024,N09,31.18
F2746,C,115342.0,36,0.971,0.229,2026,N29,30.36
F2747,D,327327.0,12,0.915,0.136,2024,N32,30.08
F2748,E,63892.0,36,0.886,0.585,2024,N02,28.24
F2749,E,237180.0,24,0.898,0.759,2024,N08,31.2
F2750,A,25742.0,12,0.96,0.33,2026,N33,27.65
F2751,A,101725.0,36,0.859,0.268,2026,N10,30.39
F2752,A,78172.0,12,0.982,0.26,2025,N03,27.35
F2753,D,213074.0,36,0.918,0.27,2026,N40,31.17
F2754,A,48471.0,36,0.913,0.66,2025,N11,28.22
F2755,E,106912.0,24,0.916,0.265,2026,N22,28.85
F2756,E,1918.0,24,0.988,0.238,2025,N26,21.11
F2757,E,58853.0,36,0.993,0.263,2024,N34,30.24
F2758,D,209026.0,12,0.952,0.397,2025,N31,31.7
F2759,D,424244.0,36,0.868,0.172,2025,N24,32.13
F2760,D,164147.0,24,0.96,0.445,2024,N09,31.33
F2761,A,100624.0,12,0.904,0.096,2025,N16,29.96
F2762,E,961941.0,24,0.857,0.383,2026,N26,34.09
F2763,A,97413.0,36,0.904,0.541,2026,N27,30.24
F2764,E,73921.0,12,0.872,0.539,2024,N18,28.73
F2765,B,133527.0,24,0.956,0.709,2025,N20,34.39
F2766,C,86291.0,12,0.999,0.206,2024,N32,29.97
F2767,D,26990.0,12,0.954,0.86,2025,N17,31.14
F2768,A,12531.0,12,1.0,0.313,2024,N16,25.56
F2769,C,26388.0,36,0.927,0.433,2026,N25,28.15
F2770,D,133583.0,36,0.961,0.572,2026,N29,32.38
F2771,A,191165.0,24,0.907,0.206,2026,N26,32.04
F2772,E,166629.0,12,0.928,0.417,2024,N19,28.69
F2773,C,47672.0,24,0.971,0.408,2026,N10,27.62
F2774,D,51996.0,24,1.0,0.433,2024,N24,28.0
F2775,A,261224.0,36,0.887,0.487,2025,N12,30.46
F2776,A,39592.0,36,0.944,0.218,2025,N01,28.14
F2777,D,52724.0,36,0.978,0.822,2025,N01,29.97
F2778,D,528656.0,24,0.91,0.378,2024,N25,32.46
F2779,E,106534.0,12,0.979,0.682,2026,N37,27.95
F2780,C,47758.0,36,0.907,0.24,2026,N07,29.92
F2781,E,41568.0,12,0.955,0.455,2026,N22,28.58
F2782,D,392609.0,12,0.989,0.238,2025,N18,35.05
F2783,E,91812.0,24,0.931,0.346,2026,N31,31.05
F2784,D,113990.0,12,0.878,0.403,2025,N09,29.03
F2785,E,115365.0,12,0.959,0.089,2025,N32,32.13
F2786,E,8668.0,24,0.853,0.31,2026,N39,25.81
F2787,A,32176.0,12,0.827,0.341,2024,N36,28.73
F2788,B,119946.0,36,0.949,0.607,2024,N39,30.73
F2789,E,83440.0,12,0.924,0.789,2025,N29,29.45
F2790,B,146429.0,36,0.928,0.352,2025,N38,30.34
F2791,A,31714.0,24,0.975,0.549,2025,N26,29.22
F2792,A,33034.0,24,1.0,0.247,2026,N35,28.32
F2793,D,156106.0,12,1.0,0.306,2024,N03,31.64
F2794,D,702335.0,12,0.98,0.636,2025,N14,33.9
F2795,E,29852.0,24,0.929,0.155,2026,N35,27.13
F2796,C,89931.0,12,0.902,0.339,2025,N12,29.43
F2797,B,31741.0,12,0.959,0.319,2026,N11,25.17
F2798,E,14010.0,12,0.905,0.36,2025,N04,25.51
F2799,E,85752.0,12,1.0,0.331,2025,N27,29.67
F2800,A,69330.0,36,0.94,0.396,2026,N27,30.09
F2801,E,4708.0,24,0.989,0.169,2025,N03,24.94
F2802,D,43121.0,24,0.939,0.157,2026,N39,25.49
F2803,E,38764.0,36,0.915,0.153,2026,N11,28.29
F2804,E,13995.0,24,0.852,0.549,2026,N29,25.95
F2805,E,30904.0,12,0.897,0.274,2026,N05,25.9
F2806,C,676950.0,24,0.926,0.271,2025,N35,32.87
F2807,A,5515.0,12,0.961,0.502,2024,N13,25.88
F2808,D,15165.0,12,0.842,0.219,2025,N25,24.91
F2809,A,283264.0,12,1.0,0.574,2024,N33,31.25
F2810,E,108850.0,36,0.99,0.286,2026,N09,30.57
F2811,D,151800.0,24,1.0,0.349,2024,N28,29.13
F2812,E,89845.0,12,0.884,0.037,2026,N40,26.15
F2813,D,90571.0,12,0.939,0.586,2026,N16,31.21
F2814,A,42238.0,36,0.904,0.392,2025,N37,29.02
F2815,C,352856.0,36,0.944,0.492,2024,N39,34.06
F2816,C,8127.0,36,0.955,0.151,2024,N39,24.7
F2817,A,126577.0,36,0.98,0.465,2025,N18,32.33
F2818,B,6670.0,12,1.0,0.309,2025,N34,23.45
F2819,A,5243.0,24,0.788,0.312,2024,N01,24.58
F2820,C,62685.0,24,0.99,0.47,2024,N05,28.13
F2821,A,574972.0,36,0.941,0.171,2025,N24,32.36
F2822,B,157854.0,24,0.893,0.252,2025,N03,30.81
F2823,E,80379.0,36,0.971,0.145,2025,N08,30.2
F2824,E,678032.0,36,0.973,0.072,2024,N10,31.53
F2825,B,75961.0,36,0.968,0.442,2025,N39,29.57
F2826,D,34300.0,24,0.873,0.301,2025,N33,25.45
F2827,C,180997.0,12,1.0,0.725,2026,N18,30.64
F2828,B,15335.0,36,0.994,0.592,2024,N34,27.85
F2829,B,1184010.0,12,0.846,0.24,2026,N13,34.34
F2830,D,124981.0,24,0.944,0.268,2024,N08,27.89
F2831,C,71901.0,24,0.962,0.276,2024,N01,29.78
F2832,A,39485.0,36,1.0,0.046,2026,N40,28.73
F2833,A,204013.0,12,0.991,0.163,2024,N14,28.54
F2834,E,674025.0,36,1.0,0.312,2026,N26,32.37
F2835,E,30930.0,24,1.0,0.513,2026,N36,28.38
F2836,E,82859.0,24,0.953,0.291,2025,N15,29.16
F2837,D,89766.0,24,0.823,0.367,2024,N16,27.86
F2838,D,22347.0,12,0.973,0.548,2026,N40,28.17
F2839,B,295742.0,24,0.876,0.211,2026,N39,30.27
F2840,A,101206.0,12,1.0,0.365,2025,N29,30.0
F2841,D,38144.0,12,0.94,0.589,2025,N10,28.32
F2842,D,187181.0,36,0.883,0.092,2025,N15,31.14
F2843,E,23980.0,24,0.953,0.284,2025,N13,27.7
F2844,A,105469.0,36,0.98,0.757,2026,N09,30.73
F2845,B,88382.0,36,0.865,0.357,2025,N09,29.87
F2846,A,23151.0,12,0.89,0.483,2025,N25,28.12
F2847,E,34342.0,24,1.0,0.662,2026,N26,27.81
F2848,C,94408.0,12,0.967,0.364,2024,N24,30.89
F2849,A,7511.0,36,0.839,0.223,2024,N32,25.98
F2850,B,73326.0,24,0.918,0.205,2025,N14,28.43
F2851,E,116947.0,36,0.977,0.222,2024,N39,31.64
F2852,D,86865.0,36,0.858,0.439,2025,N37,28.01
F2853,B,75729.0,12,0.873,0.328,2025,N19,28.39
F2854,D,14937.0,24,0.943,0.353,2026,N03,27.56
F2855,E,58880.0,12,0.933,0.484,2024,N14,27.99
F2856,C,73985.0,36,0.84,0.578,2024,N30,29.43
F2857,C,180218.0,12,0.889,0.44,2025,N18,30.13
F2858,B,102917.0,24,0.94,0.576,2026,N34,29.01
F2859,E,295235.0,24,0.936,0.188,2024,N36,31.46
F2860,E,89281.0,12,0.93,0.454,2026,N02,28.91
F2861,B,125739.0,36,0.983,0.135,2025,N01,29.2
F2862,D,203064.0,12,0.957,0.725,2026,N05,31.93
F2863,A,87866.0,36,0.983,0.467,2025,N01,29.86
F2864,E,451107.0,24,0.915,0.344,2024,N19,34.01
F2865,E,10998.0,12,0.942,0.572,2025,N34,29.48
F2866,A,17116.0,12,0.975,0.126,2024,N28,23.92
F2867,D,323748.0,12,0.957,0.373,2026,N09,30.41
F2868,A,12449.0,12,0.939,0.434,2026,N02,26.52
F2869,C,37749.0,36,0.999,0.417,2025,N13,29.19
F2870,A,40818.0,24,1.0,0.358,2024,N38,26.31
F2871,B,130755.0,36,0.852,0.068,2025,N25,31.06
F2872,D,35150.0,36,0.913,0.263,2026,N20,26.55
F2873,C,35592.0,12,0.925,0.592,2025,N31,27.95
F2874,E,1323945.0,36,0.933,0.271,2026,N08,35.95
F2875,A,69753.0,24,1.0,0.506,2024,N01,30.06
F2876,B,112975.0,36,0.991,0.536,2024,N37,30.43
F2877,D,256512.0,36,0.955,0.196,2024,N11,29.29
F2878,E,140373.0,12,1.0,0.342,2025,N33,29.02
F2879,A,58987.0,12,0.951,0.323,2026,N25,29.0
F2880,D,29370.0,36,0.984,0.231,2025,N07,28.23
F2881,B,53568.0,12,0.982,0.29,2024,N11,27.62
F2882,B,169218.0,36,0.877,0.317,2025,N39,31.97
F2883,E,156015.0,12,0.818,0.484,2026,N29,28.93
F2884,D,273842.0,36,0.948,0.334,2025,N33,30.7
F2885,B,275899.0,12,0.943,0.548,2026,N37,31.42
F2886,C,1567363.0,24,0.965,0.508,2026,N35,33.36
F2887,B,601347.0,12,0.965,0.071,2026,N08,32.79
F2888,A,129787.0,36,0.926,0.115,2024,N28,29.17
F2889,E,149586.0,36,1.0,0.492,2026,N35,33.0
F2890,A,137316.0,12,0.898,0.229,2025,N06,30.59
F2891,B,104369.0,24,0.932,0.177,2024,N31,30.45
F2892,A,127425.0,24,0.929,0.213,2026,N14,31.75
F2893,A,140196.0,36,0.883,0.274,2024,N04,30.64
F2894,A,53287.0,12,1.0,0.696,2024,N09,28.21
F2895,D,31804.0,12,0.894,0.312,2026,N03,27.47
F2896,D,47545.0,12,1.0,0.676,2024,N07,28.36
F2897,B,214733.0,24,0.895,0.134,2024,N34,30.13
F2898,B,417531.0,24,0.934,0.56,2026,N39,32.33
F2899,A,147959.0,24,0.915,0.593,2026,N34,31.3
F2900,A,96231.0,12,0.961,0.11,2025,N21,28.37
F2901,E,242465.0,24,1.0,0.486,2025,N03,32.65
F2902,C,96269.0,36,0.928,0.336,2025,N26,30.04
F2903,E,142291.0,12,0.96,0.172,2024,N02,28.91
F2904,A,364079.0,24,0.941,0.572,2026,N19,33.47
F2905,D,13286.0,24,0.949,0.572,2025,N02,26.13
F2906,D,31885.0,24,0.922,0.426,2025,N28,28.54
F2907,D,1556167.0,36,0.963,0.613,2024,N01,33.54
F2908,B,96340.0,24,0.89,0.42,2026,N09,30.05
F2909,A,47058.0,36,1.0,0.464,2024,N01,29.84
F2910,C,29848.0,36,0.984,0.143,2025,N16,27.1
F2911,D,67877.0,36,0.95,0.695,2026,N24,30.95
F2912,C,28864.0,24,1.0,0.514,2025,N34,30.13
F2913,E,56305.0,12,0.927,0.038,2026,N20,26.58
F2914,D,66301.0,24,0.915,0.55,2024,N38,30.71
F2915,E,437766.0,36,0.94,0.087,2025,N24,29.75
F2916,B,54682.0,24,1.0,0.211,2026,N26,27.89
F2917,A,226624.0,12,0.899,0.222,2026,N13,30.79
F2918,E,36290.0,36,0.937,0.424,2024,N28,30.83
F2919,C,3264220.0,36,0.867,0.581,2026,N35,35.58
F2920,A,22761.0,12,0.901,0.407,2024,N24,27.86
F2921,A,78778.0,24,0.893,0.472,2026,N07,30.15
F2922,E,112342.0,24,0.792,0.34,2026,N22,31.49
F2923,D,82836.0,24,0.941,0.507,2024,N19,31.05
F2924,B,264395.0,24,0.891,0.45,2025,N02,30.04
F2925,E,231273.0,36,0.94,0.276,2026,N39,30.9
F2926,A,125183.0,36,0.983,0.637,2024,N03,33.4
F2927,E,905531.0,24,1.0,0.816,2024,N02,33.07
F2928,B,54138.0,36,0.924,0.463,2024,N17,27.75
F2929,C,89870.0,36,0.9,0.287,2026,N10,30.38
F2930,D,79681.0,36,0.947,0.569,2025,N17,32.14
F2931,A,111837.0,12,0.961,0.344,2026,N35,29.31
F2932,A,158542.0,36,0.903,0.231,2025,N33,30.42
F2933,B,98355.0,36,0.945,0.736,2025,N32,29.62
F2934,A,59611.0,12,0.927,0.062,2025,N39,28.86
F2935,E,52331.0,36,0.904,0.044,2025,N08,27.89
F2936,D,71397.0,12,0.937,0.683,2025,N31,29.38
F2937,E,35360.0,36,1.0,0.573,2025,N30,26.29
F2938,D,46625.0,12,0.937,0.258,2024,N14,29.65
F2939,B,24123.0,36,0.994,0.308,2025,N26,28.6
F2940,C,6800.0,36,0.925,0.53,2025,N37,28.4
F2941,A,202125.0,12,0.883,0.506,2025,N32,31.55
F2942,E,32180.0,12,0.884,0.653,2024,N26,27.55
F2943,B,297449.0,24,0.902,0.342,2024,N12,32.26
F2944,D,31120.0,12,0.951,0.331,2024,N08,27.87
F2945,E,154355.0,36,0.917,0.053,2025,N37,30.24
F2946,A,22934.0,36,0.954,0.276,2025,N18,27.8
F2947,A,422341.0,36,0.932,0.461,2026,N18,32.81
F2948,B,36129.0,36,0.897,0.232,2025,N25,27.38
F2949,A,15629.0,12,0.967,0.822,2025,N21,27.74
F2950,C,56574.0,24,0.973,0.481,2025,N16,30.6
F2951,E,28140.0,24,0.887,0.401,2024,N02,26.43
F2952,B,2700723.0,36,0.935,0.377,2026,N37,34.86
F2953,C,23663.0,24,0.945,0.517,2026,N39,26.96
F2954,B,242070.0,36,0.976,0.597,2026,N05,30.73
F2955,C,5291.0,36,0.959,0.58,2026,N09,27.97
F2956,C,228761.0,36,0.931,0.522,2024,N21,32.06
F2957,C,19308.0,24,0.936,0.3,2024,N25,28.43
F2958,B,58492.0,24,1.0,0.558,2024,N27,27.64
F2959,C,26857.0,36,0.913,0.526,2026,N22,28.3
F2960,E,180176.0,36,0.908,0.48,2024,N07,30.88
F2961,B,36164.0,36,0.959,0.431,2025,N13,27.97
F2962,E,112170.0,36,0.927,0.418,2026,N13,28.67
F2963,C,167294.0,24,0.975,0.183,2024,N39,28.36
F2964,C,202936.0,24,0.971,0.543,2026,N09,31.37
F2965,B,74321.0,36,1.0,0.119,2026,N20,29.03
F2966,E,493198.0,24,0.909,0.753,2024,N09,33.01
F2967,B,493066.0,36,0.986,0.099,2025,N40,32.27
F2968,B,45051.0,12,0.901,0.355,2025,N34,27.76
F2969,B,157042.0,12,0.96,0.698,2026,N23,33.12
F2970,D,320482.0,24,0.99,0.328,2026,N05,30.33
F2971,A,1346562.0,24,0.898,0.695,2026,N02,33.87
F2972,C,43579.0,12,0.965,0.448,2024,N31,29.85
F2973,A,267600.0,36,0.885,0.215,2025,N32,33.1
F2974,B,130840.0,36,0.914,0.622,2025,N31,30.88
F2975,E,36315.0,24,0.953,0.615,2026,N25,27.93
F2976,B,114110.0,36,0.98,0.195,2025,N30,30.29
F2977,B,17596.0,12,0.901,0.215,2026,N08,25.76
F2978,C,69721.0,12,0.958,0.313,2026,N16,29.39
F2979,A,1340523.0,12,0.952,0.48,2025,N07,32.94
F2980,A,270449.0,36,0.901,0.568,2026,N36,32.19
F2981,C,471043.0,36,0.87,0.824,2026,N25,32.52
F2982,C,182401.0,24,0.955,0.479,2025,N21,30.24
F2983,B,72520.0,24,0.928,0.685,2026,N05,30.95
F2984,A,28168.0,36,0.932,0.159,2026,N34,27.03
F2985,D,9781.0,12,0.914,0.379,2024,N22,23.69
F2986,D,20751.0,12,0.918,0.218,2024,N26,27.11
F2987,E,1228051.0,24,0.99,0.65,2026,N08,32.44
F2988,A,47305.0,24,0.87,0.194,2024,N14,28.19
F2989,E,119448.0,36,0.971,0.218,2025,N18,29.47
F2990,C,369832.0,24,0.995,0.156,2025,N10,33.25
F2991,D,22402.0,12,0.967,0.417,2026,N08,27.66
F2992,B,164011.0,12,0.936,0.139,2026,N30,28.22
F2993,C,24007.0,24,1.0,0.467,2024,N05,27.14
F2994,E,83067.0,12,0.945,0.305,2026,N15,28.14
F2995,A,19711.0,12,0.901,0.192,2026,N15,30.48
F2996,B,866208.0,12,0.979,0.734,2026,N06,35.79
F2997,B,145276.0,36,0.892,0.557,2024,N15,30.11
F2998,D,550153.0,36,0.956,0.089,2025,N08,32.28
F2999,D,30223.0,12,0.861,0.115,2024,N23,27.83
F3000,A,149217.0,24,1.0,0.302,2025,N31,30.18
