reference,libelle,categorie,marque,matiere,usage,gamme,fournisseur,chemin
REF00001,Article 1,haut,M32,laine,soiree,premium,F116,images/REF00001.jpg
REF00002,Article 2,haut,M31,lin,sport,milieu,F030,images/REF00002.jpg
REF00003,Article 3,maison,M38,coton,sport,entree,F073,images/REF00003.jpg
REF00004,Article 4,bas,M23,laine,sport,premium,F117,images/REF00004.jpg
REF00005,Article 5,accessoire,M13,synthetique,soiree,premium,F033,images/REF00005.jpg
REF00006,Article 6,accessoire,M02,synthetique,soiree,premium,F038,images/REF00006.jpg
REF00007,Article 7,accessoire,M36,synthetique,sport,milieu,F130,images/REF00007.jpg
REF00008,Article 8,haut,M15,synthetique,soiree,entree,F123,images/REF00008.jpg
REF00009,Article 9,bas,M37,coton,sport,entree,F133,images/REF00009.jpg
REF00010,Article 10,haut,M24,coton,ville,milieu,F018,images/REF00010.jpg
REF00011,Article 11,bas,M21,lin,sport,premium,F122,images/REF00011.jpg
REF00012,Article 12,maison,M35,lin,soiree,premium,F086,images/REF00012.jpg
REF00013,Article 13,accessoire,M30,laine,ville,entree,F096,images/REF00013.jpg
REF00014,Article 14,haut,M27,coton,sport,premium,F077,images/REF00014.jpg
REF00015,Article 15,accessoire,M05,synthetique,soiree,milieu,F006,images/REF00015.jpg
REF00016,Article 16,haut,M26,coton,sport,premium,F046,images/REF00016.jpg
REF00017,Article 17,maison,M09,lin,sport,premium,F072,images/REF00017.jpg
REF00018,Article 18,maison,M30,coton,sport,milieu,F047,images/REF00018.jpg
REF00019,Article 19,maison,M09,coton,soiree,milieu,F017,images/REF00019.jpg
REF00020,Article 20,accessoire,M17,synthetique,soiree,milieu,F113,images/REF00020.jpg
REF00021,Article 21,maison,M38,coton,soiree,premium,F023,images/REF00021.jpg
REF00022,Article 22,bas,M33,coton,sport,entree,F063,images/REF00022.jpg
REF00023,Article 23,haut,M25,coton,soiree,milieu,F129,images/REF00023.jpg
REF00024,Article 24,accessoire,M29,coton,ville,premium,F013,images/REF00024.jpg
REF00025,Article 25,bas,M13,laine,soiree,milieu,F075,images/REF00025.jpg
REF00026,Article 26,accessoire,M04,synthetique,ville,milieu,F058,images/REF00026.jpg
REF00027,Article 27,maison,M04,lin,soiree,entree,F027,images/REF00027.jpg
REF00028,Article 28,bas,M29,coton,ville,milieu,F054,images/REF00028.jpg
REF00029,Article 29,maison,M08,laine,ville,premium,F045,images/REF00029.jpg
REF00030,Article 30,haut,M36,laine,sport,premium,F027,images/REF00030.jpg
REF00031,Article 31,bas,M18,laine,soiree,milieu,F026,images/REF00031.jpg
REF00032,Article 32,maison,M38,laine,soiree,entree,F094,images/REF00032.jpg
REF00033,Article 33,haut,M07,laine,ville,milieu,F098,images/REF00033.jpg
REF00034,Article 34,accessoire,M18,lin,sport,premium,F008,images/REF00034.jpg
REF00035,Article 35,bas,M21,lin,soiree,milieu,F056,images/REF00035.jpg
REF00036,Article 36,accessoire,M05,coton,sport,milieu,F001,images/REF00036.jpg
REF00037,Article 37,maison,M40,coton,sport,milieu,F035,images/REF00037.jpg
REF00038,Article 38,maison,M23,laine,sport,milieu,F027,images/REF00038.jpg
REF00039,Article 39,maison,M31,coton,ville,milieu,F100,images/REF00039.jpg
REF00040,Article 40,accessoire,M04,coton,sport,entree,F079,images/REF00040.jpg
REF00041,Article 41,maison,M36,laine,sport,entree,F095,images/REF00041.jpg
REF00042,Article 42,maison,M23,laine,ville,premium,F052,images/REF00042.jpg
REF00043,Article 43,haut,M03,lin,soiree,premium,F137,images/REF00043.jpg
REF00044,Article 44,haut,M30,lin,ville,premium,F129,images/REF00044.jpg
REF00045,Article 45,bas,M16,coton,soiree,entree,F062,images/REF00045.jpg
REF00046,Article 46,accessoire,M24,coton,sport,premium,F099,images/REF00046.jpg
REF00047,Article 47,maison,M34,lin,soiree,milieu,F062,images/REF00047.jpg
REF00048,Article 48,bas,M28,coton,sport,premium,F030,images/REF00048.jpg
REF00049,Article 49,maison,M38,laine,sport,premium,F097,images/REF00049.jpg
REF00050,Article 50,bas,M30,lin,ville,premium,F001,images/REF00050.jpg
REF00051,Article 51,maison,M36,lin,sport,milieu,F063,images/REF00051.jpg
REF00052,Article 52,accessoire,M20,synthetique,soiree,entree,F094,images/REF00052.jpg
REF00053,Article 53,accessoire,M06,lin,sport,premium,F102,images/REF00053.jpg
REF00054,Article 54,haut,M11,coton,soiree,entree,F114,images/REF00054.jpg
REF00055,Article 55,accessoire,M20,lin,sport,entree,F119,images/REF00055.jpg
REF00056,Article 56,maison,M32,coton,soiree,entree,F071,images/REF00056.jpg
REF00057,Article 57,maison,M37,laine,soiree,entree,F129,images/REF00057.jpg
REF00058,Article 58,maison,M21,coton,ville,entree,F048,images/REF00058.jpg
REF00059,Article 59,maison,M12,coton,soiree,milieu,F082,images/REF00059.jpg
REF00060,Article 60,haut,M28,coton,soiree,milieu,F067,images/REF00060.jpg
REF00061,Article 61,maison,M24,coton,ville,premium,F043,images/REF00061.jpg
REF00062,Article 62,bas,M16,lin,sport,entree,F049,images/REF00062.jpg
REF00063,Article 63,accessoire,M38,coton,sport,premium,F136,images/REF00063.jpg
REF00064,Article 64,bas,M37,synthetique,soiree,entree,F019,images/REF00064.jpg
REF00065,Article 65,haut,M36,synthetique,ville,entree,F016,images/REF00065.jpg
REF00066,Article 66,haut,M16,lin,ville,entree,F025,images/REF00066.jpg
REF00067,Article 67,maison,M03,laine,soiree,entree,F022,images/REF00067.jpg
REF00068,Article 68,maison,M25,coton,sport,premium,F083,images/REF00068.jpg
REF00069,Article 69,bas,M11,lin,soiree,milieu,F104,images/REF00069.jpg
REF00070,Article 70,bas,M26,coton,ville,milieu,F063,images/REF00070.jpg
REF00071,Article 71,haut,M04,lin,soiree,entree,F040,images/REF00071.jpg
REF00072,Article 72,haut,M22,synthetique,sport,entree,F122,images/REF00072.jpg
REF00073,Article 73,maison,M09,synthetique,soiree,premium,F137,images/REF00073.jpg
REF00074,Article 74,accessoire,M32,lin,soiree,entree,F077,images/REF00074.jpg
REF00075,Article 75,haut,M37,synthetique,sport,milieu,F079,images/REF00075.jpg
REF00076,Article 76,haut,M11,laine,ville,entree,F005,images/REF00076.jpg
REF00077,Article 77,accessoire,M06,coton,sport,entree,F033,images/REF00077.jpg
REF00078,Article 78,maison,M03,synthetique,ville,milieu,F124,images/REF00078.jpg
REF00079,Article 79,maison,M34,lin,soiree,entree,F066,images/REF00079.jpg
REF00080,Article 80,haut,M07,laine,soiree,milieu,F109,images/REF00080.jpg
REF00081,Article 81,accessoire,M05,coton,ville,entree,F075,images/REF00081.jpg
REF00082,Article 82,haut,M18,coton,ville,entree,F101,images/REF00082.jpg
REF00083,Article 83,haut,M25,laine,sport,entree,F098,images/REF00083.jpg
REF00084,Article 84,haut,M29,coton,soiree,entree,F049,images/REF00084.jpg
REF00085,Article 85,bas,M22,coton,ville,entree,F014,images/REF00085.jpg
REF00086,Article 86,bas,M07,lin,ville,entree,F097,images/REF00086.jpg
REF00087,Article 87,accessoire,M36,synthetique,sport,entree,F104,images/REF00087.jpg
REF00088,Article 88,bas,M17,synthetique,sport,premium,F107,images/REF00088.jpg
REF00089,Article 89,bas,M26,laine,sport,milieu,F099,images/REF00089.jpg
REF00090,Article 90,maison,M26,lin,soiree,premium,F070,images/REF00090.jpg
REF00091,Article 91,accessoire,M13,laine,ville,milieu,F119,images/REF00091.jpg
REF00092,Article 92,accessoire,M09,synthetique,sport,premium,F135,images/REF00092.jpg
REF00093,Article 93,accessoire,M22,coton,ville,premium,F052,images/REF00093.jpg
REF00094,Article 94,bas,M26,lin,soiree,milieu,F067,images/REF00094.jpg
REF00095,Article 95,maison,M13,coton,soiree,premium,F084,images/REF00095.jpg
REF00096,Article 96,haut,M27,lin,ville,premium,F060,images/REF00096.jpg
REF00097,Article 97,bas,M18,synthetique,sport,entree,F066,images/REF00097.jpg
REF00098,Article 98,haut,M10,coton,soiree,milieu,F090,images/REF00098.jpg
REF00099,Article 99,haut,M29,laine,soiree,milieu,F013,images/REF00099.jpg
REF00100,Article 100,maison,M36,laine,ville,premium,F117,images/REF00100.jpg
REF00101,Article 101,haut,M30,synthetique,soiree,entree,F103,images/REF00101.jpg
REF00102,Article 102,bas,M39,lin,ville,milieu,F133,images/REF00102.jpg
REF00103,Article 103,maison,M35,lin,ville,premium,F099,images/REF00103.jpg
REF00104,Article 104,accessoire,M38,coton,ville,milieu,F018,images/REF00104.jpg
REF00105,Article 105,maison,M13,laine,sport,entree,F097,images/REF00105.jpg
REF00106,Article 106,haut,M10,coton,soiree,premium,F081,images/REF00106.jpg
REF00107,Article 107,bas,M01,laine,soiree,milieu,F036,images/REF00107.jpg
REF00108,Article 108,haut,M13,lin,soiree,entree,F064,images/REF00108.jpg
REF00109,Article 109,haut,M11,synthetique,sport,entree,F007,images/REF00109.jpg
REF00110,Article 110,maison,M22,coton,soiree,premium,F092,images/REF00110.jpg
REF00111,Article 111,haut,M21,lin,sport,milieu,F107,images/REF00111.jpg
REF00112,Article 112,accessoire,M33,lin,soiree,premium,F068,images/REF00112.jpg
REF00113,Article 113,haut,M06,synthetique,sport,entree,F013,images/REF00113.jpg
REF00114,Article 114,bas,M01,coton,soiree,premium,F028,images/REF00114.jpg
REF00115,Article 115,maison,M03,synthetique,sport,entree,F064,images/REF00115.jpg
REF00116,Article 116,bas,M11,coton,soiree,entree,F079,images/REF00116.jpg
REF00117,Article 117,bas,M03,coton,sport,premium,F072,images/REF00117.jpg
REF00118,Article 118,haut,M27,coton,sport,premium,F096,images/REF00118.jpg
REF00119,Article 119,maison,M18,synthetique,soiree,milieu,F037,images/REF00119.jpg
REF00120,Article 120,haut,M10,lin,sport,milieu,F042,images/REF00120.jpg
REF00121,Article 121,bas,M29,laine,soiree,premium,F131,images/REF00121.jpg
REF00122,Article 122,haut,M09,lin,soiree,milieu,F070,images/REF00122.jpg
REF00123,Article 123,haut,M17,coton,ville,milieu,F001,images/REF00123.jpg
REF00124,Article 124,maison,M40,lin,sport,premium,F042,images/REF00124.jpg
REF00125,Article 125,haut,M20,laine,sport,milieu,F098,images/REF00125.jpg
REF00126,Article 126,bas,M25,synthetique,sport,milieu,F007,images/REF00126.jpg
REF00127,Article 127,bas,M09,laine,sport,milieu,F024,images/REF00127.jpg
REF00128,Article 128,haut,M28,laine,sport,premium,F046,images/REF00128.jpg
REF00129,Article 129,accessoire,M25,lin,ville,premium,F121,images/REF00129.jpg
REF00130,Article 130,accessoire,M04,laine,sport,premium,F062,images/REF00130.jpg
REF00131,Article 131,maison,M19,lin,sport,premium,F006,images/REF00131.jpg
REF00132,Article 132,haut,M12,synthetique,ville,entree,F091,images/REF00132.jpg
REF00133,Article 133,maison,M23,synthetique,sport,milieu,F090,images/REF00133.jpg
REF00134,Article 134,haut,M05,lin,soiree,entree,F078,images/REF00134.jpg
REF00135,Article 135,haut,M25,synthetique,sport,entree,F105,images/REF00135.jpg
REF00136,Article 136,accessoire,M10,laine,soiree,entree,F035,images/REF00136.jpg
REF00137,Article 137,maison,M36,laine,sport,premium,F003,images/REF00137.jpg
REF00138,Article 138,maison,M06,laine,soiree,premium,F036,images/REF00138.jpg
REF00139,Article 139,accessoire,M29,lin,ville,milieu,F048,images/REF00139.jpg
REF00140,Article 140,haut,M05,laine,ville,milieu,F096,images/REF00140.jpg
REF00141,Article 141,bas,M13,synthetique,sport,milieu,F019,images/REF00141.jpg
REF00142,Article 142,maison,M31,lin,sport,milieu,F041,images/REF00142.jpg
REF00143,Article 143,accessoire,M23,lin,ville,premium,F009,images/REF00143.jpg
REF00144,Article 144,haut,M12,laine,ville,milieu,F121,images/REF00144.jpg
REF00145,Article 145,accessoire,M14,synthetique,ville,premium,F102,images/REF00145.jpg
REF00146,Article 146,haut,M36,laine,soiree,premium,F067,images/REF00146.jpg
REF00147,Article 147,accessoire,M35,laine,sport,premium,F005,images/REF00147.jpg
REF00148,Article 148,haut,M01,lin,sport,milieu,F074,images/REF00148.jpg
REF00149,Article 149,bas,M10,laine,sport,milieu,F013,images/REF00149.jpg
REF00150,Article 150,bas,M13,lin,soiree,entree,F050,images/REF00150.jpg
REF00151,Article 151,maison,M06,coton,soiree,entree,F119,images/REF00151.jpg
REF00152,Article 152,accessoire,M13,lin,sport,premium,F048,images/REF00152.jpg
REF00153,Article 153,accessoire,M03,coton,sport,entree,F053,images/REF00153.jpg
REF00154,Article 154,bas,M17,coton,sport,premium,F059,images/REF00154.jpg
REF00155,Article 155,bas,M28,synthetique,soiree,milieu,F015,images/REF00155.jpg
REF00156,Article 156,maison,M24,lin,soiree,premium,F045,images/REF00156.jpg
REF00157,Article 157,maison,M09,synthetique,ville,entree,F007,images/REF00157.jpg
REF00158,Article 158,haut,M21,laine,sport,entree,F088,images/REF00158.jpg
REF00159,Article 159,haut,M28,coton,ville,milieu,F007,images/REF00159.jpg
REF00160,Article 160,bas,M14,laine,ville,premium,F010,images/REF00160.jpg
REF00161,Article 161,bas,M17,laine,sport,entree,F040,images/REF00161.jpg
REF00162,Article 162,bas,M14,synthetique,ville,premium,F044,images/REF00162.jpg
REF00163,Article 163,bas,M05,coton,soiree,premium,F034,images/REF00163.jpg
REF00164,Article 164,maison,M29,lin,soiree,milieu,F114,images/REF00164.jpg
REF00165,Article 165,bas,M14,lin,ville,premium,F048,images/REF00165.jpg
REF00166,Article 166,maison,M13,synthetique,soiree,premium,F006,images/REF00166.jpg
REF00167,Article 167,accessoire,M40,laine,soiree,premium,F097,images/REF00167.jpg
REF00168,Article 168,bas,M28,coton,soiree,premium,F052,images/REF00168.jpg
REF00169,Article 169,maison,M16,synthetique,sport,premium,F018,images/REF00169.jpg
REF00170,Article 170,bas,M21,laine,sport,entree,F018,images/REF00170.jpg
REF00171,Article 171,maison,M03,synthetique,ville,milieu,F011,images/REF00171.jpg
REF00172,Article 172,bas,M10,synthetique,soiree,milieu,F016,images/REF00172.jpg
REF00173,Article 173,maison,M07,laine,ville,premium,F032,images/REF00173.jpg
REF00174,Article 174,accessoire,M31,coton,soiree,entree,F023,images/REF00174.jpg
REF00175,Article 175,maison,M13,coton,sport,entree,F009,images/REF00175.jpg
REF00176,Article 176,haut,M22,coton,ville,premium,F128,images/REF00176.jpg
REF00177,Article 177,haut,M31,synthetique,ville,milieu,F033,images/REF00177.jpg
REF00178,Article 178,haut,M26,laine,soiree,milieu,F017,images/REF00178.jpg
REF00179,Article 179,accessoire,M08,lin,soiree,milieu,F017,images/REF00179.jpg
REF00180,Article 180,bas,M04,coton,ville,entree,F117,images/REF00180.jpg
REF00181,Article 181,maison,M37,laine,sport,premium,F067,images/REF00181.jpg
REF00182,Article 182,haut,M19,lin,ville,milieu,F126,images/REF00182.jpg
REF00183,Article 183,haut,M05,lin,soiree,premium,F061,images/REF00183.jpg
REF00184,Article 184,maison,M21,synthetique,soiree,premium,F069,images/REF00184.jpg
REF00185,Article 185,bas,M21,laine,sport,entree,F067,images/REF00185.jpg
REF00186,Article 186,accessoire,M17,coton,ville,milieu,F033,images/REF00186.jpg
REF00187,Article 187,bas,M37,synthetique,sport,milieu,F108,images/REF00187.jpg
REF00188,Article 188,accessoire,M15,coton,sport,premium,F073,images/REF00188.jpg
REF00189,Article 189,haut,M40,laine,sport,milieu,F015,images/REF00189.jpg
REF00190,Article 190,accessoire,M06,lin,soiree,milieu,F131,images/REF00190.jpg
REF00191,Article 191,maison,M06,synthetique,sport,premium,F035,images/REF00191.jpg
REF00192,Article 192,accessoire,M20,synthetique,ville,entree,F127,images/REF00192.jpg
REF00193,Article 193,maison,M13,coton,ville,milieu,F084,images/REF00193.jpg
REF00194,Article 194,maison,M32,synthetique,ville,milieu,F005,images/REF00194.jpg
REF00195,Article 195,accessoire,M32,laine,soiree,milieu,F062,images/REF00195.jpg
REF00196,Article 196,maison,M24,lin,ville,entree,F027,images/REF00196.jpg
REF00197,Article 197,bas,M13,synthetique,soiree,milieu,F139,images/REF00197.jpg
REF00198,Article 198,haut,M13,lin,ville,premium,F119,images/REF00198.jpg
REF00199,Article 199,accessoire,M30,coton,sport,milieu,F101,images/REF00199.jpg
REF00200,Article 200,accessoire,M08,synthetique,soiree,premium,F085,images/REF00200.jpg
REF00201,Article 201,haut,M01,coton,soiree,entree,F098,images/REF00201.jpg
REF00202,Article 202,haut,M15,coton,ville,premium,F125,images/REF00202.jpg
REF00203,Article 203,accessoire,M26,lin,soiree,premium,F110,images/REF00203.jpg
REF00204,Article 204,bas,M13,laine,soiree,premium,F073,images/REF00204.jpg
REF00205,Article 205,bas,M39,synthetique,sport,milieu,F064,images/REF00205.jpg
REF00206,Article 206,maison,M08,lin,sport,entree,F051,images/REF00206.jpg
REF00207,Article 207,accessoire,M07,synthetique,soiree,entree,F111,images/REF00207.jpg
REF00208,Article 208,maison,M17,synthetique,soiree,entree,F063,images/REF00208.jpg
REF00209,Article 209,haut,M20,synthetique,sport,entree,F106,images/REF00209.jpg
REF00210,Article 210,maison,M15,lin,ville,milieu,F048,images/REF00210.jpg
REF00211,Article 211,accessoire,M37,synthetique,soiree,milieu,F073,images/REF00211.jpg
REF00212,Article 212,haut,M22,laine,soiree,milieu,F087,images/REF00212.jpg
REF00213,Article 213,haut,M20,lin,soiree,entree,F032,images/REF00213.jpg
REF00214,Article 214,bas,M34,laine,ville,milieu,F063,images/REF00214.jpg
REF00215,Article 215,accessoire,M39,synthetique,soiree,premium,F131,images/REF00215.jpg
REF00216,Article 216,haut,M15,synthetique,sport,premium,F021,images/REF00216.jpg
REF00217,Article 217,accessoire,M20,synthetique,sport,milieu,F077,images/REF00217.jpg
REF00218,Article 218,maison,M27,lin,sport,entree,F106,images/REF00218.jpg
REF00219,Article 219,haut,M39,lin,soiree,entree,F085,images/REF00219.jpg
REF00220,Article 220,haut,M07,coton,sport,premium,F015,images/REF00220.jpg
REF00221,Article 221,maison,M31,coton,ville,entree,F029,images/REF00221.jpg
REF00222,Article 222,haut,M10,synthetique,soiree,entree,F091,images/REF00222.jpg
REF00223,Article 223,maison,M40,lin,soiree,milieu,F078,images/REF00223.jpg
REF00224,Article 224,bas,M35,synthetique,ville,entree,F113,images/REF00224.jpg
REF00225,Article 225,maison,M32,laine,sport,entree,F068,images/REF00225.jpg
REF00226,Article 226,haut,M30,lin,soiree,milieu,F089,images/REF00226.jpg
REF00227,Article 227,accessoire,M13,laine,sport,milieu,F091,images/REF00227.jpg
REF00228,Article 228,maison,M29,synthetique,ville,premium,F122,images/REF00228.jpg
REF00229,Article 229,bas,M38,lin,sport,premium,F020,images/REF00229.jpg
REF00230,Article 230,accessoire,M33,lin,ville,milieu,F056,images/REF00230.jpg
REF00231,Article 231,haut,M18,lin,sport,milieu,F038,images/REF00231.jpg
REF00232,Article 232,haut,M36,laine,sport,milieu,F066,images/REF00232.jpg
REF00233,Article 233,haut,M31,laine,soiree,milieu,F016,images/REF00233.jpg
REF00234,Article 234,bas,M38,lin,sport,milieu,F136,images/REF00234.jpg
REF00235,Article 235,accessoire,M20,lin,ville,entree,F091,images/REF00235.jpg
REF00236,Article 236,haut,M30,laine,sport,premium,F014,images/REF00236.jpg
REF00237,Article 237,haut,M06,laine,soiree,entree,F100,images/REF00237.jpg
REF00238,Article 238,accessoire,M38,coton,sport,premium,F054,images/REF00238.jpg
REF00239,Article 239,bas,M17,lin,ville,entree,F102,images/REF00239.jpg
REF00240,Article 240,haut,M11,laine,soiree,premium,F109,images/REF00240.jpg
REF00241,Article 241,haut,M33,laine,sport,milieu,F051,images/REF00241.jpg
REF00242,Article 242,haut,M20,lin,ville,premium,F108,images/REF00242.jpg
REF00243,Article 243,accessoire,M13,synthetique,soiree,entree,F036,images/REF00243.jpg
REF00244,Article 244,haut,M08,synthetique,ville,milieu,F109,images/REF00244.jpg
REF00245,Article 245,maison,M08,synthetique,ville,entree,F056,images/REF00245.jpg
REF00246,Article 246,accessoire,M05,lin,sport,milieu,F029,images/REF00246.jpg
REF00247,Article 247,bas,M39,lin,ville,premium,F103,images/REF00247.jpg
REF00248,Article 248,accessoire,M16,coton,sport,premium,F136,images/REF00248.jpg
REF00249,Article 249,haut,M18,synthetique,ville,premium,F118,images/REF00249.jpg
REF00250,Article 250,bas,M14,laine,sport,entree,F002,images/REF00250.jpg
REF00251,Article 251,bas,M05,lin,ville,premium,F130,images/REF00251.jpg
REF00252,Article 252,accessoire,M26,synthetique,ville,milieu,F029,images/REF00252.jpg
REF00253,Article 253,haut,M01,synthetique,sport,milieu,F040,images/REF00253.jpg
REF00254,Article 254,bas,M17,laine,soiree,premium,F077,images/REF00254.jpg
REF00255,Article 255,haut,M35,synthetique,soiree,milieu,F106,images/REF00255.jpg
REF00256,Article 256,haut,M07,lin,soiree,entree,F096,images/REF00256.jpg
REF00257,Article 257,haut,M22,synthetique,ville,milieu,F030,images/REF00257.jpg
REF00258,Article 258,bas,M20,laine,sport,milieu,F104,images/REF00258.jpg
REF00259,Article 259,maison,M14,coton,ville,premium,F018,images/REF00259.jpg
REF00260,Article 260,bas,M14,coton,ville,milieu,F001,images/REF00260.jpg
REF00261,Article 261,haut,M21,coton,ville,premium,F124,images/REF00261.jpg
REF00262,Article 262,maison,M31,synthetique,soiree,entree,F030,images/REF00262.jpg
REF00263,Article 263,accessoire,M26,coton,soiree,premium,F118,images/REF00263.jpg
REF00264,Article 264,haut,M28,coton,sport,milieu,F006,images/REF00264.jpg
REF00265,Article 265,haut,M28,lin,soiree,milieu,F124,images/REF00265.jpg
REF00266,Article 266,haut,M39,synthetique,soiree,milieu,F022,images/REF00266.jpg
REF00267,Article 267,maison,M25,coton,ville,entree,F054,images/REF00267.jpg
REF00268,Article 268,accessoire,M39,lin,ville,entree,F018,images/REF00268.jpg
REF00269,Article 269,accessoire,M38,laine,sport,milieu,F060,images/REF00269.jpg
REF00270,Article 270,maison,M24,coton,ville,entree,F136,images/REF00270.jpg
REF00271,Article 271,bas,M31,coton,sport,milieu,F040,images/REF00271.jpg
REF00272,Article 272,maison,M11,coton,ville,milieu,F086,images/REF00272.jpg
REF00273,Article 273,bas,M03,synthetique,sport,milieu,F068,images/REF00273.jpg
REF00274,Article 274,accessoire,M23,coton,ville,milieu,F117,images/REF00274.jpg
REF00275,Article 275,maison,M20,laine,sport,milieu,F099,images/REF00275.jpg
REF00276,Article 276,haut,M12,lin,ville,milieu,F031,images/REF00276.jpg
REF00277,Article 277,accessoire,M05,laine,soiree,entree,F103,images/REF00277.jpg
REF00278,Article 278,maison,M21,synthetique,sport,entree,F108,images/REF00278.jpg
REF00279,Article 279,maison,M38,laine,soiree,entree,F039,images/REF00279.jpg
REF00280,Article 280,accessoire,M31,laine,sport,entree,F032,images/REF00280.jpg
REF00281,Article 281,bas,M02,lin,soiree,entree,F116,images/REF00281.jpg
REF00282,Article 282,haut,M29,synthetique,sport,premium,F092,images/REF00282.jpg
REF00283,Article 283,maison,M20,coton,sport,premium,F104,images/REF00283.jpg
REF00284,Article 284,bas,M19,coton,ville,entree,F082,images/REF00284.jpg
REF00285,Article 285,maison,M28,synthetique,ville,entree,F025,images/REF00285.jpg
REF00286,Article 286,haut,M13,synthetique,soiree,milieu,F027,images/REF00286.jpg
REF00287,Article 287,bas,M29,coton,ville,milieu,F083,images/REF00287.jpg
REF00288,Article 288,maison,M02,lin,sport,entree,F024,images/REF00288.jpg
REF00289,Article 289,accessoire,M12,lin,sport,premium,F067,images/REF00289.jpg
REF00290,Article 290,accessoire,M35,laine,ville,entree,F117,images/REF00290.jpg
REF00291,Article 291,accessoire,M40,laine,sport,entree,F093,images/REF00291.jpg
REF00292,Article 292,maison,M34,synthetique,ville,premium,F065,images/REF00292.jpg
REF00293,Article 293,maison,M26,coton,soiree,entree,F008,images/REF00293.jpg
REF00294,Article 294,maison,M25,laine,sport,premium,F059,images/REF00294.jpg
REF00295,Article 295,accessoire,M21,lin,ville,milieu,F135,images/REF00295.jpg
REF00296,Article 296,bas,M33,laine,ville,milieu,F087,images/REF00296.jpg
REF00297,Article 297,haut,M16,synthetique,soiree,premium,F110,images/REF00297.jpg
REF00298,Article 298,maison,M08,lin,soiree,premium,F065,images/REF00298.jpg
REF00299,Article 299,bas,M25,lin,sport,entree,F080,images/REF00299.jpg
REF00300,Article 300,haut,M27,lin,ville,entree,F134,images/REF00300.jpg
REF00301,Article 301,haut,M25,laine,soiree,premium,F077,images/REF00301.jpg
REF00302,Article 302,haut,M12,coton,sport,milieu,F051,images/REF00302.jpg
REF00303,Article 303,haut,M33,synthetique,ville,entree,F088,images/REF00303.jpg
REF00304,Article 304,bas,M33,laine,ville,entree,F023,images/REF00304.jpg
REF00305,Article 305,bas,M01,lin,soiree,milieu,F070,images/REF00305.jpg
REF00306,Article 306,bas,M17,synthetique,soiree,milieu,F053,images/REF00306.jpg
REF00307,Article 307,accessoire,M09,coton,ville,entree,F124,images/REF00307.jpg
REF00308,Article 308,bas,M20,laine,soiree,entree,F112,images/REF00308.jpg
REF00309,Article 309,accessoire,M23,coton,ville,milieu,F139,images/REF00309.jpg
REF00310,Article 310,accessoire,M15,synthetique,ville,entree,F032,images/REF00310.jpg
REF00311,Article 311,accessoire,M36,synthetique,soiree,premium,F015,images/REF00311.jpg
REF00312,Article 312,accessoire,M18,lin,ville,entree,F067,images/REF00312.jpg
REF00313,Article 313,haut,M05,laine,ville,entree,F036,images/REF00313.jpg
REF00314,Article 314,haut,M35,synthetique,soiree,premium,F057,images/REF00314.jpg
REF00315,Article 315,maison,M38,synthetique,soiree,entree,F078,images/REF00315.jpg
REF00316,Article 316,accessoire,M39,coton,soiree,premium,F051,images/REF00316.jpg
REF00317,Article 317,bas,M15,synthetique,sport,milieu,F044,images/REF00317.jpg
REF00318,Article 318,bas,M11,synthetique,soiree,entree,F037,images/REF00318.jpg
REF00319,Article 319,maison,M21,coton,sport,milieu,F029,images/REF00319.jpg
REF00320,Article 320,accessoire,M33,coton,ville,entree,F023,images/REF00320.jpg
REF00321,Article 321,bas,M34,synthetique,soiree,premium,F045,images/REF00321.jpg
REF00322,Article 322,bas,M39,lin,sport,milieu,F048,images/REF00322.jpg
REF00323,Article 323,haut,M31,lin,sport,premium,F103,images/REF00323.jpg
REF00324,Article 324,maison,M21,synthetique,ville,premium,F062,images/REF00324.jpg
REF00325,Article 325,accessoire,M37,lin,soiree,entree,F126,images/REF00325.jpg
REF00326,Article 326,bas,M24,coton,ville,entree,F098,images/REF00326.jpg
REF00327,Article 327,accessoire,M08,laine,soiree,premium,F137,images/REF00327.jpg
REF00328,Article 328,accessoire,M33,coton,soiree,premium,F118,images/REF00328.jpg
REF00329,Article 329,accessoire,M38,laine,soiree,entree,F006,images/REF00329.jpg
REF00330,Article 330,accessoire,M27,coton,sport,entree,F076,images/REF00330.jpg
REF00331,Article 331,maison,M24,synthetique,ville,premium,F034,images/REF00331.jpg
REF00332,Article 332,accessoire,M22,coton,soiree,entree,F018,images/REF00332.jpg
REF00333,Article 333,bas,M16,lin,soiree,milieu,F126,images/REF00333.jpg
REF00334,Article 334,bas,M36,lin,ville,milieu,F120,images/REF00334.jpg
REF00335,Article 335,bas,M13,lin,soiree,entree,F010,images/REF00335.jpg
REF00336,Article 336,maison,M23,lin,sport,milieu,F099,images/REF00336.jpg
REF00337,Article 337,haut,M16,lin,soiree,entree,F045,images/REF00337.jpg
REF00338,Article 338,haut,M32,laine,sport,premium,F033,images/REF00338.jpg
REF00339,Article 339,accessoire,M02,coton,soiree,entree,F048,images/REF00339.jpg
REF00340,Article 340,bas,M37,lin,ville,premium,F051,images/REF00340.jpg
REF00341,Article 341,haut,M09,coton,sport,entree,F090,images/REF00341.jpg
REF00342,Article 342,accessoire,M13,lin,ville,entree,F109,images/REF00342.jpg
REF00343,Article 343,accessoire,M04,synthetique,sport,entree,F053,images/REF00343.jpg
REF00344,Article 344,haut,M34,laine,soiree,milieu,F131,images/REF00344.jpg
REF00345,Article 345,bas,M19,lin,ville,premium,F081,images/REF00345.jpg
REF00346,Article 346,haut,M08,coton,sport,premium,F050,images/REF00346.jpg
REF00347,Article 347,accessoire,M19,laine,ville,premium,F094,images/REF00347.jpg
REF00348,Article 348,maison,M22,laine,sport,premium,F126,images/REF00348.jpg
REF00349,Article 349,maison,M13,synthetique,ville,premium,F110,images/REF00349.jpg
REF00350,Article 350,maison,M27,synthetique,ville,entree,F009,images/REF00350.jpg
REF00351,Article 351,bas,M27,laine,soiree,milieu,F097,images/REF00351.jpg
REF00352,Article 352,accessoire,M35,synthetique,sport,milieu,F136,images/REF00352.jpg
REF00353,Article 353,accessoire,M32,lin,soiree,premium,F135,images/REF00353.jpg
REF00354,Article 354,maison,M13,laine,ville,premium,F053,images/REF00354.jpg
REF00355,Article 355,accessoire,M38,synthetique,sport,milieu,F034,images/REF00355.jpg
REF00356,Article 356,maison,M39,lin,ville,milieu,F060,images/REF00356.jpg
REF00357,Article 357,haut,M40,synthetique,soiree,premium,F102,images/REF00357.jpg
REF00358,Article 358,bas,M31,synthetique,soiree,premium,F028,images/REF00358.jpg
REF00359,Article 359,bas,M10,laine,soiree,milieu,F133,images/REF00359.jpg
REF00360,Article 360,accessoire,M37,laine,soiree,entree,F004,images/REF00360.jpg
REF00361,Article 361,maison,M40,lin,soiree,premium,F006,images/REF00361.jpg
REF00362,Article 362,bas,M11,lin,soiree,premium,F102,images/REF00362.jpg
REF00363,Article 363,bas,M06,laine,soiree,entree,F032,images/REF00363.jpg
REF00364,Article 364,accessoire,M22,laine,ville,premium,F025,images/REF00364.jpg
REF00365,Article 365,haut,M09,laine,sport,milieu,F051,images/REF00365.jpg
REF00366,Article 366,bas,M19,synthetique,soiree,entree,F089,images/REF00366.jpg
REF00367,Article 367,haut,M09,synthetique,ville,premium,F103,images/REF00367.jpg
REF00368,Article 368,haut,M39,coton,soiree,premium,F088,images/REF00368.jpg
REF00369,Article 369,accessoire,M28,synthetique,sport,entree,F127,images/REF00369.jpg
REF00370,Article 370,maison,M33,coton,ville,premium,F111,images/REF00370.jpg
REF00371,Article 371,haut,M22,lin,ville,premium,F025,images/REF00371.jpg
REF00372,Article 372,accessoire,M07,coton,ville,premium,F065,images/REF00372.jpg
REF00373,Article 373,accessoire,M37,synthetique,sport,milieu,F008,images/REF00373.jpg
REF00374,Article 374,accessoire,M37,laine,soiree,premium,F028,images/REF00374.jpg
REF00375,Article 375,accessoire,M05,lin,ville,premium,F080,images/REF00375.jpg
REF00376,Article 376,accessoire,M15,laine,sport,entree,F132,images/REF00376.jpg
REF00377,Article 377,haut,M19,lin,soiree,premium,F118,images/REF00377.jpg
REF00378,Article 378,maison,M19,coton,sport,milieu,F055,images/REF00378.jpg
REF00379,Article 379,haut,M07,synthetique,ville,entree,F105,images/REF00379.jpg
REF00380,Article 380,bas,M03,synthetique,sport,premium,F058,images/REF00380.jpg
REF00381,Article 381,maison,M31,synthetique,soiree,premium,F082,images/REF00381.jpg
REF00382,Article 382,accessoire,M21,synthetique,sport,entree,F040,images/REF00382.jpg
REF00383,Article 383,bas,M20,laine,ville,entree,F138,images/REF00383.jpg
REF00384,Article 384,haut,M37,lin,ville,milieu,F056,images/REF00384.jpg
REF00385,Article 385,bas,M30,coton,soiree,entree,F119,images/REF00385.jpg
REF00386,Article 386,accessoire,M19,lin,soiree,milieu,F081,images/REF00386.jpg
REF00387,Article 387,maison,M35,lin,sport,premium,F132,images/REF00387.jpg
REF00388,Article 388,maison,M02,lin,soiree,entree,F047,images/REF00388.jpg
REF00389,Article 389,haut,M40,synthetique,soiree,milieu,F062,images/REF00389.jpg
REF00390,Article 390,accessoire,M34,synthetique,ville,milieu,F104,images/REF00390.jpg
REF00391,Article 391,accessoire,M27,laine,ville,milieu,F064,images/REF00391.jpg
REF00392,Article 392,maison,M19,laine,soiree,premium,F100,images/REF00392.jpg
REF00393,Article 393,bas,M25,laine,sport,entree,F131,images/REF00393.jpg
REF00394,Article 394,bas,M05,coton,soiree,milieu,F064,images/REF00394.jpg
REF00395,Article 395,bas,M12,coton,ville,entree,F075,images/REF00395.jpg
REF00396,Article 396,maison,M28,coton,ville,entree,F086,images/REF00396.jpg
REF00397,Article 397,accessoire,M12,coton,sport,entree,F072,images/REF00397.jpg
REF00398,Article 398,haut,M08,laine,soiree,entree,F049,images/REF00398.jpg
REF00399,Article 399,accessoire,M32,lin,sport,milieu,F119,images/REF00399.jpg
REF00400,Article 400,maison,M25,lin,ville,premium,F076,images/REF00400.jpg
REF00401,Article 401,maison,M38,coton,sport,milieu,F040,images/REF00401.jpg
REF00402,Article 402,bas,M17,synthetique,soiree,entree,F045,images/REF00402.jpg
REF00403,Article 403,maison,M10,coton,sport,premium,F072,images/REF00403.jpg
REF00404,Article 404,haut,M10,synthetique,ville,milieu,F079,images/REF00404.jpg
REF00405,Article 405,accessoire,M40,coton,sport,milieu,F098,images/REF00405.jpg
REF00406,Article 406,accessoire,M18,lin,soiree,premium,F131,images/REF00406.jpg
REF00407,Article 407,haut,M21,lin,soiree,premium,F086,images/REF00407.jpg
REF00408,Article 408,bas,M12,coton,sport,entree,F072,images/REF00408.jpg
REF00409,Article 409,bas,M22,coton,sport,premium,F005,images/REF00409.jpg
REF00410,Article 410,bas,M19,coton,sport,entree,F081,images/REF00410.jpg
REF00411,Article 411,bas,M14,lin,ville,entree,F124,images/REF00411.jpg
REF00412,Article 412,maison,M24,coton,ville,premium,F063,images/REF00412.jpg
REF00413,Article 413,maison,M32,laine,sport,entree,F069,images/REF00413.jpg
REF00414,Article 414,haut,M21,coton,sport,premium,F070,images/REF00414.jpg
REF00415,Article 415,maison,M34,coton,sport,premium,F076,images/REF00415.jpg
REF00416,Article 416,accessoire,M03,laine,soiree,entree,F050,images/REF00416.jpg
REF00417,Article 417,haut,M29,lin,soiree,entree,F102,images/REF00417.jpg
REF00418,Article 418,bas,M23,lin,ville,entree,F123,images/REF00418.jpg
REF00419,Article 419,bas,M09,laine,ville,entree,F136,images/REF00419.jpg
REF00420,Article 420,accessoire,M38,coton,ville,milieu,F001,images/REF00420.jpg
REF00421,Article 421,haut,M30,lin,ville,milieu,F133,images/REF00421.jpg
REF00422,Article 422,bas,M35,coton,soiree,premium,F047,images/REF00422.jpg
REF00423,Article 423,haut,M25,coton,soiree,milieu,F124,images/REF00423.jpg
REF00424,Article 424,haut,M17,synthetique,ville,entree,F061,images/REF00424.jpg
REF00425,Article 425,maison,M07,synthetique,sport,entree,F119,images/REF00425.jpg
REF00426,Article 426,accessoire,M31,laine,ville,milieu,F045,images/REF00426.jpg
REF00427,Article 427,bas,M13,synthetique,sport,entree,F058,images/REF00427.jpg
REF00428,Article 428,maison,M07,lin,soiree,premium,F112,images/REF00428.jpg
REF00429,Article 429,bas,M17,laine,soiree,entree,F101,images/REF00429.jpg
REF00430,Article 430,haut,M29,lin,ville,premium,F122,images/REF00430.jpg
REF00431,Article 431,maison,M15,laine,soiree,entree,F127,images/REF00431.jpg
REF00432,Article 432,haut,M08,lin,ville,milieu,F132,images/REF00432.jpg
REF00433,Article 433,maison,M01,lin,sport,entree,F044,images/REF00433.jpg
REF00434,Article 434,haut,M04,coton,sport,premium,F139,images/REF00434.jpg
REF00435,Article 435,maison,M13,laine,sport,premium,F065,images/REF00435.jpg
REF00436,Article 436,bas,M27,lin,soiree,milieu,F052,images/REF00436.jpg
REF00437,Article 437,haut,M27,synthetique,soiree,premium,F046,images/REF00437.jpg
REF00438,Article 438,maison,M15,coton,soiree,milieu,F009,images/REF00438.jpg
REF00439,Article 439,bas,M06,laine,sport,entree,F042,images/REF00439.jpg
REF00440,Article 440,haut,M21,synthetique,sport,premium,F110,images/REF00440.jpg
REF00441,Article 441,accessoire,M12,synthetique,sport,entree,F037,images/REF00441.jpg
REF00442,Article 442,maison,M02,synthetique,sport,entree,F009,images/REF00442.jpg
REF00443,Article 443,haut,M08,coton,sport,milieu,F120,images/REF00443.jpg
REF00444,Article 444,accessoire,M10,laine,soiree,milieu,F130,images/REF00444.jpg
REF00445,Article 445,maison,M20,synthetique,soiree,premium,F110,images/REF00445.jpg
REF00446,Article 446,haut,M04,synthetique,soiree,entree,F042,images/REF00446.jpg
REF00447,Article 447,maison,M24,laine,ville,premium,F012,images/REF00447.jpg
REF00448,Article 448,bas,M38,coton,ville,milieu,F038,images/REF00448.jpg
REF00449,Article 449,haut,M16,coton,sport,premium,F111,images/REF00449.jpg
REF00450,Article 450,haut,M05,synthetique,soiree,milieu,F046,images/REF00450.jpg
REF00451,Article 451,maison,M13,coton,soiree,entree,F070,images/REF00451.jpg
REF00452,Article 452,accessoire,M37,laine,soiree,milieu,F029,images/REF00452.jpg
REF00453,Article 453,maison,M37,lin,sport,milieu,F018,images/REF00453.jpg
REF00454,Article 454,accessoire,M03,laine,ville,entree,F120,images/REF00454.jpg
REF00455,Article 455,haut,M28,synthetique,soiree,premium,F117,images/REF00455.jpg
REF00456,Article 456,bas,M09,coton,soiree,milieu,F037,images/REF00456.jpg
REF00457,Article 457,bas,M17,coton,soiree,entree,F079,images/REF00457.jpg
REF00458,Article 458,bas,M29,synthetique,ville,premium,F019,images/REF00458.jpg
REF00459,Article 459,haut,M19,lin,sport,milieu,F068,images/REF00459.jpg
REF00460,Article 460,maison,M26,laine,sport,milieu,F008,images/REF00460.jpg
REF00461,Article 461,haut,M26,coton,soiree,entree,F021,images/REF00461.jpg
REF00462,Article 462,maison,M03,laine,ville,milieu,F090,images/REF00462.jpg
REF00463,Article 463,accessoire,M26,synthetique,ville,premium,F104,images/REF00463.jpg
REF00464,Article 464,bas,M14,coton,ville,milieu,F009,images/REF00464.jpg
REF00465,Article 465,accessoire,M21,lin,sport,entree,F113,images/REF00465.jpg
REF00466,Article 466,bas,M06,lin,sport,milieu,F103,images/REF00466.jpg
REF00467,Article 467,accessoire,M10,synthetique,sport,premium,F042,images/REF00467.jpg
REF00468,Article 468,accessoire,M14,coton,sport,premium,F117,images/REF00468.jpg
REF00469,Article 469,bas,M40,synthetique,sport,milieu,F073,images/REF00469.jpg
REF00470,Article 470,maison,M15,laine,ville,premium,F010,images/REF00470.jpg
REF00471,Article 471,maison,M20,laine,sport,milieu,F068,images/REF00471.jpg
REF00472,Article 472,haut,M22,coton,soiree,entree,F057,images/REF00472.jpg
REF00473,Article 473,maison,M34,coton,sport,entree,F113,images/REF00473.jpg
REF00474,Article 474,haut,M31,synthetique,sport,entree,F051,images/REF00474.jpg
REF00475,Article 475,haut,M04,coton,sport,milieu,F077,images/REF00475.jpg
REF00476,Article 476,bas,M02,laine,ville,premium,F074,images/REF00476.jpg
REF00477,Article 477,maison,M19,coton,soiree,entree,F051,images/REF00477.jpg
REF00478,Article 478,accessoire,M28,coton,ville,premium,F078,images/REF00478.jpg
REF00479,Article 479,maison,M08,laine,sport,entree,F095,images/REF00479.jpg
REF00480,Article 480,haut,M38,lin,soiree,milieu,F047,images/REF00480.jpg
REF00481,Article 481,accessoire,M33,synthetique,ville,entree,F094,images/REF00481.jpg
REF00482,Article 482,haut,M14,coton,sport,premium,F128,images/REF00482.jpg
REF00483,Article 483,haut,M21,coton,soiree,milieu,F026,images/REF00483.jpg
REF00484,Article 484,haut,M27,lin,soiree,milieu,F135,images/REF00484.jpg
REF00485,Article 485,maison,M05,lin,ville,milieu,F136,images/REF00485.jpg
REF00486,Article 486,bas,M18,synthetique,sport,premium,F043,images/REF00486.jpg
REF00487,Article 487,maison,M24,lin,sport,milieu,F054,images/REF00487.jpg
REF00488,Article 488,accessoire,M12,lin,ville,premium,F005,images/REF00488.jpg
REF00489,Article 489,accessoire,M11,laine,sport,premium,F111,images/REF00489.jpg
REF00490,Article 490,accessoire,M22,synthetique,sport,entree,F035,images/REF00490.jpg
REF00491,Article 491,maison,M16,synthetique,soiree,premium,F101,images/REF00491.jpg
REF00492,Article 492,haut,M03,lin,ville,premium,F036,images/REF00492.jpg
REF00493,Article 493,accessoire,M07,synthetique,ville,premium,F099,images/REF00493.jpg
REF00494,Article 494,haut,M28,synthetique,soiree,premium,F059,images/REF00494.jpg
REF00495,Article 495,accessoire,M36,lin,sport,entree,F103,images/REF00495.jpg
REF00496,Article 496,bas,M22,laine,ville,premium,F052,images/REF00496.jpg
REF00497,Article 497,maison,M32,synthetique,soiree,milieu,F112,images/REF00497.jpg
REF00498,Article 498,maison,M11,lin,sport,entree,F095,images/REF00498.jpg
REF00499,Article 499,haut,M19,coton,sport,milieu,F122,images/REF00499.jpg
REF00500,Article 500,maison,M02,laine,soiree,milieu,F001,images/REF00500.jpg
REF00501,Article 501,haut,M29,lin,soiree,premium,F083,images/REF00501.jpg
REF00502,Article 502,bas,M38,lin,sport,entree,F067,images/REF00502.jpg
REF00503,Article 503,accessoire,M37,coton,soiree,premium,F117,images/REF00503.jpg
REF00504,Article 504,maison,M27,synthetique,soiree,milieu,F004,images/REF00504.jpg
REF00505,Article 505,bas,M04,synthetique,soiree,milieu,F091,images/REF00505.jpg
REF00506,Article 506,maison,M02,laine,soiree,entree,F138,images/REF00506.jpg
REF00507,Article 507,bas,M08,lin,soiree,entree,F050,images/REF00507.jpg
REF00508,Article 508,bas,M32,laine,sport,premium,F027,images/REF00508.jpg
REF00509,Article 509,maison,M06,laine,soiree,premium,F132,images/REF00509.jpg
REF00510,Article 510,accessoire,M05,laine,sport,milieu,F113,images/REF00510.jpg
REF00511,Article 511,accessoire,M29,lin,sport,premium,F043,images/REF00511.jpg
REF00512,Article 512,bas,M19,coton,sport,milieu,F081,images/REF00512.jpg
REF00513,Article 513,haut,M40,coton,sport,milieu,F123,images/REF00513.jpg
REF00514,Article 514,haut,M05,laine,ville,milieu,F109,images/REF00514.jpg
REF00515,Article 515,bas,M01,synthetique,ville,premium,F016,images/REF00515.jpg
REF00516,Article 516,accessoire,M37,laine,ville,premium,F127,images/REF00516.jpg
REF00517,Article 517,maison,M06,coton,soiree,entree,F126,images/REF00517.jpg
REF00518,Article 518,haut,M26,synthetique,soiree,premium,F121,images/REF00518.jpg
REF00519,Article 519,haut,M08,coton,soiree,entree,F087,images/REF00519.jpg
REF00520,Article 520,accessoire,M28,lin,soiree,premium,F134,images/REF00520.jpg
REF00521,Article 521,haut,M25,coton,sport,milieu,F054,images/REF00521.jpg
REF00522,Article 522,maison,M14,coton,ville,premium,F112,images/REF00522.jpg
REF00523,Article 523,accessoire,M32,coton,sport,milieu,F129,images/REF00523.jpg
REF00524,Article 524,maison,M14,coton,sport,entree,F052,images/REF00524.jpg
REF00525,Article 525,bas,M29,lin,ville,entree,F135,images/REF00525.jpg
REF00526,Article 526,bas,M03,laine,soiree,milieu,F123,images/REF00526.jpg
REF00527,Article 527,maison,M17,coton,ville,entree,F089,images/REF00527.jpg
REF00528,Article 528,haut,M36,lin,ville,premium,F011,images/REF00528.jpg
REF00529,Article 529,haut,M36,laine,soiree,entree,F093,images/REF00529.jpg
REF00530,Article 530,maison,M06,coton,soiree,milieu,F004,images/REF00530.jpg
REF00531,Article 531,haut,M29,synthetique,sport,premium,F066,images/REF00531.jpg
REF00532,Article 532,maison,M25,coton,ville,entree,F012,images/REF00532.jpg
REF00533,Article 533,accessoire,M01,synthetique,soiree,premium,F089,images/REF00533.jpg
REF00534,Article 534,maison,M09,lin,soiree,entree,F019,images/REF00534.jpg
REF00535,Article 535,bas,M21,lin,sport,premium,F057,images/REF00535.jpg
REF00536,Article 536,accessoire,M04,laine,soiree,milieu,F134,images/REF00536.jpg
REF00537,Article 537,haut,M32,laine,ville,milieu,F138,images/REF00537.jpg
REF00538,Article 538,accessoire,M02,laine,ville,premium,F029,images/REF00538.jpg
REF00539,Article 539,haut,M31,coton,sport,premium,F112,images/REF00539.jpg
REF00540,Article 540,bas,M14,synthetique,ville,entree,F052,images/REF00540.jpg
REF00541,Article 541,bas,M15,laine,ville,milieu,F137,images/REF00541.jpg
REF00542,Article 542,haut,M05,synthetique,soiree,entree,F116,images/REF00542.jpg
REF00543,Article 543,accessoire,M37,coton,soiree,milieu,F020,images/REF00543.jpg
REF00544,Article 544,bas,M34,lin,soiree,milieu,F021,images/REF00544.jpg
REF00545,Article 545,haut,M07,lin,sport,entree,F001,images/REF00545.jpg
REF00546,Article 546,accessoire,M25,lin,soiree,milieu,F073,images/REF00546.jpg
REF00547,Article 547,haut,M38,synthetique,ville,entree,F132,images/REF00547.jpg
REF00548,Article 548,bas,M08,lin,sport,entree,F052,images/REF00548.jpg
REF00549,Article 549,bas,M31,synthetique,sport,entree,F120,images/REF00549.jpg
REF00550,Article 550,accessoire,M02,lin,ville,milieu,F073,images/REF00550.jpg
REF00551,Article 551,accessoire,M09,synthetique,ville,milieu,F135,images/REF00551.jpg
REF00552,Article 552,accessoire,M19,coton,ville,entree,F086,images/REF00552.jpg
REF00553,Article 553,haut,M02,synthetique,ville,milieu,F132,images/REF00553.jpg
REF00554,Article 554,bas,M34,lin,sport,entree,F018,images/REF00554.jpg
REF00555,Article 555,accessoire,M02,coton,soiree,entree,F008,images/REF00555.jpg
REF00556,Article 556,maison,M10,coton,ville,premium,F005,images/REF00556.jpg
REF00557,Article 557,maison,M29,coton,soiree,milieu,F080,images/REF00557.jpg
REF00558,Article 558,haut,M24,coton,ville,premium,F089,images/REF00558.jpg
REF00559,Article 559,haut,M02,laine,sport,milieu,F066,images/REF00559.jpg
REF00560,Article 560,bas,M10,laine,soiree,premium,F134,images/REF00560.jpg
REF00561,Article 561,bas,M32,synthetique,soiree,premium,F111,images/REF00561.jpg
REF00562,Article 562,haut,M39,lin,soiree,milieu,F021,images/REF00562.jpg
REF00563,Article 563,haut,M15,lin,soiree,milieu,F047,images/REF00563.jpg
REF00564,Article 564,maison,M10,synthetique,soiree,entree,F039,images/REF00564.jpg
REF00565,Article 565,accessoire,M14,laine,sport,milieu,F118,images/REF00565.jpg
REF00566,Article 566,bas,M09,coton,ville,milieu,F088,images/REF00566.jpg
REF00567,Article 567,accessoire,M16,lin,sport,premium,F087,images/REF00567.jpg
REF00568,Article 568,bas,M25,laine,sport,milieu,F040,images/REF00568.jpg
REF00569,Article 569,accessoire,M33,lin,soiree,entree,F051,images/REF00569.jpg
REF00570,Article 570,haut,M12,coton,soiree,entree,F072,images/REF00570.jpg
REF00571,Article 571,haut,M07,lin,sport,entree,F007,images/REF00571.jpg
REF00572,Article 572,accessoire,M35,synthetique,soiree,premium,F084,images/REF00572.jpg
REF00573,Article 573,accessoire,M10,lin,sport,milieu,F070,images/REF00573.jpg
REF00574,Article 574,bas,M31,coton,sport,entree,F105,images/REF00574.jpg
REF00575,Article 575,bas,M28,lin,sport,entree,F009,images/REF00575.jpg
REF00576,Article 576,haut,M28,laine,ville,milieu,F083,images/REF00576.jpg
REF00577,Article 577,maison,M24,lin,sport,premium,F103,images/REF00577.jpg
REF00578,Article 578,haut,M39,laine,sport,premium,F130,images/REF00578.jpg
REF00579,Article 579,bas,M22,synthetique,soiree,premium,F028,images/REF00579.jpg
REF00580,Article 580,bas,M18,lin,ville,milieu,F084,images/REF00580.jpg
REF00581,Article 581,maison,M10,laine,soiree,premium,F075,images/REF00581.jpg
REF00582,Article 582,accessoire,M02,coton,soiree,entree,F085,images/REF00582.jpg
REF00583,Article 583,haut,M39,synthetique,ville,milieu,F026,images/REF00583.jpg
REF00584,Article 584,accessoire,M13,lin,soiree,premium,F008,images/REF00584.jpg
REF00585,Article 585,accessoire,M19,laine,ville,milieu,F013,images/REF00585.jpg
REF00586,Article 586,maison,M11,lin,sport,entree,F094,images/REF00586.jpg
REF00587,Article 587,accessoire,M16,lin,sport,entree,F074,images/REF00587.jpg
REF00588,Article 588,maison,M08,laine,sport,milieu,F130,images/REF00588.jpg
REF00589,Article 589,bas,M28,synthetique,ville,milieu,F021,images/REF00589.jpg
REF00590,Article 590,maison,M16,synthetique,sport,milieu,F024,images/REF00590.jpg
REF00591,Article 591,maison,M19,coton,soiree,milieu,F081,images/REF00591.jpg
REF00592,Article 592,maison,M03,lin,soiree,premium,F105,images/REF00592.jpg
REF00593,Article 593,maison,M29,laine,sport,premium,F127,images/REF00593.jpg
REF00594,Article 594,bas,M01,coton,sport,premium,F112,images/REF00594.jpg
REF00595,Article 595,maison,M32,lin,sport,entree,F002,images/REF00595.jpg
REF00596,Article 596,accessoire,M22,laine,ville,entree,F134,images/REF00596.jpg
REF00597,Article 597,accessoire,M40,coton,ville,entree,F007,images/REF00597.jpg
REF00598,Article 598,bas,M06,coton,ville,entree,F076,images/REF00598.jpg
REF00599,Article 599,accessoire,M09,coton,soiree,milieu,F105,images/REF00599.jpg
REF00600,Article 600,bas,M34,laine,sport,entree,F046,images/REF00600.jpg
REF00601,Article 601,accessoire,M17,synthetique,ville,milieu,F012,images/REF00601.jpg
REF00602,Article 602,haut,M05,coton,ville,milieu,F035,images/REF00602.jpg
REF00603,Article 603,haut,M26,lin,soiree,milieu,F030,images/REF00603.jpg
REF00604,Article 604,maison,M04,lin,ville,entree,F121,images/REF00604.jpg
REF00605,Article 605,maison,M23,lin,ville,milieu,F127,images/REF00605.jpg
REF00606,Article 606,haut,M24,synthetique,soiree,premium,F130,images/REF00606.jpg
REF00607,Article 607,haut,M06,lin,soiree,milieu,F066,images/REF00607.jpg
REF00608,Article 608,haut,M33,synthetique,sport,milieu,F073,images/REF00608.jpg
REF00609,Article 609,maison,M19,laine,soiree,entree,F070,images/REF00609.jpg
REF00610,Article 610,bas,M32,coton,ville,milieu,F022,images/REF00610.jpg
REF00611,Article 611,bas,M31,synthetique,ville,entree,F062,images/REF00611.jpg
REF00612,Article 612,accessoire,M35,laine,ville,milieu,F002,images/REF00612.jpg
REF00613,Article 613,accessoire,M35,coton,sport,premium,F026,images/REF00613.jpg
REF00614,Article 614,bas,M19,lin,sport,milieu,F122,images/REF00614.jpg
REF00615,Article 615,haut,M11,laine,sport,premium,F039,images/REF00615.jpg
REF00616,Article 616,bas,M10,lin,soiree,entree,F089,images/REF00616.jpg
REF00617,Article 617,maison,M33,lin,soiree,milieu,F115,images/REF00617.jpg
REF00618,Article 618,accessoire,M01,lin,sport,milieu,F046,images/REF00618.jpg
REF00619,Article 619,bas,M32,lin,sport,premium,F054,images/REF00619.jpg
REF00620,Article 620,haut,M38,coton,ville,entree,F128,images/REF00620.jpg
REF00621,Article 621,accessoire,M38,coton,sport,premium,F101,images/REF00621.jpg
REF00622,Article 622,haut,M24,laine,ville,milieu,F024,images/REF00622.jpg
REF00623,Article 623,maison,M14,lin,ville,premium,F136,images/REF00623.jpg
REF00624,Article 624,accessoire,M38,lin,soiree,premium,F081,images/REF00624.jpg
REF00625,Article 625,accessoire,M27,coton,soiree,entree,F101,images/REF00625.jpg
REF00626,Article 626,accessoire,M34,lin,sport,entree,F135,images/REF00626.jpg
REF00627,Article 627,bas,M24,lin,sport,entree,F136,images/REF00627.jpg
REF00628,Article 628,maison,M27,synthetique,soiree,premium,F012,images/REF00628.jpg
REF00629,Article 629,haut,M09,lin,ville,milieu,F094,images/REF00629.jpg
REF00630,Article 630,bas,M31,lin,sport,entree,F009,images/REF00630.jpg
REF00631,Article 631,accessoire,M37,synthetique,sport,premium,F096,images/REF00631.jpg
REF00632,Article 632,maison,M07,lin,sport,milieu,F125,images/REF00632.jpg
REF00633,Article 633,haut,M31,laine,ville,milieu,F097,images/REF00633.jpg
REF00634,Article 634,haut,M37,lin,sport,premium,F123,images/REF00634.jpg
REF00635,Article 635,maison,M21,lin,ville,milieu,F017,images/REF00635.jpg
REF00636,Article 636,haut,M35,coton,ville,milieu,F043,images/REF00636.jpg
REF00637,Article 637,maison,M12,laine,soiree,premium,F134,images/REF00637.jpg
REF00638,Article 638,accessoire,M20,lin,soiree,milieu,F068,images/REF00638.jpg
REF00639,Article 639,haut,M35,laine,soiree,premium,F137,images/REF00639.jpg
REF00640,Article 640,haut,M18,lin,soiree,entree,F103,images/REF00640.jpg
REF00641,Article 641,haut,M19,synthetique,ville,entree,F062,images/REF00641.jpg
REF00642,Article 642,haut,M20,synthetique,soiree,entree,F032,images/REF00642.jpg
REF00643,Article 643,accessoire,M25,laine,ville,entree,F084,images/REF00643.jpg
REF00644,Article 644,haut,M23,laine,soiree,milieu,F054,images/REF00644.jpg
REF00645,Article 645,bas,M03,synthetique,ville,milieu,F018,images/REF00645.jpg
REF00646,Article 646,bas,M07,synthetique,sport,premium,F098,images/REF00646.jpg
REF00647,Article 647,haut,M12,coton,soiree,premium,F018,images/REF00647.jpg
REF00648,Article 648,bas,M38,laine,sport,milieu,F075,images/REF00648.jpg
REF00649,Article 649,accessoire,M15,synthetique,sport,entree,F095,images/REF00649.jpg
REF00650,Article 650,accessoire,M15,coton,sport,entree,F014,images/REF00650.jpg
REF00651,Article 651,accessoire,M17,laine,ville,entree,F098,images/REF00651.jpg
REF00652,Article 652,maison,M02,laine,ville,entree,F109,images/REF00652.jpg
REF00653,Article 653,haut,M10,lin,sport,premium,F101,images/REF00653.jpg
REF00654,Article 654,bas,M24,synthetique,soiree,premium,F036,images/REF00654.jpg
REF00655,Article 655,accessoire,M09,coton,ville,entree,F126,images/REF00655.jpg
REF00656,Article 656,haut,M06,lin,sport,entree,F041,images/REF00656.jpg
REF00657,Article 657,bas,M24,lin,soiree,milieu,F047,images/REF00657.jpg
REF00658,Article 658,accessoire,M40,lin,ville,entree,F034,images/REF00658.jpg
REF00659,Article 659,accessoire,M13,synthetique,ville,milieu,F139,images/REF00659.jpg
REF00660,Article 660,haut,M38,coton,soiree,milieu,F013,images/REF00660.jpg
REF00661,Article 661,bas,M21,laine,soiree,premium,F091,images/REF00661.jpg
REF00662,Article 662,bas,M31,synthetique,ville,premium,F092,images/REF00662.jpg
REF00663,Article 663,bas,M40,synthetique,soiree,premium,F134,images/REF00663.jpg
REF00664,Article 664,bas,M03,lin,soiree,premium,F093,images/REF00664.jpg
REF00665,Article 665,maison,M13,synthetique,soiree,entree,F112,images/REF00665.jpg
REF00666,Article 666,bas,M34,laine,ville,milieu,F108,images/REF00666.jpg
REF00667,Article 667,accessoire,M30,coton,sport,entree,F015,images/REF00667.jpg
REF00668,Article 668,haut,M08,synthetique,ville,milieu,F106,images/REF00668.jpg
REF00669,Article 669,maison,M39,synthetique,ville,entree,F028,images/REF00669.jpg
REF00670,Article 670,accessoire,M26,lin,ville,entree,F044,images/REF00670.jpg
REF00671,Article 671,bas,M07,laine,sport,premium,F079,images/REF00671.jpg
REF00672,Article 672,accessoire,M07,coton,ville,entree,F012,images/REF00672.jpg
REF00673,Article 673,maison,M25,lin,sport,entree,F041,images/REF00673.jpg
REF00674,Article 674,accessoire,M29,laine,soiree,premium,F139,images/REF00674.jpg
REF00675,Article 675,maison,M39,synthetique,sport,entree,F047,images/REF00675.jpg
REF00676,Article 676,maison,M29,lin,ville,entree,F108,images/REF00676.jpg
REF00677,Article 677,maison,M12,laine,ville,milieu,F062,images/REF00677.jpg
REF00678,Article 678,bas,M14,coton,ville,milieu,F049,images/REF00678.jpg
REF00679,Article 679,maison,M35,coton,ville,milieu,F025,images/REF00679.jpg
REF00680,Article 680,accessoire,M10,lin,ville,premium,F075,images/REF00680.jpg
REF00681,Article 681,bas,M13,synthetique,sport,entree,F130,images/REF00681.jpg
REF00682,Article 682,bas,M34,coton,soiree,premium,F068,images/REF00682.jpg
REF00683,Article 683,haut,M27,lin,soiree,entree,F121,images/REF00683.jpg
REF00684,Article 684,haut,M38,lin,ville,premium,F033,images/REF00684.jpg
REF00685,Article 685,haut,M17,coton,sport,milieu,F126,images/REF00685.jpg
REF00686,Article 686,maison,M07,synthetique,sport,entree,F107,images/REF00686.jpg
REF00687,Article 687,maison,M17,laine,soiree,entree,F091,images/REF00687.jpg
REF00688,Article 688,accessoire,M40,laine,sport,milieu,F010,images/REF00688.jpg
REF00689,Article 689,bas,M21,synthetique,soiree,premium,F041,images/REF00689.jpg
REF00690,Article 690,maison,M23,coton,ville,milieu,F080,images/REF00690.jpg
REF00691,Article 691,haut,M40,synthetique,ville,entree,F125,images/REF00691.jpg
REF00692,Article 692,maison,M13,lin,sport,milieu,F062,images/REF00692.jpg
REF00693,Article 693,maison,M22,lin,soiree,premium,F125,images/REF00693.jpg
REF00694,Article 694,maison,M20,lin,soiree,premium,F115,images/REF00694.jpg
REF00695,Article 695,accessoire,M04,lin,ville,milieu,F046,images/REF00695.jpg
REF00696,Article 696,haut,M03,laine,ville,premium,F138,images/REF00696.jpg
REF00697,Article 697,haut,M26,laine,ville,milieu,F100,images/REF00697.jpg
REF00698,Article 698,haut,M21,synthetique,sport,milieu,F030,images/REF00698.jpg
REF00699,Article 699,maison,M02,lin,sport,premium,F090,images/REF00699.jpg
REF00700,Article 700,haut,M25,synthetique,soiree,milieu,F126,images/REF00700.jpg
REF00701,Article 701,maison,M03,laine,sport,milieu,F022,images/REF00701.jpg
REF00702,Article 702,bas,M21,lin,ville,milieu,F026,images/REF00702.jpg
REF00703,Article 703,maison,M16,laine,ville,premium,F082,images/REF00703.jpg
REF00704,Article 704,accessoire,M02,synthetique,soiree,premium,F085,images/REF00704.jpg
REF00705,Article 705,haut,M11,lin,soiree,premium,F130,images/REF00705.jpg
REF00706,Article 706,bas,M30,synthetique,ville,premium,F028,images/REF00706.jpg
REF00707,Article 707,accessoire,M33,coton,sport,premium,F027,images/REF00707.jpg
REF00708,Article 708,accessoire,M20,synthetique,sport,entree,F115,images/REF00708.jpg
REF00709,Article 709,haut,M29,synthetique,ville,entree,F025,images/REF00709.jpg
REF00710,Article 710,maison,M07,coton,sport,milieu,F019,images/REF00710.jpg
REF00711,Article 711,accessoire,M25,coton,soiree,premium,F120,images/REF00711.jpg
REF00712,Article 712,haut,M34,lin,sport,premium,F137,images/REF00712.jpg
REF00713,Article 713,haut,M14,synthetique,sport,premium,F097,images/REF00713.jpg
REF00714,Article 714,accessoire,M25,lin,soiree,milieu,F058,images/REF00714.jpg
REF00715,Article 715,haut,M15,laine,soiree,premium,F044,images/REF00715.jpg
REF00716,Article 716,haut,M01,coton,soiree,milieu,F017,images/REF00716.jpg
REF00717,Article 717,bas,M10,laine,soiree,entree,F136,images/REF00717.jpg
REF00718,Article 718,haut,M18,lin,soiree,entree,F107,images/REF00718.jpg
REF00719,Article 719,bas,M13,lin,sport,premium,F010,images/REF00719.jpg
REF00720,Article 720,accessoire,M31,laine,ville,premium,F066,images/REF00720.jpg
REF00721,Article 721,haut,M17,lin,sport,milieu,F019,images/REF00721.jpg
REF00722,Article 722,accessoire,M26,coton,ville,entree,F034,images/REF00722.jpg
REF00723,Article 723,accessoire,M15,lin,sport,premium,F133,images/REF00723.jpg
REF00724,Article 724,bas,M16,synthetique,sport,premium,F124,images/REF00724.jpg
REF00725,Article 725,haut,M16,laine,sport,entree,F138,images/REF00725.jpg
REF00726,Article 726,bas,M32,lin,sport,entree,F025,images/REF00726.jpg
REF00727,Article 727,bas,M02,synthetique,soiree,milieu,F138,images/REF00727.jpg
REF00728,Article 728,maison,M19,coton,ville,premium,F029,images/REF00728.jpg
REF00729,Article 729,haut,M29,synthetique,soiree,entree,F080,images/REF00729.jpg
REF00730,Article 730,bas,M07,laine,ville,entree,F139,images/REF00730.jpg
REF00731,Article 731,accessoire,M11,laine,ville,entree,F093,images/REF00731.jpg
REF00732,Article 732,haut,M06,laine,ville,milieu,F006,images/REF00732.jpg
REF00733,Article 733,accessoire,M08,lin,ville,milieu,F066,images/REF00733.jpg
REF00734,Article 734,haut,M36,laine,ville,premium,F046,images/REF00734.jpg
REF00735,Article 735,bas,M40,coton,sport,milieu,F046,images/REF00735.jpg
REF00736,Article 736,haut,M11,coton,sport,milieu,F015,images/REF00736.jpg
REF00737,Article 737,haut,M20,synthetique,ville,entree,F023,images/REF00737.jpg
REF00738,Article 738,maison,M24,coton,soiree,milieu,F136,images/REF00738.jpg
REF00739,Article 739,maison,M39,lin,sport,milieu,F114,images/REF00739.jpg
REF00740,Article 740,haut,M10,synthetique,ville,milieu,F052,images/REF00740.jpg
REF00741,Article 741,maison,M20,lin,sport,entree,F083,images/REF00741.jpg
REF00742,Article 742,maison,M13,lin,soiree,premium,F068,images/REF00742.jpg
REF00743,Article 743,accessoire,M21,lin,sport,entree,F016,images/REF00743.jpg
REF00744,Article 744,haut,M13,synthetique,sport,premium,F039,images/REF00744.jpg
REF00745,Article 745,accessoire,M33,synthetique,ville,milieu,F009,images/REF00745.jpg
REF00746,Article 746,bas,M01,synthetique,ville,entree,F010,images/REF00746.jpg
REF00747,Article 747,bas,M25,laine,ville,premium,F089,images/REF00747.jpg
REF00748,Article 748,accessoire,M01,laine,soiree,entree,F047,images/REF00748.jpg
REF00749,Article 749,haut,M23,lin,sport,premium,F138,images/REF00749.jpg
REF00750,Article 750,bas,M04,laine,sport,premium,F133,images/REF00750.jpg
REF00751,Article 751,maison,M37,laine,ville,premium,F069,images/REF00751.jpg
REF00752,Article 752,bas,M30,lin,soiree,premium,F102,images/REF00752.jpg
REF00753,Article 753,accessoire,M18,lin,ville,premium,F054,images/REF00753.jpg
REF00754,Article 754,haut,M12,coton,ville,entree,F116,images/REF00754.jpg
REF00755,Article 755,accessoire,M27,lin,sport,entree,F028,images/REF00755.jpg
REF00756,Article 756,bas,M18,laine,soiree,milieu,F122,images/REF00756.jpg
REF00757,Article 757,accessoire,M25,synthetique,ville,entree,F087,images/REF00757.jpg
REF00758,Article 758,haut,M25,synthetique,ville,premium,F007,images/REF00758.jpg
REF00759,Article 759,haut,M24,synthetique,ville,milieu,F058,images/REF00759.jpg
REF00760,Article 760,haut,M21,laine,sport,entree,F004,images/REF00760.jpg
REF00761,Article 761,haut,M27,coton,soiree,premium,F121,images/REF00761.jpg
REF00762,Article 762,maison,M36,coton,sport,milieu,F022,images/REF00762.jpg
REF00763,Article 763,accessoire,M31,lin,sport,milieu,F068,images/REF00763.jpg
REF00764,Article 764,bas,M32,coton,soiree,premium,F107,images/REF00764.jpg
REF00765,Article 765,haut,M05,laine,soiree,premium,F052,images/REF00765.jpg
REF00766,Article 766,bas,M36,lin,soiree,entree,F083,images/REF00766.jpg
REF00767,Article 767,haut,M35,lin,sport,milieu,F022,images/REF00767.jpg
REF00768,Article 768,accessoire,M13,synthetique,soiree,premium,F110,images/REF00768.jpg
REF00769,Article 769,accessoire,M22,coton,ville,premium,F017,images/REF00769.jpg
REF00770,Article 770,maison,M40,laine,ville,milieu,F107,images/REF00770.jpg
REF00771,Article 771,maison,M28,synthetique,soiree,premium,F114,images/REF00771.jpg
REF00772,Article 772,bas,M39,lin,ville,entree,F006,images/REF00772.jpg
REF00773,Article 773,bas,M29,lin,soiree,milieu,F053,images/REF00773.jpg
REF00774,Article 774,bas,M27,synthetique,soiree,milieu,F115,images/REF00774.jpg
REF00775,Article 775,maison,M31,synthetique,sport,premium,F037,images/REF00775.jpg
REF00776,Article 776,accessoire,M33,lin,soiree,entree,F096,images/REF00776.jpg
REF00777,Article 777,bas,M30,laine,soiree,entree,F009,images/REF00777.jpg
REF00778,Article 778,maison,M08,coton,ville,milieu,F125,images/REF00778.jpg
REF00779,Article 779,accessoire,M36,laine,sport,entree,F128,images/REF00779.jpg
REF00780,Article 780,accessoire,M39,coton,ville,premium,F136,images/REF00780.jpg
REF00781,Article 781,accessoire,M23,lin,sport,premium,F134,images/REF00781.jpg
REF00782,Article 782,haut,M08,lin,sport,entree,F010,images/REF00782.jpg
REF00783,Article 783,accessoire,M27,lin,soiree,entree,F118,images/REF00783.jpg
REF00784,Article 784,haut,M32,lin,sport,premium,F129,images/REF00784.jpg
REF00785,Article 785,haut,M19,laine,ville,premium,F129,images/REF00785.jpg
REF00786,Article 786,maison,M02,lin,soiree,premium,F085,images/REF00786.jpg
REF00787,Article 787,haut,M14,lin,soiree,premium,F137,images/REF00787.jpg
REF00788,Article 788,accessoire,M31,coton,sport,entree,F123,images/REF00788.jpg
REF00789,Article 789,haut,M07,lin,sport,entree,F115,images/REF00789.jpg
REF00790,Article 790,maison,M23,laine,soiree,entree,F084,images/REF00790.jpg
REF00791,Article 791,haut,M28,synthetique,soiree,premium,F013,images/REF00791.jpg
REF00792,Article 792,maison,M17,lin,sport,entree,F042,images/REF00792.jpg
REF00793,Article 793,maison,M37,lin,ville,milieu,F009,images/REF00793.jpg
REF00794,Article 794,bas,M11,laine,soiree,milieu,F068,images/REF00794.jpg
REF00795,Article 795,maison,M25,laine,ville,entree,F099,images/REF00795.jpg
REF00796,Article 796,haut,M19,laine,soiree,entree,F119,images/REF00796.jpg
REF00797,Article 797,maison,M14,coton,ville,entree,F082,images/REF00797.jpg
REF00798,Article 798,maison,M12,laine,ville,milieu,F123,images/REF00798.jpg
REF00799,Article 799,haut,M30,lin,ville,entree,F109,images/REF00799.jpg
REF00800,Article 800,accessoire,M15,laine,ville,entree,F032,images/REF00800.jpg
REF00801,Article 801,accessoire,M39,lin,sport,premium,F067,images/REF00801.jpg
REF00802,Article 802,accessoire,M40,coton,soiree,milieu,F089,images/REF00802.jpg
REF00803,Article 803,haut,M40,synthetique,sport,milieu,F082,images/REF00803.jpg
REF00804,Article 804,accessoire,M15,synthetique,soiree,entree,F091,images/REF00804.jpg
REF00805,Article 805,haut,M38,synthetique,ville,entree,F040,images/REF00805.jpg
REF00806,Article 806,bas,M35,synthetique,sport,entree,F102,images/REF00806.jpg
REF00807,Article 807,bas,M19,laine,soiree,milieu,F092,images/REF00807.jpg
REF00808,Article 808,bas,M18,laine,soiree,premium,F102,images/REF00808.jpg
REF00809,Article 809,maison,M23,lin,sport,premium,F073,images/REF00809.jpg
REF00810,Article 810,accessoire,M35,laine,sport,entree,F072,images/REF00810.jpg
REF00811,Article 811,bas,M20,coton,ville,premium,F106,images/REF00811.jpg
REF00812,Article 812,bas,M29,lin,soiree,premium,F071,images/REF00812.jpg
REF00813,Article 813,accessoire,M25,synthetique,sport,entree,F044,images/REF00813.jpg
REF00814,Article 814,accessoire,M35,lin,sport,milieu,F052,images/REF00814.jpg
REF00815,Article 815,maison,M01,synthetique,sport,milieu,F058,images/REF00815.jpg
REF00816,Article 816,maison,M29,synthetique,sport,entree,F098,images/REF00816.jpg
REF00817,Article 817,maison,M28,lin,soiree,premium,F101,images/REF00817.jpg
REF00818,Article 818,maison,M25,coton,ville,milieu,F095,images/REF00818.jpg
REF00819,Article 819,accessoire,M03,coton,sport,entree,F035,images/REF00819.jpg
REF00820,Article 820,bas,M36,laine,ville,milieu,F060,images/REF00820.jpg
REF00821,Article 821,bas,M15,lin,soiree,entree,F070,images/REF00821.jpg
REF00822,Article 822,bas,M27,synthetique,ville,entree,F034,images/REF00822.jpg
REF00823,Article 823,bas,M36,laine,soiree,entree,F051,images/REF00823.jpg
REF00824,Article 824,maison,M34,laine,sport,premium,F006,images/REF00824.jpg
REF00825,Article 825,accessoire,M38,laine,soiree,premium,F064,images/REF00825.jpg
REF00826,Article 826,bas,M27,laine,sport,premium,F051,images/REF00826.jpg
REF00827,Article 827,maison,M24,lin,ville,entree,F104,images/REF00827.jpg
REF00828,Article 828,maison,M19,lin,sport,milieu,F066,images/REF00828.jpg
REF00829,Article 829,haut,M35,laine,soiree,entree,F004,images/REF00829.jpg
REF00830,Article 830,haut,M12,lin,sport,milieu,F069,images/REF00830.jpg
REF00831,Article 831,bas,M13,synthetique,sport,entree,F019,images/REF00831.jpg
REF00832,Article 832,bas,M13,coton,soiree,premium,F113,images/REF00832.jpg
REF00833,Article 833,haut,M34,laine,ville,milieu,F012,images/REF00833.jpg
REF00834,Article 834,accessoire,M34,coton,soiree,premium,F134,images/REF00834.jpg
REF00835,Article 835,accessoire,M35,laine,sport,entree,F105,images/REF00835.jpg
REF00836,Article 836,maison,M11,coton,ville,milieu,F131,images/REF00836.jpg
REF00837,Article 837,accessoire,M26,synthetique,ville,milieu,F140,images/REF00837.jpg
REF00838,Article 838,maison,M12,coton,ville,entree,F068,images/REF00838.jpg
REF00839,Article 839,bas,M09,coton,ville,milieu,F088,images/REF00839.jpg
REF00840,Article 840,haut,M40,coton,soiree,entree,F012,images/REF00840.jpg
REF00841,Article 841,accessoire,M09,lin,sport,milieu,F029,images/REF00841.jpg
REF00842,Article 842,accessoire,M28,lin,sport,entree,F022,images/REF00842.jpg
REF00843,Article 843,bas,M23,laine,sport,milieu,F138,images/REF00843.jpg
REF00844,Article 844,accessoire,M14,coton,sport,entree,F049,images/REF00844.jpg
REF00845,Article 845,haut,M24,synthetique,ville,milieu,F056,images/REF00845.jpg
REF00846,Article 846,haut,M28,coton,ville,milieu,F005,images/REF00846.jpg
REF00847,Article 847,bas,M38,coton,sport,entree,F115,images/REF00847.jpg
REF00848,Article 848,maison,M18,synthetique,sport,premium,F073,images/REF00848.jpg
REF00849,Article 849,maison,M38,synthetique,ville,premium,F074,images/REF00849.jpg
REF00850,Article 850,accessoire,M03,laine,soiree,premium,F134,images/REF00850.jpg
REF00851,Article 851,bas,M31,laine,ville,entree,F067,images/REF00851.jpg
REF00852,Article 852,maison,M37,laine,soiree,entree,F030,images/REF00852.jpg
REF00853,Article 853,maison,M11,lin,sport,milieu,F007,images/REF00853.jpg
REF00854,Article 854,haut,M03,coton,sport,premium,F053,images/REF00854.jpg
REF00855,Article 855,accessoire,M36,lin,ville,entree,F140,images/REF00855.jpg
REF00856,Article 856,accessoire,M38,laine,ville,entree,F051,images/REF00856.jpg
REF00857,Article 857,maison,M37,laine,soiree,premium,F055,images/REF00857.jpg
REF00858,Article 858,bas,M17,lin,ville,premium,F025,images/REF00858.jpg
REF00859,Article 859,bas,M06,coton,sport,premium,F099,images/REF00859.jpg
REF00860,Article 860,accessoire,M22,lin,soiree,premium,F137,images/REF00860.jpg
REF00861,Article 861,accessoire,M27,laine,sport,entree,F044,images/REF00861.jpg
REF00862,Article 862,accessoire,M20,synthetique,sport,milieu,F097,images/REF00862.jpg
REF00863,Article 863,bas,M16,coton,soiree,milieu,F104,images/REF00863.jpg
REF00864,Article 864,accessoire,M19,synthetique,sport,entree,F115,images/REF00864.jpg
REF00865,Article 865,maison,M30,coton,ville,premium,F003,images/REF00865.jpg
REF00866,Article 866,bas,M34,coton,ville,milieu,F038,images/REF00866.jpg
REF00867,Article 867,haut,M11,coton,soiree,entree,F064,images/REF00867.jpg
REF00868,Article 868,accessoire,M14,coton,ville,premium,F130,images/REF00868.jpg
REF00869,Article 869,bas,M36,coton,soiree,premium,F066,images/REF00869.jpg
REF00870,Article 870,bas,M40,laine,sport,entree,F133,images/REF00870.jpg
REF00871,Article 871,maison,M39,coton,ville,premium,F010,images/REF00871.jpg
REF00872,Article 872,maison,M24,lin,sport,milieu,F004,images/REF00872.jpg
REF00873,Article 873,haut,M21,coton,soiree,premium,F110,images/REF00873.jpg
REF00874,Article 874,bas,M34,synthetique,ville,milieu,F011,images/REF00874.jpg
REF00875,Article 875,accessoire,M25,laine,soiree,entree,F121,images/REF00875.jpg
REF00876,Article 876,bas,M07,synthetique,ville,milieu,F139,images/REF00876.jpg
REF00877,Article 877,maison,M40,laine,soiree,milieu,F029,images/REF00877.jpg
REF00878,Article 878,bas,M08,synthetique,sport,milieu,F019,images/REF00878.jpg
REF00879,Article 879,maison,M06,lin,ville,premium,F137,images/REF00879.jpg
REF00880,Article 880,bas,M13,synthetique,ville,premium,F140,images/REF00880.jpg
REF00881,Article 881,maison,M36,synthetique,sport,premium,F010,images/REF00881.jpg
REF00882,Article 882,maison,M35,lin,sport,milieu,F067,images/REF00882.jpg
REF00883,Article 883,bas,M06,laine,ville,milieu,F054,images/REF00883.jpg
REF00884,Article 884,bas,M17,coton,sport,premium,F094,images/REF00884.jpg
REF00885,Article 885,haut,M11,lin,ville,milieu,F013,images/REF00885.jpg
REF00886,Article 886,maison,M32,synthetique,ville,entree,F047,images/REF00886.jpg
REF00887,Article 887,haut,M11,coton,soiree,milieu,F006,images/REF00887.jpg
REF00888,Article 888,accessoire,M28,coton,soiree,premium,F041,images/REF00888.jpg
REF00889,Article 889,bas,M35,coton,ville,entree,F082,images/REF00889.jpg
REF00890,Article 890,maison,M08,lin,ville,milieu,F052,images/REF00890.jpg
REF00891,Article 891,accessoire,M37,lin,ville,premium,F095,images/REF00891.jpg
REF00892,Article 892,haut,M20,synthetique,sport,milieu,F101,images/REF00892.jpg
REF00893,Article 893,maison,M38,coton,sport,premium,F027,images/REF00893.jpg
REF00894,Article 894,maison,M06,lin,sport,premium,F101,images/REF00894.jpg
REF00895,Article 895,accessoire,M27,lin,sport,milieu,F073,images/REF00895.jpg
REF00896,Article 896,maison,M21,lin,ville,milieu,F042,images/REF00896.jpg
REF00897,Article 897,accessoire,M03,synthetique,ville,milieu,F003,images/REF00897.jpg
REF00898,Article 898,accessoire,M07,synthetique,soiree,milieu,F098,images/REF00898.jpg
REF00899,Article 899,maison,M04,coton,soiree,milieu,F036,images/REF00899.jpg
REF00900,Article 900,accessoire,M27,coton,soiree,milieu,F038,images/REF00900.jpg
REF00901,Article 901,haut,M32,lin,ville,entree,F031,images/REF00901.jpg
REF00902,Article 902,accessoire,M19,synthetique,ville,entree,F031,images/REF00902.jpg
REF00903,Article 903,accessoire,M33,coton,soiree,premium,F071,images/REF00903.jpg
REF00904,Article 904,bas,M24,lin,sport,entree,F005,images/REF00904.jpg
REF00905,Article 905,accessoire,M39,lin,ville,entree,F110,images/REF00905.jpg
REF00906,Article 906,accessoire,M18,lin,sport,milieu,F111,images/REF00906.jpg
REF00907,Article 907,haut,M04,laine,sport,milieu,F004,images/REF00907.jpg
REF00908,Article 908,haut,M23,synthetique,soiree,premium,F107,images/REF00908.jpg
REF00909,Article 909,maison,M07,lin,soiree,milieu,F005,images/REF00909.jpg
REF00910,Article 910,haut,M17,lin,ville,milieu,F033,images/REF00910.jpg
REF00911,Article 911,haut,M03,lin,ville,entree,F078,images/REF00911.jpg
REF00912,Article 912,accessoire,M12,synthetique,ville,premium,F022,images/REF00912.jpg
REF00913,Article 913,haut,M15,synthetique,soiree,entree,F061,images/REF00913.jpg
REF00914,Article 914,bas,M39,laine,ville,milieu,F093,images/REF00914.jpg
REF00915,Article 915,maison,M02,coton,sport,milieu,F100,images/REF00915.jpg
REF00916,Article 916,maison,M22,coton,sport,entree,F140,images/REF00916.jpg
REF00917,Article 917,maison,M14,coton,sport,milieu,F068,images/REF00917.jpg
REF00918,Article 918,bas,M06,coton,ville,milieu,F126,images/REF00918.jpg
REF00919,Article 919,bas,M14,lin,sport,entree,F115,images/REF00919.jpg
REF00920,Article 920,maison,M15,synthetique,ville,premium,F033,images/REF00920.jpg
REF00921,Article 921,maison,M27,lin,soiree,milieu,F013,images/REF00921.jpg
REF00922,Article 922,maison,M31,synthetique,ville,milieu,F089,images/REF00922.jpg
REF00923,Article 923,accessoire,M30,laine,ville,milieu,F075,images/REF00923.jpg
REF00924,Article 924,maison,M22,laine,ville,milieu,F087,images/REF00924.jpg
REF00925,Article 925,bas,M23,coton,ville,entree,F111,images/REF00925.jpg
REF00926,Article 926,maison,M20,synthetique,ville,entree,F017,images/REF00926.jpg
REF00927,Article 927,bas,M24,synthetique,sport,milieu,F069,images/REF00927.jpg
REF00928,Article 928,haut,M23,laine,ville,entree,F055,images/REF00928.jpg
REF00929,Article 929,accessoire,M18,synthetique,ville,premium,F066,images/REF00929.jpg
REF00930,Article 930,haut,M29,synthetique,sport,milieu,F115,images/REF00930.jpg
REF00931,Article 931,haut,M09,coton,sport,milieu,F124,images/REF00931.jpg
REF00932,Article 932,haut,M40,laine,soiree,entree,F127,images/REF00932.jpg
REF00933,Article 933,bas,M39,laine,sport,premium,F100,images/REF00933.jpg
REF00934,Article 934,bas,M06,laine,sport,premium,F072,images/REF00934.jpg
REF00935,Article 935,haut,M14,lin,ville,premium,F023,images/REF00935.jpg
REF00936,Article 936,haut,M38,coton,soiree,milieu,F072,images/REF00936.jpg
REF00937,Article 937,haut,M02,lin,ville,entree,F094,images/REF00937.jpg
REF00938,Article 938,haut,M19,coton,sport,entree,F053,images/REF00938.jpg
REF00939,Article 939,maison,M28,coton,sport,entree,F105,images/REF00939.jpg
REF00940,Article 940,haut,M25,synthetique,soiree,entree,F126,images/REF00940.jpg
REF00941,Article 941,bas,M25,lin,ville,entree,F129,images/REF00941.jpg
REF00942,Article 942,maison,M17,coton,sport,entree,F086,images/REF00942.jpg
REF00943,Article 943,bas,M18,synthetique,soiree,entree,F074,images/REF00943.jpg
REF00944,Article 944,bas,M19,coton,ville,entree,F018,images/REF00944.jpg
REF00945,Article 945,accessoire,M09,coton,sport,premium,F034,images/REF00945.jpg
REF00946,Article 946,accessoire,M16,coton,sport,entree,F012,images/REF00946.jpg
REF00947,Article 947,haut,M33,laine,soiree,milieu,F135,images/REF00947.jpg
REF00948,Article 948,bas,M31,synthetique,ville,milieu,F011,images/REF00948.jpg
REF00949,Article 949,bas,M25,laine,soiree,premium,F039,images/REF00949.jpg
REF00950,Article 950,accessoire,M20,lin,soiree,entree,F006,images/REF00950.jpg
REF00951,Article 951,bas,M17,lin,sport,entree,F095,images/REF00951.jpg
REF00952,Article 952,maison,M31,laine,soiree,milieu,F057,images/REF00952.jpg
REF00953,Article 953,bas,M17,laine,ville,premium,F027,images/REF00953.jpg
REF00954,Article 954,bas,M05,laine,sport,entree,F015,images/REF00954.jpg
REF00955,Article 955,bas,M23,lin,sport,entree,F076,images/REF00955.jpg
REF00956,Article 956,accessoire,M02,laine,soiree,entree,F035,images/REF00956.jpg
REF00957,Article 957,bas,M37,lin,soiree,milieu,F043,images/REF00957.jpg
REF00958,Article 958,haut,M10,synthetique,ville,premium,F001,images/REF00958.jpg
REF00959,Article 959,bas,M11,coton,soiree,milieu,F027,images/REF00959.jpg
REF00960,Article 960,bas,M10,synthetique,soiree,milieu,F043,images/REF00960.jpg
REF00961,Article 961,bas,M14,coton,ville,premium,F066,images/REF00961.jpg
REF00962,Article 962,haut,M11,coton,soiree,entree,F023,images/REF00962.jpg
REF00963,Article 963,maison,M26,lin,sport,milieu,F016,images/REF00963.jpg
REF00964,Article 964,bas,M18,coton,soiree,entree,F091,images/REF00964.jpg
REF00965,Article 965,accessoire,M30,lin,soiree,premium,F087,images/REF00965.jpg
REF00966,Article 966,bas,M27,laine,ville,milieu,F124,images/REF00966.jpg
REF00967,Article 967,accessoire,M17,coton,sport,milieu,F131,images/REF00967.jpg
REF00968,Article 968,accessoire,M37,synthetique,sport,milieu,F007,images/REF00968.jpg
REF00969,Article 969,bas,M20,coton,soiree,premium,F010,images/REF00969.jpg
REF00970,Article 970,bas,M40,laine,ville,milieu,F106,images/REF00970.jpg
REF00971,Article 971,accessoire,M25,lin,sport,entree,F059,images/REF00971.jpg
REF00972,Article 972,bas,M26,laine,ville,premium,F069,images/REF00972.jpg
REF00973,Article 973,bas,M40,synthetique,sport,entree,F135,images/REF00973.jpg
REF00974,Article 974,maison,M36,lin,soiree,entree,F061,images/REF00974.jpg
REF00975,Article 975,haut,M05,coton,soiree,milieu,F073,images/REF00975.jpg
REF00976,Article 976,haut,M21,synthetique,sport,entree,F015,images/REF00976.jpg
REF00977,Article 977,bas,M07,laine,soiree,entree,F044,images/REF00977.jpg
REF00978,Article 978,haut,M30,coton,ville,milieu,F083,images/REF00978.jpg
REF00979,Article 979,accessoire,M06,synthetique,ville,milieu,F002,images/REF00979.jpg
REF00980,Article 980,haut,M36,laine,soiree,milieu,F053,images/REF00980.jpg
REF00981,Article 981,haut,M12,laine,ville,entree,F062,images/REF00981.jpg
REF00982,Article 982,maison,M28,lin,sport,milieu,F050,images/REF00982.jpg
REF00983,Article 983,accessoire,M11,synthetique,soiree,milieu,F095,images/REF00983.jpg
REF00984,Article 984,accessoire,M17,synthetique,sport,premium,F026,images/REF00984.jpg
REF00985,Article 985,haut,M07,laine,sport,entree,F018,images/REF00985.jpg
REF00986,Article 986,accessoire,M33,lin,sport,premium,F004,images/REF00986.jpg
REF00987,Article 987,haut,M36,coton,sport,premium,F124,images/REF00987.jpg
REF00988,Article 988,maison,M31,laine,soiree,entree,F074,images/REF00988.jpg
REF00989,Article 989,haut,M15,synthetique,sport,premium,F133,images/REF00989.jpg
REF00990,Article 990,haut,M40,synthetique,soiree,premium,F066,images/REF00990.jpg
REF00991,Article 991,maison,M13,synthetique,soiree,milieu,F025,images/REF00991.jpg
REF00992,Article 992,maison,M33,synthetique,ville,premium,F110,images/REF00992.jpg
REF00993,Article 993,haut,M20,lin,sport,premium,F067,images/REF00993.jpg
REF00994,Article 994,haut,M24,coton,ville,milieu,F105,images/REF00994.jpg
REF00995,Article 995,maison,M20,laine,soiree,entree,F046,images/REF00995.jpg
REF00996,Article 996,accessoire,M10,laine,soiree,premium,F093,images/REF00996.jpg
REF00997,Article 997,accessoire,M09,lin,ville,premium,F058,images/REF00997.jpg
REF00998,Article 998,accessoire,M01,coton,ville,entree,F105,images/REF00998.jpg
REF00999,Article 999,accessoire,M14,laine,sport,entree,F054,images/REF00999.jpg
REF01000,Article 1000,maison,M10,lin,soiree,entree,F056,images/REF01000.jpg
REF01001,Article 1001,haut,M07,laine,ville,entree,F012,images/REF01001.jpg
REF01002,Article 1002,haut,M29,lin,ville,entree,F082,images/REF01002.jpg
REF01003,Article 1003,haut,M39,coton,soiree,entree,F106,images/REF01003.jpg
REF01004,Article 1004,bas,M06,lin,soiree,premium,F069,images/REF01004.jpg
REF01005,Article 1005,haut,M21,coton,soiree,entree,F114,images/REF01005.jpg
REF01006,Article 1006,haut,M29,synthetique,sport,entree,F131,images/REF01006.jpg
REF01007,Article 1007,bas,M38,synthetique,ville,milieu,F100,images/REF01007.jpg
REF01008,Article 1008,bas,M11,laine,ville,entree,F008,images/REF01008.jpg
REF01009,Article 1009,maison,M08,coton,sport,entree,F070,images/REF01009.jpg
REF01010,Article 1010,maison,M07,synthetique,ville,entree,F106,images/REF01010.jpg
REF01011,Article 1011,bas,M14,coton,ville,milieu,F008,images/REF01011.jpg
REF01012,Article 1012,maison,M35,coton,ville,premium,F084,images/REF01012.jpg
REF01013,Article 1013,maison,M37,lin,soiree,premium,F091,images/REF01013.jpg
REF01014,Article 1014,accessoire,M06,coton,sport,entree,F107,images/REF01014.jpg
REF01015,Article 1015,accessoire,M14,coton,sport,entree,F056,images/REF01015.jpg
REF01016,Article 1016,maison,M35,synthetique,soiree,premium,F016,images/REF01016.jpg
REF01017,Article 1017,haut,M25,coton,soiree,milieu,F025,images/REF01017.jpg
REF01018,Article 1018,maison,M25,coton,sport,premium,F025,images/REF01018.jpg
REF01019,Article 1019,haut,M30,coton,soiree,entree,F053,images/REF01019.jpg
REF01020,Article 1020,bas,M11,lin,ville,entree,F050,images/REF01020.jpg
REF01021,Article 1021,maison,M06,coton,sport,milieu,F003,images/REF01021.jpg
REF01022,Article 1022,maison,M10,synthetique,ville,premium,F030,images/REF01022.jpg
REF01023,Article 1023,haut,M24,lin,sport,premium,F062,images/REF01023.jpg
REF01024,Article 1024,bas,M24,laine,sport,milieu,F095,images/REF01024.jpg
REF01025,Article 1025,maison,M17,coton,soiree,milieu,F061,images/REF01025.jpg
REF01026,Article 1026,haut,M11,coton,ville,premium,F115,images/REF01026.jpg
REF01027,Article 1027,bas,M32,synthetique,ville,milieu,F029,images/REF01027.jpg
REF01028,Article 1028,accessoire,M25,coton,ville,milieu,F047,images/REF01028.jpg
REF01029,Article 1029,haut,M30,lin,soiree,premium,F008,images/REF01029.jpg
REF01030,Article 1030,accessoire,M25,coton,soiree,milieu,F097,images/REF01030.jpg
REF01031,Article 1031,bas,M15,laine,ville,milieu,F039,images/REF01031.jpg
REF01032,Article 1032,accessoire,M02,laine,sport,entree,F079,images/REF01032.jpg
REF01033,Article 1033,maison,M37,synthetique,soiree,premium,F001,images/REF01033.jpg
REF01034,Article 1034,accessoire,M11,lin,ville,entree,F136,images/REF01034.jpg
REF01035,Article 1035,maison,M32,coton,sport,entree,F071,images/REF01035.jpg
REF01036,Article 1036,haut,M30,laine,soiree,milieu,F120,images/REF01036.jpg
REF01037,Article 1037,maison,M31,laine,soiree,milieu,F110,images/REF01037.jpg
REF01038,Article 1038,accessoire,M06,coton,ville,milieu,F020,images/REF01038.jpg
REF01039,Article 1039,maison,M05,lin,ville,premium,F054,images/REF01039.jpg
REF01040,Article 1040,maison,M30,coton,ville,milieu,F084,images/REF01040.jpg
REF01041,Article 1041,accessoire,M08,laine,soiree,milieu,F051,images/REF01041.jpg
REF01042,Article 1042,accessoire,M32,synthetique,sport,entree,F004,images/REF01042.jpg
REF01043,Article 1043,accessoire,M09,synthetique,sport,premium,F034,images/REF01043.jpg
REF01044,Article 1044,maison,M33,synthetique,ville,milieu,F016,images/REF01044.jpg
REF01045,Article 1045,haut,M15,lin,sport,milieu,F107,images/REF01045.jpg
REF01046,Article 1046,accessoire,M36,laine,ville,entree,F088,images/REF01046.jpg
REF01047,Article 1047,maison,M05,laine,soiree,entree,F091,images/REF01047.jpg
REF01048,Article 1048,maison,M15,coton,sport,entree,F040,images/REF01048.jpg
REF01049,Article 1049,bas,M09,lin,sport,entree,F120,images/REF01049.jpg
REF01050,Article 1050,haut,M38,coton,soiree,milieu,F033,images/REF01050.jpg
REF01051,Article 1051,bas,M39,laine,ville,premium,F132,images/REF01051.jpg
REF01052,Article 1052,maison,M02,coton,sport,entree,F073,images/REF01052.jpg
REF01053,Article 1053,bas,M28,coton,soiree,entree,F124,images/REF01053.jpg
REF01054,Article 1054,bas,M03,lin,soiree,milieu,F003,images/REF01054.jpg
REF01055,Article 1055,haut,M02,synthetique,sport,premium,F033,images/REF01055.jpg
REF01056,Article 1056,maison,M24,laine,ville,premium,F082,images/REF01056.jpg
REF01057,Article 1057,bas,M08,lin,soiree,milieu,F096,images/REF01057.jpg
REF01058,Article 1058,bas,M03,coton,ville,premium,F120,images/REF01058.jpg
REF01059,Article 1059,haut,M15,coton,ville,entree,F134,images/REF01059.jpg
REF01060,Article 1060,accessoire,M21,lin,soiree,entree,F030,images/REF01060.jpg
REF01061,Article 1061,bas,M02,coton,ville,premium,F018,images/REF01061.jpg
REF01062,Article 1062,maison,M13,lin,sport,premium,F024,images/REF01062.jpg
REF01063,Article 1063,maison,M01,coton,sport,milieu,F088,images/REF01063.jpg
REF01064,Article 1064,accessoire,M28,lin,soiree,milieu,F091,images/REF01064.jpg
REF01065,Article 1065,haut,M28,coton,ville,entree,F080,images/REF01065.jpg
REF01066,Article 1066,accessoire,M18,lin,ville,entree,F027,images/REF01066.jpg
REF01067,Article 1067,maison,M11,lin,ville,premium,F055,images/REF01067.jpg
REF01068,Article 1068,maison,M14,coton,ville,entree,F133,images/REF01068.jpg
REF01069,Article 1069,bas,M18,coton,soiree,entree,F050,images/REF01069.jpg
REF01070,Article 1070,haut,M27,lin,ville,milieu,F001,images/REF01070.jpg
REF01071,Article 1071,haut,M02,lin,soiree,milieu,F065,images/REF01071.jpg
REF01072,Article 1072,haut,M39,synthetique,sport,entree,F077,images/REF01072.jpg
REF01073,Article 1073,accessoire,M03,synthetique,soiree,premium,F075,images/REF01073.jpg
REF01074,Article 1074,accessoire,M10,coton,ville,milieu,F045,images/REF01074.jpg
REF01075,Article 1075,bas,M28,synthetique,ville,entree,F106,images/REF01075.jpg
REF01076,Article 1076,maison,M03,synthetique,sport,milieu,F138,images/REF01076.jpg
REF01077,Article 1077,haut,M40,synthetique,ville,entree,F108,images/REF01077.jpg
REF01078,Article 1078,accessoire,M07,coton,sport,milieu,F095,images/REF01078.jpg
REF01079,Article 1079,maison,M06,coton,sport,entree,F009,images/REF01079.jpg
REF01080,Article 1080,bas,M37,coton,soiree,milieu,F034,images/REF01080.jpg
REF01081,Article 1081,accessoire,M25,laine,sport,milieu,F098,images/REF01081.jpg
REF01082,Article 1082,haut,M30,lin,sport,milieu,F129,images/REF01082.jpg
REF01083,Article 1083,bas,M04,lin,ville,premium,F016,images/REF01083.jpg
REF01084,Article 1084,bas,M01,lin,sport,entree,F045,images/REF01084.jpg
REF01085,Article 1085,accessoire,M27,coton,ville,premium,F096,images/REF01085.jpg
REF01086,Article 1086,bas,M09,laine,soiree,premium,F013,images/REF01086.jpg
REF01087,Article 1087,maison,M26,synthetique,soiree,entree,F017,images/REF01087.jpg
REF01088,Article 1088,bas,M31,synthetique,sport,premium,F078,images/REF01088.jpg
REF01089,Article 1089,haut,M14,coton,ville,entree,F107,images/REF01089.jpg
REF01090,Article 1090,accessoire,M06,laine,sport,entree,F017,images/REF01090.jpg
REF01091,Article 1091,haut,M20,synthetique,sport,premium,F094,images/REF01091.jpg
REF01092,Article 1092,bas,M20,laine,sport,milieu,F014,images/REF01092.jpg
REF01093,Article 1093,maison,M06,laine,soiree,entree,F077,images/REF01093.jpg
REF01094,Article 1094,maison,M08,laine,soiree,entree,F083,images/REF01094.jpg
REF01095,Article 1095,maison,M34,synthetique,soiree,entree,F023,images/REF01095.jpg
REF01096,Article 1096,bas,M12,coton,sport,entree,F133,images/REF01096.jpg
REF01097,Article 1097,accessoire,M35,coton,soiree,entree,F039,images/REF01097.jpg
REF01098,Article 1098,haut,M18,lin,ville,milieu,F042,images/REF01098.jpg
REF01099,Article 1099,maison,M36,laine,soiree,milieu,F137,images/REF01099.jpg
REF01100,Article 1100,bas,M20,lin,soiree,premium,F067,images/REF01100.jpg
REF01101,Article 1101,haut,M16,lin,ville,premium,F033,images/REF01101.jpg
REF01102,Article 1102,maison,M35,lin,ville,milieu,F118,images/REF01102.jpg
REF01103,Article 1103,bas,M09,lin,sport,premium,F066,images/REF01103.jpg
REF01104,Article 1104,haut,M20,laine,ville,milieu,F054,images/REF01104.jpg
REF01105,Article 1105,accessoire,M25,coton,sport,milieu,F049,images/REF01105.jpg
REF01106,Article 1106,bas,M39,lin,ville,entree,F127,images/REF01106.jpg
REF01107,Article 1107,accessoire,M09,lin,soiree,entree,F035,images/REF01107.jpg
REF01108,Article 1108,maison,M21,laine,soiree,milieu,F091,images/REF01108.jpg
REF01109,Article 1109,bas,M37,laine,ville,premium,F097,images/REF01109.jpg
REF01110,Article 1110,bas,M19,synthetique,sport,entree,F124,images/REF01110.jpg
REF01111,Article 1111,haut,M07,laine,soiree,premium,F077,images/REF01111.jpg
REF01112,Article 1112,maison,M12,laine,sport,milieu,F014,images/REF01112.jpg
REF01113,Article 1113,bas,M31,coton,ville,premium,F015,images/REF01113.jpg
REF01114,Article 1114,haut,M16,coton,ville,milieu,F083,images/REF01114.jpg
REF01115,Article 1115,bas,M17,laine,ville,milieu,F134,images/REF01115.jpg
REF01116,Article 1116,maison,M39,synthetique,soiree,entree,F082,images/REF01116.jpg
REF01117,Article 1117,haut,M38,coton,ville,milieu,F070,images/REF01117.jpg
REF01118,Article 1118,haut,M22,lin,soiree,milieu,F096,images/REF01118.jpg
REF01119,Article 1119,maison,M05,coton,ville,premium,F011,images/REF01119.jpg
REF01120,Article 1120,haut,M08,lin,soiree,entree,F094,images/REF01120.jpg
REF01121,Article 1121,haut,M02,laine,ville,entree,F040,images/REF01121.jpg
REF01122,Article 1122,accessoire,M06,coton,ville,entree,F118,images/REF01122.jpg
REF01123,Article 1123,haut,M11,coton,soiree,milieu,F129,images/REF01123.jpg
REF01124,Article 1124,maison,M26,synthetique,sport,premium,F038,images/REF01124.jpg
REF01125,Article 1125,maison,M05,synthetique,ville,milieu,F013,images/REF01125.jpg
REF01126,Article 1126,maison,M22,laine,soiree,entree,F098,images/REF01126.jpg
REF01127,Article 1127,accessoire,M12,synthetique,ville,milieu,F070,images/REF01127.jpg
REF01128,Article 1128,maison,M21,laine,ville,milieu,F032,images/REF01128.jpg
REF01129,Article 1129,haut,M21,laine,soiree,premium,F096,images/REF01129.jpg
REF01130,Article 1130,maison,M25,synthetique,sport,premium,F085,images/REF01130.jpg
REF01131,Article 1131,maison,M30,laine,sport,entree,F113,images/REF01131.jpg
REF01132,Article 1132,maison,M03,synthetique,soiree,premium,F055,images/REF01132.jpg
REF01133,Article 1133,accessoire,M24,laine,ville,entree,F093,images/REF01133.jpg
REF01134,Article 1134,accessoire,M03,synthetique,sport,premium,F086,images/REF01134.jpg
REF01135,Article 1135,haut,M40,lin,sport,milieu,F069,images/REF01135.jpg
REF01136,Article 1136,haut,M12,laine,sport,entree,F044,images/REF01136.jpg
REF01137,Article 1137,accessoire,M13,lin,soiree,entree,F106,images/REF01137.jpg
REF01138,Article 1138,maison,M12,synthetique,ville,entree,F027,images/REF01138.jpg
REF01139,Article 1139,accessoire,M28,coton,sport,entree,F065,images/REF01139.jpg
REF01140,Article 1140,bas,M29,synthetique,sport,entree,F038,images/REF01140.jpg
REF01141,Article 1141,accessoire,M27,coton,sport,premium,F042,images/REF01141.jpg
REF01142,Article 1142,bas,M35,coton,sport,milieu,F059,images/REF01142.jpg
REF01143,Article 1143,haut,M34,coton,ville,premium,F129,images/REF01143.jpg
REF01144,Article 1144,accessoire,M23,synthetique,sport,entree,F110,images/REF01144.jpg
REF01145,Article 1145,maison,M36,lin,soiree,entree,F002,images/REF01145.jpg
REF01146,Article 1146,haut,M32,coton,ville,premium,F042,images/REF01146.jpg
REF01147,Article 1147,bas,M30,coton,soiree,entree,F030,images/REF01147.jpg
REF01148,Article 1148,haut,M32,synthetique,sport,milieu,F019,images/REF01148.jpg
REF01149,Article 1149,bas,M13,lin,ville,milieu,F060,images/REF01149.jpg
REF01150,Article 1150,bas,M16,laine,soiree,entree,F100,images/REF01150.jpg
REF01151,Article 1151,haut,M17,lin,sport,entree,F033,images/REF01151.jpg
REF01152,Article 1152,accessoire,M23,laine,sport,milieu,F071,images/REF01152.jpg
REF01153,Article 1153,maison,M25,laine,ville,entree,F005,images/REF01153.jpg
REF01154,Article 1154,accessoire,M33,laine,ville,premium,F114,images/REF01154.jpg
REF01155,Article 1155,maison,M20,laine,ville,milieu,F033,images/REF01155.jpg
REF01156,Article 1156,maison,M39,coton,sport,entree,F074,images/REF01156.jpg
REF01157,Article 1157,maison,M17,lin,soiree,premium,F076,images/REF01157.jpg
REF01158,Article 1158,maison,M33,synthetique,soiree,entree,F056,images/REF01158.jpg
REF01159,Article 1159,haut,M13,synthetique,soiree,milieu,F033,images/REF01159.jpg
REF01160,Article 1160,maison,M17,coton,sport,entree,F076,images/REF01160.jpg
REF01161,Article 1161,haut,M09,synthetique,soiree,entree,F053,images/REF01161.jpg
REF01162,Article 1162,accessoire,M04,laine,soiree,milieu,F132,images/REF01162.jpg
REF01163,Article 1163,maison,M15,coton,soiree,milieu,F047,images/REF01163.jpg
REF01164,Article 1164,accessoire,M10,lin,soiree,milieu,F122,images/REF01164.jpg
REF01165,Article 1165,accessoire,M40,laine,sport,milieu,F001,images/REF01165.jpg
REF01166,Article 1166,accessoire,M22,lin,sport,premium,F021,images/REF01166.jpg
REF01167,Article 1167,bas,M16,lin,sport,entree,F115,images/REF01167.jpg
REF01168,Article 1168,haut,M09,synthetique,ville,premium,F138,images/REF01168.jpg
REF01169,Article 1169,accessoire,M06,lin,soiree,premium,F104,images/REF01169.jpg
REF01170,Article 1170,haut,M30,lin,soiree,milieu,F104,images/REF01170.jpg
REF01171,Article 1171,accessoire,M05,lin,ville,premium,F139,images/REF01171.jpg
REF01172,Article 1172,maison,M11,synthetique,sport,entree,F100,images/REF01172.jpg
REF01173,Article 1173,haut,M09,lin,soiree,entree,F112,images/REF01173.jpg
REF01174,Article 1174,haut,M18,lin,sport,milieu,F138,images/REF01174.jpg
REF01175,Article 1175,maison,M24,coton,sport,premium,F091,images/REF01175.jpg
REF01176,Article 1176,maison,M17,coton,ville,milieu,F014,images/REF01176.jpg
REF01177,Article 1177,accessoire,M01,laine,ville,premium,F002,images/REF01177.jpg
REF01178,Article 1178,bas,M40,synthetique,ville,milieu,F073,images/REF01178.jpg
REF01179,Article 1179,maison,M34,laine,ville,premium,F078,images/REF01179.jpg
REF01180,Article 1180,haut,M17,coton,sport,entree,F087,images/REF01180.jpg
REF01181,Article 1181,bas,M29,coton,ville,entree,F097,images/REF01181.jpg
REF01182,Article 1182,accessoire,M27,synthetique,sport,milieu,F098,images/REF01182.jpg
REF01183,Article 1183,haut,M09,lin,sport,premium,F116,images/REF01183.jpg
REF01184,Article 1184,bas,M39,laine,sport,premium,F015,images/REF01184.jpg
REF01185,Article 1185,accessoire,M29,laine,sport,premium,F001,images/REF01185.jpg
REF01186,Article 1186,haut,M30,coton,sport,milieu,F042,images/REF01186.jpg
REF01187,Article 1187,haut,M36,lin,soiree,premium,F081,images/REF01187.jpg
REF01188,Article 1188,bas,M29,lin,sport,premium,F125,images/REF01188.jpg
REF01189,Article 1189,maison,M23,laine,soiree,premium,F031,images/REF01189.jpg
REF01190,Article 1190,bas,M34,laine,sport,milieu,F071,images/REF01190.jpg
REF01191,Article 1191,accessoire,M13,laine,sport,milieu,F130,images/REF01191.jpg
REF01192,Article 1192,bas,M17,laine,soiree,premium,F052,images/REF01192.jpg
REF01193,Article 1193,bas,M19,lin,soiree,milieu,F123,images/REF01193.jpg
REF01194,Article 1194,accessoire,M10,laine,soiree,entree,F069,images/REF01194.jpg
REF01195,Article 1195,maison,M33,lin,ville,entree,F094,images/REF01195.jpg
REF01196,Article 1196,haut,M10,lin,sport,milieu,F032,images/REF01196.jpg
REF01197,Article 1197,haut,M07,laine,ville,entree,F074,images/REF01197.jpg
REF01198,Article 1198,bas,M05,lin,soiree,premium,F096,images/REF01198.jpg
REF01199,Article 1199,bas,M03,coton,ville,entree,F132,images/REF01199.jpg
REF01200,Article 1200,accessoire,M04,lin,soiree,entree,F072,images/REF01200.jpg
REF01201,Article 1201,accessoire,M16,laine,soiree,milieu,F069,images/REF01201.jpg
REF01202,Article 1202,maison,M35,laine,sport,entree,F083,images/REF01202.jpg
REF01203,Article 1203,maison,M27,coton,ville,premium,F016,images/REF01203.jpg
REF01204,Article 1204,haut,M37,laine,ville,entree,F053,images/REF01204.jpg
REF01205,Article 1205,haut,M31,coton,ville,milieu,F044,images/REF01205.jpg
REF01206,Article 1206,haut,M33,lin,sport,premium,F022,images/REF01206.jpg
REF01207,Article 1207,maison,M25,synthetique,sport,premium,F032,images/REF01207.jpg
REF01208,Article 1208,haut,M09,synthetique,soiree,entree,F026,images/REF01208.jpg
REF01209,Article 1209,accessoire,M17,lin,sport,milieu,F139,images/REF01209.jpg
REF01210,Article 1210,haut,M02,laine,sport,milieu,F081,images/REF01210.jpg
REF01211,Article 1211,haut,M19,lin,sport,milieu,F021,images/REF01211.jpg
REF01212,Article 1212,haut,M30,synthetique,sport,entree,F118,images/REF01212.jpg
REF01213,Article 1213,maison,M36,laine,ville,milieu,F001,images/REF01213.jpg
REF01214,Article 1214,haut,M22,coton,sport,entree,F027,images/REF01214.jpg
REF01215,Article 1215,maison,M07,lin,soiree,premium,F065,images/REF01215.jpg
REF01216,Article 1216,haut,M24,lin,soiree,entree,F044,images/REF01216.jpg
REF01217,Article 1217,haut,M23,coton,ville,premium,F110,images/REF01217.jpg
REF01218,Article 1218,haut,M17,lin,ville,entree,F107,images/REF01218.jpg
REF01219,Article 1219,bas,M38,synthetique,soiree,milieu,F084,images/REF01219.jpg
REF01220,Article 1220,bas,M24,laine,soiree,milieu,F049,images/REF01220.jpg
REF01221,Article 1221,accessoire,M38,laine,soiree,premium,F070,images/REF01221.jpg
REF01222,Article 1222,accessoire,M30,coton,sport,premium,F121,images/REF01222.jpg
REF01223,Article 1223,accessoire,M20,laine,sport,premium,F071,images/REF01223.jpg
REF01224,Article 1224,bas,M20,lin,sport,entree,F118,images/REF01224.jpg
REF01225,Article 1225,bas,M14,lin,soiree,entree,F018,images/REF01225.jpg
REF01226,Article 1226,haut,M18,laine,ville,milieu,F131,images/REF01226.jpg
REF01227,Article 1227,bas,M35,coton,ville,milieu,F096,images/REF01227.jpg
REF01228,Article 1228,haut,M18,synthetique,sport,milieu,F072,images/REF01228.jpg
REF01229,Article 1229,bas,M24,synthetique,soiree,milieu,F117,images/REF01229.jpg
REF01230,Article 1230,bas,M02,lin,sport,entree,F113,images/REF01230.jpg
REF01231,Article 1231,accessoire,M33,laine,ville,entree,F106,images/REF01231.jpg
REF01232,Article 1232,haut,M15,lin,sport,entree,F103,images/REF01232.jpg
REF01233,Article 1233,accessoire,M07,coton,ville,milieu,F028,images/REF01233.jpg
REF01234,Article 1234,bas,M16,coton,sport,premium,F112,images/REF01234.jpg
REF01235,Article 1235,bas,M27,coton,soiree,milieu,F007,images/REF01235.jpg
REF01236,Article 1236,maison,M11,lin,sport,entree,F102,images/REF01236.jpg
REF01237,Article 1237,bas,M12,coton,ville,milieu,F020,images/REF01237.jpg
REF01238,Article 1238,accessoire,M28,coton,ville,entree,F066,images/REF01238.jpg
REF01239,Article 1239,haut,M27,lin,soiree,premium,F013,images/REF01239.jpg
REF01240,Article 1240,haut,M33,lin,sport,milieu,F017,images/REF01240.jpg
REF01241,Article 1241,accessoire,M12,synthetique,soiree,entree,F083,images/REF01241.jpg
REF01242,Article 1242,haut,M16,lin,soiree,premium,F136,images/REF01242.jpg
REF01243,Article 1243,maison,M40,coton,ville,entree,F122,images/REF01243.jpg
REF01244,Article 1244,haut,M30,coton,ville,milieu,F009,images/REF01244.jpg
REF01245,Article 1245,accessoire,M12,laine,sport,milieu,F064,images/REF01245.jpg
REF01246,Article 1246,bas,M21,synthetique,sport,premium,F033,images/REF01246.jpg
REF01247,Article 1247,maison,M23,coton,sport,milieu,F076,images/REF01247.jpg
REF01248,Article 1248,bas,M13,synthetique,soiree,milieu,F084,images/REF01248.jpg
REF01249,Article 1249,maison,M21,synthetique,sport,entree,F046,images/REF01249.jpg
REF01250,Article 1250,accessoire,M02,laine,sport,premium,F013,images/REF01250.jpg
REF01251,Article 1251,haut,M24,lin,soiree,premium,F084,images/REF01251.jpg
REF01252,Article 1252,haut,M13,laine,sport,premium,F123,images/REF01252.jpg
REF01253,Article 1253,bas,M28,lin,soiree,entree,F003,images/REF01253.jpg
REF01254,Article 1254,bas,M36,laine,soiree,premium,F015,images/REF01254.jpg
REF01255,Article 1255,maison,M34,synthetique,ville,premium,F022,images/REF01255.jpg
REF01256,Article 1256,accessoire,M34,coton,sport,entree,F037,images/REF01256.jpg
REF01257,Article 1257,maison,M22,synthetique,ville,premium,F065,images/REF01257.jpg
REF01258,Article 1258,accessoire,M38,coton,sport,entree,F090,images/REF01258.jpg
REF01259,Article 1259,haut,M16,synthetique,soiree,premium,F027,images/REF01259.jpg
REF01260,Article 1260,accessoire,M32,laine,sport,premium,F006,images/REF01260.jpg
REF01261,Article 1261,accessoire,M36,laine,ville,premium,F138,images/REF01261.jpg
REF01262,Article 1262,maison,M26,synthetique,sport,milieu,F022,images/REF01262.jpg
REF01263,Article 1263,bas,M34,synthetique,soiree,milieu,F024,images/REF01263.jpg
REF01264,Article 1264,haut,M03,laine,sport,entree,F075,images/REF01264.jpg
REF01265,Article 1265,bas,M28,synthetique,soiree,milieu,F031,images/REF01265.jpg
REF01266,Article 1266,haut,M03,laine,ville,milieu,F093,images/REF01266.jpg
REF01267,Article 1267,bas,M38,lin,ville,entree,F110,images/REF01267.jpg
REF01268,Article 1268,accessoire,M34,lin,soiree,milieu,F072,images/REF01268.jpg
REF01269,Article 1269,accessoire,M31,coton,ville,entree,F029,images/REF01269.jpg
REF01270,Article 1270,accessoire,M06,coton,soiree,milieu,F076,images/REF01270.jpg
REF01271,Article 1271,haut,M09,laine,ville,entree,F032,images/REF01271.jpg
REF01272,Article 1272,maison,M06,lin,ville,milieu,F102,images/REF01272.jpg
REF01273,Article 1273,bas,M32,synthetique,soiree,premium,F011,images/REF01273.jpg
REF01274,Article 1274,maison,M37,lin,ville,premium,F008,images/REF01274.jpg
REF01275,Article 1275,haut,M26,coton,soiree,milieu,F121,images/REF01275.jpg
REF01276,Article 1276,accessoire,M17,lin,sport,milieu,F090,images/REF01276.jpg
REF01277,Article 1277,accessoire,M29,coton,sport,milieu,F096,images/REF01277.jpg
REF01278,Article 1278,maison,M04,laine,ville,premium,F014,images/REF01278.jpg
REF01279,Article 1279,maison,M12,lin,sport,premium,F007,images/REF01279.jpg
REF01280,Article 1280,accessoire,M10,laine,soiree,premium,F071,images/REF01280.jpg
REF01281,Article 1281,haut,M22,synthetique,soiree,milieu,F137,images/REF01281.jpg
REF01282,Article 1282,haut,M10,lin,ville,entree,F037,images/REF01282.jpg
REF01283,Article 1283,accessoire,M35,lin,ville,entree,F089,images/REF01283.jpg
REF01284,Article 1284,accessoire,M20,lin,soiree,premium,F117,images/REF01284.jpg
REF01285,Article 1285,bas,M33,coton,ville,premium,F062,images/REF01285.jpg
REF01286,Article 1286,bas,M04,lin,ville,milieu,F079,images/REF01286.jpg
REF01287,Article 1287,haut,M31,synthetique,sport,premium,F091,images/REF01287.jpg
REF01288,Article 1288,bas,M21,lin,ville,milieu,F119,images/REF01288.jpg
REF01289,Article 1289,bas,M30,coton,ville,milieu,F042,images/REF01289.jpg
REF01290,Article 1290,haut,M13,coton,sport,premium,F058,images/REF01290.jpg
REF01291,Article 1291,haut,M34,synthetique,sport,premium,F125,images/REF01291.jpg
REF01292,Article 1292,haut,M04,lin,ville,entree,F042,images/REF01292.jpg
REF01293,Article 1293,accessoire,M26,laine,soiree,premium,F059,images/REF01293.jpg
REF01294,Article 1294,maison,M18,coton,sport,milieu,F081,images/REF01294.jpg
REF01295,Article 1295,accessoire,M39,lin,sport,premium,F032,images/REF01295.jpg
REF01296,Article 1296,accessoire,M24,coton,soiree,premium,F024,images/REF01296.jpg
REF01297,Article 1297,bas,M05,laine,sport,premium,F080,images/REF01297.jpg
REF01298,Article 1298,maison,M13,synthetique,soiree,premium,F110,images/REF01298.jpg
REF01299,Article 1299,maison,M07,lin,soiree,premium,F030,images/REF01299.jpg
REF01300,Article 1300,bas,M14,laine,ville,premium,F059,images/REF01300.jpg
REF01301,Article 1301,haut,M19,lin,soiree,premium,F048,images/REF01301.jpg
REF01302,Article 1302,bas,M14,laine,soiree,entree,F059,images/REF01302.jpg
REF01303,Article 1303,maison,M35,coton,ville,premium,F067,images/REF01303.jpg
REF01304,Article 1304,haut,M39,synthetique,ville,premium,F071,images/REF01304.jpg
REF01305,Article 1305,bas,M38,lin,ville,milieu,F079,images/REF01305.jpg
REF01306,Article 1306,accessoire,M35,lin,soiree,premium,F070,images/REF01306.jpg
REF01307,Article 1307,bas,M29,synthetique,ville,entree,F091,images/REF01307.jpg
REF01308,Article 1308,maison,M13,laine,soiree,milieu,F023,images/REF01308.jpg
REF01309,Article 1309,bas,M04,coton,sport,premium,F136,images/REF01309.jpg
REF01310,Article 1310,maison,M30,laine,ville,entree,F101,images/REF01310.jpg
REF01311,Article 1311,haut,M12,lin,ville,premium,F108,images/REF01311.jpg
REF01312,Article 1312,maison,M34,lin,ville,entree,F130,images/REF01312.jpg
REF01313,Article 1313,bas,M22,synthetique,sport,premium,F028,images/REF01313.jpg
REF01314,Article 1314,bas,M27,coton,sport,premium,F018,images/REF01314.jpg
REF01315,Article 1315,bas,M25,coton,ville,premium,F081,images/REF01315.jpg
REF01316,Article 1316,accessoire,M28,synthetique,sport,milieu,F103,images/REF01316.jpg
REF01317,Article 1317,bas,M05,synthetique,soiree,entree,F011,images/REF01317.jpg
REF01318,Article 1318,haut,M04,synthetique,soiree,premium,F085,images/REF01318.jpg
REF01319,Article 1319,maison,M06,laine,soiree,milieu,F123,images/REF01319.jpg
REF01320,Article 1320,accessoire,M33,laine,sport,milieu,F058,images/REF01320.jpg
REF01321,Article 1321,maison,M33,laine,ville,milieu,F124,images/REF01321.jpg
REF01322,Article 1322,haut,M03,coton,soiree,premium,F131,images/REF01322.jpg
REF01323,Article 1323,maison,M13,synthetique,ville,entree,F071,images/REF01323.jpg
REF01324,Article 1324,accessoire,M40,synthetique,ville,entree,F057,images/REF01324.jpg
REF01325,Article 1325,maison,M36,synthetique,sport,premium,F050,images/REF01325.jpg
REF01326,Article 1326,accessoire,M09,lin,sport,milieu,F126,images/REF01326.jpg
REF01327,Article 1327,haut,M30,lin,sport,premium,F140,images/REF01327.jpg
REF01328,Article 1328,bas,M09,synthetique,sport,entree,F015,images/REF01328.jpg
REF01329,Article 1329,bas,M17,lin,ville,entree,F055,images/REF01329.jpg
REF01330,Article 1330,bas,M19,coton,sport,entree,F029,images/REF01330.jpg
REF01331,Article 1331,bas,M32,coton,sport,milieu,F005,images/REF01331.jpg
REF01332,Article 1332,accessoire,M16,synthetique,soiree,premium,F092,images/REF01332.jpg
REF01333,Article 1333,haut,M03,coton,soiree,entree,F110,images/REF01333.jpg
REF01334,Article 1334,bas,M05,coton,ville,premium,F098,images/REF01334.jpg
REF01335,Article 1335,maison,M16,synthetique,ville,premium,F102,images/REF01335.jpg
REF01336,Article 1336,bas,M07,lin,sport,premium,F119,images/REF01336.jpg
REF01337,Article 1337,haut,M27,lin,ville,milieu,F117,images/REF01337.jpg
REF01338,Article 1338,haut,M39,synthetique,soiree,premium,F108,images/REF01338.jpg
REF01339,Article 1339,maison,M02,lin,sport,milieu,F004,images/REF01339.jpg
REF01340,Article 1340,bas,M09,laine,soiree,entree,F109,images/REF01340.jpg
REF01341,Article 1341,bas,M35,lin,sport,premium,F074,images/REF01341.jpg
REF01342,Article 1342,maison,M02,synthetique,soiree,entree,F042,images/REF01342.jpg
REF01343,Article 1343,haut,M34,laine,ville,entree,F129,images/REF01343.jpg
REF01344,Article 1344,maison,M13,laine,ville,milieu,F091,images/REF01344.jpg
REF01345,Article 1345,haut,M07,laine,sport,entree,F006,images/REF01345.jpg
REF01346,Article 1346,bas,M19,laine,ville,milieu,F072,images/REF01346.jpg
REF01347,Article 1347,bas,M11,laine,ville,milieu,F111,images/REF01347.jpg
REF01348,Article 1348,maison,M03,synthetique,ville,entree,F021,images/REF01348.jpg
REF01349,Article 1349,accessoire,M20,synthetique,sport,milieu,F048,images/REF01349.jpg
REF01350,Article 1350,maison,M28,lin,soiree,entree,F068,images/REF01350.jpg
REF01351,Article 1351,maison,M29,coton,sport,milieu,F053,images/REF01351.jpg
REF01352,Article 1352,haut,M19,laine,sport,entree,F015,images/REF01352.jpg
REF01353,Article 1353,accessoire,M28,synthetique,soiree,entree,F128,images/REF01353.jpg
REF01354,Article 1354,bas,M34,coton,sport,milieu,F112,images/REF01354.jpg
REF01355,Article 1355,maison,M36,synthetique,sport,premium,F080,images/REF01355.jpg
REF01356,Article 1356,accessoire,M10,synthetique,soiree,milieu,F064,images/REF01356.jpg
REF01357,Article 1357,accessoire,M15,laine,ville,milieu,F021,images/REF01357.jpg
REF01358,Article 1358,bas,M02,synthetique,sport,milieu,F092,images/REF01358.jpg
REF01359,Article 1359,accessoire,M04,lin,ville,premium,F008,images/REF01359.jpg
REF01360,Article 1360,maison,M23,coton,soiree,entree,F098,images/REF01360.jpg
REF01361,Article 1361,haut,M25,laine,sport,entree,F091,images/REF01361.jpg
REF01362,Article 1362,bas,M40,lin,soiree,milieu,F102,images/REF01362.jpg
REF01363,Article 1363,maison,M14,coton,soiree,milieu,F090,images/REF01363.jpg
REF01364,Article 1364,accessoire,M02,laine,soiree,premium,F100,images/REF01364.jpg
REF01365,Article 1365,accessoire,M16,coton,ville,milieu,F119,images/REF01365.jpg
REF01366,Article 1366,accessoire,M30,lin,sport,premium,F059,images/REF01366.jpg
REF01367,Article 1367,bas,M18,synthetique,ville,entree,F134,images/REF01367.jpg
REF01368,Article 1368,haut,M18,coton,soiree,entree,F012,images/REF01368.jpg
REF01369,Article 1369,bas,M13,laine,soiree,milieu,F062,images/REF01369.jpg
REF01370,Article 1370,maison,M29,laine,sport,milieu,F041,images/REF01370.jpg
REF01371,Article 1371,haut,M11,laine,sport,premium,F102,images/REF01371.jpg
REF01372,Article 1372,bas,M15,lin,ville,premium,F001,images/REF01372.jpg
REF01373,Article 1373,haut,M32,lin,soiree,premium,F026,images/REF01373.jpg
REF01374,Article 1374,haut,M34,synthetique,ville,premium,F099,images/REF01374.jpg
REF01375,Article 1375,accessoire,M09,lin,sport,entree,F024,images/REF01375.jpg
REF01376,Article 1376,haut,M23,lin,soiree,premium,F084,images/REF01376.jpg
REF01377,Article 1377,maison,M24,laine,ville,entree,F113,images/REF01377.jpg
REF01378,Article 1378,bas,M13,laine,sport,premium,F001,images/REF01378.jpg
REF01379,Article 1379,accessoire,M25,lin,ville,entree,F020,images/REF01379.jpg
REF01380,Article 1380,accessoire,M14,synthetique,sport,milieu,F113,images/REF01380.jpg
REF01381,Article 1381,maison,M29,coton,soiree,entree,F012,images/REF01381.jpg
REF01382,Article 1382,bas,M27,coton,sport,entree,F100,images/REF01382.jpg
REF01383,Article 1383,bas,M25,coton,ville,entree,F055,images/REF01383.jpg
REF01384,Article 1384,maison,M12,coton,soiree,entree,F077,images/REF01384.jpg
REF01385,Article 1385,accessoire,M19,synthetique,ville,premium,F111,images/REF01385.jpg
REF01386,Article 1386,bas,M13,laine,ville,premium,F126,images/REF01386.jpg
REF01387,Article 1387,haut,M21,lin,soiree,premium,F131,images/REF01387.jpg
REF01388,Article 1388,maison,M38,laine,sport,milieu,F049,images/REF01388.jpg
REF01389,Article 1389,haut,M03,lin,sport,premium,F108,images/REF01389.jpg
REF01390,Article 1390,haut,M09,synthetique,ville,entree,F118,images/REF01390.jpg
REF01391,Article 1391,maison,M01,synthetique,ville,entree,F083,images/REF01391.jpg
REF01392,Article 1392,bas,M28,coton,soiree,milieu,F122,images/REF01392.jpg
REF01393,Article 1393,haut,M03,lin,soiree,entree,F128,images/REF01393.jpg
REF01394,Article 1394,haut,M07,laine,ville,milieu,F059,images/REF01394.jpg
REF01395,Article 1395,bas,M12,synthetique,soiree,premium,F080,images/REF01395.jpg
REF01396,Article 1396,bas,M08,synthetique,soiree,milieu,F060,images/REF01396.jpg
REF01397,Article 1397,bas,M19,lin,sport,premium,F007,images/REF01397.jpg
REF01398,Article 1398,bas,M28,laine,ville,milieu,F084,images/REF01398.jpg
REF01399,Article 1399,accessoire,M03,synthetique,soiree,entree,F081,images/REF01399.jpg
REF01400,Article 1400,bas,M16,synthetique,ville,premium,F017,images/REF01400.jpg
REF01401,Article 1401,bas,M03,laine,sport,milieu,F131,images/REF01401.jpg
REF01402,Article 1402,maison,M19,synthetique,sport,premium,F077,images/REF01402.jpg
REF01403,Article 1403,accessoire,M28,synthetique,ville,premium,F076,images/REF01403.jpg
REF01404,Article 1404,accessoire,M10,synthetique,ville,entree,F099,images/REF01404.jpg
REF01405,Article 1405,bas,M14,lin,sport,premium,F078,images/REF01405.jpg
REF01406,Article 1406,accessoire,M37,lin,ville,entree,F019,images/REF01406.jpg
REF01407,Article 1407,accessoire,M12,lin,sport,premium,F093,images/REF01407.jpg
REF01408,Article 1408,bas,M29,synthetique,sport,milieu,F038,images/REF01408.jpg
REF01409,Article 1409,bas,M21,laine,ville,milieu,F133,images/REF01409.jpg
REF01410,Article 1410,maison,M10,laine,ville,milieu,F080,images/REF01410.jpg
REF01411,Article 1411,bas,M35,coton,soiree,milieu,F041,images/REF01411.jpg
REF01412,Article 1412,accessoire,M15,synthetique,ville,entree,F037,images/REF01412.jpg
REF01413,Article 1413,haut,M33,coton,ville,premium,F050,images/REF01413.jpg
REF01414,Article 1414,accessoire,M11,synthetique,sport,entree,F023,images/REF01414.jpg
REF01415,Article 1415,haut,M40,lin,ville,entree,F139,images/REF01415.jpg
REF01416,Article 1416,maison,M32,coton,ville,entree,F085,images/REF01416.jpg
REF01417,Article 1417,bas,M14,laine,ville,entree,F090,images/REF01417.jpg
REF01418,Article 1418,accessoire,M25,laine,sport,entree,F079,images/REF01418.jpg
REF01419,Article 1419,accessoire,M38,lin,soiree,premium,F004,images/REF01419.jpg
REF01420,Article 1420,bas,M13,laine,ville,milieu,F063,images/REF01420.jpg
REF01421,Article 1421,haut,M32,synthetique,ville,premium,F091,images/REF01421.jpg
REF01422,Article 1422,bas,M22,lin,soiree,milieu,F024,images/REF01422.jpg
REF01423,Article 1423,accessoire,M38,lin,soiree,entree,F053,images/REF01423.jpg
REF01424,Article 1424,maison,M31,synthetique,sport,milieu,F032,images/REF01424.jpg
REF01425,Article 1425,maison,M11,lin,ville,premium,F005,images/REF01425.jpg
REF01426,Article 1426,maison,M10,synthetique,sport,milieu,F133,images/REF01426.jpg
REF01427,Article 1427,maison,M34,lin,sport,premium,F091,images/REF01427.jpg
REF01428,Article 1428,maison,M16,coton,ville,entree,F071,images/REF01428.jpg
REF01429,Article 1429,bas,M08,lin,ville,milieu,F085,images/REF01429.jpg
REF01430,Article 1430,haut,M17,lin,sport,entree,F067,images/REF01430.jpg
REF01431,Article 1431,maison,M33,coton,sport,premium,F045,images/REF01431.jpg
REF01432,Article 1432,bas,M23,coton,sport,milieu,F062,images/REF01432.jpg
REF01433,Article 1433,accessoire,M36,coton,sport,premium,F111,images/REF01433.jpg
REF01434,Article 1434,maison,M02,lin,ville,entree,F072,images/REF01434.jpg
REF01435,Article 1435,maison,M32,lin,soiree,entree,F039,images/REF01435.jpg
REF01436,Article 1436,haut,M14,lin,ville,milieu,F045,images/REF01436.jpg
REF01437,Article 1437,maison,M16,coton,sport,milieu,F086,images/REF01437.jpg
REF01438,Article 1438,maison,M09,coton,ville,entree,F137,images/REF01438.jpg
REF01439,Article 1439,haut,M40,lin,sport,milieu,F039,images/REF01439.jpg
REF01440,Article 1440,accessoire,M06,lin,soiree,entree,F063,images/REF01440.jpg
REF01441,Article 1441,haut,M31,coton,sport,milieu,F018,images/REF01441.jpg
REF01442,Article 1442,haut,M14,lin,soiree,milieu,F090,images/REF01442.jpg
REF01443,Article 1443,accessoire,M09,synthetique,ville,entree,F039,images/REF01443.jpg
REF01444,Article 1444,bas,M10,synthetique,soiree,milieu,F083,images/REF01444.jpg
REF01445,Article 1445,accessoire,M28,coton,ville,milieu,F077,images/REF01445.jpg
REF01446,Article 1446,haut,M27,synthetique,sport,premium,F066,images/REF01446.jpg
REF01447,Article 1447,haut,M16,laine,ville,entree,F027,images/REF01447.jpg
REF01448,Article 1448,accessoire,M05,laine,ville,premium,F070,images/REF01448.jpg
REF01449,Article 1449,haut,M15,laine,sport,premium,F064,images/REF01449.jpg
REF01450,Article 1450,accessoire,M34,synthetique,soiree,milieu,F126,images/REF01450.jpg
REF01451,Article 1451,haut,M20,coton,soiree,premium,F042,images/REF01451.jpg
REF01452,Article 1452,haut,M35,synthetique,sport,entree,F003,images/REF01452.jpg
REF01453,Article 1453,haut,M27,laine,soiree,milieu,F135,images/REF01453.jpg
REF01454,Article 1454,bas,M38,laine,ville,entree,F122,images/REF01454.jpg
REF01455,Article 1455,haut,M15,synthetique,ville,premium,F098,images/REF01455.jpg
REF01456,Article 1456,maison,M05,lin,sport,premium,F047,images/REF01456.jpg
REF01457,Article 1457,haut,M38,lin,ville,premium,F051,images/REF01457.jpg
REF01458,Article 1458,haut,M03,laine,ville,premium,F078,images/REF01458.jpg
REF01459,Article 1459,accessoire,M07,laine,sport,premium,F086,images/REF01459.jpg
REF01460,Article 1460,accessoire,M39,coton,soiree,entree,F076,images/REF01460.jpg
REF01461,Article 1461,accessoire,M36,lin,ville,entree,F111,images/REF01461.jpg
REF01462,Article 1462,maison,M04,laine,sport,premium,F097,images/REF01462.jpg
REF01463,Article 1463,accessoire,M08,lin,ville,entree,F028,images/REF01463.jpg
REF01464,Article 1464,accessoire,M06,laine,soiree,entree,F112,images/REF01464.jpg
REF01465,Article 1465,bas,M39,synthetique,sport,milieu,F122,images/REF01465.jpg
REF01466,Article 1466,haut,M08,coton,ville,milieu,F081,images/REF01466.jpg
REF01467,Article 1467,maison,M10,laine,ville,milieu,F114,images/REF01467.jpg
REF01468,Article 1468,maison,M25,coton,soiree,premium,F083,images/REF01468.jpg
REF01469,Article 1469,accessoire,M34,synthetique,sport,entree,F016,images/REF01469.jpg
REF01470,Article 1470,accessoire,M32,laine,sport,milieu,F081,images/REF01470.jpg
REF01471,Article 1471,bas,M35,synthetique,sport,premium,F004,images/REF01471.jpg
REF01472,Article 1472,accessoire,M03,synthetique,sport,milieu,F110,images/REF01472.jpg
REF01473,Article 1473,accessoire,M20,synthetique,soiree,premium,F050,images/REF01473.jpg
REF01474,Article 1474,bas,M15,lin,sport,entree,F127,images/REF01474.jpg
REF01475,Article 1475,bas,M11,synthetique,soiree,entree,F105,images/REF01475.jpg
REF01476,Article 1476,accessoire,M16,lin,sport,entree,F086,images/REF01476.jpg
REF01477,Article 1477,maison,M20,synthetique,soiree,entree,F138,images/REF01477.jpg
REF01478,Article 1478,bas,M38,coton,sport,premium,F021,images/REF01478.jpg
REF01479,Article 1479,haut,M38,lin,sport,milieu,F127,images/REF01479.jpg
REF01480,Article 1480,haut,M25,synthetique,soiree,milieu,F085,images/REF01480.jpg
REF01481,Article 1481,haut,M07,lin,soiree,milieu,F100,images/REF01481.jpg
REF01482,Article 1482,haut,M19,coton,soiree,entree,F064,images/REF01482.jpg
REF01483,Article 1483,maison,M32,lin,soiree,premium,F132,images/REF01483.jpg
REF01484,Article 1484,haut,M16,synthetique,sport,entree,F106,images/REF01484.jpg
REF01485,Article 1485,accessoire,M01,lin,ville,entree,F068,images/REF01485.jpg
REF01486,Article 1486,haut,M15,synthetique,sport,premium,F101,images/REF01486.jpg
REF01487,Article 1487,haut,M07,lin,soiree,milieu,F052,images/REF01487.jpg
REF01488,Article 1488,haut,M11,lin,soiree,entree,F017,images/REF01488.jpg
REF01489,Article 1489,accessoire,M07,lin,soiree,premium,F014,images/REF01489.jpg
REF01490,Article 1490,accessoire,M29,laine,ville,premium,F016,images/REF01490.jpg
REF01491,Article 1491,accessoire,M19,coton,ville,premium,F124,images/REF01491.jpg
REF01492,Article 1492,accessoire,M07,synthetique,sport,premium,F139,images/REF01492.jpg
REF01493,Article 1493,haut,M03,coton,soiree,milieu,F076,images/REF01493.jpg
REF01494,Article 1494,accessoire,M22,lin,ville,entree,F116,images/REF01494.jpg
REF01495,Article 1495,haut,M34,synthetique,soiree,entree,F029,images/REF01495.jpg
REF01496,Article 1496,maison,M32,lin,ville,premium,F073,images/REF01496.jpg
REF01497,Article 1497,haut,M31,laine,sport,premium,F040,images/REF01497.jpg
REF01498,Article 1498,haut,M21,laine,ville,milieu,F022,images/REF01498.jpg
REF01499,Article 1499,haut,M04,synthetique,ville,premium,F100,images/REF01499.jpg
REF01500,Article 1500,bas,M18,lin,sport,premium,F021,images/REF01500.jpg
REF01501,Article 1501,maison,M09,synthetique,ville,milieu,F047,images/REF01501.jpg
REF01502,Article 1502,haut,M26,coton,ville,milieu,F003,images/REF01502.jpg
REF01503,Article 1503,haut,M30,coton,sport,premium,F037,images/REF01503.jpg
REF01504,Article 1504,bas,M03,coton,soiree,milieu,F059,images/REF01504.jpg
REF01505,Article 1505,haut,M34,laine,soiree,premium,F083,images/REF01505.jpg
REF01506,Article 1506,haut,M04,lin,ville,premium,F088,images/REF01506.jpg
REF01507,Article 1507,accessoire,M16,laine,sport,milieu,F075,images/REF01507.jpg
REF01508,Article 1508,haut,M04,laine,soiree,milieu,F130,images/REF01508.jpg
REF01509,Article 1509,accessoire,M10,coton,sport,milieu,F061,images/REF01509.jpg
REF01510,Article 1510,haut,M12,laine,ville,entree,F130,images/REF01510.jpg
REF01511,Article 1511,bas,M34,lin,sport,entree,F056,images/REF01511.jpg
REF01512,Article 1512,bas,M17,coton,sport,entree,F032,images/REF01512.jpg
REF01513,Article 1513,maison,M35,coton,sport,milieu,F126,images/REF01513.jpg
REF01514,Article 1514,maison,M13,laine,ville,entree,F018,images/REF01514.jpg
REF01515,Article 1515,bas,M18,lin,sport,premium,F018,images/REF01515.jpg
REF01516,Article 1516,bas,M14,lin,ville,entree,F138,images/REF01516.jpg
REF01517,Article 1517,maison,M07,coton,ville,milieu,F007,images/REF01517.jpg
REF01518,Article 1518,accessoire,M28,coton,ville,premium,F115,images/REF01518.jpg
REF01519,Article 1519,bas,M28,lin,ville,premium,F010,images/REF01519.jpg
REF01520,Article 1520,haut,M32,laine,sport,milieu,F037,images/REF01520.jpg
REF01521,Article 1521,maison,M08,synthetique,sport,milieu,F137,images/REF01521.jpg
REF01522,Article 1522,bas,M30,lin,ville,milieu,F033,images/REF01522.jpg
REF01523,Article 1523,haut,M13,synthetique,sport,premium,F044,images/REF01523.jpg
REF01524,Article 1524,bas,M29,laine,soiree,entree,F140,images/REF01524.jpg
REF01525,Article 1525,accessoire,M13,synthetique,soiree,premium,F140,images/REF01525.jpg
REF01526,Article 1526,haut,M02,coton,ville,entree,F120,images/REF01526.jpg
REF01527,Article 1527,maison,M04,coton,sport,entree,F008,images/REF01527.jpg
REF01528,Article 1528,bas,M14,synthetique,soiree,premium,F127,images/REF01528.jpg
REF01529,Article 1529,accessoire,M33,synthetique,ville,milieu,F037,images/REF01529.jpg
REF01530,Article 1530,accessoire,M17,lin,ville,entree,F063,images/REF01530.jpg
REF01531,Article 1531,maison,M20,synthetique,soiree,entree,F066,images/REF01531.jpg
REF01532,Article 1532,maison,M25,synthetique,ville,milieu,F032,images/REF01532.jpg
REF01533,Article 1533,bas,M03,synthetique,sport,premium,F093,images/REF01533.jpg
REF01534,Article 1534,haut,M18,synthetique,sport,milieu,F103,images/REF01534.jpg
REF01535,Article 1535,accessoire,M17,laine,sport,entree,F077,images/REF01535.jpg
REF01536,Article 1536,maison,M24,synthetique,ville,premium,F006,images/REF01536.jpg
REF01537,Article 1537,maison,M23,laine,sport,milieu,F036,images/REF01537.jpg
REF01538,Article 1538,accessoire,M32,coton,sport,premium,F013,images/REF01538.jpg
REF01539,Article 1539,accessoire,M27,laine,sport,milieu,F055,images/REF01539.jpg
REF01540,Article 1540,accessoire,M23,lin,sport,premium,F009,images/REF01540.jpg
REF01541,Article 1541,haut,M31,laine,ville,premium,F074,images/REF01541.jpg
REF01542,Article 1542,haut,M10,synthetique,sport,premium,F038,images/REF01542.jpg
REF01543,Article 1543,bas,M02,laine,sport,milieu,F001,images/REF01543.jpg
REF01544,Article 1544,maison,M37,laine,ville,entree,F140,images/REF01544.jpg
REF01545,Article 1545,bas,M19,synthetique,sport,premium,F089,images/REF01545.jpg
REF01546,Article 1546,bas,M35,synthetique,soiree,entree,F022,images/REF01546.jpg
REF01547,Article 1547,maison,M27,synthetique,soiree,premium,F055,images/REF01547.jpg
REF01548,Article 1548,accessoire,M20,laine,soiree,premium,F118,images/REF01548.jpg
REF01549,Article 1549,haut,M37,lin,ville,milieu,F050,images/REF01549.jpg
REF01550,Article 1550,accessoire,M30,laine,soiree,milieu,F025,images/REF01550.jpg
REF01551,Article 1551,haut,M15,lin,ville,premium,F007,images/REF01551.jpg
REF01552,Article 1552,maison,M03,lin,sport,milieu,F079,images/REF01552.jpg
REF01553,Article 1553,maison,M31,laine,ville,milieu,F134,images/REF01553.jpg
REF01554,Article 1554,accessoire,M25,synthetique,ville,entree,F125,images/REF01554.jpg
REF01555,Article 1555,maison,M37,coton,soiree,milieu,F097,images/REF01555.jpg
REF01556,Article 1556,maison,M24,synthetique,sport,premium,F018,images/REF01556.jpg
REF01557,Article 1557,bas,M35,synthetique,ville,entree,F045,images/REF01557.jpg
REF01558,Article 1558,haut,M38,coton,soiree,entree,F091,images/REF01558.jpg
REF01559,Article 1559,bas,M23,laine,sport,premium,F111,images/REF01559.jpg
REF01560,Article 1560,accessoire,M29,lin,soiree,premium,F070,images/REF01560.jpg
REF01561,Article 1561,haut,M24,laine,ville,milieu,F067,images/REF01561.jpg
REF01562,Article 1562,accessoire,M01,synthetique,soiree,entree,F108,images/REF01562.jpg
REF01563,Article 1563,bas,M40,synthetique,ville,entree,F041,images/REF01563.jpg
REF01564,Article 1564,accessoire,M20,laine,ville,premium,F119,images/REF01564.jpg
REF01565,Article 1565,maison,M37,laine,sport,milieu,F078,images/REF01565.jpg
REF01566,Article 1566,accessoire,M39,laine,sport,premium,F009,images/REF01566.jpg
REF01567,Article 1567,accessoire,M11,synthetique,sport,premium,F014,images/REF01567.jpg
REF01568,Article 1568,accessoire,M06,synthetique,ville,premium,F041,images/REF01568.jpg
REF01569,Article 1569,bas,M04,synthetique,soiree,premium,F132,images/REF01569.jpg
REF01570,Article 1570,bas,M27,synthetique,soiree,entree,F111,images/REF01570.jpg
REF01571,Article 1571,maison,M38,coton,soiree,premium,F140,images/REF01571.jpg
REF01572,Article 1572,accessoire,M15,lin,sport,milieu,F110,images/REF01572.jpg
REF01573,Article 1573,bas,M27,lin,soiree,milieu,F026,images/REF01573.jpg
REF01574,Article 1574,haut,M17,synthetique,ville,premium,F039,images/REF01574.jpg
REF01575,Article 1575,maison,M27,lin,soiree,premium,F024,images/REF01575.jpg
REF01576,Article 1576,bas,M37,synthetique,ville,milieu,F018,images/REF01576.jpg
REF01577,Article 1577,maison,M25,laine,ville,milieu,F133,images/REF01577.jpg
REF01578,Article 1578,bas,M34,coton,soiree,milieu,F052,images/REF01578.jpg
REF01579,Article 1579,accessoire,M08,lin,sport,premium,F026,images/REF01579.jpg
REF01580,Article 1580,haut,M15,synthetique,soiree,entree,F009,images/REF01580.jpg
REF01581,Article 1581,haut,M36,lin,soiree,milieu,F053,images/REF01581.jpg
REF01582,Article 1582,accessoire,M27,synthetique,soiree,entree,F049,images/REF01582.jpg
REF01583,Article 1583,accessoire,M04,coton,sport,entree,F035,images/REF01583.jpg
REF01584,Article 1584,accessoire,M11,laine,ville,premium,F015,images/REF01584.jpg
REF01585,Article 1585,accessoire,M25,synthetique,soiree,milieu,F002,images/REF01585.jpg
REF01586,Article 1586,haut,M23,coton,ville,premium,F054,images/REF01586.jpg
REF01587,Article 1587,maison,M19,coton,soiree,entree,F077,images/REF01587.jpg
REF01588,Article 1588,bas,M08,lin,soiree,milieu,F135,images/REF01588.jpg
REF01589,Article 1589,accessoire,M30,coton,sport,premium,F125,images/REF01589.jpg
REF01590,Article 1590,haut,M32,lin,ville,entree,F024,images/REF01590.jpg
REF01591,Article 1591,haut,M38,coton,soiree,milieu,F047,images/REF01591.jpg
REF01592,Article 1592,accessoire,M06,lin,ville,entree,F002,images/REF01592.jpg
REF01593,Article 1593,maison,M21,synthetique,ville,milieu,F090,images/REF01593.jpg
REF01594,Article 1594,haut,M03,synthetique,sport,milieu,F033,images/REF01594.jpg
REF01595,Article 1595,haut,M31,lin,soiree,milieu,F020,images/REF01595.jpg
REF01596,Article 1596,haut,M01,synthetique,soiree,milieu,F130,images/REF01596.jpg
REF01597,Article 1597,accessoire,M10,synthetique,ville,milieu,F107,images/REF01597.jpg
REF01598,Article 1598,bas,M34,coton,sport,entree,F047,images/REF01598.jpg
REF01599,Article 1599,maison,M37,synthetique,ville,premium,F086,images/REF01599.jpg
REF01600,Article 1600,bas,M28,coton,sport,milieu,F113,images/REF01600.jpg
REF01601,Article 1601,maison,M09,laine,sport,entree,F003,images/REF01601.jpg
REF01602,Article 1602,haut,M27,coton,ville,premium,F118,images/REF01602.jpg
REF01603,Article 1603,accessoire,M28,lin,sport,premium,F084,images/REF01603.jpg
REF01604,Article 1604,maison,M37,lin,sport,premium,F001,images/REF01604.jpg
REF01605,Article 1605,accessoire,M32,lin,ville,milieu,F134,images/REF01605.jpg
REF01606,Article 1606,haut,M29,synthetique,ville,milieu,F028,images/REF01606.jpg
REF01607,Article 1607,haut,M40,lin,soiree,milieu,F042,images/REF01607.jpg
REF01608,Article 1608,accessoire,M02,lin,sport,entree,F084,images/REF01608.jpg
REF01609,Article 1609,haut,M19,synthetique,soiree,milieu,F081,images/REF01609.jpg
REF01610,Article 1610,haut,M03,coton,ville,milieu,F107,images/REF01610.jpg
REF01611,Article 1611,accessoire,M22,coton,ville,premium,F087,images/REF01611.jpg
REF01612,Article 1612,accessoire,M03,lin,soiree,milieu,F139,images/REF01612.jpg
REF01613,Article 1613,maison,M31,synthetique,sport,milieu,F085,images/REF01613.jpg
REF01614,Article 1614,bas,M05,lin,sport,entree,F054,images/REF01614.jpg
REF01615,Article 1615,haut,M33,lin,ville,premium,F097,images/REF01615.jpg
REF01616,Article 1616,bas,M05,laine,ville,premium,F030,images/REF01616.jpg
REF01617,Article 1617,accessoire,M35,lin,sport,entree,F063,images/REF01617.jpg
REF01618,Article 1618,bas,M11,laine,soiree,premium,F106,images/REF01618.jpg
REF01619,Article 1619,haut,M24,coton,ville,premium,F050,images/REF01619.jpg
REF01620,Article 1620,accessoire,M13,synthetique,sport,milieu,F128,images/REF01620.jpg
REF01621,Article 1621,maison,M29,coton,sport,entree,F109,images/REF01621.jpg
REF01622,Article 1622,accessoire,M23,coton,ville,milieu,F117,images/REF01622.jpg
REF01623,Article 1623,accessoire,M06,synthetique,soiree,premium,F075,images/REF01623.jpg
REF01624,Article 1624,accessoire,M19,coton,soiree,entree,F084,images/REF01624.jpg
REF01625,Article 1625,accessoire,M09,lin,sport,milieu,F135,images/REF01625.jpg
REF01626,Article 1626,bas,M30,coton,ville,premium,F116,images/REF01626.jpg
REF01627,Article 1627,haut,M17,coton,soiree,milieu,F085,images/REF01627.jpg
REF01628,Article 1628,haut,M17,coton,soiree,milieu,F001,images/REF01628.jpg
REF01629,Article 1629,bas,M35,coton,sport,entree,F102,images/REF01629.jpg
REF01630,Article 1630,bas,M40,laine,soiree,entree,F070,images/REF01630.jpg
REF01631,Article 1631,accessoire,M04,coton,ville,milieu,F114,images/REF01631.jpg
REF01632,Article 1632,bas,M29,coton,sport,entree,F129,images/REF01632.jpg
REF01633,Article 1633,accessoire,M27,lin,sport,premium,F075,images/REF01633.jpg
REF01634,Article 1634,accessoire,M01,laine,soiree,entree,F031,images/REF01634.jpg
REF01635,Article 1635,accessoire,M21,laine,soiree,entree,F103,images/REF01635.jpg
REF01636,Article 1636,bas,M17,synthetique,soiree,milieu,F036,images/REF01636.jpg
REF01637,Article 1637,bas,M01,laine,soiree,premium,F009,images/REF01637.jpg
REF01638,Article 1638,bas,M12,synthetique,sport,milieu,F063,images/REF01638.jpg
REF01639,Article 1639,accessoire,M23,lin,soiree,milieu,F138,images/REF01639.jpg
REF01640,Article 1640,haut,M32,lin,ville,milieu,F079,images/REF01640.jpg
REF01641,Article 1641,accessoire,M29,lin,ville,entree,F126,images/REF01641.jpg
REF01642,Article 1642,accessoire,M03,coton,soiree,premium,F029,images/REF01642.jpg
REF01643,Article 1643,haut,M05,coton,soiree,premium,F057,images/REF01643.jpg
REF01644,Article 1644,haut,M35,synthetique,ville,entree,F085,images/REF01644.jpg
REF01645,Article 1645,bas,M07,coton,soiree,entree,F056,images/REF01645.jpg
REF01646,Article 1646,accessoire,M25,synthetique,soiree,entree,F039,images/REF01646.jpg
REF01647,Article 1647,bas,M39,coton,sport,milieu,F138,images/REF01647.jpg
REF01648,Article 1648,accessoire,M35,laine,sport,entree,F024,images/REF01648.jpg
REF01649,Article 1649,accessoire,M06,laine,soiree,milieu,F140,images/REF01649.jpg
REF01650,Article 1650,accessoire,M14,lin,ville,premium,F078,images/REF01650.jpg
REF01651,Article 1651,bas,M14,synthetique,soiree,milieu,F001,images/REF01651.jpg
REF01652,Article 1652,haut,M37,lin,soiree,premium,F079,images/REF01652.jpg
REF01653,Article 1653,bas,M35,synthetique,sport,premium,F062,images/REF01653.jpg
REF01654,Article 1654,bas,M03,coton,sport,milieu,F009,images/REF01654.jpg
REF01655,Article 1655,maison,M17,coton,ville,entree,F022,images/REF01655.jpg
REF01656,Article 1656,maison,M29,laine,sport,milieu,F007,images/REF01656.jpg
REF01657,Article 1657,haut,M21,laine,sport,premium,F083,images/REF01657.jpg
REF01658,Article 1658,haut,M05,laine,sport,milieu,F001,images/REF01658.jpg
REF01659,Article 1659,bas,M13,coton,soiree,entree,F070,images/REF01659.jpg
REF01660,Article 1660,accessoire,M37,synthetique,sport,entree,F080,images/REF01660.jpg
REF01661,Article 1661,haut,M01,coton,soiree,entree,F060,images/REF01661.jpg
REF01662,Article 1662,bas,M13,laine,sport,premium,F119,images/REF01662.jpg
REF01663,Article 1663,bas,M14,coton,ville,entree,F138,images/REF01663.jpg
REF01664,Article 1664,accessoire,M25,synthetique,soiree,premium,F002,images/REF01664.jpg
REF01665,Article 1665,maison,M29,lin,soiree,milieu,F100,images/REF01665.jpg
REF01666,Article 1666,bas,M13,synthetique,ville,premium,F132,images/REF01666.jpg
REF01667,Article 1667,haut,M19,coton,sport,premium,F007,images/REF01667.jpg
REF01668,Article 1668,haut,M26,coton,ville,entree,F057,images/REF01668.jpg
REF01669,Article 1669,accessoire,M23,coton,ville,entree,F020,images/REF01669.jpg
REF01670,Article 1670,accessoire,M19,lin,soiree,entree,F051,images/REF01670.jpg
REF01671,Article 1671,maison,M01,lin,soiree,milieu,F072,images/REF01671.jpg
REF01672,Article 1672,haut,M11,synthetique,soiree,premium,F037,images/REF01672.jpg
REF01673,Article 1673,maison,M02,synthetique,soiree,entree,F133,images/REF01673.jpg
REF01674,Article 1674,maison,M03,lin,ville,milieu,F008,images/REF01674.jpg
REF01675,Article 1675,maison,M36,laine,ville,premium,F048,images/REF01675.jpg
REF01676,Article 1676,maison,M37,coton,soiree,premium,F123,images/REF01676.jpg
REF01677,Article 1677,haut,M21,laine,soiree,entree,F105,images/REF01677.jpg
REF01678,Article 1678,bas,M19,lin,ville,milieu,F029,images/REF01678.jpg
REF01679,Article 1679,haut,M15,lin,sport,premium,F071,images/REF01679.jpg
REF01680,Article 1680,accessoire,M15,lin,ville,entree,F107,images/REF01680.jpg
REF01681,Article 1681,bas,M32,coton,soiree,milieu,F105,images/REF01681.jpg
REF01682,Article 1682,accessoire,M31,laine,soiree,entree,F038,images/REF01682.jpg
REF01683,Article 1683,maison,M07,synthetique,soiree,milieu,F081,images/REF01683.jpg
REF01684,Article 1684,maison,M29,coton,soiree,milieu,F086,images/REF01684.jpg
REF01685,Article 1685,maison,M03,lin,soiree,premium,F030,images/REF01685.jpg
REF01686,Article 1686,haut,M33,coton,soiree,premium,F125,images/REF01686.jpg
REF01687,Article 1687,bas,M03,lin,sport,premium,F093,images/REF01687.jpg
REF01688,Article 1688,bas,M31,coton,sport,entree,F025,images/REF01688.jpg
REF01689,Article 1689,accessoire,M18,lin,sport,milieu,F069,images/REF01689.jpg
REF01690,Article 1690,bas,M36,coton,sport,premium,F075,images/REF01690.jpg
REF01691,Article 1691,bas,M03,lin,ville,entree,F107,images/REF01691.jpg
REF01692,Article 1692,maison,M32,synthetique,ville,entree,F095,images/REF01692.jpg
REF01693,Article 1693,maison,M18,coton,soiree,milieu,F017,images/REF01693.jpg
REF01694,Article 1694,accessoire,M26,synthetique,ville,milieu,F056,images/REF01694.jpg
REF01695,Article 1695,bas,M20,lin,ville,entree,F064,images/REF01695.jpg
REF01696,Article 1696,bas,M32,coton,soiree,entree,F015,images/REF01696.jpg
REF01697,Article 1697,bas,M15,lin,ville,entree,F047,images/REF01697.jpg
REF01698,Article 1698,haut,M37,synthetique,sport,milieu,F071,images/REF01698.jpg
REF01699,Article 1699,accessoire,M36,coton,sport,premium,F093,images/REF01699.jpg
REF01700,Article 1700,accessoire,M07,lin,ville,entree,F080,images/REF01700.jpg
REF01701,Article 1701,haut,M19,lin,sport,milieu,F025,images/REF01701.jpg
REF01702,Article 1702,bas,M16,lin,ville,premium,F123,images/REF01702.jpg
REF01703,Article 1703,haut,M01,laine,ville,milieu,F061,images/REF01703.jpg
REF01704,Article 1704,haut,M19,lin,soiree,premium,F069,images/REF01704.jpg
REF01705,Article 1705,maison,M15,lin,sport,milieu,F082,images/REF01705.jpg
REF01706,Article 1706,accessoire,M28,lin,soiree,entree,F090,images/REF01706.jpg
REF01707,Article 1707,maison,M32,laine,ville,premium,F099,images/REF01707.jpg
REF01708,Article 1708,bas,M09,laine,soiree,milieu,F119,images/REF01708.jpg
REF01709,Article 1709,haut,M28,laine,sport,premium,F015,images/REF01709.jpg
REF01710,Article 1710,bas,M23,laine,ville,entree,F061,images/REF01710.jpg
REF01711,Article 1711,haut,M21,laine,ville,milieu,F120,images/REF01711.jpg
REF01712,Article 1712,bas,M16,synthetique,sport,entree,F034,images/REF01712.jpg
REF01713,Article 1713,accessoire,M16,synthetique,soiree,milieu,F065,images/REF01713.jpg
REF01714,Article 1714,accessoire,M07,synthetique,soiree,entree,F096,images/REF01714.jpg
REF01715,Article 1715,accessoire,M19,lin,ville,milieu,F033,images/REF01715.jpg
REF01716,Article 1716,haut,M09,laine,sport,entree,F046,images/REF01716.jpg
REF01717,Article 1717,bas,M40,lin,sport,premium,F120,images/REF01717.jpg
REF01718,Article 1718,bas,M39,synthetique,soiree,entree,F112,images/REF01718.jpg
REF01719,Article 1719,haut,M31,coton,ville,premium,F082,images/REF01719.jpg
REF01720,Article 1720,maison,M10,lin,sport,premium,F070,images/REF01720.jpg
REF01721,Article 1721,maison,M38,lin,soiree,milieu,F057,images/REF01721.jpg
REF01722,Article 1722,bas,M09,synthetique,ville,entree,F030,images/REF01722.jpg
REF01723,Article 1723,accessoire,M18,synthetique,ville,entree,F059,images/REF01723.jpg
REF01724,Article 1724,bas,M15,coton,sport,premium,F042,images/REF01724.jpg
REF01725,Article 1725,accessoire,M28,coton,ville,entree,F036,images/REF01725.jpg
REF01726,Article 1726,accessoire,M04,coton,soiree,milieu,F089,images/REF01726.jpg
REF01727,Article 1727,haut,M24,coton,sport,milieu,F072,images/REF01727.jpg
REF01728,Article 1728,maison,M12,laine,sport,milieu,F073,images/REF01728.jpg
REF01729,Article 1729,accessoire,M22,coton,soiree,premium,F120,images/REF01729.jpg
REF01730,Article 1730,maison,M37,lin,soiree,milieu,F110,images/REF01730.jpg
REF01731,Article 1731,maison,M35,synthetique,soiree,entree,F080,images/REF01731.jpg
REF01732,Article 1732,accessoire,M16,synthetique,ville,milieu,F034,images/REF01732.jpg
REF01733,Article 1733,maison,M32,laine,soiree,entree,F078,images/REF01733.jpg
REF01734,Article 1734,maison,M23,coton,sport,premium,F097,images/REF01734.jpg
REF01735,Article 1735,bas,M34,laine,ville,milieu,F111,images/REF01735.jpg
REF01736,Article 1736,maison,M21,laine,sport,milieu,F110,images/REF01736.jpg
REF01737,Article 1737,bas,M28,laine,soiree,premium,F094,images/REF01737.jpg
REF01738,Article 1738,accessoire,M34,coton,ville,entree,F105,images/REF01738.jpg
REF01739,Article 1739,maison,M27,coton,sport,entree,F016,images/REF01739.jpg
REF01740,Article 1740,bas,M29,lin,soiree,entree,F095,images/REF01740.jpg
REF01741,Article 1741,maison,M30,coton,sport,entree,F137,images/REF01741.jpg
REF01742,Article 1742,haut,M28,coton,ville,milieu,F115,images/REF01742.jpg
REF01743,Article 1743,maison,M22,lin,soiree,milieu,F029,images/REF01743.jpg
REF01744,Article 1744,accessoire,M15,lin,ville,milieu,F011,images/REF01744.jpg
REF01745,Article 1745,haut,M40,laine,soiree,milieu,F005,images/REF01745.jpg
REF01746,Article 1746,accessoire,M21,laine,ville,entree,F140,images/REF01746.jpg
REF01747,Article 1747,maison,M24,laine,soiree,entree,F015,images/REF01747.jpg
REF01748,Article 1748,maison,M02,laine,sport,entree,F128,images/REF01748.jpg
REF01749,Article 1749,haut,M29,synthetique,soiree,milieu,F052,images/REF01749.jpg
REF01750,Article 1750,bas,M06,lin,sport,entree,F030,images/REF01750.jpg
REF01751,Article 1751,accessoire,M40,laine,ville,premium,F097,images/REF01751.jpg
REF01752,Article 1752,maison,M22,laine,soiree,premium,F049,images/REF01752.jpg
REF01753,Article 1753,bas,M22,coton,sport,premium,F023,images/REF01753.jpg
REF01754,Article 1754,haut,M33,coton,ville,premium,F072,images/REF01754.jpg
REF01755,Article 1755,maison,M21,coton,sport,premium,F019,images/REF01755.jpg
REF01756,Article 1756,maison,M17,laine,sport,entree,F085,images/REF01756.jpg
REF01757,Article 1757,haut,M36,synthetique,sport,premium,F003,images/REF01757.jpg
REF01758,Article 1758,maison,M03,laine,sport,entree,F028,images/REF01758.jpg
REF01759,Article 1759,accessoire,M36,coton,sport,premium,F065,images/REF01759.jpg
REF01760,Article 1760,haut,M29,synthetique,soiree,milieu,F056,images/REF01760.jpg
REF01761,Article 1761,bas,M29,coton,soiree,premium,F092,images/REF01761.jpg
REF01762,Article 1762,bas,M14,coton,soiree,entree,F134,images/REF01762.jpg
REF01763,Article 1763,bas,M01,synthetique,soiree,entree,F033,images/REF01763.jpg
REF01764,Article 1764,maison,M14,synthetique,soiree,premium,F064,images/REF01764.jpg
REF01765,Article 1765,maison,M03,laine,sport,milieu,F136,images/REF01765.jpg
REF01766,Article 1766,maison,M37,lin,soiree,premium,F051,images/REF01766.jpg
REF01767,Article 1767,maison,M17,lin,soiree,milieu,F021,images/REF01767.jpg
REF01768,Article 1768,accessoire,M22,synthetique,soiree,entree,F061,images/REF01768.jpg
REF01769,Article 1769,accessoire,M07,synthetique,sport,entree,F022,images/REF01769.jpg
REF01770,Article 1770,haut,M38,laine,sport,entree,F012,images/REF01770.jpg
REF01771,Article 1771,haut,M31,laine,soiree,premium,F067,images/REF01771.jpg
REF01772,Article 1772,haut,M40,laine,soiree,milieu,F084,images/REF01772.jpg
REF01773,Article 1773,accessoire,M10,lin,soiree,milieu,F003,images/REF01773.jpg
REF01774,Article 1774,haut,M02,lin,soiree,entree,F098,images/REF01774.jpg
REF01775,Article 1775,bas,M03,laine,soiree,milieu,F070,images/REF01775.jpg
REF01776,Article 1776,maison,M30,synthetique,soiree,milieu,F085,images/REF01776.jpg
REF01777,Article 1777,maison,M28,coton,sport,premium,F077,images/REF01777.jpg
REF01778,Article 1778,maison,M22,synthetique,ville,milieu,F140,images/REF01778.jpg
REF01779,Article 1779,haut,M04,lin,ville,entree,F040,images/REF01779.jpg
REF01780,Article 1780,bas,M02,laine,soiree,entree,F034,images/REF01780.jpg
REF01781,Article 1781,maison,M23,synthetique,sport,entree,F103,images/REF01781.jpg
REF01782,Article 1782,maison,M28,coton,sport,entree,F037,images/REF01782.jpg
REF01783,Article 1783,haut,M15,synthetique,soiree,premium,F051,images/REF01783.jpg
REF01784,Article 1784,maison,M17,laine,ville,premium,F050,images/REF01784.jpg
REF01785,Article 1785,bas,M09,laine,ville,entree,F077,images/REF01785.jpg
REF01786,Article 1786,bas,M26,coton,ville,milieu,F030,images/REF01786.jpg
REF01787,Article 1787,haut,M20,lin,soiree,entree,F110,images/REF01787.jpg
REF01788,Article 1788,maison,M05,synthetique,ville,entree,F122,images/REF01788.jpg
REF01789,Article 1789,accessoire,M14,coton,sport,milieu,F027,images/REF01789.jpg
REF01790,Article 1790,bas,M06,synthetique,soiree,entree,F061,images/REF01790.jpg
REF01791,Article 1791,haut,M08,laine,sport,entree,F077,images/REF01791.jpg
REF01792,Article 1792,bas,M28,synthetique,sport,milieu,F071,images/REF01792.jpg
REF01793,Article 1793,bas,M17,coton,ville,milieu,F057,images/REF01793.jpg
REF01794,Article 1794,haut,M23,synthetique,ville,entree,F023,images/REF01794.jpg
REF01795,Article 1795,haut,M09,laine,soiree,entree,F111,images/REF01795.jpg
REF01796,Article 1796,haut,M06,laine,ville,entree,F049,images/REF01796.jpg
REF01797,Article 1797,accessoire,M10,lin,ville,premium,F004,images/REF01797.jpg
REF01798,Article 1798,accessoire,M25,lin,soiree,premium,F069,images/REF01798.jpg
REF01799,Article 1799,maison,M25,laine,soiree,premium,F108,images/REF01799.jpg
REF01800,Article 1800,haut,M27,synthetique,sport,entree,F070,images/REF01800.jpg
REF01801,Article 1801,haut,M01,synthetique,sport,premium,F007,images/REF01801.jpg
REF01802,Article 1802,accessoire,M22,laine,sport,milieu,F040,images/REF01802.jpg
REF01803,Article 1803,haut,M34,synthetique,ville,premium,F038,images/REF01803.jpg
REF01804,Article 1804,haut,M28,synthetique,ville,entree,F093,images/REF01804.jpg
REF01805,Article 1805,maison,M12,coton,ville,entree,F125,images/REF01805.jpg
REF01806,Article 1806,accessoire,M05,laine,sport,entree,F097,images/REF01806.jpg
REF01807,Article 1807,accessoire,M38,lin,sport,entree,F097,images/REF01807.jpg
REF01808,Article 1808,haut,M38,laine,sport,premium,F012,images/REF01808.jpg
REF01809,Article 1809,accessoire,M06,synthetique,ville,milieu,F011,images/REF01809.jpg
REF01810,Article 1810,haut,M06,coton,ville,entree,F042,images/REF01810.jpg
REF01811,Article 1811,maison,M31,coton,sport,entree,F044,images/REF01811.jpg
REF01812,Article 1812,bas,M04,laine,soiree,entree,F049,images/REF01812.jpg
REF01813,Article 1813,haut,M24,coton,ville,premium,F064,images/REF01813.jpg
REF01814,Article 1814,accessoire,M24,coton,soiree,milieu,F036,images/REF01814.jpg
REF01815,Article 1815,bas,M14,lin,sport,entree,F039,images/REF01815.jpg
REF01816,Article 1816,maison,M33,synthetique,sport,entree,F027,images/REF01816.jpg
REF01817,Article 1817,bas,M22,laine,ville,milieu,F046,images/REF01817.jpg
REF01818,Article 1818,maison,M34,coton,sport,entree,F093,images/REF01818.jpg
REF01819,Article 1819,accessoire,M18,laine,sport,entree,F045,images/REF01819.jpg
REF01820,Article 1820,accessoire,M18,lin,ville,entree,F100,images/REF01820.jpg
REF01821,Article 1821,accessoire,M36,coton,soiree,entree,F052,images/REF01821.jpg
REF01822,Article 1822,accessoire,M16,laine,soiree,milieu,F028,images/REF01822.jpg
REF01823,Article 1823,maison,M27,laine,sport,premium,F015,images/REF01823.jpg
REF01824,Article 1824,accessoire,M28,lin,ville,premium,F103,images/REF01824.jpg
REF01825,Article 1825,accessoire,M14,synthetique,soiree,milieu,F031,images/REF01825.jpg
REF01826,Article 1826,bas,M05,lin,ville,entree,F072,images/REF01826.jpg
REF01827,Article 1827,maison,M19,laine,sport,entree,F071,images/REF01827.jpg
REF01828,Article 1828,haut,M27,laine,ville,entree,F085,images/REF01828.jpg
REF01829,Article 1829,haut,M08,synthetique,sport,milieu,F008,images/REF01829.jpg
REF01830,Article 1830,maison,M02,coton,ville,entree,F120,images/REF01830.jpg
REF01831,Article 1831,maison,M03,coton,ville,entree,F013,images/REF01831.jpg
REF01832,Article 1832,bas,M01,coton,soiree,premium,F135,images/REF01832.jpg
REF01833,Article 1833,accessoire,M39,laine,sport,milieu,F088,images/REF01833.jpg
REF01834,Article 1834,accessoire,M24,coton,ville,milieu,F064,images/REF01834.jpg
REF01835,Article 1835,haut,M03,coton,sport,premium,F133,images/REF01835.jpg
REF01836,Article 1836,haut,M23,coton,soiree,entree,F050,images/REF01836.jpg
REF01837,Article 1837,accessoire,M06,synthetique,ville,entree,F114,images/REF01837.jpg
REF01838,Article 1838,bas,M16,coton,soiree,premium,F078,images/REF01838.jpg
REF01839,Article 1839,bas,M17,coton,sport,premium,F005,images/REF01839.jpg
REF01840,Article 1840,haut,M11,laine,soiree,milieu,F047,images/REF01840.jpg
REF01841,Article 1841,haut,M17,lin,ville,premium,F040,images/REF01841.jpg
REF01842,Article 1842,bas,M34,synthetique,soiree,entree,F100,images/REF01842.jpg
REF01843,Article 1843,maison,M02,lin,soiree,milieu,F077,images/REF01843.jpg
REF01844,Article 1844,accessoire,M26,lin,soiree,entree,F004,images/REF01844.jpg
REF01845,Article 1845,maison,M24,synthetique,sport,premium,F124,images/REF01845.jpg
REF01846,Article 1846,bas,M11,laine,sport,premium,F139,images/REF01846.jpg
REF01847,Article 1847,accessoire,M13,lin,soiree,premium,F108,images/REF01847.jpg
REF01848,Article 1848,accessoire,M06,lin,soiree,milieu,F114,images/REF01848.jpg
REF01849,Article 1849,accessoire,M36,lin,sport,premium,F110,images/REF01849.jpg
REF01850,Article 1850,haut,M28,coton,sport,entree,F082,images/REF01850.jpg
REF01851,Article 1851,accessoire,M14,synthetique,ville,milieu,F018,images/REF01851.jpg
REF01852,Article 1852,bas,M39,lin,ville,milieu,F065,images/REF01852.jpg
REF01853,Article 1853,accessoire,M03,lin,sport,entree,F114,images/REF01853.jpg
REF01854,Article 1854,bas,M32,synthetique,soiree,entree,F044,images/REF01854.jpg
REF01855,Article 1855,accessoire,M15,synthetique,soiree,entree,F105,images/REF01855.jpg
REF01856,Article 1856,accessoire,M09,coton,soiree,milieu,F086,images/REF01856.jpg
REF01857,Article 1857,haut,M33,synthetique,sport,premium,F070,images/REF01857.jpg
REF01858,Article 1858,haut,M05,lin,ville,milieu,F029,images/REF01858.jpg
REF01859,Article 1859,accessoire,M02,laine,ville,milieu,F088,images/REF01859.jpg
REF01860,Article 1860,accessoire,M25,laine,ville,premium,F069,images/REF01860.jpg
REF01861,Article 1861,haut,M40,laine,ville,premium,F036,images/REF01861.jpg
REF01862,Article 1862,maison,M04,lin,sport,milieu,F026,images/REF01862.jpg
REF01863,Article 1863,bas,M04,synthetique,ville,entree,F074,images/REF01863.jpg
REF01864,Article 1864,maison,M32,coton,ville,premium,F040,images/REF01864.jpg
REF01865,Article 1865,maison,M30,coton,ville,milieu,F131,images/REF01865.jpg
REF01866,Article 1866,haut,M04,synthetique,soiree,milieu,F087,images/REF01866.jpg
REF01867,Article 1867,maison,M02,synthetique,soiree,entree,F109,images/REF01867.jpg
REF01868,Article 1868,bas,M13,lin,soiree,milieu,F059,images/REF01868.jpg
REF01869,Article 1869,bas,M38,synthetique,ville,premium,F100,images/REF01869.jpg
REF01870,Article 1870,bas,M04,synthetique,sport,entree,F128,images/REF01870.jpg
REF01871,Article 1871,maison,M40,coton,sport,entree,F029,images/REF01871.jpg
REF01872,Article 1872,accessoire,M02,laine,ville,entree,F078,images/REF01872.jpg
REF01873,Article 1873,bas,M25,laine,ville,milieu,F057,images/REF01873.jpg
REF01874,Article 1874,haut,M10,laine,soiree,entree,F098,images/REF01874.jpg
REF01875,Article 1875,accessoire,M10,laine,ville,premium,F027,images/REF01875.jpg
REF01876,Article 1876,accessoire,M12,laine,soiree,milieu,F077,images/REF01876.jpg
REF01877,Article 1877,maison,M17,coton,soiree,entree,F102,images/REF01877.jpg
REF01878,Article 1878,bas,M29,laine,soiree,premium,F089,images/REF01878.jpg
REF01879,Article 1879,bas,M26,laine,soiree,premium,F123,images/REF01879.jpg
REF01880,Article 1880,maison,M20,coton,ville,milieu,F093,images/REF01880.jpg
REF01881,Article 1881,haut,M37,synthetique,soiree,entree,F105,images/REF01881.jpg
REF01882,Article 1882,haut,M36,synthetique,ville,premium,F135,images/REF01882.jpg
REF01883,Article 1883,bas,M23,synthetique,ville,milieu,F016,images/REF01883.jpg
REF01884,Article 1884,bas,M16,synthetique,ville,entree,F062,images/REF01884.jpg
REF01885,Article 1885,haut,M39,coton,soiree,premium,F043,images/REF01885.jpg
REF01886,Article 1886,bas,M21,synthetique,soiree,milieu,F050,images/REF01886.jpg
REF01887,Article 1887,bas,M33,coton,sport,premium,F067,images/REF01887.jpg
REF01888,Article 1888,maison,M27,laine,sport,milieu,F025,images/REF01888.jpg
REF01889,Article 1889,haut,M22,laine,ville,premium,F109,images/REF01889.jpg
REF01890,Article 1890,maison,M20,lin,soiree,milieu,F126,images/REF01890.jpg
REF01891,Article 1891,haut,M17,laine,soiree,premium,F072,images/REF01891.jpg
REF01892,Article 1892,haut,M16,lin,ville,milieu,F097,images/REF01892.jpg
REF01893,Article 1893,maison,M12,synthetique,sport,milieu,F140,images/REF01893.jpg
REF01894,Article 1894,bas,M30,laine,ville,milieu,F033,images/REF01894.jpg
REF01895,Article 1895,accessoire,M39,laine,sport,milieu,F023,images/REF01895.jpg
REF01896,Article 1896,accessoire,M33,laine,soiree,premium,F137,images/REF01896.jpg
REF01897,Article 1897,bas,M29,lin,ville,entree,F063,images/REF01897.jpg
REF01898,Article 1898,bas,M35,synthetique,ville,milieu,F131,images/REF01898.jpg
REF01899,Article 1899,bas,M40,lin,ville,premium,F098,images/REF01899.jpg
REF01900,Article 1900,bas,M09,laine,soiree,premium,F083,images/REF01900.jpg
REF01901,Article 1901,bas,M08,synthetique,ville,milieu,F118,images/REF01901.jpg
REF01902,Article 1902,maison,M19,coton,sport,entree,F115,images/REF01902.jpg
REF01903,Article 1903,haut,M38,coton,soiree,entree,F077,images/REF01903.jpg
REF01904,Article 1904,maison,M18,lin,ville,entree,F061,images/REF01904.jpg
REF01905,Article 1905,bas,M24,laine,ville,entree,F049,images/REF01905.jpg
REF01906,Article 1906,bas,M33,coton,ville,entree,F042,images/REF01906.jpg
REF01907,Article 1907,maison,M07,synthetique,ville,entree,F138,images/REF01907.jpg
REF01908,Article 1908,accessoire,M10,laine,soiree,premium,F012,images/REF01908.jpg
REF01909,Article 1909,accessoire,M08,laine,soiree,entree,F125,images/REF01909.jpg
REF01910,Article 1910,maison,M11,lin,ville,entree,F042,images/REF01910.jpg
REF01911,Article 1911,maison,M36,coton,soiree,entree,F126,images/REF01911.jpg
REF01912,Article 1912,haut,M29,coton,soiree,milieu,F129,images/REF01912.jpg
REF01913,Article 1913,accessoire,M30,synthetique,ville,entree,F103,images/REF01913.jpg
REF01914,Article 1914,maison,M34,synthetique,ville,milieu,F080,images/REF01914.jpg
REF01915,Article 1915,haut,M22,laine,ville,entree,F011,images/REF01915.jpg
REF01916,Article 1916,maison,M33,laine,sport,premium,F046,images/REF01916.jpg
REF01917,Article 1917,bas,M23,synthetique,soiree,premium,F124,images/REF01917.jpg
REF01918,Article 1918,accessoire,M03,synthetique,sport,milieu,F085,images/REF01918.jpg
REF01919,Article 1919,haut,M14,coton,ville,milieu,F130,images/REF01919.jpg
REF01920,Article 1920,accessoire,M19,coton,soiree,milieu,F049,images/REF01920.jpg
REF01921,Article 1921,accessoire,M06,synthetique,soiree,milieu,F014,images/REF01921.jpg
REF01922,Article 1922,accessoire,M15,coton,soiree,premium,F103,images/REF01922.jpg
REF01923,Article 1923,haut,M32,synthetique,soiree,entree,F129,images/REF01923.jpg
REF01924,Article 1924,accessoire,M31,lin,ville,entree,F022,images/REF01924.jpg
REF01925,Article 1925,bas,M08,coton,ville,entree,F110,images/REF01925.jpg
REF01926,Article 1926,accessoire,M18,lin,soiree,milieu,F113,images/REF01926.jpg
REF01927,Article 1927,maison,M22,synthetique,ville,entree,F053,images/REF01927.jpg
REF01928,Article 1928,haut,M09,coton,ville,entree,F046,images/REF01928.jpg
REF01929,Article 1929,accessoire,M19,lin,ville,milieu,F026,images/REF01929.jpg
REF01930,Article 1930,accessoire,M01,lin,ville,milieu,F043,images/REF01930.jpg
REF01931,Article 1931,haut,M21,synthetique,sport,entree,F079,images/REF01931.jpg
REF01932,Article 1932,accessoire,M38,lin,soiree,premium,F020,images/REF01932.jpg
REF01933,Article 1933,accessoire,M29,lin,sport,entree,F100,images/REF01933.jpg
REF01934,Article 1934,bas,M36,lin,ville,milieu,F116,images/REF01934.jpg
REF01935,Article 1935,maison,M10,synthetique,ville,entree,F068,images/REF01935.jpg
REF01936,Article 1936,accessoire,M23,laine,sport,entree,F021,images/REF01936.jpg
REF01937,Article 1937,haut,M13,laine,ville,entree,F098,images/REF01937.jpg
REF01938,Article 1938,bas,M26,laine,ville,entree,F042,images/REF01938.jpg
REF01939,Article 1939,haut,M10,coton,soiree,premium,F006,images/REF01939.jpg
REF01940,Article 1940,maison,M23,coton,sport,milieu,F050,images/REF01940.jpg
REF01941,Article 1941,accessoire,M13,synthetique,ville,premium,F126,images/REF01941.jpg
REF01942,Article 1942,accessoire,M15,laine,soiree,milieu,F070,images/REF01942.jpg
REF01943,Article 1943,accessoire,M26,coton,soiree,milieu,F089,images/REF01943.jpg
REF01944,Article 1944,haut,M13,laine,sport,premium,F058,images/REF01944.jpg
REF01945,Article 1945,haut,M04,coton,soiree,premium,F042,images/REF01945.jpg
REF01946,Article 1946,maison,M21,synthetique,soiree,premium,F009,images/REF01946.jpg
REF01947,Article 1947,accessoire,M09,laine,ville,premium,F069,images/REF01947.jpg
REF01948,Article 1948,bas,M13,laine,sport,premium,F139,images/REF01948.jpg
REF01949,Article 1949,accessoire,M35,lin,ville,milieu,F115,images/REF01949.jpg
REF01950,Article 1950,haut,M23,synthetique,soiree,entree,F122,images/REF01950.jpg
REF01951,Article 1951,bas,M28,coton,sport,entree,F121,images/REF01951.jpg
REF01952,Article 1952,haut,M20,laine,sport,entree,F040,images/REF01952.jpg
REF01953,Article 1953,bas,M26,coton,sport,milieu,F118,images/REF01953.jpg
REF01954,Article 1954,bas,M18,laine,soiree,premium,F100,images/REF01954.jpg
REF01955,Article 1955,maison,M39,synthetique,soiree,entree,F029,images/REF01955.jpg
REF01956,Article 1956,accessoire,M03,lin,ville,premium,F010,images/REF01956.jpg
REF01957,Article 1957,maison,M12,laine,sport,premium,F050,images/REF01957.jpg
REF01958,Article 1958,bas,M31,coton,ville,premium,F078,images/REF01958.jpg
REF01959,Article 1959,maison,M11,coton,sport,premium,F122,images/REF01959.jpg
REF01960,Article 1960,haut,M30,coton,ville,premium,F019,images/REF01960.jpg
REF01961,Article 1961,accessoire,M02,lin,ville,entree,F022,images/REF01961.jpg
REF01962,Article 1962,maison,M34,laine,sport,milieu,F061,images/REF01962.jpg
REF01963,Article 1963,maison,M03,laine,soiree,entree,F056,images/REF01963.jpg
REF01964,Article 1964,bas,M08,laine,ville,entree,F134,images/REF01964.jpg
REF01965,Article 1965,maison,M06,laine,ville,milieu,F108,images/REF01965.jpg
REF01966,Article 1966,maison,M19,synthetique,ville,premium,F079,images/REF01966.jpg
REF01967,Article 1967,bas,M02,synthetique,sport,milieu,F054,images/REF01967.jpg
REF01968,Article 1968,haut,M25,coton,ville,entree,F002,images/REF01968.jpg
REF01969,Article 1969,accessoire,M06,lin,ville,entree,F087,images/REF01969.jpg
REF01970,Article 1970,accessoire,M29,lin,soiree,milieu,F054,images/REF01970.jpg
REF01971,Article 1971,haut,M21,lin,sport,milieu,F136,images/REF01971.jpg
REF01972,Article 1972,bas,M19,lin,sport,entree,F028,images/REF01972.jpg
REF01973,Article 1973,accessoire,M09,coton,soiree,milieu,F079,images/REF01973.jpg
REF01974,Article 1974,maison,M18,lin,soiree,entree,F119,images/REF01974.jpg
REF01975,Article 1975,bas,M21,laine,sport,entree,F110,images/REF01975.jpg
REF01976,Article 1976,accessoire,M40,synthetique,soiree,premium,F136,images/REF01976.jpg
REF01977,Article 1977,accessoire,M38,laine,sport,premium,F013,images/REF01977.jpg
REF01978,Article 1978,accessoire,M18,coton,soiree,premium,F030,images/REF01978.jpg
REF01979,Article 1979,haut,M14,laine,ville,milieu,F071,images/REF01979.jpg
REF01980,Article 1980,haut,M39,laine,ville,milieu,F122,images/REF01980.jpg
REF01981,Article 1981,haut,M24,laine,sport,entree,F136,images/REF01981.jpg
REF01982,Article 1982,maison,M19,laine,sport,milieu,F078,images/REF01982.jpg
REF01983,Article 1983,accessoire,M15,synthetique,soiree,entree,F113,images/REF01983.jpg
REF01984,Article 1984,bas,M11,coton,sport,entree,F119,images/REF01984.jpg
REF01985,Article 1985,haut,M30,lin,ville,milieu,F037,images/REF01985.jpg
REF01986,Article 1986,accessoire,M15,synthetique,ville,entree,F101,images/REF01986.jpg
REF01987,Article 1987,bas,M36,coton,ville,premium,F125,images/REF01987.jpg
REF01988,Article 1988,maison,M30,synthetique,soiree,premium,F012,images/REF01988.jpg
REF01989,Article 1989,bas,M40,laine,ville,milieu,F046,images/REF01989.jpg
REF01990,Article 1990,haut,M20,synthetique,sport,premium,F011,images/REF01990.jpg
REF01991,Article 1991,maison,M02,lin,ville,entree,F018,images/REF01991.jpg
REF01992,Article 1992,haut,M31,laine,sport,premium,F133,images/REF01992.jpg
REF01993,Article 1993,bas,M24,synthetique,ville,milieu,F057,images/REF01993.jpg
REF01994,Article 1994,maison,M30,laine,soiree,milieu,F070,images/REF01994.jpg
REF01995,Article 1995,bas,M39,laine,ville,premium,F059,images/REF01995.jpg
REF01996,Article 1996,maison,M21,synthetique,ville,milieu,F004,images/REF01996.jpg
REF01997,Article 1997,accessoire,M38,lin,soiree,premium,F131,images/REF01997.jpg
REF01998,Article 1998,maison,M31,laine,sport,premium,F074,images/REF01998.jpg
REF01999,Article 1999,maison,M30,lin,soiree,milieu,F114,images/REF01999.jpg
REF02000,Article 2000,bas,M11,synthetique,sport,premium,F009,images/REF02000.jpg
REF02001,Article 2001,maison,M37,lin,sport,entree,F004,images/REF02001.jpg
REF02002,Article 2002,maison,M09,synthetique,ville,entree,F140,images/REF02002.jpg
REF02003,Article 2003,bas,M36,lin,soiree,milieu,F128,images/REF02003.jpg
REF02004,Article 2004,haut,M32,coton,ville,premium,F039,images/REF02004.jpg
REF02005,Article 2005,maison,M08,lin,soiree,premium,F012,images/REF02005.jpg
REF02006,Article 2006,haut,M03,laine,soiree,milieu,F116,images/REF02006.jpg
REF02007,Article 2007,maison,M21,lin,ville,milieu,F049,images/REF02007.jpg
REF02008,Article 2008,accessoire,M03,synthetique,soiree,premium,F094,images/REF02008.jpg
REF02009,Article 2009,accessoire,M20,coton,sport,entree,F015,images/REF02009.jpg
REF02010,Article 2010,accessoire,M04,lin,soiree,milieu,F025,images/REF02010.jpg
REF02011,Article 2011,maison,M31,laine,sport,milieu,F097,images/REF02011.jpg
REF02012,Article 2012,maison,M16,laine,soiree,entree,F050,images/REF02012.jpg
REF02013,Article 2013,accessoire,M04,coton,ville,milieu,F090,images/REF02013.jpg
REF02014,Article 2014,haut,M04,synthetique,soiree,milieu,F140,images/REF02014.jpg
REF02015,Article 2015,accessoire,M39,lin,soiree,entree,F029,images/REF02015.jpg
REF02016,Article 2016,bas,M08,coton,ville,entree,F038,images/REF02016.jpg
REF02017,Article 2017,accessoire,M27,laine,soiree,entree,F065,images/REF02017.jpg
REF02018,Article 2018,maison,M29,synthetique,sport,entree,F060,images/REF02018.jpg
REF02019,Article 2019,haut,M07,laine,soiree,premium,F045,images/REF02019.jpg
REF02020,Article 2020,bas,M06,lin,ville,premium,F066,images/REF02020.jpg
REF02021,Article 2021,maison,M40,synthetique,ville,premium,F003,images/REF02021.jpg
REF02022,Article 2022,bas,M19,coton,soiree,milieu,F072,images/REF02022.jpg
REF02023,Article 2023,maison,M15,coton,soiree,entree,F073,images/REF02023.jpg
REF02024,Article 2024,accessoire,M24,lin,soiree,milieu,F003,images/REF02024.jpg
REF02025,Article 2025,haut,M25,coton,ville,premium,F047,images/REF02025.jpg
REF02026,Article 2026,maison,M38,coton,soiree,entree,F138,images/REF02026.jpg
REF02027,Article 2027,maison,M19,laine,soiree,entree,F109,images/REF02027.jpg
REF02028,Article 2028,haut,M14,synthetique,ville,milieu,F037,images/REF02028.jpg
REF02029,Article 2029,accessoire,M33,laine,soiree,premium,F128,images/REF02029.jpg
REF02030,Article 2030,accessoire,M05,lin,sport,premium,F130,images/REF02030.jpg
REF02031,Article 2031,accessoire,M10,coton,ville,entree,F107,images/REF02031.jpg
REF02032,Article 2032,bas,M33,synthetique,ville,milieu,F014,images/REF02032.jpg
REF02033,Article 2033,bas,M18,coton,ville,entree,F065,images/REF02033.jpg
REF02034,Article 2034,bas,M08,lin,ville,premium,F118,images/REF02034.jpg
REF02035,Article 2035,maison,M14,laine,ville,milieu,F010,images/REF02035.jpg
REF02036,Article 2036,bas,M31,synthetique,soiree,entree,F121,images/REF02036.jpg
REF02037,Article 2037,maison,M36,lin,sport,entree,F037,images/REF02037.jpg
REF02038,Article 2038,bas,M06,laine,ville,entree,F053,images/REF02038.jpg
REF02039,Article 2039,haut,M39,laine,ville,premium,F125,images/REF02039.jpg
REF02040,Article 2040,accessoire,M01,synthetique,ville,premium,F125,images/REF02040.jpg
REF02041,Article 2041,haut,M37,coton,sport,entree,F041,images/REF02041.jpg
REF02042,Article 2042,bas,M35,laine,soiree,premium,F036,images/REF02042.jpg
REF02043,Article 2043,haut,M36,laine,ville,milieu,F031,images/REF02043.jpg
REF02044,Article 2044,accessoire,M27,laine,soiree,milieu,F139,images/REF02044.jpg
REF02045,Article 2045,haut,M06,laine,ville,milieu,F050,images/REF02045.jpg
REF02046,Article 2046,accessoire,M04,laine,ville,entree,F136,images/REF02046.jpg
REF02047,Article 2047,maison,M27,laine,soiree,entree,F050,images/REF02047.jpg
REF02048,Article 2048,maison,M11,laine,ville,milieu,F127,images/REF02048.jpg
REF02049,Article 2049,haut,M34,synthetique,soiree,entree,F028,images/REF02049.jpg
REF02050,Article 2050,accessoire,M32,laine,sport,milieu,F089,images/REF02050.jpg
REF02051,Article 2051,bas,M30,laine,sport,milieu,F104,images/REF02051.jpg
REF02052,Article 2052,bas,M05,lin,soiree,milieu,F118,images/REF02052.jpg
REF02053,Article 2053,bas,M07,lin,sport,entree,F039,images/REF02053.jpg
REF02054,Article 2054,maison,M36,lin,soiree,entree,F024,images/REF02054.jpg
REF02055,Article 2055,bas,M27,laine,sport,entree,F125,images/REF02055.jpg
REF02056,Article 2056,haut,M05,synthetique,soiree,premium,F007,images/REF02056.jpg
REF02057,Article 2057,maison,M18,synthetique,sport,premium,F072,images/REF02057.jpg
REF02058,Article 2058,haut,M22,lin,soiree,milieu,F100,images/REF02058.jpg
REF02059,Article 2059,bas,M34,lin,ville,premium,F120,images/REF02059.jpg
REF02060,Article 2060,maison,M08,synthetique,soiree,premium,F109,images/REF02060.jpg
REF02061,Article 2061,bas,M28,laine,soiree,entree,F080,images/REF02061.jpg
REF02062,Article 2062,bas,M22,laine,sport,premium,F066,images/REF02062.jpg
REF02063,Article 2063,bas,M12,synthetique,sport,entree,F126,images/REF02063.jpg
REF02064,Article 2064,haut,M08,laine,ville,milieu,F133,images/REF02064.jpg
REF02065,Article 2065,maison,M11,laine,ville,premium,F006,images/REF02065.jpg
REF02066,Article 2066,bas,M05,coton,soiree,milieu,F091,images/REF02066.jpg
REF02067,Article 2067,bas,M10,coton,soiree,entree,F039,images/REF02067.jpg
REF02068,Article 2068,bas,M15,lin,ville,milieu,F042,images/REF02068.jpg
REF02069,Article 2069,accessoire,M40,synthetique,soiree,premium,F139,images/REF02069.jpg
REF02070,Article 2070,bas,M29,synthetique,ville,premium,F043,images/REF02070.jpg
REF02071,Article 2071,accessoire,M40,laine,sport,premium,F087,images/REF02071.jpg
REF02072,Article 2072,maison,M22,laine,ville,entree,F105,images/REF02072.jpg
REF02073,Article 2073,maison,M15,laine,soiree,premium,F072,images/REF02073.jpg
REF02074,Article 2074,bas,M23,lin,sport,milieu,F063,images/REF02074.jpg
REF02075,Article 2075,accessoire,M25,coton,sport,milieu,F064,images/REF02075.jpg
REF02076,Article 2076,haut,M21,coton,soiree,milieu,F129,images/REF02076.jpg
REF02077,Article 2077,bas,M23,synthetique,ville,milieu,F097,images/REF02077.jpg
REF02078,Article 2078,haut,M23,laine,soiree,milieu,F077,images/REF02078.jpg
REF02079,Article 2079,accessoire,M39,lin,ville,premium,F014,images/REF02079.jpg
REF02080,Article 2080,maison,M06,synthetique,sport,entree,F057,images/REF02080.jpg
REF02081,Article 2081,accessoire,M17,laine,ville,premium,F057,images/REF02081.jpg
REF02082,Article 2082,bas,M18,synthetique,soiree,entree,F139,images/REF02082.jpg
REF02083,Article 2083,haut,M31,laine,ville,milieu,F059,images/REF02083.jpg
REF02084,Article 2084,bas,M04,laine,ville,entree,F121,images/REF02084.jpg
REF02085,Article 2085,maison,M22,lin,soiree,milieu,F015,images/REF02085.jpg
REF02086,Article 2086,maison,M05,synthetique,ville,premium,F085,images/REF02086.jpg
REF02087,Article 2087,bas,M17,synthetique,soiree,milieu,F078,images/REF02087.jpg
REF02088,Article 2088,maison,M10,synthetique,ville,milieu,F044,images/REF02088.jpg
REF02089,Article 2089,bas,M37,laine,sport,entree,F117,images/REF02089.jpg
REF02090,Article 2090,accessoire,M02,synthetique,sport,milieu,F083,images/REF02090.jpg
REF02091,Article 2091,bas,M40,synthetique,soiree,milieu,F024,images/REF02091.jpg
REF02092,Article 2092,maison,M07,laine,ville,premium,F010,images/REF02092.jpg
REF02093,Article 2093,maison,M40,coton,soiree,entree,F121,images/REF02093.jpg
REF02094,Article 2094,bas,M17,lin,ville,premium,F109,images/REF02094.jpg
REF02095,Article 2095,accessoire,M15,coton,sport,milieu,F122,images/REF02095.jpg
REF02096,Article 2096,bas,M01,coton,soiree,entree,F057,images/REF02096.jpg
REF02097,Article 2097,haut,M38,coton,ville,entree,F010,images/REF02097.jpg
REF02098,Article 2098,accessoire,M40,coton,sport,milieu,F094,images/REF02098.jpg
REF02099,Article 2099,maison,M20,synthetique,sport,entree,F088,images/REF02099.jpg
REF02100,Article 2100,haut,M36,lin,ville,entree,F046,images/REF02100.jpg
REF02101,Article 2101,haut,M03,lin,sport,entree,F133,images/REF02101.jpg
REF02102,Article 2102,bas,M30,lin,sport,milieu,F099,images/REF02102.jpg
REF02103,Article 2103,bas,M11,lin,ville,entree,F002,images/REF02103.jpg
REF02104,Article 2104,haut,M11,coton,sport,entree,F139,images/REF02104.jpg
REF02105,Article 2105,maison,M26,laine,ville,premium,F109,images/REF02105.jpg
REF02106,Article 2106,bas,M26,coton,soiree,entree,F032,images/REF02106.jpg
REF02107,Article 2107,accessoire,M06,coton,ville,milieu,F103,images/REF02107.jpg
REF02108,Article 2108,maison,M08,lin,sport,milieu,F018,images/REF02108.jpg
REF02109,Article 2109,maison,M10,coton,ville,entree,F093,images/REF02109.jpg
REF02110,Article 2110,maison,M40,laine,soiree,milieu,F002,images/REF02110.jpg
REF02111,Article 2111,maison,M08,synthetique,ville,milieu,F021,images/REF02111.jpg
REF02112,Article 2112,haut,M29,lin,sport,entree,F086,images/REF02112.jpg
REF02113,Article 2113,accessoire,M04,coton,soiree,entree,F023,images/REF02113.jpg
REF02114,Article 2114,bas,M17,coton,sport,entree,F108,images/REF02114.jpg
REF02115,Article 2115,bas,M10,coton,soiree,milieu,F040,images/REF02115.jpg
REF02116,Article 2116,accessoire,M19,coton,soiree,premium,F054,images/REF02116.jpg
REF02117,Article 2117,haut,M40,coton,sport,milieu,F087,images/REF02117.jpg
REF02118,Article 2118,maison,M16,coton,sport,premium,F046,images/REF02118.jpg
REF02119,Article 2119,haut,M05,laine,ville,entree,F135,images/REF02119.jpg
REF02120,Article 2120,accessoire,M35,laine,soiree,entree,F025,images/REF02120.jpg
REF02121,Article 2121,accessoire,M31,lin,soiree,entree,F072,images/REF02121.jpg
REF02122,Article 2122,accessoire,M26,lin,soiree,entree,F083,images/REF02122.jpg
REF02123,Article 2123,maison,M01,lin,sport,milieu,F087,images/REF02123.jpg
REF02124,Article 2124,haut,M05,synthetique,sport,milieu,F107,images/REF02124.jpg
REF02125,Article 2125,bas,M39,lin,ville,milieu,F023,images/REF02125.jpg
REF02126,Article 2126,maison,M04,coton,sport,entree,F003,images/REF02126.jpg
REF02127,Article 2127,maison,M36,laine,sport,entree,F080,images/REF02127.jpg
REF02128,Article 2128,maison,M32,coton,ville,premium,F025,images/REF02128.jpg
REF02129,Article 2129,accessoire,M07,laine,ville,milieu,F122,images/REF02129.jpg
REF02130,Article 2130,bas,M12,synthetique,soiree,entree,F030,images/REF02130.jpg
REF02131,Article 2131,maison,M25,lin,ville,milieu,F140,images/REF02131.jpg
REF02132,Article 2132,haut,M18,coton,sport,entree,F010,images/REF02132.jpg
REF02133,Article 2133,maison,M36,lin,soiree,milieu,F112,images/REF02133.jpg
REF02134,Article 2134,haut,M25,lin,ville,premium,F139,images/REF02134.jpg
REF02135,Article 2135,accessoire,M13,lin,ville,milieu,F007,images/REF02135.jpg
REF02136,Article 2136,accessoire,M12,coton,sport,entree,F059,images/REF02136.jpg
REF02137,Article 2137,accessoire,M15,laine,soiree,entree,F024,images/REF02137.jpg
REF02138,Article 2138,accessoire,M31,lin,ville,premium,F101,images/REF02138.jpg
REF02139,Article 2139,accessoire,M20,synthetique,ville,milieu,F066,images/REF02139.jpg
REF02140,Article 2140,haut,M29,synthetique,soiree,entree,F091,images/REF02140.jpg
REF02141,Article 2141,accessoire,M15,synthetique,soiree,milieu,F018,images/REF02141.jpg
REF02142,Article 2142,accessoire,M04,lin,ville,entree,F028,images/REF02142.jpg
REF02143,Article 2143,haut,M03,laine,sport,milieu,F080,images/REF02143.jpg
REF02144,Article 2144,maison,M24,laine,ville,premium,F111,images/REF02144.jpg
REF02145,Article 2145,haut,M37,laine,soiree,premium,F021,images/REF02145.jpg
REF02146,Article 2146,haut,M38,lin,sport,premium,F054,images/REF02146.jpg
REF02147,Article 2147,haut,M16,lin,soiree,milieu,F071,images/REF02147.jpg
REF02148,Article 2148,haut,M27,coton,ville,entree,F025,images/REF02148.jpg
REF02149,Article 2149,bas,M22,coton,sport,milieu,F024,images/REF02149.jpg
REF02150,Article 2150,haut,M09,laine,soiree,milieu,F085,images/REF02150.jpg
REF02151,Article 2151,accessoire,M24,synthetique,sport,entree,F092,images/REF02151.jpg
REF02152,Article 2152,bas,M11,synthetique,sport,premium,F053,images/REF02152.jpg
REF02153,Article 2153,accessoire,M40,synthetique,ville,premium,F009,images/REF02153.jpg
REF02154,Article 2154,bas,M35,laine,ville,premium,F099,images/REF02154.jpg
REF02155,Article 2155,accessoire,M38,synthetique,soiree,premium,F067,images/REF02155.jpg
REF02156,Article 2156,maison,M32,laine,ville,premium,F064,images/REF02156.jpg
REF02157,Article 2157,bas,M33,laine,ville,entree,F054,images/REF02157.jpg
REF02158,Article 2158,haut,M11,lin,sport,premium,F013,images/REF02158.jpg
REF02159,Article 2159,accessoire,M14,laine,soiree,milieu,F099,images/REF02159.jpg
REF02160,Article 2160,haut,M21,coton,ville,entree,F106,images/REF02160.jpg
REF02161,Article 2161,haut,M28,synthetique,soiree,premium,F078,images/REF02161.jpg
REF02162,Article 2162,maison,M14,coton,sport,milieu,F011,images/REF02162.jpg
REF02163,Article 2163,maison,M36,coton,soiree,milieu,F080,images/REF02163.jpg
REF02164,Article 2164,haut,M33,lin,ville,entree,F106,images/REF02164.jpg
REF02165,Article 2165,maison,M31,synthetique,soiree,entree,F094,images/REF02165.jpg
REF02166,Article 2166,bas,M03,lin,ville,milieu,F015,images/REF02166.jpg
REF02167,Article 2167,maison,M18,lin,soiree,entree,F073,images/REF02167.jpg
REF02168,Article 2168,bas,M02,laine,sport,milieu,F003,images/REF02168.jpg
REF02169,Article 2169,maison,M17,lin,sport,premium,F062,images/REF02169.jpg
REF02170,Article 2170,haut,M40,lin,sport,premium,F048,images/REF02170.jpg
REF02171,Article 2171,accessoire,M18,synthetique,soiree,premium,F099,images/REF02171.jpg
REF02172,Article 2172,bas,M10,lin,ville,premium,F122,images/REF02172.jpg
REF02173,Article 2173,maison,M26,coton,ville,milieu,F023,images/REF02173.jpg
REF02174,Article 2174,accessoire,M10,lin,sport,premium,F131,images/REF02174.jpg
REF02175,Article 2175,maison,M08,synthetique,soiree,entree,F114,images/REF02175.jpg
REF02176,Article 2176,accessoire,M34,laine,soiree,milieu,F012,images/REF02176.jpg
REF02177,Article 2177,haut,M20,coton,ville,milieu,F068,images/REF02177.jpg
REF02178,Article 2178,accessoire,M36,coton,soiree,entree,F108,images/REF02178.jpg
REF02179,Article 2179,bas,M28,lin,soiree,premium,F020,images/REF02179.jpg
REF02180,Article 2180,accessoire,M24,coton,soiree,milieu,F087,images/REF02180.jpg
REF02181,Article 2181,haut,M22,synthetique,soiree,entree,F135,images/REF02181.jpg
REF02182,Article 2182,accessoire,M08,coton,soiree,entree,F059,images/REF02182.jpg
REF02183,Article 2183,maison,M09,synthetique,soiree,milieu,F012,images/REF02183.jpg
REF02184,Article 2184,haut,M10,laine,soiree,premium,F060,images/REF02184.jpg
REF02185,Article 2185,bas,M15,synthetique,sport,entree,F027,images/REF02185.jpg
REF02186,Article 2186,accessoire,M08,synthetique,soiree,entree,F079,images/REF02186.jpg
REF02187,Article 2187,haut,M22,coton,ville,milieu,F086,images/REF02187.jpg
REF02188,Article 2188,accessoire,M01,lin,ville,milieu,F031,images/REF02188.jpg
REF02189,Article 2189,haut,M08,lin,ville,milieu,F134,images/REF02189.jpg
REF02190,Article 2190,haut,M02,lin,ville,premium,F130,images/REF02190.jpg
REF02191,Article 2191,haut,M13,lin,soiree,premium,F139,images/REF02191.jpg
REF02192,Article 2192,bas,M18,laine,sport,entree,F119,images/REF02192.jpg
REF02193,Article 2193,accessoire,M19,laine,ville,milieu,F013,images/REF02193.jpg
REF02194,Article 2194,haut,M24,coton,soiree,premium,F030,images/REF02194.jpg
REF02195,Article 2195,maison,M12,synthetique,soiree,entree,F067,images/REF02195.jpg
REF02196,Article 2196,maison,M06,coton,sport,milieu,F008,images/REF02196.jpg
REF02197,Article 2197,accessoire,M10,lin,sport,premium,F065,images/REF02197.jpg
REF02198,Article 2198,bas,M01,laine,sport,milieu,F044,images/REF02198.jpg
REF02199,Article 2199,maison,M03,laine,soiree,milieu,F054,images/REF02199.jpg
REF02200,Article 2200,haut,M08,laine,ville,premium,F031,images/REF02200.jpg
REF02201,Article 2201,haut,M39,synthetique,ville,premium,F007,images/REF02201.jpg
REF02202,Article 2202,maison,M05,laine,soiree,milieu,F034,images/REF02202.jpg
REF02203,Article 2203,accessoire,M15,coton,ville,premium,F039,images/REF02203.jpg
REF02204,Article 2204,maison,M04,synthetique,soiree,premium,F094,images/REF02204.jpg
REF02205,Article 2205,bas,M28,laine,ville,milieu,F136,images/REF02205.jpg
REF02206,Article 2206,maison,M11,synthetique,sport,entree,F011,images/REF02206.jpg
REF02207,Article 2207,bas,M30,lin,sport,milieu,F055,images/REF02207.jpg
REF02208,Article 2208,accessoire,M11,laine,ville,premium,F086,images/REF02208.jpg
REF02209,Article 2209,bas,M24,synthetique,ville,entree,F082,images/REF02209.jpg
REF02210,Article 2210,bas,M05,laine,sport,entree,F023,images/REF02210.jpg
REF02211,Article 2211,bas,M02,laine,sport,entree,F071,images/REF02211.jpg
REF02212,Article 2212,bas,M05,synthetique,ville,premium,F039,images/REF02212.jpg
REF02213,Article 2213,accessoire,M15,coton,soiree,milieu,F025,images/REF02213.jpg
REF02214,Article 2214,accessoire,M02,laine,soiree,entree,F091,images/REF02214.jpg
REF02215,Article 2215,maison,M02,coton,soiree,milieu,F048,images/REF02215.jpg
REF02216,Article 2216,accessoire,M20,coton,soiree,premium,F037,images/REF02216.jpg
REF02217,Article 2217,maison,M32,synthetique,soiree,entree,F062,images/REF02217.jpg
REF02218,Article 2218,maison,M03,coton,sport,milieu,F032,images/REF02218.jpg
REF02219,Article 2219,maison,M33,lin,sport,premium,F112,images/REF02219.jpg
REF02220,Article 2220,bas,M26,coton,sport,entree,F040,images/REF02220.jpg
REF02221,Article 2221,maison,M34,laine,sport,premium,F107,images/REF02221.jpg
REF02222,Article 2222,maison,M37,synthetique,sport,premium,F040,images/REF02222.jpg
REF02223,Article 2223,accessoire,M10,lin,soiree,entree,F023,images/REF02223.jpg
REF02224,Article 2224,haut,M09,synthetique,sport,entree,F013,images/REF02224.jpg
REF02225,Article 2225,accessoire,M12,lin,ville,premium,F126,images/REF02225.jpg
REF02226,Article 2226,haut,M09,synthetique,sport,milieu,F058,images/REF02226.jpg
REF02227,Article 2227,haut,M03,coton,sport,premium,F075,images/REF02227.jpg
REF02228,Article 2228,maison,M30,lin,sport,premium,F005,images/REF02228.jpg
REF02229,Article 2229,accessoire,M24,lin,sport,milieu,F063,images/REF02229.jpg
REF02230,Article 2230,bas,M22,synthetique,soiree,entree,F137,images/REF02230.jpg
REF02231,Article 2231,accessoire,M36,coton,soiree,premium,F055,images/REF02231.jpg
REF02232,Article 2232,accessoire,M03,laine,soiree,entree,F087,images/REF02232.jpg
REF02233,Article 2233,bas,M29,synthetique,soiree,milieu,F030,images/REF02233.jpg
REF02234,Article 2234,maison,M38,lin,sport,entree,F027,images/REF02234.jpg
REF02235,Article 2235,maison,M24,coton,soiree,premium,F077,images/REF02235.jpg
REF02236,Article 2236,accessoire,M02,laine,soiree,entree,F041,images/REF02236.jpg
REF02237,Article 2237,maison,M03,coton,sport,milieu,F004,images/REF02237.jpg
REF02238,Article 2238,bas,M23,synthetique,ville,milieu,F003,images/REF02238.jpg
REF02239,Article 2239,maison,M25,synthetique,soiree,premium,F021,images/REF02239.jpg
REF02240,Article 2240,accessoire,M09,coton,ville,milieu,F044,images/REF02240.jpg
REF02241,Article 2241,accessoire,M05,lin,sport,milieu,F038,images/REF02241.jpg
REF02242,Article 2242,maison,M31,coton,soiree,entree,F136,images/REF02242.jpg
REF02243,Article 2243,haut,M33,lin,soiree,entree,F020,images/REF02243.jpg
REF02244,Article 2244,maison,M06,synthetique,ville,milieu,F138,images/REF02244.jpg
REF02245,Article 2245,bas,M38,synthetique,ville,milieu,F065,images/REF02245.jpg
REF02246,Article 2246,haut,M22,synthetique,soiree,milieu,F120,images/REF02246.jpg
REF02247,Article 2247,haut,M36,laine,sport,premium,F023,images/REF02247.jpg
REF02248,Article 2248,haut,M20,laine,soiree,milieu,F137,images/REF02248.jpg
REF02249,Article 2249,bas,M17,lin,soiree,milieu,F022,images/REF02249.jpg
REF02250,Article 2250,bas,M17,lin,ville,milieu,F043,images/REF02250.jpg
REF02251,Article 2251,accessoire,M29,coton,sport,premium,F123,images/REF02251.jpg
REF02252,Article 2252,haut,M19,coton,sport,premium,F133,images/REF02252.jpg
REF02253,Article 2253,haut,M15,lin,soiree,milieu,F051,images/REF02253.jpg
REF02254,Article 2254,maison,M18,coton,ville,milieu,F078,images/REF02254.jpg
REF02255,Article 2255,haut,M14,coton,soiree,milieu,F113,images/REF02255.jpg
REF02256,Article 2256,maison,M12,laine,ville,milieu,F100,images/REF02256.jpg
REF02257,Article 2257,accessoire,M36,synthetique,sport,premium,F040,images/REF02257.jpg
REF02258,Article 2258,haut,M19,lin,sport,entree,F047,images/REF02258.jpg
REF02259,Article 2259,bas,M02,coton,ville,premium,F022,images/REF02259.jpg
REF02260,Article 2260,haut,M06,synthetique,sport,milieu,F111,images/REF02260.jpg
REF02261,Article 2261,accessoire,M24,synthetique,soiree,milieu,F077,images/REF02261.jpg
REF02262,Article 2262,bas,M06,coton,soiree,premium,F088,images/REF02262.jpg
REF02263,Article 2263,bas,M06,lin,ville,premium,F020,images/REF02263.jpg
REF02264,Article 2264,accessoire,M23,synthetique,ville,premium,F051,images/REF02264.jpg
REF02265,Article 2265,bas,M18,laine,sport,premium,F025,images/REF02265.jpg
REF02266,Article 2266,maison,M19,coton,ville,premium,F030,images/REF02266.jpg
REF02267,Article 2267,haut,M39,coton,soiree,premium,F062,images/REF02267.jpg
REF02268,Article 2268,bas,M24,coton,soiree,premium,F097,images/REF02268.jpg
REF02269,Article 2269,bas,M02,synthetique,soiree,entree,F056,images/REF02269.jpg
REF02270,Article 2270,accessoire,M22,synthetique,sport,milieu,F046,images/REF02270.jpg
REF02271,Article 2271,maison,M22,synthetique,sport,entree,F100,images/REF02271.jpg
REF02272,Article 2272,maison,M25,lin,ville,milieu,F097,images/REF02272.jpg
REF02273,Article 2273,maison,M04,lin,sport,milieu,F018,images/REF02273.jpg
REF02274,Article 2274,maison,M11,lin,ville,milieu,F012,images/REF02274.jpg
REF02275,Article 2275,accessoire,M22,lin,soiree,entree,F010,images/REF02275.jpg
REF02276,Article 2276,haut,M40,lin,ville,premium,F073,images/REF02276.jpg
REF02277,Article 2277,accessoire,M25,synthetique,soiree,entree,F122,images/REF02277.jpg
REF02278,Article 2278,accessoire,M11,coton,soiree,entree,F128,images/REF02278.jpg
REF02279,Article 2279,accessoire,M33,laine,ville,entree,F094,images/REF02279.jpg
REF02280,Article 2280,maison,M11,synthetique,sport,premium,F049,images/REF02280.jpg
REF02281,Article 2281,bas,M08,coton,sport,entree,F082,images/REF02281.jpg
REF02282,Article 2282,maison,M12,coton,soiree,premium,F051,images/REF02282.jpg
REF02283,Article 2283,maison,M37,laine,soiree,premium,F008,images/REF02283.jpg
REF02284,Article 2284,bas,M02,laine,sport,milieu,F003,images/REF02284.jpg
REF02285,Article 2285,accessoire,M32,synthetique,ville,milieu,F127,images/REF02285.jpg
REF02286,Article 2286,haut,M40,laine,soiree,milieu,F037,images/REF02286.jpg
REF02287,Article 2287,accessoire,M31,laine,sport,premium,F119,images/REF02287.jpg
REF02288,Article 2288,bas,M34,coton,sport,premium,F013,images/REF02288.jpg
REF02289,Article 2289,accessoire,M09,lin,sport,premium,F064,images/REF02289.jpg
REF02290,Article 2290,bas,M39,laine,ville,premium,F096,images/REF02290.jpg
REF02291,Article 2291,haut,M04,lin,soiree,premium,F061,images/REF02291.jpg
REF02292,Article 2292,bas,M19,synthetique,sport,milieu,F083,images/REF02292.jpg
REF02293,Article 2293,maison,M20,synthetique,soiree,entree,F125,images/REF02293.jpg
REF02294,Article 2294,maison,M34,synthetique,ville,premium,F024,images/REF02294.jpg
REF02295,Article 2295,maison,M35,laine,sport,premium,F032,images/REF02295.jpg
REF02296,Article 2296,accessoire,M32,synthetique,sport,premium,F031,images/REF02296.jpg
REF02297,Article 2297,bas,M10,laine,sport,premium,F109,images/REF02297.jpg
REF02298,Article 2298,accessoire,M09,laine,soiree,milieu,F076,images/REF02298.jpg
REF02299,Article 2299,maison,M09,laine,sport,entree,F045,images/REF02299.jpg
REF02300,Article 2300,accessoire,M22,lin,soiree,entree,F114,images/REF02300.jpg
REF02301,Article 2301,haut,M19,lin,ville,milieu,F091,images/REF02301.jpg
REF02302,Article 2302,haut,M03,synthetique,ville,premium,F005,images/REF02302.jpg
REF02303,Article 2303,bas,M22,synthetique,ville,premium,F074,images/REF02303.jpg
REF02304,Article 2304,haut,M33,laine,sport,premium,F082,images/REF02304.jpg
REF02305,Article 2305,bas,M17,coton,sport,premium,F031,images/REF02305.jpg
REF02306,Article 2306,bas,M15,lin,ville,premium,F105,images/REF02306.jpg
REF02307,Article 2307,accessoire,M04,lin,ville,premium,F007,images/REF02307.jpg
REF02308,Article 2308,maison,M34,laine,sport,milieu,F134,images/REF02308.jpg
REF02309,Article 2309,accessoire,M03,coton,ville,premium,F059,images/REF02309.jpg
REF02310,Article 2310,accessoire,M25,lin,ville,premium,F006,images/REF02310.jpg
REF02311,Article 2311,accessoire,M14,synthetique,sport,entree,F085,images/REF02311.jpg
REF02312,Article 2312,maison,M23,laine,sport,milieu,F034,images/REF02312.jpg
REF02313,Article 2313,bas,M09,coton,ville,premium,F051,images/REF02313.jpg
REF02314,Article 2314,accessoire,M11,synthetique,soiree,premium,F135,images/REF02314.jpg
REF02315,Article 2315,haut,M17,laine,ville,milieu,F125,images/REF02315.jpg
REF02316,Article 2316,maison,M32,laine,soiree,milieu,F126,images/REF02316.jpg
REF02317,Article 2317,accessoire,M02,synthetique,sport,premium,F016,images/REF02317.jpg
REF02318,Article 2318,maison,M09,lin,sport,entree,F007,images/REF02318.jpg
REF02319,Article 2319,maison,M23,coton,soiree,entree,F028,images/REF02319.jpg
REF02320,Article 2320,accessoire,M06,lin,soiree,entree,F052,images/REF02320.jpg
REF02321,Article 2321,haut,M13,synthetique,sport,premium,F031,images/REF02321.jpg
REF02322,Article 2322,maison,M13,coton,soiree,milieu,F092,images/REF02322.jpg
REF02323,Article 2323,accessoire,M20,synthetique,soiree,premium,F006,images/REF02323.jpg
REF02324,Article 2324,maison,M27,laine,sport,milieu,F013,images/REF02324.jpg
REF02325,Article 2325,bas,M16,lin,ville,entree,F098,images/REF02325.jpg
REF02326,Article 2326,accessoire,M29,laine,ville,entree,F057,images/REF02326.jpg
REF02327,Article 2327,haut,M12,laine,soiree,milieu,F087,images/REF02327.jpg
REF02328,Article 2328,maison,M04,coton,soiree,premium,F120,images/REF02328.jpg
REF02329,Article 2329,bas,M01,synthetique,sport,entree,F071,images/REF02329.jpg
REF02330,Article 2330,haut,M37,synthetique,sport,milieu,F008,images/REF02330.jpg
REF02331,Article 2331,accessoire,M19,lin,soiree,milieu,F060,images/REF02331.jpg
REF02332,Article 2332,haut,M09,laine,soiree,entree,F060,images/REF02332.jpg
REF02333,Article 2333,bas,M40,laine,ville,milieu,F099,images/REF02333.jpg
REF02334,Article 2334,maison,M36,lin,sport,milieu,F140,images/REF02334.jpg
REF02335,Article 2335,bas,M06,lin,ville,premium,F123,images/REF02335.jpg
REF02336,Article 2336,haut,M23,synthetique,ville,premium,F111,images/REF02336.jpg
REF02337,Article 2337,accessoire,M38,lin,soiree,milieu,F070,images/REF02337.jpg
REF02338,Article 2338,bas,M40,synthetique,ville,premium,F029,images/REF02338.jpg
REF02339,Article 2339,haut,M38,coton,ville,entree,F033,images/REF02339.jpg
REF02340,Article 2340,haut,M04,coton,ville,premium,F120,images/REF02340.jpg
REF02341,Article 2341,haut,M34,coton,soiree,premium,F130,images/REF02341.jpg
REF02342,Article 2342,accessoire,M24,synthetique,ville,entree,F016,images/REF02342.jpg
REF02343,Article 2343,bas,M36,coton,soiree,premium,F011,images/REF02343.jpg
REF02344,Article 2344,haut,M20,laine,ville,entree,F130,images/REF02344.jpg
REF02345,Article 2345,maison,M33,synthetique,sport,entree,F066,images/REF02345.jpg
REF02346,Article 2346,maison,M08,laine,ville,milieu,F046,images/REF02346.jpg
REF02347,Article 2347,haut,M22,synthetique,soiree,premium,F136,images/REF02347.jpg
REF02348,Article 2348,bas,M30,synthetique,sport,entree,F116,images/REF02348.jpg
REF02349,Article 2349,haut,M15,coton,ville,premium,F047,images/REF02349.jpg
REF02350,Article 2350,accessoire,M19,synthetique,ville,milieu,F091,images/REF02350.jpg
REF02351,Article 2351,accessoire,M23,laine,sport,milieu,F097,images/REF02351.jpg
REF02352,Article 2352,maison,M35,lin,soiree,milieu,F107,images/REF02352.jpg
REF02353,Article 2353,haut,M02,laine,ville,milieu,F114,images/REF02353.jpg
REF02354,Article 2354,accessoire,M34,lin,sport,premium,F095,images/REF02354.jpg
REF02355,Article 2355,haut,M39,lin,sport,milieu,F025,images/REF02355.jpg
REF02356,Article 2356,bas,M10,coton,ville,premium,F084,images/REF02356.jpg
REF02357,Article 2357,maison,M09,lin,soiree,milieu,F113,images/REF02357.jpg
REF02358,Article 2358,accessoire,M14,synthetique,ville,milieu,F097,images/REF02358.jpg
REF02359,Article 2359,maison,M32,coton,soiree,entree,F068,images/REF02359.jpg
REF02360,Article 2360,maison,M11,laine,ville,entree,F016,images/REF02360.jpg
REF02361,Article 2361,bas,M27,lin,sport,milieu,F059,images/REF02361.jpg
REF02362,Article 2362,accessoire,M30,laine,soiree,milieu,F048,images/REF02362.jpg
REF02363,Article 2363,maison,M23,lin,soiree,entree,F131,images/REF02363.jpg
REF02364,Article 2364,bas,M34,coton,sport,milieu,F108,images/REF02364.jpg
REF02365,Article 2365,maison,M09,lin,soiree,entree,F043,images/REF02365.jpg
REF02366,Article 2366,haut,M32,laine,sport,premium,F046,images/REF02366.jpg
REF02367,Article 2367,bas,M33,synthetique,ville,milieu,F075,images/REF02367.jpg
REF02368,Article 2368,maison,M01,coton,sport,entree,F140,images/REF02368.jpg
REF02369,Article 2369,accessoire,M30,laine,soiree,entree,F021,images/REF02369.jpg
REF02370,Article 2370,accessoire,M25,synthetique,soiree,premium,F133,images/REF02370.jpg
REF02371,Article 2371,accessoire,M03,laine,ville,premium,F115,images/REF02371.jpg
REF02372,Article 2372,haut,M02,synthetique,soiree,premium,F094,images/REF02372.jpg
REF02373,Article 2373,haut,M14,laine,sport,entree,F081,images/REF02373.jpg
REF02374,Article 2374,accessoire,M40,synthetique,ville,entree,F046,images/REF02374.jpg
REF02375,Article 2375,bas,M20,laine,ville,milieu,F110,images/REF02375.jpg
REF02376,Article 2376,accessoire,M36,lin,ville,milieu,F100,images/REF02376.jpg
REF02377,Article 2377,accessoire,M40,coton,ville,milieu,F124,images/REF02377.jpg
REF02378,Article 2378,bas,M15,synthetique,ville,premium,F034,images/REF02378.jpg
REF02379,Article 2379,haut,M02,laine,ville,entree,F055,images/REF02379.jpg
REF02380,Article 2380,maison,M14,synthetique,sport,milieu,F084,images/REF02380.jpg
REF02381,Article 2381,accessoire,M12,lin,soiree,milieu,F092,images/REF02381.jpg
REF02382,Article 2382,haut,M05,coton,sport,milieu,F019,images/REF02382.jpg
REF02383,Article 2383,accessoire,M16,lin,ville,premium,F114,images/REF02383.jpg
REF02384,Article 2384,haut,M22,coton,ville,premium,F125,images/REF02384.jpg
REF02385,Article 2385,accessoire,M09,laine,ville,entree,F021,images/REF02385.jpg
REF02386,Article 2386,bas,M26,synthetique,sport,premium,F133,images/REF02386.jpg
REF02387,Article 2387,maison,M33,lin,soiree,entree,F009,images/REF02387.jpg
REF02388,Article 2388,bas,M30,coton,sport,premium,F047,images/REF02388.jpg
REF02389,Article 2389,maison,M21,coton,soiree,premium,F110,images/REF02389.jpg
REF02390,Article 2390,maison,M06,lin,sport,premium,F048,images/REF02390.jpg
REF02391,Article 2391,haut,M21,laine,ville,milieu,F075,images/REF02391.jpg
REF02392,Article 2392,accessoire,M22,laine,sport,entree,F047,images/REF02392.jpg
REF02393,Article 2393,bas,M25,coton,sport,milieu,F062,images/REF02393.jpg
REF02394,Article 2394,haut,M29,synthetique,soiree,premium,F028,images/REF02394.jpg
REF02395,Article 2395,accessoire,M21,coton,ville,entree,F098,images/REF02395.jpg
REF02396,Article 2396,bas,M33,synthetique,soiree,premium,F001,images/REF02396.jpg
REF02397,Article 2397,bas,M16,lin,soiree,milieu,F030,images/REF02397.jpg
REF02398,Article 2398,haut,M01,coton,ville,milieu,F021,images/REF02398.jpg
REF02399,Article 2399,bas,M32,coton,soiree,premium,F114,images/REF02399.jpg
REF02400,Article 2400,accessoire,M20,synthetique,soiree,entree,F126,images/REF02400.jpg
REF02401,Article 2401,bas,M06,coton,sport,milieu,F019,images/REF02401.jpg
REF02402,Article 2402,maison,M13,lin,sport,entree,F070,images/REF02402.jpg
REF02403,Article 2403,bas,M30,lin,soiree,premium,F090,images/REF02403.jpg
REF02404,Article 2404,haut,M22,coton,ville,milieu,F012,images/REF02404.jpg
REF02405,Article 2405,maison,M11,laine,sport,milieu,F107,images/REF02405.jpg
REF02406,Article 2406,bas,M22,laine,sport,entree,F055,images/REF02406.jpg
REF02407,Article 2407,haut,M27,laine,sport,milieu,F082,images/REF02407.jpg
REF02408,Article 2408,haut,M16,coton,soiree,entree,F064,images/REF02408.jpg
REF02409,Article 2409,maison,M26,laine,ville,premium,F049,images/REF02409.jpg
REF02410,Article 2410,bas,M39,lin,soiree,milieu,F108,images/REF02410.jpg
REF02411,Article 2411,bas,M05,coton,sport,premium,F024,images/REF02411.jpg
REF02412,Article 2412,accessoire,M26,synthetique,ville,milieu,F138,images/REF02412.jpg
REF02413,Article 2413,accessoire,M16,laine,sport,entree,F097,images/REF02413.jpg
REF02414,Article 2414,maison,M13,synthetique,soiree,premium,F136,images/REF02414.jpg
REF02415,Article 2415,maison,M17,synthetique,ville,entree,F107,images/REF02415.jpg
REF02416,Article 2416,bas,M38,synthetique,soiree,entree,F001,images/REF02416.jpg
REF02417,Article 2417,maison,M34,lin,soiree,milieu,F071,images/REF02417.jpg
REF02418,Article 2418,accessoire,M14,synthetique,ville,entree,F040,images/REF02418.jpg
REF02419,Article 2419,haut,M12,coton,sport,entree,F066,images/REF02419.jpg
REF02420,Article 2420,bas,M32,laine,ville,milieu,F132,images/REF02420.jpg
REF02421,Article 2421,bas,M03,lin,soiree,milieu,F096,images/REF02421.jpg
REF02422,Article 2422,haut,M30,lin,ville,entree,F123,images/REF02422.jpg
REF02423,Article 2423,haut,M31,lin,soiree,milieu,F120,images/REF02423.jpg
REF02424,Article 2424,accessoire,M06,laine,soiree,premium,F040,images/REF02424.jpg
REF02425,Article 2425,maison,M38,synthetique,soiree,premium,F066,images/REF02425.jpg
REF02426,Article 2426,haut,M14,synthetique,sport,premium,F102,images/REF02426.jpg
REF02427,Article 2427,haut,M14,coton,sport,premium,F133,images/REF02427.jpg
REF02428,Article 2428,accessoire,M10,coton,soiree,premium,F002,images/REF02428.jpg
REF02429,Article 2429,accessoire,M24,synthetique,ville,milieu,F070,images/REF02429.jpg
REF02430,Article 2430,accessoire,M39,lin,soiree,entree,F112,images/REF02430.jpg
REF02431,Article 2431,maison,M04,synthetique,soiree,entree,F083,images/REF02431.jpg
REF02432,Article 2432,haut,M18,coton,ville,milieu,F054,images/REF02432.jpg
REF02433,Article 2433,accessoire,M21,laine,sport,entree,F012,images/REF02433.jpg
REF02434,Article 2434,accessoire,M36,coton,ville,milieu,F074,images/REF02434.jpg
REF02435,Article 2435,accessoire,M20,coton,soiree,entree,F131,images/REF02435.jpg
REF02436,Article 2436,haut,M25,coton,sport,premium,F011,images/REF02436.jpg
REF02437,Article 2437,bas,M26,laine,sport,entree,F134,images/REF02437.jpg
REF02438,Article 2438,maison,M31,lin,sport,milieu,F031,images/REF02438.jpg
REF02439,Article 2439,maison,M08,coton,ville,milieu,F049,images/REF02439.jpg
REF02440,Article 2440,bas,M10,coton,sport,milieu,F116,images/REF02440.jpg
REF02441,Article 2441,accessoire,M15,lin,sport,milieu,F058,images/REF02441.jpg
REF02442,Article 2442,accessoire,M16,coton,sport,entree,F093,images/REF02442.jpg
REF02443,Article 2443,accessoire,M30,lin,soiree,premium,F015,images/REF02443.jpg
REF02444,Article 2444,accessoire,M33,laine,sport,milieu,F123,images/REF02444.jpg
REF02445,Article 2445,maison,M16,laine,ville,entree,F027,images/REF02445.jpg
REF02446,Article 2446,accessoire,M29,synthetique,ville,milieu,F094,images/REF02446.jpg
REF02447,Article 2447,haut,M22,coton,ville,milieu,F048,images/REF02447.jpg
REF02448,Article 2448,haut,M38,laine,ville,milieu,F077,images/REF02448.jpg
REF02449,Article 2449,maison,M20,coton,ville,milieu,F118,images/REF02449.jpg
REF02450,Article 2450,maison,M32,coton,ville,milieu,F056,images/REF02450.jpg
REF02451,Article 2451,bas,M05,coton,sport,premium,F007,images/REF02451.jpg
REF02452,Article 2452,bas,M27,lin,soiree,entree,F101,images/REF02452.jpg
REF02453,Article 2453,bas,M39,synthetique,ville,milieu,F128,images/REF02453.jpg
REF02454,Article 2454,maison,M27,coton,sport,premium,F062,images/REF02454.jpg
REF02455,Article 2455,haut,M18,coton,soiree,premium,F050,images/REF02455.jpg
REF02456,Article 2456,bas,M11,lin,sport,premium,F077,images/REF02456.jpg
REF02457,Article 2457,accessoire,M17,synthetique,sport,milieu,F047,images/REF02457.jpg
REF02458,Article 2458,bas,M06,lin,ville,entree,F055,images/REF02458.jpg
REF02459,Article 2459,accessoire,M40,laine,sport,entree,F106,images/REF02459.jpg
REF02460,Article 2460,accessoire,M24,laine,sport,entree,F033,images/REF02460.jpg
REF02461,Article 2461,maison,M38,coton,ville,milieu,F138,images/REF02461.jpg
REF02462,Article 2462,bas,M24,lin,ville,premium,F125,images/REF02462.jpg
REF02463,Article 2463,accessoire,M24,synthetique,soiree,premium,F065,images/REF02463.jpg
REF02464,Article 2464,maison,M35,lin,sport,entree,F002,images/REF02464.jpg
REF02465,Article 2465,maison,M02,lin,soiree,entree,F053,images/REF02465.jpg
REF02466,Article 2466,bas,M11,synthetique,soiree,entree,F099,images/REF02466.jpg
REF02467,Article 2467,haut,M05,lin,soiree,premium,F017,images/REF02467.jpg
REF02468,Article 2468,accessoire,M10,lin,soiree,premium,F070,images/REF02468.jpg
REF02469,Article 2469,accessoire,M27,synthetique,ville,milieu,F061,images/REF02469.jpg
REF02470,Article 2470,accessoire,M37,synthetique,ville,milieu,F007,images/REF02470.jpg
REF02471,Article 2471,accessoire,M06,lin,ville,milieu,F059,images/REF02471.jpg
REF02472,Article 2472,maison,M20,synthetique,sport,entree,F039,images/REF02472.jpg
REF02473,Article 2473,maison,M04,lin,soiree,entree,F127,images/REF02473.jpg
REF02474,Article 2474,bas,M20,coton,ville,premium,F132,images/REF02474.jpg
REF02475,Article 2475,haut,M39,lin,ville,entree,F009,images/REF02475.jpg
REF02476,Article 2476,bas,M26,lin,sport,entree,F089,images/REF02476.jpg
REF02477,Article 2477,haut,M29,synthetique,sport,premium,F012,images/REF02477.jpg
REF02478,Article 2478,maison,M01,laine,ville,milieu,F064,images/REF02478.jpg
REF02479,Article 2479,maison,M35,coton,ville,premium,F091,images/REF02479.jpg
REF02480,Article 2480,accessoire,M08,laine,sport,premium,F090,images/REF02480.jpg
REF02481,Article 2481,accessoire,M21,synthetique,ville,milieu,F101,images/REF02481.jpg
REF02482,Article 2482,bas,M37,lin,soiree,entree,F084,images/REF02482.jpg
REF02483,Article 2483,maison,M03,synthetique,soiree,premium,F065,images/REF02483.jpg
REF02484,Article 2484,accessoire,M06,synthetique,sport,premium,F054,images/REF02484.jpg
REF02485,Article 2485,maison,M38,laine,soiree,entree,F023,images/REF02485.jpg
REF02486,Article 2486,bas,M38,synthetique,sport,milieu,F018,images/REF02486.jpg
REF02487,Article 2487,haut,M39,coton,ville,milieu,F005,images/REF02487.jpg
REF02488,Article 2488,maison,M37,laine,sport,entree,F097,images/REF02488.jpg
REF02489,Article 2489,maison,M16,synthetique,soiree,entree,F057,images/REF02489.jpg
REF02490,Article 2490,maison,M03,lin,ville,milieu,F114,images/REF02490.jpg
REF02491,Article 2491,haut,M13,synthetique,soiree,premium,F024,images/REF02491.jpg
REF02492,Article 2492,accessoire,M21,synthetique,sport,milieu,F126,images/REF02492.jpg
REF02493,Article 2493,accessoire,M26,synthetique,soiree,premium,F051,images/REF02493.jpg
REF02494,Article 2494,bas,M13,synthetique,ville,milieu,F013,images/REF02494.jpg
REF02495,Article 2495,accessoire,M27,synthetique,sport,entree,F015,images/REF02495.jpg
REF02496,Article 2496,maison,M27,lin,ville,premium,F048,images/REF02496.jpg
REF02497,Article 2497,accessoire,M40,coton,ville,entree,F124,images/REF02497.jpg
REF02498,Article 2498,maison,M38,synthetique,soiree,premium,F074,images/REF02498.jpg
REF02499,Article 2499,bas,M29,lin,sport,milieu,F019,images/REF02499.jpg
REF02500,Article 2500,maison,M13,laine,sport,premium,F048,images/REF02500.jpg
REF02501,Article 2501,accessoire,M05,synthetique,soiree,entree,F033,images/REF02501.jpg
REF02502,Article 2502,maison,M06,synthetique,sport,premium,F020,images/REF02502.jpg
REF02503,Article 2503,maison,M37,coton,sport,premium,F073,images/REF02503.jpg
REF02504,Article 2504,haut,M38,synthetique,soiree,milieu,F036,images/REF02504.jpg
REF02505,Article 2505,maison,M11,coton,ville,premium,F050,images/REF02505.jpg
REF02506,Article 2506,accessoire,M31,laine,soiree,milieu,F133,images/REF02506.jpg
REF02507,Article 2507,bas,M38,synthetique,ville,premium,F072,images/REF02507.jpg
REF02508,Article 2508,maison,M15,coton,soiree,milieu,F113,images/REF02508.jpg
REF02509,Article 2509,maison,M04,synthetique,ville,premium,F058,images/REF02509.jpg
REF02510,Article 2510,bas,M35,lin,soiree,entree,F002,images/REF02510.jpg
REF02511,Article 2511,bas,M11,coton,ville,entree,F053,images/REF02511.jpg
REF02512,Article 2512,haut,M22,coton,sport,premium,F047,images/REF02512.jpg
REF02513,Article 2513,bas,M39,coton,sport,milieu,F122,images/REF02513.jpg
REF02514,Article 2514,accessoire,M05,lin,sport,entree,F073,images/REF02514.jpg
REF02515,Article 2515,maison,M23,synthetique,ville,milieu,F025,images/REF02515.jpg
REF02516,Article 2516,haut,M16,synthetique,soiree,entree,F070,images/REF02516.jpg
REF02517,Article 2517,maison,M28,lin,soiree,premium,F076,images/REF02517.jpg
REF02518,Article 2518,haut,M30,synthetique,soiree,premium,F062,images/REF02518.jpg
REF02519,Article 2519,haut,M06,synthetique,ville,premium,F018,images/REF02519.jpg
REF02520,Article 2520,maison,M13,synthetique,soiree,entree,F015,images/REF02520.jpg
REF02521,Article 2521,haut,M36,laine,ville,milieu,F119,images/REF02521.jpg
REF02522,Article 2522,maison,M26,coton,sport,milieu,F107,images/REF02522.jpg
REF02523,Article 2523,accessoire,M29,laine,soiree,premium,F108,images/REF02523.jpg
REF02524,Article 2524,accessoire,M08,lin,soiree,milieu,F006,images/REF02524.jpg
REF02525,Article 2525,maison,M10,lin,ville,milieu,F140,images/REF02525.jpg
REF02526,Article 2526,accessoire,M32,lin,ville,entree,F024,images/REF02526.jpg
REF02527,Article 2527,maison,M38,synthetique,soiree,premium,F051,images/REF02527.jpg
REF02528,Article 2528,accessoire,M09,coton,soiree,entree,F035,images/REF02528.jpg
REF02529,Article 2529,maison,M03,lin,ville,premium,F137,images/REF02529.jpg
REF02530,Article 2530,bas,M14,coton,ville,milieu,F071,images/REF02530.jpg
REF02531,Article 2531,bas,M09,synthetique,soiree,premium,F101,images/REF02531.jpg
REF02532,Article 2532,haut,M31,lin,ville,premium,F113,images/REF02532.jpg
REF02533,Article 2533,maison,M15,laine,ville,milieu,F094,images/REF02533.jpg
REF02534,Article 2534,bas,M08,laine,sport,milieu,F087,images/REF02534.jpg
REF02535,Article 2535,maison,M26,laine,soiree,premium,F045,images/REF02535.jpg
REF02536,Article 2536,accessoire,M19,coton,ville,milieu,F123,images/REF02536.jpg
REF02537,Article 2537,bas,M07,synthetique,soiree,milieu,F100,images/REF02537.jpg
REF02538,Article 2538,accessoire,M33,lin,soiree,milieu,F131,images/REF02538.jpg
REF02539,Article 2539,haut,M02,lin,sport,entree,F129,images/REF02539.jpg
REF02540,Article 2540,bas,M26,coton,ville,entree,F070,images/REF02540.jpg
REF02541,Article 2541,accessoire,M07,coton,sport,premium,F027,images/REF02541.jpg
REF02542,Article 2542,haut,M04,coton,sport,milieu,F036,images/REF02542.jpg
REF02543,Article 2543,haut,M28,coton,sport,entree,F016,images/REF02543.jpg
REF02544,Article 2544,bas,M05,coton,ville,premium,F079,images/REF02544.jpg
REF02545,Article 2545,maison,M07,coton,soiree,premium,F083,images/REF02545.jpg
REF02546,Article 2546,haut,M31,synthetique,soiree,premium,F098,images/REF02546.jpg
REF02547,Article 2547,maison,M22,laine,sport,premium,F074,images/REF02547.jpg
REF02548,Article 2548,maison,M03,laine,ville,milieu,F098,images/REF02548.jpg
REF02549,Article 2549,haut,M18,synthetique,ville,entree,F089,images/REF02549.jpg
REF02550,Article 2550,haut,M07,coton,soiree,milieu,F061,images/REF02550.jpg
REF02551,Article 2551,accessoire,M19,lin,soiree,entree,F052,images/REF02551.jpg
REF02552,Article 2552,bas,M03,synthetique,ville,milieu,F035,images/REF02552.jpg
REF02553,Article 2553,bas,M39,synthetique,ville,milieu,F057,images/REF02553.jpg
REF02554,Article 2554,accessoire,M08,synthetique,sport,milieu,F011,images/REF02554.jpg
REF02555,Article 2555,accessoire,M16,laine,ville,milieu,F132,images/REF02555.jpg
REF02556,Article 2556,bas,M25,coton,sport,milieu,F020,images/REF02556.jpg
REF02557,Article 2557,bas,M35,coton,ville,premium,F065,images/REF02557.jpg
REF02558,Article 2558,bas,M13,coton,soiree,premium,F006,images/REF02558.jpg
REF02559,Article 2559,haut,M21,coton,soiree,entree,F087,images/REF02559.jpg
REF02560,Article 2560,accessoire,M02,synthetique,sport,milieu,F108,images/REF02560.jpg
REF02561,Article 2561,accessoire,M06,laine,sport,premium,F106,images/REF02561.jpg
REF02562,Article 2562,haut,M27,coton,ville,entree,F001,images/REF02562.jpg
REF02563,Article 2563,maison,M22,synthetique,ville,milieu,F006,images/REF02563.jpg
REF02564,Article 2564,maison,M24,synthetique,sport,milieu,F096,images/REF02564.jpg
REF02565,Article 2565,accessoire,M20,laine,ville,premium,F101,images/REF02565.jpg
REF02566,Article 2566,accessoire,M22,synthetique,sport,entree,F066,images/REF02566.jpg
REF02567,Article 2567,maison,M13,coton,ville,entree,F050,images/REF02567.jpg
REF02568,Article 2568,haut,M25,laine,sport,entree,F128,images/REF02568.jpg
REF02569,Article 2569,bas,M02,coton,soiree,milieu,F038,images/REF02569.jpg
REF02570,Article 2570,maison,M26,coton,ville,milieu,F010,images/REF02570.jpg
REF02571,Article 2571,maison,M36,lin,ville,premium,F119,images/REF02571.jpg
REF02572,Article 2572,haut,M08,laine,ville,entree,F068,images/REF02572.jpg
REF02573,Article 2573,haut,M40,synthetique,sport,premium,F005,images/REF02573.jpg
REF02574,Article 2574,accessoire,M01,lin,sport,premium,F079,images/REF02574.jpg
REF02575,Article 2575,accessoire,M38,lin,sport,entree,F030,images/REF02575.jpg
REF02576,Article 2576,bas,M16,synthetique,sport,entree,F083,images/REF02576.jpg
REF02577,Article 2577,haut,M06,synthetique,ville,entree,F132,images/REF02577.jpg
REF02578,Article 2578,bas,M01,coton,ville,milieu,F028,images/REF02578.jpg
REF02579,Article 2579,accessoire,M35,coton,ville,premium,F023,images/REF02579.jpg
REF02580,Article 2580,bas,M17,synthetique,sport,premium,F034,images/REF02580.jpg
REF02581,Article 2581,maison,M31,laine,soiree,premium,F135,images/REF02581.jpg
REF02582,Article 2582,bas,M34,synthetique,ville,milieu,F095,images/REF02582.jpg
REF02583,Article 2583,maison,M20,lin,sport,entree,F080,images/REF02583.jpg
REF02584,Article 2584,bas,M05,lin,sport,premium,F039,images/REF02584.jpg
REF02585,Article 2585,maison,M25,laine,ville,premium,F136,images/REF02585.jpg
REF02586,Article 2586,haut,M28,lin,ville,milieu,F065,images/REF02586.jpg
REF02587,Article 2587,bas,M12,coton,soiree,milieu,F002,images/REF02587.jpg
REF02588,Article 2588,bas,M25,laine,ville,premium,F081,images/REF02588.jpg
REF02589,Article 2589,maison,M30,lin,ville,entree,F086,images/REF02589.jpg
REF02590,Article 2590,bas,M34,synthetique,sport,premium,F091,images/REF02590.jpg
REF02591,Article 2591,bas,M14,lin,sport,entree,F121,images/REF02591.jpg
REF02592,Article 2592,accessoire,M22,synthetique,ville,premium,F009,images/REF02592.jpg
REF02593,Article 2593,haut,M15,synthetique,ville,entree,F023,images/REF02593.jpg
REF02594,Article 2594,haut,M28,laine,ville,entree,F117,images/REF02594.jpg
REF02595,Article 2595,accessoire,M11,laine,sport,premium,F140,images/REF02595.jpg
REF02596,Article 2596,haut,M31,coton,ville,milieu,F095,images/REF02596.jpg
REF02597,Article 2597,bas,M06,synthetique,soiree,entree,F107,images/REF02597.jpg
REF02598,Article 2598,maison,M25,coton,ville,milieu,F069,images/REF02598.jpg
REF02599,Article 2599,maison,M31,synthetique,sport,entree,F084,images/REF02599.jpg
REF02600,Article 2600,haut,M09,laine,sport,premium,F129,images/REF02600.jpg
REF02601,Article 2601,maison,M23,coton,soiree,entree,F047,images/REF02601.jpg
REF02602,Article 2602,accessoire,M38,laine,ville,premium,F122,images/REF02602.jpg
REF02603,Article 2603,accessoire,M37,laine,soiree,premium,F042,images/REF02603.jpg
REF02604,Article 2604,accessoire,M20,lin,soiree,entree,F048,images/REF02604.jpg
REF02605,Article 2605,haut,M32,synthetique,soiree,premium,F118,images/REF02605.jpg
REF02606,Article 2606,maison,M09,laine,ville,premium,F136,images/REF02606.jpg
REF02607,Article 2607,accessoire,M37,coton,sport,entree,F002,images/REF02607.jpg
REF02608,Article 2608,haut,M34,lin,ville,milieu,F073,images/REF02608.jpg
REF02609,Article 2609,maison,M11,synthetique,sport,entree,F013,images/REF02609.jpg
REF02610,Article 2610,maison,M26,laine,sport,premium,F017,images/REF02610.jpg
REF02611,Article 2611,accessoire,M11,lin,soiree,entree,F056,images/REF02611.jpg
REF02612,Article 2612,haut,M15,synthetique,sport,milieu,F078,images/REF02612.jpg
REF02613,Article 2613,haut,M08,synthetique,soiree,entree,F067,images/REF02613.jpg
REF02614,Article 2614,haut,M30,lin,ville,milieu,F016,images/REF02614.jpg
REF02615,Article 2615,maison,M13,lin,ville,entree,F100,images/REF02615.jpg
REF02616,Article 2616,accessoire,M19,lin,soiree,premium,F025,images/REF02616.jpg
REF02617,Article 2617,bas,M35,coton,ville,premium,F050,images/REF02617.jpg
REF02618,Article 2618,haut,M27,synthetique,sport,entree,F139,images/REF02618.jpg
REF02619,Article 2619,bas,M35,synthetique,soiree,entree,F071,images/REF02619.jpg
REF02620,Article 2620,accessoire,M36,lin,soiree,premium,F065,images/REF02620.jpg
REF02621,Article 2621,bas,M13,lin,soiree,premium,F011,images/REF02621.jpg
REF02622,Article 2622,accessoire,M01,laine,sport,entree,F004,images/REF02622.jpg
REF02623,Article 2623,accessoire,M35,laine,soiree,milieu,F104,images/REF02623.jpg
REF02624,Article 2624,haut,M31,coton,ville,milieu,F059,images/REF02624.jpg
REF02625,Article 2625,maison,M05,coton,sport,milieu,F041,images/REF02625.jpg
REF02626,Article 2626,maison,M37,coton,sport,milieu,F005,images/REF02626.jpg
REF02627,Article 2627,accessoire,M33,lin,sport,milieu,F056,images/REF02627.jpg
REF02628,Article 2628,bas,M34,laine,sport,milieu,F023,images/REF02628.jpg
REF02629,Article 2629,haut,M30,laine,ville,milieu,F083,images/REF02629.jpg
REF02630,Article 2630,maison,M40,coton,soiree,milieu,F076,images/REF02630.jpg
REF02631,Article 2631,maison,M28,laine,ville,premium,F073,images/REF02631.jpg
REF02632,Article 2632,haut,M18,lin,sport,entree,F093,images/REF02632.jpg
REF02633,Article 2633,haut,M26,lin,ville,milieu,F113,images/REF02633.jpg
REF02634,Article 2634,haut,M10,coton,sport,entree,F130,images/REF02634.jpg
REF02635,Article 2635,accessoire,M16,synthetique,sport,premium,F081,images/REF02635.jpg
REF02636,Article 2636,accessoire,M15,synthetique,sport,milieu,F090,images/REF02636.jpg
REF02637,Article 2637,maison,M25,laine,soiree,premium,F110,images/REF02637.jpg
REF02638,Article 2638,bas,M02,coton,ville,milieu,F115,images/REF02638.jpg
REF02639,Article 2639,haut,M05,lin,sport,milieu,F040,images/REF02639.jpg
REF02640,Article 2640,bas,M27,synthetique,sport,entree,F107,images/REF02640.jpg
REF02641,Article 2641,maison,M25,synthetique,sport,entree,F015,images/REF02641.jpg
REF02642,Article 2642,maison,M06,laine,soiree,entree,F052,images/REF02642.jpg
REF02643,Article 2643,accessoire,M05,coton,ville,premium,F128,images/REF02643.jpg
REF02644,Article 2644,bas,M35,lin,soiree,milieu,F075,images/REF02644.jpg
REF02645,Article 2645,accessoire,M15,coton,sport,entree,F075,images/REF02645.jpg
REF02646,Article 2646,haut,M40,laine,soiree,premium,F123,images/REF02646.jpg
REF02647,Article 2647,maison,M18,laine,sport,premium,F110,images/REF02647.jpg
REF02648,Article 2648,haut,M18,lin,sport,milieu,F049,images/REF02648.jpg
REF02649,Article 2649,bas,M29,lin,sport,entree,F037,images/REF02649.jpg
REF02650,Article 2650,accessoire,M30,lin,ville,premium,F118,images/REF02650.jpg
REF02651,Article 2651,bas,M11,lin,sport,milieu,F011,images/REF02651.jpg
REF02652,Article 2652,maison,M12,coton,ville,entree,F130,images/REF02652.jpg
REF02653,Article 2653,bas,M33,lin,sport,milieu,F124,images/REF02653.jpg
REF02654,Article 2654,maison,M40,lin,soiree,premium,F039,images/REF02654.jpg
REF02655,Article 2655,accessoire,M33,laine,soiree,entree,F139,images/REF02655.jpg
REF02656,Article 2656,bas,M37,lin,soiree,entree,F103,images/REF02656.jpg
REF02657,Article 2657,bas,M33,synthetique,ville,entree,F020,images/REF02657.jpg
REF02658,Article 2658,haut,M27,lin,ville,premium,F016,images/REF02658.jpg
REF02659,Article 2659,bas,M14,laine,soiree,entree,F103,images/REF02659.jpg
REF02660,Article 2660,haut,M22,laine,sport,milieu,F081,images/REF02660.jpg
REF02661,Article 2661,haut,M19,lin,ville,premium,F015,images/REF02661.jpg
REF02662,Article 2662,haut,M01,lin,soiree,milieu,F132,images/REF02662.jpg
REF02663,Article 2663,maison,M06,lin,soiree,milieu,F068,images/REF02663.jpg
REF02664,Article 2664,haut,M39,synthetique,sport,milieu,F013,images/REF02664.jpg
REF02665,Article 2665,haut,M04,laine,ville,premium,F059,images/REF02665.jpg
REF02666,Article 2666,maison,M01,synthetique,sport,premium,F061,images/REF02666.jpg
REF02667,Article 2667,haut,M39,lin,sport,entree,F003,images/REF02667.jpg
REF02668,Article 2668,bas,M37,coton,soiree,milieu,F021,images/REF02668.jpg
REF02669,Article 2669,maison,M38,lin,ville,milieu,F076,images/REF02669.jpg
REF02670,Article 2670,haut,M20,lin,ville,entree,F077,images/REF02670.jpg
REF02671,Article 2671,bas,M12,lin,soiree,milieu,F092,images/REF02671.jpg
REF02672,Article 2672,accessoire,M40,laine,soiree,entree,F118,images/REF02672.jpg
REF02673,Article 2673,maison,M27,laine,soiree,milieu,F127,images/REF02673.jpg
REF02674,Article 2674,bas,M16,coton,ville,milieu,F018,images/REF02674.jpg
REF02675,Article 2675,haut,M04,coton,sport,milieu,F029,images/REF02675.jpg
REF02676,Article 2676,haut,M14,laine,sport,milieu,F033,images/REF02676.jpg
REF02677,Article 2677,maison,M32,synthetique,sport,milieu,F085,images/REF02677.jpg
REF02678,Article 2678,maison,M26,coton,soiree,entree,F071,images/REF02678.jpg
REF02679,Article 2679,haut,M19,laine,soiree,entree,F104,images/REF02679.jpg
REF02680,Article 2680,maison,M30,lin,sport,milieu,F020,images/REF02680.jpg
REF02681,Article 2681,accessoire,M04,laine,ville,milieu,F026,images/REF02681.jpg
REF02682,Article 2682,bas,M24,coton,sport,entree,F018,images/REF02682.jpg
REF02683,Article 2683,bas,M10,laine,sport,entree,F005,images/REF02683.jpg
REF02684,Article 2684,maison,M02,lin,sport,entree,F039,images/REF02684.jpg
REF02685,Article 2685,haut,M20,synthetique,ville,premium,F049,images/REF02685.jpg
REF02686,Article 2686,bas,M07,coton,ville,milieu,F009,images/REF02686.jpg
REF02687,Article 2687,bas,M26,laine,soiree,entree,F060,images/REF02687.jpg
REF02688,Article 2688,accessoire,M17,laine,soiree,milieu,F001,images/REF02688.jpg
REF02689,Article 2689,maison,M31,lin,soiree,milieu,F087,images/REF02689.jpg
REF02690,Article 2690,accessoire,M14,synthetique,sport,milieu,F003,images/REF02690.jpg
REF02691,Article 2691,maison,M01,lin,soiree,entree,F101,images/REF02691.jpg
REF02692,Article 2692,accessoire,M26,synthetique,soiree,entree,F138,images/REF02692.jpg
REF02693,Article 2693,bas,M36,synthetique,soiree,premium,F089,images/REF02693.jpg
REF02694,Article 2694,bas,M39,synthetique,sport,milieu,F080,images/REF02694.jpg
REF02695,Article 2695,haut,M32,coton,soiree,entree,F106,images/REF02695.jpg
REF02696,Article 2696,haut,M26,synthetique,soiree,premium,F064,images/REF02696.jpg
REF02697,Article 2697,bas,M07,laine,ville,premium,F077,images/REF02697.jpg
REF02698,Article 2698,maison,M24,laine,soiree,premium,F093,images/REF02698.jpg
REF02699,Article 2699,accessoire,M10,laine,soiree,entree,F128,images/REF02699.jpg
REF02700,Article 2700,bas,M03,laine,sport,milieu,F080,images/REF02700.jpg
REF02701,Article 2701,maison,M01,synthetique,sport,entree,F079,images/REF02701.jpg
REF02702,Article 2702,bas,M12,synthetique,sport,milieu,F111,images/REF02702.jpg
REF02703,Article 2703,bas,M22,lin,soiree,premium,F029,images/REF02703.jpg
REF02704,Article 2704,maison,M33,lin,sport,entree,F033,images/REF02704.jpg
REF02705,Article 2705,bas,M26,synthetique,soiree,premium,F004,images/REF02705.jpg
REF02706,Article 2706,accessoire,M33,laine,ville,premium,F031,images/REF02706.jpg
REF02707,Article 2707,haut,M06,lin,ville,entree,F138,images/REF02707.jpg
REF02708,Article 2708,maison,M07,laine,ville,entree,F137,images/REF02708.jpg
REF02709,Article 2709,bas,M25,lin,sport,entree,F072,images/REF02709.jpg
REF02710,Article 2710,bas,M28,laine,ville,milieu,F139,images/REF02710.jpg
REF02711,Article 2711,maison,M35,lin,sport,entree,F019,images/REF02711.jpg
REF02712,Article 2712,accessoire,M35,synthetique,sport,milieu,F047,images/REF02712.jpg
REF02713,Article 2713,bas,M03,laine,ville,premium,F135,images/REF02713.jpg
REF02714,Article 2714,haut,M38,lin,soiree,premium,F024,images/REF02714.jpg
REF02715,Article 2715,accessoire,M38,synthetique,sport,entree,F051,images/REF02715.jpg
REF02716,Article 2716,haut,M19,coton,sport,premium,F128,images/REF02716.jpg
REF02717,Article 2717,accessoire,M22,lin,soiree,milieu,F071,images/REF02717.jpg
REF02718,Article 2718,bas,M16,coton,sport,entree,F120,images/REF02718.jpg
REF02719,Article 2719,accessoire,M04,laine,ville,entree,F075,images/REF02719.jpg
REF02720,Article 2720,bas,M03,coton,soiree,milieu,F083,images/REF02720.jpg
REF02721,Article 2721,maison,M08,coton,ville,entree,F089,images/REF02721.jpg
REF02722,Article 2722,bas,M12,synthetique,sport,entree,F076,images/REF02722.jpg
REF02723,Article 2723,bas,M20,synthetique,ville,premium,F101,images/REF02723.jpg
REF02724,Article 2724,haut,M04,synthetique,ville,entree,F049,images/REF02724.jpg
REF02725,Article 2725,bas,M15,coton,soiree,premium,F066,images/REF02725.jpg
REF02726,Article 2726,maison,M22,lin,soiree,milieu,F050,images/REF02726.jpg
REF02727,Article 2727,haut,M05,coton,ville,premium,F081,images/REF02727.jpg
REF02728,Article 2728,bas,M09,laine,soiree,entree,F017,images/REF02728.jpg
REF02729,Article 2729,bas,M34,coton,soiree,premium,F064,images/REF02729.jpg
REF02730,Article 2730,bas,M36,laine,ville,entree,F055,images/REF02730.jpg
REF02731,Article 2731,haut,M40,synthetique,soiree,premium,F082,images/REF02731.jpg
REF02732,Article 2732,maison,M07,laine,soiree,entree,F092,images/REF02732.jpg
REF02733,Article 2733,maison,M01,coton,soiree,premium,F016,images/REF02733.jpg
REF02734,Article 2734,maison,M03,coton,ville,entree,F088,images/REF02734.jpg
REF02735,Article 2735,maison,M30,coton,sport,milieu,F121,images/REF02735.jpg
REF02736,Article 2736,maison,M37,laine,ville,milieu,F121,images/REF02736.jpg
REF02737,Article 2737,haut,M13,coton,ville,premium,F016,images/REF02737.jpg
REF02738,Article 2738,maison,M25,synthetique,ville,premium,F022,images/REF02738.jpg
REF02739,Article 2739,maison,M06,synthetique,ville,premium,F084,images/REF02739.jpg
REF02740,Article 2740,accessoire,M25,laine,ville,milieu,F083,images/REF02740.jpg
REF02741,Article 2741,bas,M28,synthetique,sport,milieu,F124,images/REF02741.jpg
REF02742,Article 2742,bas,M27,coton,sport,entree,F076,images/REF02742.jpg
REF02743,Article 2743,maison,M06,synthetique,sport,entree,F030,images/REF02743.jpg
REF02744,Article 2744,maison,M03,coton,ville,premium,F019,images/REF02744.jpg
REF02745,Article 2745,haut,M11,coton,sport,milieu,F069,images/REF02745.jpg
REF02746,Article 2746,haut,M03,coton,sport,entree,F139,images/REF02746.jpg
REF02747,Article 2747,haut,M37,coton,ville,milieu,F057,images/REF02747.jpg
REF02748,Article 2748,maison,M13,coton,sport,premium,F012,images/REF02748.jpg
REF02749,Article 2749,accessoire,M31,coton,sport,premium,F038,images/REF02749.jpg
REF02750,Article 2750,bas,M18,laine,ville,milieu,F067,images/REF02750.jpg
REF02751,Article 2751,bas,M17,synthetique,sport,milieu,F068,images/REF02751.jpg
REF02752,Article 2752,bas,M21,lin,ville,entree,F100,images/REF02752.jpg
REF02753,Article 2753,maison,M09,laine,ville,milieu,F102,images/REF02753.jpg
REF02754,Article 2754,bas,M30,laine,sport,milieu,F016,images/REF02754.jpg
REF02755,Article 2755,haut,M09,lin,sport,premium,F090,images/REF02755.jpg
REF02756,Article 2756,bas,M24,coton,soiree,milieu,F020,images/REF02756.jpg
REF02757,Article 2757,haut,M06,synthetique,ville,premium,F094,images/REF02757.jpg
REF02758,Article 2758,maison,M20,synthetique,soiree,milieu,F085,images/REF02758.jpg
REF02759,Article 2759,accessoire,M30,lin,soiree,premium,F008,images/REF02759.jpg
REF02760,Article 2760,maison,M32,synthetique,soiree,milieu,F069,images/REF02760.jpg
REF02761,Article 2761,accessoire,M07,laine,sport,premium,F029,images/REF02761.jpg
REF02762,Article 2762,accessoire,M23,lin,soiree,premium,F134,images/REF02762.jpg
REF02763,Article 2763,haut,M05,synthetique,sport,milieu,F034,images/REF02763.jpg
REF02764,Article 2764,haut,M03,lin,ville,premium,F131,images/REF02764.jpg
REF02765,Article 2765,maison,M39,lin,sport,entree,F052,images/REF02765.jpg
REF02766,Article 2766,bas,M21,laine,sport,entree,F052,images/REF02766.jpg
REF02767,Article 2767,bas,M19,lin,soiree,entree,F035,images/REF02767.jpg
REF02768,Article 2768,haut,M15,synthetique,sport,premium,F098,images/REF02768.jpg
REF02769,Article 2769,haut,M17,coton,soiree,milieu,F088,images/REF02769.jpg
REF02770,Article 2770,accessoire,M15,laine,ville,premium,F071,images/REF02770.jpg
REF02771,Article 2771,haut,M40,laine,soiree,entree,F107,images/REF02771.jpg
REF02772,Article 2772,haut,M09,laine,ville,milieu,F075,images/REF02772.jpg
REF02773,Article 2773,bas,M40,lin,ville,milieu,F140,images/REF02773.jpg
REF02774,Article 2774,bas,M29,coton,soiree,entree,F130,images/REF02774.jpg
REF02775,Article 2775,maison,M39,coton,soiree,entree,F014,images/REF02775.jpg
REF02776,Article 2776,haut,M09,laine,sport,milieu,F006,images/REF02776.jpg
REF02777,Article 2777,maison,M40,lin,sport,premium,F100,images/REF02777.jpg
REF02778,Article 2778,maison,M06,coton,sport,premium,F088,images/REF02778.jpg
REF02779,Article 2779,bas,M39,synthetique,soiree,entree,F043,images/REF02779.jpg
REF02780,Article 2780,maison,M27,lin,sport,milieu,F033,images/REF02780.jpg
REF02781,Article 2781,accessoire,M39,laine,sport,entree,F102,images/REF02781.jpg
REF02782,Article 2782,bas,M33,lin,sport,premium,F036,images/REF02782.jpg
REF02783,Article 2783,accessoire,M24,coton,ville,milieu,F005,images/REF02783.jpg
REF02784,Article 2784,maison,M37,synthetique,sport,premium,F122,images/REF02784.jpg
REF02785,Article 2785,haut,M05,coton,soiree,milieu,F131,images/REF02785.jpg
REF02786,Article 2786,haut,M10,coton,sport,entree,F019,images/REF02786.jpg
REF02787,Article 2787,maison,M03,coton,ville,entree,F087,images/REF02787.jpg
REF02788,Article 2788,accessoire,M01,coton,sport,entree,F100,images/REF02788.jpg
REF02789,Article 2789,bas,M37,synthetique,ville,milieu,F033,images/REF02789.jpg
REF02790,Article 2790,bas,M22,synthetique,ville,milieu,F085,images/REF02790.jpg
REF02791,Article 2791,haut,M26,synthetique,sport,entree,F030,images/REF02791.jpg
REF02792,Article 2792,bas,M40,synthetique,soiree,milieu,F065,images/REF02792.jpg
REF02793,Article 2793,maison,M32,laine,ville,entree,F026,images/REF02793.jpg
REF02794,Article 2794,accessoire,M10,synthetique,ville,entree,F140,images/REF02794.jpg
REF02795,Article 2795,accessoire,M22,coton,soiree,premium,F043,images/REF02795.jpg
REF02796,Article 2796,bas,M15,laine,soiree,milieu,F095,images/REF02796.jpg
REF02797,Article 2797,bas,M27,synthetique,soiree,premium,F108,images/REF02797.jpg
REF02798,Article 2798,haut,M36,laine,sport,premium,F066,images/REF02798.jpg
REF02799,Article 2799,maison,M09,coton,soiree,entree,F029,images/REF02799.jpg
REF02800,Article 2800,accessoire,M27,laine,sport,premium,F070,images/REF02800.jpg
REF02801,Article 2801,bas,M13,laine,sport,entree,F034,images/REF02801.jpg
REF02802,Article 2802,maison,M25,laine,soiree,milieu,F059,images/REF02802.jpg
REF02803,Article 2803,accessoire,M27,synthetique,soiree,milieu,F135,images/REF02803.jpg
REF02804,Article 2804,maison,M30,laine,soiree,entree,F101,images/REF02804.jpg
REF02805,Article 2805,haut,M36,lin,sport,premium,F121,images/REF02805.jpg
REF02806,Article 2806,bas,M07,coton,ville,entree,F127,images/REF02806.jpg
REF02807,Article 2807,accessoire,M09,lin,sport,milieu,F117,images/REF02807.jpg
REF02808,Article 2808,bas,M19,laine,sport,entree,F063,images/REF02808.jpg
REF02809,Article 2809,accessoire,M40,lin,soiree,premium,F069,images/REF02809.jpg
REF02810,Article 2810,haut,M09,laine,soiree,entree,F113,images/REF02810.jpg
REF02811,Article 2811,haut,M36,laine,sport,entree,F133,images/REF02811.jpg
REF02812,Article 2812,haut,M25,synthetique,ville,entree,F015,images/REF02812.jpg
REF02813,Article 2813,accessoire,M31,coton,sport,milieu,F104,images/REF02813.jpg
REF02814,Article 2814,haut,M26,lin,sport,premium,F064,images/REF02814.jpg
REF02815,Article 2815,haut,M40,synthetique,soiree,entree,F104,images/REF02815.jpg
REF02816,Article 2816,haut,M21,laine,sport,premium,F117,images/REF02816.jpg
REF02817,Article 2817,maison,M12,laine,sport,entree,F005,images/REF02817.jpg
REF02818,Article 2818,accessoire,M31,lin,soiree,premium,F030,images/REF02818.jpg
REF02819,Article 2819,bas,M36,lin,soiree,milieu,F015,images/REF02819.jpg
REF02820,Article 2820,haut,M07,lin,sport,milieu,F004,images/REF02820.jpg
REF02821,Article 2821,maison,M27,laine,sport,entree,F093,images/REF02821.jpg
REF02822,Article 2822,accessoire,M19,synthetique,soiree,entree,F104,images/REF02822.jpg
REF02823,Article 2823,accessoire,M22,coton,soiree,entree,F077,images/REF02823.jpg
REF02824,Article 2824,bas,M01,laine,ville,milieu,F075,images/REF02824.jpg
REF02825,Article 2825,bas,M31,laine,ville,premium,F031,images/REF02825.jpg
REF02826,Article 2826,haut,M10,lin,sport,entree,F133,images/REF02826.jpg
REF02827,Article 2827,accessoire,M14,coton,sport,premium,F052,images/REF02827.jpg
REF02828,Article 2828,bas,M04,lin,soiree,milieu,F110,images/REF02828.jpg
REF02829,Article 2829,maison,M17,synthetique,ville,milieu,F129,images/REF02829.jpg
REF02830,Article 2830,bas,M12,lin,ville,milieu,F065,images/REF02830.jpg
REF02831,Article 2831,maison,M15,synthetique,ville,entree,F116,images/REF02831.jpg
REF02832,Article 2832,bas,M37,coton,ville,premium,F140,images/REF02832.jpg
REF02833,Article 2833,accessoire,M01,coton,soiree,premium,F039,images/REF02833.jpg
REF02834,Article 2834,haut,M37,lin,soiree,milieu,F131,images/REF02834.jpg
REF02835,Article 2835,haut,M17,coton,ville,entree,F016,images/REF02835.jpg
REF02836,Article 2836,accessoire,M12,lin,sport,milieu,F115,images/REF02836.jpg
REF02837,Article 2837,accessoire,M30,lin,sport,premium,F037,images/REF02837.jpg
REF02838,Article 2838,maison,M23,laine,soiree,premium,F070,images/REF02838.jpg
REF02839,Article 2839,maison,M07,coton,sport,milieu,F057,images/REF02839.jpg
REF02840,Article 2840,haut,M11,coton,soiree,entree,F076,images/REF02840.jpg
REF02841,Article 2841,haut,M15,coton,ville,entree,F007,images/REF02841.jpg
REF02842,Article 2842,haut,M10,synthetique,soiree,entree,F101,images/REF02842.jpg
REF02843,Article 2843,bas,M30,synthetique,soiree,entree,F038,images/REF02843.jpg
REF02844,Article 2844,accessoire,M20,laine,sport,entree,F051,images/REF02844.jpg
REF02845,Article 2845,haut,M03,laine,sport,milieu,F081,images/REF02845.jpg
REF02846,Article 2846,bas,M38,laine,sport,entree,F044,images/REF02846.jpg
REF02847,Article 2847,bas,M01,synthetique,sport,premium,F001,images/REF02847.jpg
REF02848,Article 2848,bas,M37,lin,soiree,milieu,F024,images/REF02848.jpg
REF02849,Article 2849,haut,M32,coton,sport,entree,F137,images/REF02849.jpg
REF02850,Article 2850,maison,M36,laine,soiree,entree,F095,images/REF02850.jpg
REF02851,Article 2851,haut,M28,synthetique,sport,milieu,F092,images/REF02851.jpg
REF02852,Article 2852,bas,M38,synthetique,soiree,milieu,F047,images/REF02852.jpg
REF02853,Article 2853,haut,M37,synthetique,sport,premium,F112,images/REF02853.jpg
REF02854,Article 2854,maison,M35,coton,soiree,entree,F084,images/REF02854.jpg
REF02855,Article 2855,accessoire,M09,synthetique,soiree,milieu,F097,images/REF02855.jpg
REF02856,Article 2856,accessoire,M07,laine,sport,milieu,F091,images/REF02856.jpg
REF02857,Article 2857,bas,M09,coton,soiree,premium,F004,images/REF02857.jpg
REF02858,Article 2858,haut,M01,lin,soiree,milieu,F049,images/REF02858.jpg
REF02859,Article 2859,haut,M09,synthetique,soiree,entree,F017,images/REF02859.jpg
REF02860,Article 2860,bas,M13,synthetique,ville,premium,F025,images/REF02860.jpg
REF02861,Article 2861,bas,M16,synthetique,ville,milieu,F109,images/REF02861.jpg
REF02862,Article 2862,haut,M03,lin,sport,entree,F086,images/REF02862.jpg
REF02863,Article 2863,haut,M33,laine,sport,entree,F027,images/REF02863.jpg
REF02864,Article 2864,accessoire,M10,lin,sport,milieu,F093,images/REF02864.jpg
REF02865,Article 2865,maison,M05,lin,soiree,entree,F111,images/REF02865.jpg
REF02866,Article 2866,maison,M08,lin,soiree,entree,F117,images/REF02866.jpg
REF02867,Article 2867,accessoire,M22,laine,soiree,entree,F037,images/REF02867.jpg
REF02868,Article 2868,haut,M21,coton,soiree,milieu,F052,images/REF02868.jpg
REF02869,Article 2869,accessoire,M15,lin,sport,entree,F093,images/REF02869.jpg
REF02870,Article 2870,haut,M38,coton,sport,premium,F098,images/REF02870.jpg
REF02871,Article 2871,haut,M19,lin,ville,entree,F012,images/REF02871.jpg
REF02872,Article 2872,haut,M28,laine,soiree,premium,F064,images/REF02872.jpg
REF02873,Article 2873,haut,M03,coton,ville,milieu,F043,images/REF02873.jpg
REF02874,Article 2874,bas,M28,laine,soiree,premium,F129,images/REF02874.jpg
REF02875,Article 2875,accessoire,M40,lin,soiree,premium,F090,images/REF02875.jpg
REF02876,Article 2876,haut,M19,coton,ville,premium,F098,images/REF02876.jpg
REF02877,Article 2877,accessoire,M20,synthetique,soiree,milieu,F082,images/REF02877.jpg
REF02878,Article 2878,maison,M35,synthetique,sport,milieu,F006,images/REF02878.jpg
REF02879,Article 2879,bas,M06,synthetique,sport,premium,F137,images/REF02879.jpg
REF02880,Article 2880,maison,M27,synthetique,soiree,milieu,F045,images/REF02880.jpg
REF02881,Article 2881,accessoire,M27,lin,sport,milieu,F014,images/REF02881.jpg
REF02882,Article 2882,maison,M39,laine,soiree,premium,F011,images/REF02882.jpg
REF02883,Article 2883,bas,M28,lin,soiree,milieu,F101,images/REF02883.jpg
REF02884,Article 2884,accessoire,M03,laine,sport,entree,F001,images/REF02884.jpg
REF02885,Article 2885,bas,M06,coton,soiree,entree,F026,images/REF02885.jpg
REF02886,Article 2886,maison,M14,laine,sport,entree,F033,images/REF02886.jpg
REF02887,Article 2887,haut,M19,synthetique,sport,milieu,F049,images/REF02887.jpg
REF02888,Article 2888,accessoire,M26,synthetique,sport,entree,F006,images/REF02888.jpg
REF02889,Article 2889,haut,M01,lin,soiree,entree,F043,images/REF02889.jpg
REF02890,Article 2890,bas,M14,laine,ville,milieu,F110,images/REF02890.jpg
REF02891,Article 2891,accessoire,M12,coton,sport,milieu,F124,images/REF02891.jpg
REF02892,Article 2892,accessoire,M16,lin,sport,entree,F137,images/REF02892.jpg
REF02893,Article 2893,bas,M23,synthetique,soiree,premium,F002,images/REF02893.jpg
REF02894,Article 2894,bas,M15,synthetique,sport,entree,F046,images/REF02894.jpg
REF02895,Article 2895,bas,M15,lin,ville,entree,F034,images/REF02895.jpg
REF02896,Article 2896,bas,M33,lin,soiree,milieu,F097,images/REF02896.jpg
REF02897,Article 2897,haut,M03,synthetique,sport,milieu,F053,images/REF02897.jpg
REF02898,Article 2898,maison,M09,coton,ville,entree,F129,images/REF02898.jpg
REF02899,Article 2899,bas,M25,synthetique,soiree,premium,F086,images/REF02899.jpg
REF02900,Article 2900,haut,M30,lin,soiree,premium,F033,images/REF02900.jpg
REF02901,Article 2901,haut,M26,synthetique,soiree,entree,F092,images/REF02901.jpg
REF02902,Article 2902,haut,M09,synthetique,soiree,entree,F135,images/REF02902.jpg
REF02903,Article 2903,maison,M12,lin,ville,entree,F124,images/REF02903.jpg
REF02904,Article 2904,maison,M26,synthetique,ville,milieu,F069,images/REF02904.jpg
REF02905,Article 2905,haut,M38,coton,soiree,milieu,F049,images/REF02905.jpg
REF02906,Article 2906,bas,M24,coton,soiree,milieu,F119,images/REF02906.jpg
REF02907,Article 2907,accessoire,M24,lin,sport,milieu,F095,images/REF02907.jpg
REF02908,Article 2908,haut,M08,lin,sport,premium,F016,images/REF02908.jpg
REF02909,Article 2909,haut,M08,coton,ville,milieu,F012,images/REF02909.jpg
REF02910,Article 2910,bas,M25,synthetique,soiree,entree,F061,images/REF02910.jpg
REF02911,Article 2911,maison,M08,laine,ville,milieu,F028,images/REF02911.jpg
REF02912,Article 2912,bas,M07,laine,soiree,premium,F018,images/REF02912.jpg
REF02913,Article 2913,accessoire,M22,synthetique,soiree,milieu,F100,images/REF02913.jpg
REF02914,Article 2914,maison,M23,lin,soiree,premium,F091,images/REF02914.jpg
REF02915,Article 2915,haut,M05,lin,soiree,entree,F072,images/REF02915.jpg
REF02916,Article 2916,bas,M28,lin,soiree,entree,F127,images/REF02916.jpg
REF02917,Article 2917,bas,M26,laine,ville,premium,F096,images/REF02917.jpg
REF02918,Article 2918,maison,M11,coton,sport,entree,F017,images/REF02918.jpg
REF02919,Article 2919,accessoire,M06,laine,sport,milieu,F095,images/REF02919.jpg
REF02920,Article 2920,bas,M10,synthetique,soiree,milieu,F107,images/REF02920.jpg
REF02921,Article 2921,bas,M13,synthetique,soiree,entree,F114,images/REF02921.jpg
REF02922,Article 2922,maison,M11,lin,soiree,entree,F018,images/REF02922.jpg
REF02923,Article 2923,haut,M22,synthetique,ville,milieu,F084,images/REF02923.jpg
REF02924,Article 2924,maison,M02,laine,soiree,entree,F077,images/REF02924.jpg
REF02925,Article 2925,accessoire,M04,laine,sport,premium,F050,images/REF02925.jpg
REF02926,Article 2926,accessoire,M23,coton,ville,premium,F024,images/REF02926.jpg
REF02927,Article 2927,accessoire,M06,lin,ville,entree,F076,images/REF02927.jpg
REF02928,Article 2928,maison,M25,lin,soiree,premium,F095,images/REF02928.jpg
REF02929,Article 2929,haut,M24,coton,sport,premium,F105,images/REF02929.jpg
REF02930,Article 2930,bas,M37,synthetique,ville,premium,F001,images/REF02930.jpg
REF02931,Article 2931,haut,M02,synthetique,soiree,premium,F120,images/REF02931.jpg
REF02932,Article 2932,haut,M04,coton,ville,milieu,F098,images/REF02932.jpg
REF02933,Article 2933,haut,M38,synthetique,soiree,milieu,F031,images/REF02933.jpg
REF02934,Article 2934,accessoire,M13,lin,ville,entree,F023,images/REF02934.jpg
REF02935,Article 2935,accessoire,M08,laine,soiree,premium,F090,images/REF02935.jpg
REF02936,Article 2936,haut,M40,laine,ville,premium,F118,images/REF02936.jpg
REF02937,Article 2937,accessoire,M38,lin,soiree,premium,F112,images/REF02937.jpg
REF02938,Article 2938,bas,M22,coton,ville,entree,F131,images/REF02938.jpg
REF02939,Article 2939,accessoire,M25,lin,ville,premium,F072,images/REF02939.jpg
REF02940,Article 2940,accessoire,M20,laine,ville,milieu,F095,images/REF02940.jpg
REF02941,Article 2941,accessoire,M01,coton,sport,entree,F089,images/REF02941.jpg
REF02942,Article 2942,maison,M18,coton,soiree,premium,F027,images/REF02942.jpg
REF02943,Article 2943,maison,M07,laine,sport,entree,F004,images/REF02943.jpg
REF02944,Article 2944,maison,M22,lin,sport,premium,F123,images/REF02944.jpg
REF02945,Article 2945,bas,M20,coton,soiree,premium,F044,images/REF02945.jpg
REF02946,Article 2946,haut,M31,synthetique,ville,premium,F074,images/REF02946.jpg
REF02947,Article 2947,bas,M36,lin,ville,premium,F053,images/REF02947.jpg
REF02948,Article 2948,maison,M03,synthetique,ville,milieu,F017,images/REF02948.jpg
REF02949,Article 2949,bas,M30,coton,soiree,milieu,F083,images/REF02949.jpg
REF02950,Article 2950,bas,M19,laine,ville,premium,F088,images/REF02950.jpg
REF02951,Article 2951,haut,M01,laine,sport,premium,F060,images/REF02951.jpg
REF02952,Article 2952,accessoire,M03,lin,ville,premium,F117,images/REF02952.jpg
REF02953,Article 2953,bas,M32,synthetique,ville,entree,F103,images/REF02953.jpg
REF02954,Article 2954,bas,M05,lin,soiree,entree,F049,images/REF02954.jpg
REF02955,Article 2955,accessoire,M30,synthetique,ville,premium,F025,images/REF02955.jpg
REF02956,Article 2956,maison,M16,laine,sport,entree,F105,images/REF02956.jpg
REF02957,Article 2957,accessoire,M33,lin,sport,milieu,F016,images/REF02957.jpg
REF02958,Article 2958,bas,M07,lin,ville,premium,F134,images/REF02958.jpg
REF02959,Article 2959,bas,M02,synthetique,ville,entree,F069,images/REF02959.jpg
REF02960,Article 2960,haut,M09,lin,soiree,milieu,F103,images/REF02960.jpg
REF02961,Article 2961,maison,M36,laine,soiree,premium,F034,images/REF02961.jpg
REF02962,Article 2962,maison,M18,synthetique,sport,entree,F058,images/REF02962.jpg
REF02963,Article 2963,haut,M02,synthetique,soiree,milieu,F024,images/REF02963.jpg
REF02964,Article 2964,accessoire,M35,synthetique,soiree,premium,F054,images/REF02964.jpg
REF02965,Article 2965,accessoire,M27,synthetique,soiree,premium,F103,images/REF02965.jpg
REF02966,Article 2966,accessoire,M38,coton,soiree,premium,F018,images/REF02966.jpg
REF02967,Article 2967,haut,M05,coton,soiree,entree,F003,images/REF02967.jpg
REF02968,Article 2968,haut,M20,lin,ville,entree,F103,images/REF02968.jpg
REF02969,Article 2969,accessoire,M04,synthetique,soiree,entree,F061,images/REF02969.jpg
REF02970,Article 2970,haut,M10,synthetique,soiree,entree,F109,images/REF02970.jpg
REF02971,Article 2971,accessoire,M06,lin,soiree,entree,F058,images/REF02971.jpg
REF02972,Article 2972,accessoire,M22,coton,sport,premium,F105,images/REF02972.jpg
REF02973,Article 2973,maison,M21,coton,ville,milieu,F079,images/REF02973.jpg
REF02974,Article 2974,accessoire,M14,laine,sport,milieu,F023,images/REF02974.jpg
REF02975,Article 2975,maison,M05,synthetique,ville,entree,F117,images/REF02975.jpg
REF02976,Article 2976,accessoire,M34,coton,soiree,premium,F121,images/REF02976.jpg
REF02977,Article 2977,accessoire,M15,lin,ville,entree,F014,images/REF02977.jpg
REF02978,Article 2978,accessoire,M39,lin,sport,milieu,F077,images/REF02978.jpg
REF02979,Article 2979,maison,M38,laine,soiree,milieu,F004,images/REF02979.jpg
REF02980,Article 2980,accessoire,M01,coton,ville,entree,F059,images/REF02980.jpg
REF02981,Article 2981,maison,M23,coton,soiree,premium,F106,images/REF02981.jpg
REF02982,Article 2982,haut,M02,lin,sport,milieu,F101,images/REF02982.jpg
REF02983,Article 2983,haut,M35,synthetique,ville,premium,F028,images/REF02983.jpg
REF02984,Article 2984,bas,M29,coton,ville,premium,F067,images/REF02984.jpg
REF02985,Article 2985,maison,M15,lin,sport,premium,F099,images/REF02985.jpg
REF02986,Article 2986,bas,M39,coton,soiree,milieu,F091,images/REF02986.jpg
REF02987,Article 2987,accessoire,M01,lin,ville,milieu,F054,images/REF02987.jpg
REF02988,Article 2988,accessoire,M11,laine,soiree,milieu,F042,images/REF02988.jpg
REF02989,Article 2989,maison,M36,laine,ville,milieu,F105,images/REF02989.jpg
REF02990,Article 2990,accessoire,M26,lin,sport,entree,F063,images/REF02990.jpg
REF02991,Article 2991,maison,M27,lin,ville,entree,F022,images/REF02991.jpg
REF02992,Article 2992,accessoire,M01,lin,sport,entree,F112,images/REF02992.jpg
REF02993,Article 2993,accessoire,M14,synthetique,ville,entree,F023,images/REF02993.jpg
REF02994,Article 2994,accessoire,M30,laine,ville,entree,F103,images/REF02994.jpg
REF02995,Article 2995,accessoire,M27,synthetique,soiree,entree,F070,images/REF02995.jpg
REF02996,Article 2996,maison,M20,coton,sport,premium,F042,images/REF02996.jpg
REF02997,Article 2997,accessoire,M08,laine,sport,milieu,F070,images/REF02997.jpg
REF02998,Article 2998,maison,M40,synthetique,sport,entree,F109,images/REF02998.jpg
REF02999,Article 2999,maison,M19,synthetique,soiree,premium,F046,images/REF02999.jpg
REF03000,Article 3000,haut,M38,laine,sport,entree,F132,images/REF03000.jpg
REF03001,Article 3001,bas,M21,lin,ville,premium,F099,images/REF03001.jpg
REF03002,Article 3002,accessoire,M05,laine,ville,entree,F128,images/REF03002.jpg
REF03003,Article 3003,accessoire,M35,synthetique,sport,premium,F054,images/REF03003.jpg
REF03004,Article 3004,bas,M09,laine,sport,premium,F079,images/REF03004.jpg
REF03005,Article 3005,maison,M23,synthetique,soiree,entree,F004,images/REF03005.jpg
REF03006,Article 3006,haut,M25,synthetique,sport,milieu,F120,images/REF03006.jpg
REF03007,Article 3007,bas,M09,coton,sport,premium,F125,images/REF03007.jpg
REF03008,Article 3008,bas,M06,synthetique,sport,premium,F099,images/REF03008.jpg
REF03009,Article 3009,haut,M20,lin,soiree,premium,F104,images/REF03009.jpg
REF03010,Article 3010,maison,M25,synthetique,sport,milieu,F059,images/REF03010.jpg
REF03011,Article 3011,haut,M30,synthetique,sport,milieu,F049,images/REF03011.jpg
REF03012,Article 3012,maison,M31,synthetique,soiree,milieu,F009,images/REF03012.jpg
REF03013,Article 3013,maison,M25,coton,sport,milieu,F052,images/REF03013.jpg
REF03014,Article 3014,haut,M22,coton,soiree,milieu,F010,images/REF03014.jpg
REF03015,Article 3015,bas,M39,coton,soiree,milieu,F042,images/REF03015.jpg
REF03016,Article 3016,haut,M18,coton,soiree,premium,F046,images/REF03016.jpg
REF03017,Article 3017,maison,M03,laine,ville,milieu,F049,images/REF03017.jpg
REF03018,Article 3018,accessoire,M40,lin,soiree,premium,F107,images/REF03018.jpg
REF03019,Article 3019,bas,M38,laine,soiree,entree,F007,images/REF03019.jpg
REF03020,Article 3020,maison,M35,coton,sport,milieu,F125,images/REF03020.jpg
REF03021,Article 3021,haut,M08,synthetique,soiree,premium,F021,images/REF03021.jpg
REF03022,Article 3022,haut,M30,coton,soiree,premium,F136,images/REF03022.jpg
REF03023,Article 3023,bas,M40,coton,soiree,milieu,F015,images/REF03023.jpg
REF03024,Article 3024,haut,M26,coton,ville,entree,F077,images/REF03024.jpg
REF03025,Article 3025,accessoire,M29,lin,ville,premium,F052,images/REF03025.jpg
REF03026,Article 3026,accessoire,M07,lin,soiree,entree,F057,images/REF03026.jpg
REF03027,Article 3027,maison,M11,laine,sport,premium,F082,images/REF03027.jpg
REF03028,Article 3028,accessoire,M09,coton,soiree,entree,F012,images/REF03028.jpg
REF03029,Article 3029,haut,M24,synthetique,sport,entree,F012,images/REF03029.jpg
REF03030,Article 3030,maison,M26,coton,soiree,premium,F084,images/REF03030.jpg
REF03031,Article 3031,accessoire,M01,laine,soiree,premium,F089,images/REF03031.jpg
REF03032,Article 3032,haut,M30,lin,soiree,premium,F123,images/REF03032.jpg
REF03033,Article 3033,accessoire,M31,synthetique,sport,premium,F060,images/REF03033.jpg
REF03034,Article 3034,bas,M14,lin,sport,milieu,F031,images/REF03034.jpg
REF03035,Article 3035,bas,M14,synthetique,soiree,milieu,F071,images/REF03035.jpg
REF03036,Article 3036,maison,M22,lin,ville,premium,F136,images/REF03036.jpg
REF03037,Article 3037,accessoire,M18,lin,sport,milieu,F107,images/REF03037.jpg
REF03038,Article 3038,bas,M13,coton,sport,premium,F090,images/REF03038.jpg
REF03039,Article 3039,maison,M06,coton,ville,premium,F025,images/REF03039.jpg
REF03040,Article 3040,bas,M35,laine,ville,premium,F008,images/REF03040.jpg
REF03041,Article 3041,maison,M32,coton,sport,milieu,F007,images/REF03041.jpg
REF03042,Article 3042,haut,M19,lin,sport,entree,F079,images/REF03042.jpg
REF03043,Article 3043,bas,M30,coton,sport,premium,F026,images/REF03043.jpg
REF03044,Article 3044,maison,M12,laine,soiree,entree,F033,images/REF03044.jpg
REF03045,Article 3045,accessoire,M04,synthetique,sport,entree,F103,images/REF03045.jpg
REF03046,Article 3046,bas,M33,coton,ville,milieu,F031,images/REF03046.jpg
REF03047,Article 3047,accessoire,M37,coton,sport,entree,F131,images/REF03047.jpg
REF03048,Article 3048,bas,M17,coton,sport,milieu,F062,images/REF03048.jpg
REF03049,Article 3049,maison,M29,lin,sport,premium,F081,images/REF03049.jpg
REF03050,Article 3050,accessoire,M30,lin,ville,premium,F119,images/REF03050.jpg
REF03051,Article 3051,maison,M20,laine,sport,entree,F124,images/REF03051.jpg
REF03052,Article 3052,maison,M10,lin,ville,entree,F065,images/REF03052.jpg
REF03053,Article 3053,maison,M01,coton,sport,premium,F001,images/REF03053.jpg
REF03054,Article 3054,maison,M24,laine,sport,milieu,F088,images/REF03054.jpg
REF03055,Article 3055,bas,M02,laine,soiree,entree,F091,images/REF03055.jpg
REF03056,Article 3056,bas,M16,synthetique,ville,premium,F029,images/REF03056.jpg
REF03057,Article 3057,bas,M36,synthetique,soiree,premium,F079,images/REF03057.jpg
REF03058,Article 3058,accessoire,M08,coton,ville,entree,F056,images/REF03058.jpg
REF03059,Article 3059,bas,M21,synthetique,ville,entree,F076,images/REF03059.jpg
REF03060,Article 3060,bas,M27,lin,soiree,milieu,F029,images/REF03060.jpg
REF03061,Article 3061,accessoire,M30,synthetique,ville,entree,F121,images/REF03061.jpg
REF03062,Article 3062,maison,M31,laine,sport,milieu,F035,images/REF03062.jpg
REF03063,Article 3063,maison,M12,synthetique,sport,milieu,F052,images/REF03063.jpg
REF03064,Article 3064,maison,M25,lin,sport,entree,F065,images/REF03064.jpg
REF03065,Article 3065,maison,M15,laine,sport,milieu,F051,images/REF03065.jpg
REF03066,Article 3066,accessoire,M19,coton,ville,premium,F114,images/REF03066.jpg
REF03067,Article 3067,haut,M34,lin,soiree,milieu,F032,images/REF03067.jpg
REF03068,Article 3068,maison,M30,laine,ville,premium,F049,images/REF03068.jpg
REF03069,Article 3069,maison,M34,laine,ville,entree,F119,images/REF03069.jpg
REF03070,Article 3070,accessoire,M05,synthetique,sport,milieu,F048,images/REF03070.jpg
REF03071,Article 3071,bas,M17,coton,ville,milieu,F092,images/REF03071.jpg
REF03072,Article 3072,accessoire,M02,laine,sport,entree,F136,images/REF03072.jpg
REF03073,Article 3073,maison,M05,lin,soiree,entree,F020,images/REF03073.jpg
REF03074,Article 3074,haut,M09,lin,sport,entree,F098,images/REF03074.jpg
REF03075,Article 3075,bas,M12,synthetique,ville,milieu,F115,images/REF03075.jpg
REF03076,Article 3076,accessoire,M30,synthetique,sport,entree,F017,images/REF03076.jpg
REF03077,Article 3077,accessoire,M10,synthetique,sport,entree,F125,images/REF03077.jpg
REF03078,Article 3078,bas,M22,laine,sport,entree,F078,images/REF03078.jpg
REF03079,Article 3079,maison,M38,laine,soiree,premium,F040,images/REF03079.jpg
REF03080,Article 3080,accessoire,M13,synthetique,ville,premium,F065,images/REF03080.jpg
REF03081,Article 3081,bas,M16,coton,sport,entree,F133,images/REF03081.jpg
REF03082,Article 3082,haut,M28,synthetique,ville,milieu,F075,images/REF03082.jpg
REF03083,Article 3083,maison,M37,coton,soiree,entree,F130,images/REF03083.jpg
REF03084,Article 3084,bas,M14,lin,soiree,entree,F121,images/REF03084.jpg
REF03085,Article 3085,accessoire,M24,lin,sport,premium,F129,images/REF03085.jpg
REF03086,Article 3086,accessoire,M14,coton,soiree,entree,F137,images/REF03086.jpg
REF03087,Article 3087,maison,M32,lin,soiree,entree,F114,images/REF03087.jpg
REF03088,Article 3088,accessoire,M32,lin,ville,entree,F047,images/REF03088.jpg
REF03089,Article 3089,accessoire,M37,lin,sport,entree,F047,images/REF03089.jpg
REF03090,Article 3090,accessoire,M40,synthetique,ville,premium,F016,images/REF03090.jpg
REF03091,Article 3091,accessoire,M02,synthetique,ville,premium,F092,images/REF03091.jpg
REF03092,Article 3092,bas,M40,coton,soiree,entree,F001,images/REF03092.jpg
REF03093,Article 3093,accessoire,M02,coton,ville,premium,F072,images/REF03093.jpg
REF03094,Article 3094,accessoire,M12,laine,sport,entree,F034,images/REF03094.jpg
REF03095,Article 3095,bas,M06,synthetique,soiree,premium,F024,images/REF03095.jpg
REF03096,Article 3096,accessoire,M24,lin,sport,milieu,F102,images/REF03096.jpg
REF03097,Article 3097,accessoire,M19,laine,ville,milieu,F060,images/REF03097.jpg
REF03098,Article 3098,accessoire,M09,lin,sport,milieu,F010,images/REF03098.jpg
REF03099,Article 3099,maison,M19,coton,sport,premium,F006,images/REF03099.jpg
REF03100,Article 3100,bas,M08,laine,soiree,entree,F108,images/REF03100.jpg
REF03101,Article 3101,bas,M33,laine,sport,entree,F098,images/REF03101.jpg
REF03102,Article 3102,haut,M09,coton,soiree,milieu,F026,images/REF03102.jpg
REF03103,Article 3103,accessoire,M25,coton,soiree,milieu,F115,images/REF03103.jpg
REF03104,Article 3104,accessoire,M30,lin,ville,premium,F060,images/REF03104.jpg
REF03105,Article 3105,accessoire,M17,laine,sport,entree,F011,images/REF03105.jpg
REF03106,Article 3106,haut,M31,coton,ville,milieu,F093,images/REF03106.jpg
REF03107,Article 3107,accessoire,M40,lin,sport,milieu,F090,images/REF03107.jpg
REF03108,Article 3108,maison,M18,synthetique,sport,entree,F118,images/REF03108.jpg
REF03109,Article 3109,haut,M16,synthetique,ville,premium,F089,images/REF03109.jpg
REF03110,Article 3110,bas,M13,synthetique,soiree,premium,F071,images/REF03110.jpg
REF03111,Article 3111,bas,M27,lin,sport,premium,F092,images/REF03111.jpg
REF03112,Article 3112,bas,M13,synthetique,ville,entree,F057,images/REF03112.jpg
REF03113,Article 3113,haut,M38,laine,soiree,premium,F023,images/REF03113.jpg
REF03114,Article 3114,bas,M14,synthetique,sport,premium,F059,images/REF03114.jpg
REF03115,Article 3115,maison,M04,laine,ville,milieu,F083,images/REF03115.jpg
REF03116,Article 3116,haut,M33,lin,soiree,milieu,F023,images/REF03116.jpg
REF03117,Article 3117,haut,M33,coton,soiree,premium,F130,images/REF03117.jpg
REF03118,Article 3118,maison,M16,laine,sport,premium,F083,images/REF03118.jpg
REF03119,Article 3119,maison,M29,laine,ville,premium,F094,images/REF03119.jpg
REF03120,Article 3120,maison,M10,coton,ville,milieu,F040,images/REF03120.jpg
REF03121,Article 3121,haut,M15,laine,sport,premium,F099,images/REF03121.jpg
REF03122,Article 3122,maison,M34,lin,sport,entree,F091,images/REF03122.jpg
REF03123,Article 3123,accessoire,M11,lin,ville,premium,F093,images/REF03123.jpg
REF03124,Article 3124,accessoire,M07,synthetique,soiree,premium,F002,images/REF03124.jpg
REF03125,Article 3125,maison,M03,coton,sport,milieu,F054,images/REF03125.jpg
REF03126,Article 3126,maison,M38,coton,ville,entree,F074,images/REF03126.jpg
REF03127,Article 3127,maison,M19,coton,soiree,milieu,F036,images/REF03127.jpg
REF03128,Article 3128,bas,M17,synthetique,ville,milieu,F110,images/REF03128.jpg
REF03129,Article 3129,accessoire,M35,lin,soiree,milieu,F112,images/REF03129.jpg
REF03130,Article 3130,bas,M32,lin,ville,milieu,F011,images/REF03130.jpg
REF03131,Article 3131,bas,M23,lin,soiree,premium,F108,images/REF03131.jpg
REF03132,Article 3132,haut,M21,coton,sport,premium,F103,images/REF03132.jpg
REF03133,Article 3133,bas,M28,synthetique,ville,premium,F103,images/REF03133.jpg
REF03134,Article 3134,bas,M28,coton,sport,milieu,F006,images/REF03134.jpg
REF03135,Article 3135,haut,M22,coton,sport,premium,F024,images/REF03135.jpg
REF03136,Article 3136,maison,M27,coton,sport,milieu,F110,images/REF03136.jpg
REF03137,Article 3137,bas,M24,synthetique,ville,milieu,F082,images/REF03137.jpg
REF03138,Article 3138,accessoire,M24,laine,ville,entree,F130,images/REF03138.jpg
REF03139,Article 3139,haut,M11,coton,sport,entree,F012,images/REF03139.jpg
REF03140,Article 3140,accessoire,M38,lin,soiree,premium,F057,images/REF03140.jpg
REF03141,Article 3141,accessoire,M26,synthetique,sport,premium,F030,images/REF03141.jpg
REF03142,Article 3142,accessoire,M23,lin,ville,premium,F118,images/REF03142.jpg
REF03143,Article 3143,accessoire,M23,synthetique,sport,milieu,F121,images/REF03143.jpg
REF03144,Article 3144,accessoire,M22,coton,soiree,premium,F083,images/REF03144.jpg
REF03145,Article 3145,maison,M22,synthetique,ville,premium,F047,images/REF03145.jpg
REF03146,Article 3146,accessoire,M32,laine,soiree,milieu,F010,images/REF03146.jpg
REF03147,Article 3147,haut,M32,lin,soiree,entree,F001,images/REF03147.jpg
REF03148,Article 3148,bas,M19,synthetique,soiree,entree,F111,images/REF03148.jpg
REF03149,Article 3149,bas,M39,synthetique,sport,milieu,F042,images/REF03149.jpg
REF03150,Article 3150,accessoire,M15,coton,soiree,premium,F077,images/REF03150.jpg
REF03151,Article 3151,accessoire,M35,laine,sport,milieu,F056,images/REF03151.jpg
REF03152,Article 3152,haut,M26,lin,soiree,premium,F113,images/REF03152.jpg
REF03153,Article 3153,maison,M22,synthetique,soiree,milieu,F115,images/REF03153.jpg
REF03154,Article 3154,bas,M18,coton,sport,entree,F040,images/REF03154.jpg
REF03155,Article 3155,accessoire,M24,laine,ville,milieu,F093,images/REF03155.jpg
REF03156,Article 3156,accessoire,M08,laine,soiree,entree,F079,images/REF03156.jpg
REF03157,Article 3157,bas,M40,laine,soiree,milieu,F007,images/REF03157.jpg
REF03158,Article 3158,haut,M24,coton,sport,premium,F139,images/REF03158.jpg
REF03159,Article 3159,bas,M26,synthetique,soiree,premium,F083,images/REF03159.jpg
REF03160,Article 3160,bas,M14,synthetique,sport,entree,F098,images/REF03160.jpg
REF03161,Article 3161,haut,M05,coton,ville,premium,F138,images/REF03161.jpg
REF03162,Article 3162,maison,M21,coton,ville,entree,F015,images/REF03162.jpg
REF03163,Article 3163,accessoire,M30,synthetique,ville,entree,F074,images/REF03163.jpg
REF03164,Article 3164,haut,M34,coton,sport,milieu,F067,images/REF03164.jpg
REF03165,Article 3165,bas,M35,synthetique,soiree,entree,F101,images/REF03165.jpg
REF03166,Article 3166,haut,M39,synthetique,ville,entree,F135,images/REF03166.jpg
REF03167,Article 3167,accessoire,M11,laine,ville,entree,F063,images/REF03167.jpg
REF03168,Article 3168,maison,M40,coton,ville,entree,F034,images/REF03168.jpg
REF03169,Article 3169,accessoire,M05,lin,ville,entree,F103,images/REF03169.jpg
REF03170,Article 3170,haut,M04,lin,sport,entree,F024,images/REF03170.jpg
REF03171,Article 3171,accessoire,M05,lin,ville,premium,F040,images/REF03171.jpg
REF03172,Article 3172,bas,M37,lin,ville,milieu,F140,images/REF03172.jpg
REF03173,Article 3173,accessoire,M11,laine,ville,milieu,F029,images/REF03173.jpg
REF03174,Article 3174,maison,M39,coton,sport,milieu,F113,images/REF03174.jpg
REF03175,Article 3175,accessoire,M26,laine,soiree,premium,F012,images/REF03175.jpg
REF03176,Article 3176,bas,M17,synthetique,ville,milieu,F014,images/REF03176.jpg
REF03177,Article 3177,maison,M10,coton,soiree,premium,F106,images/REF03177.jpg
REF03178,Article 3178,maison,M16,lin,ville,entree,F031,images/REF03178.jpg
REF03179,Article 3179,maison,M39,lin,soiree,entree,F020,images/REF03179.jpg
REF03180,Article 3180,maison,M19,coton,soiree,entree,F132,images/REF03180.jpg
REF03181,Article 3181,accessoire,M13,lin,sport,milieu,F005,images/REF03181.jpg
REF03182,Article 3182,haut,M05,synthetique,sport,premium,F094,images/REF03182.jpg
REF03183,Article 3183,accessoire,M32,lin,sport,entree,F048,images/REF03183.jpg
REF03184,Article 3184,haut,M28,laine,soiree,milieu,F092,images/REF03184.jpg
REF03185,Article 3185,maison,M08,synthetique,sport,premium,F123,images/REF03185.jpg
REF03186,Article 3186,maison,M10,coton,sport,milieu,F133,images/REF03186.jpg
REF03187,Article 3187,maison,M16,lin,sport,milieu,F109,images/REF03187.jpg
REF03188,Article 3188,bas,M09,lin,sport,entree,F005,images/REF03188.jpg
REF03189,Article 3189,maison,M17,lin,soiree,entree,F081,images/REF03189.jpg
REF03190,Article 3190,bas,M19,coton,ville,milieu,F137,images/REF03190.jpg
REF03191,Article 3191,accessoire,M21,lin,sport,milieu,F034,images/REF03191.jpg
REF03192,Article 3192,maison,M34,lin,sport,entree,F113,images/REF03192.jpg
REF03193,Article 3193,accessoire,M13,laine,ville,milieu,F004,images/REF03193.jpg
REF03194,Article 3194,haut,M03,lin,soiree,entree,F060,images/REF03194.jpg
REF03195,Article 3195,accessoire,M24,coton,sport,entree,F060,images/REF03195.jpg
REF03196,Article 3196,maison,M23,lin,soiree,milieu,F022,images/REF03196.jpg
REF03197,Article 3197,bas,M32,laine,ville,premium,F014,images/REF03197.jpg
REF03198,Article 3198,accessoire,M38,lin,ville,entree,F006,images/REF03198.jpg
REF03199,Article 3199,accessoire,M29,lin,sport,premium,F134,images/REF03199.jpg
REF03200,Article 3200,accessoire,M35,lin,soiree,milieu,F020,images/REF03200.jpg
REF03201,Article 3201,maison,M07,coton,sport,entree,F047,images/REF03201.jpg
REF03202,Article 3202,haut,M06,laine,sport,premium,F073,images/REF03202.jpg
REF03203,Article 3203,maison,M16,synthetique,ville,premium,F139,images/REF03203.jpg
REF03204,Article 3204,accessoire,M11,coton,sport,milieu,F102,images/REF03204.jpg
REF03205,Article 3205,bas,M02,synthetique,ville,premium,F042,images/REF03205.jpg
REF03206,Article 3206,maison,M02,laine,ville,milieu,F117,images/REF03206.jpg
REF03207,Article 3207,accessoire,M20,synthetique,ville,premium,F033,images/REF03207.jpg
REF03208,Article 3208,bas,M32,laine,ville,entree,F007,images/REF03208.jpg
REF03209,Article 3209,maison,M37,laine,sport,premium,F113,images/REF03209.jpg
REF03210,Article 3210,haut,M03,coton,ville,entree,F003,images/REF03210.jpg
REF03211,Article 3211,bas,M23,coton,soiree,premium,F118,images/REF03211.jpg
REF03212,Article 3212,haut,M25,laine,sport,premium,F136,images/REF03212.jpg
REF03213,Article 3213,maison,M27,lin,soiree,premium,F024,images/REF03213.jpg
REF03214,Article 3214,haut,M34,lin,ville,entree,F017,images/REF03214.jpg
REF03215,Article 3215,haut,M16,coton,soiree,entree,F108,images/REF03215.jpg
REF03216,Article 3216,bas,M28,synthetique,sport,premium,F136,images/REF03216.jpg
REF03217,Article 3217,maison,M27,coton,ville,milieu,F049,images/REF03217.jpg
REF03218,Article 3218,maison,M34,lin,soiree,premium,F123,images/REF03218.jpg
REF03219,Article 3219,maison,M16,coton,sport,entree,F037,images/REF03219.jpg
REF03220,Article 3220,haut,M25,laine,sport,premium,F050,images/REF03220.jpg
REF03221,Article 3221,maison,M15,synthetique,sport,milieu,F124,images/REF03221.jpg
REF03222,Article 3222,bas,M02,synthetique,ville,milieu,F027,images/REF03222.jpg
REF03223,Article 3223,accessoire,M20,laine,soiree,entree,F127,images/REF03223.jpg
REF03224,Article 3224,bas,M07,coton,ville,milieu,F050,images/REF03224.jpg
REF03225,Article 3225,maison,M10,synthetique,soiree,milieu,F105,images/REF03225.jpg
REF03226,Article 3226,bas,M36,laine,sport,entree,F040,images/REF03226.jpg
REF03227,Article 3227,bas,M35,lin,soiree,milieu,F130,images/REF03227.jpg
REF03228,Article 3228,accessoire,M06,synthetique,ville,entree,F056,images/REF03228.jpg
REF03229,Article 3229,haut,M14,laine,sport,entree,F111,images/REF03229.jpg
REF03230,Article 3230,accessoire,M15,laine,ville,premium,F098,images/REF03230.jpg
REF03231,Article 3231,accessoire,M39,synthetique,ville,milieu,F018,images/REF03231.jpg
REF03232,Article 3232,haut,M17,lin,sport,milieu,F019,images/REF03232.jpg
REF03233,Article 3233,haut,M21,coton,ville,premium,F046,images/REF03233.jpg
REF03234,Article 3234,maison,M30,laine,sport,premium,F080,images/REF03234.jpg
REF03235,Article 3235,maison,M38,lin,ville,milieu,F070,images/REF03235.jpg
REF03236,Article 3236,accessoire,M40,synthetique,soiree,entree,F092,images/REF03236.jpg
REF03237,Article 3237,haut,M02,lin,soiree,milieu,F036,images/REF03237.jpg
REF03238,Article 3238,bas,M31,lin,ville,entree,F070,images/REF03238.jpg
REF03239,Article 3239,maison,M15,lin,soiree,entree,F109,images/REF03239.jpg
REF03240,Article 3240,maison,M06,coton,soiree,entree,F050,images/REF03240.jpg
REF03241,Article 3241,haut,M09,coton,ville,premium,F064,images/REF03241.jpg
REF03242,Article 3242,accessoire,M03,synthetique,sport,milieu,F032,images/REF03242.jpg
REF03243,Article 3243,maison,M34,lin,soiree,premium,F064,images/REF03243.jpg
REF03244,Article 3244,haut,M20,coton,soiree,milieu,F050,images/REF03244.jpg
REF03245,Article 3245,accessoire,M36,coton,soiree,entree,F081,images/REF03245.jpg
REF03246,Article 3246,maison,M06,laine,soiree,premium,F024,images/REF03246.jpg
REF03247,Article 3247,haut,M04,lin,ville,entree,F010,images/REF03247.jpg
REF03248,Article 3248,accessoire,M16,lin,ville,premium,F008,images/REF03248.jpg
REF03249,Article 3249,bas,M11,synthetique,ville,entree,F115,images/REF03249.jpg
REF03250,Article 3250,bas,M25,laine,sport,milieu,F049,images/REF03250.jpg
REF03251,Article 3251,bas,M18,lin,sport,premium,F101,images/REF03251.jpg
REF03252,Article 3252,haut,M20,synthetique,sport,premium,F135,images/REF03252.jpg
REF03253,Article 3253,haut,M21,synthetique,sport,premium,F110,images/REF03253.jpg
REF03254,Article 3254,haut,M15,coton,soiree,premium,F022,images/REF03254.jpg
REF03255,Article 3255,accessoire,M01,coton,sport,premium,F060,images/REF03255.jpg
REF03256,Article 3256,haut,M17,lin,sport,entree,F034,images/REF03256.jpg
REF03257,Article 3257,accessoire,M10,synthetique,soiree,premium,F083,images/REF03257.jpg
REF03258,Article 3258,bas,M40,synthetique,sport,premium,F115,images/REF03258.jpg
REF03259,Article 3259,bas,M04,synthetique,soiree,milieu,F066,images/REF03259.jpg
REF03260,Article 3260,bas,M32,synthetique,sport,entree,F091,images/REF03260.jpg
REF03261,Article 3261,haut,M40,lin,ville,premium,F138,images/REF03261.jpg
REF03262,Article 3262,maison,M05,coton,ville,premium,F133,images/REF03262.jpg
REF03263,Article 3263,accessoire,M25,lin,soiree,milieu,F114,images/REF03263.jpg
REF03264,Article 3264,accessoire,M20,lin,sport,milieu,F106,images/REF03264.jpg
REF03265,Article 3265,bas,M25,coton,soiree,milieu,F111,images/REF03265.jpg
REF03266,Article 3266,haut,M29,lin,sport,entree,F042,images/REF03266.jpg
REF03267,Article 3267,haut,M12,coton,sport,milieu,F005,images/REF03267.jpg
REF03268,Article 3268,bas,M39,lin,sport,entree,F081,images/REF03268.jpg
REF03269,Article 3269,maison,M34,synthetique,sport,entree,F070,images/REF03269.jpg
REF03270,Article 3270,bas,M13,lin,sport,milieu,F101,images/REF03270.jpg
REF03271,Article 3271,haut,M34,synthetique,sport,entree,F067,images/REF03271.jpg
REF03272,Article 3272,haut,M33,synthetique,sport,entree,F101,images/REF03272.jpg
REF03273,Article 3273,accessoire,M03,lin,ville,milieu,F071,images/REF03273.jpg
REF03274,Article 3274,bas,M30,lin,sport,premium,F038,images/REF03274.jpg
REF03275,Article 3275,bas,M37,lin,ville,milieu,F137,images/REF03275.jpg
REF03276,Article 3276,accessoire,M05,coton,sport,milieu,F089,images/REF03276.jpg
REF03277,Article 3277,haut,M40,laine,sport,entree,F113,images/REF03277.jpg
REF03278,Article 3278,maison,M02,laine,soiree,premium,F017,images/REF03278.jpg
REF03279,Article 3279,bas,M32,coton,ville,milieu,F026,images/REF03279.jpg
REF03280,Article 3280,bas,M03,synthetique,soiree,milieu,F012,images/REF03280.jpg
REF03281,Article 3281,haut,M18,lin,soiree,milieu,F118,images/REF03281.jpg
REF03282,Article 3282,accessoire,M04,coton,ville,premium,F134,images/REF03282.jpg
REF03283,Article 3283,accessoire,M15,laine,soiree,entree,F082,images/REF03283.jpg
REF03284,Article 3284,accessoire,M28,coton,ville,entree,F005,images/REF03284.jpg
REF03285,Article 3285,bas,M13,synthetique,soiree,entree,F012,images/REF03285.jpg
REF03286,Article 3286,haut,M02,laine,soiree,entree,F020,images/REF03286.jpg
REF03287,Article 3287,accessoire,M39,lin,ville,premium,F017,images/REF03287.jpg
REF03288,Article 3288,accessoire,M31,lin,soiree,premium,F127,images/REF03288.jpg
REF03289,Article 3289,bas,M09,coton,sport,premium,F032,images/REF03289.jpg
REF03290,Article 3290,bas,M24,lin,soiree,milieu,F061,images/REF03290.jpg
REF03291,Article 3291,maison,M36,coton,sport,premium,F126,images/REF03291.jpg
REF03292,Article 3292,haut,M38,synthetique,sport,premium,F139,images/REF03292.jpg
REF03293,Article 3293,accessoire,M22,lin,soiree,premium,F020,images/REF03293.jpg
REF03294,Article 3294,haut,M12,lin,soiree,milieu,F026,images/REF03294.jpg
REF03295,Article 3295,bas,M19,coton,soiree,milieu,F085,images/REF03295.jpg
REF03296,Article 3296,maison,M36,synthetique,soiree,entree,F072,images/REF03296.jpg
REF03297,Article 3297,haut,M21,lin,sport,premium,F022,images/REF03297.jpg
REF03298,Article 3298,haut,M38,synthetique,soiree,premium,F040,images/REF03298.jpg
REF03299,Article 3299,bas,M04,coton,ville,premium,F006,images/REF03299.jpg
REF03300,Article 3300,maison,M20,laine,sport,premium,F004,images/REF03300.jpg
REF03301,Article 3301,accessoire,M09,coton,ville,premium,F005,images/REF03301.jpg
REF03302,Article 3302,bas,M16,coton,soiree,milieu,F040,images/REF03302.jpg
REF03303,Article 3303,accessoire,M37,coton,sport,milieu,F126,images/REF03303.jpg
REF03304,Article 3304,haut,M22,laine,ville,entree,F052,images/REF03304.jpg
REF03305,Article 3305,maison,M01,coton,soiree,entree,F131,images/REF03305.jpg
REF03306,Article 3306,maison,M33,coton,soiree,premium,F040,images/REF03306.jpg
REF03307,Article 3307,haut,M25,coton,soiree,milieu,F132,images/REF03307.jpg
REF03308,Article 3308,accessoire,M36,lin,sport,milieu,F078,images/REF03308.jpg
REF03309,Article 3309,accessoire,M28,coton,soiree,premium,F041,images/REF03309.jpg
REF03310,Article 3310,bas,M26,lin,soiree,premium,F109,images/REF03310.jpg
REF03311,Article 3311,accessoire,M16,coton,soiree,premium,F037,images/REF03311.jpg
REF03312,Article 3312,maison,M09,lin,ville,premium,F004,images/REF03312.jpg
REF03313,Article 3313,accessoire,M19,coton,ville,milieu,F067,images/REF03313.jpg
REF03314,Article 3314,accessoire,M01,lin,soiree,milieu,F102,images/REF03314.jpg
REF03315,Article 3315,haut,M17,laine,sport,entree,F088,images/REF03315.jpg
REF03316,Article 3316,bas,M33,laine,soiree,entree,F008,images/REF03316.jpg
REF03317,Article 3317,maison,M17,synthetique,ville,premium,F082,images/REF03317.jpg
REF03318,Article 3318,accessoire,M32,synthetique,ville,milieu,F060,images/REF03318.jpg
REF03319,Article 3319,bas,M03,laine,ville,premium,F017,images/REF03319.jpg
REF03320,Article 3320,accessoire,M14,synthetique,soiree,premium,F033,images/REF03320.jpg
REF03321,Article 3321,maison,M18,coton,sport,premium,F015,images/REF03321.jpg
REF03322,Article 3322,haut,M12,laine,sport,premium,F055,images/REF03322.jpg
REF03323,Article 3323,maison,M27,laine,sport,entree,F099,images/REF03323.jpg
REF03324,Article 3324,accessoire,M35,coton,soiree,premium,F020,images/REF03324.jpg
REF03325,Article 3325,accessoire,M30,laine,soiree,premium,F064,images/REF03325.jpg
REF03326,Article 3326,maison,M15,laine,soiree,entree,F014,images/REF03326.jpg
REF03327,Article 3327,haut,M24,lin,sport,premium,F084,images/REF03327.jpg
REF03328,Article 3328,accessoire,M07,lin,soiree,entree,F042,images/REF03328.jpg
REF03329,Article 3329,accessoire,M18,synthetique,soiree,premium,F036,images/REF03329.jpg
REF03330,Article 3330,maison,M27,synthetique,ville,milieu,F127,images/REF03330.jpg
REF03331,Article 3331,bas,M06,laine,ville,premium,F128,images/REF03331.jpg
REF03332,Article 3332,maison,M40,coton,soiree,premium,F105,images/REF03332.jpg
REF03333,Article 3333,maison,M20,coton,sport,premium,F019,images/REF03333.jpg
REF03334,Article 3334,maison,M25,lin,sport,milieu,F091,images/REF03334.jpg
REF03335,Article 3335,bas,M28,coton,sport,premium,F049,images/REF03335.jpg
REF03336,Article 3336,bas,M03,coton,sport,entree,F042,images/REF03336.jpg
REF03337,Article 3337,maison,M13,lin,ville,premium,F069,images/REF03337.jpg
REF03338,Article 3338,accessoire,M09,laine,ville,entree,F107,images/REF03338.jpg
REF03339,Article 3339,bas,M28,lin,soiree,milieu,F047,images/REF03339.jpg
REF03340,Article 3340,maison,M13,coton,soiree,premium,F057,images/REF03340.jpg
REF03341,Article 3341,bas,M25,synthetique,sport,entree,F092,images/REF03341.jpg
REF03342,Article 3342,accessoire,M40,coton,sport,premium,F126,images/REF03342.jpg
REF03343,Article 3343,haut,M09,coton,soiree,entree,F036,images/REF03343.jpg
REF03344,Article 3344,haut,M09,synthetique,sport,milieu,F135,images/REF03344.jpg
REF03345,Article 3345,haut,M40,coton,ville,entree,F084,images/REF03345.jpg
REF03346,Article 3346,haut,M13,lin,sport,milieu,F014,images/REF03346.jpg
REF03347,Article 3347,haut,M15,laine,ville,milieu,F019,images/REF03347.jpg
REF03348,Article 3348,bas,M02,lin,ville,entree,F004,images/REF03348.jpg
REF03349,Article 3349,accessoire,M28,coton,soiree,premium,F118,images/REF03349.jpg
REF03350,Article 3350,maison,M13,coton,soiree,milieu,F034,images/REF03350.jpg
REF03351,Article 3351,bas,M05,coton,ville,premium,F109,images/REF03351.jpg
REF03352,Article 3352,haut,M35,lin,soiree,entree,F003,images/REF03352.jpg
REF03353,Article 3353,bas,M40,lin,ville,entree,F077,images/REF03353.jpg
REF03354,Article 3354,bas,M12,laine,ville,premium,F034,images/REF03354.jpg
REF03355,Article 3355,haut,M02,coton,sport,milieu,F137,images/REF03355.jpg
REF03356,Article 3356,maison,M30,laine,soiree,entree,F007,images/REF03356.jpg
REF03357,Article 3357,accessoire,M39,laine,soiree,milieu,F112,images/REF03357.jpg
REF03358,Article 3358,haut,M40,lin,soiree,entree,F109,images/REF03358.jpg
REF03359,Article 3359,maison,M12,lin,soiree,entree,F087,images/REF03359.jpg
REF03360,Article 3360,bas,M06,coton,ville,premium,F102,images/REF03360.jpg
REF03361,Article 3361,haut,M12,laine,sport,entree,F046,images/REF03361.jpg
REF03362,Article 3362,bas,M11,lin,ville,premium,F083,images/REF03362.jpg
REF03363,Article 3363,haut,M16,synthetique,sport,premium,F042,images/REF03363.jpg
REF03364,Article 3364,haut,M16,synthetique,soiree,milieu,F050,images/REF03364.jpg
REF03365,Article 3365,bas,M16,laine,sport,premium,F138,images/REF03365.jpg
REF03366,Article 3366,accessoire,M01,laine,sport,entree,F120,images/REF03366.jpg
REF03367,Article 3367,maison,M26,coton,ville,milieu,F068,images/REF03367.jpg
REF03368,Article 3368,bas,M02,laine,sport,entree,F127,images/REF03368.jpg
REF03369,Article 3369,haut,M24,laine,sport,premium,F051,images/REF03369.jpg
REF03370,Article 3370,bas,M37,synthetique,ville,entree,F026,images/REF03370.jpg
REF03371,Article 3371,bas,M25,coton,ville,milieu,F059,images/REF03371.jpg
REF03372,Article 3372,bas,M40,lin,soiree,entree,F058,images/REF03372.jpg
REF03373,Article 3373,haut,M02,lin,soiree,milieu,F008,images/REF03373.jpg
REF03374,Article 3374,haut,M18,synthetique,sport,premium,F123,images/REF03374.jpg
REF03375,Article 3375,haut,M33,lin,soiree,premium,F003,images/REF03375.jpg
REF03376,Article 3376,maison,M37,coton,ville,premium,F074,images/REF03376.jpg
REF03377,Article 3377,haut,M13,laine,soiree,entree,F139,images/REF03377.jpg
REF03378,Article 3378,haut,M09,laine,sport,milieu,F030,images/REF03378.jpg
REF03379,Article 3379,maison,M06,laine,sport,milieu,F014,images/REF03379.jpg
REF03380,Article 3380,bas,M17,laine,soiree,entree,F124,images/REF03380.jpg
REF03381,Article 3381,haut,M27,laine,ville,premium,F117,images/REF03381.jpg
REF03382,Article 3382,accessoire,M28,coton,soiree,entree,F038,images/REF03382.jpg
REF03383,Article 3383,haut,M13,laine,soiree,milieu,F064,images/REF03383.jpg
REF03384,Article 3384,bas,M12,laine,soiree,milieu,F058,images/REF03384.jpg
REF03385,Article 3385,haut,M10,synthetique,soiree,premium,F024,images/REF03385.jpg
REF03386,Article 3386,accessoire,M27,lin,soiree,entree,F069,images/REF03386.jpg
REF03387,Article 3387,maison,M15,coton,ville,premium,F033,images/REF03387.jpg
REF03388,Article 3388,bas,M25,synthetique,soiree,milieu,F088,images/REF03388.jpg
REF03389,Article 3389,accessoire,M05,laine,soiree,premium,F106,images/REF03389.jpg
REF03390,Article 3390,accessoire,M39,laine,sport,entree,F010,images/REF03390.jpg
REF03391,Article 3391,bas,M27,synthetique,sport,milieu,F078,images/REF03391.jpg
REF03392,Article 3392,bas,M33,coton,soiree,milieu,F093,images/REF03392.jpg
REF03393,Article 3393,accessoire,M03,synthetique,ville,premium,F033,images/REF03393.jpg
REF03394,Article 3394,bas,M14,laine,sport,milieu,F108,images/REF03394.jpg
REF03395,Article 3395,accessoire,M34,laine,soiree,milieu,F125,images/REF03395.jpg
REF03396,Article 3396,haut,M24,synthetique,soiree,premium,F004,images/REF03396.jpg
REF03397,Article 3397,bas,M24,synthetique,sport,milieu,F036,images/REF03397.jpg
REF03398,Article 3398,haut,M20,lin,ville,premium,F102,images/REF03398.jpg
REF03399,Article 3399,bas,M03,coton,soiree,premium,F063,images/REF03399.jpg
REF03400,Article 3400,accessoire,M21,synthetique,sport,premium,F029,images/REF03400.jpg
REF03401,Article 3401,accessoire,M27,synthetique,ville,entree,F071,images/REF03401.jpg
REF03402,Article 3402,maison,M22,coton,ville,premium,F131,images/REF03402.jpg
REF03403,Article 3403,haut,M28,synthetique,ville,premium,F001,images/REF03403.jpg
REF03404,Article 3404,maison,M19,synthetique,ville,premium,F014,images/REF03404.jpg
REF03405,Article 3405,bas,M02,laine,soiree,entree,F096,images/REF03405.jpg
REF03406,Article 3406,maison,M02,coton,ville,milieu,F135,images/REF03406.jpg
REF03407,Article 3407,haut,M38,synthetique,soiree,premium,F099,images/REF03407.jpg
REF03408,Article 3408,accessoire,M06,synthetique,sport,milieu,F023,images/REF03408.jpg
REF03409,Article 3409,maison,M14,laine,ville,entree,F039,images/REF03409.jpg
REF03410,Article 3410,accessoire,M10,coton,soiree,premium,F071,images/REF03410.jpg
REF03411,Article 3411,bas,M16,synthetique,sport,milieu,F010,images/REF03411.jpg
REF03412,Article 3412,accessoire,M39,lin,sport,entree,F072,images/REF03412.jpg
REF03413,Article 3413,maison,M27,laine,ville,premium,F007,images/REF03413.jpg
REF03414,Article 3414,accessoire,M38,lin,ville,entree,F139,images/REF03414.jpg
REF03415,Article 3415,accessoire,M37,lin,ville,milieu,F006,images/REF03415.jpg
REF03416,Article 3416,maison,M27,coton,soiree,milieu,F116,images/REF03416.jpg
REF03417,Article 3417,maison,M35,synthetique,sport,milieu,F033,images/REF03417.jpg
REF03418,Article 3418,bas,M37,lin,sport,premium,F071,images/REF03418.jpg
REF03419,Article 3419,bas,M02,coton,sport,entree,F052,images/REF03419.jpg
REF03420,Article 3420,bas,M32,coton,soiree,entree,F133,images/REF03420.jpg
REF03421,Article 3421,haut,M38,lin,ville,entree,F115,images/REF03421.jpg
REF03422,Article 3422,maison,M25,synthetique,ville,milieu,F076,images/REF03422.jpg
REF03423,Article 3423,haut,M09,synthetique,sport,milieu,F137,images/REF03423.jpg
REF03424,Article 3424,haut,M11,laine,ville,milieu,F104,images/REF03424.jpg
REF03425,Article 3425,accessoire,M20,laine,ville,entree,F121,images/REF03425.jpg
REF03426,Article 3426,haut,M08,lin,ville,entree,F082,images/REF03426.jpg
REF03427,Article 3427,accessoire,M12,coton,soiree,entree,F130,images/REF03427.jpg
REF03428,Article 3428,maison,M02,synthetique,soiree,premium,F006,images/REF03428.jpg
REF03429,Article 3429,accessoire,M12,lin,sport,premium,F079,images/REF03429.jpg
REF03430,Article 3430,haut,M38,laine,ville,milieu,F130,images/REF03430.jpg
REF03431,Article 3431,accessoire,M23,synthetique,soiree,premium,F069,images/REF03431.jpg
REF03432,Article 3432,maison,M14,laine,soiree,entree,F112,images/REF03432.jpg
REF03433,Article 3433,maison,M37,laine,sport,milieu,F099,images/REF03433.jpg
REF03434,Article 3434,maison,M40,synthetique,soiree,milieu,F140,images/REF03434.jpg
REF03435,Article 3435,haut,M31,coton,soiree,premium,F050,images/REF03435.jpg
REF03436,Article 3436,haut,M02,laine,soiree,entree,F108,images/REF03436.jpg
REF03437,Article 3437,accessoire,M02,lin,soiree,premium,F104,images/REF03437.jpg
REF03438,Article 3438,maison,M22,coton,ville,entree,F056,images/REF03438.jpg
REF03439,Article 3439,accessoire,M19,coton,sport,premium,F005,images/REF03439.jpg
REF03440,Article 3440,bas,M38,lin,sport,entree,F039,images/REF03440.jpg
REF03441,Article 3441,haut,M35,coton,soiree,entree,F137,images/REF03441.jpg
REF03442,Article 3442,bas,M03,coton,soiree,milieu,F014,images/REF03442.jpg
REF03443,Article 3443,maison,M29,lin,soiree,milieu,F101,images/REF03443.jpg
REF03444,Article 3444,maison,M40,lin,ville,milieu,F077,images/REF03444.jpg
REF03445,Article 3445,maison,M05,lin,soiree,entree,F067,images/REF03445.jpg
REF03446,Article 3446,maison,M31,laine,sport,entree,F077,images/REF03446.jpg
REF03447,Article 3447,accessoire,M14,coton,sport,premium,F003,images/REF03447.jpg
REF03448,Article 3448,maison,M12,laine,ville,entree,F070,images/REF03448.jpg
REF03449,Article 3449,maison,M05,laine,sport,entree,F031,images/REF03449.jpg
REF03450,Article 3450,bas,M40,lin,sport,milieu,F129,images/REF03450.jpg
REF03451,Article 3451,accessoire,M18,laine,soiree,milieu,F134,images/REF03451.jpg
REF03452,Article 3452,maison,M32,coton,soiree,milieu,F022,images/REF03452.jpg
REF03453,Article 3453,haut,M06,lin,ville,entree,F037,images/REF03453.jpg
REF03454,Article 3454,accessoire,M12,lin,ville,entree,F052,images/REF03454.jpg
REF03455,Article 3455,haut,M04,coton,soiree,entree,F140,images/REF03455.jpg
REF03456,Article 3456,maison,M37,synthetique,soiree,milieu,F018,images/REF03456.jpg
REF03457,Article 3457,bas,M26,coton,soiree,premium,F018,images/REF03457.jpg
REF03458,Article 3458,accessoire,M10,lin,ville,premium,F117,images/REF03458.jpg
REF03459,Article 3459,maison,M08,laine,sport,premium,F074,images/REF03459.jpg
REF03460,Article 3460,haut,M35,lin,soiree,premium,F077,images/REF03460.jpg
REF03461,Article 3461,accessoire,M08,synthetique,soiree,milieu,F023,images/REF03461.jpg
REF03462,Article 3462,maison,M34,coton,ville,milieu,F031,images/REF03462.jpg
REF03463,Article 3463,maison,M35,laine,sport,premium,F057,images/REF03463.jpg
REF03464,Article 3464,maison,M27,coton,soiree,milieu,F056,images/REF03464.jpg
REF03465,Article 3465,maison,M30,synthetique,soiree,premium,F018,images/REF03465.jpg
REF03466,Article 3466,maison,M22,lin,sport,milieu,F054,images/REF03466.jpg
REF03467,Article 3467,bas,M10,laine,soiree,entree,F130,images/REF03467.jpg
REF03468,Article 3468,accessoire,M13,synthetique,sport,premium,F012,images/REF03468.jpg
REF03469,Article 3469,haut,M05,lin,ville,milieu,F102,images/REF03469.jpg
REF03470,Article 3470,haut,M07,coton,sport,milieu,F023,images/REF03470.jpg
REF03471,Article 3471,haut,M10,synthetique,ville,milieu,F014,images/REF03471.jpg
REF03472,Article 3472,maison,M18,laine,soiree,milieu,F009,images/REF03472.jpg
REF03473,Article 3473,maison,M40,lin,sport,premium,F019,images/REF03473.jpg
REF03474,Article 3474,bas,M06,synthetique,soiree,premium,F069,images/REF03474.jpg
REF03475,Article 3475,haut,M40,synthetique,sport,entree,F031,images/REF03475.jpg
REF03476,Article 3476,haut,M22,coton,soiree,milieu,F066,images/REF03476.jpg
REF03477,Article 3477,maison,M33,coton,soiree,entree,F086,images/REF03477.jpg
REF03478,Article 3478,haut,M24,laine,ville,entree,F050,images/REF03478.jpg
REF03479,Article 3479,bas,M29,synthetique,soiree,entree,F014,images/REF03479.jpg
REF03480,Article 3480,haut,M30,laine,ville,milieu,F043,images/REF03480.jpg
REF03481,Article 3481,accessoire,M27,synthetique,sport,milieu,F010,images/REF03481.jpg
REF03482,Article 3482,maison,M16,laine,soiree,entree,F020,images/REF03482.jpg
REF03483,Article 3483,maison,M37,synthetique,soiree,entree,F045,images/REF03483.jpg
REF03484,Article 3484,haut,M18,synthetique,soiree,premium,F006,images/REF03484.jpg
REF03485,Article 3485,maison,M16,synthetique,ville,premium,F137,images/REF03485.jpg
REF03486,Article 3486,maison,M30,lin,sport,premium,F138,images/REF03486.jpg
REF03487,Article 3487,accessoire,M16,synthetique,soiree,premium,F123,images/REF03487.jpg
REF03488,Article 3488,haut,M15,coton,sport,premium,F001,images/REF03488.jpg
REF03489,Article 3489,accessoire,M40,coton,soiree,milieu,F091,images/REF03489.jpg
REF03490,Article 3490,accessoire,M04,laine,sport,milieu,F135,images/REF03490.jpg
REF03491,Article 3491,haut,M10,lin,ville,premium,F122,images/REF03491.jpg
REF03492,Article 3492,haut,M36,synthetique,soiree,premium,F110,images/REF03492.jpg
REF03493,Article 3493,haut,M06,laine,ville,milieu,F070,images/REF03493.jpg
REF03494,Article 3494,accessoire,M07,laine,ville,entree,F081,images/REF03494.jpg
REF03495,Article 3495,bas,M02,synthetique,soiree,milieu,F087,images/REF03495.jpg
REF03496,Article 3496,haut,M03,laine,ville,premium,F100,images/REF03496.jpg
REF03497,Article 3497,haut,M25,lin,soiree,entree,F085,images/REF03497.jpg
REF03498,Article 3498,maison,M10,lin,ville,premium,F097,images/REF03498.jpg
REF03499,Article 3499,maison,M29,coton,sport,premium,F113,images/REF03499.jpg
REF03500,Article 3500,haut,M34,synthetique,sport,milieu,F060,images/REF03500.jpg
REF03501,Article 3501,maison,M16,laine,sport,milieu,F056,images/REF03501.jpg
REF03502,Article 3502,bas,M31,lin,ville,milieu,F055,images/REF03502.jpg
REF03503,Article 3503,haut,M35,synthetique,ville,milieu,F087,images/REF03503.jpg
REF03504,Article 3504,accessoire,M05,lin,ville,entree,F098,images/REF03504.jpg
REF03505,Article 3505,haut,M30,coton,soiree,premium,F041,images/REF03505.jpg
REF03506,Article 3506,bas,M26,laine,soiree,milieu,F034,images/REF03506.jpg
REF03507,Article 3507,bas,M07,synthetique,ville,entree,F113,images/REF03507.jpg
REF03508,Article 3508,haut,M35,laine,ville,premium,F059,images/REF03508.jpg
REF03509,Article 3509,bas,M13,lin,sport,milieu,F064,images/REF03509.jpg
REF03510,Article 3510,bas,M38,lin,sport,premium,F098,images/REF03510.jpg
REF03511,Article 3511,haut,M22,lin,ville,milieu,F090,images/REF03511.jpg
REF03512,Article 3512,maison,M22,laine,ville,milieu,F049,images/REF03512.jpg
REF03513,Article 3513,maison,M23,lin,sport,entree,F010,images/REF03513.jpg
REF03514,Article 3514,haut,M35,coton,ville,milieu,F086,images/REF03514.jpg
REF03515,Article 3515,haut,M05,laine,soiree,milieu,F120,images/REF03515.jpg
REF03516,Article 3516,haut,M15,lin,soiree,entree,F117,images/REF03516.jpg
REF03517,Article 3517,accessoire,M35,lin,sport,premium,F025,images/REF03517.jpg
REF03518,Article 3518,maison,M02,laine,ville,milieu,F067,images/REF03518.jpg
REF03519,Article 3519,maison,M14,synthetique,soiree,entree,F140,images/REF03519.jpg
REF03520,Article 3520,maison,M07,synthetique,ville,entree,F134,images/REF03520.jpg
REF03521,Article 3521,accessoire,M06,laine,ville,milieu,F043,images/REF03521.jpg
REF03522,Article 3522,accessoire,M11,lin,soiree,entree,F061,images/REF03522.jpg
REF03523,Article 3523,bas,M01,synthetique,soiree,milieu,F019,images/REF03523.jpg
REF03524,Article 3524,bas,M02,lin,soiree,premium,F034,images/REF03524.jpg
REF03525,Article 3525,haut,M03,lin,sport,milieu,F100,images/REF03525.jpg
REF03526,Article 3526,maison,M39,coton,soiree,milieu,F126,images/REF03526.jpg
REF03527,Article 3527,maison,M03,laine,soiree,milieu,F007,images/REF03527.jpg
REF03528,Article 3528,bas,M40,lin,sport,entree,F019,images/REF03528.jpg
REF03529,Article 3529,haut,M23,synthetique,sport,entree,F130,images/REF03529.jpg
REF03530,Article 3530,haut,M36,synthetique,soiree,entree,F016,images/REF03530.jpg
REF03531,Article 3531,haut,M27,laine,sport,entree,F139,images/REF03531.jpg
REF03532,Article 3532,bas,M22,laine,soiree,premium,F025,images/REF03532.jpg
REF03533,Article 3533,maison,M10,lin,sport,entree,F124,images/REF03533.jpg
REF03534,Article 3534,accessoire,M18,laine,sport,premium,F099,images/REF03534.jpg
REF03535,Article 3535,maison,M09,coton,ville,entree,F098,images/REF03535.jpg
REF03536,Article 3536,accessoire,M14,laine,ville,milieu,F076,images/REF03536.jpg
REF03537,Article 3537,bas,M31,lin,soiree,entree,F029,images/REF03537.jpg
REF03538,Article 3538,maison,M23,lin,ville,premium,F002,images/REF03538.jpg
REF03539,Article 3539,bas,M22,coton,soiree,milieu,F014,images/REF03539.jpg
REF03540,Article 3540,haut,M06,laine,ville,milieu,F067,images/REF03540.jpg
REF03541,Article 3541,accessoire,M10,synthetique,sport,entree,F105,images/REF03541.jpg
REF03542,Article 3542,maison,M31,coton,soiree,milieu,F028,images/REF03542.jpg
REF03543,Article 3543,accessoire,M34,laine,soiree,entree,F057,images/REF03543.jpg
REF03544,Article 3544,accessoire,M14,laine,soiree,milieu,F045,images/REF03544.jpg
REF03545,Article 3545,bas,M23,synthetique,soiree,entree,F110,images/REF03545.jpg
REF03546,Article 3546,accessoire,M33,synthetique,ville,milieu,F016,images/REF03546.jpg
REF03547,Article 3547,haut,M17,coton,soiree,milieu,F078,images/REF03547.jpg
REF03548,Article 3548,bas,M05,lin,ville,premium,F001,images/REF03548.jpg
REF03549,Article 3549,accessoire,M26,laine,ville,entree,F127,images/REF03549.jpg
REF03550,Article 3550,bas,M12,laine,sport,milieu,F139,images/REF03550.jpg
REF03551,Article 3551,accessoire,M17,coton,ville,milieu,F066,images/REF03551.jpg
REF03552,Article 3552,bas,M34,coton,sport,milieu,F007,images/REF03552.jpg
REF03553,Article 3553,bas,M04,synthetique,sport,premium,F081,images/REF03553.jpg
REF03554,Article 3554,bas,M32,synthetique,ville,milieu,F084,images/REF03554.jpg
REF03555,Article 3555,accessoire,M31,lin,sport,premium,F026,images/REF03555.jpg
REF03556,Article 3556,bas,M27,lin,soiree,milieu,F092,images/REF03556.jpg
REF03557,Article 3557,maison,M02,lin,sport,entree,F051,images/REF03557.jpg
REF03558,Article 3558,accessoire,M23,synthetique,ville,premium,F016,images/REF03558.jpg
REF03559,Article 3559,haut,M01,laine,soiree,milieu,F028,images/REF03559.jpg
REF03560,Article 3560,maison,M40,synthetique,soiree,milieu,F040,images/REF03560.jpg
REF03561,Article 3561,maison,M38,synthetique,soiree,premium,F073,images/REF03561.jpg
REF03562,Article 3562,haut,M27,laine,soiree,milieu,F016,images/REF03562.jpg
REF03563,Article 3563,bas,M03,laine,soiree,premium,F006,images/REF03563.jpg
REF03564,Article 3564,bas,M13,coton,sport,premium,F085,images/REF03564.jpg
REF03565,Article 3565,haut,M35,synthetique,soiree,premium,F018,images/REF03565.jpg
REF03566,Article 3566,accessoire,M08,synthetique,soiree,premium,F128,images/REF03566.jpg
REF03567,Article 3567,maison,M12,coton,sport,premium,F033,images/REF03567.jpg
REF03568,Article 3568,maison,M18,lin,soiree,entree,F017,images/REF03568.jpg
REF03569,Article 3569,bas,M17,laine,sport,milieu,F031,images/REF03569.jpg
REF03570,Article 3570,accessoire,M38,laine,sport,milieu,F005,images/REF03570.jpg
REF03571,Article 3571,maison,M38,lin,ville,milieu,F066,images/REF03571.jpg
REF03572,Article 3572,accessoire,M07,lin,ville,milieu,F003,images/REF03572.jpg
REF03573,Article 3573,bas,M05,lin,soiree,premium,F095,images/REF03573.jpg
REF03574,Article 3574,accessoire,M35,coton,ville,entree,F018,images/REF03574.jpg
REF03575,Article 3575,accessoire,M11,laine,ville,entree,F092,images/REF03575.jpg
REF03576,Article 3576,bas,M31,lin,ville,premium,F005,images/REF03576.jpg
REF03577,Article 3577,haut,M05,synthetique,sport,entree,F125,images/REF03577.jpg
REF03578,Article 3578,maison,M07,lin,ville,entree,F095,images/REF03578.jpg
REF03579,Article 3579,accessoire,M09,laine,ville,milieu,F031,images/REF03579.jpg
REF03580,Article 3580,maison,M01,lin,sport,milieu,F119,images/REF03580.jpg
REF03581,Article 3581,accessoire,M25,laine,sport,premium,F009,images/REF03581.jpg
REF03582,Article 3582,accessoire,M03,lin,sport,milieu,F044,images/REF03582.jpg
REF03583,Article 3583,maison,M10,coton,ville,milieu,F052,images/REF03583.jpg
REF03584,Article 3584,haut,M21,lin,ville,milieu,F026,images/REF03584.jpg
REF03585,Article 3585,maison,M39,coton,soiree,entree,F015,images/REF03585.jpg
REF03586,Article 3586,bas,M11,coton,sport,milieu,F054,images/REF03586.jpg
REF03587,Article 3587,haut,M36,coton,ville,entree,F070,images/REF03587.jpg
REF03588,Article 3588,bas,M29,synthetique,soiree,milieu,F037,images/REF03588.jpg
REF03589,Article 3589,maison,M14,laine,soiree,milieu,F104,images/REF03589.jpg
REF03590,Article 3590,haut,M23,lin,ville,milieu,F022,images/REF03590.jpg
REF03591,Article 3591,accessoire,M36,laine,soiree,entree,F045,images/REF03591.jpg
REF03592,Article 3592,bas,M16,lin,soiree,premium,F098,images/REF03592.jpg
REF03593,Article 3593,bas,M12,synthetique,ville,milieu,F033,images/REF03593.jpg
REF03594,Article 3594,maison,M23,synthetique,soiree,milieu,F138,images/REF03594.jpg
REF03595,Article 3595,maison,M02,synthetique,ville,milieu,F117,images/REF03595.jpg
REF03596,Article 3596,bas,M29,lin,soiree,milieu,F126,images/REF03596.jpg
REF03597,Article 3597,accessoire,M10,coton,soiree,milieu,F101,images/REF03597.jpg
REF03598,Article 3598,bas,M29,coton,soiree,milieu,F028,images/REF03598.jpg
REF03599,Article 3599,maison,M03,laine,soiree,entree,F006,images/REF03599.jpg
REF03600,Article 3600,bas,M06,synthetique,soiree,entree,F137,images/REF03600.jpg
REF03601,Article 3601,haut,M25,laine,soiree,premium,F025,images/REF03601.jpg
REF03602,Article 3602,haut,M11,coton,sport,milieu,F107,images/REF03602.jpg
REF03603,Article 3603,accessoire,M35,laine,sport,entree,F025,images/REF03603.jpg
REF03604,Article 3604,accessoire,M09,coton,sport,milieu,F070,images/REF03604.jpg
REF03605,Article 3605,haut,M32,laine,ville,premium,F090,images/REF03605.jpg
REF03606,Article 3606,bas,M25,laine,soiree,entree,F023,images/REF03606.jpg
REF03607,Article 3607,maison,M39,lin,soiree,entree,F112,images/REF03607.jpg
REF03608,Article 3608,maison,M39,coton,soiree,milieu,F137,images/REF03608.jpg
REF03609,Article 3609,maison,M33,coton,sport,entree,F087,images/REF03609.jpg
REF03610,Article 3610,accessoire,M19,lin,ville,premium,F110,images/REF03610.jpg
REF03611,Article 3611,haut,M18,lin,sport,premium,F119,images/REF03611.jpg
REF03612,Article 3612,maison,M03,synthetique,sport,entree,F083,images/REF03612.jpg
REF03613,Article 3613,haut,M27,lin,sport,milieu,F099,images/REF03613.jpg
REF03614,Article 3614,maison,M16,lin,soiree,premium,F088,images/REF03614.jpg
REF03615,Article 3615,accessoire,M10,synthetique,ville,premium,F130,images/REF03615.jpg
REF03616,Article 3616,bas,M12,lin,ville,milieu,F128,images/REF03616.jpg
REF03617,Article 3617,maison,M16,synthetique,ville,entree,F107,images/REF03617.jpg
REF03618,Article 3618,haut,M19,lin,soiree,milieu,F022,images/REF03618.jpg
REF03619,Article 3619,accessoire,M18,lin,sport,milieu,F034,images/REF03619.jpg
REF03620,Article 3620,haut,M39,laine,soiree,entree,F031,images/REF03620.jpg
REF03621,Article 3621,maison,M18,lin,sport,entree,F073,images/REF03621.jpg
REF03622,Article 3622,haut,M39,lin,sport,premium,F058,images/REF03622.jpg
REF03623,Article 3623,bas,M27,synthetique,ville,entree,F004,images/REF03623.jpg
REF03624,Article 3624,accessoire,M23,coton,soiree,milieu,F123,images/REF03624.jpg
REF03625,Article 3625,bas,M33,lin,ville,milieu,F088,images/REF03625.jpg
REF03626,Article 3626,haut,M30,laine,sport,entree,F108,images/REF03626.jpg
REF03627,Article 3627,bas,M29,lin,ville,premium,F011,images/REF03627.jpg
REF03628,Article 3628,accessoire,M01,laine,ville,milieu,F021,images/REF03628.jpg
REF03629,Article 3629,accessoire,M23,coton,soiree,milieu,F057,images/REF03629.jpg
REF03630,Article 3630,bas,M24,synthetique,sport,entree,F116,images/REF03630.jpg
REF03631,Article 3631,accessoire,M25,lin,soiree,premium,F094,images/REF03631.jpg
REF03632,Article 3632,bas,M25,lin,ville,entree,F008,images/REF03632.jpg
REF03633,Article 3633,accessoire,M07,lin,soiree,milieu,F072,images/REF03633.jpg
REF03634,Article 3634,maison,M34,coton,sport,entree,F054,images/REF03634.jpg
REF03635,Article 3635,haut,M37,coton,ville,premium,F105,images/REF03635.jpg
REF03636,Article 3636,bas,M18,laine,ville,premium,F035,images/REF03636.jpg
REF03637,Article 3637,haut,M38,synthetique,ville,entree,F034,images/REF03637.jpg
REF03638,Article 3638,haut,M17,lin,ville,premium,F120,images/REF03638.jpg
REF03639,Article 3639,accessoire,M03,lin,ville,milieu,F014,images/REF03639.jpg
REF03640,Article 3640,bas,M35,laine,sport,milieu,F012,images/REF03640.jpg
REF03641,Article 3641,haut,M04,synthetique,ville,premium,F088,images/REF03641.jpg
REF03642,Article 3642,maison,M06,coton,soiree,entree,F110,images/REF03642.jpg
REF03643,Article 3643,accessoire,M21,laine,sport,premium,F060,images/REF03643.jpg
REF03644,Article 3644,accessoire,M39,coton,soiree,milieu,F018,images/REF03644.jpg
REF03645,Article 3645,bas,M25,coton,soiree,premium,F053,images/REF03645.jpg
REF03646,Article 3646,bas,M29,lin,sport,entree,F093,images/REF03646.jpg
REF03647,Article 3647,haut,M06,lin,ville,milieu,F074,images/REF03647.jpg
REF03648,Article 3648,haut,M35,laine,sport,entree,F059,images/REF03648.jpg
REF03649,Article 3649,accessoire,M36,laine,ville,entree,F046,images/REF03649.jpg
REF03650,Article 3650,haut,M36,laine,soiree,milieu,F104,images/REF03650.jpg
REF03651,Article 3651,bas,M10,laine,ville,premium,F051,images/REF03651.jpg
REF03652,Article 3652,bas,M16,lin,sport,milieu,F056,images/REF03652.jpg
REF03653,Article 3653,maison,M08,synthetique,ville,premium,F020,images/REF03653.jpg
REF03654,Article 3654,accessoire,M38,laine,sport,premium,F090,images/REF03654.jpg
REF03655,Article 3655,bas,M09,synthetique,ville,entree,F106,images/REF03655.jpg
REF03656,Article 3656,bas,M29,synthetique,soiree,entree,F114,images/REF03656.jpg
REF03657,Article 3657,bas,M36,lin,soiree,entree,F138,images/REF03657.jpg
REF03658,Article 3658,maison,M26,lin,sport,entree,F091,images/REF03658.jpg
REF03659,Article 3659,maison,M13,laine,sport,milieu,F023,images/REF03659.jpg
REF03660,Article 3660,maison,M06,coton,ville,premium,F023,images/REF03660.jpg
REF03661,Article 3661,haut,M10,laine,ville,milieu,F078,images/REF03661.jpg
REF03662,Article 3662,accessoire,M20,lin,sport,premium,F036,images/REF03662.jpg
REF03663,Article 3663,bas,M13,lin,sport,entree,F052,images/REF03663.jpg
REF03664,Article 3664,bas,M23,coton,sport,entree,F084,images/REF03664.jpg
REF03665,Article 3665,haut,M40,laine,soiree,premium,F051,images/REF03665.jpg
REF03666,Article 3666,maison,M06,lin,sport,milieu,F136,images/REF03666.jpg
REF03667,Article 3667,maison,M21,coton,ville,milieu,F083,images/REF03667.jpg
REF03668,Article 3668,haut,M14,coton,sport,premium,F008,images/REF03668.jpg
REF03669,Article 3669,accessoire,M01,synthetique,ville,premium,F057,images/REF03669.jpg
REF03670,Article 3670,maison,M20,synthetique,soiree,premium,F004,images/REF03670.jpg
REF03671,Article 3671,maison,M39,laine,soiree,premium,F122,images/REF03671.jpg
REF03672,Article 3672,maison,M09,synthetique,ville,premium,F022,images/REF03672.jpg
REF03673,Article 3673,bas,M06,laine,soiree,entree,F044,images/REF03673.jpg
REF03674,Article 3674,maison,M10,synthetique,soiree,premium,F017,images/REF03674.jpg
REF03675,Article 3675,bas,M39,synthetique,sport,premium,F020,images/REF03675.jpg
REF03676,Article 3676,haut,M16,coton,soiree,entree,F066,images/REF03676.jpg
REF03677,Article 3677,maison,M35,coton,sport,premium,F103,images/REF03677.jpg
REF03678,Article 3678,accessoire,M06,synthetique,sport,milieu,F054,images/REF03678.jpg
REF03679,Article 3679,bas,M34,synthetique,soiree,premium,F010,images/REF03679.jpg
REF03680,Article 3680,maison,M13,synthetique,sport,entree,F028,images/REF03680.jpg
REF03681,Article 3681,maison,M26,synthetique,sport,milieu,F014,images/REF03681.jpg
REF03682,Article 3682,bas,M16,laine,sport,premium,F094,images/REF03682.jpg
REF03683,Article 3683,haut,M08,lin,soiree,milieu,F124,images/REF03683.jpg
REF03684,Article 3684,maison,M11,lin,ville,premium,F098,images/REF03684.jpg
REF03685,Article 3685,maison,M37,synthetique,soiree,milieu,F102,images/REF03685.jpg
REF03686,Article 3686,haut,M09,synthetique,soiree,entree,F090,images/REF03686.jpg
REF03687,Article 3687,bas,M14,laine,sport,premium,F100,images/REF03687.jpg
REF03688,Article 3688,accessoire,M17,lin,sport,milieu,F046,images/REF03688.jpg
REF03689,Article 3689,accessoire,M11,lin,sport,premium,F087,images/REF03689.jpg
REF03690,Article 3690,accessoire,M27,synthetique,ville,milieu,F022,images/REF03690.jpg
REF03691,Article 3691,haut,M14,lin,soiree,premium,F085,images/REF03691.jpg
REF03692,Article 3692,maison,M03,coton,soiree,premium,F128,images/REF03692.jpg
REF03693,Article 3693,haut,M11,lin,ville,entree,F011,images/REF03693.jpg
REF03694,Article 3694,bas,M14,laine,soiree,premium,F084,images/REF03694.jpg
REF03695,Article 3695,bas,M37,synthetique,soiree,milieu,F010,images/REF03695.jpg
REF03696,Article 3696,bas,M12,lin,ville,premium,F034,images/REF03696.jpg
REF03697,Article 3697,maison,M12,coton,ville,milieu,F131,images/REF03697.jpg
REF03698,Article 3698,accessoire,M24,lin,ville,entree,F068,images/REF03698.jpg
REF03699,Article 3699,haut,M31,laine,ville,entree,F124,images/REF03699.jpg
REF03700,Article 3700,haut,M04,coton,ville,entree,F119,images/REF03700.jpg
REF03701,Article 3701,accessoire,M07,laine,soiree,premium,F035,images/REF03701.jpg
REF03702,Article 3702,bas,M05,coton,sport,entree,F018,images/REF03702.jpg
REF03703,Article 3703,haut,M39,synthetique,soiree,milieu,F127,images/REF03703.jpg
REF03704,Article 3704,bas,M38,lin,ville,milieu,F025,images/REF03704.jpg
REF03705,Article 3705,bas,M15,synthetique,sport,premium,F084,images/REF03705.jpg
REF03706,Article 3706,maison,M22,lin,sport,entree,F050,images/REF03706.jpg
REF03707,Article 3707,bas,M17,lin,sport,premium,F140,images/REF03707.jpg
REF03708,Article 3708,bas,M24,coton,ville,premium,F005,images/REF03708.jpg
REF03709,Article 3709,accessoire,M10,synthetique,ville,milieu,F140,images/REF03709.jpg
REF03710,Article 3710,accessoire,M07,laine,soiree,milieu,F033,images/REF03710.jpg
REF03711,Article 3711,accessoire,M24,lin,sport,milieu,F069,images/REF03711.jpg
REF03712,Article 3712,accessoire,M01,laine,sport,entree,F017,images/REF03712.jpg
REF03713,Article 3713,maison,M03,laine,sport,entree,F076,images/REF03713.jpg
REF03714,Article 3714,accessoire,M04,coton,ville,premium,F102,images/REF03714.jpg
REF03715,Article 3715,maison,M37,synthetique,soiree,entree,F063,images/REF03715.jpg
REF03716,Article 3716,maison,M02,lin,ville,entree,F069,images/REF03716.jpg
REF03717,Article 3717,maison,M03,coton,sport,premium,F092,images/REF03717.jpg
REF03718,Article 3718,bas,M15,coton,soiree,premium,F084,images/REF03718.jpg
REF03719,Article 3719,bas,M01,laine,ville,milieu,F012,images/REF03719.jpg
REF03720,Article 3720,accessoire,M10,lin,sport,premium,F080,images/REF03720.jpg
REF03721,Article 3721,accessoire,M24,coton,soiree,entree,F094,images/REF03721.jpg
REF03722,Article 3722,haut,M39,coton,soiree,premium,F102,images/REF03722.jpg
REF03723,Article 3723,accessoire,M39,laine,sport,premium,F039,images/REF03723.jpg
REF03724,Article 3724,haut,M02,laine,soiree,milieu,F105,images/REF03724.jpg
REF03725,Article 3725,accessoire,M37,lin,soiree,milieu,F060,images/REF03725.jpg
REF03726,Article 3726,haut,M01,coton,ville,entree,F051,images/REF03726.jpg
REF03727,Article 3727,accessoire,M24,lin,soiree,entree,F033,images/REF03727.jpg
REF03728,Article 3728,haut,M04,laine,ville,premium,F035,images/REF03728.jpg
REF03729,Article 3729,bas,M35,synthetique,soiree,entree,F013,images/REF03729.jpg
REF03730,Article 3730,accessoire,M01,laine,ville,premium,F058,images/REF03730.jpg
REF03731,Article 3731,maison,M35,laine,ville,entree,F025,images/REF03731.jpg
REF03732,Article 3732,haut,M20,laine,sport,entree,F080,images/REF03732.jpg
REF03733,Article 3733,maison,M05,lin,sport,entree,F011,images/REF03733.jpg
REF03734,Article 3734,accessoire,M17,laine,soiree,premium,F028,images/REF03734.jpg
REF03735,Article 3735,accessoire,M11,synthetique,ville,premium,F019,images/REF03735.jpg
REF03736,Article 3736,maison,M13,laine,soiree,premium,F081,images/REF03736.jpg
REF03737,Article 3737,accessoire,M02,synthetique,soiree,milieu,F066,images/REF03737.jpg
REF03738,Article 3738,haut,M39,synthetique,ville,entree,F127,images/REF03738.jpg
REF03739,Article 3739,maison,M25,synthetique,soiree,entree,F111,images/REF03739.jpg
REF03740,Article 3740,haut,M30,laine,soiree,entree,F131,images/REF03740.jpg
REF03741,Article 3741,accessoire,M17,lin,ville,entree,F076,images/REF03741.jpg
REF03742,Article 3742,bas,M08,coton,sport,entree,F098,images/REF03742.jpg
REF03743,Article 3743,bas,M23,laine,sport,entree,F070,images/REF03743.jpg
REF03744,Article 3744,haut,M04,laine,soiree,premium,F081,images/REF03744.jpg
REF03745,Article 3745,bas,M25,laine,ville,entree,F116,images/REF03745.jpg
REF03746,Article 3746,haut,M36,laine,ville,premium,F122,images/REF03746.jpg
REF03747,Article 3747,bas,M13,coton,soiree,milieu,F114,images/REF03747.jpg
REF03748,Article 3748,accessoire,M35,laine,sport,entree,F057,images/REF03748.jpg
REF03749,Article 3749,maison,M05,laine,ville,milieu,F016,images/REF03749.jpg
REF03750,Article 3750,bas,M04,laine,ville,entree,F087,images/REF03750.jpg
REF03751,Article 3751,bas,M07,synthetique,ville,premium,F087,images/REF03751.jpg
REF03752,Article 3752,maison,M34,lin,soiree,premium,F051,images/REF03752.jpg
REF03753,Article 3753,maison,M22,coton,soiree,premium,F073,images/REF03753.jpg
REF03754,Article 3754,accessoire,M25,laine,sport,milieu,F101,images/REF03754.jpg
REF03755,Article 3755,bas,M05,laine,ville,milieu,F052,images/REF03755.jpg
REF03756,Article 3756,maison,M32,synthetique,soiree,milieu,F132,images/REF03756.jpg
REF03757,Article 3757,accessoire,M29,synthetique,ville,milieu,F009,images/REF03757.jpg
REF03758,Article 3758,bas,M30,coton,soiree,entree,F098,images/REF03758.jpg
REF03759,Article 3759,haut,M40,lin,sport,premium,F122,images/REF03759.jpg
REF03760,Article 3760,bas,M13,synthetique,sport,entree,F124,images/REF03760.jpg
REF03761,Article 3761,maison,M03,laine,ville,milieu,F119,images/REF03761.jpg
REF03762,Article 3762,maison,M35,coton,sport,premium,F084,images/REF03762.jpg
REF03763,Article 3763,accessoire,M05,laine,ville,premium,F046,images/REF03763.jpg
REF03764,Article 3764,accessoire,M02,laine,soiree,premium,F002,images/REF03764.jpg
REF03765,Article 3765,bas,M32,lin,ville,entree,F081,images/REF03765.jpg
REF03766,Article 3766,maison,M38,lin,sport,milieu,F039,images/REF03766.jpg
REF03767,Article 3767,maison,M35,synthetique,ville,entree,F087,images/REF03767.jpg
REF03768,Article 3768,bas,M03,coton,soiree,premium,F138,images/REF03768.jpg
REF03769,Article 3769,maison,M35,lin,sport,milieu,F004,images/REF03769.jpg
REF03770,Article 3770,haut,M27,laine,sport,milieu,F054,images/REF03770.jpg
REF03771,Article 3771,accessoire,M32,coton,ville,entree,F082,images/REF03771.jpg
REF03772,Article 3772,accessoire,M19,coton,soiree,entree,F059,images/REF03772.jpg
REF03773,Article 3773,maison,M07,laine,ville,premium,F011,images/REF03773.jpg
REF03774,Article 3774,haut,M26,coton,sport,milieu,F100,images/REF03774.jpg
REF03775,Article 3775,bas,M18,laine,soiree,premium,F132,images/REF03775.jpg
REF03776,Article 3776,haut,M38,coton,ville,premium,F042,images/REF03776.jpg
REF03777,Article 3777,haut,M40,synthetique,sport,milieu,F135,images/REF03777.jpg
REF03778,Article 3778,bas,M30,synthetique,soiree,premium,F140,images/REF03778.jpg
REF03779,Article 3779,maison,M15,coton,sport,entree,F002,images/REF03779.jpg
REF03780,Article 3780,accessoire,M20,synthetique,soiree,entree,F058,images/REF03780.jpg
REF03781,Article 3781,accessoire,M29,laine,soiree,milieu,F011,images/REF03781.jpg
REF03782,Article 3782,bas,M28,coton,soiree,entree,F114,images/REF03782.jpg
REF03783,Article 3783,accessoire,M16,laine,soiree,premium,F071,images/REF03783.jpg
REF03784,Article 3784,maison,M15,lin,soiree,milieu,F037,images/REF03784.jpg
REF03785,Article 3785,maison,M21,synthetique,soiree,milieu,F059,images/REF03785.jpg
REF03786,Article 3786,bas,M06,synthetique,ville,premium,F051,images/REF03786.jpg
REF03787,Article 3787,bas,M21,laine,soiree,milieu,F064,images/REF03787.jpg
REF03788,Article 3788,bas,M06,lin,sport,milieu,F028,images/REF03788.jpg
REF03789,Article 3789,accessoire,M08,coton,soiree,premium,F058,images/REF03789.jpg
REF03790,Article 3790,accessoire,M11,laine,soiree,milieu,F065,images/REF03790.jpg
REF03791,Article 3791,maison,M38,laine,sport,milieu,F041,images/REF03791.jpg
REF03792,Article 3792,accessoire,M37,laine,sport,premium,F041,images/REF03792.jpg
REF03793,Article 3793,accessoire,M36,laine,ville,entree,F020,images/REF03793.jpg
REF03794,Article 3794,haut,M18,lin,soiree,premium,F057,images/REF03794.jpg
REF03795,Article 3795,haut,M30,laine,soiree,premium,F121,images/REF03795.jpg
REF03796,Article 3796,accessoire,M28,synthetique,sport,entree,F005,images/REF03796.jpg
REF03797,Article 3797,maison,M11,synthetique,sport,premium,F137,images/REF03797.jpg
REF03798,Article 3798,haut,M14,laine,ville,entree,F023,images/REF03798.jpg
REF03799,Article 3799,accessoire,M34,laine,ville,entree,F110,images/REF03799.jpg
REF03800,Article 3800,maison,M34,synthetique,ville,entree,F043,images/REF03800.jpg
REF03801,Article 3801,maison,M15,synthetique,sport,premium,F022,images/REF03801.jpg
REF03802,Article 3802,accessoire,M26,lin,ville,milieu,F034,images/REF03802.jpg
REF03803,Article 3803,maison,M01,synthetique,sport,premium,F090,images/REF03803.jpg
REF03804,Article 3804,haut,M11,synthetique,ville,entree,F063,images/REF03804.jpg
REF03805,Article 3805,bas,M37,synthetique,ville,premium,F048,images/REF03805.jpg
REF03806,Article 3806,haut,M03,synthetique,soiree,entree,F059,images/REF03806.jpg
REF03807,Article 3807,accessoire,M35,synthetique,soiree,entree,F036,images/REF03807.jpg
REF03808,Article 3808,haut,M31,synthetique,soiree,premium,F079,images/REF03808.jpg
REF03809,Article 3809,bas,M29,coton,ville,milieu,F020,images/REF03809.jpg
REF03810,Article 3810,bas,M08,lin,sport,milieu,F086,images/REF03810.jpg
REF03811,Article 3811,maison,M09,lin,sport,milieu,F056,images/REF03811.jpg
REF03812,Article 3812,accessoire,M31,coton,sport,entree,F084,images/REF03812.jpg
REF03813,Article 3813,haut,M01,lin,sport,milieu,F012,images/REF03813.jpg
REF03814,Article 3814,accessoire,M06,synthetique,soiree,premium,F136,images/REF03814.jpg
REF03815,Article 3815,maison,M14,lin,sport,premium,F045,images/REF03815.jpg
REF03816,Article 3816,accessoire,M33,laine,soiree,entree,F043,images/REF03816.jpg
REF03817,Article 3817,maison,M37,laine,sport,entree,F007,images/REF03817.jpg
REF03818,Article 3818,bas,M28,synthetique,ville,premium,F092,images/REF03818.jpg
REF03819,Article 3819,bas,M20,laine,ville,entree,F140,images/REF03819.jpg
REF03820,Article 3820,accessoire,M08,synthetique,ville,premium,F073,images/REF03820.jpg
REF03821,Article 3821,maison,M17,laine,soiree,premium,F133,images/REF03821.jpg
REF03822,Article 3822,accessoire,M18,laine,sport,milieu,F114,images/REF03822.jpg
REF03823,Article 3823,bas,M32,lin,sport,premium,F126,images/REF03823.jpg
REF03824,Article 3824,bas,M27,synthetique,soiree,milieu,F107,images/REF03824.jpg
REF03825,Article 3825,bas,M24,coton,ville,premium,F089,images/REF03825.jpg
REF03826,Article 3826,haut,M08,coton,ville,entree,F069,images/REF03826.jpg
REF03827,Article 3827,maison,M11,synthetique,sport,entree,F078,images/REF03827.jpg
REF03828,Article 3828,bas,M08,lin,ville,entree,F073,images/REF03828.jpg
REF03829,Article 3829,maison,M29,lin,soiree,milieu,F110,images/REF03829.jpg
REF03830,Article 3830,accessoire,M08,laine,ville,premium,F006,images/REF03830.jpg
REF03831,Article 3831,maison,M17,coton,ville,premium,F132,images/REF03831.jpg
REF03832,Article 3832,haut,M03,laine,soiree,milieu,F039,images/REF03832.jpg
REF03833,Article 3833,bas,M17,synthetique,ville,premium,F055,images/REF03833.jpg
REF03834,Article 3834,accessoire,M39,lin,sport,milieu,F098,images/REF03834.jpg
REF03835,Article 3835,maison,M25,synthetique,soiree,milieu,F020,images/REF03835.jpg
REF03836,Article 3836,haut,M09,synthetique,sport,milieu,F011,images/REF03836.jpg
REF03837,Article 3837,bas,M05,laine,ville,entree,F087,images/REF03837.jpg
REF03838,Article 3838,haut,M22,coton,sport,premium,F010,images/REF03838.jpg
REF03839,Article 3839,maison,M19,laine,ville,milieu,F044,images/REF03839.jpg
REF03840,Article 3840,accessoire,M08,laine,sport,entree,F078,images/REF03840.jpg
REF03841,Article 3841,bas,M01,synthetique,ville,premium,F072,images/REF03841.jpg
REF03842,Article 3842,maison,M11,laine,sport,premium,F091,images/REF03842.jpg
REF03843,Article 3843,accessoire,M07,synthetique,soiree,entree,F005,images/REF03843.jpg
REF03844,Article 3844,maison,M36,lin,soiree,entree,F126,images/REF03844.jpg
REF03845,Article 3845,accessoire,M31,laine,ville,premium,F006,images/REF03845.jpg
REF03846,Article 3846,accessoire,M08,synthetique,sport,entree,F074,images/REF03846.jpg
REF03847,Article 3847,maison,M12,synthetique,sport,premium,F089,images/REF03847.jpg
REF03848,Article 3848,bas,M03,laine,soiree,premium,F112,images/REF03848.jpg
REF03849,Article 3849,bas,M36,coton,soiree,milieu,F130,images/REF03849.jpg
REF03850,Article 3850,maison,M34,coton,sport,premium,F018,images/REF03850.jpg
REF03851,Article 3851,bas,M05,lin,ville,milieu,F106,images/REF03851.jpg
REF03852,Article 3852,accessoire,M21,coton,ville,entree,F129,images/REF03852.jpg
REF03853,Article 3853,haut,M40,lin,soiree,entree,F113,images/REF03853.jpg
REF03854,Article 3854,maison,M18,synthetique,ville,milieu,F075,images/REF03854.jpg
REF03855,Article 3855,haut,M19,laine,soiree,milieu,F003,images/REF03855.jpg
REF03856,Article 3856,maison,M38,synthetique,soiree,milieu,F066,images/REF03856.jpg
REF03857,Article 3857,maison,M37,laine,sport,entree,F002,images/REF03857.jpg
REF03858,Article 3858,haut,M15,synthetique,sport,milieu,F089,images/REF03858.jpg
REF03859,Article 3859,bas,M10,coton,sport,entree,F061,images/REF03859.jpg
REF03860,Article 3860,maison,M32,laine,ville,entree,F021,images/REF03860.jpg
REF03861,Article 3861,haut,M22,lin,sport,entree,F093,images/REF03861.jpg
REF03862,Article 3862,haut,M17,coton,soiree,entree,F112,images/REF03862.jpg
REF03863,Article 3863,accessoire,M08,coton,ville,entree,F116,images/REF03863.jpg
REF03864,Article 3864,accessoire,M18,lin,soiree,premium,F131,images/REF03864.jpg
REF03865,Article 3865,bas,M07,laine,ville,premium,F052,images/REF03865.jpg
REF03866,Article 3866,bas,M30,lin,soiree,milieu,F012,images/REF03866.jpg
REF03867,Article 3867,bas,M32,laine,sport,entree,F016,images/REF03867.jpg
REF03868,Article 3868,haut,M16,lin,soiree,premium,F074,images/REF03868.jpg
REF03869,Article 3869,haut,M20,lin,sport,milieu,F138,images/REF03869.jpg
REF03870,Article 3870,accessoire,M02,coton,sport,milieu,F091,images/REF03870.jpg
REF03871,Article 3871,maison,M06,lin,sport,milieu,F099,images/REF03871.jpg
REF03872,Article 3872,haut,M11,synthetique,soiree,entree,F066,images/REF03872.jpg
REF03873,Article 3873,haut,M08,coton,soiree,premium,F090,images/REF03873.jpg
REF03874,Article 3874,maison,M35,laine,soiree,milieu,F035,images/REF03874.jpg
REF03875,Article 3875,haut,M37,coton,ville,entree,F041,images/REF03875.jpg
REF03876,Article 3876,bas,M13,lin,ville,premium,F043,images/REF03876.jpg
REF03877,Article 3877,bas,M02,lin,sport,milieu,F015,images/REF03877.jpg
REF03878,Article 3878,bas,M25,lin,soiree,milieu,F068,images/REF03878.jpg
REF03879,Article 3879,bas,M12,laine,soiree,milieu,F043,images/REF03879.jpg
REF03880,Article 3880,haut,M25,synthetique,sport,milieu,F016,images/REF03880.jpg
REF03881,Article 3881,bas,M14,coton,ville,premium,F101,images/REF03881.jpg
REF03882,Article 3882,accessoire,M32,synthetique,soiree,milieu,F017,images/REF03882.jpg
REF03883,Article 3883,maison,M02,coton,soiree,entree,F058,images/REF03883.jpg
REF03884,Article 3884,accessoire,M16,coton,sport,premium,F139,images/REF03884.jpg
REF03885,Article 3885,accessoire,M34,coton,sport,premium,F089,images/REF03885.jpg
REF03886,Article 3886,maison,M27,coton,ville,premium,F117,images/REF03886.jpg
REF03887,Article 3887,accessoire,M07,laine,soiree,milieu,F100,images/REF03887.jpg
REF03888,Article 3888,bas,M15,lin,sport,entree,F056,images/REF03888.jpg
REF03889,Article 3889,accessoire,M15,synthetique,soiree,premium,F067,images/REF03889.jpg
REF03890,Article 3890,maison,M11,lin,soiree,premium,F098,images/REF03890.jpg
REF03891,Article 3891,accessoire,M24,laine,sport,milieu,F079,images/REF03891.jpg
REF03892,Article 3892,haut,M03,synthetique,sport,premium,F007,images/REF03892.jpg
REF03893,Article 3893,accessoire,M03,synthetique,sport,milieu,F135,images/REF03893.jpg
REF03894,Article 3894,maison,M33,coton,sport,premium,F035,images/REF03894.jpg
REF03895,Article 3895,bas,M30,coton,soiree,premium,F010,images/REF03895.jpg
REF03896,Article 3896,maison,M04,laine,soiree,entree,F068,images/REF03896.jpg
REF03897,Article 3897,accessoire,M16,lin,sport,milieu,F092,images/REF03897.jpg
REF03898,Article 3898,haut,M16,lin,sport,milieu,F019,images/REF03898.jpg
REF03899,Article 3899,haut,M03,coton,sport,premium,F116,images/REF03899.jpg
REF03900,Article 3900,maison,M26,coton,sport,premium,F076,images/REF03900.jpg
REF03901,Article 3901,maison,M18,synthetique,ville,milieu,F030,images/REF03901.jpg
REF03902,Article 3902,haut,M11,lin,soiree,milieu,F112,images/REF03902.jpg
REF03903,Article 3903,haut,M24,synthetique,soiree,entree,F122,images/REF03903.jpg
REF03904,Article 3904,maison,M21,coton,sport,entree,F007,images/REF03904.jpg
REF03905,Article 3905,accessoire,M10,synthetique,soiree,milieu,F121,images/REF03905.jpg
REF03906,Article 3906,haut,M34,laine,ville,milieu,F019,images/REF03906.jpg
REF03907,Article 3907,maison,M29,lin,ville,premium,F082,images/REF03907.jpg
REF03908,Article 3908,accessoire,M30,lin,ville,milieu,F008,images/REF03908.jpg
REF03909,Article 3909,maison,M04,synthetique,ville,entree,F045,images/REF03909.jpg
REF03910,Article 3910,maison,M14,laine,ville,premium,F103,images/REF03910.jpg
REF03911,Article 3911,haut,M22,laine,soiree,premium,F003,images/REF03911.jpg
REF03912,Article 3912,haut,M37,coton,soiree,milieu,F056,images/REF03912.jpg
REF03913,Article 3913,accessoire,M09,lin,sport,milieu,F074,images/REF03913.jpg
REF03914,Article 3914,bas,M35,synthetique,sport,premium,F105,images/REF03914.jpg
REF03915,Article 3915,maison,M11,coton,sport,milieu,F077,images/REF03915.jpg
REF03916,Article 3916,maison,M33,synthetique,sport,milieu,F008,images/REF03916.jpg
REF03917,Article 3917,bas,M02,coton,sport,premium,F060,images/REF03917.jpg
REF03918,Article 3918,bas,M09,coton,soiree,milieu,F002,images/REF03918.jpg
REF03919,Article 3919,bas,M01,laine,sport,milieu,F080,images/REF03919.jpg
REF03920,Article 3920,haut,M16,coton,ville,milieu,F096,images/REF03920.jpg
REF03921,Article 3921,accessoire,M18,coton,soiree,premium,F107,images/REF03921.jpg
REF03922,Article 3922,haut,M40,laine,sport,premium,F092,images/REF03922.jpg
REF03923,Article 3923,haut,M26,coton,ville,entree,F074,images/REF03923.jpg
REF03924,Article 3924,haut,M24,laine,sport,premium,F064,images/REF03924.jpg
REF03925,Article 3925,maison,M24,laine,ville,milieu,F097,images/REF03925.jpg
REF03926,Article 3926,haut,M10,lin,ville,entree,F128,images/REF03926.jpg
REF03927,Article 3927,haut,M14,laine,sport,milieu,F103,images/REF03927.jpg
REF03928,Article 3928,bas,M18,laine,ville,milieu,F017,images/REF03928.jpg
REF03929,Article 3929,haut,M20,lin,soiree,milieu,F065,images/REF03929.jpg
REF03930,Article 3930,maison,M15,lin,sport,entree,F113,images/REF03930.jpg
REF03931,Article 3931,maison,M07,coton,soiree,premium,F077,images/REF03931.jpg
REF03932,Article 3932,bas,M23,coton,sport,milieu,F035,images/REF03932.jpg
REF03933,Article 3933,haut,M39,laine,sport,premium,F047,images/REF03933.jpg
REF03934,Article 3934,haut,M13,synthetique,sport,entree,F010,images/REF03934.jpg
REF03935,Article 3935,bas,M01,lin,soiree,milieu,F001,images/REF03935.jpg
REF03936,Article 3936,bas,M38,laine,soiree,milieu,F038,images/REF03936.jpg
REF03937,Article 3937,accessoire,M19,coton,soiree,entree,F044,images/REF03937.jpg
REF03938,Article 3938,bas,M20,synthetique,sport,premium,F045,images/REF03938.jpg
REF03939,Article 3939,haut,M36,coton,sport,entree,F002,images/REF03939.jpg
REF03940,Article 3940,bas,M20,synthetique,ville,milieu,F085,images/REF03940.jpg
REF03941,Article 3941,accessoire,M23,laine,sport,entree,F071,images/REF03941.jpg
REF03942,Article 3942,accessoire,M02,laine,ville,entree,F059,images/REF03942.jpg
REF03943,Article 3943,haut,M01,laine,sport,premium,F076,images/REF03943.jpg
REF03944,Article 3944,accessoire,M10,synthetique,ville,milieu,F127,images/REF03944.jpg
REF03945,Article 3945,haut,M36,coton,ville,entree,F025,images/REF03945.jpg
REF03946,Article 3946,accessoire,M09,lin,soiree,entree,F079,images/REF03946.jpg
REF03947,Article 3947,maison,M37,synthetique,ville,premium,F100,images/REF03947.jpg
REF03948,Article 3948,accessoire,M17,laine,sport,milieu,F122,images/REF03948.jpg
REF03949,Article 3949,maison,M21,laine,soiree,milieu,F112,images/REF03949.jpg
REF03950,Article 3950,haut,M03,coton,sport,premium,F055,images/REF03950.jpg
REF03951,Article 3951,bas,M12,lin,ville,entree,F130,images/REF03951.jpg
REF03952,Article 3952,maison,M13,coton,ville,milieu,F128,images/REF03952.jpg
REF03953,Article 3953,maison,M14,laine,sport,entree,F080,images/REF03953.jpg
REF03954,Article 3954,maison,M34,coton,ville,entree,F120,images/REF03954.jpg
REF03955,Article 3955,maison,M13,synthetique,ville,milieu,F112,images/REF03955.jpg
REF03956,Article 3956,accessoire,M20,lin,sport,entree,F134,images/REF03956.jpg
REF03957,Article 3957,accessoire,M05,synthetique,sport,premium,F011,images/REF03957.jpg
REF03958,Article 3958,bas,M36,laine,sport,premium,F029,images/REF03958.jpg
REF03959,Article 3959,bas,M16,laine,sport,premium,F078,images/REF03959.jpg
REF03960,Article 3960,maison,M17,lin,ville,milieu,F021,images/REF03960.jpg
REF03961,Article 3961,accessoire,M29,laine,ville,milieu,F027,images/REF03961.jpg
REF03962,Article 3962,haut,M24,synthetique,ville,entree,F117,images/REF03962.jpg
REF03963,Article 3963,maison,M24,laine,ville,milieu,F107,images/REF03963.jpg
REF03964,Article 3964,accessoire,M35,laine,ville,premium,F125,images/REF03964.jpg
REF03965,Article 3965,maison,M40,laine,soiree,premium,F035,images/REF03965.jpg
REF03966,Article 3966,accessoire,M15,coton,soiree,premium,F114,images/REF03966.jpg
REF03967,Article 3967,accessoire,M12,lin,ville,milieu,F092,images/REF03967.jpg
REF03968,Article 3968,accessoire,M19,lin,sport,entree,F043,images/REF03968.jpg
REF03969,Article 3969,accessoire,M37,synthetique,sport,milieu,F032,images/REF03969.jpg
REF03970,Article 3970,haut,M17,coton,soiree,premium,F007,images/REF03970.jpg
REF03971,Article 3971,maison,M01,coton,soiree,milieu,F018,images/REF03971.jpg
REF03972,Article 3972,maison,M22,coton,ville,premium,F112,images/REF03972.jpg
REF03973,Article 3973,bas,M34,synthetique,soiree,entree,F061,images/REF03973.jpg
REF03974,Article 3974,haut,M12,synthetique,ville,entree,F092,images/REF03974.jpg
REF03975,Article 3975,maison,M09,coton,soiree,milieu,F082,images/REF03975.jpg
REF03976,Article 3976,haut,M29,laine,sport,entree,F071,images/REF03976.jpg
REF03977,Article 3977,haut,M39,lin,sport,entree,F017,images/REF03977.jpg
REF03978,Article 3978,accessoire,M09,laine,ville,milieu,F121,images/REF03978.jpg
REF03979,Article 3979,accessoire,M21,lin,soiree,entree,F008,images/REF03979.jpg
REF03980,Article 3980,accessoire,M03,lin,soiree,entree,F008,images/REF03980.jpg
REF03981,Article 3981,bas,M32,coton,soiree,milieu,F095,images/REF03981.jpg
REF03982,Article 3982,haut,M06,synthetique,soiree,milieu,F057,images/REF03982.jpg
REF03983,Article 3983,accessoire,M04,lin,sport,premium,F051,images/REF03983.jpg
REF03984,Article 3984,bas,M07,laine,sport,entree,F021,images/REF03984.jpg
REF03985,Article 3985,bas,M15,synthetique,soiree,milieu,F088,images/REF03985.jpg
REF03986,Article 3986,maison,M20,synthetique,sport,milieu,F019,images/REF03986.jpg
REF03987,Article 3987,accessoire,M15,synthetique,sport,premium,F057,images/REF03987.jpg
REF03988,Article 3988,bas,M31,lin,soiree,entree,F006,images/REF03988.jpg
REF03989,Article 3989,haut,M20,laine,sport,milieu,F059,images/REF03989.jpg
REF03990,Article 3990,bas,M17,lin,soiree,milieu,F118,images/REF03990.jpg
REF03991,Article 3991,accessoire,M16,coton,soiree,milieu,F057,images/REF03991.jpg
REF03992,Article 3992,haut,M07,laine,ville,entree,F057,images/REF03992.jpg
REF03993,Article 3993,haut,M23,lin,soiree,entree,F090,images/REF03993.jpg
REF03994,Article 3994,accessoire,M05,laine,soiree,premium,F067,images/REF03994.jpg
REF03995,Article 3995,haut,M39,lin,soiree,premium,F117,images/REF03995.jpg
REF03996,Article 3996,accessoire,M31,lin,ville,milieu,F037,images/REF03996.jpg
REF03997,Article 3997,maison,M15,laine,soiree,entree,F047,images/REF03997.jpg
REF03998,Article 3998,accessoire,M16,coton,soiree,premium,F088,images/REF03998.jpg
REF03999,Article 3999,maison,M39,coton,ville,entree,F140,images/REF03999.jpg
REF04000,Article 4000,haut,M01,coton,ville,milieu,F007,images/REF04000.jpg
REF04001,Article 4001,bas,M37,synthetique,ville,entree,F067,images/REF04001.jpg
REF04002,Article 4002,bas,M28,laine,sport,premium,F036,images/REF04002.jpg
REF04003,Article 4003,accessoire,M37,lin,ville,premium,F080,images/REF04003.jpg
REF04004,Article 4004,accessoire,M33,synthetique,soiree,premium,F066,images/REF04004.jpg
REF04005,Article 4005,haut,M16,laine,soiree,milieu,F062,images/REF04005.jpg
REF04006,Article 4006,maison,M39,lin,soiree,premium,F044,images/REF04006.jpg
REF04007,Article 4007,bas,M19,coton,soiree,premium,F093,images/REF04007.jpg
REF04008,Article 4008,maison,M35,laine,soiree,entree,F017,images/REF04008.jpg
REF04009,Article 4009,haut,M24,synthetique,ville,premium,F029,images/REF04009.jpg
REF04010,Article 4010,haut,M02,coton,ville,entree,F013,images/REF04010.jpg
REF04011,Article 4011,maison,M40,synthetique,soiree,premium,F128,images/REF04011.jpg
REF04012,Article 4012,haut,M28,laine,soiree,premium,F107,images/REF04012.jpg
REF04013,Article 4013,bas,M03,synthetique,soiree,premium,F043,images/REF04013.jpg
REF04014,Article 4014,bas,M23,laine,ville,premium,F114,images/REF04014.jpg
REF04015,Article 4015,accessoire,M31,synthetique,sport,premium,F041,images/REF04015.jpg
REF04016,Article 4016,accessoire,M16,coton,soiree,premium,F052,images/REF04016.jpg
REF04017,Article 4017,bas,M17,synthetique,soiree,entree,F008,images/REF04017.jpg
REF04018,Article 4018,bas,M05,laine,sport,entree,F103,images/REF04018.jpg
REF04019,Article 4019,accessoire,M16,synthetique,soiree,premium,F080,images/REF04019.jpg
REF04020,Article 4020,maison,M06,lin,soiree,premium,F016,images/REF04020.jpg
REF04021,Article 4021,bas,M14,synthetique,ville,premium,F010,images/REF04021.jpg
REF04022,Article 4022,bas,M32,laine,ville,premium,F095,images/REF04022.jpg
REF04023,Article 4023,maison,M05,lin,sport,entree,F121,images/REF04023.jpg
REF04024,Article 4024,haut,M13,coton,soiree,milieu,F024,images/REF04024.jpg
REF04025,Article 4025,maison,M40,laine,ville,milieu,F001,images/REF04025.jpg
REF04026,Article 4026,accessoire,M26,coton,ville,entree,F102,images/REF04026.jpg
REF04027,Article 4027,accessoire,M13,laine,ville,milieu,F002,images/REF04027.jpg
REF04028,Article 4028,maison,M24,laine,ville,premium,F127,images/REF04028.jpg
REF04029,Article 4029,accessoire,M08,coton,sport,milieu,F042,images/REF04029.jpg
REF04030,Article 4030,haut,M29,lin,soiree,entree,F090,images/REF04030.jpg
REF04031,Article 4031,haut,M14,lin,ville,milieu,F117,images/REF04031.jpg
REF04032,Article 4032,bas,M29,laine,ville,milieu,F097,images/REF04032.jpg
REF04033,Article 4033,bas,M28,coton,soiree,entree,F103,images/REF04033.jpg
REF04034,Article 4034,bas,M16,laine,ville,milieu,F043,images/REF04034.jpg
REF04035,Article 4035,accessoire,M13,synthetique,sport,entree,F135,images/REF04035.jpg
REF04036,Article 4036,haut,M06,lin,ville,premium,F118,images/REF04036.jpg
REF04037,Article 4037,maison,M14,synthetique,ville,premium,F087,images/REF04037.jpg
REF04038,Article 4038,accessoire,M21,lin,ville,entree,F095,images/REF04038.jpg
REF04039,Article 4039,accessoire,M22,coton,sport,premium,F134,images/REF04039.jpg
REF04040,Article 4040,haut,M11,synthetique,ville,entree,F040,images/REF04040.jpg
REF04041,Article 4041,bas,M29,coton,sport,entree,F075,images/REF04041.jpg
REF04042,Article 4042,accessoire,M30,synthetique,soiree,premium,F110,images/REF04042.jpg
REF04043,Article 4043,accessoire,M33,lin,sport,premium,F039,images/REF04043.jpg
REF04044,Article 4044,accessoire,M23,laine,sport,premium,F120,images/REF04044.jpg
REF04045,Article 4045,bas,M02,lin,soiree,entree,F129,images/REF04045.jpg
REF04046,Article 4046,accessoire,M24,lin,soiree,entree,F122,images/REF04046.jpg
REF04047,Article 4047,accessoire,M32,coton,soiree,premium,F016,images/REF04047.jpg
REF04048,Article 4048,haut,M30,synthetique,sport,milieu,F052,images/REF04048.jpg
REF04049,Article 4049,haut,M21,lin,ville,premium,F033,images/REF04049.jpg
REF04050,Article 4050,haut,M29,lin,sport,premium,F100,images/REF04050.jpg
REF04051,Article 4051,maison,M12,synthetique,soiree,milieu,F128,images/REF04051.jpg
REF04052,Article 4052,accessoire,M20,coton,ville,milieu,F032,images/REF04052.jpg
REF04053,Article 4053,accessoire,M11,lin,ville,milieu,F034,images/REF04053.jpg
REF04054,Article 4054,bas,M33,laine,ville,milieu,F027,images/REF04054.jpg
REF04055,Article 4055,maison,M29,laine,soiree,milieu,F118,images/REF04055.jpg
REF04056,Article 4056,haut,M31,lin,ville,premium,F029,images/REF04056.jpg
REF04057,Article 4057,haut,M38,synthetique,sport,entree,F024,images/REF04057.jpg
REF04058,Article 4058,haut,M32,laine,ville,entree,F033,images/REF04058.jpg
REF04059,Article 4059,accessoire,M25,coton,ville,entree,F101,images/REF04059.jpg
REF04060,Article 4060,maison,M04,laine,ville,entree,F090,images/REF04060.jpg
REF04061,Article 4061,accessoire,M14,synthetique,ville,premium,F007,images/REF04061.jpg
REF04062,Article 4062,bas,M32,synthetique,ville,premium,F046,images/REF04062.jpg
REF04063,Article 4063,accessoire,M10,lin,ville,milieu,F121,images/REF04063.jpg
REF04064,Article 4064,accessoire,M23,lin,sport,milieu,F009,images/REF04064.jpg
REF04065,Article 4065,accessoire,M01,lin,soiree,milieu,F007,images/REF04065.jpg
REF04066,Article 4066,haut,M19,laine,sport,entree,F062,images/REF04066.jpg
REF04067,Article 4067,haut,M40,laine,soiree,milieu,F129,images/REF04067.jpg
REF04068,Article 4068,bas,M31,laine,ville,entree,F095,images/REF04068.jpg
REF04069,Article 4069,accessoire,M14,lin,sport,milieu,F094,images/REF04069.jpg
REF04070,Article 4070,maison,M36,synthetique,ville,entree,F060,images/REF04070.jpg
REF04071,Article 4071,accessoire,M05,synthetique,sport,premium,F098,images/REF04071.jpg
REF04072,Article 4072,haut,M33,coton,soiree,milieu,F019,images/REF04072.jpg
REF04073,Article 4073,accessoire,M32,coton,sport,milieu,F067,images/REF04073.jpg
REF04074,Article 4074,bas,M03,lin,sport,entree,F037,images/REF04074.jpg
REF04075,Article 4075,accessoire,M10,coton,soiree,entree,F085,images/REF04075.jpg
REF04076,Article 4076,bas,M36,lin,ville,milieu,F015,images/REF04076.jpg
REF04077,Article 4077,bas,M14,coton,ville,milieu,F016,images/REF04077.jpg
REF04078,Article 4078,accessoire,M07,coton,soiree,milieu,F102,images/REF04078.jpg
REF04079,Article 4079,haut,M23,coton,soiree,premium,F063,images/REF04079.jpg
REF04080,Article 4080,bas,M23,laine,soiree,milieu,F078,images/REF04080.jpg
REF04081,Article 4081,accessoire,M18,lin,ville,milieu,F028,images/REF04081.jpg
REF04082,Article 4082,accessoire,M37,laine,soiree,milieu,F124,images/REF04082.jpg
REF04083,Article 4083,haut,M14,synthetique,sport,entree,F098,images/REF04083.jpg
REF04084,Article 4084,haut,M09,laine,soiree,premium,F075,images/REF04084.jpg
REF04085,Article 4085,maison,M11,synthetique,ville,entree,F115,images/REF04085.jpg
REF04086,Article 4086,accessoire,M28,synthetique,sport,entree,F050,images/REF04086.jpg
REF04087,Article 4087,bas,M20,lin,ville,entree,F034,images/REF04087.jpg
REF04088,Article 4088,haut,M14,lin,ville,milieu,F084,images/REF04088.jpg
REF04089,Article 4089,haut,M38,laine,sport,entree,F060,images/REF04089.jpg
REF04090,Article 4090,haut,M07,coton,sport,premium,F011,images/REF04090.jpg
REF04091,Article 4091,accessoire,M37,laine,sport,entree,F036,images/REF04091.jpg
REF04092,Article 4092,haut,M35,laine,ville,premium,F136,images/REF04092.jpg
REF04093,Article 4093,maison,M02,synthetique,sport,entree,F044,images/REF04093.jpg
REF04094,Article 4094,haut,M32,coton,ville,premium,F064,images/REF04094.jpg
REF04095,Article 4095,accessoire,M12,lin,sport,entree,F129,images/REF04095.jpg
REF04096,Article 4096,accessoire,M37,laine,soiree,milieu,F077,images/REF04096.jpg
REF04097,Article 4097,haut,M26,laine,sport,entree,F067,images/REF04097.jpg
REF04098,Article 4098,bas,M03,lin,ville,milieu,F005,images/REF04098.jpg
REF04099,Article 4099,bas,M37,coton,ville,entree,F132,images/REF04099.jpg
REF04100,Article 4100,maison,M09,laine,soiree,premium,F010,images/REF04100.jpg
REF04101,Article 4101,haut,M20,synthetique,soiree,entree,F001,images/REF04101.jpg
REF04102,Article 4102,maison,M04,lin,soiree,entree,F116,images/REF04102.jpg
REF04103,Article 4103,bas,M11,synthetique,soiree,entree,F115,images/REF04103.jpg
REF04104,Article 4104,haut,M03,laine,soiree,milieu,F138,images/REF04104.jpg
REF04105,Article 4105,accessoire,M33,synthetique,ville,entree,F106,images/REF04105.jpg
REF04106,Article 4106,maison,M20,coton,sport,premium,F084,images/REF04106.jpg
REF04107,Article 4107,maison,M27,lin,ville,premium,F073,images/REF04107.jpg
REF04108,Article 4108,maison,M33,laine,soiree,entree,F100,images/REF04108.jpg
REF04109,Article 4109,haut,M10,laine,ville,premium,F053,images/REF04109.jpg
REF04110,Article 4110,bas,M33,synthetique,soiree,milieu,F110,images/REF04110.jpg
REF04111,Article 4111,accessoire,M18,lin,soiree,milieu,F013,images/REF04111.jpg
REF04112,Article 4112,haut,M01,coton,ville,entree,F076,images/REF04112.jpg
REF04113,Article 4113,maison,M03,lin,sport,entree,F032,images/REF04113.jpg
REF04114,Article 4114,bas,M13,laine,sport,premium,F008,images/REF04114.jpg
REF04115,Article 4115,accessoire,M10,coton,ville,milieu,F023,images/REF04115.jpg
REF04116,Article 4116,accessoire,M13,lin,sport,premium,F061,images/REF04116.jpg
REF04117,Article 4117,accessoire,M22,laine,ville,entree,F031,images/REF04117.jpg
REF04118,Article 4118,accessoire,M39,lin,ville,milieu,F130,images/REF04118.jpg
REF04119,Article 4119,maison,M05,synthetique,sport,premium,F039,images/REF04119.jpg
REF04120,Article 4120,accessoire,M12,coton,sport,premium,F024,images/REF04120.jpg
REF04121,Article 4121,maison,M14,synthetique,sport,premium,F032,images/REF04121.jpg
REF04122,Article 4122,bas,M31,lin,sport,milieu,F044,images/REF04122.jpg
REF04123,Article 4123,maison,M31,synthetique,soiree,entree,F052,images/REF04123.jpg
REF04124,Article 4124,haut,M07,synthetique,ville,premium,F036,images/REF04124.jpg
REF04125,Article 4125,accessoire,M31,laine,soiree,entree,F048,images/REF04125.jpg
REF04126,Article 4126,bas,M09,laine,ville,milieu,F104,images/REF04126.jpg
REF04127,Article 4127,haut,M27,lin,ville,premium,F031,images/REF04127.jpg
REF04128,Article 4128,bas,M27,coton,ville,premium,F102,images/REF04128.jpg
REF04129,Article 4129,bas,M08,synthetique,sport,entree,F011,images/REF04129.jpg
REF04130,Article 4130,haut,M23,lin,sport,entree,F053,images/REF04130.jpg
REF04131,Article 4131,maison,M19,coton,soiree,entree,F099,images/REF04131.jpg
REF04132,Article 4132,bas,M23,lin,soiree,milieu,F054,images/REF04132.jpg
REF04133,Article 4133,bas,M18,laine,sport,milieu,F131,images/REF04133.jpg
REF04134,Article 4134,maison,M07,synthetique,sport,entree,F134,images/REF04134.jpg
REF04135,Article 4135,maison,M32,coton,ville,premium,F109,images/REF04135.jpg
REF04136,Article 4136,bas,M34,lin,soiree,entree,F080,images/REF04136.jpg
REF04137,Article 4137,bas,M16,coton,soiree,premium,F096,images/REF04137.jpg
REF04138,Article 4138,haut,M34,lin,soiree,entree,F016,images/REF04138.jpg
REF04139,Article 4139,bas,M22,synthetique,sport,milieu,F004,images/REF04139.jpg
REF04140,Article 4140,accessoire,M10,lin,soiree,milieu,F063,images/REF04140.jpg
REF04141,Article 4141,accessoire,M17,laine,ville,premium,F069,images/REF04141.jpg
REF04142,Article 4142,bas,M23,laine,ville,entree,F067,images/REF04142.jpg
REF04143,Article 4143,bas,M06,synthetique,soiree,premium,F006,images/REF04143.jpg
REF04144,Article 4144,accessoire,M14,lin,soiree,premium,F036,images/REF04144.jpg
REF04145,Article 4145,bas,M08,lin,soiree,entree,F051,images/REF04145.jpg
REF04146,Article 4146,bas,M08,synthetique,soiree,entree,F116,images/REF04146.jpg
REF04147,Article 4147,maison,M10,lin,ville,entree,F054,images/REF04147.jpg
REF04148,Article 4148,haut,M38,coton,soiree,entree,F001,images/REF04148.jpg
REF04149,Article 4149,bas,M13,laine,soiree,premium,F078,images/REF04149.jpg
REF04150,Article 4150,accessoire,M23,synthetique,soiree,premium,F093,images/REF04150.jpg
REF04151,Article 4151,haut,M28,lin,ville,premium,F127,images/REF04151.jpg
REF04152,Article 4152,accessoire,M04,lin,ville,milieu,F120,images/REF04152.jpg
REF04153,Article 4153,haut,M18,laine,ville,entree,F115,images/REF04153.jpg
REF04154,Article 4154,maison,M18,synthetique,soiree,entree,F078,images/REF04154.jpg
REF04155,Article 4155,bas,M28,laine,ville,premium,F098,images/REF04155.jpg
REF04156,Article 4156,haut,M11,laine,sport,premium,F038,images/REF04156.jpg
REF04157,Article 4157,bas,M20,lin,soiree,entree,F085,images/REF04157.jpg
REF04158,Article 4158,accessoire,M40,coton,sport,milieu,F048,images/REF04158.jpg
REF04159,Article 4159,accessoire,M32,coton,ville,entree,F077,images/REF04159.jpg
REF04160,Article 4160,bas,M12,coton,ville,entree,F138,images/REF04160.jpg
REF04161,Article 4161,bas,M27,laine,soiree,milieu,F090,images/REF04161.jpg
REF04162,Article 4162,bas,M20,lin,ville,milieu,F010,images/REF04162.jpg
REF04163,Article 4163,maison,M01,laine,soiree,premium,F062,images/REF04163.jpg
REF04164,Article 4164,accessoire,M14,coton,sport,milieu,F017,images/REF04164.jpg
REF04165,Article 4165,bas,M19,coton,soiree,milieu,F035,images/REF04165.jpg
REF04166,Article 4166,haut,M05,synthetique,ville,milieu,F013,images/REF04166.jpg
REF04167,Article 4167,haut,M39,coton,ville,entree,F075,images/REF04167.jpg
REF04168,Article 4168,bas,M36,laine,soiree,milieu,F106,images/REF04168.jpg
REF04169,Article 4169,accessoire,M03,synthetique,soiree,entree,F037,images/REF04169.jpg
REF04170,Article 4170,haut,M29,lin,sport,entree,F137,images/REF04170.jpg
REF04171,Article 4171,maison,M04,synthetique,soiree,entree,F078,images/REF04171.jpg
REF04172,Article 4172,accessoire,M37,lin,ville,entree,F068,images/REF04172.jpg
REF04173,Article 4173,maison,M30,laine,ville,milieu,F005,images/REF04173.jpg
REF04174,Article 4174,bas,M35,laine,sport,milieu,F028,images/REF04174.jpg
REF04175,Article 4175,haut,M29,coton,sport,entree,F027,images/REF04175.jpg
REF04176,Article 4176,haut,M25,coton,sport,entree,F081,images/REF04176.jpg
REF04177,Article 4177,accessoire,M29,coton,soiree,entree,F031,images/REF04177.jpg
REF04178,Article 4178,haut,M24,coton,soiree,milieu,F136,images/REF04178.jpg
REF04179,Article 4179,bas,M34,synthetique,ville,entree,F045,images/REF04179.jpg
REF04180,Article 4180,bas,M28,laine,ville,premium,F044,images/REF04180.jpg
REF04181,Article 4181,maison,M24,lin,soiree,milieu,F014,images/REF04181.jpg
REF04182,Article 4182,accessoire,M16,synthetique,sport,premium,F121,images/REF04182.jpg
REF04183,Article 4183,maison,M11,lin,sport,entree,F119,images/REF04183.jpg
REF04184,Article 4184,haut,M30,lin,ville,premium,F023,images/REF04184.jpg
REF04185,Article 4185,accessoire,M07,synthetique,soiree,premium,F015,images/REF04185.jpg
REF04186,Article 4186,accessoire,M06,laine,soiree,entree,F052,images/REF04186.jpg
REF04187,Article 4187,accessoire,M16,synthetique,soiree,milieu,F010,images/REF04187.jpg
REF04188,Article 4188,maison,M24,lin,soiree,milieu,F054,images/REF04188.jpg
REF04189,Article 4189,maison,M34,laine,soiree,premium,F121,images/REF04189.jpg
REF04190,Article 4190,bas,M29,lin,sport,milieu,F126,images/REF04190.jpg
REF04191,Article 4191,haut,M02,synthetique,ville,entree,F052,images/REF04191.jpg
REF04192,Article 4192,haut,M06,lin,sport,premium,F040,images/REF04192.jpg
REF04193,Article 4193,accessoire,M17,laine,soiree,milieu,F118,images/REF04193.jpg
REF04194,Article 4194,haut,M02,lin,ville,milieu,F087,images/REF04194.jpg
REF04195,Article 4195,haut,M17,synthetique,soiree,entree,F048,images/REF04195.jpg
REF04196,Article 4196,maison,M17,synthetique,ville,premium,F117,images/REF04196.jpg
REF04197,Article 4197,accessoire,M35,coton,sport,entree,F128,images/REF04197.jpg
REF04198,Article 4198,accessoire,M31,laine,sport,entree,F100,images/REF04198.jpg
REF04199,Article 4199,bas,M31,coton,ville,premium,F028,images/REF04199.jpg
REF04200,Article 4200,haut,M13,coton,sport,premium,F016,images/REF04200.jpg
REF04201,Article 4201,accessoire,M02,synthetique,sport,milieu,F010,images/REF04201.jpg
REF04202,Article 4202,haut,M07,laine,ville,premium,F003,images/REF04202.jpg
REF04203,Article 4203,haut,M39,coton,sport,premium,F139,images/REF04203.jpg
REF04204,Article 4204,maison,M29,synthetique,soiree,milieu,F130,images/REF04204.jpg
REF04205,Article 4205,haut,M04,laine,soiree,entree,F097,images/REF04205.jpg
REF04206,Article 4206,accessoire,M30,lin,ville,premium,F047,images/REF04206.jpg
REF04207,Article 4207,accessoire,M31,lin,soiree,milieu,F065,images/REF04207.jpg
REF04208,Article 4208,accessoire,M12,lin,sport,entree,F075,images/REF04208.jpg
REF04209,Article 4209,maison,M35,coton,soiree,premium,F073,images/REF04209.jpg
REF04210,Article 4210,haut,M07,coton,soiree,milieu,F123,images/REF04210.jpg
REF04211,Article 4211,haut,M04,lin,ville,premium,F060,images/REF04211.jpg
REF04212,Article 4212,maison,M18,laine,soiree,milieu,F132,images/REF04212.jpg
REF04213,Article 4213,haut,M08,coton,sport,entree,F114,images/REF04213.jpg
REF04214,Article 4214,bas,M08,lin,sport,premium,F060,images/REF04214.jpg
REF04215,Article 4215,haut,M26,synthetique,ville,entree,F083,images/REF04215.jpg
REF04216,Article 4216,bas,M01,laine,soiree,milieu,F009,images/REF04216.jpg
REF04217,Article 4217,maison,M23,lin,ville,milieu,F107,images/REF04217.jpg
REF04218,Article 4218,haut,M34,coton,soiree,premium,F031,images/REF04218.jpg
REF04219,Article 4219,accessoire,M07,synthetique,sport,milieu,F045,images/REF04219.jpg
REF04220,Article 4220,maison,M22,synthetique,ville,milieu,F078,images/REF04220.jpg
REF04221,Article 4221,bas,M13,coton,soiree,premium,F002,images/REF04221.jpg
REF04222,Article 4222,accessoire,M08,laine,ville,entree,F086,images/REF04222.jpg
REF04223,Article 4223,bas,M31,synthetique,sport,entree,F054,images/REF04223.jpg
REF04224,Article 4224,accessoire,M12,laine,ville,premium,F028,images/REF04224.jpg
REF04225,Article 4225,accessoire,M17,coton,sport,premium,F053,images/REF04225.jpg
REF04226,Article 4226,bas,M13,lin,soiree,entree,F029,images/REF04226.jpg
REF04227,Article 4227,haut,M39,synthetique,ville,entree,F018,images/REF04227.jpg
REF04228,Article 4228,accessoire,M18,laine,soiree,milieu,F094,images/REF04228.jpg
REF04229,Article 4229,haut,M36,coton,ville,milieu,F025,images/REF04229.jpg
REF04230,Article 4230,bas,M38,synthetique,soiree,milieu,F071,images/REF04230.jpg
REF04231,Article 4231,accessoire,M19,laine,sport,premium,F091,images/REF04231.jpg
REF04232,Article 4232,bas,M33,coton,soiree,entree,F051,images/REF04232.jpg
REF04233,Article 4233,maison,M12,laine,ville,milieu,F043,images/REF04233.jpg
REF04234,Article 4234,haut,M05,lin,sport,entree,F126,images/REF04234.jpg
REF04235,Article 4235,bas,M04,synthetique,sport,milieu,F070,images/REF04235.jpg
REF04236,Article 4236,maison,M29,laine,sport,premium,F136,images/REF04236.jpg
REF04237,Article 4237,maison,M27,synthetique,soiree,milieu,F118,images/REF04237.jpg
REF04238,Article 4238,haut,M19,coton,ville,milieu,F127,images/REF04238.jpg
REF04239,Article 4239,maison,M09,coton,sport,premium,F055,images/REF04239.jpg
REF04240,Article 4240,maison,M11,laine,soiree,milieu,F057,images/REF04240.jpg
REF04241,Article 4241,bas,M30,coton,ville,milieu,F009,images/REF04241.jpg
REF04242,Article 4242,maison,M03,lin,soiree,entree,F128,images/REF04242.jpg
REF04243,Article 4243,maison,M27,lin,sport,milieu,F055,images/REF04243.jpg
REF04244,Article 4244,accessoire,M25,lin,soiree,milieu,F113,images/REF04244.jpg
REF04245,Article 4245,maison,M34,synthetique,sport,premium,F117,images/REF04245.jpg
REF04246,Article 4246,haut,M39,laine,sport,entree,F099,images/REF04246.jpg
REF04247,Article 4247,haut,M01,lin,soiree,milieu,F041,images/REF04247.jpg
REF04248,Article 4248,haut,M02,lin,soiree,premium,F083,images/REF04248.jpg
REF04249,Article 4249,accessoire,M33,synthetique,ville,premium,F080,images/REF04249.jpg
REF04250,Article 4250,haut,M37,synthetique,soiree,milieu,F058,images/REF04250.jpg
REF04251,Article 4251,accessoire,M29,synthetique,ville,entree,F012,images/REF04251.jpg
REF04252,Article 4252,accessoire,M35,lin,soiree,entree,F112,images/REF04252.jpg
REF04253,Article 4253,bas,M04,lin,sport,entree,F088,images/REF04253.jpg
REF04254,Article 4254,bas,M14,synthetique,soiree,milieu,F016,images/REF04254.jpg
REF04255,Article 4255,haut,M30,lin,ville,milieu,F061,images/REF04255.jpg
REF04256,Article 4256,maison,M29,synthetique,soiree,milieu,F124,images/REF04256.jpg
REF04257,Article 4257,haut,M08,synthetique,sport,entree,F130,images/REF04257.jpg
REF04258,Article 4258,bas,M29,laine,soiree,entree,F049,images/REF04258.jpg
REF04259,Article 4259,accessoire,M01,synthetique,soiree,milieu,F062,images/REF04259.jpg
REF04260,Article 4260,bas,M28,laine,ville,entree,F094,images/REF04260.jpg
REF04261,Article 4261,maison,M39,synthetique,ville,entree,F115,images/REF04261.jpg
REF04262,Article 4262,accessoire,M25,synthetique,soiree,premium,F100,images/REF04262.jpg
REF04263,Article 4263,maison,M32,lin,sport,entree,F016,images/REF04263.jpg
REF04264,Article 4264,maison,M33,coton,soiree,premium,F099,images/REF04264.jpg
REF04265,Article 4265,accessoire,M14,coton,sport,milieu,F056,images/REF04265.jpg
REF04266,Article 4266,accessoire,M35,synthetique,soiree,milieu,F054,images/REF04266.jpg
REF04267,Article 4267,accessoire,M26,synthetique,sport,milieu,F106,images/REF04267.jpg
REF04268,Article 4268,haut,M10,laine,sport,premium,F080,images/REF04268.jpg
REF04269,Article 4269,bas,M18,laine,ville,milieu,F023,images/REF04269.jpg
REF04270,Article 4270,haut,M21,coton,soiree,milieu,F136,images/REF04270.jpg
REF04271,Article 4271,accessoire,M07,laine,sport,premium,F027,images/REF04271.jpg
REF04272,Article 4272,accessoire,M37,synthetique,ville,entree,F115,images/REF04272.jpg
REF04273,Article 4273,accessoire,M14,laine,sport,entree,F051,images/REF04273.jpg
REF04274,Article 4274,maison,M04,synthetique,sport,entree,F105,images/REF04274.jpg
REF04275,Article 4275,bas,M25,lin,soiree,milieu,F031,images/REF04275.jpg
REF04276,Article 4276,maison,M23,coton,ville,milieu,F030,images/REF04276.jpg
REF04277,Article 4277,haut,M15,lin,soiree,milieu,F074,images/REF04277.jpg
REF04278,Article 4278,accessoire,M32,coton,ville,entree,F001,images/REF04278.jpg
REF04279,Article 4279,accessoire,M27,lin,soiree,entree,F009,images/REF04279.jpg
REF04280,Article 4280,maison,M36,laine,sport,premium,F128,images/REF04280.jpg
REF04281,Article 4281,haut,M18,laine,sport,premium,F089,images/REF04281.jpg
REF04282,Article 4282,accessoire,M27,coton,ville,milieu,F122,images/REF04282.jpg
REF04283,Article 4283,maison,M01,coton,soiree,milieu,F114,images/REF04283.jpg
REF04284,Article 4284,accessoire,M21,lin,sport,milieu,F066,images/REF04284.jpg
REF04285,Article 4285,haut,M01,lin,soiree,entree,F021,images/REF04285.jpg
REF04286,Article 4286,maison,M20,coton,sport,premium,F041,images/REF04286.jpg
REF04287,Article 4287,bas,M28,coton,sport,entree,F001,images/REF04287.jpg
REF04288,Article 4288,haut,M11,laine,soiree,premium,F021,images/REF04288.jpg
REF04289,Article 4289,accessoire,M22,coton,ville,entree,F021,images/REF04289.jpg
REF04290,Article 4290,haut,M14,laine,soiree,premium,F055,images/REF04290.jpg
REF04291,Article 4291,bas,M07,coton,sport,entree,F134,images/REF04291.jpg
REF04292,Article 4292,bas,M28,synthetique,soiree,milieu,F102,images/REF04292.jpg
REF04293,Article 4293,maison,M37,laine,sport,milieu,F118,images/REF04293.jpg
REF04294,Article 4294,bas,M36,lin,ville,milieu,F069,images/REF04294.jpg
REF04295,Article 4295,accessoire,M33,synthetique,soiree,premium,F102,images/REF04295.jpg
REF04296,Article 4296,maison,M38,laine,sport,entree,F037,images/REF04296.jpg
REF04297,Article 4297,bas,M12,lin,sport,premium,F046,images/REF04297.jpg
REF04298,Article 4298,maison,M38,synthetique,sport,premium,F101,images/REF04298.jpg
REF04299,Article 4299,accessoire,M40,synthetique,sport,entree,F070,images/REF04299.jpg
REF04300,Article 4300,accessoire,M11,synthetique,sport,premium,F079,images/REF04300.jpg
REF04301,Article 4301,bas,M08,lin,soiree,premium,F054,images/REF04301.jpg
REF04302,Article 4302,maison,M10,lin,sport,premium,F082,images/REF04302.jpg
REF04303,Article 4303,accessoire,M09,synthetique,ville,entree,F016,images/REF04303.jpg
REF04304,Article 4304,bas,M04,lin,soiree,entree,F136,images/REF04304.jpg
REF04305,Article 4305,maison,M37,coton,soiree,premium,F057,images/REF04305.jpg
REF04306,Article 4306,maison,M36,laine,ville,premium,F113,images/REF04306.jpg
REF04307,Article 4307,accessoire,M12,synthetique,sport,entree,F088,images/REF04307.jpg
REF04308,Article 4308,maison,M23,synthetique,ville,premium,F121,images/REF04308.jpg
REF04309,Article 4309,bas,M34,lin,sport,premium,F110,images/REF04309.jpg
REF04310,Article 4310,haut,M14,lin,sport,premium,F085,images/REF04310.jpg
REF04311,Article 4311,maison,M16,lin,sport,premium,F015,images/REF04311.jpg
REF04312,Article 4312,bas,M26,coton,soiree,premium,F029,images/REF04312.jpg
REF04313,Article 4313,maison,M12,coton,soiree,entree,F059,images/REF04313.jpg
REF04314,Article 4314,bas,M34,laine,soiree,milieu,F084,images/REF04314.jpg
REF04315,Article 4315,maison,M31,lin,sport,entree,F048,images/REF04315.jpg
REF04316,Article 4316,haut,M30,synthetique,sport,entree,F106,images/REF04316.jpg
REF04317,Article 4317,accessoire,M19,laine,ville,premium,F119,images/REF04317.jpg
REF04318,Article 4318,maison,M08,synthetique,sport,premium,F106,images/REF04318.jpg
REF04319,Article 4319,accessoire,M03,synthetique,sport,milieu,F114,images/REF04319.jpg
REF04320,Article 4320,bas,M23,lin,soiree,milieu,F028,images/REF04320.jpg
REF04321,Article 4321,haut,M15,lin,ville,entree,F016,images/REF04321.jpg
REF04322,Article 4322,maison,M01,lin,ville,entree,F103,images/REF04322.jpg
REF04323,Article 4323,accessoire,M03,synthetique,ville,milieu,F130,images/REF04323.jpg
REF04324,Article 4324,accessoire,M12,synthetique,sport,premium,F089,images/REF04324.jpg
REF04325,Article 4325,haut,M27,lin,sport,entree,F131,images/REF04325.jpg
REF04326,Article 4326,haut,M23,coton,ville,milieu,F077,images/REF04326.jpg
REF04327,Article 4327,maison,M38,coton,sport,premium,F137,images/REF04327.jpg
REF04328,Article 4328,bas,M26,lin,ville,entree,F016,images/REF04328.jpg
REF04329,Article 4329,maison,M36,coton,soiree,milieu,F043,images/REF04329.jpg
REF04330,Article 4330,maison,M09,lin,soiree,entree,F004,images/REF04330.jpg
REF04331,Article 4331,bas,M26,laine,sport,entree,F002,images/REF04331.jpg
REF04332,Article 4332,bas,M28,synthetique,ville,premium,F035,images/REF04332.jpg
REF04333,Article 4333,accessoire,M13,synthetique,soiree,entree,F036,images/REF04333.jpg
REF04334,Article 4334,bas,M15,laine,soiree,milieu,F125,images/REF04334.jpg
REF04335,Article 4335,accessoire,M07,laine,soiree,premium,F111,images/REF04335.jpg
REF04336,Article 4336,haut,M03,coton,ville,milieu,F048,images/REF04336.jpg
REF04337,Article 4337,haut,M27,lin,soiree,premium,F030,images/REF04337.jpg
REF04338,Article 4338,bas,M40,lin,ville,entree,F038,images/REF04338.jpg
REF04339,Article 4339,maison,M27,lin,soiree,milieu,F045,images/REF04339.jpg
REF04340,Article 4340,maison,M23,synthetique,soiree,premium,F090,images/REF04340.jpg
REF04341,Article 4341,haut,M31,synthetique,soiree,milieu,F086,images/REF04341.jpg
REF04342,Article 4342,haut,M25,synthetique,ville,milieu,F087,images/REF04342.jpg
REF04343,Article 4343,bas,M36,synthetique,soiree,premium,F117,images/REF04343.jpg
REF04344,Article 4344,maison,M07,coton,ville,entree,F076,images/REF04344.jpg
REF04345,Article 4345,accessoire,M26,laine,soiree,milieu,F093,images/REF04345.jpg
REF04346,Article 4346,accessoire,M31,laine,soiree,premium,F121,images/REF04346.jpg
REF04347,Article 4347,accessoire,M16,lin,ville,premium,F057,images/REF04347.jpg
REF04348,Article 4348,bas,M03,synthetique,sport,premium,F139,images/REF04348.jpg
REF04349,Article 4349,haut,M23,coton,soiree,premium,F117,images/REF04349.jpg
REF04350,Article 4350,maison,M07,coton,soiree,premium,F041,images/REF04350.jpg
REF04351,Article 4351,haut,M37,synthetique,sport,entree,F070,images/REF04351.jpg
REF04352,Article 4352,maison,M34,synthetique,sport,premium,F125,images/REF04352.jpg
REF04353,Article 4353,maison,M19,synthetique,sport,premium,F105,images/REF04353.jpg
REF04354,Article 4354,maison,M31,synthetique,sport,premium,F136,images/REF04354.jpg
REF04355,Article 4355,maison,M37,synthetique,sport,premium,F097,images/REF04355.jpg
REF04356,Article 4356,bas,M18,lin,sport,premium,F129,images/REF04356.jpg
REF04357,Article 4357,bas,M35,lin,soiree,entree,F114,images/REF04357.jpg
REF04358,Article 4358,bas,M07,synthetique,sport,premium,F085,images/REF04358.jpg
REF04359,Article 4359,haut,M11,lin,ville,milieu,F033,images/REF04359.jpg
REF04360,Article 4360,accessoire,M20,coton,sport,entree,F041,images/REF04360.jpg
REF04361,Article 4361,haut,M30,coton,sport,premium,F025,images/REF04361.jpg
REF04362,Article 4362,maison,M11,coton,ville,milieu,F059,images/REF04362.jpg
REF04363,Article 4363,accessoire,M23,laine,sport,premium,F033,images/REF04363.jpg
REF04364,Article 4364,bas,M15,synthetique,ville,premium,F080,images/REF04364.jpg
REF04365,Article 4365,bas,M01,laine,sport,milieu,F062,images/REF04365.jpg
REF04366,Article 4366,bas,M08,laine,ville,milieu,F037,images/REF04366.jpg
REF04367,Article 4367,maison,M20,coton,sport,milieu,F095,images/REF04367.jpg
REF04368,Article 4368,bas,M37,lin,ville,milieu,F041,images/REF04368.jpg
REF04369,Article 4369,haut,M06,laine,ville,premium,F036,images/REF04369.jpg
REF04370,Article 4370,haut,M33,laine,ville,premium,F097,images/REF04370.jpg
REF04371,Article 4371,accessoire,M40,laine,soiree,premium,F068,images/REF04371.jpg
REF04372,Article 4372,maison,M40,coton,sport,milieu,F094,images/REF04372.jpg
REF04373,Article 4373,maison,M40,synthetique,soiree,entree,F011,images/REF04373.jpg
REF04374,Article 4374,bas,M14,coton,sport,premium,F039,images/REF04374.jpg
REF04375,Article 4375,bas,M25,laine,soiree,milieu,F083,images/REF04375.jpg
REF04376,Article 4376,bas,M18,laine,ville,entree,F023,images/REF04376.jpg
REF04377,Article 4377,accessoire,M07,synthetique,ville,premium,F098,images/REF04377.jpg
REF04378,Article 4378,accessoire,M28,coton,ville,entree,F042,images/REF04378.jpg
REF04379,Article 4379,maison,M06,laine,soiree,entree,F028,images/REF04379.jpg
REF04380,Article 4380,maison,M37,coton,sport,entree,F136,images/REF04380.jpg
REF04381,Article 4381,haut,M07,laine,sport,milieu,F121,images/REF04381.jpg
REF04382,Article 4382,accessoire,M06,coton,soiree,premium,F108,images/REF04382.jpg
REF04383,Article 4383,haut,M15,synthetique,sport,entree,F025,images/REF04383.jpg
REF04384,Article 4384,bas,M06,laine,sport,entree,F132,images/REF04384.jpg
REF04385,Article 4385,bas,M24,coton,soiree,premium,F016,images/REF04385.jpg
REF04386,Article 4386,bas,M03,synthetique,soiree,entree,F075,images/REF04386.jpg
REF04387,Article 4387,accessoire,M22,lin,soiree,milieu,F122,images/REF04387.jpg
REF04388,Article 4388,bas,M02,synthetique,ville,premium,F051,images/REF04388.jpg
REF04389,Article 4389,haut,M32,laine,soiree,milieu,F031,images/REF04389.jpg
REF04390,Article 4390,accessoire,M09,laine,soiree,milieu,F105,images/REF04390.jpg
REF04391,Article 4391,haut,M03,lin,sport,entree,F012,images/REF04391.jpg
REF04392,Article 4392,maison,M13,coton,soiree,milieu,F096,images/REF04392.jpg
REF04393,Article 4393,accessoire,M13,lin,sport,milieu,F085,images/REF04393.jpg
REF04394,Article 4394,haut,M18,lin,sport,milieu,F053,images/REF04394.jpg
REF04395,Article 4395,bas,M24,coton,soiree,premium,F138,images/REF04395.jpg
REF04396,Article 4396,accessoire,M28,coton,ville,premium,F057,images/REF04396.jpg
REF04397,Article 4397,haut,M23,coton,soiree,premium,F074,images/REF04397.jpg
REF04398,Article 4398,maison,M31,synthetique,soiree,premium,F018,images/REF04398.jpg
REF04399,Article 4399,accessoire,M36,coton,ville,premium,F015,images/REF04399.jpg
REF04400,Article 4400,accessoire,M36,coton,ville,milieu,F130,images/REF04400.jpg
REF04401,Article 4401,haut,M34,lin,soiree,entree,F121,images/REF04401.jpg
REF04402,Article 4402,bas,M32,lin,sport,premium,F063,images/REF04402.jpg
REF04403,Article 4403,bas,M35,synthetique,sport,premium,F063,images/REF04403.jpg
REF04404,Article 4404,bas,M13,coton,ville,premium,F061,images/REF04404.jpg
REF04405,Article 4405,haut,M31,synthetique,soiree,premium,F100,images/REF04405.jpg
REF04406,Article 4406,accessoire,M40,coton,ville,entree,F074,images/REF04406.jpg
REF04407,Article 4407,maison,M38,laine,ville,entree,F024,images/REF04407.jpg
REF04408,Article 4408,accessoire,M14,lin,sport,entree,F113,images/REF04408.jpg
REF04409,Article 4409,bas,M15,synthetique,ville,premium,F022,images/REF04409.jpg
REF04410,Article 4410,haut,M06,lin,soiree,entree,F059,images/REF04410.jpg
REF04411,Article 4411,accessoire,M39,lin,soiree,milieu,F074,images/REF04411.jpg
REF04412,Article 4412,maison,M36,laine,ville,premium,F118,images/REF04412.jpg
REF04413,Article 4413,accessoire,M34,laine,soiree,milieu,F137,images/REF04413.jpg
REF04414,Article 4414,accessoire,M37,coton,ville,premium,F101,images/REF04414.jpg
REF04415,Article 4415,haut,M37,coton,soiree,entree,F020,images/REF04415.jpg
REF04416,Article 4416,bas,M18,laine,sport,milieu,F069,images/REF04416.jpg
REF04417,Article 4417,bas,M40,synthetique,sport,premium,F026,images/REF04417.jpg
REF04418,Article 4418,maison,M08,lin,soiree,premium,F112,images/REF04418.jpg
REF04419,Article 4419,bas,M20,coton,soiree,entree,F058,images/REF04419.jpg
REF04420,Article 4420,bas,M13,coton,soiree,premium,F095,images/REF04420.jpg
REF04421,Article 4421,maison,M37,lin,soiree,milieu,F091,images/REF04421.jpg
REF04422,Article 4422,maison,M38,synthetique,sport,milieu,F009,images/REF04422.jpg
REF04423,Article 4423,haut,M05,coton,sport,premium,F103,images/REF04423.jpg
REF04424,Article 4424,bas,M04,coton,soiree,entree,F048,images/REF04424.jpg
REF04425,Article 4425,haut,M06,laine,sport,premium,F109,images/REF04425.jpg
REF04426,Article 4426,accessoire,M29,laine,soiree,entree,F090,images/REF04426.jpg
REF04427,Article 4427,maison,M26,laine,ville,entree,F101,images/REF04427.jpg
REF04428,Article 4428,haut,M02,synthetique,sport,milieu,F076,images/REF04428.jpg
REF04429,Article 4429,haut,M06,laine,soiree,entree,F122,images/REF04429.jpg
REF04430,Article 4430,bas,M26,laine,soiree,premium,F109,images/REF04430.jpg
REF04431,Article 4431,haut,M28,lin,soiree,entree,F136,images/REF04431.jpg
REF04432,Article 4432,bas,M33,laine,soiree,premium,F057,images/REF04432.jpg
REF04433,Article 4433,maison,M40,coton,soiree,milieu,F134,images/REF04433.jpg
REF04434,Article 4434,haut,M25,lin,ville,premium,F045,images/REF04434.jpg
REF04435,Article 4435,maison,M39,lin,sport,entree,F014,images/REF04435.jpg
REF04436,Article 4436,maison,M01,lin,sport,premium,F115,images/REF04436.jpg
REF04437,Article 4437,maison,M04,synthetique,ville,entree,F084,images/REF04437.jpg
REF04438,Article 4438,bas,M03,synthetique,sport,premium,F011,images/REF04438.jpg
REF04439,Article 4439,haut,M02,synthetique,soiree,milieu,F140,images/REF04439.jpg
REF04440,Article 4440,bas,M20,lin,ville,milieu,F064,images/REF04440.jpg
REF04441,Article 4441,haut,M07,laine,sport,milieu,F125,images/REF04441.jpg
REF04442,Article 4442,accessoire,M31,lin,soiree,milieu,F129,images/REF04442.jpg
REF04443,Article 4443,accessoire,M25,synthetique,soiree,entree,F054,images/REF04443.jpg
REF04444,Article 4444,haut,M06,coton,sport,milieu,F133,images/REF04444.jpg
REF04445,Article 4445,haut,M21,lin,soiree,premium,F016,images/REF04445.jpg
REF04446,Article 4446,bas,M16,lin,soiree,premium,F096,images/REF04446.jpg
REF04447,Article 4447,accessoire,M17,laine,sport,premium,F070,images/REF04447.jpg
REF04448,Article 4448,accessoire,M39,laine,soiree,entree,F134,images/REF04448.jpg
REF04449,Article 4449,maison,M23,laine,ville,premium,F065,images/REF04449.jpg
REF04450,Article 4450,accessoire,M01,synthetique,ville,milieu,F061,images/REF04450.jpg
REF04451,Article 4451,bas,M34,laine,sport,entree,F054,images/REF04451.jpg
REF04452,Article 4452,bas,M40,lin,ville,entree,F132,images/REF04452.jpg
REF04453,Article 4453,haut,M24,laine,sport,milieu,F090,images/REF04453.jpg
REF04454,Article 4454,accessoire,M08,laine,sport,premium,F107,images/REF04454.jpg
REF04455,Article 4455,accessoire,M40,lin,soiree,entree,F009,images/REF04455.jpg
REF04456,Article 4456,maison,M08,coton,sport,milieu,F129,images/REF04456.jpg
REF04457,Article 4457,accessoire,M11,coton,sport,premium,F087,images/REF04457.jpg
REF04458,Article 4458,maison,M35,lin,soiree,premium,F027,images/REF04458.jpg
REF04459,Article 4459,bas,M36,synthetique,ville,premium,F020,images/REF04459.jpg
REF04460,Article 4460,accessoire,M39,coton,ville,premium,F117,images/REF04460.jpg
REF04461,Article 4461,haut,M06,lin,soiree,entree,F073,images/REF04461.jpg
REF04462,Article 4462,maison,M30,lin,sport,entree,F065,images/REF04462.jpg
REF04463,Article 4463,maison,M11,coton,soiree,premium,F122,images/REF04463.jpg
REF04464,Article 4464,maison,M01,synthetique,sport,milieu,F108,images/REF04464.jpg
REF04465,Article 4465,bas,M15,lin,sport,milieu,F098,images/REF04465.jpg
REF04466,Article 4466,accessoire,M07,synthetique,sport,premium,F092,images/REF04466.jpg
REF04467,Article 4467,accessoire,M37,synthetique,ville,milieu,F055,images/REF04467.jpg
REF04468,Article 4468,haut,M39,coton,soiree,premium,F030,images/REF04468.jpg
REF04469,Article 4469,bas,M28,coton,sport,milieu,F077,images/REF04469.jpg
REF04470,Article 4470,accessoire,M23,coton,sport,milieu,F107,images/REF04470.jpg
REF04471,Article 4471,haut,M18,lin,sport,entree,F010,images/REF04471.jpg
REF04472,Article 4472,accessoire,M32,lin,soiree,milieu,F036,images/REF04472.jpg
REF04473,Article 4473,maison,M08,lin,sport,milieu,F011,images/REF04473.jpg
REF04474,Article 4474,accessoire,M33,lin,sport,milieu,F091,images/REF04474.jpg
REF04475,Article 4475,bas,M06,synthetique,sport,premium,F137,images/REF04475.jpg
REF04476,Article 4476,bas,M23,laine,sport,premium,F112,images/REF04476.jpg
REF04477,Article 4477,bas,M19,synthetique,sport,entree,F016,images/REF04477.jpg
REF04478,Article 4478,maison,M10,lin,sport,premium,F013,images/REF04478.jpg
REF04479,Article 4479,maison,M32,synthetique,soiree,premium,F070,images/REF04479.jpg
REF04480,Article 4480,bas,M13,lin,soiree,milieu,F128,images/REF04480.jpg
REF04481,Article 4481,accessoire,M33,laine,soiree,premium,F059,images/REF04481.jpg
REF04482,Article 4482,maison,M35,synthetique,ville,entree,F118,images/REF04482.jpg
REF04483,Article 4483,haut,M31,lin,ville,premium,F109,images/REF04483.jpg
REF04484,Article 4484,bas,M39,coton,sport,premium,F082,images/REF04484.jpg
REF04485,Article 4485,bas,M06,coton,ville,milieu,F024,images/REF04485.jpg
REF04486,Article 4486,bas,M09,lin,ville,entree,F045,images/REF04486.jpg
REF04487,Article 4487,maison,M30,lin,sport,milieu,F119,images/REF04487.jpg
REF04488,Article 4488,accessoire,M28,lin,sport,entree,F084,images/REF04488.jpg
REF04489,Article 4489,accessoire,M07,coton,sport,entree,F038,images/REF04489.jpg
REF04490,Article 4490,bas,M32,laine,sport,premium,F028,images/REF04490.jpg
REF04491,Article 4491,maison,M09,lin,ville,milieu,F015,images/REF04491.jpg
REF04492,Article 4492,bas,M08,coton,soiree,milieu,F081,images/REF04492.jpg
REF04493,Article 4493,haut,M08,coton,ville,premium,F114,images/REF04493.jpg
REF04494,Article 4494,accessoire,M24,laine,sport,milieu,F107,images/REF04494.jpg
REF04495,Article 4495,maison,M29,coton,ville,entree,F056,images/REF04495.jpg
REF04496,Article 4496,maison,M27,synthetique,ville,entree,F038,images/REF04496.jpg
REF04497,Article 4497,haut,M38,coton,soiree,entree,F013,images/REF04497.jpg
REF04498,Article 4498,maison,M16,lin,ville,milieu,F073,images/REF04498.jpg
REF04499,Article 4499,accessoire,M29,synthetique,soiree,premium,F126,images/REF04499.jpg
REF04500,Article 4500,accessoire,M16,laine,ville,milieu,F079,images/REF04500.jpg
REF04501,Article 4501,bas,M36,laine,soiree,premium,F034,images/REF04501.jpg
REF04502,Article 4502,maison,M13,synthetique,sport,milieu,F018,images/REF04502.jpg
REF04503,Article 4503,maison,M12,coton,soiree,entree,F053,images/REF04503.jpg
REF04504,Article 4504,bas,M30,synthetique,soiree,premium,F028,images/REF04504.jpg
REF04505,Article 4505,bas,M31,coton,ville,milieu,F068,images/REF04505.jpg
REF04506,Article 4506,accessoire,M36,synthetique,soiree,milieu,F092,images/REF04506.jpg
REF04507,Article 4507,accessoire,M30,laine,ville,entree,F028,images/REF04507.jpg
REF04508,Article 4508,maison,M24,coton,soiree,entree,F045,images/REF04508.jpg
REF04509,Article 4509,haut,M16,lin,ville,premium,F106,images/REF04509.jpg
REF04510,Article 4510,haut,M04,lin,ville,premium,F049,images/REF04510.jpg
REF04511,Article 4511,haut,M16,synthetique,soiree,premium,F060,images/REF04511.jpg
REF04512,Article 4512,maison,M30,laine,soiree,milieu,F076,images/REF04512.jpg
REF04513,Article 4513,bas,M15,synthetique,soiree,milieu,F057,images/REF04513.jpg
REF04514,Article 4514,maison,M16,coton,ville,entree,F102,images/REF04514.jpg
REF04515,Article 4515,bas,M10,laine,ville,premium,F088,images/REF04515.jpg
REF04516,Article 4516,accessoire,M37,synthetique,ville,premium,F053,images/REF04516.jpg
REF04517,Article 4517,bas,M33,lin,soiree,entree,F095,images/REF04517.jpg
REF04518,Article 4518,maison,M19,synthetique,soiree,entree,F011,images/REF04518.jpg
REF04519,Article 4519,haut,M35,synthetique,sport,entree,F100,images/REF04519.jpg
REF04520,Article 4520,accessoire,M25,coton,soiree,entree,F009,images/REF04520.jpg
REF04521,Article 4521,accessoire,M14,lin,soiree,premium,F137,images/REF04521.jpg
REF04522,Article 4522,bas,M24,lin,sport,entree,F045,images/REF04522.jpg
REF04523,Article 4523,accessoire,M30,laine,sport,entree,F089,images/REF04523.jpg
REF04524,Article 4524,maison,M36,lin,soiree,entree,F033,images/REF04524.jpg
REF04525,Article 4525,maison,M16,coton,soiree,milieu,F131,images/REF04525.jpg
REF04526,Article 4526,accessoire,M28,synthetique,soiree,milieu,F014,images/REF04526.jpg
REF04527,Article 4527,bas,M28,lin,sport,milieu,F026,images/REF04527.jpg
REF04528,Article 4528,accessoire,M23,synthetique,sport,premium,F015,images/REF04528.jpg
REF04529,Article 4529,bas,M16,lin,ville,entree,F093,images/REF04529.jpg
REF04530,Article 4530,maison,M24,synthetique,ville,premium,F043,images/REF04530.jpg
REF04531,Article 4531,accessoire,M19,lin,ville,milieu,F073,images/REF04531.jpg
REF04532,Article 4532,accessoire,M25,coton,soiree,premium,F098,images/REF04532.jpg
REF04533,Article 4533,accessoire,M20,laine,soiree,premium,F102,images/REF04533.jpg
REF04534,Article 4534,maison,M29,lin,soiree,milieu,F129,images/REF04534.jpg
REF04535,Article 4535,haut,M18,synthetique,soiree,entree,F108,images/REF04535.jpg
REF04536,Article 4536,maison,M37,synthetique,ville,milieu,F023,images/REF04536.jpg
REF04537,Article 4537,haut,M27,coton,ville,milieu,F095,images/REF04537.jpg
REF04538,Article 4538,haut,M17,coton,soiree,milieu,F131,images/REF04538.jpg
REF04539,Article 4539,bas,M29,synthetique,ville,premium,F116,images/REF04539.jpg
REF04540,Article 4540,haut,M20,laine,soiree,milieu,F097,images/REF04540.jpg
REF04541,Article 4541,haut,M34,synthetique,sport,milieu,F108,images/REF04541.jpg
REF04542,Article 4542,haut,M30,coton,soiree,milieu,F048,images/REF04542.jpg
REF04543,Article 4543,bas,M32,lin,sport,premium,F059,images/REF04543.jpg
REF04544,Article 4544,bas,M35,coton,sport,milieu,F082,images/REF04544.jpg
REF04545,Article 4545,haut,M05,synthetique,sport,entree,F086,images/REF04545.jpg
REF04546,Article 4546,maison,M33,laine,soiree,entree,F085,images/REF04546.jpg
REF04547,Article 4547,haut,M18,synthetique,ville,entree,F055,images/REF04547.jpg
REF04548,Article 4548,bas,M29,synthetique,ville,premium,F088,images/REF04548.jpg
REF04549,Article 4549,bas,M30,synthetique,ville,premium,F080,images/REF04549.jpg
REF04550,Article 4550,maison,M24,synthetique,sport,entree,F113,images/REF04550.jpg
REF04551,Article 4551,accessoire,M38,coton,soiree,milieu,F002,images/REF04551.jpg
REF04552,Article 4552,bas,M06,laine,sport,milieu,F088,images/REF04552.jpg
REF04553,Article 4553,bas,M36,laine,sport,milieu,F006,images/REF04553.jpg
REF04554,Article 4554,haut,M03,lin,soiree,entree,F084,images/REF04554.jpg
REF04555,Article 4555,accessoire,M18,synthetique,ville,premium,F083,images/REF04555.jpg
REF04556,Article 4556,bas,M05,laine,soiree,milieu,F127,images/REF04556.jpg
REF04557,Article 4557,bas,M26,synthetique,soiree,premium,F087,images/REF04557.jpg
REF04558,Article 4558,maison,M31,laine,sport,entree,F058,images/REF04558.jpg
REF04559,Article 4559,maison,M35,synthetique,ville,entree,F102,images/REF04559.jpg
REF04560,Article 4560,maison,M03,laine,sport,premium,F022,images/REF04560.jpg
REF04561,Article 4561,maison,M02,coton,soiree,milieu,F080,images/REF04561.jpg
REF04562,Article 4562,accessoire,M09,lin,soiree,milieu,F017,images/REF04562.jpg
REF04563,Article 4563,maison,M01,laine,soiree,milieu,F078,images/REF04563.jpg
REF04564,Article 4564,bas,M26,synthetique,sport,entree,F091,images/REF04564.jpg
REF04565,Article 4565,maison,M21,lin,soiree,premium,F069,images/REF04565.jpg
REF04566,Article 4566,maison,M17,laine,soiree,premium,F070,images/REF04566.jpg
REF04567,Article 4567,bas,M05,synthetique,sport,entree,F027,images/REF04567.jpg
REF04568,Article 4568,bas,M02,synthetique,sport,entree,F054,images/REF04568.jpg
REF04569,Article 4569,haut,M20,lin,soiree,premium,F044,images/REF04569.jpg
REF04570,Article 4570,bas,M39,synthetique,soiree,premium,F064,images/REF04570.jpg
REF04571,Article 4571,maison,M24,laine,sport,premium,F137,images/REF04571.jpg
REF04572,Article 4572,maison,M35,synthetique,soiree,premium,F085,images/REF04572.jpg
REF04573,Article 4573,bas,M03,laine,sport,entree,F120,images/REF04573.jpg
REF04574,Article 4574,haut,M01,lin,soiree,entree,F062,images/REF04574.jpg
REF04575,Article 4575,accessoire,M37,lin,soiree,entree,F107,images/REF04575.jpg
REF04576,Article 4576,maison,M24,laine,soiree,entree,F013,images/REF04576.jpg
REF04577,Article 4577,haut,M09,synthetique,sport,entree,F074,images/REF04577.jpg
REF04578,Article 4578,maison,M37,synthetique,sport,milieu,F096,images/REF04578.jpg
REF04579,Article 4579,accessoire,M13,coton,ville,entree,F016,images/REF04579.jpg
REF04580,Article 4580,haut,M05,laine,soiree,milieu,F046,images/REF04580.jpg
REF04581,Article 4581,maison,M22,synthetique,ville,milieu,F034,images/REF04581.jpg
REF04582,Article 4582,maison,M20,lin,sport,milieu,F054,images/REF04582.jpg
REF04583,Article 4583,accessoire,M23,coton,ville,milieu,F120,images/REF04583.jpg
REF04584,Article 4584,haut,M16,coton,ville,milieu,F134,images/REF04584.jpg
REF04585,Article 4585,haut,M01,coton,sport,entree,F030,images/REF04585.jpg
REF04586,Article 4586,haut,M40,coton,soiree,milieu,F044,images/REF04586.jpg
REF04587,Article 4587,haut,M19,coton,sport,milieu,F001,images/REF04587.jpg
REF04588,Article 4588,bas,M03,laine,ville,entree,F120,images/REF04588.jpg
REF04589,Article 4589,haut,M31,coton,sport,premium,F110,images/REF04589.jpg
REF04590,Article 4590,maison,M03,synthetique,soiree,entree,F084,images/REF04590.jpg
REF04591,Article 4591,bas,M31,synthetique,sport,entree,F121,images/REF04591.jpg
REF04592,Article 4592,haut,M18,synthetique,soiree,premium,F014,images/REF04592.jpg
REF04593,Article 4593,accessoire,M09,laine,sport,entree,F136,images/REF04593.jpg
REF04594,Article 4594,bas,M19,coton,ville,milieu,F055,images/REF04594.jpg
REF04595,Article 4595,accessoire,M08,synthetique,soiree,milieu,F116,images/REF04595.jpg
REF04596,Article 4596,bas,M16,coton,sport,milieu,F079,images/REF04596.jpg
REF04597,Article 4597,maison,M21,coton,soiree,entree,F131,images/REF04597.jpg
REF04598,Article 4598,haut,M24,synthetique,ville,entree,F018,images/REF04598.jpg
REF04599,Article 4599,haut,M16,coton,ville,milieu,F029,images/REF04599.jpg
REF04600,Article 4600,maison,M12,lin,soiree,milieu,F024,images/REF04600.jpg
REF04601,Article 4601,accessoire,M13,lin,sport,entree,F006,images/REF04601.jpg
REF04602,Article 4602,haut,M30,coton,ville,entree,F028,images/REF04602.jpg
REF04603,Article 4603,haut,M32,synthetique,sport,milieu,F029,images/REF04603.jpg
REF04604,Article 4604,maison,M18,laine,soiree,entree,F049,images/REF04604.jpg
REF04605,Article 4605,bas,M14,coton,sport,entree,F065,images/REF04605.jpg
REF04606,Article 4606,accessoire,M40,coton,sport,entree,F135,images/REF04606.jpg
REF04607,Article 4607,accessoire,M30,lin,sport,entree,F031,images/REF04607.jpg
REF04608,Article 4608,accessoire,M04,synthetique,soiree,entree,F004,images/REF04608.jpg
REF04609,Article 4609,bas,M12,laine,soiree,premium,F090,images/REF04609.jpg
REF04610,Article 4610,accessoire,M26,lin,soiree,milieu,F030,images/REF04610.jpg
REF04611,Article 4611,maison,M05,coton,ville,premium,F046,images/REF04611.jpg
REF04612,Article 4612,accessoire,M09,coton,sport,entree,F013,images/REF04612.jpg
REF04613,Article 4613,bas,M36,synthetique,soiree,premium,F124,images/REF04613.jpg
REF04614,Article 4614,maison,M25,synthetique,soiree,milieu,F020,images/REF04614.jpg
REF04615,Article 4615,haut,M06,synthetique,sport,milieu,F028,images/REF04615.jpg
REF04616,Article 4616,maison,M22,laine,sport,milieu,F016,images/REF04616.jpg
REF04617,Article 4617,accessoire,M24,lin,sport,milieu,F032,images/REF04617.jpg
REF04618,Article 4618,haut,M11,laine,soiree,premium,F064,images/REF04618.jpg
REF04619,Article 4619,accessoire,M39,lin,sport,entree,F049,images/REF04619.jpg
REF04620,Article 4620,haut,M16,lin,ville,entree,F053,images/REF04620.jpg
REF04621,Article 4621,haut,M27,lin,ville,entree,F030,images/REF04621.jpg
REF04622,Article 4622,bas,M21,synthetique,ville,milieu,F089,images/REF04622.jpg
REF04623,Article 4623,accessoire,M13,lin,sport,premium,F060,images/REF04623.jpg
REF04624,Article 4624,haut,M26,coton,ville,entree,F025,images/REF04624.jpg
REF04625,Article 4625,maison,M15,coton,ville,milieu,F019,images/REF04625.jpg
REF04626,Article 4626,accessoire,M37,lin,soiree,milieu,F009,images/REF04626.jpg
REF04627,Article 4627,maison,M04,lin,sport,entree,F125,images/REF04627.jpg
REF04628,Article 4628,maison,M24,coton,sport,entree,F080,images/REF04628.jpg
REF04629,Article 4629,accessoire,M38,lin,ville,premium,F046,images/REF04629.jpg
REF04630,Article 4630,accessoire,M36,synthetique,sport,entree,F081,images/REF04630.jpg
REF04631,Article 4631,accessoire,M27,lin,ville,premium,F076,images/REF04631.jpg
REF04632,Article 4632,haut,M24,synthetique,ville,entree,F054,images/REF04632.jpg
REF04633,Article 4633,haut,M30,laine,soiree,entree,F063,images/REF04633.jpg
REF04634,Article 4634,haut,M23,coton,sport,premium,F070,images/REF04634.jpg
REF04635,Article 4635,accessoire,M35,coton,soiree,premium,F012,images/REF04635.jpg
REF04636,Article 4636,accessoire,M06,coton,sport,milieu,F068,images/REF04636.jpg
REF04637,Article 4637,maison,M08,synthetique,sport,premium,F139,images/REF04637.jpg
REF04638,Article 4638,accessoire,M28,lin,sport,entree,F096,images/REF04638.jpg
REF04639,Article 4639,bas,M04,laine,sport,milieu,F019,images/REF04639.jpg
REF04640,Article 4640,maison,M40,laine,soiree,milieu,F001,images/REF04640.jpg
REF04641,Article 4641,maison,M25,synthetique,soiree,entree,F003,images/REF04641.jpg
REF04642,Article 4642,maison,M09,synthetique,soiree,milieu,F091,images/REF04642.jpg
REF04643,Article 4643,accessoire,M24,laine,sport,milieu,F139,images/REF04643.jpg
REF04644,Article 4644,bas,M33,synthetique,sport,premium,F084,images/REF04644.jpg
REF04645,Article 4645,accessoire,M06,laine,soiree,premium,F049,images/REF04645.jpg
REF04646,Article 4646,maison,M25,laine,ville,milieu,F059,images/REF04646.jpg
REF04647,Article 4647,maison,M25,lin,ville,milieu,F047,images/REF04647.jpg
REF04648,Article 4648,accessoire,M04,laine,sport,entree,F048,images/REF04648.jpg
REF04649,Article 4649,haut,M06,coton,sport,entree,F062,images/REF04649.jpg
REF04650,Article 4650,accessoire,M10,laine,sport,milieu,F064,images/REF04650.jpg
REF04651,Article 4651,haut,M39,synthetique,sport,entree,F031,images/REF04651.jpg
REF04652,Article 4652,haut,M20,laine,sport,milieu,F033,images/REF04652.jpg
REF04653,Article 4653,maison,M23,lin,sport,entree,F076,images/REF04653.jpg
REF04654,Article 4654,bas,M05,synthetique,soiree,milieu,F119,images/REF04654.jpg
REF04655,Article 4655,maison,M38,laine,soiree,milieu,F021,images/REF04655.jpg
REF04656,Article 4656,haut,M04,lin,ville,milieu,F062,images/REF04656.jpg
REF04657,Article 4657,maison,M03,coton,sport,milieu,F049,images/REF04657.jpg
REF04658,Article 4658,haut,M16,lin,sport,entree,F096,images/REF04658.jpg
REF04659,Article 4659,maison,M35,synthetique,ville,milieu,F029,images/REF04659.jpg
REF04660,Article 4660,bas,M39,coton,ville,milieu,F082,images/REF04660.jpg
REF04661,Article 4661,bas,M40,laine,ville,entree,F078,images/REF04661.jpg
REF04662,Article 4662,accessoire,M11,laine,soiree,premium,F134,images/REF04662.jpg
REF04663,Article 4663,accessoire,M10,lin,ville,milieu,F071,images/REF04663.jpg
REF04664,Article 4664,haut,M39,coton,ville,entree,F023,images/REF04664.jpg
REF04665,Article 4665,accessoire,M28,laine,soiree,milieu,F063,images/REF04665.jpg
REF04666,Article 4666,accessoire,M08,laine,sport,entree,F042,images/REF04666.jpg
REF04667,Article 4667,maison,M04,coton,sport,milieu,F073,images/REF04667.jpg
REF04668,Article 4668,bas,M16,lin,soiree,milieu,F018,images/REF04668.jpg
REF04669,Article 4669,accessoire,M09,coton,sport,premium,F087,images/REF04669.jpg
REF04670,Article 4670,haut,M35,lin,soiree,milieu,F104,images/REF04670.jpg
REF04671,Article 4671,maison,M31,synthetique,ville,premium,F005,images/REF04671.jpg
REF04672,Article 4672,maison,M17,coton,sport,milieu,F082,images/REF04672.jpg
REF04673,Article 4673,maison,M11,lin,ville,entree,F017,images/REF04673.jpg
REF04674,Article 4674,accessoire,M35,laine,soiree,milieu,F128,images/REF04674.jpg
REF04675,Article 4675,bas,M22,lin,ville,entree,F059,images/REF04675.jpg
REF04676,Article 4676,bas,M23,coton,soiree,premium,F040,images/REF04676.jpg
REF04677,Article 4677,accessoire,M03,coton,soiree,milieu,F140,images/REF04677.jpg
REF04678,Article 4678,haut,M24,laine,ville,entree,F027,images/REF04678.jpg
REF04679,Article 4679,bas,M13,laine,soiree,entree,F026,images/REF04679.jpg
REF04680,Article 4680,bas,M33,synthetique,ville,milieu,F103,images/REF04680.jpg
REF04681,Article 4681,accessoire,M23,coton,sport,milieu,F135,images/REF04681.jpg
REF04682,Article 4682,maison,M32,synthetique,ville,entree,F086,images/REF04682.jpg
REF04683,Article 4683,accessoire,M12,synthetique,sport,premium,F029,images/REF04683.jpg
REF04684,Article 4684,accessoire,M06,lin,ville,entree,F104,images/REF04684.jpg
REF04685,Article 4685,maison,M27,laine,ville,premium,F090,images/REF04685.jpg
REF04686,Article 4686,bas,M22,synthetique,ville,entree,F057,images/REF04686.jpg
REF04687,Article 4687,accessoire,M02,laine,soiree,premium,F086,images/REF04687.jpg
REF04688,Article 4688,haut,M38,laine,sport,entree,F069,images/REF04688.jpg
REF04689,Article 4689,accessoire,M11,synthetique,ville,milieu,F044,images/REF04689.jpg
REF04690,Article 4690,haut,M12,coton,sport,premium,F032,images/REF04690.jpg
REF04691,Article 4691,accessoire,M14,lin,sport,milieu,F008,images/REF04691.jpg
REF04692,Article 4692,maison,M07,coton,sport,milieu,F043,images/REF04692.jpg
REF04693,Article 4693,haut,M10,laine,sport,milieu,F097,images/REF04693.jpg
REF04694,Article 4694,haut,M38,lin,ville,entree,F031,images/REF04694.jpg
REF04695,Article 4695,accessoire,M01,lin,ville,entree,F030,images/REF04695.jpg
REF04696,Article 4696,maison,M27,coton,ville,entree,F086,images/REF04696.jpg
REF04697,Article 4697,accessoire,M40,synthetique,ville,premium,F002,images/REF04697.jpg
REF04698,Article 4698,accessoire,M32,coton,sport,entree,F139,images/REF04698.jpg
REF04699,Article 4699,haut,M25,lin,ville,milieu,F015,images/REF04699.jpg
REF04700,Article 4700,bas,M26,synthetique,soiree,premium,F002,images/REF04700.jpg
REF04701,Article 4701,maison,M19,coton,ville,entree,F138,images/REF04701.jpg
REF04702,Article 4702,haut,M05,lin,ville,milieu,F097,images/REF04702.jpg
REF04703,Article 4703,accessoire,M06,lin,soiree,entree,F042,images/REF04703.jpg
REF04704,Article 4704,bas,M37,laine,ville,milieu,F128,images/REF04704.jpg
REF04705,Article 4705,maison,M16,laine,ville,milieu,F076,images/REF04705.jpg
REF04706,Article 4706,maison,M09,lin,ville,milieu,F130,images/REF04706.jpg
REF04707,Article 4707,haut,M18,synthetique,sport,milieu,F110,images/REF04707.jpg
REF04708,Article 4708,haut,M34,lin,sport,milieu,F119,images/REF04708.jpg
REF04709,Article 4709,maison,M19,laine,soiree,entree,F026,images/REF04709.jpg
REF04710,Article 4710,haut,M20,coton,sport,milieu,F048,images/REF04710.jpg
REF04711,Article 4711,bas,M16,synthetique,soiree,milieu,F050,images/REF04711.jpg
REF04712,Article 4712,haut,M15,synthetique,ville,entree,F132,images/REF04712.jpg
REF04713,Article 4713,bas,M16,laine,ville,premium,F120,images/REF04713.jpg
REF04714,Article 4714,accessoire,M10,synthetique,sport,premium,F101,images/REF04714.jpg
REF04715,Article 4715,haut,M17,lin,ville,entree,F083,images/REF04715.jpg
REF04716,Article 4716,maison,M37,laine,ville,premium,F093,images/REF04716.jpg
REF04717,Article 4717,bas,M37,lin,ville,entree,F023,images/REF04717.jpg
REF04718,Article 4718,accessoire,M34,synthetique,ville,premium,F110,images/REF04718.jpg
REF04719,Article 4719,accessoire,M17,lin,sport,milieu,F009,images/REF04719.jpg
REF04720,Article 4720,bas,M06,synthetique,sport,entree,F006,images/REF04720.jpg
REF04721,Article 4721,haut,M10,coton,sport,entree,F069,images/REF04721.jpg
REF04722,Article 4722,maison,M39,lin,sport,entree,F076,images/REF04722.jpg
REF04723,Article 4723,accessoire,M11,laine,ville,premium,F027,images/REF04723.jpg
REF04724,Article 4724,accessoire,M08,synthetique,ville,milieu,F114,images/REF04724.jpg
REF04725,Article 4725,haut,M28,synthetique,ville,premium,F056,images/REF04725.jpg
REF04726,Article 4726,maison,M39,laine,sport,milieu,F077,images/REF04726.jpg
REF04727,Article 4727,accessoire,M06,laine,soiree,entree,F024,images/REF04727.jpg
REF04728,Article 4728,bas,M25,synthetique,soiree,entree,F030,images/REF04728.jpg
REF04729,Article 4729,bas,M36,coton,soiree,milieu,F086,images/REF04729.jpg
REF04730,Article 4730,haut,M21,lin,ville,entree,F066,images/REF04730.jpg
REF04731,Article 4731,maison,M34,synthetique,ville,entree,F123,images/REF04731.jpg
REF04732,Article 4732,haut,M30,coton,soiree,milieu,F051,images/REF04732.jpg
REF04733,Article 4733,accessoire,M36,laine,soiree,premium,F087,images/REF04733.jpg
REF04734,Article 4734,bas,M34,laine,sport,entree,F053,images/REF04734.jpg
REF04735,Article 4735,accessoire,M16,lin,sport,premium,F083,images/REF04735.jpg
REF04736,Article 4736,bas,M17,laine,soiree,premium,F030,images/REF04736.jpg
REF04737,Article 4737,maison,M35,laine,ville,premium,F134,images/REF04737.jpg
REF04738,Article 4738,maison,M35,coton,soiree,premium,F040,images/REF04738.jpg
REF04739,Article 4739,maison,M34,laine,ville,milieu,F092,images/REF04739.jpg
REF04740,Article 4740,bas,M36,synthetique,sport,entree,F116,images/REF04740.jpg
REF04741,Article 4741,haut,M06,synthetique,ville,premium,F128,images/REF04741.jpg
REF04742,Article 4742,bas,M17,synthetique,sport,entree,F092,images/REF04742.jpg
REF04743,Article 4743,bas,M16,lin,sport,entree,F106,images/REF04743.jpg
REF04744,Article 4744,maison,M30,coton,soiree,milieu,F114,images/REF04744.jpg
REF04745,Article 4745,bas,M18,synthetique,sport,entree,F062,images/REF04745.jpg
REF04746,Article 4746,accessoire,M26,laine,soiree,premium,F128,images/REF04746.jpg
REF04747,Article 4747,accessoire,M02,laine,sport,milieu,F071,images/REF04747.jpg
REF04748,Article 4748,accessoire,M24,laine,soiree,entree,F106,images/REF04748.jpg
REF04749,Article 4749,bas,M06,synthetique,soiree,milieu,F047,images/REF04749.jpg
REF04750,Article 4750,maison,M24,synthetique,ville,milieu,F128,images/REF04750.jpg
REF04751,Article 4751,haut,M03,coton,sport,milieu,F060,images/REF04751.jpg
REF04752,Article 4752,accessoire,M07,laine,sport,entree,F103,images/REF04752.jpg
REF04753,Article 4753,accessoire,M38,lin,soiree,premium,F035,images/REF04753.jpg
REF04754,Article 4754,haut,M35,lin,sport,premium,F036,images/REF04754.jpg
REF04755,Article 4755,bas,M05,lin,soiree,premium,F082,images/REF04755.jpg
REF04756,Article 4756,maison,M27,coton,ville,entree,F045,images/REF04756.jpg
REF04757,Article 4757,bas,M30,coton,ville,entree,F029,images/REF04757.jpg
REF04758,Article 4758,haut,M04,coton,sport,premium,F134,images/REF04758.jpg
REF04759,Article 4759,maison,M08,laine,sport,entree,F004,images/REF04759.jpg
REF04760,Article 4760,haut,M22,laine,sport,premium,F059,images/REF04760.jpg
REF04761,Article 4761,maison,M15,laine,soiree,entree,F044,images/REF04761.jpg
REF04762,Article 4762,accessoire,M09,coton,soiree,entree,F096,images/REF04762.jpg
REF04763,Article 4763,bas,M11,synthetique,soiree,premium,F006,images/REF04763.jpg
REF04764,Article 4764,accessoire,M19,lin,sport,entree,F091,images/REF04764.jpg
REF04765,Article 4765,accessoire,M39,synthetique,ville,premium,F099,images/REF04765.jpg
REF04766,Article 4766,haut,M31,synthetique,soiree,entree,F114,images/REF04766.jpg
REF04767,Article 4767,haut,M25,lin,soiree,milieu,F007,images/REF04767.jpg
REF04768,Article 4768,accessoire,M02,laine,soiree,milieu,F024,images/REF04768.jpg
REF04769,Article 4769,haut,M37,coton,soiree,premium,F038,images/REF04769.jpg
REF04770,Article 4770,haut,M30,synthetique,ville,milieu,F083,images/REF04770.jpg
REF04771,Article 4771,haut,M05,synthetique,sport,entree,F106,images/REF04771.jpg
REF04772,Article 4772,bas,M17,lin,sport,entree,F055,images/REF04772.jpg
REF04773,Article 4773,haut,M36,laine,sport,premium,F128,images/REF04773.jpg
REF04774,Article 4774,maison,M04,coton,ville,entree,F077,images/REF04774.jpg
REF04775,Article 4775,haut,M35,coton,sport,premium,F119,images/REF04775.jpg
REF04776,Article 4776,maison,M05,lin,soiree,premium,F035,images/REF04776.jpg
REF04777,Article 4777,haut,M16,coton,soiree,premium,F079,images/REF04777.jpg
REF04778,Article 4778,accessoire,M39,synthetique,ville,milieu,F077,images/REF04778.jpg
REF04779,Article 4779,haut,M29,coton,soiree,milieu,F111,images/REF04779.jpg
REF04780,Article 4780,maison,M17,coton,ville,premium,F113,images/REF04780.jpg
REF04781,Article 4781,accessoire,M15,synthetique,soiree,milieu,F094,images/REF04781.jpg
REF04782,Article 4782,accessoire,M11,laine,sport,premium,F138,images/REF04782.jpg
REF04783,Article 4783,accessoire,M24,laine,ville,premium,F069,images/REF04783.jpg
REF04784,Article 4784,haut,M31,laine,ville,entree,F033,images/REF04784.jpg
REF04785,Article 4785,maison,M33,synthetique,soiree,entree,F086,images/REF04785.jpg
REF04786,Article 4786,maison,M01,lin,sport,premium,F006,images/REF04786.jpg
REF04787,Article 4787,maison,M10,synthetique,sport,entree,F115,images/REF04787.jpg
REF04788,Article 4788,accessoire,M39,laine,ville,entree,F034,images/REF04788.jpg
REF04789,Article 4789,accessoire,M19,synthetique,ville,milieu,F065,images/REF04789.jpg
REF04790,Article 4790,accessoire,M22,laine,sport,milieu,F067,images/REF04790.jpg
REF04791,Article 4791,accessoire,M37,coton,sport,entree,F067,images/REF04791.jpg
REF04792,Article 4792,maison,M03,laine,soiree,entree,F060,images/REF04792.jpg
REF04793,Article 4793,maison,M23,synthetique,soiree,milieu,F116,images/REF04793.jpg
REF04794,Article 4794,accessoire,M23,lin,sport,premium,F061,images/REF04794.jpg
REF04795,Article 4795,maison,M40,coton,soiree,entree,F068,images/REF04795.jpg
REF04796,Article 4796,bas,M35,synthetique,sport,premium,F017,images/REF04796.jpg
REF04797,Article 4797,maison,M29,laine,ville,milieu,F011,images/REF04797.jpg
REF04798,Article 4798,bas,M22,synthetique,sport,premium,F040,images/REF04798.jpg
REF04799,Article 4799,bas,M37,laine,soiree,milieu,F002,images/REF04799.jpg
REF04800,Article 4800,accessoire,M02,laine,soiree,entree,F133,images/REF04800.jpg
REF04801,Article 4801,haut,M38,lin,soiree,milieu,F139,images/REF04801.jpg
REF04802,Article 4802,maison,M15,laine,sport,milieu,F099,images/REF04802.jpg
REF04803,Article 4803,maison,M19,coton,soiree,milieu,F002,images/REF04803.jpg
REF04804,Article 4804,maison,M07,coton,sport,premium,F091,images/REF04804.jpg
REF04805,Article 4805,bas,M29,laine,soiree,premium,F108,images/REF04805.jpg
REF04806,Article 4806,bas,M01,laine,ville,premium,F063,images/REF04806.jpg
REF04807,Article 4807,bas,M33,laine,sport,premium,F135,images/REF04807.jpg
REF04808,Article 4808,bas,M29,laine,ville,premium,F100,images/REF04808.jpg
REF04809,Article 4809,accessoire,M33,coton,ville,premium,F045,images/REF04809.jpg
REF04810,Article 4810,haut,M29,lin,soiree,premium,F074,images/REF04810.jpg
REF04811,Article 4811,maison,M37,lin,sport,entree,F137,images/REF04811.jpg
REF04812,Article 4812,accessoire,M04,synthetique,ville,milieu,F061,images/REF04812.jpg
REF04813,Article 4813,accessoire,M14,laine,sport,premium,F123,images/REF04813.jpg
REF04814,Article 4814,maison,M17,synthetique,soiree,milieu,F089,images/REF04814.jpg
REF04815,Article 4815,maison,M32,laine,sport,premium,F047,images/REF04815.jpg
REF04816,Article 4816,haut,M29,synthetique,soiree,premium,F138,images/REF04816.jpg
REF04817,Article 4817,maison,M35,coton,soiree,premium,F108,images/REF04817.jpg
REF04818,Article 4818,accessoire,M08,coton,ville,milieu,F072,images/REF04818.jpg
REF04819,Article 4819,accessoire,M14,lin,soiree,entree,F077,images/REF04819.jpg
REF04820,Article 4820,haut,M22,laine,ville,premium,F076,images/REF04820.jpg
REF04821,Article 4821,haut,M22,synthetique,soiree,milieu,F102,images/REF04821.jpg
REF04822,Article 4822,maison,M06,lin,ville,milieu,F035,images/REF04822.jpg
REF04823,Article 4823,accessoire,M34,lin,sport,entree,F089,images/REF04823.jpg
REF04824,Article 4824,accessoire,M04,coton,soiree,milieu,F038,images/REF04824.jpg
REF04825,Article 4825,maison,M24,synthetique,ville,milieu,F121,images/REF04825.jpg
REF04826,Article 4826,maison,M29,lin,soiree,milieu,F064,images/REF04826.jpg
REF04827,Article 4827,accessoire,M38,lin,ville,premium,F127,images/REF04827.jpg
REF04828,Article 4828,bas,M13,synthetique,soiree,milieu,F114,images/REF04828.jpg
REF04829,Article 4829,bas,M17,synthetique,sport,entree,F029,images/REF04829.jpg
REF04830,Article 4830,haut,M27,synthetique,sport,entree,F037,images/REF04830.jpg
REF04831,Article 4831,maison,M30,coton,soiree,premium,F068,images/REF04831.jpg
REF04832,Article 4832,accessoire,M26,laine,sport,entree,F124,images/REF04832.jpg
REF04833,Article 4833,maison,M04,lin,soiree,milieu,F058,images/REF04833.jpg
REF04834,Article 4834,haut,M34,coton,soiree,entree,F126,images/REF04834.jpg
REF04835,Article 4835,accessoire,M35,coton,soiree,entree,F054,images/REF04835.jpg
REF04836,Article 4836,maison,M05,coton,sport,milieu,F073,images/REF04836.jpg
REF04837,Article 4837,maison,M32,coton,soiree,premium,F077,images/REF04837.jpg
REF04838,Article 4838,haut,M20,coton,ville,milieu,F052,images/REF04838.jpg
REF04839,Article 4839,maison,M09,coton,sport,milieu,F140,images/REF04839.jpg
REF04840,Article 4840,haut,M03,coton,sport,milieu,F007,images/REF04840.jpg
REF04841,Article 4841,maison,M07,synthetique,ville,milieu,F072,images/REF04841.jpg
REF04842,Article 4842,haut,M32,coton,sport,entree,F009,images/REF04842.jpg
REF04843,Article 4843,haut,M31,synthetique,soiree,milieu,F134,images/REF04843.jpg
REF04844,Article 4844,accessoire,M19,synthetique,soiree,entree,F053,images/REF04844.jpg
REF04845,Article 4845,haut,M16,coton,soiree,premium,F111,images/REF04845.jpg
REF04846,Article 4846,haut,M28,lin,soiree,premium,F031,images/REF04846.jpg
REF04847,Article 4847,maison,M17,lin,soiree,milieu,F031,images/REF04847.jpg
REF04848,Article 4848,bas,M36,lin,sport,premium,F140,images/REF04848.jpg
REF04849,Article 4849,bas,M32,laine,sport,premium,F127,images/REF04849.jpg
REF04850,Article 4850,haut,M27,synthetique,ville,milieu,F016,images/REF04850.jpg
REF04851,Article 4851,bas,M13,coton,sport,premium,F075,images/REF04851.jpg
REF04852,Article 4852,maison,M07,coton,sport,premium,F119,images/REF04852.jpg
REF04853,Article 4853,maison,M40,laine,sport,premium,F093,images/REF04853.jpg
REF04854,Article 4854,haut,M14,synthetique,sport,entree,F024,images/REF04854.jpg
REF04855,Article 4855,haut,M18,coton,ville,milieu,F136,images/REF04855.jpg
REF04856,Article 4856,haut,M33,synthetique,ville,entree,F075,images/REF04856.jpg
REF04857,Article 4857,haut,M26,coton,soiree,milieu,F073,images/REF04857.jpg
REF04858,Article 4858,maison,M14,coton,sport,premium,F120,images/REF04858.jpg
REF04859,Article 4859,bas,M25,coton,soiree,entree,F036,images/REF04859.jpg
REF04860,Article 4860,accessoire,M25,coton,sport,premium,F118,images/REF04860.jpg
REF04861,Article 4861,maison,M35,synthetique,sport,premium,F076,images/REF04861.jpg
REF04862,Article 4862,haut,M19,lin,soiree,milieu,F063,images/REF04862.jpg
REF04863,Article 4863,accessoire,M21,laine,soiree,premium,F114,images/REF04863.jpg
REF04864,Article 4864,maison,M27,lin,sport,premium,F048,images/REF04864.jpg
REF04865,Article 4865,bas,M23,synthetique,ville,premium,F056,images/REF04865.jpg
REF04866,Article 4866,bas,M32,coton,ville,entree,F110,images/REF04866.jpg
REF04867,Article 4867,haut,M40,lin,soiree,premium,F100,images/REF04867.jpg
REF04868,Article 4868,bas,M27,lin,sport,milieu,F023,images/REF04868.jpg
REF04869,Article 4869,maison,M29,lin,ville,entree,F108,images/REF04869.jpg
REF04870,Article 4870,accessoire,M35,coton,ville,premium,F048,images/REF04870.jpg
REF04871,Article 4871,maison,M37,synthetique,sport,milieu,F031,images/REF04871.jpg
REF04872,Article 4872,bas,M08,synthetique,sport,entree,F012,images/REF04872.jpg
REF04873,Article 4873,maison,M21,lin,soiree,entree,F135,images/REF04873.jpg
REF04874,Article 4874,maison,M33,coton,sport,premium,F064,images/REF04874.jpg
REF04875,Article 4875,maison,M25,laine,sport,entree,F131,images/REF04875.jpg
REF04876,Article 4876,accessoire,M08,coton,ville,entree,F060,images/REF04876.jpg
REF04877,Article 4877,bas,M11,coton,soiree,entree,F059,images/REF04877.jpg
REF04878,Article 4878,haut,M25,lin,soiree,premium,F047,images/REF04878.jpg
REF04879,Article 4879,accessoire,M14,laine,ville,entree,F029,images/REF04879.jpg
REF04880,Article 4880,accessoire,M35,lin,sport,premium,F056,images/REF04880.jpg
REF04881,Article 4881,accessoire,M37,laine,sport,milieu,F092,images/REF04881.jpg
REF04882,Article 4882,maison,M28,lin,sport,milieu,F130,images/REF04882.jpg
REF04883,Article 4883,haut,M17,synthetique,soiree,premium,F085,images/REF04883.jpg
REF04884,Article 4884,bas,M02,lin,ville,premium,F023,images/REF04884.jpg
REF04885,Article 4885,maison,M35,lin,soiree,premium,F139,images/REF04885.jpg
REF04886,Article 4886,accessoire,M34,laine,ville,entree,F092,images/REF04886.jpg
REF04887,Article 4887,accessoire,M06,synthetique,soiree,milieu,F136,images/REF04887.jpg
REF04888,Article 4888,accessoire,M14,lin,ville,entree,F085,images/REF04888.jpg
REF04889,Article 4889,bas,M31,lin,ville,premium,F138,images/REF04889.jpg
REF04890,Article 4890,accessoire,M06,synthetique,sport,milieu,F116,images/REF04890.jpg
REF04891,Article 4891,haut,M30,lin,ville,entree,F049,images/REF04891.jpg
REF04892,Article 4892,bas,M39,laine,sport,entree,F032,images/REF04892.jpg
REF04893,Article 4893,bas,M35,coton,sport,premium,F044,images/REF04893.jpg
REF04894,Article 4894,haut,M16,laine,ville,premium,F030,images/REF04894.jpg
REF04895,Article 4895,maison,M18,synthetique,soiree,entree,F100,images/REF04895.jpg
REF04896,Article 4896,accessoire,M06,laine,ville,entree,F075,images/REF04896.jpg
REF04897,Article 4897,bas,M29,lin,sport,premium,F061,images/REF04897.jpg
REF04898,Article 4898,maison,M34,coton,ville,premium,F040,images/REF04898.jpg
REF04899,Article 4899,bas,M40,lin,soiree,entree,F128,images/REF04899.jpg
REF04900,Article 4900,bas,M26,laine,soiree,premium,F137,images/REF04900.jpg
REF04901,Article 4901,accessoire,M14,laine,sport,entree,F103,images/REF04901.jpg
REF04902,Article 4902,haut,M05,lin,ville,milieu,F099,images/REF04902.jpg
REF04903,Article 4903,maison,M08,laine,ville,premium,F115,images/REF04903.jpg
REF04904,Article 4904,maison,M02,lin,sport,entree,F034,images/REF04904.jpg
REF04905,Article 4905,maison,M07,synthetique,soiree,premium,F125,images/REF04905.jpg
REF04906,Article 4906,accessoire,M37,synthetique,ville,milieu,F029,images/REF04906.jpg
REF04907,Article 4907,accessoire,M22,laine,sport,premium,F062,images/REF04907.jpg
REF04908,Article 4908,accessoire,M39,laine,sport,premium,F004,images/REF04908.jpg
REF04909,Article 4909,accessoire,M28,lin,sport,milieu,F140,images/REF04909.jpg
REF04910,Article 4910,haut,M37,lin,soiree,entree,F067,images/REF04910.jpg
REF04911,Article 4911,bas,M32,synthetique,sport,premium,F074,images/REF04911.jpg
REF04912,Article 4912,maison,M33,lin,ville,milieu,F057,images/REF04912.jpg
REF04913,Article 4913,maison,M11,coton,soiree,entree,F082,images/REF04913.jpg
REF04914,Article 4914,bas,M03,synthetique,soiree,premium,F038,images/REF04914.jpg
REF04915,Article 4915,accessoire,M04,lin,sport,premium,F129,images/REF04915.jpg
REF04916,Article 4916,maison,M37,synthetique,ville,premium,F064,images/REF04916.jpg
REF04917,Article 4917,haut,M33,coton,sport,milieu,F097,images/REF04917.jpg
REF04918,Article 4918,haut,M13,coton,sport,premium,F019,images/REF04918.jpg
REF04919,Article 4919,haut,M03,lin,ville,milieu,F005,images/REF04919.jpg
REF04920,Article 4920,haut,M16,coton,sport,premium,F084,images/REF04920.jpg
REF04921,Article 4921,haut,M10,laine,soiree,milieu,F093,images/REF04921.jpg
REF04922,Article 4922,bas,M08,synthetique,sport,premium,F020,images/REF04922.jpg
REF04923,Article 4923,maison,M04,lin,ville,entree,F074,images/REF04923.jpg
REF04924,Article 4924,accessoire,M12,laine,ville,milieu,F083,images/REF04924.jpg
REF04925,Article 4925,maison,M30,lin,soiree,milieu,F124,images/REF04925.jpg
REF04926,Article 4926,accessoire,M02,coton,sport,milieu,F114,images/REF04926.jpg
REF04927,Article 4927,bas,M24,lin,ville,milieu,F050,images/REF04927.jpg
REF04928,Article 4928,maison,M38,lin,sport,premium,F110,images/REF04928.jpg
REF04929,Article 4929,maison,M15,lin,soiree,premium,F121,images/REF04929.jpg
REF04930,Article 4930,haut,M03,synthetique,ville,premium,F025,images/REF04930.jpg
REF04931,Article 4931,maison,M06,coton,ville,milieu,F022,images/REF04931.jpg
REF04932,Article 4932,accessoire,M40,laine,sport,entree,F124,images/REF04932.jpg
REF04933,Article 4933,maison,M16,coton,soiree,milieu,F016,images/REF04933.jpg
REF04934,Article 4934,haut,M03,synthetique,soiree,entree,F119,images/REF04934.jpg
REF04935,Article 4935,maison,M19,laine,soiree,premium,F068,images/REF04935.jpg
REF04936,Article 4936,haut,M10,laine,sport,premium,F100,images/REF04936.jpg
REF04937,Article 4937,accessoire,M19,coton,ville,entree,F069,images/REF04937.jpg
REF04938,Article 4938,haut,M04,laine,ville,entree,F071,images/REF04938.jpg
REF04939,Article 4939,haut,M26,lin,ville,milieu,F129,images/REF04939.jpg
REF04940,Article 4940,accessoire,M38,synthetique,ville,milieu,F068,images/REF04940.jpg
REF04941,Article 4941,accessoire,M05,laine,soiree,entree,F099,images/REF04941.jpg
REF04942,Article 4942,maison,M06,lin,ville,milieu,F066,images/REF04942.jpg
REF04943,Article 4943,haut,M25,laine,sport,entree,F130,images/REF04943.jpg
REF04944,Article 4944,accessoire,M30,lin,sport,milieu,F090,images/REF04944.jpg
REF04945,Article 4945,haut,M05,laine,sport,entree,F078,images/REF04945.jpg
REF04946,Article 4946,accessoire,M31,coton,soiree,premium,F063,images/REF04946.jpg
REF04947,Article 4947,haut,M27,lin,soiree,milieu,F110,images/REF04947.jpg
REF04948,Article 4948,maison,M29,laine,ville,milieu,F023,images/REF04948.jpg
REF04949,Article 4949,maison,M05,coton,soiree,milieu,F007,images/REF04949.jpg
REF04950,Article 4950,bas,M08,lin,soiree,premium,F046,images/REF04950.jpg
REF04951,Article 4951,accessoire,M21,lin,soiree,milieu,F103,images/REF04951.jpg
REF04952,Article 4952,accessoire,M33,lin,sport,entree,F026,images/REF04952.jpg
REF04953,Article 4953,maison,M02,synthetique,soiree,entree,F106,images/REF04953.jpg
REF04954,Article 4954,maison,M12,lin,soiree,milieu,F068,images/REF04954.jpg
REF04955,Article 4955,accessoire,M16,lin,soiree,milieu,F052,images/REF04955.jpg
REF04956,Article 4956,haut,M36,lin,ville,premium,F120,images/REF04956.jpg
REF04957,Article 4957,bas,M38,lin,soiree,entree,F040,images/REF04957.jpg
REF04958,Article 4958,accessoire,M03,coton,sport,premium,F032,images/REF04958.jpg
REF04959,Article 4959,accessoire,M12,synthetique,soiree,milieu,F082,images/REF04959.jpg
REF04960,Article 4960,haut,M03,laine,ville,premium,F136,images/REF04960.jpg
REF04961,Article 4961,accessoire,M23,synthetique,sport,entree,F018,images/REF04961.jpg
REF04962,Article 4962,bas,M04,coton,sport,premium,F039,images/REF04962.jpg
REF04963,Article 4963,bas,M29,laine,sport,entree,F138,images/REF04963.jpg
REF04964,Article 4964,haut,M08,synthetique,ville,milieu,F001,images/REF04964.jpg
REF04965,Article 4965,bas,M23,coton,sport,milieu,F059,images/REF04965.jpg
REF04966,Article 4966,bas,M37,lin,ville,premium,F076,images/REF04966.jpg
REF04967,Article 4967,bas,M02,lin,soiree,entree,F029,images/REF04967.jpg
REF04968,Article 4968,haut,M11,laine,soiree,entree,F013,images/REF04968.jpg
REF04969,Article 4969,haut,M20,laine,ville,milieu,F127,images/REF04969.jpg
REF04970,Article 4970,haut,M01,coton,soiree,entree,F001,images/REF04970.jpg
REF04971,Article 4971,bas,M25,synthetique,sport,milieu,F071,images/REF04971.jpg
REF04972,Article 4972,bas,M23,synthetique,sport,milieu,F024,images/REF04972.jpg
REF04973,Article 4973,haut,M25,coton,sport,milieu,F072,images/REF04973.jpg
REF04974,Article 4974,bas,M21,coton,soiree,milieu,F010,images/REF04974.jpg
REF04975,Article 4975,haut,M22,lin,sport,entree,F064,images/REF04975.jpg
REF04976,Article 4976,accessoire,M10,lin,sport,milieu,F026,images/REF04976.jpg
REF04977,Article 4977,accessoire,M28,synthetique,soiree,entree,F055,images/REF04977.jpg
REF04978,Article 4978,haut,M29,synthetique,soiree,premium,F033,images/REF04978.jpg
REF04979,Article 4979,accessoire,M22,laine,soiree,entree,F111,images/REF04979.jpg
REF04980,Article 4980,accessoire,M17,laine,soiree,entree,F114,images/REF04980.jpg
REF04981,Article 4981,accessoire,M04,synthetique,sport,premium,F104,images/REF04981.jpg
REF04982,Article 4982,haut,M01,coton,ville,premium,F092,images/REF04982.jpg
REF04983,Article 4983,maison,M30,lin,ville,milieu,F068,images/REF04983.jpg
REF04984,Article 4984,bas,M15,coton,sport,milieu,F102,images/REF04984.jpg
REF04985,Article 4985,accessoire,M17,synthetique,soiree,milieu,F019,images/REF04985.jpg
REF04986,Article 4986,haut,M16,coton,soiree,entree,F106,images/REF04986.jpg
REF04987,Article 4987,bas,M16,coton,sport,milieu,F139,images/REF04987.jpg
REF04988,Article 4988,maison,M11,laine,ville,entree,F052,images/REF04988.jpg
REF04989,Article 4989,haut,M40,synthetique,soiree,premium,F028,images/REF04989.jpg
REF04990,Article 4990,bas,M07,lin,sport,entree,F067,images/REF04990.jpg
REF04991,Article 4991,accessoire,M05,laine,sport,entree,F022,images/REF04991.jpg
REF04992,Article 4992,bas,M19,laine,soiree,entree,F076,images/REF04992.jpg
REF04993,Article 4993,bas,M15,synthetique,soiree,entree,F072,images/REF04993.jpg
REF04994,Article 4994,haut,M36,laine,ville,milieu,F116,images/REF04994.jpg
REF04995,Article 4995,bas,M17,lin,soiree,premium,F139,images/REF04995.jpg
REF04996,Article 4996,maison,M08,lin,ville,premium,F081,images/REF04996.jpg
REF04997,Article 4997,haut,M33,coton,soiree,premium,F008,images/REF04997.jpg
REF04998,Article 4998,bas,M36,lin,soiree,entree,F067,images/REF04998.jpg
REF04999,Article 4999,maison,M03,synthetique,sport,milieu,F065,images/REF04999.jpg
REF05000,Article 5000,bas,M04,laine,sport,milieu,F061,images/REF05000.jpg
REF05001,Article 5001,maison,M29,lin,soiree,milieu,F128,images/REF05001.jpg
REF05002,Article 5002,accessoire,M25,synthetique,soiree,entree,F096,images/REF05002.jpg
REF05003,Article 5003,maison,M26,coton,ville,milieu,F071,images/REF05003.jpg
REF05004,Article 5004,maison,M05,laine,sport,milieu,F115,images/REF05004.jpg
REF05005,Article 5005,accessoire,M21,synthetique,soiree,entree,F076,images/REF05005.jpg
REF05006,Article 5006,bas,M26,synthetique,ville,premium,F135,images/REF05006.jpg
REF05007,Article 5007,haut,M16,lin,soiree,milieu,F096,images/REF05007.jpg
REF05008,Article 5008,haut,M12,lin,sport,premium,F140,images/REF05008.jpg
REF05009,Article 5009,bas,M11,lin,soiree,entree,F028,images/REF05009.jpg
REF05010,Article 5010,maison,M28,coton,ville,milieu,F071,images/REF05010.jpg
REF05011,Article 5011,haut,M39,laine,soiree,entree,F034,images/REF05011.jpg
REF05012,Article 5012,bas,M34,laine,soiree,entree,F040,images/REF05012.jpg
REF05013,Article 5013,maison,M09,coton,sport,premium,F059,images/REF05013.jpg
REF05014,Article 5014,haut,M12,laine,ville,milieu,F029,images/REF05014.jpg
REF05015,Article 5015,haut,M18,laine,ville,premium,F099,images/REF05015.jpg
REF05016,Article 5016,accessoire,M34,laine,sport,premium,F029,images/REF05016.jpg
REF05017,Article 5017,accessoire,M11,coton,sport,entree,F139,images/REF05017.jpg
REF05018,Article 5018,maison,M10,coton,soiree,premium,F046,images/REF05018.jpg
REF05019,Article 5019,accessoire,M06,coton,soiree,premium,F102,images/REF05019.jpg
REF05020,Article 5020,haut,M19,laine,sport,entree,F098,images/REF05020.jpg
REF05021,Article 5021,accessoire,M09,coton,soiree,milieu,F070,images/REF05021.jpg
REF05022,Article 5022,haut,M04,coton,ville,premium,F078,images/REF05022.jpg
REF05023,Article 5023,haut,M37,lin,sport,milieu,F067,images/REF05023.jpg
REF05024,Article 5024,accessoire,M18,lin,sport,entree,F001,images/REF05024.jpg
REF05025,Article 5025,accessoire,M21,coton,ville,premium,F097,images/REF05025.jpg
REF05026,Article 5026,accessoire,M38,lin,ville,milieu,F106,images/REF05026.jpg
REF05027,Article 5027,bas,M39,lin,ville,premium,F049,images/REF05027.jpg
REF05028,Article 5028,bas,M07,coton,ville,premium,F007,images/REF05028.jpg
REF05029,Article 5029,accessoire,M20,lin,soiree,premium,F067,images/REF05029.jpg
REF05030,Article 5030,bas,M20,synthetique,soiree,premium,F087,images/REF05030.jpg
REF05031,Article 5031,maison,M01,synthetique,ville,premium,F139,images/REF05031.jpg
REF05032,Article 5032,maison,M03,laine,ville,premium,F130,images/REF05032.jpg
REF05033,Article 5033,bas,M34,laine,ville,entree,F034,images/REF05033.jpg
REF05034,Article 5034,haut,M30,synthetique,soiree,milieu,F021,images/REF05034.jpg
REF05035,Article 5035,accessoire,M01,laine,soiree,entree,F120,images/REF05035.jpg
REF05036,Article 5036,haut,M10,laine,soiree,milieu,F074,images/REF05036.jpg
REF05037,Article 5037,bas,M21,lin,ville,milieu,F022,images/REF05037.jpg
REF05038,Article 5038,bas,M31,coton,ville,milieu,F122,images/REF05038.jpg
REF05039,Article 5039,maison,M38,lin,soiree,entree,F057,images/REF05039.jpg
REF05040,Article 5040,maison,M26,coton,soiree,premium,F109,images/REF05040.jpg
REF05041,Article 5041,maison,M07,synthetique,soiree,premium,F040,images/REF05041.jpg
REF05042,Article 5042,bas,M39,coton,ville,premium,F037,images/REF05042.jpg
REF05043,Article 5043,haut,M12,synthetique,ville,milieu,F125,images/REF05043.jpg
REF05044,Article 5044,haut,M09,synthetique,ville,premium,F026,images/REF05044.jpg
REF05045,Article 5045,maison,M33,synthetique,sport,milieu,F078,images/REF05045.jpg
REF05046,Article 5046,accessoire,M29,lin,soiree,premium,F136,images/REF05046.jpg
REF05047,Article 5047,maison,M29,coton,ville,milieu,F108,images/REF05047.jpg
REF05048,Article 5048,accessoire,M25,synthetique,ville,premium,F070,images/REF05048.jpg
REF05049,Article 5049,bas,M34,coton,sport,premium,F043,images/REF05049.jpg
REF05050,Article 5050,haut,M04,lin,sport,entree,F079,images/REF05050.jpg
REF05051,Article 5051,bas,M06,coton,sport,premium,F079,images/REF05051.jpg
REF05052,Article 5052,accessoire,M21,coton,sport,entree,F004,images/REF05052.jpg
REF05053,Article 5053,accessoire,M03,synthetique,ville,milieu,F052,images/REF05053.jpg
REF05054,Article 5054,accessoire,M39,lin,ville,milieu,F002,images/REF05054.jpg
REF05055,Article 5055,maison,M16,synthetique,soiree,milieu,F128,images/REF05055.jpg
REF05056,Article 5056,bas,M34,synthetique,soiree,premium,F114,images/REF05056.jpg
REF05057,Article 5057,bas,M06,lin,soiree,premium,F080,images/REF05057.jpg
REF05058,Article 5058,accessoire,M14,laine,sport,milieu,F084,images/REF05058.jpg
REF05059,Article 5059,bas,M29,lin,ville,premium,F129,images/REF05059.jpg
REF05060,Article 5060,accessoire,M25,lin,sport,premium,F111,images/REF05060.jpg
REF05061,Article 5061,accessoire,M11,coton,sport,milieu,F020,images/REF05061.jpg
REF05062,Article 5062,maison,M14,coton,sport,milieu,F028,images/REF05062.jpg
REF05063,Article 5063,haut,M16,synthetique,ville,premium,F049,images/REF05063.jpg
REF05064,Article 5064,maison,M32,synthetique,ville,entree,F073,images/REF05064.jpg
REF05065,Article 5065,bas,M17,coton,soiree,entree,F034,images/REF05065.jpg
REF05066,Article 5066,bas,M30,synthetique,sport,premium,F095,images/REF05066.jpg
REF05067,Article 5067,bas,M30,laine,soiree,entree,F036,images/REF05067.jpg
REF05068,Article 5068,haut,M07,synthetique,ville,milieu,F079,images/REF05068.jpg
REF05069,Article 5069,haut,M09,synthetique,ville,milieu,F134,images/REF05069.jpg
REF05070,Article 5070,bas,M32,laine,ville,premium,F067,images/REF05070.jpg
REF05071,Article 5071,bas,M33,synthetique,sport,milieu,F004,images/REF05071.jpg
REF05072,Article 5072,accessoire,M39,synthetique,sport,milieu,F043,images/REF05072.jpg
REF05073,Article 5073,accessoire,M10,lin,ville,premium,F046,images/REF05073.jpg
REF05074,Article 5074,bas,M26,lin,soiree,premium,F065,images/REF05074.jpg
REF05075,Article 5075,maison,M09,coton,ville,premium,F003,images/REF05075.jpg
REF05076,Article 5076,haut,M33,laine,sport,premium,F042,images/REF05076.jpg
REF05077,Article 5077,bas,M21,synthetique,sport,premium,F014,images/REF05077.jpg
REF05078,Article 5078,haut,M15,laine,ville,milieu,F098,images/REF05078.jpg
REF05079,Article 5079,accessoire,M15,lin,ville,premium,F044,images/REF05079.jpg
REF05080,Article 5080,maison,M04,coton,soiree,milieu,F056,images/REF05080.jpg
REF05081,Article 5081,maison,M38,synthetique,ville,entree,F009,images/REF05081.jpg
REF05082,Article 5082,accessoire,M29,synthetique,sport,milieu,F078,images/REF05082.jpg
REF05083,Article 5083,haut,M36,synthetique,soiree,milieu,F070,images/REF05083.jpg
REF05084,Article 5084,haut,M30,coton,soiree,milieu,F029,images/REF05084.jpg
REF05085,Article 5085,haut,M34,coton,ville,premium,F009,images/REF05085.jpg
REF05086,Article 5086,bas,M25,synthetique,sport,milieu,F040,images/REF05086.jpg
REF05087,Article 5087,bas,M11,synthetique,ville,premium,F070,images/REF05087.jpg
REF05088,Article 5088,bas,M36,laine,ville,entree,F028,images/REF05088.jpg
REF05089,Article 5089,maison,M15,laine,sport,entree,F097,images/REF05089.jpg
REF05090,Article 5090,haut,M07,laine,soiree,milieu,F068,images/REF05090.jpg
REF05091,Article 5091,haut,M16,lin,sport,premium,F009,images/REF05091.jpg
REF05092,Article 5092,maison,M22,synthetique,ville,premium,F074,images/REF05092.jpg
REF05093,Article 5093,maison,M27,laine,sport,premium,F084,images/REF05093.jpg
REF05094,Article 5094,bas,M05,lin,ville,premium,F074,images/REF05094.jpg
REF05095,Article 5095,accessoire,M39,coton,soiree,milieu,F089,images/REF05095.jpg
REF05096,Article 5096,accessoire,M33,coton,soiree,premium,F078,images/REF05096.jpg
REF05097,Article 5097,maison,M03,lin,sport,premium,F041,images/REF05097.jpg
REF05098,Article 5098,bas,M09,lin,sport,entree,F042,images/REF05098.jpg
REF05099,Article 5099,bas,M17,synthetique,soiree,milieu,F055,images/REF05099.jpg
REF05100,Article 5100,haut,M05,laine,soiree,milieu,F059,images/REF05100.jpg
REF05101,Article 5101,haut,M11,laine,ville,premium,F105,images/REF05101.jpg
REF05102,Article 5102,haut,M33,coton,soiree,entree,F072,images/REF05102.jpg
REF05103,Article 5103,accessoire,M36,coton,sport,entree,F071,images/REF05103.jpg
REF05104,Article 5104,accessoire,M21,lin,sport,entree,F080,images/REF05104.jpg
REF05105,Article 5105,bas,M24,lin,ville,entree,F070,images/REF05105.jpg
REF05106,Article 5106,accessoire,M27,synthetique,ville,milieu,F059,images/REF05106.jpg
REF05107,Article 5107,maison,M24,lin,sport,premium,F007,images/REF05107.jpg
REF05108,Article 5108,bas,M33,lin,sport,premium,F013,images/REF05108.jpg
REF05109,Article 5109,accessoire,M04,coton,ville,entree,F025,images/REF05109.jpg
REF05110,Article 5110,haut,M31,synthetique,sport,entree,F017,images/REF05110.jpg
REF05111,Article 5111,maison,M03,synthetique,sport,premium,F054,images/REF05111.jpg
REF05112,Article 5112,bas,M40,lin,sport,milieu,F137,images/REF05112.jpg
REF05113,Article 5113,accessoire,M34,coton,sport,premium,F020,images/REF05113.jpg
REF05114,Article 5114,accessoire,M33,coton,soiree,premium,F066,images/REF05114.jpg
REF05115,Article 5115,maison,M35,laine,ville,milieu,F126,images/REF05115.jpg
REF05116,Article 5116,haut,M36,coton,ville,milieu,F114,images/REF05116.jpg
REF05117,Article 5117,bas,M21,laine,soiree,milieu,F096,images/REF05117.jpg
REF05118,Article 5118,accessoire,M07,coton,ville,entree,F031,images/REF05118.jpg
REF05119,Article 5119,haut,M29,lin,sport,premium,F092,images/REF05119.jpg
REF05120,Article 5120,maison,M03,synthetique,ville,milieu,F108,images/REF05120.jpg
REF05121,Article 5121,maison,M05,lin,soiree,milieu,F040,images/REF05121.jpg
REF05122,Article 5122,haut,M36,synthetique,soiree,premium,F076,images/REF05122.jpg
REF05123,Article 5123,accessoire,M19,laine,sport,premium,F091,images/REF05123.jpg
REF05124,Article 5124,maison,M18,laine,ville,entree,F026,images/REF05124.jpg
REF05125,Article 5125,bas,M25,coton,soiree,premium,F080,images/REF05125.jpg
REF05126,Article 5126,accessoire,M34,coton,ville,milieu,F022,images/REF05126.jpg
REF05127,Article 5127,accessoire,M18,laine,sport,entree,F086,images/REF05127.jpg
REF05128,Article 5128,maison,M35,synthetique,sport,milieu,F092,images/REF05128.jpg
REF05129,Article 5129,haut,M27,laine,ville,milieu,F085,images/REF05129.jpg
REF05130,Article 5130,maison,M29,lin,ville,milieu,F068,images/REF05130.jpg
REF05131,Article 5131,maison,M20,coton,ville,premium,F034,images/REF05131.jpg
REF05132,Article 5132,haut,M18,lin,sport,milieu,F130,images/REF05132.jpg
REF05133,Article 5133,maison,M20,laine,sport,entree,F054,images/REF05133.jpg
REF05134,Article 5134,accessoire,M28,synthetique,soiree,premium,F081,images/REF05134.jpg
REF05135,Article 5135,maison,M33,lin,soiree,milieu,F027,images/REF05135.jpg
REF05136,Article 5136,haut,M22,laine,soiree,entree,F115,images/REF05136.jpg
REF05137,Article 5137,accessoire,M18,lin,sport,premium,F004,images/REF05137.jpg
REF05138,Article 5138,accessoire,M29,coton,soiree,entree,F007,images/REF05138.jpg
REF05139,Article 5139,haut,M23,coton,ville,premium,F101,images/REF05139.jpg
REF05140,Article 5140,maison,M03,synthetique,sport,milieu,F088,images/REF05140.jpg
REF05141,Article 5141,accessoire,M27,synthetique,soiree,premium,F048,images/REF05141.jpg
REF05142,Article 5142,bas,M13,lin,sport,milieu,F135,images/REF05142.jpg
REF05143,Article 5143,haut,M32,synthetique,sport,entree,F050,images/REF05143.jpg
REF05144,Article 5144,accessoire,M22,coton,ville,entree,F051,images/REF05144.jpg
REF05145,Article 5145,bas,M22,synthetique,ville,milieu,F079,images/REF05145.jpg
REF05146,Article 5146,accessoire,M25,laine,sport,premium,F076,images/REF05146.jpg
REF05147,Article 5147,accessoire,M31,laine,sport,premium,F044,images/REF05147.jpg
REF05148,Article 5148,haut,M13,coton,ville,entree,F140,images/REF05148.jpg
REF05149,Article 5149,accessoire,M03,coton,soiree,entree,F082,images/REF05149.jpg
REF05150,Article 5150,bas,M13,lin,soiree,milieu,F065,images/REF05150.jpg
REF05151,Article 5151,maison,M36,synthetique,ville,premium,F035,images/REF05151.jpg
REF05152,Article 5152,bas,M04,synthetique,ville,milieu,F005,images/REF05152.jpg
REF05153,Article 5153,bas,M25,synthetique,ville,milieu,F030,images/REF05153.jpg
REF05154,Article 5154,bas,M36,lin,soiree,milieu,F040,images/REF05154.jpg
REF05155,Article 5155,haut,M09,laine,soiree,milieu,F001,images/REF05155.jpg
REF05156,Article 5156,maison,M37,laine,soiree,milieu,F118,images/REF05156.jpg
REF05157,Article 5157,maison,M22,synthetique,sport,entree,F136,images/REF05157.jpg
REF05158,Article 5158,haut,M11,coton,soiree,milieu,F075,images/REF05158.jpg
REF05159,Article 5159,bas,M40,coton,sport,premium,F025,images/REF05159.jpg
REF05160,Article 5160,accessoire,M12,laine,sport,entree,F085,images/REF05160.jpg
REF05161,Article 5161,maison,M36,coton,ville,entree,F123,images/REF05161.jpg
REF05162,Article 5162,accessoire,M05,lin,ville,premium,F013,images/REF05162.jpg
REF05163,Article 5163,bas,M25,laine,ville,milieu,F071,images/REF05163.jpg
REF05164,Article 5164,bas,M28,lin,sport,entree,F090,images/REF05164.jpg
REF05165,Article 5165,haut,M23,coton,sport,milieu,F057,images/REF05165.jpg
REF05166,Article 5166,maison,M26,synthetique,sport,milieu,F073,images/REF05166.jpg
REF05167,Article 5167,maison,M14,laine,sport,entree,F096,images/REF05167.jpg
REF05168,Article 5168,bas,M16,laine,ville,milieu,F134,images/REF05168.jpg
REF05169,Article 5169,haut,M03,synthetique,soiree,milieu,F115,images/REF05169.jpg
REF05170,Article 5170,maison,M32,synthetique,soiree,premium,F102,images/REF05170.jpg
REF05171,Article 5171,haut,M29,synthetique,ville,entree,F040,images/REF05171.jpg
REF05172,Article 5172,haut,M33,lin,ville,premium,F131,images/REF05172.jpg
REF05173,Article 5173,haut,M12,coton,sport,premium,F036,images/REF05173.jpg
REF05174,Article 5174,bas,M03,lin,soiree,entree,F007,images/REF05174.jpg
REF05175,Article 5175,maison,M22,lin,soiree,entree,F056,images/REF05175.jpg
REF05176,Article 5176,haut,M03,laine,sport,premium,F115,images/REF05176.jpg
REF05177,Article 5177,bas,M19,synthetique,sport,milieu,F100,images/REF05177.jpg
REF05178,Article 5178,maison,M27,synthetique,sport,premium,F013,images/REF05178.jpg
REF05179,Article 5179,maison,M14,lin,sport,milieu,F101,images/REF05179.jpg
REF05180,Article 5180,accessoire,M13,coton,soiree,milieu,F035,images/REF05180.jpg
REF05181,Article 5181,bas,M24,coton,ville,entree,F071,images/REF05181.jpg
REF05182,Article 5182,haut,M36,laine,sport,premium,F079,images/REF05182.jpg
REF05183,Article 5183,bas,M30,lin,ville,entree,F044,images/REF05183.jpg
REF05184,Article 5184,bas,M08,lin,ville,entree,F009,images/REF05184.jpg
REF05185,Article 5185,bas,M06,coton,soiree,premium,F054,images/REF05185.jpg
REF05186,Article 5186,haut,M13,synthetique,sport,milieu,F024,images/REF05186.jpg
REF05187,Article 5187,haut,M39,synthetique,soiree,premium,F006,images/REF05187.jpg
REF05188,Article 5188,maison,M05,lin,soiree,premium,F126,images/REF05188.jpg
REF05189,Article 5189,maison,M11,synthetique,soiree,entree,F009,images/REF05189.jpg
REF05190,Article 5190,maison,M35,laine,soiree,milieu,F033,images/REF05190.jpg
REF05191,Article 5191,haut,M26,lin,soiree,premium,F097,images/REF05191.jpg
REF05192,Article 5192,maison,M36,laine,sport,entree,F081,images/REF05192.jpg
REF05193,Article 5193,maison,M29,lin,ville,entree,F022,images/REF05193.jpg
REF05194,Article 5194,accessoire,M26,lin,ville,milieu,F115,images/REF05194.jpg
REF05195,Article 5195,maison,M07,lin,sport,entree,F091,images/REF05195.jpg
REF05196,Article 5196,bas,M40,synthetique,sport,milieu,F088,images/REF05196.jpg
REF05197,Article 5197,bas,M13,laine,soiree,premium,F007,images/REF05197.jpg
REF05198,Article 5198,bas,M28,lin,sport,entree,F004,images/REF05198.jpg
REF05199,Article 5199,accessoire,M18,laine,soiree,milieu,F090,images/REF05199.jpg
REF05200,Article 5200,accessoire,M09,coton,sport,entree,F127,images/REF05200.jpg
REF05201,Article 5201,accessoire,M28,lin,ville,milieu,F064,images/REF05201.jpg
REF05202,Article 5202,bas,M15,synthetique,sport,entree,F037,images/REF05202.jpg
REF05203,Article 5203,maison,M34,coton,sport,entree,F010,images/REF05203.jpg
REF05204,Article 5204,haut,M35,coton,ville,premium,F117,images/REF05204.jpg
REF05205,Article 5205,bas,M36,lin,ville,entree,F055,images/REF05205.jpg
REF05206,Article 5206,accessoire,M13,coton,sport,premium,F010,images/REF05206.jpg
REF05207,Article 5207,maison,M28,coton,ville,milieu,F102,images/REF05207.jpg
REF05208,Article 5208,haut,M13,laine,sport,milieu,F092,images/REF05208.jpg
REF05209,Article 5209,bas,M16,synthetique,soiree,entree,F126,images/REF05209.jpg
REF05210,Article 5210,haut,M29,lin,soiree,milieu,F004,images/REF05210.jpg
REF05211,Article 5211,maison,M14,lin,soiree,entree,F019,images/REF05211.jpg
REF05212,Article 5212,maison,M34,synthetique,sport,milieu,F087,images/REF05212.jpg
REF05213,Article 5213,accessoire,M12,synthetique,ville,milieu,F081,images/REF05213.jpg
REF05214,Article 5214,accessoire,M38,coton,ville,entree,F105,images/REF05214.jpg
REF05215,Article 5215,accessoire,M04,laine,soiree,entree,F052,images/REF05215.jpg
REF05216,Article 5216,maison,M27,laine,ville,entree,F010,images/REF05216.jpg
REF05217,Article 5217,maison,M33,coton,ville,entree,F015,images/REF05217.jpg
REF05218,Article 5218,accessoire,M05,coton,soiree,premium,F062,images/REF05218.jpg
REF05219,Article 5219,maison,M14,coton,sport,entree,F137,images/REF05219.jpg
REF05220,Article 5220,accessoire,M08,coton,ville,milieu,F029,images/REF05220.jpg
REF05221,Article 5221,maison,M07,coton,sport,entree,F056,images/REF05221.jpg
REF05222,Article 5222,haut,M33,synthetique,sport,entree,F069,images/REF05222.jpg
REF05223,Article 5223,bas,M09,laine,soiree,milieu,F082,images/REF05223.jpg
REF05224,Article 5224,accessoire,M13,lin,sport,milieu,F081,images/REF05224.jpg
REF05225,Article 5225,bas,M29,synthetique,ville,milieu,F001,images/REF05225.jpg
REF05226,Article 5226,haut,M31,coton,soiree,milieu,F115,images/REF05226.jpg
REF05227,Article 5227,accessoire,M40,synthetique,soiree,premium,F006,images/REF05227.jpg
REF05228,Article 5228,haut,M04,synthetique,ville,milieu,F079,images/REF05228.jpg
REF05229,Article 5229,haut,M13,coton,ville,premium,F054,images/REF05229.jpg
REF05230,Article 5230,bas,M16,coton,ville,premium,F007,images/REF05230.jpg
REF05231,Article 5231,maison,M13,coton,ville,entree,F078,images/REF05231.jpg
REF05232,Article 5232,haut,M30,coton,sport,milieu,F072,images/REF05232.jpg
REF05233,Article 5233,maison,M29,synthetique,soiree,entree,F138,images/REF05233.jpg
REF05234,Article 5234,accessoire,M28,synthetique,soiree,entree,F008,images/REF05234.jpg
REF05235,Article 5235,accessoire,M33,synthetique,ville,entree,F041,images/REF05235.jpg
REF05236,Article 5236,bas,M32,lin,soiree,entree,F090,images/REF05236.jpg
REF05237,Article 5237,haut,M31,lin,soiree,entree,F077,images/REF05237.jpg
REF05238,Article 5238,haut,M31,lin,sport,milieu,F114,images/REF05238.jpg
REF05239,Article 5239,bas,M18,coton,sport,premium,F053,images/REF05239.jpg
REF05240,Article 5240,maison,M26,laine,sport,entree,F042,images/REF05240.jpg
REF05241,Article 5241,maison,M40,coton,soiree,premium,F118,images/REF05241.jpg
REF05242,Article 5242,maison,M39,coton,soiree,milieu,F073,images/REF05242.jpg
REF05243,Article 5243,haut,M40,coton,soiree,milieu,F019,images/REF05243.jpg
REF05244,Article 5244,accessoire,M26,coton,soiree,entree,F039,images/REF05244.jpg
REF05245,Article 5245,bas,M31,coton,sport,entree,F084,images/REF05245.jpg
REF05246,Article 5246,maison,M12,synthetique,ville,entree,F055,images/REF05246.jpg
REF05247,Article 5247,haut,M17,lin,ville,milieu,F053,images/REF05247.jpg
REF05248,Article 5248,maison,M27,coton,sport,premium,F100,images/REF05248.jpg
REF05249,Article 5249,bas,M39,lin,ville,premium,F085,images/REF05249.jpg
REF05250,Article 5250,maison,M17,laine,ville,premium,F054,images/REF05250.jpg
REF05251,Article 5251,haut,M40,lin,soiree,milieu,F131,images/REF05251.jpg
REF05252,Article 5252,accessoire,M14,lin,soiree,milieu,F077,images/REF05252.jpg
REF05253,Article 5253,accessoire,M07,laine,soiree,premium,F010,images/REF05253.jpg
REF05254,Article 5254,maison,M30,coton,sport,milieu,F068,images/REF05254.jpg
REF05255,Article 5255,bas,M17,synthetique,soiree,premium,F070,images/REF05255.jpg
REF05256,Article 5256,maison,M28,laine,ville,milieu,F094,images/REF05256.jpg
REF05257,Article 5257,bas,M30,coton,soiree,milieu,F128,images/REF05257.jpg
REF05258,Article 5258,haut,M03,lin,sport,premium,F074,images/REF05258.jpg
REF05259,Article 5259,haut,M07,synthetique,sport,entree,F066,images/REF05259.jpg
REF05260,Article 5260,bas,M38,synthetique,sport,premium,F131,images/REF05260.jpg
REF05261,Article 5261,bas,M32,lin,soiree,entree,F117,images/REF05261.jpg
REF05262,Article 5262,accessoire,M04,laine,soiree,premium,F089,images/REF05262.jpg
REF05263,Article 5263,maison,M37,synthetique,ville,milieu,F096,images/REF05263.jpg
REF05264,Article 5264,bas,M29,lin,ville,entree,F117,images/REF05264.jpg
REF05265,Article 5265,accessoire,M35,laine,ville,milieu,F014,images/REF05265.jpg
REF05266,Article 5266,maison,M11,lin,soiree,entree,F060,images/REF05266.jpg
REF05267,Article 5267,bas,M16,lin,soiree,premium,F022,images/REF05267.jpg
REF05268,Article 5268,haut,M24,lin,ville,entree,F077,images/REF05268.jpg
REF05269,Article 5269,maison,M07,lin,ville,entree,F097,images/REF05269.jpg
REF05270,Article 5270,haut,M24,laine,soiree,milieu,F122,images/REF05270.jpg
REF05271,Article 5271,maison,M11,lin,ville,milieu,F118,images/REF05271.jpg
REF05272,Article 5272,bas,M17,lin,ville,milieu,F125,images/REF05272.jpg
REF05273,Article 5273,bas,M18,synthetique,soiree,entree,F085,images/REF05273.jpg
REF05274,Article 5274,bas,M30,lin,sport,entree,F086,images/REF05274.jpg
REF05275,Article 5275,maison,M25,laine,ville,premium,F088,images/REF05275.jpg
REF05276,Article 5276,maison,M36,coton,ville,entree,F133,images/REF05276.jpg
REF05277,Article 5277,maison,M25,lin,ville,entree,F080,images/REF05277.jpg
REF05278,Article 5278,haut,M22,synthetique,sport,milieu,F098,images/REF05278.jpg
REF05279,Article 5279,bas,M31,coton,ville,milieu,F023,images/REF05279.jpg
REF05280,Article 5280,maison,M06,coton,sport,premium,F063,images/REF05280.jpg
REF05281,Article 5281,accessoire,M10,coton,ville,entree,F066,images/REF05281.jpg
REF05282,Article 5282,maison,M23,laine,soiree,premium,F137,images/REF05282.jpg
REF05283,Article 5283,bas,M25,synthetique,sport,milieu,F084,images/REF05283.jpg
REF05284,Article 5284,haut,M38,coton,sport,entree,F060,images/REF05284.jpg
REF05285,Article 5285,bas,M37,synthetique,soiree,entree,F033,images/REF05285.jpg
REF05286,Article 5286,maison,M16,lin,sport,milieu,F075,images/REF05286.jpg
REF05287,Article 5287,accessoire,M12,coton,soiree,premium,F105,images/REF05287.jpg
REF05288,Article 5288,accessoire,M01,coton,sport,milieu,F089,images/REF05288.jpg
REF05289,Article 5289,bas,M29,lin,soiree,premium,F036,images/REF05289.jpg
REF05290,Article 5290,haut,M18,lin,ville,premium,F046,images/REF05290.jpg
REF05291,Article 5291,bas,M11,laine,sport,milieu,F121,images/REF05291.jpg
REF05292,Article 5292,maison,M11,coton,ville,milieu,F101,images/REF05292.jpg
REF05293,Article 5293,bas,M12,synthetique,ville,premium,F108,images/REF05293.jpg
REF05294,Article 5294,haut,M23,coton,sport,premium,F049,images/REF05294.jpg
REF05295,Article 5295,accessoire,M28,synthetique,soiree,milieu,F010,images/REF05295.jpg
REF05296,Article 5296,bas,M07,coton,sport,entree,F140,images/REF05296.jpg
REF05297,Article 5297,bas,M33,coton,ville,premium,F063,images/REF05297.jpg
REF05298,Article 5298,haut,M39,lin,soiree,entree,F127,images/REF05298.jpg
REF05299,Article 5299,bas,M12,coton,sport,entree,F007,images/REF05299.jpg
REF05300,Article 5300,bas,M35,laine,ville,entree,F106,images/REF05300.jpg
REF05301,Article 5301,haut,M18,lin,ville,milieu,F124,images/REF05301.jpg
REF05302,Article 5302,haut,M02,coton,ville,premium,F132,images/REF05302.jpg
REF05303,Article 5303,bas,M31,laine,ville,premium,F121,images/REF05303.jpg
REF05304,Article 5304,bas,M38,laine,ville,milieu,F062,images/REF05304.jpg
REF05305,Article 5305,bas,M07,lin,ville,milieu,F014,images/REF05305.jpg
REF05306,Article 5306,accessoire,M03,lin,sport,premium,F030,images/REF05306.jpg
REF05307,Article 5307,bas,M35,lin,soiree,milieu,F040,images/REF05307.jpg
REF05308,Article 5308,bas,M01,lin,soiree,milieu,F008,images/REF05308.jpg
REF05309,Article 5309,bas,M39,lin,ville,milieu,F061,images/REF05309.jpg
REF05310,Article 5310,accessoire,M34,lin,soiree,milieu,F138,images/REF05310.jpg
REF05311,Article 5311,accessoire,M19,coton,sport,premium,F003,images/REF05311.jpg
REF05312,Article 5312,maison,M02,lin,soiree,premium,F092,images/REF05312.jpg
REF05313,Article 5313,bas,M25,lin,soiree,premium,F052,images/REF05313.jpg
REF05314,Article 5314,maison,M28,synthetique,sport,entree,F036,images/REF05314.jpg
REF05315,Article 5315,accessoire,M25,laine,sport,premium,F129,images/REF05315.jpg
REF05316,Article 5316,haut,M18,synthetique,sport,entree,F120,images/REF05316.jpg
REF05317,Article 5317,haut,M04,lin,ville,entree,F107,images/REF05317.jpg
REF05318,Article 5318,accessoire,M11,synthetique,sport,premium,F022,images/REF05318.jpg
REF05319,Article 5319,maison,M26,lin,soiree,entree,F134,images/REF05319.jpg
REF05320,Article 5320,maison,M15,coton,sport,premium,F104,images/REF05320.jpg
REF05321,Article 5321,haut,M18,laine,ville,premium,F073,images/REF05321.jpg
REF05322,Article 5322,maison,M08,laine,sport,premium,F042,images/REF05322.jpg
REF05323,Article 5323,haut,M15,laine,ville,entree,F089,images/REF05323.jpg
REF05324,Article 5324,bas,M06,lin,ville,entree,F028,images/REF05324.jpg
REF05325,Article 5325,accessoire,M23,lin,soiree,premium,F053,images/REF05325.jpg
REF05326,Article 5326,maison,M16,laine,ville,entree,F051,images/REF05326.jpg
REF05327,Article 5327,maison,M14,coton,sport,milieu,F073,images/REF05327.jpg
REF05328,Article 5328,accessoire,M19,lin,sport,milieu,F049,images/REF05328.jpg
REF05329,Article 5329,haut,M33,lin,sport,milieu,F138,images/REF05329.jpg
REF05330,Article 5330,bas,M07,synthetique,sport,milieu,F136,images/REF05330.jpg
REF05331,Article 5331,haut,M31,laine,soiree,premium,F014,images/REF05331.jpg
REF05332,Article 5332,accessoire,M01,synthetique,soiree,milieu,F045,images/REF05332.jpg
REF05333,Article 5333,maison,M35,coton,sport,milieu,F125,images/REF05333.jpg
REF05334,Article 5334,bas,M06,coton,sport,milieu,F123,images/REF05334.jpg
REF05335,Article 5335,haut,M15,lin,soiree,entree,F016,images/REF05335.jpg
REF05336,Article 5336,accessoire,M30,synthetique,sport,milieu,F069,images/REF05336.jpg
REF05337,Article 5337,haut,M22,synthetique,soiree,premium,F081,images/REF05337.jpg
REF05338,Article 5338,accessoire,M37,synthetique,soiree,entree,F005,images/REF05338.jpg
REF05339,Article 5339,maison,M23,laine,ville,premium,F052,images/REF05339.jpg
REF05340,Article 5340,maison,M40,laine,sport,milieu,F123,images/REF05340.jpg
REF05341,Article 5341,haut,M15,laine,ville,entree,F063,images/REF05341.jpg
REF05342,Article 5342,bas,M08,coton,ville,premium,F071,images/REF05342.jpg
REF05343,Article 5343,bas,M14,laine,ville,milieu,F035,images/REF05343.jpg
REF05344,Article 5344,haut,M19,synthetique,soiree,milieu,F063,images/REF05344.jpg
REF05345,Article 5345,maison,M05,coton,soiree,entree,F049,images/REF05345.jpg
REF05346,Article 5346,haut,M39,coton,sport,entree,F026,images/REF05346.jpg
REF05347,Article 5347,haut,M39,laine,soiree,milieu,F075,images/REF05347.jpg
REF05348,Article 5348,bas,M06,synthetique,ville,milieu,F139,images/REF05348.jpg
REF05349,Article 5349,accessoire,M04,lin,sport,premium,F028,images/REF05349.jpg
REF05350,Article 5350,bas,M36,laine,soiree,premium,F055,images/REF05350.jpg
REF05351,Article 5351,bas,M16,laine,ville,milieu,F013,images/REF05351.jpg
REF05352,Article 5352,maison,M03,synthetique,ville,premium,F004,images/REF05352.jpg
REF05353,Article 5353,accessoire,M30,synthetique,sport,milieu,F101,images/REF05353.jpg
REF05354,Article 5354,accessoire,M18,synthetique,soiree,premium,F127,images/REF05354.jpg
REF05355,Article 5355,haut,M06,coton,ville,milieu,F027,images/REF05355.jpg
REF05356,Article 5356,haut,M14,synthetique,ville,entree,F044,images/REF05356.jpg
REF05357,Article 5357,accessoire,M31,lin,soiree,entree,F110,images/REF05357.jpg
REF05358,Article 5358,bas,M30,lin,sport,premium,F132,images/REF05358.jpg
REF05359,Article 5359,bas,M14,coton,soiree,entree,F072,images/REF05359.jpg
REF05360,Article 5360,accessoire,M40,lin,soiree,milieu,F081,images/REF05360.jpg
REF05361,Article 5361,maison,M32,synthetique,ville,milieu,F121,images/REF05361.jpg
REF05362,Article 5362,maison,M20,laine,soiree,entree,F041,images/REF05362.jpg
REF05363,Article 5363,bas,M40,synthetique,sport,entree,F097,images/REF05363.jpg
REF05364,Article 5364,accessoire,M37,synthetique,ville,entree,F070,images/REF05364.jpg
REF05365,Article 5365,bas,M30,coton,soiree,milieu,F076,images/REF05365.jpg
REF05366,Article 5366,accessoire,M36,laine,ville,premium,F114,images/REF05366.jpg
REF05367,Article 5367,accessoire,M31,laine,soiree,entree,F032,images/REF05367.jpg
REF05368,Article 5368,bas,M32,coton,ville,entree,F132,images/REF05368.jpg
REF05369,Article 5369,haut,M08,lin,soiree,premium,F017,images/REF05369.jpg
REF05370,Article 5370,accessoire,M15,laine,soiree,entree,F106,images/REF05370.jpg
REF05371,Article 5371,maison,M35,laine,soiree,entree,F031,images/REF05371.jpg
REF05372,Article 5372,haut,M02,coton,soiree,entree,F014,images/REF05372.jpg
REF05373,Article 5373,accessoire,M22,synthetique,ville,entree,F047,images/REF05373.jpg
REF05374,Article 5374,haut,M31,laine,ville,premium,F087,images/REF05374.jpg
REF05375,Article 5375,bas,M31,coton,ville,milieu,F087,images/REF05375.jpg
REF05376,Article 5376,maison,M07,coton,soiree,entree,F031,images/REF05376.jpg
REF05377,Article 5377,maison,M23,laine,ville,entree,F055,images/REF05377.jpg
REF05378,Article 5378,accessoire,M20,lin,sport,premium,F034,images/REF05378.jpg
REF05379,Article 5379,bas,M30,synthetique,soiree,milieu,F130,images/REF05379.jpg
REF05380,Article 5380,maison,M27,lin,sport,premium,F023,images/REF05380.jpg
REF05381,Article 5381,bas,M21,laine,ville,premium,F026,images/REF05381.jpg
REF05382,Article 5382,accessoire,M02,coton,sport,premium,F036,images/REF05382.jpg
REF05383,Article 5383,accessoire,M27,laine,ville,premium,F131,images/REF05383.jpg
REF05384,Article 5384,bas,M24,synthetique,ville,entree,F027,images/REF05384.jpg
REF05385,Article 5385,maison,M18,lin,ville,entree,F019,images/REF05385.jpg
REF05386,Article 5386,haut,M38,laine,sport,premium,F056,images/REF05386.jpg
REF05387,Article 5387,bas,M27,lin,soiree,milieu,F104,images/REF05387.jpg
REF05388,Article 5388,bas,M27,coton,sport,entree,F119,images/REF05388.jpg
REF05389,Article 5389,accessoire,M15,lin,sport,milieu,F035,images/REF05389.jpg
REF05390,Article 5390,bas,M38,coton,soiree,milieu,F026,images/REF05390.jpg
REF05391,Article 5391,accessoire,M14,coton,soiree,milieu,F132,images/REF05391.jpg
REF05392,Article 5392,accessoire,M32,synthetique,sport,milieu,F001,images/REF05392.jpg
REF05393,Article 5393,bas,M10,synthetique,ville,entree,F055,images/REF05393.jpg
REF05394,Article 5394,bas,M14,synthetique,sport,entree,F087,images/REF05394.jpg
REF05395,Article 5395,maison,M26,coton,ville,milieu,F084,images/REF05395.jpg
REF05396,Article 5396,haut,M18,laine,soiree,milieu,F027,images/REF05396.jpg
REF05397,Article 5397,maison,M17,coton,soiree,entree,F060,images/REF05397.jpg
REF05398,Article 5398,haut,M25,laine,sport,entree,F131,images/REF05398.jpg
REF05399,Article 5399,accessoire,M13,lin,ville,premium,F120,images/REF05399.jpg
REF05400,Article 5400,bas,M18,coton,ville,milieu,F076,images/REF05400.jpg
REF05401,Article 5401,bas,M29,coton,ville,premium,F042,images/REF05401.jpg
REF05402,Article 5402,accessoire,M37,laine,soiree,premium,F092,images/REF05402.jpg
REF05403,Article 5403,maison,M39,synthetique,ville,entree,F086,images/REF05403.jpg
REF05404,Article 5404,haut,M38,laine,sport,milieu,F036,images/REF05404.jpg
REF05405,Article 5405,maison,M32,synthetique,soiree,milieu,F096,images/REF05405.jpg
REF05406,Article 5406,haut,M10,coton,sport,milieu,F126,images/REF05406.jpg
REF05407,Article 5407,accessoire,M18,laine,sport,premium,F075,images/REF05407.jpg
REF05408,Article 5408,haut,M02,lin,soiree,milieu,F023,images/REF05408.jpg
REF05409,Article 5409,maison,M24,coton,sport,premium,F063,images/REF05409.jpg
REF05410,Article 5410,accessoire,M28,coton,ville,entree,F043,images/REF05410.jpg
REF05411,Article 5411,maison,M21,lin,sport,milieu,F074,images/REF05411.jpg
REF05412,Article 5412,maison,M28,coton,sport,entree,F032,images/REF05412.jpg
REF05413,Article 5413,accessoire,M01,coton,soiree,entree,F092,images/REF05413.jpg
REF05414,Article 5414,bas,M34,lin,soiree,premium,F089,images/REF05414.jpg
REF05415,Article 5415,haut,M23,coton,ville,milieu,F035,images/REF05415.jpg
REF05416,Article 5416,haut,M16,laine,soiree,milieu,F115,images/REF05416.jpg
REF05417,Article 5417,maison,M40,coton,ville,milieu,F129,images/REF05417.jpg
REF05418,Article 5418,maison,M35,coton,soiree,entree,F098,images/REF05418.jpg
REF05419,Article 5419,maison,M35,lin,ville,entree,F116,images/REF05419.jpg
REF05420,Article 5420,maison,M15,laine,soiree,entree,F068,images/REF05420.jpg
REF05421,Article 5421,accessoire,M36,synthetique,sport,premium,F095,images/REF05421.jpg
REF05422,Article 5422,bas,M31,coton,ville,entree,F133,images/REF05422.jpg
REF05423,Article 5423,haut,M06,synthetique,sport,milieu,F119,images/REF05423.jpg
REF05424,Article 5424,haut,M30,lin,sport,premium,F085,images/REF05424.jpg
REF05425,Article 5425,haut,M15,synthetique,sport,entree,F013,images/REF05425.jpg
REF05426,Article 5426,bas,M32,laine,sport,milieu,F091,images/REF05426.jpg
REF05427,Article 5427,haut,M18,coton,soiree,entree,F030,images/REF05427.jpg
REF05428,Article 5428,haut,M25,coton,ville,premium,F094,images/REF05428.jpg
REF05429,Article 5429,bas,M02,laine,soiree,milieu,F139,images/REF05429.jpg
REF05430,Article 5430,bas,M24,coton,sport,premium,F110,images/REF05430.jpg
REF05431,Article 5431,accessoire,M06,synthetique,soiree,entree,F118,images/REF05431.jpg
REF05432,Article 5432,bas,M34,synthetique,ville,premium,F030,images/REF05432.jpg
REF05433,Article 5433,maison,M02,laine,soiree,entree,F097,images/REF05433.jpg
REF05434,Article 5434,bas,M18,laine,soiree,premium,F084,images/REF05434.jpg
REF05435,Article 5435,bas,M33,lin,sport,milieu,F114,images/REF05435.jpg
REF05436,Article 5436,maison,M16,coton,sport,milieu,F007,images/REF05436.jpg
REF05437,Article 5437,haut,M09,synthetique,soiree,premium,F114,images/REF05437.jpg
REF05438,Article 5438,bas,M07,synthetique,sport,milieu,F108,images/REF05438.jpg
REF05439,Article 5439,accessoire,M13,coton,soiree,milieu,F029,images/REF05439.jpg
REF05440,Article 5440,haut,M05,laine,soiree,milieu,F029,images/REF05440.jpg
REF05441,Article 5441,accessoire,M30,laine,ville,premium,F131,images/REF05441.jpg
REF05442,Article 5442,accessoire,M31,lin,ville,milieu,F039,images/REF05442.jpg
REF05443,Article 5443,accessoire,M22,lin,soiree,milieu,F080,images/REF05443.jpg
REF05444,Article 5444,maison,M27,lin,sport,premium,F068,images/REF05444.jpg
REF05445,Article 5445,maison,M08,coton,soiree,entree,F081,images/REF05445.jpg
REF05446,Article 5446,haut,M07,coton,soiree,premium,F063,images/REF05446.jpg
REF05447,Article 5447,bas,M03,laine,ville,milieu,F001,images/REF05447.jpg
REF05448,Article 5448,accessoire,M12,lin,sport,entree,F028,images/REF05448.jpg
REF05449,Article 5449,bas,M09,laine,ville,milieu,F125,images/REF05449.jpg
REF05450,Article 5450,bas,M26,lin,ville,premium,F044,images/REF05450.jpg
REF05451,Article 5451,accessoire,M29,lin,soiree,entree,F032,images/REF05451.jpg
REF05452,Article 5452,accessoire,M14,coton,sport,milieu,F126,images/REF05452.jpg
REF05453,Article 5453,bas,M14,synthetique,ville,milieu,F139,images/REF05453.jpg
REF05454,Article 5454,bas,M19,coton,sport,premium,F005,images/REF05454.jpg
REF05455,Article 5455,accessoire,M37,synthetique,soiree,milieu,F022,images/REF05455.jpg
REF05456,Article 5456,bas,M19,laine,sport,premium,F053,images/REF05456.jpg
REF05457,Article 5457,bas,M36,laine,ville,milieu,F021,images/REF05457.jpg
REF05458,Article 5458,maison,M18,coton,ville,milieu,F073,images/REF05458.jpg
REF05459,Article 5459,bas,M38,coton,ville,milieu,F006,images/REF05459.jpg
REF05460,Article 5460,maison,M09,lin,ville,milieu,F043,images/REF05460.jpg
REF05461,Article 5461,accessoire,M24,synthetique,sport,entree,F075,images/REF05461.jpg
REF05462,Article 5462,accessoire,M14,lin,ville,premium,F080,images/REF05462.jpg
REF05463,Article 5463,haut,M17,coton,ville,milieu,F025,images/REF05463.jpg
REF05464,Article 5464,accessoire,M31,lin,soiree,milieu,F026,images/REF05464.jpg
REF05465,Article 5465,maison,M14,synthetique,sport,milieu,F039,images/REF05465.jpg
REF05466,Article 5466,maison,M31,laine,soiree,milieu,F127,images/REF05466.jpg
REF05467,Article 5467,accessoire,M18,coton,ville,premium,F047,images/REF05467.jpg
REF05468,Article 5468,haut,M37,synthetique,soiree,milieu,F040,images/REF05468.jpg
REF05469,Article 5469,maison,M07,laine,sport,milieu,F127,images/REF05469.jpg
REF05470,Article 5470,bas,M29,synthetique,soiree,milieu,F008,images/REF05470.jpg
REF05471,Article 5471,maison,M30,coton,sport,milieu,F078,images/REF05471.jpg
REF05472,Article 5472,accessoire,M37,laine,sport,milieu,F053,images/REF05472.jpg
REF05473,Article 5473,bas,M28,synthetique,ville,premium,F034,images/REF05473.jpg
REF05474,Article 5474,haut,M37,lin,ville,entree,F002,images/REF05474.jpg
REF05475,Article 5475,haut,M22,lin,sport,premium,F006,images/REF05475.jpg
REF05476,Article 5476,maison,M38,lin,sport,premium,F120,images/REF05476.jpg
REF05477,Article 5477,accessoire,M39,coton,soiree,premium,F061,images/REF05477.jpg
REF05478,Article 5478,accessoire,M21,lin,ville,premium,F023,images/REF05478.jpg
REF05479,Article 5479,bas,M27,lin,soiree,premium,F134,images/REF05479.jpg
REF05480,Article 5480,maison,M34,lin,soiree,milieu,F021,images/REF05480.jpg
REF05481,Article 5481,haut,M37,synthetique,sport,premium,F103,images/REF05481.jpg
REF05482,Article 5482,maison,M27,laine,soiree,milieu,F066,images/REF05482.jpg
REF05483,Article 5483,haut,M08,lin,soiree,premium,F023,images/REF05483.jpg
REF05484,Article 5484,accessoire,M17,laine,soiree,premium,F066,images/REF05484.jpg
REF05485,Article 5485,haut,M30,laine,soiree,entree,F017,images/REF05485.jpg
REF05486,Article 5486,maison,M13,coton,sport,entree,F067,images/REF05486.jpg
REF05487,Article 5487,accessoire,M28,laine,soiree,entree,F069,images/REF05487.jpg
REF05488,Article 5488,bas,M19,synthetique,ville,milieu,F049,images/REF05488.jpg
REF05489,Article 5489,accessoire,M02,laine,sport,premium,F017,images/REF05489.jpg
REF05490,Article 5490,maison,M28,coton,ville,premium,F114,images/REF05490.jpg
REF05491,Article 5491,bas,M30,coton,sport,entree,F039,images/REF05491.jpg
REF05492,Article 5492,accessoire,M31,lin,sport,premium,F049,images/REF05492.jpg
REF05493,Article 5493,haut,M15,synthetique,ville,premium,F118,images/REF05493.jpg
REF05494,Article 5494,maison,M12,coton,ville,premium,F006,images/REF05494.jpg
REF05495,Article 5495,bas,M12,lin,soiree,premium,F099,images/REF05495.jpg
REF05496,Article 5496,bas,M08,laine,soiree,entree,F139,images/REF05496.jpg
REF05497,Article 5497,accessoire,M13,lin,sport,milieu,F079,images/REF05497.jpg
REF05498,Article 5498,bas,M17,synthetique,soiree,milieu,F131,images/REF05498.jpg
REF05499,Article 5499,haut,M05,coton,sport,milieu,F097,images/REF05499.jpg
REF05500,Article 5500,accessoire,M16,coton,ville,entree,F027,images/REF05500.jpg
REF05501,Article 5501,accessoire,M29,synthetique,sport,milieu,F057,images/REF05501.jpg
REF05502,Article 5502,accessoire,M16,coton,soiree,milieu,F128,images/REF05502.jpg
REF05503,Article 5503,accessoire,M39,laine,sport,premium,F006,images/REF05503.jpg
REF05504,Article 5504,maison,M36,lin,sport,milieu,F127,images/REF05504.jpg
REF05505,Article 5505,haut,M15,coton,ville,premium,F138,images/REF05505.jpg
REF05506,Article 5506,bas,M35,coton,soiree,premium,F118,images/REF05506.jpg
REF05507,Article 5507,maison,M25,lin,soiree,entree,F030,images/REF05507.jpg
REF05508,Article 5508,maison,M02,coton,ville,premium,F129,images/REF05508.jpg
REF05509,Article 5509,maison,M35,lin,sport,milieu,F044,images/REF05509.jpg
REF05510,Article 5510,haut,M15,coton,ville,milieu,F074,images/REF05510.jpg
REF05511,Article 5511,bas,M34,laine,ville,premium,F107,images/REF05511.jpg
REF05512,Article 5512,haut,M11,synthetique,ville,premium,F130,images/REF05512.jpg
REF05513,Article 5513,bas,M06,coton,ville,premium,F067,images/REF05513.jpg
REF05514,Article 5514,haut,M37,synthetique,ville,entree,F036,images/REF05514.jpg
REF05515,Article 5515,maison,M17,synthetique,soiree,milieu,F105,images/REF05515.jpg
REF05516,Article 5516,haut,M40,synthetique,ville,milieu,F122,images/REF05516.jpg
REF05517,Article 5517,accessoire,M32,laine,sport,premium,F044,images/REF05517.jpg
REF05518,Article 5518,accessoire,M23,coton,soiree,milieu,F050,images/REF05518.jpg
REF05519,Article 5519,accessoire,M22,synthetique,sport,milieu,F019,images/REF05519.jpg
REF05520,Article 5520,haut,M05,lin,sport,milieu,F028,images/REF05520.jpg
REF05521,Article 5521,haut,M16,lin,soiree,milieu,F131,images/REF05521.jpg
REF05522,Article 5522,accessoire,M03,laine,ville,entree,F059,images/REF05522.jpg
REF05523,Article 5523,bas,M01,synthetique,soiree,premium,F027,images/REF05523.jpg
REF05524,Article 5524,maison,M20,coton,ville,milieu,F016,images/REF05524.jpg
REF05525,Article 5525,haut,M24,lin,sport,premium,F077,images/REF05525.jpg
REF05526,Article 5526,maison,M24,synthetique,soiree,premium,F030,images/REF05526.jpg
REF05527,Article 5527,bas,M15,lin,sport,entree,F134,images/REF05527.jpg
REF05528,Article 5528,haut,M04,lin,sport,milieu,F016,images/REF05528.jpg
REF05529,Article 5529,accessoire,M14,lin,soiree,premium,F114,images/REF05529.jpg
REF05530,Article 5530,haut,M27,lin,soiree,entree,F130,images/REF05530.jpg
REF05531,Article 5531,haut,M12,laine,sport,entree,F103,images/REF05531.jpg
REF05532,Article 5532,bas,M02,laine,soiree,premium,F136,images/REF05532.jpg
REF05533,Article 5533,haut,M39,laine,sport,entree,F126,images/REF05533.jpg
REF05534,Article 5534,haut,M32,lin,sport,entree,F063,images/REF05534.jpg
REF05535,Article 5535,bas,M35,lin,sport,entree,F116,images/REF05535.jpg
REF05536,Article 5536,accessoire,M02,coton,ville,milieu,F051,images/REF05536.jpg
REF05537,Article 5537,haut,M39,synthetique,ville,milieu,F125,images/REF05537.jpg
REF05538,Article 5538,bas,M30,synthetique,ville,entree,F114,images/REF05538.jpg
REF05539,Article 5539,accessoire,M21,synthetique,ville,premium,F058,images/REF05539.jpg
REF05540,Article 5540,bas,M31,synthetique,soiree,premium,F076,images/REF05540.jpg
REF05541,Article 5541,haut,M25,laine,soiree,milieu,F089,images/REF05541.jpg
REF05542,Article 5542,haut,M10,laine,sport,premium,F106,images/REF05542.jpg
REF05543,Article 5543,accessoire,M35,laine,ville,milieu,F103,images/REF05543.jpg
REF05544,Article 5544,haut,M09,laine,soiree,entree,F023,images/REF05544.jpg
REF05545,Article 5545,maison,M17,synthetique,sport,premium,F004,images/REF05545.jpg
REF05546,Article 5546,maison,M21,laine,sport,entree,F130,images/REF05546.jpg
REF05547,Article 5547,accessoire,M14,lin,ville,milieu,F120,images/REF05547.jpg
REF05548,Article 5548,accessoire,M03,synthetique,soiree,entree,F089,images/REF05548.jpg
REF05549,Article 5549,haut,M10,coton,soiree,entree,F059,images/REF05549.jpg
REF05550,Article 5550,bas,M18,laine,soiree,entree,F020,images/REF05550.jpg
REF05551,Article 5551,haut,M32,synthetique,sport,premium,F132,images/REF05551.jpg
REF05552,Article 5552,maison,M30,synthetique,soiree,entree,F085,images/REF05552.jpg
REF05553,Article 5553,haut,M08,lin,sport,milieu,F097,images/REF05553.jpg
REF05554,Article 5554,haut,M35,lin,ville,premium,F027,images/REF05554.jpg
REF05555,Article 5555,bas,M03,coton,ville,entree,F028,images/REF05555.jpg
REF05556,Article 5556,bas,M17,coton,sport,premium,F058,images/REF05556.jpg
REF05557,Article 5557,bas,M40,laine,ville,entree,F093,images/REF05557.jpg
REF05558,Article 5558,haut,M07,laine,sport,entree,F022,images/REF05558.jpg
REF05559,Article 5559,bas,M36,lin,ville,milieu,F092,images/REF05559.jpg
REF05560,Article 5560,maison,M06,synthetique,ville,entree,F086,images/REF05560.jpg
REF05561,Article 5561,accessoire,M39,synthetique,sport,entree,F031,images/REF05561.jpg
REF05562,Article 5562,maison,M09,lin,soiree,milieu,F016,images/REF05562.jpg
REF05563,Article 5563,accessoire,M13,coton,ville,milieu,F140,images/REF05563.jpg
REF05564,Article 5564,bas,M10,laine,sport,milieu,F126,images/REF05564.jpg
REF05565,Article 5565,haut,M28,lin,sport,entree,F040,images/REF05565.jpg
REF05566,Article 5566,maison,M39,laine,sport,milieu,F133,images/REF05566.jpg
REF05567,Article 5567,accessoire,M23,laine,soiree,premium,F111,images/REF05567.jpg
REF05568,Article 5568,maison,M40,lin,soiree,premium,F016,images/REF05568.jpg
REF05569,Article 5569,maison,M39,laine,ville,milieu,F058,images/REF05569.jpg
REF05570,Article 5570,haut,M20,lin,ville,premium,F117,images/REF05570.jpg
REF05571,Article 5571,bas,M35,synthetique,sport,milieu,F078,images/REF05571.jpg
REF05572,Article 5572,maison,M36,synthetique,ville,premium,F043,images/REF05572.jpg
REF05573,Article 5573,maison,M13,synthetique,ville,milieu,F090,images/REF05573.jpg
REF05574,Article 5574,bas,M38,coton,ville,premium,F135,images/REF05574.jpg
REF05575,Article 5575,bas,M36,laine,sport,milieu,F006,images/REF05575.jpg
REF05576,Article 5576,accessoire,M08,synthetique,soiree,milieu,F135,images/REF05576.jpg
REF05577,Article 5577,accessoire,M31,synthetique,ville,entree,F007,images/REF05577.jpg
REF05578,Article 5578,accessoire,M09,synthetique,ville,milieu,F085,images/REF05578.jpg
REF05579,Article 5579,haut,M26,lin,sport,entree,F048,images/REF05579.jpg
REF05580,Article 5580,bas,M33,lin,ville,entree,F056,images/REF05580.jpg
REF05581,Article 5581,bas,M39,laine,sport,entree,F066,images/REF05581.jpg
REF05582,Article 5582,accessoire,M11,laine,sport,premium,F138,images/REF05582.jpg
REF05583,Article 5583,maison,M35,lin,soiree,premium,F073,images/REF05583.jpg
REF05584,Article 5584,haut,M13,lin,soiree,entree,F038,images/REF05584.jpg
REF05585,Article 5585,maison,M14,coton,sport,premium,F083,images/REF05585.jpg
REF05586,Article 5586,accessoire,M18,lin,soiree,entree,F010,images/REF05586.jpg
REF05587,Article 5587,accessoire,M40,synthetique,soiree,entree,F058,images/REF05587.jpg
REF05588,Article 5588,bas,M14,coton,ville,premium,F061,images/REF05588.jpg
REF05589,Article 5589,bas,M36,laine,sport,entree,F089,images/REF05589.jpg
REF05590,Article 5590,accessoire,M11,synthetique,soiree,milieu,F033,images/REF05590.jpg
REF05591,Article 5591,bas,M29,laine,sport,entree,F047,images/REF05591.jpg
REF05592,Article 5592,maison,M02,lin,soiree,premium,F064,images/REF05592.jpg
REF05593,Article 5593,haut,M30,lin,sport,milieu,F057,images/REF05593.jpg
REF05594,Article 5594,maison,M25,laine,ville,premium,F099,images/REF05594.jpg
REF05595,Article 5595,bas,M19,coton,sport,entree,F074,images/REF05595.jpg
REF05596,Article 5596,maison,M25,synthetique,ville,entree,F045,images/REF05596.jpg
REF05597,Article 5597,accessoire,M34,synthetique,soiree,entree,F021,images/REF05597.jpg
REF05598,Article 5598,maison,M18,laine,sport,premium,F021,images/REF05598.jpg
REF05599,Article 5599,haut,M31,synthetique,soiree,milieu,F086,images/REF05599.jpg
REF05600,Article 5600,bas,M19,synthetique,ville,premium,F042,images/REF05600.jpg
REF05601,Article 5601,haut,M20,laine,sport,milieu,F053,images/REF05601.jpg
REF05602,Article 5602,haut,M15,laine,sport,premium,F129,images/REF05602.jpg
REF05603,Article 5603,haut,M07,laine,ville,premium,F050,images/REF05603.jpg
REF05604,Article 5604,accessoire,M37,coton,sport,entree,F050,images/REF05604.jpg
REF05605,Article 5605,accessoire,M28,synthetique,ville,milieu,F109,images/REF05605.jpg
REF05606,Article 5606,haut,M07,lin,soiree,entree,F005,images/REF05606.jpg
REF05607,Article 5607,bas,M31,coton,soiree,milieu,F016,images/REF05607.jpg
REF05608,Article 5608,maison,M06,laine,sport,milieu,F124,images/REF05608.jpg
REF05609,Article 5609,accessoire,M04,lin,ville,entree,F096,images/REF05609.jpg
REF05610,Article 5610,bas,M38,coton,ville,entree,F073,images/REF05610.jpg
REF05611,Article 5611,accessoire,M14,lin,sport,entree,F053,images/REF05611.jpg
REF05612,Article 5612,bas,M11,synthetique,sport,milieu,F109,images/REF05612.jpg
REF05613,Article 5613,haut,M26,lin,sport,entree,F010,images/REF05613.jpg
REF05614,Article 5614,haut,M13,laine,sport,entree,F062,images/REF05614.jpg
REF05615,Article 5615,bas,M18,coton,soiree,milieu,F018,images/REF05615.jpg
REF05616,Article 5616,maison,M16,lin,ville,premium,F072,images/REF05616.jpg
REF05617,Article 5617,bas,M19,coton,ville,premium,F133,images/REF05617.jpg
REF05618,Article 5618,maison,M30,lin,soiree,milieu,F118,images/REF05618.jpg
REF05619,Article 5619,maison,M13,synthetique,soiree,milieu,F103,images/REF05619.jpg
REF05620,Article 5620,haut,M30,laine,ville,entree,F005,images/REF05620.jpg
REF05621,Article 5621,bas,M27,laine,soiree,premium,F034,images/REF05621.jpg
REF05622,Article 5622,maison,M36,coton,sport,milieu,F060,images/REF05622.jpg
REF05623,Article 5623,bas,M24,coton,soiree,entree,F067,images/REF05623.jpg
REF05624,Article 5624,haut,M09,synthetique,soiree,premium,F088,images/REF05624.jpg
REF05625,Article 5625,bas,M24,coton,ville,entree,F117,images/REF05625.jpg
REF05626,Article 5626,accessoire,M33,synthetique,ville,milieu,F126,images/REF05626.jpg
REF05627,Article 5627,haut,M09,laine,soiree,entree,F046,images/REF05627.jpg
REF05628,Article 5628,accessoire,M02,laine,soiree,entree,F053,images/REF05628.jpg
REF05629,Article 5629,maison,M23,synthetique,ville,milieu,F051,images/REF05629.jpg
REF05630,Article 5630,accessoire,M39,laine,sport,entree,F067,images/REF05630.jpg
REF05631,Article 5631,maison,M37,laine,soiree,entree,F132,images/REF05631.jpg
REF05632,Article 5632,haut,M33,lin,sport,entree,F072,images/REF05632.jpg
REF05633,Article 5633,accessoire,M25,lin,sport,premium,F129,images/REF05633.jpg
REF05634,Article 5634,maison,M36,laine,sport,entree,F042,images/REF05634.jpg
REF05635,Article 5635,haut,M32,laine,sport,entree,F140,images/REF05635.jpg
REF05636,Article 5636,maison,M15,synthetique,ville,premium,F101,images/REF05636.jpg
REF05637,Article 5637,maison,M19,laine,sport,entree,F035,images/REF05637.jpg
REF05638,Article 5638,maison,M11,lin,ville,premium,F089,images/REF05638.jpg
REF05639,Article 5639,maison,M19,lin,ville,premium,F098,images/REF05639.jpg
REF05640,Article 5640,bas,M12,coton,soiree,premium,F140,images/REF05640.jpg
REF05641,Article 5641,haut,M34,coton,sport,entree,F088,images/REF05641.jpg
REF05642,Article 5642,bas,M12,coton,ville,entree,F058,images/REF05642.jpg
REF05643,Article 5643,maison,M39,coton,soiree,premium,F091,images/REF05643.jpg
REF05644,Article 5644,accessoire,M30,lin,ville,milieu,F089,images/REF05644.jpg
REF05645,Article 5645,maison,M14,lin,ville,entree,F116,images/REF05645.jpg
REF05646,Article 5646,accessoire,M20,synthetique,ville,premium,F078,images/REF05646.jpg
REF05647,Article 5647,haut,M03,synthetique,soiree,premium,F053,images/REF05647.jpg
REF05648,Article 5648,maison,M36,laine,ville,premium,F062,images/REF05648.jpg
REF05649,Article 5649,haut,M39,laine,soiree,premium,F092,images/REF05649.jpg
REF05650,Article 5650,bas,M13,lin,ville,milieu,F140,images/REF05650.jpg
REF05651,Article 5651,accessoire,M03,coton,ville,premium,F030,images/REF05651.jpg
REF05652,Article 5652,accessoire,M01,synthetique,ville,entree,F027,images/REF05652.jpg
REF05653,Article 5653,bas,M11,coton,soiree,entree,F053,images/REF05653.jpg
REF05654,Article 5654,accessoire,M02,coton,soiree,premium,F089,images/REF05654.jpg
REF05655,Article 5655,accessoire,M11,laine,sport,entree,F007,images/REF05655.jpg
REF05656,Article 5656,accessoire,M34,lin,soiree,milieu,F054,images/REF05656.jpg
REF05657,Article 5657,bas,M07,coton,ville,milieu,F069,images/REF05657.jpg
REF05658,Article 5658,accessoire,M24,synthetique,ville,milieu,F068,images/REF05658.jpg
REF05659,Article 5659,maison,M12,lin,soiree,entree,F137,images/REF05659.jpg
REF05660,Article 5660,bas,M35,laine,ville,milieu,F069,images/REF05660.jpg
REF05661,Article 5661,maison,M11,synthetique,sport,milieu,F093,images/REF05661.jpg
REF05662,Article 5662,haut,M08,laine,soiree,entree,F102,images/REF05662.jpg
REF05663,Article 5663,maison,M01,lin,soiree,premium,F098,images/REF05663.jpg
REF05664,Article 5664,bas,M15,synthetique,soiree,premium,F091,images/REF05664.jpg
REF05665,Article 5665,accessoire,M04,synthetique,soiree,entree,F004,images/REF05665.jpg
REF05666,Article 5666,maison,M30,synthetique,ville,milieu,F063,images/REF05666.jpg
REF05667,Article 5667,haut,M11,synthetique,ville,premium,F104,images/REF05667.jpg
REF05668,Article 5668,maison,M21,laine,ville,entree,F116,images/REF05668.jpg
REF05669,Article 5669,bas,M06,synthetique,ville,entree,F066,images/REF05669.jpg
REF05670,Article 5670,bas,M28,laine,ville,entree,F103,images/REF05670.jpg
REF05671,Article 5671,accessoire,M19,coton,sport,milieu,F084,images/REF05671.jpg
REF05672,Article 5672,accessoire,M34,coton,soiree,milieu,F061,images/REF05672.jpg
REF05673,Article 5673,maison,M27,synthetique,ville,milieu,F024,images/REF05673.jpg
REF05674,Article 5674,accessoire,M08,synthetique,sport,entree,F112,images/REF05674.jpg
REF05675,Article 5675,bas,M07,coton,soiree,premium,F103,images/REF05675.jpg
REF05676,Article 5676,maison,M04,laine,soiree,milieu,F106,images/REF05676.jpg
REF05677,Article 5677,haut,M27,lin,sport,entree,F047,images/REF05677.jpg
REF05678,Article 5678,haut,M34,laine,soiree,milieu,F102,images/REF05678.jpg
REF05679,Article 5679,bas,M22,lin,ville,entree,F003,images/REF05679.jpg
REF05680,Article 5680,accessoire,M18,synthetique,sport,premium,F113,images/REF05680.jpg
REF05681,Article 5681,accessoire,M34,lin,ville,entree,F055,images/REF05681.jpg
REF05682,Article 5682,maison,M31,lin,sport,entree,F059,images/REF05682.jpg
REF05683,Article 5683,bas,M21,coton,ville,entree,F126,images/REF05683.jpg
REF05684,Article 5684,maison,M40,synthetique,ville,milieu,F061,images/REF05684.jpg
REF05685,Article 5685,accessoire,M11,coton,sport,entree,F037,images/REF05685.jpg
REF05686,Article 5686,bas,M05,synthetique,soiree,milieu,F001,images/REF05686.jpg
REF05687,Article 5687,accessoire,M35,coton,sport,premium,F083,images/REF05687.jpg
REF05688,Article 5688,bas,M11,synthetique,soiree,milieu,F005,images/REF05688.jpg
REF05689,Article 5689,maison,M40,laine,sport,premium,F024,images/REF05689.jpg
REF05690,Article 5690,maison,M40,coton,ville,milieu,F028,images/REF05690.jpg
REF05691,Article 5691,maison,M10,coton,sport,milieu,F087,images/REF05691.jpg
REF05692,Article 5692,maison,M15,lin,soiree,milieu,F094,images/REF05692.jpg
REF05693,Article 5693,maison,M39,laine,ville,entree,F012,images/REF05693.jpg
REF05694,Article 5694,haut,M37,synthetique,soiree,premium,F129,images/REF05694.jpg
REF05695,Article 5695,accessoire,M18,synthetique,soiree,milieu,F070,images/REF05695.jpg
REF05696,Article 5696,maison,M25,coton,ville,entree,F094,images/REF05696.jpg
REF05697,Article 5697,haut,M34,synthetique,ville,entree,F051,images/REF05697.jpg
REF05698,Article 5698,haut,M25,lin,soiree,entree,F071,images/REF05698.jpg
REF05699,Article 5699,maison,M13,coton,soiree,premium,F018,images/REF05699.jpg
REF05700,Article 5700,haut,M03,lin,ville,milieu,F005,images/REF05700.jpg
REF05701,Article 5701,maison,M14,lin,soiree,milieu,F093,images/REF05701.jpg
REF05702,Article 5702,haut,M03,synthetique,ville,milieu,F133,images/REF05702.jpg
REF05703,Article 5703,maison,M33,laine,ville,milieu,F091,images/REF05703.jpg
REF05704,Article 5704,haut,M30,coton,ville,premium,F081,images/REF05704.jpg
REF05705,Article 5705,haut,M17,coton,soiree,premium,F024,images/REF05705.jpg
REF05706,Article 5706,haut,M30,synthetique,ville,entree,F019,images/REF05706.jpg
REF05707,Article 5707,maison,M11,laine,ville,milieu,F123,images/REF05707.jpg
REF05708,Article 5708,haut,M13,laine,sport,entree,F025,images/REF05708.jpg
REF05709,Article 5709,maison,M08,lin,sport,milieu,F023,images/REF05709.jpg
REF05710,Article 5710,bas,M28,coton,ville,premium,F060,images/REF05710.jpg
REF05711,Article 5711,accessoire,M27,laine,sport,milieu,F091,images/REF05711.jpg
REF05712,Article 5712,maison,M36,laine,sport,milieu,F085,images/REF05712.jpg
REF05713,Article 5713,haut,M15,laine,sport,premium,F020,images/REF05713.jpg
REF05714,Article 5714,maison,M05,laine,sport,premium,F126,images/REF05714.jpg
REF05715,Article 5715,haut,M33,synthetique,soiree,premium,F027,images/REF05715.jpg
REF05716,Article 5716,haut,M19,coton,soiree,premium,F127,images/REF05716.jpg
REF05717,Article 5717,accessoire,M02,coton,ville,entree,F092,images/REF05717.jpg
REF05718,Article 5718,haut,M36,coton,soiree,premium,F079,images/REF05718.jpg
REF05719,Article 5719,haut,M21,coton,ville,entree,F135,images/REF05719.jpg
REF05720,Article 5720,accessoire,M05,synthetique,sport,milieu,F085,images/REF05720.jpg
REF05721,Article 5721,bas,M16,laine,sport,milieu,F033,images/REF05721.jpg
REF05722,Article 5722,accessoire,M13,synthetique,sport,milieu,F073,images/REF05722.jpg
REF05723,Article 5723,maison,M16,synthetique,ville,entree,F008,images/REF05723.jpg
REF05724,Article 5724,bas,M30,lin,soiree,entree,F033,images/REF05724.jpg
REF05725,Article 5725,maison,M18,laine,ville,entree,F100,images/REF05725.jpg
REF05726,Article 5726,bas,M36,lin,soiree,premium,F037,images/REF05726.jpg
REF05727,Article 5727,maison,M10,lin,ville,entree,F126,images/REF05727.jpg
REF05728,Article 5728,accessoire,M32,laine,ville,entree,F035,images/REF05728.jpg
REF05729,Article 5729,accessoire,M34,laine,sport,milieu,F010,images/REF05729.jpg
REF05730,Article 5730,bas,M02,coton,ville,milieu,F077,images/REF05730.jpg
REF05731,Article 5731,maison,M03,coton,soiree,premium,F084,images/REF05731.jpg
REF05732,Article 5732,accessoire,M17,laine,sport,entree,F023,images/REF05732.jpg
REF05733,Article 5733,haut,M24,lin,sport,premium,F087,images/REF05733.jpg
REF05734,Article 5734,haut,M07,laine,sport,entree,F131,images/REF05734.jpg
REF05735,Article 5735,accessoire,M23,lin,sport,entree,F068,images/REF05735.jpg
REF05736,Article 5736,haut,M03,synthetique,sport,entree,F036,images/REF05736.jpg
REF05737,Article 5737,accessoire,M18,laine,sport,milieu,F133,images/REF05737.jpg
REF05738,Article 5738,haut,M16,coton,ville,premium,F071,images/REF05738.jpg
REF05739,Article 5739,maison,M31,coton,ville,premium,F071,images/REF05739.jpg
REF05740,Article 5740,accessoire,M14,lin,ville,entree,F109,images/REF05740.jpg
REF05741,Article 5741,haut,M19,laine,sport,entree,F001,images/REF05741.jpg
REF05742,Article 5742,accessoire,M31,lin,sport,premium,F135,images/REF05742.jpg
REF05743,Article 5743,bas,M01,synthetique,soiree,entree,F001,images/REF05743.jpg
REF05744,Article 5744,maison,M22,laine,ville,milieu,F128,images/REF05744.jpg
REF05745,Article 5745,maison,M16,synthetique,ville,milieu,F078,images/REF05745.jpg
REF05746,Article 5746,maison,M12,synthetique,ville,entree,F114,images/REF05746.jpg
REF05747,Article 5747,maison,M20,synthetique,soiree,entree,F039,images/REF05747.jpg
REF05748,Article 5748,maison,M22,synthetique,ville,premium,F084,images/REF05748.jpg
REF05749,Article 5749,accessoire,M11,synthetique,ville,entree,F117,images/REF05749.jpg
REF05750,Article 5750,bas,M14,synthetique,sport,entree,F077,images/REF05750.jpg
REF05751,Article 5751,haut,M29,synthetique,soiree,milieu,F054,images/REF05751.jpg
REF05752,Article 5752,haut,M13,synthetique,soiree,entree,F025,images/REF05752.jpg
REF05753,Article 5753,accessoire,M04,laine,sport,premium,F073,images/REF05753.jpg
REF05754,Article 5754,maison,M29,laine,ville,entree,F108,images/REF05754.jpg
REF05755,Article 5755,accessoire,M24,synthetique,sport,milieu,F020,images/REF05755.jpg
REF05756,Article 5756,maison,M07,synthetique,sport,premium,F067,images/REF05756.jpg
REF05757,Article 5757,haut,M16,lin,ville,milieu,F001,images/REF05757.jpg
REF05758,Article 5758,haut,M01,laine,soiree,premium,F109,images/REF05758.jpg
REF05759,Article 5759,maison,M04,coton,soiree,premium,F119,images/REF05759.jpg
REF05760,Article 5760,haut,M01,coton,soiree,premium,F102,images/REF05760.jpg
REF05761,Article 5761,maison,M16,coton,ville,entree,F085,images/REF05761.jpg
REF05762,Article 5762,haut,M14,coton,sport,entree,F125,images/REF05762.jpg
REF05763,Article 5763,bas,M22,synthetique,ville,milieu,F063,images/REF05763.jpg
REF05764,Article 5764,bas,M20,laine,sport,premium,F055,images/REF05764.jpg
REF05765,Article 5765,accessoire,M17,laine,sport,entree,F030,images/REF05765.jpg
REF05766,Article 5766,accessoire,M40,laine,soiree,premium,F055,images/REF05766.jpg
REF05767,Article 5767,bas,M24,coton,ville,premium,F024,images/REF05767.jpg
REF05768,Article 5768,bas,M39,laine,soiree,entree,F063,images/REF05768.jpg
REF05769,Article 5769,maison,M21,coton,soiree,premium,F046,images/REF05769.jpg
REF05770,Article 5770,accessoire,M07,synthetique,ville,entree,F075,images/REF05770.jpg
REF05771,Article 5771,maison,M31,synthetique,sport,premium,F033,images/REF05771.jpg
REF05772,Article 5772,maison,M28,coton,sport,entree,F018,images/REF05772.jpg
REF05773,Article 5773,haut,M32,synthetique,soiree,premium,F062,images/REF05773.jpg
REF05774,Article 5774,haut,M01,laine,ville,premium,F051,images/REF05774.jpg
REF05775,Article 5775,accessoire,M29,coton,sport,milieu,F125,images/REF05775.jpg
REF05776,Article 5776,bas,M28,lin,sport,entree,F009,images/REF05776.jpg
REF05777,Article 5777,accessoire,M06,coton,soiree,entree,F140,images/REF05777.jpg
REF05778,Article 5778,maison,M40,synthetique,sport,entree,F090,images/REF05778.jpg
REF05779,Article 5779,maison,M04,lin,soiree,entree,F070,images/REF05779.jpg
REF05780,Article 5780,accessoire,M25,lin,ville,milieu,F097,images/REF05780.jpg
REF05781,Article 5781,accessoire,M08,coton,ville,entree,F011,images/REF05781.jpg
REF05782,Article 5782,bas,M28,lin,soiree,premium,F124,images/REF05782.jpg
REF05783,Article 5783,accessoire,M20,synthetique,sport,premium,F030,images/REF05783.jpg
REF05784,Article 5784,accessoire,M26,coton,sport,milieu,F128,images/REF05784.jpg
REF05785,Article 5785,haut,M07,coton,sport,entree,F110,images/REF05785.jpg
REF05786,Article 5786,accessoire,M01,synthetique,sport,premium,F011,images/REF05786.jpg
REF05787,Article 5787,accessoire,M33,synthetique,sport,premium,F130,images/REF05787.jpg
REF05788,Article 5788,accessoire,M12,laine,ville,entree,F014,images/REF05788.jpg
REF05789,Article 5789,maison,M04,coton,sport,premium,F041,images/REF05789.jpg
REF05790,Article 5790,maison,M18,coton,soiree,entree,F009,images/REF05790.jpg
REF05791,Article 5791,maison,M28,laine,sport,entree,F048,images/REF05791.jpg
REF05792,Article 5792,accessoire,M21,coton,ville,entree,F010,images/REF05792.jpg
REF05793,Article 5793,maison,M25,synthetique,ville,milieu,F075,images/REF05793.jpg
REF05794,Article 5794,accessoire,M22,coton,ville,premium,F123,images/REF05794.jpg
REF05795,Article 5795,haut,M36,laine,sport,premium,F077,images/REF05795.jpg
REF05796,Article 5796,accessoire,M27,lin,soiree,premium,F002,images/REF05796.jpg
REF05797,Article 5797,bas,M11,synthetique,sport,entree,F078,images/REF05797.jpg
REF05798,Article 5798,haut,M18,laine,sport,entree,F077,images/REF05798.jpg
REF05799,Article 5799,haut,M24,lin,sport,entree,F074,images/REF05799.jpg
REF05800,Article 5800,maison,M12,coton,ville,premium,F081,images/REF05800.jpg
REF05801,Article 5801,haut,M19,lin,ville,milieu,F105,images/REF05801.jpg
REF05802,Article 5802,haut,M28,lin,ville,entree,F074,images/REF05802.jpg
REF05803,Article 5803,haut,M15,laine,soiree,milieu,F015,images/REF05803.jpg
REF05804,Article 5804,bas,M03,laine,ville,entree,F059,images/REF05804.jpg
REF05805,Article 5805,accessoire,M09,laine,soiree,milieu,F077,images/REF05805.jpg
REF05806,Article 5806,bas,M03,laine,sport,entree,F118,images/REF05806.jpg
REF05807,Article 5807,bas,M34,laine,ville,premium,F088,images/REF05807.jpg
REF05808,Article 5808,accessoire,M20,laine,ville,premium,F002,images/REF05808.jpg
REF05809,Article 5809,accessoire,M27,lin,soiree,premium,F027,images/REF05809.jpg
REF05810,Article 5810,maison,M16,laine,ville,premium,F087,images/REF05810.jpg
REF05811,Article 5811,haut,M05,lin,ville,premium,F022,images/REF05811.jpg
REF05812,Article 5812,bas,M12,lin,sport,premium,F062,images/REF05812.jpg
REF05813,Article 5813,haut,M34,coton,ville,milieu,F088,images/REF05813.jpg
REF05814,Article 5814,accessoire,M12,coton,soiree,milieu,F015,images/REF05814.jpg
REF05815,Article 5815,maison,M28,synthetique,sport,entree,F138,images/REF05815.jpg
REF05816,Article 5816,bas,M33,laine,soiree,entree,F127,images/REF05816.jpg
REF05817,Article 5817,bas,M19,lin,sport,milieu,F067,images/REF05817.jpg
REF05818,Article 5818,bas,M25,lin,ville,milieu,F109,images/REF05818.jpg
REF05819,Article 5819,bas,M24,synthetique,sport,milieu,F095,images/REF05819.jpg
REF05820,Article 5820,maison,M01,lin,sport,premium,F103,images/REF05820.jpg
REF05821,Article 5821,maison,M01,coton,soiree,premium,F012,images/REF05821.jpg
REF05822,Article 5822,accessoire,M10,synthetique,sport,entree,F095,images/REF05822.jpg
REF05823,Article 5823,haut,M21,coton,ville,milieu,F028,images/REF05823.jpg
REF05824,Article 5824,haut,M18,laine,sport,milieu,F125,images/REF05824.jpg
REF05825,Article 5825,haut,M34,synthetique,sport,premium,F117,images/REF05825.jpg
REF05826,Article 5826,maison,M10,laine,soiree,milieu,F054,images/REF05826.jpg
REF05827,Article 5827,maison,M11,lin,ville,premium,F027,images/REF05827.jpg
REF05828,Article 5828,accessoire,M17,coton,soiree,milieu,F082,images/REF05828.jpg
REF05829,Article 5829,bas,M19,lin,ville,premium,F073,images/REF05829.jpg
REF05830,Article 5830,maison,M20,laine,ville,entree,F049,images/REF05830.jpg
REF05831,Article 5831,haut,M31,lin,ville,milieu,F096,images/REF05831.jpg
REF05832,Article 5832,haut,M05,coton,soiree,entree,F021,images/REF05832.jpg
REF05833,Article 5833,accessoire,M33,synthetique,sport,premium,F065,images/REF05833.jpg
REF05834,Article 5834,maison,M15,synthetique,soiree,milieu,F038,images/REF05834.jpg
REF05835,Article 5835,bas,M05,laine,sport,milieu,F084,images/REF05835.jpg
REF05836,Article 5836,accessoire,M21,coton,ville,premium,F002,images/REF05836.jpg
REF05837,Article 5837,haut,M29,laine,soiree,premium,F088,images/REF05837.jpg
REF05838,Article 5838,accessoire,M19,synthetique,soiree,milieu,F036,images/REF05838.jpg
REF05839,Article 5839,maison,M32,laine,ville,milieu,F137,images/REF05839.jpg
REF05840,Article 5840,bas,M25,lin,soiree,milieu,F094,images/REF05840.jpg
REF05841,Article 5841,bas,M04,coton,sport,milieu,F081,images/REF05841.jpg
REF05842,Article 5842,maison,M15,synthetique,ville,entree,F001,images/REF05842.jpg
REF05843,Article 5843,maison,M17,lin,soiree,milieu,F093,images/REF05843.jpg
REF05844,Article 5844,maison,M15,lin,soiree,entree,F017,images/REF05844.jpg
REF05845,Article 5845,maison,M29,synthetique,soiree,entree,F116,images/REF05845.jpg
REF05846,Article 5846,accessoire,M18,coton,sport,milieu,F089,images/REF05846.jpg
REF05847,Article 5847,bas,M27,laine,soiree,entree,F040,images/REF05847.jpg
REF05848,Article 5848,bas,M33,laine,sport,milieu,F037,images/REF05848.jpg
REF05849,Article 5849,haut,M13,synthetique,soiree,premium,F085,images/REF05849.jpg
REF05850,Article 5850,bas,M38,synthetique,sport,premium,F043,images/REF05850.jpg
REF05851,Article 5851,accessoire,M08,synthetique,sport,entree,F074,images/REF05851.jpg
REF05852,Article 5852,bas,M23,coton,ville,entree,F032,images/REF05852.jpg
REF05853,Article 5853,maison,M18,laine,soiree,entree,F131,images/REF05853.jpg
REF05854,Article 5854,haut,M31,coton,soiree,entree,F033,images/REF05854.jpg
REF05855,Article 5855,bas,M33,lin,ville,entree,F013,images/REF05855.jpg
REF05856,Article 5856,haut,M20,laine,ville,milieu,F077,images/REF05856.jpg
REF05857,Article 5857,haut,M33,coton,ville,milieu,F018,images/REF05857.jpg
REF05858,Article 5858,accessoire,M29,synthetique,sport,entree,F061,images/REF05858.jpg
REF05859,Article 5859,accessoire,M30,laine,soiree,milieu,F024,images/REF05859.jpg
REF05860,Article 5860,maison,M19,coton,soiree,milieu,F091,images/REF05860.jpg
REF05861,Article 5861,maison,M39,coton,ville,milieu,F027,images/REF05861.jpg
REF05862,Article 5862,maison,M21,lin,soiree,milieu,F133,images/REF05862.jpg
REF05863,Article 5863,haut,M35,coton,soiree,entree,F002,images/REF05863.jpg
REF05864,Article 5864,haut,M29,laine,soiree,milieu,F120,images/REF05864.jpg
REF05865,Article 5865,bas,M06,lin,soiree,premium,F027,images/REF05865.jpg
REF05866,Article 5866,bas,M36,lin,soiree,entree,F126,images/REF05866.jpg
REF05867,Article 5867,haut,M18,laine,sport,entree,F041,images/REF05867.jpg
REF05868,Article 5868,haut,M13,lin,soiree,entree,F117,images/REF05868.jpg
REF05869,Article 5869,bas,M33,laine,soiree,premium,F018,images/REF05869.jpg
REF05870,Article 5870,accessoire,M39,coton,soiree,milieu,F111,images/REF05870.jpg
REF05871,Article 5871,maison,M30,synthetique,soiree,entree,F028,images/REF05871.jpg
REF05872,Article 5872,bas,M24,synthetique,sport,entree,F067,images/REF05872.jpg
REF05873,Article 5873,maison,M26,laine,soiree,milieu,F008,images/REF05873.jpg
REF05874,Article 5874,bas,M02,laine,ville,entree,F019,images/REF05874.jpg
REF05875,Article 5875,haut,M15,laine,sport,entree,F117,images/REF05875.jpg
REF05876,Article 5876,haut,M18,coton,sport,entree,F064,images/REF05876.jpg
REF05877,Article 5877,accessoire,M37,coton,soiree,entree,F021,images/REF05877.jpg
REF05878,Article 5878,maison,M39,laine,sport,premium,F130,images/REF05878.jpg
REF05879,Article 5879,accessoire,M40,synthetique,sport,milieu,F037,images/REF05879.jpg
REF05880,Article 5880,maison,M10,synthetique,ville,entree,F126,images/REF05880.jpg
REF05881,Article 5881,maison,M19,coton,soiree,entree,F118,images/REF05881.jpg
REF05882,Article 5882,haut,M29,laine,sport,premium,F033,images/REF05882.jpg
REF05883,Article 5883,accessoire,M26,lin,ville,premium,F109,images/REF05883.jpg
REF05884,Article 5884,bas,M33,coton,sport,entree,F140,images/REF05884.jpg
REF05885,Article 5885,accessoire,M14,coton,soiree,milieu,F139,images/REF05885.jpg
REF05886,Article 5886,maison,M26,coton,sport,entree,F082,images/REF05886.jpg
REF05887,Article 5887,maison,M36,synthetique,sport,premium,F097,images/REF05887.jpg
REF05888,Article 5888,maison,M23,lin,sport,milieu,F039,images/REF05888.jpg
REF05889,Article 5889,maison,M39,synthetique,soiree,entree,F104,images/REF05889.jpg
REF05890,Article 5890,bas,M38,synthetique,sport,entree,F001,images/REF05890.jpg
REF05891,Article 5891,maison,M05,coton,soiree,entree,F054,images/REF05891.jpg
REF05892,Article 5892,haut,M03,synthetique,sport,milieu,F047,images/REF05892.jpg
REF05893,Article 5893,accessoire,M29,synthetique,ville,milieu,F051,images/REF05893.jpg
REF05894,Article 5894,maison,M14,synthetique,sport,milieu,F077,images/REF05894.jpg
REF05895,Article 5895,bas,M17,lin,sport,premium,F068,images/REF05895.jpg
REF05896,Article 5896,accessoire,M40,lin,sport,entree,F018,images/REF05896.jpg
REF05897,Article 5897,maison,M14,synthetique,soiree,premium,F136,images/REF05897.jpg
REF05898,Article 5898,bas,M39,laine,soiree,premium,F044,images/REF05898.jpg
REF05899,Article 5899,maison,M17,synthetique,sport,milieu,F063,images/REF05899.jpg
REF05900,Article 5900,maison,M02,synthetique,soiree,entree,F112,images/REF05900.jpg
REF05901,Article 5901,maison,M25,lin,sport,premium,F053,images/REF05901.jpg
REF05902,Article 5902,accessoire,M19,coton,sport,premium,F098,images/REF05902.jpg
REF05903,Article 5903,haut,M06,synthetique,soiree,premium,F047,images/REF05903.jpg
REF05904,Article 5904,accessoire,M21,laine,ville,entree,F095,images/REF05904.jpg
REF05905,Article 5905,accessoire,M36,synthetique,ville,milieu,F020,images/REF05905.jpg
REF05906,Article 5906,accessoire,M05,laine,soiree,entree,F115,images/REF05906.jpg
REF05907,Article 5907,bas,M13,synthetique,soiree,entree,F099,images/REF05907.jpg
REF05908,Article 5908,haut,M05,lin,ville,premium,F101,images/REF05908.jpg
REF05909,Article 5909,haut,M09,coton,sport,milieu,F109,images/REF05909.jpg
REF05910,Article 5910,maison,M05,laine,soiree,entree,F001,images/REF05910.jpg
REF05911,Article 5911,accessoire,M14,laine,sport,milieu,F113,images/REF05911.jpg
REF05912,Article 5912,maison,M04,laine,sport,premium,F021,images/REF05912.jpg
REF05913,Article 5913,haut,M18,coton,soiree,premium,F056,images/REF05913.jpg
REF05914,Article 5914,haut,M07,synthetique,soiree,entree,F080,images/REF05914.jpg
REF05915,Article 5915,accessoire,M08,coton,sport,premium,F133,images/REF05915.jpg
REF05916,Article 5916,maison,M11,coton,ville,milieu,F008,images/REF05916.jpg
REF05917,Article 5917,accessoire,M05,coton,sport,entree,F069,images/REF05917.jpg
REF05918,Article 5918,accessoire,M33,lin,ville,milieu,F070,images/REF05918.jpg
REF05919,Article 5919,haut,M40,synthetique,sport,milieu,F111,images/REF05919.jpg
REF05920,Article 5920,bas,M07,synthetique,ville,milieu,F108,images/REF05920.jpg
REF05921,Article 5921,accessoire,M36,synthetique,soiree,entree,F113,images/REF05921.jpg
REF05922,Article 5922,accessoire,M28,coton,sport,premium,F012,images/REF05922.jpg
REF05923,Article 5923,accessoire,M39,coton,soiree,entree,F070,images/REF05923.jpg
REF05924,Article 5924,haut,M32,synthetique,sport,premium,F112,images/REF05924.jpg
REF05925,Article 5925,bas,M17,coton,ville,entree,F089,images/REF05925.jpg
REF05926,Article 5926,bas,M39,synthetique,sport,entree,F091,images/REF05926.jpg
REF05927,Article 5927,haut,M09,laine,soiree,premium,F103,images/REF05927.jpg
REF05928,Article 5928,bas,M09,lin,ville,milieu,F114,images/REF05928.jpg
REF05929,Article 5929,bas,M11,lin,soiree,entree,F102,images/REF05929.jpg
REF05930,Article 5930,accessoire,M25,laine,sport,milieu,F041,images/REF05930.jpg
REF05931,Article 5931,accessoire,M26,coton,ville,entree,F007,images/REF05931.jpg
REF05932,Article 5932,accessoire,M03,lin,soiree,entree,F040,images/REF05932.jpg
REF05933,Article 5933,haut,M01,synthetique,soiree,milieu,F032,images/REF05933.jpg
REF05934,Article 5934,haut,M05,coton,sport,milieu,F072,images/REF05934.jpg
REF05935,Article 5935,bas,M38,lin,ville,milieu,F041,images/REF05935.jpg
REF05936,Article 5936,bas,M32,laine,ville,premium,F134,images/REF05936.jpg
REF05937,Article 5937,accessoire,M11,synthetique,soiree,premium,F128,images/REF05937.jpg
REF05938,Article 5938,bas,M35,laine,ville,milieu,F131,images/REF05938.jpg
REF05939,Article 5939,maison,M05,coton,ville,premium,F068,images/REF05939.jpg
REF05940,Article 5940,bas,M39,synthetique,soiree,entree,F044,images/REF05940.jpg
REF05941,Article 5941,haut,M36,synthetique,ville,entree,F140,images/REF05941.jpg
REF05942,Article 5942,maison,M39,coton,soiree,milieu,F070,images/REF05942.jpg
REF05943,Article 5943,accessoire,M13,lin,soiree,milieu,F086,images/REF05943.jpg
REF05944,Article 5944,maison,M13,synthetique,sport,milieu,F123,images/REF05944.jpg
REF05945,Article 5945,haut,M28,laine,ville,milieu,F074,images/REF05945.jpg
REF05946,Article 5946,maison,M22,laine,soiree,entree,F110,images/REF05946.jpg
REF05947,Article 5947,bas,M02,synthetique,soiree,milieu,F096,images/REF05947.jpg
REF05948,Article 5948,maison,M40,coton,soiree,premium,F015,images/REF05948.jpg
REF05949,Article 5949,haut,M28,coton,soiree,premium,F005,images/REF05949.jpg
REF05950,Article 5950,bas,M29,coton,soiree,premium,F051,images/REF05950.jpg
REF05951,Article 5951,accessoire,M27,coton,soiree,premium,F045,images/REF05951.jpg
REF05952,Article 5952,accessoire,M10,synthetique,sport,entree,F005,images/REF05952.jpg
REF05953,Article 5953,accessoire,M07,lin,sport,premium,F060,images/REF05953.jpg
REF05954,Article 5954,accessoire,M08,coton,ville,milieu,F022,images/REF05954.jpg
REF05955,Article 5955,haut,M23,laine,soiree,milieu,F131,images/REF05955.jpg
REF05956,Article 5956,accessoire,M20,coton,soiree,milieu,F126,images/REF05956.jpg
REF05957,Article 5957,accessoire,M37,lin,soiree,premium,F034,images/REF05957.jpg
REF05958,Article 5958,haut,M16,laine,sport,entree,F140,images/REF05958.jpg
REF05959,Article 5959,haut,M14,coton,ville,milieu,F050,images/REF05959.jpg
REF05960,Article 5960,haut,M35,lin,sport,milieu,F100,images/REF05960.jpg
REF05961,Article 5961,accessoire,M34,lin,sport,premium,F130,images/REF05961.jpg
REF05962,Article 5962,maison,M24,coton,sport,entree,F061,images/REF05962.jpg
REF05963,Article 5963,bas,M24,laine,sport,premium,F072,images/REF05963.jpg
REF05964,Article 5964,maison,M22,lin,ville,premium,F009,images/REF05964.jpg
REF05965,Article 5965,accessoire,M02,laine,ville,premium,F126,images/REF05965.jpg
REF05966,Article 5966,bas,M11,laine,sport,entree,F068,images/REF05966.jpg
REF05967,Article 5967,maison,M07,lin,ville,entree,F030,images/REF05967.jpg
REF05968,Article 5968,haut,M24,coton,soiree,milieu,F106,images/REF05968.jpg
REF05969,Article 5969,bas,M10,synthetique,soiree,premium,F008,images/REF05969.jpg
REF05970,Article 5970,accessoire,M21,coton,ville,milieu,F025,images/REF05970.jpg
REF05971,Article 5971,bas,M19,synthetique,soiree,milieu,F024,images/REF05971.jpg
REF05972,Article 5972,maison,M18,lin,sport,premium,F048,images/REF05972.jpg
REF05973,Article 5973,haut,M32,synthetique,ville,entree,F054,images/REF05973.jpg
REF05974,Article 5974,haut,M15,laine,soiree,entree,F041,images/REF05974.jpg
REF05975,Article 5975,bas,M02,synthetique,soiree,premium,F008,images/REF05975.jpg
REF05976,Article 5976,accessoire,M23,synthetique,ville,milieu,F049,images/REF05976.jpg
REF05977,Article 5977,maison,M25,lin,ville,premium,F112,images/REF05977.jpg
REF05978,Article 5978,haut,M20,synthetique,ville,premium,F111,images/REF05978.jpg
REF05979,Article 5979,bas,M34,laine,soiree,milieu,F127,images/REF05979.jpg
REF05980,Article 5980,bas,M01,coton,soiree,premium,F029,images/REF05980.jpg
REF05981,Article 5981,bas,M18,synthetique,ville,premium,F133,images/REF05981.jpg
REF05982,Article 5982,bas,M07,synthetique,soiree,milieu,F067,images/REF05982.jpg
REF05983,Article 5983,accessoire,M09,laine,sport,premium,F120,images/REF05983.jpg
REF05984,Article 5984,haut,M03,synthetique,soiree,milieu,F059,images/REF05984.jpg
REF05985,Article 5985,haut,M10,synthetique,soiree,entree,F077,images/REF05985.jpg
REF05986,Article 5986,accessoire,M18,synthetique,soiree,premium,F053,images/REF05986.jpg
REF05987,Article 5987,accessoire,M30,laine,soiree,premium,F070,images/REF05987.jpg
REF05988,Article 5988,haut,M39,synthetique,soiree,premium,F026,images/REF05988.jpg
REF05989,Article 5989,accessoire,M40,laine,sport,entree,F007,images/REF05989.jpg
REF05990,Article 5990,bas,M38,lin,soiree,premium,F014,images/REF05990.jpg
REF05991,Article 5991,maison,M39,lin,soiree,milieu,F004,images/REF05991.jpg
REF05992,Article 5992,accessoire,M17,synthetique,sport,premium,F045,images/REF05992.jpg
REF05993,Article 5993,maison,M03,laine,soiree,premium,F075,images/REF05993.jpg
REF05994,Article 5994,maison,M39,lin,ville,milieu,F071,images/REF05994.jpg
REF05995,Article 5995,maison,M17,synthetique,ville,entree,F022,images/REF05995.jpg
REF05996,Article 5996,accessoire,M10,lin,ville,premium,F060,images/REF05996.jpg
REF05997,Article 5997,accessoire,M23,coton,soiree,milieu,F053,images/REF05997.jpg
REF05998,Article 5998,haut,M16,coton,ville,entree,F116,images/REF05998.jpg
REF05999,Article 5999,accessoire,M06,lin,soiree,premium,F112,images/REF05999.jpg
REF06000,Article 6000,maison,M36,lin,ville,milieu,F068,images/REF06000.jpg
REF06001,Article 6001,haut,M40,coton,soiree,entree,F107,images/REF06001.jpg
REF06002,Article 6002,maison,M21,lin,sport,premium,F010,images/REF06002.jpg
REF06003,Article 6003,maison,M33,lin,sport,premium,F086,images/REF06003.jpg
REF06004,Article 6004,haut,M11,coton,soiree,premium,F119,images/REF06004.jpg
REF06005,Article 6005,maison,M25,laine,soiree,milieu,F031,images/REF06005.jpg
REF06006,Article 6006,maison,M25,coton,soiree,entree,F129,images/REF06006.jpg
REF06007,Article 6007,maison,M18,synthetique,ville,premium,F045,images/REF06007.jpg
REF06008,Article 6008,accessoire,M08,synthetique,ville,entree,F025,images/REF06008.jpg
REF06009,Article 6009,bas,M19,coton,sport,entree,F097,images/REF06009.jpg
REF06010,Article 6010,accessoire,M23,coton,soiree,entree,F135,images/REF06010.jpg
REF06011,Article 6011,bas,M13,lin,ville,milieu,F020,images/REF06011.jpg
REF06012,Article 6012,bas,M15,synthetique,ville,milieu,F072,images/REF06012.jpg
REF06013,Article 6013,maison,M09,lin,ville,premium,F082,images/REF06013.jpg
REF06014,Article 6014,haut,M11,lin,soiree,milieu,F132,images/REF06014.jpg
REF06015,Article 6015,accessoire,M09,synthetique,sport,entree,F028,images/REF06015.jpg
REF06016,Article 6016,accessoire,M07,coton,ville,premium,F011,images/REF06016.jpg
REF06017,Article 6017,maison,M10,synthetique,soiree,entree,F120,images/REF06017.jpg
REF06018,Article 6018,maison,M23,coton,sport,milieu,F111,images/REF06018.jpg
REF06019,Article 6019,accessoire,M18,coton,ville,milieu,F054,images/REF06019.jpg
REF06020,Article 6020,haut,M30,synthetique,ville,milieu,F081,images/REF06020.jpg
REF06021,Article 6021,accessoire,M01,coton,sport,entree,F065,images/REF06021.jpg
REF06022,Article 6022,accessoire,M31,lin,ville,milieu,F134,images/REF06022.jpg
REF06023,Article 6023,haut,M04,coton,sport,premium,F022,images/REF06023.jpg
REF06024,Article 6024,accessoire,M09,synthetique,ville,premium,F031,images/REF06024.jpg
REF06025,Article 6025,bas,M36,lin,soiree,milieu,F021,images/REF06025.jpg
REF06026,Article 6026,maison,M14,lin,soiree,premium,F091,images/REF06026.jpg
REF06027,Article 6027,maison,M18,coton,sport,milieu,F129,images/REF06027.jpg
REF06028,Article 6028,haut,M10,laine,ville,premium,F069,images/REF06028.jpg
REF06029,Article 6029,maison,M15,synthetique,sport,premium,F102,images/REF06029.jpg
REF06030,Article 6030,bas,M29,coton,ville,premium,F013,images/REF06030.jpg
REF06031,Article 6031,bas,M07,lin,soiree,premium,F079,images/REF06031.jpg
REF06032,Article 6032,haut,M40,synthetique,ville,premium,F047,images/REF06032.jpg
REF06033,Article 6033,haut,M22,coton,ville,premium,F065,images/REF06033.jpg
REF06034,Article 6034,bas,M27,laine,sport,entree,F092,images/REF06034.jpg
REF06035,Article 6035,bas,M29,synthetique,ville,milieu,F105,images/REF06035.jpg
REF06036,Article 6036,maison,M29,lin,soiree,milieu,F023,images/REF06036.jpg
REF06037,Article 6037,accessoire,M09,synthetique,ville,entree,F011,images/REF06037.jpg
REF06038,Article 6038,haut,M08,laine,soiree,milieu,F045,images/REF06038.jpg
REF06039,Article 6039,bas,M40,lin,ville,milieu,F113,images/REF06039.jpg
REF06040,Article 6040,bas,M18,synthetique,sport,entree,F002,images/REF06040.jpg
REF06041,Article 6041,haut,M24,synthetique,soiree,premium,F112,images/REF06041.jpg
REF06042,Article 6042,maison,M16,coton,soiree,premium,F085,images/REF06042.jpg
REF06043,Article 6043,bas,M26,coton,ville,entree,F021,images/REF06043.jpg
REF06044,Article 6044,accessoire,M31,lin,ville,premium,F119,images/REF06044.jpg
REF06045,Article 6045,maison,M18,lin,sport,entree,F088,images/REF06045.jpg
REF06046,Article 6046,maison,M01,laine,soiree,milieu,F103,images/REF06046.jpg
REF06047,Article 6047,maison,M12,lin,ville,entree,F066,images/REF06047.jpg
REF06048,Article 6048,haut,M24,synthetique,ville,entree,F034,images/REF06048.jpg
REF06049,Article 6049,maison,M25,laine,soiree,entree,F069,images/REF06049.jpg
REF06050,Article 6050,haut,M20,laine,sport,premium,F033,images/REF06050.jpg
REF06051,Article 6051,bas,M09,lin,sport,premium,F059,images/REF06051.jpg
REF06052,Article 6052,haut,M29,synthetique,ville,premium,F020,images/REF06052.jpg
REF06053,Article 6053,maison,M08,coton,ville,milieu,F044,images/REF06053.jpg
REF06054,Article 6054,bas,M29,synthetique,sport,premium,F011,images/REF06054.jpg
REF06055,Article 6055,bas,M17,lin,ville,premium,F128,images/REF06055.jpg
REF06056,Article 6056,accessoire,M06,coton,ville,premium,F015,images/REF06056.jpg
REF06057,Article 6057,accessoire,M19,laine,ville,premium,F056,images/REF06057.jpg
REF06058,Article 6058,haut,M17,coton,soiree,premium,F098,images/REF06058.jpg
REF06059,Article 6059,accessoire,M36,synthetique,ville,milieu,F126,images/REF06059.jpg
REF06060,Article 6060,accessoire,M33,laine,ville,milieu,F063,images/REF06060.jpg
REF06061,Article 6061,bas,M16,laine,soiree,premium,F072,images/REF06061.jpg
REF06062,Article 6062,haut,M16,lin,sport,milieu,F101,images/REF06062.jpg
REF06063,Article 6063,haut,M26,laine,sport,milieu,F132,images/REF06063.jpg
REF06064,Article 6064,maison,M01,coton,soiree,entree,F115,images/REF06064.jpg
REF06065,Article 6065,maison,M32,laine,soiree,entree,F043,images/REF06065.jpg
REF06066,Article 6066,accessoire,M38,synthetique,soiree,premium,F042,images/REF06066.jpg
REF06067,Article 6067,maison,M02,synthetique,sport,milieu,F044,images/REF06067.jpg
REF06068,Article 6068,haut,M09,synthetique,ville,milieu,F047,images/REF06068.jpg
REF06069,Article 6069,haut,M19,coton,soiree,premium,F079,images/REF06069.jpg
REF06070,Article 6070,maison,M22,coton,sport,premium,F010,images/REF06070.jpg
REF06071,Article 6071,bas,M10,coton,sport,entree,F002,images/REF06071.jpg
REF06072,Article 6072,bas,M05,coton,ville,premium,F133,images/REF06072.jpg
REF06073,Article 6073,maison,M20,coton,soiree,milieu,F113,images/REF06073.jpg
REF06074,Article 6074,maison,M33,coton,soiree,entree,F074,images/REF06074.jpg
REF06075,Article 6075,bas,M14,coton,sport,entree,F043,images/REF06075.jpg
REF06076,Article 6076,accessoire,M12,lin,ville,premium,F024,images/REF06076.jpg
REF06077,Article 6077,bas,M37,synthetique,ville,milieu,F061,images/REF06077.jpg
REF06078,Article 6078,maison,M02,coton,ville,entree,F068,images/REF06078.jpg
REF06079,Article 6079,bas,M08,coton,ville,milieu,F022,images/REF06079.jpg
REF06080,Article 6080,bas,M22,synthetique,sport,entree,F036,images/REF06080.jpg
REF06081,Article 6081,bas,M20,synthetique,ville,milieu,F014,images/REF06081.jpg
REF06082,Article 6082,maison,M09,coton,soiree,premium,F099,images/REF06082.jpg
REF06083,Article 6083,accessoire,M19,synthetique,soiree,milieu,F104,images/REF06083.jpg
REF06084,Article 6084,haut,M19,laine,soiree,premium,F079,images/REF06084.jpg
REF06085,Article 6085,haut,M10,lin,sport,milieu,F037,images/REF06085.jpg
REF06086,Article 6086,bas,M39,laine,soiree,milieu,F034,images/REF06086.jpg
REF06087,Article 6087,haut,M19,synthetique,sport,entree,F123,images/REF06087.jpg
REF06088,Article 6088,haut,M04,synthetique,soiree,entree,F067,images/REF06088.jpg
REF06089,Article 6089,haut,M03,lin,soiree,milieu,F134,images/REF06089.jpg
REF06090,Article 6090,maison,M05,coton,sport,entree,F037,images/REF06090.jpg
REF06091,Article 6091,haut,M15,lin,sport,entree,F068,images/REF06091.jpg
REF06092,Article 6092,haut,M18,laine,sport,milieu,F091,images/REF06092.jpg
REF06093,Article 6093,maison,M01,lin,sport,premium,F140,images/REF06093.jpg
REF06094,Article 6094,bas,M09,laine,ville,entree,F087,images/REF06094.jpg
REF06095,Article 6095,accessoire,M24,lin,ville,milieu,F053,images/REF06095.jpg
REF06096,Article 6096,bas,M35,laine,ville,milieu,F059,images/REF06096.jpg
REF06097,Article 6097,haut,M22,coton,soiree,milieu,F139,images/REF06097.jpg
REF06098,Article 6098,haut,M04,laine,ville,entree,F057,images/REF06098.jpg
REF06099,Article 6099,maison,M20,synthetique,sport,entree,F115,images/REF06099.jpg
REF06100,Article 6100,maison,M36,laine,ville,premium,F047,images/REF06100.jpg
REF06101,Article 6101,accessoire,M39,laine,soiree,milieu,F112,images/REF06101.jpg
REF06102,Article 6102,maison,M02,coton,soiree,milieu,F098,images/REF06102.jpg
REF06103,Article 6103,maison,M33,coton,sport,premium,F134,images/REF06103.jpg
REF06104,Article 6104,accessoire,M10,synthetique,ville,entree,F037,images/REF06104.jpg
REF06105,Article 6105,maison,M08,lin,soiree,entree,F029,images/REF06105.jpg
REF06106,Article 6106,bas,M01,lin,soiree,entree,F054,images/REF06106.jpg
REF06107,Article 6107,haut,M27,lin,sport,premium,F003,images/REF06107.jpg
REF06108,Article 6108,haut,M05,synthetique,ville,milieu,F079,images/REF06108.jpg
REF06109,Article 6109,accessoire,M05,coton,sport,entree,F110,images/REF06109.jpg
REF06110,Article 6110,haut,M15,synthetique,soiree,entree,F076,images/REF06110.jpg
REF06111,Article 6111,haut,M32,coton,ville,milieu,F065,images/REF06111.jpg
REF06112,Article 6112,bas,M15,coton,sport,milieu,F022,images/REF06112.jpg
REF06113,Article 6113,bas,M31,laine,ville,milieu,F029,images/REF06113.jpg
REF06114,Article 6114,accessoire,M06,coton,ville,milieu,F005,images/REF06114.jpg
REF06115,Article 6115,maison,M07,lin,ville,milieu,F043,images/REF06115.jpg
REF06116,Article 6116,maison,M09,lin,soiree,entree,F099,images/REF06116.jpg
REF06117,Article 6117,haut,M05,coton,soiree,milieu,F047,images/REF06117.jpg
REF06118,Article 6118,haut,M16,lin,sport,entree,F124,images/REF06118.jpg
REF06119,Article 6119,haut,M09,synthetique,ville,milieu,F062,images/REF06119.jpg
REF06120,Article 6120,maison,M02,coton,soiree,entree,F110,images/REF06120.jpg
REF06121,Article 6121,bas,M01,lin,sport,premium,F037,images/REF06121.jpg
REF06122,Article 6122,accessoire,M38,coton,soiree,entree,F091,images/REF06122.jpg
REF06123,Article 6123,accessoire,M32,laine,ville,premium,F067,images/REF06123.jpg
REF06124,Article 6124,haut,M32,synthetique,sport,premium,F115,images/REF06124.jpg
REF06125,Article 6125,bas,M31,lin,soiree,entree,F087,images/REF06125.jpg
REF06126,Article 6126,haut,M02,lin,sport,entree,F033,images/REF06126.jpg
REF06127,Article 6127,accessoire,M14,laine,sport,milieu,F021,images/REF06127.jpg
REF06128,Article 6128,haut,M13,coton,ville,premium,F068,images/REF06128.jpg
REF06129,Article 6129,haut,M10,synthetique,ville,premium,F092,images/REF06129.jpg
REF06130,Article 6130,maison,M11,laine,sport,premium,F007,images/REF06130.jpg
REF06131,Article 6131,maison,M08,lin,sport,premium,F024,images/REF06131.jpg
REF06132,Article 6132,haut,M28,coton,ville,milieu,F017,images/REF06132.jpg
REF06133,Article 6133,haut,M24,laine,sport,premium,F032,images/REF06133.jpg
REF06134,Article 6134,haut,M31,laine,soiree,premium,F078,images/REF06134.jpg
REF06135,Article 6135,bas,M27,synthetique,soiree,premium,F010,images/REF06135.jpg
REF06136,Article 6136,accessoire,M03,laine,sport,premium,F077,images/REF06136.jpg
REF06137,Article 6137,haut,M22,coton,sport,milieu,F118,images/REF06137.jpg
REF06138,Article 6138,bas,M27,coton,ville,premium,F070,images/REF06138.jpg
REF06139,Article 6139,maison,M21,laine,soiree,entree,F002,images/REF06139.jpg
REF06140,Article 6140,maison,M01,synthetique,ville,entree,F129,images/REF06140.jpg
REF06141,Article 6141,haut,M34,laine,ville,milieu,F133,images/REF06141.jpg
REF06142,Article 6142,accessoire,M05,coton,sport,milieu,F046,images/REF06142.jpg
REF06143,Article 6143,accessoire,M03,lin,soiree,premium,F056,images/REF06143.jpg
REF06144,Article 6144,maison,M20,laine,ville,entree,F034,images/REF06144.jpg
REF06145,Article 6145,maison,M36,coton,ville,entree,F117,images/REF06145.jpg
REF06146,Article 6146,accessoire,M06,coton,sport,milieu,F047,images/REF06146.jpg
REF06147,Article 6147,bas,M30,laine,soiree,premium,F034,images/REF06147.jpg
REF06148,Article 6148,accessoire,M05,lin,sport,milieu,F055,images/REF06148.jpg
REF06149,Article 6149,haut,M21,lin,ville,premium,F055,images/REF06149.jpg
REF06150,Article 6150,bas,M34,laine,soiree,milieu,F069,images/REF06150.jpg
REF06151,Article 6151,accessoire,M09,lin,ville,entree,F023,images/REF06151.jpg
REF06152,Article 6152,bas,M30,coton,soiree,premium,F079,images/REF06152.jpg
REF06153,Article 6153,accessoire,M19,synthetique,sport,premium,F112,images/REF06153.jpg
REF06154,Article 6154,maison,M31,synthetique,ville,premium,F124,images/REF06154.jpg
REF06155,Article 6155,accessoire,M37,coton,ville,milieu,F128,images/REF06155.jpg
REF06156,Article 6156,haut,M04,synthetique,soiree,milieu,F083,images/REF06156.jpg
REF06157,Article 6157,bas,M08,laine,soiree,premium,F045,images/REF06157.jpg
REF06158,Article 6158,haut,M21,synthetique,ville,entree,F004,images/REF06158.jpg
REF06159,Article 6159,bas,M08,synthetique,ville,premium,F095,images/REF06159.jpg
REF06160,Article 6160,maison,M01,laine,ville,premium,F068,images/REF06160.jpg
REF06161,Article 6161,accessoire,M34,coton,soiree,entree,F097,images/REF06161.jpg
REF06162,Article 6162,bas,M35,coton,soiree,premium,F040,images/REF06162.jpg
REF06163,Article 6163,bas,M16,coton,soiree,entree,F023,images/REF06163.jpg
REF06164,Article 6164,accessoire,M23,synthetique,sport,entree,F111,images/REF06164.jpg
REF06165,Article 6165,maison,M12,coton,ville,premium,F040,images/REF06165.jpg
REF06166,Article 6166,bas,M19,coton,sport,entree,F101,images/REF06166.jpg
REF06167,Article 6167,bas,M09,lin,ville,entree,F052,images/REF06167.jpg
REF06168,Article 6168,accessoire,M13,synthetique,soiree,milieu,F018,images/REF06168.jpg
REF06169,Article 6169,accessoire,M35,laine,soiree,premium,F101,images/REF06169.jpg
REF06170,Article 6170,maison,M25,lin,sport,premium,F134,images/REF06170.jpg
REF06171,Article 6171,haut,M21,laine,ville,milieu,F041,images/REF06171.jpg
REF06172,Article 6172,haut,M04,lin,soiree,milieu,F121,images/REF06172.jpg
REF06173,Article 6173,haut,M31,coton,sport,entree,F116,images/REF06173.jpg
REF06174,Article 6174,maison,M31,coton,sport,premium,F073,images/REF06174.jpg
REF06175,Article 6175,maison,M37,coton,ville,entree,F087,images/REF06175.jpg
REF06176,Article 6176,bas,M38,synthetique,sport,entree,F060,images/REF06176.jpg
REF06177,Article 6177,maison,M24,synthetique,soiree,milieu,F039,images/REF06177.jpg
REF06178,Article 6178,accessoire,M32,synthetique,ville,entree,F046,images/REF06178.jpg
REF06179,Article 6179,accessoire,M24,lin,soiree,premium,F062,images/REF06179.jpg
REF06180,Article 6180,bas,M01,lin,ville,entree,F094,images/REF06180.jpg
REF06181,Article 6181,accessoire,M16,laine,soiree,milieu,F077,images/REF06181.jpg
REF06182,Article 6182,maison,M33,coton,ville,entree,F121,images/REF06182.jpg
REF06183,Article 6183,accessoire,M06,synthetique,sport,milieu,F015,images/REF06183.jpg
REF06184,Article 6184,bas,M37,coton,soiree,entree,F014,images/REF06184.jpg
REF06185,Article 6185,haut,M33,lin,soiree,entree,F070,images/REF06185.jpg
REF06186,Article 6186,maison,M39,lin,soiree,entree,F100,images/REF06186.jpg
REF06187,Article 6187,maison,M17,coton,soiree,entree,F026,images/REF06187.jpg
REF06188,Article 6188,maison,M02,synthetique,ville,entree,F101,images/REF06188.jpg
REF06189,Article 6189,haut,M15,laine,soiree,milieu,F108,images/REF06189.jpg
REF06190,Article 6190,accessoire,M07,coton,soiree,milieu,F005,images/REF06190.jpg
REF06191,Article 6191,haut,M05,laine,soiree,premium,F097,images/REF06191.jpg
REF06192,Article 6192,maison,M18,coton,sport,entree,F106,images/REF06192.jpg
REF06193,Article 6193,accessoire,M28,laine,sport,premium,F138,images/REF06193.jpg
REF06194,Article 6194,maison,M13,laine,ville,entree,F090,images/REF06194.jpg
REF06195,Article 6195,accessoire,M10,coton,sport,milieu,F012,images/REF06195.jpg
REF06196,Article 6196,haut,M08,laine,sport,premium,F007,images/REF06196.jpg
REF06197,Article 6197,accessoire,M06,laine,soiree,entree,F020,images/REF06197.jpg
REF06198,Article 6198,bas,M28,laine,sport,milieu,F033,images/REF06198.jpg
REF06199,Article 6199,maison,M05,lin,soiree,milieu,F044,images/REF06199.jpg
REF06200,Article 6200,maison,M11,laine,soiree,entree,F054,images/REF06200.jpg
REF06201,Article 6201,bas,M31,coton,soiree,premium,F059,images/REF06201.jpg
REF06202,Article 6202,maison,M19,laine,soiree,milieu,F112,images/REF06202.jpg
REF06203,Article 6203,haut,M08,coton,sport,premium,F029,images/REF06203.jpg
REF06204,Article 6204,maison,M29,coton,soiree,premium,F115,images/REF06204.jpg
REF06205,Article 6205,haut,M11,coton,soiree,milieu,F012,images/REF06205.jpg
REF06206,Article 6206,accessoire,M32,coton,ville,entree,F074,images/REF06206.jpg
REF06207,Article 6207,maison,M25,coton,ville,premium,F031,images/REF06207.jpg
REF06208,Article 6208,bas,M39,synthetique,ville,milieu,F074,images/REF06208.jpg
REF06209,Article 6209,haut,M11,synthetique,ville,entree,F093,images/REF06209.jpg
REF06210,Article 6210,maison,M03,lin,sport,milieu,F054,images/REF06210.jpg
REF06211,Article 6211,bas,M01,synthetique,soiree,milieu,F091,images/REF06211.jpg
REF06212,Article 6212,bas,M13,lin,soiree,premium,F059,images/REF06212.jpg
REF06213,Article 6213,bas,M14,coton,soiree,entree,F122,images/REF06213.jpg
REF06214,Article 6214,accessoire,M35,coton,sport,milieu,F001,images/REF06214.jpg
REF06215,Article 6215,accessoire,M02,coton,sport,entree,F121,images/REF06215.jpg
REF06216,Article 6216,haut,M07,laine,ville,entree,F124,images/REF06216.jpg
REF06217,Article 6217,haut,M19,synthetique,ville,premium,F009,images/REF06217.jpg
REF06218,Article 6218,bas,M32,lin,ville,milieu,F042,images/REF06218.jpg
REF06219,Article 6219,accessoire,M38,coton,ville,milieu,F113,images/REF06219.jpg
REF06220,Article 6220,bas,M13,laine,sport,milieu,F064,images/REF06220.jpg
REF06221,Article 6221,maison,M26,lin,ville,premium,F135,images/REF06221.jpg
REF06222,Article 6222,haut,M36,lin,soiree,premium,F004,images/REF06222.jpg
REF06223,Article 6223,accessoire,M18,coton,ville,milieu,F110,images/REF06223.jpg
REF06224,Article 6224,haut,M19,synthetique,ville,premium,F042,images/REF06224.jpg
REF06225,Article 6225,accessoire,M20,coton,soiree,entree,F068,images/REF06225.jpg
REF06226,Article 6226,maison,M36,lin,soiree,entree,F115,images/REF06226.jpg
REF06227,Article 6227,haut,M21,laine,ville,milieu,F076,images/REF06227.jpg
REF06228,Article 6228,maison,M29,laine,sport,entree,F077,images/REF06228.jpg
REF06229,Article 6229,bas,M40,coton,sport,entree,F022,images/REF06229.jpg
REF06230,Article 6230,haut,M03,lin,ville,entree,F032,images/REF06230.jpg
REF06231,Article 6231,haut,M12,synthetique,sport,premium,F102,images/REF06231.jpg
REF06232,Article 6232,bas,M14,synthetique,soiree,premium,F116,images/REF06232.jpg
REF06233,Article 6233,maison,M03,synthetique,sport,premium,F087,images/REF06233.jpg
REF06234,Article 6234,accessoire,M12,coton,sport,entree,F107,images/REF06234.jpg
REF06235,Article 6235,haut,M01,lin,soiree,entree,F065,images/REF06235.jpg
REF06236,Article 6236,haut,M21,coton,soiree,milieu,F109,images/REF06236.jpg
REF06237,Article 6237,maison,M06,synthetique,sport,milieu,F071,images/REF06237.jpg
REF06238,Article 6238,haut,M22,lin,sport,premium,F037,images/REF06238.jpg
REF06239,Article 6239,haut,M38,synthetique,sport,milieu,F028,images/REF06239.jpg
REF06240,Article 6240,maison,M11,lin,ville,premium,F132,images/REF06240.jpg
REF06241,Article 6241,bas,M12,coton,soiree,premium,F133,images/REF06241.jpg
REF06242,Article 6242,bas,M24,laine,ville,entree,F099,images/REF06242.jpg
REF06243,Article 6243,haut,M17,laine,ville,premium,F057,images/REF06243.jpg
REF06244,Article 6244,maison,M06,lin,ville,entree,F102,images/REF06244.jpg
REF06245,Article 6245,bas,M03,lin,ville,entree,F130,images/REF06245.jpg
REF06246,Article 6246,accessoire,M36,coton,ville,entree,F076,images/REF06246.jpg
REF06247,Article 6247,maison,M16,coton,ville,entree,F019,images/REF06247.jpg
REF06248,Article 6248,accessoire,M29,laine,ville,milieu,F037,images/REF06248.jpg
REF06249,Article 6249,bas,M04,coton,soiree,entree,F134,images/REF06249.jpg
REF06250,Article 6250,accessoire,M11,lin,ville,entree,F082,images/REF06250.jpg
REF06251,Article 6251,bas,M15,coton,soiree,entree,F009,images/REF06251.jpg
REF06252,Article 6252,accessoire,M07,synthetique,sport,entree,F046,images/REF06252.jpg
REF06253,Article 6253,accessoire,M27,synthetique,soiree,milieu,F030,images/REF06253.jpg
REF06254,Article 6254,bas,M28,lin,ville,milieu,F064,images/REF06254.jpg
REF06255,Article 6255,accessoire,M36,lin,soiree,milieu,F108,images/REF06255.jpg
REF06256,Article 6256,accessoire,M19,lin,soiree,premium,F029,images/REF06256.jpg
REF06257,Article 6257,maison,M10,synthetique,sport,premium,F062,images/REF06257.jpg
REF06258,Article 6258,bas,M32,synthetique,soiree,milieu,F059,images/REF06258.jpg
REF06259,Article 6259,haut,M27,lin,sport,milieu,F109,images/REF06259.jpg
REF06260,Article 6260,maison,M38,coton,sport,milieu,F076,images/REF06260.jpg
REF06261,Article 6261,maison,M04,synthetique,ville,entree,F013,images/REF06261.jpg
REF06262,Article 6262,bas,M05,coton,ville,entree,F007,images/REF06262.jpg
REF06263,Article 6263,haut,M33,laine,sport,milieu,F067,images/REF06263.jpg
REF06264,Article 6264,haut,M10,synthetique,soiree,premium,F053,images/REF06264.jpg
REF06265,Article 6265,bas,M37,synthetique,soiree,milieu,F061,images/REF06265.jpg
REF06266,Article 6266,maison,M20,lin,ville,entree,F074,images/REF06266.jpg
REF06267,Article 6267,haut,M29,synthetique,soiree,entree,F087,images/REF06267.jpg
REF06268,Article 6268,accessoire,M14,coton,soiree,milieu,F134,images/REF06268.jpg
REF06269,Article 6269,haut,M12,lin,soiree,entree,F139,images/REF06269.jpg
REF06270,Article 6270,haut,M40,lin,sport,entree,F035,images/REF06270.jpg
REF06271,Article 6271,haut,M15,synthetique,sport,entree,F093,images/REF06271.jpg
REF06272,Article 6272,maison,M17,coton,soiree,entree,F010,images/REF06272.jpg
REF06273,Article 6273,haut,M33,lin,sport,entree,F139,images/REF06273.jpg
REF06274,Article 6274,bas,M26,laine,ville,milieu,F061,images/REF06274.jpg
REF06275,Article 6275,maison,M05,lin,soiree,milieu,F139,images/REF06275.jpg
REF06276,Article 6276,accessoire,M01,laine,sport,entree,F066,images/REF06276.jpg
REF06277,Article 6277,accessoire,M32,lin,ville,milieu,F062,images/REF06277.jpg
REF06278,Article 6278,accessoire,M37,lin,soiree,premium,F119,images/REF06278.jpg
REF06279,Article 6279,accessoire,M11,laine,ville,premium,F023,images/REF06279.jpg
REF06280,Article 6280,bas,M04,synthetique,soiree,entree,F132,images/REF06280.jpg
REF06281,Article 6281,accessoire,M27,synthetique,sport,entree,F068,images/REF06281.jpg
REF06282,Article 6282,accessoire,M28,laine,ville,milieu,F035,images/REF06282.jpg
REF06283,Article 6283,accessoire,M26,synthetique,ville,entree,F088,images/REF06283.jpg
REF06284,Article 6284,bas,M15,laine,sport,milieu,F046,images/REF06284.jpg
REF06285,Article 6285,maison,M17,lin,ville,milieu,F058,images/REF06285.jpg
REF06286,Article 6286,haut,M10,synthetique,sport,premium,F094,images/REF06286.jpg
REF06287,Article 6287,maison,M04,lin,soiree,milieu,F064,images/REF06287.jpg
REF06288,Article 6288,maison,M31,lin,sport,entree,F139,images/REF06288.jpg
REF06289,Article 6289,accessoire,M02,lin,soiree,milieu,F057,images/REF06289.jpg
REF06290,Article 6290,bas,M36,coton,ville,milieu,F139,images/REF06290.jpg
REF06291,Article 6291,accessoire,M39,synthetique,sport,premium,F098,images/REF06291.jpg
REF06292,Article 6292,bas,M14,synthetique,soiree,premium,F048,images/REF06292.jpg
REF06293,Article 6293,accessoire,M20,laine,sport,milieu,F121,images/REF06293.jpg
REF06294,Article 6294,maison,M14,laine,soiree,entree,F053,images/REF06294.jpg
REF06295,Article 6295,haut,M21,coton,sport,milieu,F068,images/REF06295.jpg
REF06296,Article 6296,accessoire,M08,coton,soiree,entree,F123,images/REF06296.jpg
REF06297,Article 6297,maison,M08,synthetique,sport,premium,F124,images/REF06297.jpg
REF06298,Article 6298,haut,M14,laine,soiree,premium,F034,images/REF06298.jpg
REF06299,Article 6299,accessoire,M19,lin,ville,entree,F084,images/REF06299.jpg
REF06300,Article 6300,accessoire,M20,laine,sport,premium,F110,images/REF06300.jpg
REF06301,Article 6301,bas,M21,synthetique,soiree,milieu,F005,images/REF06301.jpg
REF06302,Article 6302,haut,M19,synthetique,ville,entree,F105,images/REF06302.jpg
REF06303,Article 6303,bas,M08,synthetique,ville,premium,F127,images/REF06303.jpg
REF06304,Article 6304,accessoire,M06,laine,ville,entree,F053,images/REF06304.jpg
REF06305,Article 6305,accessoire,M02,synthetique,soiree,premium,F099,images/REF06305.jpg
REF06306,Article 6306,accessoire,M07,lin,soiree,premium,F012,images/REF06306.jpg
REF06307,Article 6307,maison,M32,laine,ville,milieu,F140,images/REF06307.jpg
REF06308,Article 6308,accessoire,M24,laine,soiree,premium,F024,images/REF06308.jpg
REF06309,Article 6309,bas,M20,coton,sport,milieu,F117,images/REF06309.jpg
REF06310,Article 6310,accessoire,M06,laine,sport,premium,F054,images/REF06310.jpg
REF06311,Article 6311,haut,M19,coton,ville,premium,F122,images/REF06311.jpg
REF06312,Article 6312,bas,M36,coton,ville,milieu,F140,images/REF06312.jpg
REF06313,Article 6313,accessoire,M33,lin,sport,premium,F105,images/REF06313.jpg
REF06314,Article 6314,accessoire,M34,coton,ville,entree,F075,images/REF06314.jpg
REF06315,Article 6315,maison,M38,coton,soiree,entree,F098,images/REF06315.jpg
REF06316,Article 6316,bas,M22,laine,ville,entree,F107,images/REF06316.jpg
REF06317,Article 6317,accessoire,M26,coton,sport,entree,F028,images/REF06317.jpg
REF06318,Article 6318,accessoire,M08,synthetique,soiree,milieu,F048,images/REF06318.jpg
REF06319,Article 6319,bas,M01,laine,ville,premium,F074,images/REF06319.jpg
REF06320,Article 6320,haut,M27,coton,ville,milieu,F091,images/REF06320.jpg
REF06321,Article 6321,bas,M39,coton,sport,premium,F133,images/REF06321.jpg
REF06322,Article 6322,bas,M21,coton,soiree,entree,F047,images/REF06322.jpg
REF06323,Article 6323,bas,M39,lin,ville,entree,F052,images/REF06323.jpg
REF06324,Article 6324,haut,M18,coton,sport,premium,F066,images/REF06324.jpg
REF06325,Article 6325,bas,M10,coton,sport,premium,F102,images/REF06325.jpg
REF06326,Article 6326,accessoire,M29,synthetique,soiree,milieu,F069,images/REF06326.jpg
REF06327,Article 6327,bas,M08,lin,sport,entree,F025,images/REF06327.jpg
REF06328,Article 6328,accessoire,M11,laine,ville,entree,F089,images/REF06328.jpg
REF06329,Article 6329,maison,M08,coton,sport,milieu,F139,images/REF06329.jpg
REF06330,Article 6330,haut,M24,laine,soiree,premium,F053,images/REF06330.jpg
REF06331,Article 6331,maison,M21,coton,soiree,entree,F040,images/REF06331.jpg
REF06332,Article 6332,maison,M36,coton,sport,entree,F122,images/REF06332.jpg
REF06333,Article 6333,bas,M27,lin,sport,milieu,F040,images/REF06333.jpg
REF06334,Article 6334,bas,M11,laine,sport,entree,F128,images/REF06334.jpg
REF06335,Article 6335,bas,M07,lin,ville,premium,F126,images/REF06335.jpg
REF06336,Article 6336,haut,M01,laine,ville,entree,F103,images/REF06336.jpg
REF06337,Article 6337,accessoire,M23,coton,ville,premium,F121,images/REF06337.jpg
REF06338,Article 6338,accessoire,M24,coton,ville,milieu,F005,images/REF06338.jpg
REF06339,Article 6339,accessoire,M36,laine,sport,premium,F062,images/REF06339.jpg
REF06340,Article 6340,haut,M10,lin,soiree,milieu,F135,images/REF06340.jpg
REF06341,Article 6341,haut,M04,lin,soiree,entree,F058,images/REF06341.jpg
REF06342,Article 6342,haut,M04,laine,sport,premium,F073,images/REF06342.jpg
REF06343,Article 6343,haut,M22,synthetique,soiree,milieu,F132,images/REF06343.jpg
REF06344,Article 6344,bas,M14,laine,ville,milieu,F033,images/REF06344.jpg
REF06345,Article 6345,bas,M30,laine,ville,milieu,F037,images/REF06345.jpg
REF06346,Article 6346,bas,M18,coton,soiree,milieu,F038,images/REF06346.jpg
REF06347,Article 6347,haut,M39,coton,ville,milieu,F106,images/REF06347.jpg
REF06348,Article 6348,haut,M12,laine,sport,entree,F107,images/REF06348.jpg
REF06349,Article 6349,maison,M38,synthetique,soiree,milieu,F120,images/REF06349.jpg
REF06350,Article 6350,bas,M19,coton,ville,entree,F123,images/REF06350.jpg
REF06351,Article 6351,maison,M34,synthetique,ville,milieu,F125,images/REF06351.jpg
REF06352,Article 6352,haut,M37,laine,soiree,entree,F110,images/REF06352.jpg
REF06353,Article 6353,maison,M10,synthetique,sport,milieu,F017,images/REF06353.jpg
REF06354,Article 6354,bas,M15,laine,sport,milieu,F105,images/REF06354.jpg
REF06355,Article 6355,bas,M39,synthetique,sport,premium,F007,images/REF06355.jpg
REF06356,Article 6356,maison,M10,coton,sport,premium,F137,images/REF06356.jpg
REF06357,Article 6357,accessoire,M32,coton,soiree,entree,F011,images/REF06357.jpg
REF06358,Article 6358,bas,M04,lin,soiree,entree,F046,images/REF06358.jpg
REF06359,Article 6359,accessoire,M25,lin,sport,milieu,F010,images/REF06359.jpg
REF06360,Article 6360,accessoire,M02,synthetique,ville,milieu,F054,images/REF06360.jpg
REF06361,Article 6361,bas,M34,lin,sport,premium,F042,images/REF06361.jpg
REF06362,Article 6362,haut,M35,coton,sport,premium,F135,images/REF06362.jpg
REF06363,Article 6363,accessoire,M31,synthetique,soiree,entree,F008,images/REF06363.jpg
REF06364,Article 6364,haut,M30,synthetique,sport,milieu,F021,images/REF06364.jpg
REF06365,Article 6365,haut,M10,lin,ville,premium,F070,images/REF06365.jpg
REF06366,Article 6366,bas,M10,laine,soiree,entree,F055,images/REF06366.jpg
REF06367,Article 6367,maison,M34,lin,soiree,milieu,F003,images/REF06367.jpg
REF06368,Article 6368,haut,M16,synthetique,soiree,milieu,F099,images/REF06368.jpg
REF06369,Article 6369,bas,M22,lin,ville,milieu,F136,images/REF06369.jpg
REF06370,Article 6370,bas,M39,lin,sport,premium,F112,images/REF06370.jpg
REF06371,Article 6371,haut,M12,coton,ville,entree,F073,images/REF06371.jpg
REF06372,Article 6372,accessoire,M14,coton,soiree,milieu,F092,images/REF06372.jpg
REF06373,Article 6373,bas,M02,coton,ville,entree,F101,images/REF06373.jpg
REF06374,Article 6374,bas,M06,lin,soiree,milieu,F092,images/REF06374.jpg
REF06375,Article 6375,accessoire,M37,laine,soiree,premium,F108,images/REF06375.jpg
REF06376,Article 6376,haut,M26,coton,soiree,entree,F087,images/REF06376.jpg
REF06377,Article 6377,accessoire,M10,lin,ville,milieu,F091,images/REF06377.jpg
REF06378,Article 6378,bas,M40,laine,soiree,milieu,F096,images/REF06378.jpg
REF06379,Article 6379,accessoire,M13,coton,ville,milieu,F092,images/REF06379.jpg
REF06380,Article 6380,maison,M17,coton,sport,milieu,F055,images/REF06380.jpg
REF06381,Article 6381,bas,M25,coton,soiree,entree,F095,images/REF06381.jpg
REF06382,Article 6382,haut,M33,lin,sport,entree,F024,images/REF06382.jpg
REF06383,Article 6383,haut,M19,coton,soiree,entree,F044,images/REF06383.jpg
REF06384,Article 6384,bas,M30,lin,soiree,milieu,F039,images/REF06384.jpg
REF06385,Article 6385,haut,M32,lin,soiree,entree,F128,images/REF06385.jpg
REF06386,Article 6386,accessoire,M26,laine,sport,premium,F028,images/REF06386.jpg
REF06387,Article 6387,accessoire,M04,coton,soiree,entree,F016,images/REF06387.jpg
REF06388,Article 6388,haut,M09,coton,soiree,premium,F009,images/REF06388.jpg
REF06389,Article 6389,maison,M30,lin,ville,premium,F128,images/REF06389.jpg
REF06390,Article 6390,maison,M05,coton,sport,entree,F098,images/REF06390.jpg
REF06391,Article 6391,haut,M36,laine,soiree,entree,F092,images/REF06391.jpg
REF06392,Article 6392,haut,M29,laine,soiree,milieu,F013,images/REF06392.jpg
REF06393,Article 6393,bas,M36,synthetique,ville,entree,F048,images/REF06393.jpg
REF06394,Article 6394,haut,M27,lin,sport,entree,F109,images/REF06394.jpg
REF06395,Article 6395,haut,M02,coton,ville,entree,F091,images/REF06395.jpg
REF06396,Article 6396,bas,M37,coton,ville,entree,F114,images/REF06396.jpg
REF06397,Article 6397,bas,M02,lin,soiree,premium,F079,images/REF06397.jpg
REF06398,Article 6398,accessoire,M08,lin,soiree,entree,F090,images/REF06398.jpg
REF06399,Article 6399,bas,M25,lin,sport,entree,F092,images/REF06399.jpg
REF06400,Article 6400,accessoire,M10,coton,sport,entree,F116,images/REF06400.jpg
REF06401,Article 6401,bas,M06,laine,soiree,milieu,F079,images/REF06401.jpg
REF06402,Article 6402,bas,M38,lin,soiree,entree,F006,images/REF06402.jpg
REF06403,Article 6403,accessoire,M25,laine,soiree,entree,F105,images/REF06403.jpg
REF06404,Article 6404,maison,M15,coton,sport,premium,F079,images/REF06404.jpg
REF06405,Article 6405,bas,M38,synthetique,ville,milieu,F063,images/REF06405.jpg
REF06406,Article 6406,maison,M28,synthetique,soiree,milieu,F105,images/REF06406.jpg
REF06407,Article 6407,maison,M27,laine,sport,entree,F069,images/REF06407.jpg
REF06408,Article 6408,bas,M36,synthetique,sport,milieu,F013,images/REF06408.jpg
REF06409,Article 6409,maison,M19,laine,soiree,entree,F085,images/REF06409.jpg
REF06410,Article 6410,maison,M22,lin,soiree,milieu,F138,images/REF06410.jpg
REF06411,Article 6411,maison,M31,coton,sport,entree,F075,images/REF06411.jpg
REF06412,Article 6412,maison,M01,synthetique,ville,milieu,F010,images/REF06412.jpg
REF06413,Article 6413,maison,M17,laine,soiree,entree,F013,images/REF06413.jpg
REF06414,Article 6414,haut,M33,coton,ville,entree,F058,images/REF06414.jpg
REF06415,Article 6415,accessoire,M39,lin,ville,premium,F077,images/REF06415.jpg
REF06416,Article 6416,haut,M39,laine,soiree,milieu,F006,images/REF06416.jpg
REF06417,Article 6417,bas,M32,synthetique,soiree,premium,F108,images/REF06417.jpg
REF06418,Article 6418,haut,M28,coton,ville,entree,F086,images/REF06418.jpg
REF06419,Article 6419,maison,M20,coton,ville,premium,F028,images/REF06419.jpg
REF06420,Article 6420,haut,M12,laine,sport,premium,F008,images/REF06420.jpg
REF06421,Article 6421,bas,M25,lin,ville,milieu,F040,images/REF06421.jpg
REF06422,Article 6422,maison,M18,laine,ville,entree,F067,images/REF06422.jpg
REF06423,Article 6423,haut,M10,coton,sport,entree,F124,images/REF06423.jpg
REF06424,Article 6424,bas,M14,coton,sport,entree,F106,images/REF06424.jpg
REF06425,Article 6425,accessoire,M13,lin,sport,entree,F026,images/REF06425.jpg
REF06426,Article 6426,haut,M08,lin,soiree,entree,F119,images/REF06426.jpg
REF06427,Article 6427,maison,M32,coton,ville,entree,F088,images/REF06427.jpg
REF06428,Article 6428,accessoire,M22,synthetique,sport,entree,F025,images/REF06428.jpg
REF06429,Article 6429,haut,M34,laine,soiree,milieu,F101,images/REF06429.jpg
REF06430,Article 6430,bas,M35,coton,ville,milieu,F031,images/REF06430.jpg
REF06431,Article 6431,bas,M39,laine,sport,milieu,F088,images/REF06431.jpg
REF06432,Article 6432,haut,M23,lin,soiree,entree,F098,images/REF06432.jpg
REF06433,Article 6433,bas,M07,synthetique,sport,premium,F057,images/REF06433.jpg
REF06434,Article 6434,bas,M33,coton,ville,milieu,F130,images/REF06434.jpg
REF06435,Article 6435,bas,M27,synthetique,ville,premium,F058,images/REF06435.jpg
REF06436,Article 6436,maison,M20,synthetique,sport,milieu,F108,images/REF06436.jpg
REF06437,Article 6437,maison,M03,laine,sport,premium,F084,images/REF06437.jpg
REF06438,Article 6438,accessoire,M04,coton,sport,premium,F058,images/REF06438.jpg
REF06439,Article 6439,maison,M01,synthetique,soiree,premium,F104,images/REF06439.jpg
REF06440,Article 6440,maison,M06,synthetique,sport,entree,F116,images/REF06440.jpg
REF06441,Article 6441,accessoire,M39,laine,sport,milieu,F018,images/REF06441.jpg
REF06442,Article 6442,bas,M03,laine,ville,premium,F110,images/REF06442.jpg
REF06443,Article 6443,accessoire,M09,coton,ville,milieu,F034,images/REF06443.jpg
REF06444,Article 6444,maison,M30,laine,soiree,milieu,F057,images/REF06444.jpg
REF06445,Article 6445,accessoire,M06,coton,sport,milieu,F125,images/REF06445.jpg
REF06446,Article 6446,bas,M17,coton,ville,entree,F093,images/REF06446.jpg
REF06447,Article 6447,maison,M22,lin,soiree,premium,F095,images/REF06447.jpg
REF06448,Article 6448,bas,M14,coton,ville,entree,F020,images/REF06448.jpg
REF06449,Article 6449,haut,M13,lin,ville,entree,F003,images/REF06449.jpg
REF06450,Article 6450,accessoire,M38,laine,ville,entree,F068,images/REF06450.jpg
REF06451,Article 6451,bas,M37,synthetique,soiree,premium,F113,images/REF06451.jpg
REF06452,Article 6452,bas,M23,lin,soiree,entree,F001,images/REF06452.jpg
REF06453,Article 6453,haut,M03,lin,ville,premium,F015,images/REF06453.jpg
REF06454,Article 6454,haut,M20,laine,ville,milieu,F024,images/REF06454.jpg
REF06455,Article 6455,maison,M15,coton,ville,milieu,F077,images/REF06455.jpg
REF06456,Article 6456,accessoire,M04,synthetique,sport,premium,F012,images/REF06456.jpg
REF06457,Article 6457,bas,M38,laine,ville,entree,F012,images/REF06457.jpg
REF06458,Article 6458,maison,M33,lin,ville,premium,F056,images/REF06458.jpg
REF06459,Article 6459,maison,M20,coton,soiree,entree,F013,images/REF06459.jpg
REF06460,Article 6460,bas,M05,laine,ville,entree,F012,images/REF06460.jpg
REF06461,Article 6461,bas,M31,coton,sport,premium,F139,images/REF06461.jpg
REF06462,Article 6462,bas,M27,laine,soiree,entree,F050,images/REF06462.jpg
REF06463,Article 6463,maison,M30,coton,soiree,milieu,F100,images/REF06463.jpg
REF06464,Article 6464,bas,M14,laine,soiree,premium,F010,images/REF06464.jpg
REF06465,Article 6465,maison,M19,laine,ville,entree,F026,images/REF06465.jpg
REF06466,Article 6466,accessoire,M17,synthetique,soiree,premium,F029,images/REF06466.jpg
REF06467,Article 6467,maison,M40,laine,soiree,milieu,F110,images/REF06467.jpg
REF06468,Article 6468,bas,M30,lin,sport,premium,F106,images/REF06468.jpg
REF06469,Article 6469,haut,M35,laine,soiree,milieu,F035,images/REF06469.jpg
REF06470,Article 6470,haut,M33,laine,sport,milieu,F074,images/REF06470.jpg
REF06471,Article 6471,bas,M13,laine,soiree,milieu,F002,images/REF06471.jpg
REF06472,Article 6472,maison,M04,lin,sport,premium,F079,images/REF06472.jpg
REF06473,Article 6473,maison,M23,lin,ville,milieu,F065,images/REF06473.jpg
REF06474,Article 6474,haut,M27,coton,sport,milieu,F136,images/REF06474.jpg
REF06475,Article 6475,accessoire,M37,coton,soiree,entree,F009,images/REF06475.jpg
REF06476,Article 6476,maison,M22,lin,soiree,premium,F138,images/REF06476.jpg
REF06477,Article 6477,bas,M37,coton,soiree,premium,F037,images/REF06477.jpg
REF06478,Article 6478,maison,M22,synthetique,ville,premium,F029,images/REF06478.jpg
REF06479,Article 6479,bas,M25,coton,soiree,entree,F115,images/REF06479.jpg
REF06480,Article 6480,haut,M11,coton,soiree,milieu,F098,images/REF06480.jpg
REF06481,Article 6481,bas,M02,synthetique,ville,milieu,F095,images/REF06481.jpg
REF06482,Article 6482,haut,M30,coton,sport,premium,F002,images/REF06482.jpg
REF06483,Article 6483,maison,M15,coton,soiree,entree,F037,images/REF06483.jpg
REF06484,Article 6484,accessoire,M37,synthetique,sport,milieu,F063,images/REF06484.jpg
REF06485,Article 6485,maison,M10,synthetique,sport,milieu,F136,images/REF06485.jpg
REF06486,Article 6486,accessoire,M23,coton,soiree,milieu,F033,images/REF06486.jpg
REF06487,Article 6487,haut,M04,laine,sport,entree,F014,images/REF06487.jpg
REF06488,Article 6488,haut,M03,synthetique,ville,milieu,F092,images/REF06488.jpg
REF06489,Article 6489,maison,M33,laine,ville,milieu,F012,images/REF06489.jpg
REF06490,Article 6490,bas,M38,synthetique,sport,entree,F034,images/REF06490.jpg
REF06491,Article 6491,bas,M35,laine,ville,entree,F092,images/REF06491.jpg
REF06492,Article 6492,haut,M30,lin,ville,entree,F010,images/REF06492.jpg
REF06493,Article 6493,haut,M01,laine,soiree,milieu,F107,images/REF06493.jpg
REF06494,Article 6494,bas,M07,synthetique,sport,premium,F076,images/REF06494.jpg
REF06495,Article 6495,accessoire,M23,lin,sport,milieu,F064,images/REF06495.jpg
REF06496,Article 6496,accessoire,M17,synthetique,sport,entree,F116,images/REF06496.jpg
REF06497,Article 6497,bas,M18,lin,soiree,milieu,F122,images/REF06497.jpg
REF06498,Article 6498,maison,M30,coton,sport,milieu,F122,images/REF06498.jpg
REF06499,Article 6499,bas,M15,synthetique,ville,entree,F057,images/REF06499.jpg
REF06500,Article 6500,bas,M26,lin,soiree,entree,F067,images/REF06500.jpg
REF06501,Article 6501,maison,M10,lin,sport,entree,F131,images/REF06501.jpg
REF06502,Article 6502,haut,M14,lin,sport,milieu,F075,images/REF06502.jpg
REF06503,Article 6503,haut,M13,laine,ville,entree,F001,images/REF06503.jpg
REF06504,Article 6504,maison,M19,laine,sport,entree,F037,images/REF06504.jpg
REF06505,Article 6505,bas,M29,synthetique,ville,entree,F129,images/REF06505.jpg
REF06506,Article 6506,accessoire,M37,synthetique,sport,milieu,F032,images/REF06506.jpg
REF06507,Article 6507,bas,M11,laine,ville,entree,F127,images/REF06507.jpg
REF06508,Article 6508,haut,M28,laine,ville,entree,F015,images/REF06508.jpg
REF06509,Article 6509,accessoire,M37,lin,ville,premium,F034,images/REF06509.jpg
REF06510,Article 6510,haut,M27,laine,soiree,premium,F034,images/REF06510.jpg
REF06511,Article 6511,haut,M15,coton,soiree,premium,F035,images/REF06511.jpg
REF06512,Article 6512,bas,M18,coton,sport,premium,F112,images/REF06512.jpg
REF06513,Article 6513,bas,M03,coton,soiree,premium,F007,images/REF06513.jpg
REF06514,Article 6514,haut,M02,laine,ville,premium,F014,images/REF06514.jpg
REF06515,Article 6515,haut,M26,synthetique,ville,milieu,F038,images/REF06515.jpg
REF06516,Article 6516,bas,M10,coton,soiree,premium,F032,images/REF06516.jpg
REF06517,Article 6517,maison,M24,laine,soiree,milieu,F097,images/REF06517.jpg
REF06518,Article 6518,bas,M21,laine,soiree,milieu,F120,images/REF06518.jpg
REF06519,Article 6519,bas,M37,synthetique,sport,entree,F137,images/REF06519.jpg
REF06520,Article 6520,maison,M08,laine,ville,premium,F066,images/REF06520.jpg
REF06521,Article 6521,maison,M15,coton,sport,premium,F075,images/REF06521.jpg
REF06522,Article 6522,maison,M25,coton,soiree,premium,F087,images/REF06522.jpg
REF06523,Article 6523,maison,M16,lin,soiree,premium,F109,images/REF06523.jpg
REF06524,Article 6524,accessoire,M39,lin,soiree,premium,F073,images/REF06524.jpg
REF06525,Article 6525,bas,M21,laine,soiree,milieu,F067,images/REF06525.jpg
REF06526,Article 6526,haut,M25,synthetique,sport,milieu,F102,images/REF06526.jpg
REF06527,Article 6527,maison,M04,laine,soiree,premium,F056,images/REF06527.jpg
REF06528,Article 6528,maison,M23,coton,sport,entree,F069,images/REF06528.jpg
REF06529,Article 6529,bas,M37,laine,soiree,premium,F069,images/REF06529.jpg
REF06530,Article 6530,bas,M25,synthetique,ville,entree,F044,images/REF06530.jpg
REF06531,Article 6531,bas,M23,coton,soiree,milieu,F047,images/REF06531.jpg
REF06532,Article 6532,maison,M18,synthetique,soiree,entree,F139,images/REF06532.jpg
REF06533,Article 6533,accessoire,M37,laine,sport,entree,F025,images/REF06533.jpg
REF06534,Article 6534,haut,M14,laine,soiree,entree,F043,images/REF06534.jpg
REF06535,Article 6535,accessoire,M07,lin,ville,premium,F024,images/REF06535.jpg
REF06536,Article 6536,haut,M28,coton,ville,premium,F054,images/REF06536.jpg
REF06537,Article 6537,bas,M20,synthetique,soiree,premium,F066,images/REF06537.jpg
REF06538,Article 6538,haut,M18,lin,sport,premium,F010,images/REF06538.jpg
REF06539,Article 6539,accessoire,M15,synthetique,ville,milieu,F049,images/REF06539.jpg
REF06540,Article 6540,maison,M05,lin,soiree,entree,F101,images/REF06540.jpg
REF06541,Article 6541,accessoire,M25,laine,ville,entree,F106,images/REF06541.jpg
REF06542,Article 6542,maison,M07,synthetique,ville,milieu,F068,images/REF06542.jpg
REF06543,Article 6543,accessoire,M19,lin,sport,entree,F038,images/REF06543.jpg
REF06544,Article 6544,accessoire,M17,coton,ville,entree,F103,images/REF06544.jpg
REF06545,Article 6545,bas,M15,laine,sport,milieu,F089,images/REF06545.jpg
REF06546,Article 6546,bas,M31,synthetique,sport,milieu,F111,images/REF06546.jpg
REF06547,Article 6547,accessoire,M27,synthetique,sport,entree,F096,images/REF06547.jpg
REF06548,Article 6548,haut,M02,lin,sport,milieu,F020,images/REF06548.jpg
REF06549,Article 6549,accessoire,M36,coton,soiree,milieu,F020,images/REF06549.jpg
REF06550,Article 6550,maison,M27,laine,soiree,premium,F103,images/REF06550.jpg
REF06551,Article 6551,accessoire,M17,lin,sport,milieu,F082,images/REF06551.jpg
REF06552,Article 6552,haut,M35,laine,ville,entree,F114,images/REF06552.jpg
REF06553,Article 6553,accessoire,M22,coton,ville,milieu,F006,images/REF06553.jpg
REF06554,Article 6554,maison,M05,laine,sport,premium,F132,images/REF06554.jpg
REF06555,Article 6555,bas,M36,coton,ville,premium,F091,images/REF06555.jpg
REF06556,Article 6556,bas,M32,coton,sport,premium,F124,images/REF06556.jpg
REF06557,Article 6557,bas,M16,coton,sport,milieu,F092,images/REF06557.jpg
REF06558,Article 6558,bas,M27,laine,ville,milieu,F062,images/REF06558.jpg
REF06559,Article 6559,haut,M26,laine,soiree,milieu,F113,images/REF06559.jpg
REF06560,Article 6560,bas,M31,coton,soiree,entree,F136,images/REF06560.jpg
REF06561,Article 6561,haut,M08,coton,soiree,milieu,F075,images/REF06561.jpg
REF06562,Article 6562,haut,M02,laine,sport,entree,F121,images/REF06562.jpg
REF06563,Article 6563,haut,M36,synthetique,soiree,milieu,F122,images/REF06563.jpg
REF06564,Article 6564,haut,M15,coton,ville,entree,F110,images/REF06564.jpg
REF06565,Article 6565,accessoire,M39,lin,sport,entree,F100,images/REF06565.jpg
REF06566,Article 6566,maison,M30,lin,sport,milieu,F015,images/REF06566.jpg
REF06567,Article 6567,haut,M37,synthetique,soiree,premium,F057,images/REF06567.jpg
REF06568,Article 6568,bas,M09,laine,sport,milieu,F070,images/REF06568.jpg
REF06569,Article 6569,maison,M32,lin,ville,milieu,F122,images/REF06569.jpg
REF06570,Article 6570,accessoire,M22,coton,sport,entree,F083,images/REF06570.jpg
REF06571,Article 6571,bas,M08,lin,sport,milieu,F124,images/REF06571.jpg
REF06572,Article 6572,bas,M26,synthetique,ville,premium,F101,images/REF06572.jpg
REF06573,Article 6573,maison,M17,synthetique,soiree,milieu,F001,images/REF06573.jpg
REF06574,Article 6574,bas,M18,coton,sport,entree,F135,images/REF06574.jpg
REF06575,Article 6575,maison,M31,laine,sport,premium,F037,images/REF06575.jpg
REF06576,Article 6576,maison,M21,lin,ville,premium,F110,images/REF06576.jpg
REF06577,Article 6577,maison,M30,synthetique,sport,premium,F028,images/REF06577.jpg
REF06578,Article 6578,accessoire,M01,laine,ville,milieu,F128,images/REF06578.jpg
REF06579,Article 6579,bas,M27,coton,sport,premium,F122,images/REF06579.jpg
REF06580,Article 6580,bas,M05,synthetique,ville,milieu,F077,images/REF06580.jpg
REF06581,Article 6581,accessoire,M27,lin,sport,milieu,F007,images/REF06581.jpg
REF06582,Article 6582,bas,M17,laine,soiree,entree,F130,images/REF06582.jpg
REF06583,Article 6583,haut,M36,lin,ville,entree,F129,images/REF06583.jpg
REF06584,Article 6584,maison,M13,laine,soiree,milieu,F140,images/REF06584.jpg
REF06585,Article 6585,accessoire,M32,coton,soiree,premium,F139,images/REF06585.jpg
REF06586,Article 6586,haut,M20,synthetique,soiree,premium,F076,images/REF06586.jpg
REF06587,Article 6587,accessoire,M10,lin,ville,entree,F083,images/REF06587.jpg
REF06588,Article 6588,bas,M26,coton,ville,premium,F013,images/REF06588.jpg
REF06589,Article 6589,bas,M20,laine,soiree,premium,F091,images/REF06589.jpg
REF06590,Article 6590,haut,M32,coton,soiree,milieu,F114,images/REF06590.jpg
REF06591,Article 6591,haut,M11,coton,sport,premium,F030,images/REF06591.jpg
REF06592,Article 6592,haut,M11,laine,sport,entree,F027,images/REF06592.jpg
REF06593,Article 6593,haut,M10,coton,ville,premium,F031,images/REF06593.jpg
REF06594,Article 6594,haut,M32,synthetique,ville,premium,F011,images/REF06594.jpg
REF06595,Article 6595,haut,M28,synthetique,ville,premium,F121,images/REF06595.jpg
REF06596,Article 6596,maison,M39,laine,soiree,entree,F116,images/REF06596.jpg
REF06597,Article 6597,bas,M14,coton,sport,premium,F010,images/REF06597.jpg
REF06598,Article 6598,bas,M06,synthetique,ville,premium,F136,images/REF06598.jpg
REF06599,Article 6599,bas,M06,laine,ville,entree,F080,images/REF06599.jpg
REF06600,Article 6600,accessoire,M33,lin,soiree,entree,F004,images/REF06600.jpg
REF06601,Article 6601,haut,M33,coton,sport,entree,F080,images/REF06601.jpg
REF06602,Article 6602,bas,M08,coton,soiree,milieu,F074,images/REF06602.jpg
REF06603,Article 6603,haut,M13,synthetique,ville,milieu,F057,images/REF06603.jpg
REF06604,Article 6604,bas,M01,laine,ville,premium,F030,images/REF06604.jpg
REF06605,Article 6605,haut,M20,laine,soiree,milieu,F096,images/REF06605.jpg
REF06606,Article 6606,bas,M19,lin,ville,premium,F032,images/REF06606.jpg
REF06607,Article 6607,maison,M01,synthetique,ville,entree,F136,images/REF06607.jpg
REF06608,Article 6608,maison,M39,coton,sport,premium,F007,images/REF06608.jpg
REF06609,Article 6609,haut,M20,laine,sport,premium,F028,images/REF06609.jpg
REF06610,Article 6610,haut,M36,laine,sport,milieu,F063,images/REF06610.jpg
REF06611,Article 6611,maison,M38,coton,sport,entree,F092,images/REF06611.jpg
REF06612,Article 6612,haut,M17,coton,ville,milieu,F101,images/REF06612.jpg
REF06613,Article 6613,maison,M15,coton,ville,milieu,F009,images/REF06613.jpg
REF06614,Article 6614,haut,M07,laine,ville,premium,F061,images/REF06614.jpg
REF06615,Article 6615,accessoire,M40,coton,soiree,entree,F006,images/REF06615.jpg
REF06616,Article 6616,bas,M16,lin,sport,premium,F028,images/REF06616.jpg
REF06617,Article 6617,bas,M26,lin,ville,milieu,F030,images/REF06617.jpg
REF06618,Article 6618,bas,M31,coton,soiree,entree,F007,images/REF06618.jpg
REF06619,Article 6619,bas,M36,laine,soiree,milieu,F122,images/REF06619.jpg
REF06620,Article 6620,accessoire,M04,laine,ville,premium,F014,images/REF06620.jpg
REF06621,Article 6621,accessoire,M10,synthetique,sport,milieu,F092,images/REF06621.jpg
REF06622,Article 6622,maison,M19,laine,ville,premium,F109,images/REF06622.jpg
REF06623,Article 6623,bas,M06,synthetique,sport,entree,F075,images/REF06623.jpg
REF06624,Article 6624,maison,M07,lin,ville,milieu,F102,images/REF06624.jpg
REF06625,Article 6625,bas,M20,synthetique,soiree,premium,F110,images/REF06625.jpg
REF06626,Article 6626,haut,M27,lin,ville,milieu,F023,images/REF06626.jpg
REF06627,Article 6627,accessoire,M24,coton,soiree,premium,F015,images/REF06627.jpg
REF06628,Article 6628,bas,M24,coton,soiree,premium,F117,images/REF06628.jpg
REF06629,Article 6629,accessoire,M32,lin,ville,premium,F031,images/REF06629.jpg
REF06630,Article 6630,accessoire,M32,lin,sport,milieu,F074,images/REF06630.jpg
REF06631,Article 6631,bas,M28,coton,ville,entree,F001,images/REF06631.jpg
REF06632,Article 6632,maison,M11,laine,ville,premium,F045,images/REF06632.jpg
REF06633,Article 6633,accessoire,M25,synthetique,soiree,premium,F134,images/REF06633.jpg
REF06634,Article 6634,accessoire,M20,laine,soiree,premium,F130,images/REF06634.jpg
REF06635,Article 6635,accessoire,M22,coton,soiree,premium,F042,images/REF06635.jpg
REF06636,Article 6636,haut,M01,laine,ville,milieu,F081,images/REF06636.jpg
REF06637,Article 6637,maison,M33,coton,soiree,entree,F036,images/REF06637.jpg
REF06638,Article 6638,haut,M28,coton,sport,premium,F028,images/REF06638.jpg
REF06639,Article 6639,haut,M22,lin,soiree,milieu,F123,images/REF06639.jpg
REF06640,Article 6640,bas,M17,laine,soiree,entree,F056,images/REF06640.jpg
REF06641,Article 6641,accessoire,M35,synthetique,ville,entree,F057,images/REF06641.jpg
REF06642,Article 6642,accessoire,M08,laine,soiree,entree,F023,images/REF06642.jpg
REF06643,Article 6643,maison,M01,synthetique,soiree,premium,F036,images/REF06643.jpg
REF06644,Article 6644,haut,M14,lin,ville,milieu,F091,images/REF06644.jpg
REF06645,Article 6645,bas,M34,laine,sport,entree,F115,images/REF06645.jpg
REF06646,Article 6646,bas,M37,lin,ville,entree,F080,images/REF06646.jpg
REF06647,Article 6647,maison,M37,laine,soiree,milieu,F134,images/REF06647.jpg
REF06648,Article 6648,bas,M07,synthetique,soiree,entree,F137,images/REF06648.jpg
REF06649,Article 6649,maison,M31,coton,ville,entree,F062,images/REF06649.jpg
REF06650,Article 6650,maison,M22,laine,soiree,milieu,F025,images/REF06650.jpg
REF06651,Article 6651,haut,M23,synthetique,ville,milieu,F108,images/REF06651.jpg
REF06652,Article 6652,accessoire,M08,laine,sport,entree,F022,images/REF06652.jpg
REF06653,Article 6653,accessoire,M16,laine,ville,milieu,F013,images/REF06653.jpg
REF06654,Article 6654,maison,M39,synthetique,sport,milieu,F128,images/REF06654.jpg
REF06655,Article 6655,bas,M37,coton,sport,milieu,F009,images/REF06655.jpg
REF06656,Article 6656,accessoire,M05,coton,sport,premium,F033,images/REF06656.jpg
REF06657,Article 6657,maison,M30,coton,sport,entree,F068,images/REF06657.jpg
REF06658,Article 6658,bas,M01,coton,ville,milieu,F021,images/REF06658.jpg
REF06659,Article 6659,accessoire,M38,coton,ville,milieu,F005,images/REF06659.jpg
REF06660,Article 6660,maison,M05,lin,soiree,premium,F004,images/REF06660.jpg
REF06661,Article 6661,haut,M01,laine,sport,premium,F073,images/REF06661.jpg
REF06662,Article 6662,bas,M39,coton,sport,entree,F109,images/REF06662.jpg
REF06663,Article 6663,bas,M07,laine,soiree,entree,F060,images/REF06663.jpg
REF06664,Article 6664,accessoire,M15,synthetique,sport,milieu,F012,images/REF06664.jpg
REF06665,Article 6665,accessoire,M22,lin,ville,milieu,F033,images/REF06665.jpg
REF06666,Article 6666,haut,M33,synthetique,sport,milieu,F064,images/REF06666.jpg
REF06667,Article 6667,bas,M20,synthetique,soiree,premium,F093,images/REF06667.jpg
REF06668,Article 6668,haut,M05,laine,ville,premium,F043,images/REF06668.jpg
REF06669,Article 6669,maison,M31,laine,ville,entree,F060,images/REF06669.jpg
REF06670,Article 6670,bas,M11,lin,sport,milieu,F056,images/REF06670.jpg
REF06671,Article 6671,accessoire,M28,synthetique,soiree,premium,F070,images/REF06671.jpg
REF06672,Article 6672,haut,M34,lin,sport,entree,F078,images/REF06672.jpg
REF06673,Article 6673,bas,M05,lin,sport,milieu,F139,images/REF06673.jpg
REF06674,Article 6674,bas,M18,synthetique,soiree,entree,F025,images/REF06674.jpg
REF06675,Article 6675,accessoire,M31,laine,sport,premium,F050,images/REF06675.jpg
REF06676,Article 6676,maison,M05,coton,ville,milieu,F003,images/REF06676.jpg
REF06677,Article 6677,maison,M02,laine,ville,milieu,F056,images/REF06677.jpg
REF06678,Article 6678,haut,M31,lin,ville,entree,F138,images/REF06678.jpg
REF06679,Article 6679,bas,M02,laine,sport,premium,F098,images/REF06679.jpg
REF06680,Article 6680,haut,M32,lin,soiree,entree,F114,images/REF06680.jpg
REF06681,Article 6681,bas,M38,lin,ville,entree,F090,images/REF06681.jpg
REF06682,Article 6682,accessoire,M29,lin,sport,milieu,F051,images/REF06682.jpg
REF06683,Article 6683,maison,M19,lin,soiree,entree,F021,images/REF06683.jpg
REF06684,Article 6684,bas,M12,laine,sport,premium,F138,images/REF06684.jpg
REF06685,Article 6685,haut,M37,synthetique,sport,milieu,F140,images/REF06685.jpg
REF06686,Article 6686,haut,M35,laine,sport,milieu,F125,images/REF06686.jpg
REF06687,Article 6687,maison,M33,coton,soiree,entree,F032,images/REF06687.jpg
REF06688,Article 6688,maison,M03,synthetique,soiree,entree,F088,images/REF06688.jpg
REF06689,Article 6689,haut,M14,laine,ville,entree,F107,images/REF06689.jpg
REF06690,Article 6690,maison,M30,lin,sport,milieu,F097,images/REF06690.jpg
REF06691,Article 6691,bas,M31,coton,soiree,entree,F048,images/REF06691.jpg
REF06692,Article 6692,accessoire,M26,laine,ville,milieu,F060,images/REF06692.jpg
REF06693,Article 6693,maison,M22,laine,soiree,milieu,F061,images/REF06693.jpg
REF06694,Article 6694,maison,M19,synthetique,ville,entree,F124,images/REF06694.jpg
REF06695,Article 6695,accessoire,M36,coton,ville,entree,F050,images/REF06695.jpg
REF06696,Article 6696,maison,M19,laine,sport,milieu,F091,images/REF06696.jpg
REF06697,Article 6697,bas,M26,coton,ville,premium,F070,images/REF06697.jpg
REF06698,Article 6698,maison,M27,laine,ville,premium,F054,images/REF06698.jpg
REF06699,Article 6699,haut,M29,laine,soiree,milieu,F081,images/REF06699.jpg
REF06700,Article 6700,haut,M33,coton,sport,entree,F058,images/REF06700.jpg
REF06701,Article 6701,haut,M10,synthetique,ville,milieu,F026,images/REF06701.jpg
REF06702,Article 6702,maison,M27,synthetique,soiree,entree,F116,images/REF06702.jpg
REF06703,Article 6703,bas,M33,lin,sport,milieu,F015,images/REF06703.jpg
REF06704,Article 6704,accessoire,M39,lin,ville,entree,F136,images/REF06704.jpg
REF06705,Article 6705,maison,M33,synthetique,ville,premium,F031,images/REF06705.jpg
REF06706,Article 6706,maison,M35,coton,soiree,entree,F029,images/REF06706.jpg
REF06707,Article 6707,haut,M11,coton,soiree,milieu,F019,images/REF06707.jpg
REF06708,Article 6708,maison,M33,synthetique,sport,milieu,F001,images/REF06708.jpg
REF06709,Article 6709,accessoire,M17,laine,sport,milieu,F133,images/REF06709.jpg
REF06710,Article 6710,accessoire,M38,synthetique,ville,premium,F058,images/REF06710.jpg
REF06711,Article 6711,bas,M05,coton,soiree,entree,F128,images/REF06711.jpg
REF06712,Article 6712,accessoire,M04,synthetique,sport,premium,F134,images/REF06712.jpg
REF06713,Article 6713,maison,M05,laine,ville,entree,F120,images/REF06713.jpg
REF06714,Article 6714,haut,M31,synthetique,ville,premium,F078,images/REF06714.jpg
REF06715,Article 6715,bas,M14,lin,soiree,premium,F110,images/REF06715.jpg
REF06716,Article 6716,bas,M22,coton,ville,entree,F128,images/REF06716.jpg
REF06717,Article 6717,bas,M15,laine,sport,entree,F014,images/REF06717.jpg
REF06718,Article 6718,haut,M38,coton,sport,premium,F098,images/REF06718.jpg
REF06719,Article 6719,haut,M16,synthetique,sport,milieu,F061,images/REF06719.jpg
REF06720,Article 6720,bas,M12,synthetique,ville,premium,F083,images/REF06720.jpg
REF06721,Article 6721,maison,M02,synthetique,soiree,entree,F110,images/REF06721.jpg
REF06722,Article 6722,maison,M28,lin,soiree,premium,F020,images/REF06722.jpg
REF06723,Article 6723,haut,M19,laine,ville,milieu,F036,images/REF06723.jpg
REF06724,Article 6724,bas,M24,synthetique,sport,entree,F091,images/REF06724.jpg
REF06725,Article 6725,haut,M32,synthetique,ville,premium,F100,images/REF06725.jpg
REF06726,Article 6726,maison,M15,lin,ville,premium,F038,images/REF06726.jpg
REF06727,Article 6727,bas,M34,synthetique,ville,premium,F115,images/REF06727.jpg
REF06728,Article 6728,haut,M32,laine,sport,entree,F076,images/REF06728.jpg
REF06729,Article 6729,accessoire,M32,lin,sport,entree,F040,images/REF06729.jpg
REF06730,Article 6730,accessoire,M34,lin,sport,entree,F109,images/REF06730.jpg
REF06731,Article 6731,maison,M29,laine,ville,entree,F074,images/REF06731.jpg
REF06732,Article 6732,haut,M30,laine,ville,premium,F049,images/REF06732.jpg
REF06733,Article 6733,maison,M39,synthetique,soiree,premium,F113,images/REF06733.jpg
REF06734,Article 6734,accessoire,M27,laine,soiree,milieu,F034,images/REF06734.jpg
REF06735,Article 6735,bas,M04,synthetique,ville,milieu,F065,images/REF06735.jpg
REF06736,Article 6736,maison,M04,laine,soiree,milieu,F122,images/REF06736.jpg
REF06737,Article 6737,maison,M02,coton,ville,entree,F037,images/REF06737.jpg
REF06738,Article 6738,maison,M19,laine,soiree,entree,F115,images/REF06738.jpg
REF06739,Article 6739,bas,M19,synthetique,soiree,entree,F060,images/REF06739.jpg
REF06740,Article 6740,maison,M28,coton,soiree,milieu,F043,images/REF06740.jpg
REF06741,Article 6741,accessoire,M24,lin,sport,milieu,F051,images/REF06741.jpg
REF06742,Article 6742,haut,M31,lin,soiree,milieu,F128,images/REF06742.jpg
REF06743,Article 6743,haut,M22,laine,ville,entree,F047,images/REF06743.jpg
REF06744,Article 6744,accessoire,M37,laine,soiree,premium,F127,images/REF06744.jpg
REF06745,Article 6745,haut,M07,synthetique,soiree,entree,F089,images/REF06745.jpg
REF06746,Article 6746,bas,M01,lin,ville,premium,F088,images/REF06746.jpg
REF06747,Article 6747,accessoire,M40,synthetique,sport,entree,F050,images/REF06747.jpg
REF06748,Article 6748,accessoire,M16,lin,sport,entree,F022,images/REF06748.jpg
REF06749,Article 6749,accessoire,M04,lin,soiree,milieu,F120,images/REF06749.jpg
REF06750,Article 6750,haut,M35,laine,ville,premium,F014,images/REF06750.jpg
REF06751,Article 6751,maison,M09,laine,ville,premium,F002,images/REF06751.jpg
REF06752,Article 6752,bas,M20,coton,sport,milieu,F005,images/REF06752.jpg
REF06753,Article 6753,accessoire,M14,coton,soiree,entree,F129,images/REF06753.jpg
REF06754,Article 6754,accessoire,M06,coton,soiree,premium,F044,images/REF06754.jpg
REF06755,Article 6755,bas,M16,laine,sport,milieu,F104,images/REF06755.jpg
REF06756,Article 6756,haut,M03,laine,ville,milieu,F008,images/REF06756.jpg
REF06757,Article 6757,haut,M17,coton,sport,entree,F116,images/REF06757.jpg
REF06758,Article 6758,accessoire,M27,coton,sport,premium,F018,images/REF06758.jpg
REF06759,Article 6759,bas,M13,coton,ville,premium,F057,images/REF06759.jpg
REF06760,Article 6760,maison,M07,synthetique,ville,premium,F004,images/REF06760.jpg
REF06761,Article 6761,bas,M28,synthetique,soiree,milieu,F041,images/REF06761.jpg
REF06762,Article 6762,accessoire,M18,coton,soiree,milieu,F014,images/REF06762.jpg
REF06763,Article 6763,bas,M24,coton,sport,entree,F129,images/REF06763.jpg
REF06764,Article 6764,bas,M17,lin,sport,entree,F091,images/REF06764.jpg
REF06765,Article 6765,accessoire,M26,laine,soiree,entree,F004,images/REF06765.jpg
REF06766,Article 6766,haut,M16,coton,ville,entree,F087,images/REF06766.jpg
REF06767,Article 6767,accessoire,M16,coton,ville,premium,F105,images/REF06767.jpg
REF06768,Article 6768,bas,M18,laine,sport,entree,F044,images/REF06768.jpg
REF06769,Article 6769,haut,M09,lin,soiree,premium,F107,images/REF06769.jpg
REF06770,Article 6770,bas,M24,coton,sport,milieu,F083,images/REF06770.jpg
REF06771,Article 6771,bas,M14,lin,ville,milieu,F112,images/REF06771.jpg
REF06772,Article 6772,accessoire,M30,synthetique,ville,premium,F065,images/REF06772.jpg
REF06773,Article 6773,bas,M06,coton,sport,entree,F033,images/REF06773.jpg
REF06774,Article 6774,accessoire,M35,coton,soiree,milieu,F125,images/REF06774.jpg
REF06775,Article 6775,maison,M08,coton,sport,milieu,F098,images/REF06775.jpg
REF06776,Article 6776,accessoire,M21,synthetique,soiree,premium,F024,images/REF06776.jpg
REF06777,Article 6777,accessoire,M14,lin,ville,entree,F034,images/REF06777.jpg
REF06778,Article 6778,maison,M38,synthetique,ville,entree,F089,images/REF06778.jpg
REF06779,Article 6779,accessoire,M30,coton,ville,premium,F060,images/REF06779.jpg
REF06780,Article 6780,maison,M02,lin,sport,milieu,F025,images/REF06780.jpg
REF06781,Article 6781,maison,M27,lin,soiree,entree,F021,images/REF06781.jpg
REF06782,Article 6782,accessoire,M05,laine,ville,entree,F011,images/REF06782.jpg
REF06783,Article 6783,maison,M18,coton,sport,premium,F007,images/REF06783.jpg
REF06784,Article 6784,bas,M01,laine,soiree,milieu,F068,images/REF06784.jpg
REF06785,Article 6785,haut,M29,lin,ville,milieu,F029,images/REF06785.jpg
REF06786,Article 6786,accessoire,M11,coton,ville,entree,F055,images/REF06786.jpg
REF06787,Article 6787,bas,M30,coton,soiree,entree,F081,images/REF06787.jpg
REF06788,Article 6788,bas,M21,coton,soiree,milieu,F039,images/REF06788.jpg
REF06789,Article 6789,haut,M36,lin,sport,premium,F015,images/REF06789.jpg
REF06790,Article 6790,haut,M39,coton,soiree,milieu,F074,images/REF06790.jpg
REF06791,Article 6791,accessoire,M34,laine,soiree,entree,F137,images/REF06791.jpg
REF06792,Article 6792,accessoire,M12,synthetique,sport,entree,F135,images/REF06792.jpg
REF06793,Article 6793,maison,M33,lin,sport,entree,F035,images/REF06793.jpg
REF06794,Article 6794,haut,M05,coton,soiree,premium,F029,images/REF06794.jpg
REF06795,Article 6795,haut,M10,synthetique,ville,entree,F102,images/REF06795.jpg
REF06796,Article 6796,accessoire,M08,synthetique,ville,entree,F084,images/REF06796.jpg
REF06797,Article 6797,haut,M14,lin,soiree,premium,F058,images/REF06797.jpg
REF06798,Article 6798,accessoire,M04,coton,sport,milieu,F037,images/REF06798.jpg
REF06799,Article 6799,haut,M33,lin,soiree,premium,F012,images/REF06799.jpg
REF06800,Article 6800,haut,M08,laine,soiree,milieu,F072,images/REF06800.jpg
REF06801,Article 6801,haut,M28,lin,ville,milieu,F050,images/REF06801.jpg
REF06802,Article 6802,bas,M09,synthetique,ville,milieu,F091,images/REF06802.jpg
REF06803,Article 6803,maison,M35,coton,ville,entree,F061,images/REF06803.jpg
REF06804,Article 6804,accessoire,M09,lin,soiree,premium,F021,images/REF06804.jpg
REF06805,Article 6805,haut,M11,lin,ville,premium,F078,images/REF06805.jpg
REF06806,Article 6806,haut,M19,synthetique,soiree,entree,F001,images/REF06806.jpg
REF06807,Article 6807,bas,M36,laine,soiree,entree,F008,images/REF06807.jpg
REF06808,Article 6808,maison,M02,laine,soiree,premium,F125,images/REF06808.jpg
REF06809,Article 6809,bas,M02,coton,soiree,entree,F076,images/REF06809.jpg
REF06810,Article 6810,maison,M09,coton,ville,milieu,F049,images/REF06810.jpg
REF06811,Article 6811,maison,M24,coton,sport,premium,F083,images/REF06811.jpg
REF06812,Article 6812,haut,M01,laine,soiree,premium,F123,images/REF06812.jpg
REF06813,Article 6813,maison,M04,coton,sport,entree,F037,images/REF06813.jpg
REF06814,Article 6814,accessoire,M28,lin,sport,premium,F057,images/REF06814.jpg
REF06815,Article 6815,bas,M18,laine,ville,entree,F055,images/REF06815.jpg
REF06816,Article 6816,bas,M31,lin,ville,premium,F006,images/REF06816.jpg
REF06817,Article 6817,accessoire,M17,laine,soiree,premium,F038,images/REF06817.jpg
REF06818,Article 6818,maison,M40,laine,ville,entree,F046,images/REF06818.jpg
REF06819,Article 6819,bas,M17,coton,sport,entree,F048,images/REF06819.jpg
REF06820,Article 6820,maison,M34,synthetique,soiree,milieu,F098,images/REF06820.jpg
REF06821,Article 6821,haut,M06,synthetique,ville,entree,F062,images/REF06821.jpg
REF06822,Article 6822,accessoire,M34,laine,soiree,premium,F030,images/REF06822.jpg
REF06823,Article 6823,accessoire,M06,synthetique,soiree,entree,F046,images/REF06823.jpg
REF06824,Article 6824,accessoire,M11,coton,soiree,entree,F047,images/REF06824.jpg
REF06825,Article 6825,accessoire,M20,lin,ville,premium,F056,images/REF06825.jpg
REF06826,Article 6826,bas,M35,laine,soiree,premium,F028,images/REF06826.jpg
REF06827,Article 6827,bas,M14,laine,ville,premium,F134,images/REF06827.jpg
REF06828,Article 6828,accessoire,M13,laine,ville,entree,F027,images/REF06828.jpg
REF06829,Article 6829,accessoire,M01,lin,ville,milieu,F124,images/REF06829.jpg
REF06830,Article 6830,maison,M28,coton,soiree,milieu,F067,images/REF06830.jpg
REF06831,Article 6831,bas,M18,lin,sport,premium,F105,images/REF06831.jpg
REF06832,Article 6832,bas,M18,coton,soiree,entree,F010,images/REF06832.jpg
REF06833,Article 6833,haut,M38,lin,sport,premium,F086,images/REF06833.jpg
REF06834,Article 6834,haut,M22,coton,ville,milieu,F104,images/REF06834.jpg
REF06835,Article 6835,maison,M10,laine,soiree,premium,F056,images/REF06835.jpg
REF06836,Article 6836,maison,M34,lin,soiree,entree,F125,images/REF06836.jpg
REF06837,Article 6837,bas,M08,laine,soiree,milieu,F046,images/REF06837.jpg
REF06838,Article 6838,haut,M07,coton,sport,entree,F044,images/REF06838.jpg
REF06839,Article 6839,accessoire,M06,lin,sport,entree,F134,images/REF06839.jpg
REF06840,Article 6840,accessoire,M37,synthetique,soiree,entree,F092,images/REF06840.jpg
REF06841,Article 6841,accessoire,M08,synthetique,sport,entree,F032,images/REF06841.jpg
REF06842,Article 6842,accessoire,M25,lin,ville,premium,F127,images/REF06842.jpg
REF06843,Article 6843,haut,M36,synthetique,soiree,milieu,F048,images/REF06843.jpg
REF06844,Article 6844,bas,M05,synthetique,soiree,milieu,F046,images/REF06844.jpg
REF06845,Article 6845,haut,M30,coton,ville,premium,F080,images/REF06845.jpg
REF06846,Article 6846,maison,M20,lin,ville,premium,F043,images/REF06846.jpg
REF06847,Article 6847,maison,M30,laine,soiree,milieu,F117,images/REF06847.jpg
REF06848,Article 6848,haut,M39,lin,ville,premium,F030,images/REF06848.jpg
REF06849,Article 6849,haut,M15,lin,soiree,entree,F068,images/REF06849.jpg
REF06850,Article 6850,haut,M05,laine,sport,entree,F033,images/REF06850.jpg
REF06851,Article 6851,haut,M40,lin,soiree,entree,F101,images/REF06851.jpg
REF06852,Article 6852,maison,M01,lin,ville,premium,F136,images/REF06852.jpg
REF06853,Article 6853,maison,M20,synthetique,soiree,milieu,F006,images/REF06853.jpg
REF06854,Article 6854,haut,M03,coton,ville,premium,F093,images/REF06854.jpg
REF06855,Article 6855,accessoire,M01,synthetique,ville,milieu,F122,images/REF06855.jpg
REF06856,Article 6856,bas,M32,lin,sport,entree,F037,images/REF06856.jpg
REF06857,Article 6857,haut,M39,laine,sport,milieu,F040,images/REF06857.jpg
REF06858,Article 6858,haut,M11,coton,soiree,premium,F096,images/REF06858.jpg
REF06859,Article 6859,accessoire,M21,lin,sport,premium,F126,images/REF06859.jpg
REF06860,Article 6860,bas,M17,laine,sport,entree,F106,images/REF06860.jpg
REF06861,Article 6861,haut,M15,synthetique,sport,entree,F098,images/REF06861.jpg
REF06862,Article 6862,accessoire,M21,lin,soiree,premium,F116,images/REF06862.jpg
REF06863,Article 6863,bas,M02,laine,ville,premium,F092,images/REF06863.jpg
REF06864,Article 6864,maison,M14,synthetique,ville,premium,F027,images/REF06864.jpg
REF06865,Article 6865,bas,M22,lin,soiree,milieu,F065,images/REF06865.jpg
REF06866,Article 6866,haut,M08,coton,ville,entree,F064,images/REF06866.jpg
REF06867,Article 6867,accessoire,M23,synthetique,soiree,premium,F027,images/REF06867.jpg
REF06868,Article 6868,haut,M21,lin,soiree,premium,F030,images/REF06868.jpg
REF06869,Article 6869,accessoire,M17,lin,soiree,premium,F124,images/REF06869.jpg
REF06870,Article 6870,accessoire,M26,laine,soiree,milieu,F050,images/REF06870.jpg
REF06871,Article 6871,maison,M36,laine,ville,premium,F097,images/REF06871.jpg
REF06872,Article 6872,maison,M12,synthetique,sport,milieu,F059,images/REF06872.jpg
REF06873,Article 6873,maison,M12,laine,ville,premium,F086,images/REF06873.jpg
REF06874,Article 6874,haut,M33,coton,ville,premium,F081,images/REF06874.jpg
REF06875,Article 6875,accessoire,M39,lin,sport,milieu,F025,images/REF06875.jpg
REF06876,Article 6876,accessoire,M22,coton,ville,premium,F002,images/REF06876.jpg
REF06877,Article 6877,bas,M23,synthetique,soiree,milieu,F060,images/REF06877.jpg
REF06878,Article 6878,accessoire,M05,coton,soiree,entree,F112,images/REF06878.jpg
REF06879,Article 6879,haut,M03,lin,soiree,milieu,F140,images/REF06879.jpg
REF06880,Article 6880,accessoire,M27,coton,soiree,premium,F019,images/REF06880.jpg
REF06881,Article 6881,haut,M05,laine,soiree,premium,F097,images/REF06881.jpg
REF06882,Article 6882,accessoire,M15,lin,ville,premium,F129,images/REF06882.jpg
REF06883,Article 6883,maison,M23,lin,ville,milieu,F126,images/REF06883.jpg
REF06884,Article 6884,bas,M25,synthetique,ville,premium,F041,images/REF06884.jpg
REF06885,Article 6885,bas,M08,synthetique,sport,premium,F010,images/REF06885.jpg
REF06886,Article 6886,maison,M32,laine,sport,entree,F112,images/REF06886.jpg
REF06887,Article 6887,maison,M25,coton,soiree,entree,F071,images/REF06887.jpg
REF06888,Article 6888,haut,M02,laine,sport,entree,F019,images/REF06888.jpg
REF06889,Article 6889,maison,M18,laine,ville,milieu,F020,images/REF06889.jpg
REF06890,Article 6890,maison,M17,laine,soiree,entree,F093,images/REF06890.jpg
REF06891,Article 6891,maison,M27,laine,sport,milieu,F036,images/REF06891.jpg
REF06892,Article 6892,maison,M17,lin,soiree,milieu,F008,images/REF06892.jpg
REF06893,Article 6893,accessoire,M18,synthetique,ville,milieu,F096,images/REF06893.jpg
REF06894,Article 6894,maison,M09,synthetique,sport,premium,F084,images/REF06894.jpg
REF06895,Article 6895,accessoire,M10,laine,ville,milieu,F079,images/REF06895.jpg
REF06896,Article 6896,bas,M09,lin,ville,milieu,F118,images/REF06896.jpg
REF06897,Article 6897,bas,M13,lin,ville,milieu,F011,images/REF06897.jpg
REF06898,Article 6898,maison,M13,lin,sport,entree,F098,images/REF06898.jpg
REF06899,Article 6899,haut,M19,laine,soiree,milieu,F008,images/REF06899.jpg
REF06900,Article 6900,haut,M06,coton,sport,milieu,F009,images/REF06900.jpg
REF06901,Article 6901,bas,M38,lin,soiree,milieu,F123,images/REF06901.jpg
REF06902,Article 6902,bas,M03,lin,sport,milieu,F023,images/REF06902.jpg
REF06903,Article 6903,accessoire,M06,synthetique,soiree,entree,F061,images/REF06903.jpg
REF06904,Article 6904,accessoire,M11,synthetique,ville,premium,F030,images/REF06904.jpg
REF06905,Article 6905,haut,M34,lin,sport,premium,F090,images/REF06905.jpg
REF06906,Article 6906,haut,M12,synthetique,soiree,premium,F066,images/REF06906.jpg
REF06907,Article 6907,haut,M33,laine,ville,entree,F095,images/REF06907.jpg
REF06908,Article 6908,maison,M27,synthetique,soiree,milieu,F041,images/REF06908.jpg
REF06909,Article 6909,accessoire,M36,lin,sport,entree,F019,images/REF06909.jpg
REF06910,Article 6910,haut,M26,laine,ville,premium,F070,images/REF06910.jpg
REF06911,Article 6911,bas,M13,laine,ville,milieu,F092,images/REF06911.jpg
REF06912,Article 6912,bas,M15,laine,ville,entree,F045,images/REF06912.jpg
REF06913,Article 6913,maison,M08,laine,sport,premium,F060,images/REF06913.jpg
REF06914,Article 6914,haut,M26,synthetique,soiree,entree,F074,images/REF06914.jpg
REF06915,Article 6915,haut,M03,lin,ville,milieu,F075,images/REF06915.jpg
REF06916,Article 6916,bas,M11,lin,ville,entree,F100,images/REF06916.jpg
REF06917,Article 6917,accessoire,M16,laine,ville,premium,F117,images/REF06917.jpg
REF06918,Article 6918,maison,M19,laine,soiree,milieu,F099,images/REF06918.jpg
REF06919,Article 6919,bas,M36,coton,ville,premium,F047,images/REF06919.jpg
REF06920,Article 6920,accessoire,M14,lin,soiree,premium,F049,images/REF06920.jpg
REF06921,Article 6921,bas,M36,synthetique,soiree,milieu,F119,images/REF06921.jpg
REF06922,Article 6922,bas,M04,coton,soiree,entree,F140,images/REF06922.jpg
REF06923,Article 6923,bas,M20,synthetique,sport,milieu,F083,images/REF06923.jpg
REF06924,Article 6924,accessoire,M14,coton,ville,entree,F134,images/REF06924.jpg
REF06925,Article 6925,accessoire,M19,laine,soiree,milieu,F062,images/REF06925.jpg
REF06926,Article 6926,haut,M34,coton,ville,premium,F089,images/REF06926.jpg
REF06927,Article 6927,accessoire,M35,synthetique,soiree,milieu,F040,images/REF06927.jpg
REF06928,Article 6928,accessoire,M28,laine,soiree,premium,F017,images/REF06928.jpg
REF06929,Article 6929,bas,M27,lin,soiree,milieu,F059,images/REF06929.jpg
REF06930,Article 6930,maison,M08,laine,soiree,premium,F047,images/REF06930.jpg
REF06931,Article 6931,haut,M10,synthetique,sport,milieu,F088,images/REF06931.jpg
REF06932,Article 6932,haut,M36,lin,soiree,premium,F014,images/REF06932.jpg
REF06933,Article 6933,maison,M12,synthetique,sport,premium,F135,images/REF06933.jpg
REF06934,Article 6934,bas,M29,laine,ville,entree,F084,images/REF06934.jpg
REF06935,Article 6935,maison,M27,laine,sport,entree,F007,images/REF06935.jpg
REF06936,Article 6936,bas,M39,coton,soiree,premium,F035,images/REF06936.jpg
REF06937,Article 6937,haut,M31,synthetique,sport,milieu,F053,images/REF06937.jpg
REF06938,Article 6938,haut,M08,coton,sport,milieu,F083,images/REF06938.jpg
REF06939,Article 6939,bas,M19,laine,ville,entree,F126,images/REF06939.jpg
REF06940,Article 6940,maison,M24,laine,soiree,milieu,F044,images/REF06940.jpg
REF06941,Article 6941,accessoire,M18,lin,sport,premium,F103,images/REF06941.jpg
REF06942,Article 6942,accessoire,M28,laine,sport,milieu,F062,images/REF06942.jpg
REF06943,Article 6943,accessoire,M39,lin,sport,premium,F069,images/REF06943.jpg
REF06944,Article 6944,accessoire,M01,lin,ville,entree,F103,images/REF06944.jpg
REF06945,Article 6945,maison,M36,synthetique,ville,milieu,F083,images/REF06945.jpg
REF06946,Article 6946,accessoire,M17,synthetique,soiree,premium,F098,images/REF06946.jpg
REF06947,Article 6947,maison,M29,coton,sport,entree,F008,images/REF06947.jpg
REF06948,Article 6948,accessoire,M32,coton,sport,premium,F051,images/REF06948.jpg
REF06949,Article 6949,accessoire,M08,coton,ville,entree,F069,images/REF06949.jpg
REF06950,Article 6950,bas,M34,laine,ville,premium,F131,images/REF06950.jpg
REF06951,Article 6951,haut,M18,coton,sport,premium,F015,images/REF06951.jpg
REF06952,Article 6952,haut,M04,synthetique,soiree,milieu,F112,images/REF06952.jpg
REF06953,Article 6953,haut,M12,lin,sport,premium,F030,images/REF06953.jpg
REF06954,Article 6954,haut,M12,laine,ville,milieu,F102,images/REF06954.jpg
REF06955,Article 6955,haut,M29,lin,soiree,entree,F129,images/REF06955.jpg
REF06956,Article 6956,haut,M08,synthetique,soiree,milieu,F003,images/REF06956.jpg
REF06957,Article 6957,bas,M24,coton,ville,entree,F037,images/REF06957.jpg
REF06958,Article 6958,haut,M24,laine,sport,premium,F045,images/REF06958.jpg
REF06959,Article 6959,bas,M19,coton,soiree,milieu,F061,images/REF06959.jpg
REF06960,Article 6960,maison,M07,lin,ville,premium,F059,images/REF06960.jpg
REF06961,Article 6961,accessoire,M11,synthetique,ville,premium,F110,images/REF06961.jpg
REF06962,Article 6962,bas,M34,synthetique,ville,entree,F047,images/REF06962.jpg
REF06963,Article 6963,accessoire,M08,laine,ville,premium,F071,images/REF06963.jpg
REF06964,Article 6964,bas,M26,synthetique,soiree,premium,F068,images/REF06964.jpg
REF06965,Article 6965,accessoire,M30,lin,soiree,entree,F112,images/REF06965.jpg
REF06966,Article 6966,accessoire,M08,synthetique,soiree,premium,F028,images/REF06966.jpg
REF06967,Article 6967,maison,M22,lin,ville,entree,F066,images/REF06967.jpg
REF06968,Article 6968,maison,M31,synthetique,ville,milieu,F084,images/REF06968.jpg
REF06969,Article 6969,haut,M39,lin,soiree,milieu,F055,images/REF06969.jpg
REF06970,Article 6970,haut,M06,lin,soiree,premium,F025,images/REF06970.jpg
REF06971,Article 6971,maison,M34,synthetique,ville,premium,F138,images/REF06971.jpg
REF06972,Article 6972,accessoire,M33,synthetique,sport,premium,F088,images/REF06972.jpg
REF06973,Article 6973,bas,M19,laine,soiree,premium,F139,images/REF06973.jpg
REF06974,Article 6974,bas,M09,coton,sport,premium,F014,images/REF06974.jpg
REF06975,Article 6975,bas,M25,synthetique,ville,milieu,F028,images/REF06975.jpg
REF06976,Article 6976,haut,M21,coton,ville,milieu,F082,images/REF06976.jpg
REF06977,Article 6977,accessoire,M03,coton,soiree,milieu,F107,images/REF06977.jpg
REF06978,Article 6978,bas,M02,lin,soiree,premium,F013,images/REF06978.jpg
REF06979,Article 6979,haut,M40,coton,sport,premium,F043,images/REF06979.jpg
REF06980,Article 6980,maison,M13,coton,ville,premium,F137,images/REF06980.jpg
REF06981,Article 6981,haut,M36,laine,sport,milieu,F057,images/REF06981.jpg
REF06982,Article 6982,bas,M10,coton,soiree,entree,F138,images/REF06982.jpg
REF06983,Article 6983,accessoire,M07,lin,ville,entree,F041,images/REF06983.jpg
REF06984,Article 6984,accessoire,M39,synthetique,ville,premium,F106,images/REF06984.jpg
REF06985,Article 6985,bas,M32,lin,ville,premium,F057,images/REF06985.jpg
REF06986,Article 6986,bas,M29,laine,ville,milieu,F079,images/REF06986.jpg
REF06987,Article 6987,haut,M11,laine,sport,entree,F062,images/REF06987.jpg
REF06988,Article 6988,haut,M34,lin,soiree,milieu,F031,images/REF06988.jpg
REF06989,Article 6989,bas,M01,coton,soiree,milieu,F072,images/REF06989.jpg
REF06990,Article 6990,maison,M31,synthetique,ville,entree,F001,images/REF06990.jpg
REF06991,Article 6991,maison,M28,coton,ville,entree,F072,images/REF06991.jpg
REF06992,Article 6992,maison,M04,synthetique,soiree,premium,F039,images/REF06992.jpg
REF06993,Article 6993,haut,M13,lin,soiree,milieu,F001,images/REF06993.jpg
REF06994,Article 6994,maison,M23,synthetique,sport,milieu,F070,images/REF06994.jpg
REF06995,Article 6995,bas,M11,coton,sport,milieu,F100,images/REF06995.jpg
REF06996,Article 6996,bas,M14,laine,ville,entree,F020,images/REF06996.jpg
REF06997,Article 6997,bas,M10,synthetique,soiree,entree,F103,images/REF06997.jpg
REF06998,Article 6998,bas,M15,lin,ville,milieu,F112,images/REF06998.jpg
REF06999,Article 6999,bas,M08,synthetique,sport,entree,F019,images/REF06999.jpg
REF07000,Article 7000,accessoire,M05,synthetique,ville,milieu,F045,images/REF07000.jpg
REF07001,Article 7001,haut,M12,laine,soiree,entree,F134,images/REF07001.jpg
REF07002,Article 7002,maison,M30,coton,ville,premium,F036,images/REF07002.jpg
REF07003,Article 7003,haut,M11,laine,sport,premium,F114,images/REF07003.jpg
REF07004,Article 7004,bas,M13,synthetique,ville,entree,F094,images/REF07004.jpg
REF07005,Article 7005,accessoire,M05,coton,sport,premium,F133,images/REF07005.jpg
REF07006,Article 7006,bas,M08,coton,soiree,entree,F067,images/REF07006.jpg
REF07007,Article 7007,bas,M34,lin,sport,entree,F104,images/REF07007.jpg
REF07008,Article 7008,bas,M01,lin,soiree,entree,F061,images/REF07008.jpg
REF07009,Article 7009,accessoire,M39,lin,sport,premium,F053,images/REF07009.jpg
REF07010,Article 7010,accessoire,M30,laine,soiree,entree,F072,images/REF07010.jpg
REF07011,Article 7011,accessoire,M25,lin,ville,milieu,F063,images/REF07011.jpg
REF07012,Article 7012,accessoire,M35,laine,ville,entree,F105,images/REF07012.jpg
REF07013,Article 7013,bas,M02,coton,ville,entree,F119,images/REF07013.jpg
REF07014,Article 7014,maison,M05,coton,sport,premium,F135,images/REF07014.jpg
REF07015,Article 7015,maison,M24,lin,ville,milieu,F048,images/REF07015.jpg
REF07016,Article 7016,accessoire,M11,laine,sport,entree,F043,images/REF07016.jpg
REF07017,Article 7017,maison,M30,lin,soiree,milieu,F088,images/REF07017.jpg
REF07018,Article 7018,maison,M21,synthetique,sport,milieu,F055,images/REF07018.jpg
REF07019,Article 7019,haut,M29,synthetique,sport,milieu,F121,images/REF07019.jpg
REF07020,Article 7020,bas,M29,synthetique,soiree,premium,F086,images/REF07020.jpg
REF07021,Article 7021,maison,M27,synthetique,ville,entree,F034,images/REF07021.jpg
REF07022,Article 7022,bas,M20,lin,ville,milieu,F076,images/REF07022.jpg
REF07023,Article 7023,bas,M24,lin,ville,milieu,F036,images/REF07023.jpg
REF07024,Article 7024,maison,M30,synthetique,sport,milieu,F025,images/REF07024.jpg
REF07025,Article 7025,maison,M04,coton,soiree,milieu,F054,images/REF07025.jpg
REF07026,Article 7026,bas,M33,coton,soiree,milieu,F047,images/REF07026.jpg
REF07027,Article 7027,accessoire,M20,laine,sport,entree,F109,images/REF07027.jpg
REF07028,Article 7028,bas,M18,lin,ville,milieu,F113,images/REF07028.jpg
REF07029,Article 7029,bas,M22,coton,sport,milieu,F091,images/REF07029.jpg
REF07030,Article 7030,accessoire,M29,lin,sport,entree,F114,images/REF07030.jpg
REF07031,Article 7031,haut,M33,laine,soiree,milieu,F033,images/REF07031.jpg
REF07032,Article 7032,haut,M31,synthetique,sport,entree,F135,images/REF07032.jpg
REF07033,Article 7033,haut,M37,coton,ville,entree,F083,images/REF07033.jpg
REF07034,Article 7034,haut,M05,laine,soiree,milieu,F072,images/REF07034.jpg
REF07035,Article 7035,bas,M22,laine,ville,milieu,F006,images/REF07035.jpg
REF07036,Article 7036,accessoire,M22,lin,ville,milieu,F060,images/REF07036.jpg
REF07037,Article 7037,maison,M02,synthetique,soiree,premium,F061,images/REF07037.jpg
REF07038,Article 7038,accessoire,M13,lin,ville,premium,F127,images/REF07038.jpg
REF07039,Article 7039,bas,M03,synthetique,soiree,milieu,F008,images/REF07039.jpg
REF07040,Article 7040,maison,M10,synthetique,ville,milieu,F114,images/REF07040.jpg
REF07041,Article 7041,bas,M32,coton,ville,premium,F027,images/REF07041.jpg
REF07042,Article 7042,haut,M37,synthetique,soiree,entree,F011,images/REF07042.jpg
REF07043,Article 7043,bas,M33,synthetique,soiree,milieu,F035,images/REF07043.jpg
REF07044,Article 7044,haut,M37,coton,ville,entree,F019,images/REF07044.jpg
REF07045,Article 7045,haut,M31,lin,sport,premium,F115,images/REF07045.jpg
REF07046,Article 7046,accessoire,M06,coton,ville,milieu,F055,images/REF07046.jpg
REF07047,Article 7047,accessoire,M09,coton,ville,milieu,F068,images/REF07047.jpg
REF07048,Article 7048,maison,M34,synthetique,sport,entree,F067,images/REF07048.jpg
REF07049,Article 7049,maison,M38,laine,sport,milieu,F017,images/REF07049.jpg
REF07050,Article 7050,haut,M31,coton,soiree,milieu,F137,images/REF07050.jpg
REF07051,Article 7051,accessoire,M21,laine,soiree,premium,F101,images/REF07051.jpg
REF07052,Article 7052,bas,M16,laine,ville,milieu,F079,images/REF07052.jpg
REF07053,Article 7053,bas,M27,synthetique,sport,entree,F015,images/REF07053.jpg
REF07054,Article 7054,accessoire,M15,lin,sport,premium,F047,images/REF07054.jpg
REF07055,Article 7055,maison,M05,coton,sport,entree,F025,images/REF07055.jpg
REF07056,Article 7056,accessoire,M15,synthetique,ville,entree,F132,images/REF07056.jpg
REF07057,Article 7057,maison,M35,laine,sport,entree,F072,images/REF07057.jpg
REF07058,Article 7058,maison,M36,synthetique,soiree,premium,F028,images/REF07058.jpg
REF07059,Article 7059,haut,M06,coton,ville,entree,F130,images/REF07059.jpg
REF07060,Article 7060,accessoire,M17,laine,sport,entree,F119,images/REF07060.jpg
REF07061,Article 7061,maison,M30,coton,soiree,milieu,F078,images/REF07061.jpg
REF07062,Article 7062,maison,M21,laine,sport,premium,F053,images/REF07062.jpg
REF07063,Article 7063,maison,M02,laine,ville,milieu,F060,images/REF07063.jpg
REF07064,Article 7064,bas,M26,synthetique,soiree,premium,F006,images/REF07064.jpg
REF07065,Article 7065,maison,M07,coton,sport,milieu,F030,images/REF07065.jpg
REF07066,Article 7066,accessoire,M06,coton,ville,entree,F136,images/REF07066.jpg
REF07067,Article 7067,accessoire,M30,laine,soiree,milieu,F109,images/REF07067.jpg
REF07068,Article 7068,accessoire,M01,coton,ville,premium,F114,images/REF07068.jpg
REF07069,Article 7069,haut,M23,coton,soiree,milieu,F121,images/REF07069.jpg
REF07070,Article 7070,bas,M30,laine,ville,premium,F102,images/REF07070.jpg
REF07071,Article 7071,haut,M25,laine,ville,entree,F088,images/REF07071.jpg
REF07072,Article 7072,accessoire,M16,synthetique,sport,premium,F027,images/REF07072.jpg
REF07073,Article 7073,accessoire,M04,laine,ville,milieu,F048,images/REF07073.jpg
REF07074,Article 7074,maison,M32,coton,soiree,entree,F081,images/REF07074.jpg
REF07075,Article 7075,accessoire,M25,coton,sport,entree,F019,images/REF07075.jpg
REF07076,Article 7076,accessoire,M34,lin,ville,premium,F099,images/REF07076.jpg
REF07077,Article 7077,haut,M12,laine,sport,milieu,F072,images/REF07077.jpg
REF07078,Article 7078,accessoire,M04,coton,sport,milieu,F046,images/REF07078.jpg
REF07079,Article 7079,bas,M35,synthetique,ville,entree,F040,images/REF07079.jpg
REF07080,Article 7080,bas,M11,laine,sport,premium,F032,images/REF07080.jpg
REF07081,Article 7081,maison,M05,lin,sport,entree,F113,images/REF07081.jpg
REF07082,Article 7082,maison,M14,synthetique,ville,premium,F063,images/REF07082.jpg
REF07083,Article 7083,accessoire,M04,lin,ville,entree,F091,images/REF07083.jpg
REF07084,Article 7084,bas,M36,lin,soiree,milieu,F067,images/REF07084.jpg
REF07085,Article 7085,maison,M12,lin,ville,premium,F010,images/REF07085.jpg
REF07086,Article 7086,accessoire,M11,synthetique,sport,entree,F106,images/REF07086.jpg
REF07087,Article 7087,maison,M21,coton,sport,milieu,F081,images/REF07087.jpg
REF07088,Article 7088,accessoire,M18,laine,ville,milieu,F060,images/REF07088.jpg
REF07089,Article 7089,maison,M06,laine,sport,premium,F087,images/REF07089.jpg
REF07090,Article 7090,accessoire,M26,lin,sport,premium,F039,images/REF07090.jpg
REF07091,Article 7091,haut,M28,laine,ville,premium,F032,images/REF07091.jpg
REF07092,Article 7092,maison,M39,lin,soiree,milieu,F097,images/REF07092.jpg
REF07093,Article 7093,maison,M27,laine,sport,milieu,F100,images/REF07093.jpg
REF07094,Article 7094,accessoire,M15,lin,ville,entree,F061,images/REF07094.jpg
REF07095,Article 7095,haut,M19,coton,soiree,milieu,F139,images/REF07095.jpg
REF07096,Article 7096,accessoire,M39,synthetique,soiree,entree,F091,images/REF07096.jpg
REF07097,Article 7097,accessoire,M26,coton,sport,entree,F019,images/REF07097.jpg
REF07098,Article 7098,accessoire,M32,laine,ville,milieu,F129,images/REF07098.jpg
REF07099,Article 7099,haut,M07,synthetique,soiree,milieu,F046,images/REF07099.jpg
REF07100,Article 7100,accessoire,M33,synthetique,ville,milieu,F125,images/REF07100.jpg
REF07101,Article 7101,haut,M33,laine,ville,entree,F062,images/REF07101.jpg
REF07102,Article 7102,bas,M19,laine,sport,premium,F126,images/REF07102.jpg
REF07103,Article 7103,maison,M27,synthetique,sport,entree,F078,images/REF07103.jpg
REF07104,Article 7104,bas,M30,lin,ville,premium,F019,images/REF07104.jpg
REF07105,Article 7105,haut,M11,lin,sport,entree,F050,images/REF07105.jpg
REF07106,Article 7106,accessoire,M03,laine,ville,milieu,F112,images/REF07106.jpg
REF07107,Article 7107,haut,M23,lin,sport,entree,F006,images/REF07107.jpg
REF07108,Article 7108,haut,M26,coton,sport,entree,F020,images/REF07108.jpg
REF07109,Article 7109,accessoire,M23,lin,ville,premium,F036,images/REF07109.jpg
REF07110,Article 7110,maison,M15,coton,ville,milieu,F029,images/REF07110.jpg
REF07111,Article 7111,haut,M27,lin,soiree,milieu,F022,images/REF07111.jpg
REF07112,Article 7112,maison,M09,laine,sport,milieu,F031,images/REF07112.jpg
REF07113,Article 7113,haut,M31,laine,sport,milieu,F064,images/REF07113.jpg
REF07114,Article 7114,accessoire,M36,lin,sport,milieu,F090,images/REF07114.jpg
REF07115,Article 7115,accessoire,M07,laine,soiree,entree,F018,images/REF07115.jpg
REF07116,Article 7116,bas,M02,lin,ville,premium,F083,images/REF07116.jpg
REF07117,Article 7117,accessoire,M23,coton,ville,entree,F123,images/REF07117.jpg
REF07118,Article 7118,maison,M16,laine,soiree,milieu,F077,images/REF07118.jpg
REF07119,Article 7119,bas,M11,synthetique,ville,entree,F130,images/REF07119.jpg
REF07120,Article 7120,accessoire,M21,lin,ville,entree,F103,images/REF07120.jpg
REF07121,Article 7121,accessoire,M27,lin,sport,premium,F114,images/REF07121.jpg
REF07122,Article 7122,maison,M40,laine,sport,entree,F053,images/REF07122.jpg
REF07123,Article 7123,bas,M33,lin,soiree,entree,F122,images/REF07123.jpg
REF07124,Article 7124,accessoire,M26,lin,soiree,entree,F064,images/REF07124.jpg
REF07125,Article 7125,accessoire,M11,coton,sport,milieu,F124,images/REF07125.jpg
REF07126,Article 7126,accessoire,M06,coton,ville,milieu,F063,images/REF07126.jpg
REF07127,Article 7127,accessoire,M24,lin,sport,entree,F123,images/REF07127.jpg
REF07128,Article 7128,bas,M24,coton,ville,premium,F066,images/REF07128.jpg
REF07129,Article 7129,bas,M23,coton,ville,entree,F014,images/REF07129.jpg
REF07130,Article 7130,haut,M32,coton,ville,milieu,F103,images/REF07130.jpg
REF07131,Article 7131,maison,M08,synthetique,soiree,premium,F039,images/REF07131.jpg
REF07132,Article 7132,maison,M28,lin,ville,premium,F132,images/REF07132.jpg
REF07133,Article 7133,maison,M01,synthetique,soiree,entree,F121,images/REF07133.jpg
REF07134,Article 7134,accessoire,M23,synthetique,soiree,entree,F055,images/REF07134.jpg
REF07135,Article 7135,bas,M06,coton,sport,milieu,F023,images/REF07135.jpg
REF07136,Article 7136,haut,M12,synthetique,sport,premium,F103,images/REF07136.jpg
REF07137,Article 7137,maison,M24,laine,ville,milieu,F013,images/REF07137.jpg
REF07138,Article 7138,haut,M17,lin,ville,entree,F129,images/REF07138.jpg
REF07139,Article 7139,maison,M36,synthetique,sport,premium,F018,images/REF07139.jpg
REF07140,Article 7140,bas,M36,synthetique,ville,milieu,F041,images/REF07140.jpg
REF07141,Article 7141,maison,M03,lin,soiree,entree,F034,images/REF07141.jpg
REF07142,Article 7142,accessoire,M03,laine,ville,entree,F079,images/REF07142.jpg
REF07143,Article 7143,bas,M33,laine,sport,entree,F101,images/REF07143.jpg
REF07144,Article 7144,maison,M22,laine,sport,entree,F043,images/REF07144.jpg
REF07145,Article 7145,bas,M40,coton,soiree,entree,F062,images/REF07145.jpg
REF07146,Article 7146,bas,M11,laine,sport,entree,F022,images/REF07146.jpg
REF07147,Article 7147,haut,M13,coton,soiree,entree,F124,images/REF07147.jpg
REF07148,Article 7148,bas,M09,laine,soiree,entree,F125,images/REF07148.jpg
REF07149,Article 7149,bas,M34,coton,soiree,premium,F077,images/REF07149.jpg
REF07150,Article 7150,accessoire,M09,lin,sport,milieu,F061,images/REF07150.jpg
REF07151,Article 7151,maison,M05,coton,soiree,premium,F132,images/REF07151.jpg
REF07152,Article 7152,haut,M09,lin,ville,entree,F034,images/REF07152.jpg
REF07153,Article 7153,accessoire,M33,lin,ville,milieu,F113,images/REF07153.jpg
REF07154,Article 7154,haut,M35,laine,ville,milieu,F050,images/REF07154.jpg
REF07155,Article 7155,maison,M10,synthetique,sport,milieu,F025,images/REF07155.jpg
REF07156,Article 7156,bas,M40,synthetique,sport,entree,F056,images/REF07156.jpg
REF07157,Article 7157,bas,M34,synthetique,ville,milieu,F120,images/REF07157.jpg
REF07158,Article 7158,accessoire,M33,lin,ville,milieu,F113,images/REF07158.jpg
REF07159,Article 7159,accessoire,M23,synthetique,soiree,milieu,F108,images/REF07159.jpg
REF07160,Article 7160,haut,M39,coton,ville,premium,F020,images/REF07160.jpg
REF07161,Article 7161,bas,M22,lin,sport,premium,F098,images/REF07161.jpg
REF07162,Article 7162,haut,M07,lin,ville,premium,F013,images/REF07162.jpg
REF07163,Article 7163,maison,M19,synthetique,ville,entree,F019,images/REF07163.jpg
REF07164,Article 7164,accessoire,M39,synthetique,sport,premium,F054,images/REF07164.jpg
REF07165,Article 7165,bas,M39,laine,sport,entree,F090,images/REF07165.jpg
REF07166,Article 7166,bas,M10,coton,soiree,entree,F121,images/REF07166.jpg
REF07167,Article 7167,accessoire,M30,laine,soiree,milieu,F112,images/REF07167.jpg
REF07168,Article 7168,bas,M09,synthetique,ville,premium,F023,images/REF07168.jpg
REF07169,Article 7169,haut,M15,laine,sport,milieu,F124,images/REF07169.jpg
REF07170,Article 7170,bas,M14,coton,soiree,entree,F103,images/REF07170.jpg
REF07171,Article 7171,bas,M21,synthetique,soiree,entree,F055,images/REF07171.jpg
REF07172,Article 7172,haut,M18,laine,sport,entree,F006,images/REF07172.jpg
REF07173,Article 7173,bas,M08,synthetique,sport,premium,F003,images/REF07173.jpg
REF07174,Article 7174,maison,M35,laine,soiree,premium,F117,images/REF07174.jpg
REF07175,Article 7175,accessoire,M02,synthetique,sport,milieu,F040,images/REF07175.jpg
REF07176,Article 7176,maison,M34,coton,sport,milieu,F002,images/REF07176.jpg
REF07177,Article 7177,bas,M35,coton,ville,premium,F136,images/REF07177.jpg
REF07178,Article 7178,accessoire,M06,lin,ville,entree,F085,images/REF07178.jpg
REF07179,Article 7179,maison,M27,coton,ville,entree,F099,images/REF07179.jpg
REF07180,Article 7180,haut,M32,synthetique,ville,milieu,F140,images/REF07180.jpg
REF07181,Article 7181,haut,M22,coton,ville,entree,F093,images/REF07181.jpg
REF07182,Article 7182,accessoire,M26,coton,sport,entree,F098,images/REF07182.jpg
REF07183,Article 7183,haut,M26,lin,ville,entree,F072,images/REF07183.jpg
REF07184,Article 7184,maison,M40,synthetique,sport,entree,F086,images/REF07184.jpg
REF07185,Article 7185,bas,M08,coton,sport,entree,F004,images/REF07185.jpg
REF07186,Article 7186,bas,M27,coton,ville,premium,F127,images/REF07186.jpg
REF07187,Article 7187,bas,M19,laine,soiree,entree,F009,images/REF07187.jpg
REF07188,Article 7188,haut,M17,lin,sport,entree,F110,images/REF07188.jpg
REF07189,Article 7189,bas,M23,lin,ville,milieu,F059,images/REF07189.jpg
REF07190,Article 7190,accessoire,M19,coton,sport,entree,F075,images/REF07190.jpg
REF07191,Article 7191,bas,M18,lin,sport,premium,F077,images/REF07191.jpg
REF07192,Article 7192,accessoire,M38,synthetique,soiree,premium,F095,images/REF07192.jpg
REF07193,Article 7193,haut,M19,lin,sport,entree,F069,images/REF07193.jpg
REF07194,Article 7194,bas,M01,coton,ville,entree,F034,images/REF07194.jpg
REF07195,Article 7195,haut,M11,lin,soiree,premium,F025,images/REF07195.jpg
REF07196,Article 7196,bas,M39,lin,sport,milieu,F077,images/REF07196.jpg
REF07197,Article 7197,accessoire,M32,coton,ville,premium,F092,images/REF07197.jpg
REF07198,Article 7198,maison,M20,lin,ville,premium,F047,images/REF07198.jpg
REF07199,Article 7199,bas,M29,synthetique,ville,entree,F074,images/REF07199.jpg
REF07200,Article 7200,haut,M05,coton,ville,entree,F010,images/REF07200.jpg
REF07201,Article 7201,bas,M35,laine,soiree,premium,F002,images/REF07201.jpg
REF07202,Article 7202,bas,M36,lin,ville,premium,F032,images/REF07202.jpg
REF07203,Article 7203,accessoire,M16,coton,sport,entree,F135,images/REF07203.jpg
REF07204,Article 7204,bas,M34,synthetique,sport,premium,F035,images/REF07204.jpg
REF07205,Article 7205,haut,M26,synthetique,ville,milieu,F113,images/REF07205.jpg
REF07206,Article 7206,accessoire,M12,synthetique,soiree,entree,F104,images/REF07206.jpg
REF07207,Article 7207,haut,M27,lin,sport,premium,F038,images/REF07207.jpg
REF07208,Article 7208,bas,M19,laine,soiree,premium,F083,images/REF07208.jpg
REF07209,Article 7209,haut,M24,coton,sport,entree,F033,images/REF07209.jpg
REF07210,Article 7210,accessoire,M13,lin,sport,milieu,F014,images/REF07210.jpg
REF07211,Article 7211,maison,M28,lin,soiree,milieu,F084,images/REF07211.jpg
REF07212,Article 7212,haut,M14,synthetique,soiree,premium,F119,images/REF07212.jpg
REF07213,Article 7213,bas,M06,synthetique,ville,premium,F099,images/REF07213.jpg
REF07214,Article 7214,accessoire,M28,synthetique,soiree,entree,F127,images/REF07214.jpg
REF07215,Article 7215,accessoire,M16,laine,ville,premium,F098,images/REF07215.jpg
REF07216,Article 7216,haut,M34,laine,soiree,entree,F060,images/REF07216.jpg
REF07217,Article 7217,maison,M22,lin,sport,premium,F021,images/REF07217.jpg
REF07218,Article 7218,bas,M08,lin,ville,entree,F060,images/REF07218.jpg
REF07219,Article 7219,bas,M10,synthetique,sport,premium,F066,images/REF07219.jpg
REF07220,Article 7220,accessoire,M08,lin,sport,premium,F111,images/REF07220.jpg
REF07221,Article 7221,accessoire,M27,coton,sport,entree,F070,images/REF07221.jpg
REF07222,Article 7222,haut,M08,coton,soiree,milieu,F129,images/REF07222.jpg
REF07223,Article 7223,haut,M33,laine,ville,entree,F093,images/REF07223.jpg
REF07224,Article 7224,haut,M34,lin,sport,entree,F038,images/REF07224.jpg
REF07225,Article 7225,accessoire,M30,lin,soiree,entree,F024,images/REF07225.jpg
REF07226,Article 7226,maison,M06,lin,ville,milieu,F009,images/REF07226.jpg
REF07227,Article 7227,maison,M40,lin,ville,milieu,F009,images/REF07227.jpg
REF07228,Article 7228,bas,M18,laine,sport,milieu,F118,images/REF07228.jpg
REF07229,Article 7229,bas,M06,lin,sport,milieu,F064,images/REF07229.jpg
REF07230,Article 7230,haut,M06,synthetique,soiree,entree,F087,images/REF07230.jpg
REF07231,Article 7231,maison,M32,coton,sport,milieu,F108,images/REF07231.jpg
REF07232,Article 7232,bas,M14,laine,soiree,premium,F073,images/REF07232.jpg
REF07233,Article 7233,accessoire,M27,laine,ville,milieu,F013,images/REF07233.jpg
REF07234,Article 7234,bas,M05,lin,soiree,milieu,F131,images/REF07234.jpg
REF07235,Article 7235,bas,M30,laine,ville,premium,F011,images/REF07235.jpg
REF07236,Article 7236,maison,M09,coton,sport,milieu,F077,images/REF07236.jpg
REF07237,Article 7237,bas,M11,lin,ville,premium,F137,images/REF07237.jpg
REF07238,Article 7238,maison,M33,coton,ville,entree,F112,images/REF07238.jpg
REF07239,Article 7239,haut,M27,lin,soiree,entree,F094,images/REF07239.jpg
REF07240,Article 7240,maison,M27,coton,ville,milieu,F050,images/REF07240.jpg
REF07241,Article 7241,maison,M38,synthetique,ville,entree,F127,images/REF07241.jpg
REF07242,Article 7242,accessoire,M26,laine,ville,milieu,F015,images/REF07242.jpg
REF07243,Article 7243,haut,M39,lin,ville,premium,F037,images/REF07243.jpg
REF07244,Article 7244,accessoire,M15,coton,ville,entree,F040,images/REF07244.jpg
REF07245,Article 7245,haut,M12,laine,soiree,entree,F070,images/REF07245.jpg
REF07246,Article 7246,haut,M13,synthetique,ville,milieu,F018,images/REF07246.jpg
REF07247,Article 7247,accessoire,M06,lin,sport,premium,F124,images/REF07247.jpg
REF07248,Article 7248,accessoire,M02,lin,sport,premium,F040,images/REF07248.jpg
REF07249,Article 7249,haut,M36,synthetique,sport,premium,F113,images/REF07249.jpg
REF07250,Article 7250,bas,M16,laine,ville,premium,F121,images/REF07250.jpg
REF07251,Article 7251,haut,M18,synthetique,soiree,premium,F042,images/REF07251.jpg
REF07252,Article 7252,bas,M34,lin,ville,premium,F131,images/REF07252.jpg
REF07253,Article 7253,maison,M11,synthetique,sport,premium,F120,images/REF07253.jpg
REF07254,Article 7254,accessoire,M11,laine,soiree,premium,F057,images/REF07254.jpg
REF07255,Article 7255,bas,M16,laine,sport,entree,F052,images/REF07255.jpg
REF07256,Article 7256,haut,M09,lin,ville,entree,F133,images/REF07256.jpg
REF07257,Article 7257,maison,M39,lin,ville,entree,F006,images/REF07257.jpg
REF07258,Article 7258,maison,M01,lin,sport,milieu,F036,images/REF07258.jpg
REF07259,Article 7259,bas,M30,lin,ville,entree,F127,images/REF07259.jpg
REF07260,Article 7260,accessoire,M30,synthetique,sport,premium,F019,images/REF07260.jpg
REF07261,Article 7261,haut,M20,lin,sport,milieu,F137,images/REF07261.jpg
REF07262,Article 7262,accessoire,M06,synthetique,ville,premium,F090,images/REF07262.jpg
REF07263,Article 7263,accessoire,M33,lin,sport,milieu,F092,images/REF07263.jpg
REF07264,Article 7264,haut,M07,lin,sport,milieu,F066,images/REF07264.jpg
REF07265,Article 7265,bas,M22,coton,ville,milieu,F062,images/REF07265.jpg
REF07266,Article 7266,haut,M03,coton,soiree,premium,F092,images/REF07266.jpg
REF07267,Article 7267,haut,M18,laine,ville,entree,F033,images/REF07267.jpg
REF07268,Article 7268,haut,M25,laine,soiree,milieu,F081,images/REF07268.jpg
REF07269,Article 7269,haut,M25,coton,sport,entree,F127,images/REF07269.jpg
REF07270,Article 7270,haut,M06,synthetique,soiree,milieu,F023,images/REF07270.jpg
REF07271,Article 7271,haut,M08,lin,sport,premium,F058,images/REF07271.jpg
REF07272,Article 7272,accessoire,M27,synthetique,ville,milieu,F099,images/REF07272.jpg
REF07273,Article 7273,maison,M16,lin,sport,milieu,F036,images/REF07273.jpg
REF07274,Article 7274,accessoire,M25,coton,sport,entree,F111,images/REF07274.jpg
REF07275,Article 7275,maison,M19,lin,sport,premium,F048,images/REF07275.jpg
REF07276,Article 7276,maison,M38,coton,soiree,entree,F116,images/REF07276.jpg
REF07277,Article 7277,maison,M38,laine,soiree,premium,F028,images/REF07277.jpg
REF07278,Article 7278,haut,M14,laine,sport,milieu,F020,images/REF07278.jpg
REF07279,Article 7279,accessoire,M39,lin,ville,milieu,F107,images/REF07279.jpg
REF07280,Article 7280,bas,M21,synthetique,sport,premium,F021,images/REF07280.jpg
REF07281,Article 7281,bas,M17,laine,sport,premium,F086,images/REF07281.jpg
REF07282,Article 7282,accessoire,M38,synthetique,ville,milieu,F028,images/REF07282.jpg
REF07283,Article 7283,accessoire,M39,synthetique,ville,premium,F082,images/REF07283.jpg
REF07284,Article 7284,bas,M25,coton,sport,entree,F050,images/REF07284.jpg
REF07285,Article 7285,accessoire,M36,lin,sport,premium,F009,images/REF07285.jpg
REF07286,Article 7286,haut,M29,lin,sport,premium,F135,images/REF07286.jpg
REF07287,Article 7287,bas,M13,laine,ville,entree,F005,images/REF07287.jpg
REF07288,Article 7288,haut,M06,synthetique,ville,entree,F051,images/REF07288.jpg
REF07289,Article 7289,haut,M33,coton,sport,milieu,F086,images/REF07289.jpg
REF07290,Article 7290,haut,M37,lin,soiree,premium,F103,images/REF07290.jpg
REF07291,Article 7291,bas,M15,coton,soiree,milieu,F003,images/REF07291.jpg
REF07292,Article 7292,bas,M18,synthetique,soiree,milieu,F084,images/REF07292.jpg
REF07293,Article 7293,accessoire,M35,laine,ville,premium,F079,images/REF07293.jpg
REF07294,Article 7294,haut,M27,synthetique,ville,milieu,F013,images/REF07294.jpg
REF07295,Article 7295,bas,M07,coton,soiree,milieu,F061,images/REF07295.jpg
REF07296,Article 7296,maison,M32,laine,soiree,entree,F017,images/REF07296.jpg
REF07297,Article 7297,bas,M03,laine,soiree,milieu,F136,images/REF07297.jpg
REF07298,Article 7298,accessoire,M14,synthetique,soiree,entree,F119,images/REF07298.jpg
REF07299,Article 7299,bas,M12,laine,sport,entree,F044,images/REF07299.jpg
REF07300,Article 7300,haut,M40,laine,soiree,milieu,F131,images/REF07300.jpg
REF07301,Article 7301,haut,M28,coton,soiree,milieu,F121,images/REF07301.jpg
REF07302,Article 7302,accessoire,M19,laine,sport,entree,F038,images/REF07302.jpg
REF07303,Article 7303,haut,M03,synthetique,sport,entree,F098,images/REF07303.jpg
REF07304,Article 7304,accessoire,M32,laine,ville,entree,F080,images/REF07304.jpg
REF07305,Article 7305,haut,M15,laine,ville,premium,F019,images/REF07305.jpg
REF07306,Article 7306,maison,M19,synthetique,sport,milieu,F100,images/REF07306.jpg
REF07307,Article 7307,accessoire,M11,laine,sport,premium,F082,images/REF07307.jpg
REF07308,Article 7308,haut,M22,synthetique,sport,entree,F118,images/REF07308.jpg
REF07309,Article 7309,maison,M11,lin,ville,premium,F072,images/REF07309.jpg
REF07310,Article 7310,bas,M23,synthetique,ville,entree,F054,images/REF07310.jpg
REF07311,Article 7311,maison,M36,synthetique,sport,entree,F080,images/REF07311.jpg
REF07312,Article 7312,bas,M16,coton,ville,milieu,F087,images/REF07312.jpg
REF07313,Article 7313,accessoire,M05,laine,soiree,entree,F075,images/REF07313.jpg
REF07314,Article 7314,accessoire,M17,lin,sport,entree,F132,images/REF07314.jpg
REF07315,Article 7315,accessoire,M15,coton,soiree,milieu,F102,images/REF07315.jpg
REF07316,Article 7316,haut,M03,synthetique,sport,premium,F064,images/REF07316.jpg
REF07317,Article 7317,bas,M08,coton,sport,premium,F080,images/REF07317.jpg
REF07318,Article 7318,maison,M31,coton,soiree,milieu,F027,images/REF07318.jpg
REF07319,Article 7319,bas,M08,coton,soiree,milieu,F052,images/REF07319.jpg
REF07320,Article 7320,haut,M35,synthetique,soiree,milieu,F084,images/REF07320.jpg
REF07321,Article 7321,bas,M18,laine,sport,premium,F060,images/REF07321.jpg
REF07322,Article 7322,bas,M38,synthetique,ville,entree,F001,images/REF07322.jpg
REF07323,Article 7323,maison,M09,lin,ville,premium,F115,images/REF07323.jpg
REF07324,Article 7324,accessoire,M01,coton,soiree,milieu,F011,images/REF07324.jpg
REF07325,Article 7325,haut,M29,lin,soiree,milieu,F051,images/REF07325.jpg
REF07326,Article 7326,bas,M27,coton,sport,entree,F005,images/REF07326.jpg
REF07327,Article 7327,haut,M03,laine,soiree,milieu,F116,images/REF07327.jpg
REF07328,Article 7328,bas,M02,coton,ville,entree,F021,images/REF07328.jpg
REF07329,Article 7329,accessoire,M34,synthetique,soiree,milieu,F122,images/REF07329.jpg
REF07330,Article 7330,accessoire,M27,laine,ville,entree,F012,images/REF07330.jpg
REF07331,Article 7331,accessoire,M01,coton,sport,premium,F036,images/REF07331.jpg
REF07332,Article 7332,accessoire,M38,lin,soiree,premium,F033,images/REF07332.jpg
REF07333,Article 7333,haut,M30,lin,sport,milieu,F109,images/REF07333.jpg
REF07334,Article 7334,accessoire,M21,lin,sport,milieu,F053,images/REF07334.jpg
REF07335,Article 7335,maison,M06,synthetique,ville,premium,F075,images/REF07335.jpg
REF07336,Article 7336,maison,M05,coton,sport,milieu,F076,images/REF07336.jpg
REF07337,Article 7337,haut,M30,laine,ville,milieu,F067,images/REF07337.jpg
REF07338,Article 7338,maison,M24,coton,soiree,premium,F014,images/REF07338.jpg
REF07339,Article 7339,bas,M34,synthetique,sport,milieu,F058,images/REF07339.jpg
REF07340,Article 7340,bas,M35,synthetique,ville,entree,F102,images/REF07340.jpg
REF07341,Article 7341,accessoire,M31,coton,sport,entree,F063,images/REF07341.jpg
REF07342,Article 7342,bas,M24,laine,ville,milieu,F138,images/REF07342.jpg
REF07343,Article 7343,haut,M24,coton,sport,entree,F117,images/REF07343.jpg
REF07344,Article 7344,maison,M25,lin,ville,entree,F065,images/REF07344.jpg
REF07345,Article 7345,bas,M01,laine,sport,premium,F003,images/REF07345.jpg
REF07346,Article 7346,maison,M20,coton,soiree,entree,F102,images/REF07346.jpg
REF07347,Article 7347,accessoire,M24,synthetique,soiree,milieu,F086,images/REF07347.jpg
REF07348,Article 7348,maison,M09,lin,ville,entree,F043,images/REF07348.jpg
REF07349,Article 7349,haut,M26,lin,sport,entree,F099,images/REF07349.jpg
REF07350,Article 7350,haut,M19,lin,sport,milieu,F088,images/REF07350.jpg
REF07351,Article 7351,haut,M07,synthetique,soiree,milieu,F023,images/REF07351.jpg
REF07352,Article 7352,maison,M27,laine,sport,premium,F094,images/REF07352.jpg
REF07353,Article 7353,bas,M04,synthetique,sport,premium,F054,images/REF07353.jpg
REF07354,Article 7354,accessoire,M01,coton,soiree,premium,F008,images/REF07354.jpg
REF07355,Article 7355,maison,M11,lin,ville,milieu,F127,images/REF07355.jpg
REF07356,Article 7356,accessoire,M05,lin,sport,premium,F099,images/REF07356.jpg
REF07357,Article 7357,accessoire,M11,lin,ville,entree,F007,images/REF07357.jpg
REF07358,Article 7358,haut,M34,synthetique,ville,entree,F007,images/REF07358.jpg
REF07359,Article 7359,accessoire,M07,synthetique,ville,milieu,F042,images/REF07359.jpg
REF07360,Article 7360,haut,M11,coton,sport,premium,F020,images/REF07360.jpg
REF07361,Article 7361,bas,M31,lin,ville,milieu,F103,images/REF07361.jpg
REF07362,Article 7362,maison,M16,synthetique,sport,entree,F099,images/REF07362.jpg
REF07363,Article 7363,accessoire,M03,coton,sport,entree,F025,images/REF07363.jpg
REF07364,Article 7364,bas,M05,laine,soiree,entree,F090,images/REF07364.jpg
REF07365,Article 7365,accessoire,M30,lin,soiree,premium,F136,images/REF07365.jpg
REF07366,Article 7366,bas,M06,laine,ville,premium,F013,images/REF07366.jpg
REF07367,Article 7367,bas,M20,coton,soiree,premium,F076,images/REF07367.jpg
REF07368,Article 7368,bas,M23,lin,soiree,entree,F136,images/REF07368.jpg
REF07369,Article 7369,maison,M23,coton,ville,premium,F017,images/REF07369.jpg
REF07370,Article 7370,bas,M22,lin,ville,milieu,F035,images/REF07370.jpg
REF07371,Article 7371,accessoire,M04,lin,soiree,milieu,F053,images/REF07371.jpg
REF07372,Article 7372,bas,M17,laine,soiree,premium,F026,images/REF07372.jpg
REF07373,Article 7373,accessoire,M36,synthetique,soiree,milieu,F052,images/REF07373.jpg
REF07374,Article 7374,bas,M25,coton,soiree,premium,F103,images/REF07374.jpg
REF07375,Article 7375,haut,M39,lin,ville,entree,F091,images/REF07375.jpg
REF07376,Article 7376,maison,M06,laine,soiree,milieu,F029,images/REF07376.jpg
REF07377,Article 7377,accessoire,M01,synthetique,ville,milieu,F123,images/REF07377.jpg
REF07378,Article 7378,accessoire,M23,lin,soiree,entree,F116,images/REF07378.jpg
REF07379,Article 7379,maison,M06,lin,soiree,milieu,F127,images/REF07379.jpg
REF07380,Article 7380,bas,M05,laine,ville,entree,F112,images/REF07380.jpg
REF07381,Article 7381,accessoire,M30,synthetique,ville,entree,F086,images/REF07381.jpg
REF07382,Article 7382,haut,M09,lin,sport,premium,F013,images/REF07382.jpg
REF07383,Article 7383,bas,M13,coton,sport,premium,F072,images/REF07383.jpg
REF07384,Article 7384,maison,M15,coton,sport,premium,F105,images/REF07384.jpg
REF07385,Article 7385,accessoire,M21,lin,soiree,premium,F107,images/REF07385.jpg
REF07386,Article 7386,maison,M11,laine,ville,premium,F103,images/REF07386.jpg
REF07387,Article 7387,accessoire,M02,laine,ville,milieu,F089,images/REF07387.jpg
REF07388,Article 7388,maison,M14,lin,ville,premium,F088,images/REF07388.jpg
REF07389,Article 7389,haut,M38,coton,ville,premium,F002,images/REF07389.jpg
REF07390,Article 7390,accessoire,M19,synthetique,ville,entree,F021,images/REF07390.jpg
REF07391,Article 7391,haut,M33,coton,soiree,entree,F108,images/REF07391.jpg
REF07392,Article 7392,bas,M27,coton,soiree,entree,F081,images/REF07392.jpg
REF07393,Article 7393,haut,M30,laine,soiree,premium,F089,images/REF07393.jpg
REF07394,Article 7394,haut,M05,synthetique,soiree,premium,F085,images/REF07394.jpg
REF07395,Article 7395,accessoire,M18,laine,sport,milieu,F115,images/REF07395.jpg
REF07396,Article 7396,bas,M25,laine,ville,premium,F077,images/REF07396.jpg
REF07397,Article 7397,bas,M14,synthetique,sport,milieu,F012,images/REF07397.jpg
REF07398,Article 7398,haut,M14,coton,soiree,premium,F076,images/REF07398.jpg
REF07399,Article 7399,accessoire,M21,lin,sport,milieu,F119,images/REF07399.jpg
REF07400,Article 7400,bas,M10,laine,soiree,premium,F091,images/REF07400.jpg
REF07401,Article 7401,haut,M07,laine,soiree,premium,F129,images/REF07401.jpg
REF07402,Article 7402,bas,M05,coton,soiree,premium,F118,images/REF07402.jpg
REF07403,Article 7403,accessoire,M06,synthetique,ville,entree,F131,images/REF07403.jpg
REF07404,Article 7404,haut,M19,lin,sport,premium,F085,images/REF07404.jpg
REF07405,Article 7405,maison,M10,coton,ville,entree,F066,images/REF07405.jpg
REF07406,Article 7406,haut,M01,synthetique,sport,entree,F055,images/REF07406.jpg
REF07407,Article 7407,bas,M35,coton,sport,entree,F020,images/REF07407.jpg
REF07408,Article 7408,haut,M08,coton,sport,entree,F133,images/REF07408.jpg
REF07409,Article 7409,maison,M28,laine,soiree,premium,F120,images/REF07409.jpg
REF07410,Article 7410,bas,M14,lin,sport,milieu,F137,images/REF07410.jpg
REF07411,Article 7411,haut,M31,coton,sport,premium,F090,images/REF07411.jpg
REF07412,Article 7412,maison,M40,coton,sport,premium,F091,images/REF07412.jpg
REF07413,Article 7413,maison,M18,synthetique,ville,entree,F093,images/REF07413.jpg
REF07414,Article 7414,maison,M18,laine,sport,premium,F093,images/REF07414.jpg
REF07415,Article 7415,bas,M09,synthetique,sport,premium,F046,images/REF07415.jpg
REF07416,Article 7416,haut,M19,coton,sport,entree,F036,images/REF07416.jpg
REF07417,Article 7417,bas,M26,laine,sport,entree,F133,images/REF07417.jpg
REF07418,Article 7418,accessoire,M36,laine,soiree,entree,F024,images/REF07418.jpg
REF07419,Article 7419,bas,M12,coton,soiree,milieu,F082,images/REF07419.jpg
REF07420,Article 7420,haut,M23,synthetique,soiree,entree,F010,images/REF07420.jpg
REF07421,Article 7421,haut,M23,laine,sport,premium,F078,images/REF07421.jpg
REF07422,Article 7422,accessoire,M26,lin,soiree,entree,F114,images/REF07422.jpg
REF07423,Article 7423,haut,M30,coton,ville,milieu,F119,images/REF07423.jpg
REF07424,Article 7424,accessoire,M15,lin,soiree,entree,F133,images/REF07424.jpg
REF07425,Article 7425,maison,M39,synthetique,sport,entree,F080,images/REF07425.jpg
REF07426,Article 7426,accessoire,M05,lin,sport,premium,F113,images/REF07426.jpg
REF07427,Article 7427,haut,M32,coton,soiree,entree,F096,images/REF07427.jpg
REF07428,Article 7428,bas,M09,synthetique,ville,entree,F011,images/REF07428.jpg
REF07429,Article 7429,haut,M18,synthetique,soiree,entree,F032,images/REF07429.jpg
REF07430,Article 7430,bas,M04,coton,sport,entree,F056,images/REF07430.jpg
REF07431,Article 7431,haut,M07,lin,sport,milieu,F002,images/REF07431.jpg
REF07432,Article 7432,haut,M22,synthetique,sport,premium,F133,images/REF07432.jpg
REF07433,Article 7433,accessoire,M06,laine,ville,milieu,F099,images/REF07433.jpg
REF07434,Article 7434,accessoire,M04,synthetique,sport,milieu,F005,images/REF07434.jpg
REF07435,Article 7435,accessoire,M14,laine,sport,entree,F066,images/REF07435.jpg
REF07436,Article 7436,maison,M18,lin,soiree,premium,F010,images/REF07436.jpg
REF07437,Article 7437,haut,M19,lin,soiree,premium,F033,images/REF07437.jpg
REF07438,Article 7438,haut,M11,lin,sport,premium,F124,images/REF07438.jpg
REF07439,Article 7439,haut,M40,lin,ville,premium,F050,images/REF07439.jpg
REF07440,Article 7440,maison,M01,synthetique,sport,milieu,F102,images/REF07440.jpg
REF07441,Article 7441,haut,M34,coton,sport,milieu,F131,images/REF07441.jpg
REF07442,Article 7442,haut,M28,lin,soiree,milieu,F098,images/REF07442.jpg
REF07443,Article 7443,haut,M39,synthetique,ville,entree,F019,images/REF07443.jpg
REF07444,Article 7444,maison,M02,synthetique,ville,milieu,F082,images/REF07444.jpg
REF07445,Article 7445,accessoire,M20,lin,soiree,milieu,F024,images/REF07445.jpg
REF07446,Article 7446,maison,M22,lin,sport,entree,F119,images/REF07446.jpg
REF07447,Article 7447,accessoire,M40,coton,soiree,milieu,F136,images/REF07447.jpg
REF07448,Article 7448,bas,M17,coton,soiree,milieu,F016,images/REF07448.jpg
REF07449,Article 7449,maison,M15,synthetique,sport,entree,F127,images/REF07449.jpg
REF07450,Article 7450,maison,M35,laine,sport,premium,F036,images/REF07450.jpg
REF07451,Article 7451,accessoire,M15,synthetique,soiree,entree,F064,images/REF07451.jpg
REF07452,Article 7452,accessoire,M16,laine,soiree,premium,F063,images/REF07452.jpg
REF07453,Article 7453,maison,M35,laine,soiree,milieu,F014,images/REF07453.jpg
REF07454,Article 7454,bas,M06,laine,soiree,milieu,F120,images/REF07454.jpg
REF07455,Article 7455,maison,M06,laine,ville,milieu,F080,images/REF07455.jpg
REF07456,Article 7456,accessoire,M17,lin,soiree,milieu,F032,images/REF07456.jpg
REF07457,Article 7457,bas,M28,coton,sport,entree,F101,images/REF07457.jpg
REF07458,Article 7458,bas,M19,laine,ville,milieu,F089,images/REF07458.jpg
REF07459,Article 7459,haut,M13,coton,sport,milieu,F019,images/REF07459.jpg
REF07460,Article 7460,haut,M04,lin,soiree,entree,F129,images/REF07460.jpg
REF07461,Article 7461,haut,M37,synthetique,sport,milieu,F084,images/REF07461.jpg
REF07462,Article 7462,maison,M10,coton,sport,entree,F099,images/REF07462.jpg
REF07463,Article 7463,maison,M16,laine,sport,entree,F097,images/REF07463.jpg
REF07464,Article 7464,haut,M08,laine,soiree,milieu,F097,images/REF07464.jpg
REF07465,Article 7465,haut,M23,lin,sport,milieu,F080,images/REF07465.jpg
REF07466,Article 7466,maison,M09,laine,ville,milieu,F047,images/REF07466.jpg
REF07467,Article 7467,maison,M14,lin,sport,entree,F030,images/REF07467.jpg
REF07468,Article 7468,haut,M33,synthetique,soiree,premium,F094,images/REF07468.jpg
REF07469,Article 7469,accessoire,M40,laine,sport,milieu,F089,images/REF07469.jpg
REF07470,Article 7470,bas,M13,synthetique,sport,milieu,F042,images/REF07470.jpg
REF07471,Article 7471,accessoire,M25,synthetique,sport,milieu,F079,images/REF07471.jpg
REF07472,Article 7472,maison,M28,lin,sport,entree,F008,images/REF07472.jpg
REF07473,Article 7473,accessoire,M13,coton,soiree,premium,F018,images/REF07473.jpg
REF07474,Article 7474,maison,M01,coton,sport,entree,F133,images/REF07474.jpg
REF07475,Article 7475,accessoire,M31,coton,sport,premium,F049,images/REF07475.jpg
REF07476,Article 7476,bas,M40,laine,soiree,entree,F133,images/REF07476.jpg
REF07477,Article 7477,bas,M26,synthetique,soiree,premium,F129,images/REF07477.jpg
REF07478,Article 7478,accessoire,M35,synthetique,sport,milieu,F025,images/REF07478.jpg
REF07479,Article 7479,haut,M17,lin,sport,premium,F009,images/REF07479.jpg
REF07480,Article 7480,maison,M18,coton,soiree,entree,F030,images/REF07480.jpg
REF07481,Article 7481,bas,M35,lin,soiree,entree,F026,images/REF07481.jpg
REF07482,Article 7482,bas,M03,synthetique,sport,premium,F133,images/REF07482.jpg
REF07483,Article 7483,accessoire,M20,coton,soiree,premium,F014,images/REF07483.jpg
REF07484,Article 7484,bas,M19,synthetique,soiree,premium,F065,images/REF07484.jpg
REF07485,Article 7485,haut,M27,lin,ville,milieu,F051,images/REF07485.jpg
REF07486,Article 7486,haut,M27,laine,ville,premium,F101,images/REF07486.jpg
REF07487,Article 7487,accessoire,M06,laine,ville,milieu,F100,images/REF07487.jpg
REF07488,Article 7488,accessoire,M12,lin,sport,entree,F051,images/REF07488.jpg
REF07489,Article 7489,maison,M16,laine,soiree,milieu,F138,images/REF07489.jpg
REF07490,Article 7490,accessoire,M01,coton,ville,milieu,F007,images/REF07490.jpg
REF07491,Article 7491,bas,M21,coton,sport,premium,F098,images/REF07491.jpg
REF07492,Article 7492,haut,M13,coton,soiree,milieu,F026,images/REF07492.jpg
REF07493,Article 7493,maison,M21,coton,ville,milieu,F030,images/REF07493.jpg
REF07494,Article 7494,accessoire,M25,coton,soiree,premium,F134,images/REF07494.jpg
REF07495,Article 7495,haut,M20,lin,ville,premium,F140,images/REF07495.jpg
REF07496,Article 7496,bas,M04,lin,ville,milieu,F048,images/REF07496.jpg
REF07497,Article 7497,accessoire,M17,coton,ville,entree,F039,images/REF07497.jpg
REF07498,Article 7498,accessoire,M21,coton,ville,premium,F010,images/REF07498.jpg
REF07499,Article 7499,bas,M35,laine,ville,milieu,F073,images/REF07499.jpg
REF07500,Article 7500,accessoire,M32,coton,sport,entree,F008,images/REF07500.jpg
REF07501,Article 7501,accessoire,M25,lin,ville,milieu,F057,images/REF07501.jpg
REF07502,Article 7502,accessoire,M26,coton,sport,entree,F088,images/REF07502.jpg
REF07503,Article 7503,haut,M37,synthetique,sport,premium,F002,images/REF07503.jpg
REF07504,Article 7504,accessoire,M32,lin,sport,milieu,F091,images/REF07504.jpg
REF07505,Article 7505,maison,M16,lin,sport,premium,F052,images/REF07505.jpg
REF07506,Article 7506,bas,M31,laine,soiree,milieu,F015,images/REF07506.jpg
REF07507,Article 7507,maison,M25,synthetique,soiree,milieu,F085,images/REF07507.jpg
REF07508,Article 7508,accessoire,M35,lin,ville,milieu,F069,images/REF07508.jpg
REF07509,Article 7509,bas,M34,lin,soiree,entree,F067,images/REF07509.jpg
REF07510,Article 7510,haut,M17,laine,sport,premium,F123,images/REF07510.jpg
REF07511,Article 7511,bas,M18,synthetique,soiree,entree,F027,images/REF07511.jpg
REF07512,Article 7512,maison,M27,laine,ville,entree,F005,images/REF07512.jpg
REF07513,Article 7513,accessoire,M12,coton,soiree,entree,F016,images/REF07513.jpg
REF07514,Article 7514,bas,M39,lin,soiree,milieu,F041,images/REF07514.jpg
REF07515,Article 7515,haut,M15,synthetique,soiree,entree,F126,images/REF07515.jpg
REF07516,Article 7516,maison,M28,lin,sport,milieu,F058,images/REF07516.jpg
REF07517,Article 7517,haut,M18,synthetique,soiree,entree,F053,images/REF07517.jpg
REF07518,Article 7518,accessoire,M40,synthetique,soiree,milieu,F080,images/REF07518.jpg
REF07519,Article 7519,haut,M22,synthetique,ville,premium,F043,images/REF07519.jpg
REF07520,Article 7520,bas,M38,lin,sport,milieu,F089,images/REF07520.jpg
REF07521,Article 7521,haut,M40,lin,ville,entree,F059,images/REF07521.jpg
REF07522,Article 7522,bas,M15,coton,soiree,premium,F040,images/REF07522.jpg
REF07523,Article 7523,accessoire,M31,coton,ville,milieu,F100,images/REF07523.jpg
REF07524,Article 7524,accessoire,M06,coton,sport,milieu,F082,images/REF07524.jpg
REF07525,Article 7525,bas,M24,lin,ville,milieu,F128,images/REF07525.jpg
REF07526,Article 7526,bas,M12,synthetique,soiree,milieu,F055,images/REF07526.jpg
REF07527,Article 7527,bas,M04,synthetique,soiree,milieu,F109,images/REF07527.jpg
REF07528,Article 7528,accessoire,M05,laine,sport,milieu,F113,images/REF07528.jpg
REF07529,Article 7529,bas,M36,coton,sport,premium,F030,images/REF07529.jpg
REF07530,Article 7530,bas,M05,coton,sport,milieu,F073,images/REF07530.jpg
REF07531,Article 7531,maison,M30,coton,ville,milieu,F139,images/REF07531.jpg
REF07532,Article 7532,maison,M18,laine,sport,premium,F122,images/REF07532.jpg
REF07533,Article 7533,haut,M24,synthetique,ville,premium,F113,images/REF07533.jpg
REF07534,Article 7534,bas,M38,lin,sport,milieu,F068,images/REF07534.jpg
REF07535,Article 7535,accessoire,M40,coton,ville,entree,F069,images/REF07535.jpg
REF07536,Article 7536,maison,M38,coton,ville,premium,F136,images/REF07536.jpg
REF07537,Article 7537,bas,M06,laine,soiree,premium,F005,images/REF07537.jpg
REF07538,Article 7538,bas,M26,lin,sport,entree,F029,images/REF07538.jpg
REF07539,Article 7539,haut,M02,lin,sport,entree,F010,images/REF07539.jpg
REF07540,Article 7540,maison,M40,coton,ville,entree,F047,images/REF07540.jpg
REF07541,Article 7541,maison,M21,laine,soiree,premium,F102,images/REF07541.jpg
REF07542,Article 7542,maison,M12,lin,soiree,milieu,F044,images/REF07542.jpg
REF07543,Article 7543,maison,M04,synthetique,sport,entree,F055,images/REF07543.jpg
REF07544,Article 7544,haut,M07,coton,sport,premium,F122,images/REF07544.jpg
REF07545,Article 7545,maison,M39,laine,ville,premium,F009,images/REF07545.jpg
REF07546,Article 7546,maison,M37,lin,soiree,premium,F055,images/REF07546.jpg
REF07547,Article 7547,accessoire,M24,synthetique,ville,entree,F090,images/REF07547.jpg
REF07548,Article 7548,maison,M36,laine,soiree,entree,F075,images/REF07548.jpg
REF07549,Article 7549,haut,M40,coton,ville,entree,F012,images/REF07549.jpg
REF07550,Article 7550,accessoire,M12,coton,soiree,entree,F106,images/REF07550.jpg
REF07551,Article 7551,accessoire,M06,coton,ville,entree,F026,images/REF07551.jpg
REF07552,Article 7552,haut,M30,synthetique,sport,milieu,F088,images/REF07552.jpg
REF07553,Article 7553,bas,M10,synthetique,soiree,entree,F066,images/REF07553.jpg
REF07554,Article 7554,maison,M06,synthetique,soiree,entree,F047,images/REF07554.jpg
REF07555,Article 7555,bas,M17,laine,ville,milieu,F102,images/REF07555.jpg
REF07556,Article 7556,accessoire,M38,lin,soiree,entree,F047,images/REF07556.jpg
REF07557,Article 7557,accessoire,M33,laine,sport,milieu,F097,images/REF07557.jpg
REF07558,Article 7558,haut,M12,lin,sport,entree,F047,images/REF07558.jpg
REF07559,Article 7559,bas,M13,synthetique,soiree,milieu,F112,images/REF07559.jpg
REF07560,Article 7560,accessoire,M08,laine,ville,milieu,F030,images/REF07560.jpg
REF07561,Article 7561,bas,M25,synthetique,ville,premium,F026,images/REF07561.jpg
REF07562,Article 7562,haut,M40,coton,soiree,milieu,F070,images/REF07562.jpg
REF07563,Article 7563,accessoire,M25,lin,sport,milieu,F018,images/REF07563.jpg
REF07564,Article 7564,accessoire,M02,laine,ville,entree,F068,images/REF07564.jpg
REF07565,Article 7565,accessoire,M30,lin,sport,entree,F097,images/REF07565.jpg
REF07566,Article 7566,haut,M10,laine,soiree,milieu,F091,images/REF07566.jpg
REF07567,Article 7567,haut,M33,synthetique,sport,milieu,F107,images/REF07567.jpg
REF07568,Article 7568,bas,M40,coton,ville,premium,F134,images/REF07568.jpg
REF07569,Article 7569,accessoire,M19,coton,ville,milieu,F090,images/REF07569.jpg
REF07570,Article 7570,haut,M19,coton,sport,entree,F019,images/REF07570.jpg
REF07571,Article 7571,haut,M21,synthetique,ville,premium,F106,images/REF07571.jpg
REF07572,Article 7572,bas,M16,laine,ville,premium,F074,images/REF07572.jpg
REF07573,Article 7573,accessoire,M21,coton,soiree,milieu,F021,images/REF07573.jpg
REF07574,Article 7574,accessoire,M25,laine,sport,entree,F136,images/REF07574.jpg
REF07575,Article 7575,haut,M31,coton,soiree,milieu,F023,images/REF07575.jpg
REF07576,Article 7576,accessoire,M02,coton,ville,entree,F070,images/REF07576.jpg
REF07577,Article 7577,accessoire,M05,lin,soiree,milieu,F063,images/REF07577.jpg
REF07578,Article 7578,bas,M01,lin,sport,premium,F012,images/REF07578.jpg
REF07579,Article 7579,haut,M01,lin,ville,entree,F018,images/REF07579.jpg
REF07580,Article 7580,bas,M16,lin,ville,entree,F056,images/REF07580.jpg
REF07581,Article 7581,accessoire,M22,lin,sport,milieu,F070,images/REF07581.jpg
REF07582,Article 7582,haut,M37,laine,soiree,premium,F093,images/REF07582.jpg
REF07583,Article 7583,bas,M36,laine,soiree,milieu,F121,images/REF07583.jpg
REF07584,Article 7584,bas,M36,laine,ville,milieu,F049,images/REF07584.jpg
REF07585,Article 7585,bas,M01,laine,sport,milieu,F130,images/REF07585.jpg
REF07586,Article 7586,maison,M34,synthetique,sport,milieu,F071,images/REF07586.jpg
REF07587,Article 7587,bas,M34,lin,sport,entree,F051,images/REF07587.jpg
REF07588,Article 7588,maison,M35,lin,sport,premium,F062,images/REF07588.jpg
REF07589,Article 7589,haut,M17,laine,ville,premium,F129,images/REF07589.jpg
REF07590,Article 7590,maison,M19,laine,sport,premium,F088,images/REF07590.jpg
REF07591,Article 7591,accessoire,M38,lin,soiree,premium,F002,images/REF07591.jpg
REF07592,Article 7592,haut,M31,synthetique,sport,milieu,F091,images/REF07592.jpg
REF07593,Article 7593,bas,M21,lin,ville,premium,F131,images/REF07593.jpg
REF07594,Article 7594,haut,M26,synthetique,soiree,entree,F054,images/REF07594.jpg
REF07595,Article 7595,bas,M25,laine,ville,premium,F001,images/REF07595.jpg
REF07596,Article 7596,bas,M08,laine,soiree,entree,F065,images/REF07596.jpg
REF07597,Article 7597,bas,M07,synthetique,ville,milieu,F010,images/REF07597.jpg
REF07598,Article 7598,accessoire,M03,lin,soiree,premium,F057,images/REF07598.jpg
REF07599,Article 7599,maison,M28,synthetique,sport,premium,F139,images/REF07599.jpg
REF07600,Article 7600,haut,M29,coton,sport,entree,F002,images/REF07600.jpg
REF07601,Article 7601,bas,M30,coton,ville,milieu,F010,images/REF07601.jpg
REF07602,Article 7602,haut,M18,lin,sport,milieu,F048,images/REF07602.jpg
REF07603,Article 7603,bas,M39,synthetique,soiree,entree,F123,images/REF07603.jpg
REF07604,Article 7604,maison,M36,coton,soiree,premium,F105,images/REF07604.jpg
REF07605,Article 7605,maison,M37,coton,soiree,milieu,F099,images/REF07605.jpg
REF07606,Article 7606,maison,M40,coton,soiree,milieu,F050,images/REF07606.jpg
REF07607,Article 7607,accessoire,M18,coton,sport,milieu,F105,images/REF07607.jpg
REF07608,Article 7608,bas,M20,lin,sport,milieu,F079,images/REF07608.jpg
REF07609,Article 7609,accessoire,M31,laine,soiree,entree,F090,images/REF07609.jpg
REF07610,Article 7610,maison,M05,coton,sport,milieu,F108,images/REF07610.jpg
REF07611,Article 7611,bas,M07,synthetique,soiree,milieu,F034,images/REF07611.jpg
REF07612,Article 7612,accessoire,M14,synthetique,soiree,milieu,F100,images/REF07612.jpg
REF07613,Article 7613,bas,M36,lin,sport,entree,F005,images/REF07613.jpg
REF07614,Article 7614,maison,M19,coton,sport,milieu,F116,images/REF07614.jpg
REF07615,Article 7615,maison,M04,lin,ville,premium,F112,images/REF07615.jpg
REF07616,Article 7616,bas,M10,synthetique,ville,entree,F061,images/REF07616.jpg
REF07617,Article 7617,accessoire,M32,synthetique,ville,premium,F066,images/REF07617.jpg
REF07618,Article 7618,maison,M17,laine,soiree,premium,F086,images/REF07618.jpg
REF07619,Article 7619,bas,M19,synthetique,soiree,entree,F076,images/REF07619.jpg
REF07620,Article 7620,haut,M27,laine,sport,milieu,F114,images/REF07620.jpg
REF07621,Article 7621,haut,M35,synthetique,sport,premium,F131,images/REF07621.jpg
REF07622,Article 7622,bas,M30,synthetique,soiree,entree,F072,images/REF07622.jpg
REF07623,Article 7623,bas,M14,lin,soiree,premium,F008,images/REF07623.jpg
REF07624,Article 7624,accessoire,M29,lin,sport,premium,F136,images/REF07624.jpg
REF07625,Article 7625,maison,M23,coton,soiree,milieu,F129,images/REF07625.jpg
REF07626,Article 7626,haut,M06,lin,sport,milieu,F027,images/REF07626.jpg
REF07627,Article 7627,maison,M35,lin,sport,entree,F115,images/REF07627.jpg
REF07628,Article 7628,maison,M39,coton,soiree,entree,F078,images/REF07628.jpg
REF07629,Article 7629,haut,M30,laine,soiree,premium,F082,images/REF07629.jpg
REF07630,Article 7630,maison,M19,laine,sport,premium,F090,images/REF07630.jpg
REF07631,Article 7631,bas,M40,coton,sport,premium,F081,images/REF07631.jpg
REF07632,Article 7632,maison,M01,synthetique,soiree,milieu,F097,images/REF07632.jpg
REF07633,Article 7633,haut,M26,laine,soiree,entree,F124,images/REF07633.jpg
REF07634,Article 7634,maison,M33,lin,ville,milieu,F112,images/REF07634.jpg
REF07635,Article 7635,accessoire,M32,coton,ville,entree,F108,images/REF07635.jpg
REF07636,Article 7636,accessoire,M12,synthetique,soiree,entree,F023,images/REF07636.jpg
REF07637,Article 7637,haut,M01,laine,ville,premium,F084,images/REF07637.jpg
REF07638,Article 7638,haut,M40,synthetique,sport,premium,F080,images/REF07638.jpg
REF07639,Article 7639,accessoire,M03,laine,sport,premium,F011,images/REF07639.jpg
REF07640,Article 7640,bas,M07,coton,ville,milieu,F027,images/REF07640.jpg
REF07641,Article 7641,haut,M28,synthetique,soiree,milieu,F099,images/REF07641.jpg
REF07642,Article 7642,haut,M36,synthetique,soiree,entree,F030,images/REF07642.jpg
REF07643,Article 7643,accessoire,M21,lin,sport,entree,F018,images/REF07643.jpg
REF07644,Article 7644,bas,M30,coton,sport,milieu,F080,images/REF07644.jpg
REF07645,Article 7645,accessoire,M09,coton,soiree,premium,F062,images/REF07645.jpg
REF07646,Article 7646,accessoire,M04,coton,soiree,premium,F076,images/REF07646.jpg
REF07647,Article 7647,maison,M20,laine,soiree,premium,F051,images/REF07647.jpg
REF07648,Article 7648,accessoire,M28,lin,sport,milieu,F135,images/REF07648.jpg
REF07649,Article 7649,maison,M17,lin,soiree,entree,F022,images/REF07649.jpg
REF07650,Article 7650,accessoire,M04,synthetique,soiree,premium,F054,images/REF07650.jpg
REF07651,Article 7651,accessoire,M01,laine,sport,entree,F091,images/REF07651.jpg
REF07652,Article 7652,bas,M05,laine,sport,entree,F139,images/REF07652.jpg
REF07653,Article 7653,accessoire,M20,lin,ville,entree,F140,images/REF07653.jpg
REF07654,Article 7654,maison,M13,synthetique,sport,premium,F013,images/REF07654.jpg
REF07655,Article 7655,haut,M38,lin,soiree,premium,F121,images/REF07655.jpg
REF07656,Article 7656,accessoire,M29,coton,sport,milieu,F107,images/REF07656.jpg
REF07657,Article 7657,maison,M14,lin,ville,premium,F099,images/REF07657.jpg
REF07658,Article 7658,haut,M19,synthetique,sport,entree,F140,images/REF07658.jpg
REF07659,Article 7659,maison,M06,lin,ville,milieu,F125,images/REF07659.jpg
REF07660,Article 7660,maison,M03,synthetique,ville,milieu,F009,images/REF07660.jpg
REF07661,Article 7661,bas,M08,synthetique,sport,milieu,F097,images/REF07661.jpg
REF07662,Article 7662,accessoire,M36,lin,soiree,premium,F066,images/REF07662.jpg
REF07663,Article 7663,accessoire,M15,coton,ville,entree,F091,images/REF07663.jpg
REF07664,Article 7664,accessoire,M14,laine,soiree,milieu,F119,images/REF07664.jpg
REF07665,Article 7665,bas,M24,synthetique,soiree,premium,F024,images/REF07665.jpg
REF07666,Article 7666,accessoire,M05,laine,sport,entree,F005,images/REF07666.jpg
REF07667,Article 7667,haut,M18,coton,soiree,milieu,F060,images/REF07667.jpg
REF07668,Article 7668,haut,M16,coton,sport,milieu,F067,images/REF07668.jpg
REF07669,Article 7669,maison,M03,lin,sport,milieu,F093,images/REF07669.jpg
REF07670,Article 7670,accessoire,M35,coton,sport,premium,F110,images/REF07670.jpg
REF07671,Article 7671,accessoire,M21,synthetique,ville,milieu,F112,images/REF07671.jpg
REF07672,Article 7672,accessoire,M22,laine,soiree,entree,F093,images/REF07672.jpg
REF07673,Article 7673,accessoire,M04,laine,soiree,milieu,F066,images/REF07673.jpg
REF07674,Article 7674,accessoire,M35,laine,ville,premium,F018,images/REF07674.jpg
REF07675,Article 7675,bas,M01,coton,ville,premium,F026,images/REF07675.jpg
REF07676,Article 7676,haut,M34,laine,ville,premium,F121,images/REF07676.jpg
REF07677,Article 7677,haut,M01,synthetique,sport,premium,F132,images/REF07677.jpg
REF07678,Article 7678,bas,M29,coton,sport,milieu,F001,images/REF07678.jpg
REF07679,Article 7679,maison,M34,laine,sport,milieu,F043,images/REF07679.jpg
REF07680,Article 7680,accessoire,M05,synthetique,sport,entree,F092,images/REF07680.jpg
REF07681,Article 7681,bas,M23,laine,ville,entree,F089,images/REF07681.jpg
REF07682,Article 7682,maison,M11,lin,sport,milieu,F066,images/REF07682.jpg
REF07683,Article 7683,accessoire,M09,coton,soiree,premium,F014,images/REF07683.jpg
REF07684,Article 7684,haut,M08,coton,sport,premium,F104,images/REF07684.jpg
REF07685,Article 7685,bas,M28,coton,soiree,milieu,F076,images/REF07685.jpg
REF07686,Article 7686,accessoire,M22,coton,ville,entree,F140,images/REF07686.jpg
REF07687,Article 7687,accessoire,M17,laine,sport,milieu,F072,images/REF07687.jpg
REF07688,Article 7688,haut,M09,coton,ville,entree,F075,images/REF07688.jpg
REF07689,Article 7689,haut,M14,coton,sport,entree,F065,images/REF07689.jpg
REF07690,Article 7690,haut,M09,laine,ville,milieu,F042,images/REF07690.jpg
REF07691,Article 7691,haut,M33,lin,sport,entree,F077,images/REF07691.jpg
REF07692,Article 7692,bas,M22,lin,ville,entree,F101,images/REF07692.jpg
REF07693,Article 7693,maison,M37,coton,soiree,milieu,F098,images/REF07693.jpg
REF07694,Article 7694,haut,M19,lin,soiree,milieu,F067,images/REF07694.jpg
REF07695,Article 7695,bas,M13,lin,sport,milieu,F060,images/REF07695.jpg
REF07696,Article 7696,bas,M22,synthetique,ville,milieu,F001,images/REF07696.jpg
REF07697,Article 7697,haut,M32,laine,ville,premium,F071,images/REF07697.jpg
REF07698,Article 7698,maison,M28,synthetique,sport,entree,F088,images/REF07698.jpg
REF07699,Article 7699,haut,M30,lin,sport,entree,F028,images/REF07699.jpg
REF07700,Article 7700,bas,M33,lin,sport,premium,F095,images/REF07700.jpg
REF07701,Article 7701,maison,M27,coton,sport,premium,F088,images/REF07701.jpg
REF07702,Article 7702,haut,M06,synthetique,ville,premium,F004,images/REF07702.jpg
REF07703,Article 7703,bas,M40,laine,soiree,entree,F021,images/REF07703.jpg
REF07704,Article 7704,haut,M20,laine,soiree,milieu,F098,images/REF07704.jpg
REF07705,Article 7705,bas,M28,coton,soiree,milieu,F064,images/REF07705.jpg
REF07706,Article 7706,accessoire,M10,lin,sport,premium,F014,images/REF07706.jpg
REF07707,Article 7707,accessoire,M09,lin,soiree,milieu,F079,images/REF07707.jpg
REF07708,Article 7708,bas,M38,synthetique,sport,milieu,F066,images/REF07708.jpg
REF07709,Article 7709,accessoire,M08,lin,sport,premium,F103,images/REF07709.jpg
REF07710,Article 7710,accessoire,M37,coton,ville,entree,F139,images/REF07710.jpg
REF07711,Article 7711,accessoire,M40,laine,ville,milieu,F108,images/REF07711.jpg
REF07712,Article 7712,bas,M14,lin,soiree,premium,F112,images/REF07712.jpg
REF07713,Article 7713,accessoire,M39,synthetique,sport,milieu,F128,images/REF07713.jpg
REF07714,Article 7714,accessoire,M40,synthetique,soiree,premium,F125,images/REF07714.jpg
REF07715,Article 7715,bas,M31,lin,soiree,premium,F079,images/REF07715.jpg
REF07716,Article 7716,bas,M36,coton,soiree,premium,F111,images/REF07716.jpg
REF07717,Article 7717,accessoire,M11,lin,sport,milieu,F049,images/REF07717.jpg
REF07718,Article 7718,bas,M33,synthetique,soiree,milieu,F001,images/REF07718.jpg
REF07719,Article 7719,accessoire,M29,coton,soiree,entree,F112,images/REF07719.jpg
REF07720,Article 7720,haut,M04,coton,sport,milieu,F137,images/REF07720.jpg
REF07721,Article 7721,haut,M18,synthetique,sport,entree,F101,images/REF07721.jpg
REF07722,Article 7722,bas,M11,laine,sport,premium,F040,images/REF07722.jpg
REF07723,Article 7723,bas,M02,coton,soiree,premium,F123,images/REF07723.jpg
REF07724,Article 7724,accessoire,M26,coton,soiree,entree,F017,images/REF07724.jpg
REF07725,Article 7725,bas,M26,synthetique,sport,entree,F030,images/REF07725.jpg
REF07726,Article 7726,bas,M12,laine,ville,milieu,F066,images/REF07726.jpg
REF07727,Article 7727,maison,M31,synthetique,sport,entree,F022,images/REF07727.jpg
REF07728,Article 7728,maison,M11,coton,ville,premium,F129,images/REF07728.jpg
REF07729,Article 7729,maison,M39,coton,sport,entree,F015,images/REF07729.jpg
REF07730,Article 7730,haut,M01,lin,ville,premium,F121,images/REF07730.jpg
REF07731,Article 7731,bas,M02,synthetique,soiree,premium,F058,images/REF07731.jpg
REF07732,Article 7732,accessoire,M05,coton,ville,milieu,F101,images/REF07732.jpg
REF07733,Article 7733,bas,M34,coton,soiree,premium,F065,images/REF07733.jpg
REF07734,Article 7734,maison,M38,coton,soiree,milieu,F015,images/REF07734.jpg
REF07735,Article 7735,haut,M01,synthetique,sport,milieu,F113,images/REF07735.jpg
REF07736,Article 7736,haut,M12,laine,ville,entree,F068,images/REF07736.jpg
REF07737,Article 7737,maison,M02,lin,soiree,premium,F070,images/REF07737.jpg
REF07738,Article 7738,bas,M08,synthetique,sport,entree,F058,images/REF07738.jpg
REF07739,Article 7739,bas,M40,coton,soiree,entree,F097,images/REF07739.jpg
REF07740,Article 7740,bas,M19,coton,sport,premium,F126,images/REF07740.jpg
REF07741,Article 7741,bas,M39,coton,ville,entree,F113,images/REF07741.jpg
REF07742,Article 7742,bas,M27,laine,ville,entree,F016,images/REF07742.jpg
REF07743,Article 7743,accessoire,M16,lin,sport,milieu,F103,images/REF07743.jpg
REF07744,Article 7744,maison,M28,synthetique,sport,milieu,F017,images/REF07744.jpg
REF07745,Article 7745,haut,M40,lin,soiree,premium,F009,images/REF07745.jpg
REF07746,Article 7746,accessoire,M32,lin,ville,milieu,F063,images/REF07746.jpg
REF07747,Article 7747,bas,M10,synthetique,soiree,milieu,F092,images/REF07747.jpg
REF07748,Article 7748,haut,M16,coton,soiree,entree,F077,images/REF07748.jpg
REF07749,Article 7749,accessoire,M02,lin,ville,entree,F085,images/REF07749.jpg
REF07750,Article 7750,maison,M40,laine,sport,milieu,F088,images/REF07750.jpg
REF07751,Article 7751,accessoire,M15,coton,ville,premium,F091,images/REF07751.jpg
REF07752,Article 7752,accessoire,M29,synthetique,sport,milieu,F083,images/REF07752.jpg
REF07753,Article 7753,maison,M33,coton,ville,milieu,F085,images/REF07753.jpg
REF07754,Article 7754,maison,M08,synthetique,ville,milieu,F007,images/REF07754.jpg
REF07755,Article 7755,accessoire,M40,laine,soiree,premium,F035,images/REF07755.jpg
REF07756,Article 7756,maison,M29,laine,soiree,premium,F131,images/REF07756.jpg
REF07757,Article 7757,haut,M14,coton,soiree,entree,F072,images/REF07757.jpg
REF07758,Article 7758,maison,M29,lin,ville,milieu,F134,images/REF07758.jpg
REF07759,Article 7759,maison,M06,synthetique,sport,milieu,F004,images/REF07759.jpg
REF07760,Article 7760,maison,M27,laine,ville,premium,F044,images/REF07760.jpg
REF07761,Article 7761,bas,M10,synthetique,sport,premium,F044,images/REF07761.jpg
REF07762,Article 7762,bas,M14,coton,ville,entree,F104,images/REF07762.jpg
REF07763,Article 7763,maison,M13,synthetique,soiree,entree,F065,images/REF07763.jpg
REF07764,Article 7764,accessoire,M16,coton,ville,premium,F009,images/REF07764.jpg
REF07765,Article 7765,bas,M36,coton,ville,entree,F064,images/REF07765.jpg
REF07766,Article 7766,accessoire,M21,synthetique,soiree,entree,F135,images/REF07766.jpg
REF07767,Article 7767,maison,M28,laine,ville,milieu,F003,images/REF07767.jpg
REF07768,Article 7768,bas,M16,synthetique,sport,premium,F060,images/REF07768.jpg
REF07769,Article 7769,bas,M25,lin,ville,milieu,F114,images/REF07769.jpg
REF07770,Article 7770,maison,M34,laine,sport,premium,F083,images/REF07770.jpg
REF07771,Article 7771,accessoire,M14,synthetique,ville,premium,F122,images/REF07771.jpg
REF07772,Article 7772,haut,M04,lin,sport,milieu,F048,images/REF07772.jpg
REF07773,Article 7773,haut,M40,laine,soiree,milieu,F130,images/REF07773.jpg
REF07774,Article 7774,accessoire,M05,lin,sport,milieu,F109,images/REF07774.jpg
REF07775,Article 7775,haut,M30,laine,sport,premium,F042,images/REF07775.jpg
REF07776,Article 7776,maison,M36,laine,ville,entree,F108,images/REF07776.jpg
REF07777,Article 7777,accessoire,M04,lin,soiree,milieu,F020,images/REF07777.jpg
REF07778,Article 7778,accessoire,M38,synthetique,sport,milieu,F062,images/REF07778.jpg
REF07779,Article 7779,accessoire,M27,synthetique,ville,premium,F050,images/REF07779.jpg
REF07780,Article 7780,bas,M01,coton,ville,milieu,F070,images/REF07780.jpg
REF07781,Article 7781,accessoire,M21,laine,sport,premium,F055,images/REF07781.jpg
REF07782,Article 7782,haut,M12,coton,sport,entree,F099,images/REF07782.jpg
REF07783,Article 7783,accessoire,M36,lin,sport,entree,F133,images/REF07783.jpg
REF07784,Article 7784,haut,M29,synthetique,sport,milieu,F024,images/REF07784.jpg
REF07785,Article 7785,bas,M35,coton,ville,premium,F139,images/REF07785.jpg
REF07786,Article 7786,bas,M26,laine,sport,entree,F016,images/REF07786.jpg
REF07787,Article 7787,accessoire,M34,synthetique,ville,premium,F018,images/REF07787.jpg
REF07788,Article 7788,maison,M07,synthetique,ville,premium,F096,images/REF07788.jpg
REF07789,Article 7789,maison,M17,synthetique,soiree,milieu,F055,images/REF07789.jpg
REF07790,Article 7790,accessoire,M28,synthetique,sport,entree,F126,images/REF07790.jpg
REF07791,Article 7791,accessoire,M05,synthetique,soiree,entree,F098,images/REF07791.jpg
REF07792,Article 7792,bas,M24,laine,ville,milieu,F076,images/REF07792.jpg
REF07793,Article 7793,haut,M21,laine,ville,premium,F104,images/REF07793.jpg
REF07794,Article 7794,maison,M07,coton,ville,premium,F073,images/REF07794.jpg
REF07795,Article 7795,bas,M10,laine,soiree,entree,F028,images/REF07795.jpg
REF07796,Article 7796,accessoire,M30,lin,sport,entree,F040,images/REF07796.jpg
REF07797,Article 7797,haut,M36,lin,sport,premium,F087,images/REF07797.jpg
REF07798,Article 7798,bas,M36,lin,ville,entree,F012,images/REF07798.jpg
REF07799,Article 7799,bas,M31,synthetique,ville,entree,F135,images/REF07799.jpg
REF07800,Article 7800,accessoire,M36,synthetique,ville,premium,F021,images/REF07800.jpg
REF07801,Article 7801,haut,M11,lin,soiree,milieu,F054,images/REF07801.jpg
REF07802,Article 7802,haut,M29,lin,ville,entree,F135,images/REF07802.jpg
REF07803,Article 7803,haut,M30,laine,ville,milieu,F106,images/REF07803.jpg
REF07804,Article 7804,accessoire,M24,coton,soiree,premium,F062,images/REF07804.jpg
REF07805,Article 7805,maison,M21,laine,ville,milieu,F071,images/REF07805.jpg
REF07806,Article 7806,accessoire,M40,lin,soiree,premium,F006,images/REF07806.jpg
REF07807,Article 7807,maison,M27,laine,ville,entree,F091,images/REF07807.jpg
REF07808,Article 7808,haut,M08,synthetique,ville,premium,F066,images/REF07808.jpg
REF07809,Article 7809,bas,M04,synthetique,ville,entree,F057,images/REF07809.jpg
REF07810,Article 7810,accessoire,M25,synthetique,ville,milieu,F032,images/REF07810.jpg
REF07811,Article 7811,maison,M15,laine,soiree,premium,F015,images/REF07811.jpg
REF07812,Article 7812,haut,M18,synthetique,ville,entree,F082,images/REF07812.jpg
REF07813,Article 7813,accessoire,M37,synthetique,ville,entree,F110,images/REF07813.jpg
REF07814,Article 7814,haut,M01,lin,ville,milieu,F028,images/REF07814.jpg
REF07815,Article 7815,maison,M36,laine,ville,milieu,F010,images/REF07815.jpg
REF07816,Article 7816,accessoire,M08,lin,ville,premium,F064,images/REF07816.jpg
REF07817,Article 7817,maison,M39,lin,ville,entree,F086,images/REF07817.jpg
REF07818,Article 7818,bas,M24,lin,soiree,milieu,F030,images/REF07818.jpg
REF07819,Article 7819,maison,M35,laine,sport,entree,F009,images/REF07819.jpg
REF07820,Article 7820,accessoire,M06,laine,sport,milieu,F016,images/REF07820.jpg
REF07821,Article 7821,haut,M07,synthetique,sport,milieu,F041,images/REF07821.jpg
REF07822,Article 7822,accessoire,M25,coton,sport,premium,F112,images/REF07822.jpg
REF07823,Article 7823,haut,M11,coton,soiree,entree,F122,images/REF07823.jpg
REF07824,Article 7824,bas,M01,lin,sport,milieu,F011,images/REF07824.jpg
REF07825,Article 7825,haut,M07,synthetique,soiree,premium,F016,images/REF07825.jpg
REF07826,Article 7826,accessoire,M34,laine,soiree,milieu,F065,images/REF07826.jpg
REF07827,Article 7827,accessoire,M26,laine,ville,entree,F004,images/REF07827.jpg
REF07828,Article 7828,haut,M12,laine,sport,premium,F001,images/REF07828.jpg
REF07829,Article 7829,maison,M37,synthetique,soiree,premium,F107,images/REF07829.jpg
REF07830,Article 7830,haut,M32,coton,sport,entree,F118,images/REF07830.jpg
REF07831,Article 7831,maison,M02,coton,sport,premium,F086,images/REF07831.jpg
REF07832,Article 7832,maison,M26,laine,sport,milieu,F070,images/REF07832.jpg
REF07833,Article 7833,maison,M26,synthetique,ville,entree,F136,images/REF07833.jpg
REF07834,Article 7834,accessoire,M14,laine,sport,milieu,F063,images/REF07834.jpg
REF07835,Article 7835,haut,M23,synthetique,sport,milieu,F115,images/REF07835.jpg
REF07836,Article 7836,haut,M10,coton,sport,milieu,F070,images/REF07836.jpg
REF07837,Article 7837,maison,M38,coton,ville,entree,F052,images/REF07837.jpg
REF07838,Article 7838,accessoire,M36,synthetique,sport,entree,F026,images/REF07838.jpg
REF07839,Article 7839,haut,M30,synthetique,ville,premium,F002,images/REF07839.jpg
REF07840,Article 7840,maison,M06,synthetique,soiree,milieu,F018,images/REF07840.jpg
REF07841,Article 7841,haut,M07,lin,sport,milieu,F049,images/REF07841.jpg
REF07842,Article 7842,maison,M27,synthetique,sport,milieu,F104,images/REF07842.jpg
REF07843,Article 7843,haut,M16,laine,sport,milieu,F004,images/REF07843.jpg
REF07844,Article 7844,accessoire,M06,synthetique,ville,milieu,F134,images/REF07844.jpg
REF07845,Article 7845,bas,M01,synthetique,soiree,entree,F065,images/REF07845.jpg
REF07846,Article 7846,accessoire,M26,synthetique,ville,premium,F013,images/REF07846.jpg
REF07847,Article 7847,bas,M07,coton,ville,entree,F023,images/REF07847.jpg
REF07848,Article 7848,accessoire,M21,laine,sport,premium,F104,images/REF07848.jpg
REF07849,Article 7849,bas,M37,laine,ville,entree,F051,images/REF07849.jpg
REF07850,Article 7850,haut,M19,laine,soiree,entree,F132,images/REF07850.jpg
REF07851,Article 7851,haut,M01,synthetique,sport,milieu,F067,images/REF07851.jpg
REF07852,Article 7852,bas,M40,laine,sport,premium,F139,images/REF07852.jpg
REF07853,Article 7853,bas,M21,laine,sport,entree,F058,images/REF07853.jpg
REF07854,Article 7854,maison,M06,lin,soiree,milieu,F004,images/REF07854.jpg
REF07855,Article 7855,haut,M35,synthetique,ville,milieu,F131,images/REF07855.jpg
REF07856,Article 7856,bas,M37,coton,soiree,entree,F025,images/REF07856.jpg
REF07857,Article 7857,haut,M21,coton,ville,milieu,F043,images/REF07857.jpg
REF07858,Article 7858,bas,M03,synthetique,sport,premium,F032,images/REF07858.jpg
REF07859,Article 7859,accessoire,M19,coton,soiree,entree,F122,images/REF07859.jpg
REF07860,Article 7860,accessoire,M02,lin,sport,milieu,F110,images/REF07860.jpg
REF07861,Article 7861,maison,M02,lin,sport,premium,F029,images/REF07861.jpg
REF07862,Article 7862,maison,M36,laine,soiree,entree,F013,images/REF07862.jpg
REF07863,Article 7863,maison,M33,lin,soiree,entree,F129,images/REF07863.jpg
REF07864,Article 7864,maison,M15,lin,ville,entree,F080,images/REF07864.jpg
REF07865,Article 7865,accessoire,M33,laine,ville,milieu,F003,images/REF07865.jpg
REF07866,Article 7866,maison,M20,lin,sport,premium,F100,images/REF07866.jpg
REF07867,Article 7867,maison,M36,laine,soiree,premium,F115,images/REF07867.jpg
REF07868,Article 7868,maison,M04,synthetique,sport,premium,F078,images/REF07868.jpg
REF07869,Article 7869,accessoire,M37,synthetique,soiree,premium,F094,images/REF07869.jpg
REF07870,Article 7870,haut,M27,laine,soiree,entree,F094,images/REF07870.jpg
REF07871,Article 7871,maison,M05,synthetique,ville,milieu,F127,images/REF07871.jpg
REF07872,Article 7872,bas,M03,synthetique,soiree,entree,F027,images/REF07872.jpg
REF07873,Article 7873,haut,M37,coton,soiree,premium,F029,images/REF07873.jpg
REF07874,Article 7874,accessoire,M18,coton,sport,milieu,F115,images/REF07874.jpg
REF07875,Article 7875,accessoire,M30,laine,soiree,entree,F085,images/REF07875.jpg
REF07876,Article 7876,accessoire,M09,lin,ville,milieu,F123,images/REF07876.jpg
REF07877,Article 7877,accessoire,M20,coton,ville,milieu,F098,images/REF07877.jpg
REF07878,Article 7878,haut,M39,lin,soiree,milieu,F034,images/REF07878.jpg
REF07879,Article 7879,accessoire,M10,lin,sport,entree,F077,images/REF07879.jpg
REF07880,Article 7880,bas,M38,synthetique,sport,milieu,F116,images/REF07880.jpg
REF07881,Article 7881,haut,M32,synthetique,sport,premium,F071,images/REF07881.jpg
REF07882,Article 7882,bas,M23,laine,sport,entree,F072,images/REF07882.jpg
REF07883,Article 7883,accessoire,M23,laine,soiree,premium,F133,images/REF07883.jpg
REF07884,Article 7884,accessoire,M18,synthetique,sport,entree,F108,images/REF07884.jpg
REF07885,Article 7885,maison,M05,coton,sport,milieu,F075,images/REF07885.jpg
REF07886,Article 7886,bas,M40,synthetique,soiree,premium,F138,images/REF07886.jpg
REF07887,Article 7887,maison,M02,coton,sport,entree,F016,images/REF07887.jpg
REF07888,Article 7888,bas,M37,synthetique,soiree,entree,F028,images/REF07888.jpg
REF07889,Article 7889,maison,M38,lin,sport,milieu,F021,images/REF07889.jpg
REF07890,Article 7890,haut,M23,synthetique,ville,entree,F056,images/REF07890.jpg
REF07891,Article 7891,accessoire,M21,coton,soiree,premium,F086,images/REF07891.jpg
REF07892,Article 7892,accessoire,M02,coton,sport,milieu,F120,images/REF07892.jpg
REF07893,Article 7893,haut,M33,coton,soiree,premium,F105,images/REF07893.jpg
REF07894,Article 7894,bas,M11,lin,ville,milieu,F140,images/REF07894.jpg
REF07895,Article 7895,accessoire,M15,lin,ville,entree,F005,images/REF07895.jpg
REF07896,Article 7896,haut,M28,lin,soiree,premium,F058,images/REF07896.jpg
REF07897,Article 7897,accessoire,M14,coton,ville,premium,F124,images/REF07897.jpg
REF07898,Article 7898,maison,M33,coton,soiree,milieu,F067,images/REF07898.jpg
REF07899,Article 7899,bas,M15,coton,ville,entree,F036,images/REF07899.jpg
REF07900,Article 7900,bas,M33,coton,sport,entree,F022,images/REF07900.jpg
REF07901,Article 7901,haut,M39,laine,ville,entree,F002,images/REF07901.jpg
REF07902,Article 7902,bas,M39,lin,soiree,premium,F111,images/REF07902.jpg
REF07903,Article 7903,accessoire,M27,coton,ville,premium,F097,images/REF07903.jpg
REF07904,Article 7904,haut,M09,laine,soiree,milieu,F100,images/REF07904.jpg
REF07905,Article 7905,haut,M31,laine,ville,premium,F085,images/REF07905.jpg
REF07906,Article 7906,accessoire,M36,synthetique,ville,entree,F133,images/REF07906.jpg
REF07907,Article 7907,maison,M24,synthetique,ville,premium,F049,images/REF07907.jpg
REF07908,Article 7908,bas,M17,laine,ville,premium,F081,images/REF07908.jpg
REF07909,Article 7909,accessoire,M03,lin,ville,entree,F030,images/REF07909.jpg
REF07910,Article 7910,accessoire,M21,lin,soiree,premium,F115,images/REF07910.jpg
REF07911,Article 7911,accessoire,M04,coton,sport,milieu,F073,images/REF07911.jpg
REF07912,Article 7912,bas,M03,laine,sport,premium,F100,images/REF07912.jpg
REF07913,Article 7913,bas,M11,coton,sport,premium,F098,images/REF07913.jpg
REF07914,Article 7914,bas,M20,synthetique,ville,milieu,F140,images/REF07914.jpg
REF07915,Article 7915,accessoire,M21,lin,sport,premium,F064,images/REF07915.jpg
REF07916,Article 7916,haut,M23,synthetique,soiree,milieu,F080,images/REF07916.jpg
REF07917,Article 7917,maison,M29,coton,sport,premium,F044,images/REF07917.jpg
REF07918,Article 7918,haut,M27,synthetique,ville,milieu,F046,images/REF07918.jpg
REF07919,Article 7919,maison,M28,lin,soiree,milieu,F037,images/REF07919.jpg
REF07920,Article 7920,maison,M19,synthetique,sport,entree,F116,images/REF07920.jpg
REF07921,Article 7921,maison,M16,coton,sport,premium,F093,images/REF07921.jpg
REF07922,Article 7922,accessoire,M06,coton,sport,premium,F051,images/REF07922.jpg
REF07923,Article 7923,accessoire,M26,coton,soiree,milieu,F137,images/REF07923.jpg
REF07924,Article 7924,bas,M36,synthetique,sport,premium,F030,images/REF07924.jpg
REF07925,Article 7925,accessoire,M01,synthetique,sport,milieu,F025,images/REF07925.jpg
REF07926,Article 7926,haut,M07,coton,ville,milieu,F055,images/REF07926.jpg
REF07927,Article 7927,bas,M05,synthetique,sport,entree,F048,images/REF07927.jpg
REF07928,Article 7928,accessoire,M39,coton,ville,entree,F041,images/REF07928.jpg
REF07929,Article 7929,bas,M25,synthetique,soiree,entree,F131,images/REF07929.jpg
REF07930,Article 7930,accessoire,M12,lin,ville,milieu,F074,images/REF07930.jpg
REF07931,Article 7931,accessoire,M15,lin,ville,milieu,F082,images/REF07931.jpg
REF07932,Article 7932,accessoire,M31,laine,ville,entree,F114,images/REF07932.jpg
REF07933,Article 7933,maison,M06,synthetique,sport,premium,F107,images/REF07933.jpg
REF07934,Article 7934,maison,M11,laine,soiree,premium,F050,images/REF07934.jpg
REF07935,Article 7935,maison,M27,coton,soiree,entree,F117,images/REF07935.jpg
REF07936,Article 7936,bas,M31,lin,soiree,premium,F096,images/REF07936.jpg
REF07937,Article 7937,bas,M21,coton,soiree,premium,F095,images/REF07937.jpg
REF07938,Article 7938,maison,M18,laine,ville,milieu,F104,images/REF07938.jpg
REF07939,Article 7939,maison,M40,lin,ville,premium,F017,images/REF07939.jpg
REF07940,Article 7940,bas,M05,coton,soiree,entree,F026,images/REF07940.jpg
REF07941,Article 7941,maison,M26,lin,sport,entree,F140,images/REF07941.jpg
REF07942,Article 7942,maison,M22,coton,soiree,premium,F082,images/REF07942.jpg
REF07943,Article 7943,maison,M24,synthetique,soiree,premium,F073,images/REF07943.jpg
REF07944,Article 7944,maison,M04,coton,soiree,entree,F046,images/REF07944.jpg
REF07945,Article 7945,accessoire,M09,coton,soiree,entree,F026,images/REF07945.jpg
REF07946,Article 7946,bas,M31,laine,ville,milieu,F041,images/REF07946.jpg
REF07947,Article 7947,accessoire,M14,coton,sport,milieu,F034,images/REF07947.jpg
REF07948,Article 7948,bas,M08,laine,sport,premium,F039,images/REF07948.jpg
REF07949,Article 7949,bas,M06,coton,ville,premium,F064,images/REF07949.jpg
REF07950,Article 7950,maison,M36,lin,sport,milieu,F073,images/REF07950.jpg
REF07951,Article 7951,haut,M32,laine,ville,entree,F098,images/REF07951.jpg
REF07952,Article 7952,maison,M11,lin,sport,milieu,F010,images/REF07952.jpg
REF07953,Article 7953,accessoire,M29,coton,ville,premium,F111,images/REF07953.jpg
REF07954,Article 7954,haut,M04,synthetique,sport,premium,F065,images/REF07954.jpg
REF07955,Article 7955,maison,M31,lin,soiree,milieu,F138,images/REF07955.jpg
REF07956,Article 7956,accessoire,M28,laine,ville,milieu,F011,images/REF07956.jpg
REF07957,Article 7957,accessoire,M22,synthetique,soiree,milieu,F013,images/REF07957.jpg
REF07958,Article 7958,haut,M12,synthetique,sport,milieu,F038,images/REF07958.jpg
REF07959,Article 7959,haut,M28,laine,sport,entree,F085,images/REF07959.jpg
REF07960,Article 7960,maison,M24,coton,sport,milieu,F071,images/REF07960.jpg
REF07961,Article 7961,maison,M03,coton,soiree,premium,F085,images/REF07961.jpg
REF07962,Article 7962,bas,M37,synthetique,ville,milieu,F075,images/REF07962.jpg
REF07963,Article 7963,haut,M29,coton,ville,milieu,F040,images/REF07963.jpg
REF07964,Article 7964,bas,M18,coton,ville,milieu,F048,images/REF07964.jpg
REF07965,Article 7965,accessoire,M01,laine,soiree,entree,F074,images/REF07965.jpg
REF07966,Article 7966,bas,M40,laine,ville,entree,F089,images/REF07966.jpg
REF07967,Article 7967,maison,M29,synthetique,ville,premium,F120,images/REF07967.jpg
REF07968,Article 7968,accessoire,M26,laine,ville,entree,F085,images/REF07968.jpg
REF07969,Article 7969,accessoire,M09,coton,soiree,entree,F006,images/REF07969.jpg
REF07970,Article 7970,bas,M27,coton,soiree,premium,F120,images/REF07970.jpg
REF07971,Article 7971,accessoire,M28,synthetique,soiree,premium,F088,images/REF07971.jpg
REF07972,Article 7972,bas,M02,lin,sport,milieu,F123,images/REF07972.jpg
REF07973,Article 7973,accessoire,M34,lin,sport,premium,F140,images/REF07973.jpg
REF07974,Article 7974,maison,M36,coton,ville,premium,F049,images/REF07974.jpg
REF07975,Article 7975,accessoire,M28,coton,sport,premium,F110,images/REF07975.jpg
REF07976,Article 7976,bas,M36,laine,sport,milieu,F032,images/REF07976.jpg
REF07977,Article 7977,accessoire,M02,lin,ville,milieu,F025,images/REF07977.jpg
REF07978,Article 7978,maison,M03,laine,sport,entree,F073,images/REF07978.jpg
REF07979,Article 7979,accessoire,M31,lin,sport,milieu,F036,images/REF07979.jpg
REF07980,Article 7980,maison,M27,laine,sport,premium,F134,images/REF07980.jpg
REF07981,Article 7981,accessoire,M36,lin,ville,entree,F119,images/REF07981.jpg
REF07982,Article 7982,bas,M04,laine,ville,milieu,F039,images/REF07982.jpg
REF07983,Article 7983,accessoire,M31,coton,ville,entree,F044,images/REF07983.jpg
REF07984,Article 7984,haut,M37,laine,soiree,premium,F021,images/REF07984.jpg
REF07985,Article 7985,accessoire,M06,lin,ville,entree,F023,images/REF07985.jpg
REF07986,Article 7986,maison,M31,lin,ville,entree,F001,images/REF07986.jpg
REF07987,Article 7987,bas,M01,coton,ville,entree,F063,images/REF07987.jpg
REF07988,Article 7988,accessoire,M01,laine,sport,premium,F012,images/REF07988.jpg
REF07989,Article 7989,haut,M09,lin,soiree,premium,F098,images/REF07989.jpg
REF07990,Article 7990,bas,M33,laine,sport,entree,F017,images/REF07990.jpg
REF07991,Article 7991,haut,M36,coton,ville,entree,F030,images/REF07991.jpg
REF07992,Article 7992,haut,M24,lin,sport,premium,F132,images/REF07992.jpg
REF07993,Article 7993,maison,M15,synthetique,ville,milieu,F087,images/REF07993.jpg
REF07994,Article 7994,bas,M26,laine,sport,milieu,F003,images/REF07994.jpg
REF07995,Article 7995,accessoire,M14,synthetique,sport,milieu,F082,images/REF07995.jpg
REF07996,Article 7996,haut,M07,coton,ville,premium,F003,images/REF07996.jpg
REF07997,Article 7997,bas,M06,laine,soiree,premium,F123,images/REF07997.jpg
REF07998,Article 7998,accessoire,M39,synthetique,soiree,milieu,F065,images/REF07998.jpg
REF07999,Article 7999,haut,M04,synthetique,sport,milieu,F113,images/REF07999.jpg
REF08000,Article 8000,bas,M23,coton,sport,premium,F072,images/REF08000.jpg
REF08001,Article 8001,maison,M10,coton,soiree,milieu,F090,images/REF08001.jpg
REF08002,Article 8002,bas,M31,laine,soiree,milieu,F086,images/REF08002.jpg
REF08003,Article 8003,accessoire,M04,lin,soiree,premium,F063,images/REF08003.jpg
REF08004,Article 8004,haut,M19,coton,soiree,milieu,F053,images/REF08004.jpg
REF08005,Article 8005,maison,M08,coton,ville,entree,F051,images/REF08005.jpg
REF08006,Article 8006,maison,M23,laine,soiree,entree,F106,images/REF08006.jpg
REF08007,Article 8007,accessoire,M33,laine,soiree,entree,F008,images/REF08007.jpg
REF08008,Article 8008,maison,M17,laine,ville,premium,F099,images/REF08008.jpg
REF08009,Article 8009,maison,M13,laine,soiree,milieu,F021,images/REF08009.jpg
REF08010,Article 8010,haut,M01,lin,sport,entree,F026,images/REF08010.jpg
REF08011,Article 8011,accessoire,M24,laine,soiree,premium,F091,images/REF08011.jpg
REF08012,Article 8012,accessoire,M14,laine,sport,premium,F019,images/REF08012.jpg
REF08013,Article 8013,accessoire,M31,laine,sport,milieu,F057,images/REF08013.jpg
REF08014,Article 8014,haut,M40,coton,sport,premium,F036,images/REF08014.jpg
REF08015,Article 8015,maison,M19,coton,ville,entree,F018,images/REF08015.jpg
REF08016,Article 8016,haut,M26,lin,ville,entree,F085,images/REF08016.jpg
REF08017,Article 8017,haut,M02,lin,soiree,premium,F065,images/REF08017.jpg
REF08018,Article 8018,maison,M01,lin,soiree,entree,F097,images/REF08018.jpg
REF08019,Article 8019,haut,M03,lin,ville,milieu,F114,images/REF08019.jpg
REF08020,Article 8020,bas,M40,lin,ville,premium,F131,images/REF08020.jpg
REF08021,Article 8021,bas,M36,laine,ville,entree,F107,images/REF08021.jpg
REF08022,Article 8022,accessoire,M29,coton,ville,entree,F004,images/REF08022.jpg
REF08023,Article 8023,haut,M09,laine,soiree,premium,F085,images/REF08023.jpg
REF08024,Article 8024,maison,M27,synthetique,ville,premium,F111,images/REF08024.jpg
REF08025,Article 8025,bas,M31,lin,sport,milieu,F088,images/REF08025.jpg
REF08026,Article 8026,accessoire,M07,lin,soiree,premium,F105,images/REF08026.jpg
REF08027,Article 8027,accessoire,M16,laine,soiree,premium,F123,images/REF08027.jpg
REF08028,Article 8028,bas,M36,laine,ville,entree,F002,images/REF08028.jpg
REF08029,Article 8029,maison,M15,synthetique,soiree,premium,F003,images/REF08029.jpg
REF08030,Article 8030,accessoire,M08,coton,soiree,entree,F002,images/REF08030.jpg
REF08031,Article 8031,bas,M14,coton,ville,milieu,F008,images/REF08031.jpg
REF08032,Article 8032,maison,M40,laine,ville,premium,F049,images/REF08032.jpg
REF08033,Article 8033,bas,M38,coton,sport,entree,F021,images/REF08033.jpg
REF08034,Article 8034,accessoire,M01,lin,sport,premium,F051,images/REF08034.jpg
REF08035,Article 8035,haut,M34,coton,sport,premium,F056,images/REF08035.jpg
REF08036,Article 8036,bas,M28,coton,ville,premium,F027,images/REF08036.jpg
REF08037,Article 8037,accessoire,M34,synthetique,soiree,entree,F024,images/REF08037.jpg
REF08038,Article 8038,maison,M11,coton,ville,premium,F069,images/REF08038.jpg
REF08039,Article 8039,accessoire,M23,coton,ville,entree,F040,images/REF08039.jpg
REF08040,Article 8040,bas,M27,synthetique,sport,premium,F051,images/REF08040.jpg
REF08041,Article 8041,maison,M06,laine,soiree,entree,F136,images/REF08041.jpg
REF08042,Article 8042,bas,M35,lin,ville,premium,F100,images/REF08042.jpg
REF08043,Article 8043,maison,M19,lin,sport,milieu,F093,images/REF08043.jpg
REF08044,Article 8044,bas,M22,laine,ville,entree,F042,images/REF08044.jpg
REF08045,Article 8045,haut,M13,coton,ville,entree,F104,images/REF08045.jpg
REF08046,Article 8046,maison,M29,lin,sport,entree,F051,images/REF08046.jpg
REF08047,Article 8047,bas,M26,coton,sport,entree,F070,images/REF08047.jpg
REF08048,Article 8048,haut,M10,coton,ville,milieu,F055,images/REF08048.jpg
REF08049,Article 8049,bas,M20,laine,ville,milieu,F039,images/REF08049.jpg
REF08050,Article 8050,haut,M34,synthetique,ville,milieu,F017,images/REF08050.jpg
REF08051,Article 8051,bas,M16,laine,soiree,premium,F115,images/REF08051.jpg
REF08052,Article 8052,bas,M03,coton,soiree,premium,F028,images/REF08052.jpg
REF08053,Article 8053,accessoire,M27,coton,soiree,entree,F086,images/REF08053.jpg
REF08054,Article 8054,haut,M20,coton,sport,premium,F107,images/REF08054.jpg
REF08055,Article 8055,maison,M20,coton,sport,premium,F043,images/REF08055.jpg
REF08056,Article 8056,bas,M08,lin,ville,entree,F083,images/REF08056.jpg
REF08057,Article 8057,maison,M27,synthetique,soiree,milieu,F125,images/REF08057.jpg
REF08058,Article 8058,maison,M08,synthetique,ville,entree,F094,images/REF08058.jpg
REF08059,Article 8059,bas,M12,laine,soiree,entree,F048,images/REF08059.jpg
REF08060,Article 8060,maison,M04,lin,ville,entree,F104,images/REF08060.jpg
REF08061,Article 8061,accessoire,M06,coton,sport,entree,F013,images/REF08061.jpg
REF08062,Article 8062,haut,M11,laine,ville,premium,F140,images/REF08062.jpg
REF08063,Article 8063,bas,M32,synthetique,ville,entree,F070,images/REF08063.jpg
REF08064,Article 8064,bas,M07,coton,soiree,premium,F117,images/REF08064.jpg
REF08065,Article 8065,accessoire,M21,laine,ville,milieu,F020,images/REF08065.jpg
REF08066,Article 8066,bas,M05,lin,soiree,premium,F058,images/REF08066.jpg
REF08067,Article 8067,haut,M25,synthetique,ville,premium,F122,images/REF08067.jpg
REF08068,Article 8068,maison,M34,lin,ville,entree,F016,images/REF08068.jpg
REF08069,Article 8069,bas,M32,synthetique,ville,milieu,F040,images/REF08069.jpg
REF08070,Article 8070,bas,M20,coton,sport,milieu,F004,images/REF08070.jpg
REF08071,Article 8071,maison,M26,coton,soiree,milieu,F091,images/REF08071.jpg
REF08072,Article 8072,maison,M35,laine,soiree,premium,F067,images/REF08072.jpg
REF08073,Article 8073,bas,M37,synthetique,soiree,milieu,F022,images/REF08073.jpg
REF08074,Article 8074,accessoire,M31,coton,soiree,milieu,F077,images/REF08074.jpg
REF08075,Article 8075,haut,M17,laine,soiree,entree,F122,images/REF08075.jpg
REF08076,Article 8076,maison,M08,laine,ville,premium,F124,images/REF08076.jpg
REF08077,Article 8077,bas,M34,coton,soiree,premium,F047,images/REF08077.jpg
REF08078,Article 8078,bas,M31,synthetique,ville,entree,F138,images/REF08078.jpg
REF08079,Article 8079,accessoire,M29,synthetique,sport,entree,F083,images/REF08079.jpg
REF08080,Article 8080,maison,M34,laine,sport,premium,F006,images/REF08080.jpg
REF08081,Article 8081,bas,M18,lin,soiree,milieu,F046,images/REF08081.jpg
REF08082,Article 8082,maison,M05,lin,sport,milieu,F107,images/REF08082.jpg
REF08083,Article 8083,maison,M08,coton,ville,entree,F069,images/REF08083.jpg
REF08084,Article 8084,bas,M39,coton,soiree,entree,F134,images/REF08084.jpg
REF08085,Article 8085,bas,M34,coton,ville,premium,F012,images/REF08085.jpg
REF08086,Article 8086,maison,M04,laine,ville,entree,F106,images/REF08086.jpg
REF08087,Article 8087,accessoire,M39,coton,ville,entree,F044,images/REF08087.jpg
REF08088,Article 8088,accessoire,M31,lin,sport,entree,F007,images/REF08088.jpg
REF08089,Article 8089,bas,M04,synthetique,ville,entree,F020,images/REF08089.jpg
REF08090,Article 8090,haut,M33,laine,soiree,premium,F085,images/REF08090.jpg
REF08091,Article 8091,maison,M21,coton,ville,entree,F062,images/REF08091.jpg
REF08092,Article 8092,bas,M25,coton,soiree,entree,F103,images/REF08092.jpg
REF08093,Article 8093,bas,M37,synthetique,sport,premium,F040,images/REF08093.jpg
REF08094,Article 8094,bas,M26,lin,ville,entree,F032,images/REF08094.jpg
REF08095,Article 8095,bas,M32,synthetique,soiree,milieu,F044,images/REF08095.jpg
REF08096,Article 8096,maison,M27,lin,ville,milieu,F100,images/REF08096.jpg
REF08097,Article 8097,haut,M28,lin,ville,entree,F096,images/REF08097.jpg
REF08098,Article 8098,haut,M36,coton,ville,entree,F139,images/REF08098.jpg
REF08099,Article 8099,maison,M40,coton,sport,entree,F117,images/REF08099.jpg
REF08100,Article 8100,maison,M19,synthetique,soiree,entree,F039,images/REF08100.jpg
REF08101,Article 8101,bas,M13,synthetique,sport,milieu,F010,images/REF08101.jpg
REF08102,Article 8102,bas,M12,laine,soiree,milieu,F071,images/REF08102.jpg
REF08103,Article 8103,haut,M30,coton,soiree,entree,F131,images/REF08103.jpg
REF08104,Article 8104,maison,M14,laine,soiree,premium,F077,images/REF08104.jpg
REF08105,Article 8105,haut,M04,synthetique,soiree,milieu,F058,images/REF08105.jpg
REF08106,Article 8106,maison,M04,coton,ville,entree,F125,images/REF08106.jpg
REF08107,Article 8107,accessoire,M05,laine,sport,entree,F133,images/REF08107.jpg
REF08108,Article 8108,accessoire,M03,laine,soiree,entree,F048,images/REF08108.jpg
REF08109,Article 8109,bas,M29,lin,soiree,milieu,F079,images/REF08109.jpg
REF08110,Article 8110,bas,M10,lin,ville,entree,F065,images/REF08110.jpg
REF08111,Article 8111,bas,M31,laine,ville,milieu,F051,images/REF08111.jpg
REF08112,Article 8112,accessoire,M20,laine,ville,milieu,F119,images/REF08112.jpg
REF08113,Article 8113,haut,M15,synthetique,soiree,milieu,F075,images/REF08113.jpg
REF08114,Article 8114,accessoire,M38,synthetique,sport,premium,F106,images/REF08114.jpg
REF08115,Article 8115,accessoire,M38,lin,soiree,milieu,F017,images/REF08115.jpg
REF08116,Article 8116,bas,M26,coton,ville,entree,F049,images/REF08116.jpg
REF08117,Article 8117,bas,M12,laine,ville,entree,F046,images/REF08117.jpg
REF08118,Article 8118,maison,M32,lin,soiree,milieu,F137,images/REF08118.jpg
REF08119,Article 8119,haut,M35,laine,ville,milieu,F029,images/REF08119.jpg
REF08120,Article 8120,maison,M30,lin,soiree,milieu,F130,images/REF08120.jpg
REF08121,Article 8121,accessoire,M09,lin,sport,entree,F024,images/REF08121.jpg
REF08122,Article 8122,accessoire,M21,laine,ville,entree,F114,images/REF08122.jpg
REF08123,Article 8123,bas,M19,laine,ville,premium,F083,images/REF08123.jpg
REF08124,Article 8124,maison,M15,synthetique,soiree,premium,F133,images/REF08124.jpg
REF08125,Article 8125,maison,M13,synthetique,sport,milieu,F007,images/REF08125.jpg
REF08126,Article 8126,bas,M06,lin,ville,entree,F127,images/REF08126.jpg
REF08127,Article 8127,maison,M13,synthetique,sport,entree,F131,images/REF08127.jpg
REF08128,Article 8128,haut,M08,coton,ville,premium,F094,images/REF08128.jpg
REF08129,Article 8129,haut,M18,laine,soiree,milieu,F132,images/REF08129.jpg
REF08130,Article 8130,bas,M17,laine,sport,milieu,F124,images/REF08130.jpg
REF08131,Article 8131,accessoire,M29,coton,ville,entree,F133,images/REF08131.jpg
REF08132,Article 8132,accessoire,M27,lin,soiree,premium,F050,images/REF08132.jpg
REF08133,Article 8133,accessoire,M21,synthetique,sport,entree,F045,images/REF08133.jpg
REF08134,Article 8134,maison,M40,coton,sport,premium,F124,images/REF08134.jpg
REF08135,Article 8135,maison,M36,coton,soiree,milieu,F068,images/REF08135.jpg
REF08136,Article 8136,maison,M24,coton,soiree,entree,F059,images/REF08136.jpg
REF08137,Article 8137,maison,M31,coton,soiree,milieu,F005,images/REF08137.jpg
REF08138,Article 8138,haut,M04,synthetique,ville,entree,F122,images/REF08138.jpg
REF08139,Article 8139,accessoire,M11,lin,sport,entree,F117,images/REF08139.jpg
REF08140,Article 8140,maison,M36,synthetique,ville,premium,F125,images/REF08140.jpg
REF08141,Article 8141,maison,M33,laine,soiree,milieu,F010,images/REF08141.jpg
REF08142,Article 8142,maison,M14,laine,sport,entree,F059,images/REF08142.jpg
REF08143,Article 8143,haut,M34,laine,sport,milieu,F123,images/REF08143.jpg
REF08144,Article 8144,accessoire,M10,lin,sport,entree,F107,images/REF08144.jpg
REF08145,Article 8145,accessoire,M05,lin,soiree,milieu,F140,images/REF08145.jpg
REF08146,Article 8146,bas,M03,coton,sport,milieu,F023,images/REF08146.jpg
REF08147,Article 8147,maison,M14,lin,sport,milieu,F111,images/REF08147.jpg
REF08148,Article 8148,bas,M35,laine,ville,milieu,F060,images/REF08148.jpg
REF08149,Article 8149,haut,M12,lin,sport,milieu,F092,images/REF08149.jpg
REF08150,Article 8150,haut,M18,synthetique,sport,premium,F070,images/REF08150.jpg
REF08151,Article 8151,maison,M22,synthetique,sport,milieu,F136,images/REF08151.jpg
REF08152,Article 8152,bas,M10,laine,sport,milieu,F096,images/REF08152.jpg
REF08153,Article 8153,haut,M21,laine,soiree,premium,F034,images/REF08153.jpg
REF08154,Article 8154,accessoire,M12,laine,soiree,entree,F133,images/REF08154.jpg
REF08155,Article 8155,accessoire,M33,lin,sport,milieu,F089,images/REF08155.jpg
REF08156,Article 8156,accessoire,M33,laine,soiree,milieu,F056,images/REF08156.jpg
REF08157,Article 8157,bas,M26,lin,sport,milieu,F056,images/REF08157.jpg
REF08158,Article 8158,accessoire,M33,laine,soiree,premium,F047,images/REF08158.jpg
REF08159,Article 8159,accessoire,M31,lin,ville,milieu,F084,images/REF08159.jpg
REF08160,Article 8160,bas,M37,coton,sport,milieu,F111,images/REF08160.jpg
REF08161,Article 8161,haut,M36,lin,ville,entree,F134,images/REF08161.jpg
REF08162,Article 8162,maison,M16,laine,soiree,milieu,F065,images/REF08162.jpg
REF08163,Article 8163,maison,M21,coton,sport,premium,F086,images/REF08163.jpg
REF08164,Article 8164,haut,M18,coton,ville,milieu,F091,images/REF08164.jpg
REF08165,Article 8165,accessoire,M17,laine,sport,premium,F112,images/REF08165.jpg
REF08166,Article 8166,haut,M05,synthetique,ville,entree,F121,images/REF08166.jpg
REF08167,Article 8167,haut,M32,lin,sport,milieu,F060,images/REF08167.jpg
REF08168,Article 8168,maison,M12,synthetique,soiree,milieu,F121,images/REF08168.jpg
REF08169,Article 8169,accessoire,M28,lin,ville,premium,F105,images/REF08169.jpg
REF08170,Article 8170,accessoire,M37,coton,soiree,premium,F094,images/REF08170.jpg
REF08171,Article 8171,maison,M13,coton,soiree,premium,F118,images/REF08171.jpg
REF08172,Article 8172,accessoire,M35,lin,sport,entree,F134,images/REF08172.jpg
REF08173,Article 8173,accessoire,M06,lin,ville,entree,F054,images/REF08173.jpg
REF08174,Article 8174,bas,M33,laine,soiree,entree,F135,images/REF08174.jpg
REF08175,Article 8175,bas,M27,lin,sport,premium,F064,images/REF08175.jpg
REF08176,Article 8176,bas,M35,lin,sport,entree,F133,images/REF08176.jpg
REF08177,Article 8177,bas,M35,coton,sport,entree,F075,images/REF08177.jpg
REF08178,Article 8178,bas,M21,synthetique,sport,entree,F128,images/REF08178.jpg
REF08179,Article 8179,maison,M15,synthetique,sport,premium,F091,images/REF08179.jpg
REF08180,Article 8180,accessoire,M13,lin,sport,premium,F049,images/REF08180.jpg
REF08181,Article 8181,haut,M30,lin,ville,milieu,F096,images/REF08181.jpg
REF08182,Article 8182,maison,M02,synthetique,soiree,premium,F061,images/REF08182.jpg
REF08183,Article 8183,maison,M05,coton,sport,premium,F052,images/REF08183.jpg
REF08184,Article 8184,haut,M31,lin,sport,premium,F119,images/REF08184.jpg
REF08185,Article 8185,maison,M31,laine,soiree,entree,F097,images/REF08185.jpg
REF08186,Article 8186,maison,M28,coton,sport,milieu,F069,images/REF08186.jpg
REF08187,Article 8187,accessoire,M32,synthetique,ville,milieu,F024,images/REF08187.jpg
REF08188,Article 8188,haut,M33,synthetique,soiree,entree,F051,images/REF08188.jpg
REF08189,Article 8189,bas,M02,lin,soiree,premium,F077,images/REF08189.jpg
REF08190,Article 8190,bas,M25,lin,soiree,entree,F081,images/REF08190.jpg
REF08191,Article 8191,accessoire,M11,coton,soiree,premium,F063,images/REF08191.jpg
REF08192,Article 8192,maison,M38,synthetique,ville,premium,F064,images/REF08192.jpg
REF08193,Article 8193,maison,M10,synthetique,ville,entree,F064,images/REF08193.jpg
REF08194,Article 8194,haut,M36,lin,ville,premium,F105,images/REF08194.jpg
REF08195,Article 8195,bas,M06,coton,sport,premium,F040,images/REF08195.jpg
REF08196,Article 8196,accessoire,M09,synthetique,soiree,entree,F058,images/REF08196.jpg
REF08197,Article 8197,maison,M03,laine,sport,milieu,F001,images/REF08197.jpg
REF08198,Article 8198,accessoire,M38,lin,soiree,entree,F086,images/REF08198.jpg
REF08199,Article 8199,accessoire,M20,lin,sport,milieu,F057,images/REF08199.jpg
REF08200,Article 8200,accessoire,M28,coton,sport,entree,F071,images/REF08200.jpg
REF08201,Article 8201,accessoire,M35,synthetique,ville,premium,F085,images/REF08201.jpg
REF08202,Article 8202,maison,M21,laine,soiree,entree,F088,images/REF08202.jpg
REF08203,Article 8203,accessoire,M03,synthetique,soiree,milieu,F045,images/REF08203.jpg
REF08204,Article 8204,haut,M36,coton,ville,milieu,F130,images/REF08204.jpg
REF08205,Article 8205,maison,M09,coton,soiree,milieu,F060,images/REF08205.jpg
REF08206,Article 8206,haut,M32,laine,sport,milieu,F069,images/REF08206.jpg
REF08207,Article 8207,haut,M11,laine,ville,entree,F095,images/REF08207.jpg
REF08208,Article 8208,maison,M25,synthetique,ville,entree,F082,images/REF08208.jpg
REF08209,Article 8209,accessoire,M09,lin,sport,premium,F083,images/REF08209.jpg
REF08210,Article 8210,maison,M24,synthetique,sport,premium,F075,images/REF08210.jpg
REF08211,Article 8211,haut,M38,laine,soiree,entree,F078,images/REF08211.jpg
REF08212,Article 8212,haut,M26,laine,sport,entree,F124,images/REF08212.jpg
REF08213,Article 8213,haut,M08,lin,ville,milieu,F067,images/REF08213.jpg
REF08214,Article 8214,accessoire,M24,lin,ville,milieu,F102,images/REF08214.jpg
REF08215,Article 8215,maison,M35,lin,soiree,entree,F064,images/REF08215.jpg
REF08216,Article 8216,haut,M03,coton,ville,entree,F062,images/REF08216.jpg
REF08217,Article 8217,bas,M27,synthetique,sport,entree,F013,images/REF08217.jpg
REF08218,Article 8218,maison,M19,synthetique,soiree,entree,F005,images/REF08218.jpg
REF08219,Article 8219,maison,M33,lin,ville,premium,F029,images/REF08219.jpg
REF08220,Article 8220,maison,M32,coton,ville,premium,F022,images/REF08220.jpg
REF08221,Article 8221,bas,M34,coton,soiree,milieu,F036,images/REF08221.jpg
REF08222,Article 8222,accessoire,M01,synthetique,sport,premium,F071,images/REF08222.jpg
REF08223,Article 8223,haut,M23,synthetique,soiree,milieu,F106,images/REF08223.jpg
REF08224,Article 8224,bas,M08,laine,ville,entree,F005,images/REF08224.jpg
REF08225,Article 8225,accessoire,M14,synthetique,sport,entree,F079,images/REF08225.jpg
REF08226,Article 8226,accessoire,M34,laine,ville,milieu,F019,images/REF08226.jpg
REF08227,Article 8227,bas,M02,coton,sport,premium,F046,images/REF08227.jpg
REF08228,Article 8228,accessoire,M09,coton,sport,premium,F126,images/REF08228.jpg
REF08229,Article 8229,accessoire,M04,lin,sport,milieu,F033,images/REF08229.jpg
REF08230,Article 8230,maison,M03,lin,sport,premium,F008,images/REF08230.jpg
REF08231,Article 8231,haut,M30,lin,sport,milieu,F138,images/REF08231.jpg
REF08232,Article 8232,maison,M15,laine,ville,premium,F131,images/REF08232.jpg
REF08233,Article 8233,maison,M34,lin,sport,entree,F100,images/REF08233.jpg
REF08234,Article 8234,maison,M05,laine,sport,premium,F002,images/REF08234.jpg
REF08235,Article 8235,haut,M10,coton,ville,milieu,F041,images/REF08235.jpg
REF08236,Article 8236,maison,M04,coton,ville,milieu,F045,images/REF08236.jpg
REF08237,Article 8237,haut,M11,synthetique,ville,premium,F137,images/REF08237.jpg
REF08238,Article 8238,haut,M38,laine,soiree,premium,F017,images/REF08238.jpg
REF08239,Article 8239,haut,M35,coton,soiree,entree,F056,images/REF08239.jpg
REF08240,Article 8240,haut,M25,lin,sport,entree,F079,images/REF08240.jpg
REF08241,Article 8241,bas,M38,laine,ville,entree,F054,images/REF08241.jpg
REF08242,Article 8242,accessoire,M34,synthetique,sport,milieu,F085,images/REF08242.jpg
REF08243,Article 8243,bas,M13,laine,soiree,milieu,F062,images/REF08243.jpg
REF08244,Article 8244,accessoire,M04,lin,ville,entree,F045,images/REF08244.jpg
REF08245,Article 8245,bas,M07,coton,soiree,milieu,F082,images/REF08245.jpg
REF08246,Article 8246,maison,M27,coton,sport,milieu,F035,images/REF08246.jpg
REF08247,Article 8247,maison,M19,lin,ville,premium,F130,images/REF08247.jpg
REF08248,Article 8248,haut,M03,coton,sport,premium,F110,images/REF08248.jpg
REF08249,Article 8249,maison,M08,lin,sport,entree,F022,images/REF08249.jpg
REF08250,Article 8250,bas,M02,laine,ville,premium,F110,images/REF08250.jpg
REF08251,Article 8251,accessoire,M38,lin,sport,milieu,F113,images/REF08251.jpg
REF08252,Article 8252,maison,M02,coton,sport,premium,F022,images/REF08252.jpg
REF08253,Article 8253,bas,M04,laine,soiree,entree,F045,images/REF08253.jpg
REF08254,Article 8254,bas,M10,laine,ville,premium,F127,images/REF08254.jpg
REF08255,Article 8255,accessoire,M40,coton,sport,premium,F101,images/REF08255.jpg
REF08256,Article 8256,haut,M32,laine,sport,milieu,F069,images/REF08256.jpg
REF08257,Article 8257,haut,M29,synthetique,soiree,premium,F054,images/REF08257.jpg
REF08258,Article 8258,bas,M12,coton,ville,entree,F034,images/REF08258.jpg
REF08259,Article 8259,accessoire,M24,synthetique,ville,premium,F113,images/REF08259.jpg
REF08260,Article 8260,maison,M28,laine,ville,entree,F103,images/REF08260.jpg
REF08261,Article 8261,maison,M18,lin,sport,milieu,F051,images/REF08261.jpg
REF08262,Article 8262,maison,M10,lin,soiree,milieu,F029,images/REF08262.jpg
REF08263,Article 8263,maison,M17,coton,soiree,premium,F044,images/REF08263.jpg
REF08264,Article 8264,maison,M09,laine,soiree,entree,F017,images/REF08264.jpg
REF08265,Article 8265,maison,M13,coton,soiree,premium,F087,images/REF08265.jpg
REF08266,Article 8266,bas,M10,synthetique,soiree,milieu,F110,images/REF08266.jpg
REF08267,Article 8267,haut,M11,laine,ville,premium,F116,images/REF08267.jpg
REF08268,Article 8268,maison,M13,laine,sport,premium,F002,images/REF08268.jpg
REF08269,Article 8269,maison,M24,synthetique,soiree,entree,F050,images/REF08269.jpg
REF08270,Article 8270,haut,M31,lin,soiree,premium,F091,images/REF08270.jpg
REF08271,Article 8271,accessoire,M34,synthetique,sport,premium,F024,images/REF08271.jpg
REF08272,Article 8272,haut,M33,coton,soiree,entree,F028,images/REF08272.jpg
REF08273,Article 8273,maison,M14,coton,sport,milieu,F121,images/REF08273.jpg
REF08274,Article 8274,accessoire,M09,lin,sport,premium,F116,images/REF08274.jpg
REF08275,Article 8275,maison,M20,coton,sport,premium,F084,images/REF08275.jpg
REF08276,Article 8276,accessoire,M33,synthetique,sport,premium,F123,images/REF08276.jpg
REF08277,Article 8277,maison,M04,lin,soiree,entree,F104,images/REF08277.jpg
REF08278,Article 8278,bas,M08,lin,ville,premium,F081,images/REF08278.jpg
REF08279,Article 8279,haut,M08,coton,soiree,entree,F127,images/REF08279.jpg
REF08280,Article 8280,maison,M38,laine,ville,milieu,F129,images/REF08280.jpg
REF08281,Article 8281,bas,M25,synthetique,ville,entree,F115,images/REF08281.jpg
REF08282,Article 8282,bas,M07,synthetique,soiree,milieu,F034,images/REF08282.jpg
REF08283,Article 8283,haut,M29,lin,ville,milieu,F097,images/REF08283.jpg
REF08284,Article 8284,bas,M35,laine,soiree,entree,F119,images/REF08284.jpg
REF08285,Article 8285,haut,M37,laine,soiree,milieu,F011,images/REF08285.jpg
REF08286,Article 8286,haut,M38,coton,soiree,entree,F140,images/REF08286.jpg
REF08287,Article 8287,haut,M18,coton,soiree,entree,F040,images/REF08287.jpg
REF08288,Article 8288,accessoire,M08,synthetique,soiree,milieu,F115,images/REF08288.jpg
REF08289,Article 8289,accessoire,M19,laine,soiree,milieu,F103,images/REF08289.jpg
REF08290,Article 8290,maison,M20,laine,ville,milieu,F104,images/REF08290.jpg
REF08291,Article 8291,bas,M34,coton,ville,entree,F108,images/REF08291.jpg
REF08292,Article 8292,maison,M27,coton,sport,milieu,F002,images/REF08292.jpg
REF08293,Article 8293,bas,M21,coton,sport,premium,F110,images/REF08293.jpg
REF08294,Article 8294,accessoire,M18,synthetique,ville,entree,F002,images/REF08294.jpg
REF08295,Article 8295,maison,M24,synthetique,sport,milieu,F067,images/REF08295.jpg
REF08296,Article 8296,haut,M40,lin,ville,milieu,F087,images/REF08296.jpg
REF08297,Article 8297,bas,M29,laine,ville,premium,F088,images/REF08297.jpg
REF08298,Article 8298,bas,M01,synthetique,ville,entree,F098,images/REF08298.jpg
REF08299,Article 8299,maison,M06,laine,soiree,milieu,F039,images/REF08299.jpg
REF08300,Article 8300,haut,M18,coton,sport,entree,F060,images/REF08300.jpg
REF08301,Article 8301,bas,M36,laine,ville,premium,F051,images/REF08301.jpg
REF08302,Article 8302,bas,M37,lin,sport,premium,F114,images/REF08302.jpg
REF08303,Article 8303,maison,M35,coton,sport,entree,F131,images/REF08303.jpg
REF08304,Article 8304,haut,M16,synthetique,ville,milieu,F018,images/REF08304.jpg
REF08305,Article 8305,haut,M35,lin,sport,milieu,F014,images/REF08305.jpg
REF08306,Article 8306,accessoire,M29,lin,sport,milieu,F092,images/REF08306.jpg
REF08307,Article 8307,haut,M33,lin,sport,premium,F062,images/REF08307.jpg
REF08308,Article 8308,bas,M01,laine,soiree,milieu,F028,images/REF08308.jpg
REF08309,Article 8309,accessoire,M07,synthetique,sport,entree,F035,images/REF08309.jpg
REF08310,Article 8310,accessoire,M20,synthetique,soiree,milieu,F081,images/REF08310.jpg
REF08311,Article 8311,bas,M26,coton,sport,premium,F019,images/REF08311.jpg
REF08312,Article 8312,maison,M04,coton,sport,milieu,F058,images/REF08312.jpg
REF08313,Article 8313,haut,M40,coton,sport,entree,F043,images/REF08313.jpg
REF08314,Article 8314,haut,M18,laine,soiree,milieu,F050,images/REF08314.jpg
REF08315,Article 8315,haut,M19,synthetique,ville,milieu,F096,images/REF08315.jpg
REF08316,Article 8316,bas,M06,lin,soiree,milieu,F008,images/REF08316.jpg
REF08317,Article 8317,maison,M13,lin,sport,premium,F127,images/REF08317.jpg
REF08318,Article 8318,bas,M20,laine,ville,premium,F120,images/REF08318.jpg
REF08319,Article 8319,bas,M29,laine,soiree,entree,F008,images/REF08319.jpg
REF08320,Article 8320,haut,M07,synthetique,sport,milieu,F065,images/REF08320.jpg
REF08321,Article 8321,maison,M26,laine,ville,milieu,F086,images/REF08321.jpg
REF08322,Article 8322,accessoire,M30,laine,sport,milieu,F135,images/REF08322.jpg
REF08323,Article 8323,bas,M18,lin,sport,premium,F106,images/REF08323.jpg
REF08324,Article 8324,accessoire,M21,coton,soiree,premium,F090,images/REF08324.jpg
REF08325,Article 8325,haut,M34,laine,soiree,milieu,F013,images/REF08325.jpg
REF08326,Article 8326,accessoire,M27,coton,ville,premium,F133,images/REF08326.jpg
REF08327,Article 8327,bas,M17,synthetique,ville,entree,F048,images/REF08327.jpg
REF08328,Article 8328,maison,M29,synthetique,soiree,entree,F051,images/REF08328.jpg
REF08329,Article 8329,haut,M15,synthetique,ville,premium,F089,images/REF08329.jpg
REF08330,Article 8330,accessoire,M17,lin,sport,milieu,F107,images/REF08330.jpg
REF08331,Article 8331,haut,M06,laine,soiree,entree,F039,images/REF08331.jpg
REF08332,Article 8332,accessoire,M01,laine,ville,premium,F022,images/REF08332.jpg
REF08333,Article 8333,haut,M03,coton,ville,milieu,F009,images/REF08333.jpg
REF08334,Article 8334,maison,M30,lin,sport,premium,F063,images/REF08334.jpg
REF08335,Article 8335,bas,M18,synthetique,sport,entree,F102,images/REF08335.jpg
REF08336,Article 8336,maison,M14,lin,ville,premium,F122,images/REF08336.jpg
REF08337,Article 8337,maison,M39,coton,sport,premium,F069,images/REF08337.jpg
REF08338,Article 8338,accessoire,M20,lin,ville,milieu,F022,images/REF08338.jpg
REF08339,Article 8339,bas,M05,synthetique,ville,milieu,F100,images/REF08339.jpg
REF08340,Article 8340,accessoire,M24,laine,soiree,premium,F113,images/REF08340.jpg
REF08341,Article 8341,maison,M21,laine,ville,milieu,F036,images/REF08341.jpg
REF08342,Article 8342,bas,M39,laine,ville,milieu,F112,images/REF08342.jpg
REF08343,Article 8343,haut,M21,lin,sport,milieu,F014,images/REF08343.jpg
REF08344,Article 8344,bas,M32,lin,soiree,premium,F061,images/REF08344.jpg
REF08345,Article 8345,bas,M29,lin,soiree,entree,F089,images/REF08345.jpg
REF08346,Article 8346,bas,M35,laine,sport,premium,F020,images/REF08346.jpg
REF08347,Article 8347,maison,M33,synthetique,sport,milieu,F003,images/REF08347.jpg
REF08348,Article 8348,accessoire,M21,laine,soiree,milieu,F110,images/REF08348.jpg
REF08349,Article 8349,bas,M09,lin,ville,premium,F065,images/REF08349.jpg
REF08350,Article 8350,haut,M24,lin,sport,milieu,F062,images/REF08350.jpg
REF08351,Article 8351,accessoire,M13,laine,soiree,premium,F016,images/REF08351.jpg
REF08352,Article 8352,accessoire,M14,synthetique,sport,milieu,F026,images/REF08352.jpg
REF08353,Article 8353,haut,M32,synthetique,sport,entree,F125,images/REF08353.jpg
REF08354,Article 8354,bas,M18,lin,sport,premium,F131,images/REF08354.jpg
REF08355,Article 8355,accessoire,M26,coton,soiree,entree,F025,images/REF08355.jpg
REF08356,Article 8356,bas,M31,synthetique,sport,entree,F038,images/REF08356.jpg
REF08357,Article 8357,maison,M09,synthetique,sport,entree,F097,images/REF08357.jpg
REF08358,Article 8358,bas,M20,synthetique,sport,milieu,F123,images/REF08358.jpg
REF08359,Article 8359,haut,M32,coton,ville,premium,F103,images/REF08359.jpg
REF08360,Article 8360,maison,M34,laine,soiree,milieu,F057,images/REF08360.jpg
REF08361,Article 8361,haut,M15,synthetique,ville,milieu,F082,images/REF08361.jpg
REF08362,Article 8362,haut,M24,laine,sport,premium,F011,images/REF08362.jpg
REF08363,Article 8363,accessoire,M10,coton,ville,premium,F049,images/REF08363.jpg
REF08364,Article 8364,maison,M32,synthetique,soiree,entree,F002,images/REF08364.jpg
REF08365,Article 8365,bas,M20,laine,sport,premium,F129,images/REF08365.jpg
REF08366,Article 8366,haut,M25,coton,soiree,premium,F038,images/REF08366.jpg
REF08367,Article 8367,bas,M08,coton,soiree,premium,F127,images/REF08367.jpg
REF08368,Article 8368,accessoire,M26,coton,soiree,milieu,F140,images/REF08368.jpg
REF08369,Article 8369,maison,M18,laine,sport,milieu,F134,images/REF08369.jpg
REF08370,Article 8370,haut,M18,coton,sport,premium,F119,images/REF08370.jpg
REF08371,Article 8371,maison,M18,laine,soiree,premium,F135,images/REF08371.jpg
REF08372,Article 8372,accessoire,M31,synthetique,ville,milieu,F107,images/REF08372.jpg
REF08373,Article 8373,accessoire,M37,coton,sport,premium,F077,images/REF08373.jpg
REF08374,Article 8374,maison,M08,coton,ville,milieu,F030,images/REF08374.jpg
REF08375,Article 8375,maison,M15,synthetique,sport,premium,F042,images/REF08375.jpg
REF08376,Article 8376,bas,M35,coton,soiree,premium,F051,images/REF08376.jpg
REF08377,Article 8377,haut,M31,synthetique,soiree,milieu,F088,images/REF08377.jpg
REF08378,Article 8378,bas,M08,synthetique,ville,premium,F063,images/REF08378.jpg
REF08379,Article 8379,accessoire,M15,synthetique,soiree,entree,F114,images/REF08379.jpg
REF08380,Article 8380,maison,M18,synthetique,ville,entree,F039,images/REF08380.jpg
REF08381,Article 8381,maison,M05,synthetique,sport,premium,F076,images/REF08381.jpg
REF08382,Article 8382,accessoire,M23,coton,sport,milieu,F092,images/REF08382.jpg
REF08383,Article 8383,haut,M24,coton,ville,premium,F014,images/REF08383.jpg
REF08384,Article 8384,bas,M11,coton,soiree,premium,F095,images/REF08384.jpg
REF08385,Article 8385,bas,M22,coton,ville,premium,F133,images/REF08385.jpg
REF08386,Article 8386,haut,M38,laine,soiree,milieu,F003,images/REF08386.jpg
REF08387,Article 8387,bas,M22,lin,sport,entree,F129,images/REF08387.jpg
REF08388,Article 8388,maison,M01,coton,sport,milieu,F030,images/REF08388.jpg
REF08389,Article 8389,bas,M23,coton,soiree,milieu,F049,images/REF08389.jpg
REF08390,Article 8390,accessoire,M12,synthetique,ville,entree,F020,images/REF08390.jpg
REF08391,Article 8391,haut,M06,laine,soiree,premium,F036,images/REF08391.jpg
REF08392,Article 8392,bas,M24,synthetique,sport,premium,F050,images/REF08392.jpg
REF08393,Article 8393,maison,M22,coton,ville,premium,F005,images/REF08393.jpg
REF08394,Article 8394,accessoire,M17,lin,soiree,entree,F006,images/REF08394.jpg
REF08395,Article 8395,haut,M03,synthetique,sport,entree,F057,images/REF08395.jpg
REF08396,Article 8396,haut,M21,lin,soiree,premium,F074,images/REF08396.jpg
REF08397,Article 8397,bas,M05,lin,soiree,entree,F058,images/REF08397.jpg
REF08398,Article 8398,maison,M40,coton,soiree,milieu,F138,images/REF08398.jpg
REF08399,Article 8399,haut,M34,laine,soiree,milieu,F130,images/REF08399.jpg
REF08400,Article 8400,maison,M11,synthetique,soiree,premium,F002,images/REF08400.jpg
REF08401,Article 8401,maison,M05,laine,sport,milieu,F122,images/REF08401.jpg
REF08402,Article 8402,accessoire,M11,synthetique,ville,milieu,F138,images/REF08402.jpg
REF08403,Article 8403,maison,M08,coton,ville,premium,F135,images/REF08403.jpg
REF08404,Article 8404,accessoire,M12,lin,soiree,milieu,F089,images/REF08404.jpg
REF08405,Article 8405,bas,M25,coton,sport,milieu,F001,images/REF08405.jpg
REF08406,Article 8406,haut,M10,laine,sport,entree,F042,images/REF08406.jpg
REF08407,Article 8407,maison,M14,synthetique,ville,entree,F071,images/REF08407.jpg
REF08408,Article 8408,maison,M17,synthetique,ville,entree,F110,images/REF08408.jpg
REF08409,Article 8409,accessoire,M36,lin,ville,milieu,F005,images/REF08409.jpg
REF08410,Article 8410,accessoire,M17,coton,sport,premium,F074,images/REF08410.jpg
REF08411,Article 8411,accessoire,M37,synthetique,sport,milieu,F071,images/REF08411.jpg
REF08412,Article 8412,maison,M29,laine,sport,premium,F018,images/REF08412.jpg
REF08413,Article 8413,maison,M31,lin,sport,milieu,F059,images/REF08413.jpg
REF08414,Article 8414,accessoire,M29,lin,ville,milieu,F052,images/REF08414.jpg
REF08415,Article 8415,maison,M14,coton,sport,entree,F049,images/REF08415.jpg
REF08416,Article 8416,maison,M12,coton,sport,entree,F032,images/REF08416.jpg
REF08417,Article 8417,maison,M30,synthetique,ville,entree,F013,images/REF08417.jpg
REF08418,Article 8418,maison,M40,synthetique,ville,premium,F002,images/REF08418.jpg
REF08419,Article 8419,maison,M31,laine,sport,entree,F072,images/REF08419.jpg
REF08420,Article 8420,accessoire,M11,lin,ville,premium,F099,images/REF08420.jpg
REF08421,Article 8421,bas,M33,laine,soiree,entree,F036,images/REF08421.jpg
REF08422,Article 8422,accessoire,M33,laine,ville,premium,F108,images/REF08422.jpg
REF08423,Article 8423,haut,M30,coton,ville,entree,F019,images/REF08423.jpg
REF08424,Article 8424,bas,M20,coton,ville,milieu,F098,images/REF08424.jpg
REF08425,Article 8425,haut,M11,laine,soiree,premium,F037,images/REF08425.jpg
REF08426,Article 8426,bas,M36,synthetique,sport,milieu,F091,images/REF08426.jpg
REF08427,Article 8427,accessoire,M10,coton,ville,milieu,F071,images/REF08427.jpg
REF08428,Article 8428,maison,M10,coton,sport,premium,F002,images/REF08428.jpg
REF08429,Article 8429,accessoire,M26,lin,ville,premium,F052,images/REF08429.jpg
REF08430,Article 8430,maison,M15,coton,sport,milieu,F008,images/REF08430.jpg
REF08431,Article 8431,maison,M14,coton,soiree,entree,F007,images/REF08431.jpg
REF08432,Article 8432,bas,M12,lin,sport,entree,F124,images/REF08432.jpg
REF08433,Article 8433,accessoire,M31,lin,sport,entree,F057,images/REF08433.jpg
REF08434,Article 8434,haut,M32,coton,soiree,milieu,F118,images/REF08434.jpg
REF08435,Article 8435,haut,M26,coton,soiree,premium,F101,images/REF08435.jpg
REF08436,Article 8436,maison,M35,lin,ville,premium,F033,images/REF08436.jpg
REF08437,Article 8437,accessoire,M21,synthetique,sport,milieu,F035,images/REF08437.jpg
REF08438,Article 8438,haut,M08,lin,sport,milieu,F035,images/REF08438.jpg
REF08439,Article 8439,accessoire,M20,synthetique,sport,premium,F107,images/REF08439.jpg
REF08440,Article 8440,accessoire,M24,laine,sport,entree,F071,images/REF08440.jpg
REF08441,Article 8441,maison,M30,laine,ville,milieu,F063,images/REF08441.jpg
REF08442,Article 8442,accessoire,M02,laine,sport,entree,F063,images/REF08442.jpg
REF08443,Article 8443,bas,M28,coton,ville,entree,F123,images/REF08443.jpg
REF08444,Article 8444,bas,M31,laine,sport,entree,F040,images/REF08444.jpg
REF08445,Article 8445,haut,M26,synthetique,ville,entree,F135,images/REF08445.jpg
REF08446,Article 8446,maison,M11,synthetique,ville,entree,F113,images/REF08446.jpg
REF08447,Article 8447,bas,M21,coton,ville,milieu,F029,images/REF08447.jpg
REF08448,Article 8448,accessoire,M04,lin,sport,milieu,F095,images/REF08448.jpg
REF08449,Article 8449,haut,M17,laine,soiree,entree,F028,images/REF08449.jpg
REF08450,Article 8450,maison,M40,laine,ville,premium,F008,images/REF08450.jpg
REF08451,Article 8451,accessoire,M37,laine,sport,entree,F011,images/REF08451.jpg
REF08452,Article 8452,accessoire,M29,lin,soiree,milieu,F064,images/REF08452.jpg
REF08453,Article 8453,maison,M23,lin,ville,milieu,F139,images/REF08453.jpg
REF08454,Article 8454,accessoire,M10,lin,sport,entree,F032,images/REF08454.jpg
REF08455,Article 8455,bas,M37,lin,ville,entree,F131,images/REF08455.jpg
REF08456,Article 8456,haut,M33,lin,sport,premium,F050,images/REF08456.jpg
REF08457,Article 8457,bas,M15,laine,ville,entree,F138,images/REF08457.jpg
REF08458,Article 8458,maison,M02,lin,sport,premium,F083,images/REF08458.jpg
REF08459,Article 8459,bas,M37,synthetique,sport,premium,F110,images/REF08459.jpg
REF08460,Article 8460,haut,M15,coton,ville,entree,F115,images/REF08460.jpg
REF08461,Article 8461,haut,M07,synthetique,ville,premium,F127,images/REF08461.jpg
REF08462,Article 8462,bas,M07,coton,sport,entree,F048,images/REF08462.jpg
REF08463,Article 8463,bas,M13,laine,ville,premium,F009,images/REF08463.jpg
REF08464,Article 8464,accessoire,M22,synthetique,ville,milieu,F136,images/REF08464.jpg
REF08465,Article 8465,haut,M02,laine,sport,premium,F031,images/REF08465.jpg
REF08466,Article 8466,accessoire,M23,coton,sport,milieu,F095,images/REF08466.jpg
REF08467,Article 8467,bas,M12,coton,ville,premium,F047,images/REF08467.jpg
REF08468,Article 8468,maison,M31,coton,soiree,entree,F043,images/REF08468.jpg
REF08469,Article 8469,maison,M10,lin,sport,milieu,F018,images/REF08469.jpg
REF08470,Article 8470,maison,M38,lin,soiree,entree,F022,images/REF08470.jpg
REF08471,Article 8471,haut,M36,lin,sport,premium,F022,images/REF08471.jpg
REF08472,Article 8472,maison,M14,synthetique,ville,entree,F138,images/REF08472.jpg
REF08473,Article 8473,bas,M15,laine,soiree,premium,F010,images/REF08473.jpg
REF08474,Article 8474,maison,M02,synthetique,soiree,entree,F092,images/REF08474.jpg
REF08475,Article 8475,accessoire,M24,lin,sport,entree,F022,images/REF08475.jpg
REF08476,Article 8476,bas,M17,laine,soiree,entree,F108,images/REF08476.jpg
REF08477,Article 8477,bas,M29,lin,ville,entree,F098,images/REF08477.jpg
REF08478,Article 8478,accessoire,M28,lin,sport,milieu,F032,images/REF08478.jpg
REF08479,Article 8479,bas,M24,laine,soiree,premium,F072,images/REF08479.jpg
REF08480,Article 8480,haut,M19,laine,sport,entree,F127,images/REF08480.jpg
REF08481,Article 8481,maison,M35,coton,sport,milieu,F112,images/REF08481.jpg
REF08482,Article 8482,bas,M11,laine,sport,entree,F029,images/REF08482.jpg
REF08483,Article 8483,bas,M18,synthetique,sport,premium,F037,images/REF08483.jpg
REF08484,Article 8484,maison,M25,lin,soiree,premium,F023,images/REF08484.jpg
REF08485,Article 8485,maison,M34,synthetique,sport,premium,F070,images/REF08485.jpg
REF08486,Article 8486,accessoire,M23,lin,sport,premium,F016,images/REF08486.jpg
REF08487,Article 8487,bas,M29,coton,ville,premium,F138,images/REF08487.jpg
REF08488,Article 8488,maison,M24,synthetique,ville,milieu,F016,images/REF08488.jpg
REF08489,Article 8489,maison,M15,synthetique,sport,entree,F108,images/REF08489.jpg
REF08490,Article 8490,haut,M38,laine,ville,premium,F088,images/REF08490.jpg
REF08491,Article 8491,haut,M11,coton,sport,premium,F009,images/REF08491.jpg
REF08492,Article 8492,accessoire,M35,coton,sport,premium,F129,images/REF08492.jpg
REF08493,Article 8493,accessoire,M30,laine,ville,premium,F079,images/REF08493.jpg
REF08494,Article 8494,haut,M05,coton,sport,premium,F019,images/REF08494.jpg
REF08495,Article 8495,bas,M23,laine,soiree,premium,F012,images/REF08495.jpg
REF08496,Article 8496,accessoire,M30,laine,sport,premium,F047,images/REF08496.jpg
REF08497,Article 8497,haut,M25,synthetique,ville,entree,F108,images/REF08497.jpg
REF08498,Article 8498,maison,M15,lin,soiree,entree,F136,images/REF08498.jpg
REF08499,Article 8499,accessoire,M35,synthetique,ville,milieu,F126,images/REF08499.jpg
REF08500,Article 8500,bas,M26,coton,ville,entree,F034,images/REF08500.jpg
REF08501,Article 8501,accessoire,M25,synthetique,soiree,milieu,F104,images/REF08501.jpg
REF08502,Article 8502,haut,M17,laine,ville,milieu,F025,images/REF08502.jpg
REF08503,Article 8503,maison,M28,laine,soiree,premium,F074,images/REF08503.jpg
REF08504,Article 8504,bas,M39,synthetique,ville,milieu,F062,images/REF08504.jpg
REF08505,Article 8505,maison,M07,lin,sport,entree,F065,images/REF08505.jpg
REF08506,Article 8506,haut,M33,coton,soiree,premium,F111,images/REF08506.jpg
REF08507,Article 8507,accessoire,M34,synthetique,soiree,entree,F129,images/REF08507.jpg
REF08508,Article 8508,bas,M28,synthetique,sport,milieu,F078,images/REF08508.jpg
REF08509,Article 8509,accessoire,M16,lin,sport,entree,F102,images/REF08509.jpg
REF08510,Article 8510,maison,M11,coton,ville,milieu,F090,images/REF08510.jpg
REF08511,Article 8511,haut,M10,coton,soiree,milieu,F076,images/REF08511.jpg
REF08512,Article 8512,maison,M05,synthetique,soiree,premium,F045,images/REF08512.jpg
REF08513,Article 8513,haut,M09,coton,ville,milieu,F127,images/REF08513.jpg
REF08514,Article 8514,bas,M06,lin,sport,premium,F026,images/REF08514.jpg
REF08515,Article 8515,accessoire,M09,synthetique,ville,entree,F061,images/REF08515.jpg
REF08516,Article 8516,haut,M23,lin,ville,premium,F054,images/REF08516.jpg
REF08517,Article 8517,haut,M07,synthetique,sport,milieu,F125,images/REF08517.jpg
REF08518,Article 8518,haut,M16,laine,sport,entree,F112,images/REF08518.jpg
REF08519,Article 8519,bas,M21,laine,ville,premium,F047,images/REF08519.jpg
REF08520,Article 8520,bas,M40,laine,ville,entree,F077,images/REF08520.jpg
REF08521,Article 8521,accessoire,M21,laine,ville,premium,F069,images/REF08521.jpg
REF08522,Article 8522,bas,M17,synthetique,ville,premium,F022,images/REF08522.jpg
REF08523,Article 8523,accessoire,M09,synthetique,ville,entree,F105,images/REF08523.jpg
REF08524,Article 8524,haut,M09,synthetique,sport,premium,F080,images/REF08524.jpg
REF08525,Article 8525,accessoire,M21,coton,soiree,milieu,F070,images/REF08525.jpg
REF08526,Article 8526,maison,M39,synthetique,soiree,entree,F061,images/REF08526.jpg
REF08527,Article 8527,maison,M29,coton,ville,entree,F022,images/REF08527.jpg
REF08528,Article 8528,bas,M21,coton,soiree,milieu,F036,images/REF08528.jpg
REF08529,Article 8529,maison,M13,coton,sport,milieu,F058,images/REF08529.jpg
REF08530,Article 8530,haut,M32,lin,ville,milieu,F128,images/REF08530.jpg
REF08531,Article 8531,maison,M16,synthetique,soiree,premium,F068,images/REF08531.jpg
REF08532,Article 8532,haut,M11,synthetique,sport,premium,F030,images/REF08532.jpg
REF08533,Article 8533,maison,M24,lin,sport,milieu,F136,images/REF08533.jpg
REF08534,Article 8534,accessoire,M22,synthetique,sport,premium,F084,images/REF08534.jpg
REF08535,Article 8535,haut,M21,synthetique,ville,entree,F002,images/REF08535.jpg
REF08536,Article 8536,bas,M31,lin,soiree,premium,F135,images/REF08536.jpg
REF08537,Article 8537,bas,M01,coton,sport,milieu,F064,images/REF08537.jpg
REF08538,Article 8538,bas,M40,synthetique,soiree,premium,F105,images/REF08538.jpg
REF08539,Article 8539,haut,M04,synthetique,sport,premium,F032,images/REF08539.jpg
REF08540,Article 8540,accessoire,M03,coton,sport,premium,F024,images/REF08540.jpg
REF08541,Article 8541,maison,M35,synthetique,sport,premium,F074,images/REF08541.jpg
REF08542,Article 8542,accessoire,M23,coton,sport,premium,F017,images/REF08542.jpg
REF08543,Article 8543,maison,M14,coton,soiree,entree,F020,images/REF08543.jpg
REF08544,Article 8544,bas,M32,lin,sport,milieu,F120,images/REF08544.jpg
REF08545,Article 8545,accessoire,M28,laine,ville,entree,F024,images/REF08545.jpg
REF08546,Article 8546,accessoire,M12,laine,soiree,milieu,F032,images/REF08546.jpg
REF08547,Article 8547,haut,M30,laine,ville,milieu,F064,images/REF08547.jpg
REF08548,Article 8548,bas,M15,coton,soiree,premium,F059,images/REF08548.jpg
REF08549,Article 8549,bas,M05,lin,sport,entree,F059,images/REF08549.jpg
REF08550,Article 8550,bas,M10,laine,soiree,premium,F042,images/REF08550.jpg
REF08551,Article 8551,haut,M05,coton,ville,premium,F073,images/REF08551.jpg
REF08552,Article 8552,accessoire,M07,coton,ville,entree,F127,images/REF08552.jpg
REF08553,Article 8553,accessoire,M39,laine,sport,entree,F012,images/REF08553.jpg
REF08554,Article 8554,haut,M13,coton,sport,milieu,F044,images/REF08554.jpg
REF08555,Article 8555,accessoire,M38,lin,sport,milieu,F024,images/REF08555.jpg
REF08556,Article 8556,bas,M29,lin,soiree,milieu,F116,images/REF08556.jpg
REF08557,Article 8557,bas,M37,laine,ville,entree,F134,images/REF08557.jpg
REF08558,Article 8558,bas,M09,lin,ville,milieu,F122,images/REF08558.jpg
REF08559,Article 8559,haut,M02,lin,sport,milieu,F118,images/REF08559.jpg
REF08560,Article 8560,bas,M34,laine,sport,milieu,F111,images/REF08560.jpg
REF08561,Article 8561,bas,M16,synthetique,soiree,milieu,F047,images/REF08561.jpg
REF08562,Article 8562,accessoire,M08,synthetique,ville,premium,F080,images/REF08562.jpg
REF08563,Article 8563,maison,M12,lin,soiree,milieu,F067,images/REF08563.jpg
REF08564,Article 8564,accessoire,M18,coton,soiree,premium,F049,images/REF08564.jpg
REF08565,Article 8565,haut,M08,laine,soiree,premium,F055,images/REF08565.jpg
REF08566,Article 8566,accessoire,M38,synthetique,sport,milieu,F121,images/REF08566.jpg
REF08567,Article 8567,haut,M07,coton,sport,milieu,F080,images/REF08567.jpg
REF08568,Article 8568,maison,M32,synthetique,sport,premium,F064,images/REF08568.jpg
REF08569,Article 8569,haut,M30,coton,sport,entree,F054,images/REF08569.jpg
REF08570,Article 8570,accessoire,M37,lin,sport,premium,F066,images/REF08570.jpg
REF08571,Article 8571,maison,M39,coton,ville,premium,F108,images/REF08571.jpg
REF08572,Article 8572,haut,M03,coton,ville,milieu,F019,images/REF08572.jpg
REF08573,Article 8573,bas,M37,synthetique,soiree,entree,F047,images/REF08573.jpg
REF08574,Article 8574,haut,M13,synthetique,ville,milieu,F019,images/REF08574.jpg
REF08575,Article 8575,haut,M28,coton,soiree,milieu,F021,images/REF08575.jpg
REF08576,Article 8576,accessoire,M10,synthetique,ville,premium,F052,images/REF08576.jpg
REF08577,Article 8577,bas,M16,synthetique,soiree,premium,F020,images/REF08577.jpg
REF08578,Article 8578,haut,M33,synthetique,soiree,premium,F049,images/REF08578.jpg
REF08579,Article 8579,accessoire,M18,laine,ville,entree,F086,images/REF08579.jpg
REF08580,Article 8580,accessoire,M02,laine,soiree,entree,F058,images/REF08580.jpg
REF08581,Article 8581,accessoire,M40,coton,ville,premium,F055,images/REF08581.jpg
REF08582,Article 8582,haut,M12,synthetique,ville,premium,F069,images/REF08582.jpg
REF08583,Article 8583,maison,M21,coton,soiree,premium,F029,images/REF08583.jpg
REF08584,Article 8584,maison,M34,synthetique,soiree,milieu,F017,images/REF08584.jpg
REF08585,Article 8585,bas,M11,laine,ville,entree,F042,images/REF08585.jpg
REF08586,Article 8586,haut,M15,laine,ville,premium,F028,images/REF08586.jpg
REF08587,Article 8587,accessoire,M28,coton,ville,premium,F069,images/REF08587.jpg
REF08588,Article 8588,bas,M12,laine,ville,entree,F082,images/REF08588.jpg
REF08589,Article 8589,haut,M04,laine,sport,milieu,F052,images/REF08589.jpg
REF08590,Article 8590,haut,M13,synthetique,ville,entree,F034,images/REF08590.jpg
REF08591,Article 8591,haut,M34,synthetique,soiree,premium,F034,images/REF08591.jpg
REF08592,Article 8592,haut,M15,coton,ville,entree,F139,images/REF08592.jpg
REF08593,Article 8593,accessoire,M39,synthetique,ville,entree,F032,images/REF08593.jpg
REF08594,Article 8594,bas,M27,lin,sport,premium,F112,images/REF08594.jpg
REF08595,Article 8595,accessoire,M24,laine,soiree,milieu,F022,images/REF08595.jpg
REF08596,Article 8596,accessoire,M15,synthetique,soiree,premium,F115,images/REF08596.jpg
REF08597,Article 8597,maison,M17,synthetique,soiree,entree,F031,images/REF08597.jpg
REF08598,Article 8598,maison,M15,lin,ville,milieu,F070,images/REF08598.jpg
REF08599,Article 8599,haut,M30,coton,ville,premium,F098,images/REF08599.jpg
REF08600,Article 8600,haut,M32,laine,soiree,milieu,F107,images/REF08600.jpg
REF08601,Article 8601,haut,M29,coton,soiree,premium,F067,images/REF08601.jpg
REF08602,Article 8602,maison,M20,coton,sport,entree,F110,images/REF08602.jpg
REF08603,Article 8603,maison,M28,laine,soiree,milieu,F031,images/REF08603.jpg
REF08604,Article 8604,haut,M35,synthetique,sport,premium,F002,images/REF08604.jpg
REF08605,Article 8605,bas,M11,coton,soiree,premium,F062,images/REF08605.jpg
REF08606,Article 8606,bas,M13,synthetique,ville,entree,F091,images/REF08606.jpg
REF08607,Article 8607,maison,M15,synthetique,soiree,milieu,F008,images/REF08607.jpg
REF08608,Article 8608,maison,M07,laine,ville,premium,F125,images/REF08608.jpg
REF08609,Article 8609,haut,M12,coton,ville,milieu,F106,images/REF08609.jpg
REF08610,Article 8610,accessoire,M33,lin,ville,premium,F067,images/REF08610.jpg
REF08611,Article 8611,maison,M29,synthetique,sport,milieu,F011,images/REF08611.jpg
REF08612,Article 8612,bas,M14,lin,sport,milieu,F093,images/REF08612.jpg
REF08613,Article 8613,accessoire,M23,lin,sport,premium,F035,images/REF08613.jpg
REF08614,Article 8614,bas,M13,lin,soiree,premium,F043,images/REF08614.jpg
REF08615,Article 8615,maison,M38,lin,soiree,entree,F072,images/REF08615.jpg
REF08616,Article 8616,maison,M06,synthetique,ville,entree,F111,images/REF08616.jpg
REF08617,Article 8617,haut,M15,laine,soiree,premium,F124,images/REF08617.jpg
REF08618,Article 8618,maison,M35,synthetique,ville,premium,F128,images/REF08618.jpg
REF08619,Article 8619,maison,M25,laine,sport,premium,F120,images/REF08619.jpg
REF08620,Article 8620,haut,M38,lin,ville,milieu,F078,images/REF08620.jpg
REF08621,Article 8621,accessoire,M13,laine,ville,premium,F011,images/REF08621.jpg
REF08622,Article 8622,accessoire,M23,laine,soiree,entree,F061,images/REF08622.jpg
REF08623,Article 8623,bas,M30,laine,soiree,entree,F067,images/REF08623.jpg
REF08624,Article 8624,bas,M02,laine,soiree,milieu,F125,images/REF08624.jpg
REF08625,Article 8625,accessoire,M16,coton,ville,entree,F102,images/REF08625.jpg
REF08626,Article 8626,haut,M06,synthetique,sport,premium,F113,images/REF08626.jpg
REF08627,Article 8627,haut,M23,synthetique,sport,premium,F021,images/REF08627.jpg
REF08628,Article 8628,bas,M39,coton,soiree,milieu,F115,images/REF08628.jpg
REF08629,Article 8629,accessoire,M30,laine,sport,premium,F011,images/REF08629.jpg
REF08630,Article 8630,bas,M18,lin,sport,entree,F077,images/REF08630.jpg
REF08631,Article 8631,haut,M02,lin,sport,milieu,F101,images/REF08631.jpg
REF08632,Article 8632,accessoire,M21,coton,ville,entree,F018,images/REF08632.jpg
REF08633,Article 8633,accessoire,M40,laine,soiree,entree,F024,images/REF08633.jpg
REF08634,Article 8634,haut,M21,coton,soiree,premium,F048,images/REF08634.jpg
REF08635,Article 8635,maison,M10,coton,sport,milieu,F136,images/REF08635.jpg
REF08636,Article 8636,bas,M27,coton,soiree,entree,F102,images/REF08636.jpg
REF08637,Article 8637,haut,M40,synthetique,ville,premium,F045,images/REF08637.jpg
REF08638,Article 8638,bas,M20,synthetique,soiree,premium,F021,images/REF08638.jpg
REF08639,Article 8639,bas,M34,coton,sport,premium,F003,images/REF08639.jpg
REF08640,Article 8640,bas,M39,synthetique,soiree,entree,F112,images/REF08640.jpg
REF08641,Article 8641,accessoire,M18,synthetique,soiree,entree,F096,images/REF08641.jpg
REF08642,Article 8642,bas,M29,synthetique,sport,milieu,F051,images/REF08642.jpg
REF08643,Article 8643,accessoire,M09,synthetique,soiree,entree,F029,images/REF08643.jpg
REF08644,Article 8644,maison,M12,laine,soiree,premium,F012,images/REF08644.jpg
REF08645,Article 8645,bas,M19,synthetique,sport,milieu,F078,images/REF08645.jpg
REF08646,Article 8646,accessoire,M31,lin,ville,milieu,F087,images/REF08646.jpg
REF08647,Article 8647,bas,M23,coton,ville,premium,F039,images/REF08647.jpg
REF08648,Article 8648,bas,M14,laine,ville,milieu,F064,images/REF08648.jpg
REF08649,Article 8649,haut,M15,coton,sport,premium,F076,images/REF08649.jpg
REF08650,Article 8650,bas,M02,synthetique,sport,entree,F069,images/REF08650.jpg
REF08651,Article 8651,haut,M06,laine,ville,milieu,F092,images/REF08651.jpg
REF08652,Article 8652,bas,M22,coton,sport,milieu,F134,images/REF08652.jpg
REF08653,Article 8653,maison,M20,laine,soiree,milieu,F010,images/REF08653.jpg
REF08654,Article 8654,maison,M23,laine,sport,entree,F013,images/REF08654.jpg
REF08655,Article 8655,maison,M10,lin,sport,premium,F080,images/REF08655.jpg
REF08656,Article 8656,accessoire,M40,laine,sport,premium,F054,images/REF08656.jpg
REF08657,Article 8657,accessoire,M10,synthetique,soiree,milieu,F031,images/REF08657.jpg
REF08658,Article 8658,maison,M01,lin,ville,milieu,F028,images/REF08658.jpg
REF08659,Article 8659,accessoire,M16,coton,ville,entree,F105,images/REF08659.jpg
REF08660,Article 8660,haut,M14,synthetique,sport,premium,F120,images/REF08660.jpg
REF08661,Article 8661,haut,M21,laine,soiree,entree,F136,images/REF08661.jpg
REF08662,Article 8662,accessoire,M30,synthetique,soiree,entree,F016,images/REF08662.jpg
REF08663,Article 8663,accessoire,M23,synthetique,soiree,milieu,F140,images/REF08663.jpg
REF08664,Article 8664,accessoire,M10,laine,soiree,milieu,F090,images/REF08664.jpg
REF08665,Article 8665,accessoire,M39,synthetique,soiree,milieu,F100,images/REF08665.jpg
REF08666,Article 8666,maison,M07,laine,sport,premium,F022,images/REF08666.jpg
REF08667,Article 8667,maison,M01,coton,sport,premium,F122,images/REF08667.jpg
REF08668,Article 8668,haut,M15,laine,soiree,milieu,F084,images/REF08668.jpg
REF08669,Article 8669,maison,M30,laine,sport,milieu,F134,images/REF08669.jpg
REF08670,Article 8670,bas,M38,coton,sport,milieu,F118,images/REF08670.jpg
REF08671,Article 8671,maison,M38,lin,soiree,entree,F067,images/REF08671.jpg
REF08672,Article 8672,maison,M22,lin,soiree,milieu,F108,images/REF08672.jpg
REF08673,Article 8673,haut,M10,coton,soiree,entree,F046,images/REF08673.jpg
REF08674,Article 8674,accessoire,M40,lin,ville,premium,F025,images/REF08674.jpg
REF08675,Article 8675,accessoire,M31,laine,ville,milieu,F063,images/REF08675.jpg
REF08676,Article 8676,haut,M40,synthetique,soiree,premium,F044,images/REF08676.jpg
REF08677,Article 8677,haut,M38,lin,soiree,milieu,F038,images/REF08677.jpg
REF08678,Article 8678,bas,M22,synthetique,soiree,premium,F097,images/REF08678.jpg
REF08679,Article 8679,bas,M24,laine,ville,milieu,F053,images/REF08679.jpg
REF08680,Article 8680,accessoire,M32,synthetique,soiree,premium,F096,images/REF08680.jpg
REF08681,Article 8681,accessoire,M39,coton,sport,entree,F016,images/REF08681.jpg
REF08682,Article 8682,haut,M21,synthetique,soiree,milieu,F092,images/REF08682.jpg
REF08683,Article 8683,haut,M34,laine,soiree,premium,F105,images/REF08683.jpg
REF08684,Article 8684,bas,M23,synthetique,ville,milieu,F006,images/REF08684.jpg
REF08685,Article 8685,maison,M20,synthetique,sport,entree,F058,images/REF08685.jpg
REF08686,Article 8686,bas,M38,synthetique,soiree,milieu,F098,images/REF08686.jpg
REF08687,Article 8687,maison,M08,laine,sport,premium,F134,images/REF08687.jpg
REF08688,Article 8688,maison,M35,lin,soiree,premium,F013,images/REF08688.jpg
REF08689,Article 8689,accessoire,M27,coton,sport,entree,F062,images/REF08689.jpg
REF08690,Article 8690,accessoire,M31,coton,ville,entree,F081,images/REF08690.jpg
REF08691,Article 8691,haut,M30,synthetique,soiree,entree,F094,images/REF08691.jpg
REF08692,Article 8692,accessoire,M09,synthetique,soiree,entree,F136,images/REF08692.jpg
REF08693,Article 8693,haut,M22,coton,soiree,milieu,F008,images/REF08693.jpg
REF08694,Article 8694,haut,M06,synthetique,ville,entree,F005,images/REF08694.jpg
REF08695,Article 8695,haut,M35,lin,ville,entree,F127,images/REF08695.jpg
REF08696,Article 8696,haut,M29,laine,sport,entree,F089,images/REF08696.jpg
REF08697,Article 8697,maison,M27,coton,sport,entree,F012,images/REF08697.jpg
REF08698,Article 8698,bas,M05,lin,ville,entree,F097,images/REF08698.jpg
REF08699,Article 8699,bas,M18,lin,ville,entree,F086,images/REF08699.jpg
REF08700,Article 8700,accessoire,M10,coton,sport,premium,F126,images/REF08700.jpg
REF08701,Article 8701,accessoire,M01,synthetique,sport,premium,F110,images/REF08701.jpg
REF08702,Article 8702,haut,M17,coton,sport,entree,F108,images/REF08702.jpg
REF08703,Article 8703,accessoire,M27,coton,ville,entree,F028,images/REF08703.jpg
REF08704,Article 8704,accessoire,M12,synthetique,sport,milieu,F048,images/REF08704.jpg
REF08705,Article 8705,bas,M13,coton,ville,premium,F039,images/REF08705.jpg
REF08706,Article 8706,haut,M17,synthetique,ville,premium,F002,images/REF08706.jpg
REF08707,Article 8707,accessoire,M17,coton,soiree,entree,F089,images/REF08707.jpg
REF08708,Article 8708,bas,M30,lin,ville,premium,F038,images/REF08708.jpg
REF08709,Article 8709,bas,M05,coton,ville,entree,F044,images/REF08709.jpg
REF08710,Article 8710,accessoire,M32,lin,sport,milieu,F005,images/REF08710.jpg
REF08711,Article 8711,haut,M08,lin,ville,entree,F122,images/REF08711.jpg
REF08712,Article 8712,bas,M26,coton,sport,milieu,F001,images/REF08712.jpg
REF08713,Article 8713,bas,M05,coton,sport,premium,F106,images/REF08713.jpg
REF08714,Article 8714,bas,M22,coton,ville,milieu,F105,images/REF08714.jpg
REF08715,Article 8715,maison,M26,synthetique,sport,milieu,F091,images/REF08715.jpg
REF08716,Article 8716,accessoire,M06,synthetique,sport,milieu,F133,images/REF08716.jpg
REF08717,Article 8717,maison,M07,coton,ville,premium,F091,images/REF08717.jpg
REF08718,Article 8718,haut,M03,coton,soiree,milieu,F092,images/REF08718.jpg
REF08719,Article 8719,accessoire,M22,synthetique,ville,premium,F131,images/REF08719.jpg
REF08720,Article 8720,accessoire,M01,lin,soiree,milieu,F047,images/REF08720.jpg
REF08721,Article 8721,maison,M07,coton,sport,premium,F006,images/REF08721.jpg
REF08722,Article 8722,maison,M13,synthetique,soiree,milieu,F010,images/REF08722.jpg
REF08723,Article 8723,accessoire,M22,lin,ville,milieu,F029,images/REF08723.jpg
REF08724,Article 8724,maison,M22,synthetique,sport,premium,F040,images/REF08724.jpg
REF08725,Article 8725,bas,M14,lin,sport,premium,F113,images/REF08725.jpg
REF08726,Article 8726,bas,M12,synthetique,ville,entree,F122,images/REF08726.jpg
REF08727,Article 8727,bas,M02,lin,soiree,entree,F090,images/REF08727.jpg
REF08728,Article 8728,accessoire,M30,coton,ville,premium,F032,images/REF08728.jpg
REF08729,Article 8729,accessoire,M40,coton,sport,premium,F130,images/REF08729.jpg
REF08730,Article 8730,haut,M15,synthetique,sport,premium,F092,images/REF08730.jpg
REF08731,Article 8731,bas,M32,coton,ville,premium,F026,images/REF08731.jpg
REF08732,Article 8732,accessoire,M26,synthetique,soiree,entree,F090,images/REF08732.jpg
REF08733,Article 8733,bas,M05,coton,ville,premium,F013,images/REF08733.jpg
REF08734,Article 8734,accessoire,M33,coton,soiree,premium,F129,images/REF08734.jpg
REF08735,Article 8735,haut,M28,laine,sport,milieu,F090,images/REF08735.jpg
REF08736,Article 8736,haut,M25,coton,sport,premium,F129,images/REF08736.jpg
REF08737,Article 8737,bas,M18,coton,ville,entree,F083,images/REF08737.jpg
REF08738,Article 8738,bas,M07,synthetique,sport,entree,F093,images/REF08738.jpg
REF08739,Article 8739,maison,M23,lin,sport,entree,F114,images/REF08739.jpg
REF08740,Article 8740,accessoire,M33,coton,ville,milieu,F012,images/REF08740.jpg
REF08741,Article 8741,bas,M07,laine,ville,milieu,F017,images/REF08741.jpg
REF08742,Article 8742,accessoire,M13,laine,soiree,milieu,F131,images/REF08742.jpg
REF08743,Article 8743,haut,M37,coton,soiree,entree,F131,images/REF08743.jpg
REF08744,Article 8744,accessoire,M39,coton,soiree,entree,F013,images/REF08744.jpg
REF08745,Article 8745,maison,M16,lin,sport,entree,F006,images/REF08745.jpg
REF08746,Article 8746,accessoire,M26,coton,sport,premium,F108,images/REF08746.jpg
REF08747,Article 8747,maison,M25,synthetique,soiree,premium,F065,images/REF08747.jpg
REF08748,Article 8748,maison,M39,synthetique,soiree,milieu,F010,images/REF08748.jpg
REF08749,Article 8749,haut,M23,coton,soiree,premium,F078,images/REF08749.jpg
REF08750,Article 8750,bas,M30,lin,ville,milieu,F017,images/REF08750.jpg
REF08751,Article 8751,accessoire,M29,synthetique,ville,premium,F116,images/REF08751.jpg
REF08752,Article 8752,haut,M19,coton,sport,entree,F009,images/REF08752.jpg
REF08753,Article 8753,accessoire,M39,coton,ville,entree,F092,images/REF08753.jpg
REF08754,Article 8754,maison,M11,laine,sport,premium,F131,images/REF08754.jpg
REF08755,Article 8755,bas,M33,coton,ville,premium,F126,images/REF08755.jpg
REF08756,Article 8756,haut,M31,laine,sport,entree,F018,images/REF08756.jpg
REF08757,Article 8757,maison,M23,synthetique,soiree,milieu,F005,images/REF08757.jpg
REF08758,Article 8758,accessoire,M16,laine,sport,milieu,F083,images/REF08758.jpg
REF08759,Article 8759,accessoire,M25,lin,soiree,entree,F040,images/REF08759.jpg
REF08760,Article 8760,accessoire,M13,laine,sport,premium,F105,images/REF08760.jpg
REF08761,Article 8761,haut,M19,coton,soiree,premium,F070,images/REF08761.jpg
REF08762,Article 8762,maison,M26,synthetique,soiree,entree,F093,images/REF08762.jpg
REF08763,Article 8763,haut,M21,laine,soiree,premium,F140,images/REF08763.jpg
REF08764,Article 8764,accessoire,M02,coton,soiree,entree,F122,images/REF08764.jpg
REF08765,Article 8765,maison,M32,lin,soiree,milieu,F053,images/REF08765.jpg
REF08766,Article 8766,accessoire,M21,laine,soiree,milieu,F087,images/REF08766.jpg
REF08767,Article 8767,maison,M15,synthetique,ville,premium,F100,images/REF08767.jpg
REF08768,Article 8768,maison,M25,lin,ville,premium,F005,images/REF08768.jpg
REF08769,Article 8769,haut,M37,laine,sport,premium,F122,images/REF08769.jpg
REF08770,Article 8770,maison,M33,synthetique,sport,entree,F120,images/REF08770.jpg
REF08771,Article 8771,accessoire,M29,synthetique,ville,entree,F120,images/REF08771.jpg
REF08772,Article 8772,bas,M14,lin,soiree,premium,F028,images/REF08772.jpg
REF08773,Article 8773,accessoire,M07,coton,sport,milieu,F126,images/REF08773.jpg
REF08774,Article 8774,maison,M29,laine,sport,entree,F116,images/REF08774.jpg
REF08775,Article 8775,bas,M03,laine,soiree,entree,F056,images/REF08775.jpg
REF08776,Article 8776,accessoire,M14,lin,soiree,premium,F023,images/REF08776.jpg
REF08777,Article 8777,accessoire,M27,lin,sport,milieu,F102,images/REF08777.jpg
REF08778,Article 8778,bas,M01,synthetique,sport,entree,F120,images/REF08778.jpg
REF08779,Article 8779,accessoire,M27,lin,ville,premium,F044,images/REF08779.jpg
REF08780,Article 8780,bas,M24,laine,ville,entree,F087,images/REF08780.jpg
REF08781,Article 8781,maison,M02,synthetique,ville,milieu,F029,images/REF08781.jpg
REF08782,Article 8782,bas,M15,lin,ville,premium,F125,images/REF08782.jpg
REF08783,Article 8783,bas,M08,coton,sport,milieu,F085,images/REF08783.jpg
REF08784,Article 8784,accessoire,M21,laine,soiree,entree,F103,images/REF08784.jpg
REF08785,Article 8785,maison,M27,coton,ville,premium,F014,images/REF08785.jpg
REF08786,Article 8786,maison,M13,lin,ville,premium,F131,images/REF08786.jpg
REF08787,Article 8787,maison,M35,coton,soiree,premium,F087,images/REF08787.jpg
REF08788,Article 8788,bas,M30,synthetique,ville,milieu,F079,images/REF08788.jpg
REF08789,Article 8789,haut,M38,coton,sport,premium,F044,images/REF08789.jpg
REF08790,Article 8790,accessoire,M10,coton,sport,milieu,F040,images/REF08790.jpg
REF08791,Article 8791,haut,M01,laine,soiree,milieu,F111,images/REF08791.jpg
REF08792,Article 8792,bas,M30,lin,ville,entree,F006,images/REF08792.jpg
REF08793,Article 8793,maison,M12,laine,ville,milieu,F043,images/REF08793.jpg
REF08794,Article 8794,bas,M22,coton,sport,milieu,F072,images/REF08794.jpg
REF08795,Article 8795,maison,M31,synthetique,ville,milieu,F054,images/REF08795.jpg
REF08796,Article 8796,bas,M33,lin,soiree,entree,F046,images/REF08796.jpg
REF08797,Article 8797,haut,M30,lin,sport,entree,F135,images/REF08797.jpg
REF08798,Article 8798,bas,M10,lin,ville,premium,F054,images/REF08798.jpg
REF08799,Article 8799,bas,M38,coton,soiree,milieu,F054,images/REF08799.jpg
REF08800,Article 8800,accessoire,M09,lin,ville,milieu,F081,images/REF08800.jpg
REF08801,Article 8801,haut,M10,lin,soiree,premium,F094,images/REF08801.jpg
REF08802,Article 8802,haut,M01,coton,ville,entree,F118,images/REF08802.jpg
REF08803,Article 8803,haut,M27,synthetique,ville,entree,F042,images/REF08803.jpg
REF08804,Article 8804,bas,M06,synthetique,sport,premium,F007,images/REF08804.jpg
REF08805,Article 8805,haut,M36,lin,ville,milieu,F102,images/REF08805.jpg
REF08806,Article 8806,accessoire,M35,lin,soiree,premium,F092,images/REF08806.jpg
REF08807,Article 8807,maison,M23,lin,ville,premium,F106,images/REF08807.jpg
REF08808,Article 8808,haut,M39,lin,ville,entree,F094,images/REF08808.jpg
REF08809,Article 8809,bas,M29,laine,soiree,milieu,F075,images/REF08809.jpg
REF08810,Article 8810,bas,M05,laine,soiree,premium,F035,images/REF08810.jpg
REF08811,Article 8811,accessoire,M14,coton,soiree,milieu,F083,images/REF08811.jpg
REF08812,Article 8812,maison,M11,synthetique,soiree,premium,F069,images/REF08812.jpg
REF08813,Article 8813,bas,M02,laine,soiree,milieu,F057,images/REF08813.jpg
REF08814,Article 8814,accessoire,M19,laine,soiree,premium,F061,images/REF08814.jpg
REF08815,Article 8815,haut,M27,synthetique,soiree,premium,F097,images/REF08815.jpg
REF08816,Article 8816,maison,M22,laine,sport,entree,F103,images/REF08816.jpg
REF08817,Article 8817,accessoire,M29,coton,sport,entree,F111,images/REF08817.jpg
REF08818,Article 8818,bas,M31,synthetique,sport,milieu,F097,images/REF08818.jpg
REF08819,Article 8819,accessoire,M35,laine,sport,milieu,F102,images/REF08819.jpg
REF08820,Article 8820,accessoire,M20,coton,ville,premium,F055,images/REF08820.jpg
REF08821,Article 8821,bas,M30,coton,ville,milieu,F031,images/REF08821.jpg
REF08822,Article 8822,bas,M01,coton,soiree,milieu,F005,images/REF08822.jpg
REF08823,Article 8823,haut,M02,coton,ville,entree,F040,images/REF08823.jpg
REF08824,Article 8824,haut,M24,laine,soiree,premium,F024,images/REF08824.jpg
REF08825,Article 8825,accessoire,M30,lin,soiree,entree,F130,images/REF08825.jpg
REF08826,Article 8826,maison,M06,synthetique,sport,premium,F092,images/REF08826.jpg
REF08827,Article 8827,haut,M31,lin,ville,premium,F081,images/REF08827.jpg
REF08828,Article 8828,bas,M13,laine,soiree,premium,F020,images/REF08828.jpg
REF08829,Article 8829,accessoire,M39,laine,soiree,milieu,F057,images/REF08829.jpg
REF08830,Article 8830,accessoire,M13,lin,soiree,premium,F003,images/REF08830.jpg
REF08831,Article 8831,accessoire,M01,synthetique,ville,milieu,F058,images/REF08831.jpg
REF08832,Article 8832,maison,M29,laine,ville,entree,F071,images/REF08832.jpg
REF08833,Article 8833,haut,M26,synthetique,ville,premium,F024,images/REF08833.jpg
REF08834,Article 8834,maison,M23,laine,soiree,milieu,F112,images/REF08834.jpg
REF08835,Article 8835,maison,M39,coton,soiree,entree,F014,images/REF08835.jpg
REF08836,Article 8836,bas,M30,laine,sport,entree,F114,images/REF08836.jpg
REF08837,Article 8837,accessoire,M29,coton,sport,premium,F005,images/REF08837.jpg
REF08838,Article 8838,maison,M33,lin,ville,premium,F132,images/REF08838.jpg
REF08839,Article 8839,haut,M36,laine,ville,milieu,F077,images/REF08839.jpg
REF08840,Article 8840,haut,M21,coton,sport,entree,F005,images/REF08840.jpg
REF08841,Article 8841,maison,M16,coton,sport,premium,F069,images/REF08841.jpg
REF08842,Article 8842,accessoire,M11,lin,sport,premium,F042,images/REF08842.jpg
REF08843,Article 8843,haut,M05,laine,ville,premium,F096,images/REF08843.jpg
REF08844,Article 8844,haut,M22,lin,soiree,premium,F037,images/REF08844.jpg
REF08845,Article 8845,accessoire,M13,laine,sport,milieu,F124,images/REF08845.jpg
REF08846,Article 8846,maison,M39,synthetique,soiree,milieu,F115,images/REF08846.jpg
REF08847,Article 8847,maison,M26,synthetique,soiree,entree,F056,images/REF08847.jpg
REF08848,Article 8848,haut,M33,laine,ville,milieu,F047,images/REF08848.jpg
REF08849,Article 8849,bas,M06,synthetique,soiree,entree,F084,images/REF08849.jpg
REF08850,Article 8850,accessoire,M03,laine,soiree,entree,F003,images/REF08850.jpg
REF08851,Article 8851,accessoire,M23,coton,soiree,premium,F049,images/REF08851.jpg
REF08852,Article 8852,accessoire,M35,laine,soiree,milieu,F048,images/REF08852.jpg
REF08853,Article 8853,accessoire,M26,lin,soiree,premium,F134,images/REF08853.jpg
REF08854,Article 8854,haut,M15,coton,soiree,milieu,F105,images/REF08854.jpg
REF08855,Article 8855,accessoire,M21,lin,soiree,premium,F039,images/REF08855.jpg
REF08856,Article 8856,accessoire,M36,lin,sport,milieu,F131,images/REF08856.jpg
REF08857,Article 8857,bas,M03,lin,ville,entree,F138,images/REF08857.jpg
REF08858,Article 8858,accessoire,M29,coton,soiree,milieu,F043,images/REF08858.jpg
REF08859,Article 8859,haut,M28,synthetique,sport,entree,F067,images/REF08859.jpg
REF08860,Article 8860,maison,M05,synthetique,soiree,milieu,F079,images/REF08860.jpg
REF08861,Article 8861,haut,M03,coton,ville,milieu,F087,images/REF08861.jpg
REF08862,Article 8862,maison,M26,lin,ville,milieu,F113,images/REF08862.jpg
REF08863,Article 8863,accessoire,M10,coton,soiree,entree,F008,images/REF08863.jpg
REF08864,Article 8864,haut,M26,coton,soiree,premium,F008,images/REF08864.jpg
REF08865,Article 8865,haut,M14,lin,sport,entree,F101,images/REF08865.jpg
REF08866,Article 8866,bas,M12,laine,ville,premium,F080,images/REF08866.jpg
REF08867,Article 8867,accessoire,M26,laine,sport,milieu,F087,images/REF08867.jpg
REF08868,Article 8868,bas,M27,synthetique,sport,milieu,F062,images/REF08868.jpg
REF08869,Article 8869,haut,M01,synthetique,ville,premium,F120,images/REF08869.jpg
REF08870,Article 8870,accessoire,M01,synthetique,ville,milieu,F072,images/REF08870.jpg
REF08871,Article 8871,haut,M19,coton,ville,premium,F038,images/REF08871.jpg
REF08872,Article 8872,haut,M20,coton,sport,premium,F067,images/REF08872.jpg
REF08873,Article 8873,maison,M34,lin,sport,entree,F109,images/REF08873.jpg
REF08874,Article 8874,accessoire,M27,coton,sport,entree,F064,images/REF08874.jpg
REF08875,Article 8875,bas,M27,lin,ville,entree,F082,images/REF08875.jpg
REF08876,Article 8876,haut,M05,synthetique,ville,entree,F043,images/REF08876.jpg
REF08877,Article 8877,bas,M08,laine,soiree,entree,F037,images/REF08877.jpg
REF08878,Article 8878,haut,M33,coton,sport,milieu,F074,images/REF08878.jpg
REF08879,Article 8879,haut,M37,synthetique,soiree,entree,F061,images/REF08879.jpg
REF08880,Article 8880,maison,M33,coton,soiree,entree,F138,images/REF08880.jpg
REF08881,Article 8881,bas,M07,synthetique,sport,milieu,F112,images/REF08881.jpg
REF08882,Article 8882,accessoire,M37,lin,ville,milieu,F091,images/REF08882.jpg
REF08883,Article 8883,bas,M33,lin,soiree,milieu,F098,images/REF08883.jpg
REF08884,Article 8884,maison,M40,synthetique,ville,premium,F028,images/REF08884.jpg
REF08885,Article 8885,bas,M14,laine,soiree,entree,F074,images/REF08885.jpg
REF08886,Article 8886,accessoire,M12,lin,soiree,milieu,F045,images/REF08886.jpg
REF08887,Article 8887,accessoire,M35,lin,soiree,premium,F102,images/REF08887.jpg
REF08888,Article 8888,maison,M03,lin,soiree,premium,F131,images/REF08888.jpg
REF08889,Article 8889,bas,M36,laine,soiree,entree,F068,images/REF08889.jpg
REF08890,Article 8890,bas,M04,laine,ville,milieu,F016,images/REF08890.jpg
REF08891,Article 8891,maison,M32,laine,ville,entree,F094,images/REF08891.jpg
REF08892,Article 8892,haut,M04,lin,ville,entree,F117,images/REF08892.jpg
REF08893,Article 8893,bas,M15,coton,sport,entree,F007,images/REF08893.jpg
REF08894,Article 8894,maison,M11,coton,soiree,entree,F005,images/REF08894.jpg
REF08895,Article 8895,haut,M15,coton,ville,milieu,F079,images/REF08895.jpg
REF08896,Article 8896,haut,M17,laine,ville,entree,F044,images/REF08896.jpg
REF08897,Article 8897,accessoire,M11,coton,sport,entree,F115,images/REF08897.jpg
REF08898,Article 8898,maison,M15,synthetique,ville,milieu,F064,images/REF08898.jpg
REF08899,Article 8899,accessoire,M23,synthetique,sport,milieu,F114,images/REF08899.jpg
REF08900,Article 8900,haut,M37,laine,soiree,entree,F034,images/REF08900.jpg
REF08901,Article 8901,maison,M06,synthetique,ville,milieu,F137,images/REF08901.jpg
REF08902,Article 8902,accessoire,M32,synthetique,soiree,premium,F062,images/REF08902.jpg
REF08903,Article 8903,maison,M26,laine,ville,premium,F081,images/REF08903.jpg
REF08904,Article 8904,bas,M05,laine,soiree,entree,F034,images/REF08904.jpg
REF08905,Article 8905,bas,M29,coton,soiree,premium,F059,images/REF08905.jpg
REF08906,Article 8906,accessoire,M02,synthetique,sport,premium,F002,images/REF08906.jpg
REF08907,Article 8907,maison,M22,lin,ville,entree,F083,images/REF08907.jpg
REF08908,Article 8908,haut,M22,lin,sport,premium,F131,images/REF08908.jpg
REF08909,Article 8909,bas,M02,coton,sport,milieu,F029,images/REF08909.jpg
REF08910,Article 8910,haut,M32,coton,soiree,premium,F015,images/REF08910.jpg
REF08911,Article 8911,haut,M09,synthetique,ville,entree,F055,images/REF08911.jpg
REF08912,Article 8912,bas,M05,synthetique,sport,entree,F092,images/REF08912.jpg
REF08913,Article 8913,haut,M40,laine,ville,entree,F076,images/REF08913.jpg
REF08914,Article 8914,maison,M31,synthetique,ville,milieu,F013,images/REF08914.jpg
REF08915,Article 8915,haut,M01,synthetique,ville,milieu,F050,images/REF08915.jpg
REF08916,Article 8916,bas,M15,laine,soiree,milieu,F129,images/REF08916.jpg
REF08917,Article 8917,accessoire,M22,synthetique,sport,premium,F123,images/REF08917.jpg
REF08918,Article 8918,haut,M30,laine,ville,premium,F010,images/REF08918.jpg
REF08919,Article 8919,accessoire,M22,synthetique,ville,premium,F132,images/REF08919.jpg
REF08920,Article 8920,maison,M02,synthetique,soiree,premium,F031,images/REF08920.jpg
REF08921,Article 8921,accessoire,M05,lin,soiree,premium,F126,images/REF08921.jpg
REF08922,Article 8922,haut,M10,lin,soiree,premium,F052,images/REF08922.jpg
REF08923,Article 8923,accessoire,M26,laine,sport,milieu,F026,images/REF08923.jpg
REF08924,Article 8924,bas,M30,laine,ville,entree,F012,images/REF08924.jpg
REF08925,Article 8925,maison,M20,synthetique,ville,milieu,F100,images/REF08925.jpg
REF08926,Article 8926,accessoire,M05,laine,ville,premium,F030,images/REF08926.jpg
REF08927,Article 8927,maison,M04,laine,sport,milieu,F041,images/REF08927.jpg
REF08928,Article 8928,bas,M39,laine,ville,entree,F122,images/REF08928.jpg
REF08929,Article 8929,haut,M35,lin,soiree,milieu,F004,images/REF08929.jpg
REF08930,Article 8930,accessoire,M04,lin,soiree,milieu,F014,images/REF08930.jpg
REF08931,Article 8931,accessoire,M29,coton,sport,entree,F020,images/REF08931.jpg
REF08932,Article 8932,bas,M04,coton,sport,premium,F117,images/REF08932.jpg
REF08933,Article 8933,bas,M10,synthetique,sport,milieu,F095,images/REF08933.jpg
REF08934,Article 8934,maison,M18,lin,soiree,premium,F131,images/REF08934.jpg
REF08935,Article 8935,accessoire,M14,lin,ville,milieu,F046,images/REF08935.jpg
REF08936,Article 8936,haut,M37,lin,ville,milieu,F083,images/REF08936.jpg
REF08937,Article 8937,maison,M03,coton,ville,milieu,F010,images/REF08937.jpg
REF08938,Article 8938,maison,M15,synthetique,ville,entree,F007,images/REF08938.jpg
REF08939,Article 8939,accessoire,M04,laine,ville,premium,F109,images/REF08939.jpg
REF08940,Article 8940,maison,M06,lin,ville,entree,F019,images/REF08940.jpg
REF08941,Article 8941,bas,M02,laine,soiree,milieu,F039,images/REF08941.jpg
REF08942,Article 8942,bas,M05,synthetique,ville,premium,F084,images/REF08942.jpg
REF08943,Article 8943,maison,M05,lin,soiree,premium,F010,images/REF08943.jpg
REF08944,Article 8944,haut,M24,lin,soiree,premium,F062,images/REF08944.jpg
REF08945,Article 8945,haut,M15,lin,soiree,premium,F116,images/REF08945.jpg
REF08946,Article 8946,maison,M04,laine,ville,milieu,F045,images/REF08946.jpg
REF08947,Article 8947,accessoire,M09,coton,sport,entree,F128,images/REF08947.jpg
REF08948,Article 8948,bas,M34,laine,ville,premium,F014,images/REF08948.jpg
REF08949,Article 8949,accessoire,M10,synthetique,sport,entree,F016,images/REF08949.jpg
REF08950,Article 8950,bas,M33,laine,ville,milieu,F010,images/REF08950.jpg
REF08951,Article 8951,accessoire,M22,laine,ville,milieu,F028,images/REF08951.jpg
REF08952,Article 8952,accessoire,M33,synthetique,ville,milieu,F078,images/REF08952.jpg
REF08953,Article 8953,accessoire,M05,laine,sport,entree,F133,images/REF08953.jpg
REF08954,Article 8954,accessoire,M13,lin,ville,premium,F079,images/REF08954.jpg
REF08955,Article 8955,haut,M13,synthetique,soiree,entree,F090,images/REF08955.jpg
REF08956,Article 8956,maison,M16,laine,sport,premium,F124,images/REF08956.jpg
REF08957,Article 8957,haut,M30,lin,soiree,milieu,F138,images/REF08957.jpg
REF08958,Article 8958,accessoire,M31,coton,soiree,milieu,F102,images/REF08958.jpg
REF08959,Article 8959,maison,M15,coton,sport,entree,F079,images/REF08959.jpg
REF08960,Article 8960,accessoire,M30,laine,soiree,premium,F056,images/REF08960.jpg
REF08961,Article 8961,maison,M05,synthetique,sport,milieu,F047,images/REF08961.jpg
REF08962,Article 8962,bas,M16,synthetique,soiree,milieu,F129,images/REF08962.jpg
REF08963,Article 8963,bas,M40,lin,ville,entree,F064,images/REF08963.jpg
REF08964,Article 8964,accessoire,M30,lin,ville,entree,F129,images/REF08964.jpg
REF08965,Article 8965,bas,M35,coton,soiree,premium,F003,images/REF08965.jpg
REF08966,Article 8966,maison,M38,lin,ville,premium,F115,images/REF08966.jpg
REF08967,Article 8967,haut,M19,synthetique,soiree,premium,F082,images/REF08967.jpg
REF08968,Article 8968,maison,M33,laine,ville,premium,F015,images/REF08968.jpg
REF08969,Article 8969,haut,M28,lin,soiree,premium,F140,images/REF08969.jpg
REF08970,Article 8970,accessoire,M33,coton,sport,milieu,F021,images/REF08970.jpg
REF08971,Article 8971,accessoire,M12,lin,ville,entree,F036,images/REF08971.jpg
REF08972,Article 8972,accessoire,M26,laine,sport,entree,F013,images/REF08972.jpg
REF08973,Article 8973,bas,M18,synthetique,ville,milieu,F025,images/REF08973.jpg
REF08974,Article 8974,bas,M16,laine,sport,entree,F047,images/REF08974.jpg
REF08975,Article 8975,bas,M15,lin,soiree,milieu,F037,images/REF08975.jpg
REF08976,Article 8976,bas,M28,laine,ville,premium,F032,images/REF08976.jpg
REF08977,Article 8977,maison,M14,synthetique,ville,premium,F092,images/REF08977.jpg
REF08978,Article 8978,haut,M07,synthetique,soiree,premium,F115,images/REF08978.jpg
REF08979,Article 8979,haut,M24,laine,soiree,entree,F006,images/REF08979.jpg
REF08980,Article 8980,bas,M37,synthetique,ville,entree,F115,images/REF08980.jpg
REF08981,Article 8981,maison,M27,laine,sport,premium,F039,images/REF08981.jpg
REF08982,Article 8982,haut,M27,synthetique,ville,milieu,F074,images/REF08982.jpg
REF08983,Article 8983,haut,M28,laine,sport,entree,F109,images/REF08983.jpg
REF08984,Article 8984,bas,M10,lin,soiree,premium,F127,images/REF08984.jpg
REF08985,Article 8985,accessoire,M10,synthetique,sport,entree,F080,images/REF08985.jpg
REF08986,Article 8986,bas,M04,lin,sport,premium,F066,images/REF08986.jpg
REF08987,Article 8987,accessoire,M01,coton,sport,milieu,F113,images/REF08987.jpg
REF08988,Article 8988,bas,M07,lin,ville,premium,F016,images/REF08988.jpg
REF08989,Article 8989,maison,M20,lin,ville,premium,F089,images/REF08989.jpg
REF08990,Article 8990,accessoire,M39,lin,ville,entree,F060,images/REF08990.jpg
REF08991,Article 8991,maison,M33,coton,sport,entree,F076,images/REF08991.jpg
REF08992,Article 8992,haut,M32,laine,sport,milieu,F098,images/REF08992.jpg
REF08993,Article 8993,bas,M19,lin,sport,milieu,F116,images/REF08993.jpg
REF08994,Article 8994,accessoire,M36,coton,soiree,entree,F028,images/REF08994.jpg
REF08995,Article 8995,bas,M02,laine,soiree,entree,F015,images/REF08995.jpg
REF08996,Article 8996,maison,M15,synthetique,ville,premium,F070,images/REF08996.jpg
REF08997,Article 8997,haut,M28,laine,sport,entree,F096,images/REF08997.jpg
REF08998,Article 8998,haut,M11,coton,sport,premium,F139,images/REF08998.jpg
REF08999,Article 8999,haut,M13,laine,ville,entree,F080,images/REF08999.jpg
REF09000,Article 9000,haut,M08,coton,ville,premium,F050,images/REF09000.jpg
REF09001,Article 9001,haut,M05,coton,soiree,premium,F028,images/REF09001.jpg
REF09002,Article 9002,haut,M14,coton,ville,premium,F112,images/REF09002.jpg
REF09003,Article 9003,bas,M19,synthetique,sport,premium,F060,images/REF09003.jpg
REF09004,Article 9004,accessoire,M01,synthetique,sport,milieu,F117,images/REF09004.jpg
REF09005,Article 9005,accessoire,M23,synthetique,ville,milieu,F125,images/REF09005.jpg
REF09006,Article 9006,bas,M24,laine,ville,entree,F014,images/REF09006.jpg
REF09007,Article 9007,maison,M30,laine,soiree,milieu,F011,images/REF09007.jpg
REF09008,Article 9008,haut,M17,coton,soiree,entree,F028,images/REF09008.jpg
REF09009,Article 9009,bas,M01,laine,soiree,entree,F047,images/REF09009.jpg
REF09010,Article 9010,haut,M33,synthetique,sport,premium,F111,images/REF09010.jpg
REF09011,Article 9011,bas,M36,synthetique,sport,entree,F066,images/REF09011.jpg
REF09012,Article 9012,bas,M17,laine,sport,milieu,F111,images/REF09012.jpg
REF09013,Article 9013,accessoire,M15,lin,sport,entree,F068,images/REF09013.jpg
REF09014,Article 9014,haut,M21,coton,sport,premium,F064,images/REF09014.jpg
REF09015,Article 9015,maison,M10,coton,sport,milieu,F056,images/REF09015.jpg
REF09016,Article 9016,maison,M12,coton,sport,premium,F037,images/REF09016.jpg
REF09017,Article 9017,maison,M14,laine,soiree,premium,F050,images/REF09017.jpg
REF09018,Article 9018,haut,M29,lin,ville,milieu,F002,images/REF09018.jpg
REF09019,Article 9019,bas,M05,lin,sport,milieu,F016,images/REF09019.jpg
REF09020,Article 9020,maison,M14,laine,sport,milieu,F136,images/REF09020.jpg
REF09021,Article 9021,accessoire,M32,coton,sport,entree,F038,images/REF09021.jpg
REF09022,Article 9022,haut,M19,coton,soiree,premium,F134,images/REF09022.jpg
REF09023,Article 9023,accessoire,M17,lin,sport,premium,F094,images/REF09023.jpg
REF09024,Article 9024,bas,M33,laine,sport,premium,F121,images/REF09024.jpg
REF09025,Article 9025,maison,M24,lin,sport,entree,F032,images/REF09025.jpg
REF09026,Article 9026,maison,M31,laine,ville,milieu,F076,images/REF09026.jpg
REF09027,Article 9027,bas,M25,lin,ville,premium,F053,images/REF09027.jpg
REF09028,Article 9028,haut,M32,lin,sport,milieu,F113,images/REF09028.jpg
REF09029,Article 9029,accessoire,M35,lin,sport,milieu,F092,images/REF09029.jpg
REF09030,Article 9030,haut,M24,coton,sport,premium,F050,images/REF09030.jpg
REF09031,Article 9031,accessoire,M03,lin,soiree,milieu,F050,images/REF09031.jpg
REF09032,Article 9032,maison,M06,coton,soiree,premium,F050,images/REF09032.jpg
REF09033,Article 9033,haut,M28,coton,soiree,premium,F081,images/REF09033.jpg
REF09034,Article 9034,maison,M04,coton,ville,entree,F092,images/REF09034.jpg
REF09035,Article 9035,bas,M39,lin,ville,entree,F033,images/REF09035.jpg
REF09036,Article 9036,bas,M35,lin,sport,entree,F092,images/REF09036.jpg
REF09037,Article 9037,bas,M17,laine,sport,entree,F022,images/REF09037.jpg
REF09038,Article 9038,haut,M40,synthetique,soiree,entree,F008,images/REF09038.jpg
REF09039,Article 9039,accessoire,M08,laine,sport,milieu,F051,images/REF09039.jpg
REF09040,Article 9040,bas,M26,synthetique,soiree,premium,F107,images/REF09040.jpg
REF09041,Article 9041,accessoire,M39,lin,sport,entree,F114,images/REF09041.jpg
REF09042,Article 9042,bas,M11,synthetique,sport,entree,F122,images/REF09042.jpg
REF09043,Article 9043,bas,M30,lin,soiree,premium,F118,images/REF09043.jpg
REF09044,Article 9044,maison,M09,synthetique,sport,entree,F074,images/REF09044.jpg
REF09045,Article 9045,bas,M18,lin,ville,milieu,F131,images/REF09045.jpg
REF09046,Article 9046,haut,M10,synthetique,sport,entree,F029,images/REF09046.jpg
REF09047,Article 9047,haut,M36,synthetique,sport,milieu,F037,images/REF09047.jpg
REF09048,Article 9048,accessoire,M37,lin,sport,milieu,F047,images/REF09048.jpg
REF09049,Article 9049,haut,M23,lin,soiree,entree,F028,images/REF09049.jpg
REF09050,Article 9050,accessoire,M15,lin,soiree,milieu,F008,images/REF09050.jpg
REF09051,Article 9051,maison,M27,synthetique,ville,entree,F062,images/REF09051.jpg
REF09052,Article 9052,maison,M29,laine,sport,entree,F006,images/REF09052.jpg
REF09053,Article 9053,maison,M40,coton,soiree,milieu,F017,images/REF09053.jpg
REF09054,Article 9054,accessoire,M38,synthetique,sport,premium,F079,images/REF09054.jpg
REF09055,Article 9055,maison,M07,synthetique,soiree,milieu,F064,images/REF09055.jpg
REF09056,Article 9056,bas,M37,synthetique,soiree,premium,F110,images/REF09056.jpg
REF09057,Article 9057,maison,M20,laine,ville,entree,F113,images/REF09057.jpg
REF09058,Article 9058,bas,M36,coton,ville,premium,F018,images/REF09058.jpg
REF09059,Article 9059,haut,M11,lin,sport,milieu,F053,images/REF09059.jpg
REF09060,Article 9060,bas,M14,synthetique,soiree,milieu,F010,images/REF09060.jpg
REF09061,Article 9061,accessoire,M26,synthetique,soiree,premium,F052,images/REF09061.jpg
REF09062,Article 9062,accessoire,M12,synthetique,soiree,milieu,F122,images/REF09062.jpg
REF09063,Article 9063,bas,M23,synthetique,ville,entree,F038,images/REF09063.jpg
REF09064,Article 9064,accessoire,M29,lin,ville,premium,F059,images/REF09064.jpg
REF09065,Article 9065,haut,M02,laine,ville,premium,F112,images/REF09065.jpg
REF09066,Article 9066,haut,M04,synthetique,ville,premium,F018,images/REF09066.jpg
REF09067,Article 9067,haut,M11,laine,sport,entree,F047,images/REF09067.jpg
REF09068,Article 9068,maison,M13,coton,sport,premium,F066,images/REF09068.jpg
REF09069,Article 9069,maison,M10,laine,sport,entree,F021,images/REF09069.jpg
REF09070,Article 9070,bas,M13,laine,soiree,premium,F110,images/REF09070.jpg
REF09071,Article 9071,maison,M10,synthetique,soiree,premium,F131,images/REF09071.jpg
REF09072,Article 9072,accessoire,M34,laine,sport,milieu,F069,images/REF09072.jpg
REF09073,Article 9073,bas,M31,synthetique,soiree,entree,F042,images/REF09073.jpg
REF09074,Article 9074,bas,M40,lin,sport,premium,F083,images/REF09074.jpg
REF09075,Article 9075,maison,M13,laine,soiree,premium,F091,images/REF09075.jpg
REF09076,Article 9076,bas,M29,laine,ville,entree,F064,images/REF09076.jpg
REF09077,Article 9077,haut,M06,coton,ville,milieu,F029,images/REF09077.jpg
REF09078,Article 9078,maison,M26,coton,sport,entree,F039,images/REF09078.jpg
REF09079,Article 9079,bas,M30,coton,sport,entree,F016,images/REF09079.jpg
REF09080,Article 9080,haut,M10,synthetique,ville,premium,F087,images/REF09080.jpg
REF09081,Article 9081,haut,M05,coton,sport,entree,F140,images/REF09081.jpg
REF09082,Article 9082,accessoire,M17,laine,sport,premium,F088,images/REF09082.jpg
REF09083,Article 9083,haut,M15,lin,sport,milieu,F098,images/REF09083.jpg
REF09084,Article 9084,haut,M22,synthetique,sport,entree,F093,images/REF09084.jpg
REF09085,Article 9085,accessoire,M02,lin,ville,milieu,F001,images/REF09085.jpg
REF09086,Article 9086,maison,M08,lin,soiree,entree,F005,images/REF09086.jpg
REF09087,Article 9087,accessoire,M22,laine,soiree,milieu,F140,images/REF09087.jpg
REF09088,Article 9088,maison,M31,synthetique,sport,milieu,F066,images/REF09088.jpg
REF09089,Article 9089,accessoire,M39,lin,sport,premium,F087,images/REF09089.jpg
REF09090,Article 9090,maison,M21,synthetique,sport,milieu,F092,images/REF09090.jpg
REF09091,Article 9091,maison,M29,synthetique,soiree,milieu,F132,images/REF09091.jpg
REF09092,Article 9092,maison,M36,synthetique,sport,milieu,F131,images/REF09092.jpg
REF09093,Article 9093,maison,M10,laine,soiree,premium,F133,images/REF09093.jpg
REF09094,Article 9094,bas,M39,synthetique,ville,premium,F091,images/REF09094.jpg
REF09095,Article 9095,bas,M30,coton,soiree,entree,F096,images/REF09095.jpg
REF09096,Article 9096,accessoire,M08,laine,soiree,premium,F057,images/REF09096.jpg
REF09097,Article 9097,bas,M30,laine,sport,entree,F137,images/REF09097.jpg
REF09098,Article 9098,maison,M25,laine,ville,milieu,F084,images/REF09098.jpg
REF09099,Article 9099,accessoire,M16,coton,soiree,premium,F109,images/REF09099.jpg
REF09100,Article 9100,bas,M29,synthetique,sport,milieu,F103,images/REF09100.jpg
REF09101,Article 9101,maison,M18,coton,sport,entree,F106,images/REF09101.jpg
REF09102,Article 9102,maison,M08,coton,sport,premium,F070,images/REF09102.jpg
REF09103,Article 9103,bas,M03,laine,ville,entree,F132,images/REF09103.jpg
REF09104,Article 9104,maison,M18,laine,soiree,milieu,F018,images/REF09104.jpg
REF09105,Article 9105,bas,M27,synthetique,sport,entree,F115,images/REF09105.jpg
REF09106,Article 9106,bas,M28,coton,soiree,premium,F093,images/REF09106.jpg
REF09107,Article 9107,haut,M04,lin,sport,milieu,F103,images/REF09107.jpg
REF09108,Article 9108,accessoire,M05,laine,ville,milieu,F063,images/REF09108.jpg
REF09109,Article 9109,maison,M05,laine,sport,milieu,F083,images/REF09109.jpg
REF09110,Article 9110,accessoire,M04,coton,soiree,milieu,F004,images/REF09110.jpg
REF09111,Article 9111,haut,M40,synthetique,soiree,premium,F085,images/REF09111.jpg
REF09112,Article 9112,bas,M19,coton,ville,milieu,F089,images/REF09112.jpg
REF09113,Article 9113,accessoire,M34,coton,sport,entree,F014,images/REF09113.jpg
REF09114,Article 9114,bas,M18,coton,sport,entree,F021,images/REF09114.jpg
REF09115,Article 9115,maison,M11,lin,ville,milieu,F005,images/REF09115.jpg
REF09116,Article 9116,bas,M33,synthetique,sport,premium,F080,images/REF09116.jpg
REF09117,Article 9117,haut,M37,laine,sport,premium,F013,images/REF09117.jpg
REF09118,Article 9118,accessoire,M05,laine,ville,premium,F132,images/REF09118.jpg
REF09119,Article 9119,accessoire,M31,laine,ville,milieu,F014,images/REF09119.jpg
REF09120,Article 9120,maison,M10,coton,sport,premium,F042,images/REF09120.jpg
REF09121,Article 9121,haut,M25,lin,soiree,premium,F028,images/REF09121.jpg
REF09122,Article 9122,bas,M20,synthetique,ville,entree,F055,images/REF09122.jpg
REF09123,Article 9123,maison,M09,synthetique,sport,entree,F099,images/REF09123.jpg
REF09124,Article 9124,accessoire,M32,lin,soiree,milieu,F140,images/REF09124.jpg
REF09125,Article 9125,bas,M33,lin,ville,milieu,F049,images/REF09125.jpg
REF09126,Article 9126,accessoire,M20,coton,ville,entree,F052,images/REF09126.jpg
REF09127,Article 9127,haut,M09,lin,soiree,premium,F093,images/REF09127.jpg
REF09128,Article 9128,maison,M27,synthetique,sport,entree,F033,images/REF09128.jpg
REF09129,Article 9129,haut,M40,synthetique,ville,milieu,F108,images/REF09129.jpg
REF09130,Article 9130,maison,M11,laine,ville,entree,F036,images/REF09130.jpg
REF09131,Article 9131,maison,M11,synthetique,soiree,premium,F019,images/REF09131.jpg
REF09132,Article 9132,accessoire,M21,laine,sport,milieu,F069,images/REF09132.jpg
REF09133,Article 9133,haut,M10,synthetique,soiree,premium,F105,images/REF09133.jpg
REF09134,Article 9134,accessoire,M16,coton,ville,entree,F028,images/REF09134.jpg
REF09135,Article 9135,accessoire,M34,laine,ville,milieu,F100,images/REF09135.jpg
REF09136,Article 9136,accessoire,M37,coton,soiree,milieu,F093,images/REF09136.jpg
REF09137,Article 9137,haut,M18,laine,ville,milieu,F101,images/REF09137.jpg
REF09138,Article 9138,haut,M25,lin,sport,milieu,F041,images/REF09138.jpg
REF09139,Article 9139,accessoire,M36,lin,sport,entree,F001,images/REF09139.jpg
REF09140,Article 9140,accessoire,M22,lin,sport,milieu,F103,images/REF09140.jpg
REF09141,Article 9141,accessoire,M17,lin,ville,premium,F140,images/REF09141.jpg
REF09142,Article 9142,haut,M38,laine,ville,entree,F122,images/REF09142.jpg
REF09143,Article 9143,bas,M01,coton,ville,milieu,F031,images/REF09143.jpg
REF09144,Article 9144,maison,M06,coton,soiree,entree,F033,images/REF09144.jpg
REF09145,Article 9145,haut,M15,synthetique,sport,entree,F065,images/REF09145.jpg
REF09146,Article 9146,maison,M15,coton,ville,milieu,F053,images/REF09146.jpg
REF09147,Article 9147,haut,M27,lin,ville,milieu,F039,images/REF09147.jpg
REF09148,Article 9148,accessoire,M38,lin,soiree,premium,F024,images/REF09148.jpg
REF09149,Article 9149,bas,M38,laine,ville,milieu,F120,images/REF09149.jpg
REF09150,Article 9150,maison,M39,laine,ville,premium,F091,images/REF09150.jpg
REF09151,Article 9151,bas,M12,lin,sport,entree,F113,images/REF09151.jpg
REF09152,Article 9152,haut,M14,coton,sport,premium,F073,images/REF09152.jpg
REF09153,Article 9153,bas,M33,synthetique,ville,milieu,F098,images/REF09153.jpg
REF09154,Article 9154,haut,M34,synthetique,ville,premium,F017,images/REF09154.jpg
REF09155,Article 9155,accessoire,M11,coton,sport,premium,F048,images/REF09155.jpg
REF09156,Article 9156,bas,M39,synthetique,ville,entree,F001,images/REF09156.jpg
REF09157,Article 9157,bas,M14,laine,sport,milieu,F069,images/REF09157.jpg
REF09158,Article 9158,haut,M14,lin,soiree,milieu,F084,images/REF09158.jpg
REF09159,Article 9159,haut,M39,synthetique,soiree,milieu,F066,images/REF09159.jpg
REF09160,Article 9160,haut,M04,laine,ville,premium,F055,images/REF09160.jpg
REF09161,Article 9161,accessoire,M21,coton,soiree,entree,F060,images/REF09161.jpg
REF09162,Article 9162,maison,M10,laine,sport,milieu,F095,images/REF09162.jpg
REF09163,Article 9163,bas,M34,lin,ville,entree,F124,images/REF09163.jpg
REF09164,Article 9164,bas,M40,laine,sport,entree,F076,images/REF09164.jpg
REF09165,Article 9165,haut,M32,synthetique,ville,milieu,F053,images/REF09165.jpg
REF09166,Article 9166,maison,M33,coton,ville,entree,F072,images/REF09166.jpg
REF09167,Article 9167,maison,M13,coton,sport,premium,F121,images/REF09167.jpg
REF09168,Article 9168,bas,M04,lin,soiree,milieu,F042,images/REF09168.jpg
REF09169,Article 9169,maison,M13,synthetique,soiree,premium,F081,images/REF09169.jpg
REF09170,Article 9170,accessoire,M35,synthetique,sport,entree,F062,images/REF09170.jpg
REF09171,Article 9171,accessoire,M10,laine,soiree,milieu,F015,images/REF09171.jpg
REF09172,Article 9172,haut,M11,laine,sport,premium,F139,images/REF09172.jpg
REF09173,Article 9173,haut,M27,lin,ville,milieu,F087,images/REF09173.jpg
REF09174,Article 9174,accessoire,M12,laine,ville,milieu,F084,images/REF09174.jpg
REF09175,Article 9175,maison,M32,synthetique,soiree,entree,F010,images/REF09175.jpg
REF09176,Article 9176,accessoire,M27,coton,sport,entree,F098,images/REF09176.jpg
REF09177,Article 9177,accessoire,M28,coton,soiree,milieu,F093,images/REF09177.jpg
REF09178,Article 9178,accessoire,M11,coton,soiree,premium,F132,images/REF09178.jpg
REF09179,Article 9179,accessoire,M33,synthetique,sport,premium,F114,images/REF09179.jpg
REF09180,Article 9180,bas,M18,lin,soiree,premium,F050,images/REF09180.jpg
REF09181,Article 9181,maison,M32,synthetique,sport,premium,F118,images/REF09181.jpg
REF09182,Article 9182,accessoire,M06,lin,soiree,premium,F089,images/REF09182.jpg
REF09183,Article 9183,accessoire,M33,synthetique,sport,entree,F009,images/REF09183.jpg
REF09184,Article 9184,haut,M11,coton,ville,milieu,F052,images/REF09184.jpg
REF09185,Article 9185,accessoire,M20,synthetique,ville,milieu,F094,images/REF09185.jpg
REF09186,Article 9186,accessoire,M14,synthetique,ville,entree,F025,images/REF09186.jpg
REF09187,Article 9187,maison,M22,laine,soiree,premium,F070,images/REF09187.jpg
REF09188,Article 9188,bas,M36,synthetique,soiree,entree,F093,images/REF09188.jpg
REF09189,Article 9189,maison,M38,laine,soiree,milieu,F095,images/REF09189.jpg
REF09190,Article 9190,haut,M08,laine,soiree,entree,F080,images/REF09190.jpg
REF09191,Article 9191,bas,M36,synthetique,sport,entree,F069,images/REF09191.jpg
REF09192,Article 9192,bas,M01,synthetique,ville,milieu,F097,images/REF09192.jpg
REF09193,Article 9193,bas,M21,coton,sport,entree,F098,images/REF09193.jpg
REF09194,Article 9194,maison,M39,synthetique,ville,entree,F053,images/REF09194.jpg
REF09195,Article 9195,haut,M05,laine,soiree,milieu,F090,images/REF09195.jpg
REF09196,Article 9196,haut,M10,synthetique,sport,entree,F055,images/REF09196.jpg
REF09197,Article 9197,bas,M37,lin,sport,milieu,F085,images/REF09197.jpg
REF09198,Article 9198,maison,M16,laine,soiree,entree,F094,images/REF09198.jpg
REF09199,Article 9199,accessoire,M39,laine,sport,milieu,F111,images/REF09199.jpg
REF09200,Article 9200,bas,M16,laine,soiree,entree,F089,images/REF09200.jpg
REF09201,Article 9201,bas,M34,laine,soiree,milieu,F094,images/REF09201.jpg
REF09202,Article 9202,bas,M25,coton,soiree,entree,F067,images/REF09202.jpg
REF09203,Article 9203,haut,M14,synthetique,ville,milieu,F035,images/REF09203.jpg
REF09204,Article 9204,haut,M37,synthetique,sport,premium,F057,images/REF09204.jpg
REF09205,Article 9205,haut,M17,laine,sport,premium,F108,images/REF09205.jpg
REF09206,Article 9206,haut,M22,synthetique,sport,premium,F048,images/REF09206.jpg
REF09207,Article 9207,haut,M20,synthetique,sport,entree,F117,images/REF09207.jpg
REF09208,Article 9208,accessoire,M34,coton,sport,entree,F050,images/REF09208.jpg
REF09209,Article 9209,maison,M06,synthetique,ville,milieu,F032,images/REF09209.jpg
REF09210,Article 9210,maison,M12,laine,sport,milieu,F124,images/REF09210.jpg
REF09211,Article 9211,accessoire,M27,coton,ville,premium,F043,images/REF09211.jpg
REF09212,Article 9212,bas,M23,coton,sport,entree,F005,images/REF09212.jpg
REF09213,Article 9213,accessoire,M21,coton,sport,milieu,F124,images/REF09213.jpg
REF09214,Article 9214,accessoire,M23,synthetique,sport,milieu,F048,images/REF09214.jpg
REF09215,Article 9215,maison,M09,synthetique,ville,premium,F075,images/REF09215.jpg
REF09216,Article 9216,maison,M09,synthetique,soiree,premium,F032,images/REF09216.jpg
REF09217,Article 9217,haut,M21,coton,soiree,entree,F042,images/REF09217.jpg
REF09218,Article 9218,maison,M39,lin,ville,premium,F011,images/REF09218.jpg
REF09219,Article 9219,accessoire,M05,synthetique,soiree,entree,F106,images/REF09219.jpg
REF09220,Article 9220,maison,M04,laine,sport,milieu,F119,images/REF09220.jpg
REF09221,Article 9221,accessoire,M22,laine,ville,premium,F019,images/REF09221.jpg
REF09222,Article 9222,haut,M19,laine,soiree,milieu,F082,images/REF09222.jpg
REF09223,Article 9223,maison,M11,lin,soiree,milieu,F091,images/REF09223.jpg
REF09224,Article 9224,accessoire,M21,laine,ville,premium,F111,images/REF09224.jpg
REF09225,Article 9225,haut,M02,coton,soiree,premium,F085,images/REF09225.jpg
REF09226,Article 9226,bas,M40,lin,ville,milieu,F058,images/REF09226.jpg
REF09227,Article 9227,haut,M02,lin,ville,premium,F101,images/REF09227.jpg
REF09228,Article 9228,haut,M32,coton,soiree,premium,F010,images/REF09228.jpg
REF09229,Article 9229,accessoire,M27,lin,ville,premium,F075,images/REF09229.jpg
REF09230,Article 9230,bas,M14,coton,ville,premium,F054,images/REF09230.jpg
REF09231,Article 9231,bas,M30,laine,soiree,premium,F006,images/REF09231.jpg
REF09232,Article 9232,maison,M11,synthetique,soiree,entree,F099,images/REF09232.jpg
REF09233,Article 9233,maison,M15,laine,sport,premium,F092,images/REF09233.jpg
REF09234,Article 9234,bas,M22,laine,ville,milieu,F031,images/REF09234.jpg
REF09235,Article 9235,maison,M31,synthetique,ville,entree,F011,images/REF09235.jpg
REF09236,Article 9236,bas,M20,coton,sport,milieu,F102,images/REF09236.jpg
REF09237,Article 9237,accessoire,M20,laine,ville,milieu,F039,images/REF09237.jpg
REF09238,Article 9238,maison,M37,synthetique,soiree,entree,F080,images/REF09238.jpg
REF09239,Article 9239,haut,M34,coton,soiree,entree,F024,images/REF09239.jpg
REF09240,Article 9240,accessoire,M06,synthetique,sport,milieu,F119,images/REF09240.jpg
REF09241,Article 9241,maison,M26,lin,sport,milieu,F129,images/REF09241.jpg
REF09242,Article 9242,haut,M37,laine,sport,milieu,F071,images/REF09242.jpg
REF09243,Article 9243,accessoire,M38,synthetique,ville,premium,F105,images/REF09243.jpg
REF09244,Article 9244,haut,M21,lin,soiree,premium,F032,images/REF09244.jpg
REF09245,Article 9245,maison,M04,coton,soiree,entree,F109,images/REF09245.jpg
REF09246,Article 9246,haut,M13,lin,ville,entree,F135,images/REF09246.jpg
REF09247,Article 9247,accessoire,M07,coton,soiree,premium,F048,images/REF09247.jpg
REF09248,Article 9248,haut,M07,laine,sport,entree,F100,images/REF09248.jpg
REF09249,Article 9249,accessoire,M21,lin,ville,premium,F117,images/REF09249.jpg
REF09250,Article 9250,maison,M09,synthetique,ville,milieu,F030,images/REF09250.jpg
REF09251,Article 9251,bas,M27,synthetique,soiree,premium,F112,images/REF09251.jpg
REF09252,Article 9252,accessoire,M13,coton,soiree,entree,F030,images/REF09252.jpg
REF09253,Article 9253,maison,M18,coton,sport,premium,F109,images/REF09253.jpg
REF09254,Article 9254,haut,M36,lin,sport,milieu,F128,images/REF09254.jpg
REF09255,Article 9255,haut,M05,laine,sport,milieu,F088,images/REF09255.jpg
REF09256,Article 9256,bas,M28,coton,soiree,entree,F089,images/REF09256.jpg
REF09257,Article 9257,bas,M07,laine,sport,entree,F108,images/REF09257.jpg
REF09258,Article 9258,bas,M22,synthetique,ville,entree,F014,images/REF09258.jpg
REF09259,Article 9259,accessoire,M04,lin,sport,milieu,F136,images/REF09259.jpg
REF09260,Article 9260,maison,M17,coton,ville,entree,F123,images/REF09260.jpg
REF09261,Article 9261,accessoire,M35,lin,ville,milieu,F002,images/REF09261.jpg
REF09262,Article 9262,maison,M07,laine,sport,premium,F134,images/REF09262.jpg
REF09263,Article 9263,maison,M05,synthetique,sport,premium,F017,images/REF09263.jpg
REF09264,Article 9264,haut,M08,synthetique,soiree,entree,F090,images/REF09264.jpg
REF09265,Article 9265,bas,M02,laine,sport,premium,F042,images/REF09265.jpg
REF09266,Article 9266,haut,M04,laine,soiree,entree,F089,images/REF09266.jpg
REF09267,Article 9267,maison,M03,laine,ville,premium,F101,images/REF09267.jpg
REF09268,Article 9268,accessoire,M20,coton,sport,milieu,F071,images/REF09268.jpg
REF09269,Article 9269,maison,M11,synthetique,soiree,entree,F133,images/REF09269.jpg
REF09270,Article 9270,haut,M21,laine,soiree,entree,F120,images/REF09270.jpg
REF09271,Article 9271,maison,M34,laine,soiree,milieu,F049,images/REF09271.jpg
REF09272,Article 9272,bas,M07,lin,sport,premium,F055,images/REF09272.jpg
REF09273,Article 9273,bas,M15,synthetique,ville,premium,F030,images/REF09273.jpg
REF09274,Article 9274,accessoire,M05,laine,sport,entree,F062,images/REF09274.jpg
REF09275,Article 9275,accessoire,M01,synthetique,ville,entree,F121,images/REF09275.jpg
REF09276,Article 9276,accessoire,M10,coton,ville,milieu,F048,images/REF09276.jpg
REF09277,Article 9277,haut,M24,synthetique,soiree,premium,F050,images/REF09277.jpg
REF09278,Article 9278,haut,M23,coton,ville,milieu,F105,images/REF09278.jpg
REF09279,Article 9279,bas,M10,coton,sport,entree,F108,images/REF09279.jpg
REF09280,Article 9280,bas,M30,lin,soiree,milieu,F078,images/REF09280.jpg
REF09281,Article 9281,haut,M34,lin,sport,milieu,F060,images/REF09281.jpg
REF09282,Article 9282,accessoire,M23,lin,ville,entree,F098,images/REF09282.jpg
REF09283,Article 9283,bas,M33,coton,soiree,milieu,F039,images/REF09283.jpg
REF09284,Article 9284,haut,M14,lin,ville,premium,F029,images/REF09284.jpg
REF09285,Article 9285,accessoire,M13,coton,sport,milieu,F054,images/REF09285.jpg
REF09286,Article 9286,maison,M16,lin,soiree,premium,F067,images/REF09286.jpg
REF09287,Article 9287,accessoire,M37,synthetique,soiree,entree,F026,images/REF09287.jpg
REF09288,Article 9288,bas,M32,laine,sport,milieu,F042,images/REF09288.jpg
REF09289,Article 9289,haut,M35,laine,soiree,entree,F024,images/REF09289.jpg
REF09290,Article 9290,maison,M21,lin,ville,entree,F096,images/REF09290.jpg
REF09291,Article 9291,bas,M34,coton,sport,milieu,F043,images/REF09291.jpg
REF09292,Article 9292,haut,M28,laine,sport,premium,F032,images/REF09292.jpg
REF09293,Article 9293,accessoire,M33,laine,sport,entree,F005,images/REF09293.jpg
REF09294,Article 9294,bas,M08,laine,soiree,milieu,F031,images/REF09294.jpg
REF09295,Article 9295,maison,M39,coton,soiree,entree,F139,images/REF09295.jpg
REF09296,Article 9296,maison,M12,laine,sport,entree,F003,images/REF09296.jpg
REF09297,Article 9297,haut,M13,coton,ville,premium,F137,images/REF09297.jpg
REF09298,Article 9298,accessoire,M12,coton,soiree,milieu,F034,images/REF09298.jpg
REF09299,Article 9299,bas,M17,coton,ville,milieu,F092,images/REF09299.jpg
REF09300,Article 9300,haut,M09,coton,soiree,premium,F118,images/REF09300.jpg
REF09301,Article 9301,accessoire,M06,coton,soiree,entree,F004,images/REF09301.jpg
REF09302,Article 9302,bas,M40,laine,ville,milieu,F036,images/REF09302.jpg
REF09303,Article 9303,bas,M16,coton,sport,milieu,F120,images/REF09303.jpg
REF09304,Article 9304,bas,M14,lin,sport,entree,F097,images/REF09304.jpg
REF09305,Article 9305,accessoire,M16,lin,soiree,premium,F123,images/REF09305.jpg
REF09306,Article 9306,accessoire,M34,synthetique,ville,premium,F030,images/REF09306.jpg
REF09307,Article 9307,maison,M37,synthetique,ville,milieu,F038,images/REF09307.jpg
REF09308,Article 9308,maison,M05,laine,soiree,premium,F023,images/REF09308.jpg
REF09309,Article 9309,accessoire,M17,lin,sport,entree,F036,images/REF09309.jpg
REF09310,Article 9310,bas,M04,coton,soiree,premium,F001,images/REF09310.jpg
REF09311,Article 9311,bas,M15,laine,soiree,premium,F049,images/REF09311.jpg
REF09312,Article 9312,bas,M36,synthetique,ville,entree,F066,images/REF09312.jpg
REF09313,Article 9313,bas,M15,lin,sport,entree,F118,images/REF09313.jpg
REF09314,Article 9314,accessoire,M37,coton,ville,entree,F072,images/REF09314.jpg
REF09315,Article 9315,bas,M39,coton,sport,entree,F132,images/REF09315.jpg
REF09316,Article 9316,haut,M30,lin,soiree,milieu,F134,images/REF09316.jpg
REF09317,Article 9317,maison,M07,synthetique,sport,entree,F112,images/REF09317.jpg
REF09318,Article 9318,maison,M26,laine,sport,milieu,F071,images/REF09318.jpg
REF09319,Article 9319,maison,M20,laine,ville,entree,F116,images/REF09319.jpg
REF09320,Article 9320,haut,M08,synthetique,sport,premium,F058,images/REF09320.jpg
REF09321,Article 9321,haut,M33,lin,soiree,milieu,F039,images/REF09321.jpg
REF09322,Article 9322,maison,M26,coton,soiree,entree,F113,images/REF09322.jpg
REF09323,Article 9323,bas,M20,laine,sport,milieu,F118,images/REF09323.jpg
REF09324,Article 9324,maison,M09,coton,sport,premium,F056,images/REF09324.jpg
REF09325,Article 9325,bas,M34,laine,soiree,milieu,F060,images/REF09325.jpg
REF09326,Article 9326,bas,M24,coton,soiree,premium,F051,images/REF09326.jpg
REF09327,Article 9327,accessoire,M28,lin,ville,premium,F003,images/REF09327.jpg
REF09328,Article 9328,maison,M31,laine,sport,milieu,F020,images/REF09328.jpg
REF09329,Article 9329,maison,M34,synthetique,sport,premium,F089,images/REF09329.jpg
REF09330,Article 9330,accessoire,M06,coton,soiree,milieu,F049,images/REF09330.jpg
REF09331,Article 9331,accessoire,M13,coton,soiree,milieu,F114,images/REF09331.jpg
REF09332,Article 9332,maison,M26,synthetique,ville,premium,F121,images/REF09332.jpg
REF09333,Article 9333,haut,M28,lin,sport,premium,F013,images/REF09333.jpg
REF09334,Article 9334,accessoire,M30,laine,ville,premium,F048,images/REF09334.jpg
REF09335,Article 9335,haut,M39,synthetique,sport,entree,F084,images/REF09335.jpg
REF09336,Article 9336,accessoire,M14,lin,sport,entree,F097,images/REF09336.jpg
REF09337,Article 9337,accessoire,M32,lin,soiree,milieu,F132,images/REF09337.jpg
REF09338,Article 9338,bas,M13,laine,soiree,milieu,F038,images/REF09338.jpg
REF09339,Article 9339,accessoire,M03,laine,soiree,premium,F074,images/REF09339.jpg
REF09340,Article 9340,bas,M23,coton,sport,milieu,F115,images/REF09340.jpg
REF09341,Article 9341,accessoire,M09,laine,ville,milieu,F027,images/REF09341.jpg
REF09342,Article 9342,haut,M28,lin,soiree,premium,F034,images/REF09342.jpg
REF09343,Article 9343,maison,M31,synthetique,ville,milieu,F032,images/REF09343.jpg
REF09344,Article 9344,accessoire,M40,synthetique,sport,milieu,F039,images/REF09344.jpg
REF09345,Article 9345,bas,M23,synthetique,ville,milieu,F005,images/REF09345.jpg
REF09346,Article 9346,accessoire,M27,laine,ville,entree,F104,images/REF09346.jpg
REF09347,Article 9347,bas,M14,lin,sport,premium,F034,images/REF09347.jpg
REF09348,Article 9348,haut,M10,laine,soiree,premium,F033,images/REF09348.jpg
REF09349,Article 9349,bas,M30,coton,soiree,milieu,F134,images/REF09349.jpg
REF09350,Article 9350,haut,M31,laine,soiree,entree,F102,images/REF09350.jpg
REF09351,Article 9351,haut,M21,lin,sport,entree,F083,images/REF09351.jpg
REF09352,Article 9352,bas,M01,lin,ville,entree,F007,images/REF09352.jpg
REF09353,Article 9353,accessoire,M21,coton,sport,premium,F022,images/REF09353.jpg
REF09354,Article 9354,haut,M06,synthetique,soiree,milieu,F114,images/REF09354.jpg
REF09355,Article 9355,haut,M01,synthetique,sport,premium,F074,images/REF09355.jpg
REF09356,Article 9356,haut,M24,coton,ville,premium,F070,images/REF09356.jpg
REF09357,Article 9357,maison,M21,laine,sport,premium,F064,images/REF09357.jpg
REF09358,Article 9358,maison,M35,lin,soiree,milieu,F115,images/REF09358.jpg
REF09359,Article 9359,bas,M35,lin,soiree,premium,F010,images/REF09359.jpg
REF09360,Article 9360,bas,M05,coton,ville,entree,F017,images/REF09360.jpg
REF09361,Article 9361,haut,M10,coton,soiree,entree,F124,images/REF09361.jpg
REF09362,Article 9362,haut,M14,laine,sport,premium,F119,images/REF09362.jpg
REF09363,Article 9363,haut,M24,synthetique,ville,premium,F060,images/REF09363.jpg
REF09364,Article 9364,maison,M05,coton,ville,premium,F027,images/REF09364.jpg
REF09365,Article 9365,haut,M22,coton,ville,entree,F106,images/REF09365.jpg
REF09366,Article 9366,maison,M09,synthetique,soiree,entree,F088,images/REF09366.jpg
REF09367,Article 9367,haut,M28,coton,ville,premium,F107,images/REF09367.jpg
REF09368,Article 9368,maison,M11,synthetique,soiree,entree,F016,images/REF09368.jpg
REF09369,Article 9369,bas,M27,laine,ville,entree,F073,images/REF09369.jpg
REF09370,Article 9370,bas,M33,lin,ville,entree,F072,images/REF09370.jpg
REF09371,Article 9371,accessoire,M26,laine,sport,milieu,F101,images/REF09371.jpg
REF09372,Article 9372,maison,M29,coton,sport,milieu,F077,images/REF09372.jpg
REF09373,Article 9373,accessoire,M07,coton,soiree,entree,F051,images/REF09373.jpg
REF09374,Article 9374,maison,M22,lin,ville,entree,F001,images/REF09374.jpg
REF09375,Article 9375,accessoire,M28,coton,sport,entree,F031,images/REF09375.jpg
REF09376,Article 9376,accessoire,M28,synthetique,ville,entree,F005,images/REF09376.jpg
REF09377,Article 9377,accessoire,M40,synthetique,sport,premium,F058,images/REF09377.jpg
REF09378,Article 9378,accessoire,M32,lin,ville,milieu,F115,images/REF09378.jpg
REF09379,Article 9379,haut,M05,laine,sport,entree,F075,images/REF09379.jpg
REF09380,Article 9380,accessoire,M27,laine,soiree,entree,F101,images/REF09380.jpg
REF09381,Article 9381,haut,M12,coton,soiree,milieu,F060,images/REF09381.jpg
REF09382,Article 9382,accessoire,M12,synthetique,sport,premium,F048,images/REF09382.jpg
REF09383,Article 9383,maison,M02,coton,soiree,entree,F090,images/REF09383.jpg
REF09384,Article 9384,maison,M07,laine,soiree,entree,F131,images/REF09384.jpg
REF09385,Article 9385,maison,M24,coton,ville,premium,F055,images/REF09385.jpg
REF09386,Article 9386,maison,M39,coton,soiree,entree,F085,images/REF09386.jpg
REF09387,Article 9387,bas,M33,synthetique,soiree,milieu,F110,images/REF09387.jpg
REF09388,Article 9388,maison,M06,laine,ville,milieu,F033,images/REF09388.jpg
REF09389,Article 9389,bas,M39,coton,ville,entree,F103,images/REF09389.jpg
REF09390,Article 9390,accessoire,M40,coton,soiree,entree,F112,images/REF09390.jpg
REF09391,Article 9391,maison,M19,coton,sport,milieu,F007,images/REF09391.jpg
REF09392,Article 9392,bas,M13,coton,ville,premium,F121,images/REF09392.jpg
REF09393,Article 9393,haut,M30,laine,sport,entree,F029,images/REF09393.jpg
REF09394,Article 9394,bas,M01,coton,sport,milieu,F080,images/REF09394.jpg
REF09395,Article 9395,haut,M04,laine,soiree,milieu,F124,images/REF09395.jpg
REF09396,Article 9396,maison,M15,coton,soiree,milieu,F088,images/REF09396.jpg
REF09397,Article 9397,accessoire,M13,coton,ville,milieu,F054,images/REF09397.jpg
REF09398,Article 9398,accessoire,M08,synthetique,sport,entree,F086,images/REF09398.jpg
REF09399,Article 9399,bas,M09,lin,ville,premium,F118,images/REF09399.jpg
REF09400,Article 9400,maison,M29,coton,sport,milieu,F139,images/REF09400.jpg
REF09401,Article 9401,haut,M20,laine,soiree,milieu,F129,images/REF09401.jpg
REF09402,Article 9402,haut,M35,coton,sport,premium,F035,images/REF09402.jpg
REF09403,Article 9403,bas,M25,coton,soiree,milieu,F005,images/REF09403.jpg
REF09404,Article 9404,haut,M21,coton,ville,milieu,F140,images/REF09404.jpg
REF09405,Article 9405,bas,M23,coton,ville,entree,F021,images/REF09405.jpg
REF09406,Article 9406,accessoire,M13,synthetique,sport,premium,F096,images/REF09406.jpg
REF09407,Article 9407,haut,M35,coton,soiree,milieu,F059,images/REF09407.jpg
REF09408,Article 9408,accessoire,M32,synthetique,soiree,premium,F140,images/REF09408.jpg
REF09409,Article 9409,maison,M18,coton,ville,milieu,F046,images/REF09409.jpg
REF09410,Article 9410,bas,M12,lin,sport,premium,F079,images/REF09410.jpg
REF09411,Article 9411,maison,M11,lin,soiree,entree,F120,images/REF09411.jpg
REF09412,Article 9412,accessoire,M17,lin,ville,entree,F111,images/REF09412.jpg
REF09413,Article 9413,accessoire,M04,laine,ville,entree,F039,images/REF09413.jpg
REF09414,Article 9414,maison,M37,laine,ville,milieu,F003,images/REF09414.jpg
REF09415,Article 9415,maison,M26,coton,ville,entree,F065,images/REF09415.jpg
REF09416,Article 9416,accessoire,M36,laine,ville,milieu,F074,images/REF09416.jpg
REF09417,Article 9417,haut,M14,coton,ville,premium,F056,images/REF09417.jpg
REF09418,Article 9418,accessoire,M40,lin,sport,milieu,F033,images/REF09418.jpg
REF09419,Article 9419,accessoire,M23,synthetique,soiree,milieu,F084,images/REF09419.jpg
REF09420,Article 9420,bas,M30,coton,ville,entree,F010,images/REF09420.jpg
REF09421,Article 9421,bas,M31,laine,sport,premium,F055,images/REF09421.jpg
REF09422,Article 9422,haut,M12,lin,ville,entree,F086,images/REF09422.jpg
REF09423,Article 9423,bas,M02,laine,soiree,entree,F035,images/REF09423.jpg
REF09424,Article 9424,bas,M40,synthetique,soiree,entree,F088,images/REF09424.jpg
REF09425,Article 9425,maison,M14,coton,sport,milieu,F055,images/REF09425.jpg
REF09426,Article 9426,bas,M17,laine,sport,milieu,F020,images/REF09426.jpg
REF09427,Article 9427,haut,M14,laine,soiree,premium,F107,images/REF09427.jpg
REF09428,Article 9428,accessoire,M29,lin,soiree,milieu,F091,images/REF09428.jpg
REF09429,Article 9429,accessoire,M27,synthetique,sport,entree,F100,images/REF09429.jpg
REF09430,Article 9430,maison,M29,lin,sport,milieu,F024,images/REF09430.jpg
REF09431,Article 9431,bas,M15,coton,ville,entree,F076,images/REF09431.jpg
REF09432,Article 9432,maison,M11,lin,soiree,milieu,F051,images/REF09432.jpg
REF09433,Article 9433,haut,M04,lin,ville,entree,F075,images/REF09433.jpg
REF09434,Article 9434,bas,M15,synthetique,ville,premium,F035,images/REF09434.jpg
REF09435,Article 9435,bas,M30,coton,soiree,milieu,F080,images/REF09435.jpg
REF09436,Article 9436,bas,M16,synthetique,sport,milieu,F077,images/REF09436.jpg
REF09437,Article 9437,accessoire,M26,lin,ville,milieu,F093,images/REF09437.jpg
REF09438,Article 9438,accessoire,M29,laine,ville,entree,F030,images/REF09438.jpg
REF09439,Article 9439,accessoire,M24,coton,ville,entree,F121,images/REF09439.jpg
REF09440,Article 9440,maison,M39,lin,ville,milieu,F004,images/REF09440.jpg
REF09441,Article 9441,accessoire,M28,lin,sport,entree,F058,images/REF09441.jpg
REF09442,Article 9442,bas,M20,laine,ville,entree,F018,images/REF09442.jpg
REF09443,Article 9443,bas,M19,lin,soiree,entree,F049,images/REF09443.jpg
REF09444,Article 9444,bas,M01,laine,soiree,entree,F112,images/REF09444.jpg
REF09445,Article 9445,bas,M21,laine,sport,premium,F084,images/REF09445.jpg
REF09446,Article 9446,bas,M21,synthetique,ville,entree,F072,images/REF09446.jpg
REF09447,Article 9447,accessoire,M18,coton,sport,premium,F003,images/REF09447.jpg
REF09448,Article 9448,maison,M02,laine,soiree,entree,F102,images/REF09448.jpg
REF09449,Article 9449,maison,M07,lin,ville,premium,F048,images/REF09449.jpg
REF09450,Article 9450,bas,M27,coton,ville,entree,F085,images/REF09450.jpg
REF09451,Article 9451,bas,M11,laine,sport,milieu,F084,images/REF09451.jpg
REF09452,Article 9452,haut,M36,lin,soiree,entree,F124,images/REF09452.jpg
REF09453,Article 9453,maison,M15,laine,soiree,premium,F116,images/REF09453.jpg
REF09454,Article 9454,accessoire,M23,synthetique,soiree,premium,F121,images/REF09454.jpg
REF09455,Article 9455,haut,M29,coton,soiree,entree,F041,images/REF09455.jpg
REF09456,Article 9456,maison,M24,coton,sport,milieu,F092,images/REF09456.jpg
REF09457,Article 9457,accessoire,M23,laine,soiree,milieu,F119,images/REF09457.jpg
REF09458,Article 9458,accessoire,M34,synthetique,sport,milieu,F094,images/REF09458.jpg
REF09459,Article 9459,accessoire,M18,coton,soiree,entree,F011,images/REF09459.jpg
REF09460,Article 9460,haut,M24,lin,sport,premium,F009,images/REF09460.jpg
REF09461,Article 9461,bas,M24,coton,soiree,premium,F006,images/REF09461.jpg
REF09462,Article 9462,bas,M08,synthetique,ville,milieu,F060,images/REF09462.jpg
REF09463,Article 9463,haut,M35,lin,ville,premium,F139,images/REF09463.jpg
REF09464,Article 9464,accessoire,M38,synthetique,ville,entree,F022,images/REF09464.jpg
REF09465,Article 9465,bas,M20,laine,sport,entree,F077,images/REF09465.jpg
REF09466,Article 9466,bas,M09,synthetique,ville,entree,F028,images/REF09466.jpg
REF09467,Article 9467,haut,M18,coton,sport,milieu,F045,images/REF09467.jpg
REF09468,Article 9468,haut,M31,coton,sport,milieu,F135,images/REF09468.jpg
REF09469,Article 9469,haut,M14,lin,sport,entree,F085,images/REF09469.jpg
REF09470,Article 9470,bas,M05,lin,sport,premium,F138,images/REF09470.jpg
REF09471,Article 9471,maison,M06,synthetique,soiree,entree,F113,images/REF09471.jpg
REF09472,Article 9472,bas,M24,laine,sport,entree,F022,images/REF09472.jpg
REF09473,Article 9473,bas,M31,lin,ville,premium,F113,images/REF09473.jpg
REF09474,Article 9474,accessoire,M08,synthetique,soiree,premium,F034,images/REF09474.jpg
REF09475,Article 9475,haut,M32,lin,soiree,entree,F096,images/REF09475.jpg
REF09476,Article 9476,maison,M20,laine,sport,entree,F130,images/REF09476.jpg
REF09477,Article 9477,bas,M19,coton,sport,entree,F117,images/REF09477.jpg
REF09478,Article 9478,accessoire,M20,laine,ville,milieu,F004,images/REF09478.jpg
REF09479,Article 9479,haut,M01,laine,sport,entree,F044,images/REF09479.jpg
REF09480,Article 9480,accessoire,M30,lin,soiree,milieu,F058,images/REF09480.jpg
REF09481,Article 9481,maison,M22,lin,ville,milieu,F033,images/REF09481.jpg
REF09482,Article 9482,haut,M08,coton,sport,entree,F074,images/REF09482.jpg
REF09483,Article 9483,bas,M08,coton,sport,premium,F114,images/REF09483.jpg
REF09484,Article 9484,haut,M33,laine,sport,milieu,F030,images/REF09484.jpg
REF09485,Article 9485,maison,M39,lin,ville,premium,F107,images/REF09485.jpg
REF09486,Article 9486,maison,M14,coton,soiree,premium,F051,images/REF09486.jpg
REF09487,Article 9487,bas,M21,synthetique,ville,entree,F017,images/REF09487.jpg
REF09488,Article 9488,accessoire,M34,synthetique,sport,premium,F068,images/REF09488.jpg
REF09489,Article 9489,accessoire,M27,coton,sport,milieu,F105,images/REF09489.jpg
REF09490,Article 9490,accessoire,M31,laine,sport,entree,F137,images/REF09490.jpg
REF09491,Article 9491,bas,M32,coton,ville,premium,F001,images/REF09491.jpg
REF09492,Article 9492,haut,M03,laine,sport,milieu,F059,images/REF09492.jpg
REF09493,Article 9493,accessoire,M30,laine,ville,entree,F049,images/REF09493.jpg
REF09494,Article 9494,maison,M38,coton,sport,premium,F017,images/REF09494.jpg
REF09495,Article 9495,bas,M20,laine,sport,milieu,F119,images/REF09495.jpg
REF09496,Article 9496,accessoire,M34,lin,ville,entree,F046,images/REF09496.jpg
REF09497,Article 9497,accessoire,M30,laine,soiree,entree,F041,images/REF09497.jpg
REF09498,Article 9498,accessoire,M16,coton,soiree,entree,F022,images/REF09498.jpg
REF09499,Article 9499,maison,M29,lin,soiree,premium,F065,images/REF09499.jpg
REF09500,Article 9500,accessoire,M17,laine,sport,premium,F048,images/REF09500.jpg
REF09501,Article 9501,haut,M36,synthetique,soiree,milieu,F073,images/REF09501.jpg
REF09502,Article 9502,accessoire,M35,laine,sport,milieu,F018,images/REF09502.jpg
REF09503,Article 9503,bas,M21,laine,sport,milieu,F122,images/REF09503.jpg
REF09504,Article 9504,maison,M08,synthetique,soiree,premium,F113,images/REF09504.jpg
REF09505,Article 9505,maison,M39,lin,soiree,entree,F094,images/REF09505.jpg
REF09506,Article 9506,haut,M02,synthetique,soiree,entree,F008,images/REF09506.jpg
REF09507,Article 9507,bas,M21,synthetique,sport,entree,F001,images/REF09507.jpg
REF09508,Article 9508,haut,M31,lin,soiree,milieu,F108,images/REF09508.jpg
REF09509,Article 9509,accessoire,M10,lin,ville,premium,F012,images/REF09509.jpg
REF09510,Article 9510,bas,M39,lin,soiree,entree,F004,images/REF09510.jpg
REF09511,Article 9511,maison,M24,coton,sport,milieu,F052,images/REF09511.jpg
REF09512,Article 9512,maison,M10,synthetique,ville,entree,F078,images/REF09512.jpg
REF09513,Article 9513,maison,M40,synthetique,sport,premium,F107,images/REF09513.jpg
REF09514,Article 9514,maison,M05,coton,ville,milieu,F127,images/REF09514.jpg
REF09515,Article 9515,bas,M08,synthetique,sport,milieu,F115,images/REF09515.jpg
REF09516,Article 9516,bas,M33,synthetique,soiree,milieu,F058,images/REF09516.jpg
REF09517,Article 9517,bas,M03,laine,sport,premium,F090,images/REF09517.jpg
REF09518,Article 9518,accessoire,M04,synthetique,soiree,milieu,F083,images/REF09518.jpg
REF09519,Article 9519,maison,M29,synthetique,sport,premium,F026,images/REF09519.jpg
REF09520,Article 9520,maison,M05,lin,ville,entree,F012,images/REF09520.jpg
REF09521,Article 9521,bas,M02,synthetique,sport,milieu,F095,images/REF09521.jpg
REF09522,Article 9522,maison,M12,lin,soiree,entree,F028,images/REF09522.jpg
REF09523,Article 9523,accessoire,M08,lin,soiree,entree,F039,images/REF09523.jpg
REF09524,Article 9524,maison,M33,synthetique,ville,entree,F038,images/REF09524.jpg
REF09525,Article 9525,accessoire,M08,laine,ville,milieu,F123,images/REF09525.jpg
REF09526,Article 9526,bas,M25,laine,soiree,premium,F094,images/REF09526.jpg
REF09527,Article 9527,bas,M08,lin,ville,premium,F010,images/REF09527.jpg
REF09528,Article 9528,accessoire,M35,laine,soiree,entree,F132,images/REF09528.jpg
REF09529,Article 9529,accessoire,M10,synthetique,sport,entree,F010,images/REF09529.jpg
REF09530,Article 9530,maison,M23,lin,soiree,entree,F053,images/REF09530.jpg
REF09531,Article 9531,accessoire,M28,lin,soiree,premium,F092,images/REF09531.jpg
REF09532,Article 9532,bas,M10,synthetique,ville,milieu,F035,images/REF09532.jpg
REF09533,Article 9533,haut,M37,synthetique,soiree,premium,F015,images/REF09533.jpg
REF09534,Article 9534,maison,M25,lin,sport,premium,F072,images/REF09534.jpg
REF09535,Article 9535,accessoire,M12,lin,ville,premium,F019,images/REF09535.jpg
REF09536,Article 9536,bas,M20,coton,ville,milieu,F024,images/REF09536.jpg
REF09537,Article 9537,bas,M09,lin,soiree,entree,F073,images/REF09537.jpg
REF09538,Article 9538,accessoire,M05,coton,ville,milieu,F077,images/REF09538.jpg
REF09539,Article 9539,maison,M13,synthetique,soiree,premium,F123,images/REF09539.jpg
REF09540,Article 9540,haut,M36,synthetique,soiree,premium,F039,images/REF09540.jpg
REF09541,Article 9541,bas,M28,lin,sport,premium,F034,images/REF09541.jpg
REF09542,Article 9542,haut,M35,laine,soiree,entree,F130,images/REF09542.jpg
REF09543,Article 9543,accessoire,M19,coton,soiree,premium,F073,images/REF09543.jpg
REF09544,Article 9544,haut,M26,synthetique,sport,milieu,F135,images/REF09544.jpg
REF09545,Article 9545,bas,M10,laine,ville,milieu,F027,images/REF09545.jpg
REF09546,Article 9546,accessoire,M23,synthetique,soiree,premium,F035,images/REF09546.jpg
REF09547,Article 9547,haut,M40,lin,ville,premium,F057,images/REF09547.jpg
REF09548,Article 9548,haut,M16,synthetique,ville,premium,F032,images/REF09548.jpg
REF09549,Article 9549,maison,M40,synthetique,sport,milieu,F082,images/REF09549.jpg
REF09550,Article 9550,bas,M19,lin,ville,milieu,F050,images/REF09550.jpg
REF09551,Article 9551,accessoire,M09,lin,ville,entree,F113,images/REF09551.jpg
REF09552,Article 9552,accessoire,M06,laine,soiree,milieu,F090,images/REF09552.jpg
REF09553,Article 9553,bas,M25,laine,sport,entree,F105,images/REF09553.jpg
REF09554,Article 9554,bas,M36,coton,soiree,milieu,F028,images/REF09554.jpg
REF09555,Article 9555,accessoire,M28,coton,ville,entree,F057,images/REF09555.jpg
REF09556,Article 9556,haut,M32,lin,sport,premium,F127,images/REF09556.jpg
REF09557,Article 9557,accessoire,M37,coton,soiree,premium,F100,images/REF09557.jpg
REF09558,Article 9558,maison,M11,coton,sport,premium,F055,images/REF09558.jpg
REF09559,Article 9559,accessoire,M05,lin,ville,entree,F126,images/REF09559.jpg
REF09560,Article 9560,haut,M28,coton,soiree,entree,F103,images/REF09560.jpg
REF09561,Article 9561,accessoire,M29,synthetique,soiree,premium,F066,images/REF09561.jpg
REF09562,Article 9562,accessoire,M03,laine,soiree,entree,F099,images/REF09562.jpg
REF09563,Article 9563,haut,M24,laine,ville,milieu,F123,images/REF09563.jpg
REF09564,Article 9564,bas,M18,laine,sport,milieu,F140,images/REF09564.jpg
REF09565,Article 9565,maison,M25,coton,sport,premium,F046,images/REF09565.jpg
REF09566,Article 9566,maison,M30,synthetique,ville,premium,F007,images/REF09566.jpg
REF09567,Article 9567,bas,M36,laine,sport,milieu,F107,images/REF09567.jpg
REF09568,Article 9568,accessoire,M35,lin,soiree,entree,F120,images/REF09568.jpg
REF09569,Article 9569,haut,M34,coton,sport,premium,F115,images/REF09569.jpg
REF09570,Article 9570,bas,M33,lin,soiree,premium,F072,images/REF09570.jpg
REF09571,Article 9571,bas,M40,coton,soiree,milieu,F074,images/REF09571.jpg
REF09572,Article 9572,bas,M16,lin,sport,entree,F094,images/REF09572.jpg
REF09573,Article 9573,maison,M20,synthetique,sport,milieu,F108,images/REF09573.jpg
REF09574,Article 9574,maison,M35,laine,ville,premium,F110,images/REF09574.jpg
REF09575,Article 9575,haut,M26,laine,soiree,milieu,F096,images/REF09575.jpg
REF09576,Article 9576,bas,M15,laine,soiree,premium,F040,images/REF09576.jpg
REF09577,Article 9577,haut,M25,laine,soiree,entree,F064,images/REF09577.jpg
REF09578,Article 9578,maison,M17,synthetique,sport,premium,F046,images/REF09578.jpg
REF09579,Article 9579,haut,M39,coton,soiree,milieu,F076,images/REF09579.jpg
REF09580,Article 9580,accessoire,M02,coton,sport,milieu,F125,images/REF09580.jpg
REF09581,Article 9581,haut,M01,coton,soiree,entree,F024,images/REF09581.jpg
REF09582,Article 9582,accessoire,M07,synthetique,ville,entree,F130,images/REF09582.jpg
REF09583,Article 9583,haut,M12,synthetique,soiree,entree,F117,images/REF09583.jpg
REF09584,Article 9584,maison,M22,laine,sport,entree,F116,images/REF09584.jpg
REF09585,Article 9585,haut,M29,lin,sport,premium,F086,images/REF09585.jpg
REF09586,Article 9586,accessoire,M22,coton,sport,milieu,F129,images/REF09586.jpg
REF09587,Article 9587,maison,M34,laine,ville,entree,F033,images/REF09587.jpg
REF09588,Article 9588,accessoire,M34,lin,ville,premium,F136,images/REF09588.jpg
REF09589,Article 9589,accessoire,M32,lin,sport,premium,F066,images/REF09589.jpg
REF09590,Article 9590,accessoire,M31,coton,sport,milieu,F055,images/REF09590.jpg
REF09591,Article 9591,haut,M18,lin,soiree,entree,F070,images/REF09591.jpg
REF09592,Article 9592,haut,M08,laine,soiree,entree,F099,images/REF09592.jpg
REF09593,Article 9593,maison,M07,laine,soiree,entree,F119,images/REF09593.jpg
REF09594,Article 9594,bas,M40,lin,ville,premium,F045,images/REF09594.jpg
REF09595,Article 9595,haut,M40,laine,soiree,entree,F015,images/REF09595.jpg
REF09596,Article 9596,haut,M03,laine,soiree,entree,F033,images/REF09596.jpg
REF09597,Article 9597,maison,M34,lin,sport,premium,F044,images/REF09597.jpg
REF09598,Article 9598,haut,M19,coton,ville,entree,F007,images/REF09598.jpg
REF09599,Article 9599,accessoire,M06,coton,soiree,premium,F067,images/REF09599.jpg
REF09600,Article 9600,haut,M23,lin,soiree,entree,F107,images/REF09600.jpg
REF09601,Article 9601,bas,M19,coton,ville,premium,F131,images/REF09601.jpg
REF09602,Article 9602,accessoire,M22,laine,soiree,premium,F121,images/REF09602.jpg
REF09603,Article 9603,maison,M06,coton,sport,entree,F089,images/REF09603.jpg
REF09604,Article 9604,bas,M05,synthetique,soiree,entree,F065,images/REF09604.jpg
REF09605,Article 9605,maison,M21,laine,soiree,milieu,F136,images/REF09605.jpg
REF09606,Article 9606,haut,M08,laine,soiree,milieu,F022,images/REF09606.jpg
REF09607,Article 9607,haut,M10,lin,ville,premium,F105,images/REF09607.jpg
REF09608,Article 9608,bas,M03,coton,sport,entree,F060,images/REF09608.jpg
REF09609,Article 9609,accessoire,M28,lin,soiree,milieu,F032,images/REF09609.jpg
REF09610,Article 9610,maison,M03,lin,soiree,milieu,F088,images/REF09610.jpg
REF09611,Article 9611,maison,M34,lin,sport,premium,F106,images/REF09611.jpg
REF09612,Article 9612,haut,M25,synthetique,sport,premium,F028,images/REF09612.jpg
REF09613,Article 9613,bas,M13,synthetique,ville,entree,F122,images/REF09613.jpg
REF09614,Article 9614,haut,M14,coton,ville,entree,F054,images/REF09614.jpg
REF09615,Article 9615,haut,M14,synthetique,sport,entree,F030,images/REF09615.jpg
REF09616,Article 9616,maison,M11,coton,ville,premium,F139,images/REF09616.jpg
REF09617,Article 9617,haut,M35,synthetique,ville,milieu,F062,images/REF09617.jpg
REF09618,Article 9618,haut,M02,laine,ville,premium,F130,images/REF09618.jpg
REF09619,Article 9619,maison,M38,lin,ville,entree,F082,images/REF09619.jpg
REF09620,Article 9620,accessoire,M40,lin,sport,entree,F005,images/REF09620.jpg
REF09621,Article 9621,bas,M18,coton,sport,milieu,F112,images/REF09621.jpg
REF09622,Article 9622,haut,M34,coton,ville,entree,F057,images/REF09622.jpg
REF09623,Article 9623,bas,M04,synthetique,soiree,milieu,F107,images/REF09623.jpg
REF09624,Article 9624,haut,M10,lin,sport,premium,F093,images/REF09624.jpg
REF09625,Article 9625,bas,M35,lin,sport,milieu,F055,images/REF09625.jpg
REF09626,Article 9626,accessoire,M03,synthetique,sport,premium,F051,images/REF09626.jpg
REF09627,Article 9627,accessoire,M09,synthetique,ville,entree,F126,images/REF09627.jpg
REF09628,Article 9628,accessoire,M02,lin,soiree,entree,F043,images/REF09628.jpg
REF09629,Article 9629,accessoire,M18,laine,sport,milieu,F046,images/REF09629.jpg
REF09630,Article 9630,haut,M09,synthetique,ville,entree,F086,images/REF09630.jpg
REF09631,Article 9631,accessoire,M18,coton,sport,milieu,F046,images/REF09631.jpg
REF09632,Article 9632,bas,M17,laine,sport,milieu,F058,images/REF09632.jpg
REF09633,Article 9633,maison,M10,coton,soiree,entree,F041,images/REF09633.jpg
REF09634,Article 9634,haut,M32,coton,soiree,milieu,F121,images/REF09634.jpg
REF09635,Article 9635,accessoire,M33,lin,soiree,entree,F085,images/REF09635.jpg
REF09636,Article 9636,maison,M23,synthetique,sport,premium,F139,images/REF09636.jpg
REF09637,Article 9637,accessoire,M26,laine,sport,premium,F131,images/REF09637.jpg
REF09638,Article 9638,haut,M31,coton,soiree,premium,F062,images/REF09638.jpg
REF09639,Article 9639,bas,M40,coton,ville,milieu,F117,images/REF09639.jpg
REF09640,Article 9640,accessoire,M04,laine,sport,entree,F088,images/REF09640.jpg
REF09641,Article 9641,accessoire,M38,lin,soiree,premium,F126,images/REF09641.jpg
REF09642,Article 9642,maison,M16,laine,soiree,entree,F072,images/REF09642.jpg
REF09643,Article 9643,bas,M38,laine,ville,premium,F037,images/REF09643.jpg
REF09644,Article 9644,haut,M22,laine,sport,premium,F043,images/REF09644.jpg
REF09645,Article 9645,accessoire,M09,lin,soiree,premium,F106,images/REF09645.jpg
REF09646,Article 9646,accessoire,M40,coton,soiree,premium,F099,images/REF09646.jpg
REF09647,Article 9647,bas,M31,laine,sport,premium,F113,images/REF09647.jpg
REF09648,Article 9648,bas,M33,coton,soiree,premium,F007,images/REF09648.jpg
REF09649,Article 9649,bas,M02,lin,sport,premium,F039,images/REF09649.jpg
REF09650,Article 9650,maison,M39,synthetique,soiree,milieu,F040,images/REF09650.jpg
REF09651,Article 9651,haut,M14,coton,soiree,entree,F129,images/REF09651.jpg
REF09652,Article 9652,maison,M27,coton,sport,milieu,F088,images/REF09652.jpg
REF09653,Article 9653,haut,M14,laine,soiree,premium,F076,images/REF09653.jpg
REF09654,Article 9654,bas,M22,lin,sport,premium,F043,images/REF09654.jpg
REF09655,Article 9655,maison,M33,laine,soiree,milieu,F009,images/REF09655.jpg
REF09656,Article 9656,bas,M29,coton,soiree,milieu,F100,images/REF09656.jpg
REF09657,Article 9657,maison,M03,synthetique,sport,milieu,F092,images/REF09657.jpg
REF09658,Article 9658,maison,M28,laine,ville,milieu,F001,images/REF09658.jpg
REF09659,Article 9659,haut,M07,synthetique,sport,milieu,F047,images/REF09659.jpg
REF09660,Article 9660,accessoire,M07,synthetique,ville,premium,F063,images/REF09660.jpg
REF09661,Article 9661,haut,M09,lin,sport,milieu,F120,images/REF09661.jpg
REF09662,Article 9662,bas,M23,lin,ville,entree,F113,images/REF09662.jpg
REF09663,Article 9663,haut,M20,synthetique,sport,premium,F048,images/REF09663.jpg
REF09664,Article 9664,maison,M18,coton,soiree,entree,F138,images/REF09664.jpg
REF09665,Article 9665,haut,M09,coton,sport,entree,F043,images/REF09665.jpg
REF09666,Article 9666,accessoire,M07,lin,soiree,premium,F071,images/REF09666.jpg
REF09667,Article 9667,maison,M09,lin,soiree,entree,F060,images/REF09667.jpg
REF09668,Article 9668,haut,M22,laine,sport,premium,F139,images/REF09668.jpg
REF09669,Article 9669,accessoire,M35,lin,soiree,premium,F086,images/REF09669.jpg
REF09670,Article 9670,bas,M39,lin,sport,entree,F014,images/REF09670.jpg
REF09671,Article 9671,bas,M40,lin,ville,milieu,F026,images/REF09671.jpg
REF09672,Article 9672,bas,M09,coton,sport,premium,F062,images/REF09672.jpg
REF09673,Article 9673,bas,M14,coton,sport,entree,F009,images/REF09673.jpg
REF09674,Article 9674,bas,M23,laine,ville,milieu,F107,images/REF09674.jpg
REF09675,Article 9675,haut,M30,synthetique,sport,milieu,F035,images/REF09675.jpg
REF09676,Article 9676,bas,M29,lin,sport,milieu,F024,images/REF09676.jpg
REF09677,Article 9677,maison,M15,lin,soiree,milieu,F131,images/REF09677.jpg
REF09678,Article 9678,bas,M20,coton,soiree,milieu,F067,images/REF09678.jpg
REF09679,Article 9679,accessoire,M37,coton,ville,premium,F038,images/REF09679.jpg
REF09680,Article 9680,maison,M29,laine,soiree,milieu,F110,images/REF09680.jpg
REF09681,Article 9681,bas,M05,laine,ville,milieu,F096,images/REF09681.jpg
REF09682,Article 9682,maison,M27,lin,soiree,entree,F035,images/REF09682.jpg
REF09683,Article 9683,bas,M13,coton,sport,entree,F118,images/REF09683.jpg
REF09684,Article 9684,bas,M28,lin,soiree,milieu,F018,images/REF09684.jpg
REF09685,Article 9685,accessoire,M31,synthetique,soiree,milieu,F007,images/REF09685.jpg
REF09686,Article 9686,bas,M12,laine,ville,milieu,F094,images/REF09686.jpg
REF09687,Article 9687,accessoire,M05,lin,sport,entree,F019,images/REF09687.jpg
REF09688,Article 9688,bas,M33,lin,sport,premium,F068,images/REF09688.jpg
REF09689,Article 9689,bas,M18,laine,soiree,milieu,F018,images/REF09689.jpg
REF09690,Article 9690,haut,M14,coton,ville,premium,F068,images/REF09690.jpg
REF09691,Article 9691,accessoire,M08,synthetique,soiree,entree,F092,images/REF09691.jpg
REF09692,Article 9692,haut,M36,lin,ville,premium,F138,images/REF09692.jpg
REF09693,Article 9693,bas,M24,synthetique,ville,premium,F053,images/REF09693.jpg
REF09694,Article 9694,bas,M01,laine,soiree,entree,F115,images/REF09694.jpg
REF09695,Article 9695,bas,M30,synthetique,sport,milieu,F080,images/REF09695.jpg
REF09696,Article 9696,bas,M29,laine,soiree,entree,F073,images/REF09696.jpg
REF09697,Article 9697,haut,M13,laine,ville,entree,F114,images/REF09697.jpg
REF09698,Article 9698,haut,M34,laine,soiree,entree,F062,images/REF09698.jpg
REF09699,Article 9699,haut,M03,lin,sport,entree,F072,images/REF09699.jpg
REF09700,Article 9700,accessoire,M40,coton,ville,entree,F053,images/REF09700.jpg
REF09701,Article 9701,bas,M32,laine,soiree,premium,F123,images/REF09701.jpg
REF09702,Article 9702,bas,M15,coton,soiree,entree,F024,images/REF09702.jpg
REF09703,Article 9703,bas,M40,synthetique,sport,premium,F028,images/REF09703.jpg
REF09704,Article 9704,maison,M35,synthetique,soiree,entree,F122,images/REF09704.jpg
REF09705,Article 9705,accessoire,M10,lin,sport,entree,F055,images/REF09705.jpg
REF09706,Article 9706,maison,M30,coton,sport,milieu,F035,images/REF09706.jpg
REF09707,Article 9707,haut,M02,synthetique,sport,premium,F021,images/REF09707.jpg
REF09708,Article 9708,accessoire,M30,coton,sport,milieu,F033,images/REF09708.jpg
REF09709,Article 9709,haut,M30,laine,soiree,premium,F109,images/REF09709.jpg
REF09710,Article 9710,accessoire,M38,coton,sport,entree,F135,images/REF09710.jpg
REF09711,Article 9711,haut,M28,coton,ville,premium,F040,images/REF09711.jpg
REF09712,Article 9712,haut,M25,laine,sport,premium,F119,images/REF09712.jpg
REF09713,Article 9713,maison,M09,coton,ville,milieu,F079,images/REF09713.jpg
REF09714,Article 9714,accessoire,M24,synthetique,ville,entree,F114,images/REF09714.jpg
REF09715,Article 9715,accessoire,M39,synthetique,soiree,entree,F084,images/REF09715.jpg
REF09716,Article 9716,maison,M34,synthetique,soiree,entree,F117,images/REF09716.jpg
REF09717,Article 9717,accessoire,M04,synthetique,soiree,milieu,F131,images/REF09717.jpg
REF09718,Article 9718,maison,M31,synthetique,soiree,premium,F114,images/REF09718.jpg
REF09719,Article 9719,accessoire,M09,laine,sport,milieu,F088,images/REF09719.jpg
REF09720,Article 9720,maison,M03,lin,ville,milieu,F135,images/REF09720.jpg
REF09721,Article 9721,accessoire,M23,laine,sport,milieu,F134,images/REF09721.jpg
REF09722,Article 9722,accessoire,M40,laine,sport,entree,F018,images/REF09722.jpg
REF09723,Article 9723,bas,M19,coton,ville,milieu,F099,images/REF09723.jpg
REF09724,Article 9724,bas,M38,synthetique,soiree,milieu,F138,images/REF09724.jpg
REF09725,Article 9725,accessoire,M17,synthetique,soiree,premium,F021,images/REF09725.jpg
REF09726,Article 9726,haut,M07,lin,soiree,premium,F054,images/REF09726.jpg
REF09727,Article 9727,bas,M09,laine,soiree,premium,F009,images/REF09727.jpg
REF09728,Article 9728,haut,M37,laine,ville,premium,F060,images/REF09728.jpg
REF09729,Article 9729,haut,M22,laine,sport,milieu,F068,images/REF09729.jpg
REF09730,Article 9730,bas,M18,coton,soiree,milieu,F124,images/REF09730.jpg
REF09731,Article 9731,accessoire,M39,synthetique,ville,premium,F045,images/REF09731.jpg
REF09732,Article 9732,haut,M12,laine,soiree,entree,F113,images/REF09732.jpg
REF09733,Article 9733,maison,M13,synthetique,ville,entree,F022,images/REF09733.jpg
REF09734,Article 9734,bas,M39,laine,soiree,milieu,F009,images/REF09734.jpg
REF09735,Article 9735,accessoire,M10,lin,ville,premium,F026,images/REF09735.jpg
REF09736,Article 9736,maison,M29,laine,sport,entree,F128,images/REF09736.jpg
REF09737,Article 9737,maison,M36,lin,soiree,premium,F046,images/REF09737.jpg
REF09738,Article 9738,accessoire,M26,lin,sport,premium,F136,images/REF09738.jpg
REF09739,Article 9739,accessoire,M28,laine,soiree,entree,F024,images/REF09739.jpg
REF09740,Article 9740,accessoire,M18,synthetique,soiree,entree,F102,images/REF09740.jpg
REF09741,Article 9741,accessoire,M30,coton,ville,milieu,F069,images/REF09741.jpg
REF09742,Article 9742,haut,M36,lin,sport,premium,F123,images/REF09742.jpg
REF09743,Article 9743,maison,M03,synthetique,sport,milieu,F037,images/REF09743.jpg
REF09744,Article 9744,accessoire,M27,laine,sport,milieu,F113,images/REF09744.jpg
REF09745,Article 9745,accessoire,M18,laine,sport,milieu,F101,images/REF09745.jpg
REF09746,Article 9746,bas,M20,lin,soiree,milieu,F130,images/REF09746.jpg
REF09747,Article 9747,accessoire,M20,lin,ville,milieu,F118,images/REF09747.jpg
REF09748,Article 9748,maison,M24,coton,ville,entree,F134,images/REF09748.jpg
REF09749,Article 9749,maison,M10,lin,sport,entree,F140,images/REF09749.jpg
REF09750,Article 9750,accessoire,M04,coton,ville,entree,F005,images/REF09750.jpg
REF09751,Article 9751,maison,M21,synthetique,soiree,premium,F067,images/REF09751.jpg
REF09752,Article 9752,bas,M15,lin,soiree,entree,F132,images/REF09752.jpg
REF09753,Article 9753,accessoire,M02,laine,soiree,milieu,F018,images/REF09753.jpg
REF09754,Article 9754,bas,M31,laine,soiree,milieu,F136,images/REF09754.jpg
REF09755,Article 9755,maison,M11,laine,soiree,entree,F072,images/REF09755.jpg
REF09756,Article 9756,haut,M03,coton,sport,premium,F064,images/REF09756.jpg
REF09757,Article 9757,haut,M10,coton,ville,milieu,F090,images/REF09757.jpg
REF09758,Article 9758,bas,M27,coton,sport,entree,F061,images/REF09758.jpg
REF09759,Article 9759,haut,M08,synthetique,sport,entree,F131,images/REF09759.jpg
REF09760,Article 9760,accessoire,M08,synthetique,ville,milieu,F058,images/REF09760.jpg
REF09761,Article 9761,accessoire,M26,coton,ville,entree,F088,images/REF09761.jpg
REF09762,Article 9762,bas,M28,coton,ville,premium,F082,images/REF09762.jpg
REF09763,Article 9763,maison,M11,synthetique,sport,milieu,F106,images/REF09763.jpg
REF09764,Article 9764,maison,M39,coton,ville,premium,F096,images/REF09764.jpg
REF09765,Article 9765,accessoire,M28,synthetique,ville,milieu,F101,images/REF09765.jpg
REF09766,Article 9766,maison,M17,synthetique,soiree,milieu,F087,images/REF09766.jpg
REF09767,Article 9767,maison,M33,coton,ville,premium,F128,images/REF09767.jpg
REF09768,Article 9768,accessoire,M36,lin,soiree,milieu,F061,images/REF09768.jpg
REF09769,Article 9769,accessoire,M22,lin,ville,entree,F128,images/REF09769.jpg
REF09770,Article 9770,bas,M37,laine,ville,premium,F042,images/REF09770.jpg
REF09771,Article 9771,maison,M08,coton,soiree,premium,F052,images/REF09771.jpg
REF09772,Article 9772,accessoire,M07,coton,soiree,entree,F036,images/REF09772.jpg
REF09773,Article 9773,haut,M11,synthetique,sport,milieu,F058,images/REF09773.jpg
REF09774,Article 9774,accessoire,M07,laine,soiree,premium,F038,images/REF09774.jpg
REF09775,Article 9775,maison,M26,coton,ville,premium,F030,images/REF09775.jpg
REF09776,Article 9776,accessoire,M03,lin,ville,entree,F031,images/REF09776.jpg
REF09777,Article 9777,bas,M23,laine,sport,premium,F125,images/REF09777.jpg
REF09778,Article 9778,bas,M36,coton,ville,premium,F040,images/REF09778.jpg
REF09779,Article 9779,haut,M06,lin,soiree,premium,F006,images/REF09779.jpg
REF09780,Article 9780,bas,M09,coton,ville,milieu,F138,images/REF09780.jpg
REF09781,Article 9781,bas,M28,lin,soiree,milieu,F017,images/REF09781.jpg
REF09782,Article 9782,haut,M22,coton,ville,premium,F002,images/REF09782.jpg
REF09783,Article 9783,haut,M23,laine,sport,premium,F066,images/REF09783.jpg
REF09784,Article 9784,haut,M11,lin,soiree,entree,F099,images/REF09784.jpg
REF09785,Article 9785,haut,M19,lin,sport,milieu,F116,images/REF09785.jpg
REF09786,Article 9786,bas,M39,laine,sport,entree,F070,images/REF09786.jpg
REF09787,Article 9787,maison,M12,coton,ville,premium,F058,images/REF09787.jpg
REF09788,Article 9788,bas,M02,coton,soiree,premium,F018,images/REF09788.jpg
REF09789,Article 9789,maison,M13,synthetique,sport,entree,F102,images/REF09789.jpg
REF09790,Article 9790,bas,M34,laine,ville,premium,F078,images/REF09790.jpg
REF09791,Article 9791,bas,M32,lin,soiree,entree,F064,images/REF09791.jpg
REF09792,Article 9792,bas,M19,lin,ville,entree,F013,images/REF09792.jpg
REF09793,Article 9793,accessoire,M04,laine,soiree,entree,F115,images/REF09793.jpg
REF09794,Article 9794,bas,M31,laine,ville,milieu,F054,images/REF09794.jpg
REF09795,Article 9795,maison,M10,coton,soiree,premium,F114,images/REF09795.jpg
REF09796,Article 9796,accessoire,M21,lin,sport,premium,F085,images/REF09796.jpg
REF09797,Article 9797,maison,M05,synthetique,ville,premium,F097,images/REF09797.jpg
REF09798,Article 9798,bas,M11,coton,soiree,milieu,F125,images/REF09798.jpg
REF09799,Article 9799,bas,M07,laine,ville,milieu,F078,images/REF09799.jpg
REF09800,Article 9800,accessoire,M33,lin,sport,premium,F140,images/REF09800.jpg
REF09801,Article 9801,bas,M19,synthetique,soiree,entree,F023,images/REF09801.jpg
REF09802,Article 9802,maison,M10,coton,sport,entree,F069,images/REF09802.jpg
REF09803,Article 9803,accessoire,M08,synthetique,ville,premium,F052,images/REF09803.jpg
REF09804,Article 9804,bas,M03,synthetique,soiree,milieu,F052,images/REF09804.jpg
REF09805,Article 9805,bas,M03,laine,ville,premium,F019,images/REF09805.jpg
REF09806,Article 9806,maison,M12,synthetique,soiree,milieu,F008,images/REF09806.jpg
REF09807,Article 9807,maison,M12,coton,sport,milieu,F097,images/REF09807.jpg
REF09808,Article 9808,haut,M15,coton,soiree,milieu,F037,images/REF09808.jpg
REF09809,Article 9809,haut,M15,lin,sport,milieu,F074,images/REF09809.jpg
REF09810,Article 9810,bas,M03,synthetique,sport,entree,F030,images/REF09810.jpg
REF09811,Article 9811,haut,M38,lin,soiree,premium,F090,images/REF09811.jpg
REF09812,Article 9812,haut,M16,laine,ville,premium,F113,images/REF09812.jpg
REF09813,Article 9813,bas,M28,laine,soiree,entree,F039,images/REF09813.jpg
REF09814,Article 9814,bas,M01,synthetique,ville,entree,F074,images/REF09814.jpg
REF09815,Article 9815,accessoire,M14,synthetique,sport,premium,F018,images/REF09815.jpg
REF09816,Article 9816,bas,M39,synthetique,ville,entree,F067,images/REF09816.jpg
REF09817,Article 9817,bas,M38,coton,sport,premium,F021,images/REF09817.jpg
REF09818,Article 9818,bas,M13,lin,sport,milieu,F062,images/REF09818.jpg
REF09819,Article 9819,accessoire,M05,laine,soiree,entree,F112,images/REF09819.jpg
REF09820,Article 9820,haut,M19,laine,soiree,entree,F016,images/REF09820.jpg
REF09821,Article 9821,accessoire,M12,synthetique,soiree,premium,F112,images/REF09821.jpg
REF09822,Article 9822,haut,M32,lin,sport,milieu,F061,images/REF09822.jpg
REF09823,Article 9823,accessoire,M07,laine,soiree,entree,F060,images/REF09823.jpg
REF09824,Article 9824,maison,M35,coton,sport,milieu,F025,images/REF09824.jpg
REF09825,Article 9825,bas,M26,lin,soiree,entree,F050,images/REF09825.jpg
REF09826,Article 9826,maison,M03,coton,sport,milieu,F124,images/REF09826.jpg
REF09827,Article 9827,haut,M25,coton,ville,milieu,F020,images/REF09827.jpg
REF09828,Article 9828,haut,M15,synthetique,sport,milieu,F131,images/REF09828.jpg
REF09829,Article 9829,maison,M05,synthetique,soiree,premium,F001,images/REF09829.jpg
REF09830,Article 9830,accessoire,M36,lin,sport,entree,F075,images/REF09830.jpg
REF09831,Article 9831,bas,M13,laine,ville,entree,F025,images/REF09831.jpg
REF09832,Article 9832,bas,M32,synthetique,sport,entree,F042,images/REF09832.jpg
REF09833,Article 9833,haut,M35,coton,soiree,premium,F069,images/REF09833.jpg
REF09834,Article 9834,accessoire,M37,coton,ville,premium,F030,images/REF09834.jpg
REF09835,Article 9835,accessoire,M31,coton,sport,entree,F085,images/REF09835.jpg
REF09836,Article 9836,accessoire,M02,synthetique,soiree,premium,F095,images/REF09836.jpg
REF09837,Article 9837,accessoire,M20,laine,ville,premium,F036,images/REF09837.jpg
REF09838,Article 9838,maison,M05,synthetique,ville,entree,F105,images/REF09838.jpg
REF09839,Article 9839,accessoire,M04,laine,soiree,entree,F049,images/REF09839.jpg
REF09840,Article 9840,maison,M35,synthetique,ville,premium,F043,images/REF09840.jpg
REF09841,Article 9841,haut,M14,lin,soiree,entree,F050,images/REF09841.jpg
REF09842,Article 9842,bas,M33,lin,sport,premium,F088,images/REF09842.jpg
REF09843,Article 9843,bas,M40,laine,soiree,milieu,F056,images/REF09843.jpg
REF09844,Article 9844,maison,M14,laine,soiree,milieu,F091,images/REF09844.jpg
REF09845,Article 9845,bas,M31,lin,soiree,premium,F054,images/REF09845.jpg
REF09846,Article 9846,haut,M01,coton,soiree,milieu,F060,images/REF09846.jpg
REF09847,Article 9847,accessoire,M25,lin,sport,milieu,F101,images/REF09847.jpg
REF09848,Article 9848,maison,M14,coton,sport,milieu,F056,images/REF09848.jpg
REF09849,Article 9849,accessoire,M04,synthetique,ville,entree,F091,images/REF09849.jpg
REF09850,Article 9850,haut,M25,coton,soiree,premium,F018,images/REF09850.jpg
REF09851,Article 9851,accessoire,M40,laine,ville,entree,F063,images/REF09851.jpg
REF09852,Article 9852,haut,M08,laine,soiree,milieu,F027,images/REF09852.jpg
REF09853,Article 9853,bas,M20,synthetique,sport,premium,F081,images/REF09853.jpg
REF09854,Article 9854,bas,M11,synthetique,soiree,premium,F095,images/REF09854.jpg
REF09855,Article 9855,accessoire,M13,laine,soiree,entree,F041,images/REF09855.jpg
REF09856,Article 9856,haut,M21,synthetique,ville,entree,F059,images/REF09856.jpg
REF09857,Article 9857,haut,M37,synthetique,sport,entree,F085,images/REF09857.jpg
REF09858,Article 9858,maison,M03,laine,soiree,premium,F123,images/REF09858.jpg
REF09859,Article 9859,haut,M24,synthetique,ville,milieu,F099,images/REF09859.jpg
REF09860,Article 9860,haut,M26,laine,sport,premium,F132,images/REF09860.jpg
REF09861,Article 9861,accessoire,M10,lin,sport,entree,F014,images/REF09861.jpg
REF09862,Article 9862,bas,M35,synthetique,sport,milieu,F134,images/REF09862.jpg
REF09863,Article 9863,maison,M01,synthetique,sport,premium,F104,images/REF09863.jpg
REF09864,Article 9864,accessoire,M32,coton,soiree,entree,F035,images/REF09864.jpg
REF09865,Article 9865,accessoire,M29,coton,soiree,premium,F115,images/REF09865.jpg
REF09866,Article 9866,maison,M33,synthetique,sport,entree,F100,images/REF09866.jpg
REF09867,Article 9867,haut,M33,laine,soiree,entree,F118,images/REF09867.jpg
REF09868,Article 9868,maison,M15,coton,ville,entree,F068,images/REF09868.jpg
REF09869,Article 9869,maison,M01,synthetique,ville,entree,F087,images/REF09869.jpg
REF09870,Article 9870,accessoire,M38,coton,sport,entree,F037,images/REF09870.jpg
REF09871,Article 9871,maison,M17,synthetique,ville,entree,F002,images/REF09871.jpg
REF09872,Article 9872,haut,M40,laine,ville,premium,F056,images/REF09872.jpg
REF09873,Article 9873,bas,M24,coton,ville,milieu,F076,images/REF09873.jpg
REF09874,Article 9874,haut,M14,laine,soiree,milieu,F094,images/REF09874.jpg
REF09875,Article 9875,accessoire,M40,coton,sport,milieu,F062,images/REF09875.jpg
REF09876,Article 9876,accessoire,M18,synthetique,soiree,premium,F137,images/REF09876.jpg
REF09877,Article 9877,accessoire,M20,coton,soiree,premium,F117,images/REF09877.jpg
REF09878,Article 9878,haut,M21,coton,ville,premium,F097,images/REF09878.jpg
REF09879,Article 9879,bas,M31,laine,soiree,premium,F036,images/REF09879.jpg
REF09880,Article 9880,maison,M26,synthetique,soiree,premium,F098,images/REF09880.jpg
REF09881,Article 9881,bas,M28,synthetique,sport,milieu,F021,images/REF09881.jpg
REF09882,Article 9882,maison,M15,synthetique,sport,milieu,F016,images/REF09882.jpg
REF09883,Article 9883,haut,M21,synthetique,ville,milieu,F073,images/REF09883.jpg
REF09884,Article 9884,accessoire,M36,synthetique,sport,premium,F085,images/REF09884.jpg
REF09885,Article 9885,haut,M23,synthetique,ville,entree,F025,images/REF09885.jpg
REF09886,Article 9886,maison,M39,coton,soiree,entree,F074,images/REF09886.jpg
REF09887,Article 9887,bas,M17,coton,sport,premium,F082,images/REF09887.jpg
REF09888,Article 9888,bas,M13,lin,ville,premium,F115,images/REF09888.jpg
REF09889,Article 9889,haut,M12,coton,soiree,entree,F131,images/REF09889.jpg
REF09890,Article 9890,maison,M40,lin,ville,premium,F010,images/REF09890.jpg
REF09891,Article 9891,accessoire,M24,laine,ville,milieu,F036,images/REF09891.jpg
REF09892,Article 9892,haut,M39,lin,ville,entree,F059,images/REF09892.jpg
REF09893,Article 9893,bas,M35,laine,ville,premium,F114,images/REF09893.jpg
REF09894,Article 9894,bas,M20,laine,soiree,entree,F105,images/REF09894.jpg
REF09895,Article 9895,haut,M31,coton,sport,entree,F070,images/REF09895.jpg
REF09896,Article 9896,accessoire,M22,coton,ville,premium,F020,images/REF09896.jpg
REF09897,Article 9897,accessoire,M10,coton,ville,premium,F069,images/REF09897.jpg
REF09898,Article 9898,maison,M35,lin,ville,premium,F033,images/REF09898.jpg
REF09899,Article 9899,haut,M26,lin,sport,entree,F117,images/REF09899.jpg
REF09900,Article 9900,haut,M22,synthetique,soiree,milieu,F004,images/REF09900.jpg
REF09901,Article 9901,bas,M01,laine,ville,milieu,F012,images/REF09901.jpg
REF09902,Article 9902,maison,M35,lin,sport,milieu,F072,images/REF09902.jpg
REF09903,Article 9903,maison,M36,lin,ville,entree,F058,images/REF09903.jpg
REF09904,Article 9904,bas,M36,lin,sport,milieu,F017,images/REF09904.jpg
REF09905,Article 9905,bas,M01,laine,ville,premium,F043,images/REF09905.jpg
REF09906,Article 9906,maison,M02,synthetique,ville,premium,F077,images/REF09906.jpg
REF09907,Article 9907,haut,M09,laine,ville,premium,F002,images/REF09907.jpg
REF09908,Article 9908,maison,M38,laine,soiree,milieu,F066,images/REF09908.jpg
REF09909,Article 9909,haut,M28,coton,ville,premium,F090,images/REF09909.jpg
REF09910,Article 9910,maison,M10,laine,soiree,milieu,F030,images/REF09910.jpg
REF09911,Article 9911,bas,M27,laine,soiree,entree,F028,images/REF09911.jpg
REF09912,Article 9912,accessoire,M04,laine,ville,premium,F023,images/REF09912.jpg
REF09913,Article 9913,maison,M35,lin,sport,entree,F021,images/REF09913.jpg
REF09914,Article 9914,haut,M26,synthetique,soiree,milieu,F112,images/REF09914.jpg
REF09915,Article 9915,accessoire,M31,coton,sport,entree,F068,images/REF09915.jpg
REF09916,Article 9916,bas,M05,synthetique,sport,premium,F105,images/REF09916.jpg
REF09917,Article 9917,bas,M08,laine,ville,milieu,F063,images/REF09917.jpg
REF09918,Article 9918,bas,M15,laine,ville,premium,F071,images/REF09918.jpg
REF09919,Article 9919,haut,M16,synthetique,ville,entree,F098,images/REF09919.jpg
REF09920,Article 9920,accessoire,M29,lin,sport,premium,F101,images/REF09920.jpg
REF09921,Article 9921,bas,M35,synthetique,sport,milieu,F083,images/REF09921.jpg
REF09922,Article 9922,bas,M18,lin,soiree,milieu,F067,images/REF09922.jpg
REF09923,Article 9923,haut,M07,laine,sport,premium,F016,images/REF09923.jpg
REF09924,Article 9924,bas,M13,synthetique,sport,entree,F067,images/REF09924.jpg
REF09925,Article 9925,accessoire,M21,synthetique,ville,entree,F035,images/REF09925.jpg
REF09926,Article 9926,bas,M09,laine,sport,premium,F055,images/REF09926.jpg
REF09927,Article 9927,accessoire,M20,synthetique,sport,premium,F090,images/REF09927.jpg
REF09928,Article 9928,accessoire,M32,laine,soiree,premium,F024,images/REF09928.jpg
REF09929,Article 9929,accessoire,M31,synthetique,ville,premium,F106,images/REF09929.jpg
REF09930,Article 9930,haut,M18,synthetique,sport,entree,F089,images/REF09930.jpg
REF09931,Article 9931,haut,M38,coton,sport,premium,F136,images/REF09931.jpg
REF09932,Article 9932,bas,M22,lin,ville,premium,F061,images/REF09932.jpg
REF09933,Article 9933,accessoire,M16,synthetique,ville,entree,F080,images/REF09933.jpg
REF09934,Article 9934,maison,M05,lin,soiree,premium,F128,images/REF09934.jpg
REF09935,Article 9935,accessoire,M37,lin,soiree,premium,F116,images/REF09935.jpg
REF09936,Article 9936,bas,M08,coton,sport,entree,F045,images/REF09936.jpg
REF09937,Article 9937,maison,M21,lin,soiree,milieu,F076,images/REF09937.jpg
REF09938,Article 9938,bas,M05,synthetique,sport,milieu,F122,images/REF09938.jpg
REF09939,Article 9939,maison,M40,coton,ville,milieu,F085,images/REF09939.jpg
REF09940,Article 9940,maison,M35,coton,sport,milieu,F001,images/REF09940.jpg
REF09941,Article 9941,bas,M15,synthetique,soiree,entree,F108,images/REF09941.jpg
REF09942,Article 9942,accessoire,M31,laine,ville,entree,F102,images/REF09942.jpg
REF09943,Article 9943,accessoire,M34,coton,soiree,premium,F130,images/REF09943.jpg
REF09944,Article 9944,bas,M34,lin,ville,entree,F131,images/REF09944.jpg
REF09945,Article 9945,haut,M10,lin,soiree,premium,F051,images/REF09945.jpg
REF09946,Article 9946,haut,M40,coton,sport,milieu,F017,images/REF09946.jpg
REF09947,Article 9947,maison,M29,laine,ville,milieu,F006,images/REF09947.jpg
REF09948,Article 9948,maison,M30,laine,sport,entree,F109,images/REF09948.jpg
REF09949,Article 9949,haut,M02,synthetique,soiree,milieu,F040,images/REF09949.jpg
REF09950,Article 9950,maison,M33,synthetique,ville,entree,F075,images/REF09950.jpg
REF09951,Article 9951,bas,M22,coton,soiree,premium,F007,images/REF09951.jpg
REF09952,Article 9952,maison,M34,synthetique,ville,premium,F105,images/REF09952.jpg
REF09953,Article 9953,haut,M20,synthetique,sport,entree,F100,images/REF09953.jpg
REF09954,Article 9954,maison,M32,coton,ville,milieu,F111,images/REF09954.jpg
REF09955,Article 9955,haut,M02,coton,soiree,milieu,F041,images/REF09955.jpg
REF09956,Article 9956,maison,M38,lin,ville,milieu,F100,images/REF09956.jpg
REF09957,Article 9957,bas,M07,laine,sport,premium,F038,images/REF09957.jpg
REF09958,Article 9958,maison,M36,lin,sport,milieu,F125,images/REF09958.jpg
REF09959,Article 9959,bas,M03,lin,ville,milieu,F101,images/REF09959.jpg
REF09960,Article 9960,bas,M17,laine,soiree,milieu,F107,images/REF09960.jpg
REF09961,Article 9961,accessoire,M35,coton,soiree,entree,F095,images/REF09961.jpg
REF09962,Article 9962,bas,M40,synthetique,ville,milieu,F093,images/REF09962.jpg
REF09963,Article 9963,accessoire,M18,laine,ville,milieu,F133,images/REF09963.jpg
REF09964,Article 9964,bas,M37,lin,soiree,milieu,F019,images/REF09964.jpg
REF09965,Article 9965,haut,M03,synthetique,soiree,milieu,F086,images/REF09965.jpg
REF09966,Article 9966,haut,M20,lin,sport,entree,F002,images/REF09966.jpg
REF09967,Article 9967,bas,M14,laine,sport,milieu,F064,images/REF09967.jpg
REF09968,Article 9968,haut,M30,lin,ville,entree,F034,images/REF09968.jpg
REF09969,Article 9969,maison,M09,synthetique,ville,milieu,F032,images/REF09969.jpg
REF09970,Article 9970,accessoire,M35,synthetique,sport,milieu,F089,images/REF09970.jpg
REF09971,Article 9971,maison,M25,lin,sport,entree,F104,images/REF09971.jpg
REF09972,Article 9972,accessoire,M36,laine,soiree,milieu,F059,images/REF09972.jpg
REF09973,Article 9973,haut,M29,lin,ville,premium,F034,images/REF09973.jpg
REF09974,Article 9974,accessoire,M16,coton,sport,premium,F034,images/REF09974.jpg
REF09975,Article 9975,bas,M32,synthetique,soiree,entree,F097,images/REF09975.jpg
REF09976,Article 9976,accessoire,M06,coton,sport,entree,F085,images/REF09976.jpg
REF09977,Article 9977,haut,M27,lin,soiree,entree,F113,images/REF09977.jpg
REF09978,Article 9978,haut,M27,coton,soiree,milieu,F110,images/REF09978.jpg
REF09979,Article 9979,haut,M06,synthetique,soiree,entree,F106,images/REF09979.jpg
REF09980,Article 9980,bas,M25,lin,ville,milieu,F044,images/REF09980.jpg
REF09981,Article 9981,bas,M39,lin,ville,entree,F104,images/REF09981.jpg
REF09982,Article 9982,maison,M23,coton,sport,entree,F097,images/REF09982.jpg
REF09983,Article 9983,accessoire,M38,synthetique,ville,premium,F065,images/REF09983.jpg
REF09984,Article 9984,maison,M28,lin,ville,entree,F004,images/REF09984.jpg
REF09985,Article 9985,haut,M04,coton,soiree,entree,F051,images/REF09985.jpg
REF09986,Article 9986,bas,M24,coton,ville,premium,F044,images/REF09986.jpg
REF09987,Article 9987,bas,M35,synthetique,ville,entree,F028,images/REF09987.jpg
REF09988,Article 9988,bas,M25,synthetique,sport,milieu,F038,images/REF09988.jpg
REF09989,Article 9989,haut,M40,coton,ville,milieu,F033,images/REF09989.jpg
REF09990,Article 9990,haut,M27,coton,sport,entree,F118,images/REF09990.jpg
REF09991,Article 9991,haut,M38,laine,sport,entree,F005,images/REF09991.jpg
REF09992,Article 9992,bas,M35,laine,ville,premium,F078,images/REF09992.jpg
REF09993,Article 9993,bas,M30,coton,ville,milieu,F085,images/REF09993.jpg
REF09994,Article 9994,bas,M01,laine,soiree,premium,F130,images/REF09994.jpg
REF09995,Article 9995,maison,M01,coton,ville,entree,F052,images/REF09995.jpg
REF09996,Article 9996,bas,M03,synthetique,soiree,entree,F080,images/REF09996.jpg
REF09997,Article 9997,haut,M39,lin,sport,milieu,F081,images/REF09997.jpg
REF09998,Article 9998,maison,M11,coton,ville,entree,F010,images/REF09998.jpg
REF09999,Article 9999,bas,M26,lin,soiree,entree,F074,images/REF09999.jpg
REF10000,Article 10000,haut,M14,lin,ville,milieu,F032,images/REF10000.jpg
REF10001,Article 10001,accessoire,M27,laine,soiree,entree,F069,images/REF10001.jpg
REF10002,Article 10002,bas,M07,lin,ville,milieu,F112,images/REF10002.jpg
REF10003,Article 10003,accessoire,M22,laine,sport,entree,F048,images/REF10003.jpg
REF10004,Article 10004,haut,M13,synthetique,soiree,milieu,F047,images/REF10004.jpg
REF10005,Article 10005,maison,M21,synthetique,soiree,milieu,F017,images/REF10005.jpg
REF10006,Article 10006,bas,M16,laine,sport,premium,F060,images/REF10006.jpg
REF10007,Article 10007,maison,M30,laine,soiree,premium,F071,images/REF10007.jpg
REF10008,Article 10008,maison,M26,laine,soiree,premium,F118,images/REF10008.jpg
REF10009,Article 10009,haut,M34,synthetique,soiree,milieu,F035,images/REF10009.jpg
REF10010,Article 10010,haut,M19,synthetique,soiree,milieu,F021,images/REF10010.jpg
REF10011,Article 10011,maison,M09,lin,ville,entree,F081,images/REF10011.jpg
REF10012,Article 10012,accessoire,M28,coton,ville,premium,F090,images/REF10012.jpg
REF10013,Article 10013,maison,M27,coton,sport,milieu,F073,images/REF10013.jpg
REF10014,Article 10014,accessoire,M12,synthetique,ville,entree,F063,images/REF10014.jpg
REF10015,Article 10015,haut,M32,laine,sport,milieu,F126,images/REF10015.jpg
REF10016,Article 10016,accessoire,M11,lin,soiree,milieu,F087,images/REF10016.jpg
REF10017,Article 10017,bas,M20,synthetique,sport,entree,F096,images/REF10017.jpg
REF10018,Article 10018,accessoire,M06,synthetique,soiree,premium,F115,images/REF10018.jpg
REF10019,Article 10019,maison,M39,laine,soiree,milieu,F130,images/REF10019.jpg
REF10020,Article 10020,accessoire,M14,lin,soiree,entree,F116,images/REF10020.jpg
REF10021,Article 10021,maison,M33,coton,ville,premium,F012,images/REF10021.jpg
REF10022,Article 10022,bas,M40,laine,sport,premium,F031,images/REF10022.jpg
REF10023,Article 10023,bas,M19,coton,ville,premium,F133,images/REF10023.jpg
REF10024,Article 10024,bas,M13,laine,ville,premium,F003,images/REF10024.jpg
REF10025,Article 10025,haut,M12,coton,ville,entree,F021,images/REF10025.jpg
REF10026,Article 10026,maison,M30,synthetique,ville,premium,F125,images/REF10026.jpg
REF10027,Article 10027,accessoire,M19,synthetique,sport,premium,F056,images/REF10027.jpg
REF10028,Article 10028,haut,M19,lin,sport,premium,F032,images/REF10028.jpg
REF10029,Article 10029,maison,M19,coton,sport,milieu,F031,images/REF10029.jpg
REF10030,Article 10030,maison,M31,laine,soiree,premium,F073,images/REF10030.jpg
REF10031,Article 10031,accessoire,M03,lin,sport,entree,F062,images/REF10031.jpg
REF10032,Article 10032,maison,M12,coton,sport,premium,F136,images/REF10032.jpg
REF10033,Article 10033,haut,M01,coton,ville,premium,F082,images/REF10033.jpg
REF10034,Article 10034,accessoire,M17,lin,sport,entree,F027,images/REF10034.jpg
REF10035,Article 10035,accessoire,M18,lin,sport,premium,F060,images/REF10035.jpg
REF10036,Article 10036,bas,M01,coton,sport,premium,F016,images/REF10036.jpg
REF10037,Article 10037,haut,M12,laine,soiree,milieu,F094,images/REF10037.jpg
REF10038,Article 10038,bas,M25,lin,sport,premium,F108,images/REF10038.jpg
REF10039,Article 10039,maison,M21,synthetique,sport,entree,F008,images/REF10039.jpg
REF10040,Article 10040,accessoire,M06,laine,ville,entree,F128,images/REF10040.jpg
REF10041,Article 10041,bas,M20,coton,soiree,entree,F098,images/REF10041.jpg
REF10042,Article 10042,accessoire,M19,lin,sport,entree,F080,images/REF10042.jpg
REF10043,Article 10043,haut,M29,laine,ville,milieu,F023,images/REF10043.jpg
REF10044,Article 10044,maison,M05,coton,soiree,milieu,F001,images/REF10044.jpg
REF10045,Article 10045,accessoire,M32,lin,ville,entree,F105,images/REF10045.jpg
REF10046,Article 10046,bas,M30,lin,ville,milieu,F124,images/REF10046.jpg
REF10047,Article 10047,accessoire,M23,coton,ville,premium,F115,images/REF10047.jpg
REF10048,Article 10048,haut,M32,laine,soiree,milieu,F110,images/REF10048.jpg
REF10049,Article 10049,haut,M20,coton,soiree,premium,F127,images/REF10049.jpg
REF10050,Article 10050,bas,M36,lin,soiree,milieu,F106,images/REF10050.jpg
REF10051,Article 10051,bas,M08,coton,sport,milieu,F087,images/REF10051.jpg
REF10052,Article 10052,maison,M33,synthetique,soiree,milieu,F054,images/REF10052.jpg
REF10053,Article 10053,maison,M07,lin,soiree,entree,F023,images/REF10053.jpg
REF10054,Article 10054,haut,M01,laine,ville,premium,F076,images/REF10054.jpg
REF10055,Article 10055,bas,M29,synthetique,ville,entree,F096,images/REF10055.jpg
REF10056,Article 10056,bas,M31,laine,soiree,milieu,F089,images/REF10056.jpg
REF10057,Article 10057,bas,M36,lin,ville,entree,F059,images/REF10057.jpg
REF10058,Article 10058,haut,M12,laine,sport,entree,F005,images/REF10058.jpg
REF10059,Article 10059,bas,M26,laine,soiree,milieu,F063,images/REF10059.jpg
REF10060,Article 10060,accessoire,M11,coton,ville,premium,F125,images/REF10060.jpg
REF10061,Article 10061,maison,M04,coton,soiree,milieu,F103,images/REF10061.jpg
REF10062,Article 10062,bas,M08,synthetique,sport,premium,F132,images/REF10062.jpg
REF10063,Article 10063,haut,M25,laine,sport,premium,F085,images/REF10063.jpg
REF10064,Article 10064,maison,M14,lin,soiree,premium,F003,images/REF10064.jpg
REF10065,Article 10065,bas,M10,coton,ville,milieu,F122,images/REF10065.jpg
REF10066,Article 10066,accessoire,M11,lin,sport,premium,F083,images/REF10066.jpg
REF10067,Article 10067,maison,M29,synthetique,soiree,milieu,F113,images/REF10067.jpg
REF10068,Article 10068,accessoire,M04,laine,ville,milieu,F035,images/REF10068.jpg
REF10069,Article 10069,haut,M40,coton,sport,premium,F103,images/REF10069.jpg
REF10070,Article 10070,accessoire,M27,laine,ville,milieu,F069,images/REF10070.jpg
REF10071,Article 10071,accessoire,M21,lin,soiree,milieu,F006,images/REF10071.jpg
REF10072,Article 10072,bas,M27,coton,ville,milieu,F090,images/REF10072.jpg
REF10073,Article 10073,maison,M09,laine,ville,entree,F104,images/REF10073.jpg
REF10074,Article 10074,bas,M31,synthetique,ville,entree,F122,images/REF10074.jpg
REF10075,Article 10075,bas,M10,lin,ville,premium,F033,images/REF10075.jpg
REF10076,Article 10076,haut,M16,synthetique,ville,milieu,F104,images/REF10076.jpg
REF10077,Article 10077,accessoire,M34,coton,sport,milieu,F069,images/REF10077.jpg
REF10078,Article 10078,bas,M16,lin,ville,premium,F008,images/REF10078.jpg
REF10079,Article 10079,maison,M40,coton,ville,milieu,F052,images/REF10079.jpg
REF10080,Article 10080,haut,M34,synthetique,sport,premium,F010,images/REF10080.jpg
REF10081,Article 10081,haut,M40,laine,ville,milieu,F060,images/REF10081.jpg
REF10082,Article 10082,haut,M38,coton,soiree,premium,F040,images/REF10082.jpg
REF10083,Article 10083,haut,M35,lin,sport,entree,F031,images/REF10083.jpg
REF10084,Article 10084,bas,M05,coton,ville,milieu,F002,images/REF10084.jpg
REF10085,Article 10085,accessoire,M16,synthetique,ville,premium,F109,images/REF10085.jpg
REF10086,Article 10086,accessoire,M31,synthetique,ville,milieu,F008,images/REF10086.jpg
REF10087,Article 10087,maison,M31,laine,soiree,entree,F068,images/REF10087.jpg
REF10088,Article 10088,bas,M34,lin,ville,entree,F140,images/REF10088.jpg
REF10089,Article 10089,bas,M15,laine,sport,entree,F037,images/REF10089.jpg
REF10090,Article 10090,haut,M22,coton,sport,entree,F009,images/REF10090.jpg
REF10091,Article 10091,maison,M13,coton,ville,entree,F040,images/REF10091.jpg
REF10092,Article 10092,maison,M30,coton,ville,entree,F118,images/REF10092.jpg
REF10093,Article 10093,haut,M12,lin,soiree,entree,F107,images/REF10093.jpg
REF10094,Article 10094,bas,M31,laine,ville,milieu,F016,images/REF10094.jpg
REF10095,Article 10095,bas,M20,coton,soiree,entree,F042,images/REF10095.jpg
REF10096,Article 10096,bas,M39,coton,sport,entree,F064,images/REF10096.jpg
REF10097,Article 10097,haut,M29,laine,sport,entree,F128,images/REF10097.jpg
REF10098,Article 10098,haut,M35,lin,soiree,milieu,F011,images/REF10098.jpg
REF10099,Article 10099,bas,M27,synthetique,sport,entree,F139,images/REF10099.jpg
REF10100,Article 10100,haut,M35,lin,soiree,entree,F003,images/REF10100.jpg
REF10101,Article 10101,bas,M37,lin,sport,premium,F121,images/REF10101.jpg
REF10102,Article 10102,maison,M29,laine,sport,premium,F051,images/REF10102.jpg
REF10103,Article 10103,maison,M13,lin,soiree,entree,F107,images/REF10103.jpg
REF10104,Article 10104,bas,M14,coton,sport,entree,F088,images/REF10104.jpg
REF10105,Article 10105,accessoire,M11,synthetique,sport,entree,F022,images/REF10105.jpg
REF10106,Article 10106,accessoire,M05,laine,sport,entree,F084,images/REF10106.jpg
REF10107,Article 10107,maison,M33,coton,soiree,milieu,F021,images/REF10107.jpg
REF10108,Article 10108,maison,M18,lin,ville,premium,F023,images/REF10108.jpg
REF10109,Article 10109,bas,M11,coton,soiree,premium,F046,images/REF10109.jpg
REF10110,Article 10110,maison,M10,synthetique,ville,premium,F063,images/REF10110.jpg
REF10111,Article 10111,maison,M30,lin,soiree,milieu,F027,images/REF10111.jpg
REF10112,Article 10112,accessoire,M12,coton,sport,entree,F127,images/REF10112.jpg
REF10113,Article 10113,haut,M02,synthetique,soiree,premium,F011,images/REF10113.jpg
REF10114,Article 10114,maison,M12,laine,sport,premium,F093,images/REF10114.jpg
REF10115,Article 10115,maison,M07,lin,ville,entree,F130,images/REF10115.jpg
REF10116,Article 10116,accessoire,M01,lin,soiree,premium,F083,images/REF10116.jpg
REF10117,Article 10117,bas,M08,synthetique,sport,premium,F130,images/REF10117.jpg
REF10118,Article 10118,maison,M14,coton,ville,milieu,F035,images/REF10118.jpg
REF10119,Article 10119,haut,M22,lin,ville,premium,F072,images/REF10119.jpg
REF10120,Article 10120,bas,M32,coton,sport,entree,F079,images/REF10120.jpg
REF10121,Article 10121,accessoire,M40,lin,soiree,milieu,F032,images/REF10121.jpg
REF10122,Article 10122,bas,M18,synthetique,ville,entree,F106,images/REF10122.jpg
REF10123,Article 10123,haut,M40,lin,soiree,milieu,F020,images/REF10123.jpg
REF10124,Article 10124,bas,M29,synthetique,soiree,premium,F066,images/REF10124.jpg
REF10125,Article 10125,maison,M26,lin,sport,entree,F048,images/REF10125.jpg
REF10126,Article 10126,haut,M29,coton,sport,premium,F075,images/REF10126.jpg
REF10127,Article 10127,bas,M16,coton,ville,entree,F027,images/REF10127.jpg
REF10128,Article 10128,bas,M30,lin,ville,entree,F051,images/REF10128.jpg
REF10129,Article 10129,bas,M28,coton,sport,milieu,F124,images/REF10129.jpg
REF10130,Article 10130,haut,M02,coton,sport,premium,F080,images/REF10130.jpg
REF10131,Article 10131,haut,M09,coton,sport,premium,F020,images/REF10131.jpg
REF10132,Article 10132,bas,M20,coton,ville,premium,F009,images/REF10132.jpg
REF10133,Article 10133,bas,M13,synthetique,soiree,premium,F047,images/REF10133.jpg
REF10134,Article 10134,haut,M33,synthetique,ville,premium,F091,images/REF10134.jpg
REF10135,Article 10135,accessoire,M24,lin,sport,premium,F090,images/REF10135.jpg
REF10136,Article 10136,bas,M28,coton,ville,premium,F117,images/REF10136.jpg
REF10137,Article 10137,haut,M07,laine,ville,milieu,F020,images/REF10137.jpg
REF10138,Article 10138,accessoire,M29,synthetique,ville,milieu,F052,images/REF10138.jpg
REF10139,Article 10139,bas,M38,lin,soiree,entree,F057,images/REF10139.jpg
REF10140,Article 10140,maison,M40,lin,sport,entree,F061,images/REF10140.jpg
REF10141,Article 10141,haut,M07,coton,soiree,premium,F007,images/REF10141.jpg
REF10142,Article 10142,maison,M04,lin,soiree,milieu,F038,images/REF10142.jpg
REF10143,Article 10143,bas,M34,laine,ville,premium,F115,images/REF10143.jpg
REF10144,Article 10144,accessoire,M20,lin,soiree,milieu,F018,images/REF10144.jpg
REF10145,Article 10145,bas,M36,synthetique,ville,premium,F044,images/REF10145.jpg
REF10146,Article 10146,bas,M17,laine,sport,milieu,F004,images/REF10146.jpg
REF10147,Article 10147,maison,M10,laine,ville,entree,F065,images/REF10147.jpg
REF10148,Article 10148,accessoire,M08,lin,soiree,entree,F010,images/REF10148.jpg
REF10149,Article 10149,maison,M35,lin,soiree,premium,F079,images/REF10149.jpg
REF10150,Article 10150,maison,M09,coton,ville,entree,F121,images/REF10150.jpg
REF10151,Article 10151,bas,M13,lin,sport,entree,F125,images/REF10151.jpg
REF10152,Article 10152,accessoire,M07,laine,soiree,milieu,F103,images/REF10152.jpg
REF10153,Article 10153,maison,M38,synthetique,ville,entree,F065,images/REF10153.jpg
REF10154,Article 10154,haut,M13,laine,ville,milieu,F119,images/REF10154.jpg
REF10155,Article 10155,maison,M01,synthetique,ville,entree,F007,images/REF10155.jpg
REF10156,Article 10156,accessoire,M02,laine,sport,milieu,F016,images/REF10156.jpg
REF10157,Article 10157,accessoire,M20,coton,ville,milieu,F084,images/REF10157.jpg
REF10158,Article 10158,bas,M29,coton,sport,entree,F115,images/REF10158.jpg
REF10159,Article 10159,haut,M36,coton,soiree,milieu,F117,images/REF10159.jpg
REF10160,Article 10160,maison,M38,laine,soiree,entree,F125,images/REF10160.jpg
REF10161,Article 10161,bas,M11,synthetique,sport,premium,F036,images/REF10161.jpg
REF10162,Article 10162,accessoire,M19,lin,soiree,milieu,F109,images/REF10162.jpg
REF10163,Article 10163,maison,M24,lin,ville,milieu,F019,images/REF10163.jpg
REF10164,Article 10164,maison,M09,synthetique,soiree,premium,F019,images/REF10164.jpg
REF10165,Article 10165,maison,M39,synthetique,soiree,entree,F065,images/REF10165.jpg
REF10166,Article 10166,haut,M16,synthetique,ville,premium,F108,images/REF10166.jpg
REF10167,Article 10167,accessoire,M02,coton,sport,entree,F002,images/REF10167.jpg
REF10168,Article 10168,accessoire,M14,lin,soiree,premium,F019,images/REF10168.jpg
REF10169,Article 10169,maison,M10,lin,ville,milieu,F137,images/REF10169.jpg
REF10170,Article 10170,haut,M12,synthetique,soiree,premium,F119,images/REF10170.jpg
REF10171,Article 10171,accessoire,M09,laine,ville,entree,F059,images/REF10171.jpg
REF10172,Article 10172,bas,M36,synthetique,ville,entree,F014,images/REF10172.jpg
REF10173,Article 10173,haut,M19,lin,soiree,milieu,F090,images/REF10173.jpg
REF10174,Article 10174,maison,M37,lin,ville,milieu,F018,images/REF10174.jpg
REF10175,Article 10175,maison,M18,synthetique,sport,milieu,F137,images/REF10175.jpg
REF10176,Article 10176,maison,M39,laine,sport,premium,F125,images/REF10176.jpg
REF10177,Article 10177,accessoire,M10,laine,sport,entree,F115,images/REF10177.jpg
REF10178,Article 10178,haut,M10,laine,soiree,premium,F019,images/REF10178.jpg
REF10179,Article 10179,haut,M08,laine,ville,milieu,F063,images/REF10179.jpg
REF10180,Article 10180,maison,M33,synthetique,ville,premium,F021,images/REF10180.jpg
REF10181,Article 10181,accessoire,M26,synthetique,ville,milieu,F094,images/REF10181.jpg
REF10182,Article 10182,haut,M28,coton,soiree,premium,F126,images/REF10182.jpg
REF10183,Article 10183,haut,M38,coton,soiree,premium,F057,images/REF10183.jpg
REF10184,Article 10184,bas,M39,synthetique,sport,premium,F100,images/REF10184.jpg
REF10185,Article 10185,accessoire,M28,lin,sport,entree,F022,images/REF10185.jpg
REF10186,Article 10186,haut,M09,laine,sport,premium,F079,images/REF10186.jpg
REF10187,Article 10187,haut,M30,synthetique,soiree,milieu,F120,images/REF10187.jpg
REF10188,Article 10188,maison,M10,lin,ville,milieu,F072,images/REF10188.jpg
REF10189,Article 10189,bas,M17,synthetique,soiree,entree,F081,images/REF10189.jpg
REF10190,Article 10190,haut,M14,synthetique,sport,entree,F079,images/REF10190.jpg
REF10191,Article 10191,accessoire,M32,lin,soiree,milieu,F113,images/REF10191.jpg
REF10192,Article 10192,maison,M02,synthetique,soiree,entree,F083,images/REF10192.jpg
REF10193,Article 10193,maison,M25,coton,soiree,premium,F080,images/REF10193.jpg
REF10194,Article 10194,accessoire,M34,laine,ville,entree,F135,images/REF10194.jpg
REF10195,Article 10195,maison,M37,synthetique,ville,premium,F079,images/REF10195.jpg
REF10196,Article 10196,accessoire,M26,synthetique,ville,milieu,F055,images/REF10196.jpg
REF10197,Article 10197,accessoire,M23,laine,ville,milieu,F093,images/REF10197.jpg
REF10198,Article 10198,haut,M11,lin,soiree,entree,F003,images/REF10198.jpg
REF10199,Article 10199,accessoire,M07,coton,sport,milieu,F091,images/REF10199.jpg
REF10200,Article 10200,bas,M21,synthetique,ville,premium,F002,images/REF10200.jpg
REF10201,Article 10201,haut,M27,synthetique,ville,entree,F021,images/REF10201.jpg
REF10202,Article 10202,accessoire,M14,lin,ville,premium,F124,images/REF10202.jpg
REF10203,Article 10203,accessoire,M27,laine,soiree,premium,F125,images/REF10203.jpg
REF10204,Article 10204,bas,M25,lin,sport,milieu,F033,images/REF10204.jpg
REF10205,Article 10205,haut,M14,coton,sport,premium,F028,images/REF10205.jpg
REF10206,Article 10206,accessoire,M26,coton,ville,premium,F082,images/REF10206.jpg
REF10207,Article 10207,haut,M37,lin,sport,milieu,F007,images/REF10207.jpg
REF10208,Article 10208,haut,M11,synthetique,sport,entree,F050,images/REF10208.jpg
REF10209,Article 10209,bas,M37,coton,sport,premium,F112,images/REF10209.jpg
REF10210,Article 10210,haut,M23,lin,ville,entree,F125,images/REF10210.jpg
REF10211,Article 10211,haut,M33,coton,sport,premium,F111,images/REF10211.jpg
REF10212,Article 10212,accessoire,M18,coton,sport,premium,F139,images/REF10212.jpg
REF10213,Article 10213,haut,M38,coton,soiree,entree,F084,images/REF10213.jpg
REF10214,Article 10214,bas,M22,lin,ville,premium,F002,images/REF10214.jpg
REF10215,Article 10215,haut,M07,laine,ville,milieu,F102,images/REF10215.jpg
REF10216,Article 10216,maison,M09,laine,ville,milieu,F129,images/REF10216.jpg
REF10217,Article 10217,bas,M30,laine,soiree,entree,F122,images/REF10217.jpg
REF10218,Article 10218,accessoire,M10,laine,soiree,premium,F040,images/REF10218.jpg
REF10219,Article 10219,accessoire,M37,synthetique,ville,entree,F118,images/REF10219.jpg
REF10220,Article 10220,maison,M31,laine,ville,entree,F079,images/REF10220.jpg
REF10221,Article 10221,maison,M06,synthetique,sport,entree,F113,images/REF10221.jpg
REF10222,Article 10222,maison,M32,coton,sport,entree,F064,images/REF10222.jpg
REF10223,Article 10223,accessoire,M16,coton,soiree,premium,F012,images/REF10223.jpg
REF10224,Article 10224,accessoire,M13,lin,soiree,milieu,F014,images/REF10224.jpg
REF10225,Article 10225,accessoire,M06,synthetique,soiree,premium,F109,images/REF10225.jpg
REF10226,Article 10226,maison,M11,synthetique,ville,entree,F011,images/REF10226.jpg
REF10227,Article 10227,haut,M01,coton,sport,milieu,F012,images/REF10227.jpg
REF10228,Article 10228,haut,M05,coton,ville,premium,F066,images/REF10228.jpg
REF10229,Article 10229,haut,M06,lin,ville,premium,F107,images/REF10229.jpg
REF10230,Article 10230,accessoire,M29,laine,sport,milieu,F093,images/REF10230.jpg
REF10231,Article 10231,bas,M30,laine,ville,entree,F086,images/REF10231.jpg
REF10232,Article 10232,haut,M32,lin,soiree,milieu,F122,images/REF10232.jpg
REF10233,Article 10233,bas,M32,lin,ville,premium,F004,images/REF10233.jpg
REF10234,Article 10234,accessoire,M20,coton,soiree,milieu,F052,images/REF10234.jpg
REF10235,Article 10235,bas,M23,synthetique,soiree,entree,F082,images/REF10235.jpg
REF10236,Article 10236,maison,M15,laine,ville,entree,F004,images/REF10236.jpg
REF10237,Article 10237,bas,M20,coton,sport,entree,F134,images/REF10237.jpg
REF10238,Article 10238,maison,M05,synthetique,ville,entree,F078,images/REF10238.jpg
REF10239,Article 10239,maison,M40,lin,ville,premium,F125,images/REF10239.jpg
REF10240,Article 10240,accessoire,M14,coton,soiree,milieu,F089,images/REF10240.jpg
REF10241,Article 10241,maison,M12,coton,soiree,milieu,F068,images/REF10241.jpg
REF10242,Article 10242,maison,M22,laine,soiree,premium,F027,images/REF10242.jpg
REF10243,Article 10243,haut,M35,synthetique,sport,entree,F037,images/REF10243.jpg
REF10244,Article 10244,bas,M36,lin,ville,entree,F027,images/REF10244.jpg
REF10245,Article 10245,haut,M39,lin,sport,premium,F069,images/REF10245.jpg
REF10246,Article 10246,bas,M39,laine,sport,entree,F038,images/REF10246.jpg
REF10247,Article 10247,haut,M19,coton,soiree,milieu,F067,images/REF10247.jpg
REF10248,Article 10248,accessoire,M22,laine,sport,milieu,F131,images/REF10248.jpg
REF10249,Article 10249,haut,M12,synthetique,soiree,entree,F032,images/REF10249.jpg
REF10250,Article 10250,maison,M21,laine,sport,entree,F126,images/REF10250.jpg
REF10251,Article 10251,bas,M28,lin,sport,premium,F023,images/REF10251.jpg
REF10252,Article 10252,haut,M19,coton,ville,milieu,F081,images/REF10252.jpg
REF10253,Article 10253,haut,M28,laine,soiree,premium,F031,images/REF10253.jpg
REF10254,Article 10254,accessoire,M02,lin,ville,milieu,F067,images/REF10254.jpg
REF10255,Article 10255,bas,M21,coton,soiree,milieu,F084,images/REF10255.jpg
REF10256,Article 10256,bas,M15,coton,ville,entree,F007,images/REF10256.jpg
REF10257,Article 10257,haut,M07,coton,soiree,milieu,F061,images/REF10257.jpg
REF10258,Article 10258,haut,M19,synthetique,soiree,milieu,F098,images/REF10258.jpg
REF10259,Article 10259,bas,M10,synthetique,soiree,milieu,F052,images/REF10259.jpg
REF10260,Article 10260,haut,M08,coton,soiree,milieu,F098,images/REF10260.jpg
REF10261,Article 10261,maison,M30,coton,soiree,milieu,F129,images/REF10261.jpg
REF10262,Article 10262,maison,M16,lin,ville,entree,F081,images/REF10262.jpg
REF10263,Article 10263,accessoire,M25,lin,ville,entree,F004,images/REF10263.jpg
REF10264,Article 10264,maison,M13,laine,ville,entree,F110,images/REF10264.jpg
REF10265,Article 10265,accessoire,M37,coton,sport,entree,F102,images/REF10265.jpg
REF10266,Article 10266,accessoire,M01,synthetique,sport,premium,F061,images/REF10266.jpg
REF10267,Article 10267,accessoire,M16,synthetique,soiree,milieu,F115,images/REF10267.jpg
REF10268,Article 10268,haut,M40,laine,ville,milieu,F023,images/REF10268.jpg
REF10269,Article 10269,haut,M03,lin,ville,premium,F138,images/REF10269.jpg
REF10270,Article 10270,maison,M22,synthetique,sport,entree,F001,images/REF10270.jpg
REF10271,Article 10271,bas,M08,coton,ville,premium,F102,images/REF10271.jpg
REF10272,Article 10272,bas,M24,coton,sport,milieu,F030,images/REF10272.jpg
REF10273,Article 10273,haut,M12,laine,soiree,milieu,F023,images/REF10273.jpg
REF10274,Article 10274,haut,M21,synthetique,soiree,premium,F099,images/REF10274.jpg
REF10275,Article 10275,accessoire,M08,synthetique,soiree,entree,F118,images/REF10275.jpg
REF10276,Article 10276,maison,M37,coton,sport,milieu,F068,images/REF10276.jpg
REF10277,Article 10277,bas,M39,coton,sport,premium,F080,images/REF10277.jpg
REF10278,Article 10278,accessoire,M25,coton,ville,milieu,F006,images/REF10278.jpg
REF10279,Article 10279,maison,M15,laine,sport,premium,F101,images/REF10279.jpg
REF10280,Article 10280,accessoire,M16,lin,ville,milieu,F127,images/REF10280.jpg
REF10281,Article 10281,accessoire,M12,laine,sport,premium,F066,images/REF10281.jpg
REF10282,Article 10282,bas,M12,coton,soiree,entree,F040,images/REF10282.jpg
REF10283,Article 10283,haut,M07,synthetique,sport,entree,F132,images/REF10283.jpg
REF10284,Article 10284,bas,M09,lin,sport,premium,F109,images/REF10284.jpg
REF10285,Article 10285,haut,M40,laine,soiree,milieu,F035,images/REF10285.jpg
REF10286,Article 10286,haut,M25,lin,ville,premium,F088,images/REF10286.jpg
REF10287,Article 10287,maison,M31,synthetique,sport,milieu,F113,images/REF10287.jpg
REF10288,Article 10288,accessoire,M37,lin,soiree,premium,F004,images/REF10288.jpg
REF10289,Article 10289,bas,M17,synthetique,soiree,entree,F122,images/REF10289.jpg
REF10290,Article 10290,bas,M34,synthetique,sport,entree,F102,images/REF10290.jpg
REF10291,Article 10291,accessoire,M40,lin,ville,milieu,F109,images/REF10291.jpg
REF10292,Article 10292,accessoire,M03,lin,ville,milieu,F056,images/REF10292.jpg
REF10293,Article 10293,haut,M37,synthetique,ville,milieu,F061,images/REF10293.jpg
REF10294,Article 10294,maison,M39,coton,ville,premium,F021,images/REF10294.jpg
REF10295,Article 10295,maison,M39,lin,soiree,entree,F120,images/REF10295.jpg
REF10296,Article 10296,maison,M27,synthetique,soiree,premium,F003,images/REF10296.jpg
REF10297,Article 10297,bas,M38,coton,soiree,milieu,F096,images/REF10297.jpg
REF10298,Article 10298,haut,M12,synthetique,ville,premium,F066,images/REF10298.jpg
REF10299,Article 10299,haut,M12,coton,sport,milieu,F008,images/REF10299.jpg
REF10300,Article 10300,accessoire,M16,synthetique,ville,milieu,F137,images/REF10300.jpg
REF10301,Article 10301,bas,M29,synthetique,sport,entree,F118,images/REF10301.jpg
REF10302,Article 10302,haut,M26,coton,soiree,entree,F057,images/REF10302.jpg
REF10303,Article 10303,bas,M33,synthetique,ville,milieu,F078,images/REF10303.jpg
REF10304,Article 10304,bas,M29,coton,soiree,entree,F125,images/REF10304.jpg
REF10305,Article 10305,bas,M35,lin,ville,entree,F070,images/REF10305.jpg
REF10306,Article 10306,bas,M08,laine,ville,milieu,F100,images/REF10306.jpg
REF10307,Article 10307,maison,M18,coton,sport,premium,F061,images/REF10307.jpg
REF10308,Article 10308,accessoire,M09,laine,ville,milieu,F110,images/REF10308.jpg
REF10309,Article 10309,maison,M27,lin,sport,milieu,F058,images/REF10309.jpg
REF10310,Article 10310,haut,M28,synthetique,ville,premium,F052,images/REF10310.jpg
REF10311,Article 10311,bas,M33,lin,sport,milieu,F104,images/REF10311.jpg
REF10312,Article 10312,haut,M10,coton,soiree,milieu,F010,images/REF10312.jpg
REF10313,Article 10313,accessoire,M26,laine,sport,milieu,F121,images/REF10313.jpg
REF10314,Article 10314,maison,M15,synthetique,soiree,milieu,F126,images/REF10314.jpg
REF10315,Article 10315,accessoire,M27,coton,sport,milieu,F048,images/REF10315.jpg
REF10316,Article 10316,haut,M16,synthetique,soiree,entree,F132,images/REF10316.jpg
REF10317,Article 10317,bas,M14,synthetique,ville,milieu,F087,images/REF10317.jpg
REF10318,Article 10318,bas,M33,coton,ville,milieu,F001,images/REF10318.jpg
REF10319,Article 10319,bas,M40,laine,sport,premium,F007,images/REF10319.jpg
REF10320,Article 10320,bas,M21,laine,soiree,milieu,F138,images/REF10320.jpg
REF10321,Article 10321,accessoire,M11,laine,soiree,milieu,F075,images/REF10321.jpg
REF10322,Article 10322,haut,M22,synthetique,soiree,entree,F106,images/REF10322.jpg
REF10323,Article 10323,maison,M35,laine,sport,milieu,F019,images/REF10323.jpg
REF10324,Article 10324,bas,M13,lin,soiree,entree,F017,images/REF10324.jpg
REF10325,Article 10325,maison,M33,laine,ville,milieu,F025,images/REF10325.jpg
REF10326,Article 10326,accessoire,M24,coton,soiree,entree,F064,images/REF10326.jpg
REF10327,Article 10327,haut,M24,lin,soiree,milieu,F107,images/REF10327.jpg
REF10328,Article 10328,bas,M28,coton,soiree,premium,F115,images/REF10328.jpg
REF10329,Article 10329,bas,M24,lin,sport,premium,F084,images/REF10329.jpg
REF10330,Article 10330,accessoire,M18,laine,ville,milieu,F041,images/REF10330.jpg
REF10331,Article 10331,accessoire,M16,synthetique,ville,entree,F057,images/REF10331.jpg
REF10332,Article 10332,maison,M21,lin,soiree,entree,F001,images/REF10332.jpg
REF10333,Article 10333,accessoire,M26,lin,soiree,entree,F080,images/REF10333.jpg
REF10334,Article 10334,haut,M18,coton,ville,premium,F081,images/REF10334.jpg
REF10335,Article 10335,bas,M14,coton,sport,milieu,F125,images/REF10335.jpg
REF10336,Article 10336,accessoire,M09,synthetique,soiree,milieu,F017,images/REF10336.jpg
REF10337,Article 10337,haut,M02,laine,soiree,entree,F083,images/REF10337.jpg
REF10338,Article 10338,haut,M39,synthetique,ville,premium,F012,images/REF10338.jpg
REF10339,Article 10339,bas,M36,synthetique,sport,entree,F117,images/REF10339.jpg
REF10340,Article 10340,bas,M30,coton,ville,premium,F069,images/REF10340.jpg
REF10341,Article 10341,bas,M18,laine,soiree,entree,F062,images/REF10341.jpg
REF10342,Article 10342,accessoire,M34,lin,sport,entree,F023,images/REF10342.jpg
REF10343,Article 10343,maison,M39,lin,sport,milieu,F117,images/REF10343.jpg
REF10344,Article 10344,maison,M24,laine,soiree,entree,F023,images/REF10344.jpg
REF10345,Article 10345,accessoire,M26,laine,ville,premium,F094,images/REF10345.jpg
REF10346,Article 10346,bas,M12,synthetique,soiree,entree,F042,images/REF10346.jpg
REF10347,Article 10347,bas,M01,lin,ville,milieu,F119,images/REF10347.jpg
REF10348,Article 10348,accessoire,M01,synthetique,ville,premium,F076,images/REF10348.jpg
REF10349,Article 10349,haut,M35,laine,sport,premium,F064,images/REF10349.jpg
REF10350,Article 10350,bas,M39,lin,sport,milieu,F108,images/REF10350.jpg
REF10351,Article 10351,maison,M38,synthetique,ville,milieu,F031,images/REF10351.jpg
REF10352,Article 10352,haut,M39,lin,sport,entree,F058,images/REF10352.jpg
REF10353,Article 10353,haut,M37,synthetique,ville,milieu,F013,images/REF10353.jpg
REF10354,Article 10354,haut,M10,coton,sport,entree,F103,images/REF10354.jpg
REF10355,Article 10355,haut,M12,coton,ville,entree,F036,images/REF10355.jpg
REF10356,Article 10356,accessoire,M25,laine,sport,milieu,F004,images/REF10356.jpg
REF10357,Article 10357,accessoire,M26,coton,ville,milieu,F091,images/REF10357.jpg
REF10358,Article 10358,maison,M08,coton,sport,milieu,F064,images/REF10358.jpg
REF10359,Article 10359,maison,M15,laine,soiree,premium,F071,images/REF10359.jpg
REF10360,Article 10360,bas,M18,lin,sport,entree,F039,images/REF10360.jpg
REF10361,Article 10361,haut,M10,synthetique,soiree,premium,F007,images/REF10361.jpg
REF10362,Article 10362,accessoire,M20,coton,soiree,entree,F113,images/REF10362.jpg
REF10363,Article 10363,bas,M02,coton,sport,entree,F010,images/REF10363.jpg
REF10364,Article 10364,accessoire,M22,lin,sport,entree,F081,images/REF10364.jpg
REF10365,Article 10365,accessoire,M31,lin,soiree,entree,F019,images/REF10365.jpg
REF10366,Article 10366,bas,M13,lin,soiree,premium,F067,images/REF10366.jpg
REF10367,Article 10367,maison,M32,synthetique,sport,milieu,F106,images/REF10367.jpg
REF10368,Article 10368,accessoire,M05,lin,ville,entree,F137,images/REF10368.jpg
REF10369,Article 10369,haut,M13,lin,soiree,premium,F128,images/REF10369.jpg
REF10370,Article 10370,haut,M34,laine,soiree,entree,F047,images/REF10370.jpg
REF10371,Article 10371,maison,M36,synthetique,soiree,milieu,F138,images/REF10371.jpg
REF10372,Article 10372,bas,M39,lin,sport,milieu,F098,images/REF10372.jpg
REF10373,Article 10373,bas,M27,coton,soiree,premium,F028,images/REF10373.jpg
REF10374,Article 10374,bas,M28,laine,soiree,milieu,F045,images/REF10374.jpg
REF10375,Article 10375,bas,M07,lin,ville,entree,F004,images/REF10375.jpg
REF10376,Article 10376,accessoire,M20,coton,soiree,milieu,F102,images/REF10376.jpg
REF10377,Article 10377,accessoire,M03,laine,sport,milieu,F058,images/REF10377.jpg
REF10378,Article 10378,haut,M10,lin,soiree,premium,F051,images/REF10378.jpg
REF10379,Article 10379,bas,M02,coton,soiree,entree,F081,images/REF10379.jpg
REF10380,Article 10380,haut,M31,synthetique,soiree,premium,F048,images/REF10380.jpg
REF10381,Article 10381,maison,M31,synthetique,soiree,premium,F076,images/REF10381.jpg
REF10382,Article 10382,maison,M21,lin,ville,entree,F030,images/REF10382.jpg
REF10383,Article 10383,maison,M27,coton,ville,premium,F057,images/REF10383.jpg
REF10384,Article 10384,accessoire,M25,synthetique,ville,entree,F060,images/REF10384.jpg
REF10385,Article 10385,bas,M12,synthetique,ville,entree,F030,images/REF10385.jpg
REF10386,Article 10386,maison,M04,laine,ville,milieu,F041,images/REF10386.jpg
REF10387,Article 10387,bas,M16,laine,sport,premium,F043,images/REF10387.jpg
REF10388,Article 10388,maison,M20,laine,soiree,premium,F087,images/REF10388.jpg
REF10389,Article 10389,bas,M10,synthetique,soiree,premium,F030,images/REF10389.jpg
REF10390,Article 10390,haut,M29,laine,ville,milieu,F064,images/REF10390.jpg
REF10391,Article 10391,bas,M30,coton,soiree,entree,F109,images/REF10391.jpg
REF10392,Article 10392,bas,M29,lin,sport,premium,F095,images/REF10392.jpg
REF10393,Article 10393,haut,M11,lin,sport,milieu,F113,images/REF10393.jpg
REF10394,Article 10394,maison,M06,coton,soiree,entree,F040,images/REF10394.jpg
REF10395,Article 10395,accessoire,M38,synthetique,sport,premium,F017,images/REF10395.jpg
REF10396,Article 10396,haut,M10,laine,soiree,premium,F095,images/REF10396.jpg
REF10397,Article 10397,accessoire,M02,coton,soiree,premium,F113,images/REF10397.jpg
REF10398,Article 10398,maison,M22,laine,sport,milieu,F100,images/REF10398.jpg
REF10399,Article 10399,bas,M02,synthetique,soiree,milieu,F140,images/REF10399.jpg
REF10400,Article 10400,maison,M30,synthetique,soiree,entree,F134,images/REF10400.jpg
REF10401,Article 10401,bas,M33,laine,soiree,entree,F099,images/REF10401.jpg
REF10402,Article 10402,maison,M24,lin,soiree,milieu,F134,images/REF10402.jpg
REF10403,Article 10403,haut,M16,laine,soiree,milieu,F057,images/REF10403.jpg
REF10404,Article 10404,bas,M40,coton,soiree,entree,F114,images/REF10404.jpg
REF10405,Article 10405,maison,M36,lin,sport,premium,F047,images/REF10405.jpg
REF10406,Article 10406,accessoire,M21,laine,ville,premium,F046,images/REF10406.jpg
REF10407,Article 10407,maison,M33,lin,ville,premium,F128,images/REF10407.jpg
REF10408,Article 10408,haut,M40,synthetique,soiree,premium,F113,images/REF10408.jpg
REF10409,Article 10409,bas,M12,lin,sport,entree,F139,images/REF10409.jpg
REF10410,Article 10410,bas,M09,synthetique,ville,milieu,F075,images/REF10410.jpg
REF10411,Article 10411,haut,M32,laine,soiree,entree,F117,images/REF10411.jpg
REF10412,Article 10412,haut,M28,laine,soiree,entree,F013,images/REF10412.jpg
REF10413,Article 10413,bas,M38,laine,ville,milieu,F129,images/REF10413.jpg
REF10414,Article 10414,bas,M07,lin,ville,premium,F010,images/REF10414.jpg
REF10415,Article 10415,bas,M11,lin,soiree,premium,F123,images/REF10415.jpg
REF10416,Article 10416,accessoire,M09,coton,sport,milieu,F104,images/REF10416.jpg
REF10417,Article 10417,bas,M32,coton,sport,entree,F036,images/REF10417.jpg
REF10418,Article 10418,haut,M37,synthetique,sport,milieu,F022,images/REF10418.jpg
REF10419,Article 10419,accessoire,M04,coton,sport,entree,F005,images/REF10419.jpg
REF10420,Article 10420,maison,M35,laine,ville,entree,F014,images/REF10420.jpg
REF10421,Article 10421,haut,M31,lin,ville,entree,F131,images/REF10421.jpg
REF10422,Article 10422,haut,M03,lin,ville,premium,F072,images/REF10422.jpg
REF10423,Article 10423,haut,M40,lin,ville,entree,F088,images/REF10423.jpg
REF10424,Article 10424,haut,M09,synthetique,ville,entree,F097,images/REF10424.jpg
REF10425,Article 10425,bas,M02,laine,ville,milieu,F084,images/REF10425.jpg
REF10426,Article 10426,bas,M08,synthetique,sport,entree,F045,images/REF10426.jpg
REF10427,Article 10427,bas,M26,coton,sport,premium,F022,images/REF10427.jpg
REF10428,Article 10428,haut,M04,laine,soiree,entree,F025,images/REF10428.jpg
REF10429,Article 10429,haut,M18,lin,soiree,milieu,F011,images/REF10429.jpg
REF10430,Article 10430,accessoire,M38,coton,soiree,entree,F047,images/REF10430.jpg
REF10431,Article 10431,maison,M06,coton,soiree,premium,F027,images/REF10431.jpg
REF10432,Article 10432,accessoire,M25,lin,sport,entree,F029,images/REF10432.jpg
REF10433,Article 10433,maison,M23,lin,soiree,premium,F029,images/REF10433.jpg
REF10434,Article 10434,accessoire,M13,laine,soiree,entree,F028,images/REF10434.jpg
REF10435,Article 10435,bas,M24,lin,ville,milieu,F130,images/REF10435.jpg
REF10436,Article 10436,bas,M25,synthetique,ville,entree,F083,images/REF10436.jpg
REF10437,Article 10437,accessoire,M02,lin,sport,premium,F011,images/REF10437.jpg
REF10438,Article 10438,accessoire,M39,coton,ville,entree,F108,images/REF10438.jpg
REF10439,Article 10439,accessoire,M39,laine,sport,premium,F107,images/REF10439.jpg
REF10440,Article 10440,bas,M31,synthetique,sport,milieu,F125,images/REF10440.jpg
REF10441,Article 10441,accessoire,M37,laine,sport,entree,F050,images/REF10441.jpg
REF10442,Article 10442,accessoire,M31,laine,soiree,entree,F139,images/REF10442.jpg
REF10443,Article 10443,accessoire,M40,lin,soiree,premium,F042,images/REF10443.jpg
REF10444,Article 10444,maison,M02,laine,soiree,entree,F008,images/REF10444.jpg
REF10445,Article 10445,bas,M37,synthetique,ville,milieu,F090,images/REF10445.jpg
REF10446,Article 10446,maison,M26,laine,sport,milieu,F084,images/REF10446.jpg
REF10447,Article 10447,bas,M07,synthetique,ville,milieu,F090,images/REF10447.jpg
REF10448,Article 10448,bas,M15,coton,ville,premium,F127,images/REF10448.jpg
REF10449,Article 10449,bas,M32,coton,ville,premium,F062,images/REF10449.jpg
REF10450,Article 10450,maison,M05,synthetique,ville,entree,F039,images/REF10450.jpg
REF10451,Article 10451,haut,M08,lin,sport,milieu,F140,images/REF10451.jpg
REF10452,Article 10452,bas,M29,lin,ville,premium,F081,images/REF10452.jpg
REF10453,Article 10453,maison,M07,laine,sport,premium,F116,images/REF10453.jpg
REF10454,Article 10454,accessoire,M11,laine,ville,milieu,F040,images/REF10454.jpg
REF10455,Article 10455,haut,M35,laine,sport,entree,F006,images/REF10455.jpg
REF10456,Article 10456,accessoire,M12,laine,soiree,entree,F039,images/REF10456.jpg
REF10457,Article 10457,haut,M30,coton,ville,premium,F011,images/REF10457.jpg
REF10458,Article 10458,bas,M16,synthetique,soiree,entree,F012,images/REF10458.jpg
REF10459,Article 10459,accessoire,M15,coton,sport,entree,F107,images/REF10459.jpg
REF10460,Article 10460,maison,M06,synthetique,soiree,premium,F130,images/REF10460.jpg
REF10461,Article 10461,maison,M11,synthetique,ville,premium,F099,images/REF10461.jpg
REF10462,Article 10462,maison,M38,laine,sport,milieu,F098,images/REF10462.jpg
REF10463,Article 10463,haut,M40,coton,sport,milieu,F111,images/REF10463.jpg
REF10464,Article 10464,haut,M02,coton,soiree,premium,F085,images/REF10464.jpg
REF10465,Article 10465,haut,M05,lin,ville,entree,F108,images/REF10465.jpg
REF10466,Article 10466,haut,M28,synthetique,soiree,premium,F118,images/REF10466.jpg
REF10467,Article 10467,bas,M09,synthetique,sport,entree,F031,images/REF10467.jpg
REF10468,Article 10468,bas,M29,lin,ville,entree,F033,images/REF10468.jpg
REF10469,Article 10469,accessoire,M22,lin,ville,milieu,F053,images/REF10469.jpg
REF10470,Article 10470,haut,M28,lin,ville,milieu,F124,images/REF10470.jpg
REF10471,Article 10471,accessoire,M17,synthetique,ville,entree,F079,images/REF10471.jpg
REF10472,Article 10472,maison,M27,synthetique,ville,premium,F027,images/REF10472.jpg
REF10473,Article 10473,maison,M06,coton,soiree,entree,F134,images/REF10473.jpg
REF10474,Article 10474,bas,M21,lin,sport,premium,F055,images/REF10474.jpg
REF10475,Article 10475,accessoire,M07,laine,soiree,milieu,F105,images/REF10475.jpg
REF10476,Article 10476,haut,M14,lin,sport,milieu,F032,images/REF10476.jpg
REF10477,Article 10477,maison,M29,laine,sport,entree,F096,images/REF10477.jpg
REF10478,Article 10478,accessoire,M36,synthetique,soiree,premium,F001,images/REF10478.jpg
REF10479,Article 10479,bas,M18,coton,soiree,entree,F097,images/REF10479.jpg
REF10480,Article 10480,maison,M21,coton,sport,milieu,F055,images/REF10480.jpg
REF10481,Article 10481,bas,M18,laine,ville,entree,F005,images/REF10481.jpg
REF10482,Article 10482,maison,M09,lin,soiree,entree,F036,images/REF10482.jpg
REF10483,Article 10483,accessoire,M03,synthetique,soiree,premium,F003,images/REF10483.jpg
REF10484,Article 10484,maison,M19,synthetique,sport,milieu,F078,images/REF10484.jpg
REF10485,Article 10485,haut,M01,synthetique,sport,entree,F048,images/REF10485.jpg
REF10486,Article 10486,haut,M19,synthetique,ville,milieu,F098,images/REF10486.jpg
REF10487,Article 10487,maison,M01,synthetique,sport,premium,F021,images/REF10487.jpg
REF10488,Article 10488,bas,M05,laine,soiree,entree,F082,images/REF10488.jpg
REF10489,Article 10489,accessoire,M28,lin,sport,premium,F069,images/REF10489.jpg
REF10490,Article 10490,haut,M25,coton,sport,entree,F128,images/REF10490.jpg
REF10491,Article 10491,accessoire,M14,synthetique,soiree,milieu,F132,images/REF10491.jpg
REF10492,Article 10492,accessoire,M38,synthetique,sport,premium,F042,images/REF10492.jpg
REF10493,Article 10493,haut,M08,coton,ville,entree,F082,images/REF10493.jpg
REF10494,Article 10494,bas,M29,lin,soiree,milieu,F103,images/REF10494.jpg
REF10495,Article 10495,accessoire,M23,lin,ville,entree,F100,images/REF10495.jpg
REF10496,Article 10496,accessoire,M28,coton,soiree,premium,F071,images/REF10496.jpg
REF10497,Article 10497,accessoire,M32,lin,ville,entree,F019,images/REF10497.jpg
REF10498,Article 10498,haut,M05,lin,soiree,premium,F034,images/REF10498.jpg
REF10499,Article 10499,bas,M33,laine,soiree,entree,F114,images/REF10499.jpg
REF10500,Article 10500,accessoire,M30,lin,ville,entree,F013,images/REF10500.jpg
REF10501,Article 10501,bas,M22,lin,sport,premium,F131,images/REF10501.jpg
REF10502,Article 10502,haut,M35,coton,ville,milieu,F126,images/REF10502.jpg
REF10503,Article 10503,accessoire,M20,lin,sport,milieu,F057,images/REF10503.jpg
REF10504,Article 10504,maison,M27,lin,ville,milieu,F022,images/REF10504.jpg
REF10505,Article 10505,maison,M12,laine,sport,premium,F045,images/REF10505.jpg
REF10506,Article 10506,bas,M21,coton,sport,entree,F094,images/REF10506.jpg
REF10507,Article 10507,haut,M33,laine,sport,entree,F028,images/REF10507.jpg
REF10508,Article 10508,bas,M27,synthetique,ville,premium,F118,images/REF10508.jpg
REF10509,Article 10509,accessoire,M16,synthetique,soiree,entree,F022,images/REF10509.jpg
REF10510,Article 10510,maison,M09,synthetique,ville,entree,F055,images/REF10510.jpg
REF10511,Article 10511,haut,M03,coton,sport,premium,F140,images/REF10511.jpg
REF10512,Article 10512,accessoire,M06,lin,sport,entree,F107,images/REF10512.jpg
REF10513,Article 10513,haut,M12,lin,ville,premium,F098,images/REF10513.jpg
REF10514,Article 10514,haut,M05,coton,soiree,milieu,F075,images/REF10514.jpg
REF10515,Article 10515,haut,M26,coton,ville,entree,F111,images/REF10515.jpg
REF10516,Article 10516,maison,M03,synthetique,soiree,milieu,F006,images/REF10516.jpg
REF10517,Article 10517,maison,M40,laine,ville,premium,F128,images/REF10517.jpg
REF10518,Article 10518,accessoire,M35,lin,sport,premium,F040,images/REF10518.jpg
REF10519,Article 10519,bas,M38,synthetique,ville,milieu,F020,images/REF10519.jpg
REF10520,Article 10520,maison,M35,synthetique,ville,entree,F064,images/REF10520.jpg
REF10521,Article 10521,accessoire,M38,laine,soiree,entree,F033,images/REF10521.jpg
REF10522,Article 10522,accessoire,M18,coton,soiree,premium,F103,images/REF10522.jpg
REF10523,Article 10523,bas,M13,synthetique,soiree,entree,F107,images/REF10523.jpg
REF10524,Article 10524,haut,M14,synthetique,soiree,entree,F011,images/REF10524.jpg
REF10525,Article 10525,haut,M10,coton,soiree,entree,F115,images/REF10525.jpg
REF10526,Article 10526,accessoire,M13,laine,soiree,premium,F106,images/REF10526.jpg
REF10527,Article 10527,maison,M02,lin,soiree,entree,F068,images/REF10527.jpg
REF10528,Article 10528,bas,M08,laine,soiree,milieu,F072,images/REF10528.jpg
REF10529,Article 10529,haut,M24,coton,sport,milieu,F060,images/REF10529.jpg
REF10530,Article 10530,maison,M26,coton,ville,milieu,F129,images/REF10530.jpg
REF10531,Article 10531,haut,M36,coton,soiree,premium,F136,images/REF10531.jpg
REF10532,Article 10532,bas,M15,lin,ville,premium,F110,images/REF10532.jpg
REF10533,Article 10533,bas,M14,synthetique,sport,premium,F067,images/REF10533.jpg
REF10534,Article 10534,accessoire,M03,synthetique,sport,milieu,F127,images/REF10534.jpg
REF10535,Article 10535,accessoire,M31,laine,soiree,entree,F033,images/REF10535.jpg
REF10536,Article 10536,accessoire,M13,coton,ville,milieu,F125,images/REF10536.jpg
REF10537,Article 10537,bas,M20,synthetique,sport,entree,F140,images/REF10537.jpg
REF10538,Article 10538,haut,M30,coton,sport,premium,F123,images/REF10538.jpg
REF10539,Article 10539,maison,M21,lin,soiree,entree,F030,images/REF10539.jpg
REF10540,Article 10540,accessoire,M11,lin,ville,premium,F023,images/REF10540.jpg
REF10541,Article 10541,haut,M13,coton,sport,premium,F051,images/REF10541.jpg
REF10542,Article 10542,maison,M31,lin,ville,entree,F134,images/REF10542.jpg
REF10543,Article 10543,maison,M10,laine,sport,milieu,F127,images/REF10543.jpg
REF10544,Article 10544,haut,M12,laine,ville,milieu,F093,images/REF10544.jpg
REF10545,Article 10545,accessoire,M34,coton,ville,premium,F107,images/REF10545.jpg
REF10546,Article 10546,accessoire,M22,lin,soiree,entree,F123,images/REF10546.jpg
REF10547,Article 10547,bas,M34,lin,sport,milieu,F087,images/REF10547.jpg
REF10548,Article 10548,accessoire,M20,laine,sport,milieu,F086,images/REF10548.jpg
REF10549,Article 10549,bas,M19,synthetique,soiree,premium,F121,images/REF10549.jpg
REF10550,Article 10550,maison,M13,coton,ville,premium,F087,images/REF10550.jpg
REF10551,Article 10551,haut,M36,lin,soiree,entree,F074,images/REF10551.jpg
REF10552,Article 10552,bas,M35,laine,soiree,premium,F107,images/REF10552.jpg
REF10553,Article 10553,accessoire,M22,coton,sport,milieu,F044,images/REF10553.jpg
REF10554,Article 10554,maison,M36,synthetique,soiree,milieu,F140,images/REF10554.jpg
REF10555,Article 10555,bas,M35,laine,ville,premium,F085,images/REF10555.jpg
REF10556,Article 10556,accessoire,M23,coton,sport,milieu,F061,images/REF10556.jpg
REF10557,Article 10557,haut,M14,laine,sport,entree,F112,images/REF10557.jpg
REF10558,Article 10558,haut,M06,coton,ville,premium,F069,images/REF10558.jpg
REF10559,Article 10559,maison,M12,synthetique,ville,milieu,F023,images/REF10559.jpg
REF10560,Article 10560,accessoire,M18,coton,ville,milieu,F044,images/REF10560.jpg
REF10561,Article 10561,haut,M02,synthetique,ville,entree,F011,images/REF10561.jpg
REF10562,Article 10562,bas,M01,coton,ville,entree,F040,images/REF10562.jpg
REF10563,Article 10563,haut,M05,laine,soiree,milieu,F105,images/REF10563.jpg
REF10564,Article 10564,haut,M22,coton,ville,premium,F019,images/REF10564.jpg
REF10565,Article 10565,haut,M17,synthetique,sport,premium,F070,images/REF10565.jpg
REF10566,Article 10566,haut,M14,coton,soiree,milieu,F108,images/REF10566.jpg
REF10567,Article 10567,haut,M04,laine,soiree,premium,F057,images/REF10567.jpg
REF10568,Article 10568,bas,M38,lin,soiree,premium,F006,images/REF10568.jpg
REF10569,Article 10569,maison,M34,coton,sport,premium,F113,images/REF10569.jpg
REF10570,Article 10570,accessoire,M14,lin,ville,milieu,F077,images/REF10570.jpg
REF10571,Article 10571,accessoire,M01,synthetique,soiree,entree,F121,images/REF10571.jpg
REF10572,Article 10572,haut,M02,lin,sport,milieu,F039,images/REF10572.jpg
REF10573,Article 10573,accessoire,M22,coton,ville,premium,F134,images/REF10573.jpg
REF10574,Article 10574,accessoire,M32,coton,sport,premium,F129,images/REF10574.jpg
REF10575,Article 10575,bas,M06,synthetique,ville,milieu,F113,images/REF10575.jpg
REF10576,Article 10576,maison,M37,coton,sport,premium,F140,images/REF10576.jpg
REF10577,Article 10577,accessoire,M25,laine,sport,premium,F053,images/REF10577.jpg
REF10578,Article 10578,accessoire,M21,laine,sport,milieu,F128,images/REF10578.jpg
REF10579,Article 10579,maison,M18,coton,ville,premium,F006,images/REF10579.jpg
REF10580,Article 10580,maison,M28,lin,sport,premium,F066,images/REF10580.jpg
REF10581,Article 10581,haut,M12,laine,ville,milieu,F113,images/REF10581.jpg
REF10582,Article 10582,accessoire,M38,laine,ville,milieu,F108,images/REF10582.jpg
REF10583,Article 10583,maison,M22,lin,soiree,milieu,F137,images/REF10583.jpg
REF10584,Article 10584,accessoire,M24,coton,soiree,premium,F028,images/REF10584.jpg
REF10585,Article 10585,bas,M29,coton,ville,entree,F090,images/REF10585.jpg
REF10586,Article 10586,maison,M10,laine,soiree,milieu,F048,images/REF10586.jpg
REF10587,Article 10587,haut,M38,synthetique,soiree,milieu,F047,images/REF10587.jpg
REF10588,Article 10588,accessoire,M25,coton,sport,entree,F055,images/REF10588.jpg
REF10589,Article 10589,bas,M38,lin,ville,entree,F058,images/REF10589.jpg
REF10590,Article 10590,haut,M36,laine,soiree,entree,F017,images/REF10590.jpg
REF10591,Article 10591,accessoire,M33,laine,ville,premium,F122,images/REF10591.jpg
REF10592,Article 10592,haut,M03,coton,soiree,entree,F027,images/REF10592.jpg
REF10593,Article 10593,accessoire,M01,lin,ville,milieu,F122,images/REF10593.jpg
REF10594,Article 10594,maison,M23,lin,soiree,milieu,F040,images/REF10594.jpg
REF10595,Article 10595,accessoire,M10,coton,sport,milieu,F123,images/REF10595.jpg
REF10596,Article 10596,maison,M28,synthetique,ville,premium,F058,images/REF10596.jpg
REF10597,Article 10597,haut,M27,synthetique,soiree,entree,F079,images/REF10597.jpg
REF10598,Article 10598,bas,M04,coton,soiree,premium,F121,images/REF10598.jpg
REF10599,Article 10599,accessoire,M38,laine,sport,milieu,F054,images/REF10599.jpg
REF10600,Article 10600,bas,M24,coton,soiree,entree,F008,images/REF10600.jpg
REF10601,Article 10601,accessoire,M01,lin,soiree,entree,F101,images/REF10601.jpg
REF10602,Article 10602,haut,M05,lin,soiree,premium,F121,images/REF10602.jpg
REF10603,Article 10603,accessoire,M15,lin,sport,premium,F060,images/REF10603.jpg
REF10604,Article 10604,maison,M03,lin,ville,premium,F017,images/REF10604.jpg
REF10605,Article 10605,haut,M15,synthetique,soiree,entree,F139,images/REF10605.jpg
REF10606,Article 10606,maison,M34,lin,soiree,premium,F117,images/REF10606.jpg
REF10607,Article 10607,accessoire,M24,lin,soiree,premium,F079,images/REF10607.jpg
REF10608,Article 10608,maison,M34,lin,sport,entree,F050,images/REF10608.jpg
REF10609,Article 10609,accessoire,M14,lin,ville,premium,F059,images/REF10609.jpg
REF10610,Article 10610,bas,M02,coton,ville,premium,F045,images/REF10610.jpg
REF10611,Article 10611,maison,M10,synthetique,sport,milieu,F029,images/REF10611.jpg
REF10612,Article 10612,maison,M19,coton,soiree,entree,F065,images/REF10612.jpg
REF10613,Article 10613,haut,M30,synthetique,soiree,entree,F121,images/REF10613.jpg
REF10614,Article 10614,haut,M01,coton,soiree,milieu,F046,images/REF10614.jpg
REF10615,Article 10615,accessoire,M21,coton,ville,entree,F139,images/REF10615.jpg
REF10616,Article 10616,haut,M19,synthetique,ville,milieu,F132,images/REF10616.jpg
REF10617,Article 10617,maison,M02,synthetique,sport,milieu,F115,images/REF10617.jpg
REF10618,Article 10618,accessoire,M09,laine,ville,milieu,F003,images/REF10618.jpg
REF10619,Article 10619,accessoire,M19,laine,soiree,entree,F118,images/REF10619.jpg
REF10620,Article 10620,bas,M14,synthetique,ville,milieu,F015,images/REF10620.jpg
REF10621,Article 10621,maison,M27,lin,soiree,entree,F034,images/REF10621.jpg
REF10622,Article 10622,bas,M18,coton,sport,premium,F121,images/REF10622.jpg
REF10623,Article 10623,haut,M21,laine,ville,entree,F028,images/REF10623.jpg
REF10624,Article 10624,haut,M35,laine,soiree,entree,F057,images/REF10624.jpg
REF10625,Article 10625,haut,M34,coton,soiree,milieu,F077,images/REF10625.jpg
REF10626,Article 10626,haut,M16,synthetique,sport,entree,F107,images/REF10626.jpg
REF10627,Article 10627,maison,M07,laine,sport,premium,F079,images/REF10627.jpg
REF10628,Article 10628,bas,M35,laine,soiree,premium,F001,images/REF10628.jpg
REF10629,Article 10629,bas,M17,laine,sport,milieu,F088,images/REF10629.jpg
REF10630,Article 10630,accessoire,M15,laine,ville,entree,F118,images/REF10630.jpg
REF10631,Article 10631,haut,M21,coton,sport,entree,F013,images/REF10631.jpg
REF10632,Article 10632,accessoire,M13,coton,sport,entree,F099,images/REF10632.jpg
REF10633,Article 10633,maison,M36,coton,soiree,premium,F032,images/REF10633.jpg
REF10634,Article 10634,accessoire,M25,laine,ville,entree,F128,images/REF10634.jpg
REF10635,Article 10635,accessoire,M25,coton,sport,entree,F045,images/REF10635.jpg
REF10636,Article 10636,bas,M01,synthetique,sport,milieu,F033,images/REF10636.jpg
REF10637,Article 10637,haut,M34,coton,sport,milieu,F046,images/REF10637.jpg
REF10638,Article 10638,bas,M06,laine,ville,milieu,F105,images/REF10638.jpg
REF10639,Article 10639,maison,M18,lin,ville,entree,F072,images/REF10639.jpg
REF10640,Article 10640,bas,M04,laine,ville,premium,F123,images/REF10640.jpg
REF10641,Article 10641,haut,M31,lin,soiree,entree,F027,images/REF10641.jpg
REF10642,Article 10642,haut,M26,lin,ville,milieu,F080,images/REF10642.jpg
REF10643,Article 10643,maison,M01,synthetique,ville,premium,F058,images/REF10643.jpg
REF10644,Article 10644,bas,M25,synthetique,soiree,premium,F037,images/REF10644.jpg
REF10645,Article 10645,maison,M28,synthetique,soiree,entree,F023,images/REF10645.jpg
REF10646,Article 10646,accessoire,M08,lin,ville,entree,F042,images/REF10646.jpg
REF10647,Article 10647,accessoire,M24,coton,soiree,entree,F032,images/REF10647.jpg
REF10648,Article 10648,maison,M16,lin,sport,premium,F130,images/REF10648.jpg
REF10649,Article 10649,maison,M19,coton,ville,premium,F025,images/REF10649.jpg
REF10650,Article 10650,accessoire,M17,synthetique,soiree,milieu,F047,images/REF10650.jpg
REF10651,Article 10651,haut,M35,lin,ville,entree,F102,images/REF10651.jpg
REF10652,Article 10652,maison,M10,laine,ville,premium,F037,images/REF10652.jpg
REF10653,Article 10653,maison,M04,synthetique,ville,milieu,F095,images/REF10653.jpg
REF10654,Article 10654,maison,M18,coton,ville,premium,F064,images/REF10654.jpg
REF10655,Article 10655,bas,M26,coton,ville,entree,F071,images/REF10655.jpg
REF10656,Article 10656,maison,M31,synthetique,sport,premium,F039,images/REF10656.jpg
REF10657,Article 10657,maison,M18,lin,sport,premium,F034,images/REF10657.jpg
REF10658,Article 10658,maison,M10,laine,soiree,entree,F015,images/REF10658.jpg
REF10659,Article 10659,bas,M04,synthetique,ville,milieu,F046,images/REF10659.jpg
REF10660,Article 10660,haut,M24,lin,ville,milieu,F139,images/REF10660.jpg
REF10661,Article 10661,haut,M10,synthetique,sport,milieu,F066,images/REF10661.jpg
REF10662,Article 10662,bas,M39,laine,soiree,entree,F017,images/REF10662.jpg
REF10663,Article 10663,accessoire,M21,lin,ville,milieu,F124,images/REF10663.jpg
REF10664,Article 10664,bas,M34,coton,soiree,premium,F019,images/REF10664.jpg
REF10665,Article 10665,haut,M13,coton,sport,milieu,F016,images/REF10665.jpg
REF10666,Article 10666,maison,M14,coton,ville,milieu,F029,images/REF10666.jpg
REF10667,Article 10667,accessoire,M33,coton,sport,entree,F032,images/REF10667.jpg
REF10668,Article 10668,bas,M20,coton,soiree,premium,F080,images/REF10668.jpg
REF10669,Article 10669,maison,M34,lin,sport,milieu,F032,images/REF10669.jpg
REF10670,Article 10670,maison,M05,coton,soiree,premium,F023,images/REF10670.jpg
REF10671,Article 10671,maison,M26,synthetique,sport,premium,F120,images/REF10671.jpg
REF10672,Article 10672,accessoire,M34,lin,ville,premium,F096,images/REF10672.jpg
REF10673,Article 10673,haut,M03,synthetique,sport,premium,F098,images/REF10673.jpg
REF10674,Article 10674,haut,M18,lin,soiree,premium,F113,images/REF10674.jpg
REF10675,Article 10675,accessoire,M17,coton,ville,premium,F013,images/REF10675.jpg
REF10676,Article 10676,haut,M40,synthetique,sport,milieu,F028,images/REF10676.jpg
REF10677,Article 10677,bas,M10,laine,ville,entree,F009,images/REF10677.jpg
REF10678,Article 10678,bas,M37,synthetique,ville,milieu,F063,images/REF10678.jpg
REF10679,Article 10679,haut,M04,lin,ville,entree,F070,images/REF10679.jpg
REF10680,Article 10680,haut,M11,lin,soiree,milieu,F131,images/REF10680.jpg
REF10681,Article 10681,maison,M23,lin,soiree,premium,F140,images/REF10681.jpg
REF10682,Article 10682,accessoire,M33,laine,soiree,entree,F113,images/REF10682.jpg
REF10683,Article 10683,maison,M11,lin,ville,entree,F031,images/REF10683.jpg
REF10684,Article 10684,haut,M25,synthetique,soiree,premium,F140,images/REF10684.jpg
REF10685,Article 10685,bas,M01,lin,soiree,premium,F086,images/REF10685.jpg
REF10686,Article 10686,haut,M14,laine,soiree,premium,F137,images/REF10686.jpg
REF10687,Article 10687,bas,M24,laine,sport,premium,F048,images/REF10687.jpg
REF10688,Article 10688,haut,M10,coton,ville,entree,F069,images/REF10688.jpg
REF10689,Article 10689,haut,M22,coton,ville,entree,F036,images/REF10689.jpg
REF10690,Article 10690,haut,M01,coton,sport,milieu,F019,images/REF10690.jpg
REF10691,Article 10691,maison,M28,coton,soiree,premium,F133,images/REF10691.jpg
REF10692,Article 10692,accessoire,M01,lin,ville,milieu,F005,images/REF10692.jpg
REF10693,Article 10693,bas,M04,synthetique,ville,premium,F097,images/REF10693.jpg
REF10694,Article 10694,accessoire,M27,synthetique,soiree,entree,F121,images/REF10694.jpg
REF10695,Article 10695,maison,M37,laine,ville,milieu,F135,images/REF10695.jpg
REF10696,Article 10696,maison,M18,laine,soiree,milieu,F132,images/REF10696.jpg
REF10697,Article 10697,accessoire,M14,synthetique,sport,premium,F009,images/REF10697.jpg
REF10698,Article 10698,haut,M15,synthetique,ville,entree,F090,images/REF10698.jpg
REF10699,Article 10699,haut,M05,coton,sport,premium,F073,images/REF10699.jpg
REF10700,Article 10700,haut,M09,lin,soiree,premium,F122,images/REF10700.jpg
REF10701,Article 10701,maison,M34,synthetique,sport,milieu,F026,images/REF10701.jpg
REF10702,Article 10702,haut,M34,laine,ville,entree,F107,images/REF10702.jpg
REF10703,Article 10703,haut,M11,laine,sport,entree,F040,images/REF10703.jpg
REF10704,Article 10704,haut,M10,synthetique,sport,milieu,F040,images/REF10704.jpg
REF10705,Article 10705,haut,M11,synthetique,sport,premium,F119,images/REF10705.jpg
REF10706,Article 10706,bas,M23,coton,ville,entree,F107,images/REF10706.jpg
REF10707,Article 10707,bas,M34,coton,sport,entree,F023,images/REF10707.jpg
REF10708,Article 10708,bas,M09,laine,soiree,entree,F048,images/REF10708.jpg
REF10709,Article 10709,accessoire,M29,laine,sport,milieu,F096,images/REF10709.jpg
REF10710,Article 10710,haut,M14,laine,ville,premium,F027,images/REF10710.jpg
REF10711,Article 10711,accessoire,M25,coton,soiree,premium,F136,images/REF10711.jpg
REF10712,Article 10712,haut,M31,lin,ville,milieu,F042,images/REF10712.jpg
REF10713,Article 10713,haut,M01,laine,sport,milieu,F094,images/REF10713.jpg
REF10714,Article 10714,bas,M35,laine,ville,premium,F090,images/REF10714.jpg
REF10715,Article 10715,maison,M26,laine,soiree,premium,F068,images/REF10715.jpg
REF10716,Article 10716,haut,M09,laine,sport,premium,F037,images/REF10716.jpg
REF10717,Article 10717,bas,M40,laine,sport,premium,F076,images/REF10717.jpg
REF10718,Article 10718,maison,M08,synthetique,sport,milieu,F135,images/REF10718.jpg
REF10719,Article 10719,accessoire,M04,synthetique,sport,milieu,F050,images/REF10719.jpg
REF10720,Article 10720,accessoire,M27,laine,sport,premium,F094,images/REF10720.jpg
REF10721,Article 10721,bas,M12,coton,soiree,premium,F076,images/REF10721.jpg
REF10722,Article 10722,accessoire,M34,lin,ville,milieu,F006,images/REF10722.jpg
REF10723,Article 10723,maison,M23,lin,soiree,milieu,F089,images/REF10723.jpg
REF10724,Article 10724,bas,M05,laine,sport,entree,F015,images/REF10724.jpg
REF10725,Article 10725,bas,M21,coton,ville,milieu,F099,images/REF10725.jpg
REF10726,Article 10726,accessoire,M28,lin,soiree,milieu,F140,images/REF10726.jpg
REF10727,Article 10727,maison,M35,lin,soiree,milieu,F128,images/REF10727.jpg
REF10728,Article 10728,maison,M02,laine,sport,milieu,F078,images/REF10728.jpg
REF10729,Article 10729,bas,M07,coton,ville,milieu,F054,images/REF10729.jpg
REF10730,Article 10730,bas,M06,laine,ville,premium,F115,images/REF10730.jpg
REF10731,Article 10731,bas,M30,lin,soiree,entree,F097,images/REF10731.jpg
REF10732,Article 10732,accessoire,M39,synthetique,ville,entree,F127,images/REF10732.jpg
REF10733,Article 10733,bas,M12,lin,ville,premium,F060,images/REF10733.jpg
REF10734,Article 10734,haut,M03,laine,sport,premium,F037,images/REF10734.jpg
REF10735,Article 10735,maison,M37,synthetique,sport,milieu,F016,images/REF10735.jpg
REF10736,Article 10736,bas,M17,synthetique,ville,milieu,F070,images/REF10736.jpg
REF10737,Article 10737,haut,M01,laine,ville,entree,F126,images/REF10737.jpg
REF10738,Article 10738,haut,M13,lin,soiree,premium,F019,images/REF10738.jpg
REF10739,Article 10739,maison,M14,coton,soiree,premium,F036,images/REF10739.jpg
REF10740,Article 10740,maison,M24,coton,ville,premium,F045,images/REF10740.jpg
REF10741,Article 10741,maison,M20,lin,ville,entree,F017,images/REF10741.jpg
REF10742,Article 10742,accessoire,M22,lin,soiree,milieu,F061,images/REF10742.jpg
REF10743,Article 10743,bas,M21,laine,sport,milieu,F027,images/REF10743.jpg
REF10744,Article 10744,maison,M26,laine,ville,milieu,F127,images/REF10744.jpg
REF10745,Article 10745,accessoire,M23,laine,soiree,premium,F048,images/REF10745.jpg
REF10746,Article 10746,maison,M24,laine,sport,premium,F015,images/REF10746.jpg
REF10747,Article 10747,bas,M40,synthetique,ville,milieu,F124,images/REF10747.jpg
REF10748,Article 10748,haut,M10,laine,sport,entree,F073,images/REF10748.jpg
REF10749,Article 10749,maison,M32,synthetique,sport,premium,F072,images/REF10749.jpg
REF10750,Article 10750,accessoire,M17,coton,soiree,premium,F070,images/REF10750.jpg
REF10751,Article 10751,haut,M04,laine,sport,milieu,F065,images/REF10751.jpg
REF10752,Article 10752,haut,M06,synthetique,sport,premium,F020,images/REF10752.jpg
REF10753,Article 10753,accessoire,M03,coton,soiree,milieu,F052,images/REF10753.jpg
REF10754,Article 10754,accessoire,M05,coton,soiree,entree,F139,images/REF10754.jpg
REF10755,Article 10755,maison,M04,coton,soiree,premium,F039,images/REF10755.jpg
REF10756,Article 10756,haut,M04,synthetique,sport,premium,F122,images/REF10756.jpg
REF10757,Article 10757,accessoire,M20,lin,ville,entree,F092,images/REF10757.jpg
REF10758,Article 10758,haut,M40,lin,ville,premium,F051,images/REF10758.jpg
REF10759,Article 10759,maison,M37,lin,ville,milieu,F120,images/REF10759.jpg
REF10760,Article 10760,haut,M31,coton,sport,milieu,F124,images/REF10760.jpg
REF10761,Article 10761,accessoire,M18,synthetique,sport,entree,F010,images/REF10761.jpg
REF10762,Article 10762,accessoire,M08,lin,sport,milieu,F140,images/REF10762.jpg
REF10763,Article 10763,haut,M31,lin,ville,entree,F138,images/REF10763.jpg
REF10764,Article 10764,haut,M20,synthetique,soiree,premium,F090,images/REF10764.jpg
REF10765,Article 10765,haut,M08,coton,soiree,milieu,F010,images/REF10765.jpg
REF10766,Article 10766,bas,M01,lin,ville,entree,F070,images/REF10766.jpg
REF10767,Article 10767,maison,M19,lin,sport,premium,F027,images/REF10767.jpg
REF10768,Article 10768,bas,M27,lin,ville,entree,F045,images/REF10768.jpg
REF10769,Article 10769,haut,M06,synthetique,ville,milieu,F061,images/REF10769.jpg
REF10770,Article 10770,maison,M12,synthetique,ville,entree,F067,images/REF10770.jpg
REF10771,Article 10771,accessoire,M18,lin,soiree,premium,F044,images/REF10771.jpg
REF10772,Article 10772,maison,M35,synthetique,ville,entree,F091,images/REF10772.jpg
REF10773,Article 10773,bas,M08,lin,sport,milieu,F079,images/REF10773.jpg
REF10774,Article 10774,accessoire,M27,coton,ville,premium,F007,images/REF10774.jpg
REF10775,Article 10775,haut,M35,synthetique,ville,milieu,F119,images/REF10775.jpg
REF10776,Article 10776,accessoire,M37,coton,ville,milieu,F026,images/REF10776.jpg
REF10777,Article 10777,accessoire,M09,coton,soiree,entree,F019,images/REF10777.jpg
REF10778,Article 10778,haut,M36,coton,ville,entree,F132,images/REF10778.jpg
REF10779,Article 10779,accessoire,M07,coton,sport,entree,F114,images/REF10779.jpg
REF10780,Article 10780,bas,M22,laine,sport,premium,F131,images/REF10780.jpg
REF10781,Article 10781,bas,M15,laine,ville,entree,F124,images/REF10781.jpg
REF10782,Article 10782,bas,M05,lin,soiree,entree,F058,images/REF10782.jpg
REF10783,Article 10783,maison,M30,synthetique,ville,milieu,F071,images/REF10783.jpg
REF10784,Article 10784,accessoire,M18,synthetique,sport,entree,F126,images/REF10784.jpg
REF10785,Article 10785,haut,M04,lin,ville,milieu,F042,images/REF10785.jpg
REF10786,Article 10786,haut,M05,synthetique,sport,premium,F032,images/REF10786.jpg
REF10787,Article 10787,accessoire,M04,lin,sport,premium,F095,images/REF10787.jpg
REF10788,Article 10788,maison,M04,synthetique,soiree,entree,F064,images/REF10788.jpg
REF10789,Article 10789,accessoire,M37,coton,sport,entree,F098,images/REF10789.jpg
REF10790,Article 10790,bas,M30,coton,soiree,milieu,F070,images/REF10790.jpg
REF10791,Article 10791,accessoire,M19,laine,ville,milieu,F083,images/REF10791.jpg
REF10792,Article 10792,maison,M40,synthetique,soiree,milieu,F074,images/REF10792.jpg
REF10793,Article 10793,bas,M18,laine,ville,premium,F136,images/REF10793.jpg
REF10794,Article 10794,maison,M40,laine,sport,premium,F075,images/REF10794.jpg
REF10795,Article 10795,maison,M14,lin,ville,premium,F089,images/REF10795.jpg
REF10796,Article 10796,bas,M35,synthetique,sport,milieu,F120,images/REF10796.jpg
REF10797,Article 10797,bas,M29,coton,sport,premium,F101,images/REF10797.jpg
REF10798,Article 10798,haut,M27,lin,soiree,entree,F101,images/REF10798.jpg
REF10799,Article 10799,maison,M33,synthetique,soiree,entree,F125,images/REF10799.jpg
REF10800,Article 10800,haut,M35,synthetique,ville,premium,F033,images/REF10800.jpg
REF10801,Article 10801,bas,M26,synthetique,soiree,entree,F120,images/REF10801.jpg
REF10802,Article 10802,bas,M33,lin,sport,premium,F029,images/REF10802.jpg
REF10803,Article 10803,bas,M03,coton,soiree,entree,F043,images/REF10803.jpg
REF10804,Article 10804,accessoire,M33,lin,soiree,milieu,F103,images/REF10804.jpg
REF10805,Article 10805,haut,M23,laine,soiree,entree,F044,images/REF10805.jpg
REF10806,Article 10806,bas,M29,laine,ville,entree,F126,images/REF10806.jpg
REF10807,Article 10807,bas,M35,coton,ville,milieu,F085,images/REF10807.jpg
REF10808,Article 10808,maison,M23,laine,ville,premium,F012,images/REF10808.jpg
REF10809,Article 10809,accessoire,M14,synthetique,sport,premium,F131,images/REF10809.jpg
REF10810,Article 10810,maison,M16,lin,sport,entree,F024,images/REF10810.jpg
REF10811,Article 10811,maison,M19,laine,ville,premium,F044,images/REF10811.jpg
REF10812,Article 10812,bas,M08,laine,ville,entree,F091,images/REF10812.jpg
REF10813,Article 10813,bas,M05,coton,sport,premium,F056,images/REF10813.jpg
REF10814,Article 10814,maison,M26,synthetique,ville,premium,F102,images/REF10814.jpg
REF10815,Article 10815,accessoire,M22,coton,ville,entree,F031,images/REF10815.jpg
REF10816,Article 10816,accessoire,M19,synthetique,ville,entree,F010,images/REF10816.jpg
REF10817,Article 10817,maison,M34,synthetique,sport,premium,F116,images/REF10817.jpg
REF10818,Article 10818,haut,M40,laine,soiree,premium,F096,images/REF10818.jpg
REF10819,Article 10819,maison,M22,synthetique,soiree,entree,F069,images/REF10819.jpg
REF10820,Article 10820,haut,M36,laine,sport,entree,F056,images/REF10820.jpg
REF10821,Article 10821,maison,M10,lin,soiree,milieu,F127,images/REF10821.jpg
REF10822,Article 10822,bas,M40,lin,soiree,premium,F103,images/REF10822.jpg
REF10823,Article 10823,accessoire,M29,synthetique,soiree,entree,F118,images/REF10823.jpg
REF10824,Article 10824,bas,M07,laine,sport,entree,F108,images/REF10824.jpg
REF10825,Article 10825,haut,M13,lin,sport,milieu,F085,images/REF10825.jpg
REF10826,Article 10826,haut,M32,laine,ville,milieu,F044,images/REF10826.jpg
REF10827,Article 10827,accessoire,M32,laine,sport,entree,F077,images/REF10827.jpg
REF10828,Article 10828,maison,M03,laine,ville,entree,F078,images/REF10828.jpg
REF10829,Article 10829,accessoire,M40,synthetique,sport,milieu,F075,images/REF10829.jpg
REF10830,Article 10830,bas,M05,laine,soiree,premium,F086,images/REF10830.jpg
REF10831,Article 10831,bas,M24,laine,soiree,premium,F115,images/REF10831.jpg
REF10832,Article 10832,maison,M07,synthetique,ville,milieu,F098,images/REF10832.jpg
REF10833,Article 10833,accessoire,M29,synthetique,ville,premium,F044,images/REF10833.jpg
REF10834,Article 10834,haut,M28,lin,sport,entree,F015,images/REF10834.jpg
REF10835,Article 10835,haut,M08,coton,sport,premium,F032,images/REF10835.jpg
REF10836,Article 10836,bas,M29,lin,sport,premium,F057,images/REF10836.jpg
REF10837,Article 10837,haut,M29,coton,soiree,milieu,F039,images/REF10837.jpg
REF10838,Article 10838,bas,M18,laine,soiree,entree,F108,images/REF10838.jpg
REF10839,Article 10839,bas,M20,lin,soiree,entree,F007,images/REF10839.jpg
REF10840,Article 10840,maison,M12,synthetique,ville,entree,F060,images/REF10840.jpg
REF10841,Article 10841,haut,M05,coton,sport,premium,F091,images/REF10841.jpg
REF10842,Article 10842,bas,M06,coton,sport,entree,F075,images/REF10842.jpg
REF10843,Article 10843,accessoire,M21,synthetique,ville,entree,F017,images/REF10843.jpg
REF10844,Article 10844,haut,M04,synthetique,ville,entree,F139,images/REF10844.jpg
REF10845,Article 10845,accessoire,M22,synthetique,soiree,premium,F023,images/REF10845.jpg
REF10846,Article 10846,maison,M16,coton,ville,premium,F114,images/REF10846.jpg
REF10847,Article 10847,accessoire,M01,laine,soiree,premium,F012,images/REF10847.jpg
REF10848,Article 10848,accessoire,M07,laine,ville,premium,F040,images/REF10848.jpg
REF10849,Article 10849,accessoire,M11,lin,ville,premium,F033,images/REF10849.jpg
REF10850,Article 10850,haut,M09,laine,sport,milieu,F108,images/REF10850.jpg
REF10851,Article 10851,accessoire,M39,lin,ville,milieu,F116,images/REF10851.jpg
REF10852,Article 10852,haut,M09,synthetique,soiree,entree,F092,images/REF10852.jpg
REF10853,Article 10853,maison,M05,coton,soiree,milieu,F007,images/REF10853.jpg
REF10854,Article 10854,haut,M31,lin,soiree,milieu,F092,images/REF10854.jpg
REF10855,Article 10855,maison,M13,laine,soiree,milieu,F053,images/REF10855.jpg
REF10856,Article 10856,maison,M02,synthetique,ville,entree,F009,images/REF10856.jpg
REF10857,Article 10857,maison,M31,laine,sport,entree,F089,images/REF10857.jpg
REF10858,Article 10858,bas,M05,laine,ville,premium,F003,images/REF10858.jpg
REF10859,Article 10859,accessoire,M37,coton,ville,milieu,F002,images/REF10859.jpg
REF10860,Article 10860,maison,M08,lin,sport,entree,F127,images/REF10860.jpg
REF10861,Article 10861,maison,M37,coton,soiree,premium,F059,images/REF10861.jpg
REF10862,Article 10862,accessoire,M20,coton,ville,milieu,F081,images/REF10862.jpg
REF10863,Article 10863,maison,M35,lin,sport,premium,F100,images/REF10863.jpg
REF10864,Article 10864,maison,M09,laine,sport,entree,F044,images/REF10864.jpg
REF10865,Article 10865,maison,M12,synthetique,sport,entree,F008,images/REF10865.jpg
REF10866,Article 10866,maison,M34,coton,sport,milieu,F117,images/REF10866.jpg
REF10867,Article 10867,maison,M19,synthetique,sport,milieu,F032,images/REF10867.jpg
REF10868,Article 10868,bas,M16,coton,sport,entree,F068,images/REF10868.jpg
REF10869,Article 10869,haut,M02,laine,ville,premium,F027,images/REF10869.jpg
REF10870,Article 10870,bas,M30,synthetique,sport,milieu,F082,images/REF10870.jpg
REF10871,Article 10871,bas,M15,lin,soiree,premium,F068,images/REF10871.jpg
REF10872,Article 10872,bas,M13,synthetique,ville,premium,F066,images/REF10872.jpg
REF10873,Article 10873,maison,M29,lin,sport,milieu,F074,images/REF10873.jpg
REF10874,Article 10874,accessoire,M06,synthetique,ville,milieu,F030,images/REF10874.jpg
REF10875,Article 10875,bas,M12,synthetique,ville,premium,F018,images/REF10875.jpg
REF10876,Article 10876,maison,M11,synthetique,ville,entree,F102,images/REF10876.jpg
REF10877,Article 10877,maison,M38,synthetique,ville,entree,F036,images/REF10877.jpg
REF10878,Article 10878,bas,M06,lin,soiree,premium,F104,images/REF10878.jpg
REF10879,Article 10879,maison,M17,laine,sport,milieu,F030,images/REF10879.jpg
REF10880,Article 10880,accessoire,M30,laine,ville,premium,F062,images/REF10880.jpg
REF10881,Article 10881,accessoire,M03,laine,sport,milieu,F113,images/REF10881.jpg
REF10882,Article 10882,bas,M40,lin,soiree,entree,F049,images/REF10882.jpg
REF10883,Article 10883,maison,M36,lin,ville,premium,F014,images/REF10883.jpg
REF10884,Article 10884,accessoire,M04,laine,ville,milieu,F085,images/REF10884.jpg
REF10885,Article 10885,haut,M40,laine,sport,milieu,F113,images/REF10885.jpg
REF10886,Article 10886,accessoire,M14,synthetique,sport,milieu,F078,images/REF10886.jpg
REF10887,Article 10887,haut,M06,lin,soiree,milieu,F113,images/REF10887.jpg
REF10888,Article 10888,haut,M12,coton,ville,entree,F083,images/REF10888.jpg
REF10889,Article 10889,bas,M07,synthetique,ville,milieu,F084,images/REF10889.jpg
REF10890,Article 10890,accessoire,M05,laine,ville,milieu,F135,images/REF10890.jpg
REF10891,Article 10891,maison,M17,lin,sport,milieu,F137,images/REF10891.jpg
REF10892,Article 10892,maison,M10,laine,soiree,premium,F054,images/REF10892.jpg
REF10893,Article 10893,maison,M13,laine,ville,entree,F070,images/REF10893.jpg
REF10894,Article 10894,maison,M35,coton,soiree,premium,F138,images/REF10894.jpg
REF10895,Article 10895,bas,M25,laine,sport,entree,F065,images/REF10895.jpg
REF10896,Article 10896,maison,M36,coton,sport,entree,F039,images/REF10896.jpg
REF10897,Article 10897,haut,M31,synthetique,sport,entree,F082,images/REF10897.jpg
REF10898,Article 10898,bas,M19,lin,sport,milieu,F118,images/REF10898.jpg
REF10899,Article 10899,bas,M23,coton,sport,premium,F137,images/REF10899.jpg
REF10900,Article 10900,haut,M21,coton,soiree,milieu,F087,images/REF10900.jpg
REF10901,Article 10901,haut,M36,lin,soiree,entree,F060,images/REF10901.jpg
REF10902,Article 10902,bas,M39,laine,sport,premium,F118,images/REF10902.jpg
REF10903,Article 10903,maison,M07,lin,soiree,entree,F101,images/REF10903.jpg
REF10904,Article 10904,maison,M26,laine,sport,milieu,F043,images/REF10904.jpg
REF10905,Article 10905,haut,M40,lin,sport,entree,F126,images/REF10905.jpg
REF10906,Article 10906,accessoire,M16,laine,sport,premium,F138,images/REF10906.jpg
REF10907,Article 10907,maison,M05,lin,ville,entree,F005,images/REF10907.jpg
REF10908,Article 10908,accessoire,M29,coton,ville,milieu,F051,images/REF10908.jpg
REF10909,Article 10909,maison,M23,coton,sport,milieu,F131,images/REF10909.jpg
REF10910,Article 10910,haut,M18,laine,soiree,premium,F012,images/REF10910.jpg
REF10911,Article 10911,maison,M30,lin,soiree,premium,F125,images/REF10911.jpg
REF10912,Article 10912,haut,M23,synthetique,sport,entree,F112,images/REF10912.jpg
REF10913,Article 10913,maison,M17,laine,soiree,entree,F075,images/REF10913.jpg
REF10914,Article 10914,accessoire,M39,coton,sport,premium,F082,images/REF10914.jpg
REF10915,Article 10915,accessoire,M35,coton,soiree,milieu,F134,images/REF10915.jpg
REF10916,Article 10916,maison,M12,synthetique,sport,milieu,F008,images/REF10916.jpg
REF10917,Article 10917,haut,M18,laine,soiree,milieu,F122,images/REF10917.jpg
REF10918,Article 10918,accessoire,M24,synthetique,ville,premium,F033,images/REF10918.jpg
REF10919,Article 10919,maison,M20,synthetique,sport,premium,F125,images/REF10919.jpg
REF10920,Article 10920,bas,M37,coton,ville,premium,F046,images/REF10920.jpg
REF10921,Article 10921,bas,M06,laine,ville,premium,F140,images/REF10921.jpg
REF10922,Article 10922,haut,M28,synthetique,ville,premium,F035,images/REF10922.jpg
REF10923,Article 10923,haut,M17,laine,soiree,premium,F134,images/REF10923.jpg
REF10924,Article 10924,haut,M39,laine,soiree,premium,F029,images/REF10924.jpg
REF10925,Article 10925,maison,M03,laine,soiree,milieu,F042,images/REF10925.jpg
REF10926,Article 10926,accessoire,M17,lin,ville,milieu,F134,images/REF10926.jpg
REF10927,Article 10927,haut,M25,laine,soiree,premium,F043,images/REF10927.jpg
REF10928,Article 10928,bas,M07,synthetique,soiree,premium,F082,images/REF10928.jpg
REF10929,Article 10929,maison,M01,lin,soiree,entree,F132,images/REF10929.jpg
REF10930,Article 10930,accessoire,M09,coton,ville,premium,F025,images/REF10930.jpg
REF10931,Article 10931,accessoire,M21,synthetique,sport,entree,F067,images/REF10931.jpg
REF10932,Article 10932,haut,M27,laine,soiree,entree,F075,images/REF10932.jpg
REF10933,Article 10933,bas,M04,synthetique,ville,entree,F038,images/REF10933.jpg
REF10934,Article 10934,accessoire,M19,lin,ville,milieu,F041,images/REF10934.jpg
REF10935,Article 10935,accessoire,M33,laine,sport,milieu,F071,images/REF10935.jpg
REF10936,Article 10936,bas,M38,coton,ville,premium,F090,images/REF10936.jpg
REF10937,Article 10937,accessoire,M03,laine,sport,entree,F018,images/REF10937.jpg
REF10938,Article 10938,haut,M13,coton,sport,premium,F105,images/REF10938.jpg
REF10939,Article 10939,haut,M22,laine,soiree,entree,F127,images/REF10939.jpg
REF10940,Article 10940,maison,M21,laine,soiree,premium,F038,images/REF10940.jpg
REF10941,Article 10941,haut,M16,laine,soiree,milieu,F083,images/REF10941.jpg
REF10942,Article 10942,maison,M18,coton,ville,premium,F033,images/REF10942.jpg
REF10943,Article 10943,haut,M24,lin,sport,entree,F058,images/REF10943.jpg
REF10944,Article 10944,haut,M04,coton,sport,premium,F081,images/REF10944.jpg
REF10945,Article 10945,bas,M09,synthetique,sport,entree,F084,images/REF10945.jpg
REF10946,Article 10946,accessoire,M28,lin,sport,entree,F127,images/REF10946.jpg
REF10947,Article 10947,haut,M38,laine,sport,entree,F033,images/REF10947.jpg
REF10948,Article 10948,maison,M31,synthetique,soiree,entree,F017,images/REF10948.jpg
REF10949,Article 10949,accessoire,M29,coton,sport,premium,F044,images/REF10949.jpg
REF10950,Article 10950,accessoire,M29,lin,ville,milieu,F063,images/REF10950.jpg
REF10951,Article 10951,maison,M04,synthetique,soiree,entree,F022,images/REF10951.jpg
REF10952,Article 10952,maison,M25,laine,soiree,premium,F121,images/REF10952.jpg
REF10953,Article 10953,accessoire,M09,laine,soiree,entree,F113,images/REF10953.jpg
REF10954,Article 10954,haut,M31,synthetique,ville,premium,F087,images/REF10954.jpg
REF10955,Article 10955,haut,M18,laine,sport,premium,F029,images/REF10955.jpg
REF10956,Article 10956,haut,M21,lin,soiree,milieu,F040,images/REF10956.jpg
REF10957,Article 10957,bas,M15,synthetique,ville,milieu,F001,images/REF10957.jpg
REF10958,Article 10958,haut,M22,coton,soiree,milieu,F026,images/REF10958.jpg
REF10959,Article 10959,bas,M24,laine,ville,entree,F118,images/REF10959.jpg
REF10960,Article 10960,maison,M06,coton,ville,premium,F073,images/REF10960.jpg
REF10961,Article 10961,maison,M39,laine,soiree,premium,F010,images/REF10961.jpg
REF10962,Article 10962,bas,M01,lin,sport,entree,F038,images/REF10962.jpg
REF10963,Article 10963,accessoire,M19,synthetique,ville,entree,F051,images/REF10963.jpg
REF10964,Article 10964,maison,M27,synthetique,soiree,entree,F007,images/REF10964.jpg
REF10965,Article 10965,accessoire,M06,laine,sport,milieu,F046,images/REF10965.jpg
REF10966,Article 10966,haut,M13,lin,soiree,premium,F094,images/REF10966.jpg
REF10967,Article 10967,bas,M33,coton,sport,premium,F030,images/REF10967.jpg
REF10968,Article 10968,bas,M04,coton,ville,entree,F113,images/REF10968.jpg
REF10969,Article 10969,bas,M22,laine,soiree,entree,F119,images/REF10969.jpg
REF10970,Article 10970,bas,M14,coton,soiree,entree,F138,images/REF10970.jpg
REF10971,Article 10971,accessoire,M07,synthetique,ville,entree,F103,images/REF10971.jpg
REF10972,Article 10972,maison,M27,coton,ville,milieu,F085,images/REF10972.jpg
REF10973,Article 10973,bas,M40,coton,sport,entree,F010,images/REF10973.jpg
REF10974,Article 10974,accessoire,M36,lin,sport,premium,F076,images/REF10974.jpg
REF10975,Article 10975,accessoire,M38,lin,sport,entree,F074,images/REF10975.jpg
REF10976,Article 10976,accessoire,M31,synthetique,soiree,milieu,F061,images/REF10976.jpg
REF10977,Article 10977,accessoire,M29,laine,sport,premium,F140,images/REF10977.jpg
REF10978,Article 10978,accessoire,M33,synthetique,sport,entree,F046,images/REF10978.jpg
REF10979,Article 10979,accessoire,M10,synthetique,soiree,entree,F119,images/REF10979.jpg
REF10980,Article 10980,haut,M12,lin,sport,milieu,F067,images/REF10980.jpg
REF10981,Article 10981,haut,M25,coton,ville,premium,F020,images/REF10981.jpg
REF10982,Article 10982,maison,M09,laine,sport,milieu,F084,images/REF10982.jpg
REF10983,Article 10983,bas,M17,coton,sport,premium,F006,images/REF10983.jpg
REF10984,Article 10984,accessoire,M01,laine,ville,milieu,F128,images/REF10984.jpg
REF10985,Article 10985,accessoire,M06,synthetique,sport,entree,F030,images/REF10985.jpg
REF10986,Article 10986,accessoire,M39,coton,ville,entree,F010,images/REF10986.jpg
REF10987,Article 10987,haut,M24,lin,sport,premium,F128,images/REF10987.jpg
REF10988,Article 10988,bas,M40,synthetique,ville,milieu,F129,images/REF10988.jpg
REF10989,Article 10989,haut,M02,laine,soiree,milieu,F069,images/REF10989.jpg
REF10990,Article 10990,bas,M15,coton,sport,milieu,F042,images/REF10990.jpg
REF10991,Article 10991,haut,M13,coton,soiree,milieu,F006,images/REF10991.jpg
REF10992,Article 10992,haut,M14,laine,sport,entree,F108,images/REF10992.jpg
REF10993,Article 10993,bas,M03,lin,sport,entree,F118,images/REF10993.jpg
REF10994,Article 10994,maison,M28,coton,sport,premium,F125,images/REF10994.jpg
REF10995,Article 10995,maison,M08,synthetique,sport,milieu,F095,images/REF10995.jpg
REF10996,Article 10996,bas,M35,coton,soiree,entree,F138,images/REF10996.jpg
REF10997,Article 10997,maison,M13,lin,ville,entree,F008,images/REF10997.jpg
REF10998,Article 10998,maison,M01,coton,ville,premium,F051,images/REF10998.jpg
REF10999,Article 10999,maison,M13,lin,sport,milieu,F005,images/REF10999.jpg
REF11000,Article 11000,bas,M23,laine,ville,entree,F016,images/REF11000.jpg
REF11001,Article 11001,accessoire,M12,lin,ville,entree,F025,images/REF11001.jpg
REF11002,Article 11002,bas,M35,synthetique,sport,premium,F012,images/REF11002.jpg
REF11003,Article 11003,maison,M02,lin,ville,milieu,F118,images/REF11003.jpg
REF11004,Article 11004,bas,M18,coton,soiree,milieu,F124,images/REF11004.jpg
REF11005,Article 11005,maison,M33,laine,sport,milieu,F112,images/REF11005.jpg
REF11006,Article 11006,accessoire,M36,lin,ville,milieu,F125,images/REF11006.jpg
REF11007,Article 11007,maison,M02,lin,ville,premium,F124,images/REF11007.jpg
REF11008,Article 11008,maison,M22,synthetique,sport,premium,F102,images/REF11008.jpg
REF11009,Article 11009,accessoire,M24,coton,soiree,milieu,F070,images/REF11009.jpg
REF11010,Article 11010,haut,M17,lin,soiree,entree,F069,images/REF11010.jpg
REF11011,Article 11011,maison,M34,lin,sport,premium,F050,images/REF11011.jpg
REF11012,Article 11012,bas,M25,synthetique,ville,entree,F005,images/REF11012.jpg
REF11013,Article 11013,accessoire,M01,synthetique,soiree,entree,F015,images/REF11013.jpg
REF11014,Article 11014,bas,M35,laine,soiree,premium,F075,images/REF11014.jpg
REF11015,Article 11015,haut,M31,coton,sport,premium,F045,images/REF11015.jpg
REF11016,Article 11016,haut,M21,synthetique,sport,entree,F120,images/REF11016.jpg
REF11017,Article 11017,haut,M07,coton,sport,milieu,F124,images/REF11017.jpg
REF11018,Article 11018,haut,M17,laine,sport,premium,F055,images/REF11018.jpg
REF11019,Article 11019,maison,M28,lin,soiree,entree,F098,images/REF11019.jpg
REF11020,Article 11020,maison,M08,synthetique,sport,premium,F034,images/REF11020.jpg
REF11021,Article 11021,accessoire,M13,laine,soiree,entree,F140,images/REF11021.jpg
REF11022,Article 11022,bas,M28,laine,soiree,entree,F134,images/REF11022.jpg
REF11023,Article 11023,accessoire,M09,coton,ville,milieu,F091,images/REF11023.jpg
REF11024,Article 11024,accessoire,M17,coton,soiree,entree,F127,images/REF11024.jpg
REF11025,Article 11025,maison,M16,coton,soiree,premium,F084,images/REF11025.jpg
REF11026,Article 11026,maison,M13,lin,soiree,milieu,F070,images/REF11026.jpg
REF11027,Article 11027,haut,M40,synthetique,soiree,milieu,F093,images/REF11027.jpg
REF11028,Article 11028,accessoire,M10,laine,sport,milieu,F071,images/REF11028.jpg
REF11029,Article 11029,maison,M28,lin,soiree,milieu,F056,images/REF11029.jpg
REF11030,Article 11030,bas,M09,coton,soiree,premium,F001,images/REF11030.jpg
REF11031,Article 11031,accessoire,M34,coton,sport,premium,F035,images/REF11031.jpg
REF11032,Article 11032,accessoire,M14,coton,sport,premium,F054,images/REF11032.jpg
REF11033,Article 11033,haut,M09,coton,ville,premium,F053,images/REF11033.jpg
REF11034,Article 11034,maison,M30,lin,sport,premium,F062,images/REF11034.jpg
REF11035,Article 11035,bas,M36,synthetique,ville,milieu,F069,images/REF11035.jpg
REF11036,Article 11036,bas,M32,synthetique,ville,premium,F026,images/REF11036.jpg
REF11037,Article 11037,accessoire,M32,laine,sport,entree,F061,images/REF11037.jpg
REF11038,Article 11038,maison,M07,coton,soiree,premium,F069,images/REF11038.jpg
REF11039,Article 11039,bas,M24,laine,soiree,premium,F028,images/REF11039.jpg
REF11040,Article 11040,maison,M32,lin,sport,premium,F078,images/REF11040.jpg
REF11041,Article 11041,bas,M24,synthetique,ville,entree,F064,images/REF11041.jpg
REF11042,Article 11042,maison,M28,coton,soiree,entree,F083,images/REF11042.jpg
REF11043,Article 11043,maison,M05,lin,soiree,premium,F100,images/REF11043.jpg
REF11044,Article 11044,accessoire,M13,laine,ville,entree,F105,images/REF11044.jpg
REF11045,Article 11045,bas,M27,synthetique,ville,entree,F118,images/REF11045.jpg
REF11046,Article 11046,maison,M13,synthetique,ville,entree,F104,images/REF11046.jpg
REF11047,Article 11047,maison,M19,synthetique,sport,entree,F087,images/REF11047.jpg
REF11048,Article 11048,accessoire,M39,lin,ville,entree,F028,images/REF11048.jpg
REF11049,Article 11049,bas,M39,lin,soiree,milieu,F048,images/REF11049.jpg
REF11050,Article 11050,maison,M22,laine,soiree,entree,F042,images/REF11050.jpg
REF11051,Article 11051,haut,M07,lin,ville,entree,F086,images/REF11051.jpg
REF11052,Article 11052,haut,M35,laine,ville,premium,F097,images/REF11052.jpg
REF11053,Article 11053,accessoire,M03,synthetique,sport,milieu,F137,images/REF11053.jpg
REF11054,Article 11054,accessoire,M20,lin,sport,milieu,F100,images/REF11054.jpg
REF11055,Article 11055,accessoire,M30,coton,ville,premium,F009,images/REF11055.jpg
REF11056,Article 11056,haut,M02,coton,soiree,milieu,F053,images/REF11056.jpg
REF11057,Article 11057,bas,M30,coton,sport,milieu,F060,images/REF11057.jpg
REF11058,Article 11058,bas,M17,synthetique,ville,entree,F040,images/REF11058.jpg
REF11059,Article 11059,haut,M33,lin,soiree,entree,F052,images/REF11059.jpg
REF11060,Article 11060,accessoire,M18,synthetique,sport,premium,F127,images/REF11060.jpg
REF11061,Article 11061,maison,M25,synthetique,ville,entree,F093,images/REF11061.jpg
REF11062,Article 11062,accessoire,M19,synthetique,soiree,entree,F073,images/REF11062.jpg
REF11063,Article 11063,accessoire,M17,synthetique,soiree,milieu,F004,images/REF11063.jpg
REF11064,Article 11064,accessoire,M35,coton,soiree,milieu,F091,images/REF11064.jpg
REF11065,Article 11065,maison,M04,synthetique,soiree,entree,F131,images/REF11065.jpg
REF11066,Article 11066,haut,M19,coton,ville,premium,F031,images/REF11066.jpg
REF11067,Article 11067,maison,M22,lin,soiree,entree,F071,images/REF11067.jpg
REF11068,Article 11068,haut,M08,laine,ville,entree,F140,images/REF11068.jpg
REF11069,Article 11069,maison,M10,lin,soiree,milieu,F120,images/REF11069.jpg
REF11070,Article 11070,haut,M36,synthetique,ville,premium,F021,images/REF11070.jpg
REF11071,Article 11071,maison,M17,coton,soiree,entree,F127,images/REF11071.jpg
REF11072,Article 11072,accessoire,M07,lin,sport,premium,F139,images/REF11072.jpg
REF11073,Article 11073,maison,M07,lin,soiree,entree,F086,images/REF11073.jpg
REF11074,Article 11074,haut,M06,synthetique,sport,entree,F117,images/REF11074.jpg
REF11075,Article 11075,accessoire,M02,laine,sport,milieu,F037,images/REF11075.jpg
REF11076,Article 11076,maison,M13,synthetique,sport,entree,F140,images/REF11076.jpg
REF11077,Article 11077,accessoire,M34,laine,sport,premium,F023,images/REF11077.jpg
REF11078,Article 11078,accessoire,M04,synthetique,soiree,milieu,F105,images/REF11078.jpg
REF11079,Article 11079,haut,M25,lin,ville,milieu,F057,images/REF11079.jpg
REF11080,Article 11080,bas,M18,coton,soiree,entree,F039,images/REF11080.jpg
REF11081,Article 11081,accessoire,M20,lin,ville,entree,F092,images/REF11081.jpg
REF11082,Article 11082,accessoire,M13,laine,sport,entree,F091,images/REF11082.jpg
REF11083,Article 11083,haut,M17,coton,soiree,entree,F063,images/REF11083.jpg
REF11084,Article 11084,haut,M36,lin,ville,milieu,F140,images/REF11084.jpg
REF11085,Article 11085,haut,M15,laine,sport,milieu,F140,images/REF11085.jpg
REF11086,Article 11086,accessoire,M26,synthetique,soiree,premium,F106,images/REF11086.jpg
REF11087,Article 11087,accessoire,M15,lin,sport,premium,F096,images/REF11087.jpg
REF11088,Article 11088,haut,M19,laine,ville,premium,F039,images/REF11088.jpg
REF11089,Article 11089,bas,M02,laine,soiree,premium,F139,images/REF11089.jpg
REF11090,Article 11090,accessoire,M35,laine,soiree,entree,F025,images/REF11090.jpg
REF11091,Article 11091,maison,M40,coton,ville,milieu,F005,images/REF11091.jpg
REF11092,Article 11092,bas,M20,laine,ville,milieu,F115,images/REF11092.jpg
REF11093,Article 11093,haut,M38,lin,sport,milieu,F140,images/REF11093.jpg
REF11094,Article 11094,accessoire,M36,coton,ville,entree,F021,images/REF11094.jpg
REF11095,Article 11095,bas,M15,synthetique,sport,premium,F130,images/REF11095.jpg
REF11096,Article 11096,accessoire,M25,synthetique,sport,milieu,F104,images/REF11096.jpg
REF11097,Article 11097,bas,M30,laine,ville,entree,F061,images/REF11097.jpg
REF11098,Article 11098,haut,M21,synthetique,ville,entree,F047,images/REF11098.jpg
REF11099,Article 11099,maison,M08,coton,soiree,entree,F140,images/REF11099.jpg
REF11100,Article 11100,haut,M30,coton,sport,entree,F054,images/REF11100.jpg
REF11101,Article 11101,bas,M16,laine,ville,milieu,F107,images/REF11101.jpg
REF11102,Article 11102,haut,M21,coton,sport,premium,F066,images/REF11102.jpg
REF11103,Article 11103,haut,M18,coton,ville,milieu,F013,images/REF11103.jpg
REF11104,Article 11104,maison,M05,lin,soiree,milieu,F111,images/REF11104.jpg
REF11105,Article 11105,haut,M39,coton,ville,entree,F105,images/REF11105.jpg
REF11106,Article 11106,maison,M13,lin,sport,premium,F037,images/REF11106.jpg
REF11107,Article 11107,accessoire,M21,coton,soiree,premium,F042,images/REF11107.jpg
REF11108,Article 11108,accessoire,M08,coton,ville,milieu,F129,images/REF11108.jpg
REF11109,Article 11109,bas,M21,lin,soiree,milieu,F107,images/REF11109.jpg
REF11110,Article 11110,haut,M12,laine,sport,entree,F129,images/REF11110.jpg
REF11111,Article 11111,maison,M13,synthetique,ville,premium,F087,images/REF11111.jpg
REF11112,Article 11112,accessoire,M39,coton,soiree,premium,F056,images/REF11112.jpg
REF11113,Article 11113,maison,M31,coton,ville,premium,F047,images/REF11113.jpg
REF11114,Article 11114,bas,M12,laine,soiree,premium,F050,images/REF11114.jpg
REF11115,Article 11115,bas,M02,lin,soiree,premium,F074,images/REF11115.jpg
REF11116,Article 11116,haut,M08,synthetique,sport,premium,F046,images/REF11116.jpg
REF11117,Article 11117,bas,M09,synthetique,soiree,entree,F013,images/REF11117.jpg
REF11118,Article 11118,accessoire,M22,lin,ville,entree,F026,images/REF11118.jpg
REF11119,Article 11119,haut,M15,coton,soiree,entree,F110,images/REF11119.jpg
REF11120,Article 11120,maison,M14,lin,sport,entree,F042,images/REF11120.jpg
REF11121,Article 11121,maison,M15,laine,ville,milieu,F034,images/REF11121.jpg
REF11122,Article 11122,accessoire,M39,lin,soiree,milieu,F012,images/REF11122.jpg
REF11123,Article 11123,maison,M34,laine,soiree,milieu,F040,images/REF11123.jpg
REF11124,Article 11124,accessoire,M32,lin,sport,milieu,F107,images/REF11124.jpg
REF11125,Article 11125,haut,M17,synthetique,soiree,entree,F093,images/REF11125.jpg
REF11126,Article 11126,maison,M37,coton,sport,premium,F116,images/REF11126.jpg
REF11127,Article 11127,maison,M21,synthetique,soiree,milieu,F006,images/REF11127.jpg
REF11128,Article 11128,haut,M11,lin,soiree,entree,F071,images/REF11128.jpg
REF11129,Article 11129,bas,M19,laine,ville,entree,F047,images/REF11129.jpg
REF11130,Article 11130,maison,M10,laine,soiree,premium,F108,images/REF11130.jpg
REF11131,Article 11131,maison,M37,coton,ville,entree,F098,images/REF11131.jpg
REF11132,Article 11132,maison,M16,coton,ville,entree,F051,images/REF11132.jpg
REF11133,Article 11133,maison,M27,laine,sport,entree,F049,images/REF11133.jpg
REF11134,Article 11134,maison,M28,laine,soiree,premium,F138,images/REF11134.jpg
REF11135,Article 11135,accessoire,M14,laine,ville,premium,F055,images/REF11135.jpg
REF11136,Article 11136,accessoire,M08,coton,soiree,entree,F011,images/REF11136.jpg
REF11137,Article 11137,haut,M21,lin,sport,premium,F002,images/REF11137.jpg
REF11138,Article 11138,maison,M30,laine,ville,milieu,F086,images/REF11138.jpg
REF11139,Article 11139,accessoire,M18,laine,ville,milieu,F040,images/REF11139.jpg
REF11140,Article 11140,bas,M21,synthetique,soiree,premium,F102,images/REF11140.jpg
REF11141,Article 11141,accessoire,M24,coton,ville,milieu,F098,images/REF11141.jpg
REF11142,Article 11142,bas,M22,laine,soiree,premium,F114,images/REF11142.jpg
REF11143,Article 11143,haut,M14,lin,ville,premium,F039,images/REF11143.jpg
REF11144,Article 11144,bas,M31,coton,sport,milieu,F003,images/REF11144.jpg
REF11145,Article 11145,haut,M15,coton,ville,milieu,F099,images/REF11145.jpg
REF11146,Article 11146,haut,M11,coton,soiree,premium,F095,images/REF11146.jpg
REF11147,Article 11147,haut,M34,laine,ville,premium,F128,images/REF11147.jpg
REF11148,Article 11148,haut,M31,lin,ville,entree,F063,images/REF11148.jpg
REF11149,Article 11149,bas,M32,lin,sport,entree,F103,images/REF11149.jpg
REF11150,Article 11150,accessoire,M04,coton,soiree,premium,F052,images/REF11150.jpg
REF11151,Article 11151,maison,M23,laine,ville,milieu,F097,images/REF11151.jpg
REF11152,Article 11152,accessoire,M38,coton,sport,milieu,F026,images/REF11152.jpg
REF11153,Article 11153,maison,M09,laine,soiree,milieu,F070,images/REF11153.jpg
REF11154,Article 11154,haut,M36,synthetique,soiree,premium,F027,images/REF11154.jpg
REF11155,Article 11155,accessoire,M14,coton,ville,milieu,F060,images/REF11155.jpg
REF11156,Article 11156,maison,M33,synthetique,ville,premium,F109,images/REF11156.jpg
REF11157,Article 11157,maison,M26,synthetique,soiree,entree,F054,images/REF11157.jpg
REF11158,Article 11158,haut,M11,synthetique,soiree,entree,F020,images/REF11158.jpg
REF11159,Article 11159,maison,M17,coton,sport,premium,F139,images/REF11159.jpg
REF11160,Article 11160,haut,M22,synthetique,soiree,entree,F001,images/REF11160.jpg
REF11161,Article 11161,haut,M14,lin,sport,milieu,F029,images/REF11161.jpg
REF11162,Article 11162,bas,M38,lin,sport,milieu,F070,images/REF11162.jpg
REF11163,Article 11163,haut,M05,lin,ville,milieu,F112,images/REF11163.jpg
REF11164,Article 11164,maison,M27,coton,sport,premium,F111,images/REF11164.jpg
REF11165,Article 11165,bas,M17,laine,sport,premium,F069,images/REF11165.jpg
REF11166,Article 11166,bas,M40,laine,ville,entree,F088,images/REF11166.jpg
REF11167,Article 11167,maison,M03,laine,sport,milieu,F008,images/REF11167.jpg
REF11168,Article 11168,maison,M05,lin,soiree,premium,F003,images/REF11168.jpg
REF11169,Article 11169,maison,M07,laine,ville,entree,F004,images/REF11169.jpg
REF11170,Article 11170,maison,M06,coton,soiree,premium,F127,images/REF11170.jpg
REF11171,Article 11171,bas,M17,synthetique,ville,entree,F086,images/REF11171.jpg
REF11172,Article 11172,accessoire,M01,synthetique,ville,entree,F064,images/REF11172.jpg
REF11173,Article 11173,bas,M01,laine,sport,premium,F028,images/REF11173.jpg
REF11174,Article 11174,maison,M26,lin,sport,entree,F081,images/REF11174.jpg
REF11175,Article 11175,haut,M09,coton,sport,entree,F114,images/REF11175.jpg
REF11176,Article 11176,bas,M34,coton,sport,premium,F098,images/REF11176.jpg
REF11177,Article 11177,accessoire,M28,synthetique,ville,entree,F090,images/REF11177.jpg
REF11178,Article 11178,accessoire,M11,lin,soiree,premium,F052,images/REF11178.jpg
REF11179,Article 11179,accessoire,M03,synthetique,soiree,premium,F066,images/REF11179.jpg
REF11180,Article 11180,accessoire,M34,lin,sport,milieu,F111,images/REF11180.jpg
REF11181,Article 11181,accessoire,M39,lin,ville,premium,F109,images/REF11181.jpg
REF11182,Article 11182,haut,M17,synthetique,soiree,premium,F135,images/REF11182.jpg
REF11183,Article 11183,accessoire,M07,laine,sport,entree,F107,images/REF11183.jpg
REF11184,Article 11184,bas,M23,lin,soiree,milieu,F064,images/REF11184.jpg
REF11185,Article 11185,haut,M37,laine,ville,milieu,F131,images/REF11185.jpg
REF11186,Article 11186,maison,M08,coton,sport,milieu,F069,images/REF11186.jpg
REF11187,Article 11187,accessoire,M21,laine,soiree,premium,F131,images/REF11187.jpg
REF11188,Article 11188,bas,M02,laine,soiree,premium,F028,images/REF11188.jpg
REF11189,Article 11189,haut,M29,synthetique,sport,premium,F081,images/REF11189.jpg
REF11190,Article 11190,maison,M22,coton,ville,entree,F021,images/REF11190.jpg
REF11191,Article 11191,accessoire,M39,synthetique,ville,premium,F104,images/REF11191.jpg
REF11192,Article 11192,haut,M13,coton,soiree,milieu,F014,images/REF11192.jpg
REF11193,Article 11193,haut,M15,coton,ville,premium,F018,images/REF11193.jpg
REF11194,Article 11194,haut,M40,lin,sport,premium,F098,images/REF11194.jpg
REF11195,Article 11195,maison,M15,coton,sport,milieu,F078,images/REF11195.jpg
REF11196,Article 11196,haut,M33,synthetique,ville,entree,F116,images/REF11196.jpg
REF11197,Article 11197,bas,M17,coton,soiree,premium,F020,images/REF11197.jpg
REF11198,Article 11198,haut,M40,coton,sport,entree,F086,images/REF11198.jpg
REF11199,Article 11199,accessoire,M24,laine,ville,entree,F024,images/REF11199.jpg
REF11200,Article 11200,accessoire,M10,lin,ville,entree,F018,images/REF11200.jpg
REF11201,Article 11201,accessoire,M05,laine,soiree,milieu,F122,images/REF11201.jpg
REF11202,Article 11202,haut,M32,synthetique,ville,entree,F054,images/REF11202.jpg
REF11203,Article 11203,maison,M35,synthetique,sport,entree,F046,images/REF11203.jpg
REF11204,Article 11204,accessoire,M40,synthetique,sport,milieu,F071,images/REF11204.jpg
REF11205,Article 11205,maison,M21,synthetique,ville,milieu,F132,images/REF11205.jpg
REF11206,Article 11206,haut,M09,synthetique,sport,milieu,F098,images/REF11206.jpg
REF11207,Article 11207,haut,M20,laine,ville,milieu,F064,images/REF11207.jpg
REF11208,Article 11208,accessoire,M14,laine,soiree,milieu,F020,images/REF11208.jpg
REF11209,Article 11209,bas,M26,lin,sport,milieu,F137,images/REF11209.jpg
REF11210,Article 11210,bas,M25,lin,soiree,entree,F081,images/REF11210.jpg
REF11211,Article 11211,bas,M37,synthetique,ville,milieu,F077,images/REF11211.jpg
REF11212,Article 11212,bas,M34,laine,sport,milieu,F122,images/REF11212.jpg
REF11213,Article 11213,accessoire,M27,synthetique,sport,entree,F022,images/REF11213.jpg
REF11214,Article 11214,maison,M03,laine,soiree,milieu,F106,images/REF11214.jpg
REF11215,Article 11215,maison,M03,coton,ville,milieu,F098,images/REF11215.jpg
REF11216,Article 11216,bas,M17,lin,soiree,premium,F049,images/REF11216.jpg
REF11217,Article 11217,maison,M32,lin,soiree,milieu,F027,images/REF11217.jpg
REF11218,Article 11218,accessoire,M07,coton,ville,premium,F062,images/REF11218.jpg
REF11219,Article 11219,maison,M09,laine,ville,entree,F129,images/REF11219.jpg
REF11220,Article 11220,maison,M17,lin,soiree,premium,F030,images/REF11220.jpg
REF11221,Article 11221,haut,M40,lin,ville,milieu,F102,images/REF11221.jpg
REF11222,Article 11222,haut,M04,coton,ville,milieu,F038,images/REF11222.jpg
REF11223,Article 11223,maison,M31,lin,soiree,milieu,F016,images/REF11223.jpg
REF11224,Article 11224,bas,M37,laine,sport,entree,F089,images/REF11224.jpg
REF11225,Article 11225,bas,M36,laine,soiree,entree,F123,images/REF11225.jpg
REF11226,Article 11226,accessoire,M08,synthetique,sport,entree,F021,images/REF11226.jpg
REF11227,Article 11227,bas,M32,synthetique,ville,milieu,F021,images/REF11227.jpg
REF11228,Article 11228,haut,M39,lin,sport,milieu,F015,images/REF11228.jpg
REF11229,Article 11229,haut,M27,synthetique,ville,premium,F107,images/REF11229.jpg
REF11230,Article 11230,haut,M30,coton,ville,premium,F053,images/REF11230.jpg
REF11231,Article 11231,maison,M39,lin,sport,milieu,F105,images/REF11231.jpg
REF11232,Article 11232,accessoire,M39,laine,soiree,premium,F018,images/REF11232.jpg
REF11233,Article 11233,bas,M19,lin,ville,entree,F015,images/REF11233.jpg
REF11234,Article 11234,accessoire,M09,synthetique,soiree,entree,F069,images/REF11234.jpg
REF11235,Article 11235,haut,M36,lin,sport,premium,F129,images/REF11235.jpg
REF11236,Article 11236,haut,M09,laine,ville,premium,F114,images/REF11236.jpg
REF11237,Article 11237,maison,M26,lin,ville,entree,F103,images/REF11237.jpg
REF11238,Article 11238,accessoire,M20,lin,soiree,premium,F002,images/REF11238.jpg
REF11239,Article 11239,bas,M29,lin,soiree,premium,F077,images/REF11239.jpg
REF11240,Article 11240,bas,M11,synthetique,ville,premium,F071,images/REF11240.jpg
REF11241,Article 11241,maison,M12,laine,ville,milieu,F140,images/REF11241.jpg
REF11242,Article 11242,accessoire,M29,coton,sport,premium,F002,images/REF11242.jpg
REF11243,Article 11243,haut,M11,lin,sport,entree,F124,images/REF11243.jpg
REF11244,Article 11244,maison,M03,coton,ville,premium,F130,images/REF11244.jpg
REF11245,Article 11245,maison,M03,lin,soiree,milieu,F029,images/REF11245.jpg
REF11246,Article 11246,haut,M06,coton,ville,premium,F083,images/REF11246.jpg
REF11247,Article 11247,haut,M32,lin,ville,entree,F017,images/REF11247.jpg
REF11248,Article 11248,haut,M38,synthetique,soiree,entree,F037,images/REF11248.jpg
REF11249,Article 11249,accessoire,M38,coton,soiree,milieu,F088,images/REF11249.jpg
REF11250,Article 11250,haut,M10,coton,ville,premium,F119,images/REF11250.jpg
REF11251,Article 11251,accessoire,M18,laine,sport,milieu,F079,images/REF11251.jpg
REF11252,Article 11252,accessoire,M35,coton,sport,entree,F010,images/REF11252.jpg
REF11253,Article 11253,maison,M15,synthetique,sport,entree,F086,images/REF11253.jpg
REF11254,Article 11254,maison,M33,synthetique,ville,premium,F072,images/REF11254.jpg
REF11255,Article 11255,accessoire,M09,synthetique,sport,milieu,F018,images/REF11255.jpg
REF11256,Article 11256,accessoire,M31,laine,ville,premium,F048,images/REF11256.jpg
REF11257,Article 11257,haut,M19,synthetique,soiree,premium,F101,images/REF11257.jpg
REF11258,Article 11258,haut,M38,synthetique,sport,entree,F024,images/REF11258.jpg
REF11259,Article 11259,bas,M02,synthetique,soiree,milieu,F032,images/REF11259.jpg
REF11260,Article 11260,accessoire,M23,coton,soiree,premium,F070,images/REF11260.jpg
REF11261,Article 11261,maison,M05,lin,soiree,entree,F057,images/REF11261.jpg
REF11262,Article 11262,haut,M01,laine,sport,milieu,F084,images/REF11262.jpg
REF11263,Article 11263,haut,M03,synthetique,ville,entree,F064,images/REF11263.jpg
REF11264,Article 11264,haut,M13,coton,soiree,premium,F065,images/REF11264.jpg
REF11265,Article 11265,maison,M14,laine,ville,premium,F033,images/REF11265.jpg
REF11266,Article 11266,bas,M16,lin,soiree,milieu,F132,images/REF11266.jpg
REF11267,Article 11267,accessoire,M35,laine,soiree,premium,F078,images/REF11267.jpg
REF11268,Article 11268,maison,M13,coton,soiree,entree,F111,images/REF11268.jpg
REF11269,Article 11269,haut,M05,laine,soiree,entree,F027,images/REF11269.jpg
REF11270,Article 11270,accessoire,M20,synthetique,ville,milieu,F125,images/REF11270.jpg
REF11271,Article 11271,maison,M08,synthetique,sport,entree,F085,images/REF11271.jpg
REF11272,Article 11272,maison,M35,laine,soiree,milieu,F036,images/REF11272.jpg
REF11273,Article 11273,bas,M02,laine,soiree,milieu,F128,images/REF11273.jpg
REF11274,Article 11274,bas,M20,lin,sport,premium,F129,images/REF11274.jpg
REF11275,Article 11275,maison,M01,coton,ville,premium,F081,images/REF11275.jpg
REF11276,Article 11276,haut,M36,coton,soiree,entree,F019,images/REF11276.jpg
REF11277,Article 11277,haut,M35,synthetique,sport,milieu,F062,images/REF11277.jpg
REF11278,Article 11278,bas,M01,lin,soiree,entree,F090,images/REF11278.jpg
REF11279,Article 11279,bas,M37,lin,soiree,premium,F075,images/REF11279.jpg
REF11280,Article 11280,haut,M01,lin,soiree,milieu,F030,images/REF11280.jpg
REF11281,Article 11281,bas,M04,coton,ville,premium,F004,images/REF11281.jpg
REF11282,Article 11282,bas,M19,lin,sport,premium,F037,images/REF11282.jpg
REF11283,Article 11283,maison,M27,synthetique,sport,entree,F047,images/REF11283.jpg
REF11284,Article 11284,accessoire,M21,synthetique,sport,milieu,F028,images/REF11284.jpg
REF11285,Article 11285,bas,M24,lin,sport,milieu,F115,images/REF11285.jpg
REF11286,Article 11286,accessoire,M10,laine,soiree,entree,F139,images/REF11286.jpg
REF11287,Article 11287,accessoire,M05,coton,soiree,premium,F061,images/REF11287.jpg
REF11288,Article 11288,maison,M13,coton,soiree,entree,F135,images/REF11288.jpg
REF11289,Article 11289,accessoire,M18,laine,ville,premium,F050,images/REF11289.jpg
REF11290,Article 11290,bas,M37,lin,ville,milieu,F114,images/REF11290.jpg
REF11291,Article 11291,bas,M35,synthetique,soiree,entree,F042,images/REF11291.jpg
REF11292,Article 11292,haut,M36,synthetique,ville,entree,F061,images/REF11292.jpg
REF11293,Article 11293,bas,M15,coton,sport,premium,F060,images/REF11293.jpg
REF11294,Article 11294,maison,M07,laine,ville,milieu,F014,images/REF11294.jpg
REF11295,Article 11295,maison,M17,synthetique,ville,premium,F017,images/REF11295.jpg
REF11296,Article 11296,haut,M39,synthetique,soiree,premium,F025,images/REF11296.jpg
REF11297,Article 11297,bas,M37,coton,ville,premium,F102,images/REF11297.jpg
REF11298,Article 11298,bas,M23,laine,soiree,entree,F054,images/REF11298.jpg
REF11299,Article 11299,haut,M34,laine,soiree,entree,F103,images/REF11299.jpg
REF11300,Article 11300,haut,M23,coton,ville,entree,F132,images/REF11300.jpg
REF11301,Article 11301,haut,M38,laine,ville,premium,F001,images/REF11301.jpg
REF11302,Article 11302,accessoire,M04,lin,soiree,entree,F027,images/REF11302.jpg
REF11303,Article 11303,bas,M07,lin,ville,premium,F059,images/REF11303.jpg
REF11304,Article 11304,maison,M05,coton,soiree,entree,F044,images/REF11304.jpg
REF11305,Article 11305,haut,M15,coton,ville,milieu,F057,images/REF11305.jpg
REF11306,Article 11306,haut,M04,laine,ville,premium,F026,images/REF11306.jpg
REF11307,Article 11307,accessoire,M08,lin,sport,premium,F061,images/REF11307.jpg
REF11308,Article 11308,accessoire,M12,coton,ville,premium,F008,images/REF11308.jpg
REF11309,Article 11309,bas,M21,laine,sport,premium,F131,images/REF11309.jpg
REF11310,Article 11310,haut,M17,synthetique,soiree,premium,F115,images/REF11310.jpg
REF11311,Article 11311,accessoire,M34,coton,sport,premium,F027,images/REF11311.jpg
REF11312,Article 11312,accessoire,M19,synthetique,ville,premium,F060,images/REF11312.jpg
REF11313,Article 11313,haut,M14,laine,sport,milieu,F117,images/REF11313.jpg
REF11314,Article 11314,haut,M40,synthetique,ville,entree,F046,images/REF11314.jpg
REF11315,Article 11315,accessoire,M19,coton,sport,milieu,F012,images/REF11315.jpg
REF11316,Article 11316,bas,M34,synthetique,sport,premium,F131,images/REF11316.jpg
REF11317,Article 11317,maison,M11,coton,sport,milieu,F100,images/REF11317.jpg
REF11318,Article 11318,accessoire,M04,synthetique,soiree,premium,F014,images/REF11318.jpg
REF11319,Article 11319,bas,M05,lin,soiree,premium,F046,images/REF11319.jpg
REF11320,Article 11320,bas,M18,coton,ville,premium,F085,images/REF11320.jpg
REF11321,Article 11321,haut,M04,coton,sport,entree,F086,images/REF11321.jpg
REF11322,Article 11322,maison,M31,synthetique,soiree,premium,F100,images/REF11322.jpg
REF11323,Article 11323,maison,M09,lin,ville,milieu,F026,images/REF11323.jpg
REF11324,Article 11324,haut,M27,lin,sport,premium,F082,images/REF11324.jpg
REF11325,Article 11325,accessoire,M11,synthetique,ville,milieu,F023,images/REF11325.jpg
REF11326,Article 11326,haut,M09,lin,ville,premium,F050,images/REF11326.jpg
REF11327,Article 11327,maison,M13,laine,ville,premium,F069,images/REF11327.jpg
REF11328,Article 11328,haut,M20,synthetique,ville,premium,F024,images/REF11328.jpg
REF11329,Article 11329,haut,M06,coton,soiree,milieu,F050,images/REF11329.jpg
REF11330,Article 11330,bas,M12,lin,ville,premium,F109,images/REF11330.jpg
REF11331,Article 11331,maison,M19,lin,soiree,entree,F127,images/REF11331.jpg
REF11332,Article 11332,maison,M22,laine,sport,milieu,F126,images/REF11332.jpg
REF11333,Article 11333,maison,M21,lin,soiree,premium,F078,images/REF11333.jpg
REF11334,Article 11334,maison,M37,lin,soiree,premium,F040,images/REF11334.jpg
REF11335,Article 11335,accessoire,M19,laine,ville,premium,F128,images/REF11335.jpg
REF11336,Article 11336,maison,M12,coton,ville,milieu,F053,images/REF11336.jpg
REF11337,Article 11337,maison,M20,laine,ville,premium,F109,images/REF11337.jpg
REF11338,Article 11338,haut,M04,laine,soiree,entree,F055,images/REF11338.jpg
REF11339,Article 11339,maison,M40,synthetique,ville,milieu,F136,images/REF11339.jpg
REF11340,Article 11340,haut,M12,lin,sport,entree,F109,images/REF11340.jpg
REF11341,Article 11341,maison,M40,coton,ville,entree,F008,images/REF11341.jpg
REF11342,Article 11342,bas,M18,laine,sport,milieu,F090,images/REF11342.jpg
REF11343,Article 11343,maison,M27,lin,sport,premium,F039,images/REF11343.jpg
REF11344,Article 11344,accessoire,M37,lin,soiree,premium,F016,images/REF11344.jpg
REF11345,Article 11345,bas,M24,laine,sport,milieu,F043,images/REF11345.jpg
REF11346,Article 11346,maison,M29,laine,sport,entree,F102,images/REF11346.jpg
REF11347,Article 11347,bas,M40,lin,sport,milieu,F113,images/REF11347.jpg
REF11348,Article 11348,accessoire,M04,lin,ville,premium,F131,images/REF11348.jpg
REF11349,Article 11349,accessoire,M16,laine,sport,entree,F037,images/REF11349.jpg
REF11350,Article 11350,haut,M39,coton,ville,milieu,F037,images/REF11350.jpg
REF11351,Article 11351,maison,M20,laine,soiree,milieu,F078,images/REF11351.jpg
REF11352,Article 11352,accessoire,M28,laine,ville,entree,F070,images/REF11352.jpg
REF11353,Article 11353,bas,M30,synthetique,ville,premium,F054,images/REF11353.jpg
REF11354,Article 11354,accessoire,M22,synthetique,sport,premium,F096,images/REF11354.jpg
REF11355,Article 11355,bas,M18,synthetique,sport,milieu,F071,images/REF11355.jpg
REF11356,Article 11356,bas,M22,synthetique,soiree,milieu,F108,images/REF11356.jpg
REF11357,Article 11357,haut,M22,lin,soiree,premium,F099,images/REF11357.jpg
REF11358,Article 11358,accessoire,M08,laine,sport,entree,F028,images/REF11358.jpg
REF11359,Article 11359,bas,M01,coton,ville,entree,F030,images/REF11359.jpg
REF11360,Article 11360,haut,M25,coton,sport,premium,F044,images/REF11360.jpg
REF11361,Article 11361,haut,M26,lin,ville,premium,F119,images/REF11361.jpg
REF11362,Article 11362,bas,M04,synthetique,sport,entree,F082,images/REF11362.jpg
REF11363,Article 11363,bas,M15,synthetique,soiree,entree,F111,images/REF11363.jpg
REF11364,Article 11364,accessoire,M39,synthetique,sport,milieu,F061,images/REF11364.jpg
REF11365,Article 11365,accessoire,M35,coton,ville,entree,F044,images/REF11365.jpg
REF11366,Article 11366,bas,M04,laine,ville,entree,F133,images/REF11366.jpg
REF11367,Article 11367,bas,M37,laine,sport,milieu,F074,images/REF11367.jpg
REF11368,Article 11368,bas,M19,laine,sport,entree,F070,images/REF11368.jpg
REF11369,Article 11369,maison,M20,lin,sport,entree,F014,images/REF11369.jpg
REF11370,Article 11370,haut,M09,synthetique,ville,milieu,F071,images/REF11370.jpg
REF11371,Article 11371,haut,M17,coton,sport,premium,F064,images/REF11371.jpg
REF11372,Article 11372,maison,M31,synthetique,sport,entree,F091,images/REF11372.jpg
REF11373,Article 11373,bas,M01,laine,sport,premium,F034,images/REF11373.jpg
REF11374,Article 11374,accessoire,M33,synthetique,ville,entree,F100,images/REF11374.jpg
REF11375,Article 11375,accessoire,M27,lin,sport,milieu,F048,images/REF11375.jpg
REF11376,Article 11376,maison,M23,coton,sport,entree,F042,images/REF11376.jpg
REF11377,Article 11377,haut,M22,coton,sport,entree,F066,images/REF11377.jpg
REF11378,Article 11378,accessoire,M10,coton,soiree,premium,F079,images/REF11378.jpg
REF11379,Article 11379,bas,M15,laine,sport,entree,F031,images/REF11379.jpg
REF11380,Article 11380,haut,M37,laine,soiree,entree,F118,images/REF11380.jpg
REF11381,Article 11381,accessoire,M31,lin,soiree,premium,F139,images/REF11381.jpg
REF11382,Article 11382,haut,M34,synthetique,ville,milieu,F113,images/REF11382.jpg
REF11383,Article 11383,accessoire,M28,synthetique,sport,entree,F124,images/REF11383.jpg
REF11384,Article 11384,haut,M01,coton,ville,premium,F058,images/REF11384.jpg
REF11385,Article 11385,accessoire,M02,synthetique,soiree,premium,F019,images/REF11385.jpg
REF11386,Article 11386,bas,M04,lin,ville,milieu,F075,images/REF11386.jpg
REF11387,Article 11387,accessoire,M29,laine,sport,premium,F086,images/REF11387.jpg
REF11388,Article 11388,haut,M25,synthetique,ville,entree,F123,images/REF11388.jpg
REF11389,Article 11389,maison,M22,coton,ville,entree,F103,images/REF11389.jpg
REF11390,Article 11390,bas,M34,lin,sport,entree,F074,images/REF11390.jpg
REF11391,Article 11391,bas,M30,coton,sport,entree,F061,images/REF11391.jpg
REF11392,Article 11392,maison,M27,synthetique,sport,entree,F028,images/REF11392.jpg
REF11393,Article 11393,accessoire,M25,synthetique,sport,entree,F048,images/REF11393.jpg
REF11394,Article 11394,haut,M11,coton,soiree,entree,F042,images/REF11394.jpg
REF11395,Article 11395,accessoire,M03,laine,ville,premium,F034,images/REF11395.jpg
REF11396,Article 11396,haut,M18,laine,sport,entree,F075,images/REF11396.jpg
REF11397,Article 11397,maison,M26,synthetique,sport,premium,F134,images/REF11397.jpg
REF11398,Article 11398,accessoire,M31,coton,sport,milieu,F006,images/REF11398.jpg
REF11399,Article 11399,bas,M31,synthetique,soiree,milieu,F006,images/REF11399.jpg
REF11400,Article 11400,accessoire,M04,coton,sport,milieu,F070,images/REF11400.jpg
REF11401,Article 11401,bas,M33,synthetique,soiree,premium,F042,images/REF11401.jpg
REF11402,Article 11402,bas,M10,synthetique,ville,premium,F113,images/REF11402.jpg
REF11403,Article 11403,bas,M06,coton,ville,premium,F036,images/REF11403.jpg
REF11404,Article 11404,haut,M16,coton,sport,entree,F084,images/REF11404.jpg
REF11405,Article 11405,haut,M13,coton,sport,entree,F101,images/REF11405.jpg
REF11406,Article 11406,bas,M36,lin,soiree,premium,F138,images/REF11406.jpg
REF11407,Article 11407,bas,M26,lin,soiree,premium,F111,images/REF11407.jpg
REF11408,Article 11408,accessoire,M10,lin,sport,milieu,F016,images/REF11408.jpg
REF11409,Article 11409,bas,M20,laine,soiree,milieu,F077,images/REF11409.jpg
REF11410,Article 11410,bas,M23,laine,sport,premium,F046,images/REF11410.jpg
REF11411,Article 11411,bas,M07,coton,soiree,entree,F029,images/REF11411.jpg
REF11412,Article 11412,accessoire,M09,laine,soiree,entree,F062,images/REF11412.jpg
REF11413,Article 11413,haut,M36,synthetique,sport,premium,F094,images/REF11413.jpg
REF11414,Article 11414,bas,M09,coton,ville,entree,F032,images/REF11414.jpg
REF11415,Article 11415,haut,M36,lin,soiree,milieu,F122,images/REF11415.jpg
REF11416,Article 11416,maison,M07,lin,sport,milieu,F009,images/REF11416.jpg
REF11417,Article 11417,maison,M27,laine,soiree,entree,F099,images/REF11417.jpg
REF11418,Article 11418,accessoire,M24,synthetique,sport,milieu,F017,images/REF11418.jpg
REF11419,Article 11419,haut,M28,laine,soiree,milieu,F093,images/REF11419.jpg
REF11420,Article 11420,bas,M37,lin,sport,premium,F094,images/REF11420.jpg
REF11421,Article 11421,haut,M16,coton,ville,entree,F097,images/REF11421.jpg
REF11422,Article 11422,bas,M39,laine,sport,milieu,F079,images/REF11422.jpg
REF11423,Article 11423,accessoire,M23,laine,sport,premium,F089,images/REF11423.jpg
REF11424,Article 11424,haut,M14,laine,sport,entree,F034,images/REF11424.jpg
REF11425,Article 11425,maison,M01,lin,sport,milieu,F037,images/REF11425.jpg
REF11426,Article 11426,maison,M38,synthetique,sport,milieu,F124,images/REF11426.jpg
REF11427,Article 11427,bas,M09,laine,soiree,entree,F091,images/REF11427.jpg
REF11428,Article 11428,haut,M14,synthetique,ville,premium,F112,images/REF11428.jpg
REF11429,Article 11429,bas,M36,synthetique,soiree,milieu,F018,images/REF11429.jpg
REF11430,Article 11430,haut,M28,synthetique,soiree,entree,F139,images/REF11430.jpg
REF11431,Article 11431,maison,M40,laine,ville,entree,F009,images/REF11431.jpg
REF11432,Article 11432,bas,M11,coton,ville,milieu,F021,images/REF11432.jpg
REF11433,Article 11433,maison,M31,laine,soiree,premium,F128,images/REF11433.jpg
REF11434,Article 11434,accessoire,M10,laine,ville,entree,F135,images/REF11434.jpg
REF11435,Article 11435,accessoire,M37,synthetique,sport,entree,F078,images/REF11435.jpg
REF11436,Article 11436,accessoire,M05,laine,sport,milieu,F107,images/REF11436.jpg
REF11437,Article 11437,accessoire,M01,laine,soiree,premium,F021,images/REF11437.jpg
REF11438,Article 11438,haut,M15,coton,sport,milieu,F054,images/REF11438.jpg
REF11439,Article 11439,haut,M01,synthetique,soiree,milieu,F032,images/REF11439.jpg
REF11440,Article 11440,accessoire,M12,coton,soiree,entree,F060,images/REF11440.jpg
REF11441,Article 11441,bas,M19,synthetique,sport,premium,F054,images/REF11441.jpg
REF11442,Article 11442,accessoire,M39,lin,ville,entree,F138,images/REF11442.jpg
REF11443,Article 11443,haut,M26,coton,ville,entree,F023,images/REF11443.jpg
REF11444,Article 11444,accessoire,M38,coton,ville,milieu,F062,images/REF11444.jpg
REF11445,Article 11445,bas,M14,lin,ville,milieu,F012,images/REF11445.jpg
REF11446,Article 11446,haut,M15,synthetique,sport,premium,F019,images/REF11446.jpg
REF11447,Article 11447,haut,M24,coton,ville,entree,F005,images/REF11447.jpg
REF11448,Article 11448,haut,M17,lin,sport,entree,F005,images/REF11448.jpg
REF11449,Article 11449,haut,M20,synthetique,ville,premium,F053,images/REF11449.jpg
REF11450,Article 11450,bas,M33,lin,soiree,milieu,F066,images/REF11450.jpg
REF11451,Article 11451,maison,M01,coton,soiree,entree,F129,images/REF11451.jpg
REF11452,Article 11452,haut,M09,lin,sport,premium,F045,images/REF11452.jpg
REF11453,Article 11453,maison,M03,synthetique,soiree,premium,F139,images/REF11453.jpg
REF11454,Article 11454,maison,M11,synthetique,ville,milieu,F006,images/REF11454.jpg
REF11455,Article 11455,accessoire,M25,coton,sport,milieu,F107,images/REF11455.jpg
REF11456,Article 11456,accessoire,M07,laine,ville,entree,F132,images/REF11456.jpg
REF11457,Article 11457,haut,M40,laine,ville,premium,F098,images/REF11457.jpg
REF11458,Article 11458,bas,M39,coton,sport,entree,F077,images/REF11458.jpg
REF11459,Article 11459,bas,M21,coton,ville,premium,F111,images/REF11459.jpg
REF11460,Article 11460,maison,M07,synthetique,sport,premium,F032,images/REF11460.jpg
REF11461,Article 11461,maison,M32,coton,ville,milieu,F130,images/REF11461.jpg
REF11462,Article 11462,accessoire,M05,lin,sport,premium,F001,images/REF11462.jpg
REF11463,Article 11463,maison,M02,laine,ville,milieu,F042,images/REF11463.jpg
REF11464,Article 11464,haut,M03,lin,ville,milieu,F093,images/REF11464.jpg
REF11465,Article 11465,haut,M16,synthetique,soiree,milieu,F068,images/REF11465.jpg
REF11466,Article 11466,haut,M37,coton,ville,milieu,F015,images/REF11466.jpg
REF11467,Article 11467,bas,M36,synthetique,sport,entree,F140,images/REF11467.jpg
REF11468,Article 11468,bas,M38,synthetique,soiree,milieu,F084,images/REF11468.jpg
REF11469,Article 11469,haut,M40,lin,ville,milieu,F072,images/REF11469.jpg
REF11470,Article 11470,maison,M40,lin,sport,premium,F033,images/REF11470.jpg
REF11471,Article 11471,maison,M26,synthetique,soiree,milieu,F070,images/REF11471.jpg
REF11472,Article 11472,accessoire,M21,lin,sport,milieu,F027,images/REF11472.jpg
REF11473,Article 11473,bas,M22,laine,soiree,premium,F133,images/REF11473.jpg
REF11474,Article 11474,haut,M37,synthetique,soiree,milieu,F101,images/REF11474.jpg
REF11475,Article 11475,maison,M34,synthetique,sport,milieu,F050,images/REF11475.jpg
REF11476,Article 11476,maison,M07,laine,ville,milieu,F015,images/REF11476.jpg
REF11477,Article 11477,bas,M26,synthetique,soiree,premium,F096,images/REF11477.jpg
REF11478,Article 11478,bas,M20,coton,soiree,entree,F010,images/REF11478.jpg
REF11479,Article 11479,haut,M34,coton,soiree,milieu,F041,images/REF11479.jpg
REF11480,Article 11480,maison,M03,laine,sport,milieu,F102,images/REF11480.jpg
REF11481,Article 11481,bas,M35,lin,ville,entree,F034,images/REF11481.jpg
REF11482,Article 11482,accessoire,M08,coton,sport,entree,F098,images/REF11482.jpg
REF11483,Article 11483,haut,M16,laine,soiree,premium,F109,images/REF11483.jpg
REF11484,Article 11484,haut,M03,laine,ville,premium,F022,images/REF11484.jpg
REF11485,Article 11485,maison,M10,synthetique,ville,premium,F130,images/REF11485.jpg
REF11486,Article 11486,bas,M11,lin,ville,milieu,F061,images/REF11486.jpg
REF11487,Article 11487,bas,M17,laine,ville,premium,F129,images/REF11487.jpg
REF11488,Article 11488,accessoire,M07,laine,soiree,milieu,F004,images/REF11488.jpg
REF11489,Article 11489,bas,M32,lin,sport,milieu,F109,images/REF11489.jpg
REF11490,Article 11490,bas,M39,coton,ville,entree,F028,images/REF11490.jpg
REF11491,Article 11491,haut,M38,lin,ville,premium,F043,images/REF11491.jpg
REF11492,Article 11492,accessoire,M32,synthetique,soiree,entree,F034,images/REF11492.jpg
REF11493,Article 11493,haut,M33,coton,sport,milieu,F085,images/REF11493.jpg
REF11494,Article 11494,haut,M08,coton,soiree,premium,F092,images/REF11494.jpg
REF11495,Article 11495,accessoire,M21,lin,ville,milieu,F072,images/REF11495.jpg
REF11496,Article 11496,haut,M18,lin,ville,premium,F051,images/REF11496.jpg
REF11497,Article 11497,accessoire,M30,laine,ville,premium,F026,images/REF11497.jpg
REF11498,Article 11498,haut,M12,lin,ville,premium,F076,images/REF11498.jpg
REF11499,Article 11499,haut,M13,synthetique,sport,milieu,F133,images/REF11499.jpg
REF11500,Article 11500,accessoire,M05,lin,soiree,premium,F003,images/REF11500.jpg
REF11501,Article 11501,bas,M13,synthetique,soiree,milieu,F100,images/REF11501.jpg
REF11502,Article 11502,haut,M11,lin,soiree,entree,F140,images/REF11502.jpg
REF11503,Article 11503,maison,M06,synthetique,sport,milieu,F037,images/REF11503.jpg
REF11504,Article 11504,maison,M17,coton,ville,milieu,F007,images/REF11504.jpg
REF11505,Article 11505,bas,M35,synthetique,ville,milieu,F007,images/REF11505.jpg
REF11506,Article 11506,maison,M33,coton,ville,premium,F110,images/REF11506.jpg
REF11507,Article 11507,maison,M30,laine,sport,milieu,F032,images/REF11507.jpg
REF11508,Article 11508,haut,M30,laine,sport,milieu,F002,images/REF11508.jpg
REF11509,Article 11509,bas,M04,laine,sport,entree,F010,images/REF11509.jpg
REF11510,Article 11510,haut,M18,synthetique,sport,premium,F138,images/REF11510.jpg
REF11511,Article 11511,haut,M01,lin,soiree,entree,F009,images/REF11511.jpg
REF11512,Article 11512,accessoire,M02,laine,soiree,entree,F079,images/REF11512.jpg
REF11513,Article 11513,accessoire,M18,coton,soiree,entree,F057,images/REF11513.jpg
REF11514,Article 11514,accessoire,M40,lin,sport,entree,F099,images/REF11514.jpg
REF11515,Article 11515,haut,M33,coton,sport,entree,F132,images/REF11515.jpg
REF11516,Article 11516,maison,M29,laine,ville,entree,F130,images/REF11516.jpg
REF11517,Article 11517,accessoire,M25,coton,sport,premium,F064,images/REF11517.jpg
REF11518,Article 11518,bas,M33,coton,soiree,premium,F135,images/REF11518.jpg
REF11519,Article 11519,maison,M40,synthetique,ville,milieu,F053,images/REF11519.jpg
REF11520,Article 11520,haut,M30,lin,ville,entree,F029,images/REF11520.jpg
REF11521,Article 11521,haut,M07,coton,soiree,milieu,F136,images/REF11521.jpg
REF11522,Article 11522,maison,M21,lin,soiree,entree,F015,images/REF11522.jpg
REF11523,Article 11523,maison,M37,lin,soiree,premium,F096,images/REF11523.jpg
REF11524,Article 11524,accessoire,M30,lin,sport,premium,F036,images/REF11524.jpg
REF11525,Article 11525,accessoire,M27,synthetique,ville,entree,F057,images/REF11525.jpg
REF11526,Article 11526,maison,M32,laine,ville,entree,F087,images/REF11526.jpg
REF11527,Article 11527,bas,M30,coton,soiree,premium,F007,images/REF11527.jpg
REF11528,Article 11528,bas,M29,laine,soiree,milieu,F125,images/REF11528.jpg
REF11529,Article 11529,bas,M30,synthetique,sport,milieu,F121,images/REF11529.jpg
REF11530,Article 11530,haut,M34,coton,ville,milieu,F077,images/REF11530.jpg
REF11531,Article 11531,haut,M36,coton,ville,milieu,F044,images/REF11531.jpg
REF11532,Article 11532,haut,M32,laine,soiree,milieu,F019,images/REF11532.jpg
REF11533,Article 11533,haut,M32,laine,sport,entree,F006,images/REF11533.jpg
REF11534,Article 11534,maison,M01,synthetique,soiree,milieu,F093,images/REF11534.jpg
REF11535,Article 11535,bas,M34,coton,soiree,milieu,F048,images/REF11535.jpg
REF11536,Article 11536,bas,M25,synthetique,soiree,entree,F139,images/REF11536.jpg
REF11537,Article 11537,bas,M32,synthetique,ville,premium,F031,images/REF11537.jpg
REF11538,Article 11538,haut,M03,lin,ville,premium,F015,images/REF11538.jpg
REF11539,Article 11539,bas,M30,laine,soiree,milieu,F088,images/REF11539.jpg
REF11540,Article 11540,haut,M13,laine,soiree,milieu,F092,images/REF11540.jpg
REF11541,Article 11541,accessoire,M34,laine,sport,entree,F138,images/REF11541.jpg
REF11542,Article 11542,accessoire,M35,synthetique,ville,premium,F062,images/REF11542.jpg
REF11543,Article 11543,haut,M24,coton,ville,milieu,F082,images/REF11543.jpg
REF11544,Article 11544,bas,M27,lin,soiree,milieu,F077,images/REF11544.jpg
REF11545,Article 11545,accessoire,M25,lin,sport,premium,F079,images/REF11545.jpg
REF11546,Article 11546,accessoire,M09,coton,ville,milieu,F100,images/REF11546.jpg
REF11547,Article 11547,maison,M05,laine,soiree,premium,F021,images/REF11547.jpg
REF11548,Article 11548,accessoire,M26,coton,ville,premium,F051,images/REF11548.jpg
REF11549,Article 11549,maison,M24,coton,ville,premium,F065,images/REF11549.jpg
REF11550,Article 11550,haut,M20,synthetique,ville,entree,F137,images/REF11550.jpg
REF11551,Article 11551,accessoire,M19,lin,sport,entree,F085,images/REF11551.jpg
REF11552,Article 11552,accessoire,M24,synthetique,sport,entree,F022,images/REF11552.jpg
REF11553,Article 11553,haut,M22,laine,sport,entree,F017,images/REF11553.jpg
REF11554,Article 11554,bas,M13,laine,soiree,entree,F010,images/REF11554.jpg
REF11555,Article 11555,haut,M05,laine,soiree,premium,F003,images/REF11555.jpg
REF11556,Article 11556,accessoire,M07,laine,ville,premium,F115,images/REF11556.jpg
REF11557,Article 11557,bas,M21,coton,soiree,premium,F038,images/REF11557.jpg
REF11558,Article 11558,haut,M05,laine,ville,entree,F130,images/REF11558.jpg
REF11559,Article 11559,haut,M39,laine,soiree,premium,F006,images/REF11559.jpg
REF11560,Article 11560,bas,M04,coton,ville,entree,F093,images/REF11560.jpg
REF11561,Article 11561,accessoire,M08,lin,ville,premium,F042,images/REF11561.jpg
REF11562,Article 11562,haut,M40,lin,soiree,milieu,F106,images/REF11562.jpg
REF11563,Article 11563,maison,M32,coton,ville,entree,F029,images/REF11563.jpg
REF11564,Article 11564,haut,M15,coton,soiree,entree,F111,images/REF11564.jpg
REF11565,Article 11565,accessoire,M32,synthetique,sport,entree,F020,images/REF11565.jpg
REF11566,Article 11566,bas,M16,coton,sport,milieu,F101,images/REF11566.jpg
REF11567,Article 11567,maison,M29,synthetique,sport,milieu,F019,images/REF11567.jpg
REF11568,Article 11568,accessoire,M26,laine,soiree,entree,F098,images/REF11568.jpg
REF11569,Article 11569,accessoire,M30,synthetique,soiree,entree,F002,images/REF11569.jpg
REF11570,Article 11570,accessoire,M08,laine,ville,milieu,F054,images/REF11570.jpg
REF11571,Article 11571,accessoire,M20,lin,ville,milieu,F002,images/REF11571.jpg
REF11572,Article 11572,haut,M25,coton,sport,entree,F039,images/REF11572.jpg
REF11573,Article 11573,maison,M22,synthetique,sport,milieu,F064,images/REF11573.jpg
REF11574,Article 11574,bas,M12,coton,sport,entree,F108,images/REF11574.jpg
REF11575,Article 11575,accessoire,M20,laine,sport,premium,F041,images/REF11575.jpg
REF11576,Article 11576,bas,M15,lin,ville,milieu,F083,images/REF11576.jpg
REF11577,Article 11577,haut,M33,lin,soiree,premium,F064,images/REF11577.jpg
REF11578,Article 11578,haut,M32,lin,soiree,premium,F011,images/REF11578.jpg
REF11579,Article 11579,accessoire,M36,laine,soiree,entree,F015,images/REF11579.jpg
REF11580,Article 11580,accessoire,M25,laine,soiree,milieu,F107,images/REF11580.jpg
REF11581,Article 11581,maison,M38,synthetique,sport,milieu,F022,images/REF11581.jpg
REF11582,Article 11582,bas,M07,coton,ville,entree,F109,images/REF11582.jpg
REF11583,Article 11583,bas,M17,coton,soiree,milieu,F083,images/REF11583.jpg
REF11584,Article 11584,haut,M02,coton,ville,entree,F083,images/REF11584.jpg
REF11585,Article 11585,haut,M33,synthetique,sport,entree,F133,images/REF11585.jpg
REF11586,Article 11586,accessoire,M39,lin,sport,entree,F104,images/REF11586.jpg
REF11587,Article 11587,accessoire,M10,coton,sport,entree,F075,images/REF11587.jpg
REF11588,Article 11588,haut,M12,laine,sport,entree,F099,images/REF11588.jpg
REF11589,Article 11589,maison,M14,laine,sport,milieu,F110,images/REF11589.jpg
REF11590,Article 11590,bas,M34,synthetique,soiree,entree,F036,images/REF11590.jpg
REF11591,Article 11591,maison,M04,lin,ville,milieu,F123,images/REF11591.jpg
REF11592,Article 11592,maison,M02,laine,soiree,premium,F052,images/REF11592.jpg
REF11593,Article 11593,haut,M07,laine,ville,premium,F127,images/REF11593.jpg
REF11594,Article 11594,haut,M27,synthetique,sport,milieu,F106,images/REF11594.jpg
REF11595,Article 11595,accessoire,M27,laine,ville,premium,F110,images/REF11595.jpg
REF11596,Article 11596,accessoire,M26,laine,soiree,premium,F016,images/REF11596.jpg
REF11597,Article 11597,bas,M29,coton,ville,premium,F069,images/REF11597.jpg
REF11598,Article 11598,accessoire,M17,synthetique,soiree,entree,F093,images/REF11598.jpg
REF11599,Article 11599,accessoire,M01,lin,soiree,premium,F007,images/REF11599.jpg
REF11600,Article 11600,bas,M36,synthetique,sport,premium,F126,images/REF11600.jpg
REF11601,Article 11601,maison,M04,lin,soiree,entree,F079,images/REF11601.jpg
REF11602,Article 11602,haut,M21,lin,ville,entree,F015,images/REF11602.jpg
REF11603,Article 11603,bas,M27,lin,ville,premium,F028,images/REF11603.jpg
REF11604,Article 11604,bas,M36,synthetique,sport,entree,F046,images/REF11604.jpg
REF11605,Article 11605,haut,M17,coton,ville,premium,F028,images/REF11605.jpg
REF11606,Article 11606,haut,M12,synthetique,ville,milieu,F038,images/REF11606.jpg
REF11607,Article 11607,accessoire,M08,laine,soiree,entree,F091,images/REF11607.jpg
REF11608,Article 11608,bas,M07,coton,sport,premium,F002,images/REF11608.jpg
REF11609,Article 11609,maison,M22,lin,ville,premium,F114,images/REF11609.jpg
REF11610,Article 11610,haut,M40,laine,sport,milieu,F006,images/REF11610.jpg
REF11611,Article 11611,maison,M37,laine,soiree,premium,F139,images/REF11611.jpg
REF11612,Article 11612,bas,M30,lin,soiree,milieu,F140,images/REF11612.jpg
REF11613,Article 11613,haut,M36,synthetique,sport,entree,F018,images/REF11613.jpg
REF11614,Article 11614,maison,M02,laine,sport,premium,F041,images/REF11614.jpg
REF11615,Article 11615,accessoire,M17,synthetique,soiree,premium,F051,images/REF11615.jpg
REF11616,Article 11616,haut,M16,laine,sport,premium,F061,images/REF11616.jpg
REF11617,Article 11617,accessoire,M23,synthetique,sport,entree,F057,images/REF11617.jpg
REF11618,Article 11618,accessoire,M40,lin,sport,premium,F068,images/REF11618.jpg
REF11619,Article 11619,accessoire,M05,lin,ville,premium,F122,images/REF11619.jpg
REF11620,Article 11620,bas,M06,lin,soiree,milieu,F032,images/REF11620.jpg
REF11621,Article 11621,maison,M05,laine,ville,milieu,F059,images/REF11621.jpg
REF11622,Article 11622,maison,M15,synthetique,ville,entree,F064,images/REF11622.jpg
REF11623,Article 11623,haut,M14,synthetique,sport,entree,F105,images/REF11623.jpg
REF11624,Article 11624,maison,M28,synthetique,sport,premium,F017,images/REF11624.jpg
REF11625,Article 11625,maison,M07,synthetique,soiree,entree,F087,images/REF11625.jpg
REF11626,Article 11626,bas,M34,synthetique,soiree,entree,F083,images/REF11626.jpg
REF11627,Article 11627,bas,M27,laine,sport,premium,F122,images/REF11627.jpg
REF11628,Article 11628,bas,M32,lin,soiree,premium,F081,images/REF11628.jpg
REF11629,Article 11629,haut,M10,coton,soiree,entree,F140,images/REF11629.jpg
REF11630,Article 11630,maison,M30,lin,ville,premium,F068,images/REF11630.jpg
REF11631,Article 11631,accessoire,M34,coton,ville,premium,F018,images/REF11631.jpg
REF11632,Article 11632,maison,M37,laine,sport,premium,F102,images/REF11632.jpg
REF11633,Article 11633,accessoire,M34,laine,sport,premium,F058,images/REF11633.jpg
REF11634,Article 11634,maison,M08,coton,sport,premium,F081,images/REF11634.jpg
REF11635,Article 11635,bas,M29,laine,soiree,premium,F079,images/REF11635.jpg
REF11636,Article 11636,haut,M10,synthetique,ville,milieu,F076,images/REF11636.jpg
REF11637,Article 11637,bas,M39,lin,ville,entree,F103,images/REF11637.jpg
REF11638,Article 11638,bas,M04,synthetique,sport,premium,F121,images/REF11638.jpg
REF11639,Article 11639,haut,M39,coton,soiree,entree,F002,images/REF11639.jpg
REF11640,Article 11640,bas,M13,lin,sport,milieu,F076,images/REF11640.jpg
REF11641,Article 11641,bas,M01,lin,ville,premium,F126,images/REF11641.jpg
REF11642,Article 11642,bas,M09,laine,sport,entree,F037,images/REF11642.jpg
REF11643,Article 11643,accessoire,M08,coton,sport,entree,F087,images/REF11643.jpg
REF11644,Article 11644,haut,M31,laine,soiree,entree,F073,images/REF11644.jpg
REF11645,Article 11645,bas,M01,lin,sport,entree,F074,images/REF11645.jpg
REF11646,Article 11646,bas,M15,lin,ville,premium,F018,images/REF11646.jpg
REF11647,Article 11647,accessoire,M25,laine,sport,premium,F042,images/REF11647.jpg
REF11648,Article 11648,haut,M01,laine,sport,entree,F082,images/REF11648.jpg
REF11649,Article 11649,haut,M31,lin,soiree,premium,F118,images/REF11649.jpg
REF11650,Article 11650,maison,M39,synthetique,soiree,milieu,F096,images/REF11650.jpg
REF11651,Article 11651,maison,M20,coton,sport,entree,F033,images/REF11651.jpg
REF11652,Article 11652,maison,M31,lin,soiree,premium,F106,images/REF11652.jpg
REF11653,Article 11653,haut,M34,synthetique,sport,entree,F070,images/REF11653.jpg
REF11654,Article 11654,accessoire,M08,lin,soiree,entree,F039,images/REF11654.jpg
REF11655,Article 11655,accessoire,M26,lin,soiree,milieu,F010,images/REF11655.jpg
REF11656,Article 11656,accessoire,M01,lin,soiree,premium,F049,images/REF11656.jpg
REF11657,Article 11657,haut,M37,synthetique,ville,entree,F123,images/REF11657.jpg
REF11658,Article 11658,maison,M33,laine,ville,entree,F010,images/REF11658.jpg
REF11659,Article 11659,maison,M23,lin,ville,milieu,F053,images/REF11659.jpg
REF11660,Article 11660,bas,M03,laine,sport,premium,F037,images/REF11660.jpg
REF11661,Article 11661,maison,M36,coton,sport,milieu,F116,images/REF11661.jpg
REF11662,Article 11662,maison,M02,synthetique,soiree,entree,F055,images/REF11662.jpg
REF11663,Article 11663,haut,M16,synthetique,ville,entree,F038,images/REF11663.jpg
REF11664,Article 11664,haut,M37,laine,soiree,entree,F136,images/REF11664.jpg
REF11665,Article 11665,bas,M25,lin,sport,premium,F047,images/REF11665.jpg
REF11666,Article 11666,bas,M29,lin,ville,premium,F109,images/REF11666.jpg
REF11667,Article 11667,maison,M37,synthetique,ville,premium,F097,images/REF11667.jpg
REF11668,Article 11668,haut,M20,lin,soiree,milieu,F004,images/REF11668.jpg
REF11669,Article 11669,accessoire,M18,coton,soiree,premium,F022,images/REF11669.jpg
REF11670,Article 11670,haut,M03,laine,sport,premium,F007,images/REF11670.jpg
REF11671,Article 11671,accessoire,M19,synthetique,sport,entree,F103,images/REF11671.jpg
REF11672,Article 11672,maison,M20,coton,ville,milieu,F081,images/REF11672.jpg
REF11673,Article 11673,haut,M24,synthetique,sport,milieu,F091,images/REF11673.jpg
REF11674,Article 11674,accessoire,M12,laine,ville,premium,F139,images/REF11674.jpg
REF11675,Article 11675,haut,M04,synthetique,soiree,premium,F013,images/REF11675.jpg
REF11676,Article 11676,bas,M21,laine,sport,entree,F058,images/REF11676.jpg
REF11677,Article 11677,haut,M18,lin,ville,premium,F024,images/REF11677.jpg
REF11678,Article 11678,haut,M01,synthetique,sport,premium,F053,images/REF11678.jpg
REF11679,Article 11679,haut,M06,coton,ville,premium,F089,images/REF11679.jpg
REF11680,Article 11680,maison,M25,synthetique,sport,premium,F062,images/REF11680.jpg
REF11681,Article 11681,haut,M17,lin,sport,milieu,F076,images/REF11681.jpg
REF11682,Article 11682,bas,M27,synthetique,ville,entree,F101,images/REF11682.jpg
REF11683,Article 11683,maison,M23,laine,soiree,entree,F017,images/REF11683.jpg
REF11684,Article 11684,maison,M24,lin,ville,premium,F087,images/REF11684.jpg
REF11685,Article 11685,bas,M16,lin,sport,milieu,F070,images/REF11685.jpg
REF11686,Article 11686,accessoire,M25,laine,ville,premium,F118,images/REF11686.jpg
REF11687,Article 11687,maison,M02,lin,soiree,milieu,F090,images/REF11687.jpg
REF11688,Article 11688,accessoire,M24,lin,soiree,milieu,F045,images/REF11688.jpg
REF11689,Article 11689,bas,M01,synthetique,ville,entree,F092,images/REF11689.jpg
REF11690,Article 11690,accessoire,M34,lin,ville,premium,F126,images/REF11690.jpg
REF11691,Article 11691,bas,M35,lin,ville,entree,F115,images/REF11691.jpg
REF11692,Article 11692,maison,M35,lin,ville,milieu,F100,images/REF11692.jpg
REF11693,Article 11693,maison,M29,laine,soiree,entree,F128,images/REF11693.jpg
REF11694,Article 11694,haut,M12,lin,soiree,entree,F011,images/REF11694.jpg
REF11695,Article 11695,accessoire,M28,lin,soiree,milieu,F121,images/REF11695.jpg
REF11696,Article 11696,maison,M39,synthetique,soiree,entree,F100,images/REF11696.jpg
REF11697,Article 11697,maison,M34,lin,sport,entree,F109,images/REF11697.jpg
REF11698,Article 11698,accessoire,M27,laine,ville,milieu,F123,images/REF11698.jpg
REF11699,Article 11699,accessoire,M37,synthetique,sport,entree,F017,images/REF11699.jpg
REF11700,Article 11700,accessoire,M01,coton,sport,premium,F139,images/REF11700.jpg
REF11701,Article 11701,bas,M21,lin,ville,milieu,F019,images/REF11701.jpg
REF11702,Article 11702,maison,M18,lin,soiree,premium,F102,images/REF11702.jpg
REF11703,Article 11703,haut,M39,coton,soiree,entree,F115,images/REF11703.jpg
REF11704,Article 11704,haut,M25,lin,sport,milieu,F064,images/REF11704.jpg
REF11705,Article 11705,haut,M27,laine,soiree,entree,F129,images/REF11705.jpg
REF11706,Article 11706,bas,M32,coton,ville,premium,F081,images/REF11706.jpg
REF11707,Article 11707,maison,M32,lin,sport,entree,F110,images/REF11707.jpg
REF11708,Article 11708,accessoire,M12,synthetique,sport,premium,F121,images/REF11708.jpg
REF11709,Article 11709,accessoire,M10,coton,soiree,premium,F068,images/REF11709.jpg
REF11710,Article 11710,maison,M16,laine,sport,milieu,F123,images/REF11710.jpg
REF11711,Article 11711,haut,M28,lin,ville,entree,F084,images/REF11711.jpg
REF11712,Article 11712,haut,M06,laine,sport,milieu,F103,images/REF11712.jpg
REF11713,Article 11713,maison,M40,coton,ville,premium,F081,images/REF11713.jpg
REF11714,Article 11714,bas,M10,laine,soiree,entree,F115,images/REF11714.jpg
REF11715,Article 11715,maison,M15,lin,ville,milieu,F064,images/REF11715.jpg
REF11716,Article 11716,maison,M33,laine,sport,milieu,F118,images/REF11716.jpg
REF11717,Article 11717,maison,M39,lin,sport,milieu,F016,images/REF11717.jpg
REF11718,Article 11718,maison,M14,lin,sport,premium,F123,images/REF11718.jpg
REF11719,Article 11719,haut,M24,synthetique,sport,entree,F037,images/REF11719.jpg
REF11720,Article 11720,maison,M31,laine,ville,entree,F042,images/REF11720.jpg
REF11721,Article 11721,haut,M37,synthetique,ville,premium,F134,images/REF11721.jpg
REF11722,Article 11722,haut,M38,laine,soiree,entree,F010,images/REF11722.jpg
REF11723,Article 11723,accessoire,M14,laine,soiree,premium,F072,images/REF11723.jpg
REF11724,Article 11724,bas,M40,laine,soiree,milieu,F047,images/REF11724.jpg
REF11725,Article 11725,bas,M28,lin,soiree,entree,F088,images/REF11725.jpg
REF11726,Article 11726,bas,M39,laine,sport,premium,F029,images/REF11726.jpg
REF11727,Article 11727,accessoire,M12,coton,sport,entree,F014,images/REF11727.jpg
REF11728,Article 11728,bas,M02,synthetique,soiree,entree,F099,images/REF11728.jpg
REF11729,Article 11729,accessoire,M36,laine,sport,entree,F069,images/REF11729.jpg
REF11730,Article 11730,maison,M30,synthetique,sport,milieu,F014,images/REF11730.jpg
REF11731,Article 11731,maison,M20,laine,ville,milieu,F050,images/REF11731.jpg
REF11732,Article 11732,bas,M38,coton,soiree,milieu,F123,images/REF11732.jpg
REF11733,Article 11733,maison,M25,laine,ville,premium,F057,images/REF11733.jpg
REF11734,Article 11734,bas,M32,synthetique,soiree,entree,F025,images/REF11734.jpg
REF11735,Article 11735,maison,M04,coton,sport,entree,F074,images/REF11735.jpg
REF11736,Article 11736,accessoire,M28,laine,soiree,premium,F135,images/REF11736.jpg
REF11737,Article 11737,haut,M11,synthetique,soiree,premium,F070,images/REF11737.jpg
REF11738,Article 11738,maison,M17,laine,sport,premium,F134,images/REF11738.jpg
REF11739,Article 11739,maison,M37,lin,sport,milieu,F092,images/REF11739.jpg
REF11740,Article 11740,accessoire,M17,synthetique,soiree,entree,F103,images/REF11740.jpg
REF11741,Article 11741,haut,M08,coton,ville,premium,F013,images/REF11741.jpg
REF11742,Article 11742,maison,M12,synthetique,ville,entree,F126,images/REF11742.jpg
REF11743,Article 11743,maison,M18,coton,soiree,premium,F046,images/REF11743.jpg
REF11744,Article 11744,maison,M30,synthetique,ville,milieu,F097,images/REF11744.jpg
REF11745,Article 11745,maison,M34,laine,soiree,premium,F030,images/REF11745.jpg
REF11746,Article 11746,accessoire,M01,synthetique,ville,entree,F090,images/REF11746.jpg
REF11747,Article 11747,maison,M11,synthetique,ville,milieu,F076,images/REF11747.jpg
REF11748,Article 11748,maison,M02,laine,ville,premium,F122,images/REF11748.jpg
REF11749,Article 11749,maison,M38,lin,sport,entree,F001,images/REF11749.jpg
REF11750,Article 11750,haut,M20,coton,sport,milieu,F036,images/REF11750.jpg
REF11751,Article 11751,accessoire,M22,synthetique,soiree,milieu,F061,images/REF11751.jpg
REF11752,Article 11752,accessoire,M11,laine,ville,milieu,F017,images/REF11752.jpg
REF11753,Article 11753,maison,M27,synthetique,ville,entree,F050,images/REF11753.jpg
REF11754,Article 11754,haut,M16,lin,soiree,premium,F098,images/REF11754.jpg
REF11755,Article 11755,maison,M03,coton,soiree,premium,F081,images/REF11755.jpg
REF11756,Article 11756,bas,M26,laine,ville,milieu,F095,images/REF11756.jpg
REF11757,Article 11757,accessoire,M28,coton,sport,entree,F065,images/REF11757.jpg
REF11758,Article 11758,accessoire,M11,lin,ville,milieu,F019,images/REF11758.jpg
REF11759,Article 11759,bas,M29,coton,ville,entree,F020,images/REF11759.jpg
REF11760,Article 11760,accessoire,M20,lin,soiree,entree,F126,images/REF11760.jpg
REF11761,Article 11761,maison,M12,laine,sport,premium,F012,images/REF11761.jpg
REF11762,Article 11762,maison,M21,laine,sport,entree,F134,images/REF11762.jpg
REF11763,Article 11763,maison,M11,lin,sport,entree,F106,images/REF11763.jpg
REF11764,Article 11764,maison,M04,lin,soiree,premium,F059,images/REF11764.jpg
REF11765,Article 11765,maison,M15,lin,ville,milieu,F118,images/REF11765.jpg
REF11766,Article 11766,bas,M39,coton,soiree,premium,F030,images/REF11766.jpg
REF11767,Article 11767,haut,M13,lin,soiree,milieu,F137,images/REF11767.jpg
REF11768,Article 11768,bas,M33,lin,sport,milieu,F106,images/REF11768.jpg
REF11769,Article 11769,maison,M37,coton,sport,entree,F040,images/REF11769.jpg
REF11770,Article 11770,maison,M05,laine,soiree,entree,F089,images/REF11770.jpg
REF11771,Article 11771,accessoire,M30,coton,soiree,milieu,F026,images/REF11771.jpg
REF11772,Article 11772,haut,M15,coton,sport,milieu,F097,images/REF11772.jpg
REF11773,Article 11773,maison,M12,laine,sport,milieu,F093,images/REF11773.jpg
REF11774,Article 11774,maison,M30,synthetique,soiree,premium,F033,images/REF11774.jpg
REF11775,Article 11775,maison,M16,lin,soiree,milieu,F082,images/REF11775.jpg
REF11776,Article 11776,haut,M26,laine,sport,milieu,F082,images/REF11776.jpg
REF11777,Article 11777,bas,M30,synthetique,ville,milieu,F109,images/REF11777.jpg
REF11778,Article 11778,bas,M03,laine,ville,premium,F117,images/REF11778.jpg
REF11779,Article 11779,bas,M03,coton,sport,entree,F102,images/REF11779.jpg
REF11780,Article 11780,haut,M04,lin,ville,milieu,F112,images/REF11780.jpg
REF11781,Article 11781,haut,M21,laine,ville,entree,F062,images/REF11781.jpg
REF11782,Article 11782,bas,M22,coton,soiree,milieu,F068,images/REF11782.jpg
REF11783,Article 11783,maison,M35,laine,soiree,premium,F081,images/REF11783.jpg
REF11784,Article 11784,maison,M01,lin,sport,entree,F135,images/REF11784.jpg
REF11785,Article 11785,maison,M19,synthetique,sport,premium,F069,images/REF11785.jpg
REF11786,Article 11786,maison,M26,lin,sport,entree,F047,images/REF11786.jpg
REF11787,Article 11787,maison,M20,coton,soiree,premium,F104,images/REF11787.jpg
REF11788,Article 11788,bas,M34,coton,ville,premium,F024,images/REF11788.jpg
REF11789,Article 11789,haut,M04,laine,soiree,milieu,F062,images/REF11789.jpg
REF11790,Article 11790,haut,M36,laine,soiree,milieu,F136,images/REF11790.jpg
REF11791,Article 11791,maison,M18,lin,ville,premium,F122,images/REF11791.jpg
REF11792,Article 11792,bas,M31,lin,sport,milieu,F053,images/REF11792.jpg
REF11793,Article 11793,maison,M09,synthetique,soiree,entree,F109,images/REF11793.jpg
REF11794,Article 11794,maison,M02,coton,soiree,milieu,F019,images/REF11794.jpg
REF11795,Article 11795,haut,M37,laine,sport,milieu,F061,images/REF11795.jpg
REF11796,Article 11796,haut,M09,coton,sport,premium,F062,images/REF11796.jpg
REF11797,Article 11797,haut,M37,synthetique,ville,milieu,F080,images/REF11797.jpg
REF11798,Article 11798,maison,M16,synthetique,sport,entree,F139,images/REF11798.jpg
REF11799,Article 11799,bas,M03,laine,ville,milieu,F124,images/REF11799.jpg
REF11800,Article 11800,bas,M38,laine,ville,premium,F042,images/REF11800.jpg
REF11801,Article 11801,haut,M30,laine,ville,milieu,F124,images/REF11801.jpg
REF11802,Article 11802,haut,M32,lin,sport,milieu,F032,images/REF11802.jpg
REF11803,Article 11803,maison,M30,lin,sport,entree,F037,images/REF11803.jpg
REF11804,Article 11804,maison,M21,lin,sport,entree,F055,images/REF11804.jpg
REF11805,Article 11805,haut,M02,lin,sport,entree,F086,images/REF11805.jpg
REF11806,Article 11806,haut,M08,coton,sport,premium,F103,images/REF11806.jpg
REF11807,Article 11807,bas,M21,coton,soiree,entree,F081,images/REF11807.jpg
REF11808,Article 11808,maison,M24,synthetique,soiree,milieu,F002,images/REF11808.jpg
REF11809,Article 11809,haut,M02,lin,soiree,milieu,F028,images/REF11809.jpg
REF11810,Article 11810,bas,M13,coton,soiree,milieu,F109,images/REF11810.jpg
REF11811,Article 11811,bas,M26,synthetique,ville,milieu,F109,images/REF11811.jpg
REF11812,Article 11812,maison,M15,laine,soiree,entree,F010,images/REF11812.jpg
REF11813,Article 11813,haut,M38,coton,soiree,milieu,F116,images/REF11813.jpg
REF11814,Article 11814,accessoire,M39,synthetique,soiree,milieu,F062,images/REF11814.jpg
REF11815,Article 11815,bas,M20,lin,sport,premium,F053,images/REF11815.jpg
REF11816,Article 11816,maison,M14,coton,soiree,milieu,F106,images/REF11816.jpg
REF11817,Article 11817,maison,M40,laine,soiree,premium,F070,images/REF11817.jpg
REF11818,Article 11818,accessoire,M19,lin,soiree,entree,F105,images/REF11818.jpg
REF11819,Article 11819,bas,M33,laine,sport,premium,F102,images/REF11819.jpg
REF11820,Article 11820,maison,M15,synthetique,sport,entree,F092,images/REF11820.jpg
REF11821,Article 11821,accessoire,M36,laine,sport,milieu,F057,images/REF11821.jpg
REF11822,Article 11822,accessoire,M09,coton,ville,entree,F034,images/REF11822.jpg
REF11823,Article 11823,accessoire,M02,synthetique,ville,milieu,F039,images/REF11823.jpg
REF11824,Article 11824,bas,M02,laine,soiree,premium,F070,images/REF11824.jpg
REF11825,Article 11825,bas,M20,synthetique,ville,milieu,F105,images/REF11825.jpg
REF11826,Article 11826,haut,M11,lin,ville,milieu,F136,images/REF11826.jpg
REF11827,Article 11827,accessoire,M29,synthetique,sport,entree,F015,images/REF11827.jpg
REF11828,Article 11828,haut,M09,laine,soiree,premium,F014,images/REF11828.jpg
REF11829,Article 11829,accessoire,M18,lin,sport,premium,F003,images/REF11829.jpg
REF11830,Article 11830,maison,M09,lin,soiree,premium,F125,images/REF11830.jpg
REF11831,Article 11831,accessoire,M01,lin,ville,milieu,F092,images/REF11831.jpg
REF11832,Article 11832,maison,M08,laine,ville,entree,F085,images/REF11832.jpg
REF11833,Article 11833,haut,M07,coton,sport,premium,F004,images/REF11833.jpg
REF11834,Article 11834,haut,M28,lin,sport,entree,F100,images/REF11834.jpg
REF11835,Article 11835,maison,M13,coton,sport,milieu,F062,images/REF11835.jpg
REF11836,Article 11836,bas,M16,synthetique,sport,entree,F028,images/REF11836.jpg
REF11837,Article 11837,haut,M01,coton,sport,milieu,F009,images/REF11837.jpg
REF11838,Article 11838,bas,M16,lin,ville,milieu,F015,images/REF11838.jpg
REF11839,Article 11839,maison,M31,lin,soiree,entree,F113,images/REF11839.jpg
REF11840,Article 11840,haut,M02,synthetique,ville,entree,F021,images/REF11840.jpg
REF11841,Article 11841,maison,M02,lin,soiree,premium,F047,images/REF11841.jpg
REF11842,Article 11842,haut,M02,laine,soiree,premium,F056,images/REF11842.jpg
REF11843,Article 11843,accessoire,M30,coton,sport,milieu,F016,images/REF11843.jpg
REF11844,Article 11844,maison,M40,laine,ville,entree,F116,images/REF11844.jpg
REF11845,Article 11845,accessoire,M06,lin,ville,milieu,F107,images/REF11845.jpg
REF11846,Article 11846,maison,M36,laine,sport,premium,F133,images/REF11846.jpg
REF11847,Article 11847,accessoire,M14,synthetique,sport,entree,F138,images/REF11847.jpg
REF11848,Article 11848,maison,M35,synthetique,soiree,premium,F101,images/REF11848.jpg
REF11849,Article 11849,accessoire,M37,coton,sport,milieu,F063,images/REF11849.jpg
REF11850,Article 11850,bas,M19,laine,sport,entree,F089,images/REF11850.jpg
REF11851,Article 11851,accessoire,M25,lin,soiree,premium,F082,images/REF11851.jpg
REF11852,Article 11852,maison,M34,lin,ville,milieu,F118,images/REF11852.jpg
REF11853,Article 11853,bas,M03,coton,soiree,premium,F060,images/REF11853.jpg
REF11854,Article 11854,maison,M26,laine,ville,milieu,F033,images/REF11854.jpg
REF11855,Article 11855,maison,M20,lin,sport,entree,F023,images/REF11855.jpg
REF11856,Article 11856,maison,M06,lin,sport,milieu,F017,images/REF11856.jpg
REF11857,Article 11857,haut,M22,coton,soiree,premium,F024,images/REF11857.jpg
REF11858,Article 11858,bas,M23,laine,soiree,milieu,F059,images/REF11858.jpg
REF11859,Article 11859,accessoire,M09,lin,soiree,entree,F053,images/REF11859.jpg
REF11860,Article 11860,bas,M23,laine,soiree,entree,F044,images/REF11860.jpg
REF11861,Article 11861,bas,M17,laine,ville,entree,F079,images/REF11861.jpg
REF11862,Article 11862,accessoire,M11,lin,soiree,milieu,F099,images/REF11862.jpg
REF11863,Article 11863,maison,M16,laine,ville,premium,F076,images/REF11863.jpg
REF11864,Article 11864,maison,M25,laine,sport,premium,F073,images/REF11864.jpg
REF11865,Article 11865,bas,M06,synthetique,sport,premium,F037,images/REF11865.jpg
REF11866,Article 11866,bas,M24,coton,soiree,milieu,F073,images/REF11866.jpg
REF11867,Article 11867,maison,M11,coton,sport,premium,F127,images/REF11867.jpg
REF11868,Article 11868,bas,M07,laine,ville,milieu,F079,images/REF11868.jpg
REF11869,Article 11869,maison,M22,synthetique,ville,milieu,F098,images/REF11869.jpg
REF11870,Article 11870,haut,M05,synthetique,ville,milieu,F085,images/REF11870.jpg
REF11871,Article 11871,haut,M16,laine,sport,premium,F010,images/REF11871.jpg
REF11872,Article 11872,bas,M26,coton,sport,premium,F053,images/REF11872.jpg
REF11873,Article 11873,bas,M10,lin,ville,entree,F040,images/REF11873.jpg
REF11874,Article 11874,haut,M31,lin,soiree,premium,F068,images/REF11874.jpg
REF11875,Article 11875,accessoire,M35,laine,sport,milieu,F041,images/REF11875.jpg
REF11876,Article 11876,bas,M27,laine,soiree,entree,F027,images/REF11876.jpg
REF11877,Article 11877,accessoire,M39,synthetique,sport,milieu,F091,images/REF11877.jpg
REF11878,Article 11878,bas,M24,coton,ville,premium,F033,images/REF11878.jpg
REF11879,Article 11879,accessoire,M25,synthetique,ville,milieu,F010,images/REF11879.jpg
REF11880,Article 11880,haut,M26,lin,sport,milieu,F068,images/REF11880.jpg
REF11881,Article 11881,maison,M16,laine,sport,entree,F093,images/REF11881.jpg
REF11882,Article 11882,haut,M21,lin,ville,milieu,F027,images/REF11882.jpg
REF11883,Article 11883,haut,M33,lin,ville,premium,F057,images/REF11883.jpg
REF11884,Article 11884,accessoire,M16,synthetique,sport,entree,F005,images/REF11884.jpg
REF11885,Article 11885,haut,M21,coton,ville,premium,F073,images/REF11885.jpg
REF11886,Article 11886,haut,M05,synthetique,sport,premium,F139,images/REF11886.jpg
REF11887,Article 11887,accessoire,M07,coton,ville,premium,F140,images/REF11887.jpg
REF11888,Article 11888,accessoire,M21,lin,ville,premium,F072,images/REF11888.jpg
REF11889,Article 11889,haut,M30,laine,ville,milieu,F137,images/REF11889.jpg
REF11890,Article 11890,accessoire,M40,lin,ville,entree,F065,images/REF11890.jpg
REF11891,Article 11891,haut,M15,synthetique,soiree,milieu,F020,images/REF11891.jpg
REF11892,Article 11892,maison,M29,lin,ville,premium,F111,images/REF11892.jpg
REF11893,Article 11893,haut,M12,lin,soiree,entree,F058,images/REF11893.jpg
REF11894,Article 11894,bas,M06,laine,soiree,entree,F035,images/REF11894.jpg
REF11895,Article 11895,haut,M34,synthetique,ville,premium,F140,images/REF11895.jpg
REF11896,Article 11896,maison,M26,laine,ville,milieu,F135,images/REF11896.jpg
REF11897,Article 11897,bas,M17,lin,soiree,premium,F057,images/REF11897.jpg
REF11898,Article 11898,maison,M08,coton,sport,entree,F008,images/REF11898.jpg
REF11899,Article 11899,bas,M40,laine,soiree,entree,F053,images/REF11899.jpg
REF11900,Article 11900,bas,M25,laine,ville,milieu,F044,images/REF11900.jpg
REF11901,Article 11901,accessoire,M27,synthetique,sport,entree,F126,images/REF11901.jpg
REF11902,Article 11902,bas,M39,lin,ville,milieu,F062,images/REF11902.jpg
REF11903,Article 11903,maison,M30,synthetique,ville,milieu,F094,images/REF11903.jpg
REF11904,Article 11904,haut,M38,laine,sport,premium,F014,images/REF11904.jpg
REF11905,Article 11905,accessoire,M17,laine,sport,milieu,F073,images/REF11905.jpg
REF11906,Article 11906,accessoire,M19,coton,soiree,entree,F110,images/REF11906.jpg
REF11907,Article 11907,maison,M26,laine,sport,milieu,F007,images/REF11907.jpg
REF11908,Article 11908,haut,M03,lin,soiree,milieu,F005,images/REF11908.jpg
REF11909,Article 11909,maison,M12,laine,sport,premium,F110,images/REF11909.jpg
REF11910,Article 11910,bas,M14,synthetique,sport,entree,F074,images/REF11910.jpg
REF11911,Article 11911,accessoire,M02,lin,sport,entree,F122,images/REF11911.jpg
REF11912,Article 11912,haut,M15,synthetique,soiree,milieu,F072,images/REF11912.jpg
REF11913,Article 11913,haut,M13,synthetique,ville,premium,F124,images/REF11913.jpg
REF11914,Article 11914,accessoire,M19,lin,sport,milieu,F105,images/REF11914.jpg
REF11915,Article 11915,accessoire,M14,lin,sport,premium,F119,images/REF11915.jpg
REF11916,Article 11916,accessoire,M14,lin,sport,premium,F085,images/REF11916.jpg
REF11917,Article 11917,haut,M34,synthetique,ville,entree,F132,images/REF11917.jpg
REF11918,Article 11918,accessoire,M35,lin,sport,milieu,F131,images/REF11918.jpg
REF11919,Article 11919,haut,M23,laine,ville,entree,F023,images/REF11919.jpg
REF11920,Article 11920,maison,M26,lin,ville,milieu,F129,images/REF11920.jpg
REF11921,Article 11921,bas,M08,laine,ville,premium,F112,images/REF11921.jpg
REF11922,Article 11922,accessoire,M40,lin,soiree,milieu,F091,images/REF11922.jpg
REF11923,Article 11923,maison,M26,coton,ville,premium,F131,images/REF11923.jpg
REF11924,Article 11924,bas,M20,lin,ville,milieu,F084,images/REF11924.jpg
REF11925,Article 11925,bas,M38,lin,ville,entree,F120,images/REF11925.jpg
REF11926,Article 11926,bas,M11,synthetique,ville,premium,F031,images/REF11926.jpg
REF11927,Article 11927,bas,M08,synthetique,ville,premium,F060,images/REF11927.jpg
REF11928,Article 11928,accessoire,M29,laine,ville,entree,F099,images/REF11928.jpg
REF11929,Article 11929,bas,M15,synthetique,soiree,milieu,F122,images/REF11929.jpg
REF11930,Article 11930,bas,M22,lin,soiree,entree,F115,images/REF11930.jpg
REF11931,Article 11931,maison,M06,laine,ville,entree,F041,images/REF11931.jpg
REF11932,Article 11932,bas,M32,laine,sport,entree,F041,images/REF11932.jpg
REF11933,Article 11933,accessoire,M11,coton,ville,entree,F009,images/REF11933.jpg
REF11934,Article 11934,bas,M07,lin,sport,milieu,F089,images/REF11934.jpg
REF11935,Article 11935,haut,M07,laine,ville,milieu,F097,images/REF11935.jpg
REF11936,Article 11936,haut,M20,lin,ville,milieu,F061,images/REF11936.jpg
REF11937,Article 11937,maison,M22,coton,sport,milieu,F096,images/REF11937.jpg
REF11938,Article 11938,maison,M39,synthetique,sport,milieu,F139,images/REF11938.jpg
REF11939,Article 11939,bas,M14,laine,soiree,entree,F058,images/REF11939.jpg
REF11940,Article 11940,maison,M05,synthetique,soiree,entree,F111,images/REF11940.jpg
REF11941,Article 11941,bas,M06,synthetique,sport,entree,F103,images/REF11941.jpg
REF11942,Article 11942,accessoire,M08,coton,soiree,premium,F002,images/REF11942.jpg
REF11943,Article 11943,accessoire,M28,coton,sport,premium,F061,images/REF11943.jpg
REF11944,Article 11944,accessoire,M10,coton,ville,entree,F137,images/REF11944.jpg
REF11945,Article 11945,accessoire,M18,laine,sport,milieu,F032,images/REF11945.jpg
REF11946,Article 11946,haut,M24,coton,sport,entree,F083,images/REF11946.jpg
REF11947,Article 11947,haut,M27,laine,ville,entree,F031,images/REF11947.jpg
REF11948,Article 11948,bas,M30,laine,ville,milieu,F092,images/REF11948.jpg
REF11949,Article 11949,haut,M39,synthetique,sport,entree,F093,images/REF11949.jpg
REF11950,Article 11950,maison,M22,laine,sport,premium,F136,images/REF11950.jpg
REF11951,Article 11951,maison,M37,coton,ville,milieu,F035,images/REF11951.jpg
REF11952,Article 11952,maison,M13,lin,soiree,premium,F028,images/REF11952.jpg
REF11953,Article 11953,haut,M12,synthetique,sport,entree,F095,images/REF11953.jpg
REF11954,Article 11954,haut,M38,laine,sport,entree,F124,images/REF11954.jpg
REF11955,Article 11955,accessoire,M37,laine,sport,entree,F044,images/REF11955.jpg
REF11956,Article 11956,maison,M04,laine,ville,milieu,F027,images/REF11956.jpg
REF11957,Article 11957,bas,M09,laine,ville,premium,F094,images/REF11957.jpg
REF11958,Article 11958,haut,M13,lin,soiree,milieu,F115,images/REF11958.jpg
REF11959,Article 11959,accessoire,M07,coton,soiree,premium,F110,images/REF11959.jpg
REF11960,Article 11960,maison,M12,synthetique,sport,entree,F083,images/REF11960.jpg
REF11961,Article 11961,accessoire,M03,lin,ville,milieu,F111,images/REF11961.jpg
REF11962,Article 11962,haut,M11,synthetique,soiree,entree,F039,images/REF11962.jpg
REF11963,Article 11963,haut,M01,lin,ville,milieu,F007,images/REF11963.jpg
REF11964,Article 11964,maison,M06,synthetique,soiree,milieu,F110,images/REF11964.jpg
REF11965,Article 11965,bas,M12,synthetique,ville,milieu,F027,images/REF11965.jpg
REF11966,Article 11966,maison,M39,lin,soiree,premium,F095,images/REF11966.jpg
REF11967,Article 11967,bas,M12,laine,soiree,premium,F091,images/REF11967.jpg
REF11968,Article 11968,haut,M39,lin,ville,premium,F025,images/REF11968.jpg
REF11969,Article 11969,haut,M38,lin,sport,premium,F058,images/REF11969.jpg
REF11970,Article 11970,haut,M25,laine,ville,premium,F080,images/REF11970.jpg
REF11971,Article 11971,accessoire,M24,laine,soiree,entree,F040,images/REF11971.jpg
REF11972,Article 11972,accessoire,M36,laine,ville,premium,F025,images/REF11972.jpg
REF11973,Article 11973,bas,M04,laine,sport,premium,F102,images/REF11973.jpg
REF11974,Article 11974,bas,M12,synthetique,sport,entree,F056,images/REF11974.jpg
REF11975,Article 11975,maison,M24,synthetique,ville,entree,F027,images/REF11975.jpg
REF11976,Article 11976,maison,M35,coton,ville,milieu,F135,images/REF11976.jpg
REF11977,Article 11977,haut,M26,synthetique,sport,milieu,F107,images/REF11977.jpg
REF11978,Article 11978,bas,M30,synthetique,ville,milieu,F099,images/REF11978.jpg
REF11979,Article 11979,haut,M14,synthetique,sport,premium,F042,images/REF11979.jpg
REF11980,Article 11980,haut,M32,lin,soiree,premium,F002,images/REF11980.jpg
REF11981,Article 11981,accessoire,M06,lin,sport,entree,F006,images/REF11981.jpg
REF11982,Article 11982,maison,M28,laine,soiree,premium,F134,images/REF11982.jpg
REF11983,Article 11983,haut,M36,coton,sport,premium,F074,images/REF11983.jpg
REF11984,Article 11984,accessoire,M01,coton,soiree,entree,F109,images/REF11984.jpg
REF11985,Article 11985,bas,M03,coton,ville,milieu,F061,images/REF11985.jpg
REF11986,Article 11986,accessoire,M30,coton,sport,entree,F044,images/REF11986.jpg
REF11987,Article 11987,maison,M06,lin,soiree,milieu,F053,images/REF11987.jpg
REF11988,Article 11988,accessoire,M16,laine,sport,entree,F055,images/REF11988.jpg
REF11989,Article 11989,accessoire,M38,coton,soiree,entree,F131,images/REF11989.jpg
REF11990,Article 11990,maison,M25,laine,soiree,premium,F002,images/REF11990.jpg
REF11991,Article 11991,accessoire,M32,lin,ville,premium,F040,images/REF11991.jpg
REF11992,Article 11992,bas,M10,laine,ville,premium,F038,images/REF11992.jpg
REF11993,Article 11993,haut,M37,laine,sport,milieu,F059,images/REF11993.jpg
REF11994,Article 11994,bas,M36,coton,soiree,entree,F105,images/REF11994.jpg
REF11995,Article 11995,haut,M33,lin,sport,milieu,F134,images/REF11995.jpg
REF11996,Article 11996,maison,M38,laine,sport,premium,F111,images/REF11996.jpg
REF11997,Article 11997,maison,M06,synthetique,ville,entree,F048,images/REF11997.jpg
REF11998,Article 11998,accessoire,M30,lin,ville,milieu,F125,images/REF11998.jpg
REF11999,Article 11999,haut,M25,coton,ville,milieu,F004,images/REF11999.jpg
REF12000,Article 12000,haut,M37,coton,sport,entree,F045,images/REF12000.jpg
