compte_id,canal_acquisition,taille_entreprise,pays,date_inscription
C000001,referral,11-50,FR,2026-05-10 00:00:00
C000002,direct,11-50,FR,2026-02-08 00:00:00
C000003,seo,11-50,FR,2026-05-31 00:00:00
C000004,direct,1-10,FR,2026-04-18 00:00:00
C000005,sea,200+,CH,2026-01-19 00:00:00
C000006,referral,51-200,FR,2026-01-10 00:00:00
C000007,referral,11-50,FR,2026-05-13 00:00:00
C000008,sea,51-200,CA,2026-07-12 00:00:00
C000009,direct,11-50,FR,2026-05-24 00:00:00
C000010,seo,11-50,FR,2026-05-13 00:00:00
C000011,sea,1-10,FR,2026-06-30 00:00:00
C000012,sea,11-50,BE,2026-06-30 00:00:00
C000013,referral,51-200,BE,2026-01-02 00:00:00
C000014,sea,51-200,FR,2026-02-24 00:00:00
C000015,seo,51-200,FR,2026-02-23 00:00:00
C000016,seo,51-200,FR,2026-01-12 00:00:00
C000017,seo,11-50,FR,2026-03-21 00:00:00
C000018,seo,11-50,FR,2026-06-10 00:00:00
C000019,seo,51-200,BE,2026-07-06 00:00:00
C000020,direct,1-10,FR,2026-04-30 00:00:00
C000021,seo,1-10,FR,2026-03-07 00:00:00
C000022,referral,11-50,FR,2026-02-17 00:00:00
C000023,direct,1-10,FR,2026-06-13 00:00:00
C000024,seo,200+,CA,2026-06-02 00:00:00
C000025,sea,11-50,CH,2026-01-18 00:00:00
C000026,sea,11-50,FR,2026-06-19 00:00:00
C000027,sea,51-200,CH,2026-01-08 00:00:00
C000028,direct,51-200,FR,2026-04-04 00:00:00
C000029,seo,51-200,CH,2026-07-05 00:00:00
C000030,direct,11-50,BE,2026-07-07 00:00:00
C000031,direct,51-200,FR,2026-02-11 00:00:00
C000032,direct,1-10,CA,2026-04-03 00:00:00
C000033,seo,51-200,FR,2026-01-30 00:00:00
C000034,sea,200+,FR,2026-04-05 00:00:00
C000035,referral,51-200,FR,2026-03-24 00:00:00
C000036,sea,1-10,FR,2026-03-17 00:00:00
C000037,referral,11-50,FR,2026-03-16 00:00:00
C000038,referral,1-10,FR,2026-01-07 00:00:00
C000039,referral,11-50,FR,2026-04-23 00:00:00
C000040,seo,200+,FR,2026-02-01 00:00:00
C000041,direct,1-10,FR,2026-07-19 00:00:00
C000042,referral,1-10,FR,2026-04-18 00:00:00
C000043,direct,51-200,FR,2026-05-17 00:00:00
C000044,sea,200+,FR,2026-01-18 00:00:00
C000045,sea,11-50,BE,2026-03-25 00:00:00
C000046,direct,11-50,FR,2026-06-10 00:00:00
C000047,seo,1-10,FR,2026-02-05 00:00:00
C000048,seo,1-10,CH,2026-03-01 00:00:00
C000049,sea,1-10,CH,2026-02-28 00:00:00
C000050,referral,51-200,CH,2026-01-13 00:00:00
C000051,seo,200+,FR,2026-04-10 00:00:00
C000052,direct,11-50,CA,2026-04-21 00:00:00
C000053,sea,51-200,FR,2026-04-17 00:00:00
C000054,seo,200+,FR,2026-05-06 00:00:00
C000055,referral,1-10,CA,2026-02-16 00:00:00
C000056,direct,1-10,FR,2026-03-17 00:00:00
C000057,direct,11-50,CA,2026-04-11 00:00:00
C000058,direct,1-10,BE,2026-04-03 00:00:00
C000059,sea,1-10,FR,2026-02-26 00:00:00
C000060,seo,200+,FR,2026-03-31 00:00:00
C000061,direct,11-50,FR,2026-02-21 00:00:00
C000062,referral,200+,CH,2026-07-10 00:00:00
C000063,direct,1-10,FR,2026-02-03 00:00:00
C000064,seo,200+,FR,2026-01-28 00:00:00
C000065,seo,11-50,FR,2026-06-15 00:00:00
C000066,referral,51-200,FR,2026-04-04 00:00:00
C000067,sea,51-200,BE,2026-04-08 00:00:00
C000068,sea,51-200,FR,2026-02-14 00:00:00
C000069,direct,200+,BE,2026-06-24 00:00:00
C000070,seo,11-50,FR,2026-06-21 00:00:00
C000071,referral,1-10,FR,2026-01-24 00:00:00
C000072,sea,11-50,FR,2026-07-18 00:00:00
C000073,sea,1-10,CH,2026-05-26 00:00:00
C000074,direct,51-200,FR,2026-04-20 00:00:00
C000075,seo,200+,CH,2026-03-21 00:00:00
C000076,sea,11-50,BE,2026-05-20 00:00:00
C000077,seo,1-10,CH,2026-03-21 00:00:00
C000078,seo,1-10,CH,2026-06-12 00:00:00
C000079,sea,51-200,CA,2026-01-28 00:00:00
C000080,referral,1-10,CA,2026-06-09 00:00:00
C000081,referral,200+,CA,2026-05-03 00:00:00
C000082,sea,51-200,FR,2026-01-18 00:00:00
C000083,seo,1-10,FR,2026-01-01 00:00:00
C000084,direct,51-200,CA,2026-04-17 00:00:00
C000085,direct,51-200,CA,2026-06-20 00:00:00
C000086,seo,51-200,FR,2026-03-30 00:00:00
C000087,seo,200+,FR,2026-01-13 00:00:00
C000088,sea,1-10,FR,2026-05-21 00:00:00
C000089,seo,11-50,FR,2026-04-29 00:00:00
C000090,direct,200+,CH,2026-05-17 00:00:00
C000091,referral,11-50,BE,2026-04-02 00:00:00
C000092,referral,11-50,CH,2026-02-17 00:00:00
C000093,sea,200+,CH,2026-06-20 00:00:00
C000094,referral,1-10,FR,2026-06-15 00:00:00
C000095,direct,1-10,FR,2026-06-27 00:00:00
C000096,seo,200+,FR,2026-05-11 00:00:00
C000097,direct,200+,BE,2026-01-04 00:00:00
C000098,seo,1-10,FR,2026-03-07 00:00:00
C000099,sea,200+,CH,2026-07-13 00:00:00
C000100,direct,51-200,FR,2026-06-08 00:00:00
C000101,direct,51-200,FR,2026-03-21 00:00:00
C000102,seo,11-50,FR,2026-06-25 00:00:00
C000103,direct,11-50,FR,2026-06-16 00:00:00
C000104,direct,1-10,FR,2026-04-24 00:00:00
C000105,sea,1-10,CA,2026-07-12 00:00:00
C000106,sea,1-10,FR,2026-05-11 00:00:00
C000107,direct,11-50,CH,2026-05-26 00:00:00
C000108,direct,1-10,FR,2026-06-08 00:00:00
C000109,referral,51-200,FR,2026-05-31 00:00:00
C000110,sea,11-50,CH,2026-05-14 00:00:00
C000111,seo,51-200,FR,2026-05-13 00:00:00
C000112,direct,200+,FR,2026-02-22 00:00:00
C000113,sea,200+,FR,2026-04-07 00:00:00
C000114,referral,1-10,CA,2026-05-26 00:00:00
C000115,referral,11-50,FR,2026-02-03 00:00:00
C000116,seo,51-200,FR,2026-04-20 00:00:00
C000117,sea,11-50,FR,2026-01-26 00:00:00
C000118,referral,11-50,CA,2026-06-13 00:00:00
C000119,seo,1-10,FR,2026-01-22 00:00:00
C000120,referral,200+,FR,2026-04-14 00:00:00
C000121,direct,1-10,FR,2026-06-28 00:00:00
C000122,referral,51-200,FR,2026-05-19 00:00:00
C000123,referral,200+,FR,2026-07-03 00:00:00
C000124,sea,11-50,FR,2026-03-14 00:00:00
C000125,direct,1-10,FR,2026-02-18 00:00:00
C000126,seo,1-10,FR,2026-06-05 00:00:00
C000127,sea,11-50,CA,2026-02-09 00:00:00
C000128,referral,11-50,FR,2026-07-07 00:00:00
C000129,referral,1-10,FR,2026-05-23 00:00:00
C000130,seo,1-10,FR,2026-05-21 00:00:00
C000131,seo,1-10,FR,2026-05-26 00:00:00
C000132,referral,200+,FR,2026-04-30 00:00:00
C000133,direct,11-50,FR,2026-05-07 00:00:00
C000134,referral,200+,FR,2026-02-04 00:00:00
C000135,direct,200+,FR,2026-03-07 00:00:00
C000136,sea,1-10,CA,2026-05-04 00:00:00
C000137,sea,11-50,FR,2026-04-29 00:00:00
C000138,direct,11-50,CH,2026-05-16 00:00:00
C000139,seo,1-10,FR,2026-02-09 00:00:00
C000140,seo,200+,FR,2026-03-21 00:00:00
C000141,seo,200+,CA,2026-02-28 00:00:00
C000142,sea,1-10,FR,2026-01-21 00:00:00
C000143,seo,11-50,CH,2026-02-04 00:00:00
C000144,direct,51-200,FR,2026-07-01 00:00:00
C000145,direct,51-200,FR,2026-02-02 00:00:00
C000146,sea,200+,FR,2026-05-08 00:00:00
C000147,seo,200+,FR,2026-02-25 00:00:00
C000148,referral,200+,CA,2026-05-25 00:00:00
C000149,seo,11-50,FR,2026-05-07 00:00:00
C000150,referral,200+,FR,2026-04-10 00:00:00
C000151,seo,1-10,BE,2026-02-02 00:00:00
C000152,direct,200+,FR,2026-01-09 00:00:00
C000153,referral,200+,FR,2026-04-16 00:00:00
C000154,direct,51-200,FR,2026-04-01 00:00:00
C000155,referral,200+,FR,2026-07-09 00:00:00
C000156,referral,51-200,FR,2026-06-15 00:00:00
C000157,sea,51-200,FR,2026-01-19 00:00:00
C000158,direct,51-200,FR,2026-06-30 00:00:00
C000159,seo,11-50,FR,2026-07-18 00:00:00
C000160,seo,11-50,CH,2026-02-13 00:00:00
C000161,sea,1-10,FR,2026-01-04 00:00:00
C000162,referral,1-10,CH,2026-07-11 00:00:00
C000163,sea,51-200,CA,2026-04-03 00:00:00
C000164,direct,1-10,BE,2026-04-04 00:00:00
C000165,direct,51-200,FR,2026-01-05 00:00:00
C000166,sea,51-200,FR,2026-02-22 00:00:00
C000167,sea,51-200,BE,2026-01-29 00:00:00
C000168,referral,1-10,FR,2026-04-29 00:00:00
C000169,referral,1-10,CA,2026-01-02 00:00:00
C000170,sea,51-200,FR,2026-03-02 00:00:00
C000171,referral,200+,FR,2026-06-26 00:00:00
C000172,direct,51-200,FR,2026-07-19 00:00:00
C000173,referral,1-10,FR,2026-01-14 00:00:00
C000174,sea,51-200,FR,2026-06-26 00:00:00
C000175,sea,200+,FR,2026-07-07 00:00:00
C000176,sea,200+,FR,2026-02-09 00:00:00
C000177,seo,11-50,FR,2026-03-18 00:00:00
C000178,seo,51-200,FR,2026-05-15 00:00:00
C000179,direct,1-10,CH,2026-02-24 00:00:00
C000180,sea,1-10,FR,2026-05-15 00:00:00
C000181,sea,11-50,FR,2026-02-28 00:00:00
C000182,referral,200+,CA,2026-05-09 00:00:00
C000183,referral,11-50,CH,2026-03-05 00:00:00
C000184,direct,11-50,CH,2026-05-12 00:00:00
C000185,referral,51-200,FR,2026-01-25 00:00:00
C000186,direct,1-10,FR,2026-03-13 00:00:00
C000187,referral,51-200,FR,2026-02-12 00:00:00
C000188,sea,1-10,CH,2026-02-25 00:00:00
C000189,sea,200+,FR,2026-01-05 00:00:00
C000190,direct,1-10,FR,2026-06-11 00:00:00
C000191,referral,200+,FR,2026-01-04 00:00:00
C000192,seo,51-200,BE,2026-05-25 00:00:00
C000193,direct,11-50,FR,2026-04-06 00:00:00
C000194,direct,11-50,CH,2026-01-11 00:00:00
C000195,seo,200+,FR,2026-06-18 00:00:00
C000196,seo,51-200,FR,2026-04-19 00:00:00
C000197,referral,51-200,FR,2026-01-10 00:00:00
C000198,sea,200+,FR,2026-06-16 00:00:00
C000199,sea,1-10,CA,2026-06-27 00:00:00
C000200,seo,200+,BE,2026-03-03 00:00:00
C000201,seo,1-10,FR,2026-02-18 00:00:00
C000202,direct,200+,BE,2026-06-02 00:00:00
C000203,direct,200+,CA,2026-03-10 00:00:00
C000204,direct,1-10,CH,2026-06-23 00:00:00
C000205,referral,11-50,FR,2026-05-14 00:00:00
C000206,seo,1-10,CA,2026-04-29 00:00:00
C000207,sea,11-50,FR,2026-04-24 00:00:00
C000208,referral,1-10,FR,2026-02-18 00:00:00
C000209,direct,200+,FR,2026-03-19 00:00:00
C000210,sea,1-10,BE,2026-06-15 00:00:00
C000211,referral,1-10,BE,2026-05-23 00:00:00
C000212,sea,51-200,CA,2026-06-28 00:00:00
C000213,referral,1-10,FR,2026-02-07 00:00:00
C000214,referral,11-50,FR,2026-01-26 00:00:00
C000215,referral,1-10,BE,2026-04-17 00:00:00
C000216,seo,11-50,FR,2026-07-01 00:00:00
C000217,direct,11-50,CA,2026-06-22 00:00:00
C000218,direct,1-10,CA,2026-02-25 00:00:00
C000219,direct,11-50,FR,2026-01-14 00:00:00
C000220,sea,11-50,FR,2026-06-12 00:00:00
C000221,sea,11-50,FR,2026-06-14 00:00:00
C000222,sea,51-200,FR,2026-01-02 00:00:00
C000223,sea,11-50,FR,2026-02-02 00:00:00
C000224,seo,11-50,FR,2026-05-13 00:00:00
C000225,referral,51-200,FR,2026-05-05 00:00:00
C000226,seo,11-50,FR,2026-02-13 00:00:00
C000227,direct,200+,FR,2026-03-12 00:00:00
C000228,seo,200+,FR,2026-05-09 00:00:00
C000229,referral,1-10,FR,2026-04-19 00:00:00
C000230,sea,11-50,FR,2026-06-03 00:00:00
C000231,seo,51-200,FR,2026-04-26 00:00:00
C000232,direct,1-10,FR,2026-06-19 00:00:00
C000233,sea,51-200,FR,2026-05-11 00:00:00
C000234,direct,11-50,FR,2026-05-19 00:00:00
C000235,seo,11-50,FR,2026-04-21 00:00:00
C000236,sea,11-50,FR,2026-07-19 00:00:00
C000237,sea,51-200,CA,2026-03-25 00:00:00
C000238,sea,1-10,FR,2026-05-14 00:00:00
C000239,seo,200+,FR,2026-03-27 00:00:00
C000240,referral,11-50,CH,2026-06-07 00:00:00
C000241,sea,11-50,FR,2026-05-24 00:00:00
C000242,direct,51-200,FR,2026-06-06 00:00:00
C000243,seo,200+,CA,2026-03-31 00:00:00
C000244,sea,1-10,FR,2026-05-05 00:00:00
C000245,seo,51-200,FR,2026-04-14 00:00:00
C000246,direct,11-50,BE,2026-02-09 00:00:00
C000247,referral,11-50,FR,2026-07-19 00:00:00
C000248,sea,200+,FR,2026-03-05 00:00:00
C000249,direct,51-200,FR,2026-05-02 00:00:00
C000250,referral,200+,FR,2026-03-13 00:00:00
C000251,direct,51-200,FR,2026-04-03 00:00:00
C000252,referral,1-10,FR,2026-06-09 00:00:00
C000253,referral,1-10,FR,2026-07-18 00:00:00
C000254,referral,200+,FR,2026-04-02 00:00:00
C000255,seo,11-50,BE,2026-03-17 00:00:00
C000256,referral,1-10,FR,2026-07-07 00:00:00
C000257,direct,1-10,CA,2026-03-08 00:00:00
C000258,referral,1-10,FR,2026-01-24 00:00:00
C000259,sea,51-200,FR,2026-07-06 00:00:00
C000260,seo,51-200,CA,2026-03-13 00:00:00
C000261,referral,51-200,FR,2026-07-08 00:00:00
C000262,seo,51-200,FR,2026-06-11 00:00:00
C000263,direct,1-10,FR,2026-04-15 00:00:00
C000264,seo,1-10,FR,2026-07-02 00:00:00
C000265,sea,1-10,FR,2026-03-12 00:00:00
C000266,seo,51-200,BE,2026-03-09 00:00:00
C000267,referral,200+,FR,2026-03-28 00:00:00
C000268,seo,1-10,BE,2026-06-28 00:00:00
C000269,sea,1-10,FR,2026-05-31 00:00:00
C000270,seo,200+,FR,2026-01-30 00:00:00
C000271,direct,200+,BE,2026-07-09 00:00:00
C000272,seo,200+,CH,2026-05-17 00:00:00
C000273,seo,200+,FR,2026-05-31 00:00:00
C000274,referral,1-10,FR,2026-05-13 00:00:00
C000275,seo,11-50,CH,2026-07-12 00:00:00
C000276,direct,200+,FR,2026-03-05 00:00:00
C000277,direct,51-200,FR,2026-06-21 00:00:00
C000278,sea,51-200,FR,2026-03-28 00:00:00
C000279,sea,11-50,FR,2026-07-02 00:00:00
C000280,sea,11-50,FR,2026-06-16 00:00:00
C000281,referral,1-10,BE,2026-05-27 00:00:00
C000282,sea,11-50,FR,2026-03-08 00:00:00
C000283,sea,11-50,BE,2026-01-21 00:00:00
C000284,referral,1-10,BE,2026-02-28 00:00:00
C000285,seo,200+,BE,2026-05-28 00:00:00
C000286,direct,51-200,BE,2026-05-10 00:00:00
C000287,sea,200+,BE,2026-04-15 00:00:00
C000288,direct,51-200,FR,2026-05-31 00:00:00
C000289,sea,1-10,FR,2026-05-20 00:00:00
C000290,sea,1-10,FR,2026-01-09 00:00:00
C000291,direct,200+,FR,2026-03-22 00:00:00
C000292,referral,11-50,FR,2026-06-24 00:00:00
C000293,seo,11-50,FR,2026-07-02 00:00:00
C000294,sea,1-10,FR,2026-05-11 00:00:00
C000295,seo,51-200,FR,2026-06-19 00:00:00
C000296,direct,51-200,FR,2026-03-09 00:00:00
C000297,sea,1-10,FR,2026-05-21 00:00:00
C000298,seo,51-200,FR,2026-05-22 00:00:00
C000299,referral,1-10,CH,2026-02-22 00:00:00
C000300,direct,11-50,CH,2026-05-18 00:00:00
C000301,seo,11-50,FR,2026-03-23 00:00:00
C000302,referral,51-200,FR,2026-05-08 00:00:00
C000303,sea,51-200,BE,2026-04-25 00:00:00
C000304,referral,200+,FR,2026-05-08 00:00:00
C000305,direct,11-50,FR,2026-04-21 00:00:00
C000306,referral,11-50,FR,2026-06-11 00:00:00
C000307,referral,200+,FR,2026-02-02 00:00:00
C000308,sea,51-200,FR,2026-01-31 00:00:00
C000309,referral,11-50,FR,2026-05-23 00:00:00
C000310,sea,11-50,BE,2026-01-04 00:00:00
C000311,referral,200+,BE,2026-03-18 00:00:00
C000312,seo,200+,FR,2026-02-05 00:00:00
C000313,seo,11-50,FR,2026-03-22 00:00:00
C000314,seo,200+,FR,2026-03-01 00:00:00
C000315,direct,51-200,FR,2026-07-12 00:00:00
C000316,referral,11-50,FR,2026-01-06 00:00:00
C000317,sea,1-10,CH,2026-04-14 00:00:00
C000318,sea,200+,FR,2026-06-04 00:00:00
C000319,seo,51-200,FR,2026-06-25 00:00:00
C000320,direct,11-50,BE,2026-05-14 00:00:00
C000321,direct,1-10,FR,2026-02-03 00:00:00
C000322,seo,1-10,FR,2026-05-23 00:00:00
C000323,referral,1-10,FR,2026-03-27 00:00:00
C000324,referral,200+,FR,2026-01-17 00:00:00
C000325,sea,11-50,FR,2026-05-14 00:00:00
C000326,sea,1-10,FR,2026-05-14 00:00:00
C000327,direct,51-200,CH,2026-06-23 00:00:00
C000328,referral,200+,FR,2026-03-21 00:00:00
C000329,sea,200+,FR,2026-06-30 00:00:00
C000330,referral,200+,BE,2026-06-07 00:00:00
C000331,referral,200+,FR,2026-05-25 00:00:00
C000332,referral,1-10,FR,2026-07-16 00:00:00
C000333,direct,200+,FR,2026-03-02 00:00:00
C000334,referral,11-50,FR,2026-04-22 00:00:00
C000335,referral,1-10,BE,2026-03-12 00:00:00
C000336,sea,51-200,FR,2026-02-22 00:00:00
C000337,referral,1-10,FR,2026-03-13 00:00:00
C000338,referral,51-200,FR,2026-04-15 00:00:00
C000339,direct,11-50,FR,2026-01-03 00:00:00
C000340,seo,1-10,FR,2026-01-31 00:00:00
C000341,sea,200+,FR,2026-03-05 00:00:00
C000342,referral,200+,FR,2026-02-03 00:00:00
C000343,sea,51-200,FR,2026-02-17 00:00:00
C000344,referral,11-50,FR,2026-06-26 00:00:00
C000345,direct,200+,BE,2026-03-10 00:00:00
C000346,seo,1-10,FR,2026-06-01 00:00:00
C000347,seo,11-50,FR,2026-03-02 00:00:00
C000348,direct,11-50,CA,2026-01-31 00:00:00
C000349,referral,51-200,CH,2026-01-15 00:00:00
C000350,referral,51-200,FR,2026-01-27 00:00:00
C000351,direct,200+,FR,2026-04-01 00:00:00
C000352,direct,51-200,FR,2026-01-14 00:00:00
C000353,seo,200+,FR,2026-03-27 00:00:00
C000354,sea,200+,FR,2026-05-14 00:00:00
C000355,direct,51-200,FR,2026-04-20 00:00:00
C000356,sea,11-50,FR,2026-04-14 00:00:00
C000357,sea,1-10,CH,2026-06-08 00:00:00
C000358,sea,11-50,CA,2026-07-01 00:00:00
C000359,seo,11-50,FR,2026-03-21 00:00:00
C000360,seo,200+,CA,2026-06-13 00:00:00
C000361,direct,51-200,CH,2026-03-28 00:00:00
C000362,seo,11-50,CA,2026-04-27 00:00:00
C000363,seo,11-50,CH,2026-05-07 00:00:00
C000364,seo,11-50,FR,2026-05-09 00:00:00
C000365,sea,11-50,FR,2026-04-24 00:00:00
C000366,direct,51-200,CH,2026-01-12 00:00:00
C000367,sea,1-10,CA,2026-03-10 00:00:00
C000368,seo,200+,FR,2026-04-06 00:00:00
C000369,sea,11-50,FR,2026-07-15 00:00:00
C000370,referral,51-200,FR,2026-04-06 00:00:00
C000371,sea,1-10,FR,2026-01-06 00:00:00
C000372,seo,11-50,FR,2026-05-29 00:00:00
C000373,seo,1-10,CA,2026-03-15 00:00:00
C000374,seo,200+,FR,2026-07-10 00:00:00
C000375,sea,200+,FR,2026-04-02 00:00:00
C000376,seo,51-200,BE,2026-03-24 00:00:00
C000377,referral,200+,FR,2026-03-25 00:00:00
C000378,referral,1-10,FR,2026-03-15 00:00:00
C000379,sea,200+,FR,2026-01-31 00:00:00
C000380,referral,1-10,FR,2026-03-29 00:00:00
C000381,seo,1-10,BE,2026-03-30 00:00:00
C000382,referral,11-50,FR,2026-05-03 00:00:00
C000383,seo,1-10,FR,2026-03-27 00:00:00
C000384,sea,11-50,FR,2026-03-20 00:00:00
C000385,seo,1-10,FR,2026-01-04 00:00:00
C000386,sea,11-50,FR,2026-03-31 00:00:00
C000387,sea,200+,FR,2026-06-09 00:00:00
C000388,sea,51-200,FR,2026-05-23 00:00:00
C000389,seo,11-50,FR,2026-02-06 00:00:00
C000390,direct,11-50,FR,2026-04-13 00:00:00
C000391,sea,51-200,FR,2026-02-10 00:00:00
C000392,seo,51-200,FR,2026-07-19 00:00:00
C000393,seo,1-10,FR,2026-05-20 00:00:00
C000394,referral,51-200,BE,2026-03-18 00:00:00
C000395,sea,1-10,BE,2026-02-14 00:00:00
C000396,sea,51-200,FR,2026-06-18 00:00:00
C000397,sea,200+,FR,2026-04-15 00:00:00
C000398,seo,1-10,BE,2026-06-10 00:00:00
C000399,seo,1-10,BE,2026-01-10 00:00:00
C000400,sea,11-50,FR,2026-01-05 00:00:00
C000401,direct,51-200,FR,2026-02-04 00:00:00
C000402,seo,11-50,FR,2026-01-07 00:00:00
C000403,referral,11-50,FR,2026-01-13 00:00:00
C000404,direct,1-10,FR,2026-04-09 00:00:00
C000405,sea,1-10,FR,2026-03-06 00:00:00
C000406,sea,200+,FR,2026-01-08 00:00:00
C000407,referral,1-10,FR,2026-07-03 00:00:00
C000408,seo,200+,CA,2026-06-30 00:00:00
C000409,referral,200+,BE,2026-01-18 00:00:00
C000410,seo,11-50,FR,2026-01-03 00:00:00
C000411,referral,51-200,BE,2026-05-29 00:00:00
C000412,seo,11-50,FR,2026-07-15 00:00:00
C000413,seo,1-10,CA,2026-03-13 00:00:00
C000414,seo,1-10,CA,2026-01-04 00:00:00
C000415,referral,11-50,FR,2026-04-15 00:00:00
C000416,sea,51-200,FR,2026-06-05 00:00:00
C000417,sea,11-50,FR,2026-01-04 00:00:00
C000418,referral,200+,CA,2026-01-22 00:00:00
C000419,seo,51-200,FR,2026-01-15 00:00:00
C000420,direct,200+,FR,2026-01-01 00:00:00
C000421,sea,51-200,CA,2026-06-07 00:00:00
C000422,direct,51-200,FR,2026-02-16 00:00:00
C000423,direct,51-200,FR,2026-07-01 00:00:00
C000424,seo,1-10,CH,2026-07-15 00:00:00
C000425,sea,51-200,FR,2026-05-19 00:00:00
C000426,referral,51-200,FR,2026-05-28 00:00:00
C000427,direct,51-200,FR,2026-06-13 00:00:00
C000428,direct,11-50,FR,2026-05-05 00:00:00
C000429,sea,11-50,CH,2026-04-19 00:00:00
C000430,seo,11-50,FR,2026-02-28 00:00:00
C000431,direct,1-10,BE,2026-05-29 00:00:00
C000432,direct,200+,CH,2026-01-02 00:00:00
C000433,referral,1-10,FR,2026-05-02 00:00:00
C000434,sea,51-200,BE,2026-06-14 00:00:00
C000435,seo,11-50,FR,2026-03-30 00:00:00
C000436,direct,1-10,FR,2026-05-01 00:00:00
C000437,seo,11-50,FR,2026-04-07 00:00:00
C000438,sea,1-10,BE,2026-03-31 00:00:00
C000439,direct,200+,FR,2026-01-26 00:00:00
C000440,referral,51-200,FR,2026-02-12 00:00:00
C000441,sea,51-200,FR,2026-03-12 00:00:00
C000442,referral,1-10,FR,2026-02-27 00:00:00
C000443,referral,1-10,FR,2026-02-15 00:00:00
C000444,seo,51-200,FR,2026-02-13 00:00:00
C000445,sea,1-10,CH,2026-01-28 00:00:00
C000446,direct,11-50,FR,2026-05-25 00:00:00
C000447,referral,51-200,BE,2026-06-02 00:00:00
C000448,direct,51-200,FR,2026-03-09 00:00:00
C000449,referral,11-50,FR,2026-04-16 00:00:00
C000450,sea,11-50,FR,2026-04-21 00:00:00
C000451,sea,1-10,FR,2026-01-19 00:00:00
C000452,sea,1-10,FR,2026-01-27 00:00:00
C000453,seo,200+,FR,2026-04-13 00:00:00
C000454,direct,11-50,FR,2026-04-02 00:00:00
C000455,seo,51-200,FR,2026-03-23 00:00:00
C000456,sea,11-50,FR,2026-06-19 00:00:00
C000457,seo,11-50,FR,2026-02-05 00:00:00
C000458,direct,1-10,FR,2026-06-27 00:00:00
C000459,referral,1-10,FR,2026-02-11 00:00:00
C000460,sea,200+,BE,2026-05-18 00:00:00
C000461,direct,200+,FR,2026-01-14 00:00:00
C000462,sea,51-200,FR,2026-07-13 00:00:00
C000463,sea,1-10,FR,2026-01-22 00:00:00
C000464,sea,200+,CH,2026-01-28 00:00:00
C000465,direct,51-200,BE,2026-04-28 00:00:00
C000466,seo,200+,FR,2026-06-30 00:00:00
C000467,referral,200+,CA,2026-04-16 00:00:00
C000468,sea,51-200,BE,2026-05-18 00:00:00
C000469,direct,51-200,BE,2026-07-07 00:00:00
C000470,seo,1-10,FR,2026-05-07 00:00:00
C000471,sea,51-200,FR,2026-07-04 00:00:00
C000472,seo,51-200,FR,2026-03-20 00:00:00
C000473,sea,11-50,FR,2026-01-17 00:00:00
C000474,referral,51-200,FR,2026-05-20 00:00:00
C000475,direct,1-10,BE,2026-06-12 00:00:00
C000476,sea,1-10,FR,2026-03-28 00:00:00
C000477,seo,200+,FR,2026-02-16 00:00:00
C000478,seo,51-200,FR,2026-05-08 00:00:00
C000479,direct,51-200,FR,2026-04-18 00:00:00
C000480,seo,200+,CA,2026-02-04 00:00:00
C000481,direct,200+,BE,2026-03-14 00:00:00
C000482,direct,11-50,FR,2026-04-12 00:00:00
C000483,sea,1-10,CA,2026-06-20 00:00:00
C000484,seo,200+,CH,2026-01-26 00:00:00
C000485,referral,1-10,FR,2026-02-25 00:00:00
C000486,sea,1-10,CA,2026-02-25 00:00:00
C000487,seo,1-10,FR,2026-04-13 00:00:00
C000488,direct,1-10,BE,2026-07-14 00:00:00
C000489,direct,51-200,CA,2026-02-25 00:00:00
C000490,seo,11-50,CH,2026-02-21 00:00:00
C000491,referral,51-200,FR,2026-03-04 00:00:00
C000492,sea,200+,FR,2026-06-18 00:00:00
C000493,seo,200+,FR,2026-05-28 00:00:00
C000494,direct,1-10,CA,2026-04-16 00:00:00
C000495,direct,11-50,FR,2026-02-07 00:00:00
C000496,seo,51-200,FR,2026-04-17 00:00:00
C000497,seo,1-10,FR,2026-03-25 00:00:00
C000498,seo,200+,FR,2026-03-11 00:00:00
C000499,direct,51-200,CA,2026-03-23 00:00:00
C000500,direct,1-10,FR,2026-03-23 00:00:00
C000501,direct,51-200,CA,2026-03-18 00:00:00
C000502,referral,11-50,FR,2026-06-13 00:00:00
C000503,seo,11-50,FR,2026-05-12 00:00:00
C000504,sea,200+,FR,2026-06-30 00:00:00
C000505,referral,11-50,FR,2026-04-08 00:00:00
C000506,sea,200+,FR,2026-06-03 00:00:00
C000507,seo,1-10,FR,2026-01-02 00:00:00
C000508,seo,200+,FR,2026-03-31 00:00:00
C000509,referral,200+,CH,2026-02-22 00:00:00
C000510,direct,51-200,FR,2026-03-22 00:00:00
C000511,seo,51-200,FR,2026-03-17 00:00:00
C000512,direct,51-200,BE,2026-04-15 00:00:00
C000513,sea,1-10,FR,2026-06-24 00:00:00
C000514,seo,51-200,CA,2026-02-07 00:00:00
C000515,direct,11-50,CA,2026-04-20 00:00:00
C000516,referral,11-50,FR,2026-05-05 00:00:00
C000517,referral,200+,FR,2026-07-09 00:00:00
C000518,seo,200+,CH,2026-06-09 00:00:00
C000519,direct,51-200,CA,2026-01-03 00:00:00
C000520,sea,200+,FR,2026-03-24 00:00:00
C000521,sea,200+,CA,2026-02-19 00:00:00
C000522,referral,51-200,FR,2026-05-04 00:00:00
C000523,direct,51-200,FR,2026-02-04 00:00:00
C000524,referral,51-200,FR,2026-01-19 00:00:00
C000525,seo,200+,FR,2026-04-30 00:00:00
C000526,seo,200+,FR,2026-06-14 00:00:00
C000527,referral,11-50,BE,2026-06-02 00:00:00
C000528,sea,11-50,FR,2026-07-16 00:00:00
C000529,seo,200+,CA,2026-04-10 00:00:00
C000530,sea,1-10,BE,2026-06-08 00:00:00
C000531,direct,51-200,FR,2026-01-12 00:00:00
C000532,sea,51-200,FR,2026-05-30 00:00:00
C000533,sea,200+,FR,2026-05-31 00:00:00
C000534,referral,1-10,BE,2026-07-07 00:00:00
C000535,direct,200+,FR,2026-01-05 00:00:00
C000536,direct,51-200,FR,2026-01-04 00:00:00
C000537,seo,51-200,CA,2026-03-06 00:00:00
C000538,sea,200+,FR,2026-02-28 00:00:00
C000539,referral,11-50,FR,2026-02-24 00:00:00
C000540,sea,200+,CA,2026-01-25 00:00:00
C000541,seo,200+,FR,2026-03-23 00:00:00
C000542,seo,11-50,FR,2026-01-04 00:00:00
C000543,referral,51-200,FR,2026-02-04 00:00:00
C000544,sea,11-50,CA,2026-03-16 00:00:00
C000545,sea,51-200,FR,2026-02-05 00:00:00
C000546,direct,51-200,FR,2026-05-15 00:00:00
C000547,direct,200+,FR,2026-07-03 00:00:00
C000548,referral,11-50,FR,2026-01-02 00:00:00
C000549,direct,51-200,FR,2026-06-25 00:00:00
C000550,referral,51-200,FR,2026-06-16 00:00:00
C000551,direct,200+,FR,2026-05-31 00:00:00
C000552,referral,1-10,FR,2026-04-25 00:00:00
C000553,sea,200+,FR,2026-06-24 00:00:00
C000554,referral,200+,FR,2026-07-16 00:00:00
C000555,referral,11-50,CA,2026-05-29 00:00:00
C000556,direct,11-50,FR,2026-03-30 00:00:00
C000557,direct,11-50,FR,2026-03-29 00:00:00
C000558,sea,11-50,FR,2026-01-13 00:00:00
C000559,seo,1-10,CA,2026-04-23 00:00:00
C000560,sea,11-50,FR,2026-01-24 00:00:00
C000561,referral,51-200,FR,2026-04-30 00:00:00
C000562,direct,11-50,FR,2026-04-08 00:00:00
C000563,direct,1-10,FR,2026-02-21 00:00:00
C000564,sea,51-200,CA,2026-02-09 00:00:00
C000565,seo,200+,FR,2026-04-04 00:00:00
C000566,direct,200+,FR,2026-02-12 00:00:00
C000567,seo,11-50,FR,2026-04-15 00:00:00
C000568,seo,51-200,FR,2026-03-23 00:00:00
C000569,seo,11-50,FR,2026-06-21 00:00:00
C000570,direct,200+,CA,2026-04-11 00:00:00
C000571,referral,51-200,FR,2026-03-26 00:00:00
C000572,sea,1-10,FR,2026-01-04 00:00:00
C000573,sea,1-10,FR,2026-06-06 00:00:00
C000574,sea,200+,FR,2026-01-25 00:00:00
C000575,referral,11-50,FR,2026-07-03 00:00:00
C000576,direct,1-10,FR,2026-02-10 00:00:00
C000577,direct,11-50,FR,2026-07-16 00:00:00
C000578,seo,51-200,CH,2026-02-17 00:00:00
C000579,referral,11-50,FR,2026-01-13 00:00:00
C000580,referral,11-50,FR,2026-07-13 00:00:00
C000581,sea,11-50,FR,2026-02-13 00:00:00
C000582,seo,51-200,FR,2026-05-12 00:00:00
C000583,seo,11-50,FR,2026-01-12 00:00:00
C000584,sea,11-50,BE,2026-07-14 00:00:00
C000585,seo,1-10,FR,2026-02-19 00:00:00
C000586,direct,200+,CA,2026-01-07 00:00:00
C000587,direct,11-50,FR,2026-03-10 00:00:00
C000588,sea,11-50,CH,2026-02-27 00:00:00
C000589,sea,51-200,FR,2026-06-18 00:00:00
C000590,direct,11-50,FR,2026-04-28 00:00:00
C000591,seo,1-10,FR,2026-01-31 00:00:00
C000592,seo,200+,CH,2026-06-08 00:00:00
C000593,seo,200+,FR,2026-03-21 00:00:00
C000594,direct,1-10,FR,2026-01-18 00:00:00
C000595,sea,51-200,CA,2026-01-26 00:00:00
C000596,direct,200+,FR,2026-05-25 00:00:00
C000597,seo,11-50,CA,2026-01-21 00:00:00
C000598,referral,51-200,CH,2026-05-26 00:00:00
C000599,sea,51-200,FR,2026-01-17 00:00:00
C000600,seo,11-50,FR,2026-02-22 00:00:00
C000601,referral,11-50,FR,2026-01-22 00:00:00
C000602,referral,51-200,BE,2026-06-23 00:00:00
C000603,direct,51-200,CA,2026-05-06 00:00:00
C000604,seo,1-10,FR,2026-03-15 00:00:00
C000605,direct,200+,FR,2026-02-08 00:00:00
C000606,sea,11-50,CH,2026-01-17 00:00:00
C000607,seo,11-50,CA,2026-05-10 00:00:00
C000608,seo,11-50,FR,2026-05-22 00:00:00
C000609,seo,200+,FR,2026-03-09 00:00:00
C000610,seo,200+,FR,2026-01-19 00:00:00
C000611,referral,1-10,CA,2026-04-04 00:00:00
C000612,seo,11-50,FR,2026-03-25 00:00:00
C000613,referral,51-200,BE,2026-02-19 00:00:00
C000614,seo,1-10,CA,2026-04-11 00:00:00
C000615,direct,51-200,FR,2026-02-27 00:00:00
C000616,direct,1-10,FR,2026-07-01 00:00:00
C000617,direct,11-50,FR,2026-04-29 00:00:00
C000618,seo,51-200,FR,2026-04-16 00:00:00
C000619,sea,1-10,FR,2026-04-11 00:00:00
C000620,direct,1-10,CH,2026-06-16 00:00:00
C000621,direct,200+,CA,2026-06-05 00:00:00
C000622,seo,11-50,FR,2026-07-10 00:00:00
C000623,referral,1-10,FR,2026-02-11 00:00:00
C000624,seo,11-50,FR,2026-02-23 00:00:00
C000625,referral,51-200,FR,2026-04-04 00:00:00
C000626,seo,1-10,FR,2026-04-29 00:00:00
C000627,referral,200+,FR,2026-01-26 00:00:00
C000628,direct,11-50,FR,2026-02-24 00:00:00
C000629,sea,51-200,FR,2026-03-15 00:00:00
C000630,direct,200+,FR,2026-07-13 00:00:00
C000631,sea,11-50,BE,2026-05-25 00:00:00
C000632,seo,51-200,FR,2026-05-04 00:00:00
C000633,referral,1-10,FR,2026-04-12 00:00:00
C000634,direct,11-50,FR,2026-05-26 00:00:00
C000635,referral,200+,CH,2026-01-31 00:00:00
C000636,seo,200+,FR,2026-03-27 00:00:00
C000637,sea,1-10,FR,2026-06-21 00:00:00
C000638,sea,1-10,FR,2026-06-04 00:00:00
C000639,referral,1-10,FR,2026-04-29 00:00:00
C000640,referral,51-200,FR,2026-05-07 00:00:00
C000641,referral,1-10,FR,2026-04-06 00:00:00
C000642,seo,1-10,BE,2026-01-22 00:00:00
C000643,referral,200+,FR,2026-03-25 00:00:00
C000644,direct,200+,FR,2026-05-03 00:00:00
C000645,seo,11-50,FR,2026-07-06 00:00:00
C000646,sea,51-200,FR,2026-06-19 00:00:00
C000647,sea,51-200,FR,2026-06-24 00:00:00
C000648,referral,51-200,FR,2026-01-04 00:00:00
C000649,direct,1-10,BE,2026-04-16 00:00:00
C000650,referral,1-10,FR,2026-03-09 00:00:00
C000651,direct,200+,FR,2026-03-19 00:00:00
C000652,sea,200+,FR,2026-02-19 00:00:00
C000653,referral,200+,FR,2026-03-04 00:00:00
C000654,referral,1-10,CA,2026-05-06 00:00:00
C000655,direct,200+,BE,2026-06-08 00:00:00
C000656,direct,11-50,FR,2026-03-29 00:00:00
C000657,sea,11-50,FR,2026-01-02 00:00:00
C000658,referral,11-50,FR,2026-05-25 00:00:00
C000659,referral,11-50,BE,2026-01-09 00:00:00
C000660,seo,11-50,BE,2026-03-19 00:00:00
C000661,referral,51-200,BE,2026-05-01 00:00:00
C000662,direct,51-200,FR,2026-04-05 00:00:00
C000663,referral,200+,FR,2026-02-12 00:00:00
C000664,referral,51-200,FR,2026-06-02 00:00:00
C000665,direct,1-10,FR,2026-02-12 00:00:00
C000666,sea,1-10,BE,2026-07-10 00:00:00
C000667,seo,1-10,FR,2026-04-13 00:00:00
C000668,referral,200+,BE,2026-02-25 00:00:00
C000669,referral,1-10,FR,2026-06-08 00:00:00
C000670,sea,51-200,BE,2026-03-26 00:00:00
C000671,sea,11-50,FR,2026-04-17 00:00:00
C000672,sea,11-50,FR,2026-02-25 00:00:00
C000673,seo,1-10,FR,2026-04-22 00:00:00
C000674,referral,11-50,FR,2026-07-05 00:00:00
C000675,sea,11-50,FR,2026-02-17 00:00:00
C000676,seo,1-10,CH,2026-05-04 00:00:00
C000677,sea,11-50,FR,2026-02-25 00:00:00
C000678,referral,200+,FR,2026-02-23 00:00:00
C000679,seo,200+,CH,2026-05-22 00:00:00
C000680,seo,200+,FR,2026-05-23 00:00:00
C000681,sea,200+,FR,2026-04-29 00:00:00
C000682,sea,200+,FR,2026-07-10 00:00:00
C000683,direct,51-200,FR,2026-01-24 00:00:00
C000684,direct,51-200,FR,2026-03-22 00:00:00
C000685,sea,51-200,FR,2026-02-13 00:00:00
C000686,referral,11-50,CH,2026-07-15 00:00:00
C000687,sea,51-200,FR,2026-07-15 00:00:00
C000688,seo,51-200,FR,2026-03-02 00:00:00
C000689,seo,1-10,FR,2026-05-04 00:00:00
C000690,referral,1-10,FR,2026-05-25 00:00:00
C000691,referral,51-200,FR,2026-01-01 00:00:00
C000692,direct,1-10,FR,2026-02-25 00:00:00
C000693,sea,200+,FR,2026-02-03 00:00:00
C000694,direct,51-200,CA,2026-07-16 00:00:00
C000695,direct,1-10,FR,2026-05-03 00:00:00
C000696,direct,11-50,FR,2026-01-30 00:00:00
C000697,direct,11-50,FR,2026-04-14 00:00:00
C000698,sea,11-50,FR,2026-01-18 00:00:00
C000699,referral,200+,FR,2026-04-04 00:00:00
C000700,referral,1-10,FR,2026-03-25 00:00:00
C000701,sea,200+,FR,2026-01-20 00:00:00
C000702,referral,51-200,FR,2026-07-11 00:00:00
C000703,sea,51-200,FR,2026-04-25 00:00:00
C000704,seo,11-50,FR,2026-06-17 00:00:00
C000705,sea,51-200,FR,2026-03-30 00:00:00
C000706,referral,11-50,FR,2026-04-26 00:00:00
C000707,direct,51-200,FR,2026-01-14 00:00:00
C000708,referral,1-10,FR,2026-06-22 00:00:00
C000709,seo,1-10,BE,2026-07-14 00:00:00
C000710,referral,200+,BE,2026-04-18 00:00:00
C000711,sea,1-10,FR,2026-01-19 00:00:00
C000712,referral,51-200,BE,2026-03-21 00:00:00
C000713,referral,11-50,CA,2026-05-08 00:00:00
C000714,seo,1-10,FR,2026-05-27 00:00:00
C000715,direct,1-10,FR,2026-06-06 00:00:00
C000716,seo,51-200,FR,2026-01-13 00:00:00
C000717,referral,200+,FR,2026-03-11 00:00:00
C000718,direct,1-10,FR,2026-05-15 00:00:00
C000719,seo,200+,BE,2026-02-21 00:00:00
C000720,sea,51-200,FR,2026-02-07 00:00:00
C000721,direct,1-10,FR,2026-01-10 00:00:00
C000722,sea,51-200,FR,2026-03-12 00:00:00
C000723,referral,200+,CA,2026-06-19 00:00:00
C000724,seo,200+,BE,2026-03-18 00:00:00
C000725,seo,1-10,CH,2026-06-30 00:00:00
C000726,sea,11-50,FR,2026-06-03 00:00:00
C000727,referral,11-50,FR,2026-01-08 00:00:00
C000728,referral,11-50,FR,2026-04-13 00:00:00
C000729,sea,200+,FR,2026-03-06 00:00:00
C000730,seo,51-200,CH,2026-04-30 00:00:00
C000731,referral,200+,CH,2026-04-12 00:00:00
C000732,sea,1-10,FR,2026-04-03 00:00:00
C000733,sea,1-10,CA,2026-01-14 00:00:00
C000734,sea,11-50,FR,2026-01-15 00:00:00
C000735,seo,11-50,CA,2026-06-11 00:00:00
C000736,seo,11-50,FR,2026-05-29 00:00:00
C000737,sea,1-10,FR,2026-03-06 00:00:00
C000738,direct,51-200,FR,2026-04-27 00:00:00
C000739,direct,1-10,FR,2026-06-10 00:00:00
C000740,direct,11-50,CA,2026-07-08 00:00:00
C000741,sea,200+,FR,2026-03-24 00:00:00
C000742,direct,1-10,FR,2026-04-09 00:00:00
C000743,sea,51-200,BE,2026-02-12 00:00:00
C000744,sea,11-50,FR,2026-05-20 00:00:00
C000745,seo,11-50,FR,2026-05-04 00:00:00
C000746,seo,51-200,FR,2026-01-04 00:00:00
C000747,direct,51-200,FR,2026-02-10 00:00:00
C000748,sea,200+,FR,2026-03-15 00:00:00
C000749,referral,200+,FR,2026-07-14 00:00:00
C000750,referral,11-50,FR,2026-04-26 00:00:00
C000751,sea,11-50,FR,2026-01-03 00:00:00
C000752,sea,1-10,CH,2026-03-10 00:00:00
C000753,seo,11-50,FR,2026-03-01 00:00:00
C000754,referral,51-200,FR,2026-03-21 00:00:00
C000755,direct,51-200,CA,2026-01-11 00:00:00
C000756,referral,1-10,FR,2026-04-15 00:00:00
C000757,sea,51-200,BE,2026-07-13 00:00:00
C000758,direct,51-200,FR,2026-02-15 00:00:00
C000759,direct,1-10,FR,2026-03-08 00:00:00
C000760,sea,51-200,FR,2026-05-16 00:00:00
C000761,seo,200+,FR,2026-07-07 00:00:00
C000762,seo,11-50,CH,2026-06-30 00:00:00
C000763,referral,1-10,FR,2026-07-09 00:00:00
C000764,direct,1-10,FR,2026-05-14 00:00:00
C000765,sea,11-50,FR,2026-05-16 00:00:00
C000766,direct,11-50,FR,2026-03-08 00:00:00
C000767,seo,51-200,FR,2026-06-29 00:00:00
C000768,seo,200+,BE,2026-02-11 00:00:00
C000769,sea,51-200,FR,2026-02-14 00:00:00
C000770,seo,200+,CH,2026-02-25 00:00:00
C000771,sea,11-50,FR,2026-05-23 00:00:00
C000772,referral,200+,FR,2026-06-15 00:00:00
C000773,direct,51-200,FR,2026-06-25 00:00:00
C000774,direct,1-10,FR,2026-05-31 00:00:00
C000775,sea,200+,FR,2026-04-26 00:00:00
C000776,direct,11-50,FR,2026-06-21 00:00:00
C000777,seo,51-200,FR,2026-07-07 00:00:00
C000778,seo,1-10,FR,2026-05-14 00:00:00
C000779,direct,11-50,CH,2026-07-15 00:00:00
C000780,seo,51-200,BE,2026-04-25 00:00:00
C000781,direct,1-10,FR,2026-03-17 00:00:00
C000782,sea,51-200,FR,2026-06-28 00:00:00
C000783,referral,11-50,FR,2026-07-02 00:00:00
C000784,referral,51-200,CH,2026-03-12 00:00:00
C000785,referral,51-200,FR,2026-04-04 00:00:00
C000786,direct,11-50,FR,2026-04-13 00:00:00
C000787,referral,51-200,FR,2026-04-19 00:00:00
C000788,referral,1-10,FR,2026-02-10 00:00:00
C000789,direct,51-200,FR,2026-06-04 00:00:00
C000790,referral,1-10,FR,2026-02-18 00:00:00
C000791,seo,1-10,BE,2026-05-07 00:00:00
C000792,seo,51-200,CH,2026-01-04 00:00:00
C000793,seo,1-10,BE,2026-04-12 00:00:00
C000794,referral,1-10,FR,2026-05-30 00:00:00
C000795,seo,51-200,FR,2026-03-07 00:00:00
C000796,referral,51-200,CH,2026-03-10 00:00:00
C000797,seo,200+,CA,2026-05-16 00:00:00
C000798,direct,51-200,CH,2026-07-01 00:00:00
C000799,direct,51-200,FR,2026-05-27 00:00:00
C000800,seo,51-200,CA,2026-07-16 00:00:00
C000801,referral,11-50,FR,2026-02-17 00:00:00
C000802,seo,200+,BE,2026-02-26 00:00:00
C000803,referral,11-50,FR,2026-04-22 00:00:00
C000804,sea,1-10,BE,2026-04-05 00:00:00
C000805,referral,51-200,FR,2026-06-27 00:00:00
C000806,sea,51-200,CA,2026-03-22 00:00:00
C000807,referral,200+,FR,2026-05-22 00:00:00
C000808,sea,51-200,CA,2026-05-13 00:00:00
C000809,sea,11-50,FR,2026-03-04 00:00:00
C000810,seo,1-10,FR,2026-01-27 00:00:00
C000811,seo,200+,CA,2026-05-21 00:00:00
C000812,referral,200+,FR,2026-02-07 00:00:00
C000813,direct,51-200,CA,2026-07-12 00:00:00
C000814,direct,200+,FR,2026-03-20 00:00:00
C000815,referral,200+,FR,2026-06-01 00:00:00
C000816,seo,11-50,CH,2026-07-03 00:00:00
C000817,direct,200+,FR,2026-03-12 00:00:00
C000818,direct,1-10,FR,2026-06-26 00:00:00
C000819,sea,1-10,FR,2026-03-01 00:00:00
C000820,seo,11-50,CH,2026-07-10 00:00:00
C000821,seo,1-10,BE,2026-04-23 00:00:00
C000822,sea,51-200,FR,2026-03-18 00:00:00
C000823,sea,1-10,CH,2026-01-07 00:00:00
C000824,sea,11-50,FR,2026-05-07 00:00:00
C000825,sea,11-50,FR,2026-02-20 00:00:00
C000826,sea,1-10,FR,2026-04-30 00:00:00
C000827,sea,11-50,CA,2026-01-18 00:00:00
C000828,seo,51-200,CH,2026-03-06 00:00:00
C000829,referral,200+,FR,2026-03-10 00:00:00
C000830,referral,11-50,FR,2026-05-14 00:00:00
C000831,referral,1-10,FR,2026-04-24 00:00:00
C000832,direct,11-50,BE,2026-02-12 00:00:00
C000833,seo,1-10,CH,2026-02-04 00:00:00
C000834,seo,1-10,FR,2026-01-29 00:00:00
C000835,seo,51-200,FR,2026-01-10 00:00:00
C000836,seo,1-10,FR,2026-05-26 00:00:00
C000837,sea,51-200,FR,2026-02-14 00:00:00
C000838,referral,1-10,FR,2026-02-14 00:00:00
C000839,seo,1-10,BE,2026-07-16 00:00:00
C000840,seo,1-10,FR,2026-02-22 00:00:00
C000841,seo,11-50,FR,2026-07-09 00:00:00
C000842,direct,51-200,FR,2026-01-17 00:00:00
C000843,sea,51-200,FR,2026-05-25 00:00:00
C000844,direct,51-200,FR,2026-07-18 00:00:00
C000845,referral,1-10,BE,2026-07-07 00:00:00
C000846,direct,11-50,FR,2026-05-30 00:00:00
C000847,seo,11-50,FR,2026-05-08 00:00:00
C000848,sea,11-50,FR,2026-05-11 00:00:00
C000849,direct,1-10,FR,2026-01-25 00:00:00
C000850,direct,200+,FR,2026-01-16 00:00:00
C000851,seo,51-200,FR,2026-03-25 00:00:00
C000852,sea,51-200,FR,2026-01-30 00:00:00
C000853,direct,11-50,FR,2026-04-17 00:00:00
C000854,sea,200+,FR,2026-03-25 00:00:00
C000855,direct,1-10,CH,2026-07-06 00:00:00
C000856,seo,200+,CA,2026-02-22 00:00:00
C000857,referral,51-200,FR,2026-02-06 00:00:00
C000858,seo,51-200,CH,2026-02-19 00:00:00
C000859,referral,11-50,BE,2026-06-20 00:00:00
C000860,referral,11-50,FR,2026-02-17 00:00:00
C000861,seo,51-200,FR,2026-06-21 00:00:00
C000862,seo,11-50,FR,2026-04-22 00:00:00
C000863,seo,11-50,CA,2026-01-13 00:00:00
C000864,direct,200+,FR,2026-03-16 00:00:00
C000865,direct,11-50,CH,2026-05-03 00:00:00
C000866,referral,51-200,FR,2026-03-26 00:00:00
C000867,direct,11-50,FR,2026-05-23 00:00:00
C000868,referral,51-200,BE,2026-07-11 00:00:00
C000869,referral,11-50,FR,2026-05-25 00:00:00
C000870,direct,11-50,FR,2026-05-18 00:00:00
C000871,sea,200+,FR,2026-07-06 00:00:00
C000872,sea,51-200,CA,2026-04-17 00:00:00
C000873,referral,51-200,FR,2026-05-28 00:00:00
C000874,seo,51-200,FR,2026-05-16 00:00:00
C000875,sea,1-10,FR,2026-02-09 00:00:00
C000876,seo,200+,FR,2026-07-17 00:00:00
C000877,seo,200+,CA,2026-06-07 00:00:00
C000878,sea,11-50,FR,2026-02-03 00:00:00
C000879,referral,200+,FR,2026-05-20 00:00:00
C000880,seo,200+,CH,2026-03-28 00:00:00
C000881,referral,11-50,FR,2026-05-28 00:00:00
C000882,sea,51-200,FR,2026-03-07 00:00:00
C000883,seo,1-10,BE,2026-01-29 00:00:00
C000884,referral,51-200,BE,2026-03-19 00:00:00
C000885,sea,1-10,FR,2026-03-04 00:00:00
C000886,sea,51-200,CA,2026-04-01 00:00:00
C000887,direct,1-10,FR,2026-03-22 00:00:00
C000888,sea,200+,FR,2026-05-10 00:00:00
C000889,direct,11-50,FR,2026-01-21 00:00:00
C000890,seo,1-10,CA,2026-02-11 00:00:00
C000891,referral,11-50,CH,2026-02-03 00:00:00
C000892,referral,11-50,FR,2026-03-14 00:00:00
C000893,seo,200+,CH,2026-05-09 00:00:00
C000894,direct,51-200,FR,2026-06-19 00:00:00
C000895,direct,200+,FR,2026-01-31 00:00:00
C000896,seo,200+,FR,2026-06-26 00:00:00
C000897,sea,1-10,CH,2026-05-04 00:00:00
C000898,direct,11-50,CA,2026-04-12 00:00:00
C000899,seo,1-10,CA,2026-01-27 00:00:00
C000900,direct,1-10,FR,2026-03-10 00:00:00
C000901,sea,1-10,FR,2026-01-04 00:00:00
C000902,referral,1-10,FR,2026-01-06 00:00:00
C000903,sea,51-200,FR,2026-05-23 00:00:00
C000904,referral,1-10,BE,2026-07-03 00:00:00
C000905,sea,200+,FR,2026-05-07 00:00:00
C000906,referral,11-50,FR,2026-01-17 00:00:00
C000907,referral,11-50,FR,2026-03-30 00:00:00
C000908,seo,11-50,FR,2026-01-25 00:00:00
C000909,referral,200+,FR,2026-02-09 00:00:00
C000910,referral,200+,FR,2026-01-18 00:00:00
C000911,sea,51-200,FR,2026-03-18 00:00:00
C000912,direct,11-50,CA,2026-04-14 00:00:00
C000913,seo,200+,CA,2026-05-08 00:00:00
C000914,referral,51-200,FR,2026-03-17 00:00:00
C000915,seo,1-10,FR,2026-07-11 00:00:00
C000916,sea,11-50,FR,2026-02-10 00:00:00
C000917,direct,200+,FR,2026-01-26 00:00:00
C000918,sea,11-50,FR,2026-05-13 00:00:00
C000919,sea,1-10,FR,2026-05-04 00:00:00
C000920,direct,51-200,FR,2026-07-09 00:00:00
C000921,sea,51-200,BE,2026-04-22 00:00:00
C000922,seo,1-10,FR,2026-05-14 00:00:00
C000923,seo,1-10,BE,2026-04-18 00:00:00
C000924,seo,51-200,FR,2026-01-22 00:00:00
C000925,referral,11-50,BE,2026-01-03 00:00:00
C000926,direct,200+,FR,2026-01-28 00:00:00
C000927,direct,51-200,FR,2026-06-05 00:00:00
C000928,referral,1-10,FR,2026-04-12 00:00:00
C000929,sea,11-50,FR,2026-05-28 00:00:00
C000930,direct,51-200,FR,2026-06-04 00:00:00
C000931,sea,11-50,BE,2026-03-08 00:00:00
C000932,referral,51-200,FR,2026-02-23 00:00:00
C000933,direct,1-10,FR,2026-02-08 00:00:00
C000934,seo,1-10,FR,2026-06-28 00:00:00
C000935,referral,51-200,FR,2026-04-14 00:00:00
C000936,referral,11-50,FR,2026-05-24 00:00:00
C000937,seo,1-10,FR,2026-04-01 00:00:00
C000938,referral,1-10,CA,2026-03-18 00:00:00
C000939,referral,51-200,CH,2026-01-12 00:00:00
C000940,seo,200+,FR,2026-06-13 00:00:00
C000941,direct,1-10,FR,2026-05-26 00:00:00
C000942,sea,11-50,FR,2026-06-26 00:00:00
C000943,referral,51-200,FR,2026-06-08 00:00:00
C000944,direct,1-10,FR,2026-02-17 00:00:00
C000945,direct,51-200,FR,2026-03-19 00:00:00
C000946,seo,51-200,BE,2026-07-13 00:00:00
C000947,referral,200+,CA,2026-05-02 00:00:00
C000948,seo,1-10,BE,2026-06-23 00:00:00
C000949,direct,51-200,FR,2026-05-21 00:00:00
C000950,seo,1-10,FR,2026-01-01 00:00:00
C000951,seo,11-50,FR,2026-05-19 00:00:00
C000952,referral,11-50,FR,2026-04-15 00:00:00
C000953,sea,1-10,FR,2026-01-17 00:00:00
C000954,direct,11-50,FR,2026-03-03 00:00:00
C000955,sea,51-200,FR,2026-07-01 00:00:00
C000956,seo,11-50,FR,2026-02-27 00:00:00
C000957,sea,51-200,CH,2026-04-20 00:00:00
C000958,direct,1-10,FR,2026-04-05 00:00:00
C000959,referral,51-200,FR,2026-04-21 00:00:00
C000960,seo,200+,FR,2026-04-22 00:00:00
C000961,referral,200+,FR,2026-04-12 00:00:00
C000962,referral,51-200,CA,2026-04-23 00:00:00
C000963,referral,1-10,CA,2026-02-01 00:00:00
C000964,direct,1-10,FR,2026-07-07 00:00:00
C000965,referral,200+,FR,2026-05-01 00:00:00
C000966,seo,1-10,FR,2026-03-16 00:00:00
C000967,seo,200+,FR,2026-07-13 00:00:00
C000968,sea,1-10,FR,2026-02-18 00:00:00
C000969,sea,51-200,FR,2026-05-21 00:00:00
C000970,direct,200+,FR,2026-06-27 00:00:00
C000971,seo,200+,FR,2026-06-11 00:00:00
C000972,sea,11-50,FR,2026-05-08 00:00:00
C000973,seo,200+,FR,2026-01-12 00:00:00
C000974,direct,1-10,FR,2026-03-02 00:00:00
C000975,sea,200+,BE,2026-07-16 00:00:00
C000976,sea,200+,FR,2026-01-09 00:00:00
C000977,direct,1-10,FR,2026-02-23 00:00:00
C000978,direct,200+,CA,2026-07-16 00:00:00
C000979,seo,1-10,FR,2026-04-10 00:00:00
C000980,sea,51-200,FR,2026-06-07 00:00:00
C000981,direct,1-10,FR,2026-02-15 00:00:00
C000982,direct,1-10,CA,2026-05-20 00:00:00
C000983,direct,51-200,FR,2026-01-05 00:00:00
C000984,seo,1-10,FR,2026-03-13 00:00:00
C000985,referral,51-200,FR,2026-03-07 00:00:00
C000986,sea,11-50,FR,2026-06-03 00:00:00
C000987,seo,51-200,FR,2026-07-09 00:00:00
C000988,seo,51-200,CA,2026-06-25 00:00:00
C000989,direct,11-50,FR,2026-04-12 00:00:00
C000990,sea,11-50,CH,2026-04-10 00:00:00
C000991,referral,1-10,FR,2026-06-23 00:00:00
C000992,sea,51-200,BE,2026-01-19 00:00:00
C000993,direct,11-50,FR,2026-02-17 00:00:00
C000994,seo,11-50,FR,2026-06-12 00:00:00
C000995,direct,200+,FR,2026-05-24 00:00:00
C000996,sea,1-10,FR,2026-04-23 00:00:00
C000997,direct,1-10,FR,2026-03-15 00:00:00
C000998,referral,1-10,FR,2026-04-12 00:00:00
C000999,referral,200+,FR,2026-01-11 00:00:00
C001000,referral,51-200,FR,2026-01-08 00:00:00
C001001,seo,51-200,FR,2026-01-06 00:00:00
C001002,seo,11-50,BE,2026-06-06 00:00:00
C001003,seo,1-10,BE,2026-07-10 00:00:00
C001004,referral,11-50,FR,2026-04-12 00:00:00
C001005,seo,1-10,FR,2026-01-07 00:00:00
C001006,referral,51-200,FR,2026-05-27 00:00:00
C001007,seo,11-50,FR,2026-06-10 00:00:00
C001008,sea,1-10,FR,2026-05-18 00:00:00
C001009,direct,1-10,FR,2026-05-30 00:00:00
C001010,sea,200+,FR,2026-01-09 00:00:00
C001011,direct,11-50,CH,2026-06-18 00:00:00
C001012,seo,51-200,FR,2026-05-27 00:00:00
C001013,sea,200+,FR,2026-01-20 00:00:00
C001014,direct,1-10,CA,2026-05-24 00:00:00
C001015,referral,1-10,FR,2026-04-03 00:00:00
C001016,sea,200+,FR,2026-07-08 00:00:00
C001017,sea,51-200,BE,2026-04-23 00:00:00
C001018,sea,11-50,CA,2026-05-01 00:00:00
C001019,direct,11-50,FR,2026-05-19 00:00:00
C001020,direct,1-10,FR,2026-02-05 00:00:00
C001021,referral,51-200,FR,2026-06-13 00:00:00
C001022,sea,11-50,FR,2026-04-03 00:00:00
C001023,seo,200+,CA,2026-03-16 00:00:00
C001024,seo,51-200,FR,2026-01-23 00:00:00
C001025,direct,1-10,CH,2026-05-29 00:00:00
C001026,sea,51-200,FR,2026-05-19 00:00:00
C001027,direct,51-200,CH,2026-01-22 00:00:00
C001028,referral,51-200,FR,2026-07-10 00:00:00
C001029,direct,1-10,FR,2026-02-06 00:00:00
C001030,referral,1-10,BE,2026-02-12 00:00:00
C001031,referral,1-10,CA,2026-03-09 00:00:00
C001032,sea,200+,FR,2026-04-08 00:00:00
C001033,sea,11-50,BE,2026-03-09 00:00:00
C001034,referral,51-200,FR,2026-04-02 00:00:00
C001035,sea,51-200,CA,2026-01-28 00:00:00
C001036,seo,51-200,FR,2026-03-15 00:00:00
C001037,seo,51-200,FR,2026-01-03 00:00:00
C001038,direct,11-50,FR,2026-04-05 00:00:00
C001039,seo,1-10,FR,2026-06-21 00:00:00
C001040,sea,200+,CA,2026-06-25 00:00:00
C001041,sea,200+,FR,2026-06-05 00:00:00
C001042,sea,200+,BE,2026-02-28 00:00:00
C001043,referral,200+,FR,2026-02-03 00:00:00
C001044,sea,1-10,FR,2026-06-09 00:00:00
C001045,direct,1-10,CA,2026-02-08 00:00:00
C001046,sea,51-200,FR,2026-04-11 00:00:00
C001047,referral,51-200,FR,2026-01-07 00:00:00
C001048,direct,1-10,FR,2026-04-07 00:00:00
C001049,direct,51-200,BE,2026-03-19 00:00:00
C001050,sea,11-50,FR,2026-06-01 00:00:00
C001051,direct,51-200,FR,2026-06-08 00:00:00
C001052,seo,200+,FR,2026-05-14 00:00:00
C001053,referral,1-10,FR,2026-02-03 00:00:00
C001054,sea,51-200,FR,2026-02-15 00:00:00
C001055,direct,11-50,FR,2026-03-30 00:00:00
C001056,sea,11-50,CH,2026-05-31 00:00:00
C001057,sea,51-200,FR,2026-04-24 00:00:00
C001058,sea,51-200,FR,2026-03-09 00:00:00
C001059,sea,200+,FR,2026-07-17 00:00:00
C001060,seo,11-50,FR,2026-04-18 00:00:00
C001061,sea,200+,FR,2026-04-03 00:00:00
C001062,direct,200+,FR,2026-05-23 00:00:00
C001063,referral,200+,CH,2026-07-01 00:00:00
C001064,seo,1-10,FR,2026-01-02 00:00:00
C001065,direct,11-50,FR,2026-01-08 00:00:00
C001066,referral,1-10,FR,2026-05-04 00:00:00
C001067,seo,200+,FR,2026-05-16 00:00:00
C001068,sea,51-200,FR,2026-07-06 00:00:00
C001069,referral,1-10,CH,2026-05-08 00:00:00
C001070,sea,1-10,FR,2026-03-01 00:00:00
C001071,sea,51-200,FR,2026-07-17 00:00:00
C001072,referral,11-50,FR,2026-04-03 00:00:00
C001073,direct,51-200,FR,2026-06-15 00:00:00
C001074,seo,1-10,FR,2026-04-08 00:00:00
C001075,sea,200+,FR,2026-06-29 00:00:00
C001076,sea,11-50,FR,2026-05-21 00:00:00
C001077,seo,1-10,CA,2026-07-14 00:00:00
C001078,sea,51-200,FR,2026-02-16 00:00:00
C001079,sea,1-10,FR,2026-06-01 00:00:00
C001080,sea,11-50,FR,2026-04-08 00:00:00
C001081,referral,1-10,FR,2026-04-10 00:00:00
C001082,seo,200+,FR,2026-05-09 00:00:00
C001083,sea,11-50,FR,2026-03-25 00:00:00
C001084,seo,11-50,FR,2026-01-15 00:00:00
C001085,referral,51-200,FR,2026-06-13 00:00:00
C001086,sea,51-200,FR,2026-06-28 00:00:00
C001087,seo,200+,FR,2026-05-20 00:00:00
C001088,sea,200+,CA,2026-04-03 00:00:00
C001089,direct,200+,FR,2026-02-06 00:00:00
C001090,sea,200+,CH,2026-06-09 00:00:00
C001091,sea,11-50,FR,2026-04-08 00:00:00
C001092,seo,11-50,FR,2026-04-30 00:00:00
C001093,referral,11-50,FR,2026-05-04 00:00:00
C001094,sea,200+,FR,2026-03-25 00:00:00
C001095,direct,200+,FR,2026-03-15 00:00:00
C001096,referral,1-10,FR,2026-06-11 00:00:00
C001097,sea,11-50,BE,2026-07-02 00:00:00
C001098,direct,1-10,BE,2026-01-19 00:00:00
C001099,direct,51-200,FR,2026-01-06 00:00:00
C001100,direct,1-10,FR,2026-07-12 00:00:00
C001101,referral,200+,FR,2026-05-13 00:00:00
C001102,seo,200+,FR,2026-04-11 00:00:00
C001103,seo,11-50,CA,2026-01-24 00:00:00
C001104,sea,200+,FR,2026-07-09 00:00:00
C001105,referral,11-50,FR,2026-04-26 00:00:00
C001106,sea,11-50,FR,2026-02-07 00:00:00
C001107,referral,51-200,FR,2026-04-30 00:00:00
C001108,direct,1-10,FR,2026-01-29 00:00:00
C001109,referral,11-50,BE,2026-05-02 00:00:00
C001110,referral,11-50,FR,2026-01-02 00:00:00
C001111,direct,1-10,BE,2026-07-03 00:00:00
C001112,direct,51-200,CA,2026-01-16 00:00:00
C001113,direct,1-10,FR,2026-03-21 00:00:00
C001114,referral,51-200,CH,2026-05-22 00:00:00
C001115,referral,51-200,FR,2026-02-06 00:00:00
C001116,seo,200+,FR,2026-04-19 00:00:00
C001117,direct,1-10,FR,2026-05-20 00:00:00
C001118,direct,51-200,FR,2026-06-27 00:00:00
C001119,direct,11-50,CH,2026-01-28 00:00:00
C001120,referral,200+,BE,2026-01-07 00:00:00
C001121,sea,51-200,FR,2026-03-12 00:00:00
C001122,referral,1-10,CA,2026-02-11 00:00:00
C001123,direct,11-50,FR,2026-04-30 00:00:00
C001124,sea,200+,CA,2026-02-25 00:00:00
C001125,seo,200+,CH,2026-06-27 00:00:00
C001126,direct,1-10,FR,2026-03-16 00:00:00
C001127,direct,11-50,FR,2026-06-02 00:00:00
C001128,direct,200+,FR,2026-03-03 00:00:00
C001129,direct,11-50,FR,2026-01-06 00:00:00
C001130,sea,51-200,FR,2026-03-26 00:00:00
C001131,sea,200+,FR,2026-04-02 00:00:00
C001132,sea,1-10,FR,2026-01-30 00:00:00
C001133,seo,51-200,FR,2026-05-13 00:00:00
C001134,seo,51-200,FR,2026-01-03 00:00:00
C001135,direct,1-10,FR,2026-01-30 00:00:00
C001136,direct,51-200,FR,2026-05-13 00:00:00
C001137,seo,200+,FR,2026-04-23 00:00:00
C001138,referral,51-200,FR,2026-05-19 00:00:00
C001139,referral,11-50,FR,2026-04-25 00:00:00
C001140,seo,11-50,FR,2026-03-09 00:00:00
C001141,direct,11-50,FR,2026-04-02 00:00:00
C001142,direct,1-10,FR,2026-06-30 00:00:00
C001143,seo,1-10,BE,2026-07-04 00:00:00
C001144,referral,11-50,FR,2026-05-13 00:00:00
C001145,referral,11-50,BE,2026-03-22 00:00:00
C001146,direct,11-50,BE,2026-01-25 00:00:00
C001147,referral,1-10,FR,2026-05-10 00:00:00
C001148,direct,1-10,BE,2026-05-09 00:00:00
C001149,direct,51-200,FR,2026-05-23 00:00:00
C001150,seo,200+,FR,2026-05-14 00:00:00
C001151,seo,200+,BE,2026-04-02 00:00:00
C001152,seo,11-50,FR,2026-07-15 00:00:00
C001153,seo,200+,FR,2026-04-18 00:00:00
C001154,direct,1-10,FR,2026-03-28 00:00:00
C001155,direct,11-50,FR,2026-05-12 00:00:00
C001156,seo,1-10,FR,2026-05-20 00:00:00
C001157,referral,200+,BE,2026-04-23 00:00:00
C001158,seo,1-10,FR,2026-03-14 00:00:00
C001159,sea,51-200,FR,2026-01-18 00:00:00
C001160,direct,200+,CH,2026-05-29 00:00:00
C001161,sea,200+,CA,2026-06-07 00:00:00
C001162,direct,51-200,FR,2026-01-23 00:00:00
C001163,seo,11-50,FR,2026-01-23 00:00:00
C001164,sea,51-200,CH,2026-02-01 00:00:00
C001165,sea,51-200,BE,2026-01-30 00:00:00
C001166,sea,51-200,CH,2026-03-12 00:00:00
C001167,referral,200+,FR,2026-04-25 00:00:00
C001168,seo,51-200,CH,2026-01-05 00:00:00
C001169,direct,200+,CA,2026-02-12 00:00:00
C001170,seo,51-200,FR,2026-06-20 00:00:00
C001171,direct,200+,CH,2026-06-02 00:00:00
C001172,seo,51-200,FR,2026-05-04 00:00:00
C001173,direct,1-10,FR,2026-01-16 00:00:00
C001174,referral,51-200,FR,2026-06-22 00:00:00
C001175,sea,11-50,FR,2026-07-10 00:00:00
C001176,referral,1-10,FR,2026-02-12 00:00:00
C001177,sea,1-10,CH,2026-02-10 00:00:00
C001178,seo,200+,FR,2026-04-12 00:00:00
C001179,direct,51-200,FR,2026-03-24 00:00:00
C001180,direct,200+,FR,2026-01-08 00:00:00
C001181,seo,200+,FR,2026-03-15 00:00:00
C001182,sea,200+,CH,2026-02-08 00:00:00
C001183,referral,200+,FR,2026-07-16 00:00:00
C001184,referral,51-200,FR,2026-02-05 00:00:00
C001185,referral,51-200,CA,2026-05-07 00:00:00
C001186,referral,51-200,FR,2026-06-26 00:00:00
C001187,referral,11-50,FR,2026-01-15 00:00:00
C001188,seo,51-200,BE,2026-05-05 00:00:00
C001189,seo,11-50,FR,2026-03-03 00:00:00
C001190,direct,200+,FR,2026-05-14 00:00:00
C001191,direct,200+,CA,2026-07-14 00:00:00
C001192,sea,1-10,FR,2026-05-09 00:00:00
C001193,seo,11-50,FR,2026-06-05 00:00:00
C001194,sea,51-200,FR,2026-01-18 00:00:00
C001195,seo,11-50,CH,2026-07-17 00:00:00
C001196,seo,1-10,FR,2026-04-08 00:00:00
C001197,direct,200+,FR,2026-02-24 00:00:00
C001198,sea,1-10,CA,2026-04-04 00:00:00
C001199,seo,51-200,FR,2026-04-29 00:00:00
C001200,sea,200+,FR,2026-06-03 00:00:00
C001201,direct,1-10,CH,2026-03-15 00:00:00
C001202,referral,11-50,FR,2026-05-15 00:00:00
C001203,direct,11-50,BE,2026-02-12 00:00:00
C001204,sea,51-200,FR,2026-05-30 00:00:00
C001205,seo,200+,BE,2026-06-20 00:00:00
C001206,referral,51-200,BE,2026-01-26 00:00:00
C001207,direct,51-200,FR,2026-01-27 00:00:00
C001208,direct,11-50,BE,2026-03-13 00:00:00
C001209,sea,51-200,FR,2026-03-19 00:00:00
C001210,sea,11-50,FR,2026-06-30 00:00:00
C001211,sea,200+,FR,2026-04-16 00:00:00
C001212,seo,51-200,FR,2026-04-29 00:00:00
C001213,seo,11-50,BE,2026-03-03 00:00:00
C001214,referral,1-10,CH,2026-01-01 00:00:00
C001215,sea,1-10,CA,2026-02-13 00:00:00
C001216,direct,1-10,FR,2026-04-07 00:00:00
C001217,direct,1-10,BE,2026-06-22 00:00:00
C001218,seo,51-200,FR,2026-02-01 00:00:00
C001219,direct,51-200,FR,2026-05-14 00:00:00
C001220,sea,200+,CA,2026-07-08 00:00:00
C001221,referral,1-10,FR,2026-01-05 00:00:00
C001222,referral,51-200,FR,2026-02-10 00:00:00
C001223,direct,200+,FR,2026-02-23 00:00:00
C001224,sea,51-200,CH,2026-01-18 00:00:00
C001225,seo,51-200,FR,2026-02-11 00:00:00
C001226,seo,1-10,CH,2026-02-23 00:00:00
C001227,sea,200+,FR,2026-06-28 00:00:00
C001228,referral,11-50,CH,2026-07-09 00:00:00
C001229,seo,1-10,FR,2026-06-17 00:00:00
C001230,seo,51-200,FR,2026-03-19 00:00:00
C001231,seo,200+,FR,2026-03-07 00:00:00
C001232,seo,1-10,FR,2026-03-08 00:00:00
C001233,sea,11-50,CH,2026-02-27 00:00:00
C001234,sea,1-10,FR,2026-04-25 00:00:00
C001235,seo,200+,FR,2026-02-13 00:00:00
C001236,seo,1-10,FR,2026-01-11 00:00:00
C001237,sea,1-10,FR,2026-02-08 00:00:00
C001238,referral,11-50,CA,2026-04-04 00:00:00
C001239,referral,51-200,FR,2026-04-30 00:00:00
C001240,direct,51-200,FR,2026-04-16 00:00:00
C001241,seo,1-10,BE,2026-02-22 00:00:00
C001242,seo,11-50,FR,2026-03-08 00:00:00
C001243,seo,200+,BE,2026-04-22 00:00:00
C001244,direct,1-10,FR,2026-04-22 00:00:00
C001245,referral,200+,CH,2026-05-25 00:00:00
C001246,sea,200+,FR,2026-04-09 00:00:00
C001247,seo,11-50,FR,2026-06-23 00:00:00
C001248,direct,11-50,CH,2026-05-08 00:00:00
C001249,seo,1-10,FR,2026-01-09 00:00:00
C001250,referral,11-50,FR,2026-03-08 00:00:00
C001251,sea,11-50,FR,2026-03-14 00:00:00
C001252,direct,11-50,FR,2026-04-05 00:00:00
C001253,referral,51-200,FR,2026-04-04 00:00:00
C001254,direct,200+,FR,2026-06-01 00:00:00
C001255,seo,1-10,FR,2026-06-19 00:00:00
C001256,direct,51-200,FR,2026-03-28 00:00:00
C001257,referral,1-10,FR,2026-03-28 00:00:00
C001258,seo,200+,FR,2026-02-25 00:00:00
C001259,direct,51-200,FR,2026-02-16 00:00:00
C001260,direct,200+,FR,2026-03-09 00:00:00
C001261,referral,51-200,FR,2026-03-06 00:00:00
C001262,seo,1-10,CH,2026-04-27 00:00:00
C001263,direct,11-50,FR,2026-07-14 00:00:00
C001264,referral,200+,CH,2026-07-09 00:00:00
C001265,referral,1-10,BE,2026-06-19 00:00:00
C001266,seo,11-50,BE,2026-01-30 00:00:00
C001267,sea,1-10,FR,2026-04-23 00:00:00
C001268,sea,200+,FR,2026-06-08 00:00:00
C001269,direct,51-200,FR,2026-05-20 00:00:00
C001270,seo,11-50,FR,2026-06-18 00:00:00
C001271,direct,200+,CA,2026-04-15 00:00:00
C001272,referral,51-200,CA,2026-03-28 00:00:00
C001273,direct,51-200,FR,2026-02-09 00:00:00
C001274,sea,51-200,BE,2026-03-06 00:00:00
C001275,referral,1-10,FR,2026-07-11 00:00:00
C001276,referral,51-200,FR,2026-07-06 00:00:00
C001277,sea,11-50,FR,2026-02-26 00:00:00
C001278,seo,11-50,CA,2026-04-12 00:00:00
C001279,referral,11-50,CH,2026-02-09 00:00:00
C001280,sea,51-200,CH,2026-03-15 00:00:00
C001281,direct,1-10,FR,2026-04-13 00:00:00
C001282,direct,51-200,FR,2026-07-09 00:00:00
C001283,seo,11-50,CH,2026-04-07 00:00:00
C001284,referral,11-50,CA,2026-06-29 00:00:00
C001285,referral,1-10,BE,2026-06-28 00:00:00
C001286,sea,11-50,CA,2026-04-26 00:00:00
C001287,sea,51-200,FR,2026-05-28 00:00:00
C001288,referral,1-10,CA,2026-07-04 00:00:00
C001289,direct,200+,BE,2026-06-12 00:00:00
C001290,direct,51-200,FR,2026-05-28 00:00:00
C001291,seo,200+,FR,2026-07-15 00:00:00
C001292,sea,11-50,FR,2026-01-26 00:00:00
C001293,referral,1-10,FR,2026-02-14 00:00:00
C001294,seo,51-200,FR,2026-01-19 00:00:00
C001295,sea,51-200,BE,2026-05-06 00:00:00
C001296,seo,200+,FR,2026-03-21 00:00:00
C001297,sea,200+,FR,2026-07-06 00:00:00
C001298,seo,1-10,FR,2026-05-26 00:00:00
C001299,sea,11-50,FR,2026-06-01 00:00:00
C001300,sea,1-10,BE,2026-05-24 00:00:00
C001301,seo,51-200,FR,2026-02-11 00:00:00
C001302,referral,51-200,FR,2026-07-01 00:00:00
C001303,sea,11-50,FR,2026-06-14 00:00:00
C001304,direct,51-200,FR,2026-06-24 00:00:00
C001305,direct,200+,FR,2026-02-25 00:00:00
C001306,seo,1-10,FR,2026-06-29 00:00:00
C001307,referral,11-50,FR,2026-02-02 00:00:00
C001308,seo,51-200,FR,2026-01-01 00:00:00
C001309,seo,11-50,FR,2026-05-18 00:00:00
C001310,sea,51-200,FR,2026-04-04 00:00:00
C001311,seo,51-200,FR,2026-01-19 00:00:00
C001312,direct,11-50,BE,2026-06-27 00:00:00
C001313,direct,51-200,FR,2026-03-18 00:00:00
C001314,sea,200+,CA,2026-04-12 00:00:00
C001315,referral,51-200,FR,2026-05-17 00:00:00
C001316,referral,200+,FR,2026-01-27 00:00:00
C001317,referral,200+,FR,2026-01-31 00:00:00
C001318,sea,200+,FR,2026-01-22 00:00:00
C001319,referral,11-50,FR,2026-02-04 00:00:00
C001320,referral,51-200,FR,2026-06-20 00:00:00
C001321,referral,200+,FR,2026-02-16 00:00:00
C001322,referral,11-50,FR,2026-03-01 00:00:00
C001323,seo,200+,FR,2026-02-05 00:00:00
C001324,sea,1-10,FR,2026-03-07 00:00:00
C001325,direct,11-50,FR,2026-05-14 00:00:00
C001326,referral,51-200,FR,2026-02-01 00:00:00
C001327,direct,51-200,BE,2026-06-10 00:00:00
C001328,direct,11-50,FR,2026-05-21 00:00:00
C001329,seo,51-200,BE,2026-04-20 00:00:00
C001330,sea,1-10,CA,2026-01-07 00:00:00
C001331,seo,200+,CA,2026-02-04 00:00:00
C001332,sea,51-200,FR,2026-04-13 00:00:00
C001333,direct,51-200,FR,2026-03-08 00:00:00
C001334,seo,11-50,FR,2026-01-20 00:00:00
C001335,sea,200+,FR,2026-03-18 00:00:00
C001336,sea,200+,FR,2026-02-16 00:00:00
C001337,sea,1-10,BE,2026-05-09 00:00:00
C001338,seo,51-200,FR,2026-01-19 00:00:00
C001339,referral,51-200,CA,2026-05-31 00:00:00
C001340,seo,1-10,FR,2026-03-31 00:00:00
C001341,referral,200+,FR,2026-06-02 00:00:00
C001342,seo,1-10,FR,2026-04-03 00:00:00
C001343,seo,51-200,BE,2026-02-01 00:00:00
C001344,direct,200+,CA,2026-05-26 00:00:00
C001345,referral,1-10,BE,2026-06-23 00:00:00
C001346,referral,1-10,FR,2026-05-31 00:00:00
C001347,sea,51-200,FR,2026-05-30 00:00:00
C001348,referral,11-50,FR,2026-05-06 00:00:00
C001349,referral,200+,FR,2026-05-12 00:00:00
C001350,direct,11-50,FR,2026-04-30 00:00:00
C001351,seo,1-10,BE,2026-06-29 00:00:00
C001352,seo,1-10,CH,2026-02-24 00:00:00
C001353,referral,51-200,FR,2026-01-03 00:00:00
C001354,sea,200+,FR,2026-06-11 00:00:00
C001355,direct,51-200,FR,2026-03-01 00:00:00
C001356,referral,11-50,FR,2026-05-16 00:00:00
C001357,direct,51-200,FR,2026-04-21 00:00:00
C001358,direct,200+,FR,2026-04-29 00:00:00
C001359,referral,11-50,CH,2026-03-21 00:00:00
C001360,referral,11-50,FR,2026-02-26 00:00:00
C001361,seo,1-10,FR,2026-02-02 00:00:00
C001362,seo,1-10,FR,2026-04-17 00:00:00
C001363,referral,1-10,CA,2026-01-18 00:00:00
C001364,seo,200+,CA,2026-02-20 00:00:00
C001365,referral,200+,FR,2026-07-11 00:00:00
C001366,seo,200+,CA,2026-02-06 00:00:00
C001367,referral,1-10,FR,2026-03-30 00:00:00
C001368,direct,51-200,CA,2026-03-07 00:00:00
C001369,referral,1-10,FR,2026-04-26 00:00:00
C001370,direct,1-10,FR,2026-01-11 00:00:00
C001371,referral,200+,FR,2026-01-01 00:00:00
C001372,seo,200+,FR,2026-03-04 00:00:00
C001373,referral,1-10,FR,2026-02-17 00:00:00
C001374,direct,11-50,CH,2026-06-08 00:00:00
C001375,sea,200+,BE,2026-03-06 00:00:00
C001376,seo,200+,CH,2026-03-29 00:00:00
C001377,sea,200+,CH,2026-03-31 00:00:00
C001378,direct,51-200,FR,2026-05-15 00:00:00
C001379,sea,1-10,FR,2026-07-08 00:00:00
C001380,referral,51-200,FR,2026-03-12 00:00:00
C001381,direct,51-200,CA,2026-01-20 00:00:00
C001382,sea,200+,FR,2026-03-13 00:00:00
C001383,referral,200+,FR,2026-04-26 00:00:00
C001384,sea,51-200,CA,2026-01-31 00:00:00
C001385,referral,11-50,FR,2026-04-18 00:00:00
C001386,seo,11-50,FR,2026-06-08 00:00:00
C001387,direct,200+,FR,2026-03-11 00:00:00
C001388,direct,51-200,FR,2026-02-04 00:00:00
C001389,referral,11-50,FR,2026-01-06 00:00:00
C001390,sea,51-200,FR,2026-07-05 00:00:00
C001391,seo,11-50,FR,2026-03-06 00:00:00
C001392,sea,51-200,FR,2026-06-03 00:00:00
C001393,referral,200+,FR,2026-02-21 00:00:00
C001394,direct,200+,FR,2026-04-05 00:00:00
C001395,referral,51-200,BE,2026-03-05 00:00:00
C001396,referral,51-200,CA,2026-01-26 00:00:00
C001397,seo,51-200,FR,2026-04-26 00:00:00
C001398,referral,1-10,FR,2026-04-21 00:00:00
C001399,sea,200+,FR,2026-05-23 00:00:00
C001400,referral,11-50,FR,2026-03-30 00:00:00
C001401,direct,51-200,FR,2026-05-12 00:00:00
C001402,seo,51-200,FR,2026-05-29 00:00:00
C001403,sea,51-200,CH,2026-02-22 00:00:00
C001404,seo,1-10,BE,2026-04-17 00:00:00
C001405,referral,1-10,CH,2026-02-11 00:00:00
C001406,direct,51-200,FR,2026-03-21 00:00:00
C001407,direct,200+,FR,2026-03-07 00:00:00
C001408,referral,1-10,FR,2026-02-21 00:00:00
C001409,seo,1-10,FR,2026-04-29 00:00:00
C001410,referral,1-10,BE,2026-04-20 00:00:00
C001411,seo,51-200,FR,2026-01-02 00:00:00
C001412,referral,1-10,FR,2026-02-06 00:00:00
C001413,seo,1-10,FR,2026-03-15 00:00:00
C001414,seo,51-200,CH,2026-01-18 00:00:00
C001415,seo,51-200,FR,2026-05-02 00:00:00
C001416,seo,1-10,FR,2026-01-25 00:00:00
C001417,direct,200+,FR,2026-04-13 00:00:00
C001418,referral,200+,BE,2026-01-29 00:00:00
C001419,referral,1-10,FR,2026-02-22 00:00:00
C001420,seo,51-200,FR,2026-05-20 00:00:00
C001421,referral,11-50,BE,2026-05-16 00:00:00
C001422,seo,1-10,FR,2026-05-19 00:00:00
C001423,seo,200+,FR,2026-05-10 00:00:00
C001424,sea,11-50,CA,2026-02-16 00:00:00
C001425,seo,11-50,FR,2026-02-11 00:00:00
C001426,referral,1-10,FR,2026-01-11 00:00:00
C001427,direct,51-200,FR,2026-06-22 00:00:00
C001428,direct,51-200,FR,2026-01-10 00:00:00
C001429,referral,200+,CA,2026-07-05 00:00:00
C001430,sea,51-200,BE,2026-07-16 00:00:00
C001431,referral,51-200,FR,2026-04-28 00:00:00
C001432,sea,200+,CA,2026-03-04 00:00:00
C001433,sea,200+,FR,2026-04-13 00:00:00
C001434,direct,1-10,FR,2026-06-17 00:00:00
C001435,seo,51-200,FR,2026-03-06 00:00:00
C001436,sea,200+,CH,2026-06-06 00:00:00
C001437,direct,200+,CH,2026-07-18 00:00:00
C001438,sea,200+,BE,2026-01-22 00:00:00
C001439,direct,51-200,FR,2026-04-25 00:00:00
C001440,sea,51-200,FR,2026-03-04 00:00:00
C001441,sea,51-200,FR,2026-05-19 00:00:00
C001442,seo,1-10,FR,2026-01-22 00:00:00
C001443,sea,51-200,CA,2026-02-18 00:00:00
C001444,seo,1-10,FR,2026-07-10 00:00:00
C001445,sea,11-50,CH,2026-03-24 00:00:00
C001446,seo,1-10,CH,2026-05-15 00:00:00
C001447,sea,1-10,FR,2026-04-06 00:00:00
C001448,direct,200+,FR,2026-07-01 00:00:00
C001449,sea,11-50,BE,2026-03-27 00:00:00
C001450,sea,200+,FR,2026-06-15 00:00:00
C001451,referral,200+,BE,2026-02-28 00:00:00
C001452,referral,51-200,BE,2026-06-04 00:00:00
C001453,direct,1-10,FR,2026-07-18 00:00:00
C001454,sea,200+,FR,2026-05-05 00:00:00
C001455,seo,51-200,FR,2026-02-13 00:00:00
C001456,sea,11-50,CH,2026-03-15 00:00:00
C001457,sea,1-10,FR,2026-05-10 00:00:00
C001458,direct,1-10,FR,2026-01-25 00:00:00
C001459,direct,11-50,FR,2026-04-28 00:00:00
C001460,sea,200+,FR,2026-03-14 00:00:00
C001461,referral,51-200,FR,2026-05-30 00:00:00
C001462,seo,1-10,FR,2026-03-31 00:00:00
C001463,seo,1-10,BE,2026-04-30 00:00:00
C001464,referral,11-50,FR,2026-03-19 00:00:00
C001465,seo,200+,FR,2026-06-30 00:00:00
C001466,seo,1-10,FR,2026-05-08 00:00:00
C001467,sea,11-50,FR,2026-02-13 00:00:00
C001468,referral,1-10,FR,2026-01-27 00:00:00
C001469,referral,1-10,FR,2026-07-13 00:00:00
C001470,sea,200+,CH,2026-05-15 00:00:00
C001471,direct,11-50,FR,2026-05-27 00:00:00
C001472,sea,51-200,CA,2026-07-07 00:00:00
C001473,seo,51-200,CA,2026-01-08 00:00:00
C001474,referral,200+,FR,2026-07-17 00:00:00
C001475,direct,1-10,FR,2026-02-20 00:00:00
C001476,direct,51-200,FR,2026-01-01 00:00:00
C001477,sea,11-50,CH,2026-01-21 00:00:00
C001478,direct,11-50,FR,2026-06-01 00:00:00
C001479,sea,11-50,FR,2026-06-06 00:00:00
C001480,direct,1-10,CH,2026-05-29 00:00:00
C001481,sea,1-10,FR,2026-01-13 00:00:00
C001482,direct,11-50,FR,2026-04-08 00:00:00
C001483,sea,200+,FR,2026-06-02 00:00:00
C001484,direct,11-50,FR,2026-02-08 00:00:00
C001485,direct,51-200,FR,2026-04-01 00:00:00
C001486,sea,51-200,FR,2026-01-09 00:00:00
C001487,sea,200+,BE,2026-03-17 00:00:00
C001488,sea,1-10,CH,2026-06-03 00:00:00
C001489,seo,200+,FR,2026-02-03 00:00:00
C001490,seo,11-50,FR,2026-01-24 00:00:00
C001491,referral,200+,CA,2026-05-17 00:00:00
C001492,sea,1-10,CH,2026-02-09 00:00:00
C001493,direct,1-10,FR,2026-01-31 00:00:00
C001494,seo,51-200,FR,2026-03-25 00:00:00
C001495,seo,1-10,FR,2026-02-20 00:00:00
C001496,seo,200+,FR,2026-05-06 00:00:00
C001497,sea,200+,FR,2026-04-09 00:00:00
C001498,sea,51-200,FR,2026-07-07 00:00:00
C001499,referral,51-200,BE,2026-03-23 00:00:00
C001500,sea,11-50,FR,2026-04-20 00:00:00
C001501,direct,51-200,CA,2026-03-31 00:00:00
C001502,direct,1-10,CA,2026-02-17 00:00:00
C001503,referral,51-200,FR,2026-06-29 00:00:00
C001504,sea,51-200,FR,2026-01-10 00:00:00
C001505,sea,11-50,BE,2026-03-09 00:00:00
C001506,referral,200+,FR,2026-06-26 00:00:00
C001507,seo,200+,FR,2026-04-29 00:00:00
C001508,seo,51-200,FR,2026-01-08 00:00:00
C001509,direct,51-200,CA,2026-05-23 00:00:00
C001510,referral,51-200,FR,2026-07-05 00:00:00
C001511,seo,11-50,BE,2026-01-17 00:00:00
C001512,direct,200+,BE,2026-02-19 00:00:00
C001513,direct,200+,FR,2026-03-07 00:00:00
C001514,seo,11-50,FR,2026-02-18 00:00:00
C001515,sea,11-50,FR,2026-06-28 00:00:00
C001516,sea,11-50,FR,2026-01-30 00:00:00
C001517,referral,51-200,FR,2026-03-21 00:00:00
C001518,referral,51-200,CA,2026-07-09 00:00:00
C001519,seo,51-200,FR,2026-06-03 00:00:00
C001520,seo,11-50,FR,2026-06-27 00:00:00
C001521,sea,51-200,CA,2026-04-25 00:00:00
C001522,direct,200+,BE,2026-04-10 00:00:00
C001523,sea,1-10,FR,2026-02-06 00:00:00
C001524,direct,200+,FR,2026-04-20 00:00:00
C001525,seo,200+,FR,2026-06-20 00:00:00
C001526,direct,200+,FR,2026-06-29 00:00:00
C001527,sea,11-50,FR,2026-04-06 00:00:00
C001528,referral,51-200,FR,2026-01-07 00:00:00
C001529,sea,1-10,FR,2026-07-11 00:00:00
C001530,direct,51-200,FR,2026-03-27 00:00:00
C001531,seo,1-10,CA,2026-03-30 00:00:00
C001532,direct,51-200,FR,2026-02-20 00:00:00
C001533,direct,200+,FR,2026-07-10 00:00:00
C001534,direct,1-10,FR,2026-01-27 00:00:00
C001535,direct,200+,CH,2026-05-25 00:00:00
C001536,sea,11-50,FR,2026-04-23 00:00:00
C001537,seo,11-50,FR,2026-05-18 00:00:00
C001538,referral,1-10,FR,2026-06-19 00:00:00
C001539,seo,200+,FR,2026-01-11 00:00:00
C001540,seo,200+,CA,2026-05-13 00:00:00
C001541,direct,1-10,BE,2026-07-18 00:00:00
C001542,direct,11-50,FR,2026-06-12 00:00:00
C001543,seo,1-10,BE,2026-03-18 00:00:00
C001544,seo,1-10,FR,2026-05-08 00:00:00
C001545,seo,51-200,FR,2026-03-05 00:00:00
C001546,sea,200+,BE,2026-03-21 00:00:00
C001547,direct,11-50,CA,2026-06-14 00:00:00
C001548,referral,200+,FR,2026-04-19 00:00:00
C001549,seo,200+,FR,2026-03-26 00:00:00
C001550,seo,1-10,FR,2026-04-08 00:00:00
C001551,seo,1-10,FR,2026-02-27 00:00:00
C001552,sea,11-50,CA,2026-05-02 00:00:00
C001553,sea,200+,FR,2026-05-07 00:00:00
C001554,sea,11-50,FR,2026-06-15 00:00:00
C001555,sea,200+,FR,2026-06-13 00:00:00
C001556,referral,51-200,CA,2026-05-13 00:00:00
C001557,seo,51-200,FR,2026-02-10 00:00:00
C001558,referral,1-10,BE,2026-06-21 00:00:00
C001559,sea,200+,FR,2026-05-30 00:00:00
C001560,direct,51-200,FR,2026-04-29 00:00:00
C001561,sea,11-50,CA,2026-06-20 00:00:00
C001562,referral,51-200,CA,2026-06-16 00:00:00
C001563,sea,51-200,CA,2026-05-19 00:00:00
C001564,referral,200+,CH,2026-04-03 00:00:00
C001565,direct,11-50,FR,2026-04-07 00:00:00
C001566,seo,11-50,FR,2026-03-31 00:00:00
C001567,sea,51-200,FR,2026-04-29 00:00:00
C001568,referral,11-50,FR,2026-03-28 00:00:00
C001569,seo,1-10,BE,2026-06-24 00:00:00
C001570,direct,1-10,FR,2026-06-12 00:00:00
C001571,seo,200+,FR,2026-01-28 00:00:00
C001572,seo,1-10,FR,2026-04-23 00:00:00
C001573,referral,200+,FR,2026-04-23 00:00:00
C001574,direct,1-10,FR,2026-06-30 00:00:00
C001575,direct,1-10,FR,2026-01-29 00:00:00
C001576,direct,200+,FR,2026-02-22 00:00:00
C001577,direct,51-200,FR,2026-02-22 00:00:00
C001578,seo,1-10,FR,2026-01-12 00:00:00
C001579,seo,11-50,FR,2026-02-19 00:00:00
C001580,referral,200+,CA,2026-05-13 00:00:00
C001581,direct,11-50,FR,2026-03-24 00:00:00
C001582,sea,11-50,FR,2026-01-11 00:00:00
C001583,direct,51-200,FR,2026-01-24 00:00:00
C001584,sea,11-50,FR,2026-02-22 00:00:00
C001585,referral,200+,FR,2026-05-08 00:00:00
C001586,direct,200+,FR,2026-06-18 00:00:00
C001587,direct,11-50,FR,2026-03-31 00:00:00
C001588,referral,11-50,CH,2026-03-13 00:00:00
C001589,direct,51-200,CA,2026-03-27 00:00:00
C001590,sea,51-200,FR,2026-05-29 00:00:00
C001591,referral,200+,FR,2026-03-20 00:00:00
C001592,direct,51-200,CH,2026-04-04 00:00:00
C001593,direct,51-200,CA,2026-07-17 00:00:00
C001594,sea,200+,FR,2026-05-24 00:00:00
C001595,sea,200+,CH,2026-07-18 00:00:00
C001596,seo,1-10,FR,2026-06-06 00:00:00
C001597,seo,11-50,BE,2026-06-10 00:00:00
C001598,direct,1-10,FR,2026-03-29 00:00:00
C001599,sea,200+,FR,2026-07-13 00:00:00
C001600,seo,200+,FR,2026-04-05 00:00:00
C001601,direct,51-200,FR,2026-02-07 00:00:00
C001602,direct,1-10,FR,2026-01-20 00:00:00
C001603,direct,1-10,FR,2026-03-05 00:00:00
C001604,direct,51-200,FR,2026-01-24 00:00:00
C001605,direct,200+,FR,2026-02-11 00:00:00
C001606,sea,1-10,FR,2026-03-01 00:00:00
C001607,referral,200+,FR,2026-04-28 00:00:00
C001608,seo,1-10,CH,2026-04-06 00:00:00
C001609,direct,1-10,FR,2026-06-12 00:00:00
C001610,sea,11-50,FR,2026-01-06 00:00:00
C001611,sea,51-200,BE,2026-07-08 00:00:00
C001612,referral,1-10,FR,2026-05-10 00:00:00
C001613,seo,1-10,FR,2026-05-18 00:00:00
C001614,direct,51-200,FR,2026-03-12 00:00:00
C001615,direct,51-200,FR,2026-06-06 00:00:00
C001616,direct,11-50,FR,2026-07-09 00:00:00
C001617,seo,1-10,BE,2026-02-23 00:00:00
C001618,seo,51-200,FR,2026-04-01 00:00:00
C001619,sea,51-200,FR,2026-04-08 00:00:00
C001620,seo,200+,FR,2026-03-27 00:00:00
C001621,seo,1-10,FR,2026-02-02 00:00:00
C001622,direct,11-50,FR,2026-02-18 00:00:00
C001623,referral,51-200,FR,2026-03-18 00:00:00
C001624,seo,11-50,FR,2026-05-30 00:00:00
C001625,referral,11-50,FR,2026-05-13 00:00:00
C001626,direct,11-50,FR,2026-06-16 00:00:00
C001627,seo,11-50,FR,2026-01-31 00:00:00
C001628,direct,200+,BE,2026-01-03 00:00:00
C001629,seo,51-200,FR,2026-03-27 00:00:00
C001630,direct,200+,CA,2026-04-27 00:00:00
C001631,direct,1-10,FR,2026-06-12 00:00:00
C001632,sea,11-50,FR,2026-05-31 00:00:00
C001633,sea,1-10,FR,2026-03-18 00:00:00
C001634,seo,200+,FR,2026-06-19 00:00:00
C001635,seo,11-50,FR,2026-06-06 00:00:00
C001636,referral,51-200,FR,2026-05-31 00:00:00
C001637,direct,11-50,FR,2026-07-12 00:00:00
C001638,sea,200+,FR,2026-06-28 00:00:00
C001639,sea,200+,FR,2026-07-15 00:00:00
C001640,referral,200+,FR,2026-02-12 00:00:00
C001641,direct,200+,FR,2026-04-30 00:00:00
C001642,seo,11-50,FR,2026-05-30 00:00:00
C001643,seo,200+,FR,2026-02-21 00:00:00
C001644,sea,1-10,FR,2026-03-29 00:00:00
C001645,referral,51-200,FR,2026-01-04 00:00:00
C001646,direct,51-200,BE,2026-01-20 00:00:00
C001647,seo,200+,FR,2026-02-22 00:00:00
C001648,referral,200+,CA,2026-03-09 00:00:00
C001649,seo,51-200,FR,2026-01-27 00:00:00
C001650,direct,200+,FR,2026-02-22 00:00:00
C001651,referral,11-50,FR,2026-01-27 00:00:00
C001652,direct,1-10,FR,2026-05-25 00:00:00
C001653,direct,1-10,FR,2026-03-21 00:00:00
C001654,seo,200+,FR,2026-07-10 00:00:00
C001655,sea,11-50,FR,2026-06-15 00:00:00
C001656,referral,200+,BE,2026-01-01 00:00:00
C001657,referral,200+,BE,2026-03-23 00:00:00
C001658,seo,200+,FR,2026-05-10 00:00:00
C001659,seo,1-10,CH,2026-01-27 00:00:00
C001660,seo,1-10,FR,2026-05-10 00:00:00
C001661,seo,51-200,FR,2026-01-02 00:00:00
C001662,referral,11-50,FR,2026-03-20 00:00:00
C001663,sea,200+,FR,2026-02-06 00:00:00
C001664,seo,200+,FR,2026-02-18 00:00:00
C001665,direct,200+,FR,2026-02-07 00:00:00
C001666,seo,51-200,CA,2026-04-10 00:00:00
C001667,seo,51-200,FR,2026-04-17 00:00:00
C001668,sea,11-50,FR,2026-07-14 00:00:00
C001669,referral,1-10,FR,2026-03-07 00:00:00
C001670,seo,200+,FR,2026-05-18 00:00:00
C001671,sea,11-50,FR,2026-04-15 00:00:00
C001672,referral,1-10,FR,2026-02-14 00:00:00
C001673,direct,200+,FR,2026-06-17 00:00:00
C001674,sea,200+,CH,2026-05-18 00:00:00
C001675,sea,200+,CA,2026-05-27 00:00:00
C001676,seo,51-200,FR,2026-04-17 00:00:00
C001677,referral,11-50,BE,2026-06-28 00:00:00
C001678,referral,11-50,CH,2026-04-07 00:00:00
C001679,direct,200+,FR,2026-05-22 00:00:00
C001680,referral,200+,FR,2026-01-10 00:00:00
C001681,referral,1-10,FR,2026-03-14 00:00:00
C001682,direct,51-200,BE,2026-03-07 00:00:00
C001683,referral,200+,FR,2026-04-23 00:00:00
C001684,direct,1-10,FR,2026-02-18 00:00:00
C001685,referral,200+,FR,2026-06-17 00:00:00
C001686,direct,51-200,CA,2026-05-11 00:00:00
C001687,direct,1-10,CA,2026-03-14 00:00:00
C001688,seo,11-50,CA,2026-04-05 00:00:00
C001689,sea,11-50,FR,2026-07-09 00:00:00
C001690,seo,200+,CH,2026-02-07 00:00:00
C001691,direct,51-200,FR,2026-05-28 00:00:00
C001692,direct,1-10,FR,2026-06-22 00:00:00
C001693,direct,11-50,FR,2026-06-09 00:00:00
C001694,sea,11-50,FR,2026-03-05 00:00:00
C001695,direct,200+,FR,2026-03-09 00:00:00
C001696,seo,51-200,FR,2026-03-13 00:00:00
C001697,sea,200+,FR,2026-06-11 00:00:00
C001698,referral,11-50,BE,2026-05-14 00:00:00
C001699,direct,200+,FR,2026-02-13 00:00:00
C001700,sea,11-50,FR,2026-03-21 00:00:00
C001701,seo,1-10,FR,2026-06-17 00:00:00
C001702,seo,51-200,FR,2026-06-13 00:00:00
C001703,referral,200+,FR,2026-07-16 00:00:00
C001704,referral,11-50,BE,2026-02-16 00:00:00
C001705,sea,11-50,FR,2026-01-12 00:00:00
C001706,referral,11-50,CH,2026-01-11 00:00:00
C001707,direct,11-50,FR,2026-06-14 00:00:00
C001708,sea,51-200,CH,2026-03-31 00:00:00
C001709,direct,11-50,FR,2026-05-06 00:00:00
C001710,referral,200+,FR,2026-06-27 00:00:00
C001711,direct,1-10,FR,2026-04-05 00:00:00
C001712,seo,1-10,FR,2026-05-30 00:00:00
C001713,referral,1-10,FR,2026-04-25 00:00:00
C001714,direct,51-200,FR,2026-02-18 00:00:00
C001715,direct,11-50,FR,2026-02-15 00:00:00
C001716,sea,51-200,FR,2026-04-29 00:00:00
C001717,seo,11-50,FR,2026-05-07 00:00:00
C001718,sea,51-200,FR,2026-07-16 00:00:00
C001719,referral,11-50,FR,2026-02-25 00:00:00
C001720,seo,1-10,FR,2026-02-08 00:00:00
C001721,referral,200+,FR,2026-03-30 00:00:00
C001722,sea,11-50,CH,2026-05-11 00:00:00
C001723,direct,51-200,BE,2026-06-09 00:00:00
C001724,sea,11-50,BE,2026-07-11 00:00:00
C001725,referral,1-10,FR,2026-05-14 00:00:00
C001726,direct,11-50,FR,2026-01-22 00:00:00
C001727,sea,11-50,FR,2026-05-15 00:00:00
C001728,seo,11-50,FR,2026-05-24 00:00:00
C001729,referral,11-50,FR,2026-06-02 00:00:00
C001730,referral,200+,CH,2026-03-04 00:00:00
C001731,direct,1-10,FR,2026-06-17 00:00:00
C001732,sea,11-50,FR,2026-02-19 00:00:00
C001733,sea,51-200,CH,2026-03-12 00:00:00
C001734,direct,1-10,CH,2026-04-11 00:00:00
C001735,sea,11-50,BE,2026-04-12 00:00:00
C001736,referral,1-10,FR,2026-02-19 00:00:00
C001737,seo,200+,FR,2026-03-06 00:00:00
C001738,referral,1-10,FR,2026-05-12 00:00:00
C001739,referral,51-200,BE,2026-05-10 00:00:00
C001740,seo,1-10,FR,2026-03-15 00:00:00
C001741,direct,51-200,CA,2026-03-25 00:00:00
C001742,seo,200+,BE,2026-04-14 00:00:00
C001743,sea,11-50,FR,2026-03-21 00:00:00
C001744,referral,1-10,FR,2026-03-12 00:00:00
C001745,sea,200+,CA,2026-05-26 00:00:00
C001746,direct,11-50,FR,2026-01-17 00:00:00
C001747,sea,1-10,FR,2026-04-08 00:00:00
C001748,seo,11-50,FR,2026-01-04 00:00:00
C001749,seo,51-200,CH,2026-06-11 00:00:00
C001750,sea,11-50,FR,2026-01-20 00:00:00
C001751,seo,200+,FR,2026-06-03 00:00:00
C001752,sea,200+,CA,2026-03-23 00:00:00
C001753,referral,200+,FR,2026-07-02 00:00:00
C001754,seo,1-10,FR,2026-07-06 00:00:00
C001755,referral,1-10,CH,2026-02-28 00:00:00
C001756,referral,1-10,FR,2026-03-29 00:00:00
C001757,direct,11-50,CA,2026-03-22 00:00:00
C001758,sea,51-200,FR,2026-03-23 00:00:00
C001759,referral,1-10,FR,2026-01-23 00:00:00
C001760,sea,51-200,BE,2026-01-04 00:00:00
C001761,seo,1-10,CH,2026-06-13 00:00:00
C001762,direct,200+,FR,2026-01-24 00:00:00
C001763,referral,1-10,BE,2026-06-21 00:00:00
C001764,referral,11-50,FR,2026-04-20 00:00:00
C001765,referral,200+,FR,2026-03-03 00:00:00
C001766,seo,11-50,FR,2026-03-30 00:00:00
C001767,sea,11-50,BE,2026-01-02 00:00:00
C001768,direct,1-10,BE,2026-03-08 00:00:00
C001769,direct,11-50,FR,2026-03-16 00:00:00
C001770,direct,200+,FR,2026-05-03 00:00:00
C001771,sea,1-10,BE,2026-03-24 00:00:00
C001772,referral,51-200,FR,2026-02-25 00:00:00
C001773,referral,11-50,BE,2026-05-01 00:00:00
C001774,seo,51-200,FR,2026-06-12 00:00:00
C001775,referral,11-50,FR,2026-05-03 00:00:00
C001776,referral,11-50,FR,2026-03-23 00:00:00
C001777,seo,1-10,BE,2026-01-25 00:00:00
C001778,seo,51-200,BE,2026-07-07 00:00:00
C001779,seo,51-200,CH,2026-04-23 00:00:00
C001780,sea,51-200,BE,2026-05-27 00:00:00
C001781,referral,51-200,CH,2026-02-08 00:00:00
C001782,sea,200+,FR,2026-02-03 00:00:00
C001783,sea,1-10,CA,2026-05-17 00:00:00
C001784,sea,51-200,FR,2026-03-17 00:00:00
C001785,seo,11-50,BE,2026-01-25 00:00:00
C001786,direct,11-50,FR,2026-07-15 00:00:00
C001787,referral,51-200,FR,2026-01-06 00:00:00
C001788,referral,1-10,FR,2026-02-18 00:00:00
C001789,seo,200+,CH,2026-01-27 00:00:00
C001790,referral,200+,FR,2026-06-01 00:00:00
C001791,referral,51-200,FR,2026-05-25 00:00:00
C001792,sea,1-10,FR,2026-06-11 00:00:00
C001793,seo,200+,FR,2026-04-09 00:00:00
C001794,referral,11-50,CA,2026-03-24 00:00:00
C001795,referral,200+,FR,2026-04-28 00:00:00
C001796,seo,11-50,BE,2026-07-19 00:00:00
C001797,sea,200+,CA,2026-04-29 00:00:00
C001798,direct,11-50,FR,2026-06-16 00:00:00
C001799,sea,1-10,FR,2026-03-28 00:00:00
C001800,direct,51-200,CA,2026-04-10 00:00:00
C001801,direct,1-10,FR,2026-05-13 00:00:00
C001802,direct,51-200,FR,2026-04-15 00:00:00
C001803,direct,200+,FR,2026-05-07 00:00:00
C001804,direct,11-50,BE,2026-05-11 00:00:00
C001805,direct,1-10,FR,2026-05-13 00:00:00
C001806,direct,51-200,FR,2026-05-19 00:00:00
C001807,seo,1-10,BE,2026-01-24 00:00:00
C001808,sea,11-50,CA,2026-05-01 00:00:00
C001809,seo,1-10,FR,2026-04-07 00:00:00
C001810,direct,1-10,FR,2026-01-15 00:00:00
C001811,seo,11-50,FR,2026-02-17 00:00:00
C001812,direct,200+,CH,2026-06-16 00:00:00
C001813,direct,200+,FR,2026-04-03 00:00:00
C001814,sea,1-10,FR,2026-05-08 00:00:00
C001815,referral,11-50,FR,2026-03-29 00:00:00
C001816,seo,1-10,FR,2026-04-04 00:00:00
C001817,direct,200+,FR,2026-03-21 00:00:00
C001818,direct,1-10,CH,2026-03-06 00:00:00
C001819,referral,11-50,CA,2026-05-07 00:00:00
C001820,seo,51-200,FR,2026-06-19 00:00:00
C001821,seo,51-200,FR,2026-02-06 00:00:00
C001822,seo,200+,FR,2026-03-14 00:00:00
C001823,sea,51-200,FR,2026-02-08 00:00:00
C001824,referral,51-200,FR,2026-06-18 00:00:00
C001825,direct,1-10,CH,2026-03-05 00:00:00
C001826,direct,51-200,FR,2026-02-03 00:00:00
C001827,referral,1-10,FR,2026-06-03 00:00:00
C001828,sea,1-10,CA,2026-05-09 00:00:00
C001829,direct,200+,CH,2026-04-27 00:00:00
C001830,seo,200+,FR,2026-04-23 00:00:00
C001831,seo,1-10,FR,2026-05-27 00:00:00
C001832,direct,51-200,FR,2026-03-12 00:00:00
C001833,referral,200+,CA,2026-07-06 00:00:00
C001834,referral,51-200,FR,2026-05-25 00:00:00
C001835,direct,11-50,CH,2026-06-02 00:00:00
C001836,referral,11-50,FR,2026-03-17 00:00:00
C001837,seo,51-200,FR,2026-07-19 00:00:00
C001838,referral,1-10,FR,2026-01-31 00:00:00
C001839,seo,1-10,FR,2026-07-16 00:00:00
C001840,direct,1-10,FR,2026-07-19 00:00:00
C001841,sea,1-10,CA,2026-04-26 00:00:00
C001842,direct,200+,CA,2026-03-03 00:00:00
C001843,direct,51-200,FR,2026-06-13 00:00:00
C001844,sea,1-10,FR,2026-01-11 00:00:00
C001845,direct,200+,FR,2026-04-08 00:00:00
C001846,sea,200+,FR,2026-03-05 00:00:00
C001847,sea,51-200,BE,2026-04-24 00:00:00
C001848,direct,51-200,BE,2026-07-05 00:00:00
C001849,direct,200+,FR,2026-02-26 00:00:00
C001850,direct,200+,FR,2026-05-26 00:00:00
C001851,seo,11-50,CA,2026-03-29 00:00:00
C001852,referral,200+,CA,2026-05-01 00:00:00
C001853,seo,11-50,BE,2026-06-06 00:00:00
C001854,sea,200+,FR,2026-02-10 00:00:00
C001855,sea,11-50,BE,2026-02-16 00:00:00
C001856,direct,11-50,CH,2026-07-08 00:00:00
C001857,direct,1-10,FR,2026-02-08 00:00:00
C001858,sea,11-50,CH,2026-01-12 00:00:00
C001859,direct,1-10,FR,2026-05-28 00:00:00
C001860,sea,200+,FR,2026-01-09 00:00:00
C001861,referral,200+,FR,2026-03-27 00:00:00
C001862,referral,11-50,BE,2026-01-27 00:00:00
C001863,seo,200+,FR,2026-07-15 00:00:00
C001864,direct,1-10,FR,2026-03-29 00:00:00
C001865,referral,200+,FR,2026-07-11 00:00:00
C001866,referral,51-200,FR,2026-05-19 00:00:00
C001867,seo,200+,FR,2026-03-25 00:00:00
C001868,referral,51-200,FR,2026-01-21 00:00:00
C001869,seo,200+,FR,2026-05-23 00:00:00
C001870,seo,200+,FR,2026-07-16 00:00:00
C001871,direct,51-200,FR,2026-01-05 00:00:00
C001872,sea,11-50,FR,2026-01-13 00:00:00
C001873,direct,51-200,FR,2026-06-22 00:00:00
C001874,referral,200+,BE,2026-01-15 00:00:00
C001875,direct,200+,BE,2026-07-19 00:00:00
C001876,referral,200+,FR,2026-03-20 00:00:00
C001877,referral,200+,FR,2026-04-12 00:00:00
C001878,direct,1-10,CH,2026-04-16 00:00:00
C001879,seo,200+,CA,2026-07-03 00:00:00
C001880,seo,200+,FR,2026-03-03 00:00:00
C001881,referral,51-200,FR,2026-02-26 00:00:00
C001882,direct,1-10,FR,2026-02-27 00:00:00
C001883,referral,51-200,FR,2026-02-03 00:00:00
C001884,sea,11-50,BE,2026-01-09 00:00:00
C001885,referral,200+,FR,2026-07-12 00:00:00
C001886,sea,200+,FR,2026-02-16 00:00:00
C001887,referral,11-50,FR,2026-04-28 00:00:00
C001888,seo,200+,FR,2026-06-16 00:00:00
C001889,seo,200+,FR,2026-06-05 00:00:00
C001890,seo,11-50,CH,2026-05-06 00:00:00
C001891,direct,11-50,FR,2026-06-27 00:00:00
C001892,direct,200+,FR,2026-04-14 00:00:00
C001893,direct,1-10,FR,2026-05-06 00:00:00
C001894,direct,11-50,FR,2026-06-17 00:00:00
C001895,sea,200+,FR,2026-06-05 00:00:00
C001896,direct,200+,FR,2026-03-18 00:00:00
C001897,referral,51-200,FR,2026-01-08 00:00:00
C001898,direct,200+,CA,2026-03-15 00:00:00
C001899,direct,11-50,BE,2026-06-28 00:00:00
C001900,sea,51-200,FR,2026-07-14 00:00:00
C001901,sea,200+,CA,2026-06-21 00:00:00
C001902,seo,200+,FR,2026-05-02 00:00:00
C001903,referral,1-10,CA,2026-07-10 00:00:00
C001904,referral,1-10,FR,2026-06-09 00:00:00
C001905,referral,11-50,FR,2026-03-11 00:00:00
C001906,seo,1-10,FR,2026-07-12 00:00:00
C001907,seo,200+,CA,2026-04-28 00:00:00
C001908,seo,200+,CH,2026-06-08 00:00:00
C001909,sea,11-50,FR,2026-01-25 00:00:00
C001910,referral,11-50,FR,2026-03-25 00:00:00
C001911,seo,200+,FR,2026-03-29 00:00:00
C001912,referral,200+,BE,2026-05-05 00:00:00
C001913,direct,200+,FR,2026-03-07 00:00:00
C001914,direct,1-10,FR,2026-03-09 00:00:00
C001915,direct,1-10,FR,2026-03-13 00:00:00
C001916,direct,51-200,CH,2026-02-18 00:00:00
C001917,seo,200+,CH,2026-03-05 00:00:00
C001918,seo,11-50,FR,2026-04-07 00:00:00
C001919,seo,11-50,BE,2026-01-05 00:00:00
C001920,seo,1-10,FR,2026-03-17 00:00:00
C001921,direct,200+,FR,2026-03-13 00:00:00
C001922,referral,11-50,CH,2026-03-14 00:00:00
C001923,seo,11-50,FR,2026-01-14 00:00:00
C001924,referral,1-10,FR,2026-05-16 00:00:00
C001925,referral,1-10,FR,2026-05-27 00:00:00
C001926,direct,51-200,CA,2026-01-06 00:00:00
C001927,seo,51-200,FR,2026-03-22 00:00:00
C001928,referral,51-200,CA,2026-07-15 00:00:00
C001929,seo,200+,FR,2026-04-06 00:00:00
C001930,sea,200+,FR,2026-04-23 00:00:00
C001931,referral,1-10,FR,2026-05-16 00:00:00
C001932,seo,11-50,CH,2026-03-31 00:00:00
C001933,sea,11-50,FR,2026-03-13 00:00:00
C001934,sea,11-50,CH,2026-01-06 00:00:00
C001935,seo,51-200,FR,2026-04-13 00:00:00
C001936,direct,200+,FR,2026-02-04 00:00:00
C001937,sea,1-10,CA,2026-01-28 00:00:00
C001938,seo,1-10,CH,2026-07-13 00:00:00
C001939,direct,11-50,CH,2026-05-02 00:00:00
C001940,referral,200+,FR,2026-05-30 00:00:00
C001941,referral,11-50,CA,2026-01-22 00:00:00
C001942,direct,200+,FR,2026-03-02 00:00:00
C001943,sea,51-200,FR,2026-01-29 00:00:00
C001944,direct,200+,CH,2026-06-12 00:00:00
C001945,direct,200+,FR,2026-03-01 00:00:00
C001946,seo,1-10,FR,2026-02-23 00:00:00
C001947,seo,200+,FR,2026-01-17 00:00:00
C001948,sea,51-200,FR,2026-07-09 00:00:00
C001949,direct,1-10,CH,2026-06-28 00:00:00
C001950,seo,1-10,FR,2026-02-18 00:00:00
C001951,referral,11-50,FR,2026-01-05 00:00:00
C001952,direct,200+,FR,2026-05-11 00:00:00
C001953,sea,1-10,BE,2026-02-11 00:00:00
C001954,direct,11-50,CH,2026-02-28 00:00:00
C001955,seo,1-10,FR,2026-05-16 00:00:00
C001956,sea,1-10,FR,2026-05-23 00:00:00
C001957,sea,51-200,FR,2026-01-16 00:00:00
C001958,sea,1-10,FR,2026-03-14 00:00:00
C001959,seo,11-50,FR,2026-07-10 00:00:00
C001960,referral,200+,FR,2026-07-14 00:00:00
C001961,direct,51-200,BE,2026-05-24 00:00:00
C001962,seo,51-200,CH,2026-02-12 00:00:00
C001963,seo,11-50,FR,2026-06-24 00:00:00
C001964,seo,200+,FR,2026-01-22 00:00:00
C001965,seo,11-50,FR,2026-02-05 00:00:00
C001966,direct,200+,FR,2026-02-11 00:00:00
C001967,seo,200+,FR,2026-02-07 00:00:00
C001968,sea,51-200,FR,2026-03-21 00:00:00
C001969,direct,51-200,FR,2026-03-22 00:00:00
C001970,seo,1-10,FR,2026-05-13 00:00:00
C001971,direct,51-200,FR,2026-03-03 00:00:00
C001972,direct,200+,FR,2026-05-08 00:00:00
C001973,sea,11-50,CH,2026-01-02 00:00:00
C001974,referral,11-50,FR,2026-05-18 00:00:00
C001975,sea,11-50,FR,2026-04-27 00:00:00
C001976,direct,51-200,BE,2026-07-04 00:00:00
C001977,referral,1-10,FR,2026-01-30 00:00:00
C001978,direct,51-200,FR,2026-04-13 00:00:00
C001979,seo,51-200,FR,2026-06-05 00:00:00
C001980,referral,200+,FR,2026-06-25 00:00:00
C001981,direct,200+,FR,2026-06-06 00:00:00
C001982,seo,1-10,FR,2026-07-06 00:00:00
C001983,sea,200+,FR,2026-06-17 00:00:00
C001984,referral,51-200,CH,2026-04-13 00:00:00
C001985,referral,11-50,FR,2026-07-03 00:00:00
C001986,referral,11-50,FR,2026-04-30 00:00:00
C001987,seo,1-10,CA,2026-06-15 00:00:00
C001988,referral,11-50,FR,2026-04-09 00:00:00
C001989,direct,200+,FR,2026-06-05 00:00:00
C001990,referral,11-50,CH,2026-01-20 00:00:00
C001991,seo,51-200,FR,2026-06-19 00:00:00
C001992,direct,51-200,CH,2026-05-23 00:00:00
C001993,sea,11-50,FR,2026-02-09 00:00:00
C001994,seo,200+,FR,2026-07-11 00:00:00
C001995,sea,200+,FR,2026-07-18 00:00:00
C001996,seo,51-200,FR,2026-02-06 00:00:00
C001997,seo,200+,FR,2026-03-12 00:00:00
C001998,direct,51-200,FR,2026-05-26 00:00:00
C001999,seo,1-10,FR,2026-07-01 00:00:00
C002000,referral,1-10,FR,2026-01-06 00:00:00
C002001,referral,200+,FR,2026-01-14 00:00:00
C002002,direct,51-200,FR,2026-01-01 00:00:00
C002003,direct,1-10,FR,2026-04-09 00:00:00
C002004,seo,200+,FR,2026-02-17 00:00:00
C002005,direct,200+,CA,2026-01-11 00:00:00
C002006,referral,51-200,FR,2026-03-18 00:00:00
C002007,direct,1-10,FR,2026-07-12 00:00:00
C002008,seo,51-200,FR,2026-03-05 00:00:00
C002009,direct,1-10,BE,2026-05-10 00:00:00
C002010,seo,51-200,FR,2026-02-10 00:00:00
C002011,referral,200+,FR,2026-03-30 00:00:00
C002012,seo,11-50,FR,2026-04-13 00:00:00
C002013,seo,11-50,FR,2026-07-12 00:00:00
C002014,seo,11-50,FR,2026-05-22 00:00:00
C002015,direct,11-50,FR,2026-05-03 00:00:00
C002016,sea,11-50,FR,2026-05-31 00:00:00
C002017,seo,200+,CH,2026-06-14 00:00:00
C002018,seo,11-50,FR,2026-02-03 00:00:00
C002019,seo,11-50,CA,2026-07-03 00:00:00
C002020,referral,200+,FR,2026-05-12 00:00:00
C002021,direct,200+,CH,2026-07-12 00:00:00
C002022,referral,11-50,FR,2026-03-15 00:00:00
C002023,referral,11-50,CA,2026-05-06 00:00:00
C002024,referral,11-50,FR,2026-02-04 00:00:00
C002025,direct,1-10,FR,2026-07-07 00:00:00
C002026,direct,1-10,BE,2026-04-15 00:00:00
C002027,referral,51-200,FR,2026-05-24 00:00:00
C002028,sea,11-50,FR,2026-03-29 00:00:00
C002029,seo,51-200,FR,2026-03-13 00:00:00
C002030,seo,51-200,FR,2026-06-24 00:00:00
C002031,seo,1-10,FR,2026-03-05 00:00:00
C002032,sea,1-10,FR,2026-07-06 00:00:00
C002033,referral,51-200,FR,2026-03-25 00:00:00
C002034,direct,11-50,FR,2026-05-17 00:00:00
C002035,direct,51-200,FR,2026-05-08 00:00:00
C002036,referral,11-50,FR,2026-07-15 00:00:00
C002037,sea,51-200,CA,2026-07-12 00:00:00
C002038,direct,11-50,FR,2026-04-17 00:00:00
C002039,sea,1-10,BE,2026-05-20 00:00:00
C002040,seo,51-200,FR,2026-04-09 00:00:00
C002041,referral,1-10,FR,2026-06-16 00:00:00
C002042,seo,51-200,FR,2026-05-26 00:00:00
C002043,referral,11-50,FR,2026-04-22 00:00:00
C002044,sea,1-10,FR,2026-02-07 00:00:00
C002045,sea,11-50,FR,2026-05-17 00:00:00
C002046,direct,200+,CH,2026-01-17 00:00:00
C002047,referral,1-10,FR,2026-04-08 00:00:00
C002048,sea,1-10,BE,2026-07-08 00:00:00
C002049,sea,51-200,FR,2026-03-10 00:00:00
C002050,direct,200+,FR,2026-04-27 00:00:00
C002051,referral,51-200,FR,2026-07-11 00:00:00
C002052,referral,200+,FR,2026-03-14 00:00:00
C002053,sea,51-200,FR,2026-06-01 00:00:00
C002054,sea,11-50,FR,2026-04-01 00:00:00
C002055,direct,51-200,FR,2026-06-15 00:00:00
C002056,referral,51-200,FR,2026-03-20 00:00:00
C002057,sea,1-10,FR,2026-03-02 00:00:00
C002058,direct,11-50,CA,2026-02-28 00:00:00
C002059,direct,51-200,FR,2026-06-26 00:00:00
C002060,seo,11-50,FR,2026-06-05 00:00:00
C002061,sea,51-200,CH,2026-03-20 00:00:00
C002062,sea,200+,CH,2026-04-18 00:00:00
C002063,seo,1-10,FR,2026-05-17 00:00:00
C002064,sea,51-200,FR,2026-04-22 00:00:00
C002065,direct,1-10,FR,2026-06-17 00:00:00
C002066,seo,51-200,CH,2026-06-25 00:00:00
C002067,seo,200+,FR,2026-03-01 00:00:00
C002068,sea,200+,BE,2026-05-30 00:00:00
C002069,seo,51-200,CH,2026-01-21 00:00:00
C002070,referral,200+,FR,2026-03-11 00:00:00
C002071,seo,11-50,CH,2026-05-09 00:00:00
C002072,direct,51-200,FR,2026-03-07 00:00:00
C002073,direct,200+,FR,2026-01-11 00:00:00
C002074,referral,200+,BE,2026-07-04 00:00:00
C002075,referral,200+,FR,2026-07-14 00:00:00
C002076,referral,200+,FR,2026-03-14 00:00:00
C002077,sea,1-10,CH,2026-05-06 00:00:00
C002078,direct,51-200,CA,2026-03-03 00:00:00
C002079,seo,11-50,FR,2026-07-07 00:00:00
C002080,seo,200+,FR,2026-03-02 00:00:00
C002081,seo,1-10,FR,2026-06-12 00:00:00
C002082,referral,200+,CH,2026-02-28 00:00:00
C002083,direct,200+,BE,2026-04-20 00:00:00
C002084,sea,11-50,FR,2026-02-21 00:00:00
C002085,seo,11-50,CA,2026-01-05 00:00:00
C002086,direct,11-50,BE,2026-01-27 00:00:00
C002087,seo,1-10,FR,2026-04-14 00:00:00
C002088,seo,1-10,FR,2026-04-25 00:00:00
C002089,referral,11-50,FR,2026-07-12 00:00:00
C002090,sea,51-200,FR,2026-03-30 00:00:00
C002091,referral,1-10,FR,2026-06-07 00:00:00
C002092,seo,200+,CA,2026-04-10 00:00:00
C002093,direct,200+,FR,2026-03-22 00:00:00
C002094,sea,11-50,FR,2026-07-09 00:00:00
C002095,seo,1-10,CH,2026-06-27 00:00:00
C002096,referral,11-50,FR,2026-02-24 00:00:00
C002097,seo,200+,FR,2026-04-25 00:00:00
C002098,sea,11-50,FR,2026-06-25 00:00:00
C002099,sea,51-200,FR,2026-01-07 00:00:00
C002100,direct,51-200,FR,2026-03-03 00:00:00
C002101,referral,200+,FR,2026-03-18 00:00:00
C002102,direct,11-50,CA,2026-03-28 00:00:00
C002103,direct,1-10,FR,2026-03-11 00:00:00
C002104,sea,51-200,FR,2026-01-03 00:00:00
C002105,referral,11-50,CA,2026-05-10 00:00:00
C002106,referral,1-10,CA,2026-03-26 00:00:00
C002107,sea,200+,FR,2026-01-14 00:00:00
C002108,referral,1-10,BE,2026-03-07 00:00:00
C002109,seo,1-10,BE,2026-06-23 00:00:00
C002110,seo,200+,CH,2026-05-26 00:00:00
C002111,sea,200+,FR,2026-07-10 00:00:00
C002112,referral,51-200,FR,2026-02-09 00:00:00
C002113,seo,51-200,FR,2026-04-17 00:00:00
C002114,referral,1-10,FR,2026-02-17 00:00:00
C002115,referral,1-10,CH,2026-01-21 00:00:00
C002116,direct,200+,FR,2026-04-09 00:00:00
C002117,sea,11-50,FR,2026-06-02 00:00:00
C002118,sea,200+,FR,2026-03-14 00:00:00
C002119,sea,1-10,FR,2026-03-09 00:00:00
C002120,seo,11-50,FR,2026-04-24 00:00:00
C002121,direct,1-10,BE,2026-07-17 00:00:00
C002122,referral,1-10,FR,2026-05-31 00:00:00
C002123,sea,51-200,CA,2026-04-30 00:00:00
C002124,direct,200+,FR,2026-01-26 00:00:00
C002125,direct,1-10,FR,2026-03-28 00:00:00
C002126,seo,1-10,FR,2026-06-16 00:00:00
C002127,sea,200+,FR,2026-02-17 00:00:00
C002128,seo,51-200,FR,2026-06-13 00:00:00
C002129,direct,1-10,FR,2026-06-01 00:00:00
C002130,seo,51-200,CH,2026-05-30 00:00:00
C002131,direct,11-50,FR,2026-04-30 00:00:00
C002132,direct,200+,FR,2026-04-15 00:00:00
C002133,referral,11-50,FR,2026-04-04 00:00:00
C002134,direct,1-10,FR,2026-01-26 00:00:00
C002135,referral,51-200,FR,2026-07-14 00:00:00
C002136,seo,51-200,FR,2026-04-21 00:00:00
C002137,direct,1-10,FR,2026-04-26 00:00:00
C002138,direct,51-200,CA,2026-05-01 00:00:00
C002139,seo,1-10,FR,2026-05-03 00:00:00
C002140,sea,200+,CA,2026-01-02 00:00:00
C002141,sea,1-10,FR,2026-01-04 00:00:00
C002142,seo,11-50,FR,2026-04-25 00:00:00
C002143,seo,51-200,FR,2026-07-02 00:00:00
C002144,seo,1-10,FR,2026-03-06 00:00:00
C002145,direct,51-200,FR,2026-07-17 00:00:00
C002146,seo,51-200,FR,2026-05-25 00:00:00
C002147,sea,51-200,FR,2026-03-14 00:00:00
C002148,seo,51-200,CH,2026-03-20 00:00:00
C002149,sea,200+,FR,2026-05-09 00:00:00
C002150,seo,11-50,FR,2026-06-05 00:00:00
C002151,direct,200+,FR,2026-04-20 00:00:00
C002152,seo,1-10,CA,2026-03-16 00:00:00
C002153,seo,200+,FR,2026-05-12 00:00:00
C002154,seo,51-200,FR,2026-07-10 00:00:00
C002155,direct,11-50,FR,2026-02-18 00:00:00
C002156,seo,200+,FR,2026-01-06 00:00:00
C002157,direct,1-10,FR,2026-07-17 00:00:00
C002158,sea,51-200,FR,2026-05-03 00:00:00
C002159,sea,1-10,CA,2026-01-30 00:00:00
C002160,direct,51-200,CA,2026-07-17 00:00:00
C002161,direct,11-50,CH,2026-02-03 00:00:00
C002162,direct,200+,FR,2026-02-08 00:00:00
C002163,direct,1-10,CA,2026-01-23 00:00:00
C002164,referral,200+,FR,2026-07-03 00:00:00
C002165,sea,11-50,FR,2026-03-21 00:00:00
C002166,seo,51-200,CH,2026-04-02 00:00:00
C002167,referral,1-10,CH,2026-06-11 00:00:00
C002168,direct,200+,CA,2026-06-03 00:00:00
C002169,referral,51-200,FR,2026-02-05 00:00:00
C002170,seo,200+,FR,2026-05-08 00:00:00
C002171,seo,1-10,FR,2026-04-12 00:00:00
C002172,seo,51-200,FR,2026-01-31 00:00:00
C002173,seo,51-200,FR,2026-05-15 00:00:00
C002174,referral,51-200,BE,2026-06-12 00:00:00
C002175,sea,1-10,FR,2026-01-30 00:00:00
C002176,referral,11-50,FR,2026-02-09 00:00:00
C002177,seo,200+,FR,2026-04-07 00:00:00
C002178,direct,1-10,FR,2026-06-25 00:00:00
C002179,direct,11-50,FR,2026-06-08 00:00:00
C002180,sea,1-10,FR,2026-04-19 00:00:00
C002181,seo,11-50,FR,2026-02-06 00:00:00
C002182,direct,51-200,FR,2026-07-17 00:00:00
C002183,referral,1-10,FR,2026-06-18 00:00:00
C002184,direct,200+,FR,2026-04-19 00:00:00
C002185,seo,11-50,FR,2026-04-10 00:00:00
C002186,seo,200+,FR,2026-07-01 00:00:00
C002187,seo,11-50,FR,2026-02-08 00:00:00
C002188,direct,11-50,CA,2026-01-30 00:00:00
C002189,referral,11-50,CA,2026-05-24 00:00:00
C002190,direct,11-50,FR,2026-02-09 00:00:00
C002191,seo,51-200,FR,2026-07-05 00:00:00
C002192,direct,200+,FR,2026-02-13 00:00:00
C002193,direct,200+,BE,2026-04-16 00:00:00
C002194,sea,1-10,FR,2026-04-21 00:00:00
C002195,direct,11-50,FR,2026-04-17 00:00:00
C002196,direct,51-200,CH,2026-06-03 00:00:00
C002197,direct,11-50,FR,2026-02-28 00:00:00
C002198,direct,200+,BE,2026-05-04 00:00:00
C002199,referral,11-50,BE,2026-02-15 00:00:00
C002200,direct,11-50,FR,2026-07-03 00:00:00
C002201,referral,11-50,FR,2026-02-10 00:00:00
C002202,sea,51-200,CH,2026-04-18 00:00:00
C002203,seo,51-200,CA,2026-03-24 00:00:00
C002204,seo,200+,FR,2026-03-27 00:00:00
C002205,referral,200+,FR,2026-04-13 00:00:00
C002206,referral,11-50,FR,2026-06-29 00:00:00
C002207,direct,1-10,BE,2026-05-17 00:00:00
C002208,sea,1-10,CH,2026-05-25 00:00:00
C002209,referral,200+,CH,2026-07-07 00:00:00
C002210,direct,200+,FR,2026-01-23 00:00:00
C002211,referral,11-50,FR,2026-06-08 00:00:00
C002212,sea,1-10,FR,2026-05-26 00:00:00
C002213,direct,51-200,FR,2026-04-18 00:00:00
C002214,seo,51-200,FR,2026-06-02 00:00:00
C002215,direct,1-10,FR,2026-06-11 00:00:00
C002216,sea,51-200,BE,2026-02-11 00:00:00
C002217,referral,51-200,FR,2026-05-30 00:00:00
C002218,direct,200+,BE,2026-05-17 00:00:00
C002219,referral,51-200,BE,2026-06-08 00:00:00
C002220,referral,1-10,CA,2026-04-18 00:00:00
C002221,seo,1-10,FR,2026-01-19 00:00:00
C002222,seo,1-10,FR,2026-03-16 00:00:00
C002223,seo,1-10,FR,2026-07-18 00:00:00
C002224,seo,51-200,FR,2026-05-27 00:00:00
C002225,direct,200+,FR,2026-01-08 00:00:00
C002226,sea,51-200,FR,2026-05-02 00:00:00
C002227,seo,51-200,FR,2026-06-18 00:00:00
C002228,direct,11-50,CA,2026-03-11 00:00:00
C002229,sea,200+,FR,2026-06-25 00:00:00
C002230,referral,1-10,FR,2026-07-03 00:00:00
C002231,direct,11-50,CA,2026-06-28 00:00:00
C002232,sea,51-200,FR,2026-05-06 00:00:00
C002233,seo,51-200,FR,2026-02-01 00:00:00
C002234,seo,200+,FR,2026-04-07 00:00:00
C002235,sea,200+,CA,2026-04-10 00:00:00
C002236,seo,1-10,FR,2026-04-02 00:00:00
C002237,direct,200+,CH,2026-05-06 00:00:00
C002238,referral,200+,CH,2026-03-17 00:00:00
C002239,sea,11-50,FR,2026-06-25 00:00:00
C002240,seo,51-200,FR,2026-02-16 00:00:00
C002241,referral,200+,FR,2026-04-09 00:00:00
C002242,seo,51-200,FR,2026-04-18 00:00:00
C002243,seo,1-10,FR,2026-04-30 00:00:00
C002244,direct,200+,FR,2026-04-12 00:00:00
C002245,referral,200+,FR,2026-06-03 00:00:00
C002246,referral,51-200,FR,2026-04-30 00:00:00
C002247,referral,1-10,CH,2026-07-17 00:00:00
C002248,referral,11-50,FR,2026-06-21 00:00:00
C002249,direct,200+,BE,2026-02-03 00:00:00
C002250,sea,200+,FR,2026-01-23 00:00:00
C002251,seo,51-200,BE,2026-07-08 00:00:00
C002252,sea,11-50,FR,2026-04-04 00:00:00
C002253,seo,1-10,FR,2026-01-05 00:00:00
C002254,direct,1-10,FR,2026-01-18 00:00:00
C002255,referral,11-50,CA,2026-04-23 00:00:00
C002256,sea,200+,FR,2026-01-14 00:00:00
C002257,direct,1-10,FR,2026-06-20 00:00:00
C002258,sea,1-10,CH,2026-04-05 00:00:00
C002259,sea,11-50,BE,2026-05-09 00:00:00
C002260,seo,51-200,BE,2026-01-26 00:00:00
C002261,direct,51-200,FR,2026-03-03 00:00:00
C002262,sea,200+,FR,2026-04-30 00:00:00
C002263,sea,1-10,FR,2026-03-10 00:00:00
C002264,seo,11-50,FR,2026-01-15 00:00:00
C002265,sea,51-200,CH,2026-06-22 00:00:00
C002266,direct,200+,CH,2026-05-08 00:00:00
C002267,sea,11-50,FR,2026-02-11 00:00:00
C002268,direct,1-10,FR,2026-01-14 00:00:00
C002269,seo,200+,FR,2026-02-16 00:00:00
C002270,seo,200+,BE,2026-06-19 00:00:00
C002271,sea,11-50,FR,2026-05-10 00:00:00
C002272,sea,200+,FR,2026-02-01 00:00:00
C002273,seo,200+,FR,2026-04-11 00:00:00
C002274,direct,1-10,FR,2026-03-08 00:00:00
C002275,sea,1-10,FR,2026-02-16 00:00:00
C002276,seo,1-10,FR,2026-02-07 00:00:00
C002277,seo,200+,FR,2026-04-03 00:00:00
C002278,direct,51-200,FR,2026-05-27 00:00:00
C002279,direct,1-10,FR,2026-03-03 00:00:00
C002280,seo,1-10,CA,2026-01-13 00:00:00
C002281,direct,11-50,FR,2026-01-28 00:00:00
C002282,sea,11-50,CA,2026-04-16 00:00:00
C002283,referral,51-200,BE,2026-05-20 00:00:00
C002284,direct,200+,FR,2026-04-11 00:00:00
C002285,sea,1-10,FR,2026-06-02 00:00:00
C002286,direct,200+,FR,2026-01-25 00:00:00
C002287,sea,51-200,CA,2026-02-12 00:00:00
C002288,direct,51-200,FR,2026-06-26 00:00:00
C002289,direct,1-10,CA,2026-04-22 00:00:00
C002290,sea,11-50,FR,2026-04-26 00:00:00
C002291,seo,51-200,FR,2026-06-27 00:00:00
C002292,referral,51-200,FR,2026-01-29 00:00:00
C002293,referral,200+,FR,2026-06-18 00:00:00
C002294,seo,11-50,BE,2026-06-04 00:00:00
C002295,seo,1-10,CH,2026-07-04 00:00:00
C002296,direct,51-200,CH,2026-06-12 00:00:00
C002297,direct,1-10,FR,2026-05-30 00:00:00
C002298,referral,1-10,FR,2026-06-13 00:00:00
C002299,sea,200+,FR,2026-05-13 00:00:00
C002300,sea,200+,CH,2026-01-19 00:00:00
C002301,direct,1-10,FR,2026-03-30 00:00:00
C002302,sea,200+,FR,2026-06-10 00:00:00
C002303,seo,200+,FR,2026-02-14 00:00:00
C002304,referral,11-50,BE,2026-04-19 00:00:00
C002305,seo,1-10,FR,2026-03-18 00:00:00
C002306,sea,1-10,BE,2026-01-13 00:00:00
C002307,referral,200+,CH,2026-02-06 00:00:00
C002308,sea,51-200,FR,2026-04-17 00:00:00
C002309,referral,200+,CH,2026-03-22 00:00:00
C002310,direct,200+,BE,2026-01-31 00:00:00
C002311,seo,200+,FR,2026-07-06 00:00:00
C002312,seo,11-50,FR,2026-07-06 00:00:00
C002313,referral,1-10,FR,2026-01-09 00:00:00
C002314,direct,11-50,FR,2026-01-11 00:00:00
C002315,seo,1-10,FR,2026-03-22 00:00:00
C002316,referral,11-50,CH,2026-06-18 00:00:00
C002317,direct,1-10,FR,2026-05-05 00:00:00
C002318,sea,51-200,CA,2026-06-10 00:00:00
C002319,seo,11-50,FR,2026-01-25 00:00:00
C002320,sea,1-10,CH,2026-06-16 00:00:00
C002321,seo,51-200,FR,2026-02-16 00:00:00
C002322,seo,1-10,FR,2026-05-19 00:00:00
C002323,direct,51-200,FR,2026-02-14 00:00:00
C002324,sea,11-50,FR,2026-03-25 00:00:00
C002325,direct,51-200,BE,2026-03-06 00:00:00
C002326,sea,51-200,FR,2026-05-04 00:00:00
C002327,referral,1-10,FR,2026-04-01 00:00:00
C002328,seo,1-10,CH,2026-03-16 00:00:00
C002329,direct,1-10,CA,2026-01-15 00:00:00
C002330,seo,200+,FR,2026-05-26 00:00:00
C002331,referral,200+,FR,2026-07-04 00:00:00
C002332,seo,51-200,FR,2026-02-19 00:00:00
C002333,referral,51-200,FR,2026-04-25 00:00:00
C002334,referral,11-50,FR,2026-06-18 00:00:00
C002335,seo,11-50,CA,2026-03-13 00:00:00
C002336,seo,11-50,CH,2026-04-12 00:00:00
C002337,direct,1-10,FR,2026-04-17 00:00:00
C002338,direct,200+,FR,2026-06-06 00:00:00
C002339,referral,1-10,CH,2026-01-15 00:00:00
C002340,referral,200+,FR,2026-02-28 00:00:00
C002341,referral,51-200,FR,2026-03-27 00:00:00
C002342,referral,11-50,CH,2026-05-03 00:00:00
C002343,direct,200+,FR,2026-02-19 00:00:00
C002344,seo,11-50,FR,2026-01-02 00:00:00
C002345,referral,200+,FR,2026-01-11 00:00:00
C002346,referral,11-50,FR,2026-02-04 00:00:00
C002347,sea,1-10,FR,2026-05-09 00:00:00
C002348,seo,51-200,FR,2026-06-13 00:00:00
C002349,direct,51-200,FR,2026-05-01 00:00:00
C002350,direct,11-50,FR,2026-02-10 00:00:00
C002351,seo,51-200,FR,2026-01-04 00:00:00
C002352,sea,11-50,FR,2026-06-30 00:00:00
C002353,seo,200+,FR,2026-07-19 00:00:00
C002354,seo,51-200,CA,2026-03-05 00:00:00
C002355,direct,200+,FR,2026-01-15 00:00:00
C002356,sea,200+,FR,2026-07-09 00:00:00
C002357,seo,11-50,FR,2026-05-08 00:00:00
C002358,sea,51-200,FR,2026-05-10 00:00:00
C002359,referral,11-50,CH,2026-03-04 00:00:00
C002360,seo,200+,FR,2026-05-07 00:00:00
C002361,sea,11-50,BE,2026-06-06 00:00:00
C002362,direct,11-50,FR,2026-01-02 00:00:00
C002363,seo,11-50,FR,2026-03-20 00:00:00
C002364,seo,1-10,CH,2026-01-02 00:00:00
C002365,referral,1-10,CA,2026-01-10 00:00:00
C002366,direct,1-10,FR,2026-01-22 00:00:00
C002367,seo,200+,FR,2026-04-08 00:00:00
C002368,referral,200+,CA,2026-05-13 00:00:00
C002369,sea,200+,FR,2026-01-27 00:00:00
C002370,direct,11-50,FR,2026-01-28 00:00:00
C002371,referral,1-10,FR,2026-06-04 00:00:00
C002372,referral,11-50,FR,2026-06-12 00:00:00
C002373,direct,51-200,CA,2026-03-13 00:00:00
C002374,direct,200+,CH,2026-02-09 00:00:00
C002375,referral,1-10,CA,2026-03-03 00:00:00
C002376,direct,1-10,FR,2026-03-24 00:00:00
C002377,referral,200+,CA,2026-02-05 00:00:00
C002378,seo,1-10,FR,2026-03-14 00:00:00
C002379,sea,11-50,FR,2026-07-13 00:00:00
C002380,sea,200+,FR,2026-04-17 00:00:00
C002381,sea,1-10,FR,2026-07-17 00:00:00
C002382,direct,1-10,CA,2026-01-13 00:00:00
C002383,direct,51-200,CA,2026-04-22 00:00:00
C002384,referral,11-50,CH,2026-07-11 00:00:00
C002385,seo,200+,FR,2026-02-09 00:00:00
C002386,direct,51-200,FR,2026-01-31 00:00:00
C002387,seo,1-10,CA,2026-05-05 00:00:00
C002388,sea,51-200,FR,2026-01-24 00:00:00
C002389,referral,1-10,FR,2026-03-11 00:00:00
C002390,sea,200+,FR,2026-01-19 00:00:00
C002391,direct,1-10,FR,2026-02-06 00:00:00
C002392,direct,1-10,FR,2026-04-03 00:00:00
C002393,seo,51-200,FR,2026-03-31 00:00:00
C002394,sea,51-200,CH,2026-05-16 00:00:00
C002395,seo,51-200,FR,2026-03-28 00:00:00
C002396,sea,11-50,FR,2026-02-09 00:00:00
C002397,direct,1-10,FR,2026-04-07 00:00:00
C002398,direct,51-200,FR,2026-07-11 00:00:00
C002399,sea,11-50,FR,2026-02-23 00:00:00
C002400,sea,200+,FR,2026-03-06 00:00:00
C002401,sea,1-10,CA,2026-04-09 00:00:00
C002402,referral,11-50,FR,2026-06-30 00:00:00
C002403,referral,200+,FR,2026-05-20 00:00:00
C002404,seo,51-200,BE,2026-04-08 00:00:00
C002405,direct,1-10,BE,2026-04-19 00:00:00
C002406,seo,11-50,FR,2026-03-13 00:00:00
C002407,referral,200+,FR,2026-02-26 00:00:00
C002408,direct,51-200,FR,2026-05-13 00:00:00
C002409,referral,51-200,CH,2026-04-25 00:00:00
C002410,seo,51-200,FR,2026-05-01 00:00:00
C002411,direct,11-50,FR,2026-07-12 00:00:00
C002412,seo,51-200,BE,2026-02-19 00:00:00
C002413,direct,1-10,FR,2026-04-14 00:00:00
C002414,seo,51-200,FR,2026-05-16 00:00:00
C002415,seo,11-50,FR,2026-07-01 00:00:00
C002416,seo,51-200,FR,2026-03-24 00:00:00
C002417,seo,1-10,FR,2026-04-25 00:00:00
C002418,sea,200+,CA,2026-04-16 00:00:00
C002419,referral,1-10,FR,2026-04-04 00:00:00
C002420,referral,51-200,FR,2026-05-15 00:00:00
C002421,referral,200+,FR,2026-01-05 00:00:00
C002422,direct,1-10,FR,2026-06-06 00:00:00
C002423,sea,200+,BE,2026-01-26 00:00:00
C002424,direct,1-10,FR,2026-04-15 00:00:00
C002425,seo,11-50,BE,2026-05-04 00:00:00
C002426,sea,11-50,CA,2026-07-18 00:00:00
C002427,seo,200+,CA,2026-06-14 00:00:00
C002428,sea,200+,BE,2026-01-16 00:00:00
C002429,direct,200+,BE,2026-07-15 00:00:00
C002430,sea,200+,FR,2026-05-18 00:00:00
C002431,referral,200+,FR,2026-06-05 00:00:00
C002432,sea,1-10,FR,2026-04-02 00:00:00
C002433,seo,11-50,FR,2026-06-03 00:00:00
C002434,direct,11-50,FR,2026-05-29 00:00:00
C002435,direct,200+,FR,2026-06-12 00:00:00
C002436,sea,200+,FR,2026-05-02 00:00:00
C002437,seo,1-10,FR,2026-04-15 00:00:00
C002438,referral,200+,CA,2026-02-08 00:00:00
C002439,sea,51-200,FR,2026-02-19 00:00:00
C002440,direct,51-200,CH,2026-03-18 00:00:00
C002441,direct,11-50,BE,2026-06-14 00:00:00
C002442,sea,200+,FR,2026-07-04 00:00:00
C002443,sea,200+,CH,2026-05-09 00:00:00
C002444,sea,1-10,FR,2026-01-16 00:00:00
C002445,direct,1-10,FR,2026-03-21 00:00:00
C002446,seo,1-10,BE,2026-03-13 00:00:00
C002447,referral,11-50,FR,2026-04-10 00:00:00
C002448,referral,1-10,FR,2026-07-01 00:00:00
C002449,referral,1-10,FR,2026-04-08 00:00:00
C002450,direct,11-50,CA,2026-03-09 00:00:00
C002451,sea,1-10,BE,2026-02-18 00:00:00
C002452,referral,1-10,BE,2026-06-29 00:00:00
C002453,referral,200+,FR,2026-05-05 00:00:00
C002454,sea,11-50,FR,2026-01-16 00:00:00
C002455,direct,51-200,BE,2026-07-09 00:00:00
C002456,referral,51-200,FR,2026-02-26 00:00:00
C002457,seo,1-10,FR,2026-07-09 00:00:00
C002458,seo,1-10,FR,2026-05-18 00:00:00
C002459,referral,11-50,BE,2026-07-06 00:00:00
C002460,direct,1-10,CA,2026-01-23 00:00:00
C002461,seo,1-10,FR,2026-04-22 00:00:00
C002462,direct,1-10,BE,2026-03-12 00:00:00
C002463,sea,51-200,FR,2026-07-18 00:00:00
C002464,sea,200+,FR,2026-04-29 00:00:00
C002465,referral,200+,BE,2026-02-26 00:00:00
C002466,referral,200+,FR,2026-05-28 00:00:00
C002467,seo,200+,FR,2026-04-15 00:00:00
C002468,sea,200+,FR,2026-02-18 00:00:00
C002469,seo,1-10,FR,2026-06-07 00:00:00
C002470,sea,1-10,FR,2026-01-01 00:00:00
C002471,referral,1-10,FR,2026-05-16 00:00:00
C002472,direct,1-10,FR,2026-04-23 00:00:00
C002473,referral,1-10,FR,2026-04-17 00:00:00
C002474,sea,51-200,FR,2026-06-07 00:00:00
C002475,seo,11-50,FR,2026-03-22 00:00:00
C002476,direct,51-200,BE,2026-01-15 00:00:00
C002477,seo,1-10,FR,2026-01-04 00:00:00
C002478,direct,200+,CH,2026-04-01 00:00:00
C002479,direct,11-50,FR,2026-05-02 00:00:00
C002480,seo,1-10,FR,2026-03-31 00:00:00
C002481,direct,11-50,FR,2026-01-24 00:00:00
C002482,direct,51-200,FR,2026-02-18 00:00:00
C002483,referral,200+,CA,2026-06-24 00:00:00
C002484,sea,11-50,FR,2026-04-20 00:00:00
C002485,referral,1-10,CH,2026-06-23 00:00:00
C002486,sea,1-10,CH,2026-06-02 00:00:00
C002487,seo,1-10,FR,2026-06-05 00:00:00
C002488,sea,1-10,CA,2026-06-10 00:00:00
C002489,referral,1-10,FR,2026-03-23 00:00:00
C002490,sea,200+,BE,2026-07-04 00:00:00
C002491,seo,51-200,FR,2026-04-11 00:00:00
C002492,sea,200+,CH,2026-06-07 00:00:00
C002493,seo,51-200,FR,2026-02-25 00:00:00
C002494,direct,200+,CH,2026-06-05 00:00:00
C002495,sea,51-200,BE,2026-05-17 00:00:00
C002496,sea,1-10,FR,2026-07-02 00:00:00
C002497,referral,1-10,FR,2026-07-03 00:00:00
C002498,seo,11-50,CA,2026-01-19 00:00:00
C002499,referral,200+,FR,2026-05-16 00:00:00
C002500,direct,11-50,FR,2026-03-18 00:00:00
C002501,direct,11-50,FR,2026-05-08 00:00:00
C002502,sea,11-50,FR,2026-07-13 00:00:00
C002503,seo,1-10,FR,2026-07-14 00:00:00
C002504,referral,1-10,CH,2026-01-28 00:00:00
C002505,direct,1-10,CA,2026-01-10 00:00:00
C002506,seo,200+,FR,2026-02-21 00:00:00
C002507,referral,11-50,CH,2026-01-23 00:00:00
C002508,referral,1-10,FR,2026-05-01 00:00:00
C002509,direct,11-50,FR,2026-04-26 00:00:00
C002510,referral,51-200,FR,2026-07-03 00:00:00
C002511,direct,1-10,FR,2026-01-10 00:00:00
C002512,referral,11-50,FR,2026-04-30 00:00:00
C002513,direct,200+,FR,2026-03-26 00:00:00
C002514,direct,11-50,FR,2026-03-26 00:00:00
C002515,direct,200+,FR,2026-03-12 00:00:00
C002516,seo,11-50,FR,2026-04-21 00:00:00
C002517,direct,1-10,FR,2026-05-17 00:00:00
C002518,referral,1-10,FR,2026-03-23 00:00:00
C002519,direct,51-200,CA,2026-01-10 00:00:00
C002520,seo,200+,CH,2026-01-22 00:00:00
C002521,direct,11-50,FR,2026-05-12 00:00:00
C002522,sea,1-10,CA,2026-04-19 00:00:00
C002523,direct,51-200,FR,2026-01-01 00:00:00
C002524,referral,11-50,FR,2026-02-21 00:00:00
C002525,seo,200+,FR,2026-06-27 00:00:00
C002526,direct,51-200,CH,2026-04-08 00:00:00
C002527,sea,200+,CA,2026-04-30 00:00:00
C002528,sea,51-200,FR,2026-02-17 00:00:00
C002529,seo,51-200,BE,2026-02-18 00:00:00
C002530,direct,11-50,CA,2026-01-16 00:00:00
C002531,direct,51-200,CA,2026-07-01 00:00:00
C002532,direct,11-50,FR,2026-04-17 00:00:00
C002533,referral,51-200,CA,2026-03-30 00:00:00
C002534,direct,51-200,FR,2026-05-19 00:00:00
C002535,direct,51-200,FR,2026-07-01 00:00:00
C002536,sea,51-200,FR,2026-07-02 00:00:00
C002537,referral,200+,FR,2026-07-14 00:00:00
C002538,referral,200+,BE,2026-07-02 00:00:00
C002539,sea,11-50,CH,2026-07-10 00:00:00
C002540,sea,200+,BE,2026-01-21 00:00:00
C002541,direct,11-50,FR,2026-01-01 00:00:00
C002542,seo,11-50,FR,2026-02-25 00:00:00
C002543,direct,1-10,CA,2026-02-26 00:00:00
C002544,sea,1-10,CH,2026-07-18 00:00:00
C002545,seo,11-50,FR,2026-02-07 00:00:00
C002546,direct,51-200,FR,2026-05-27 00:00:00
C002547,sea,200+,CA,2026-03-26 00:00:00
C002548,seo,11-50,FR,2026-03-02 00:00:00
C002549,seo,1-10,CH,2026-05-11 00:00:00
C002550,sea,1-10,FR,2026-07-01 00:00:00
C002551,referral,200+,FR,2026-03-06 00:00:00
C002552,referral,51-200,FR,2026-04-05 00:00:00
C002553,referral,1-10,FR,2026-01-21 00:00:00
C002554,sea,200+,FR,2026-02-22 00:00:00
C002555,seo,200+,FR,2026-02-11 00:00:00
C002556,referral,11-50,CA,2026-05-01 00:00:00
C002557,direct,1-10,FR,2026-02-21 00:00:00
C002558,referral,51-200,FR,2026-03-29 00:00:00
C002559,seo,1-10,CH,2026-06-17 00:00:00
C002560,seo,51-200,BE,2026-01-30 00:00:00
C002561,seo,1-10,FR,2026-03-12 00:00:00
C002562,seo,200+,CA,2026-03-07 00:00:00
C002563,direct,200+,FR,2026-05-01 00:00:00
C002564,referral,51-200,FR,2026-04-01 00:00:00
C002565,sea,51-200,FR,2026-04-04 00:00:00
C002566,referral,51-200,FR,2026-03-13 00:00:00
C002567,direct,51-200,FR,2026-04-01 00:00:00
C002568,referral,11-50,BE,2026-07-03 00:00:00
C002569,sea,1-10,FR,2026-05-30 00:00:00
C002570,direct,200+,FR,2026-05-27 00:00:00
C002571,sea,11-50,BE,2026-06-23 00:00:00
C002572,seo,200+,BE,2026-01-31 00:00:00
C002573,referral,51-200,CA,2026-06-11 00:00:00
C002574,seo,200+,BE,2026-05-14 00:00:00
C002575,referral,51-200,FR,2026-02-01 00:00:00
C002576,direct,51-200,CA,2026-04-07 00:00:00
C002577,referral,51-200,CA,2026-05-22 00:00:00
C002578,direct,11-50,CH,2026-01-15 00:00:00
C002579,direct,51-200,FR,2026-06-09 00:00:00
C002580,direct,1-10,FR,2026-03-27 00:00:00
C002581,sea,1-10,BE,2026-07-07 00:00:00
C002582,direct,51-200,FR,2026-04-28 00:00:00
C002583,seo,200+,BE,2026-07-17 00:00:00
C002584,sea,200+,FR,2026-07-06 00:00:00
C002585,seo,200+,FR,2026-04-27 00:00:00
C002586,referral,200+,FR,2026-03-09 00:00:00
C002587,referral,1-10,FR,2026-04-18 00:00:00
C002588,referral,11-50,FR,2026-06-25 00:00:00
C002589,referral,51-200,FR,2026-01-08 00:00:00
C002590,referral,11-50,CH,2026-01-27 00:00:00
C002591,seo,11-50,BE,2026-03-21 00:00:00
C002592,sea,1-10,FR,2026-04-03 00:00:00
C002593,direct,1-10,CH,2026-06-24 00:00:00
C002594,direct,51-200,FR,2026-03-03 00:00:00
C002595,sea,11-50,FR,2026-01-19 00:00:00
C002596,direct,51-200,FR,2026-03-10 00:00:00
C002597,sea,1-10,FR,2026-03-12 00:00:00
C002598,seo,1-10,FR,2026-06-23 00:00:00
C002599,sea,1-10,FR,2026-03-29 00:00:00
C002600,direct,51-200,FR,2026-02-15 00:00:00
C002601,direct,200+,BE,2026-05-21 00:00:00
C002602,sea,51-200,CH,2026-07-19 00:00:00
C002603,referral,51-200,BE,2026-05-20 00:00:00
C002604,referral,1-10,FR,2026-02-26 00:00:00
C002605,sea,200+,FR,2026-04-23 00:00:00
C002606,direct,11-50,BE,2026-03-30 00:00:00
C002607,referral,11-50,BE,2026-05-17 00:00:00
C002608,referral,200+,CH,2026-07-07 00:00:00
C002609,sea,51-200,FR,2026-02-08 00:00:00
C002610,sea,51-200,CH,2026-05-06 00:00:00
C002611,direct,11-50,FR,2026-02-13 00:00:00
C002612,referral,200+,CA,2026-05-30 00:00:00
C002613,referral,11-50,FR,2026-04-02 00:00:00
C002614,sea,200+,FR,2026-04-08 00:00:00
C002615,referral,11-50,FR,2026-06-06 00:00:00
C002616,seo,11-50,FR,2026-06-28 00:00:00
C002617,sea,11-50,FR,2026-06-20 00:00:00
C002618,seo,200+,FR,2026-03-09 00:00:00
C002619,sea,200+,FR,2026-02-19 00:00:00
C002620,direct,1-10,BE,2026-04-02 00:00:00
C002621,seo,51-200,FR,2026-06-04 00:00:00
C002622,sea,1-10,FR,2026-02-18 00:00:00
C002623,seo,11-50,FR,2026-02-07 00:00:00
C002624,sea,51-200,FR,2026-05-30 00:00:00
C002625,referral,11-50,FR,2026-02-15 00:00:00
C002626,sea,1-10,FR,2026-02-26 00:00:00
C002627,sea,51-200,CH,2026-03-16 00:00:00
C002628,referral,51-200,CH,2026-06-19 00:00:00
C002629,sea,1-10,FR,2026-04-15 00:00:00
C002630,referral,1-10,FR,2026-01-10 00:00:00
C002631,direct,51-200,CA,2026-02-24 00:00:00
C002632,direct,200+,FR,2026-01-04 00:00:00
C002633,referral,1-10,FR,2026-05-30 00:00:00
C002634,sea,51-200,FR,2026-06-25 00:00:00
C002635,sea,11-50,BE,2026-01-02 00:00:00
C002636,referral,1-10,CA,2026-03-28 00:00:00
C002637,referral,200+,CH,2026-06-10 00:00:00
C002638,referral,51-200,BE,2026-04-23 00:00:00
C002639,referral,1-10,FR,2026-07-03 00:00:00
C002640,seo,1-10,CH,2026-01-07 00:00:00
C002641,sea,51-200,FR,2026-04-29 00:00:00
C002642,direct,200+,BE,2026-01-19 00:00:00
C002643,direct,200+,CA,2026-01-17 00:00:00
C002644,referral,51-200,BE,2026-04-28 00:00:00
C002645,sea,200+,CH,2026-01-29 00:00:00
C002646,sea,11-50,FR,2026-04-19 00:00:00
C002647,referral,200+,BE,2026-02-14 00:00:00
C002648,referral,1-10,FR,2026-02-16 00:00:00
C002649,direct,51-200,FR,2026-05-10 00:00:00
C002650,referral,51-200,FR,2026-05-19 00:00:00
C002651,referral,200+,CA,2026-06-04 00:00:00
C002652,sea,200+,FR,2026-02-10 00:00:00
C002653,referral,51-200,CA,2026-06-17 00:00:00
C002654,referral,11-50,FR,2026-05-02 00:00:00
C002655,referral,51-200,CH,2026-02-24 00:00:00
C002656,direct,1-10,FR,2026-07-02 00:00:00
C002657,direct,1-10,FR,2026-04-13 00:00:00
C002658,sea,11-50,CA,2026-01-17 00:00:00
C002659,sea,1-10,FR,2026-05-26 00:00:00
C002660,direct,51-200,FR,2026-04-14 00:00:00
C002661,sea,51-200,CH,2026-06-04 00:00:00
C002662,seo,51-200,FR,2026-02-13 00:00:00
C002663,direct,1-10,BE,2026-05-21 00:00:00
C002664,sea,51-200,FR,2026-07-10 00:00:00
C002665,seo,51-200,FR,2026-03-17 00:00:00
C002666,referral,11-50,FR,2026-03-16 00:00:00
C002667,sea,11-50,FR,2026-02-09 00:00:00
C002668,referral,200+,FR,2026-04-05 00:00:00
C002669,seo,200+,CH,2026-03-17 00:00:00
C002670,seo,11-50,FR,2026-07-10 00:00:00
C002671,seo,11-50,FR,2026-01-01 00:00:00
C002672,sea,11-50,FR,2026-02-10 00:00:00
C002673,seo,51-200,FR,2026-03-24 00:00:00
C002674,sea,51-200,FR,2026-03-29 00:00:00
C002675,sea,51-200,FR,2026-05-12 00:00:00
C002676,direct,1-10,FR,2026-01-25 00:00:00
C002677,direct,200+,FR,2026-05-15 00:00:00
C002678,seo,11-50,FR,2026-03-10 00:00:00
C002679,direct,1-10,FR,2026-01-20 00:00:00
C002680,seo,1-10,FR,2026-04-17 00:00:00
C002681,sea,1-10,FR,2026-04-20 00:00:00
C002682,sea,51-200,FR,2026-03-09 00:00:00
C002683,direct,51-200,BE,2026-01-13 00:00:00
C002684,sea,200+,FR,2026-01-05 00:00:00
C002685,seo,51-200,FR,2026-06-05 00:00:00
C002686,referral,51-200,FR,2026-02-17 00:00:00
C002687,seo,1-10,FR,2026-02-26 00:00:00
C002688,sea,1-10,FR,2026-03-17 00:00:00
C002689,referral,1-10,CA,2026-01-01 00:00:00
C002690,referral,51-200,FR,2026-01-26 00:00:00
C002691,referral,200+,FR,2026-06-05 00:00:00
C002692,seo,200+,FR,2026-04-19 00:00:00
C002693,sea,1-10,FR,2026-02-08 00:00:00
C002694,sea,1-10,CA,2026-03-30 00:00:00
C002695,referral,1-10,CH,2026-05-31 00:00:00
C002696,direct,200+,FR,2026-06-15 00:00:00
C002697,seo,200+,FR,2026-06-24 00:00:00
C002698,sea,1-10,FR,2026-03-19 00:00:00
C002699,referral,200+,FR,2026-04-29 00:00:00
C002700,referral,200+,FR,2026-05-26 00:00:00
C002701,seo,11-50,FR,2026-03-15 00:00:00
C002702,sea,200+,FR,2026-05-14 00:00:00
C002703,direct,11-50,FR,2026-06-01 00:00:00
C002704,seo,11-50,FR,2026-03-06 00:00:00
C002705,referral,51-200,CA,2026-05-27 00:00:00
C002706,referral,11-50,FR,2026-02-14 00:00:00
C002707,direct,51-200,FR,2026-05-12 00:00:00
C002708,seo,51-200,FR,2026-06-29 00:00:00
C002709,direct,1-10,FR,2026-05-13 00:00:00
C002710,seo,11-50,FR,2026-02-11 00:00:00
C002711,referral,200+,FR,2026-05-17 00:00:00
C002712,referral,11-50,CA,2026-05-09 00:00:00
C002713,referral,11-50,FR,2026-03-22 00:00:00
C002714,referral,11-50,FR,2026-06-20 00:00:00
C002715,direct,200+,FR,2026-06-29 00:00:00
C002716,direct,11-50,CA,2026-05-22 00:00:00
C002717,sea,11-50,CA,2026-03-30 00:00:00
C002718,referral,51-200,FR,2026-06-30 00:00:00
C002719,direct,51-200,CH,2026-04-05 00:00:00
C002720,sea,1-10,BE,2026-06-15 00:00:00
C002721,direct,51-200,FR,2026-05-02 00:00:00
C002722,seo,11-50,FR,2026-01-14 00:00:00
C002723,direct,51-200,FR,2026-01-24 00:00:00
C002724,seo,1-10,CH,2026-01-21 00:00:00
C002725,seo,11-50,FR,2026-03-21 00:00:00
C002726,sea,51-200,FR,2026-01-15 00:00:00
C002727,seo,200+,FR,2026-06-03 00:00:00
C002728,direct,11-50,FR,2026-01-13 00:00:00
C002729,sea,11-50,CA,2026-07-17 00:00:00
C002730,sea,200+,FR,2026-06-09 00:00:00
C002731,seo,51-200,FR,2026-01-28 00:00:00
C002732,referral,1-10,FR,2026-04-16 00:00:00
C002733,seo,1-10,BE,2026-05-12 00:00:00
C002734,referral,1-10,FR,2026-03-24 00:00:00
C002735,direct,11-50,FR,2026-02-25 00:00:00
C002736,seo,200+,FR,2026-04-12 00:00:00
C002737,referral,51-200,FR,2026-01-09 00:00:00
C002738,referral,51-200,CA,2026-05-29 00:00:00
C002739,sea,200+,FR,2026-02-06 00:00:00
C002740,seo,200+,FR,2026-06-21 00:00:00
C002741,direct,1-10,FR,2026-04-16 00:00:00
C002742,referral,200+,BE,2026-05-12 00:00:00
C002743,direct,200+,CH,2026-01-27 00:00:00
C002744,seo,1-10,FR,2026-01-02 00:00:00
C002745,seo,11-50,FR,2026-03-09 00:00:00
C002746,direct,200+,CA,2026-05-24 00:00:00
C002747,direct,1-10,FR,2026-01-02 00:00:00
C002748,referral,51-200,FR,2026-06-25 00:00:00
C002749,referral,11-50,FR,2026-03-26 00:00:00
C002750,sea,200+,CH,2026-03-30 00:00:00
C002751,direct,51-200,CH,2026-03-04 00:00:00
C002752,seo,1-10,FR,2026-05-12 00:00:00
C002753,sea,1-10,FR,2026-07-15 00:00:00
C002754,sea,11-50,FR,2026-05-05 00:00:00
C002755,sea,11-50,FR,2026-04-26 00:00:00
C002756,sea,200+,FR,2026-03-29 00:00:00
C002757,referral,1-10,FR,2026-02-19 00:00:00
C002758,direct,1-10,FR,2026-06-24 00:00:00
C002759,referral,200+,CA,2026-06-27 00:00:00
C002760,referral,11-50,CA,2026-05-26 00:00:00
C002761,direct,11-50,FR,2026-01-06 00:00:00
C002762,referral,1-10,FR,2026-05-29 00:00:00
C002763,direct,200+,FR,2026-04-07 00:00:00
C002764,sea,51-200,FR,2026-01-02 00:00:00
C002765,sea,51-200,FR,2026-07-11 00:00:00
C002766,sea,1-10,FR,2026-03-18 00:00:00
C002767,seo,51-200,FR,2026-06-23 00:00:00
C002768,referral,200+,FR,2026-04-06 00:00:00
C002769,sea,51-200,CA,2026-03-30 00:00:00
C002770,sea,51-200,FR,2026-05-13 00:00:00
C002771,referral,11-50,FR,2026-07-11 00:00:00
C002772,referral,11-50,FR,2026-01-03 00:00:00
C002773,direct,51-200,FR,2026-06-18 00:00:00
C002774,referral,1-10,CA,2026-05-01 00:00:00
C002775,referral,200+,FR,2026-03-12 00:00:00
C002776,referral,11-50,CH,2026-02-28 00:00:00
C002777,sea,1-10,CH,2026-06-19 00:00:00
C002778,seo,1-10,FR,2026-06-19 00:00:00
C002779,referral,1-10,FR,2026-05-14 00:00:00
C002780,direct,11-50,FR,2026-03-27 00:00:00
C002781,sea,51-200,FR,2026-06-13 00:00:00
C002782,seo,51-200,FR,2026-04-17 00:00:00
C002783,referral,51-200,FR,2026-05-09 00:00:00
C002784,referral,11-50,FR,2026-01-27 00:00:00
C002785,seo,200+,FR,2026-07-04 00:00:00
C002786,direct,1-10,FR,2026-04-24 00:00:00
C002787,sea,11-50,FR,2026-03-24 00:00:00
C002788,direct,51-200,CA,2026-04-09 00:00:00
C002789,direct,51-200,CH,2026-06-13 00:00:00
C002790,sea,51-200,FR,2026-05-28 00:00:00
C002791,seo,11-50,BE,2026-07-05 00:00:00
C002792,referral,200+,FR,2026-03-17 00:00:00
C002793,sea,200+,FR,2026-05-21 00:00:00
C002794,referral,51-200,CH,2026-01-05 00:00:00
C002795,direct,51-200,FR,2026-04-19 00:00:00
C002796,seo,11-50,CH,2026-03-04 00:00:00
C002797,referral,200+,CH,2026-05-24 00:00:00
C002798,sea,200+,FR,2026-07-14 00:00:00
C002799,direct,11-50,FR,2026-06-21 00:00:00
C002800,referral,200+,FR,2026-06-01 00:00:00
C002801,sea,1-10,FR,2026-06-07 00:00:00
C002802,seo,51-200,CA,2026-06-02 00:00:00
C002803,direct,51-200,FR,2026-07-18 00:00:00
C002804,direct,1-10,FR,2026-02-25 00:00:00
C002805,direct,51-200,FR,2026-05-25 00:00:00
C002806,direct,51-200,FR,2026-05-17 00:00:00
C002807,sea,11-50,CH,2026-02-21 00:00:00
C002808,seo,1-10,FR,2026-04-11 00:00:00
C002809,referral,11-50,FR,2026-06-15 00:00:00
C002810,direct,51-200,CH,2026-05-31 00:00:00
C002811,seo,51-200,FR,2026-03-31 00:00:00
C002812,sea,51-200,FR,2026-01-17 00:00:00
C002813,seo,200+,FR,2026-05-26 00:00:00
C002814,direct,11-50,FR,2026-06-14 00:00:00
C002815,direct,11-50,FR,2026-03-10 00:00:00
C002816,sea,51-200,CA,2026-06-20 00:00:00
C002817,sea,1-10,BE,2026-07-11 00:00:00
C002818,sea,1-10,FR,2026-01-14 00:00:00
C002819,referral,200+,FR,2026-05-14 00:00:00
C002820,seo,11-50,FR,2026-04-21 00:00:00
C002821,direct,11-50,BE,2026-02-07 00:00:00
C002822,sea,51-200,FR,2026-01-18 00:00:00
C002823,referral,11-50,FR,2026-01-14 00:00:00
C002824,seo,200+,FR,2026-03-20 00:00:00
C002825,sea,11-50,FR,2026-06-09 00:00:00
C002826,referral,51-200,CH,2026-03-31 00:00:00
C002827,sea,200+,CA,2026-05-18 00:00:00
C002828,referral,11-50,FR,2026-06-05 00:00:00
C002829,sea,200+,FR,2026-02-08 00:00:00
C002830,sea,200+,FR,2026-06-11 00:00:00
C002831,seo,200+,FR,2026-06-09 00:00:00
C002832,direct,1-10,FR,2026-03-25 00:00:00
C002833,referral,11-50,CH,2026-06-17 00:00:00
C002834,direct,11-50,FR,2026-04-26 00:00:00
C002835,seo,51-200,FR,2026-03-11 00:00:00
C002836,seo,200+,CA,2026-06-01 00:00:00
C002837,sea,1-10,FR,2026-02-28 00:00:00
C002838,sea,11-50,FR,2026-07-03 00:00:00
C002839,referral,200+,FR,2026-04-02 00:00:00
C002840,seo,11-50,CH,2026-02-07 00:00:00
C002841,referral,11-50,CH,2026-05-16 00:00:00
C002842,seo,11-50,CA,2026-04-20 00:00:00
C002843,sea,51-200,CA,2026-06-13 00:00:00
C002844,referral,1-10,FR,2026-02-28 00:00:00
C002845,referral,200+,CH,2026-04-04 00:00:00
C002846,direct,200+,FR,2026-04-18 00:00:00
C002847,direct,51-200,FR,2026-01-11 00:00:00
C002848,direct,200+,FR,2026-01-24 00:00:00
C002849,referral,51-200,FR,2026-03-24 00:00:00
C002850,referral,1-10,FR,2026-01-17 00:00:00
C002851,seo,11-50,FR,2026-01-28 00:00:00
C002852,sea,11-50,FR,2026-02-22 00:00:00
C002853,referral,200+,FR,2026-01-19 00:00:00
C002854,direct,1-10,FR,2026-03-28 00:00:00
C002855,sea,1-10,FR,2026-03-23 00:00:00
C002856,seo,11-50,CH,2026-04-04 00:00:00
C002857,referral,1-10,FR,2026-01-02 00:00:00
C002858,referral,200+,FR,2026-03-04 00:00:00
C002859,direct,200+,FR,2026-02-10 00:00:00
C002860,sea,200+,BE,2026-02-15 00:00:00
C002861,referral,51-200,BE,2026-02-19 00:00:00
C002862,referral,51-200,FR,2026-03-24 00:00:00
C002863,referral,51-200,CA,2026-06-05 00:00:00
C002864,sea,11-50,FR,2026-03-16 00:00:00
C002865,direct,1-10,CH,2026-06-14 00:00:00
C002866,seo,200+,FR,2026-06-21 00:00:00
C002867,seo,11-50,CA,2026-01-21 00:00:00
C002868,direct,200+,FR,2026-04-29 00:00:00
C002869,sea,51-200,FR,2026-02-22 00:00:00
C002870,direct,1-10,CA,2026-05-01 00:00:00
C002871,sea,11-50,FR,2026-06-06 00:00:00
C002872,direct,51-200,FR,2026-01-20 00:00:00
C002873,sea,1-10,CA,2026-01-08 00:00:00
C002874,seo,1-10,FR,2026-05-07 00:00:00
C002875,direct,200+,CH,2026-03-15 00:00:00
C002876,sea,11-50,FR,2026-02-20 00:00:00
C002877,direct,1-10,FR,2026-03-07 00:00:00
C002878,sea,51-200,FR,2026-04-22 00:00:00
C002879,direct,1-10,FR,2026-07-03 00:00:00
C002880,sea,51-200,FR,2026-06-16 00:00:00
C002881,direct,200+,FR,2026-05-06 00:00:00
C002882,referral,200+,CH,2026-06-14 00:00:00
C002883,sea,11-50,FR,2026-03-30 00:00:00
C002884,direct,51-200,FR,2026-04-10 00:00:00
C002885,seo,1-10,CA,2026-07-13 00:00:00
C002886,direct,1-10,FR,2026-04-25 00:00:00
C002887,referral,200+,FR,2026-07-19 00:00:00
C002888,direct,51-200,FR,2026-01-11 00:00:00
C002889,sea,51-200,FR,2026-07-03 00:00:00
C002890,direct,200+,CH,2026-03-17 00:00:00
C002891,direct,11-50,FR,2026-03-31 00:00:00
C002892,sea,51-200,CA,2026-05-18 00:00:00
C002893,sea,200+,FR,2026-04-08 00:00:00
C002894,sea,11-50,FR,2026-01-02 00:00:00
C002895,direct,51-200,FR,2026-03-22 00:00:00
C002896,direct,11-50,CA,2026-05-30 00:00:00
C002897,direct,51-200,FR,2026-01-07 00:00:00
C002898,sea,51-200,FR,2026-02-16 00:00:00
C002899,referral,1-10,FR,2026-01-21 00:00:00
C002900,direct,11-50,FR,2026-01-16 00:00:00
C002901,direct,1-10,FR,2026-02-19 00:00:00
C002902,referral,200+,CH,2026-07-03 00:00:00
C002903,referral,51-200,CH,2026-02-15 00:00:00
C002904,sea,51-200,FR,2026-03-19 00:00:00
C002905,referral,200+,FR,2026-05-09 00:00:00
C002906,seo,51-200,FR,2026-05-04 00:00:00
C002907,referral,51-200,FR,2026-03-16 00:00:00
C002908,referral,200+,FR,2026-05-21 00:00:00
C002909,referral,200+,FR,2026-01-23 00:00:00
C002910,referral,200+,FR,2026-07-13 00:00:00
C002911,sea,51-200,FR,2026-05-21 00:00:00
C002912,referral,51-200,FR,2026-02-18 00:00:00
C002913,sea,200+,FR,2026-03-01 00:00:00
C002914,referral,200+,FR,2026-06-23 00:00:00
C002915,direct,1-10,BE,2026-03-28 00:00:00
C002916,sea,11-50,FR,2026-01-30 00:00:00
C002917,seo,51-200,FR,2026-03-19 00:00:00
C002918,direct,51-200,FR,2026-03-03 00:00:00
C002919,seo,51-200,FR,2026-06-24 00:00:00
C002920,referral,1-10,FR,2026-07-13 00:00:00
C002921,direct,1-10,FR,2026-04-29 00:00:00
C002922,direct,200+,FR,2026-02-07 00:00:00
C002923,direct,200+,FR,2026-01-10 00:00:00
C002924,direct,51-200,FR,2026-05-18 00:00:00
C002925,sea,51-200,FR,2026-04-16 00:00:00
C002926,referral,11-50,FR,2026-06-06 00:00:00
C002927,referral,51-200,FR,2026-05-14 00:00:00
C002928,seo,200+,FR,2026-02-22 00:00:00
C002929,seo,11-50,FR,2026-06-08 00:00:00
C002930,seo,200+,FR,2026-05-02 00:00:00
C002931,seo,200+,FR,2026-05-12 00:00:00
C002932,sea,51-200,BE,2026-03-21 00:00:00
C002933,direct,1-10,FR,2026-01-31 00:00:00
C002934,direct,51-200,BE,2026-04-25 00:00:00
C002935,sea,51-200,CA,2026-06-25 00:00:00
C002936,seo,51-200,FR,2026-02-21 00:00:00
C002937,sea,11-50,FR,2026-01-12 00:00:00
C002938,seo,51-200,CH,2026-03-19 00:00:00
C002939,seo,51-200,FR,2026-04-09 00:00:00
C002940,seo,51-200,FR,2026-05-10 00:00:00
C002941,sea,200+,FR,2026-03-01 00:00:00
C002942,sea,200+,FR,2026-01-19 00:00:00
C002943,referral,1-10,FR,2026-03-01 00:00:00
C002944,referral,1-10,CA,2026-07-06 00:00:00
C002945,direct,1-10,FR,2026-04-19 00:00:00
C002946,seo,1-10,FR,2026-02-10 00:00:00
C002947,sea,11-50,CH,2026-03-30 00:00:00
C002948,direct,1-10,FR,2026-05-31 00:00:00
C002949,referral,200+,FR,2026-03-21 00:00:00
C002950,referral,1-10,CA,2026-06-29 00:00:00
C002951,seo,1-10,FR,2026-04-18 00:00:00
C002952,referral,1-10,FR,2026-04-07 00:00:00
C002953,sea,200+,FR,2026-05-20 00:00:00
C002954,direct,11-50,FR,2026-05-29 00:00:00
C002955,referral,200+,CH,2026-06-01 00:00:00
C002956,sea,200+,FR,2026-01-10 00:00:00
C002957,sea,51-200,FR,2026-01-30 00:00:00
C002958,direct,11-50,BE,2026-02-26 00:00:00
C002959,sea,1-10,FR,2026-05-06 00:00:00
C002960,sea,200+,FR,2026-03-15 00:00:00
C002961,sea,1-10,CA,2026-02-20 00:00:00
C002962,referral,11-50,FR,2026-02-12 00:00:00
C002963,referral,51-200,FR,2026-05-13 00:00:00
C002964,direct,1-10,FR,2026-02-05 00:00:00
C002965,seo,200+,FR,2026-02-07 00:00:00
C002966,sea,200+,BE,2026-01-26 00:00:00
C002967,sea,51-200,FR,2026-07-10 00:00:00
C002968,direct,1-10,BE,2026-06-27 00:00:00
C002969,seo,11-50,FR,2026-05-12 00:00:00
C002970,seo,51-200,FR,2026-02-28 00:00:00
C002971,referral,51-200,FR,2026-03-08 00:00:00
C002972,referral,1-10,CH,2026-03-15 00:00:00
C002973,direct,11-50,CA,2026-06-30 00:00:00
C002974,referral,200+,CH,2026-07-16 00:00:00
C002975,direct,11-50,FR,2026-04-19 00:00:00
C002976,seo,51-200,FR,2026-03-06 00:00:00
C002977,sea,200+,FR,2026-02-16 00:00:00
C002978,referral,51-200,FR,2026-03-27 00:00:00
C002979,referral,200+,FR,2026-05-28 00:00:00
C002980,direct,11-50,FR,2026-02-11 00:00:00
C002981,direct,200+,FR,2026-01-25 00:00:00
C002982,referral,51-200,BE,2026-05-06 00:00:00
C002983,direct,200+,CH,2026-03-17 00:00:00
C002984,sea,200+,FR,2026-04-28 00:00:00
C002985,sea,1-10,FR,2026-07-03 00:00:00
C002986,referral,51-200,FR,2026-06-24 00:00:00
C002987,referral,1-10,FR,2026-02-13 00:00:00
C002988,direct,1-10,FR,2026-04-25 00:00:00
C002989,referral,1-10,FR,2026-04-17 00:00:00
C002990,direct,51-200,FR,2026-07-02 00:00:00
C002991,referral,11-50,FR,2026-03-02 00:00:00
C002992,referral,51-200,FR,2026-03-30 00:00:00
C002993,referral,200+,FR,2026-04-30 00:00:00
C002994,direct,1-10,FR,2026-01-08 00:00:00
C002995,direct,11-50,BE,2026-07-05 00:00:00
C002996,sea,11-50,FR,2026-03-06 00:00:00
C002997,seo,1-10,FR,2026-01-31 00:00:00
C002998,referral,51-200,FR,2026-03-02 00:00:00
C002999,direct,1-10,FR,2026-03-16 00:00:00
C003000,sea,200+,CA,2026-07-10 00:00:00
C003001,seo,1-10,FR,2026-03-12 00:00:00
C003002,sea,11-50,CH,2026-01-30 00:00:00
C003003,seo,200+,FR,2026-02-15 00:00:00
C003004,sea,200+,FR,2026-06-16 00:00:00
C003005,seo,1-10,FR,2026-07-13 00:00:00
C003006,direct,51-200,FR,2026-01-31 00:00:00
C003007,sea,200+,FR,2026-04-06 00:00:00
C003008,referral,1-10,CA,2026-04-01 00:00:00
C003009,sea,200+,BE,2026-06-18 00:00:00
C003010,sea,51-200,CH,2026-01-02 00:00:00
C003011,sea,1-10,FR,2026-03-26 00:00:00
C003012,direct,1-10,BE,2026-05-29 00:00:00
C003013,direct,1-10,BE,2026-04-09 00:00:00
C003014,referral,200+,FR,2026-03-26 00:00:00
C003015,direct,11-50,CA,2026-03-30 00:00:00
C003016,referral,1-10,CH,2026-04-04 00:00:00
C003017,direct,1-10,FR,2026-05-12 00:00:00
C003018,referral,1-10,CA,2026-05-19 00:00:00
C003019,direct,51-200,CH,2026-03-11 00:00:00
C003020,sea,11-50,FR,2026-06-22 00:00:00
C003021,referral,1-10,FR,2026-05-09 00:00:00
C003022,seo,1-10,FR,2026-02-26 00:00:00
C003023,sea,200+,CA,2026-04-27 00:00:00
C003024,sea,1-10,FR,2026-06-28 00:00:00
C003025,direct,1-10,FR,2026-07-09 00:00:00
C003026,seo,200+,FR,2026-07-17 00:00:00
C003027,sea,11-50,FR,2026-01-31 00:00:00
C003028,direct,11-50,FR,2026-04-06 00:00:00
C003029,referral,11-50,BE,2026-03-14 00:00:00
C003030,referral,1-10,FR,2026-05-01 00:00:00
C003031,sea,11-50,FR,2026-03-04 00:00:00
C003032,seo,1-10,CA,2026-05-12 00:00:00
C003033,referral,11-50,FR,2026-02-09 00:00:00
C003034,seo,51-200,FR,2026-03-16 00:00:00
C003035,sea,51-200,FR,2026-03-13 00:00:00
C003036,seo,200+,FR,2026-05-15 00:00:00
C003037,direct,1-10,FR,2026-02-08 00:00:00
C003038,direct,200+,FR,2026-05-26 00:00:00
C003039,direct,51-200,CA,2026-03-11 00:00:00
C003040,referral,11-50,FR,2026-06-19 00:00:00
C003041,sea,1-10,BE,2026-02-25 00:00:00
C003042,sea,51-200,CA,2026-05-25 00:00:00
C003043,direct,1-10,CA,2026-04-15 00:00:00
C003044,seo,51-200,FR,2026-02-27 00:00:00
C003045,seo,200+,FR,2026-07-10 00:00:00
C003046,sea,51-200,FR,2026-01-25 00:00:00
C003047,direct,51-200,BE,2026-03-15 00:00:00
C003048,referral,200+,FR,2026-04-19 00:00:00
C003049,referral,51-200,CA,2026-01-24 00:00:00
C003050,seo,51-200,FR,2026-02-23 00:00:00
C003051,seo,51-200,FR,2026-03-01 00:00:00
C003052,seo,1-10,FR,2026-06-30 00:00:00
C003053,direct,1-10,CA,2026-07-07 00:00:00
C003054,sea,1-10,BE,2026-06-02 00:00:00
C003055,seo,1-10,BE,2026-06-29 00:00:00
C003056,direct,51-200,FR,2026-03-22 00:00:00
C003057,sea,200+,CA,2026-02-04 00:00:00
C003058,seo,11-50,CA,2026-03-28 00:00:00
C003059,direct,51-200,FR,2026-03-19 00:00:00
C003060,referral,11-50,CH,2026-02-04 00:00:00
C003061,direct,11-50,FR,2026-04-22 00:00:00
C003062,direct,1-10,FR,2026-06-09 00:00:00
C003063,seo,51-200,BE,2026-03-23 00:00:00
C003064,direct,51-200,FR,2026-06-04 00:00:00
C003065,seo,200+,FR,2026-03-02 00:00:00
C003066,referral,200+,FR,2026-06-21 00:00:00
C003067,direct,1-10,FR,2026-03-28 00:00:00
C003068,sea,11-50,FR,2026-02-01 00:00:00
C003069,referral,11-50,CA,2026-05-28 00:00:00
C003070,referral,1-10,FR,2026-07-15 00:00:00
C003071,direct,200+,BE,2026-05-15 00:00:00
C003072,direct,200+,CH,2026-01-18 00:00:00
C003073,sea,200+,FR,2026-02-12 00:00:00
C003074,sea,1-10,BE,2026-02-04 00:00:00
C003075,direct,200+,FR,2026-01-24 00:00:00
C003076,referral,1-10,FR,2026-01-30 00:00:00
C003077,referral,11-50,FR,2026-01-31 00:00:00
C003078,referral,51-200,FR,2026-01-22 00:00:00
C003079,direct,11-50,FR,2026-03-21 00:00:00
C003080,seo,11-50,FR,2026-07-04 00:00:00
C003081,direct,51-200,BE,2026-05-14 00:00:00
C003082,direct,11-50,FR,2026-03-06 00:00:00
C003083,seo,11-50,CA,2026-03-02 00:00:00
C003084,direct,1-10,FR,2026-01-07 00:00:00
C003085,direct,11-50,FR,2026-07-03 00:00:00
C003086,direct,200+,FR,2026-02-23 00:00:00
C003087,seo,1-10,FR,2026-06-26 00:00:00
C003088,seo,11-50,FR,2026-06-02 00:00:00
C003089,direct,1-10,CH,2026-06-10 00:00:00
C003090,seo,11-50,FR,2026-02-05 00:00:00
C003091,referral,51-200,FR,2026-02-06 00:00:00
C003092,sea,51-200,FR,2026-05-29 00:00:00
C003093,sea,11-50,FR,2026-06-08 00:00:00
C003094,sea,1-10,FR,2026-01-12 00:00:00
C003095,seo,1-10,FR,2026-01-28 00:00:00
C003096,seo,200+,FR,2026-07-11 00:00:00
C003097,direct,51-200,FR,2026-03-27 00:00:00
C003098,seo,51-200,BE,2026-01-17 00:00:00
C003099,direct,51-200,FR,2026-05-21 00:00:00
C003100,seo,51-200,CH,2026-02-18 00:00:00
C003101,seo,1-10,FR,2026-06-18 00:00:00
C003102,seo,1-10,FR,2026-04-26 00:00:00
C003103,seo,1-10,FR,2026-07-18 00:00:00
C003104,referral,1-10,FR,2026-02-20 00:00:00
C003105,sea,11-50,FR,2026-01-30 00:00:00
C003106,direct,1-10,FR,2026-04-11 00:00:00
C003107,referral,1-10,FR,2026-04-25 00:00:00
C003108,seo,1-10,FR,2026-02-19 00:00:00
C003109,direct,1-10,FR,2026-06-10 00:00:00
C003110,seo,1-10,FR,2026-06-01 00:00:00
C003111,sea,200+,FR,2026-04-13 00:00:00
C003112,direct,1-10,CA,2026-02-25 00:00:00
C003113,direct,51-200,FR,2026-05-06 00:00:00
C003114,seo,11-50,CA,2026-01-07 00:00:00
C003115,sea,200+,CA,2026-04-08 00:00:00
C003116,seo,51-200,FR,2026-01-24 00:00:00
C003117,referral,1-10,CH,2026-04-23 00:00:00
C003118,referral,51-200,FR,2026-03-26 00:00:00
C003119,direct,1-10,CA,2026-03-17 00:00:00
C003120,referral,200+,FR,2026-06-23 00:00:00
C003121,seo,1-10,CA,2026-01-14 00:00:00
C003122,sea,200+,FR,2026-04-24 00:00:00
C003123,direct,51-200,BE,2026-04-17 00:00:00
C003124,direct,1-10,FR,2026-07-08 00:00:00
C003125,referral,1-10,CA,2026-04-06 00:00:00
C003126,seo,1-10,CA,2026-06-02 00:00:00
C003127,direct,51-200,FR,2026-03-01 00:00:00
C003128,referral,51-200,CA,2026-07-08 00:00:00
C003129,referral,51-200,FR,2026-02-03 00:00:00
C003130,direct,200+,FR,2026-05-05 00:00:00
C003131,sea,200+,FR,2026-01-29 00:00:00
C003132,direct,200+,FR,2026-04-12 00:00:00
C003133,referral,1-10,CA,2026-02-02 00:00:00
C003134,seo,200+,CA,2026-05-15 00:00:00
C003135,direct,200+,BE,2026-06-28 00:00:00
C003136,referral,51-200,FR,2026-07-03 00:00:00
C003137,referral,51-200,FR,2026-05-10 00:00:00
C003138,seo,51-200,FR,2026-01-07 00:00:00
C003139,direct,11-50,FR,2026-06-01 00:00:00
C003140,sea,11-50,FR,2026-05-06 00:00:00
C003141,sea,11-50,FR,2026-06-08 00:00:00
C003142,seo,1-10,FR,2026-05-22 00:00:00
C003143,direct,200+,CH,2026-01-08 00:00:00
C003144,seo,11-50,FR,2026-03-30 00:00:00
C003145,referral,51-200,FR,2026-04-05 00:00:00
C003146,direct,1-10,FR,2026-04-08 00:00:00
C003147,direct,11-50,BE,2026-06-08 00:00:00
C003148,sea,11-50,FR,2026-02-26 00:00:00
C003149,seo,200+,FR,2026-03-28 00:00:00
C003150,sea,1-10,BE,2026-07-10 00:00:00
C003151,referral,200+,FR,2026-07-01 00:00:00
C003152,referral,51-200,CA,2026-07-05 00:00:00
C003153,seo,1-10,BE,2026-01-29 00:00:00
C003154,direct,51-200,FR,2026-05-09 00:00:00
C003155,seo,11-50,FR,2026-06-27 00:00:00
C003156,direct,51-200,FR,2026-05-08 00:00:00
C003157,sea,200+,FR,2026-06-20 00:00:00
C003158,referral,200+,CH,2026-06-13 00:00:00
C003159,referral,51-200,FR,2026-05-25 00:00:00
C003160,direct,11-50,FR,2026-05-28 00:00:00
C003161,sea,11-50,FR,2026-06-05 00:00:00
C003162,sea,1-10,BE,2026-02-10 00:00:00
C003163,referral,11-50,CH,2026-03-14 00:00:00
C003164,direct,1-10,FR,2026-05-09 00:00:00
C003165,sea,1-10,FR,2026-03-30 00:00:00
C003166,seo,51-200,FR,2026-03-30 00:00:00
C003167,direct,1-10,FR,2026-04-20 00:00:00
C003168,referral,11-50,FR,2026-02-01 00:00:00
C003169,seo,11-50,FR,2026-04-14 00:00:00
C003170,direct,1-10,FR,2026-06-28 00:00:00
C003171,referral,51-200,FR,2026-03-15 00:00:00
C003172,referral,11-50,FR,2026-01-13 00:00:00
C003173,sea,11-50,FR,2026-01-21 00:00:00
C003174,referral,51-200,BE,2026-03-07 00:00:00
C003175,referral,11-50,FR,2026-04-14 00:00:00
C003176,direct,200+,FR,2026-04-27 00:00:00
C003177,seo,11-50,CA,2026-05-19 00:00:00
C003178,seo,11-50,FR,2026-01-14 00:00:00
C003179,seo,11-50,FR,2026-07-09 00:00:00
C003180,sea,11-50,FR,2026-04-19 00:00:00
C003181,direct,1-10,FR,2026-02-26 00:00:00
C003182,sea,200+,FR,2026-06-30 00:00:00
C003183,referral,200+,FR,2026-07-12 00:00:00
C003184,sea,200+,FR,2026-02-27 00:00:00
C003185,sea,11-50,FR,2026-06-01 00:00:00
C003186,direct,1-10,BE,2026-04-02 00:00:00
C003187,referral,200+,FR,2026-05-20 00:00:00
C003188,direct,200+,FR,2026-03-28 00:00:00
C003189,seo,200+,FR,2026-04-08 00:00:00
C003190,sea,11-50,CA,2026-03-29 00:00:00
C003191,seo,1-10,FR,2026-06-05 00:00:00
C003192,seo,200+,FR,2026-06-28 00:00:00
C003193,seo,51-200,FR,2026-03-15 00:00:00
C003194,seo,11-50,FR,2026-04-29 00:00:00
C003195,seo,1-10,FR,2026-01-06 00:00:00
C003196,referral,200+,FR,2026-04-27 00:00:00
C003197,seo,1-10,FR,2026-04-23 00:00:00
C003198,referral,1-10,FR,2026-02-26 00:00:00
C003199,referral,200+,FR,2026-05-21 00:00:00
C003200,direct,51-200,BE,2026-06-08 00:00:00
C003201,seo,51-200,FR,2026-05-15 00:00:00
C003202,sea,51-200,BE,2026-05-12 00:00:00
C003203,seo,11-50,FR,2026-07-02 00:00:00
C003204,referral,11-50,FR,2026-01-15 00:00:00
C003205,direct,51-200,CA,2026-06-17 00:00:00
C003206,sea,51-200,FR,2026-02-25 00:00:00
C003207,direct,1-10,FR,2026-04-18 00:00:00
C003208,referral,1-10,CA,2026-04-19 00:00:00
C003209,referral,11-50,FR,2026-06-28 00:00:00
C003210,seo,200+,BE,2026-07-05 00:00:00
C003211,seo,1-10,FR,2026-01-17 00:00:00
C003212,sea,51-200,CA,2026-03-06 00:00:00
C003213,seo,200+,FR,2026-03-11 00:00:00
C003214,direct,11-50,CH,2026-03-07 00:00:00
C003215,sea,51-200,FR,2026-05-09 00:00:00
C003216,referral,200+,FR,2026-04-20 00:00:00
C003217,seo,200+,FR,2026-04-29 00:00:00
C003218,referral,200+,FR,2026-01-04 00:00:00
C003219,referral,200+,FR,2026-02-02 00:00:00
C003220,sea,11-50,FR,2026-03-17 00:00:00
C003221,sea,11-50,FR,2026-05-17 00:00:00
C003222,seo,11-50,FR,2026-06-06 00:00:00
C003223,referral,51-200,FR,2026-03-13 00:00:00
C003224,seo,1-10,CA,2026-06-12 00:00:00
C003225,direct,51-200,FR,2026-01-27 00:00:00
C003226,direct,200+,FR,2026-02-20 00:00:00
C003227,seo,11-50,FR,2026-05-23 00:00:00
C003228,seo,1-10,FR,2026-06-30 00:00:00
C003229,seo,200+,FR,2026-05-13 00:00:00
C003230,referral,200+,FR,2026-06-06 00:00:00
C003231,direct,11-50,BE,2026-01-17 00:00:00
C003232,seo,200+,FR,2026-06-06 00:00:00
C003233,referral,1-10,CH,2026-01-15 00:00:00
C003234,direct,11-50,BE,2026-04-02 00:00:00
C003235,direct,11-50,FR,2026-06-19 00:00:00
C003236,referral,11-50,BE,2026-05-07 00:00:00
C003237,seo,1-10,CH,2026-06-08 00:00:00
C003238,sea,51-200,CA,2026-05-03 00:00:00
C003239,referral,200+,FR,2026-06-02 00:00:00
C003240,referral,51-200,FR,2026-06-19 00:00:00
C003241,referral,200+,FR,2026-06-23 00:00:00
C003242,sea,1-10,CH,2026-04-24 00:00:00
C003243,direct,200+,FR,2026-05-22 00:00:00
C003244,seo,1-10,BE,2026-03-05 00:00:00
C003245,sea,200+,FR,2026-03-30 00:00:00
C003246,seo,1-10,FR,2026-01-19 00:00:00
C003247,sea,51-200,FR,2026-01-13 00:00:00
C003248,sea,11-50,CA,2026-03-16 00:00:00
C003249,sea,1-10,FR,2026-07-15 00:00:00
C003250,direct,1-10,FR,2026-06-23 00:00:00
C003251,direct,1-10,FR,2026-03-14 00:00:00
C003252,sea,1-10,FR,2026-04-28 00:00:00
C003253,sea,1-10,FR,2026-01-15 00:00:00
C003254,sea,11-50,CA,2026-06-14 00:00:00
C003255,direct,200+,BE,2026-04-13 00:00:00
C003256,sea,200+,CH,2026-03-28 00:00:00
C003257,sea,200+,FR,2026-04-13 00:00:00
C003258,seo,1-10,CA,2026-05-08 00:00:00
C003259,referral,1-10,FR,2026-06-17 00:00:00
C003260,direct,11-50,CH,2026-04-24 00:00:00
C003261,sea,11-50,FR,2026-05-31 00:00:00
C003262,referral,1-10,FR,2026-04-28 00:00:00
C003263,sea,200+,FR,2026-06-05 00:00:00
C003264,sea,200+,BE,2026-05-06 00:00:00
C003265,seo,1-10,CA,2026-03-11 00:00:00
C003266,sea,51-200,FR,2026-03-05 00:00:00
C003267,seo,200+,FR,2026-01-06 00:00:00
C003268,direct,11-50,CH,2026-03-25 00:00:00
C003269,sea,11-50,FR,2026-05-04 00:00:00
C003270,referral,51-200,BE,2026-03-01 00:00:00
C003271,referral,200+,FR,2026-06-06 00:00:00
C003272,sea,1-10,FR,2026-05-15 00:00:00
C003273,sea,200+,FR,2026-03-29 00:00:00
C003274,seo,1-10,FR,2026-06-01 00:00:00
C003275,sea,1-10,FR,2026-04-14 00:00:00
C003276,direct,11-50,CH,2026-07-12 00:00:00
C003277,direct,200+,FR,2026-01-04 00:00:00
C003278,referral,51-200,FR,2026-03-26 00:00:00
C003279,sea,51-200,FR,2026-03-03 00:00:00
C003280,referral,51-200,FR,2026-06-12 00:00:00
C003281,direct,200+,CH,2026-07-17 00:00:00
C003282,sea,11-50,FR,2026-06-30 00:00:00
C003283,sea,200+,FR,2026-04-26 00:00:00
C003284,sea,11-50,FR,2026-03-08 00:00:00
C003285,seo,1-10,FR,2026-04-03 00:00:00
C003286,seo,51-200,FR,2026-04-24 00:00:00
C003287,sea,11-50,CH,2026-01-27 00:00:00
C003288,sea,11-50,FR,2026-06-07 00:00:00
C003289,sea,51-200,CH,2026-04-24 00:00:00
C003290,direct,11-50,FR,2026-07-10 00:00:00
C003291,seo,200+,FR,2026-02-04 00:00:00
C003292,seo,200+,FR,2026-01-30 00:00:00
C003293,seo,51-200,FR,2026-03-04 00:00:00
C003294,referral,1-10,FR,2026-06-30 00:00:00
C003295,referral,51-200,FR,2026-04-16 00:00:00
C003296,referral,200+,FR,2026-04-04 00:00:00
C003297,sea,51-200,FR,2026-06-27 00:00:00
C003298,seo,51-200,FR,2026-06-14 00:00:00
C003299,seo,1-10,FR,2026-01-29 00:00:00
C003300,seo,1-10,BE,2026-03-15 00:00:00
C003301,seo,51-200,FR,2026-04-11 00:00:00
C003302,referral,1-10,FR,2026-06-30 00:00:00
C003303,direct,1-10,FR,2026-03-23 00:00:00
C003304,sea,200+,CH,2026-07-19 00:00:00
C003305,referral,200+,CH,2026-07-12 00:00:00
C003306,referral,200+,FR,2026-06-24 00:00:00
C003307,seo,51-200,FR,2026-03-19 00:00:00
C003308,referral,11-50,FR,2026-04-06 00:00:00
C003309,direct,11-50,FR,2026-06-24 00:00:00
C003310,sea,200+,FR,2026-04-13 00:00:00
C003311,seo,1-10,FR,2026-01-07 00:00:00
C003312,referral,200+,CH,2026-01-09 00:00:00
C003313,seo,51-200,FR,2026-06-13 00:00:00
C003314,referral,200+,FR,2026-02-27 00:00:00
C003315,sea,11-50,FR,2026-03-26 00:00:00
C003316,sea,1-10,FR,2026-03-02 00:00:00
C003317,direct,51-200,FR,2026-07-10 00:00:00
C003318,seo,11-50,FR,2026-06-20 00:00:00
C003319,referral,51-200,FR,2026-06-09 00:00:00
C003320,direct,11-50,FR,2026-07-17 00:00:00
C003321,referral,51-200,FR,2026-06-30 00:00:00
C003322,referral,51-200,FR,2026-04-08 00:00:00
C003323,seo,51-200,BE,2026-05-09 00:00:00
C003324,sea,11-50,CA,2026-04-05 00:00:00
C003325,referral,200+,FR,2026-04-14 00:00:00
C003326,direct,11-50,CA,2026-06-05 00:00:00
C003327,referral,11-50,FR,2026-07-12 00:00:00
C003328,sea,11-50,FR,2026-04-28 00:00:00
C003329,seo,51-200,FR,2026-02-05 00:00:00
C003330,seo,11-50,FR,2026-03-21 00:00:00
C003331,referral,51-200,FR,2026-03-17 00:00:00
C003332,seo,51-200,FR,2026-03-25 00:00:00
C003333,referral,1-10,FR,2026-02-23 00:00:00
C003334,sea,11-50,BE,2026-05-02 00:00:00
C003335,sea,11-50,FR,2026-05-23 00:00:00
C003336,referral,51-200,FR,2026-06-15 00:00:00
C003337,seo,1-10,FR,2026-02-14 00:00:00
C003338,sea,200+,FR,2026-07-18 00:00:00
C003339,referral,51-200,FR,2026-03-11 00:00:00
C003340,direct,1-10,FR,2026-06-28 00:00:00
C003341,direct,1-10,CH,2026-04-25 00:00:00
C003342,seo,51-200,FR,2026-01-01 00:00:00
C003343,direct,200+,BE,2026-03-12 00:00:00
C003344,sea,51-200,FR,2026-07-13 00:00:00
C003345,referral,51-200,FR,2026-03-10 00:00:00
C003346,referral,51-200,BE,2026-06-06 00:00:00
C003347,direct,51-200,FR,2026-06-24 00:00:00
C003348,direct,200+,BE,2026-06-18 00:00:00
C003349,sea,200+,FR,2026-07-02 00:00:00
C003350,direct,1-10,FR,2026-05-21 00:00:00
C003351,seo,11-50,CA,2026-04-23 00:00:00
C003352,sea,51-200,FR,2026-05-23 00:00:00
C003353,referral,11-50,FR,2026-01-29 00:00:00
C003354,sea,200+,FR,2026-05-15 00:00:00
C003355,referral,200+,FR,2026-03-01 00:00:00
C003356,seo,11-50,FR,2026-02-22 00:00:00
C003357,direct,1-10,FR,2026-04-13 00:00:00
C003358,seo,200+,CA,2026-03-18 00:00:00
C003359,direct,51-200,FR,2026-03-25 00:00:00
C003360,seo,51-200,BE,2026-02-10 00:00:00
C003361,seo,1-10,FR,2026-05-30 00:00:00
C003362,referral,51-200,BE,2026-03-03 00:00:00
C003363,seo,51-200,FR,2026-06-24 00:00:00
C003364,seo,200+,FR,2026-02-01 00:00:00
C003365,seo,11-50,FR,2026-01-19 00:00:00
C003366,seo,200+,CA,2026-03-30 00:00:00
C003367,sea,11-50,CH,2026-03-15 00:00:00
C003368,direct,1-10,FR,2026-05-21 00:00:00
C003369,sea,51-200,FR,2026-06-02 00:00:00
C003370,seo,200+,FR,2026-01-22 00:00:00
C003371,seo,51-200,FR,2026-03-03 00:00:00
C003372,referral,51-200,BE,2026-03-29 00:00:00
C003373,direct,51-200,FR,2026-01-14 00:00:00
C003374,seo,1-10,FR,2026-04-17 00:00:00
C003375,direct,200+,CA,2026-06-03 00:00:00
C003376,sea,51-200,FR,2026-02-25 00:00:00
C003377,direct,51-200,FR,2026-01-01 00:00:00
C003378,direct,11-50,FR,2026-01-29 00:00:00
C003379,referral,200+,CH,2026-02-18 00:00:00
C003380,sea,1-10,FR,2026-01-21 00:00:00
C003381,referral,11-50,FR,2026-04-22 00:00:00
C003382,direct,1-10,FR,2026-03-31 00:00:00
C003383,referral,1-10,FR,2026-04-02 00:00:00
C003384,referral,11-50,FR,2026-03-14 00:00:00
C003385,sea,11-50,FR,2026-05-13 00:00:00
C003386,direct,11-50,FR,2026-04-08 00:00:00
C003387,referral,51-200,FR,2026-03-07 00:00:00
C003388,sea,51-200,FR,2026-05-16 00:00:00
C003389,sea,200+,FR,2026-05-04 00:00:00
C003390,referral,200+,BE,2026-03-27 00:00:00
C003391,direct,1-10,CH,2026-01-28 00:00:00
C003392,sea,1-10,FR,2026-04-17 00:00:00
C003393,referral,1-10,CH,2026-02-14 00:00:00
C003394,seo,200+,FR,2026-02-03 00:00:00
C003395,seo,200+,FR,2026-02-26 00:00:00
C003396,direct,1-10,FR,2026-04-08 00:00:00
C003397,sea,200+,FR,2026-07-16 00:00:00
C003398,direct,11-50,BE,2026-04-06 00:00:00
C003399,referral,51-200,FR,2026-03-18 00:00:00
C003400,sea,1-10,BE,2026-06-11 00:00:00
C003401,sea,11-50,FR,2026-02-15 00:00:00
C003402,sea,11-50,FR,2026-03-29 00:00:00
C003403,referral,200+,FR,2026-02-05 00:00:00
C003404,referral,1-10,FR,2026-04-05 00:00:00
C003405,direct,1-10,FR,2026-05-06 00:00:00
C003406,seo,1-10,BE,2026-07-12 00:00:00
C003407,seo,11-50,FR,2026-03-04 00:00:00
C003408,seo,1-10,FR,2026-06-14 00:00:00
C003409,seo,1-10,FR,2026-03-23 00:00:00
C003410,seo,1-10,FR,2026-04-24 00:00:00
C003411,direct,1-10,BE,2026-02-25 00:00:00
C003412,referral,51-200,FR,2026-04-12 00:00:00
C003413,direct,51-200,FR,2026-05-26 00:00:00
C003414,direct,1-10,FR,2026-03-04 00:00:00
C003415,referral,11-50,FR,2026-04-23 00:00:00
C003416,referral,200+,FR,2026-02-06 00:00:00
C003417,seo,200+,FR,2026-04-28 00:00:00
C003418,seo,1-10,FR,2026-01-31 00:00:00
C003419,seo,200+,FR,2026-01-01 00:00:00
C003420,referral,200+,FR,2026-04-04 00:00:00
C003421,referral,200+,FR,2026-07-17 00:00:00
C003422,direct,11-50,FR,2026-04-29 00:00:00
C003423,sea,11-50,CH,2026-01-14 00:00:00
C003424,seo,11-50,FR,2026-02-02 00:00:00
C003425,referral,51-200,FR,2026-06-11 00:00:00
C003426,sea,1-10,FR,2026-06-20 00:00:00
C003427,referral,11-50,FR,2026-04-14 00:00:00
C003428,sea,1-10,CH,2026-07-12 00:00:00
C003429,seo,1-10,FR,2026-06-10 00:00:00
C003430,sea,11-50,FR,2026-04-06 00:00:00
C003431,referral,1-10,CA,2026-06-23 00:00:00
C003432,direct,51-200,FR,2026-06-19 00:00:00
C003433,referral,51-200,FR,2026-02-01 00:00:00
C003434,referral,200+,FR,2026-04-12 00:00:00
C003435,referral,51-200,CH,2026-07-14 00:00:00
C003436,referral,1-10,FR,2026-06-09 00:00:00
C003437,sea,1-10,FR,2026-01-23 00:00:00
C003438,seo,11-50,CA,2026-02-03 00:00:00
C003439,referral,11-50,FR,2026-04-14 00:00:00
C003440,sea,1-10,FR,2026-02-11 00:00:00
C003441,direct,51-200,FR,2026-04-19 00:00:00
C003442,sea,11-50,FR,2026-03-08 00:00:00
C003443,seo,1-10,FR,2026-05-12 00:00:00
C003444,referral,51-200,FR,2026-02-25 00:00:00
C003445,seo,11-50,BE,2026-04-02 00:00:00
C003446,referral,200+,FR,2026-02-14 00:00:00
C003447,referral,51-200,FR,2026-03-11 00:00:00
C003448,sea,200+,FR,2026-05-12 00:00:00
C003449,seo,200+,FR,2026-04-17 00:00:00
C003450,referral,1-10,FR,2026-04-29 00:00:00
C003451,direct,11-50,FR,2026-03-31 00:00:00
C003452,sea,11-50,FR,2026-02-04 00:00:00
C003453,sea,51-200,FR,2026-01-03 00:00:00
C003454,sea,11-50,CH,2026-01-06 00:00:00
C003455,seo,51-200,FR,2026-04-14 00:00:00
C003456,seo,200+,FR,2026-05-02 00:00:00
C003457,referral,51-200,CH,2026-05-28 00:00:00
C003458,direct,1-10,FR,2026-07-13 00:00:00
C003459,referral,11-50,FR,2026-05-26 00:00:00
C003460,referral,11-50,FR,2026-05-22 00:00:00
C003461,direct,51-200,FR,2026-03-08 00:00:00
C003462,seo,200+,FR,2026-03-26 00:00:00
C003463,direct,1-10,FR,2026-02-05 00:00:00
C003464,sea,51-200,CA,2026-07-19 00:00:00
C003465,sea,51-200,FR,2026-06-19 00:00:00
C003466,referral,11-50,CA,2026-05-07 00:00:00
C003467,direct,200+,FR,2026-04-08 00:00:00
C003468,referral,1-10,CH,2026-05-22 00:00:00
C003469,sea,1-10,BE,2026-07-03 00:00:00
C003470,seo,200+,FR,2026-05-07 00:00:00
C003471,direct,11-50,FR,2026-06-14 00:00:00
C003472,direct,1-10,FR,2026-02-14 00:00:00
C003473,sea,51-200,FR,2026-01-28 00:00:00
C003474,sea,1-10,FR,2026-01-05 00:00:00
C003475,seo,200+,FR,2026-04-07 00:00:00
C003476,direct,200+,FR,2026-04-29 00:00:00
C003477,seo,200+,FR,2026-07-03 00:00:00
C003478,direct,11-50,FR,2026-03-14 00:00:00
C003479,sea,11-50,FR,2026-05-16 00:00:00
C003480,direct,51-200,FR,2026-06-16 00:00:00
C003481,seo,11-50,FR,2026-07-17 00:00:00
C003482,seo,51-200,CA,2026-07-05 00:00:00
C003483,referral,1-10,CA,2026-06-23 00:00:00
C003484,referral,1-10,CH,2026-03-20 00:00:00
C003485,sea,1-10,FR,2026-02-25 00:00:00
C003486,seo,200+,FR,2026-03-06 00:00:00
C003487,sea,11-50,FR,2026-06-15 00:00:00
C003488,referral,51-200,BE,2026-05-28 00:00:00
C003489,sea,11-50,FR,2026-03-28 00:00:00
C003490,direct,51-200,BE,2026-01-06 00:00:00
C003491,sea,11-50,FR,2026-04-07 00:00:00
C003492,sea,1-10,CH,2026-03-24 00:00:00
C003493,seo,51-200,FR,2026-02-02 00:00:00
C003494,sea,51-200,FR,2026-03-01 00:00:00
C003495,referral,200+,BE,2026-05-08 00:00:00
C003496,seo,200+,FR,2026-07-04 00:00:00
C003497,seo,51-200,FR,2026-04-20 00:00:00
C003498,direct,11-50,FR,2026-05-05 00:00:00
C003499,direct,51-200,FR,2026-06-06 00:00:00
C003500,seo,11-50,FR,2026-06-03 00:00:00
C003501,sea,51-200,FR,2026-05-17 00:00:00
C003502,referral,11-50,FR,2026-05-21 00:00:00
C003503,sea,51-200,CA,2026-05-26 00:00:00
C003504,direct,51-200,FR,2026-07-15 00:00:00
C003505,seo,1-10,FR,2026-06-23 00:00:00
C003506,sea,51-200,FR,2026-01-26 00:00:00
C003507,referral,51-200,BE,2026-06-03 00:00:00
C003508,seo,51-200,FR,2026-07-03 00:00:00
C003509,seo,1-10,BE,2026-03-10 00:00:00
C003510,sea,11-50,FR,2026-02-02 00:00:00
C003511,referral,200+,FR,2026-05-12 00:00:00
C003512,referral,11-50,CA,2026-03-29 00:00:00
C003513,referral,11-50,CA,2026-02-13 00:00:00
C003514,direct,200+,FR,2026-05-19 00:00:00
C003515,seo,1-10,FR,2026-02-02 00:00:00
C003516,sea,1-10,FR,2026-06-11 00:00:00
C003517,sea,1-10,FR,2026-04-07 00:00:00
C003518,sea,11-50,FR,2026-07-15 00:00:00
C003519,sea,1-10,CH,2026-02-16 00:00:00
C003520,sea,1-10,FR,2026-05-31 00:00:00
C003521,sea,1-10,FR,2026-01-07 00:00:00
C003522,seo,200+,FR,2026-04-13 00:00:00
C003523,referral,51-200,FR,2026-01-10 00:00:00
C003524,seo,1-10,FR,2026-06-25 00:00:00
C003525,referral,11-50,BE,2026-06-24 00:00:00
C003526,referral,51-200,FR,2026-06-06 00:00:00
C003527,sea,51-200,FR,2026-05-22 00:00:00
C003528,sea,51-200,FR,2026-05-21 00:00:00
C003529,sea,51-200,FR,2026-06-02 00:00:00
C003530,seo,1-10,FR,2026-01-02 00:00:00
C003531,referral,11-50,FR,2026-06-14 00:00:00
C003532,sea,200+,FR,2026-05-02 00:00:00
C003533,referral,11-50,FR,2026-04-29 00:00:00
C003534,seo,51-200,FR,2026-05-20 00:00:00
C003535,sea,51-200,FR,2026-07-06 00:00:00
C003536,sea,11-50,FR,2026-05-09 00:00:00
C003537,direct,200+,BE,2026-01-12 00:00:00
C003538,seo,1-10,FR,2026-02-07 00:00:00
C003539,referral,11-50,BE,2026-05-22 00:00:00
C003540,referral,1-10,FR,2026-06-18 00:00:00
C003541,referral,200+,FR,2026-01-15 00:00:00
C003542,sea,11-50,FR,2026-04-04 00:00:00
C003543,seo,1-10,FR,2026-04-23 00:00:00
C003544,sea,51-200,FR,2026-05-06 00:00:00
C003545,referral,51-200,FR,2026-01-27 00:00:00
C003546,referral,1-10,CH,2026-04-26 00:00:00
C003547,sea,11-50,FR,2026-06-04 00:00:00
C003548,sea,51-200,CH,2026-03-03 00:00:00
C003549,direct,200+,FR,2026-01-08 00:00:00
C003550,referral,51-200,CA,2026-04-11 00:00:00
C003551,referral,1-10,FR,2026-03-01 00:00:00
C003552,direct,11-50,CH,2026-01-01 00:00:00
C003553,seo,51-200,FR,2026-06-30 00:00:00
C003554,seo,200+,FR,2026-06-16 00:00:00
C003555,seo,11-50,FR,2026-06-09 00:00:00
C003556,direct,1-10,FR,2026-02-18 00:00:00
C003557,sea,200+,FR,2026-07-13 00:00:00
C003558,referral,11-50,FR,2026-06-19 00:00:00
C003559,direct,200+,FR,2026-07-18 00:00:00
C003560,direct,200+,FR,2026-05-09 00:00:00
C003561,sea,1-10,FR,2026-02-11 00:00:00
C003562,sea,11-50,BE,2026-04-04 00:00:00
C003563,referral,51-200,FR,2026-02-03 00:00:00
C003564,referral,11-50,FR,2026-07-04 00:00:00
C003565,seo,11-50,BE,2026-07-06 00:00:00
C003566,seo,11-50,FR,2026-05-30 00:00:00
C003567,direct,200+,CA,2026-02-09 00:00:00
C003568,sea,11-50,FR,2026-06-23 00:00:00
C003569,referral,1-10,FR,2026-04-05 00:00:00
C003570,seo,200+,FR,2026-01-12 00:00:00
C003571,referral,1-10,FR,2026-03-31 00:00:00
C003572,seo,200+,BE,2026-06-20 00:00:00
C003573,sea,1-10,FR,2026-06-11 00:00:00
C003574,seo,11-50,FR,2026-04-06 00:00:00
C003575,sea,200+,FR,2026-07-13 00:00:00
C003576,sea,11-50,FR,2026-05-13 00:00:00
C003577,seo,51-200,FR,2026-05-25 00:00:00
C003578,seo,11-50,FR,2026-07-14 00:00:00
C003579,seo,1-10,BE,2026-01-23 00:00:00
C003580,seo,51-200,FR,2026-03-16 00:00:00
C003581,referral,11-50,FR,2026-02-12 00:00:00
C003582,seo,200+,FR,2026-06-14 00:00:00
C003583,referral,1-10,CA,2026-06-01 00:00:00
C003584,direct,1-10,FR,2026-05-24 00:00:00
C003585,sea,1-10,CH,2026-06-12 00:00:00
C003586,referral,1-10,FR,2026-03-05 00:00:00
C003587,sea,1-10,CH,2026-02-23 00:00:00
C003588,sea,11-50,CH,2026-03-30 00:00:00
C003589,direct,1-10,FR,2026-03-01 00:00:00
C003590,seo,200+,FR,2026-05-01 00:00:00
C003591,sea,200+,FR,2026-04-26 00:00:00
C003592,seo,11-50,BE,2026-02-27 00:00:00
C003593,seo,200+,FR,2026-02-01 00:00:00
C003594,sea,11-50,CA,2026-02-05 00:00:00
C003595,referral,1-10,FR,2026-06-25 00:00:00
C003596,seo,1-10,FR,2026-03-27 00:00:00
C003597,sea,51-200,FR,2026-05-25 00:00:00
C003598,referral,51-200,FR,2026-02-20 00:00:00
C003599,sea,1-10,FR,2026-03-06 00:00:00
C003600,sea,51-200,BE,2026-05-27 00:00:00
C003601,sea,11-50,FR,2026-07-10 00:00:00
C003602,seo,200+,BE,2026-02-24 00:00:00
C003603,referral,1-10,BE,2026-01-10 00:00:00
C003604,direct,51-200,BE,2026-04-10 00:00:00
C003605,seo,200+,FR,2026-01-03 00:00:00
C003606,direct,200+,BE,2026-02-03 00:00:00
C003607,sea,1-10,FR,2026-02-06 00:00:00
C003608,referral,1-10,FR,2026-03-23 00:00:00
C003609,seo,51-200,FR,2026-06-18 00:00:00
C003610,direct,51-200,FR,2026-01-05 00:00:00
C003611,referral,51-200,FR,2026-06-10 00:00:00
C003612,referral,11-50,FR,2026-03-31 00:00:00
C003613,sea,51-200,FR,2026-04-02 00:00:00
C003614,seo,11-50,FR,2026-03-17 00:00:00
C003615,referral,1-10,FR,2026-01-29 00:00:00
C003616,direct,11-50,FR,2026-03-26 00:00:00
C003617,direct,51-200,CH,2026-03-02 00:00:00
C003618,referral,51-200,FR,2026-03-30 00:00:00
C003619,seo,11-50,FR,2026-06-18 00:00:00
C003620,seo,51-200,FR,2026-06-27 00:00:00
C003621,direct,200+,FR,2026-05-04 00:00:00
C003622,seo,11-50,FR,2026-03-18 00:00:00
C003623,referral,1-10,FR,2026-04-21 00:00:00
C003624,sea,1-10,BE,2026-02-24 00:00:00
C003625,sea,11-50,FR,2026-06-30 00:00:00
C003626,direct,1-10,FR,2026-05-23 00:00:00
C003627,seo,1-10,FR,2026-03-25 00:00:00
C003628,direct,11-50,FR,2026-05-27 00:00:00
C003629,sea,1-10,CH,2026-02-12 00:00:00
C003630,direct,11-50,BE,2026-06-13 00:00:00
C003631,sea,51-200,FR,2026-06-29 00:00:00
C003632,referral,200+,CH,2026-04-05 00:00:00
C003633,seo,51-200,FR,2026-05-03 00:00:00
C003634,direct,1-10,FR,2026-03-19 00:00:00
C003635,seo,11-50,FR,2026-07-18 00:00:00
C003636,referral,1-10,FR,2026-06-24 00:00:00
C003637,referral,11-50,FR,2026-02-09 00:00:00
C003638,direct,51-200,FR,2026-06-26 00:00:00
C003639,direct,200+,FR,2026-04-20 00:00:00
C003640,direct,200+,CA,2026-01-03 00:00:00
C003641,direct,1-10,BE,2026-04-18 00:00:00
C003642,sea,11-50,BE,2026-02-10 00:00:00
C003643,direct,51-200,FR,2026-03-25 00:00:00
C003644,sea,1-10,FR,2026-04-24 00:00:00
C003645,direct,1-10,CH,2026-05-31 00:00:00
C003646,sea,200+,FR,2026-06-04 00:00:00
C003647,direct,11-50,FR,2026-02-08 00:00:00
C003648,sea,1-10,CH,2026-01-23 00:00:00
C003649,referral,1-10,CH,2026-03-06 00:00:00
C003650,seo,11-50,FR,2026-03-01 00:00:00
C003651,seo,1-10,FR,2026-05-22 00:00:00
C003652,direct,1-10,FR,2026-03-16 00:00:00
C003653,direct,51-200,FR,2026-01-07 00:00:00
C003654,direct,200+,FR,2026-05-27 00:00:00
C003655,sea,1-10,FR,2026-06-24 00:00:00
C003656,seo,51-200,FR,2026-04-17 00:00:00
C003657,direct,1-10,FR,2026-05-27 00:00:00
C003658,sea,1-10,FR,2026-05-01 00:00:00
C003659,referral,51-200,FR,2026-02-23 00:00:00
C003660,sea,1-10,FR,2026-04-11 00:00:00
C003661,referral,51-200,CA,2026-05-15 00:00:00
C003662,seo,11-50,FR,2026-03-25 00:00:00
C003663,seo,1-10,FR,2026-04-09 00:00:00
C003664,seo,11-50,CA,2026-05-04 00:00:00
C003665,seo,51-200,FR,2026-02-26 00:00:00
C003666,referral,1-10,BE,2026-06-09 00:00:00
C003667,direct,200+,FR,2026-07-18 00:00:00
C003668,sea,11-50,FR,2026-02-07 00:00:00
C003669,sea,200+,CA,2026-02-22 00:00:00
C003670,direct,200+,CH,2026-01-22 00:00:00
C003671,referral,51-200,FR,2026-03-07 00:00:00
C003672,referral,51-200,FR,2026-01-31 00:00:00
C003673,direct,200+,CH,2026-04-30 00:00:00
C003674,sea,1-10,FR,2026-04-08 00:00:00
C003675,direct,51-200,FR,2026-06-15 00:00:00
C003676,referral,200+,FR,2026-06-18 00:00:00
C003677,referral,51-200,FR,2026-06-25 00:00:00
C003678,sea,51-200,FR,2026-04-24 00:00:00
C003679,direct,51-200,CH,2026-05-25 00:00:00
C003680,direct,200+,FR,2026-06-18 00:00:00
C003681,direct,200+,FR,2026-06-26 00:00:00
C003682,sea,200+,FR,2026-04-25 00:00:00
C003683,sea,11-50,FR,2026-04-21 00:00:00
C003684,direct,1-10,CH,2026-04-09 00:00:00
C003685,seo,51-200,FR,2026-01-10 00:00:00
C003686,referral,1-10,FR,2026-02-27 00:00:00
C003687,sea,11-50,FR,2026-05-06 00:00:00
C003688,sea,1-10,FR,2026-07-13 00:00:00
C003689,seo,51-200,CA,2026-07-03 00:00:00
C003690,sea,1-10,FR,2026-06-24 00:00:00
C003691,direct,1-10,BE,2026-05-24 00:00:00
C003692,referral,200+,BE,2026-05-25 00:00:00
C003693,direct,51-200,FR,2026-01-14 00:00:00
C003694,direct,200+,FR,2026-03-11 00:00:00
C003695,sea,1-10,FR,2026-06-12 00:00:00
C003696,seo,51-200,FR,2026-02-04 00:00:00
C003697,direct,51-200,FR,2026-04-23 00:00:00
C003698,direct,11-50,CH,2026-03-02 00:00:00
C003699,sea,200+,FR,2026-02-08 00:00:00
C003700,direct,200+,FR,2026-07-07 00:00:00
C003701,referral,200+,FR,2026-05-12 00:00:00
C003702,seo,51-200,FR,2026-04-09 00:00:00
C003703,referral,200+,FR,2026-03-13 00:00:00
C003704,seo,1-10,CA,2026-04-18 00:00:00
C003705,direct,200+,FR,2026-03-26 00:00:00
C003706,referral,1-10,FR,2026-04-25 00:00:00
C003707,referral,200+,FR,2026-03-20 00:00:00
C003708,seo,51-200,FR,2026-05-12 00:00:00
C003709,seo,51-200,FR,2026-07-17 00:00:00
C003710,direct,200+,FR,2026-01-11 00:00:00
C003711,referral,51-200,FR,2026-07-12 00:00:00
C003712,sea,51-200,FR,2026-01-19 00:00:00
C003713,sea,11-50,FR,2026-02-02 00:00:00
C003714,sea,51-200,FR,2026-04-19 00:00:00
C003715,referral,51-200,FR,2026-05-28 00:00:00
C003716,seo,51-200,FR,2026-06-03 00:00:00
C003717,referral,1-10,FR,2026-02-18 00:00:00
C003718,referral,11-50,BE,2026-02-23 00:00:00
C003719,seo,11-50,CH,2026-03-12 00:00:00
C003720,referral,200+,CH,2026-07-12 00:00:00
C003721,sea,51-200,FR,2026-04-28 00:00:00
C003722,referral,11-50,CA,2026-06-11 00:00:00
C003723,seo,11-50,FR,2026-02-13 00:00:00
C003724,direct,1-10,BE,2026-02-12 00:00:00
C003725,sea,200+,FR,2026-02-28 00:00:00
C003726,referral,200+,FR,2026-07-09 00:00:00
C003727,referral,51-200,FR,2026-02-18 00:00:00
C003728,referral,11-50,BE,2026-03-12 00:00:00
C003729,direct,200+,CA,2026-02-11 00:00:00
C003730,sea,51-200,FR,2026-01-08 00:00:00
C003731,sea,11-50,FR,2026-05-05 00:00:00
C003732,sea,1-10,FR,2026-01-15 00:00:00
C003733,sea,1-10,FR,2026-04-30 00:00:00
C003734,referral,11-50,CH,2026-01-14 00:00:00
C003735,sea,1-10,FR,2026-07-19 00:00:00
C003736,direct,1-10,FR,2026-06-02 00:00:00
C003737,referral,51-200,FR,2026-02-06 00:00:00
C003738,direct,200+,FR,2026-02-14 00:00:00
C003739,direct,200+,BE,2026-02-01 00:00:00
C003740,seo,11-50,FR,2026-04-10 00:00:00
C003741,direct,51-200,BE,2026-06-16 00:00:00
C003742,seo,1-10,FR,2026-03-24 00:00:00
C003743,direct,51-200,FR,2026-02-14 00:00:00
C003744,referral,11-50,FR,2026-06-21 00:00:00
C003745,sea,1-10,CA,2026-01-21 00:00:00
C003746,sea,1-10,FR,2026-04-06 00:00:00
C003747,referral,1-10,FR,2026-04-29 00:00:00
C003748,sea,11-50,CA,2026-01-01 00:00:00
C003749,direct,200+,FR,2026-02-07 00:00:00
C003750,seo,200+,FR,2026-03-16 00:00:00
C003751,referral,11-50,FR,2026-03-25 00:00:00
C003752,seo,200+,FR,2026-07-11 00:00:00
C003753,referral,200+,FR,2026-06-14 00:00:00
C003754,seo,11-50,CH,2026-01-19 00:00:00
C003755,sea,51-200,FR,2026-01-31 00:00:00
C003756,referral,200+,FR,2026-03-01 00:00:00
C003757,seo,1-10,FR,2026-07-03 00:00:00
C003758,referral,11-50,FR,2026-07-18 00:00:00
C003759,seo,1-10,FR,2026-06-21 00:00:00
C003760,sea,11-50,FR,2026-07-05 00:00:00
C003761,sea,11-50,FR,2026-03-09 00:00:00
C003762,referral,200+,CH,2026-02-16 00:00:00
C003763,sea,1-10,FR,2026-01-21 00:00:00
C003764,referral,200+,FR,2026-05-21 00:00:00
C003765,seo,1-10,FR,2026-01-27 00:00:00
C003766,seo,200+,CH,2026-06-25 00:00:00
C003767,direct,11-50,FR,2026-04-01 00:00:00
C003768,seo,200+,FR,2026-03-25 00:00:00
C003769,direct,11-50,FR,2026-05-01 00:00:00
C003770,seo,1-10,FR,2026-01-31 00:00:00
C003771,seo,200+,FR,2026-05-22 00:00:00
C003772,seo,1-10,FR,2026-04-16 00:00:00
C003773,direct,51-200,CA,2026-01-19 00:00:00
C003774,referral,1-10,FR,2026-03-30 00:00:00
C003775,seo,1-10,FR,2026-04-07 00:00:00
C003776,seo,51-200,FR,2026-03-20 00:00:00
C003777,referral,11-50,BE,2026-01-01 00:00:00
C003778,referral,1-10,FR,2026-02-10 00:00:00
C003779,referral,51-200,BE,2026-05-19 00:00:00
C003780,seo,200+,BE,2026-06-03 00:00:00
C003781,direct,200+,FR,2026-01-01 00:00:00
C003782,referral,200+,CA,2026-07-17 00:00:00
C003783,direct,1-10,CA,2026-01-23 00:00:00
C003784,sea,200+,FR,2026-01-28 00:00:00
C003785,sea,51-200,FR,2026-04-14 00:00:00
C003786,sea,11-50,FR,2026-02-19 00:00:00
C003787,seo,51-200,CA,2026-04-22 00:00:00
C003788,direct,11-50,BE,2026-03-17 00:00:00
C003789,seo,11-50,FR,2026-07-04 00:00:00
C003790,direct,51-200,FR,2026-03-09 00:00:00
C003791,referral,200+,FR,2026-03-29 00:00:00
C003792,referral,200+,CA,2026-01-23 00:00:00
C003793,seo,51-200,FR,2026-01-19 00:00:00
C003794,direct,200+,CA,2026-05-23 00:00:00
C003795,referral,11-50,CH,2026-07-06 00:00:00
C003796,direct,11-50,FR,2026-07-07 00:00:00
C003797,sea,51-200,FR,2026-03-10 00:00:00
C003798,seo,200+,CA,2026-02-07 00:00:00
C003799,seo,200+,CH,2026-06-11 00:00:00
C003800,referral,11-50,CA,2026-01-06 00:00:00
C003801,seo,11-50,FR,2026-01-31 00:00:00
C003802,referral,200+,CH,2026-04-15 00:00:00
C003803,referral,1-10,FR,2026-06-08 00:00:00
C003804,referral,200+,CH,2026-05-19 00:00:00
C003805,sea,51-200,BE,2026-07-09 00:00:00
C003806,direct,51-200,FR,2026-07-05 00:00:00
C003807,seo,1-10,CH,2026-03-03 00:00:00
C003808,sea,200+,CA,2026-02-12 00:00:00
C003809,direct,1-10,BE,2026-03-20 00:00:00
C003810,referral,1-10,FR,2026-01-27 00:00:00
C003811,sea,1-10,FR,2026-01-06 00:00:00
C003812,direct,11-50,BE,2026-01-21 00:00:00
C003813,seo,51-200,FR,2026-03-09 00:00:00
C003814,seo,200+,FR,2026-06-23 00:00:00
C003815,seo,1-10,BE,2026-04-14 00:00:00
C003816,referral,11-50,FR,2026-05-14 00:00:00
C003817,referral,51-200,FR,2026-03-06 00:00:00
C003818,referral,51-200,FR,2026-05-12 00:00:00
C003819,direct,11-50,FR,2026-01-19 00:00:00
C003820,sea,1-10,BE,2026-05-04 00:00:00
C003821,seo,11-50,FR,2026-02-15 00:00:00
C003822,direct,51-200,CA,2026-07-07 00:00:00
C003823,sea,51-200,FR,2026-01-19 00:00:00
C003824,seo,51-200,BE,2026-05-24 00:00:00
C003825,sea,51-200,FR,2026-04-10 00:00:00
C003826,sea,200+,FR,2026-05-14 00:00:00
C003827,direct,11-50,FR,2026-01-27 00:00:00
C003828,direct,1-10,FR,2026-01-22 00:00:00
C003829,sea,11-50,FR,2026-05-30 00:00:00
C003830,direct,51-200,CA,2026-01-12 00:00:00
C003831,direct,51-200,FR,2026-03-17 00:00:00
C003832,direct,1-10,FR,2026-04-07 00:00:00
C003833,referral,51-200,CH,2026-02-25 00:00:00
C003834,sea,1-10,FR,2026-06-14 00:00:00
C003835,direct,1-10,FR,2026-02-06 00:00:00
C003836,sea,11-50,CH,2026-03-22 00:00:00
C003837,direct,51-200,FR,2026-03-11 00:00:00
C003838,sea,1-10,CH,2026-02-01 00:00:00
C003839,seo,51-200,CH,2026-04-07 00:00:00
C003840,direct,51-200,FR,2026-05-10 00:00:00
C003841,referral,51-200,FR,2026-03-03 00:00:00
C003842,direct,200+,CH,2026-02-03 00:00:00
C003843,referral,1-10,FR,2026-04-30 00:00:00
C003844,referral,51-200,FR,2026-05-04 00:00:00
C003845,sea,1-10,FR,2026-02-17 00:00:00
C003846,seo,51-200,FR,2026-04-26 00:00:00
C003847,sea,11-50,FR,2026-03-25 00:00:00
C003848,referral,1-10,CA,2026-02-20 00:00:00
C003849,direct,1-10,FR,2026-06-18 00:00:00
C003850,direct,200+,FR,2026-03-11 00:00:00
C003851,sea,200+,FR,2026-04-14 00:00:00
C003852,direct,11-50,BE,2026-05-05 00:00:00
C003853,sea,51-200,FR,2026-03-31 00:00:00
C003854,sea,51-200,FR,2026-06-20 00:00:00
C003855,direct,1-10,FR,2026-01-23 00:00:00
C003856,referral,200+,CH,2026-06-24 00:00:00
C003857,referral,51-200,FR,2026-01-19 00:00:00
C003858,referral,1-10,FR,2026-06-01 00:00:00
C003859,referral,51-200,FR,2026-04-16 00:00:00
C003860,sea,200+,FR,2026-05-05 00:00:00
C003861,direct,1-10,FR,2026-06-23 00:00:00
C003862,referral,200+,FR,2026-01-21 00:00:00
C003863,referral,200+,FR,2026-06-11 00:00:00
C003864,referral,200+,FR,2026-02-17 00:00:00
C003865,direct,51-200,FR,2026-06-12 00:00:00
C003866,referral,200+,BE,2026-01-13 00:00:00
C003867,referral,11-50,FR,2026-04-22 00:00:00
C003868,sea,51-200,FR,2026-01-11 00:00:00
C003869,direct,11-50,FR,2026-06-14 00:00:00
C003870,sea,200+,FR,2026-01-16 00:00:00
C003871,referral,51-200,CH,2026-05-28 00:00:00
C003872,sea,1-10,FR,2026-06-19 00:00:00
C003873,sea,51-200,CH,2026-02-01 00:00:00
C003874,referral,51-200,CH,2026-06-16 00:00:00
C003875,direct,1-10,FR,2026-05-02 00:00:00
C003876,referral,51-200,BE,2026-07-05 00:00:00
C003877,direct,11-50,FR,2026-05-10 00:00:00
C003878,referral,11-50,FR,2026-01-23 00:00:00
C003879,sea,200+,CA,2026-05-10 00:00:00
C003880,seo,1-10,CA,2026-06-05 00:00:00
C003881,direct,51-200,FR,2026-04-13 00:00:00
C003882,referral,51-200,FR,2026-05-03 00:00:00
C003883,direct,200+,FR,2026-03-22 00:00:00
C003884,sea,1-10,FR,2026-01-17 00:00:00
C003885,direct,11-50,BE,2026-02-06 00:00:00
C003886,seo,200+,FR,2026-06-13 00:00:00
C003887,seo,200+,FR,2026-05-22 00:00:00
C003888,sea,11-50,BE,2026-05-12 00:00:00
C003889,sea,1-10,FR,2026-05-11 00:00:00
C003890,seo,1-10,FR,2026-04-24 00:00:00
C003891,sea,200+,FR,2026-04-23 00:00:00
C003892,referral,11-50,FR,2026-07-13 00:00:00
C003893,direct,1-10,BE,2026-04-17 00:00:00
C003894,seo,11-50,FR,2026-06-05 00:00:00
C003895,direct,1-10,FR,2026-06-23 00:00:00
C003896,seo,1-10,FR,2026-07-17 00:00:00
C003897,referral,51-200,CH,2026-03-27 00:00:00
C003898,sea,1-10,BE,2026-02-21 00:00:00
C003899,sea,11-50,FR,2026-04-20 00:00:00
C003900,seo,51-200,BE,2026-01-01 00:00:00
C003901,direct,1-10,FR,2026-03-04 00:00:00
C003902,referral,1-10,FR,2026-05-23 00:00:00
C003903,seo,11-50,FR,2026-03-04 00:00:00
C003904,seo,200+,CA,2026-02-01 00:00:00
C003905,sea,51-200,CA,2026-01-05 00:00:00
C003906,seo,200+,FR,2026-01-02 00:00:00
C003907,referral,1-10,FR,2026-04-20 00:00:00
C003908,sea,1-10,CH,2026-03-07 00:00:00
C003909,direct,11-50,FR,2026-03-15 00:00:00
C003910,sea,51-200,FR,2026-07-05 00:00:00
C003911,sea,11-50,FR,2026-03-12 00:00:00
C003912,seo,1-10,FR,2026-03-08 00:00:00
C003913,referral,1-10,FR,2026-07-07 00:00:00
C003914,referral,1-10,FR,2026-05-12 00:00:00
C003915,direct,200+,FR,2026-03-01 00:00:00
C003916,direct,200+,BE,2026-01-28 00:00:00
C003917,direct,51-200,FR,2026-04-03 00:00:00
C003918,sea,11-50,FR,2026-04-01 00:00:00
C003919,seo,11-50,CH,2026-06-01 00:00:00
C003920,referral,1-10,FR,2026-04-10 00:00:00
C003921,referral,51-200,FR,2026-06-11 00:00:00
C003922,seo,1-10,CA,2026-02-07 00:00:00
C003923,referral,200+,FR,2026-03-08 00:00:00
C003924,direct,200+,FR,2026-02-03 00:00:00
C003925,seo,1-10,FR,2026-07-17 00:00:00
C003926,seo,11-50,FR,2026-04-25 00:00:00
C003927,direct,1-10,FR,2026-07-11 00:00:00
C003928,sea,11-50,FR,2026-05-30 00:00:00
C003929,direct,11-50,FR,2026-05-31 00:00:00
C003930,referral,1-10,FR,2026-03-06 00:00:00
C003931,referral,11-50,CH,2026-01-19 00:00:00
C003932,seo,200+,FR,2026-01-07 00:00:00
C003933,referral,1-10,FR,2026-05-28 00:00:00
C003934,referral,1-10,FR,2026-06-01 00:00:00
C003935,seo,200+,FR,2026-04-13 00:00:00
C003936,referral,11-50,FR,2026-01-17 00:00:00
C003937,seo,11-50,FR,2026-04-23 00:00:00
C003938,sea,200+,FR,2026-02-28 00:00:00
C003939,sea,11-50,FR,2026-06-10 00:00:00
C003940,direct,200+,FR,2026-02-21 00:00:00
C003941,sea,1-10,FR,2026-01-01 00:00:00
C003942,sea,200+,CH,2026-02-18 00:00:00
C003943,seo,200+,CA,2026-04-15 00:00:00
C003944,sea,200+,FR,2026-05-04 00:00:00
C003945,referral,11-50,FR,2026-06-09 00:00:00
C003946,direct,200+,FR,2026-03-20 00:00:00
C003947,sea,1-10,FR,2026-06-22 00:00:00
C003948,direct,1-10,CA,2026-04-14 00:00:00
C003949,sea,200+,CH,2026-02-07 00:00:00
C003950,direct,1-10,CH,2026-03-24 00:00:00
C003951,seo,200+,FR,2026-06-08 00:00:00
C003952,seo,200+,FR,2026-02-27 00:00:00
C003953,seo,1-10,CH,2026-03-22 00:00:00
C003954,referral,200+,FR,2026-04-13 00:00:00
C003955,direct,200+,FR,2026-04-13 00:00:00
C003956,seo,200+,FR,2026-04-01 00:00:00
C003957,direct,11-50,FR,2026-02-26 00:00:00
C003958,sea,11-50,CA,2026-05-30 00:00:00
C003959,seo,11-50,FR,2026-06-07 00:00:00
C003960,referral,11-50,FR,2026-05-20 00:00:00
C003961,referral,11-50,BE,2026-02-16 00:00:00
C003962,direct,1-10,FR,2026-02-21 00:00:00
C003963,direct,11-50,CA,2026-02-28 00:00:00
C003964,seo,11-50,FR,2026-03-29 00:00:00
C003965,seo,51-200,CH,2026-06-08 00:00:00
C003966,sea,200+,FR,2026-02-20 00:00:00
C003967,seo,11-50,FR,2026-01-04 00:00:00
C003968,seo,11-50,CH,2026-03-02 00:00:00
C003969,direct,51-200,FR,2026-07-16 00:00:00
C003970,referral,1-10,FR,2026-06-24 00:00:00
C003971,referral,51-200,FR,2026-01-23 00:00:00
C003972,sea,11-50,FR,2026-03-24 00:00:00
C003973,direct,51-200,FR,2026-04-26 00:00:00
C003974,direct,200+,FR,2026-05-02 00:00:00
C003975,seo,11-50,FR,2026-05-20 00:00:00
C003976,referral,200+,CH,2026-01-27 00:00:00
C003977,direct,11-50,FR,2026-03-13 00:00:00
C003978,referral,1-10,FR,2026-02-25 00:00:00
C003979,sea,1-10,FR,2026-04-26 00:00:00
C003980,seo,51-200,FR,2026-04-06 00:00:00
C003981,referral,1-10,FR,2026-06-22 00:00:00
C003982,referral,200+,FR,2026-07-12 00:00:00
C003983,referral,51-200,FR,2026-01-16 00:00:00
C003984,sea,51-200,CA,2026-07-19 00:00:00
C003985,seo,1-10,FR,2026-02-27 00:00:00
C003986,referral,200+,FR,2026-04-11 00:00:00
C003987,referral,1-10,FR,2026-06-22 00:00:00
C003988,sea,1-10,BE,2026-05-16 00:00:00
C003989,referral,1-10,CA,2026-03-12 00:00:00
C003990,sea,11-50,FR,2026-02-21 00:00:00
C003991,sea,1-10,FR,2026-04-16 00:00:00
C003992,referral,11-50,BE,2026-04-09 00:00:00
C003993,direct,51-200,FR,2026-01-16 00:00:00
C003994,sea,51-200,FR,2026-02-10 00:00:00
C003995,referral,11-50,FR,2026-05-18 00:00:00
C003996,referral,11-50,FR,2026-03-21 00:00:00
C003997,sea,200+,FR,2026-01-23 00:00:00
C003998,direct,1-10,FR,2026-04-21 00:00:00
C003999,seo,200+,BE,2026-07-10 00:00:00
C004000,seo,51-200,FR,2026-04-11 00:00:00
C004001,seo,200+,BE,2026-05-23 00:00:00
C004002,seo,1-10,FR,2026-05-05 00:00:00
C004003,direct,200+,CA,2026-07-05 00:00:00
C004004,sea,1-10,CA,2026-06-05 00:00:00
C004005,referral,200+,FR,2026-04-06 00:00:00
C004006,seo,1-10,FR,2026-05-24 00:00:00
C004007,direct,51-200,CH,2026-04-30 00:00:00
C004008,seo,200+,BE,2026-04-28 00:00:00
C004009,sea,51-200,FR,2026-03-01 00:00:00
C004010,direct,1-10,BE,2026-03-29 00:00:00
C004011,direct,200+,FR,2026-02-08 00:00:00
C004012,seo,11-50,FR,2026-04-07 00:00:00
C004013,sea,200+,FR,2026-02-12 00:00:00
C004014,sea,1-10,CH,2026-03-28 00:00:00
C004015,sea,200+,FR,2026-06-05 00:00:00
C004016,sea,200+,FR,2026-04-25 00:00:00
C004017,sea,1-10,FR,2026-06-20 00:00:00
C004018,referral,1-10,FR,2026-05-08 00:00:00
C004019,seo,200+,FR,2026-03-20 00:00:00
C004020,seo,51-200,FR,2026-07-13 00:00:00
C004021,seo,51-200,FR,2026-05-31 00:00:00
C004022,sea,1-10,FR,2026-05-17 00:00:00
C004023,referral,200+,BE,2026-07-03 00:00:00
C004024,referral,200+,FR,2026-02-09 00:00:00
C004025,sea,11-50,FR,2026-02-15 00:00:00
C004026,seo,200+,CH,2026-06-12 00:00:00
C004027,seo,1-10,BE,2026-02-23 00:00:00
C004028,sea,11-50,FR,2026-03-13 00:00:00
C004029,referral,1-10,FR,2026-03-30 00:00:00
C004030,referral,200+,FR,2026-06-01 00:00:00
C004031,referral,1-10,FR,2026-03-25 00:00:00
C004032,sea,1-10,FR,2026-03-24 00:00:00
C004033,referral,51-200,FR,2026-04-14 00:00:00
C004034,seo,51-200,FR,2026-07-10 00:00:00
C004035,sea,1-10,FR,2026-07-06 00:00:00
C004036,seo,11-50,FR,2026-05-23 00:00:00
C004037,seo,200+,FR,2026-03-23 00:00:00
C004038,direct,200+,FR,2026-05-15 00:00:00
C004039,sea,11-50,FR,2026-04-19 00:00:00
C004040,seo,11-50,FR,2026-04-02 00:00:00
C004041,referral,11-50,BE,2026-05-12 00:00:00
C004042,seo,1-10,FR,2026-04-02 00:00:00
C004043,direct,11-50,FR,2026-03-23 00:00:00
C004044,direct,11-50,CA,2026-01-22 00:00:00
C004045,seo,11-50,FR,2026-04-10 00:00:00
C004046,seo,51-200,FR,2026-05-08 00:00:00
C004047,seo,200+,BE,2026-04-11 00:00:00
C004048,seo,11-50,FR,2026-03-08 00:00:00
C004049,referral,11-50,FR,2026-04-11 00:00:00
C004050,direct,1-10,FR,2026-04-06 00:00:00
C004051,direct,51-200,FR,2026-01-15 00:00:00
C004052,direct,51-200,CH,2026-03-10 00:00:00
C004053,sea,200+,FR,2026-04-15 00:00:00
C004054,direct,51-200,FR,2026-05-17 00:00:00
C004055,direct,200+,BE,2026-04-20 00:00:00
C004056,referral,200+,CA,2026-05-07 00:00:00
C004057,direct,11-50,CA,2026-01-07 00:00:00
C004058,referral,11-50,FR,2026-05-11 00:00:00
C004059,seo,51-200,FR,2026-05-30 00:00:00
C004060,referral,51-200,FR,2026-05-29 00:00:00
C004061,referral,1-10,FR,2026-04-01 00:00:00
C004062,direct,11-50,BE,2026-03-03 00:00:00
C004063,direct,51-200,FR,2026-02-23 00:00:00
C004064,sea,200+,FR,2026-02-21 00:00:00
C004065,referral,1-10,CH,2026-03-06 00:00:00
C004066,referral,200+,BE,2026-03-27 00:00:00
C004067,referral,1-10,CA,2026-04-02 00:00:00
C004068,referral,200+,CH,2026-07-04 00:00:00
C004069,sea,11-50,FR,2026-02-21 00:00:00
C004070,seo,51-200,FR,2026-03-29 00:00:00
C004071,sea,200+,FR,2026-04-08 00:00:00
C004072,direct,51-200,FR,2026-06-27 00:00:00
C004073,direct,200+,CA,2026-02-06 00:00:00
C004074,referral,1-10,FR,2026-03-26 00:00:00
C004075,referral,51-200,FR,2026-03-25 00:00:00
C004076,seo,200+,CA,2026-05-21 00:00:00
C004077,referral,51-200,FR,2026-07-01 00:00:00
C004078,direct,200+,FR,2026-02-26 00:00:00
C004079,sea,1-10,CH,2026-05-17 00:00:00
C004080,sea,200+,FR,2026-03-26 00:00:00
C004081,sea,51-200,FR,2026-06-03 00:00:00
C004082,sea,51-200,FR,2026-05-02 00:00:00
C004083,seo,11-50,FR,2026-01-18 00:00:00
C004084,referral,1-10,FR,2026-07-10 00:00:00
C004085,direct,51-200,BE,2026-01-20 00:00:00
C004086,sea,1-10,FR,2026-06-27 00:00:00
C004087,seo,200+,CH,2026-01-04 00:00:00
C004088,referral,11-50,FR,2026-02-04 00:00:00
C004089,direct,200+,FR,2026-01-23 00:00:00
C004090,direct,51-200,BE,2026-03-11 00:00:00
C004091,seo,1-10,FR,2026-02-12 00:00:00
C004092,direct,1-10,CA,2026-01-04 00:00:00
C004093,referral,200+,FR,2026-06-15 00:00:00
C004094,sea,200+,FR,2026-03-24 00:00:00
C004095,seo,11-50,CH,2026-04-13 00:00:00
C004096,referral,51-200,FR,2026-04-25 00:00:00
C004097,seo,200+,FR,2026-06-06 00:00:00
C004098,referral,11-50,FR,2026-06-25 00:00:00
C004099,sea,200+,FR,2026-01-19 00:00:00
C004100,direct,11-50,FR,2026-03-07 00:00:00
C004101,direct,51-200,FR,2026-07-14 00:00:00
C004102,seo,1-10,CH,2026-06-12 00:00:00
C004103,referral,1-10,FR,2026-06-10 00:00:00
C004104,referral,200+,FR,2026-03-24 00:00:00
C004105,sea,11-50,FR,2026-01-07 00:00:00
C004106,direct,11-50,FR,2026-06-14 00:00:00
C004107,referral,200+,FR,2026-03-20 00:00:00
C004108,direct,11-50,CA,2026-04-14 00:00:00
C004109,sea,11-50,CA,2026-03-03 00:00:00
C004110,seo,200+,FR,2026-03-19 00:00:00
C004111,direct,200+,FR,2026-02-11 00:00:00
C004112,seo,51-200,FR,2026-06-24 00:00:00
C004113,referral,1-10,FR,2026-02-23 00:00:00
C004114,direct,51-200,FR,2026-04-05 00:00:00
C004115,direct,1-10,CH,2026-06-30 00:00:00
C004116,seo,11-50,FR,2026-01-05 00:00:00
C004117,direct,1-10,CH,2026-02-18 00:00:00
C004118,sea,51-200,FR,2026-05-18 00:00:00
C004119,referral,11-50,CH,2026-06-02 00:00:00
C004120,referral,11-50,FR,2026-03-20 00:00:00
C004121,direct,11-50,FR,2026-01-04 00:00:00
C004122,referral,200+,FR,2026-01-13 00:00:00
C004123,direct,1-10,CA,2026-01-21 00:00:00
C004124,direct,51-200,CH,2026-05-18 00:00:00
C004125,seo,51-200,FR,2026-05-18 00:00:00
C004126,sea,11-50,CH,2026-03-27 00:00:00
C004127,referral,1-10,BE,2026-06-20 00:00:00
C004128,sea,1-10,BE,2026-04-28 00:00:00
C004129,direct,11-50,FR,2026-01-05 00:00:00
C004130,direct,11-50,FR,2026-03-14 00:00:00
C004131,sea,200+,FR,2026-05-19 00:00:00
C004132,sea,11-50,FR,2026-01-26 00:00:00
C004133,referral,51-200,CH,2026-03-14 00:00:00
C004134,seo,1-10,BE,2026-01-12 00:00:00
C004135,seo,1-10,FR,2026-01-12 00:00:00
C004136,referral,11-50,CA,2026-05-11 00:00:00
C004137,referral,200+,BE,2026-01-02 00:00:00
C004138,sea,1-10,BE,2026-03-02 00:00:00
C004139,sea,11-50,FR,2026-01-17 00:00:00
C004140,seo,51-200,FR,2026-07-09 00:00:00
C004141,referral,1-10,FR,2026-01-30 00:00:00
C004142,sea,11-50,FR,2026-01-23 00:00:00
C004143,direct,1-10,CH,2026-06-09 00:00:00
C004144,sea,51-200,FR,2026-01-24 00:00:00
C004145,referral,1-10,FR,2026-04-26 00:00:00
C004146,direct,1-10,FR,2026-06-04 00:00:00
C004147,sea,51-200,BE,2026-07-10 00:00:00
C004148,referral,51-200,FR,2026-06-16 00:00:00
C004149,seo,51-200,FR,2026-04-19 00:00:00
C004150,direct,200+,CH,2026-05-27 00:00:00
C004151,referral,200+,FR,2026-04-11 00:00:00
C004152,direct,11-50,FR,2026-02-25 00:00:00
C004153,seo,51-200,FR,2026-03-01 00:00:00
C004154,direct,11-50,FR,2026-02-13 00:00:00
C004155,direct,200+,CA,2026-02-01 00:00:00
C004156,referral,1-10,BE,2026-03-17 00:00:00
C004157,referral,11-50,FR,2026-01-22 00:00:00
C004158,seo,1-10,CH,2026-07-05 00:00:00
C004159,seo,1-10,FR,2026-07-17 00:00:00
C004160,sea,11-50,FR,2026-03-12 00:00:00
C004161,seo,200+,FR,2026-03-05 00:00:00
C004162,referral,11-50,FR,2026-01-05 00:00:00
C004163,seo,200+,FR,2026-05-24 00:00:00
C004164,direct,1-10,FR,2026-03-03 00:00:00
C004165,seo,1-10,FR,2026-02-14 00:00:00
C004166,direct,11-50,FR,2026-03-08 00:00:00
C004167,referral,11-50,FR,2026-07-12 00:00:00
C004168,referral,1-10,FR,2026-01-04 00:00:00
C004169,referral,200+,FR,2026-03-16 00:00:00
C004170,direct,11-50,CA,2026-01-30 00:00:00
C004171,seo,1-10,CH,2026-05-17 00:00:00
C004172,seo,51-200,FR,2026-07-04 00:00:00
C004173,referral,51-200,FR,2026-01-31 00:00:00
C004174,sea,11-50,FR,2026-03-07 00:00:00
C004175,sea,1-10,CH,2026-02-05 00:00:00
C004176,sea,200+,FR,2026-06-15 00:00:00
C004177,referral,1-10,FR,2026-04-16 00:00:00
C004178,referral,1-10,CH,2026-06-18 00:00:00
C004179,direct,51-200,BE,2026-02-14 00:00:00
C004180,seo,200+,FR,2026-04-11 00:00:00
C004181,direct,200+,FR,2026-05-03 00:00:00
C004182,sea,200+,FR,2026-07-12 00:00:00
C004183,sea,1-10,FR,2026-05-25 00:00:00
C004184,direct,11-50,FR,2026-02-09 00:00:00
C004185,referral,1-10,FR,2026-06-18 00:00:00
C004186,referral,51-200,FR,2026-03-25 00:00:00
C004187,seo,11-50,FR,2026-04-15 00:00:00
C004188,direct,51-200,FR,2026-01-22 00:00:00
C004189,seo,1-10,FR,2026-01-02 00:00:00
C004190,sea,200+,FR,2026-04-10 00:00:00
C004191,seo,1-10,FR,2026-03-13 00:00:00
C004192,seo,51-200,BE,2026-01-04 00:00:00
C004193,sea,1-10,FR,2026-06-21 00:00:00
C004194,sea,51-200,FR,2026-05-08 00:00:00
C004195,direct,200+,FR,2026-06-24 00:00:00
C004196,direct,1-10,FR,2026-02-03 00:00:00
C004197,seo,51-200,FR,2026-07-14 00:00:00
C004198,sea,1-10,FR,2026-05-16 00:00:00
C004199,sea,1-10,BE,2026-05-24 00:00:00
C004200,sea,1-10,FR,2026-02-01 00:00:00
C004201,direct,200+,BE,2026-06-15 00:00:00
C004202,referral,1-10,BE,2026-02-18 00:00:00
C004203,sea,200+,CA,2026-05-26 00:00:00
C004204,sea,11-50,FR,2026-06-02 00:00:00
C004205,direct,51-200,BE,2026-02-25 00:00:00
C004206,seo,200+,FR,2026-04-11 00:00:00
C004207,referral,11-50,FR,2026-05-12 00:00:00
C004208,sea,1-10,BE,2026-06-08 00:00:00
C004209,direct,51-200,FR,2026-05-29 00:00:00
C004210,direct,1-10,FR,2026-06-17 00:00:00
C004211,referral,200+,FR,2026-06-07 00:00:00
C004212,referral,51-200,CA,2026-01-27 00:00:00
C004213,referral,11-50,CH,2026-04-10 00:00:00
C004214,sea,1-10,CH,2026-04-14 00:00:00
C004215,referral,51-200,CH,2026-01-02 00:00:00
C004216,seo,200+,FR,2026-04-19 00:00:00
C004217,referral,51-200,FR,2026-06-30 00:00:00
C004218,direct,51-200,FR,2026-03-11 00:00:00
C004219,direct,1-10,FR,2026-05-07 00:00:00
C004220,referral,11-50,FR,2026-06-09 00:00:00
C004221,sea,1-10,FR,2026-05-12 00:00:00
C004222,seo,11-50,FR,2026-05-18 00:00:00
C004223,direct,11-50,FR,2026-01-11 00:00:00
C004224,seo,200+,FR,2026-03-19 00:00:00
C004225,sea,1-10,FR,2026-03-30 00:00:00
C004226,seo,11-50,FR,2026-06-09 00:00:00
C004227,sea,1-10,CH,2026-03-18 00:00:00
C004228,seo,51-200,FR,2026-04-27 00:00:00
C004229,seo,1-10,CH,2026-03-24 00:00:00
C004230,sea,51-200,FR,2026-02-23 00:00:00
C004231,direct,51-200,FR,2026-03-20 00:00:00
C004232,sea,51-200,FR,2026-01-08 00:00:00
C004233,sea,11-50,FR,2026-05-25 00:00:00
C004234,direct,51-200,FR,2026-01-20 00:00:00
C004235,seo,51-200,FR,2026-01-11 00:00:00
C004236,referral,1-10,FR,2026-06-20 00:00:00
C004237,referral,11-50,FR,2026-01-04 00:00:00
C004238,referral,1-10,FR,2026-04-27 00:00:00
C004239,direct,1-10,FR,2026-01-07 00:00:00
C004240,sea,200+,FR,2026-02-17 00:00:00
C004241,direct,200+,FR,2026-05-12 00:00:00
C004242,referral,1-10,FR,2026-06-26 00:00:00
C004243,sea,51-200,FR,2026-02-25 00:00:00
C004244,direct,51-200,FR,2026-01-31 00:00:00
C004245,direct,51-200,FR,2026-05-19 00:00:00
C004246,direct,200+,FR,2026-04-04 00:00:00
C004247,direct,200+,CH,2026-03-16 00:00:00
C004248,seo,11-50,FR,2026-05-19 00:00:00
C004249,direct,11-50,FR,2026-02-27 00:00:00
C004250,referral,1-10,FR,2026-01-24 00:00:00
C004251,seo,11-50,BE,2026-04-13 00:00:00
C004252,seo,200+,CH,2026-04-30 00:00:00
C004253,direct,51-200,BE,2026-06-14 00:00:00
C004254,referral,1-10,FR,2026-06-27 00:00:00
C004255,sea,51-200,FR,2026-05-15 00:00:00
C004256,referral,200+,FR,2026-06-26 00:00:00
C004257,referral,1-10,FR,2026-03-05 00:00:00
C004258,seo,51-200,FR,2026-07-19 00:00:00
C004259,referral,200+,FR,2026-02-09 00:00:00
C004260,referral,1-10,FR,2026-07-05 00:00:00
C004261,direct,1-10,FR,2026-04-30 00:00:00
C004262,sea,200+,CH,2026-03-26 00:00:00
C004263,referral,1-10,FR,2026-01-14 00:00:00
C004264,direct,11-50,FR,2026-06-21 00:00:00
C004265,sea,51-200,FR,2026-06-28 00:00:00
C004266,direct,1-10,FR,2026-04-19 00:00:00
C004267,sea,1-10,FR,2026-02-27 00:00:00
C004268,sea,200+,FR,2026-03-31 00:00:00
C004269,sea,51-200,FR,2026-03-24 00:00:00
C004270,seo,51-200,BE,2026-02-15 00:00:00
C004271,sea,51-200,FR,2026-01-09 00:00:00
C004272,referral,1-10,FR,2026-04-17 00:00:00
C004273,direct,1-10,FR,2026-05-28 00:00:00
C004274,direct,11-50,CA,2026-03-22 00:00:00
C004275,referral,1-10,FR,2026-04-20 00:00:00
C004276,sea,11-50,CH,2026-03-12 00:00:00
C004277,referral,200+,FR,2026-05-02 00:00:00
C004278,referral,200+,FR,2026-03-23 00:00:00
C004279,sea,11-50,CH,2026-02-22 00:00:00
C004280,referral,1-10,BE,2026-04-05 00:00:00
C004281,referral,51-200,FR,2026-02-07 00:00:00
C004282,sea,200+,FR,2026-06-02 00:00:00
C004283,referral,1-10,CH,2026-01-03 00:00:00
C004284,seo,200+,BE,2026-02-09 00:00:00
C004285,referral,200+,FR,2026-06-20 00:00:00
C004286,sea,11-50,BE,2026-07-12 00:00:00
C004287,referral,200+,CH,2026-02-12 00:00:00
C004288,sea,200+,FR,2026-04-24 00:00:00
C004289,sea,200+,FR,2026-02-18 00:00:00
C004290,referral,200+,FR,2026-03-24 00:00:00
C004291,referral,200+,BE,2026-05-19 00:00:00
C004292,referral,1-10,FR,2026-05-12 00:00:00
C004293,referral,200+,FR,2026-03-24 00:00:00
C004294,referral,1-10,CH,2026-06-04 00:00:00
C004295,seo,11-50,FR,2026-07-11 00:00:00
C004296,direct,200+,FR,2026-01-31 00:00:00
C004297,direct,200+,BE,2026-01-28 00:00:00
C004298,direct,51-200,FR,2026-03-28 00:00:00
C004299,direct,200+,CH,2026-05-25 00:00:00
C004300,direct,11-50,FR,2026-06-29 00:00:00
C004301,referral,51-200,FR,2026-06-20 00:00:00
C004302,referral,200+,BE,2026-05-12 00:00:00
C004303,referral,11-50,FR,2026-05-31 00:00:00
C004304,referral,11-50,FR,2026-02-08 00:00:00
C004305,referral,200+,FR,2026-06-01 00:00:00
C004306,sea,11-50,FR,2026-02-20 00:00:00
C004307,seo,11-50,BE,2026-06-05 00:00:00
C004308,sea,11-50,CH,2026-06-29 00:00:00
C004309,seo,51-200,FR,2026-02-17 00:00:00
C004310,seo,1-10,FR,2026-06-11 00:00:00
C004311,direct,200+,FR,2026-05-13 00:00:00
C004312,sea,11-50,CH,2026-03-25 00:00:00
C004313,referral,11-50,FR,2026-02-05 00:00:00
C004314,referral,51-200,BE,2026-04-01 00:00:00
C004315,sea,1-10,FR,2026-02-10 00:00:00
C004316,seo,51-200,FR,2026-04-20 00:00:00
C004317,referral,51-200,FR,2026-03-19 00:00:00
C004318,direct,11-50,FR,2026-03-24 00:00:00
C004319,direct,200+,BE,2026-03-25 00:00:00
C004320,sea,51-200,FR,2026-03-24 00:00:00
C004321,direct,200+,FR,2026-03-06 00:00:00
C004322,referral,11-50,FR,2026-06-01 00:00:00
C004323,sea,1-10,FR,2026-01-06 00:00:00
C004324,sea,11-50,FR,2026-06-11 00:00:00
C004325,referral,1-10,FR,2026-05-04 00:00:00
C004326,referral,1-10,CA,2026-06-24 00:00:00
C004327,seo,51-200,FR,2026-05-08 00:00:00
C004328,direct,51-200,FR,2026-01-31 00:00:00
C004329,sea,200+,FR,2026-03-07 00:00:00
C004330,referral,200+,FR,2026-07-10 00:00:00
C004331,referral,11-50,FR,2026-02-10 00:00:00
C004332,sea,51-200,CA,2026-07-16 00:00:00
C004333,sea,200+,FR,2026-05-07 00:00:00
C004334,direct,1-10,CA,2026-02-01 00:00:00
C004335,sea,200+,CA,2026-06-10 00:00:00
C004336,direct,1-10,CA,2026-07-16 00:00:00
C004337,seo,200+,FR,2026-05-12 00:00:00
C004338,referral,51-200,CH,2026-03-12 00:00:00
C004339,sea,200+,CH,2026-03-22 00:00:00
C004340,seo,1-10,BE,2026-02-23 00:00:00
C004341,sea,200+,BE,2026-06-19 00:00:00
C004342,seo,200+,FR,2026-05-28 00:00:00
C004343,sea,11-50,FR,2026-06-07 00:00:00
C004344,seo,51-200,BE,2026-01-29 00:00:00
C004345,referral,11-50,FR,2026-02-09 00:00:00
C004346,referral,51-200,FR,2026-03-15 00:00:00
C004347,seo,51-200,FR,2026-05-08 00:00:00
C004348,sea,11-50,FR,2026-01-21 00:00:00
C004349,seo,51-200,FR,2026-01-03 00:00:00
C004350,referral,200+,FR,2026-06-17 00:00:00
C004351,sea,200+,CH,2026-03-03 00:00:00
C004352,referral,200+,FR,2026-02-13 00:00:00
C004353,direct,11-50,FR,2026-07-06 00:00:00
C004354,referral,11-50,FR,2026-05-27 00:00:00
C004355,referral,200+,CH,2026-02-16 00:00:00
C004356,sea,200+,FR,2026-06-07 00:00:00
C004357,seo,200+,CA,2026-06-15 00:00:00
C004358,seo,1-10,BE,2026-06-13 00:00:00
C004359,sea,51-200,FR,2026-05-29 00:00:00
C004360,sea,51-200,FR,2026-01-23 00:00:00
C004361,sea,11-50,CH,2026-07-06 00:00:00
C004362,direct,1-10,FR,2026-02-13 00:00:00
C004363,seo,200+,FR,2026-03-29 00:00:00
C004364,referral,200+,CH,2026-05-15 00:00:00
C004365,sea,11-50,CH,2026-04-07 00:00:00
C004366,seo,1-10,FR,2026-01-16 00:00:00
C004367,seo,11-50,FR,2026-07-05 00:00:00
C004368,sea,51-200,BE,2026-04-03 00:00:00
C004369,seo,11-50,FR,2026-05-31 00:00:00
C004370,sea,51-200,FR,2026-03-21 00:00:00
C004371,sea,51-200,FR,2026-03-15 00:00:00
C004372,sea,11-50,FR,2026-02-04 00:00:00
C004373,referral,200+,BE,2026-03-12 00:00:00
C004374,seo,1-10,FR,2026-05-25 00:00:00
C004375,seo,1-10,FR,2026-02-23 00:00:00
C004376,direct,11-50,FR,2026-02-24 00:00:00
C004377,seo,51-200,CH,2026-04-18 00:00:00
C004378,direct,11-50,FR,2026-06-29 00:00:00
C004379,seo,11-50,FR,2026-05-01 00:00:00
C004380,seo,51-200,FR,2026-04-03 00:00:00
C004381,direct,1-10,BE,2026-07-07 00:00:00
C004382,referral,200+,CA,2026-06-17 00:00:00
C004383,sea,200+,FR,2026-01-14 00:00:00
C004384,seo,51-200,FR,2026-01-20 00:00:00
C004385,direct,1-10,BE,2026-04-12 00:00:00
C004386,seo,11-50,BE,2026-01-22 00:00:00
C004387,direct,1-10,FR,2026-03-01 00:00:00
C004388,referral,11-50,BE,2026-04-27 00:00:00
C004389,direct,200+,CA,2026-03-20 00:00:00
C004390,direct,1-10,FR,2026-02-14 00:00:00
C004391,direct,200+,FR,2026-04-22 00:00:00
C004392,seo,1-10,FR,2026-01-16 00:00:00
C004393,seo,200+,FR,2026-02-19 00:00:00
C004394,direct,51-200,FR,2026-02-07 00:00:00
C004395,seo,1-10,FR,2026-01-19 00:00:00
C004396,seo,51-200,FR,2026-05-19 00:00:00
C004397,sea,200+,FR,2026-06-18 00:00:00
C004398,seo,200+,FR,2026-04-14 00:00:00
C004399,seo,200+,FR,2026-07-09 00:00:00
C004400,direct,200+,FR,2026-01-07 00:00:00
C004401,seo,11-50,FR,2026-05-02 00:00:00
C004402,seo,51-200,FR,2026-04-29 00:00:00
C004403,sea,51-200,CA,2026-01-07 00:00:00
C004404,sea,11-50,CA,2026-07-01 00:00:00
C004405,seo,200+,FR,2026-07-09 00:00:00
C004406,direct,51-200,FR,2026-01-16 00:00:00
C004407,seo,1-10,FR,2026-01-22 00:00:00
C004408,seo,11-50,FR,2026-01-23 00:00:00
C004409,referral,200+,BE,2026-03-07 00:00:00
C004410,seo,51-200,FR,2026-07-08 00:00:00
C004411,referral,11-50,FR,2026-05-20 00:00:00
C004412,sea,200+,FR,2026-02-19 00:00:00
C004413,seo,200+,CA,2026-04-18 00:00:00
C004414,sea,1-10,FR,2026-05-07 00:00:00
C004415,direct,1-10,FR,2026-05-24 00:00:00
C004416,sea,11-50,FR,2026-05-30 00:00:00
C004417,seo,11-50,FR,2026-04-10 00:00:00
C004418,sea,11-50,CH,2026-03-13 00:00:00
C004419,direct,200+,FR,2026-03-17 00:00:00
C004420,sea,51-200,FR,2026-05-15 00:00:00
C004421,referral,51-200,FR,2026-01-12 00:00:00
C004422,seo,200+,FR,2026-02-19 00:00:00
C004423,sea,51-200,BE,2026-05-15 00:00:00
C004424,sea,11-50,FR,2026-05-20 00:00:00
C004425,seo,200+,FR,2026-04-23 00:00:00
C004426,referral,11-50,FR,2026-02-04 00:00:00
C004427,referral,1-10,CA,2026-04-02 00:00:00
C004428,direct,1-10,FR,2026-03-29 00:00:00
C004429,seo,51-200,FR,2026-06-22 00:00:00
C004430,seo,200+,FR,2026-06-07 00:00:00
C004431,referral,200+,FR,2026-01-19 00:00:00
C004432,sea,1-10,FR,2026-06-04 00:00:00
C004433,seo,11-50,BE,2026-03-02 00:00:00
C004434,referral,200+,CA,2026-05-19 00:00:00
C004435,referral,11-50,FR,2026-01-31 00:00:00
C004436,direct,11-50,FR,2026-02-12 00:00:00
C004437,direct,11-50,FR,2026-02-18 00:00:00
C004438,seo,11-50,CA,2026-02-12 00:00:00
C004439,seo,11-50,FR,2026-01-20 00:00:00
C004440,referral,1-10,FR,2026-05-06 00:00:00
C004441,sea,11-50,CA,2026-02-15 00:00:00
C004442,sea,1-10,FR,2026-03-14 00:00:00
C004443,referral,1-10,FR,2026-02-12 00:00:00
C004444,sea,1-10,FR,2026-03-07 00:00:00
C004445,direct,11-50,FR,2026-03-07 00:00:00
C004446,seo,200+,CA,2026-01-22 00:00:00
C004447,sea,200+,FR,2026-05-25 00:00:00
C004448,sea,200+,CA,2026-01-22 00:00:00
C004449,direct,11-50,BE,2026-05-13 00:00:00
C004450,sea,51-200,FR,2026-05-19 00:00:00
C004451,seo,1-10,FR,2026-05-19 00:00:00
C004452,sea,1-10,FR,2026-02-09 00:00:00
C004453,seo,200+,CA,2026-03-14 00:00:00
C004454,sea,200+,CA,2026-02-18 00:00:00
C004455,sea,1-10,FR,2026-03-19 00:00:00
C004456,direct,1-10,FR,2026-04-01 00:00:00
C004457,sea,200+,FR,2026-03-10 00:00:00
C004458,direct,200+,FR,2026-02-04 00:00:00
C004459,direct,51-200,FR,2026-03-16 00:00:00
C004460,direct,200+,BE,2026-04-13 00:00:00
C004461,referral,11-50,FR,2026-06-11 00:00:00
C004462,sea,51-200,FR,2026-03-14 00:00:00
C004463,referral,200+,BE,2026-01-05 00:00:00
C004464,referral,11-50,FR,2026-03-06 00:00:00
C004465,referral,1-10,FR,2026-02-05 00:00:00
C004466,referral,1-10,FR,2026-04-01 00:00:00
C004467,sea,51-200,FR,2026-06-01 00:00:00
C004468,seo,1-10,CH,2026-04-07 00:00:00
C004469,direct,200+,CH,2026-02-16 00:00:00
C004470,seo,11-50,CA,2026-03-10 00:00:00
C004471,referral,1-10,FR,2026-01-22 00:00:00
C004472,sea,51-200,FR,2026-02-03 00:00:00
C004473,sea,200+,FR,2026-02-05 00:00:00
C004474,sea,1-10,CA,2026-05-21 00:00:00
C004475,seo,51-200,FR,2026-07-16 00:00:00
C004476,seo,1-10,FR,2026-04-12 00:00:00
C004477,referral,11-50,FR,2026-01-20 00:00:00
C004478,sea,11-50,FR,2026-05-26 00:00:00
C004479,seo,51-200,FR,2026-05-19 00:00:00
C004480,seo,1-10,FR,2026-07-11 00:00:00
C004481,direct,1-10,FR,2026-07-16 00:00:00
C004482,seo,11-50,FR,2026-02-25 00:00:00
C004483,referral,11-50,CH,2026-03-02 00:00:00
C004484,referral,11-50,FR,2026-04-24 00:00:00
C004485,sea,51-200,FR,2026-03-15 00:00:00
C004486,referral,1-10,FR,2026-02-16 00:00:00
C004487,sea,11-50,FR,2026-04-08 00:00:00
C004488,direct,11-50,FR,2026-02-19 00:00:00
C004489,referral,51-200,CA,2026-05-02 00:00:00
C004490,direct,51-200,FR,2026-07-13 00:00:00
C004491,sea,11-50,FR,2026-07-19 00:00:00
C004492,referral,51-200,CA,2026-05-27 00:00:00
C004493,referral,11-50,BE,2026-06-17 00:00:00
C004494,referral,1-10,CH,2026-06-26 00:00:00
C004495,sea,200+,FR,2026-06-12 00:00:00
C004496,seo,200+,FR,2026-05-18 00:00:00
C004497,seo,1-10,FR,2026-03-05 00:00:00
C004498,referral,51-200,CA,2026-07-15 00:00:00
C004499,referral,200+,FR,2026-02-11 00:00:00
C004500,seo,1-10,FR,2026-05-29 00:00:00
C004501,sea,11-50,FR,2026-05-31 00:00:00
C004502,referral,11-50,BE,2026-03-22 00:00:00
C004503,referral,51-200,CA,2026-01-23 00:00:00
C004504,direct,1-10,FR,2026-07-13 00:00:00
C004505,sea,11-50,FR,2026-05-01 00:00:00
C004506,direct,200+,FR,2026-07-10 00:00:00
C004507,sea,200+,FR,2026-03-12 00:00:00
C004508,direct,11-50,FR,2026-06-08 00:00:00
C004509,direct,200+,CA,2026-05-27 00:00:00
C004510,sea,11-50,FR,2026-03-20 00:00:00
C004511,sea,200+,FR,2026-01-26 00:00:00
C004512,referral,51-200,BE,2026-02-10 00:00:00
C004513,direct,11-50,FR,2026-07-12 00:00:00
C004514,referral,1-10,FR,2026-04-09 00:00:00
C004515,seo,11-50,FR,2026-06-20 00:00:00
C004516,referral,1-10,FR,2026-02-05 00:00:00
C004517,referral,200+,FR,2026-05-05 00:00:00
C004518,direct,1-10,FR,2026-05-30 00:00:00
C004519,direct,1-10,CA,2026-04-15 00:00:00
C004520,seo,11-50,FR,2026-03-10 00:00:00
C004521,seo,200+,FR,2026-05-02 00:00:00
C004522,sea,1-10,FR,2026-02-11 00:00:00
C004523,direct,11-50,BE,2026-05-15 00:00:00
C004524,sea,11-50,FR,2026-02-22 00:00:00
C004525,seo,11-50,FR,2026-01-01 00:00:00
C004526,referral,51-200,CA,2026-02-18 00:00:00
C004527,sea,1-10,FR,2026-03-26 00:00:00
C004528,seo,200+,CA,2026-05-12 00:00:00
C004529,referral,1-10,FR,2026-06-11 00:00:00
C004530,referral,11-50,FR,2026-05-17 00:00:00
C004531,direct,200+,FR,2026-03-28 00:00:00
C004532,direct,200+,FR,2026-05-13 00:00:00
C004533,direct,51-200,FR,2026-06-24 00:00:00
C004534,seo,51-200,FR,2026-03-12 00:00:00
C004535,seo,1-10,FR,2026-03-15 00:00:00
C004536,seo,1-10,FR,2026-03-26 00:00:00
C004537,referral,200+,FR,2026-04-25 00:00:00
C004538,referral,1-10,FR,2026-03-17 00:00:00
C004539,referral,51-200,FR,2026-06-15 00:00:00
C004540,referral,11-50,FR,2026-02-20 00:00:00
C004541,sea,11-50,CA,2026-03-25 00:00:00
C004542,direct,200+,CA,2026-01-21 00:00:00
C004543,direct,1-10,FR,2026-04-10 00:00:00
C004544,direct,51-200,CA,2026-05-30 00:00:00
C004545,seo,1-10,FR,2026-05-19 00:00:00
C004546,referral,200+,FR,2026-05-08 00:00:00
C004547,direct,1-10,FR,2026-03-12 00:00:00
C004548,referral,51-200,BE,2026-07-13 00:00:00
C004549,sea,51-200,FR,2026-05-11 00:00:00
C004550,seo,1-10,FR,2026-02-03 00:00:00
C004551,sea,200+,FR,2026-03-30 00:00:00
C004552,direct,51-200,FR,2026-05-02 00:00:00
C004553,direct,200+,FR,2026-01-26 00:00:00
C004554,direct,200+,FR,2026-01-16 00:00:00
C004555,referral,200+,FR,2026-02-10 00:00:00
C004556,sea,11-50,CH,2026-02-23 00:00:00
C004557,seo,1-10,FR,2026-04-06 00:00:00
C004558,direct,1-10,FR,2026-04-22 00:00:00
C004559,sea,51-200,CA,2026-06-04 00:00:00
C004560,seo,51-200,FR,2026-05-26 00:00:00
C004561,sea,11-50,CH,2026-03-24 00:00:00
C004562,seo,200+,CH,2026-01-22 00:00:00
C004563,referral,11-50,FR,2026-04-22 00:00:00
C004564,referral,1-10,FR,2026-02-21 00:00:00
C004565,direct,200+,FR,2026-06-11 00:00:00
C004566,direct,51-200,CA,2026-07-07 00:00:00
C004567,seo,51-200,BE,2026-01-19 00:00:00
C004568,referral,200+,BE,2026-05-07 00:00:00
C004569,seo,1-10,FR,2026-06-16 00:00:00
C004570,referral,1-10,FR,2026-02-18 00:00:00
C004571,direct,51-200,FR,2026-03-15 00:00:00
C004572,sea,51-200,FR,2026-03-23 00:00:00
C004573,seo,200+,FR,2026-01-20 00:00:00
C004574,direct,200+,BE,2026-04-13 00:00:00
C004575,direct,1-10,FR,2026-03-03 00:00:00
C004576,seo,51-200,FR,2026-02-03 00:00:00
C004577,sea,1-10,FR,2026-06-16 00:00:00
C004578,seo,51-200,FR,2026-04-21 00:00:00
C004579,referral,200+,FR,2026-06-22 00:00:00
C004580,direct,51-200,FR,2026-06-14 00:00:00
C004581,direct,11-50,FR,2026-01-27 00:00:00
C004582,direct,1-10,BE,2026-03-28 00:00:00
C004583,seo,1-10,FR,2026-01-08 00:00:00
C004584,direct,200+,FR,2026-03-02 00:00:00
C004585,referral,200+,CA,2026-03-13 00:00:00
C004586,referral,1-10,FR,2026-07-18 00:00:00
C004587,direct,200+,BE,2026-04-12 00:00:00
C004588,seo,11-50,FR,2026-01-29 00:00:00
C004589,seo,1-10,FR,2026-05-06 00:00:00
C004590,sea,51-200,FR,2026-05-07 00:00:00
C004591,seo,11-50,FR,2026-01-17 00:00:00
C004592,referral,11-50,FR,2026-01-05 00:00:00
C004593,seo,11-50,FR,2026-06-08 00:00:00
C004594,referral,200+,CH,2026-02-18 00:00:00
C004595,seo,200+,FR,2026-02-13 00:00:00
C004596,referral,1-10,CH,2026-02-12 00:00:00
C004597,direct,51-200,BE,2026-01-05 00:00:00
C004598,referral,1-10,CA,2026-05-15 00:00:00
C004599,referral,51-200,BE,2026-02-24 00:00:00
C004600,seo,1-10,FR,2026-02-19 00:00:00
C004601,sea,11-50,FR,2026-02-23 00:00:00
C004602,sea,200+,FR,2026-06-10 00:00:00
C004603,referral,200+,FR,2026-03-28 00:00:00
C004604,seo,11-50,FR,2026-02-02 00:00:00
C004605,direct,51-200,FR,2026-01-29 00:00:00
C004606,seo,51-200,FR,2026-07-06 00:00:00
C004607,seo,1-10,FR,2026-02-08 00:00:00
C004608,referral,11-50,FR,2026-07-18 00:00:00
C004609,direct,1-10,FR,2026-03-22 00:00:00
C004610,sea,1-10,CA,2026-03-08 00:00:00
C004611,sea,200+,FR,2026-05-03 00:00:00
C004612,seo,200+,FR,2026-01-08 00:00:00
C004613,seo,200+,FR,2026-06-20 00:00:00
C004614,seo,200+,BE,2026-05-20 00:00:00
C004615,seo,51-200,FR,2026-01-08 00:00:00
C004616,referral,1-10,FR,2026-07-06 00:00:00
C004617,sea,51-200,CH,2026-02-22 00:00:00
C004618,direct,1-10,FR,2026-04-29 00:00:00
C004619,sea,11-50,CA,2026-07-03 00:00:00
C004620,direct,51-200,FR,2026-03-01 00:00:00
C004621,referral,11-50,CA,2026-05-12 00:00:00
C004622,referral,1-10,FR,2026-04-02 00:00:00
C004623,direct,200+,FR,2026-02-10 00:00:00
C004624,direct,200+,FR,2026-02-17 00:00:00
C004625,referral,11-50,FR,2026-01-02 00:00:00
C004626,sea,200+,FR,2026-05-02 00:00:00
C004627,seo,1-10,FR,2026-04-11 00:00:00
C004628,seo,51-200,BE,2026-04-23 00:00:00
C004629,seo,51-200,FR,2026-04-22 00:00:00
C004630,sea,11-50,CA,2026-04-15 00:00:00
C004631,direct,11-50,FR,2026-02-03 00:00:00
C004632,direct,1-10,CA,2026-01-03 00:00:00
C004633,direct,1-10,FR,2026-04-14 00:00:00
C004634,sea,11-50,CH,2026-05-27 00:00:00
C004635,referral,200+,FR,2026-05-14 00:00:00
C004636,direct,11-50,FR,2026-01-06 00:00:00
C004637,seo,200+,FR,2026-06-03 00:00:00
C004638,referral,11-50,CA,2026-06-05 00:00:00
C004639,sea,51-200,BE,2026-01-04 00:00:00
C004640,direct,11-50,FR,2026-06-17 00:00:00
C004641,referral,11-50,FR,2026-05-11 00:00:00
C004642,sea,11-50,FR,2026-03-02 00:00:00
C004643,direct,1-10,BE,2026-01-06 00:00:00
C004644,sea,200+,CA,2026-04-11 00:00:00
C004645,direct,11-50,FR,2026-02-27 00:00:00
C004646,seo,1-10,FR,2026-04-29 00:00:00
C004647,referral,51-200,FR,2026-07-19 00:00:00
C004648,sea,51-200,CH,2026-05-19 00:00:00
C004649,direct,11-50,FR,2026-02-08 00:00:00
C004650,seo,1-10,FR,2026-01-26 00:00:00
C004651,sea,1-10,FR,2026-05-18 00:00:00
C004652,direct,200+,CH,2026-06-14 00:00:00
C004653,referral,51-200,FR,2026-07-13 00:00:00
C004654,sea,11-50,BE,2026-05-14 00:00:00
C004655,referral,200+,FR,2026-01-27 00:00:00
C004656,sea,51-200,FR,2026-03-29 00:00:00
C004657,seo,1-10,FR,2026-07-18 00:00:00
C004658,seo,11-50,BE,2026-07-08 00:00:00
C004659,referral,11-50,FR,2026-05-03 00:00:00
C004660,direct,1-10,FR,2026-04-01 00:00:00
C004661,seo,1-10,FR,2026-03-26 00:00:00
C004662,seo,200+,FR,2026-03-17 00:00:00
C004663,direct,51-200,FR,2026-05-15 00:00:00
C004664,seo,200+,FR,2026-05-10 00:00:00
C004665,referral,1-10,CA,2026-07-04 00:00:00
C004666,direct,200+,FR,2026-04-09 00:00:00
C004667,direct,200+,CA,2026-07-06 00:00:00
C004668,sea,200+,FR,2026-04-07 00:00:00
C004669,sea,1-10,FR,2026-06-25 00:00:00
C004670,sea,51-200,FR,2026-07-16 00:00:00
C004671,direct,11-50,CH,2026-04-27 00:00:00
C004672,direct,11-50,FR,2026-05-25 00:00:00
C004673,seo,1-10,FR,2026-05-19 00:00:00
C004674,seo,200+,FR,2026-01-30 00:00:00
C004675,seo,11-50,FR,2026-06-20 00:00:00
C004676,direct,51-200,FR,2026-04-13 00:00:00
C004677,direct,1-10,BE,2026-04-19 00:00:00
C004678,referral,51-200,FR,2026-06-13 00:00:00
C004679,seo,51-200,FR,2026-06-11 00:00:00
C004680,referral,1-10,CH,2026-03-20 00:00:00
C004681,referral,11-50,CH,2026-01-04 00:00:00
C004682,seo,200+,CA,2026-01-10 00:00:00
C004683,referral,51-200,FR,2026-06-27 00:00:00
C004684,referral,200+,FR,2026-07-01 00:00:00
C004685,sea,11-50,FR,2026-03-01 00:00:00
C004686,referral,11-50,BE,2026-03-12 00:00:00
C004687,sea,1-10,FR,2026-07-07 00:00:00
C004688,seo,200+,BE,2026-05-11 00:00:00
C004689,seo,11-50,BE,2026-02-05 00:00:00
C004690,direct,51-200,FR,2026-03-19 00:00:00
C004691,sea,200+,FR,2026-01-11 00:00:00
C004692,referral,51-200,FR,2026-05-14 00:00:00
C004693,direct,51-200,BE,2026-02-18 00:00:00
C004694,seo,51-200,FR,2026-01-11 00:00:00
C004695,direct,11-50,FR,2026-01-17 00:00:00
C004696,referral,200+,FR,2026-03-17 00:00:00
C004697,sea,11-50,FR,2026-01-23 00:00:00
C004698,direct,1-10,FR,2026-06-03 00:00:00
C004699,sea,200+,FR,2026-04-10 00:00:00
C004700,direct,51-200,FR,2026-05-11 00:00:00
C004701,referral,11-50,FR,2026-07-07 00:00:00
C004702,referral,51-200,FR,2026-02-14 00:00:00
C004703,seo,1-10,CH,2026-02-06 00:00:00
C004704,seo,1-10,FR,2026-02-21 00:00:00
C004705,sea,200+,FR,2026-02-07 00:00:00
C004706,referral,1-10,FR,2026-02-17 00:00:00
C004707,direct,11-50,FR,2026-04-18 00:00:00
C004708,sea,51-200,FR,2026-02-09 00:00:00
C004709,seo,200+,CH,2026-02-10 00:00:00
C004710,referral,200+,CA,2026-05-23 00:00:00
C004711,seo,51-200,BE,2026-07-12 00:00:00
C004712,direct,1-10,FR,2026-04-01 00:00:00
C004713,sea,1-10,FR,2026-01-03 00:00:00
C004714,referral,11-50,FR,2026-01-21 00:00:00
C004715,seo,1-10,FR,2026-01-19 00:00:00
C004716,sea,200+,FR,2026-03-04 00:00:00
C004717,seo,1-10,FR,2026-07-13 00:00:00
C004718,direct,200+,FR,2026-01-19 00:00:00
C004719,referral,11-50,CH,2026-06-23 00:00:00
C004720,direct,1-10,FR,2026-02-07 00:00:00
C004721,referral,51-200,FR,2026-01-25 00:00:00
C004722,sea,11-50,FR,2026-02-24 00:00:00
C004723,seo,200+,FR,2026-04-04 00:00:00
C004724,direct,1-10,CA,2026-05-25 00:00:00
C004725,sea,51-200,FR,2026-06-18 00:00:00
C004726,seo,51-200,FR,2026-01-06 00:00:00
C004727,seo,1-10,FR,2026-01-03 00:00:00
C004728,seo,200+,FR,2026-06-25 00:00:00
C004729,direct,51-200,FR,2026-04-29 00:00:00
C004730,referral,51-200,FR,2026-01-08 00:00:00
C004731,sea,200+,FR,2026-06-09 00:00:00
C004732,sea,51-200,CA,2026-04-06 00:00:00
C004733,sea,200+,CH,2026-03-01 00:00:00
C004734,referral,1-10,FR,2026-06-11 00:00:00
C004735,sea,1-10,CA,2026-01-14 00:00:00
C004736,seo,200+,CA,2026-05-10 00:00:00
C004737,direct,11-50,FR,2026-04-12 00:00:00
C004738,seo,200+,FR,2026-05-10 00:00:00
C004739,referral,1-10,CA,2026-04-29 00:00:00
C004740,sea,200+,FR,2026-05-28 00:00:00
C004741,sea,51-200,FR,2026-05-29 00:00:00
C004742,sea,51-200,FR,2026-05-29 00:00:00
C004743,seo,51-200,FR,2026-03-09 00:00:00
C004744,referral,200+,FR,2026-01-01 00:00:00
C004745,seo,1-10,FR,2026-05-04 00:00:00
C004746,sea,51-200,FR,2026-07-01 00:00:00
C004747,referral,51-200,FR,2026-01-28 00:00:00
C004748,sea,51-200,FR,2026-06-21 00:00:00
C004749,referral,1-10,FR,2026-04-17 00:00:00
C004750,direct,200+,BE,2026-02-11 00:00:00
C004751,seo,1-10,FR,2026-06-25 00:00:00
C004752,seo,51-200,FR,2026-01-14 00:00:00
C004753,direct,200+,CA,2026-06-13 00:00:00
C004754,referral,200+,FR,2026-03-04 00:00:00
C004755,direct,11-50,FR,2026-03-03 00:00:00
C004756,referral,1-10,CA,2026-02-02 00:00:00
C004757,seo,11-50,FR,2026-04-05 00:00:00
C004758,referral,51-200,FR,2026-06-11 00:00:00
C004759,direct,11-50,BE,2026-05-24 00:00:00
C004760,seo,200+,CH,2026-06-23 00:00:00
C004761,referral,51-200,BE,2026-01-23 00:00:00
C004762,direct,1-10,FR,2026-02-04 00:00:00
C004763,direct,11-50,BE,2026-07-14 00:00:00
C004764,direct,1-10,BE,2026-06-25 00:00:00
C004765,referral,1-10,CH,2026-06-19 00:00:00
C004766,direct,1-10,FR,2026-01-06 00:00:00
C004767,referral,1-10,CA,2026-06-17 00:00:00
C004768,referral,51-200,FR,2026-06-08 00:00:00
C004769,sea,1-10,FR,2026-05-15 00:00:00
C004770,direct,1-10,CH,2026-03-16 00:00:00
C004771,direct,200+,FR,2026-05-24 00:00:00
C004772,direct,11-50,FR,2026-03-08 00:00:00
C004773,direct,1-10,FR,2026-05-17 00:00:00
C004774,sea,200+,FR,2026-05-31 00:00:00
C004775,referral,200+,CA,2026-01-11 00:00:00
C004776,referral,1-10,BE,2026-03-06 00:00:00
C004777,direct,200+,BE,2026-05-16 00:00:00
C004778,direct,200+,FR,2026-01-11 00:00:00
C004779,sea,1-10,CA,2026-02-13 00:00:00
C004780,seo,51-200,CA,2026-04-23 00:00:00
C004781,referral,200+,FR,2026-06-25 00:00:00
C004782,direct,51-200,FR,2026-05-29 00:00:00
C004783,seo,11-50,FR,2026-02-28 00:00:00
C004784,sea,200+,FR,2026-01-21 00:00:00
C004785,referral,51-200,BE,2026-01-11 00:00:00
C004786,referral,51-200,FR,2026-04-13 00:00:00
C004787,direct,51-200,CH,2026-03-24 00:00:00
C004788,referral,51-200,BE,2026-01-22 00:00:00
C004789,sea,200+,FR,2026-05-20 00:00:00
C004790,seo,1-10,CH,2026-02-23 00:00:00
C004791,sea,200+,CH,2026-03-10 00:00:00
C004792,seo,11-50,BE,2026-06-21 00:00:00
C004793,direct,11-50,FR,2026-04-11 00:00:00
C004794,direct,11-50,FR,2026-03-14 00:00:00
C004795,referral,1-10,FR,2026-02-13 00:00:00
C004796,direct,200+,FR,2026-06-29 00:00:00
C004797,referral,11-50,CA,2026-04-03 00:00:00
C004798,direct,200+,FR,2026-05-21 00:00:00
C004799,referral,200+,FR,2026-06-05 00:00:00
C004800,referral,200+,CA,2026-04-28 00:00:00
C004801,seo,200+,FR,2026-01-02 00:00:00
C004802,sea,200+,FR,2026-02-20 00:00:00
C004803,seo,1-10,FR,2026-05-12 00:00:00
C004804,direct,51-200,FR,2026-05-31 00:00:00
C004805,referral,11-50,FR,2026-01-13 00:00:00
C004806,direct,11-50,FR,2026-01-20 00:00:00
C004807,seo,1-10,FR,2026-02-03 00:00:00
C004808,direct,1-10,FR,2026-02-20 00:00:00
C004809,direct,1-10,FR,2026-03-15 00:00:00
C004810,direct,11-50,CA,2026-03-11 00:00:00
C004811,seo,51-200,FR,2026-01-17 00:00:00
C004812,seo,51-200,BE,2026-01-23 00:00:00
C004813,direct,11-50,FR,2026-02-12 00:00:00
C004814,referral,200+,FR,2026-01-13 00:00:00
C004815,direct,51-200,FR,2026-04-26 00:00:00
C004816,direct,51-200,CA,2026-02-03 00:00:00
C004817,sea,51-200,FR,2026-03-16 00:00:00
C004818,direct,11-50,FR,2026-03-21 00:00:00
C004819,direct,200+,FR,2026-07-12 00:00:00
C004820,direct,1-10,FR,2026-06-26 00:00:00
C004821,referral,1-10,FR,2026-04-14 00:00:00
C004822,referral,51-200,FR,2026-03-04 00:00:00
C004823,referral,200+,FR,2026-01-23 00:00:00
C004824,seo,200+,CA,2026-02-12 00:00:00
C004825,direct,51-200,FR,2026-04-17 00:00:00
C004826,seo,200+,FR,2026-02-21 00:00:00
C004827,direct,51-200,CA,2026-02-17 00:00:00
C004828,direct,200+,FR,2026-01-13 00:00:00
C004829,direct,200+,FR,2026-03-13 00:00:00
C004830,sea,11-50,FR,2026-07-12 00:00:00
C004831,seo,11-50,FR,2026-05-20 00:00:00
C004832,seo,51-200,FR,2026-05-15 00:00:00
C004833,sea,11-50,FR,2026-06-26 00:00:00
C004834,referral,51-200,FR,2026-05-15 00:00:00
C004835,referral,51-200,CH,2026-01-09 00:00:00
C004836,direct,51-200,CH,2026-01-15 00:00:00
C004837,sea,51-200,FR,2026-05-05 00:00:00
C004838,seo,1-10,FR,2026-02-06 00:00:00
C004839,sea,51-200,FR,2026-03-28 00:00:00
C004840,seo,200+,FR,2026-03-05 00:00:00
C004841,referral,1-10,FR,2026-02-08 00:00:00
C004842,seo,200+,FR,2026-05-20 00:00:00
C004843,sea,200+,BE,2026-04-21 00:00:00
C004844,referral,1-10,FR,2026-04-23 00:00:00
C004845,seo,1-10,CH,2026-05-14 00:00:00
C004846,sea,51-200,FR,2026-02-13 00:00:00
C004847,referral,51-200,CH,2026-03-19 00:00:00
C004848,seo,51-200,CH,2026-04-09 00:00:00
C004849,sea,1-10,FR,2026-02-07 00:00:00
C004850,sea,51-200,CA,2026-03-27 00:00:00
C004851,referral,1-10,FR,2026-04-10 00:00:00
C004852,referral,51-200,CA,2026-07-16 00:00:00
C004853,seo,200+,FR,2026-05-11 00:00:00
C004854,seo,1-10,FR,2026-05-26 00:00:00
C004855,direct,51-200,FR,2026-03-05 00:00:00
C004856,sea,1-10,FR,2026-06-09 00:00:00
C004857,referral,200+,BE,2026-05-19 00:00:00
C004858,seo,1-10,FR,2026-01-23 00:00:00
C004859,direct,200+,CA,2026-02-21 00:00:00
C004860,direct,11-50,CH,2026-02-10 00:00:00
C004861,seo,51-200,FR,2026-05-30 00:00:00
C004862,referral,51-200,FR,2026-02-07 00:00:00
C004863,seo,1-10,CA,2026-03-11 00:00:00
C004864,referral,200+,FR,2026-01-05 00:00:00
C004865,sea,51-200,FR,2026-03-20 00:00:00
C004866,referral,51-200,FR,2026-06-27 00:00:00
C004867,direct,200+,CH,2026-05-24 00:00:00
C004868,referral,1-10,FR,2026-01-21 00:00:00
C004869,seo,11-50,FR,2026-02-04 00:00:00
C004870,seo,51-200,FR,2026-03-30 00:00:00
C004871,seo,51-200,FR,2026-01-24 00:00:00
C004872,referral,200+,FR,2026-06-02 00:00:00
C004873,direct,11-50,FR,2026-06-10 00:00:00
C004874,referral,11-50,FR,2026-02-07 00:00:00
C004875,seo,11-50,FR,2026-01-22 00:00:00
C004876,sea,1-10,FR,2026-07-01 00:00:00
C004877,seo,200+,CA,2026-07-12 00:00:00
C004878,referral,200+,CH,2026-04-30 00:00:00
C004879,direct,11-50,FR,2026-05-02 00:00:00
C004880,sea,51-200,FR,2026-06-03 00:00:00
C004881,referral,11-50,FR,2026-01-14 00:00:00
C004882,sea,200+,FR,2026-04-17 00:00:00
C004883,referral,200+,FR,2026-02-11 00:00:00
C004884,referral,51-200,FR,2026-07-07 00:00:00
C004885,sea,1-10,CH,2026-02-13 00:00:00
C004886,sea,200+,FR,2026-06-27 00:00:00
C004887,referral,11-50,FR,2026-07-12 00:00:00
C004888,direct,200+,CH,2026-03-22 00:00:00
C004889,referral,11-50,FR,2026-04-01 00:00:00
C004890,referral,1-10,CA,2026-02-13 00:00:00
C004891,seo,1-10,FR,2026-05-04 00:00:00
C004892,sea,11-50,FR,2026-02-05 00:00:00
C004893,direct,51-200,CH,2026-05-11 00:00:00
C004894,sea,51-200,FR,2026-05-05 00:00:00
C004895,sea,200+,FR,2026-04-22 00:00:00
C004896,seo,200+,BE,2026-06-25 00:00:00
C004897,direct,51-200,FR,2026-02-09 00:00:00
C004898,sea,1-10,CH,2026-02-27 00:00:00
C004899,seo,11-50,FR,2026-02-08 00:00:00
C004900,direct,1-10,FR,2026-02-14 00:00:00
C004901,seo,200+,CA,2026-02-05 00:00:00
C004902,seo,11-50,CA,2026-03-27 00:00:00
C004903,direct,1-10,FR,2026-02-17 00:00:00
C004904,sea,51-200,FR,2026-03-13 00:00:00
C004905,referral,1-10,FR,2026-05-23 00:00:00
C004906,referral,11-50,FR,2026-02-15 00:00:00
C004907,referral,1-10,FR,2026-04-12 00:00:00
C004908,sea,200+,FR,2026-01-19 00:00:00
C004909,referral,11-50,FR,2026-06-30 00:00:00
C004910,sea,200+,FR,2026-04-27 00:00:00
C004911,sea,1-10,FR,2026-04-18 00:00:00
C004912,sea,11-50,BE,2026-05-24 00:00:00
C004913,seo,11-50,BE,2026-05-31 00:00:00
C004914,referral,11-50,FR,2026-01-04 00:00:00
C004915,seo,1-10,FR,2026-01-01 00:00:00
C004916,referral,200+,BE,2026-03-10 00:00:00
C004917,sea,11-50,FR,2026-02-17 00:00:00
C004918,sea,11-50,CA,2026-03-04 00:00:00
C004919,referral,200+,FR,2026-04-29 00:00:00
C004920,direct,1-10,FR,2026-06-25 00:00:00
C004921,direct,1-10,FR,2026-05-26 00:00:00
C004922,sea,51-200,CH,2026-02-01 00:00:00
C004923,referral,51-200,CH,2026-07-10 00:00:00
C004924,direct,11-50,FR,2026-01-04 00:00:00
C004925,sea,1-10,FR,2026-03-15 00:00:00
C004926,sea,200+,CA,2026-02-08 00:00:00
C004927,direct,51-200,CA,2026-03-19 00:00:00
C004928,seo,51-200,FR,2026-05-15 00:00:00
C004929,direct,200+,FR,2026-02-08 00:00:00
C004930,sea,1-10,CH,2026-06-19 00:00:00
C004931,direct,1-10,FR,2026-07-03 00:00:00
C004932,seo,1-10,FR,2026-05-19 00:00:00
C004933,seo,51-200,CA,2026-03-09 00:00:00
C004934,direct,1-10,FR,2026-01-30 00:00:00
C004935,seo,11-50,FR,2026-04-26 00:00:00
C004936,direct,51-200,FR,2026-01-08 00:00:00
C004937,sea,51-200,FR,2026-03-25 00:00:00
C004938,seo,11-50,BE,2026-03-03 00:00:00
C004939,referral,1-10,FR,2026-07-08 00:00:00
C004940,direct,200+,FR,2026-07-04 00:00:00
C004941,direct,1-10,FR,2026-03-02 00:00:00
C004942,seo,1-10,FR,2026-01-15 00:00:00
C004943,referral,200+,FR,2026-05-06 00:00:00
C004944,sea,200+,CH,2026-03-31 00:00:00
C004945,direct,11-50,CH,2026-07-07 00:00:00
C004946,sea,1-10,CA,2026-04-30 00:00:00
C004947,referral,51-200,CA,2026-03-23 00:00:00
C004948,seo,51-200,CH,2026-06-15 00:00:00
C004949,referral,1-10,FR,2026-06-10 00:00:00
C004950,seo,200+,CH,2026-04-11 00:00:00
C004951,direct,200+,FR,2026-05-31 00:00:00
C004952,direct,51-200,FR,2026-02-12 00:00:00
C004953,sea,1-10,CA,2026-04-17 00:00:00
C004954,seo,1-10,CA,2026-03-30 00:00:00
C004955,seo,11-50,FR,2026-07-10 00:00:00
C004956,direct,200+,FR,2026-06-18 00:00:00
C004957,sea,1-10,FR,2026-05-03 00:00:00
C004958,seo,200+,FR,2026-04-09 00:00:00
C004959,seo,1-10,CH,2026-07-12 00:00:00
C004960,referral,11-50,FR,2026-05-21 00:00:00
C004961,sea,1-10,FR,2026-05-10 00:00:00
C004962,seo,200+,FR,2026-05-16 00:00:00
C004963,seo,51-200,FR,2026-06-11 00:00:00
C004964,direct,1-10,FR,2026-06-08 00:00:00
C004965,seo,1-10,FR,2026-03-22 00:00:00
C004966,seo,200+,CH,2026-04-05 00:00:00
C004967,direct,200+,FR,2026-02-06 00:00:00
C004968,referral,200+,FR,2026-03-28 00:00:00
C004969,direct,200+,FR,2026-04-09 00:00:00
C004970,seo,200+,FR,2026-04-30 00:00:00
C004971,seo,51-200,FR,2026-02-12 00:00:00
C004972,referral,200+,FR,2026-05-12 00:00:00
C004973,referral,51-200,CA,2026-02-22 00:00:00
C004974,sea,51-200,FR,2026-01-18 00:00:00
C004975,referral,200+,FR,2026-05-13 00:00:00
C004976,direct,200+,FR,2026-02-26 00:00:00
C004977,direct,1-10,FR,2026-02-09 00:00:00
C004978,seo,200+,BE,2026-03-31 00:00:00
C004979,referral,1-10,BE,2026-03-31 00:00:00
C004980,seo,200+,CA,2026-04-07 00:00:00
C004981,seo,1-10,BE,2026-05-09 00:00:00
C004982,direct,11-50,FR,2026-06-21 00:00:00
C004983,referral,200+,BE,2026-02-18 00:00:00
C004984,direct,11-50,FR,2026-04-10 00:00:00
C004985,sea,51-200,FR,2026-01-29 00:00:00
C004986,seo,11-50,FR,2026-06-23 00:00:00
C004987,sea,200+,CH,2026-04-18 00:00:00
C004988,sea,11-50,FR,2026-01-22 00:00:00
C004989,sea,1-10,BE,2026-07-07 00:00:00
C004990,seo,51-200,FR,2026-06-03 00:00:00
C004991,direct,1-10,FR,2026-01-13 00:00:00
C004992,sea,51-200,FR,2026-02-21 00:00:00
C004993,sea,51-200,BE,2026-04-21 00:00:00
C004994,seo,1-10,FR,2026-07-03 00:00:00
C004995,direct,51-200,FR,2026-04-07 00:00:00
C004996,direct,1-10,FR,2026-01-18 00:00:00
C004997,sea,200+,FR,2026-04-05 00:00:00
C004998,direct,200+,FR,2026-07-11 00:00:00
C004999,sea,200+,FR,2026-05-10 00:00:00
C005000,direct,1-10,FR,2026-07-05 00:00:00
C005001,referral,200+,CA,2026-02-22 00:00:00
C005002,referral,11-50,FR,2026-02-28 00:00:00
C005003,direct,200+,FR,2026-05-15 00:00:00
C005004,seo,51-200,CA,2026-03-12 00:00:00
C005005,direct,200+,CA,2026-01-01 00:00:00
C005006,seo,11-50,FR,2026-04-22 00:00:00
C005007,sea,1-10,FR,2026-03-06 00:00:00
C005008,sea,11-50,FR,2026-01-06 00:00:00
C005009,seo,51-200,FR,2026-02-07 00:00:00
C005010,seo,1-10,FR,2026-04-01 00:00:00
C005011,referral,11-50,BE,2026-01-13 00:00:00
C005012,seo,1-10,CA,2026-01-02 00:00:00
C005013,sea,200+,FR,2026-02-12 00:00:00
C005014,referral,51-200,CH,2026-05-16 00:00:00
C005015,seo,200+,FR,2026-05-21 00:00:00
C005016,referral,1-10,FR,2026-05-15 00:00:00
C005017,direct,11-50,FR,2026-04-17 00:00:00
C005018,referral,51-200,FR,2026-02-03 00:00:00
C005019,sea,1-10,FR,2026-04-06 00:00:00
C005020,referral,1-10,CH,2026-06-29 00:00:00
C005021,seo,51-200,FR,2026-05-27 00:00:00
C005022,sea,200+,FR,2026-04-01 00:00:00
C005023,sea,200+,FR,2026-02-19 00:00:00
C005024,sea,11-50,FR,2026-03-31 00:00:00
C005025,referral,1-10,CH,2026-02-02 00:00:00
C005026,referral,51-200,FR,2026-03-03 00:00:00
C005027,referral,11-50,CA,2026-01-10 00:00:00
C005028,referral,200+,FR,2026-07-04 00:00:00
C005029,sea,200+,FR,2026-01-23 00:00:00
C005030,sea,200+,CA,2026-07-16 00:00:00
C005031,direct,1-10,CA,2026-04-28 00:00:00
C005032,referral,51-200,FR,2026-03-21 00:00:00
C005033,seo,200+,CA,2026-04-30 00:00:00
C005034,seo,11-50,FR,2026-06-21 00:00:00
C005035,direct,1-10,FR,2026-01-14 00:00:00
C005036,direct,1-10,CA,2026-07-08 00:00:00
C005037,direct,51-200,FR,2026-02-06 00:00:00
C005038,seo,51-200,CH,2026-04-04 00:00:00
C005039,seo,11-50,FR,2026-03-04 00:00:00
C005040,direct,11-50,FR,2026-03-28 00:00:00
C005041,seo,11-50,FR,2026-04-19 00:00:00
C005042,sea,11-50,FR,2026-07-01 00:00:00
C005043,sea,1-10,FR,2026-05-30 00:00:00
C005044,sea,11-50,CA,2026-02-08 00:00:00
C005045,seo,51-200,FR,2026-02-12 00:00:00
C005046,referral,1-10,CH,2026-01-21 00:00:00
C005047,direct,11-50,CA,2026-05-09 00:00:00
C005048,direct,200+,CA,2026-01-16 00:00:00
C005049,direct,200+,FR,2026-06-22 00:00:00
C005050,direct,1-10,FR,2026-05-30 00:00:00
C005051,direct,1-10,FR,2026-07-19 00:00:00
C005052,seo,11-50,CH,2026-06-29 00:00:00
C005053,referral,11-50,FR,2026-03-30 00:00:00
C005054,direct,1-10,FR,2026-06-17 00:00:00
C005055,sea,11-50,FR,2026-07-14 00:00:00
C005056,referral,51-200,BE,2026-01-22 00:00:00
C005057,referral,11-50,FR,2026-06-30 00:00:00
C005058,referral,200+,FR,2026-01-24 00:00:00
C005059,sea,51-200,CA,2026-02-25 00:00:00
C005060,seo,11-50,FR,2026-07-16 00:00:00
C005061,direct,51-200,CA,2026-02-27 00:00:00
C005062,sea,200+,FR,2026-02-20 00:00:00
C005063,referral,51-200,FR,2026-07-12 00:00:00
C005064,seo,11-50,CH,2026-02-22 00:00:00
C005065,seo,51-200,CH,2026-06-25 00:00:00
C005066,referral,200+,FR,2026-03-01 00:00:00
C005067,sea,1-10,FR,2026-01-02 00:00:00
C005068,seo,1-10,CH,2026-01-30 00:00:00
C005069,seo,51-200,FR,2026-03-26 00:00:00
C005070,seo,1-10,CA,2026-04-02 00:00:00
C005071,referral,1-10,FR,2026-07-11 00:00:00
C005072,direct,11-50,FR,2026-07-16 00:00:00
C005073,direct,200+,FR,2026-06-06 00:00:00
C005074,sea,51-200,CA,2026-06-13 00:00:00
C005075,referral,11-50,FR,2026-06-22 00:00:00
C005076,seo,200+,FR,2026-03-20 00:00:00
C005077,sea,200+,FR,2026-01-21 00:00:00
C005078,direct,51-200,FR,2026-06-23 00:00:00
C005079,direct,11-50,CH,2026-04-16 00:00:00
C005080,referral,200+,FR,2026-03-19 00:00:00
C005081,sea,11-50,FR,2026-03-12 00:00:00
C005082,seo,1-10,FR,2026-03-20 00:00:00
C005083,referral,200+,FR,2026-02-03 00:00:00
C005084,referral,11-50,FR,2026-02-06 00:00:00
C005085,sea,200+,FR,2026-06-28 00:00:00
C005086,direct,200+,FR,2026-05-28 00:00:00
C005087,direct,1-10,FR,2026-05-23 00:00:00
C005088,seo,11-50,FR,2026-06-21 00:00:00
C005089,sea,1-10,FR,2026-07-04 00:00:00
C005090,referral,11-50,FR,2026-07-04 00:00:00
C005091,sea,51-200,FR,2026-04-16 00:00:00
C005092,sea,51-200,FR,2026-04-09 00:00:00
C005093,direct,1-10,FR,2026-07-15 00:00:00
C005094,seo,11-50,FR,2026-06-18 00:00:00
C005095,sea,200+,FR,2026-03-14 00:00:00
C005096,seo,200+,FR,2026-06-13 00:00:00
C005097,sea,1-10,FR,2026-01-17 00:00:00
C005098,direct,200+,FR,2026-01-04 00:00:00
C005099,sea,51-200,CA,2026-06-04 00:00:00
C005100,sea,1-10,FR,2026-01-16 00:00:00
C005101,direct,11-50,CA,2026-03-25 00:00:00
C005102,referral,1-10,FR,2026-02-26 00:00:00
C005103,seo,51-200,BE,2026-05-22 00:00:00
C005104,seo,11-50,FR,2026-02-21 00:00:00
C005105,direct,11-50,BE,2026-06-29 00:00:00
C005106,referral,1-10,FR,2026-06-21 00:00:00
C005107,referral,200+,FR,2026-03-05 00:00:00
C005108,direct,11-50,FR,2026-04-07 00:00:00
C005109,seo,51-200,CA,2026-07-10 00:00:00
C005110,referral,200+,BE,2026-02-18 00:00:00
C005111,referral,51-200,FR,2026-01-02 00:00:00
C005112,sea,1-10,CA,2026-04-19 00:00:00
C005113,direct,200+,CA,2026-06-13 00:00:00
C005114,direct,1-10,CH,2026-05-01 00:00:00
C005115,seo,200+,BE,2026-05-05 00:00:00
C005116,referral,200+,FR,2026-05-22 00:00:00
C005117,sea,1-10,FR,2026-02-24 00:00:00
C005118,referral,51-200,FR,2026-06-27 00:00:00
C005119,seo,200+,BE,2026-04-03 00:00:00
C005120,seo,1-10,FR,2026-01-19 00:00:00
C005121,direct,1-10,CH,2026-06-15 00:00:00
C005122,sea,51-200,FR,2026-06-25 00:00:00
C005123,seo,51-200,FR,2026-02-09 00:00:00
C005124,seo,1-10,FR,2026-01-09 00:00:00
C005125,direct,51-200,FR,2026-04-08 00:00:00
C005126,direct,11-50,CH,2026-02-14 00:00:00
C005127,direct,200+,CH,2026-07-12 00:00:00
C005128,referral,200+,FR,2026-06-20 00:00:00
C005129,referral,1-10,FR,2026-01-26 00:00:00
C005130,direct,11-50,FR,2026-03-15 00:00:00
C005131,direct,51-200,FR,2026-01-16 00:00:00
C005132,referral,1-10,FR,2026-06-04 00:00:00
C005133,seo,51-200,FR,2026-06-10 00:00:00
C005134,seo,1-10,FR,2026-04-11 00:00:00
C005135,direct,1-10,FR,2026-01-10 00:00:00
C005136,seo,1-10,FR,2026-02-28 00:00:00
C005137,seo,200+,CH,2026-06-03 00:00:00
C005138,seo,200+,FR,2026-05-25 00:00:00
C005139,seo,11-50,FR,2026-02-14 00:00:00
C005140,direct,11-50,FR,2026-04-26 00:00:00
C005141,referral,200+,FR,2026-05-28 00:00:00
C005142,seo,200+,FR,2026-01-18 00:00:00
C005143,referral,11-50,FR,2026-01-05 00:00:00
C005144,sea,11-50,CA,2026-06-23 00:00:00
C005145,seo,1-10,BE,2026-05-03 00:00:00
C005146,sea,200+,FR,2026-05-26 00:00:00
C005147,seo,200+,CH,2026-02-06 00:00:00
C005148,referral,200+,FR,2026-03-22 00:00:00
C005149,referral,200+,CA,2026-04-22 00:00:00
C005150,seo,51-200,FR,2026-02-12 00:00:00
C005151,seo,11-50,FR,2026-04-15 00:00:00
C005152,sea,11-50,CH,2026-01-09 00:00:00
C005153,referral,200+,FR,2026-05-23 00:00:00
C005154,seo,200+,FR,2026-01-31 00:00:00
C005155,seo,200+,CH,2026-05-28 00:00:00
C005156,direct,1-10,FR,2026-04-26 00:00:00
C005157,referral,1-10,CH,2026-07-14 00:00:00
C005158,sea,11-50,FR,2026-07-05 00:00:00
C005159,direct,11-50,FR,2026-04-22 00:00:00
C005160,seo,51-200,FR,2026-04-26 00:00:00
C005161,sea,11-50,FR,2026-07-01 00:00:00
C005162,sea,51-200,FR,2026-05-31 00:00:00
C005163,direct,11-50,FR,2026-06-04 00:00:00
C005164,sea,11-50,FR,2026-06-08 00:00:00
C005165,direct,51-200,FR,2026-05-17 00:00:00
C005166,referral,11-50,FR,2026-07-09 00:00:00
C005167,referral,1-10,FR,2026-07-10 00:00:00
C005168,referral,51-200,FR,2026-05-11 00:00:00
C005169,referral,200+,FR,2026-04-13 00:00:00
C005170,referral,51-200,FR,2026-02-19 00:00:00
C005171,referral,1-10,FR,2026-06-16 00:00:00
C005172,referral,1-10,FR,2026-06-03 00:00:00
C005173,direct,51-200,FR,2026-04-08 00:00:00
C005174,referral,1-10,CA,2026-04-16 00:00:00
C005175,direct,11-50,FR,2026-02-03 00:00:00
C005176,referral,1-10,CA,2026-04-29 00:00:00
C005177,referral,51-200,FR,2026-05-21 00:00:00
C005178,seo,200+,FR,2026-07-16 00:00:00
C005179,sea,200+,FR,2026-07-13 00:00:00
C005180,seo,51-200,CA,2026-05-01 00:00:00
C005181,direct,200+,FR,2026-05-17 00:00:00
C005182,direct,11-50,FR,2026-01-09 00:00:00
C005183,direct,200+,FR,2026-04-26 00:00:00
C005184,sea,200+,FR,2026-03-04 00:00:00
C005185,referral,11-50,FR,2026-05-08 00:00:00
C005186,direct,11-50,CH,2026-07-12 00:00:00
C005187,seo,11-50,FR,2026-03-21 00:00:00
C005188,sea,51-200,FR,2026-06-11 00:00:00
C005189,direct,1-10,CA,2026-01-16 00:00:00
C005190,seo,51-200,FR,2026-06-11 00:00:00
C005191,direct,1-10,FR,2026-06-22 00:00:00
C005192,referral,1-10,FR,2026-02-03 00:00:00
C005193,seo,51-200,FR,2026-06-24 00:00:00
C005194,sea,1-10,BE,2026-05-03 00:00:00
C005195,seo,11-50,FR,2026-05-29 00:00:00
C005196,sea,200+,FR,2026-07-06 00:00:00
C005197,seo,11-50,FR,2026-03-14 00:00:00
C005198,referral,11-50,CA,2026-03-25 00:00:00
C005199,referral,1-10,FR,2026-03-12 00:00:00
C005200,direct,51-200,CH,2026-04-30 00:00:00
C005201,seo,1-10,FR,2026-03-04 00:00:00
C005202,seo,200+,FR,2026-07-15 00:00:00
C005203,seo,51-200,FR,2026-06-15 00:00:00
C005204,direct,200+,CA,2026-06-18 00:00:00
C005205,referral,1-10,FR,2026-07-12 00:00:00
C005206,direct,11-50,FR,2026-05-04 00:00:00
C005207,referral,11-50,FR,2026-03-23 00:00:00
C005208,seo,11-50,CA,2026-05-24 00:00:00
C005209,sea,200+,BE,2026-03-20 00:00:00
C005210,sea,1-10,CA,2026-06-01 00:00:00
C005211,referral,1-10,FR,2026-05-05 00:00:00
C005212,referral,1-10,FR,2026-07-05 00:00:00
C005213,sea,51-200,CH,2026-01-10 00:00:00
C005214,seo,11-50,CH,2026-06-18 00:00:00
C005215,direct,11-50,BE,2026-07-13 00:00:00
C005216,direct,11-50,FR,2026-01-22 00:00:00
C005217,referral,200+,FR,2026-07-18 00:00:00
C005218,sea,1-10,FR,2026-04-03 00:00:00
C005219,sea,11-50,FR,2026-05-04 00:00:00
C005220,sea,11-50,BE,2026-02-13 00:00:00
C005221,referral,200+,FR,2026-02-23 00:00:00
C005222,sea,51-200,FR,2026-07-11 00:00:00
C005223,referral,51-200,CH,2026-06-22 00:00:00
C005224,sea,11-50,FR,2026-06-03 00:00:00
C005225,referral,51-200,BE,2026-02-08 00:00:00
C005226,sea,1-10,FR,2026-05-20 00:00:00
C005227,referral,51-200,CA,2026-06-07 00:00:00
C005228,seo,11-50,BE,2026-02-16 00:00:00
C005229,sea,1-10,CH,2026-01-30 00:00:00
C005230,direct,200+,CH,2026-05-14 00:00:00
C005231,seo,11-50,BE,2026-01-14 00:00:00
C005232,seo,51-200,CA,2026-07-14 00:00:00
C005233,seo,200+,BE,2026-01-27 00:00:00
C005234,seo,200+,FR,2026-01-03 00:00:00
C005235,sea,200+,CA,2026-02-05 00:00:00
C005236,sea,11-50,FR,2026-06-26 00:00:00
C005237,sea,1-10,FR,2026-03-25 00:00:00
C005238,sea,11-50,CH,2026-03-26 00:00:00
C005239,sea,200+,FR,2026-06-12 00:00:00
C005240,referral,51-200,BE,2026-03-15 00:00:00
C005241,direct,51-200,FR,2026-05-09 00:00:00
C005242,seo,1-10,FR,2026-06-10 00:00:00
C005243,referral,51-200,FR,2026-04-17 00:00:00
C005244,referral,11-50,FR,2026-02-25 00:00:00
C005245,referral,11-50,FR,2026-01-23 00:00:00
C005246,referral,51-200,FR,2026-05-26 00:00:00
C005247,referral,51-200,FR,2026-05-14 00:00:00
C005248,referral,200+,FR,2026-01-21 00:00:00
C005249,sea,51-200,FR,2026-05-02 00:00:00
C005250,seo,1-10,CA,2026-05-21 00:00:00
C005251,direct,51-200,FR,2026-05-06 00:00:00
C005252,seo,1-10,FR,2026-06-24 00:00:00
C005253,referral,200+,FR,2026-02-09 00:00:00
C005254,direct,51-200,FR,2026-02-28 00:00:00
C005255,seo,200+,FR,2026-04-26 00:00:00
C005256,sea,11-50,CH,2026-03-16 00:00:00
C005257,referral,1-10,FR,2026-06-23 00:00:00
C005258,referral,200+,FR,2026-03-30 00:00:00
C005259,referral,51-200,CA,2026-01-27 00:00:00
C005260,direct,51-200,CH,2026-03-25 00:00:00
C005261,referral,11-50,FR,2026-04-25 00:00:00
C005262,referral,51-200,FR,2026-06-06 00:00:00
C005263,direct,11-50,FR,2026-01-21 00:00:00
C005264,sea,200+,BE,2026-02-01 00:00:00
C005265,direct,1-10,FR,2026-02-03 00:00:00
C005266,direct,1-10,CA,2026-03-04 00:00:00
C005267,seo,51-200,FR,2026-01-20 00:00:00
C005268,seo,200+,CH,2026-01-10 00:00:00
C005269,referral,200+,FR,2026-07-17 00:00:00
C005270,sea,1-10,FR,2026-07-18 00:00:00
C005271,direct,11-50,CA,2026-05-22 00:00:00
C005272,direct,1-10,CH,2026-03-13 00:00:00
C005273,sea,51-200,BE,2026-06-11 00:00:00
C005274,direct,51-200,FR,2026-03-31 00:00:00
C005275,referral,11-50,BE,2026-01-30 00:00:00
C005276,seo,1-10,FR,2026-03-29 00:00:00
C005277,direct,11-50,CA,2026-02-17 00:00:00
C005278,seo,200+,FR,2026-07-05 00:00:00
C005279,seo,200+,CH,2026-06-24 00:00:00
C005280,seo,11-50,FR,2026-03-10 00:00:00
C005281,sea,11-50,FR,2026-06-09 00:00:00
C005282,referral,1-10,FR,2026-04-19 00:00:00
C005283,sea,1-10,FR,2026-05-13 00:00:00
C005284,seo,11-50,CH,2026-05-07 00:00:00
C005285,direct,1-10,FR,2026-06-03 00:00:00
C005286,sea,51-200,BE,2026-04-06 00:00:00
C005287,seo,200+,FR,2026-04-14 00:00:00
C005288,referral,11-50,FR,2026-04-25 00:00:00
C005289,direct,51-200,FR,2026-01-28 00:00:00
C005290,direct,51-200,CA,2026-05-19 00:00:00
C005291,direct,51-200,FR,2026-03-30 00:00:00
C005292,referral,200+,FR,2026-05-11 00:00:00
C005293,referral,200+,CA,2026-04-09 00:00:00
C005294,seo,1-10,FR,2026-07-05 00:00:00
C005295,sea,1-10,BE,2026-03-25 00:00:00
C005296,direct,11-50,FR,2026-05-12 00:00:00
C005297,referral,11-50,CA,2026-03-05 00:00:00
C005298,direct,11-50,FR,2026-07-14 00:00:00
C005299,sea,11-50,FR,2026-05-16 00:00:00
C005300,sea,200+,FR,2026-02-01 00:00:00
C005301,sea,11-50,FR,2026-05-28 00:00:00
C005302,seo,1-10,FR,2026-03-26 00:00:00
C005303,sea,11-50,FR,2026-06-10 00:00:00
C005304,sea,51-200,FR,2026-01-03 00:00:00
C005305,direct,11-50,FR,2026-03-06 00:00:00
C005306,sea,1-10,FR,2026-07-09 00:00:00
C005307,seo,200+,CH,2026-03-07 00:00:00
C005308,sea,200+,FR,2026-03-08 00:00:00
C005309,referral,51-200,FR,2026-01-02 00:00:00
C005310,sea,51-200,FR,2026-03-07 00:00:00
C005311,direct,200+,CA,2026-01-09 00:00:00
C005312,referral,51-200,FR,2026-03-23 00:00:00
C005313,sea,51-200,CA,2026-01-26 00:00:00
C005314,direct,11-50,FR,2026-01-07 00:00:00
C005315,sea,1-10,CH,2026-04-16 00:00:00
C005316,referral,51-200,FR,2026-02-19 00:00:00
C005317,seo,200+,BE,2026-05-31 00:00:00
C005318,referral,200+,CH,2026-05-09 00:00:00
C005319,sea,1-10,FR,2026-02-05 00:00:00
C005320,direct,11-50,FR,2026-02-08 00:00:00
C005321,direct,200+,BE,2026-04-16 00:00:00
C005322,direct,200+,FR,2026-06-03 00:00:00
C005323,direct,1-10,FR,2026-02-18 00:00:00
C005324,referral,200+,CH,2026-06-30 00:00:00
C005325,referral,1-10,FR,2026-06-21 00:00:00
C005326,direct,11-50,FR,2026-05-23 00:00:00
C005327,sea,51-200,FR,2026-03-29 00:00:00
C005328,sea,11-50,FR,2026-06-15 00:00:00
C005329,sea,200+,FR,2026-05-03 00:00:00
C005330,direct,1-10,FR,2026-03-01 00:00:00
C005331,sea,11-50,FR,2026-02-16 00:00:00
C005332,direct,51-200,FR,2026-03-16 00:00:00
C005333,seo,11-50,FR,2026-05-28 00:00:00
C005334,referral,1-10,BE,2026-07-13 00:00:00
C005335,referral,1-10,FR,2026-01-18 00:00:00
C005336,referral,11-50,FR,2026-06-22 00:00:00
C005337,referral,1-10,FR,2026-02-03 00:00:00
C005338,referral,11-50,FR,2026-06-11 00:00:00
C005339,sea,51-200,FR,2026-01-06 00:00:00
C005340,direct,200+,CH,2026-06-03 00:00:00
C005341,referral,200+,FR,2026-01-22 00:00:00
C005342,direct,1-10,CH,2026-07-03 00:00:00
C005343,referral,1-10,FR,2026-06-28 00:00:00
C005344,sea,51-200,FR,2026-04-02 00:00:00
C005345,referral,1-10,FR,2026-01-26 00:00:00
C005346,referral,200+,FR,2026-02-09 00:00:00
C005347,sea,200+,FR,2026-01-06 00:00:00
C005348,direct,200+,FR,2026-03-19 00:00:00
C005349,direct,200+,CH,2026-03-21 00:00:00
C005350,sea,200+,FR,2026-05-24 00:00:00
C005351,referral,200+,FR,2026-02-27 00:00:00
C005352,direct,51-200,CA,2026-04-08 00:00:00
C005353,seo,1-10,FR,2026-07-14 00:00:00
C005354,sea,51-200,FR,2026-07-01 00:00:00
C005355,referral,51-200,FR,2026-07-09 00:00:00
C005356,referral,11-50,FR,2026-05-19 00:00:00
C005357,direct,200+,FR,2026-03-11 00:00:00
C005358,referral,51-200,FR,2026-05-26 00:00:00
C005359,seo,11-50,CA,2026-05-29 00:00:00
C005360,seo,51-200,FR,2026-05-14 00:00:00
C005361,seo,1-10,FR,2026-03-05 00:00:00
C005362,referral,200+,FR,2026-03-03 00:00:00
C005363,direct,51-200,BE,2026-03-04 00:00:00
C005364,sea,200+,FR,2026-01-14 00:00:00
C005365,seo,11-50,FR,2026-01-02 00:00:00
C005366,direct,11-50,BE,2026-04-15 00:00:00
C005367,seo,1-10,CA,2026-06-25 00:00:00
C005368,sea,11-50,FR,2026-05-05 00:00:00
C005369,seo,51-200,FR,2026-04-30 00:00:00
C005370,referral,200+,FR,2026-03-16 00:00:00
C005371,seo,51-200,FR,2026-07-05 00:00:00
C005372,referral,1-10,CA,2026-07-09 00:00:00
C005373,referral,1-10,BE,2026-01-27 00:00:00
C005374,seo,200+,FR,2026-03-04 00:00:00
C005375,sea,11-50,BE,2026-07-15 00:00:00
C005376,seo,51-200,FR,2026-03-30 00:00:00
C005377,seo,200+,CA,2026-02-06 00:00:00
C005378,direct,1-10,BE,2026-03-02 00:00:00
C005379,referral,51-200,FR,2026-06-15 00:00:00
C005380,seo,51-200,FR,2026-01-04 00:00:00
C005381,referral,1-10,FR,2026-01-19 00:00:00
C005382,sea,1-10,CH,2026-06-16 00:00:00
C005383,seo,51-200,FR,2026-05-22 00:00:00
C005384,referral,11-50,FR,2026-05-29 00:00:00
C005385,referral,1-10,FR,2026-04-09 00:00:00
C005386,seo,1-10,FR,2026-01-01 00:00:00
C005387,sea,1-10,FR,2026-06-10 00:00:00
C005388,direct,200+,FR,2026-01-28 00:00:00
C005389,referral,51-200,FR,2026-05-08 00:00:00
C005390,referral,200+,FR,2026-04-15 00:00:00
C005391,seo,1-10,FR,2026-04-18 00:00:00
C005392,direct,11-50,FR,2026-07-05 00:00:00
C005393,seo,11-50,FR,2026-07-02 00:00:00
C005394,sea,200+,FR,2026-07-13 00:00:00
C005395,direct,200+,FR,2026-03-04 00:00:00
C005396,direct,200+,FR,2026-02-10 00:00:00
C005397,seo,1-10,BE,2026-03-12 00:00:00
C005398,sea,51-200,FR,2026-01-17 00:00:00
C005399,sea,51-200,FR,2026-05-13 00:00:00
C005400,sea,51-200,FR,2026-06-15 00:00:00
C005401,referral,1-10,FR,2026-02-04 00:00:00
C005402,sea,200+,FR,2026-05-11 00:00:00
C005403,referral,1-10,FR,2026-01-04 00:00:00
C005404,referral,51-200,FR,2026-07-12 00:00:00
C005405,seo,51-200,FR,2026-03-20 00:00:00
C005406,referral,11-50,FR,2026-04-14 00:00:00
C005407,seo,200+,CH,2026-02-17 00:00:00
C005408,direct,11-50,CA,2026-03-06 00:00:00
C005409,direct,1-10,CA,2026-03-31 00:00:00
C005410,sea,51-200,CA,2026-01-19 00:00:00
C005411,referral,200+,BE,2026-05-29 00:00:00
C005412,direct,51-200,FR,2026-06-23 00:00:00
C005413,seo,1-10,FR,2026-02-25 00:00:00
C005414,sea,11-50,FR,2026-03-24 00:00:00
C005415,seo,11-50,FR,2026-07-09 00:00:00
C005416,seo,200+,FR,2026-06-16 00:00:00
C005417,sea,200+,FR,2026-06-29 00:00:00
C005418,sea,1-10,FR,2026-05-08 00:00:00
C005419,referral,1-10,FR,2026-02-28 00:00:00
C005420,seo,200+,FR,2026-03-14 00:00:00
C005421,referral,1-10,CA,2026-02-14 00:00:00
C005422,referral,51-200,FR,2026-04-03 00:00:00
C005423,referral,51-200,FR,2026-06-19 00:00:00
C005424,seo,1-10,FR,2026-05-12 00:00:00
C005425,referral,200+,FR,2026-01-09 00:00:00
C005426,direct,51-200,FR,2026-06-27 00:00:00
C005427,sea,200+,FR,2026-03-07 00:00:00
C005428,direct,51-200,FR,2026-06-14 00:00:00
C005429,sea,11-50,FR,2026-03-23 00:00:00
C005430,seo,200+,BE,2026-06-01 00:00:00
C005431,direct,11-50,FR,2026-04-12 00:00:00
C005432,direct,51-200,FR,2026-04-21 00:00:00
C005433,sea,1-10,FR,2026-02-06 00:00:00
C005434,direct,200+,FR,2026-07-09 00:00:00
C005435,referral,11-50,CH,2026-05-09 00:00:00
C005436,direct,200+,CA,2026-06-02 00:00:00
C005437,seo,200+,BE,2026-05-07 00:00:00
C005438,referral,11-50,FR,2026-01-25 00:00:00
C005439,seo,11-50,BE,2026-04-06 00:00:00
C005440,direct,11-50,FR,2026-06-04 00:00:00
C005441,direct,11-50,CH,2026-03-14 00:00:00
C005442,direct,1-10,FR,2026-06-03 00:00:00
C005443,direct,1-10,FR,2026-06-05 00:00:00
C005444,direct,11-50,CH,2026-05-10 00:00:00
C005445,sea,200+,CA,2026-01-22 00:00:00
C005446,seo,1-10,CA,2026-04-12 00:00:00
C005447,seo,51-200,BE,2026-01-12 00:00:00
C005448,seo,200+,BE,2026-06-22 00:00:00
C005449,seo,11-50,FR,2026-03-31 00:00:00
C005450,direct,11-50,FR,2026-02-25 00:00:00
C005451,referral,1-10,FR,2026-05-02 00:00:00
C005452,seo,11-50,FR,2026-01-16 00:00:00
C005453,referral,51-200,FR,2026-01-05 00:00:00
C005454,referral,200+,FR,2026-02-20 00:00:00
C005455,sea,51-200,FR,2026-06-05 00:00:00
C005456,sea,1-10,FR,2026-07-01 00:00:00
C005457,direct,1-10,FR,2026-02-26 00:00:00
C005458,sea,200+,BE,2026-04-02 00:00:00
C005459,sea,11-50,FR,2026-01-25 00:00:00
C005460,direct,11-50,FR,2026-03-08 00:00:00
C005461,sea,51-200,FR,2026-05-10 00:00:00
C005462,seo,1-10,FR,2026-01-01 00:00:00
C005463,sea,200+,FR,2026-07-08 00:00:00
C005464,referral,11-50,FR,2026-05-13 00:00:00
C005465,referral,200+,BE,2026-07-09 00:00:00
C005466,direct,200+,FR,2026-06-12 00:00:00
C005467,sea,1-10,CA,2026-04-15 00:00:00
C005468,referral,51-200,FR,2026-02-15 00:00:00
C005469,referral,51-200,BE,2026-05-06 00:00:00
C005470,direct,51-200,FR,2026-04-30 00:00:00
C005471,sea,1-10,FR,2026-06-23 00:00:00
C005472,sea,51-200,FR,2026-03-21 00:00:00
C005473,referral,51-200,FR,2026-06-28 00:00:00
C005474,seo,11-50,FR,2026-06-07 00:00:00
C005475,referral,11-50,BE,2026-01-08 00:00:00
C005476,seo,11-50,FR,2026-06-02 00:00:00
C005477,referral,200+,CH,2026-04-27 00:00:00
C005478,seo,51-200,BE,2026-06-16 00:00:00
C005479,sea,11-50,FR,2026-02-14 00:00:00
C005480,seo,200+,FR,2026-01-05 00:00:00
C005481,referral,1-10,FR,2026-05-26 00:00:00
C005482,referral,1-10,FR,2026-05-12 00:00:00
C005483,referral,200+,FR,2026-05-03 00:00:00
C005484,seo,1-10,CH,2026-01-15 00:00:00
C005485,direct,200+,FR,2026-06-02 00:00:00
C005486,direct,1-10,BE,2026-01-28 00:00:00
C005487,referral,11-50,BE,2026-05-26 00:00:00
C005488,seo,200+,CA,2026-07-05 00:00:00
C005489,referral,200+,FR,2026-04-12 00:00:00
C005490,referral,51-200,FR,2026-02-24 00:00:00
C005491,direct,51-200,FR,2026-02-03 00:00:00
C005492,sea,200+,FR,2026-07-07 00:00:00
C005493,sea,200+,FR,2026-04-02 00:00:00
C005494,sea,11-50,CA,2026-04-15 00:00:00
C005495,sea,11-50,FR,2026-07-12 00:00:00
C005496,seo,1-10,FR,2026-03-07 00:00:00
C005497,referral,1-10,FR,2026-05-08 00:00:00
C005498,referral,51-200,FR,2026-01-18 00:00:00
C005499,seo,1-10,BE,2026-02-08 00:00:00
C005500,referral,200+,FR,2026-05-05 00:00:00
C005501,seo,51-200,CH,2026-02-01 00:00:00
C005502,sea,1-10,FR,2026-05-14 00:00:00
C005503,sea,1-10,FR,2026-04-07 00:00:00
C005504,sea,51-200,BE,2026-05-17 00:00:00
C005505,referral,11-50,FR,2026-01-05 00:00:00
C005506,sea,11-50,FR,2026-02-26 00:00:00
C005507,referral,11-50,FR,2026-06-24 00:00:00
C005508,seo,1-10,FR,2026-07-13 00:00:00
C005509,direct,11-50,FR,2026-04-07 00:00:00
C005510,seo,11-50,FR,2026-01-09 00:00:00
C005511,seo,1-10,FR,2026-02-04 00:00:00
C005512,direct,51-200,CA,2026-06-01 00:00:00
C005513,seo,11-50,CA,2026-05-15 00:00:00
C005514,sea,11-50,FR,2026-07-14 00:00:00
C005515,direct,11-50,FR,2026-03-27 00:00:00
C005516,direct,200+,FR,2026-02-17 00:00:00
C005517,referral,11-50,BE,2026-05-21 00:00:00
C005518,direct,11-50,FR,2026-04-17 00:00:00
C005519,direct,11-50,FR,2026-06-30 00:00:00
C005520,seo,11-50,BE,2026-06-05 00:00:00
C005521,direct,200+,FR,2026-04-02 00:00:00
C005522,seo,200+,FR,2026-04-12 00:00:00
C005523,referral,200+,FR,2026-01-16 00:00:00
C005524,direct,51-200,FR,2026-07-01 00:00:00
C005525,referral,200+,CA,2026-06-18 00:00:00
C005526,sea,1-10,CA,2026-01-17 00:00:00
C005527,sea,51-200,BE,2026-03-28 00:00:00
C005528,seo,200+,CH,2026-02-06 00:00:00
C005529,direct,51-200,FR,2026-02-28 00:00:00
C005530,referral,51-200,FR,2026-01-05 00:00:00
C005531,direct,1-10,CA,2026-06-02 00:00:00
C005532,seo,200+,FR,2026-07-03 00:00:00
C005533,referral,1-10,FR,2026-06-15 00:00:00
C005534,referral,1-10,FR,2026-04-13 00:00:00
C005535,referral,51-200,FR,2026-01-31 00:00:00
C005536,direct,11-50,CA,2026-03-18 00:00:00
C005537,direct,1-10,FR,2026-03-09 00:00:00
C005538,direct,51-200,CH,2026-04-23 00:00:00
C005539,referral,200+,FR,2026-02-23 00:00:00
C005540,direct,51-200,FR,2026-05-29 00:00:00
C005541,direct,51-200,FR,2026-03-08 00:00:00
C005542,seo,51-200,FR,2026-02-02 00:00:00
C005543,referral,1-10,FR,2026-06-16 00:00:00
C005544,direct,200+,FR,2026-04-14 00:00:00
C005545,seo,11-50,CH,2026-02-23 00:00:00
C005546,referral,200+,FR,2026-04-26 00:00:00
C005547,referral,51-200,FR,2026-05-13 00:00:00
C005548,referral,51-200,CH,2026-02-23 00:00:00
C005549,referral,11-50,FR,2026-06-10 00:00:00
C005550,referral,51-200,FR,2026-03-27 00:00:00
C005551,seo,51-200,FR,2026-02-20 00:00:00
C005552,direct,1-10,FR,2026-04-06 00:00:00
C005553,sea,51-200,FR,2026-05-22 00:00:00
C005554,seo,1-10,FR,2026-03-28 00:00:00
C005555,sea,200+,CA,2026-02-18 00:00:00
C005556,referral,200+,BE,2026-07-05 00:00:00
C005557,referral,200+,FR,2026-06-16 00:00:00
C005558,direct,51-200,FR,2026-05-19 00:00:00
C005559,sea,200+,FR,2026-01-11 00:00:00
C005560,sea,11-50,CH,2026-07-01 00:00:00
C005561,sea,200+,FR,2026-04-02 00:00:00
C005562,direct,11-50,FR,2026-04-09 00:00:00
C005563,referral,11-50,CA,2026-01-31 00:00:00
C005564,direct,51-200,FR,2026-05-30 00:00:00
C005565,referral,200+,FR,2026-06-16 00:00:00
C005566,direct,200+,BE,2026-01-02 00:00:00
C005567,direct,200+,FR,2026-06-21 00:00:00
C005568,direct,200+,FR,2026-07-04 00:00:00
C005569,sea,1-10,FR,2026-01-25 00:00:00
C005570,direct,1-10,FR,2026-03-22 00:00:00
C005571,sea,51-200,FR,2026-01-04 00:00:00
C005572,seo,1-10,CA,2026-01-27 00:00:00
C005573,seo,51-200,FR,2026-02-19 00:00:00
C005574,referral,51-200,CH,2026-03-12 00:00:00
C005575,seo,51-200,FR,2026-06-18 00:00:00
C005576,referral,1-10,FR,2026-04-18 00:00:00
C005577,sea,200+,FR,2026-06-25 00:00:00
C005578,sea,1-10,FR,2026-02-21 00:00:00
C005579,direct,1-10,FR,2026-06-30 00:00:00
C005580,referral,51-200,FR,2026-02-13 00:00:00
C005581,seo,200+,FR,2026-02-24 00:00:00
C005582,seo,1-10,FR,2026-03-02 00:00:00
C005583,sea,11-50,BE,2026-07-16 00:00:00
C005584,seo,11-50,CA,2026-02-09 00:00:00
C005585,seo,11-50,FR,2026-01-10 00:00:00
C005586,direct,1-10,FR,2026-03-13 00:00:00
C005587,sea,51-200,FR,2026-05-03 00:00:00
C005588,seo,1-10,FR,2026-04-20 00:00:00
C005589,sea,11-50,CH,2026-03-06 00:00:00
C005590,referral,200+,CA,2026-03-21 00:00:00
C005591,seo,1-10,FR,2026-03-10 00:00:00
C005592,referral,1-10,BE,2026-05-09 00:00:00
C005593,referral,51-200,BE,2026-03-17 00:00:00
C005594,referral,51-200,FR,2026-07-03 00:00:00
C005595,direct,11-50,FR,2026-01-07 00:00:00
C005596,direct,51-200,FR,2026-01-10 00:00:00
C005597,seo,51-200,FR,2026-01-28 00:00:00
C005598,sea,51-200,FR,2026-06-11 00:00:00
C005599,referral,1-10,FR,2026-01-09 00:00:00
C005600,direct,11-50,FR,2026-05-07 00:00:00
C005601,sea,11-50,FR,2026-01-25 00:00:00
C005602,referral,51-200,FR,2026-06-27 00:00:00
C005603,seo,11-50,CH,2026-05-27 00:00:00
C005604,direct,1-10,FR,2026-02-21 00:00:00
C005605,direct,1-10,FR,2026-05-23 00:00:00
C005606,direct,1-10,FR,2026-03-13 00:00:00
C005607,seo,11-50,BE,2026-06-17 00:00:00
C005608,direct,1-10,CH,2026-03-19 00:00:00
C005609,sea,11-50,CA,2026-07-16 00:00:00
C005610,sea,51-200,FR,2026-05-16 00:00:00
C005611,direct,51-200,FR,2026-01-18 00:00:00
C005612,sea,51-200,BE,2026-01-22 00:00:00
C005613,referral,51-200,FR,2026-06-17 00:00:00
C005614,sea,51-200,FR,2026-06-06 00:00:00
C005615,referral,51-200,FR,2026-04-04 00:00:00
C005616,referral,200+,CA,2026-03-16 00:00:00
C005617,referral,1-10,FR,2026-02-27 00:00:00
C005618,sea,1-10,FR,2026-06-08 00:00:00
C005619,direct,1-10,CA,2026-01-17 00:00:00
C005620,seo,51-200,CA,2026-07-18 00:00:00
C005621,direct,51-200,FR,2026-03-20 00:00:00
C005622,sea,1-10,FR,2026-03-11 00:00:00
C005623,direct,11-50,FR,2026-02-19 00:00:00
C005624,seo,11-50,FR,2026-03-15 00:00:00
C005625,direct,1-10,FR,2026-04-04 00:00:00
C005626,direct,1-10,CA,2026-07-12 00:00:00
C005627,direct,11-50,BE,2026-02-27 00:00:00
C005628,seo,200+,CH,2026-03-02 00:00:00
C005629,sea,1-10,BE,2026-03-20 00:00:00
C005630,seo,200+,FR,2026-02-25 00:00:00
C005631,referral,51-200,FR,2026-03-12 00:00:00
C005632,referral,1-10,FR,2026-02-07 00:00:00
C005633,direct,51-200,FR,2026-01-04 00:00:00
C005634,direct,1-10,FR,2026-07-09 00:00:00
C005635,referral,1-10,FR,2026-05-06 00:00:00
C005636,seo,51-200,CA,2026-04-28 00:00:00
C005637,referral,200+,FR,2026-05-12 00:00:00
C005638,referral,11-50,FR,2026-03-17 00:00:00
C005639,sea,1-10,FR,2026-01-01 00:00:00
C005640,referral,11-50,FR,2026-03-29 00:00:00
C005641,direct,51-200,FR,2026-03-23 00:00:00
C005642,sea,11-50,FR,2026-05-22 00:00:00
C005643,sea,200+,CH,2026-05-28 00:00:00
C005644,sea,51-200,FR,2026-03-15 00:00:00
C005645,referral,51-200,BE,2026-04-08 00:00:00
C005646,seo,11-50,CA,2026-06-18 00:00:00
C005647,sea,200+,FR,2026-05-05 00:00:00
C005648,direct,11-50,FR,2026-01-27 00:00:00
C005649,referral,11-50,FR,2026-06-19 00:00:00
C005650,sea,1-10,FR,2026-02-17 00:00:00
C005651,direct,200+,CH,2026-03-26 00:00:00
C005652,direct,51-200,BE,2026-03-24 00:00:00
C005653,direct,11-50,FR,2026-04-27 00:00:00
C005654,sea,11-50,CA,2026-07-17 00:00:00
C005655,direct,200+,FR,2026-01-23 00:00:00
C005656,sea,51-200,FR,2026-03-06 00:00:00
C005657,seo,1-10,CA,2026-06-19 00:00:00
C005658,referral,51-200,FR,2026-04-01 00:00:00
C005659,direct,200+,FR,2026-03-28 00:00:00
C005660,referral,200+,BE,2026-01-19 00:00:00
C005661,referral,11-50,FR,2026-07-10 00:00:00
C005662,sea,200+,CA,2026-01-20 00:00:00
C005663,referral,1-10,FR,2026-06-07 00:00:00
C005664,sea,51-200,FR,2026-03-27 00:00:00
C005665,direct,11-50,CA,2026-04-03 00:00:00
C005666,seo,51-200,FR,2026-01-29 00:00:00
C005667,sea,200+,BE,2026-02-09 00:00:00
C005668,direct,1-10,FR,2026-05-23 00:00:00
C005669,sea,1-10,FR,2026-05-07 00:00:00
C005670,referral,51-200,CA,2026-07-09 00:00:00
C005671,referral,1-10,FR,2026-07-06 00:00:00
C005672,seo,200+,FR,2026-04-25 00:00:00
C005673,referral,200+,FR,2026-01-10 00:00:00
C005674,direct,200+,FR,2026-06-07 00:00:00
C005675,referral,1-10,FR,2026-05-21 00:00:00
C005676,direct,1-10,FR,2026-05-01 00:00:00
C005677,sea,51-200,CA,2026-05-12 00:00:00
C005678,sea,51-200,BE,2026-07-08 00:00:00
C005679,sea,1-10,CA,2026-05-23 00:00:00
C005680,referral,1-10,CH,2026-02-07 00:00:00
C005681,direct,11-50,FR,2026-05-22 00:00:00
C005682,referral,11-50,FR,2026-01-02 00:00:00
C005683,referral,51-200,CH,2026-01-27 00:00:00
C005684,direct,200+,BE,2026-04-03 00:00:00
C005685,referral,11-50,FR,2026-07-15 00:00:00
C005686,direct,200+,BE,2026-05-28 00:00:00
C005687,seo,11-50,BE,2026-04-09 00:00:00
C005688,direct,11-50,FR,2026-01-11 00:00:00
C005689,direct,1-10,FR,2026-04-26 00:00:00
C005690,sea,1-10,FR,2026-04-06 00:00:00
C005691,seo,11-50,FR,2026-05-05 00:00:00
C005692,seo,200+,FR,2026-04-23 00:00:00
C005693,seo,1-10,FR,2026-04-20 00:00:00
C005694,referral,51-200,FR,2026-05-22 00:00:00
C005695,referral,1-10,FR,2026-01-25 00:00:00
C005696,sea,11-50,FR,2026-05-28 00:00:00
C005697,direct,1-10,CH,2026-01-15 00:00:00
C005698,seo,200+,FR,2026-03-21 00:00:00
C005699,direct,1-10,FR,2026-04-14 00:00:00
C005700,seo,200+,CA,2026-04-19 00:00:00
C005701,seo,51-200,FR,2026-03-20 00:00:00
C005702,seo,11-50,FR,2026-03-06 00:00:00
C005703,sea,51-200,CH,2026-06-02 00:00:00
C005704,referral,1-10,FR,2026-05-08 00:00:00
C005705,seo,200+,FR,2026-03-18 00:00:00
C005706,direct,1-10,FR,2026-01-22 00:00:00
C005707,seo,51-200,FR,2026-07-01 00:00:00
C005708,referral,1-10,FR,2026-02-28 00:00:00
C005709,direct,200+,CA,2026-04-03 00:00:00
C005710,direct,51-200,CH,2026-05-08 00:00:00
C005711,referral,51-200,FR,2026-02-16 00:00:00
C005712,seo,1-10,BE,2026-03-08 00:00:00
C005713,referral,200+,FR,2026-03-02 00:00:00
C005714,direct,11-50,FR,2026-07-07 00:00:00
C005715,sea,200+,CA,2026-01-08 00:00:00
C005716,seo,1-10,BE,2026-02-18 00:00:00
C005717,sea,200+,BE,2026-05-26 00:00:00
C005718,sea,51-200,FR,2026-01-14 00:00:00
C005719,seo,11-50,CH,2026-05-18 00:00:00
C005720,referral,11-50,FR,2026-05-02 00:00:00
C005721,seo,11-50,FR,2026-04-19 00:00:00
C005722,sea,51-200,FR,2026-04-20 00:00:00
C005723,seo,11-50,BE,2026-07-04 00:00:00
C005724,seo,1-10,BE,2026-02-05 00:00:00
C005725,sea,11-50,FR,2026-02-14 00:00:00
C005726,direct,1-10,CA,2026-05-09 00:00:00
C005727,seo,1-10,FR,2026-04-04 00:00:00
C005728,seo,1-10,FR,2026-05-08 00:00:00
C005729,sea,200+,FR,2026-02-10 00:00:00
C005730,seo,11-50,CH,2026-02-27 00:00:00
C005731,direct,200+,FR,2026-04-13 00:00:00
C005732,seo,51-200,CA,2026-03-23 00:00:00
C005733,seo,11-50,CH,2026-05-28 00:00:00
C005734,seo,11-50,FR,2026-04-02 00:00:00
C005735,referral,200+,FR,2026-06-01 00:00:00
C005736,seo,200+,FR,2026-02-09 00:00:00
C005737,seo,51-200,FR,2026-06-21 00:00:00
C005738,referral,11-50,CH,2026-05-13 00:00:00
C005739,referral,1-10,FR,2026-05-21 00:00:00
C005740,referral,200+,FR,2026-02-20 00:00:00
C005741,sea,51-200,FR,2026-01-28 00:00:00
C005742,referral,200+,FR,2026-02-09 00:00:00
C005743,sea,200+,FR,2026-02-08 00:00:00
C005744,referral,11-50,FR,2026-01-22 00:00:00
C005745,referral,200+,FR,2026-04-03 00:00:00
C005746,seo,1-10,FR,2026-06-07 00:00:00
C005747,sea,51-200,FR,2026-06-18 00:00:00
C005748,seo,200+,FR,2026-03-21 00:00:00
C005749,sea,200+,CA,2026-05-11 00:00:00
C005750,direct,11-50,FR,2026-06-11 00:00:00
C005751,sea,51-200,FR,2026-06-20 00:00:00
C005752,direct,1-10,CA,2026-03-04 00:00:00
C005753,direct,1-10,FR,2026-07-06 00:00:00
C005754,direct,11-50,BE,2026-07-10 00:00:00
C005755,sea,1-10,FR,2026-03-10 00:00:00
C005756,referral,51-200,FR,2026-01-25 00:00:00
C005757,referral,1-10,FR,2026-03-27 00:00:00
C005758,direct,11-50,FR,2026-07-19 00:00:00
C005759,direct,11-50,FR,2026-02-09 00:00:00
C005760,sea,11-50,FR,2026-06-13 00:00:00
C005761,seo,1-10,CH,2026-05-22 00:00:00
C005762,seo,200+,FR,2026-07-07 00:00:00
C005763,direct,200+,BE,2026-03-16 00:00:00
C005764,seo,51-200,FR,2026-01-03 00:00:00
C005765,referral,1-10,FR,2026-06-12 00:00:00
C005766,seo,1-10,FR,2026-03-19 00:00:00
C005767,sea,1-10,BE,2026-05-16 00:00:00
C005768,direct,51-200,BE,2026-01-02 00:00:00
C005769,sea,200+,FR,2026-06-20 00:00:00
C005770,direct,51-200,CH,2026-05-25 00:00:00
C005771,sea,51-200,FR,2026-07-17 00:00:00
C005772,direct,200+,FR,2026-05-25 00:00:00
C005773,referral,51-200,FR,2026-07-08 00:00:00
C005774,referral,1-10,FR,2026-07-09 00:00:00
C005775,seo,11-50,FR,2026-05-07 00:00:00
C005776,referral,200+,FR,2026-01-17 00:00:00
C005777,seo,11-50,CH,2026-07-15 00:00:00
C005778,direct,1-10,FR,2026-02-08 00:00:00
C005779,referral,11-50,FR,2026-07-03 00:00:00
C005780,sea,200+,CH,2026-01-16 00:00:00
C005781,seo,51-200,FR,2026-06-16 00:00:00
C005782,direct,200+,BE,2026-03-30 00:00:00
C005783,seo,11-50,CH,2026-06-01 00:00:00
C005784,seo,1-10,BE,2026-05-05 00:00:00
C005785,referral,200+,FR,2026-07-09 00:00:00
C005786,direct,11-50,CH,2026-04-24 00:00:00
C005787,sea,200+,BE,2026-05-19 00:00:00
C005788,direct,200+,FR,2026-06-15 00:00:00
C005789,seo,200+,CA,2026-03-05 00:00:00
C005790,referral,1-10,FR,2026-02-20 00:00:00
C005791,seo,11-50,FR,2026-03-05 00:00:00
C005792,referral,200+,CA,2026-05-30 00:00:00
C005793,sea,200+,FR,2026-05-18 00:00:00
C005794,direct,1-10,CH,2026-04-13 00:00:00
C005795,referral,11-50,FR,2026-01-18 00:00:00
C005796,sea,1-10,FR,2026-04-21 00:00:00
C005797,sea,11-50,FR,2026-04-12 00:00:00
C005798,sea,11-50,FR,2026-05-16 00:00:00
C005799,referral,1-10,BE,2026-02-24 00:00:00
C005800,sea,11-50,FR,2026-05-24 00:00:00
C005801,referral,11-50,FR,2026-01-08 00:00:00
C005802,referral,200+,FR,2026-02-13 00:00:00
C005803,direct,1-10,FR,2026-02-01 00:00:00
C005804,direct,11-50,FR,2026-02-18 00:00:00
C005805,sea,200+,FR,2026-03-04 00:00:00
C005806,sea,11-50,FR,2026-05-18 00:00:00
C005807,direct,11-50,CA,2026-03-04 00:00:00
C005808,sea,11-50,FR,2026-04-29 00:00:00
C005809,sea,1-10,CA,2026-02-02 00:00:00
C005810,seo,200+,BE,2026-05-27 00:00:00
C005811,seo,200+,CA,2026-07-13 00:00:00
C005812,direct,51-200,FR,2026-06-10 00:00:00
C005813,referral,1-10,FR,2026-01-14 00:00:00
C005814,direct,1-10,FR,2026-02-24 00:00:00
C005815,direct,1-10,FR,2026-02-09 00:00:00
C005816,direct,1-10,BE,2026-03-22 00:00:00
C005817,sea,1-10,FR,2026-04-25 00:00:00
C005818,direct,200+,FR,2026-02-22 00:00:00
C005819,seo,51-200,BE,2026-03-06 00:00:00
C005820,referral,11-50,FR,2026-02-13 00:00:00
C005821,seo,1-10,CA,2026-02-23 00:00:00
C005822,referral,11-50,FR,2026-01-23 00:00:00
C005823,direct,11-50,FR,2026-06-07 00:00:00
C005824,sea,200+,FR,2026-07-04 00:00:00
C005825,sea,200+,BE,2026-06-22 00:00:00
C005826,sea,51-200,FR,2026-04-01 00:00:00
C005827,sea,1-10,CH,2026-04-29 00:00:00
C005828,seo,11-50,FR,2026-06-11 00:00:00
C005829,sea,51-200,CH,2026-07-07 00:00:00
C005830,seo,11-50,FR,2026-05-31 00:00:00
C005831,sea,51-200,FR,2026-03-28 00:00:00
C005832,referral,11-50,BE,2026-02-08 00:00:00
C005833,seo,1-10,FR,2026-03-21 00:00:00
C005834,direct,11-50,FR,2026-07-19 00:00:00
C005835,seo,11-50,FR,2026-03-04 00:00:00
C005836,sea,1-10,BE,2026-06-28 00:00:00
C005837,seo,51-200,FR,2026-03-27 00:00:00
C005838,referral,11-50,BE,2026-04-07 00:00:00
C005839,seo,51-200,FR,2026-05-12 00:00:00
C005840,referral,51-200,FR,2026-06-03 00:00:00
C005841,seo,1-10,CA,2026-05-03 00:00:00
C005842,seo,200+,FR,2026-04-13 00:00:00
C005843,referral,51-200,BE,2026-04-23 00:00:00
C005844,seo,1-10,FR,2026-06-28 00:00:00
C005845,referral,1-10,BE,2026-02-17 00:00:00
C005846,referral,200+,FR,2026-04-03 00:00:00
C005847,direct,200+,CA,2026-05-18 00:00:00
C005848,direct,51-200,FR,2026-06-08 00:00:00
C005849,sea,51-200,FR,2026-04-15 00:00:00
C005850,sea,51-200,FR,2026-06-04 00:00:00
C005851,seo,51-200,FR,2026-02-19 00:00:00
C005852,seo,200+,FR,2026-01-10 00:00:00
C005853,direct,200+,CA,2026-01-24 00:00:00
C005854,referral,51-200,FR,2026-02-27 00:00:00
C005855,sea,51-200,FR,2026-04-26 00:00:00
C005856,seo,200+,FR,2026-02-15 00:00:00
C005857,referral,51-200,FR,2026-05-29 00:00:00
C005858,sea,11-50,CH,2026-04-25 00:00:00
C005859,sea,200+,FR,2026-04-06 00:00:00
C005860,seo,1-10,CA,2026-06-27 00:00:00
C005861,referral,51-200,FR,2026-01-19 00:00:00
C005862,seo,11-50,BE,2026-07-07 00:00:00
C005863,sea,11-50,CH,2026-01-05 00:00:00
C005864,referral,1-10,CA,2026-04-29 00:00:00
C005865,direct,1-10,CH,2026-02-16 00:00:00
C005866,seo,200+,CA,2026-02-15 00:00:00
C005867,referral,11-50,FR,2026-01-09 00:00:00
C005868,sea,51-200,CA,2026-03-06 00:00:00
C005869,referral,11-50,FR,2026-04-04 00:00:00
C005870,sea,11-50,BE,2026-03-11 00:00:00
C005871,referral,11-50,FR,2026-05-22 00:00:00
C005872,sea,1-10,FR,2026-04-28 00:00:00
C005873,direct,200+,CA,2026-07-04 00:00:00
C005874,sea,200+,FR,2026-07-02 00:00:00
C005875,referral,11-50,BE,2026-05-18 00:00:00
C005876,direct,1-10,FR,2026-03-14 00:00:00
C005877,referral,51-200,FR,2026-04-27 00:00:00
C005878,referral,1-10,BE,2026-03-25 00:00:00
C005879,direct,51-200,FR,2026-03-07 00:00:00
C005880,referral,1-10,FR,2026-05-12 00:00:00
C005881,direct,51-200,FR,2026-07-08 00:00:00
C005882,direct,200+,FR,2026-05-04 00:00:00
C005883,sea,51-200,FR,2026-05-30 00:00:00
C005884,direct,1-10,FR,2026-04-29 00:00:00
C005885,seo,1-10,FR,2026-06-02 00:00:00
C005886,referral,200+,FR,2026-07-12 00:00:00
C005887,seo,200+,CH,2026-01-14 00:00:00
C005888,sea,11-50,FR,2026-04-12 00:00:00
C005889,seo,1-10,CH,2026-01-31 00:00:00
C005890,direct,11-50,FR,2026-03-05 00:00:00
C005891,seo,51-200,FR,2026-05-23 00:00:00
C005892,direct,1-10,FR,2026-01-28 00:00:00
C005893,referral,51-200,FR,2026-06-27 00:00:00
C005894,referral,51-200,BE,2026-05-11 00:00:00
C005895,seo,11-50,BE,2026-02-26 00:00:00
C005896,direct,11-50,FR,2026-02-28 00:00:00
C005897,sea,51-200,FR,2026-06-12 00:00:00
C005898,seo,200+,CA,2026-01-05 00:00:00
C005899,seo,51-200,FR,2026-02-05 00:00:00
C005900,referral,1-10,FR,2026-01-13 00:00:00
C005901,seo,1-10,CH,2026-01-09 00:00:00
C005902,direct,51-200,FR,2026-05-19 00:00:00
C005903,sea,51-200,CH,2026-04-07 00:00:00
C005904,seo,11-50,CA,2026-05-30 00:00:00
C005905,direct,1-10,CA,2026-03-27 00:00:00
C005906,referral,1-10,FR,2026-03-11 00:00:00
C005907,direct,51-200,FR,2026-06-16 00:00:00
C005908,seo,1-10,CH,2026-01-20 00:00:00
C005909,referral,51-200,FR,2026-05-29 00:00:00
C005910,referral,51-200,FR,2026-06-07 00:00:00
C005911,direct,51-200,CH,2026-02-22 00:00:00
C005912,referral,51-200,CH,2026-06-25 00:00:00
C005913,direct,51-200,FR,2026-07-11 00:00:00
C005914,seo,51-200,CH,2026-04-17 00:00:00
C005915,seo,200+,FR,2026-03-25 00:00:00
C005916,seo,11-50,FR,2026-07-08 00:00:00
C005917,referral,1-10,FR,2026-06-11 00:00:00
C005918,referral,1-10,FR,2026-01-12 00:00:00
C005919,referral,11-50,FR,2026-02-13 00:00:00
C005920,referral,200+,FR,2026-01-23 00:00:00
C005921,direct,51-200,FR,2026-03-30 00:00:00
C005922,sea,11-50,FR,2026-04-04 00:00:00
C005923,seo,11-50,CH,2026-02-23 00:00:00
C005924,sea,51-200,FR,2026-03-06 00:00:00
C005925,seo,1-10,FR,2026-06-28 00:00:00
C005926,sea,1-10,FR,2026-06-28 00:00:00
C005927,sea,51-200,FR,2026-02-19 00:00:00
C005928,seo,11-50,FR,2026-03-24 00:00:00
C005929,direct,1-10,CH,2026-03-30 00:00:00
C005930,referral,1-10,FR,2026-06-03 00:00:00
C005931,seo,200+,FR,2026-02-19 00:00:00
C005932,referral,51-200,FR,2026-03-09 00:00:00
C005933,direct,51-200,FR,2026-01-01 00:00:00
C005934,direct,51-200,FR,2026-04-28 00:00:00
C005935,seo,51-200,BE,2026-04-14 00:00:00
C005936,direct,200+,BE,2026-01-10 00:00:00
C005937,referral,200+,FR,2026-02-09 00:00:00
C005938,direct,200+,FR,2026-01-02 00:00:00
C005939,direct,1-10,CA,2026-04-21 00:00:00
C005940,referral,11-50,CH,2026-04-25 00:00:00
C005941,referral,11-50,CA,2026-06-21 00:00:00
C005942,direct,51-200,FR,2026-04-07 00:00:00
C005943,sea,1-10,FR,2026-06-30 00:00:00
C005944,sea,11-50,FR,2026-03-03 00:00:00
C005945,sea,11-50,FR,2026-05-12 00:00:00
C005946,direct,11-50,FR,2026-02-26 00:00:00
C005947,referral,51-200,FR,2026-07-18 00:00:00
C005948,direct,11-50,FR,2026-05-14 00:00:00
C005949,sea,11-50,FR,2026-06-08 00:00:00
C005950,referral,51-200,CH,2026-05-22 00:00:00
C005951,direct,11-50,FR,2026-03-10 00:00:00
C005952,seo,51-200,FR,2026-03-25 00:00:00
C005953,sea,200+,CH,2026-07-04 00:00:00
C005954,direct,51-200,FR,2026-02-09 00:00:00
C005955,direct,200+,CA,2026-04-28 00:00:00
C005956,seo,200+,BE,2026-07-01 00:00:00
C005957,referral,51-200,FR,2026-02-13 00:00:00
C005958,referral,1-10,FR,2026-02-19 00:00:00
C005959,direct,11-50,FR,2026-05-30 00:00:00
C005960,sea,11-50,FR,2026-01-14 00:00:00
C005961,seo,200+,CA,2026-07-05 00:00:00
C005962,sea,200+,FR,2026-02-14 00:00:00
C005963,seo,1-10,FR,2026-03-03 00:00:00
C005964,seo,11-50,FR,2026-05-28 00:00:00
C005965,seo,11-50,FR,2026-03-13 00:00:00
C005966,direct,200+,FR,2026-05-07 00:00:00
C005967,referral,51-200,CA,2026-03-16 00:00:00
C005968,sea,11-50,FR,2026-06-08 00:00:00
C005969,direct,200+,CA,2026-07-03 00:00:00
C005970,seo,1-10,FR,2026-06-14 00:00:00
C005971,referral,11-50,FR,2026-05-25 00:00:00
C005972,sea,51-200,FR,2026-07-10 00:00:00
C005973,referral,1-10,FR,2026-02-07 00:00:00
C005974,referral,1-10,FR,2026-07-01 00:00:00
C005975,sea,200+,CH,2026-01-20 00:00:00
C005976,sea,11-50,FR,2026-01-13 00:00:00
C005977,direct,1-10,FR,2026-01-23 00:00:00
C005978,direct,51-200,FR,2026-02-01 00:00:00
C005979,referral,51-200,FR,2026-01-12 00:00:00
C005980,seo,1-10,FR,2026-04-09 00:00:00
C005981,seo,200+,FR,2026-06-04 00:00:00
C005982,sea,1-10,FR,2026-06-03 00:00:00
C005983,referral,1-10,FR,2026-03-24 00:00:00
C005984,sea,51-200,FR,2026-02-06 00:00:00
C005985,referral,51-200,FR,2026-07-14 00:00:00
C005986,direct,1-10,FR,2026-04-24 00:00:00
C005987,direct,1-10,BE,2026-04-28 00:00:00
C005988,sea,1-10,FR,2026-04-02 00:00:00
C005989,referral,200+,CH,2026-06-08 00:00:00
C005990,referral,200+,FR,2026-05-23 00:00:00
C005991,direct,51-200,CH,2026-06-08 00:00:00
C005992,direct,200+,CH,2026-04-01 00:00:00
C005993,sea,51-200,FR,2026-04-06 00:00:00
C005994,sea,51-200,CH,2026-02-26 00:00:00
C005995,referral,1-10,CH,2026-06-29 00:00:00
C005996,sea,11-50,BE,2026-05-14 00:00:00
C005997,seo,51-200,FR,2026-03-03 00:00:00
C005998,sea,200+,FR,2026-01-07 00:00:00
C005999,direct,200+,FR,2026-04-30 00:00:00
C006000,referral,1-10,CA,2026-04-09 00:00:00
C006001,sea,11-50,BE,2026-02-03 00:00:00
C006002,referral,51-200,FR,2026-03-28 00:00:00
C006003,seo,51-200,BE,2026-03-01 00:00:00
C006004,direct,11-50,FR,2026-01-08 00:00:00
C006005,direct,11-50,FR,2026-06-28 00:00:00
C006006,referral,200+,FR,2026-05-04 00:00:00
C006007,direct,51-200,CH,2026-04-28 00:00:00
C006008,direct,11-50,FR,2026-06-04 00:00:00
C006009,direct,51-200,FR,2026-04-18 00:00:00
C006010,seo,51-200,FR,2026-07-06 00:00:00
C006011,sea,1-10,FR,2026-03-05 00:00:00
C006012,direct,11-50,FR,2026-01-06 00:00:00
C006013,sea,200+,FR,2026-06-29 00:00:00
C006014,direct,200+,FR,2026-06-05 00:00:00
C006015,sea,11-50,FR,2026-01-31 00:00:00
C006016,direct,51-200,CA,2026-05-17 00:00:00
C006017,seo,51-200,FR,2026-03-16 00:00:00
C006018,seo,1-10,FR,2026-06-21 00:00:00
C006019,sea,11-50,FR,2026-01-16 00:00:00
C006020,seo,51-200,BE,2026-04-25 00:00:00
C006021,seo,11-50,FR,2026-02-25 00:00:00
C006022,seo,1-10,BE,2026-02-05 00:00:00
C006023,sea,51-200,FR,2026-06-03 00:00:00
C006024,sea,51-200,FR,2026-02-08 00:00:00
C006025,referral,11-50,FR,2026-05-21 00:00:00
C006026,seo,11-50,FR,2026-02-19 00:00:00
C006027,sea,200+,FR,2026-02-19 00:00:00
C006028,direct,1-10,BE,2026-03-04 00:00:00
C006029,seo,11-50,FR,2026-06-03 00:00:00
C006030,sea,51-200,CA,2026-01-14 00:00:00
C006031,seo,200+,FR,2026-02-20 00:00:00
C006032,seo,51-200,FR,2026-03-03 00:00:00
C006033,direct,51-200,FR,2026-01-10 00:00:00
C006034,sea,1-10,FR,2026-03-25 00:00:00
C006035,direct,51-200,FR,2026-04-15 00:00:00
C006036,seo,11-50,CA,2026-02-18 00:00:00
C006037,sea,11-50,FR,2026-05-25 00:00:00
C006038,direct,1-10,BE,2026-02-24 00:00:00
C006039,seo,51-200,FR,2026-03-06 00:00:00
C006040,referral,51-200,FR,2026-02-01 00:00:00
C006041,referral,51-200,FR,2026-02-09 00:00:00
C006042,seo,200+,BE,2026-04-21 00:00:00
C006043,referral,200+,BE,2026-04-06 00:00:00
C006044,referral,200+,BE,2026-04-19 00:00:00
C006045,referral,200+,FR,2026-02-24 00:00:00
C006046,sea,1-10,FR,2026-06-22 00:00:00
C006047,sea,51-200,FR,2026-04-06 00:00:00
C006048,sea,1-10,BE,2026-04-24 00:00:00
C006049,seo,1-10,FR,2026-06-16 00:00:00
C006050,referral,51-200,FR,2026-01-21 00:00:00
C006051,direct,11-50,FR,2026-05-31 00:00:00
C006052,seo,11-50,CA,2026-05-02 00:00:00
C006053,seo,1-10,FR,2026-07-17 00:00:00
C006054,referral,11-50,BE,2026-06-20 00:00:00
C006055,referral,200+,FR,2026-03-24 00:00:00
C006056,seo,200+,BE,2026-07-03 00:00:00
C006057,direct,200+,FR,2026-04-25 00:00:00
C006058,referral,1-10,CA,2026-04-15 00:00:00
C006059,referral,11-50,FR,2026-03-06 00:00:00
C006060,referral,11-50,FR,2026-06-17 00:00:00
C006061,seo,200+,FR,2026-04-29 00:00:00
C006062,direct,200+,FR,2026-02-07 00:00:00
C006063,referral,51-200,FR,2026-01-21 00:00:00
C006064,sea,11-50,FR,2026-07-17 00:00:00
C006065,sea,200+,FR,2026-06-29 00:00:00
C006066,referral,1-10,CH,2026-05-12 00:00:00
C006067,direct,200+,FR,2026-05-12 00:00:00
C006068,seo,11-50,BE,2026-04-15 00:00:00
C006069,seo,51-200,BE,2026-07-04 00:00:00
C006070,seo,1-10,FR,2026-01-26 00:00:00
C006071,seo,1-10,CH,2026-01-05 00:00:00
C006072,sea,1-10,FR,2026-06-07 00:00:00
C006073,seo,11-50,FR,2026-06-17 00:00:00
C006074,sea,51-200,FR,2026-03-16 00:00:00
C006075,direct,1-10,FR,2026-04-04 00:00:00
C006076,sea,200+,FR,2026-01-20 00:00:00
C006077,seo,51-200,FR,2026-02-17 00:00:00
C006078,seo,1-10,FR,2026-04-22 00:00:00
C006079,sea,200+,FR,2026-06-19 00:00:00
C006080,referral,11-50,FR,2026-06-21 00:00:00
C006081,direct,51-200,FR,2026-04-21 00:00:00
C006082,referral,200+,FR,2026-04-01 00:00:00
C006083,sea,1-10,FR,2026-06-02 00:00:00
C006084,sea,51-200,FR,2026-03-26 00:00:00
C006085,direct,51-200,FR,2026-03-25 00:00:00
C006086,direct,51-200,FR,2026-05-19 00:00:00
C006087,sea,11-50,FR,2026-01-24 00:00:00
C006088,direct,11-50,FR,2026-05-21 00:00:00
C006089,direct,11-50,CH,2026-04-07 00:00:00
C006090,direct,200+,FR,2026-07-06 00:00:00
C006091,sea,200+,FR,2026-03-09 00:00:00
C006092,referral,200+,FR,2026-03-03 00:00:00
C006093,sea,51-200,FR,2026-01-31 00:00:00
C006094,sea,200+,FR,2026-06-14 00:00:00
C006095,referral,11-50,FR,2026-02-19 00:00:00
C006096,seo,51-200,FR,2026-04-30 00:00:00
C006097,sea,1-10,CA,2026-03-13 00:00:00
C006098,referral,51-200,CH,2026-06-12 00:00:00
C006099,referral,1-10,FR,2026-02-08 00:00:00
C006100,sea,200+,CH,2026-02-15 00:00:00
C006101,seo,51-200,FR,2026-04-14 00:00:00
C006102,seo,51-200,FR,2026-05-01 00:00:00
C006103,seo,1-10,FR,2026-01-15 00:00:00
C006104,direct,51-200,FR,2026-07-06 00:00:00
C006105,seo,11-50,BE,2026-03-24 00:00:00
C006106,sea,11-50,FR,2026-04-27 00:00:00
C006107,seo,200+,FR,2026-05-16 00:00:00
C006108,referral,1-10,FR,2026-02-26 00:00:00
C006109,direct,51-200,FR,2026-02-20 00:00:00
C006110,direct,200+,FR,2026-05-01 00:00:00
C006111,seo,1-10,FR,2026-03-21 00:00:00
C006112,referral,1-10,FR,2026-02-24 00:00:00
C006113,sea,51-200,BE,2026-05-13 00:00:00
C006114,referral,1-10,CA,2026-02-14 00:00:00
C006115,direct,200+,FR,2026-02-24 00:00:00
C006116,direct,200+,CH,2026-04-24 00:00:00
C006117,direct,200+,FR,2026-02-18 00:00:00
C006118,direct,1-10,FR,2026-04-02 00:00:00
C006119,sea,200+,FR,2026-06-17 00:00:00
C006120,seo,1-10,FR,2026-06-17 00:00:00
C006121,referral,51-200,FR,2026-06-19 00:00:00
C006122,seo,200+,FR,2026-03-17 00:00:00
C006123,referral,200+,FR,2026-01-20 00:00:00
C006124,direct,51-200,FR,2026-01-28 00:00:00
C006125,referral,51-200,FR,2026-01-30 00:00:00
C006126,seo,11-50,BE,2026-06-05 00:00:00
C006127,seo,1-10,FR,2026-06-07 00:00:00
C006128,seo,200+,CA,2026-04-15 00:00:00
C006129,sea,11-50,FR,2026-05-08 00:00:00
C006130,sea,51-200,FR,2026-03-11 00:00:00
C006131,seo,1-10,CH,2026-04-30 00:00:00
C006132,direct,1-10,CA,2026-04-07 00:00:00
C006133,referral,200+,BE,2026-03-01 00:00:00
C006134,referral,11-50,FR,2026-04-24 00:00:00
C006135,direct,200+,FR,2026-04-21 00:00:00
C006136,sea,11-50,FR,2026-07-15 00:00:00
C006137,sea,200+,FR,2026-06-23 00:00:00
C006138,seo,51-200,FR,2026-04-04 00:00:00
C006139,direct,200+,FR,2026-02-18 00:00:00
C006140,seo,1-10,FR,2026-02-05 00:00:00
C006141,referral,11-50,FR,2026-03-01 00:00:00
C006142,referral,1-10,FR,2026-02-01 00:00:00
C006143,direct,11-50,FR,2026-04-04 00:00:00
C006144,seo,1-10,FR,2026-06-08 00:00:00
C006145,sea,51-200,BE,2026-05-26 00:00:00
C006146,referral,51-200,FR,2026-04-03 00:00:00
C006147,sea,200+,FR,2026-04-02 00:00:00
C006148,seo,11-50,FR,2026-03-06 00:00:00
C006149,referral,11-50,FR,2026-04-13 00:00:00
C006150,direct,11-50,BE,2026-03-08 00:00:00
C006151,seo,200+,FR,2026-02-18 00:00:00
C006152,seo,51-200,CH,2026-06-10 00:00:00
C006153,sea,51-200,FR,2026-02-08 00:00:00
C006154,referral,200+,FR,2026-04-02 00:00:00
C006155,seo,200+,BE,2026-05-06 00:00:00
C006156,sea,51-200,FR,2026-06-29 00:00:00
C006157,referral,11-50,FR,2026-01-05 00:00:00
C006158,seo,1-10,FR,2026-02-25 00:00:00
C006159,seo,51-200,FR,2026-01-20 00:00:00
C006160,referral,11-50,FR,2026-05-07 00:00:00
C006161,direct,51-200,FR,2026-01-21 00:00:00
C006162,sea,51-200,CH,2026-06-26 00:00:00
C006163,seo,1-10,CH,2026-01-07 00:00:00
C006164,direct,200+,FR,2026-03-08 00:00:00
C006165,seo,200+,FR,2026-04-03 00:00:00
C006166,direct,51-200,CA,2026-01-11 00:00:00
C006167,referral,200+,FR,2026-06-19 00:00:00
C006168,direct,51-200,FR,2026-05-31 00:00:00
C006169,direct,51-200,FR,2026-02-16 00:00:00
C006170,referral,51-200,FR,2026-07-15 00:00:00
C006171,referral,11-50,FR,2026-02-15 00:00:00
C006172,direct,1-10,FR,2026-01-19 00:00:00
C006173,referral,11-50,CA,2026-05-02 00:00:00
C006174,referral,51-200,FR,2026-03-07 00:00:00
C006175,direct,51-200,FR,2026-07-13 00:00:00
C006176,seo,11-50,FR,2026-04-07 00:00:00
C006177,referral,200+,FR,2026-04-23 00:00:00
C006178,seo,200+,CA,2026-07-04 00:00:00
C006179,direct,1-10,BE,2026-05-09 00:00:00
C006180,seo,11-50,FR,2026-05-03 00:00:00
C006181,sea,1-10,FR,2026-06-02 00:00:00
C006182,seo,1-10,FR,2026-03-02 00:00:00
C006183,direct,11-50,FR,2026-02-11 00:00:00
C006184,sea,1-10,FR,2026-03-09 00:00:00
C006185,referral,51-200,FR,2026-03-18 00:00:00
C006186,referral,1-10,FR,2026-02-16 00:00:00
C006187,referral,51-200,FR,2026-03-22 00:00:00
C006188,sea,51-200,FR,2026-07-10 00:00:00
C006189,sea,200+,FR,2026-01-18 00:00:00
C006190,seo,51-200,CH,2026-02-15 00:00:00
C006191,referral,51-200,FR,2026-05-22 00:00:00
C006192,direct,11-50,CA,2026-06-23 00:00:00
C006193,referral,200+,FR,2026-07-15 00:00:00
C006194,direct,200+,FR,2026-03-05 00:00:00
C006195,referral,51-200,FR,2026-04-28 00:00:00
C006196,referral,200+,FR,2026-01-27 00:00:00
C006197,direct,200+,FR,2026-06-29 00:00:00
C006198,seo,200+,BE,2026-04-20 00:00:00
C006199,seo,200+,FR,2026-03-08 00:00:00
C006200,sea,1-10,FR,2026-02-14 00:00:00
C006201,seo,1-10,FR,2026-04-29 00:00:00
C006202,referral,1-10,FR,2026-01-28 00:00:00
C006203,sea,11-50,FR,2026-05-25 00:00:00
C006204,seo,1-10,FR,2026-03-12 00:00:00
C006205,direct,200+,FR,2026-01-30 00:00:00
C006206,direct,1-10,FR,2026-01-08 00:00:00
C006207,direct,1-10,FR,2026-06-17 00:00:00
C006208,sea,1-10,FR,2026-03-19 00:00:00
C006209,sea,11-50,CH,2026-04-30 00:00:00
C006210,sea,200+,FR,2026-02-24 00:00:00
C006211,sea,200+,FR,2026-05-20 00:00:00
C006212,seo,11-50,FR,2026-03-19 00:00:00
C006213,direct,200+,FR,2026-01-12 00:00:00
C006214,sea,1-10,FR,2026-02-06 00:00:00
C006215,direct,51-200,CA,2026-03-23 00:00:00
C006216,seo,11-50,CA,2026-04-19 00:00:00
C006217,sea,200+,FR,2026-01-04 00:00:00
C006218,referral,200+,FR,2026-07-15 00:00:00
C006219,direct,1-10,FR,2026-03-16 00:00:00
C006220,sea,1-10,CH,2026-02-25 00:00:00
C006221,sea,51-200,FR,2026-01-29 00:00:00
C006222,direct,1-10,FR,2026-02-13 00:00:00
C006223,referral,51-200,FR,2026-03-01 00:00:00
C006224,seo,1-10,FR,2026-07-14 00:00:00
C006225,referral,1-10,FR,2026-05-13 00:00:00
C006226,referral,200+,CH,2026-02-10 00:00:00
C006227,referral,200+,FR,2026-06-12 00:00:00
C006228,seo,51-200,FR,2026-07-03 00:00:00
C006229,referral,11-50,CA,2026-02-16 00:00:00
C006230,seo,11-50,FR,2026-01-09 00:00:00
C006231,seo,1-10,FR,2026-04-30 00:00:00
C006232,seo,1-10,CA,2026-01-22 00:00:00
C006233,seo,200+,FR,2026-02-10 00:00:00
C006234,seo,11-50,FR,2026-03-09 00:00:00
C006235,direct,1-10,FR,2026-03-28 00:00:00
C006236,referral,11-50,FR,2026-06-25 00:00:00
C006237,seo,200+,BE,2026-07-18 00:00:00
C006238,seo,51-200,FR,2026-02-07 00:00:00
C006239,direct,1-10,CA,2026-05-05 00:00:00
C006240,seo,11-50,FR,2026-06-04 00:00:00
C006241,direct,11-50,FR,2026-03-21 00:00:00
C006242,referral,11-50,FR,2026-07-07 00:00:00
C006243,sea,200+,FR,2026-02-16 00:00:00
C006244,sea,51-200,CA,2026-06-26 00:00:00
C006245,seo,51-200,CA,2026-01-09 00:00:00
C006246,seo,51-200,FR,2026-03-15 00:00:00
C006247,seo,1-10,FR,2026-04-05 00:00:00
C006248,referral,51-200,FR,2026-04-23 00:00:00
C006249,sea,11-50,FR,2026-05-09 00:00:00
C006250,referral,1-10,BE,2026-01-19 00:00:00
C006251,referral,200+,FR,2026-05-08 00:00:00
C006252,sea,51-200,FR,2026-03-17 00:00:00
C006253,direct,200+,FR,2026-03-03 00:00:00
C006254,seo,1-10,FR,2026-03-04 00:00:00
C006255,seo,200+,CA,2026-05-05 00:00:00
C006256,referral,200+,FR,2026-01-10 00:00:00
C006257,referral,200+,FR,2026-03-14 00:00:00
C006258,seo,200+,FR,2026-02-09 00:00:00
C006259,direct,1-10,FR,2026-06-09 00:00:00
C006260,sea,200+,FR,2026-02-15 00:00:00
C006261,referral,200+,FR,2026-06-24 00:00:00
C006262,sea,11-50,FR,2026-02-13 00:00:00
C006263,referral,51-200,FR,2026-01-11 00:00:00
C006264,seo,11-50,CH,2026-04-02 00:00:00
C006265,seo,11-50,FR,2026-02-20 00:00:00
C006266,sea,51-200,CH,2026-02-01 00:00:00
C006267,direct,1-10,FR,2026-01-31 00:00:00
C006268,sea,200+,FR,2026-03-25 00:00:00
C006269,referral,200+,CA,2026-05-22 00:00:00
C006270,seo,11-50,CH,2026-02-08 00:00:00
C006271,seo,1-10,FR,2026-02-24 00:00:00
C006272,seo,11-50,FR,2026-03-14 00:00:00
C006273,sea,1-10,CA,2026-01-16 00:00:00
C006274,direct,51-200,FR,2026-07-05 00:00:00
C006275,direct,51-200,FR,2026-05-14 00:00:00
C006276,sea,200+,BE,2026-04-17 00:00:00
C006277,seo,51-200,FR,2026-01-04 00:00:00
C006278,seo,1-10,BE,2026-03-28 00:00:00
C006279,seo,51-200,FR,2026-06-17 00:00:00
C006280,referral,1-10,FR,2026-01-21 00:00:00
C006281,direct,200+,FR,2026-02-26 00:00:00
C006282,referral,51-200,CH,2026-05-06 00:00:00
C006283,seo,200+,FR,2026-07-19 00:00:00
C006284,sea,1-10,FR,2026-02-05 00:00:00
C006285,referral,51-200,FR,2026-04-05 00:00:00
C006286,referral,51-200,FR,2026-05-07 00:00:00
C006287,sea,11-50,FR,2026-05-16 00:00:00
C006288,referral,1-10,FR,2026-06-16 00:00:00
C006289,direct,11-50,FR,2026-04-27 00:00:00
C006290,seo,200+,FR,2026-01-30 00:00:00
C006291,seo,1-10,FR,2026-02-05 00:00:00
C006292,direct,51-200,BE,2026-02-19 00:00:00
C006293,referral,1-10,FR,2026-02-06 00:00:00
C006294,direct,11-50,FR,2026-05-08 00:00:00
C006295,direct,11-50,FR,2026-01-26 00:00:00
C006296,sea,200+,CH,2026-04-03 00:00:00
C006297,sea,51-200,CA,2026-02-02 00:00:00
C006298,direct,1-10,CA,2026-01-18 00:00:00
C006299,direct,200+,FR,2026-03-07 00:00:00
C006300,sea,1-10,CH,2026-04-06 00:00:00
C006301,direct,200+,FR,2026-03-16 00:00:00
C006302,referral,51-200,FR,2026-04-24 00:00:00
C006303,direct,1-10,FR,2026-05-18 00:00:00
C006304,referral,1-10,FR,2026-01-12 00:00:00
C006305,direct,11-50,FR,2026-06-28 00:00:00
C006306,seo,200+,CH,2026-04-07 00:00:00
C006307,referral,11-50,FR,2026-02-14 00:00:00
C006308,seo,51-200,FR,2026-02-01 00:00:00
C006309,seo,11-50,FR,2026-05-04 00:00:00
C006310,direct,51-200,FR,2026-03-06 00:00:00
C006311,referral,200+,FR,2026-04-26 00:00:00
C006312,direct,200+,FR,2026-01-25 00:00:00
C006313,seo,11-50,FR,2026-01-31 00:00:00
C006314,seo,11-50,FR,2026-03-20 00:00:00
C006315,sea,1-10,FR,2026-07-07 00:00:00
C006316,referral,51-200,FR,2026-05-04 00:00:00
C006317,sea,51-200,FR,2026-04-09 00:00:00
C006318,sea,11-50,FR,2026-01-27 00:00:00
C006319,seo,200+,FR,2026-01-09 00:00:00
C006320,seo,51-200,BE,2026-01-01 00:00:00
C006321,direct,200+,BE,2026-04-04 00:00:00
C006322,direct,51-200,FR,2026-02-20 00:00:00
C006323,direct,200+,FR,2026-02-06 00:00:00
C006324,sea,1-10,FR,2026-06-04 00:00:00
C006325,referral,51-200,CH,2026-03-06 00:00:00
C006326,seo,51-200,FR,2026-05-30 00:00:00
C006327,direct,200+,BE,2026-03-13 00:00:00
C006328,direct,200+,FR,2026-02-10 00:00:00
C006329,sea,11-50,FR,2026-07-10 00:00:00
C006330,seo,1-10,FR,2026-01-07 00:00:00
C006331,sea,11-50,FR,2026-05-08 00:00:00
C006332,seo,11-50,BE,2026-03-03 00:00:00
C006333,seo,11-50,BE,2026-04-29 00:00:00
C006334,sea,51-200,BE,2026-05-10 00:00:00
C006335,direct,11-50,FR,2026-06-12 00:00:00
C006336,referral,51-200,FR,2026-07-18 00:00:00
C006337,direct,51-200,FR,2026-05-16 00:00:00
C006338,sea,200+,FR,2026-01-11 00:00:00
C006339,referral,51-200,FR,2026-04-27 00:00:00
C006340,sea,51-200,BE,2026-06-15 00:00:00
C006341,referral,51-200,FR,2026-06-26 00:00:00
C006342,sea,1-10,FR,2026-05-26 00:00:00
C006343,direct,11-50,FR,2026-01-13 00:00:00
C006344,referral,11-50,CA,2026-05-19 00:00:00
C006345,referral,200+,FR,2026-07-17 00:00:00
C006346,seo,1-10,FR,2026-03-11 00:00:00
C006347,seo,200+,FR,2026-02-22 00:00:00
C006348,direct,51-200,CH,2026-01-02 00:00:00
C006349,sea,1-10,FR,2026-06-07 00:00:00
C006350,seo,200+,FR,2026-07-09 00:00:00
C006351,seo,1-10,FR,2026-02-16 00:00:00
C006352,seo,200+,FR,2026-05-01 00:00:00
C006353,referral,200+,BE,2026-01-13 00:00:00
C006354,seo,200+,CA,2026-05-02 00:00:00
C006355,seo,51-200,FR,2026-05-04 00:00:00
C006356,referral,1-10,FR,2026-02-28 00:00:00
C006357,sea,51-200,FR,2026-03-15 00:00:00
C006358,referral,51-200,CH,2026-01-10 00:00:00
C006359,referral,11-50,FR,2026-07-10 00:00:00
C006360,referral,200+,BE,2026-06-15 00:00:00
C006361,referral,11-50,CA,2026-03-05 00:00:00
C006362,sea,200+,FR,2026-02-23 00:00:00
C006363,seo,200+,FR,2026-05-01 00:00:00
C006364,sea,11-50,CH,2026-07-11 00:00:00
C006365,seo,1-10,BE,2026-02-03 00:00:00
C006366,seo,1-10,FR,2026-05-10 00:00:00
C006367,direct,200+,FR,2026-02-20 00:00:00
C006368,referral,1-10,CA,2026-04-30 00:00:00
C006369,sea,11-50,FR,2026-01-25 00:00:00
C006370,sea,200+,FR,2026-06-07 00:00:00
C006371,seo,51-200,FR,2026-07-09 00:00:00
C006372,sea,200+,FR,2026-07-04 00:00:00
C006373,referral,51-200,FR,2026-07-09 00:00:00
C006374,direct,51-200,FR,2026-02-06 00:00:00
C006375,seo,200+,FR,2026-04-22 00:00:00
C006376,seo,51-200,FR,2026-03-27 00:00:00
C006377,sea,51-200,FR,2026-03-18 00:00:00
C006378,referral,11-50,FR,2026-03-24 00:00:00
C006379,referral,51-200,FR,2026-03-25 00:00:00
C006380,seo,51-200,BE,2026-01-23 00:00:00
C006381,referral,51-200,BE,2026-06-30 00:00:00
C006382,sea,200+,FR,2026-06-05 00:00:00
C006383,seo,51-200,BE,2026-07-16 00:00:00
C006384,direct,1-10,CH,2026-03-03 00:00:00
C006385,direct,1-10,FR,2026-01-26 00:00:00
C006386,direct,200+,FR,2026-02-01 00:00:00
C006387,sea,11-50,FR,2026-06-15 00:00:00
C006388,seo,200+,FR,2026-07-07 00:00:00
C006389,referral,1-10,FR,2026-01-15 00:00:00
C006390,referral,1-10,CH,2026-01-12 00:00:00
C006391,seo,1-10,FR,2026-05-03 00:00:00
C006392,seo,200+,FR,2026-03-21 00:00:00
C006393,referral,11-50,FR,2026-02-09 00:00:00
C006394,referral,1-10,FR,2026-01-02 00:00:00
C006395,direct,200+,FR,2026-03-04 00:00:00
C006396,seo,1-10,FR,2026-07-10 00:00:00
C006397,direct,200+,CA,2026-03-02 00:00:00
C006398,sea,1-10,FR,2026-02-27 00:00:00
C006399,sea,11-50,CH,2026-06-20 00:00:00
C006400,seo,51-200,BE,2026-02-19 00:00:00
C006401,direct,51-200,FR,2026-03-29 00:00:00
C006402,seo,11-50,FR,2026-02-08 00:00:00
C006403,referral,51-200,CA,2026-03-04 00:00:00
C006404,referral,1-10,FR,2026-01-29 00:00:00
C006405,sea,11-50,FR,2026-05-01 00:00:00
C006406,referral,200+,CA,2026-03-20 00:00:00
C006407,sea,11-50,FR,2026-07-18 00:00:00
C006408,seo,11-50,CH,2026-06-14 00:00:00
C006409,seo,51-200,BE,2026-03-20 00:00:00
C006410,sea,1-10,FR,2026-01-29 00:00:00
C006411,seo,51-200,FR,2026-07-02 00:00:00
C006412,referral,51-200,CA,2026-02-13 00:00:00
C006413,seo,1-10,FR,2026-04-16 00:00:00
C006414,referral,11-50,CA,2026-07-07 00:00:00
C006415,seo,51-200,CA,2026-06-10 00:00:00
C006416,direct,1-10,FR,2026-03-01 00:00:00
C006417,direct,11-50,FR,2026-03-09 00:00:00
C006418,seo,200+,FR,2026-04-19 00:00:00
C006419,direct,200+,FR,2026-06-10 00:00:00
C006420,seo,1-10,FR,2026-05-07 00:00:00
C006421,sea,11-50,FR,2026-03-25 00:00:00
C006422,seo,51-200,FR,2026-05-19 00:00:00
C006423,direct,1-10,CA,2026-02-03 00:00:00
C006424,sea,200+,BE,2026-07-16 00:00:00
C006425,referral,51-200,FR,2026-07-18 00:00:00
C006426,direct,1-10,BE,2026-02-26 00:00:00
C006427,referral,11-50,FR,2026-01-14 00:00:00
C006428,referral,200+,FR,2026-06-08 00:00:00
C006429,direct,200+,FR,2026-02-09 00:00:00
C006430,referral,1-10,FR,2026-03-17 00:00:00
C006431,direct,1-10,CA,2026-03-18 00:00:00
C006432,referral,11-50,FR,2026-06-06 00:00:00
C006433,referral,11-50,FR,2026-06-07 00:00:00
C006434,sea,51-200,FR,2026-07-11 00:00:00
C006435,direct,1-10,CA,2026-07-14 00:00:00
C006436,seo,51-200,BE,2026-01-13 00:00:00
C006437,referral,200+,BE,2026-04-03 00:00:00
C006438,seo,51-200,FR,2026-05-28 00:00:00
C006439,direct,200+,FR,2026-01-30 00:00:00
C006440,referral,200+,FR,2026-07-09 00:00:00
C006441,referral,11-50,CH,2026-04-08 00:00:00
C006442,direct,11-50,FR,2026-01-04 00:00:00
C006443,direct,1-10,FR,2026-02-17 00:00:00
C006444,direct,11-50,CA,2026-05-17 00:00:00
C006445,seo,200+,FR,2026-04-27 00:00:00
C006446,direct,11-50,FR,2026-06-05 00:00:00
C006447,seo,200+,FR,2026-03-17 00:00:00
C006448,sea,1-10,FR,2026-04-11 00:00:00
C006449,seo,1-10,FR,2026-02-17 00:00:00
C006450,referral,200+,BE,2026-02-09 00:00:00
C006451,seo,11-50,FR,2026-03-14 00:00:00
C006452,direct,200+,FR,2026-02-12 00:00:00
C006453,seo,1-10,FR,2026-02-04 00:00:00
C006454,referral,51-200,FR,2026-02-14 00:00:00
C006455,seo,11-50,BE,2026-02-08 00:00:00
C006456,seo,51-200,CA,2026-06-26 00:00:00
C006457,sea,51-200,FR,2026-05-05 00:00:00
C006458,direct,11-50,FR,2026-03-19 00:00:00
C006459,seo,51-200,CH,2026-04-05 00:00:00
C006460,sea,11-50,BE,2026-07-19 00:00:00
C006461,sea,1-10,CA,2026-05-19 00:00:00
C006462,referral,200+,FR,2026-07-16 00:00:00
C006463,sea,1-10,BE,2026-01-13 00:00:00
C006464,seo,1-10,FR,2026-01-06 00:00:00
C006465,direct,11-50,FR,2026-05-19 00:00:00
C006466,sea,1-10,CH,2026-06-25 00:00:00
C006467,referral,200+,FR,2026-02-11 00:00:00
C006468,direct,200+,FR,2026-03-16 00:00:00
C006469,seo,1-10,CA,2026-04-16 00:00:00
C006470,sea,51-200,BE,2026-04-08 00:00:00
C006471,seo,200+,FR,2026-04-19 00:00:00
C006472,direct,1-10,FR,2026-05-21 00:00:00
C006473,referral,11-50,FR,2026-03-15 00:00:00
C006474,seo,200+,FR,2026-04-21 00:00:00
C006475,referral,1-10,FR,2026-01-03 00:00:00
C006476,sea,1-10,FR,2026-07-19 00:00:00
C006477,seo,51-200,CA,2026-03-27 00:00:00
C006478,direct,1-10,FR,2026-03-29 00:00:00
C006479,seo,200+,FR,2026-07-15 00:00:00
C006480,referral,1-10,CH,2026-07-01 00:00:00
C006481,referral,200+,FR,2026-07-15 00:00:00
C006482,seo,200+,FR,2026-03-06 00:00:00
C006483,seo,51-200,FR,2026-04-09 00:00:00
C006484,direct,200+,FR,2026-05-07 00:00:00
C006485,sea,1-10,CH,2026-06-24 00:00:00
C006486,direct,1-10,CA,2026-07-12 00:00:00
C006487,seo,51-200,FR,2026-03-16 00:00:00
C006488,referral,11-50,FR,2026-02-10 00:00:00
C006489,sea,51-200,FR,2026-02-20 00:00:00
C006490,referral,51-200,FR,2026-06-30 00:00:00
C006491,direct,11-50,FR,2026-07-09 00:00:00
C006492,sea,11-50,FR,2026-04-05 00:00:00
C006493,referral,1-10,FR,2026-01-20 00:00:00
C006494,sea,51-200,CH,2026-05-26 00:00:00
C006495,referral,11-50,BE,2026-01-12 00:00:00
C006496,sea,200+,FR,2026-06-09 00:00:00
C006497,referral,11-50,FR,2026-02-11 00:00:00
C006498,sea,11-50,FR,2026-05-07 00:00:00
C006499,sea,200+,FR,2026-01-08 00:00:00
C006500,seo,51-200,CA,2026-06-17 00:00:00
C006501,seo,1-10,FR,2026-02-25 00:00:00
C006502,seo,1-10,FR,2026-01-09 00:00:00
C006503,referral,200+,FR,2026-05-25 00:00:00
C006504,referral,1-10,CA,2026-01-15 00:00:00
C006505,seo,1-10,BE,2026-03-16 00:00:00
C006506,seo,11-50,FR,2026-01-27 00:00:00
C006507,referral,51-200,FR,2026-05-06 00:00:00
C006508,direct,1-10,FR,2026-05-09 00:00:00
C006509,sea,200+,CA,2026-02-06 00:00:00
C006510,referral,200+,BE,2026-01-05 00:00:00
C006511,seo,11-50,BE,2026-03-03 00:00:00
C006512,direct,1-10,FR,2026-05-11 00:00:00
C006513,direct,11-50,FR,2026-01-05 00:00:00
C006514,seo,11-50,FR,2026-03-09 00:00:00
C006515,sea,200+,FR,2026-07-18 00:00:00
C006516,sea,200+,FR,2026-03-01 00:00:00
C006517,seo,200+,FR,2026-01-25 00:00:00
C006518,referral,200+,CH,2026-01-01 00:00:00
C006519,seo,1-10,CH,2026-06-25 00:00:00
C006520,sea,51-200,FR,2026-03-24 00:00:00
C006521,sea,1-10,FR,2026-02-13 00:00:00
C006522,referral,11-50,FR,2026-05-08 00:00:00
C006523,referral,51-200,FR,2026-01-15 00:00:00
C006524,direct,200+,FR,2026-06-19 00:00:00
C006525,sea,200+,FR,2026-06-18 00:00:00
C006526,direct,200+,FR,2026-05-12 00:00:00
C006527,seo,1-10,FR,2026-05-03 00:00:00
C006528,referral,200+,FR,2026-05-30 00:00:00
C006529,seo,51-200,BE,2026-03-11 00:00:00
C006530,sea,1-10,CH,2026-05-24 00:00:00
C006531,sea,1-10,FR,2026-07-01 00:00:00
C006532,sea,1-10,FR,2026-07-03 00:00:00
C006533,referral,51-200,FR,2026-04-25 00:00:00
C006534,direct,200+,CH,2026-03-13 00:00:00
C006535,seo,11-50,FR,2026-04-05 00:00:00
C006536,sea,11-50,CA,2026-03-09 00:00:00
C006537,sea,51-200,BE,2026-01-06 00:00:00
C006538,direct,11-50,FR,2026-06-11 00:00:00
C006539,seo,200+,FR,2026-07-15 00:00:00
C006540,direct,1-10,FR,2026-04-05 00:00:00
C006541,direct,11-50,FR,2026-07-09 00:00:00
C006542,sea,11-50,FR,2026-05-31 00:00:00
C006543,referral,11-50,FR,2026-05-10 00:00:00
C006544,sea,200+,FR,2026-04-24 00:00:00
C006545,referral,200+,FR,2026-04-21 00:00:00
C006546,direct,51-200,CH,2026-03-29 00:00:00
C006547,direct,11-50,FR,2026-02-03 00:00:00
C006548,seo,1-10,FR,2026-04-16 00:00:00
C006549,referral,11-50,FR,2026-07-09 00:00:00
C006550,referral,1-10,FR,2026-05-29 00:00:00
C006551,referral,1-10,FR,2026-05-20 00:00:00
C006552,direct,1-10,FR,2026-06-11 00:00:00
C006553,direct,200+,BE,2026-03-29 00:00:00
C006554,seo,1-10,BE,2026-02-07 00:00:00
C006555,sea,200+,FR,2026-06-26 00:00:00
C006556,referral,51-200,FR,2026-02-25 00:00:00
C006557,sea,11-50,FR,2026-06-08 00:00:00
C006558,seo,11-50,CA,2026-01-19 00:00:00
C006559,sea,200+,FR,2026-01-29 00:00:00
C006560,referral,51-200,FR,2026-04-14 00:00:00
C006561,direct,11-50,FR,2026-04-07 00:00:00
C006562,seo,200+,FR,2026-05-06 00:00:00
C006563,direct,51-200,FR,2026-06-22 00:00:00
C006564,direct,200+,FR,2026-05-15 00:00:00
C006565,sea,200+,FR,2026-07-17 00:00:00
C006566,sea,1-10,FR,2026-07-05 00:00:00
C006567,sea,51-200,FR,2026-03-06 00:00:00
C006568,seo,1-10,FR,2026-01-17 00:00:00
C006569,referral,51-200,CH,2026-03-16 00:00:00
C006570,seo,51-200,CH,2026-01-24 00:00:00
C006571,seo,51-200,FR,2026-03-07 00:00:00
C006572,sea,51-200,FR,2026-04-17 00:00:00
C006573,seo,1-10,FR,2026-02-17 00:00:00
C006574,sea,1-10,BE,2026-05-12 00:00:00
C006575,sea,11-50,FR,2026-02-25 00:00:00
C006576,referral,200+,FR,2026-02-04 00:00:00
C006577,seo,200+,FR,2026-04-28 00:00:00
C006578,direct,11-50,FR,2026-02-07 00:00:00
C006579,direct,51-200,FR,2026-01-17 00:00:00
C006580,sea,11-50,FR,2026-06-16 00:00:00
C006581,seo,1-10,FR,2026-03-11 00:00:00
C006582,direct,11-50,FR,2026-07-05 00:00:00
C006583,referral,51-200,CH,2026-01-30 00:00:00
C006584,referral,200+,CH,2026-07-12 00:00:00
C006585,direct,51-200,FR,2026-02-14 00:00:00
C006586,direct,11-50,FR,2026-01-17 00:00:00
C006587,direct,1-10,CA,2026-03-09 00:00:00
C006588,seo,11-50,FR,2026-01-12 00:00:00
C006589,referral,1-10,CA,2026-05-13 00:00:00
C006590,referral,200+,FR,2026-06-26 00:00:00
C006591,direct,200+,FR,2026-04-14 00:00:00
C006592,direct,11-50,FR,2026-02-18 00:00:00
C006593,direct,1-10,FR,2026-06-17 00:00:00
C006594,referral,51-200,FR,2026-06-28 00:00:00
C006595,sea,51-200,FR,2026-01-28 00:00:00
C006596,referral,51-200,FR,2026-06-10 00:00:00
C006597,direct,200+,CA,2026-05-04 00:00:00
C006598,referral,51-200,FR,2026-02-09 00:00:00
C006599,referral,51-200,CH,2026-05-19 00:00:00
C006600,referral,11-50,FR,2026-02-09 00:00:00
C006601,referral,11-50,FR,2026-02-24 00:00:00
C006602,sea,51-200,FR,2026-04-28 00:00:00
C006603,seo,200+,CH,2026-02-16 00:00:00
C006604,sea,1-10,BE,2026-07-02 00:00:00
C006605,referral,51-200,FR,2026-03-16 00:00:00
C006606,direct,51-200,FR,2026-05-21 00:00:00
C006607,sea,1-10,BE,2026-02-06 00:00:00
C006608,direct,51-200,FR,2026-01-21 00:00:00
C006609,referral,200+,FR,2026-07-19 00:00:00
C006610,direct,200+,FR,2026-01-24 00:00:00
C006611,seo,51-200,FR,2026-03-01 00:00:00
C006612,seo,51-200,FR,2026-02-26 00:00:00
C006613,referral,1-10,FR,2026-02-17 00:00:00
C006614,referral,200+,FR,2026-02-08 00:00:00
C006615,seo,1-10,FR,2026-05-20 00:00:00
C006616,seo,1-10,FR,2026-04-04 00:00:00
C006617,referral,51-200,CA,2026-05-19 00:00:00
C006618,referral,200+,CH,2026-05-11 00:00:00
C006619,seo,200+,FR,2026-06-13 00:00:00
C006620,sea,51-200,FR,2026-05-11 00:00:00
C006621,direct,200+,CA,2026-04-17 00:00:00
C006622,direct,1-10,CH,2026-07-15 00:00:00
C006623,direct,51-200,FR,2026-04-14 00:00:00
C006624,sea,11-50,FR,2026-03-24 00:00:00
C006625,direct,200+,FR,2026-02-03 00:00:00
C006626,sea,1-10,FR,2026-03-18 00:00:00
C006627,sea,200+,FR,2026-06-16 00:00:00
C006628,seo,11-50,FR,2026-07-10 00:00:00
C006629,referral,200+,FR,2026-04-10 00:00:00
C006630,seo,51-200,FR,2026-03-18 00:00:00
C006631,direct,1-10,FR,2026-02-22 00:00:00
C006632,sea,51-200,FR,2026-06-20 00:00:00
C006633,referral,200+,FR,2026-01-26 00:00:00
C006634,seo,11-50,BE,2026-05-07 00:00:00
C006635,referral,51-200,FR,2026-06-06 00:00:00
C006636,referral,1-10,FR,2026-03-06 00:00:00
C006637,referral,1-10,FR,2026-03-13 00:00:00
C006638,direct,1-10,FR,2026-07-14 00:00:00
C006639,direct,51-200,FR,2026-02-25 00:00:00
C006640,direct,1-10,CA,2026-04-07 00:00:00
C006641,sea,200+,FR,2026-06-19 00:00:00
C006642,seo,200+,FR,2026-01-26 00:00:00
C006643,referral,200+,FR,2026-06-13 00:00:00
C006644,seo,1-10,CA,2026-03-06 00:00:00
C006645,referral,200+,FR,2026-03-28 00:00:00
C006646,sea,11-50,FR,2026-03-04 00:00:00
C006647,referral,200+,FR,2026-05-22 00:00:00
C006648,seo,200+,BE,2026-01-19 00:00:00
C006649,sea,200+,FR,2026-01-26 00:00:00
C006650,direct,11-50,FR,2026-02-19 00:00:00
C006651,sea,200+,CH,2026-05-01 00:00:00
C006652,seo,1-10,CA,2026-01-13 00:00:00
C006653,seo,51-200,FR,2026-05-31 00:00:00
C006654,sea,51-200,FR,2026-06-18 00:00:00
C006655,sea,11-50,CH,2026-03-23 00:00:00
C006656,sea,11-50,FR,2026-01-03 00:00:00
C006657,seo,51-200,FR,2026-02-05 00:00:00
C006658,seo,51-200,FR,2026-03-26 00:00:00
C006659,direct,51-200,CA,2026-07-19 00:00:00
C006660,seo,1-10,CH,2026-02-20 00:00:00
C006661,referral,51-200,BE,2026-02-15 00:00:00
C006662,seo,1-10,CA,2026-04-13 00:00:00
C006663,direct,1-10,FR,2026-05-23 00:00:00
C006664,direct,11-50,FR,2026-03-11 00:00:00
C006665,seo,51-200,FR,2026-07-13 00:00:00
C006666,direct,51-200,CA,2026-06-01 00:00:00
C006667,sea,200+,FR,2026-05-25 00:00:00
C006668,sea,200+,CA,2026-03-05 00:00:00
C006669,direct,1-10,BE,2026-05-04 00:00:00
C006670,seo,51-200,FR,2026-05-27 00:00:00
C006671,direct,1-10,CH,2026-07-09 00:00:00
C006672,direct,11-50,FR,2026-07-19 00:00:00
C006673,referral,51-200,CA,2026-06-24 00:00:00
C006674,sea,51-200,FR,2026-01-09 00:00:00
C006675,direct,200+,BE,2026-04-02 00:00:00
C006676,sea,200+,BE,2026-04-07 00:00:00
C006677,direct,51-200,FR,2026-03-12 00:00:00
C006678,direct,200+,FR,2026-05-10 00:00:00
C006679,seo,11-50,FR,2026-05-27 00:00:00
C006680,direct,200+,FR,2026-04-07 00:00:00
C006681,sea,51-200,CA,2026-01-07 00:00:00
C006682,seo,11-50,FR,2026-07-05 00:00:00
C006683,referral,11-50,CH,2026-04-17 00:00:00
C006684,seo,11-50,FR,2026-03-16 00:00:00
C006685,seo,51-200,FR,2026-04-22 00:00:00
C006686,seo,200+,FR,2026-05-06 00:00:00
C006687,sea,200+,FR,2026-07-04 00:00:00
C006688,sea,51-200,CA,2026-06-26 00:00:00
C006689,seo,1-10,FR,2026-05-02 00:00:00
C006690,referral,51-200,CA,2026-04-02 00:00:00
C006691,direct,200+,BE,2026-02-06 00:00:00
C006692,direct,1-10,BE,2026-01-20 00:00:00
C006693,referral,1-10,FR,2026-01-09 00:00:00
C006694,sea,51-200,FR,2026-05-21 00:00:00
C006695,seo,1-10,FR,2026-05-25 00:00:00
C006696,direct,51-200,FR,2026-05-26 00:00:00
C006697,sea,11-50,FR,2026-05-27 00:00:00
C006698,referral,11-50,FR,2026-06-08 00:00:00
C006699,seo,200+,FR,2026-04-24 00:00:00
C006700,seo,11-50,FR,2026-07-16 00:00:00
C006701,direct,1-10,FR,2026-01-06 00:00:00
C006702,referral,51-200,FR,2026-05-23 00:00:00
C006703,referral,11-50,FR,2026-02-20 00:00:00
C006704,seo,11-50,FR,2026-04-18 00:00:00
C006705,referral,51-200,FR,2026-05-26 00:00:00
C006706,direct,11-50,FR,2026-02-21 00:00:00
C006707,referral,1-10,FR,2026-02-23 00:00:00
C006708,sea,1-10,FR,2026-02-05 00:00:00
C006709,seo,11-50,FR,2026-02-23 00:00:00
C006710,seo,51-200,CA,2026-05-30 00:00:00
C006711,sea,200+,BE,2026-06-22 00:00:00
C006712,referral,200+,FR,2026-01-18 00:00:00
C006713,seo,11-50,FR,2026-01-17 00:00:00
C006714,sea,51-200,BE,2026-06-28 00:00:00
C006715,direct,200+,FR,2026-05-06 00:00:00
C006716,seo,200+,FR,2026-05-04 00:00:00
C006717,sea,200+,FR,2026-01-26 00:00:00
C006718,referral,200+,FR,2026-02-09 00:00:00
C006719,direct,11-50,CH,2026-07-03 00:00:00
C006720,seo,200+,FR,2026-03-24 00:00:00
C006721,sea,200+,FR,2026-01-20 00:00:00
C006722,sea,11-50,CA,2026-01-01 00:00:00
C006723,direct,11-50,CA,2026-05-24 00:00:00
C006724,sea,51-200,FR,2026-05-24 00:00:00
C006725,sea,11-50,CH,2026-02-10 00:00:00
C006726,sea,200+,FR,2026-03-14 00:00:00
C006727,sea,1-10,FR,2026-05-03 00:00:00
C006728,seo,1-10,FR,2026-04-20 00:00:00
C006729,sea,51-200,FR,2026-06-09 00:00:00
C006730,referral,51-200,FR,2026-05-28 00:00:00
C006731,referral,11-50,BE,2026-04-04 00:00:00
C006732,referral,1-10,CH,2026-04-08 00:00:00
C006733,referral,11-50,BE,2026-03-11 00:00:00
C006734,seo,51-200,FR,2026-01-08 00:00:00
C006735,referral,11-50,FR,2026-03-01 00:00:00
C006736,seo,51-200,BE,2026-07-04 00:00:00
C006737,direct,200+,BE,2026-04-09 00:00:00
C006738,direct,200+,FR,2026-06-20 00:00:00
C006739,direct,11-50,CA,2026-04-17 00:00:00
C006740,sea,51-200,CH,2026-03-10 00:00:00
C006741,seo,51-200,FR,2026-02-03 00:00:00
C006742,referral,1-10,FR,2026-02-02 00:00:00
C006743,seo,200+,FR,2026-05-22 00:00:00
C006744,referral,200+,FR,2026-02-23 00:00:00
C006745,sea,200+,FR,2026-01-25 00:00:00
C006746,direct,200+,CA,2026-02-22 00:00:00
C006747,direct,11-50,CA,2026-07-19 00:00:00
C006748,referral,200+,FR,2026-01-25 00:00:00
C006749,sea,11-50,FR,2026-02-12 00:00:00
C006750,direct,200+,FR,2026-07-17 00:00:00
C006751,sea,11-50,BE,2026-02-03 00:00:00
C006752,seo,51-200,FR,2026-03-30 00:00:00
C006753,sea,1-10,FR,2026-03-17 00:00:00
C006754,sea,51-200,FR,2026-03-01 00:00:00
C006755,referral,200+,FR,2026-02-11 00:00:00
C006756,seo,1-10,FR,2026-03-09 00:00:00
C006757,sea,11-50,FR,2026-04-15 00:00:00
C006758,seo,51-200,CA,2026-03-30 00:00:00
C006759,referral,51-200,BE,2026-04-04 00:00:00
C006760,direct,11-50,FR,2026-06-06 00:00:00
C006761,referral,200+,FR,2026-07-10 00:00:00
C006762,sea,51-200,FR,2026-03-26 00:00:00
C006763,direct,1-10,FR,2026-04-23 00:00:00
C006764,direct,1-10,FR,2026-06-02 00:00:00
C006765,sea,51-200,FR,2026-02-14 00:00:00
C006766,referral,200+,BE,2026-01-15 00:00:00
C006767,direct,1-10,FR,2026-07-13 00:00:00
C006768,sea,51-200,FR,2026-02-26 00:00:00
C006769,direct,51-200,FR,2026-04-15 00:00:00
C006770,seo,1-10,BE,2026-04-09 00:00:00
C006771,referral,51-200,BE,2026-04-08 00:00:00
C006772,seo,1-10,FR,2026-07-01 00:00:00
C006773,referral,11-50,FR,2026-02-28 00:00:00
C006774,direct,11-50,CH,2026-02-24 00:00:00
C006775,referral,200+,BE,2026-03-14 00:00:00
C006776,referral,11-50,BE,2026-01-27 00:00:00
C006777,sea,200+,CA,2026-04-08 00:00:00
C006778,sea,200+,FR,2026-01-05 00:00:00
C006779,sea,200+,FR,2026-04-06 00:00:00
C006780,referral,51-200,FR,2026-05-19 00:00:00
C006781,sea,1-10,FR,2026-02-18 00:00:00
C006782,direct,11-50,FR,2026-03-05 00:00:00
C006783,sea,1-10,CH,2026-04-22 00:00:00
C006784,sea,1-10,BE,2026-04-02 00:00:00
C006785,direct,51-200,FR,2026-06-06 00:00:00
C006786,seo,51-200,FR,2026-07-07 00:00:00
C006787,direct,11-50,FR,2026-01-13 00:00:00
C006788,seo,200+,FR,2026-07-08 00:00:00
C006789,seo,200+,FR,2026-03-02 00:00:00
C006790,seo,51-200,FR,2026-04-23 00:00:00
C006791,direct,200+,FR,2026-06-18 00:00:00
C006792,seo,1-10,FR,2026-06-16 00:00:00
C006793,seo,11-50,FR,2026-04-13 00:00:00
C006794,sea,200+,FR,2026-02-26 00:00:00
C006795,seo,1-10,FR,2026-07-19 00:00:00
C006796,direct,1-10,FR,2026-04-11 00:00:00
C006797,sea,11-50,FR,2026-03-31 00:00:00
C006798,direct,200+,FR,2026-02-23 00:00:00
C006799,direct,200+,CH,2026-02-22 00:00:00
C006800,referral,1-10,CH,2026-05-24 00:00:00
C006801,referral,1-10,FR,2026-01-19 00:00:00
C006802,seo,11-50,FR,2026-05-19 00:00:00
C006803,direct,200+,FR,2026-07-13 00:00:00
C006804,referral,51-200,FR,2026-03-07 00:00:00
C006805,referral,11-50,FR,2026-04-24 00:00:00
C006806,sea,200+,CH,2026-02-12 00:00:00
C006807,seo,51-200,FR,2026-06-10 00:00:00
C006808,direct,200+,CH,2026-02-08 00:00:00
C006809,sea,200+,FR,2026-05-10 00:00:00
C006810,direct,1-10,CH,2026-06-18 00:00:00
C006811,seo,200+,FR,2026-06-06 00:00:00
C006812,referral,200+,FR,2026-02-13 00:00:00
C006813,sea,51-200,FR,2026-06-22 00:00:00
C006814,referral,51-200,FR,2026-06-26 00:00:00
C006815,direct,51-200,FR,2026-03-09 00:00:00
C006816,sea,11-50,FR,2026-04-16 00:00:00
C006817,sea,11-50,CH,2026-05-20 00:00:00
C006818,direct,200+,FR,2026-01-04 00:00:00
C006819,direct,200+,FR,2026-04-02 00:00:00
C006820,direct,11-50,FR,2026-06-25 00:00:00
C006821,seo,51-200,CH,2026-06-25 00:00:00
C006822,sea,11-50,FR,2026-04-14 00:00:00
C006823,direct,11-50,FR,2026-01-30 00:00:00
C006824,direct,51-200,FR,2026-06-20 00:00:00
C006825,direct,200+,FR,2026-06-07 00:00:00
C006826,referral,1-10,CA,2026-07-04 00:00:00
C006827,referral,1-10,FR,2026-06-24 00:00:00
C006828,sea,51-200,FR,2026-01-17 00:00:00
C006829,referral,1-10,FR,2026-06-01 00:00:00
C006830,referral,1-10,FR,2026-02-16 00:00:00
C006831,sea,51-200,CA,2026-06-19 00:00:00
C006832,sea,1-10,FR,2026-07-13 00:00:00
C006833,seo,11-50,FR,2026-05-13 00:00:00
C006834,direct,51-200,FR,2026-05-30 00:00:00
C006835,referral,51-200,FR,2026-02-13 00:00:00
C006836,seo,1-10,FR,2026-05-01 00:00:00
C006837,seo,200+,FR,2026-03-12 00:00:00
C006838,seo,1-10,FR,2026-03-03 00:00:00
C006839,seo,200+,BE,2026-06-01 00:00:00
C006840,sea,11-50,BE,2026-04-22 00:00:00
C006841,referral,51-200,FR,2026-04-27 00:00:00
C006842,direct,200+,FR,2026-03-29 00:00:00
C006843,seo,1-10,CH,2026-01-31 00:00:00
C006844,seo,11-50,CH,2026-01-20 00:00:00
C006845,direct,51-200,CH,2026-01-07 00:00:00
C006846,direct,1-10,FR,2026-05-20 00:00:00
C006847,direct,51-200,FR,2026-06-13 00:00:00
C006848,seo,200+,CH,2026-05-29 00:00:00
C006849,direct,200+,FR,2026-02-14 00:00:00
C006850,referral,1-10,FR,2026-03-29 00:00:00
C006851,sea,200+,BE,2026-02-19 00:00:00
C006852,direct,11-50,BE,2026-06-11 00:00:00
C006853,direct,11-50,CH,2026-01-14 00:00:00
C006854,sea,200+,CA,2026-02-07 00:00:00
C006855,sea,1-10,FR,2026-02-07 00:00:00
C006856,referral,200+,FR,2026-01-26 00:00:00
C006857,direct,11-50,FR,2026-04-17 00:00:00
C006858,referral,200+,FR,2026-03-04 00:00:00
C006859,direct,1-10,FR,2026-05-16 00:00:00
C006860,referral,1-10,CH,2026-03-09 00:00:00
C006861,referral,51-200,FR,2026-04-03 00:00:00
C006862,sea,200+,FR,2026-06-04 00:00:00
C006863,referral,200+,FR,2026-03-31 00:00:00
C006864,sea,51-200,FR,2026-05-06 00:00:00
C006865,referral,200+,FR,2026-03-02 00:00:00
C006866,referral,51-200,CH,2026-05-23 00:00:00
C006867,referral,200+,FR,2026-05-01 00:00:00
C006868,referral,11-50,FR,2026-06-02 00:00:00
C006869,sea,51-200,FR,2026-03-13 00:00:00
C006870,direct,11-50,FR,2026-01-22 00:00:00
C006871,sea,51-200,CH,2026-05-31 00:00:00
C006872,direct,51-200,FR,2026-02-06 00:00:00
C006873,direct,200+,CH,2026-03-11 00:00:00
C006874,referral,51-200,BE,2026-03-18 00:00:00
C006875,referral,200+,FR,2026-03-18 00:00:00
C006876,direct,51-200,CA,2026-05-22 00:00:00
C006877,seo,51-200,FR,2026-05-09 00:00:00
C006878,referral,200+,FR,2026-06-11 00:00:00
C006879,direct,11-50,FR,2026-05-27 00:00:00
C006880,direct,200+,FR,2026-04-15 00:00:00
C006881,referral,1-10,FR,2026-03-19 00:00:00
C006882,referral,1-10,BE,2026-04-07 00:00:00
C006883,direct,200+,FR,2026-05-05 00:00:00
C006884,sea,1-10,FR,2026-02-27 00:00:00
C006885,direct,11-50,FR,2026-01-27 00:00:00
C006886,seo,51-200,CA,2026-03-17 00:00:00
C006887,sea,200+,FR,2026-04-09 00:00:00
C006888,direct,11-50,CH,2026-03-25 00:00:00
C006889,sea,200+,BE,2026-07-10 00:00:00
C006890,seo,11-50,FR,2026-02-09 00:00:00
C006891,referral,200+,FR,2026-03-15 00:00:00
C006892,sea,200+,FR,2026-06-06 00:00:00
C006893,referral,11-50,FR,2026-04-20 00:00:00
C006894,direct,1-10,BE,2026-02-19 00:00:00
C006895,referral,11-50,FR,2026-05-26 00:00:00
C006896,seo,1-10,FR,2026-04-27 00:00:00
C006897,sea,11-50,FR,2026-03-07 00:00:00
C006898,direct,11-50,FR,2026-02-13 00:00:00
C006899,direct,51-200,CH,2026-04-16 00:00:00
C006900,direct,11-50,CH,2026-04-01 00:00:00
C006901,direct,1-10,FR,2026-01-01 00:00:00
C006902,seo,11-50,CA,2026-05-24 00:00:00
C006903,direct,11-50,FR,2026-06-04 00:00:00
C006904,referral,11-50,FR,2026-04-09 00:00:00
C006905,sea,1-10,FR,2026-03-24 00:00:00
C006906,referral,11-50,CA,2026-06-21 00:00:00
C006907,referral,1-10,FR,2026-03-14 00:00:00
C006908,direct,51-200,CH,2026-06-09 00:00:00
C006909,sea,11-50,FR,2026-02-18 00:00:00
C006910,seo,11-50,FR,2026-05-14 00:00:00
C006911,direct,51-200,CH,2026-03-22 00:00:00
C006912,seo,200+,FR,2026-07-04 00:00:00
C006913,referral,11-50,FR,2026-07-06 00:00:00
C006914,sea,1-10,FR,2026-05-24 00:00:00
C006915,direct,11-50,FR,2026-07-15 00:00:00
C006916,seo,51-200,CH,2026-03-02 00:00:00
C006917,referral,1-10,FR,2026-07-15 00:00:00
C006918,referral,51-200,FR,2026-04-20 00:00:00
C006919,seo,200+,FR,2026-03-08 00:00:00
C006920,seo,11-50,FR,2026-05-27 00:00:00
C006921,direct,11-50,FR,2026-07-05 00:00:00
C006922,direct,200+,FR,2026-01-18 00:00:00
C006923,referral,11-50,FR,2026-04-05 00:00:00
C006924,seo,51-200,BE,2026-02-23 00:00:00
C006925,referral,1-10,FR,2026-06-09 00:00:00
C006926,seo,11-50,FR,2026-03-10 00:00:00
C006927,direct,11-50,FR,2026-01-04 00:00:00
C006928,seo,51-200,CH,2026-05-01 00:00:00
C006929,seo,1-10,CA,2026-03-24 00:00:00
C006930,direct,1-10,FR,2026-05-22 00:00:00
C006931,seo,1-10,FR,2026-05-21 00:00:00
C006932,seo,1-10,FR,2026-03-14 00:00:00
C006933,seo,200+,FR,2026-03-21 00:00:00
C006934,direct,200+,FR,2026-06-30 00:00:00
C006935,seo,1-10,FR,2026-05-04 00:00:00
C006936,sea,11-50,FR,2026-02-18 00:00:00
C006937,seo,11-50,BE,2026-03-08 00:00:00
C006938,direct,11-50,FR,2026-04-28 00:00:00
C006939,sea,51-200,FR,2026-06-09 00:00:00
C006940,referral,1-10,BE,2026-04-18 00:00:00
C006941,direct,200+,CA,2026-01-02 00:00:00
C006942,seo,11-50,FR,2026-04-20 00:00:00
C006943,direct,51-200,FR,2026-03-18 00:00:00
C006944,direct,51-200,BE,2026-01-29 00:00:00
C006945,sea,1-10,CH,2026-01-03 00:00:00
C006946,direct,1-10,FR,2026-01-09 00:00:00
C006947,sea,11-50,FR,2026-03-26 00:00:00
C006948,direct,11-50,CA,2026-07-05 00:00:00
C006949,seo,1-10,CA,2026-06-05 00:00:00
C006950,sea,200+,FR,2026-03-15 00:00:00
C006951,sea,51-200,FR,2026-02-23 00:00:00
C006952,referral,11-50,FR,2026-04-25 00:00:00
C006953,direct,1-10,FR,2026-02-24 00:00:00
C006954,seo,200+,FR,2026-01-11 00:00:00
C006955,seo,1-10,FR,2026-07-05 00:00:00
C006956,referral,51-200,FR,2026-03-07 00:00:00
C006957,seo,1-10,FR,2026-02-19 00:00:00
C006958,referral,11-50,FR,2026-05-23 00:00:00
C006959,direct,200+,FR,2026-06-23 00:00:00
C006960,sea,11-50,FR,2026-05-29 00:00:00
C006961,direct,11-50,FR,2026-04-08 00:00:00
C006962,referral,1-10,FR,2026-01-27 00:00:00
C006963,seo,11-50,FR,2026-01-27 00:00:00
C006964,referral,1-10,FR,2026-05-22 00:00:00
C006965,sea,51-200,FR,2026-04-26 00:00:00
C006966,seo,11-50,BE,2026-07-18 00:00:00
C006967,referral,51-200,BE,2026-04-27 00:00:00
C006968,direct,11-50,FR,2026-07-10 00:00:00
C006969,direct,200+,FR,2026-04-26 00:00:00
C006970,direct,200+,FR,2026-01-10 00:00:00
C006971,sea,200+,FR,2026-05-17 00:00:00
C006972,referral,1-10,FR,2026-06-11 00:00:00
C006973,sea,11-50,FR,2026-01-14 00:00:00
C006974,sea,200+,FR,2026-03-18 00:00:00
C006975,seo,11-50,FR,2026-07-19 00:00:00
C006976,seo,1-10,CH,2026-04-02 00:00:00
C006977,sea,11-50,CH,2026-07-08 00:00:00
C006978,sea,11-50,FR,2026-07-02 00:00:00
C006979,referral,51-200,FR,2026-05-10 00:00:00
C006980,sea,200+,CH,2026-02-17 00:00:00
C006981,direct,51-200,BE,2026-06-09 00:00:00
C006982,referral,200+,BE,2026-02-19 00:00:00
C006983,direct,11-50,FR,2026-01-26 00:00:00
C006984,direct,200+,FR,2026-07-11 00:00:00
C006985,seo,11-50,FR,2026-06-11 00:00:00
C006986,referral,11-50,FR,2026-01-10 00:00:00
C006987,referral,1-10,FR,2026-02-25 00:00:00
C006988,seo,200+,FR,2026-04-11 00:00:00
C006989,seo,1-10,FR,2026-04-12 00:00:00
C006990,sea,1-10,FR,2026-04-04 00:00:00
C006991,sea,51-200,FR,2026-03-20 00:00:00
C006992,referral,200+,FR,2026-06-27 00:00:00
C006993,direct,11-50,FR,2026-04-16 00:00:00
C006994,sea,1-10,FR,2026-05-07 00:00:00
C006995,sea,1-10,FR,2026-01-25 00:00:00
C006996,sea,11-50,FR,2026-06-28 00:00:00
C006997,referral,1-10,CA,2026-01-04 00:00:00
C006998,referral,11-50,FR,2026-04-09 00:00:00
C006999,sea,51-200,FR,2026-01-20 00:00:00
C007000,seo,200+,FR,2026-02-05 00:00:00
C007001,referral,200+,FR,2026-01-11 00:00:00
C007002,direct,51-200,BE,2026-02-05 00:00:00
C007003,sea,51-200,FR,2026-03-09 00:00:00
C007004,seo,11-50,FR,2026-07-18 00:00:00
C007005,direct,1-10,FR,2026-05-05 00:00:00
C007006,sea,200+,FR,2026-04-01 00:00:00
C007007,direct,51-200,FR,2026-04-22 00:00:00
C007008,referral,1-10,FR,2026-03-29 00:00:00
C007009,direct,51-200,FR,2026-02-26 00:00:00
C007010,sea,1-10,FR,2026-02-22 00:00:00
C007011,sea,200+,FR,2026-01-23 00:00:00
C007012,referral,11-50,BE,2026-05-15 00:00:00
C007013,sea,200+,FR,2026-02-09 00:00:00
C007014,seo,11-50,FR,2026-06-20 00:00:00
C007015,referral,11-50,FR,2026-06-27 00:00:00
C007016,direct,51-200,FR,2026-02-19 00:00:00
C007017,sea,1-10,CA,2026-05-04 00:00:00
C007018,referral,11-50,FR,2026-03-05 00:00:00
C007019,seo,200+,CH,2026-06-12 00:00:00
C007020,referral,1-10,CH,2026-05-16 00:00:00
C007021,referral,200+,FR,2026-06-04 00:00:00
C007022,seo,1-10,FR,2026-07-06 00:00:00
C007023,sea,11-50,CH,2026-05-29 00:00:00
C007024,sea,11-50,FR,2026-06-16 00:00:00
C007025,sea,51-200,BE,2026-04-18 00:00:00
C007026,sea,200+,BE,2026-06-28 00:00:00
C007027,seo,51-200,BE,2026-05-29 00:00:00
C007028,seo,200+,BE,2026-02-21 00:00:00
C007029,direct,11-50,BE,2026-05-15 00:00:00
C007030,direct,200+,FR,2026-06-23 00:00:00
C007031,direct,1-10,BE,2026-06-20 00:00:00
C007032,direct,1-10,FR,2026-01-04 00:00:00
C007033,referral,51-200,FR,2026-02-18 00:00:00
C007034,seo,1-10,FR,2026-04-08 00:00:00
C007035,referral,11-50,FR,2026-06-13 00:00:00
C007036,direct,1-10,BE,2026-06-19 00:00:00
C007037,referral,1-10,FR,2026-01-12 00:00:00
C007038,direct,51-200,FR,2026-02-10 00:00:00
C007039,sea,11-50,FR,2026-06-15 00:00:00
C007040,direct,51-200,FR,2026-05-27 00:00:00
C007041,direct,11-50,FR,2026-07-01 00:00:00
C007042,referral,1-10,BE,2026-04-24 00:00:00
C007043,sea,11-50,CA,2026-02-18 00:00:00
C007044,direct,11-50,FR,2026-01-24 00:00:00
C007045,seo,200+,FR,2026-03-14 00:00:00
C007046,seo,200+,FR,2026-01-17 00:00:00
C007047,referral,11-50,CH,2026-02-18 00:00:00
C007048,seo,11-50,FR,2026-05-31 00:00:00
C007049,sea,11-50,FR,2026-04-25 00:00:00
C007050,seo,11-50,FR,2026-04-30 00:00:00
C007051,sea,11-50,FR,2026-04-06 00:00:00
C007052,referral,51-200,FR,2026-05-21 00:00:00
C007053,sea,1-10,FR,2026-07-02 00:00:00
C007054,seo,51-200,CA,2026-01-05 00:00:00
C007055,referral,200+,CA,2026-05-08 00:00:00
C007056,referral,200+,FR,2026-04-10 00:00:00
C007057,referral,51-200,BE,2026-03-29 00:00:00
C007058,sea,1-10,FR,2026-06-07 00:00:00
C007059,seo,1-10,FR,2026-02-14 00:00:00
C007060,direct,51-200,FR,2026-02-14 00:00:00
C007061,seo,11-50,CH,2026-05-11 00:00:00
C007062,referral,1-10,FR,2026-05-22 00:00:00
C007063,referral,200+,CA,2026-02-10 00:00:00
C007064,referral,200+,FR,2026-05-28 00:00:00
C007065,referral,11-50,BE,2026-04-10 00:00:00
C007066,seo,200+,FR,2026-06-16 00:00:00
C007067,seo,1-10,FR,2026-03-12 00:00:00
C007068,referral,11-50,FR,2026-05-27 00:00:00
C007069,referral,51-200,FR,2026-07-06 00:00:00
C007070,seo,11-50,FR,2026-05-31 00:00:00
C007071,direct,200+,FR,2026-07-02 00:00:00
C007072,direct,11-50,FR,2026-07-14 00:00:00
C007073,sea,51-200,FR,2026-01-04 00:00:00
C007074,sea,200+,FR,2026-06-22 00:00:00
C007075,seo,1-10,CH,2026-07-05 00:00:00
C007076,seo,200+,FR,2026-01-02 00:00:00
C007077,sea,51-200,FR,2026-06-12 00:00:00
C007078,referral,51-200,FR,2026-01-18 00:00:00
C007079,seo,1-10,FR,2026-03-22 00:00:00
C007080,referral,1-10,FR,2026-03-23 00:00:00
C007081,sea,51-200,BE,2026-06-22 00:00:00
C007082,seo,11-50,FR,2026-03-19 00:00:00
C007083,direct,200+,CH,2026-05-27 00:00:00
C007084,direct,1-10,FR,2026-06-13 00:00:00
C007085,seo,11-50,CA,2026-02-18 00:00:00
C007086,seo,11-50,CH,2026-01-29 00:00:00
C007087,direct,11-50,BE,2026-04-15 00:00:00
C007088,seo,1-10,FR,2026-07-07 00:00:00
C007089,referral,11-50,BE,2026-02-26 00:00:00
C007090,direct,1-10,FR,2026-06-22 00:00:00
C007091,seo,200+,FR,2026-04-16 00:00:00
C007092,sea,11-50,FR,2026-01-23 00:00:00
C007093,referral,51-200,CH,2026-06-06 00:00:00
C007094,seo,11-50,BE,2026-05-02 00:00:00
C007095,sea,200+,FR,2026-01-29 00:00:00
C007096,sea,200+,FR,2026-07-16 00:00:00
C007097,sea,1-10,CA,2026-07-11 00:00:00
C007098,referral,1-10,FR,2026-06-05 00:00:00
C007099,referral,11-50,FR,2026-01-17 00:00:00
C007100,seo,1-10,FR,2026-04-27 00:00:00
C007101,referral,1-10,FR,2026-03-24 00:00:00
C007102,direct,11-50,FR,2026-04-25 00:00:00
C007103,sea,200+,FR,2026-01-14 00:00:00
C007104,sea,200+,CA,2026-05-21 00:00:00
C007105,referral,200+,FR,2026-02-17 00:00:00
C007106,referral,1-10,FR,2026-06-25 00:00:00
C007107,seo,11-50,CA,2026-06-22 00:00:00
C007108,sea,51-200,FR,2026-01-17 00:00:00
C007109,referral,11-50,FR,2026-03-22 00:00:00
C007110,direct,1-10,BE,2026-01-10 00:00:00
C007111,seo,51-200,FR,2026-06-14 00:00:00
C007112,seo,200+,FR,2026-04-27 00:00:00
C007113,direct,1-10,CH,2026-05-30 00:00:00
C007114,seo,200+,CH,2026-02-10 00:00:00
C007115,seo,11-50,CA,2026-06-30 00:00:00
C007116,sea,1-10,FR,2026-07-17 00:00:00
C007117,referral,51-200,FR,2026-06-06 00:00:00
C007118,referral,200+,CH,2026-01-19 00:00:00
C007119,direct,11-50,FR,2026-01-06 00:00:00
C007120,seo,1-10,BE,2026-02-08 00:00:00
C007121,referral,1-10,FR,2026-01-13 00:00:00
C007122,direct,51-200,FR,2026-01-14 00:00:00
C007123,sea,11-50,FR,2026-05-23 00:00:00
C007124,sea,1-10,FR,2026-01-30 00:00:00
C007125,sea,1-10,FR,2026-02-14 00:00:00
C007126,seo,11-50,FR,2026-05-15 00:00:00
C007127,referral,51-200,FR,2026-06-10 00:00:00
C007128,sea,200+,FR,2026-06-24 00:00:00
C007129,seo,1-10,FR,2026-01-29 00:00:00
C007130,seo,11-50,FR,2026-06-07 00:00:00
C007131,seo,1-10,FR,2026-04-03 00:00:00
C007132,referral,200+,CH,2026-05-04 00:00:00
C007133,referral,200+,FR,2026-01-09 00:00:00
C007134,referral,11-50,FR,2026-05-23 00:00:00
C007135,direct,51-200,CA,2026-05-14 00:00:00
C007136,referral,11-50,FR,2026-05-29 00:00:00
C007137,sea,1-10,CH,2026-05-02 00:00:00
C007138,seo,51-200,FR,2026-05-27 00:00:00
C007139,seo,51-200,FR,2026-01-26 00:00:00
C007140,seo,51-200,FR,2026-06-11 00:00:00
C007141,seo,200+,FR,2026-06-02 00:00:00
C007142,sea,11-50,CH,2026-03-28 00:00:00
C007143,referral,11-50,FR,2026-06-17 00:00:00
C007144,seo,200+,CH,2026-03-27 00:00:00
C007145,referral,51-200,CA,2026-05-12 00:00:00
C007146,seo,200+,FR,2026-07-07 00:00:00
C007147,sea,11-50,CA,2026-02-15 00:00:00
C007148,sea,11-50,CH,2026-01-31 00:00:00
C007149,direct,1-10,FR,2026-05-24 00:00:00
C007150,referral,11-50,FR,2026-02-10 00:00:00
C007151,referral,11-50,FR,2026-02-02 00:00:00
C007152,sea,200+,FR,2026-04-15 00:00:00
C007153,direct,200+,CA,2026-06-29 00:00:00
C007154,sea,51-200,FR,2026-01-02 00:00:00
C007155,seo,11-50,FR,2026-02-10 00:00:00
C007156,sea,11-50,FR,2026-05-16 00:00:00
C007157,seo,51-200,BE,2026-06-10 00:00:00
C007158,referral,200+,BE,2026-01-06 00:00:00
C007159,sea,11-50,FR,2026-05-08 00:00:00
C007160,sea,200+,CA,2026-06-03 00:00:00
C007161,referral,51-200,FR,2026-03-18 00:00:00
C007162,direct,200+,FR,2026-04-11 00:00:00
C007163,referral,200+,FR,2026-01-16 00:00:00
C007164,sea,11-50,CA,2026-02-20 00:00:00
C007165,referral,1-10,CA,2026-02-05 00:00:00
C007166,referral,51-200,CA,2026-03-20 00:00:00
C007167,direct,51-200,FR,2026-03-13 00:00:00
C007168,seo,200+,FR,2026-02-21 00:00:00
C007169,sea,51-200,CA,2026-04-08 00:00:00
C007170,sea,11-50,FR,2026-03-25 00:00:00
C007171,sea,200+,BE,2026-02-28 00:00:00
C007172,sea,11-50,FR,2026-02-07 00:00:00
C007173,seo,200+,FR,2026-01-18 00:00:00
C007174,sea,200+,BE,2026-04-02 00:00:00
C007175,referral,1-10,FR,2026-04-20 00:00:00
C007176,sea,11-50,CH,2026-03-26 00:00:00
C007177,seo,51-200,FR,2026-01-17 00:00:00
C007178,seo,200+,FR,2026-02-01 00:00:00
C007179,direct,200+,CA,2026-04-12 00:00:00
C007180,referral,11-50,CA,2026-03-16 00:00:00
C007181,direct,51-200,FR,2026-04-15 00:00:00
C007182,direct,1-10,FR,2026-03-22 00:00:00
C007183,referral,1-10,FR,2026-01-08 00:00:00
C007184,seo,51-200,CA,2026-06-08 00:00:00
C007185,sea,1-10,FR,2026-07-04 00:00:00
C007186,direct,51-200,FR,2026-01-16 00:00:00
C007187,sea,200+,CA,2026-03-27 00:00:00
C007188,direct,1-10,FR,2026-01-29 00:00:00
C007189,seo,11-50,FR,2026-04-18 00:00:00
C007190,referral,1-10,FR,2026-04-26 00:00:00
C007191,seo,1-10,FR,2026-01-19 00:00:00
C007192,seo,1-10,CH,2026-03-12 00:00:00
C007193,seo,51-200,FR,2026-07-12 00:00:00
C007194,sea,1-10,FR,2026-07-05 00:00:00
C007195,seo,51-200,FR,2026-06-18 00:00:00
C007196,seo,11-50,FR,2026-05-04 00:00:00
C007197,direct,51-200,FR,2026-07-17 00:00:00
C007198,referral,51-200,FR,2026-02-12 00:00:00
C007199,direct,11-50,BE,2026-06-02 00:00:00
C007200,referral,1-10,FR,2026-07-18 00:00:00
C007201,seo,1-10,CA,2026-04-15 00:00:00
C007202,sea,11-50,BE,2026-04-08 00:00:00
C007203,sea,200+,FR,2026-07-03 00:00:00
C007204,seo,1-10,FR,2026-01-27 00:00:00
C007205,referral,11-50,FR,2026-07-14 00:00:00
C007206,referral,51-200,FR,2026-04-02 00:00:00
C007207,direct,200+,FR,2026-02-17 00:00:00
C007208,seo,200+,CH,2026-01-30 00:00:00
C007209,seo,11-50,FR,2026-02-10 00:00:00
C007210,seo,200+,BE,2026-01-17 00:00:00
C007211,referral,1-10,CA,2026-04-09 00:00:00
C007212,sea,1-10,FR,2026-02-18 00:00:00
C007213,sea,200+,FR,2026-05-16 00:00:00
C007214,seo,51-200,CH,2026-01-26 00:00:00
C007215,direct,51-200,FR,2026-01-10 00:00:00
C007216,sea,1-10,CA,2026-07-15 00:00:00
C007217,referral,51-200,CH,2026-07-10 00:00:00
C007218,seo,1-10,FR,2026-05-11 00:00:00
C007219,referral,51-200,FR,2026-02-10 00:00:00
C007220,direct,1-10,FR,2026-03-26 00:00:00
C007221,direct,1-10,BE,2026-05-26 00:00:00
C007222,direct,200+,FR,2026-03-23 00:00:00
C007223,seo,200+,CA,2026-01-03 00:00:00
C007224,seo,200+,FR,2026-02-16 00:00:00
C007225,sea,1-10,CH,2026-03-17 00:00:00
C007226,sea,200+,FR,2026-04-30 00:00:00
C007227,seo,11-50,FR,2026-02-20 00:00:00
C007228,seo,51-200,FR,2026-02-19 00:00:00
C007229,referral,1-10,CA,2026-03-06 00:00:00
C007230,referral,51-200,FR,2026-05-30 00:00:00
C007231,seo,200+,CH,2026-02-15 00:00:00
C007232,direct,51-200,FR,2026-04-02 00:00:00
C007233,direct,51-200,FR,2026-02-02 00:00:00
C007234,direct,51-200,CA,2026-02-04 00:00:00
C007235,sea,11-50,FR,2026-06-25 00:00:00
C007236,sea,200+,CH,2026-02-07 00:00:00
C007237,referral,200+,BE,2026-01-26 00:00:00
C007238,sea,11-50,CA,2026-02-19 00:00:00
C007239,seo,11-50,FR,2026-01-12 00:00:00
C007240,sea,11-50,CA,2026-06-30 00:00:00
C007241,sea,200+,FR,2026-06-18 00:00:00
C007242,direct,1-10,FR,2026-02-27 00:00:00
C007243,referral,51-200,FR,2026-03-29 00:00:00
C007244,seo,11-50,FR,2026-04-27 00:00:00
C007245,referral,200+,FR,2026-01-07 00:00:00
C007246,seo,11-50,CA,2026-06-29 00:00:00
C007247,referral,11-50,FR,2026-07-03 00:00:00
C007248,sea,200+,CA,2026-02-26 00:00:00
C007249,direct,51-200,FR,2026-02-05 00:00:00
C007250,direct,51-200,FR,2026-05-16 00:00:00
C007251,direct,51-200,FR,2026-03-01 00:00:00
C007252,referral,1-10,CA,2026-03-03 00:00:00
C007253,sea,1-10,FR,2026-06-01 00:00:00
C007254,referral,11-50,FR,2026-07-15 00:00:00
C007255,direct,200+,BE,2026-02-08 00:00:00
C007256,referral,1-10,BE,2026-01-29 00:00:00
C007257,referral,51-200,CH,2026-04-19 00:00:00
C007258,referral,1-10,FR,2026-07-05 00:00:00
C007259,seo,11-50,CA,2026-03-08 00:00:00
C007260,seo,51-200,FR,2026-05-24 00:00:00
C007261,referral,51-200,FR,2026-05-17 00:00:00
C007262,sea,11-50,FR,2026-07-10 00:00:00
C007263,direct,200+,FR,2026-05-18 00:00:00
C007264,sea,11-50,FR,2026-04-08 00:00:00
C007265,referral,1-10,CH,2026-05-06 00:00:00
C007266,referral,200+,FR,2026-02-18 00:00:00
C007267,seo,51-200,FR,2026-05-04 00:00:00
C007268,referral,51-200,FR,2026-01-31 00:00:00
C007269,sea,1-10,BE,2026-04-21 00:00:00
C007270,direct,51-200,FR,2026-07-11 00:00:00
C007271,referral,11-50,CA,2026-01-06 00:00:00
C007272,direct,200+,FR,2026-04-03 00:00:00
C007273,sea,200+,FR,2026-05-27 00:00:00
C007274,seo,51-200,FR,2026-05-10 00:00:00
C007275,sea,11-50,FR,2026-02-05 00:00:00
C007276,direct,1-10,FR,2026-06-29 00:00:00
C007277,referral,11-50,FR,2026-04-15 00:00:00
C007278,seo,200+,FR,2026-03-10 00:00:00
C007279,referral,51-200,FR,2026-06-30 00:00:00
C007280,seo,1-10,FR,2026-05-18 00:00:00
C007281,direct,200+,CA,2026-05-22 00:00:00
C007282,direct,200+,CA,2026-03-09 00:00:00
C007283,direct,11-50,CA,2026-05-03 00:00:00
C007284,referral,200+,FR,2026-01-23 00:00:00
C007285,referral,1-10,FR,2026-07-08 00:00:00
C007286,seo,1-10,FR,2026-01-20 00:00:00
C007287,sea,200+,FR,2026-03-11 00:00:00
C007288,sea,11-50,FR,2026-07-06 00:00:00
C007289,direct,51-200,CA,2026-06-01 00:00:00
C007290,direct,1-10,FR,2026-06-20 00:00:00
C007291,direct,200+,CH,2026-02-14 00:00:00
C007292,referral,200+,FR,2026-02-06 00:00:00
C007293,seo,200+,FR,2026-03-14 00:00:00
C007294,direct,11-50,CA,2026-05-31 00:00:00
C007295,direct,1-10,FR,2026-06-22 00:00:00
C007296,referral,200+,FR,2026-03-05 00:00:00
C007297,seo,1-10,BE,2026-06-15 00:00:00
C007298,seo,51-200,CH,2026-03-09 00:00:00
C007299,sea,200+,FR,2026-01-21 00:00:00
C007300,seo,200+,BE,2026-07-03 00:00:00
C007301,direct,51-200,CA,2026-02-03 00:00:00
C007302,referral,11-50,CA,2026-06-11 00:00:00
C007303,sea,200+,FR,2026-04-02 00:00:00
C007304,sea,200+,FR,2026-07-09 00:00:00
C007305,seo,11-50,FR,2026-02-20 00:00:00
C007306,referral,51-200,FR,2026-03-29 00:00:00
C007307,referral,11-50,BE,2026-01-24 00:00:00
C007308,direct,11-50,CH,2026-01-13 00:00:00
C007309,seo,11-50,FR,2026-07-06 00:00:00
C007310,direct,11-50,FR,2026-03-04 00:00:00
C007311,seo,200+,FR,2026-06-17 00:00:00
C007312,direct,51-200,FR,2026-05-12 00:00:00
C007313,seo,11-50,FR,2026-05-27 00:00:00
C007314,referral,51-200,FR,2026-02-13 00:00:00
C007315,referral,51-200,FR,2026-02-05 00:00:00
C007316,direct,1-10,BE,2026-05-02 00:00:00
C007317,sea,1-10,FR,2026-01-11 00:00:00
C007318,direct,200+,FR,2026-04-01 00:00:00
C007319,referral,11-50,FR,2026-02-13 00:00:00
C007320,referral,11-50,FR,2026-03-07 00:00:00
C007321,sea,200+,FR,2026-01-30 00:00:00
C007322,referral,51-200,CA,2026-03-09 00:00:00
C007323,referral,1-10,FR,2026-04-24 00:00:00
C007324,referral,11-50,FR,2026-01-31 00:00:00
C007325,referral,51-200,BE,2026-01-07 00:00:00
C007326,sea,1-10,FR,2026-01-10 00:00:00
C007327,referral,1-10,FR,2026-06-25 00:00:00
C007328,direct,1-10,FR,2026-05-31 00:00:00
C007329,sea,200+,FR,2026-04-12 00:00:00
C007330,seo,11-50,CH,2026-03-11 00:00:00
C007331,referral,51-200,FR,2026-02-22 00:00:00
C007332,seo,51-200,FR,2026-06-06 00:00:00
C007333,referral,51-200,BE,2026-01-20 00:00:00
C007334,seo,51-200,BE,2026-05-04 00:00:00
C007335,referral,51-200,FR,2026-05-20 00:00:00
C007336,referral,1-10,CA,2026-01-12 00:00:00
C007337,sea,200+,FR,2026-07-01 00:00:00
C007338,seo,51-200,FR,2026-07-09 00:00:00
C007339,sea,200+,FR,2026-07-18 00:00:00
C007340,sea,200+,FR,2026-07-11 00:00:00
C007341,referral,11-50,FR,2026-02-01 00:00:00
C007342,sea,200+,FR,2026-01-02 00:00:00
C007343,direct,1-10,FR,2026-04-16 00:00:00
C007344,direct,11-50,FR,2026-01-11 00:00:00
C007345,direct,200+,FR,2026-02-07 00:00:00
C007346,referral,1-10,FR,2026-06-07 00:00:00
C007347,direct,51-200,FR,2026-05-24 00:00:00
C007348,seo,1-10,CH,2026-03-08 00:00:00
C007349,direct,51-200,FR,2026-02-02 00:00:00
C007350,direct,1-10,CA,2026-07-15 00:00:00
C007351,sea,11-50,FR,2026-03-21 00:00:00
C007352,direct,1-10,BE,2026-04-16 00:00:00
C007353,direct,200+,CH,2026-05-04 00:00:00
C007354,direct,200+,FR,2026-03-28 00:00:00
C007355,direct,11-50,FR,2026-06-26 00:00:00
C007356,referral,51-200,BE,2026-03-07 00:00:00
C007357,seo,11-50,BE,2026-05-15 00:00:00
C007358,referral,1-10,CH,2026-05-06 00:00:00
C007359,referral,200+,CH,2026-05-04 00:00:00
C007360,sea,11-50,FR,2026-01-28 00:00:00
C007361,sea,11-50,BE,2026-03-09 00:00:00
C007362,direct,11-50,FR,2026-01-01 00:00:00
C007363,referral,11-50,CA,2026-02-19 00:00:00
C007364,seo,1-10,FR,2026-03-30 00:00:00
C007365,referral,51-200,FR,2026-03-15 00:00:00
C007366,sea,51-200,FR,2026-04-19 00:00:00
C007367,referral,11-50,FR,2026-04-25 00:00:00
C007368,direct,200+,FR,2026-05-07 00:00:00
C007369,referral,51-200,FR,2026-03-27 00:00:00
C007370,referral,200+,FR,2026-03-19 00:00:00
C007371,referral,11-50,CH,2026-04-17 00:00:00
C007372,seo,1-10,CH,2026-03-13 00:00:00
C007373,seo,200+,FR,2026-02-14 00:00:00
C007374,referral,11-50,FR,2026-05-01 00:00:00
C007375,direct,1-10,CH,2026-04-29 00:00:00
C007376,direct,200+,FR,2026-07-12 00:00:00
C007377,direct,1-10,FR,2026-02-06 00:00:00
C007378,sea,200+,FR,2026-06-10 00:00:00
C007379,sea,200+,FR,2026-01-25 00:00:00
C007380,direct,51-200,FR,2026-02-18 00:00:00
C007381,direct,1-10,FR,2026-03-02 00:00:00
C007382,referral,11-50,FR,2026-05-20 00:00:00
C007383,sea,11-50,FR,2026-02-23 00:00:00
C007384,referral,200+,FR,2026-07-07 00:00:00
C007385,referral,200+,CH,2026-01-21 00:00:00
C007386,seo,200+,FR,2026-03-01 00:00:00
C007387,seo,200+,FR,2026-07-18 00:00:00
C007388,direct,200+,FR,2026-05-22 00:00:00
C007389,sea,200+,FR,2026-03-13 00:00:00
C007390,seo,1-10,FR,2026-01-08 00:00:00
C007391,referral,1-10,FR,2026-01-02 00:00:00
C007392,direct,11-50,CA,2026-04-04 00:00:00
C007393,referral,11-50,BE,2026-03-02 00:00:00
C007394,direct,200+,FR,2026-02-13 00:00:00
C007395,referral,200+,CH,2026-02-12 00:00:00
C007396,sea,200+,FR,2026-04-02 00:00:00
C007397,sea,51-200,BE,2026-03-09 00:00:00
C007398,seo,11-50,FR,2026-02-17 00:00:00
C007399,sea,51-200,FR,2026-05-27 00:00:00
C007400,referral,51-200,BE,2026-06-02 00:00:00
C007401,direct,11-50,CA,2026-01-05 00:00:00
C007402,sea,11-50,FR,2026-02-27 00:00:00
C007403,sea,11-50,FR,2026-06-24 00:00:00
C007404,referral,200+,FR,2026-04-14 00:00:00
C007405,sea,1-10,FR,2026-03-28 00:00:00
C007406,direct,11-50,FR,2026-04-25 00:00:00
C007407,sea,51-200,FR,2026-07-08 00:00:00
C007408,direct,11-50,FR,2026-07-07 00:00:00
C007409,referral,1-10,FR,2026-07-18 00:00:00
C007410,sea,51-200,CH,2026-02-14 00:00:00
C007411,seo,11-50,FR,2026-07-06 00:00:00
C007412,sea,200+,FR,2026-06-09 00:00:00
C007413,seo,51-200,FR,2026-05-03 00:00:00
C007414,direct,11-50,FR,2026-01-22 00:00:00
C007415,sea,51-200,FR,2026-06-07 00:00:00
C007416,direct,1-10,BE,2026-05-24 00:00:00
C007417,seo,1-10,FR,2026-02-02 00:00:00
C007418,sea,200+,CH,2026-06-02 00:00:00
C007419,sea,200+,FR,2026-03-30 00:00:00
C007420,sea,200+,FR,2026-02-17 00:00:00
C007421,sea,11-50,BE,2026-06-06 00:00:00
C007422,sea,11-50,FR,2026-06-27 00:00:00
C007423,direct,11-50,BE,2026-03-25 00:00:00
C007424,seo,51-200,BE,2026-04-20 00:00:00
C007425,seo,1-10,FR,2026-01-03 00:00:00
C007426,seo,51-200,FR,2026-01-16 00:00:00
C007427,seo,200+,FR,2026-07-05 00:00:00
C007428,sea,11-50,FR,2026-07-10 00:00:00
C007429,direct,200+,FR,2026-04-23 00:00:00
C007430,seo,200+,CA,2026-07-18 00:00:00
C007431,direct,1-10,FR,2026-05-31 00:00:00
C007432,seo,11-50,CA,2026-01-03 00:00:00
C007433,sea,51-200,FR,2026-04-15 00:00:00
C007434,seo,200+,FR,2026-06-26 00:00:00
C007435,sea,11-50,CA,2026-06-13 00:00:00
C007436,sea,51-200,FR,2026-06-06 00:00:00
C007437,seo,200+,FR,2026-01-03 00:00:00
C007438,referral,200+,FR,2026-07-19 00:00:00
C007439,sea,200+,BE,2026-04-26 00:00:00
C007440,referral,51-200,FR,2026-04-27 00:00:00
C007441,sea,1-10,FR,2026-06-30 00:00:00
C007442,sea,200+,BE,2026-05-20 00:00:00
C007443,direct,1-10,CA,2026-03-14 00:00:00
C007444,referral,51-200,CA,2026-01-23 00:00:00
C007445,seo,1-10,BE,2026-05-30 00:00:00
C007446,sea,1-10,BE,2026-07-19 00:00:00
C007447,direct,51-200,FR,2026-03-06 00:00:00
C007448,direct,1-10,FR,2026-04-07 00:00:00
C007449,sea,1-10,CA,2026-05-08 00:00:00
C007450,referral,11-50,FR,2026-03-07 00:00:00
C007451,sea,200+,FR,2026-07-03 00:00:00
C007452,direct,51-200,CA,2026-04-15 00:00:00
C007453,seo,200+,FR,2026-06-15 00:00:00
C007454,sea,200+,FR,2026-04-23 00:00:00
C007455,seo,1-10,FR,2026-05-05 00:00:00
C007456,seo,11-50,FR,2026-05-22 00:00:00
C007457,direct,200+,CH,2026-01-02 00:00:00
C007458,seo,51-200,FR,2026-01-08 00:00:00
C007459,sea,11-50,CA,2026-06-26 00:00:00
C007460,seo,11-50,FR,2026-02-01 00:00:00
C007461,referral,11-50,FR,2026-02-02 00:00:00
C007462,seo,1-10,FR,2026-06-21 00:00:00
C007463,referral,1-10,FR,2026-01-19 00:00:00
C007464,sea,1-10,FR,2026-03-18 00:00:00
C007465,seo,200+,FR,2026-06-04 00:00:00
C007466,direct,51-200,BE,2026-01-28 00:00:00
C007467,referral,11-50,FR,2026-06-18 00:00:00
C007468,referral,1-10,FR,2026-06-30 00:00:00
C007469,direct,200+,FR,2026-02-12 00:00:00
C007470,seo,11-50,FR,2026-01-13 00:00:00
C007471,seo,200+,FR,2026-01-10 00:00:00
C007472,seo,11-50,BE,2026-02-25 00:00:00
C007473,sea,11-50,FR,2026-04-16 00:00:00
C007474,seo,11-50,CA,2026-01-22 00:00:00
C007475,direct,200+,FR,2026-01-17 00:00:00
C007476,sea,51-200,CH,2026-07-07 00:00:00
C007477,referral,11-50,FR,2026-05-21 00:00:00
C007478,sea,200+,CH,2026-06-28 00:00:00
C007479,direct,1-10,FR,2026-06-14 00:00:00
C007480,sea,11-50,FR,2026-04-26 00:00:00
C007481,sea,11-50,FR,2026-05-24 00:00:00
C007482,direct,200+,FR,2026-03-09 00:00:00
C007483,sea,200+,BE,2026-06-09 00:00:00
C007484,referral,200+,FR,2026-04-29 00:00:00
C007485,sea,51-200,FR,2026-02-19 00:00:00
C007486,direct,51-200,FR,2026-06-15 00:00:00
C007487,referral,200+,FR,2026-01-03 00:00:00
C007488,direct,51-200,CA,2026-07-16 00:00:00
C007489,sea,51-200,FR,2026-03-30 00:00:00
C007490,direct,200+,FR,2026-06-29 00:00:00
C007491,sea,200+,FR,2026-02-04 00:00:00
C007492,seo,51-200,CA,2026-02-07 00:00:00
C007493,direct,200+,FR,2026-05-11 00:00:00
C007494,direct,51-200,FR,2026-07-11 00:00:00
C007495,sea,200+,FR,2026-02-28 00:00:00
C007496,referral,1-10,BE,2026-06-07 00:00:00
C007497,referral,11-50,FR,2026-06-26 00:00:00
C007498,direct,1-10,BE,2026-02-11 00:00:00
C007499,seo,200+,FR,2026-02-20 00:00:00
C007500,sea,1-10,FR,2026-04-13 00:00:00
C007501,seo,200+,FR,2026-01-04 00:00:00
C007502,sea,11-50,FR,2026-05-30 00:00:00
C007503,referral,1-10,CA,2026-01-28 00:00:00
C007504,referral,51-200,BE,2026-04-28 00:00:00
C007505,sea,51-200,CH,2026-02-03 00:00:00
C007506,sea,11-50,FR,2026-07-10 00:00:00
C007507,direct,200+,CA,2026-06-14 00:00:00
C007508,referral,1-10,FR,2026-02-08 00:00:00
C007509,referral,11-50,FR,2026-05-17 00:00:00
C007510,sea,1-10,FR,2026-06-19 00:00:00
C007511,sea,51-200,FR,2026-03-12 00:00:00
C007512,direct,11-50,FR,2026-05-08 00:00:00
C007513,seo,200+,FR,2026-06-18 00:00:00
C007514,sea,11-50,FR,2026-03-05 00:00:00
C007515,direct,51-200,FR,2026-04-29 00:00:00
C007516,referral,51-200,FR,2026-03-28 00:00:00
C007517,direct,200+,BE,2026-03-26 00:00:00
C007518,sea,200+,BE,2026-03-08 00:00:00
C007519,referral,51-200,FR,2026-02-22 00:00:00
C007520,seo,200+,CH,2026-04-20 00:00:00
C007521,seo,200+,FR,2026-04-25 00:00:00
C007522,referral,11-50,CH,2026-03-08 00:00:00
C007523,sea,200+,CH,2026-02-15 00:00:00
C007524,referral,1-10,FR,2026-06-13 00:00:00
C007525,seo,200+,FR,2026-05-18 00:00:00
C007526,seo,11-50,FR,2026-04-04 00:00:00
C007527,seo,51-200,FR,2026-04-06 00:00:00
C007528,referral,1-10,FR,2026-01-25 00:00:00
C007529,seo,200+,FR,2026-04-17 00:00:00
C007530,referral,11-50,BE,2026-02-27 00:00:00
C007531,direct,200+,BE,2026-04-25 00:00:00
C007532,seo,1-10,CA,2026-04-14 00:00:00
C007533,seo,1-10,CH,2026-01-31 00:00:00
C007534,seo,51-200,FR,2026-07-04 00:00:00
C007535,direct,51-200,FR,2026-01-27 00:00:00
C007536,referral,11-50,BE,2026-03-07 00:00:00
C007537,direct,11-50,FR,2026-03-28 00:00:00
C007538,referral,51-200,FR,2026-07-06 00:00:00
C007539,referral,11-50,FR,2026-06-27 00:00:00
C007540,referral,200+,FR,2026-02-28 00:00:00
C007541,sea,51-200,FR,2026-01-16 00:00:00
C007542,sea,11-50,FR,2026-04-09 00:00:00
C007543,sea,200+,BE,2026-07-04 00:00:00
C007544,sea,11-50,FR,2026-05-18 00:00:00
C007545,seo,1-10,FR,2026-04-29 00:00:00
C007546,referral,200+,FR,2026-05-10 00:00:00
C007547,sea,51-200,FR,2026-03-11 00:00:00
C007548,seo,11-50,BE,2026-01-18 00:00:00
C007549,direct,200+,CA,2026-06-04 00:00:00
C007550,seo,51-200,CH,2026-04-20 00:00:00
C007551,sea,200+,CA,2026-06-14 00:00:00
C007552,seo,11-50,FR,2026-05-05 00:00:00
C007553,direct,11-50,FR,2026-05-14 00:00:00
C007554,seo,51-200,FR,2026-04-10 00:00:00
C007555,seo,51-200,BE,2026-05-08 00:00:00
C007556,sea,51-200,FR,2026-05-18 00:00:00
C007557,referral,11-50,FR,2026-03-25 00:00:00
C007558,referral,1-10,FR,2026-01-15 00:00:00
C007559,seo,51-200,CA,2026-01-11 00:00:00
C007560,direct,200+,FR,2026-07-17 00:00:00
C007561,referral,11-50,FR,2026-05-04 00:00:00
C007562,referral,51-200,FR,2026-03-30 00:00:00
C007563,sea,1-10,FR,2026-05-21 00:00:00
C007564,sea,200+,CH,2026-01-17 00:00:00
C007565,direct,51-200,FR,2026-04-23 00:00:00
C007566,sea,51-200,CH,2026-01-02 00:00:00
C007567,direct,1-10,CH,2026-03-24 00:00:00
C007568,seo,51-200,FR,2026-04-09 00:00:00
C007569,direct,51-200,CH,2026-06-24 00:00:00
C007570,referral,11-50,FR,2026-02-26 00:00:00
C007571,sea,1-10,BE,2026-01-20 00:00:00
C007572,seo,1-10,CA,2026-07-19 00:00:00
C007573,referral,51-200,FR,2026-01-10 00:00:00
C007574,direct,51-200,FR,2026-07-01 00:00:00
C007575,seo,11-50,BE,2026-03-06 00:00:00
C007576,sea,200+,FR,2026-02-09 00:00:00
C007577,direct,1-10,FR,2026-06-22 00:00:00
C007578,direct,11-50,FR,2026-01-07 00:00:00
C007579,direct,51-200,FR,2026-03-14 00:00:00
C007580,seo,51-200,BE,2026-06-30 00:00:00
C007581,seo,200+,FR,2026-04-06 00:00:00
C007582,referral,1-10,FR,2026-03-28 00:00:00
C007583,seo,51-200,BE,2026-07-14 00:00:00
C007584,referral,51-200,FR,2026-03-11 00:00:00
C007585,seo,1-10,BE,2026-01-23 00:00:00
C007586,sea,200+,FR,2026-06-09 00:00:00
C007587,sea,200+,FR,2026-07-17 00:00:00
C007588,sea,200+,FR,2026-03-28 00:00:00
C007589,seo,200+,BE,2026-01-28 00:00:00
C007590,sea,200+,FR,2026-01-04 00:00:00
C007591,direct,1-10,FR,2026-07-19 00:00:00
C007592,referral,1-10,FR,2026-04-25 00:00:00
C007593,direct,200+,FR,2026-07-01 00:00:00
C007594,seo,51-200,CH,2026-01-09 00:00:00
C007595,direct,1-10,CH,2026-02-13 00:00:00
C007596,seo,51-200,FR,2026-04-02 00:00:00
C007597,seo,51-200,FR,2026-07-03 00:00:00
C007598,sea,1-10,FR,2026-01-26 00:00:00
C007599,sea,11-50,CH,2026-01-08 00:00:00
C007600,sea,11-50,CA,2026-01-04 00:00:00
C007601,sea,200+,FR,2026-03-28 00:00:00
C007602,sea,11-50,CA,2026-06-30 00:00:00
C007603,seo,51-200,CH,2026-07-17 00:00:00
C007604,seo,200+,BE,2026-07-01 00:00:00
C007605,seo,200+,FR,2026-04-23 00:00:00
C007606,seo,200+,FR,2026-04-29 00:00:00
C007607,direct,11-50,FR,2026-04-20 00:00:00
C007608,referral,200+,FR,2026-02-19 00:00:00
C007609,referral,11-50,CA,2026-05-11 00:00:00
C007610,referral,1-10,CH,2026-06-25 00:00:00
C007611,sea,51-200,FR,2026-06-01 00:00:00
C007612,referral,200+,FR,2026-03-11 00:00:00
C007613,seo,1-10,FR,2026-02-27 00:00:00
C007614,referral,200+,FR,2026-06-10 00:00:00
C007615,referral,51-200,FR,2026-04-26 00:00:00
C007616,referral,1-10,FR,2026-06-02 00:00:00
C007617,referral,11-50,BE,2026-06-29 00:00:00
C007618,direct,11-50,FR,2026-03-29 00:00:00
C007619,sea,51-200,FR,2026-06-09 00:00:00
C007620,seo,1-10,FR,2026-02-05 00:00:00
C007621,direct,11-50,FR,2026-04-21 00:00:00
C007622,referral,200+,FR,2026-02-25 00:00:00
C007623,sea,51-200,FR,2026-03-30 00:00:00
C007624,seo,11-50,CH,2026-02-11 00:00:00
C007625,direct,1-10,FR,2026-01-10 00:00:00
C007626,direct,1-10,FR,2026-07-05 00:00:00
C007627,sea,200+,FR,2026-02-25 00:00:00
C007628,referral,1-10,FR,2026-05-23 00:00:00
C007629,seo,1-10,FR,2026-01-05 00:00:00
C007630,seo,11-50,CA,2026-05-29 00:00:00
C007631,seo,200+,FR,2026-06-24 00:00:00
C007632,direct,200+,CH,2026-05-14 00:00:00
C007633,seo,1-10,FR,2026-05-04 00:00:00
C007634,direct,11-50,FR,2026-02-05 00:00:00
C007635,direct,11-50,FR,2026-03-25 00:00:00
C007636,seo,1-10,FR,2026-06-06 00:00:00
C007637,seo,200+,FR,2026-07-19 00:00:00
C007638,seo,11-50,FR,2026-06-02 00:00:00
C007639,referral,200+,FR,2026-02-20 00:00:00
C007640,direct,51-200,BE,2026-05-08 00:00:00
C007641,referral,51-200,FR,2026-03-02 00:00:00
C007642,direct,11-50,FR,2026-05-24 00:00:00
C007643,referral,200+,FR,2026-01-22 00:00:00
C007644,sea,11-50,FR,2026-07-08 00:00:00
C007645,seo,11-50,CH,2026-02-03 00:00:00
C007646,sea,200+,FR,2026-04-23 00:00:00
C007647,sea,200+,BE,2026-07-18 00:00:00
C007648,direct,200+,FR,2026-05-13 00:00:00
C007649,direct,51-200,FR,2026-01-20 00:00:00
C007650,referral,1-10,FR,2026-02-24 00:00:00
C007651,direct,200+,FR,2026-05-23 00:00:00
C007652,direct,51-200,CH,2026-07-11 00:00:00
C007653,direct,51-200,FR,2026-06-24 00:00:00
C007654,seo,1-10,FR,2026-03-02 00:00:00
C007655,direct,1-10,FR,2026-05-20 00:00:00
C007656,sea,11-50,CH,2026-01-21 00:00:00
C007657,sea,1-10,FR,2026-02-04 00:00:00
C007658,referral,1-10,FR,2026-05-06 00:00:00
C007659,sea,51-200,FR,2026-04-16 00:00:00
C007660,direct,11-50,FR,2026-05-26 00:00:00
C007661,direct,51-200,FR,2026-04-16 00:00:00
C007662,direct,51-200,FR,2026-04-25 00:00:00
C007663,seo,11-50,FR,2026-03-18 00:00:00
C007664,seo,1-10,FR,2026-01-07 00:00:00
C007665,sea,11-50,FR,2026-06-07 00:00:00
C007666,direct,1-10,FR,2026-05-07 00:00:00
C007667,seo,200+,FR,2026-04-09 00:00:00
C007668,direct,1-10,BE,2026-06-30 00:00:00
C007669,sea,200+,FR,2026-07-04 00:00:00
C007670,sea,51-200,FR,2026-02-26 00:00:00
C007671,direct,1-10,FR,2026-04-15 00:00:00
C007672,sea,51-200,CA,2026-05-11 00:00:00
C007673,referral,51-200,FR,2026-06-14 00:00:00
C007674,referral,11-50,FR,2026-03-11 00:00:00
C007675,sea,1-10,FR,2026-03-29 00:00:00
C007676,direct,11-50,FR,2026-03-24 00:00:00
C007677,sea,200+,FR,2026-06-29 00:00:00
C007678,referral,51-200,FR,2026-04-13 00:00:00
C007679,sea,1-10,BE,2026-05-21 00:00:00
C007680,seo,200+,FR,2026-01-03 00:00:00
C007681,sea,11-50,FR,2026-02-24 00:00:00
C007682,referral,11-50,FR,2026-02-03 00:00:00
C007683,sea,11-50,FR,2026-06-04 00:00:00
C007684,seo,51-200,FR,2026-02-23 00:00:00
C007685,seo,11-50,FR,2026-05-23 00:00:00
C007686,referral,1-10,CA,2026-05-05 00:00:00
C007687,sea,200+,BE,2026-07-12 00:00:00
C007688,seo,1-10,CH,2026-01-20 00:00:00
C007689,sea,1-10,CH,2026-02-24 00:00:00
C007690,referral,11-50,CH,2026-07-08 00:00:00
C007691,sea,200+,FR,2026-04-10 00:00:00
C007692,direct,1-10,CH,2026-05-22 00:00:00
C007693,referral,1-10,FR,2026-04-13 00:00:00
C007694,sea,1-10,FR,2026-02-28 00:00:00
C007695,direct,1-10,BE,2026-07-10 00:00:00
C007696,referral,200+,FR,2026-02-11 00:00:00
C007697,referral,11-50,FR,2026-02-08 00:00:00
C007698,direct,51-200,FR,2026-02-27 00:00:00
C007699,direct,51-200,FR,2026-04-13 00:00:00
C007700,referral,1-10,FR,2026-05-10 00:00:00
C007701,seo,51-200,FR,2026-03-24 00:00:00
C007702,direct,200+,FR,2026-02-17 00:00:00
C007703,referral,1-10,FR,2026-01-26 00:00:00
C007704,direct,1-10,CA,2026-02-12 00:00:00
C007705,sea,1-10,BE,2026-03-24 00:00:00
C007706,seo,11-50,FR,2026-04-14 00:00:00
C007707,direct,51-200,CA,2026-01-29 00:00:00
C007708,referral,11-50,CH,2026-02-06 00:00:00
C007709,seo,1-10,FR,2026-05-10 00:00:00
C007710,direct,51-200,CH,2026-04-25 00:00:00
C007711,direct,11-50,FR,2026-07-06 00:00:00
C007712,direct,51-200,FR,2026-02-04 00:00:00
C007713,referral,1-10,FR,2026-07-05 00:00:00
C007714,seo,1-10,CH,2026-01-14 00:00:00
C007715,seo,11-50,FR,2026-02-24 00:00:00
C007716,referral,11-50,FR,2026-01-18 00:00:00
C007717,direct,200+,FR,2026-03-01 00:00:00
C007718,direct,51-200,FR,2026-06-27 00:00:00
C007719,referral,200+,FR,2026-05-13 00:00:00
C007720,sea,51-200,FR,2026-04-10 00:00:00
C007721,direct,51-200,FR,2026-07-08 00:00:00
C007722,direct,51-200,FR,2026-04-19 00:00:00
C007723,sea,51-200,FR,2026-07-02 00:00:00
C007724,direct,11-50,FR,2026-06-27 00:00:00
C007725,sea,1-10,CH,2026-07-07 00:00:00
C007726,direct,51-200,FR,2026-03-21 00:00:00
C007727,sea,51-200,FR,2026-01-30 00:00:00
C007728,sea,200+,FR,2026-01-14 00:00:00
C007729,seo,1-10,FR,2026-05-30 00:00:00
C007730,seo,11-50,CA,2026-04-14 00:00:00
C007731,referral,200+,BE,2026-03-11 00:00:00
C007732,direct,51-200,FR,2026-06-24 00:00:00
C007733,direct,200+,FR,2026-05-31 00:00:00
C007734,direct,200+,BE,2026-05-16 00:00:00
C007735,sea,51-200,FR,2026-07-07 00:00:00
C007736,sea,11-50,FR,2026-06-23 00:00:00
C007737,direct,11-50,FR,2026-05-01 00:00:00
C007738,direct,1-10,FR,2026-05-21 00:00:00
C007739,direct,51-200,CH,2026-02-24 00:00:00
C007740,direct,200+,BE,2026-07-06 00:00:00
C007741,seo,1-10,CA,2026-07-10 00:00:00
C007742,sea,51-200,FR,2026-01-26 00:00:00
C007743,sea,51-200,FR,2026-07-12 00:00:00
C007744,direct,11-50,FR,2026-04-08 00:00:00
C007745,seo,200+,FR,2026-07-12 00:00:00
C007746,sea,51-200,FR,2026-04-06 00:00:00
C007747,seo,1-10,CA,2026-01-12 00:00:00
C007748,sea,51-200,FR,2026-04-07 00:00:00
C007749,direct,200+,FR,2026-01-24 00:00:00
C007750,referral,1-10,FR,2026-01-03 00:00:00
C007751,direct,11-50,FR,2026-07-07 00:00:00
C007752,sea,51-200,BE,2026-04-08 00:00:00
C007753,seo,11-50,BE,2026-05-19 00:00:00
C007754,direct,11-50,FR,2026-06-12 00:00:00
C007755,sea,11-50,FR,2026-06-07 00:00:00
C007756,referral,51-200,FR,2026-01-16 00:00:00
C007757,sea,1-10,FR,2026-01-06 00:00:00
C007758,referral,1-10,FR,2026-05-17 00:00:00
C007759,direct,1-10,FR,2026-04-23 00:00:00
C007760,referral,1-10,FR,2026-05-13 00:00:00
C007761,direct,11-50,BE,2026-03-12 00:00:00
C007762,seo,51-200,FR,2026-06-21 00:00:00
C007763,direct,200+,BE,2026-01-14 00:00:00
C007764,direct,1-10,CH,2026-07-07 00:00:00
C007765,sea,1-10,FR,2026-02-16 00:00:00
C007766,sea,1-10,CH,2026-03-09 00:00:00
C007767,referral,51-200,FR,2026-01-17 00:00:00
C007768,seo,200+,BE,2026-02-18 00:00:00
C007769,referral,51-200,CA,2026-02-08 00:00:00
C007770,direct,11-50,FR,2026-05-07 00:00:00
C007771,seo,200+,BE,2026-05-20 00:00:00
C007772,seo,11-50,FR,2026-01-23 00:00:00
C007773,seo,11-50,CH,2026-02-27 00:00:00
C007774,referral,51-200,BE,2026-02-07 00:00:00
C007775,direct,200+,FR,2026-05-11 00:00:00
C007776,seo,11-50,FR,2026-02-02 00:00:00
C007777,sea,1-10,CA,2026-06-26 00:00:00
C007778,sea,1-10,FR,2026-02-05 00:00:00
C007779,sea,1-10,FR,2026-04-28 00:00:00
C007780,direct,51-200,CH,2026-02-01 00:00:00
C007781,direct,1-10,FR,2026-05-27 00:00:00
C007782,referral,200+,FR,2026-02-23 00:00:00
C007783,referral,200+,FR,2026-06-26 00:00:00
C007784,sea,11-50,FR,2026-04-02 00:00:00
C007785,direct,51-200,FR,2026-04-11 00:00:00
C007786,seo,51-200,FR,2026-04-12 00:00:00
C007787,sea,200+,FR,2026-04-30 00:00:00
C007788,direct,1-10,FR,2026-02-20 00:00:00
C007789,direct,51-200,BE,2026-04-02 00:00:00
C007790,sea,200+,FR,2026-04-09 00:00:00
C007791,direct,200+,BE,2026-06-05 00:00:00
C007792,seo,200+,FR,2026-03-21 00:00:00
C007793,referral,1-10,FR,2026-03-08 00:00:00
C007794,seo,1-10,FR,2026-05-30 00:00:00
C007795,seo,1-10,CH,2026-06-10 00:00:00
C007796,seo,11-50,FR,2026-04-25 00:00:00
C007797,referral,200+,BE,2026-02-01 00:00:00
C007798,sea,11-50,FR,2026-05-28 00:00:00
C007799,referral,1-10,FR,2026-06-27 00:00:00
C007800,sea,11-50,FR,2026-02-28 00:00:00
C007801,direct,1-10,CH,2026-06-15 00:00:00
C007802,direct,11-50,CA,2026-06-29 00:00:00
C007803,seo,1-10,FR,2026-04-13 00:00:00
C007804,direct,11-50,FR,2026-02-27 00:00:00
C007805,direct,51-200,FR,2026-01-08 00:00:00
C007806,referral,1-10,BE,2026-03-16 00:00:00
C007807,sea,51-200,FR,2026-04-25 00:00:00
C007808,sea,51-200,FR,2026-02-09 00:00:00
C007809,direct,11-50,FR,2026-03-17 00:00:00
C007810,direct,1-10,FR,2026-06-23 00:00:00
C007811,seo,1-10,FR,2026-04-26 00:00:00
C007812,seo,200+,FR,2026-06-25 00:00:00
C007813,seo,11-50,FR,2026-02-09 00:00:00
C007814,referral,200+,FR,2026-05-16 00:00:00
C007815,seo,1-10,FR,2026-06-24 00:00:00
C007816,direct,11-50,BE,2026-02-02 00:00:00
C007817,sea,1-10,BE,2026-03-22 00:00:00
C007818,direct,1-10,FR,2026-02-12 00:00:00
C007819,referral,51-200,FR,2026-01-08 00:00:00
C007820,direct,11-50,CH,2026-07-05 00:00:00
C007821,direct,51-200,FR,2026-07-16 00:00:00
C007822,referral,51-200,FR,2026-01-22 00:00:00
C007823,sea,11-50,BE,2026-07-12 00:00:00
C007824,seo,11-50,FR,2026-01-26 00:00:00
C007825,sea,51-200,FR,2026-02-04 00:00:00
C007826,direct,1-10,FR,2026-01-05 00:00:00
C007827,seo,51-200,FR,2026-03-02 00:00:00
C007828,referral,200+,FR,2026-03-06 00:00:00
C007829,seo,11-50,CA,2026-03-25 00:00:00
C007830,seo,51-200,FR,2026-02-19 00:00:00
C007831,seo,11-50,FR,2026-03-28 00:00:00
C007832,direct,11-50,FR,2026-04-12 00:00:00
C007833,sea,11-50,FR,2026-06-21 00:00:00
C007834,seo,11-50,FR,2026-06-02 00:00:00
C007835,seo,200+,FR,2026-06-11 00:00:00
C007836,sea,11-50,CH,2026-03-05 00:00:00
C007837,sea,200+,FR,2026-06-23 00:00:00
C007838,seo,51-200,FR,2026-02-25 00:00:00
C007839,referral,200+,FR,2026-04-26 00:00:00
C007840,sea,11-50,FR,2026-03-13 00:00:00
C007841,sea,51-200,FR,2026-05-02 00:00:00
C007842,direct,51-200,FR,2026-05-31 00:00:00
C007843,sea,1-10,FR,2026-04-10 00:00:00
C007844,direct,1-10,CH,2026-03-21 00:00:00
C007845,seo,11-50,FR,2026-01-15 00:00:00
C007846,referral,1-10,FR,2026-04-15 00:00:00
C007847,referral,11-50,FR,2026-07-14 00:00:00
C007848,referral,1-10,FR,2026-06-21 00:00:00
C007849,sea,11-50,FR,2026-04-19 00:00:00
C007850,seo,200+,FR,2026-03-16 00:00:00
C007851,referral,11-50,FR,2026-02-26 00:00:00
C007852,direct,51-200,FR,2026-05-21 00:00:00
C007853,seo,200+,CA,2026-06-28 00:00:00
C007854,seo,200+,FR,2026-04-28 00:00:00
C007855,referral,11-50,FR,2026-05-17 00:00:00
C007856,seo,1-10,FR,2026-04-03 00:00:00
C007857,seo,1-10,FR,2026-03-14 00:00:00
C007858,seo,11-50,BE,2026-07-14 00:00:00
C007859,referral,51-200,CA,2026-06-07 00:00:00
C007860,referral,1-10,CA,2026-04-21 00:00:00
C007861,seo,1-10,CH,2026-05-13 00:00:00
C007862,seo,200+,FR,2026-05-17 00:00:00
C007863,direct,200+,FR,2026-06-15 00:00:00
C007864,seo,11-50,FR,2026-06-28 00:00:00
C007865,referral,1-10,FR,2026-02-17 00:00:00
C007866,referral,200+,FR,2026-01-27 00:00:00
C007867,sea,51-200,CH,2026-01-30 00:00:00
C007868,seo,11-50,FR,2026-04-08 00:00:00
C007869,sea,200+,CH,2026-01-24 00:00:00
C007870,seo,200+,CA,2026-02-24 00:00:00
C007871,seo,51-200,FR,2026-02-19 00:00:00
C007872,seo,200+,CH,2026-05-12 00:00:00
C007873,direct,11-50,FR,2026-07-10 00:00:00
C007874,seo,1-10,FR,2026-03-10 00:00:00
C007875,sea,11-50,FR,2026-05-09 00:00:00
C007876,referral,1-10,CH,2026-02-01 00:00:00
C007877,direct,51-200,FR,2026-05-05 00:00:00
C007878,direct,1-10,FR,2026-01-13 00:00:00
C007879,referral,51-200,FR,2026-03-19 00:00:00
C007880,direct,1-10,FR,2026-02-04 00:00:00
C007881,seo,1-10,BE,2026-06-13 00:00:00
C007882,referral,1-10,FR,2026-01-27 00:00:00
C007883,seo,51-200,FR,2026-01-09 00:00:00
C007884,referral,11-50,FR,2026-01-01 00:00:00
C007885,direct,51-200,FR,2026-06-17 00:00:00
C007886,sea,200+,CA,2026-02-24 00:00:00
C007887,referral,51-200,FR,2026-05-12 00:00:00
C007888,seo,1-10,FR,2026-02-28 00:00:00
C007889,seo,200+,FR,2026-02-17 00:00:00
C007890,seo,200+,FR,2026-06-29 00:00:00
C007891,direct,11-50,FR,2026-03-29 00:00:00
C007892,seo,200+,FR,2026-03-24 00:00:00
C007893,seo,200+,CA,2026-04-15 00:00:00
C007894,seo,1-10,BE,2026-05-05 00:00:00
C007895,seo,51-200,CA,2026-02-16 00:00:00
C007896,referral,200+,FR,2026-05-28 00:00:00
C007897,direct,11-50,CA,2026-02-24 00:00:00
C007898,sea,200+,FR,2026-06-29 00:00:00
C007899,seo,200+,FR,2026-03-23 00:00:00
C007900,direct,1-10,FR,2026-03-02 00:00:00
C007901,seo,1-10,FR,2026-07-17 00:00:00
C007902,direct,1-10,FR,2026-05-07 00:00:00
C007903,direct,11-50,FR,2026-02-23 00:00:00
C007904,seo,200+,FR,2026-01-10 00:00:00
C007905,direct,1-10,FR,2026-02-24 00:00:00
C007906,direct,11-50,FR,2026-02-24 00:00:00
C007907,referral,51-200,FR,2026-04-12 00:00:00
C007908,seo,11-50,CH,2026-04-30 00:00:00
C007909,direct,11-50,CA,2026-05-19 00:00:00
C007910,sea,1-10,BE,2026-03-05 00:00:00
C007911,direct,200+,FR,2026-02-01 00:00:00
C007912,referral,200+,FR,2026-03-01 00:00:00
C007913,seo,51-200,FR,2026-01-03 00:00:00
C007914,seo,1-10,FR,2026-01-23 00:00:00
C007915,sea,1-10,FR,2026-01-23 00:00:00
C007916,direct,1-10,BE,2026-02-28 00:00:00
C007917,sea,200+,FR,2026-07-15 00:00:00
C007918,sea,200+,FR,2026-01-18 00:00:00
C007919,direct,51-200,FR,2026-05-13 00:00:00
C007920,seo,1-10,FR,2026-04-19 00:00:00
C007921,direct,200+,BE,2026-02-21 00:00:00
C007922,direct,200+,BE,2026-03-13 00:00:00
C007923,sea,1-10,FR,2026-02-05 00:00:00
C007924,sea,200+,FR,2026-02-19 00:00:00
C007925,seo,1-10,CH,2026-01-26 00:00:00
C007926,sea,1-10,FR,2026-04-19 00:00:00
C007927,referral,11-50,CA,2026-02-03 00:00:00
C007928,seo,1-10,BE,2026-02-21 00:00:00
C007929,referral,1-10,FR,2026-04-01 00:00:00
C007930,direct,51-200,FR,2026-06-24 00:00:00
C007931,seo,1-10,FR,2026-06-04 00:00:00
C007932,seo,51-200,FR,2026-06-24 00:00:00
C007933,sea,1-10,FR,2026-02-13 00:00:00
C007934,seo,51-200,FR,2026-01-08 00:00:00
C007935,seo,51-200,FR,2026-03-06 00:00:00
C007936,seo,51-200,FR,2026-05-26 00:00:00
C007937,direct,1-10,FR,2026-01-01 00:00:00
C007938,sea,51-200,FR,2026-05-13 00:00:00
C007939,direct,51-200,FR,2026-06-15 00:00:00
C007940,referral,1-10,FR,2026-06-07 00:00:00
C007941,sea,1-10,BE,2026-01-03 00:00:00
C007942,seo,51-200,FR,2026-01-04 00:00:00
C007943,seo,11-50,BE,2026-07-16 00:00:00
C007944,sea,200+,CA,2026-05-12 00:00:00
C007945,seo,200+,FR,2026-04-14 00:00:00
C007946,seo,51-200,FR,2026-06-29 00:00:00
C007947,sea,200+,FR,2026-03-15 00:00:00
C007948,referral,51-200,CA,2026-03-11 00:00:00
C007949,direct,200+,FR,2026-04-12 00:00:00
C007950,sea,11-50,CH,2026-03-21 00:00:00
C007951,sea,51-200,FR,2026-06-18 00:00:00
C007952,referral,51-200,FR,2026-03-17 00:00:00
C007953,sea,1-10,CH,2026-05-01 00:00:00
C007954,sea,200+,FR,2026-03-04 00:00:00
C007955,seo,51-200,CA,2026-04-02 00:00:00
C007956,sea,11-50,FR,2026-05-31 00:00:00
C007957,seo,1-10,CA,2026-05-18 00:00:00
C007958,referral,1-10,FR,2026-02-19 00:00:00
C007959,direct,200+,CH,2026-04-24 00:00:00
C007960,direct,1-10,FR,2026-05-15 00:00:00
C007961,referral,51-200,FR,2026-02-01 00:00:00
C007962,direct,51-200,FR,2026-04-17 00:00:00
C007963,referral,51-200,FR,2026-04-29 00:00:00
C007964,referral,200+,FR,2026-07-05 00:00:00
C007965,referral,51-200,CA,2026-02-11 00:00:00
C007966,seo,11-50,FR,2026-05-16 00:00:00
C007967,seo,51-200,CA,2026-02-25 00:00:00
C007968,sea,51-200,CH,2026-01-24 00:00:00
C007969,seo,11-50,FR,2026-02-04 00:00:00
C007970,referral,51-200,FR,2026-07-19 00:00:00
C007971,seo,200+,FR,2026-02-15 00:00:00
C007972,sea,51-200,FR,2026-02-08 00:00:00
C007973,referral,11-50,CA,2026-01-06 00:00:00
C007974,seo,1-10,FR,2026-01-02 00:00:00
C007975,seo,200+,CH,2026-03-18 00:00:00
C007976,referral,1-10,FR,2026-06-11 00:00:00
C007977,sea,11-50,FR,2026-04-17 00:00:00
C007978,sea,11-50,FR,2026-05-26 00:00:00
C007979,seo,200+,FR,2026-07-15 00:00:00
C007980,referral,11-50,FR,2026-01-31 00:00:00
C007981,direct,51-200,FR,2026-06-19 00:00:00
C007982,referral,51-200,FR,2026-02-13 00:00:00
C007983,referral,11-50,FR,2026-05-06 00:00:00
C007984,referral,51-200,FR,2026-06-26 00:00:00
C007985,referral,11-50,FR,2026-04-13 00:00:00
C007986,referral,200+,BE,2026-06-05 00:00:00
C007987,seo,1-10,FR,2026-01-25 00:00:00
C007988,direct,11-50,FR,2026-05-30 00:00:00
C007989,direct,1-10,FR,2026-02-10 00:00:00
C007990,direct,51-200,FR,2026-04-01 00:00:00
C007991,referral,51-200,FR,2026-04-24 00:00:00
C007992,seo,51-200,FR,2026-03-21 00:00:00
C007993,seo,1-10,CA,2026-07-02 00:00:00
C007994,referral,11-50,FR,2026-04-24 00:00:00
C007995,sea,51-200,BE,2026-04-23 00:00:00
C007996,direct,51-200,FR,2026-04-29 00:00:00
C007997,sea,11-50,FR,2026-07-14 00:00:00
C007998,direct,200+,FR,2026-03-21 00:00:00
C007999,referral,51-200,FR,2026-02-05 00:00:00
C008000,direct,51-200,FR,2026-04-11 00:00:00
C008001,seo,11-50,FR,2026-05-27 00:00:00
C008002,sea,200+,FR,2026-07-04 00:00:00
C008003,direct,51-200,FR,2026-04-16 00:00:00
C008004,referral,11-50,BE,2026-06-02 00:00:00
C008005,referral,11-50,FR,2026-03-22 00:00:00
C008006,referral,51-200,FR,2026-05-27 00:00:00
C008007,referral,200+,CA,2026-01-08 00:00:00
C008008,direct,200+,BE,2026-05-16 00:00:00
C008009,direct,11-50,CH,2026-05-16 00:00:00
C008010,sea,51-200,CH,2026-06-20 00:00:00
C008011,sea,1-10,FR,2026-04-10 00:00:00
C008012,referral,11-50,FR,2026-01-15 00:00:00
C008013,sea,51-200,FR,2026-02-23 00:00:00
C008014,seo,11-50,FR,2026-06-21 00:00:00
C008015,sea,51-200,CA,2026-04-13 00:00:00
C008016,direct,1-10,FR,2026-07-18 00:00:00
C008017,sea,11-50,BE,2026-05-02 00:00:00
C008018,referral,1-10,FR,2026-04-20 00:00:00
C008019,sea,51-200,BE,2026-02-05 00:00:00
C008020,sea,1-10,FR,2026-03-11 00:00:00
C008021,direct,11-50,FR,2026-04-09 00:00:00
C008022,seo,200+,FR,2026-06-27 00:00:00
C008023,seo,51-200,FR,2026-05-13 00:00:00
C008024,sea,200+,FR,2026-04-08 00:00:00
C008025,direct,1-10,BE,2026-01-20 00:00:00
C008026,seo,1-10,CA,2026-06-14 00:00:00
C008027,direct,200+,FR,2026-03-15 00:00:00
C008028,seo,11-50,FR,2026-07-10 00:00:00
C008029,direct,1-10,CA,2026-05-27 00:00:00
C008030,referral,200+,FR,2026-06-16 00:00:00
C008031,referral,11-50,FR,2026-03-05 00:00:00
C008032,referral,200+,FR,2026-04-05 00:00:00
C008033,sea,1-10,FR,2026-05-22 00:00:00
C008034,sea,11-50,BE,2026-04-21 00:00:00
C008035,sea,1-10,CH,2026-02-12 00:00:00
C008036,seo,11-50,FR,2026-07-06 00:00:00
C008037,direct,200+,FR,2026-04-20 00:00:00
C008038,sea,11-50,BE,2026-04-13 00:00:00
C008039,referral,11-50,FR,2026-03-26 00:00:00
C008040,sea,51-200,CA,2026-01-15 00:00:00
C008041,seo,1-10,FR,2026-01-25 00:00:00
C008042,referral,11-50,FR,2026-07-16 00:00:00
C008043,direct,200+,BE,2026-04-21 00:00:00
C008044,direct,1-10,CH,2026-04-28 00:00:00
C008045,referral,51-200,CH,2026-05-17 00:00:00
C008046,direct,51-200,FR,2026-04-25 00:00:00
C008047,seo,11-50,FR,2026-05-29 00:00:00
C008048,sea,1-10,FR,2026-05-16 00:00:00
C008049,seo,11-50,CH,2026-04-28 00:00:00
C008050,referral,51-200,BE,2026-03-06 00:00:00
C008051,direct,1-10,FR,2026-05-29 00:00:00
C008052,sea,1-10,FR,2026-04-01 00:00:00
C008053,sea,1-10,FR,2026-02-21 00:00:00
C008054,sea,200+,FR,2026-02-02 00:00:00
C008055,sea,51-200,FR,2026-02-24 00:00:00
C008056,direct,1-10,FR,2026-07-13 00:00:00
C008057,referral,1-10,FR,2026-03-06 00:00:00
C008058,sea,200+,FR,2026-03-15 00:00:00
C008059,referral,11-50,FR,2026-06-17 00:00:00
C008060,sea,200+,FR,2026-07-15 00:00:00
C008061,sea,11-50,FR,2026-02-19 00:00:00
C008062,sea,51-200,FR,2026-05-03 00:00:00
C008063,referral,51-200,FR,2026-05-31 00:00:00
C008064,sea,200+,FR,2026-07-01 00:00:00
C008065,referral,51-200,FR,2026-01-31 00:00:00
C008066,referral,1-10,FR,2026-05-16 00:00:00
C008067,direct,200+,FR,2026-01-24 00:00:00
C008068,direct,51-200,FR,2026-03-17 00:00:00
C008069,seo,200+,FR,2026-05-31 00:00:00
C008070,referral,51-200,BE,2026-05-22 00:00:00
C008071,sea,200+,CH,2026-05-10 00:00:00
C008072,seo,1-10,FR,2026-03-01 00:00:00
C008073,direct,1-10,BE,2026-05-25 00:00:00
C008074,direct,1-10,BE,2026-03-31 00:00:00
C008075,seo,51-200,BE,2026-07-01 00:00:00
C008076,direct,1-10,FR,2026-03-12 00:00:00
C008077,sea,200+,FR,2026-04-05 00:00:00
C008078,seo,51-200,FR,2026-06-18 00:00:00
C008079,direct,200+,FR,2026-05-11 00:00:00
C008080,seo,1-10,FR,2026-04-22 00:00:00
C008081,direct,200+,BE,2026-05-27 00:00:00
C008082,seo,51-200,FR,2026-07-03 00:00:00
C008083,sea,51-200,FR,2026-02-21 00:00:00
C008084,direct,11-50,CH,2026-05-04 00:00:00
C008085,referral,51-200,FR,2026-02-04 00:00:00
C008086,referral,51-200,FR,2026-06-14 00:00:00
C008087,seo,51-200,FR,2026-01-23 00:00:00
C008088,seo,1-10,FR,2026-03-10 00:00:00
C008089,sea,11-50,FR,2026-05-07 00:00:00
C008090,direct,11-50,BE,2026-06-09 00:00:00
C008091,seo,1-10,FR,2026-03-29 00:00:00
C008092,seo,11-50,FR,2026-01-06 00:00:00
C008093,seo,200+,BE,2026-04-18 00:00:00
C008094,seo,51-200,FR,2026-03-29 00:00:00
C008095,sea,200+,CH,2026-03-24 00:00:00
C008096,direct,1-10,FR,2026-03-07 00:00:00
C008097,referral,11-50,FR,2026-05-13 00:00:00
C008098,sea,11-50,CH,2026-06-03 00:00:00
C008099,sea,200+,FR,2026-04-10 00:00:00
C008100,direct,11-50,FR,2026-02-08 00:00:00
C008101,seo,200+,FR,2026-02-05 00:00:00
C008102,referral,11-50,FR,2026-01-09 00:00:00
C008103,sea,200+,FR,2026-01-28 00:00:00
C008104,referral,200+,FR,2026-06-02 00:00:00
C008105,direct,11-50,FR,2026-07-04 00:00:00
C008106,direct,51-200,CH,2026-05-30 00:00:00
C008107,seo,200+,FR,2026-04-03 00:00:00
C008108,sea,11-50,FR,2026-04-26 00:00:00
C008109,referral,200+,FR,2026-03-11 00:00:00
C008110,referral,11-50,FR,2026-07-02 00:00:00
C008111,seo,200+,CA,2026-04-23 00:00:00
C008112,referral,51-200,FR,2026-06-02 00:00:00
C008113,direct,200+,FR,2026-05-11 00:00:00
C008114,direct,51-200,FR,2026-06-06 00:00:00
C008115,sea,200+,CA,2026-06-10 00:00:00
C008116,seo,11-50,FR,2026-02-06 00:00:00
C008117,referral,200+,CA,2026-05-03 00:00:00
C008118,sea,51-200,CA,2026-02-18 00:00:00
C008119,referral,200+,FR,2026-07-10 00:00:00
C008120,seo,11-50,FR,2026-02-09 00:00:00
C008121,sea,1-10,FR,2026-03-16 00:00:00
C008122,direct,200+,FR,2026-07-18 00:00:00
C008123,sea,51-200,CA,2026-01-30 00:00:00
C008124,direct,200+,FR,2026-05-13 00:00:00
C008125,referral,1-10,FR,2026-07-03 00:00:00
C008126,seo,11-50,FR,2026-04-25 00:00:00
C008127,referral,200+,FR,2026-06-02 00:00:00
C008128,seo,51-200,CH,2026-06-18 00:00:00
C008129,direct,11-50,FR,2026-05-04 00:00:00
C008130,sea,200+,CH,2026-02-03 00:00:00
C008131,direct,51-200,FR,2026-05-17 00:00:00
C008132,referral,51-200,FR,2026-03-21 00:00:00
C008133,direct,51-200,FR,2026-04-19 00:00:00
C008134,direct,200+,FR,2026-01-10 00:00:00
C008135,referral,11-50,CA,2026-05-06 00:00:00
C008136,seo,200+,FR,2026-03-24 00:00:00
C008137,referral,1-10,FR,2026-05-31 00:00:00
C008138,referral,51-200,FR,2026-03-25 00:00:00
C008139,direct,51-200,FR,2026-01-17 00:00:00
C008140,sea,1-10,FR,2026-04-08 00:00:00
C008141,referral,11-50,CA,2026-04-21 00:00:00
C008142,direct,1-10,FR,2026-01-31 00:00:00
C008143,seo,1-10,FR,2026-04-15 00:00:00
C008144,sea,200+,BE,2026-04-13 00:00:00
C008145,sea,51-200,FR,2026-06-22 00:00:00
C008146,direct,200+,BE,2026-06-04 00:00:00
C008147,direct,200+,FR,2026-04-30 00:00:00
C008148,sea,200+,FR,2026-01-25 00:00:00
C008149,referral,11-50,FR,2026-03-21 00:00:00
C008150,seo,11-50,FR,2026-05-26 00:00:00
C008151,sea,11-50,FR,2026-04-12 00:00:00
C008152,referral,51-200,BE,2026-05-17 00:00:00
C008153,referral,51-200,FR,2026-01-09 00:00:00
C008154,sea,51-200,CA,2026-07-13 00:00:00
C008155,sea,11-50,FR,2026-03-30 00:00:00
C008156,sea,1-10,CA,2026-04-27 00:00:00
C008157,sea,200+,FR,2026-04-17 00:00:00
C008158,sea,51-200,FR,2026-01-31 00:00:00
C008159,referral,51-200,FR,2026-01-29 00:00:00
C008160,seo,11-50,FR,2026-05-05 00:00:00
C008161,referral,11-50,FR,2026-04-23 00:00:00
C008162,referral,200+,FR,2026-02-24 00:00:00
C008163,sea,51-200,FR,2026-01-16 00:00:00
C008164,sea,51-200,FR,2026-06-10 00:00:00
C008165,sea,1-10,FR,2026-04-02 00:00:00
C008166,sea,200+,FR,2026-04-07 00:00:00
C008167,seo,11-50,FR,2026-05-06 00:00:00
C008168,sea,51-200,FR,2026-01-14 00:00:00
C008169,referral,1-10,FR,2026-06-27 00:00:00
C008170,sea,11-50,FR,2026-07-19 00:00:00
C008171,referral,51-200,FR,2026-05-23 00:00:00
C008172,referral,200+,FR,2026-05-29 00:00:00
C008173,seo,51-200,FR,2026-07-17 00:00:00
C008174,sea,200+,CA,2026-02-03 00:00:00
C008175,sea,200+,CH,2026-05-15 00:00:00
C008176,sea,11-50,FR,2026-04-15 00:00:00
C008177,seo,1-10,FR,2026-05-11 00:00:00
C008178,seo,11-50,FR,2026-07-19 00:00:00
C008179,seo,51-200,CH,2026-06-29 00:00:00
C008180,sea,1-10,FR,2026-04-05 00:00:00
C008181,sea,1-10,FR,2026-01-31 00:00:00
C008182,referral,51-200,BE,2026-05-16 00:00:00
C008183,direct,1-10,FR,2026-01-28 00:00:00
C008184,direct,1-10,BE,2026-02-16 00:00:00
C008185,direct,1-10,FR,2026-01-28 00:00:00
C008186,referral,51-200,CH,2026-06-15 00:00:00
C008187,seo,51-200,FR,2026-07-17 00:00:00
C008188,direct,51-200,FR,2026-04-06 00:00:00
C008189,seo,200+,BE,2026-07-08 00:00:00
C008190,sea,51-200,FR,2026-04-27 00:00:00
C008191,seo,11-50,CH,2026-03-19 00:00:00
C008192,sea,11-50,FR,2026-04-02 00:00:00
C008193,seo,51-200,FR,2026-05-06 00:00:00
C008194,referral,11-50,FR,2026-05-15 00:00:00
C008195,seo,1-10,BE,2026-03-17 00:00:00
C008196,sea,200+,CA,2026-02-10 00:00:00
C008197,referral,11-50,FR,2026-01-20 00:00:00
C008198,direct,200+,FR,2026-05-23 00:00:00
C008199,referral,200+,FR,2026-03-25 00:00:00
C008200,referral,1-10,FR,2026-01-02 00:00:00
C008201,direct,51-200,FR,2026-01-10 00:00:00
C008202,direct,200+,FR,2026-04-21 00:00:00
C008203,direct,200+,FR,2026-05-14 00:00:00
C008204,seo,1-10,BE,2026-02-21 00:00:00
C008205,sea,1-10,FR,2026-06-27 00:00:00
C008206,seo,1-10,FR,2026-03-18 00:00:00
C008207,direct,1-10,BE,2026-02-06 00:00:00
C008208,referral,51-200,BE,2026-04-12 00:00:00
C008209,direct,51-200,FR,2026-04-26 00:00:00
C008210,sea,11-50,BE,2026-04-08 00:00:00
C008211,referral,200+,FR,2026-04-13 00:00:00
C008212,seo,1-10,FR,2026-04-19 00:00:00
C008213,referral,11-50,FR,2026-02-15 00:00:00
C008214,seo,51-200,CA,2026-02-16 00:00:00
C008215,referral,1-10,FR,2026-01-14 00:00:00
C008216,sea,200+,FR,2026-04-19 00:00:00
C008217,referral,51-200,BE,2026-05-31 00:00:00
C008218,sea,11-50,FR,2026-04-29 00:00:00
C008219,seo,11-50,FR,2026-01-09 00:00:00
C008220,referral,200+,FR,2026-04-01 00:00:00
C008221,seo,200+,FR,2026-03-29 00:00:00
C008222,referral,51-200,FR,2026-02-20 00:00:00
C008223,direct,11-50,FR,2026-06-24 00:00:00
C008224,direct,1-10,BE,2026-01-23 00:00:00
C008225,seo,11-50,CA,2026-07-13 00:00:00
C008226,referral,1-10,CA,2026-01-11 00:00:00
C008227,direct,51-200,FR,2026-05-08 00:00:00
C008228,sea,200+,CA,2026-03-01 00:00:00
C008229,seo,1-10,CA,2026-04-22 00:00:00
C008230,seo,200+,FR,2026-07-15 00:00:00
C008231,direct,11-50,FR,2026-04-21 00:00:00
C008232,sea,200+,CH,2026-04-27 00:00:00
C008233,direct,200+,FR,2026-03-28 00:00:00
C008234,direct,1-10,CH,2026-05-06 00:00:00
C008235,referral,11-50,FR,2026-01-16 00:00:00
C008236,referral,1-10,FR,2026-03-09 00:00:00
C008237,sea,51-200,FR,2026-01-17 00:00:00
C008238,seo,11-50,BE,2026-03-19 00:00:00
C008239,referral,1-10,FR,2026-05-25 00:00:00
C008240,referral,11-50,FR,2026-07-08 00:00:00
C008241,seo,11-50,FR,2026-05-13 00:00:00
C008242,sea,1-10,FR,2026-04-20 00:00:00
C008243,referral,11-50,FR,2026-01-19 00:00:00
C008244,direct,11-50,FR,2026-05-07 00:00:00
C008245,seo,1-10,FR,2026-05-02 00:00:00
C008246,referral,51-200,FR,2026-04-19 00:00:00
C008247,seo,200+,CA,2026-06-17 00:00:00
C008248,direct,51-200,FR,2026-02-13 00:00:00
C008249,direct,1-10,FR,2026-07-13 00:00:00
C008250,referral,11-50,CH,2026-07-13 00:00:00
C008251,referral,1-10,BE,2026-02-10 00:00:00
C008252,seo,51-200,FR,2026-05-29 00:00:00
C008253,referral,51-200,FR,2026-02-02 00:00:00
C008254,direct,1-10,CA,2026-05-13 00:00:00
C008255,seo,200+,FR,2026-06-27 00:00:00
C008256,seo,51-200,FR,2026-06-21 00:00:00
C008257,seo,51-200,BE,2026-03-31 00:00:00
C008258,seo,200+,CA,2026-05-23 00:00:00
C008259,referral,1-10,CH,2026-06-22 00:00:00
C008260,seo,51-200,FR,2026-04-23 00:00:00
C008261,sea,51-200,CA,2026-01-13 00:00:00
C008262,sea,1-10,FR,2026-06-24 00:00:00
C008263,referral,1-10,CA,2026-07-14 00:00:00
C008264,direct,200+,FR,2026-05-30 00:00:00
C008265,referral,11-50,CA,2026-02-22 00:00:00
C008266,sea,51-200,BE,2026-07-13 00:00:00
C008267,seo,51-200,FR,2026-05-24 00:00:00
C008268,sea,1-10,FR,2026-03-29 00:00:00
C008269,seo,1-10,FR,2026-01-21 00:00:00
C008270,sea,51-200,FR,2026-03-11 00:00:00
C008271,direct,11-50,FR,2026-05-02 00:00:00
C008272,seo,200+,FR,2026-07-12 00:00:00
C008273,sea,200+,CH,2026-03-22 00:00:00
C008274,sea,1-10,FR,2026-03-01 00:00:00
C008275,sea,1-10,FR,2026-02-02 00:00:00
C008276,direct,11-50,CA,2026-01-27 00:00:00
C008277,direct,11-50,FR,2026-06-08 00:00:00
C008278,direct,51-200,BE,2026-05-19 00:00:00
C008279,direct,200+,FR,2026-02-05 00:00:00
C008280,direct,1-10,FR,2026-06-23 00:00:00
C008281,seo,200+,FR,2026-06-26 00:00:00
C008282,seo,200+,FR,2026-03-26 00:00:00
C008283,direct,51-200,CH,2026-06-11 00:00:00
C008284,sea,200+,FR,2026-02-11 00:00:00
C008285,sea,51-200,FR,2026-06-10 00:00:00
C008286,referral,1-10,CH,2026-05-29 00:00:00
C008287,sea,51-200,FR,2026-04-14 00:00:00
C008288,seo,51-200,FR,2026-05-13 00:00:00
C008289,sea,51-200,FR,2026-02-22 00:00:00
C008290,seo,11-50,FR,2026-05-12 00:00:00
C008291,sea,200+,FR,2026-07-07 00:00:00
C008292,sea,51-200,FR,2026-07-19 00:00:00
C008293,seo,51-200,CA,2026-06-14 00:00:00
C008294,sea,51-200,FR,2026-02-21 00:00:00
C008295,referral,51-200,FR,2026-03-31 00:00:00
C008296,seo,1-10,FR,2026-04-09 00:00:00
C008297,sea,1-10,BE,2026-01-08 00:00:00
C008298,referral,11-50,BE,2026-06-18 00:00:00
C008299,seo,1-10,CA,2026-02-13 00:00:00
C008300,direct,11-50,FR,2026-04-06 00:00:00
C008301,direct,11-50,CH,2026-04-13 00:00:00
C008302,seo,51-200,FR,2026-06-17 00:00:00
C008303,seo,200+,FR,2026-07-01 00:00:00
C008304,direct,1-10,FR,2026-02-01 00:00:00
C008305,seo,200+,FR,2026-03-03 00:00:00
C008306,direct,1-10,FR,2026-04-06 00:00:00
C008307,seo,1-10,FR,2026-01-21 00:00:00
C008308,direct,200+,BE,2026-04-22 00:00:00
C008309,referral,200+,FR,2026-05-27 00:00:00
C008310,seo,200+,FR,2026-04-25 00:00:00
C008311,direct,51-200,FR,2026-01-04 00:00:00
C008312,seo,1-10,FR,2026-01-05 00:00:00
C008313,sea,11-50,FR,2026-02-13 00:00:00
C008314,direct,11-50,CA,2026-03-30 00:00:00
C008315,sea,1-10,CA,2026-03-19 00:00:00
C008316,direct,1-10,FR,2026-06-01 00:00:00
C008317,direct,200+,FR,2026-04-28 00:00:00
C008318,seo,200+,FR,2026-01-02 00:00:00
C008319,seo,11-50,BE,2026-04-02 00:00:00
C008320,sea,51-200,FR,2026-04-16 00:00:00
C008321,sea,200+,FR,2026-04-16 00:00:00
C008322,sea,200+,FR,2026-03-09 00:00:00
C008323,seo,1-10,FR,2026-02-05 00:00:00
C008324,direct,200+,FR,2026-04-29 00:00:00
C008325,direct,51-200,FR,2026-04-30 00:00:00
C008326,direct,200+,FR,2026-02-01 00:00:00
C008327,sea,11-50,CH,2026-01-09 00:00:00
C008328,seo,51-200,FR,2026-03-19 00:00:00
C008329,direct,200+,FR,2026-06-14 00:00:00
C008330,sea,200+,FR,2026-01-23 00:00:00
C008331,sea,51-200,FR,2026-05-21 00:00:00
C008332,seo,1-10,FR,2026-06-07 00:00:00
C008333,sea,1-10,FR,2026-07-17 00:00:00
C008334,seo,11-50,CA,2026-02-27 00:00:00
C008335,direct,51-200,FR,2026-02-10 00:00:00
C008336,direct,51-200,FR,2026-01-14 00:00:00
C008337,sea,51-200,FR,2026-05-04 00:00:00
C008338,referral,200+,FR,2026-03-15 00:00:00
C008339,sea,200+,FR,2026-02-18 00:00:00
C008340,seo,1-10,FR,2026-06-10 00:00:00
C008341,seo,11-50,FR,2026-02-02 00:00:00
C008342,referral,1-10,CH,2026-05-12 00:00:00
C008343,sea,200+,FR,2026-04-01 00:00:00
C008344,sea,1-10,CA,2026-02-24 00:00:00
C008345,referral,1-10,CA,2026-02-04 00:00:00
C008346,direct,11-50,FR,2026-03-29 00:00:00
C008347,seo,200+,FR,2026-02-04 00:00:00
C008348,referral,51-200,CH,2026-01-21 00:00:00
C008349,direct,200+,FR,2026-04-10 00:00:00
C008350,sea,1-10,FR,2026-05-20 00:00:00
C008351,referral,1-10,FR,2026-03-28 00:00:00
C008352,referral,1-10,FR,2026-02-19 00:00:00
C008353,referral,1-10,CA,2026-06-24 00:00:00
C008354,seo,11-50,FR,2026-06-13 00:00:00
C008355,referral,51-200,CA,2026-01-28 00:00:00
C008356,seo,11-50,CA,2026-01-16 00:00:00
C008357,seo,200+,CH,2026-02-08 00:00:00
C008358,sea,200+,CA,2026-04-04 00:00:00
C008359,sea,51-200,BE,2026-01-03 00:00:00
C008360,seo,200+,FR,2026-05-05 00:00:00
C008361,direct,200+,CH,2026-01-08 00:00:00
C008362,referral,51-200,BE,2026-04-25 00:00:00
C008363,direct,1-10,FR,2026-05-26 00:00:00
C008364,referral,1-10,FR,2026-05-30 00:00:00
C008365,seo,1-10,CH,2026-01-11 00:00:00
C008366,seo,200+,FR,2026-02-15 00:00:00
C008367,seo,51-200,BE,2026-01-12 00:00:00
C008368,sea,200+,FR,2026-03-03 00:00:00
C008369,direct,11-50,FR,2026-06-28 00:00:00
C008370,direct,51-200,CA,2026-02-27 00:00:00
C008371,sea,200+,FR,2026-06-19 00:00:00
C008372,seo,51-200,CA,2026-04-07 00:00:00
C008373,direct,51-200,CH,2026-04-26 00:00:00
C008374,seo,1-10,BE,2026-05-20 00:00:00
C008375,sea,11-50,FR,2026-02-08 00:00:00
C008376,seo,51-200,FR,2026-03-19 00:00:00
C008377,referral,11-50,FR,2026-02-01 00:00:00
C008378,sea,200+,FR,2026-03-03 00:00:00
C008379,sea,51-200,BE,2026-06-03 00:00:00
C008380,direct,200+,FR,2026-01-29 00:00:00
C008381,direct,51-200,FR,2026-03-08 00:00:00
C008382,sea,200+,CH,2026-06-14 00:00:00
C008383,seo,1-10,CA,2026-01-08 00:00:00
C008384,direct,200+,BE,2026-06-17 00:00:00
C008385,seo,51-200,FR,2026-05-14 00:00:00
C008386,sea,51-200,FR,2026-04-29 00:00:00
C008387,referral,11-50,FR,2026-03-26 00:00:00
C008388,referral,51-200,FR,2026-03-12 00:00:00
C008389,sea,51-200,FR,2026-05-10 00:00:00
C008390,direct,1-10,CA,2026-01-17 00:00:00
C008391,sea,51-200,FR,2026-04-11 00:00:00
C008392,direct,200+,FR,2026-01-21 00:00:00
C008393,direct,200+,FR,2026-02-03 00:00:00
C008394,seo,200+,FR,2026-04-25 00:00:00
C008395,direct,1-10,FR,2026-01-13 00:00:00
C008396,referral,200+,CH,2026-06-24 00:00:00
C008397,seo,51-200,FR,2026-02-13 00:00:00
C008398,referral,51-200,CH,2026-06-25 00:00:00
C008399,seo,200+,FR,2026-01-05 00:00:00
C008400,seo,11-50,CA,2026-06-18 00:00:00
C008401,sea,1-10,FR,2026-03-18 00:00:00
C008402,sea,200+,FR,2026-05-27 00:00:00
C008403,direct,1-10,FR,2026-05-18 00:00:00
C008404,seo,11-50,FR,2026-03-06 00:00:00
C008405,direct,11-50,FR,2026-05-09 00:00:00
C008406,sea,11-50,FR,2026-07-13 00:00:00
C008407,sea,51-200,FR,2026-03-15 00:00:00
C008408,direct,51-200,FR,2026-04-15 00:00:00
C008409,direct,200+,FR,2026-01-08 00:00:00
C008410,seo,11-50,FR,2026-02-24 00:00:00
C008411,sea,11-50,FR,2026-03-09 00:00:00
C008412,referral,51-200,BE,2026-07-16 00:00:00
C008413,referral,11-50,FR,2026-04-28 00:00:00
C008414,seo,51-200,BE,2026-07-08 00:00:00
C008415,direct,1-10,FR,2026-03-18 00:00:00
C008416,sea,11-50,FR,2026-02-21 00:00:00
C008417,sea,11-50,FR,2026-02-03 00:00:00
C008418,referral,200+,FR,2026-01-19 00:00:00
C008419,referral,51-200,CA,2026-05-10 00:00:00
C008420,sea,11-50,FR,2026-01-31 00:00:00
C008421,referral,200+,FR,2026-02-11 00:00:00
C008422,referral,200+,FR,2026-07-15 00:00:00
C008423,seo,51-200,BE,2026-06-24 00:00:00
C008424,referral,200+,CH,2026-03-18 00:00:00
C008425,referral,51-200,BE,2026-03-20 00:00:00
C008426,direct,51-200,CA,2026-04-03 00:00:00
C008427,direct,11-50,BE,2026-06-06 00:00:00
C008428,referral,51-200,FR,2026-06-28 00:00:00
C008429,sea,51-200,CH,2026-05-30 00:00:00
C008430,seo,200+,FR,2026-04-12 00:00:00
C008431,sea,11-50,FR,2026-03-09 00:00:00
C008432,seo,51-200,FR,2026-05-14 00:00:00
C008433,sea,51-200,FR,2026-04-22 00:00:00
C008434,sea,200+,CH,2026-06-22 00:00:00
C008435,direct,200+,CH,2026-07-09 00:00:00
C008436,direct,51-200,FR,2026-01-10 00:00:00
C008437,sea,11-50,FR,2026-06-17 00:00:00
C008438,referral,11-50,FR,2026-04-05 00:00:00
C008439,referral,51-200,FR,2026-04-03 00:00:00
C008440,direct,1-10,BE,2026-01-12 00:00:00
C008441,seo,1-10,BE,2026-01-23 00:00:00
C008442,referral,1-10,BE,2026-02-22 00:00:00
C008443,direct,51-200,FR,2026-05-17 00:00:00
C008444,referral,11-50,FR,2026-07-04 00:00:00
C008445,sea,1-10,FR,2026-04-12 00:00:00
C008446,sea,11-50,FR,2026-03-19 00:00:00
C008447,direct,200+,FR,2026-06-09 00:00:00
C008448,direct,200+,CH,2026-03-15 00:00:00
C008449,referral,1-10,FR,2026-07-10 00:00:00
C008450,referral,200+,FR,2026-02-16 00:00:00
C008451,direct,200+,FR,2026-03-01 00:00:00
C008452,referral,1-10,CH,2026-02-27 00:00:00
C008453,direct,51-200,FR,2026-03-02 00:00:00
C008454,direct,11-50,FR,2026-07-13 00:00:00
C008455,sea,200+,FR,2026-04-01 00:00:00
C008456,seo,11-50,CA,2026-03-27 00:00:00
C008457,seo,11-50,FR,2026-03-23 00:00:00
C008458,sea,51-200,FR,2026-03-08 00:00:00
C008459,seo,200+,FR,2026-03-03 00:00:00
C008460,direct,11-50,FR,2026-01-12 00:00:00
C008461,seo,1-10,FR,2026-07-17 00:00:00
C008462,seo,11-50,CA,2026-04-30 00:00:00
C008463,direct,51-200,FR,2026-06-14 00:00:00
C008464,seo,200+,BE,2026-04-25 00:00:00
C008465,sea,200+,CA,2026-05-18 00:00:00
C008466,seo,1-10,FR,2026-05-18 00:00:00
C008467,direct,200+,FR,2026-04-04 00:00:00
C008468,direct,11-50,FR,2026-01-08 00:00:00
C008469,referral,1-10,FR,2026-03-08 00:00:00
C008470,direct,1-10,CH,2026-01-04 00:00:00
C008471,seo,200+,FR,2026-06-08 00:00:00
C008472,seo,11-50,FR,2026-05-23 00:00:00
C008473,referral,200+,FR,2026-01-13 00:00:00
C008474,sea,1-10,FR,2026-06-12 00:00:00
C008475,sea,11-50,BE,2026-05-25 00:00:00
C008476,sea,200+,FR,2026-05-26 00:00:00
C008477,seo,200+,FR,2026-02-06 00:00:00
C008478,sea,200+,FR,2026-05-25 00:00:00
C008479,sea,11-50,CA,2026-03-10 00:00:00
C008480,sea,1-10,FR,2026-05-15 00:00:00
C008481,direct,11-50,FR,2026-02-22 00:00:00
C008482,referral,1-10,BE,2026-05-07 00:00:00
C008483,sea,200+,FR,2026-01-10 00:00:00
C008484,referral,51-200,CH,2026-05-21 00:00:00
C008485,referral,200+,FR,2026-06-30 00:00:00
C008486,seo,1-10,CA,2026-02-11 00:00:00
C008487,direct,11-50,FR,2026-01-26 00:00:00
C008488,seo,1-10,FR,2026-03-15 00:00:00
C008489,seo,200+,FR,2026-05-11 00:00:00
C008490,seo,51-200,BE,2026-04-10 00:00:00
C008491,direct,1-10,FR,2026-07-10 00:00:00
C008492,referral,51-200,FR,2026-03-22 00:00:00
C008493,referral,200+,CA,2026-04-20 00:00:00
C008494,referral,200+,FR,2026-04-02 00:00:00
C008495,seo,51-200,BE,2026-05-14 00:00:00
C008496,direct,1-10,CA,2026-05-17 00:00:00
C008497,sea,1-10,BE,2026-06-08 00:00:00
C008498,sea,51-200,FR,2026-03-20 00:00:00
C008499,seo,200+,CA,2026-07-03 00:00:00
C008500,seo,51-200,CA,2026-06-11 00:00:00
C008501,seo,11-50,FR,2026-02-12 00:00:00
C008502,referral,11-50,BE,2026-01-17 00:00:00
C008503,seo,51-200,FR,2026-04-20 00:00:00
C008504,direct,11-50,FR,2026-01-04 00:00:00
C008505,sea,200+,CA,2026-06-04 00:00:00
C008506,sea,1-10,FR,2026-04-03 00:00:00
C008507,seo,200+,BE,2026-06-05 00:00:00
C008508,direct,200+,CH,2026-05-08 00:00:00
C008509,direct,1-10,FR,2026-02-05 00:00:00
C008510,direct,200+,FR,2026-05-16 00:00:00
C008511,direct,11-50,FR,2026-02-19 00:00:00
C008512,sea,1-10,BE,2026-05-24 00:00:00
C008513,sea,1-10,FR,2026-02-17 00:00:00
C008514,direct,1-10,FR,2026-07-18 00:00:00
C008515,referral,51-200,FR,2026-07-04 00:00:00
C008516,seo,51-200,CH,2026-03-06 00:00:00
C008517,referral,1-10,FR,2026-03-23 00:00:00
C008518,referral,11-50,FR,2026-02-10 00:00:00
C008519,direct,1-10,CA,2026-05-28 00:00:00
C008520,seo,200+,BE,2026-02-19 00:00:00
C008521,direct,11-50,FR,2026-01-10 00:00:00
C008522,seo,51-200,FR,2026-01-07 00:00:00
C008523,referral,11-50,FR,2026-07-09 00:00:00
C008524,seo,1-10,FR,2026-03-01 00:00:00
C008525,sea,11-50,CA,2026-04-30 00:00:00
C008526,referral,51-200,FR,2026-05-14 00:00:00
C008527,sea,200+,FR,2026-02-04 00:00:00
C008528,direct,11-50,FR,2026-03-24 00:00:00
C008529,referral,1-10,FR,2026-01-19 00:00:00
C008530,seo,200+,FR,2026-03-15 00:00:00
C008531,sea,1-10,FR,2026-07-12 00:00:00
C008532,direct,11-50,FR,2026-02-21 00:00:00
C008533,referral,11-50,FR,2026-06-28 00:00:00
C008534,sea,1-10,CH,2026-02-15 00:00:00
C008535,seo,51-200,FR,2026-05-31 00:00:00
C008536,seo,51-200,FR,2026-03-16 00:00:00
C008537,referral,1-10,CA,2026-01-13 00:00:00
C008538,direct,200+,FR,2026-02-19 00:00:00
C008539,sea,11-50,CA,2026-06-10 00:00:00
C008540,sea,51-200,BE,2026-04-10 00:00:00
C008541,referral,1-10,FR,2026-01-04 00:00:00
C008542,seo,200+,FR,2026-03-31 00:00:00
C008543,direct,11-50,FR,2026-02-12 00:00:00
C008544,sea,1-10,FR,2026-07-19 00:00:00
C008545,referral,51-200,CA,2026-03-24 00:00:00
C008546,referral,1-10,FR,2026-01-08 00:00:00
C008547,direct,200+,FR,2026-02-08 00:00:00
C008548,direct,51-200,FR,2026-05-05 00:00:00
C008549,direct,200+,FR,2026-01-21 00:00:00
C008550,direct,200+,BE,2026-06-03 00:00:00
C008551,referral,200+,FR,2026-04-08 00:00:00
C008552,sea,1-10,FR,2026-03-14 00:00:00
C008553,seo,1-10,FR,2026-05-06 00:00:00
C008554,direct,51-200,BE,2026-01-21 00:00:00
C008555,sea,11-50,FR,2026-06-20 00:00:00
C008556,direct,200+,BE,2026-07-12 00:00:00
C008557,direct,51-200,FR,2026-06-08 00:00:00
C008558,sea,200+,FR,2026-05-23 00:00:00
C008559,seo,11-50,BE,2026-04-28 00:00:00
C008560,seo,11-50,FR,2026-01-20 00:00:00
C008561,referral,1-10,BE,2026-04-26 00:00:00
C008562,referral,51-200,FR,2026-01-17 00:00:00
C008563,direct,1-10,FR,2026-06-16 00:00:00
C008564,seo,200+,FR,2026-07-06 00:00:00
C008565,sea,51-200,FR,2026-04-06 00:00:00
C008566,referral,51-200,FR,2026-06-29 00:00:00
C008567,seo,51-200,FR,2026-06-20 00:00:00
C008568,direct,51-200,FR,2026-05-31 00:00:00
C008569,direct,51-200,FR,2026-07-10 00:00:00
C008570,seo,200+,FR,2026-02-18 00:00:00
C008571,sea,200+,FR,2026-07-08 00:00:00
C008572,sea,1-10,FR,2026-05-04 00:00:00
C008573,direct,1-10,FR,2026-03-24 00:00:00
C008574,sea,11-50,FR,2026-04-04 00:00:00
C008575,referral,51-200,CH,2026-01-19 00:00:00
C008576,referral,1-10,FR,2026-02-24 00:00:00
C008577,direct,200+,FR,2026-04-01 00:00:00
C008578,sea,1-10,FR,2026-07-01 00:00:00
C008579,sea,1-10,FR,2026-06-14 00:00:00
C008580,sea,1-10,FR,2026-04-23 00:00:00
C008581,sea,51-200,FR,2026-06-18 00:00:00
C008582,referral,200+,CA,2026-02-13 00:00:00
C008583,seo,51-200,BE,2026-05-10 00:00:00
C008584,sea,1-10,FR,2026-03-08 00:00:00
C008585,referral,200+,FR,2026-05-31 00:00:00
C008586,direct,1-10,FR,2026-05-01 00:00:00
C008587,direct,1-10,FR,2026-03-10 00:00:00
C008588,seo,11-50,FR,2026-02-17 00:00:00
C008589,sea,200+,FR,2026-01-09 00:00:00
C008590,direct,51-200,FR,2026-05-19 00:00:00
C008591,seo,1-10,FR,2026-02-12 00:00:00
C008592,seo,1-10,FR,2026-06-04 00:00:00
C008593,direct,1-10,FR,2026-02-05 00:00:00
C008594,seo,1-10,BE,2026-01-25 00:00:00
C008595,sea,51-200,FR,2026-02-28 00:00:00
C008596,direct,1-10,FR,2026-01-25 00:00:00
C008597,referral,1-10,FR,2026-06-02 00:00:00
C008598,referral,51-200,CA,2026-03-12 00:00:00
C008599,referral,11-50,CA,2026-03-11 00:00:00
C008600,direct,51-200,CA,2026-04-01 00:00:00
C008601,direct,200+,FR,2026-03-12 00:00:00
C008602,referral,200+,CH,2026-06-28 00:00:00
C008603,direct,200+,FR,2026-06-21 00:00:00
C008604,sea,11-50,FR,2026-04-07 00:00:00
C008605,sea,51-200,FR,2026-01-28 00:00:00
C008606,referral,1-10,FR,2026-01-27 00:00:00
C008607,referral,11-50,FR,2026-04-06 00:00:00
C008608,sea,200+,FR,2026-01-31 00:00:00
C008609,direct,1-10,FR,2026-07-14 00:00:00
C008610,referral,11-50,FR,2026-01-18 00:00:00
C008611,seo,1-10,FR,2026-05-10 00:00:00
C008612,referral,51-200,FR,2026-03-17 00:00:00
C008613,seo,200+,FR,2026-05-31 00:00:00
C008614,sea,51-200,FR,2026-06-04 00:00:00
C008615,direct,51-200,FR,2026-05-16 00:00:00
C008616,referral,11-50,FR,2026-01-20 00:00:00
C008617,referral,51-200,FR,2026-04-24 00:00:00
C008618,sea,1-10,FR,2026-04-16 00:00:00
C008619,sea,1-10,FR,2026-05-26 00:00:00
C008620,direct,11-50,BE,2026-03-15 00:00:00
C008621,referral,51-200,FR,2026-07-09 00:00:00
C008622,referral,200+,FR,2026-04-20 00:00:00
C008623,seo,51-200,CH,2026-01-11 00:00:00
C008624,sea,51-200,FR,2026-03-26 00:00:00
C008625,sea,1-10,FR,2026-03-24 00:00:00
C008626,sea,1-10,CH,2026-03-27 00:00:00
C008627,direct,200+,FR,2026-05-12 00:00:00
C008628,direct,11-50,FR,2026-04-05 00:00:00
C008629,referral,200+,FR,2026-02-01 00:00:00
C008630,seo,51-200,BE,2026-04-29 00:00:00
C008631,seo,1-10,FR,2026-03-05 00:00:00
C008632,sea,51-200,CA,2026-06-10 00:00:00
C008633,direct,1-10,FR,2026-01-27 00:00:00
C008634,sea,11-50,FR,2026-03-02 00:00:00
C008635,direct,200+,BE,2026-05-24 00:00:00
C008636,sea,11-50,CH,2026-03-22 00:00:00
C008637,referral,1-10,FR,2026-02-03 00:00:00
C008638,referral,11-50,FR,2026-07-13 00:00:00
C008639,referral,11-50,CH,2026-04-17 00:00:00
C008640,direct,200+,CH,2026-01-16 00:00:00
C008641,sea,1-10,CH,2026-03-30 00:00:00
C008642,direct,1-10,FR,2026-04-21 00:00:00
C008643,sea,200+,FR,2026-06-30 00:00:00
C008644,seo,51-200,FR,2026-02-13 00:00:00
C008645,direct,51-200,FR,2026-01-25 00:00:00
C008646,seo,1-10,FR,2026-05-18 00:00:00
C008647,seo,11-50,FR,2026-02-23 00:00:00
C008648,sea,1-10,CA,2026-03-29 00:00:00
C008649,seo,1-10,CH,2026-04-24 00:00:00
C008650,direct,11-50,CH,2026-05-08 00:00:00
C008651,sea,1-10,FR,2026-06-04 00:00:00
C008652,direct,1-10,FR,2026-01-02 00:00:00
C008653,sea,51-200,FR,2026-03-09 00:00:00
C008654,seo,51-200,BE,2026-04-30 00:00:00
C008655,direct,11-50,FR,2026-05-01 00:00:00
C008656,direct,200+,FR,2026-03-21 00:00:00
C008657,seo,51-200,FR,2026-01-27 00:00:00
C008658,direct,51-200,CH,2026-03-26 00:00:00
C008659,direct,1-10,FR,2026-05-01 00:00:00
C008660,referral,11-50,FR,2026-05-31 00:00:00
C008661,sea,1-10,FR,2026-06-14 00:00:00
C008662,direct,1-10,FR,2026-04-04 00:00:00
C008663,sea,200+,FR,2026-07-14 00:00:00
C008664,referral,1-10,FR,2026-02-27 00:00:00
C008665,referral,1-10,FR,2026-02-26 00:00:00
C008666,referral,1-10,BE,2026-04-07 00:00:00
C008667,direct,11-50,FR,2026-03-07 00:00:00
C008668,referral,51-200,FR,2026-06-08 00:00:00
C008669,referral,1-10,FR,2026-02-19 00:00:00
C008670,seo,11-50,FR,2026-01-30 00:00:00
C008671,sea,200+,FR,2026-05-02 00:00:00
C008672,sea,11-50,FR,2026-02-11 00:00:00
C008673,direct,11-50,FR,2026-05-12 00:00:00
C008674,sea,200+,FR,2026-02-13 00:00:00
C008675,seo,200+,CA,2026-06-21 00:00:00
C008676,seo,1-10,FR,2026-04-21 00:00:00
C008677,referral,200+,BE,2026-06-20 00:00:00
C008678,seo,11-50,FR,2026-03-14 00:00:00
C008679,sea,11-50,BE,2026-01-21 00:00:00
C008680,seo,51-200,CH,2026-06-17 00:00:00
C008681,seo,200+,FR,2026-03-14 00:00:00
C008682,referral,51-200,FR,2026-03-09 00:00:00
C008683,seo,200+,FR,2026-01-27 00:00:00
C008684,direct,200+,FR,2026-06-29 00:00:00
C008685,direct,51-200,FR,2026-07-14 00:00:00
C008686,referral,11-50,BE,2026-01-15 00:00:00
C008687,direct,200+,FR,2026-01-01 00:00:00
C008688,sea,11-50,CH,2026-03-18 00:00:00
C008689,direct,11-50,CH,2026-03-15 00:00:00
C008690,sea,200+,FR,2026-02-17 00:00:00
C008691,referral,1-10,BE,2026-01-07 00:00:00
C008692,direct,1-10,FR,2026-03-08 00:00:00
C008693,referral,1-10,FR,2026-01-12 00:00:00
C008694,sea,200+,FR,2026-04-29 00:00:00
C008695,seo,11-50,FR,2026-05-17 00:00:00
C008696,direct,1-10,CA,2026-03-02 00:00:00
C008697,sea,51-200,FR,2026-02-04 00:00:00
C008698,sea,1-10,BE,2026-07-05 00:00:00
C008699,seo,11-50,FR,2026-05-21 00:00:00
C008700,seo,200+,FR,2026-01-18 00:00:00
C008701,sea,1-10,FR,2026-07-06 00:00:00
C008702,referral,200+,FR,2026-01-31 00:00:00
C008703,referral,1-10,CH,2026-02-13 00:00:00
C008704,sea,11-50,FR,2026-02-07 00:00:00
C008705,referral,1-10,FR,2026-02-21 00:00:00
C008706,seo,1-10,FR,2026-03-04 00:00:00
C008707,seo,200+,FR,2026-03-18 00:00:00
C008708,referral,1-10,FR,2026-05-20 00:00:00
C008709,seo,11-50,FR,2026-01-17 00:00:00
C008710,direct,1-10,FR,2026-01-14 00:00:00
C008711,direct,51-200,FR,2026-03-27 00:00:00
C008712,referral,1-10,BE,2026-04-19 00:00:00
C008713,direct,200+,FR,2026-05-09 00:00:00
C008714,direct,200+,FR,2026-02-07 00:00:00
C008715,referral,11-50,FR,2026-01-06 00:00:00
C008716,seo,200+,FR,2026-07-11 00:00:00
C008717,seo,200+,FR,2026-04-16 00:00:00
C008718,seo,11-50,CH,2026-03-31 00:00:00
C008719,seo,11-50,FR,2026-04-01 00:00:00
C008720,direct,200+,FR,2026-01-31 00:00:00
C008721,sea,11-50,FR,2026-01-26 00:00:00
C008722,referral,200+,FR,2026-01-06 00:00:00
C008723,referral,11-50,FR,2026-02-22 00:00:00
C008724,sea,1-10,FR,2026-01-23 00:00:00
C008725,referral,51-200,FR,2026-03-30 00:00:00
C008726,referral,200+,FR,2026-02-26 00:00:00
C008727,direct,1-10,FR,2026-02-28 00:00:00
C008728,referral,1-10,FR,2026-06-18 00:00:00
C008729,referral,200+,BE,2026-03-24 00:00:00
C008730,referral,1-10,FR,2026-03-08 00:00:00
C008731,sea,51-200,FR,2026-01-01 00:00:00
C008732,sea,1-10,FR,2026-02-26 00:00:00
C008733,seo,11-50,FR,2026-06-22 00:00:00
C008734,seo,11-50,FR,2026-04-06 00:00:00
C008735,referral,1-10,BE,2026-01-08 00:00:00
C008736,seo,1-10,CA,2026-06-04 00:00:00
C008737,direct,51-200,CA,2026-05-06 00:00:00
C008738,sea,200+,FR,2026-04-11 00:00:00
C008739,sea,11-50,FR,2026-05-29 00:00:00
C008740,direct,51-200,CH,2026-05-16 00:00:00
C008741,referral,11-50,BE,2026-05-01 00:00:00
C008742,referral,51-200,CH,2026-06-17 00:00:00
C008743,referral,200+,FR,2026-05-08 00:00:00
C008744,referral,11-50,FR,2026-03-12 00:00:00
C008745,direct,51-200,FR,2026-06-19 00:00:00
C008746,seo,11-50,FR,2026-03-03 00:00:00
C008747,direct,200+,BE,2026-05-28 00:00:00
C008748,seo,200+,CH,2026-06-12 00:00:00
C008749,referral,1-10,FR,2026-05-30 00:00:00
C008750,seo,11-50,FR,2026-06-07 00:00:00
C008751,referral,1-10,FR,2026-05-08 00:00:00
C008752,direct,200+,FR,2026-05-01 00:00:00
C008753,referral,1-10,CA,2026-06-07 00:00:00
C008754,sea,51-200,FR,2026-06-13 00:00:00
C008755,sea,11-50,FR,2026-06-09 00:00:00
C008756,direct,200+,FR,2026-02-16 00:00:00
C008757,referral,1-10,FR,2026-04-06 00:00:00
C008758,direct,11-50,FR,2026-03-01 00:00:00
C008759,direct,11-50,FR,2026-04-02 00:00:00
C008760,direct,11-50,FR,2026-04-30 00:00:00
C008761,seo,200+,BE,2026-03-09 00:00:00
C008762,direct,51-200,BE,2026-07-15 00:00:00
C008763,referral,200+,FR,2026-03-16 00:00:00
C008764,direct,200+,CA,2026-07-03 00:00:00
C008765,direct,1-10,BE,2026-01-15 00:00:00
C008766,seo,200+,BE,2026-05-08 00:00:00
C008767,seo,200+,BE,2026-07-03 00:00:00
C008768,sea,1-10,CA,2026-02-24 00:00:00
C008769,seo,51-200,FR,2026-03-25 00:00:00
C008770,referral,51-200,FR,2026-05-26 00:00:00
C008771,sea,11-50,FR,2026-05-30 00:00:00
C008772,sea,1-10,CA,2026-06-06 00:00:00
C008773,direct,11-50,FR,2026-05-16 00:00:00
C008774,seo,1-10,FR,2026-03-18 00:00:00
C008775,seo,51-200,FR,2026-03-19 00:00:00
C008776,sea,11-50,FR,2026-02-22 00:00:00
C008777,seo,200+,BE,2026-05-07 00:00:00
C008778,seo,51-200,FR,2026-05-26 00:00:00
C008779,sea,1-10,CA,2026-02-13 00:00:00
C008780,seo,200+,FR,2026-04-20 00:00:00
C008781,direct,11-50,CH,2026-06-06 00:00:00
C008782,sea,51-200,FR,2026-01-28 00:00:00
C008783,sea,1-10,FR,2026-01-05 00:00:00
C008784,seo,200+,CA,2026-01-24 00:00:00
C008785,seo,200+,FR,2026-05-28 00:00:00
C008786,sea,51-200,CA,2026-06-15 00:00:00
C008787,sea,11-50,FR,2026-04-30 00:00:00
C008788,direct,51-200,BE,2026-02-26 00:00:00
C008789,direct,200+,FR,2026-01-10 00:00:00
C008790,referral,1-10,FR,2026-04-21 00:00:00
C008791,seo,11-50,FR,2026-07-16 00:00:00
C008792,referral,200+,FR,2026-05-08 00:00:00
C008793,direct,200+,FR,2026-06-05 00:00:00
C008794,direct,1-10,FR,2026-03-18 00:00:00
C008795,sea,1-10,FR,2026-03-18 00:00:00
C008796,seo,11-50,BE,2026-03-16 00:00:00
C008797,seo,1-10,FR,2026-02-14 00:00:00
C008798,sea,1-10,FR,2026-05-16 00:00:00
C008799,direct,11-50,CA,2026-05-25 00:00:00
C008800,direct,1-10,FR,2026-07-01 00:00:00
C008801,sea,1-10,BE,2026-04-13 00:00:00
C008802,seo,200+,FR,2026-04-28 00:00:00
C008803,direct,51-200,FR,2026-04-02 00:00:00
C008804,sea,1-10,BE,2026-03-25 00:00:00
C008805,referral,51-200,FR,2026-01-01 00:00:00
C008806,referral,200+,FR,2026-01-07 00:00:00
C008807,sea,200+,CA,2026-01-17 00:00:00
C008808,sea,200+,FR,2026-07-16 00:00:00
C008809,sea,200+,FR,2026-02-20 00:00:00
C008810,referral,1-10,FR,2026-06-25 00:00:00
C008811,seo,1-10,FR,2026-02-05 00:00:00
C008812,seo,51-200,FR,2026-02-10 00:00:00
C008813,referral,51-200,CH,2026-06-04 00:00:00
C008814,direct,200+,FR,2026-04-02 00:00:00
C008815,sea,200+,FR,2026-02-24 00:00:00
C008816,sea,200+,FR,2026-07-18 00:00:00
C008817,sea,11-50,FR,2026-06-22 00:00:00
C008818,referral,11-50,FR,2026-05-13 00:00:00
C008819,direct,11-50,FR,2026-06-22 00:00:00
C008820,sea,51-200,FR,2026-01-05 00:00:00
C008821,referral,11-50,CA,2026-04-12 00:00:00
C008822,sea,51-200,FR,2026-01-25 00:00:00
C008823,referral,51-200,FR,2026-04-15 00:00:00
C008824,seo,51-200,FR,2026-05-07 00:00:00
C008825,referral,200+,CH,2026-02-19 00:00:00
C008826,seo,200+,FR,2026-06-05 00:00:00
C008827,direct,1-10,BE,2026-05-18 00:00:00
C008828,sea,200+,FR,2026-03-17 00:00:00
C008829,referral,1-10,BE,2026-05-07 00:00:00
C008830,direct,51-200,BE,2026-06-06 00:00:00
C008831,seo,51-200,FR,2026-06-09 00:00:00
C008832,direct,1-10,CA,2026-05-03 00:00:00
C008833,sea,200+,BE,2026-07-08 00:00:00
C008834,seo,51-200,BE,2026-07-06 00:00:00
C008835,sea,1-10,FR,2026-03-09 00:00:00
C008836,sea,51-200,FR,2026-03-17 00:00:00
C008837,seo,51-200,FR,2026-02-20 00:00:00
C008838,referral,1-10,FR,2026-01-14 00:00:00
C008839,direct,51-200,FR,2026-02-28 00:00:00
C008840,sea,1-10,FR,2026-03-17 00:00:00
C008841,referral,11-50,BE,2026-04-27 00:00:00
C008842,seo,200+,CA,2026-03-22 00:00:00
C008843,sea,200+,CH,2026-02-27 00:00:00
C008844,direct,51-200,FR,2026-03-01 00:00:00
C008845,seo,200+,FR,2026-03-16 00:00:00
C008846,sea,1-10,FR,2026-05-20 00:00:00
C008847,direct,51-200,FR,2026-05-22 00:00:00
C008848,referral,11-50,FR,2026-04-14 00:00:00
C008849,direct,11-50,FR,2026-06-01 00:00:00
C008850,sea,51-200,FR,2026-06-30 00:00:00
C008851,direct,200+,FR,2026-03-15 00:00:00
C008852,direct,200+,FR,2026-01-05 00:00:00
C008853,referral,11-50,CA,2026-05-11 00:00:00
C008854,seo,11-50,FR,2026-03-05 00:00:00
C008855,direct,11-50,CH,2026-07-17 00:00:00
C008856,seo,1-10,FR,2026-04-28 00:00:00
C008857,referral,200+,FR,2026-01-23 00:00:00
C008858,sea,200+,FR,2026-05-01 00:00:00
C008859,seo,200+,FR,2026-05-09 00:00:00
C008860,direct,200+,FR,2026-06-05 00:00:00
C008861,sea,51-200,FR,2026-01-21 00:00:00
C008862,referral,11-50,CA,2026-01-06 00:00:00
C008863,direct,1-10,FR,2026-03-06 00:00:00
C008864,seo,200+,FR,2026-07-14 00:00:00
C008865,referral,51-200,FR,2026-03-28 00:00:00
C008866,sea,11-50,FR,2026-01-26 00:00:00
C008867,seo,11-50,FR,2026-01-13 00:00:00
C008868,direct,51-200,FR,2026-07-01 00:00:00
C008869,direct,1-10,FR,2026-01-02 00:00:00
C008870,seo,51-200,BE,2026-04-28 00:00:00
C008871,direct,1-10,CH,2026-06-07 00:00:00
C008872,sea,11-50,FR,2026-05-10 00:00:00
C008873,sea,1-10,FR,2026-06-20 00:00:00
C008874,sea,51-200,FR,2026-02-21 00:00:00
C008875,referral,11-50,FR,2026-03-05 00:00:00
C008876,referral,11-50,FR,2026-05-30 00:00:00
C008877,referral,1-10,FR,2026-02-27 00:00:00
C008878,sea,200+,CH,2026-06-07 00:00:00
C008879,referral,1-10,BE,2026-01-19 00:00:00
C008880,sea,1-10,BE,2026-07-13 00:00:00
C008881,direct,1-10,BE,2026-07-09 00:00:00
C008882,sea,11-50,FR,2026-01-26 00:00:00
C008883,seo,11-50,CA,2026-07-02 00:00:00
C008884,seo,11-50,FR,2026-07-19 00:00:00
C008885,seo,200+,FR,2026-05-13 00:00:00
C008886,seo,51-200,FR,2026-01-20 00:00:00
C008887,direct,11-50,FR,2026-06-02 00:00:00
C008888,seo,200+,FR,2026-01-25 00:00:00
C008889,direct,51-200,CA,2026-02-01 00:00:00
C008890,sea,11-50,FR,2026-02-02 00:00:00
C008891,direct,11-50,FR,2026-03-04 00:00:00
C008892,referral,51-200,FR,2026-05-10 00:00:00
C008893,direct,51-200,CA,2026-06-23 00:00:00
C008894,direct,200+,FR,2026-07-19 00:00:00
C008895,referral,11-50,FR,2026-03-24 00:00:00
C008896,seo,11-50,FR,2026-06-27 00:00:00
C008897,referral,200+,BE,2026-04-01 00:00:00
C008898,seo,51-200,BE,2026-02-24 00:00:00
C008899,direct,11-50,FR,2026-04-15 00:00:00
C008900,direct,1-10,FR,2026-05-09 00:00:00
C008901,direct,11-50,FR,2026-05-06 00:00:00
C008902,seo,11-50,FR,2026-01-06 00:00:00
C008903,referral,1-10,FR,2026-06-13 00:00:00
C008904,sea,1-10,FR,2026-01-26 00:00:00
C008905,seo,1-10,FR,2026-04-30 00:00:00
C008906,referral,51-200,FR,2026-01-29 00:00:00
C008907,seo,11-50,FR,2026-01-17 00:00:00
C008908,seo,1-10,FR,2026-07-01 00:00:00
C008909,referral,11-50,FR,2026-04-07 00:00:00
C008910,sea,200+,FR,2026-03-17 00:00:00
C008911,sea,51-200,FR,2026-02-22 00:00:00
C008912,sea,200+,FR,2026-06-11 00:00:00
C008913,direct,200+,FR,2026-06-22 00:00:00
C008914,sea,1-10,CA,2026-06-06 00:00:00
C008915,referral,200+,FR,2026-04-19 00:00:00
C008916,sea,1-10,FR,2026-02-04 00:00:00
C008917,referral,200+,FR,2026-04-08 00:00:00
C008918,referral,200+,FR,2026-01-22 00:00:00
C008919,seo,51-200,BE,2026-07-04 00:00:00
C008920,referral,11-50,FR,2026-05-23 00:00:00
C008921,sea,200+,BE,2026-04-01 00:00:00
C008922,direct,200+,FR,2026-04-04 00:00:00
C008923,direct,11-50,FR,2026-01-17 00:00:00
C008924,direct,51-200,CA,2026-01-17 00:00:00
C008925,direct,1-10,CA,2026-04-23 00:00:00
C008926,seo,1-10,BE,2026-03-07 00:00:00
C008927,seo,11-50,FR,2026-01-08 00:00:00
C008928,seo,200+,FR,2026-01-09 00:00:00
C008929,direct,11-50,CA,2026-03-08 00:00:00
C008930,seo,51-200,FR,2026-01-15 00:00:00
C008931,direct,11-50,FR,2026-01-09 00:00:00
C008932,sea,11-50,FR,2026-05-30 00:00:00
C008933,direct,11-50,FR,2026-02-07 00:00:00
C008934,seo,1-10,FR,2026-02-06 00:00:00
C008935,referral,11-50,FR,2026-06-28 00:00:00
C008936,sea,200+,FR,2026-03-15 00:00:00
C008937,seo,51-200,FR,2026-06-03 00:00:00
C008938,seo,11-50,FR,2026-07-13 00:00:00
C008939,referral,1-10,FR,2026-06-21 00:00:00
C008940,referral,200+,FR,2026-03-12 00:00:00
C008941,referral,11-50,FR,2026-04-13 00:00:00
C008942,seo,1-10,FR,2026-04-08 00:00:00
C008943,seo,1-10,FR,2026-04-14 00:00:00
C008944,sea,1-10,FR,2026-06-29 00:00:00
C008945,sea,1-10,FR,2026-05-16 00:00:00
C008946,seo,1-10,BE,2026-06-12 00:00:00
C008947,direct,200+,CA,2026-05-26 00:00:00
C008948,seo,11-50,FR,2026-02-12 00:00:00
C008949,seo,200+,FR,2026-01-06 00:00:00
C008950,seo,200+,FR,2026-05-27 00:00:00
C008951,direct,51-200,FR,2026-06-19 00:00:00
C008952,direct,51-200,CH,2026-02-04 00:00:00
C008953,seo,200+,FR,2026-03-16 00:00:00
C008954,direct,1-10,CH,2026-07-05 00:00:00
C008955,direct,51-200,CA,2026-02-26 00:00:00
C008956,direct,200+,CH,2026-06-26 00:00:00
C008957,seo,1-10,FR,2026-04-10 00:00:00
C008958,referral,51-200,FR,2026-02-22 00:00:00
C008959,referral,11-50,CH,2026-01-08 00:00:00
C008960,seo,51-200,FR,2026-03-02 00:00:00
C008961,referral,51-200,FR,2026-05-18 00:00:00
C008962,sea,11-50,FR,2026-05-11 00:00:00
C008963,seo,11-50,CH,2026-05-16 00:00:00
C008964,seo,1-10,CA,2026-05-29 00:00:00
C008965,direct,1-10,FR,2026-07-12 00:00:00
C008966,referral,51-200,FR,2026-05-09 00:00:00
C008967,referral,11-50,CA,2026-03-08 00:00:00
C008968,seo,200+,FR,2026-02-21 00:00:00
C008969,direct,51-200,FR,2026-04-04 00:00:00
C008970,sea,200+,FR,2026-02-07 00:00:00
C008971,direct,1-10,CA,2026-04-22 00:00:00
C008972,referral,200+,CH,2026-05-20 00:00:00
C008973,direct,51-200,FR,2026-07-11 00:00:00
C008974,referral,51-200,CH,2026-04-15 00:00:00
C008975,seo,200+,FR,2026-03-18 00:00:00
C008976,sea,1-10,BE,2026-05-03 00:00:00
C008977,direct,1-10,FR,2026-06-27 00:00:00
C008978,sea,11-50,CA,2026-02-07 00:00:00
C008979,direct,51-200,BE,2026-01-14 00:00:00
C008980,direct,51-200,FR,2026-05-19 00:00:00
C008981,seo,1-10,FR,2026-04-17 00:00:00
C008982,sea,1-10,FR,2026-03-19 00:00:00
C008983,sea,51-200,FR,2026-03-21 00:00:00
C008984,direct,11-50,FR,2026-07-05 00:00:00
C008985,referral,1-10,FR,2026-07-04 00:00:00
C008986,seo,51-200,FR,2026-01-04 00:00:00
C008987,seo,11-50,FR,2026-07-06 00:00:00
C008988,seo,200+,FR,2026-03-04 00:00:00
C008989,sea,1-10,FR,2026-05-15 00:00:00
C008990,sea,51-200,BE,2026-02-18 00:00:00
C008991,seo,11-50,BE,2026-01-27 00:00:00
C008992,sea,51-200,FR,2026-06-30 00:00:00
C008993,seo,11-50,CA,2026-01-20 00:00:00
C008994,seo,51-200,BE,2026-05-06 00:00:00
C008995,seo,200+,FR,2026-05-07 00:00:00
C008996,referral,11-50,FR,2026-04-10 00:00:00
C008997,referral,1-10,BE,2026-04-20 00:00:00
C008998,referral,11-50,FR,2026-03-14 00:00:00
C008999,sea,200+,BE,2026-07-02 00:00:00
C009000,sea,1-10,FR,2026-02-21 00:00:00
C009001,direct,11-50,FR,2026-02-19 00:00:00
C009002,sea,11-50,FR,2026-03-28 00:00:00
C009003,direct,51-200,CH,2026-05-24 00:00:00
C009004,seo,11-50,FR,2026-04-03 00:00:00
C009005,direct,1-10,BE,2026-04-16 00:00:00
C009006,seo,11-50,FR,2026-05-06 00:00:00
C009007,direct,11-50,FR,2026-07-13 00:00:00
C009008,seo,51-200,FR,2026-06-19 00:00:00
C009009,referral,11-50,FR,2026-03-26 00:00:00
C009010,referral,11-50,FR,2026-03-09 00:00:00
C009011,direct,200+,FR,2026-05-03 00:00:00
C009012,sea,200+,FR,2026-06-04 00:00:00
C009013,sea,51-200,FR,2026-04-20 00:00:00
C009014,seo,1-10,FR,2026-06-10 00:00:00
C009015,direct,51-200,FR,2026-04-14 00:00:00
C009016,direct,11-50,FR,2026-03-14 00:00:00
C009017,seo,1-10,FR,2026-04-28 00:00:00
C009018,direct,200+,FR,2026-01-23 00:00:00
C009019,direct,200+,FR,2026-01-04 00:00:00
C009020,direct,200+,FR,2026-03-07 00:00:00
C009021,sea,200+,CH,2026-02-22 00:00:00
C009022,direct,1-10,FR,2026-04-23 00:00:00
C009023,referral,11-50,BE,2026-03-27 00:00:00
C009024,direct,51-200,BE,2026-01-13 00:00:00
C009025,sea,11-50,FR,2026-01-11 00:00:00
C009026,direct,11-50,CA,2026-01-29 00:00:00
C009027,sea,51-200,CA,2026-06-09 00:00:00
C009028,direct,11-50,CH,2026-06-23 00:00:00
C009029,sea,11-50,FR,2026-03-19 00:00:00
C009030,sea,200+,FR,2026-02-17 00:00:00
C009031,seo,1-10,FR,2026-02-07 00:00:00
C009032,sea,200+,FR,2026-01-29 00:00:00
C009033,sea,200+,CA,2026-02-28 00:00:00
C009034,seo,11-50,BE,2026-04-23 00:00:00
C009035,direct,51-200,FR,2026-01-04 00:00:00
C009036,referral,200+,FR,2026-06-10 00:00:00
C009037,direct,11-50,FR,2026-02-02 00:00:00
C009038,referral,51-200,FR,2026-06-27 00:00:00
C009039,sea,1-10,CA,2026-01-29 00:00:00
C009040,seo,11-50,BE,2026-02-10 00:00:00
C009041,referral,51-200,CH,2026-06-22 00:00:00
C009042,referral,1-10,FR,2026-02-11 00:00:00
C009043,referral,51-200,FR,2026-03-09 00:00:00
C009044,seo,200+,FR,2026-05-30 00:00:00
C009045,seo,11-50,FR,2026-06-03 00:00:00
C009046,sea,11-50,FR,2026-05-11 00:00:00
C009047,seo,51-200,BE,2026-01-15 00:00:00
C009048,referral,51-200,FR,2026-07-01 00:00:00
C009049,direct,1-10,FR,2026-01-18 00:00:00
C009050,seo,1-10,FR,2026-05-05 00:00:00
C009051,direct,51-200,FR,2026-05-23 00:00:00
C009052,seo,51-200,FR,2026-01-17 00:00:00
C009053,direct,200+,FR,2026-03-02 00:00:00
C009054,direct,1-10,FR,2026-06-15 00:00:00
C009055,referral,200+,FR,2026-05-10 00:00:00
C009056,sea,200+,FR,2026-05-23 00:00:00
C009057,seo,11-50,FR,2026-07-06 00:00:00
C009058,direct,200+,FR,2026-04-24 00:00:00
C009059,direct,200+,FR,2026-05-14 00:00:00
C009060,direct,51-200,FR,2026-04-08 00:00:00
C009061,direct,51-200,BE,2026-02-02 00:00:00
C009062,sea,51-200,FR,2026-01-11 00:00:00
C009063,seo,200+,BE,2026-06-09 00:00:00
C009064,referral,11-50,FR,2026-05-14 00:00:00
C009065,direct,1-10,FR,2026-02-07 00:00:00
C009066,seo,11-50,FR,2026-04-29 00:00:00
C009067,seo,51-200,FR,2026-04-06 00:00:00
C009068,referral,1-10,BE,2026-01-18 00:00:00
C009069,sea,1-10,FR,2026-06-19 00:00:00
C009070,direct,1-10,FR,2026-04-29 00:00:00
C009071,sea,51-200,FR,2026-07-19 00:00:00
C009072,seo,11-50,FR,2026-06-20 00:00:00
C009073,seo,1-10,FR,2026-06-19 00:00:00
C009074,sea,51-200,FR,2026-05-03 00:00:00
C009075,referral,51-200,FR,2026-07-11 00:00:00
C009076,seo,11-50,FR,2026-04-28 00:00:00
C009077,seo,200+,FR,2026-05-03 00:00:00
C009078,seo,11-50,FR,2026-05-26 00:00:00
C009079,direct,1-10,CH,2026-05-08 00:00:00
C009080,direct,51-200,FR,2026-03-28 00:00:00
C009081,direct,1-10,FR,2026-06-11 00:00:00
C009082,referral,1-10,FR,2026-04-28 00:00:00
C009083,direct,11-50,BE,2026-03-19 00:00:00
C009084,sea,51-200,FR,2026-03-30 00:00:00
C009085,referral,1-10,FR,2026-01-19 00:00:00
C009086,direct,11-50,FR,2026-04-06 00:00:00
C009087,seo,200+,FR,2026-04-09 00:00:00
C009088,sea,11-50,FR,2026-05-05 00:00:00
C009089,seo,200+,FR,2026-02-26 00:00:00
C009090,direct,11-50,CA,2026-01-14 00:00:00
C009091,referral,1-10,CH,2026-03-03 00:00:00
C009092,seo,1-10,FR,2026-03-26 00:00:00
C009093,seo,1-10,BE,2026-06-14 00:00:00
C009094,direct,11-50,FR,2026-06-10 00:00:00
C009095,direct,200+,BE,2026-01-19 00:00:00
C009096,sea,200+,FR,2026-01-01 00:00:00
C009097,direct,51-200,FR,2026-03-21 00:00:00
C009098,referral,200+,FR,2026-06-06 00:00:00
C009099,referral,11-50,CH,2026-06-09 00:00:00
C009100,seo,51-200,CA,2026-07-14 00:00:00
C009101,referral,1-10,FR,2026-01-31 00:00:00
C009102,sea,1-10,BE,2026-05-12 00:00:00
C009103,direct,11-50,FR,2026-02-23 00:00:00
C009104,direct,51-200,FR,2026-01-23 00:00:00
C009105,seo,51-200,FR,2026-03-20 00:00:00
C009106,seo,11-50,CA,2026-03-23 00:00:00
C009107,sea,51-200,FR,2026-03-11 00:00:00
C009108,direct,200+,FR,2026-03-03 00:00:00
C009109,seo,11-50,FR,2026-02-18 00:00:00
C009110,direct,51-200,FR,2026-05-09 00:00:00
C009111,seo,1-10,CH,2026-04-25 00:00:00
C009112,referral,51-200,FR,2026-03-26 00:00:00
C009113,sea,200+,FR,2026-02-14 00:00:00
C009114,direct,51-200,CA,2026-05-16 00:00:00
C009115,direct,1-10,FR,2026-07-12 00:00:00
C009116,direct,11-50,FR,2026-01-21 00:00:00
C009117,seo,11-50,FR,2026-03-07 00:00:00
C009118,referral,200+,FR,2026-01-03 00:00:00
C009119,referral,1-10,FR,2026-05-21 00:00:00
C009120,referral,1-10,FR,2026-04-14 00:00:00
C009121,direct,200+,FR,2026-07-06 00:00:00
C009122,sea,200+,BE,2026-03-08 00:00:00
C009123,direct,1-10,BE,2026-05-01 00:00:00
C009124,direct,200+,FR,2026-02-19 00:00:00
C009125,direct,51-200,FR,2026-03-20 00:00:00
C009126,sea,51-200,CA,2026-01-05 00:00:00
C009127,sea,1-10,BE,2026-03-20 00:00:00
C009128,referral,51-200,FR,2026-02-09 00:00:00
C009129,direct,11-50,FR,2026-07-16 00:00:00
C009130,seo,200+,CA,2026-05-05 00:00:00
C009131,seo,1-10,FR,2026-02-02 00:00:00
C009132,sea,1-10,FR,2026-07-08 00:00:00
C009133,referral,11-50,FR,2026-03-01 00:00:00
C009134,seo,1-10,FR,2026-02-05 00:00:00
C009135,seo,200+,FR,2026-02-15 00:00:00
C009136,seo,51-200,FR,2026-04-22 00:00:00
C009137,referral,11-50,FR,2026-01-12 00:00:00
C009138,seo,1-10,CH,2026-06-17 00:00:00
C009139,referral,200+,FR,2026-03-03 00:00:00
C009140,sea,1-10,FR,2026-03-10 00:00:00
C009141,seo,11-50,BE,2026-01-11 00:00:00
C009142,direct,51-200,FR,2026-06-10 00:00:00
C009143,referral,11-50,BE,2026-06-16 00:00:00
C009144,direct,1-10,FR,2026-05-10 00:00:00
C009145,seo,200+,CA,2026-06-18 00:00:00
C009146,referral,51-200,FR,2026-05-01 00:00:00
C009147,sea,200+,FR,2026-02-14 00:00:00
C009148,referral,11-50,FR,2026-05-19 00:00:00
C009149,referral,51-200,FR,2026-06-16 00:00:00
C009150,sea,51-200,FR,2026-03-31 00:00:00
C009151,direct,200+,FR,2026-02-10 00:00:00
C009152,referral,200+,CH,2026-01-09 00:00:00
C009153,direct,1-10,FR,2026-03-25 00:00:00
C009154,sea,11-50,FR,2026-04-17 00:00:00
C009155,referral,1-10,FR,2026-05-15 00:00:00
C009156,sea,200+,BE,2026-03-04 00:00:00
C009157,direct,11-50,FR,2026-01-17 00:00:00
C009158,referral,1-10,BE,2026-06-08 00:00:00
C009159,direct,1-10,FR,2026-04-11 00:00:00
C009160,seo,51-200,FR,2026-04-04 00:00:00
C009161,sea,11-50,FR,2026-01-22 00:00:00
C009162,direct,1-10,FR,2026-02-26 00:00:00
C009163,seo,1-10,BE,2026-03-04 00:00:00
C009164,seo,1-10,FR,2026-02-28 00:00:00
C009165,sea,51-200,FR,2026-01-14 00:00:00
C009166,sea,51-200,FR,2026-02-19 00:00:00
C009167,direct,200+,FR,2026-03-08 00:00:00
C009168,seo,200+,CA,2026-06-13 00:00:00
C009169,direct,1-10,FR,2026-07-06 00:00:00
C009170,sea,11-50,FR,2026-01-06 00:00:00
C009171,direct,11-50,BE,2026-04-10 00:00:00
C009172,direct,11-50,FR,2026-01-26 00:00:00
C009173,direct,200+,FR,2026-06-09 00:00:00
C009174,direct,11-50,CA,2026-05-08 00:00:00
C009175,direct,200+,FR,2026-04-15 00:00:00
C009176,seo,1-10,FR,2026-06-01 00:00:00
C009177,sea,11-50,FR,2026-01-13 00:00:00
C009178,direct,1-10,FR,2026-06-08 00:00:00
C009179,referral,200+,CA,2026-01-26 00:00:00
C009180,sea,1-10,FR,2026-05-20 00:00:00
C009181,seo,1-10,FR,2026-04-04 00:00:00
C009182,direct,11-50,CA,2026-02-24 00:00:00
C009183,seo,51-200,FR,2026-06-27 00:00:00
C009184,seo,51-200,FR,2026-06-27 00:00:00
C009185,sea,51-200,FR,2026-02-06 00:00:00
C009186,sea,200+,CH,2026-05-07 00:00:00
C009187,direct,51-200,FR,2026-03-12 00:00:00
C009188,seo,11-50,CA,2026-01-24 00:00:00
C009189,referral,200+,FR,2026-07-16 00:00:00
C009190,sea,51-200,CH,2026-06-18 00:00:00
C009191,seo,200+,CA,2026-04-01 00:00:00
C009192,sea,11-50,FR,2026-06-06 00:00:00
C009193,referral,11-50,BE,2026-02-23 00:00:00
C009194,referral,1-10,FR,2026-01-17 00:00:00
C009195,referral,51-200,FR,2026-07-05 00:00:00
C009196,referral,11-50,FR,2026-02-26 00:00:00
C009197,seo,200+,FR,2026-01-07 00:00:00
C009198,referral,1-10,FR,2026-03-18 00:00:00
C009199,sea,51-200,FR,2026-07-18 00:00:00
C009200,referral,200+,FR,2026-05-18 00:00:00
C009201,seo,1-10,FR,2026-03-02 00:00:00
C009202,sea,200+,CH,2026-07-08 00:00:00
C009203,direct,51-200,BE,2026-02-02 00:00:00
C009204,direct,1-10,FR,2026-03-06 00:00:00
C009205,referral,1-10,FR,2026-02-06 00:00:00
C009206,referral,11-50,FR,2026-05-28 00:00:00
C009207,sea,200+,FR,2026-04-30 00:00:00
C009208,sea,1-10,CA,2026-05-29 00:00:00
C009209,referral,51-200,FR,2026-03-31 00:00:00
C009210,sea,200+,FR,2026-04-26 00:00:00
C009211,sea,11-50,FR,2026-02-05 00:00:00
C009212,direct,51-200,FR,2026-02-27 00:00:00
C009213,direct,200+,CH,2026-04-15 00:00:00
C009214,seo,11-50,CA,2026-04-15 00:00:00
C009215,direct,51-200,CA,2026-05-18 00:00:00
C009216,direct,51-200,CA,2026-03-18 00:00:00
C009217,seo,11-50,FR,2026-06-06 00:00:00
C009218,referral,11-50,FR,2026-06-20 00:00:00
C009219,referral,200+,FR,2026-03-05 00:00:00
C009220,referral,1-10,FR,2026-03-17 00:00:00
C009221,sea,1-10,FR,2026-05-22 00:00:00
C009222,direct,200+,FR,2026-03-29 00:00:00
C009223,seo,200+,FR,2026-04-26 00:00:00
C009224,sea,11-50,CA,2026-01-15 00:00:00
C009225,direct,51-200,FR,2026-07-07 00:00:00
C009226,sea,1-10,FR,2026-07-05 00:00:00
C009227,sea,51-200,FR,2026-05-14 00:00:00
C009228,seo,1-10,FR,2026-02-11 00:00:00
C009229,referral,51-200,FR,2026-03-11 00:00:00
C009230,referral,51-200,BE,2026-06-29 00:00:00
C009231,referral,11-50,FR,2026-06-06 00:00:00
C009232,referral,1-10,FR,2026-06-06 00:00:00
C009233,direct,11-50,FR,2026-05-11 00:00:00
C009234,seo,1-10,CA,2026-04-11 00:00:00
C009235,seo,200+,FR,2026-03-07 00:00:00
C009236,referral,51-200,CH,2026-03-08 00:00:00
C009237,referral,1-10,FR,2026-01-21 00:00:00
C009238,sea,51-200,FR,2026-02-22 00:00:00
C009239,referral,200+,FR,2026-03-23 00:00:00
C009240,sea,1-10,FR,2026-06-11 00:00:00
C009241,seo,51-200,FR,2026-06-25 00:00:00
C009242,referral,11-50,BE,2026-04-21 00:00:00
C009243,direct,51-200,FR,2026-05-14 00:00:00
C009244,referral,51-200,FR,2026-06-06 00:00:00
C009245,referral,200+,CH,2026-01-04 00:00:00
C009246,seo,200+,FR,2026-04-22 00:00:00
C009247,direct,11-50,FR,2026-07-12 00:00:00
C009248,direct,51-200,FR,2026-06-12 00:00:00
C009249,direct,200+,BE,2026-04-14 00:00:00
C009250,seo,1-10,FR,2026-04-12 00:00:00
C009251,seo,11-50,BE,2026-01-20 00:00:00
C009252,direct,200+,FR,2026-01-16 00:00:00
C009253,sea,51-200,FR,2026-05-12 00:00:00
C009254,seo,200+,BE,2026-04-26 00:00:00
C009255,direct,200+,FR,2026-01-29 00:00:00
C009256,referral,51-200,FR,2026-06-10 00:00:00
C009257,seo,200+,FR,2026-01-25 00:00:00
C009258,seo,51-200,FR,2026-07-09 00:00:00
C009259,seo,1-10,FR,2026-01-23 00:00:00
C009260,referral,11-50,FR,2026-07-16 00:00:00
C009261,referral,51-200,FR,2026-06-24 00:00:00
C009262,referral,11-50,FR,2026-06-19 00:00:00
C009263,sea,1-10,FR,2026-05-13 00:00:00
C009264,sea,51-200,FR,2026-02-20 00:00:00
C009265,seo,51-200,CH,2026-02-15 00:00:00
C009266,sea,1-10,FR,2026-06-07 00:00:00
C009267,seo,200+,CH,2026-04-01 00:00:00
C009268,direct,1-10,FR,2026-02-10 00:00:00
C009269,referral,1-10,FR,2026-05-16 00:00:00
C009270,sea,200+,BE,2026-02-17 00:00:00
C009271,seo,51-200,FR,2026-04-10 00:00:00
C009272,referral,11-50,FR,2026-03-29 00:00:00
C009273,referral,51-200,FR,2026-03-27 00:00:00
C009274,seo,11-50,FR,2026-05-29 00:00:00
C009275,seo,200+,FR,2026-04-23 00:00:00
C009276,seo,11-50,CH,2026-02-13 00:00:00
C009277,direct,1-10,FR,2026-03-29 00:00:00
C009278,direct,200+,FR,2026-05-18 00:00:00
C009279,seo,1-10,FR,2026-04-13 00:00:00
C009280,sea,51-200,FR,2026-06-26 00:00:00
C009281,seo,51-200,FR,2026-02-01 00:00:00
C009282,referral,200+,FR,2026-06-29 00:00:00
C009283,seo,11-50,CH,2026-06-04 00:00:00
C009284,sea,200+,FR,2026-02-02 00:00:00
C009285,seo,11-50,CH,2026-05-11 00:00:00
C009286,referral,1-10,FR,2026-03-30 00:00:00
C009287,referral,51-200,FR,2026-06-08 00:00:00
C009288,direct,1-10,FR,2026-07-05 00:00:00
C009289,direct,51-200,BE,2026-01-27 00:00:00
C009290,seo,1-10,CH,2026-07-10 00:00:00
C009291,referral,1-10,BE,2026-04-15 00:00:00
C009292,seo,200+,FR,2026-06-18 00:00:00
C009293,direct,1-10,FR,2026-05-26 00:00:00
C009294,direct,200+,FR,2026-03-18 00:00:00
C009295,seo,51-200,FR,2026-06-21 00:00:00
C009296,referral,11-50,FR,2026-06-06 00:00:00
C009297,direct,11-50,FR,2026-01-12 00:00:00
C009298,referral,200+,FR,2026-01-24 00:00:00
C009299,direct,51-200,CH,2026-04-15 00:00:00
C009300,direct,1-10,FR,2026-06-23 00:00:00
C009301,direct,11-50,FR,2026-02-15 00:00:00
C009302,direct,11-50,FR,2026-02-17 00:00:00
C009303,direct,200+,FR,2026-07-13 00:00:00
C009304,referral,11-50,FR,2026-05-25 00:00:00
C009305,direct,11-50,FR,2026-02-27 00:00:00
C009306,sea,11-50,CH,2026-06-25 00:00:00
C009307,seo,200+,FR,2026-06-06 00:00:00
C009308,direct,11-50,FR,2026-07-07 00:00:00
C009309,sea,1-10,FR,2026-03-13 00:00:00
C009310,referral,51-200,FR,2026-07-12 00:00:00
C009311,sea,1-10,CH,2026-06-05 00:00:00
C009312,sea,1-10,FR,2026-05-29 00:00:00
C009313,direct,200+,FR,2026-02-24 00:00:00
C009314,seo,51-200,FR,2026-02-01 00:00:00
C009315,sea,51-200,BE,2026-03-24 00:00:00
C009316,referral,51-200,CA,2026-02-19 00:00:00
C009317,sea,51-200,FR,2026-04-02 00:00:00
C009318,referral,51-200,CH,2026-01-04 00:00:00
C009319,seo,51-200,FR,2026-07-01 00:00:00
C009320,sea,1-10,FR,2026-02-23 00:00:00
C009321,referral,11-50,BE,2026-06-01 00:00:00
C009322,sea,1-10,FR,2026-04-23 00:00:00
C009323,sea,1-10,FR,2026-01-20 00:00:00
C009324,referral,200+,BE,2026-03-27 00:00:00
C009325,seo,200+,CH,2026-03-30 00:00:00
C009326,direct,200+,FR,2026-07-08 00:00:00
C009327,referral,51-200,CH,2026-01-07 00:00:00
C009328,sea,51-200,FR,2026-04-27 00:00:00
C009329,direct,11-50,FR,2026-03-27 00:00:00
C009330,sea,1-10,FR,2026-03-14 00:00:00
C009331,direct,51-200,FR,2026-04-16 00:00:00
C009332,direct,11-50,FR,2026-02-28 00:00:00
C009333,sea,11-50,FR,2026-05-19 00:00:00
C009334,referral,11-50,CH,2026-01-06 00:00:00
C009335,referral,200+,FR,2026-03-13 00:00:00
C009336,direct,200+,BE,2026-06-28 00:00:00
C009337,direct,11-50,FR,2026-01-05 00:00:00
C009338,sea,51-200,FR,2026-06-07 00:00:00
C009339,referral,1-10,FR,2026-04-17 00:00:00
C009340,sea,200+,FR,2026-06-22 00:00:00
C009341,seo,11-50,FR,2026-04-24 00:00:00
C009342,sea,51-200,BE,2026-04-04 00:00:00
C009343,direct,11-50,FR,2026-03-23 00:00:00
C009344,seo,1-10,FR,2026-03-05 00:00:00
C009345,referral,11-50,CH,2026-03-25 00:00:00
C009346,seo,200+,FR,2026-07-10 00:00:00
C009347,referral,51-200,CH,2026-07-06 00:00:00
C009348,direct,200+,FR,2026-03-24 00:00:00
C009349,sea,51-200,FR,2026-04-11 00:00:00
C009350,seo,51-200,FR,2026-05-25 00:00:00
C009351,direct,51-200,FR,2026-02-24 00:00:00
C009352,sea,11-50,FR,2026-02-26 00:00:00
C009353,seo,51-200,FR,2026-04-22 00:00:00
C009354,seo,51-200,FR,2026-02-24 00:00:00
C009355,referral,1-10,FR,2026-01-16 00:00:00
C009356,direct,200+,CA,2026-05-06 00:00:00
C009357,sea,51-200,BE,2026-01-13 00:00:00
C009358,direct,1-10,FR,2026-04-29 00:00:00
C009359,sea,1-10,FR,2026-06-27 00:00:00
C009360,sea,11-50,FR,2026-05-27 00:00:00
C009361,seo,51-200,FR,2026-05-05 00:00:00
C009362,seo,11-50,CH,2026-05-02 00:00:00
C009363,sea,1-10,FR,2026-03-08 00:00:00
C009364,seo,200+,CA,2026-03-14 00:00:00
C009365,sea,200+,CH,2026-07-16 00:00:00
C009366,seo,200+,FR,2026-02-20 00:00:00
C009367,seo,1-10,FR,2026-04-27 00:00:00
C009368,sea,1-10,CA,2026-01-09 00:00:00
C009369,referral,200+,CA,2026-01-25 00:00:00
C009370,referral,200+,BE,2026-06-28 00:00:00
C009371,referral,11-50,CA,2026-03-29 00:00:00
C009372,sea,1-10,FR,2026-05-21 00:00:00
C009373,referral,200+,CA,2026-01-19 00:00:00
C009374,sea,1-10,FR,2026-02-17 00:00:00
C009375,sea,200+,FR,2026-02-20 00:00:00
C009376,direct,1-10,CH,2026-02-13 00:00:00
C009377,direct,51-200,BE,2026-07-14 00:00:00
C009378,referral,200+,FR,2026-04-14 00:00:00
C009379,referral,51-200,FR,2026-04-09 00:00:00
C009380,referral,11-50,FR,2026-04-28 00:00:00
C009381,sea,51-200,FR,2026-03-10 00:00:00
C009382,seo,51-200,FR,2026-01-30 00:00:00
C009383,seo,1-10,FR,2026-02-05 00:00:00
C009384,seo,11-50,BE,2026-06-13 00:00:00
C009385,seo,1-10,FR,2026-06-23 00:00:00
C009386,sea,11-50,CA,2026-03-24 00:00:00
C009387,seo,200+,BE,2026-03-20 00:00:00
C009388,sea,200+,FR,2026-01-16 00:00:00
C009389,sea,51-200,FR,2026-06-10 00:00:00
C009390,referral,200+,BE,2026-01-23 00:00:00
C009391,seo,200+,CH,2026-03-19 00:00:00
C009392,sea,1-10,FR,2026-01-03 00:00:00
C009393,direct,51-200,FR,2026-04-20 00:00:00
C009394,sea,11-50,FR,2026-01-12 00:00:00
C009395,sea,1-10,FR,2026-01-13 00:00:00
C009396,referral,200+,FR,2026-01-03 00:00:00
C009397,referral,51-200,FR,2026-04-21 00:00:00
C009398,seo,51-200,FR,2026-05-02 00:00:00
C009399,direct,200+,FR,2026-04-01 00:00:00
C009400,referral,200+,FR,2026-04-07 00:00:00
C009401,seo,200+,FR,2026-01-30 00:00:00
C009402,direct,51-200,FR,2026-03-03 00:00:00
C009403,seo,1-10,FR,2026-06-08 00:00:00
C009404,sea,200+,FR,2026-02-10 00:00:00
C009405,referral,1-10,CA,2026-01-01 00:00:00
C009406,sea,51-200,BE,2026-06-25 00:00:00
C009407,direct,11-50,FR,2026-01-30 00:00:00
C009408,direct,200+,FR,2026-04-30 00:00:00
C009409,seo,11-50,FR,2026-03-31 00:00:00
C009410,seo,51-200,CA,2026-06-29 00:00:00
C009411,seo,11-50,FR,2026-03-22 00:00:00
C009412,seo,11-50,CA,2026-06-27 00:00:00
C009413,direct,11-50,FR,2026-03-07 00:00:00
C009414,referral,1-10,FR,2026-07-19 00:00:00
C009415,direct,1-10,CH,2026-04-07 00:00:00
C009416,sea,1-10,FR,2026-05-20 00:00:00
C009417,referral,1-10,FR,2026-02-20 00:00:00
C009418,sea,200+,CA,2026-06-15 00:00:00
C009419,referral,1-10,BE,2026-02-10 00:00:00
C009420,sea,200+,FR,2026-01-06 00:00:00
C009421,direct,51-200,FR,2026-04-15 00:00:00
C009422,sea,11-50,CA,2026-04-27 00:00:00
C009423,referral,51-200,FR,2026-05-06 00:00:00
C009424,referral,200+,FR,2026-02-18 00:00:00
C009425,sea,1-10,CH,2026-05-18 00:00:00
C009426,referral,51-200,FR,2026-04-02 00:00:00
C009427,referral,11-50,FR,2026-01-12 00:00:00
C009428,referral,200+,FR,2026-01-01 00:00:00
C009429,referral,51-200,FR,2026-05-03 00:00:00
C009430,sea,11-50,FR,2026-05-22 00:00:00
C009431,direct,11-50,BE,2026-02-07 00:00:00
C009432,direct,200+,BE,2026-02-03 00:00:00
C009433,sea,1-10,FR,2026-01-11 00:00:00
C009434,direct,1-10,CH,2026-07-12 00:00:00
C009435,referral,11-50,FR,2026-03-10 00:00:00
C009436,direct,11-50,FR,2026-04-01 00:00:00
C009437,sea,1-10,CH,2026-06-30 00:00:00
C009438,sea,1-10,FR,2026-05-09 00:00:00
C009439,seo,11-50,CH,2026-06-10 00:00:00
C009440,direct,200+,FR,2026-06-30 00:00:00
C009441,sea,200+,BE,2026-02-27 00:00:00
C009442,direct,1-10,FR,2026-06-05 00:00:00
C009443,seo,11-50,CA,2026-04-02 00:00:00
C009444,sea,11-50,FR,2026-03-04 00:00:00
C009445,referral,11-50,FR,2026-06-08 00:00:00
C009446,sea,200+,FR,2026-05-29 00:00:00
C009447,seo,1-10,FR,2026-03-10 00:00:00
C009448,direct,200+,FR,2026-01-24 00:00:00
C009449,seo,1-10,CA,2026-03-25 00:00:00
C009450,referral,200+,FR,2026-02-17 00:00:00
C009451,direct,11-50,CH,2026-02-24 00:00:00
C009452,seo,51-200,FR,2026-06-20 00:00:00
C009453,referral,1-10,CA,2026-06-14 00:00:00
C009454,direct,1-10,FR,2026-05-06 00:00:00
C009455,direct,1-10,FR,2026-04-03 00:00:00
C009456,seo,1-10,CH,2026-02-09 00:00:00
C009457,referral,11-50,CH,2026-06-27 00:00:00
C009458,sea,11-50,CA,2026-03-31 00:00:00
C009459,seo,11-50,FR,2026-04-11 00:00:00
C009460,direct,11-50,FR,2026-05-13 00:00:00
C009461,referral,200+,CH,2026-03-24 00:00:00
C009462,sea,200+,FR,2026-01-06 00:00:00
C009463,sea,1-10,CA,2026-04-28 00:00:00
C009464,referral,200+,FR,2026-01-31 00:00:00
C009465,sea,200+,FR,2026-02-21 00:00:00
C009466,sea,11-50,FR,2026-05-11 00:00:00
C009467,seo,1-10,BE,2026-04-18 00:00:00
C009468,sea,200+,BE,2026-06-28 00:00:00
C009469,seo,51-200,FR,2026-05-16 00:00:00
C009470,sea,200+,FR,2026-02-08 00:00:00
C009471,direct,200+,CH,2026-07-12 00:00:00
C009472,direct,51-200,FR,2026-04-25 00:00:00
C009473,direct,11-50,BE,2026-01-21 00:00:00
C009474,sea,200+,FR,2026-04-23 00:00:00
C009475,seo,1-10,FR,2026-04-05 00:00:00
C009476,sea,11-50,FR,2026-07-11 00:00:00
C009477,seo,1-10,FR,2026-07-01 00:00:00
C009478,seo,1-10,FR,2026-04-27 00:00:00
C009479,seo,51-200,CA,2026-06-11 00:00:00
C009480,referral,51-200,FR,2026-03-13 00:00:00
C009481,seo,51-200,BE,2026-05-18 00:00:00
C009482,sea,51-200,FR,2026-05-16 00:00:00
C009483,sea,11-50,CH,2026-06-25 00:00:00
C009484,direct,51-200,FR,2026-05-17 00:00:00
C009485,referral,1-10,CH,2026-01-11 00:00:00
C009486,direct,51-200,FR,2026-06-18 00:00:00
C009487,referral,1-10,FR,2026-01-16 00:00:00
C009488,direct,1-10,FR,2026-01-10 00:00:00
C009489,seo,51-200,BE,2026-04-17 00:00:00
C009490,direct,1-10,FR,2026-03-19 00:00:00
C009491,direct,1-10,FR,2026-05-20 00:00:00
C009492,direct,200+,FR,2026-06-05 00:00:00
C009493,sea,11-50,BE,2026-05-12 00:00:00
C009494,direct,51-200,FR,2026-07-05 00:00:00
C009495,seo,11-50,FR,2026-01-11 00:00:00
C009496,seo,200+,CA,2026-06-22 00:00:00
C009497,sea,1-10,CH,2026-05-18 00:00:00
C009498,sea,1-10,CH,2026-05-15 00:00:00
C009499,seo,51-200,CH,2026-07-01 00:00:00
C009500,referral,51-200,CH,2026-01-27 00:00:00
C009501,referral,1-10,CA,2026-04-17 00:00:00
C009502,direct,200+,BE,2026-03-28 00:00:00
C009503,seo,51-200,CH,2026-01-31 00:00:00
C009504,direct,1-10,CH,2026-06-05 00:00:00
C009505,sea,51-200,FR,2026-03-16 00:00:00
C009506,direct,11-50,FR,2026-01-29 00:00:00
C009507,seo,11-50,BE,2026-05-16 00:00:00
C009508,seo,1-10,FR,2026-01-26 00:00:00
C009509,direct,200+,FR,2026-03-09 00:00:00
C009510,referral,200+,FR,2026-06-06 00:00:00
C009511,referral,200+,FR,2026-06-21 00:00:00
C009512,direct,1-10,FR,2026-03-19 00:00:00
C009513,referral,1-10,FR,2026-05-06 00:00:00
C009514,sea,11-50,BE,2026-02-23 00:00:00
C009515,referral,200+,FR,2026-06-27 00:00:00
C009516,sea,51-200,FR,2026-05-09 00:00:00
C009517,seo,1-10,FR,2026-02-26 00:00:00
C009518,direct,11-50,FR,2026-07-14 00:00:00
C009519,referral,11-50,FR,2026-04-03 00:00:00
C009520,referral,11-50,FR,2026-03-14 00:00:00
C009521,sea,11-50,CH,2026-05-30 00:00:00
C009522,sea,11-50,FR,2026-02-27 00:00:00
C009523,sea,1-10,FR,2026-04-25 00:00:00
C009524,seo,1-10,FR,2026-05-28 00:00:00
C009525,direct,1-10,FR,2026-01-23 00:00:00
C009526,referral,51-200,FR,2026-05-13 00:00:00
C009527,referral,51-200,FR,2026-01-26 00:00:00
C009528,seo,11-50,FR,2026-04-06 00:00:00
C009529,direct,1-10,FR,2026-06-23 00:00:00
C009530,seo,11-50,FR,2026-06-27 00:00:00
C009531,sea,11-50,FR,2026-02-08 00:00:00
C009532,sea,1-10,CH,2026-07-09 00:00:00
C009533,direct,11-50,FR,2026-06-03 00:00:00
C009534,sea,200+,BE,2026-02-25 00:00:00
C009535,referral,51-200,FR,2026-02-25 00:00:00
C009536,referral,1-10,FR,2026-04-28 00:00:00
C009537,referral,11-50,BE,2026-06-11 00:00:00
C009538,seo,200+,FR,2026-03-08 00:00:00
C009539,direct,51-200,FR,2026-03-22 00:00:00
C009540,direct,200+,FR,2026-02-05 00:00:00
C009541,seo,51-200,FR,2026-03-09 00:00:00
C009542,referral,51-200,FR,2026-06-17 00:00:00
C009543,sea,200+,CH,2026-07-16 00:00:00
C009544,sea,200+,FR,2026-06-19 00:00:00
C009545,referral,1-10,FR,2026-04-09 00:00:00
C009546,direct,11-50,FR,2026-02-22 00:00:00
C009547,direct,1-10,FR,2026-05-13 00:00:00
C009548,seo,200+,CH,2026-05-08 00:00:00
C009549,seo,51-200,BE,2026-01-26 00:00:00
C009550,referral,1-10,FR,2026-05-20 00:00:00
C009551,seo,51-200,BE,2026-04-04 00:00:00
C009552,sea,200+,CA,2026-07-15 00:00:00
C009553,sea,1-10,FR,2026-01-05 00:00:00
C009554,seo,200+,BE,2026-05-22 00:00:00
C009555,referral,51-200,FR,2026-06-08 00:00:00
C009556,referral,1-10,FR,2026-06-02 00:00:00
C009557,direct,1-10,FR,2026-04-20 00:00:00
C009558,referral,11-50,FR,2026-02-05 00:00:00
C009559,direct,1-10,FR,2026-01-27 00:00:00
C009560,referral,200+,FR,2026-05-10 00:00:00
C009561,sea,51-200,FR,2026-05-07 00:00:00
C009562,direct,200+,CA,2026-06-05 00:00:00
C009563,sea,200+,FR,2026-05-11 00:00:00
C009564,seo,1-10,FR,2026-04-07 00:00:00
C009565,referral,11-50,FR,2026-05-10 00:00:00
C009566,seo,11-50,FR,2026-05-14 00:00:00
C009567,seo,11-50,FR,2026-05-19 00:00:00
C009568,direct,11-50,CH,2026-03-08 00:00:00
C009569,seo,51-200,CA,2026-04-17 00:00:00
C009570,seo,11-50,CA,2026-07-07 00:00:00
C009571,direct,1-10,BE,2026-03-05 00:00:00
C009572,sea,200+,FR,2026-04-25 00:00:00
C009573,direct,1-10,BE,2026-06-30 00:00:00
C009574,seo,51-200,FR,2026-04-03 00:00:00
C009575,sea,200+,FR,2026-02-16 00:00:00
C009576,seo,1-10,FR,2026-07-03 00:00:00
C009577,referral,1-10,CA,2026-01-08 00:00:00
C009578,seo,11-50,FR,2026-05-19 00:00:00
C009579,sea,11-50,CA,2026-05-23 00:00:00
C009580,direct,200+,CA,2026-06-15 00:00:00
C009581,seo,200+,FR,2026-05-06 00:00:00
C009582,direct,200+,FR,2026-07-11 00:00:00
C009583,sea,1-10,FR,2026-01-26 00:00:00
C009584,direct,11-50,FR,2026-03-23 00:00:00
C009585,sea,1-10,CA,2026-03-27 00:00:00
C009586,sea,51-200,BE,2026-06-18 00:00:00
C009587,seo,1-10,FR,2026-07-10 00:00:00
C009588,direct,51-200,FR,2026-02-12 00:00:00
C009589,sea,51-200,FR,2026-06-14 00:00:00
C009590,seo,1-10,FR,2026-01-31 00:00:00
C009591,sea,51-200,CA,2026-02-15 00:00:00
C009592,direct,51-200,FR,2026-04-20 00:00:00
C009593,sea,1-10,FR,2026-02-21 00:00:00
C009594,direct,11-50,CH,2026-06-12 00:00:00
C009595,referral,1-10,BE,2026-03-20 00:00:00
C009596,direct,200+,FR,2026-02-06 00:00:00
C009597,referral,11-50,CH,2026-05-01 00:00:00
C009598,referral,51-200,CH,2026-04-07 00:00:00
C009599,referral,11-50,FR,2026-02-20 00:00:00
C009600,referral,51-200,CA,2026-03-05 00:00:00
C009601,sea,51-200,CH,2026-05-23 00:00:00
C009602,direct,1-10,FR,2026-02-19 00:00:00
C009603,sea,11-50,FR,2026-04-28 00:00:00
C009604,direct,51-200,FR,2026-02-17 00:00:00
C009605,direct,200+,FR,2026-04-08 00:00:00
C009606,sea,200+,FR,2026-03-20 00:00:00
C009607,referral,51-200,CH,2026-07-09 00:00:00
C009608,sea,51-200,FR,2026-07-17 00:00:00
C009609,referral,1-10,CH,2026-03-14 00:00:00
C009610,sea,200+,FR,2026-05-25 00:00:00
C009611,seo,11-50,FR,2026-03-28 00:00:00
C009612,direct,11-50,BE,2026-01-11 00:00:00
C009613,referral,1-10,FR,2026-05-20 00:00:00
C009614,seo,51-200,FR,2026-03-17 00:00:00
C009615,sea,11-50,FR,2026-03-07 00:00:00
C009616,sea,51-200,FR,2026-06-08 00:00:00
C009617,direct,200+,CH,2026-03-31 00:00:00
C009618,referral,200+,FR,2026-07-09 00:00:00
C009619,seo,11-50,FR,2026-04-24 00:00:00
C009620,direct,51-200,CH,2026-02-02 00:00:00
C009621,referral,11-50,CH,2026-06-12 00:00:00
C009622,direct,1-10,BE,2026-03-17 00:00:00
C009623,referral,200+,FR,2026-03-25 00:00:00
C009624,direct,51-200,CH,2026-02-27 00:00:00
C009625,seo,1-10,CA,2026-03-02 00:00:00
C009626,sea,51-200,FR,2026-07-09 00:00:00
C009627,sea,51-200,FR,2026-03-19 00:00:00
C009628,direct,11-50,FR,2026-07-06 00:00:00
C009629,seo,200+,FR,2026-05-15 00:00:00
C009630,referral,200+,BE,2026-02-23 00:00:00
C009631,direct,1-10,FR,2026-06-27 00:00:00
C009632,referral,1-10,CH,2026-05-07 00:00:00
C009633,seo,51-200,FR,2026-06-27 00:00:00
C009634,seo,200+,FR,2026-04-02 00:00:00
C009635,seo,51-200,FR,2026-06-13 00:00:00
C009636,sea,200+,FR,2026-02-14 00:00:00
C009637,referral,200+,FR,2026-06-15 00:00:00
C009638,sea,11-50,CA,2026-01-08 00:00:00
C009639,direct,200+,FR,2026-07-16 00:00:00
C009640,sea,11-50,FR,2026-04-11 00:00:00
C009641,direct,51-200,FR,2026-06-30 00:00:00
C009642,seo,11-50,CA,2026-05-31 00:00:00
C009643,referral,51-200,FR,2026-04-22 00:00:00
C009644,seo,1-10,FR,2026-04-28 00:00:00
C009645,seo,11-50,CA,2026-01-28 00:00:00
C009646,direct,11-50,FR,2026-04-29 00:00:00
C009647,direct,200+,BE,2026-07-06 00:00:00
C009648,sea,11-50,FR,2026-03-03 00:00:00
C009649,referral,11-50,BE,2026-01-23 00:00:00
C009650,seo,1-10,FR,2026-01-21 00:00:00
C009651,seo,1-10,CA,2026-01-11 00:00:00
C009652,sea,51-200,CH,2026-02-22 00:00:00
C009653,seo,51-200,BE,2026-05-29 00:00:00
C009654,seo,51-200,BE,2026-04-06 00:00:00
C009655,direct,51-200,BE,2026-06-12 00:00:00
C009656,sea,11-50,CH,2026-04-08 00:00:00
C009657,referral,11-50,FR,2026-01-21 00:00:00
C009658,referral,51-200,FR,2026-01-15 00:00:00
C009659,seo,51-200,FR,2026-01-11 00:00:00
C009660,referral,11-50,FR,2026-03-27 00:00:00
C009661,direct,51-200,CH,2026-02-19 00:00:00
C009662,referral,51-200,FR,2026-05-27 00:00:00
C009663,referral,200+,FR,2026-02-11 00:00:00
C009664,sea,1-10,FR,2026-06-27 00:00:00
C009665,direct,1-10,FR,2026-03-17 00:00:00
C009666,referral,51-200,FR,2026-04-23 00:00:00
C009667,referral,1-10,BE,2026-04-14 00:00:00
C009668,direct,51-200,FR,2026-02-14 00:00:00
C009669,referral,200+,FR,2026-02-02 00:00:00
C009670,referral,11-50,FR,2026-03-12 00:00:00
C009671,seo,200+,CH,2026-01-07 00:00:00
C009672,seo,11-50,FR,2026-06-19 00:00:00
C009673,seo,11-50,CH,2026-05-29 00:00:00
C009674,sea,51-200,FR,2026-06-08 00:00:00
C009675,seo,1-10,FR,2026-05-18 00:00:00
C009676,referral,200+,FR,2026-01-06 00:00:00
C009677,sea,11-50,CA,2026-02-13 00:00:00
C009678,direct,11-50,FR,2026-05-26 00:00:00
C009679,sea,11-50,FR,2026-06-05 00:00:00
C009680,sea,11-50,FR,2026-01-23 00:00:00
C009681,referral,11-50,FR,2026-05-03 00:00:00
C009682,seo,1-10,FR,2026-05-10 00:00:00
C009683,direct,51-200,FR,2026-04-30 00:00:00
C009684,referral,11-50,FR,2026-04-25 00:00:00
C009685,direct,1-10,FR,2026-04-10 00:00:00
C009686,direct,11-50,BE,2026-04-01 00:00:00
C009687,referral,200+,FR,2026-01-11 00:00:00
C009688,direct,200+,CA,2026-04-06 00:00:00
C009689,seo,1-10,CA,2026-05-22 00:00:00
C009690,direct,200+,CH,2026-03-19 00:00:00
C009691,sea,51-200,FR,2026-06-09 00:00:00
C009692,sea,1-10,FR,2026-03-13 00:00:00
C009693,sea,1-10,CA,2026-04-29 00:00:00
C009694,direct,200+,FR,2026-06-07 00:00:00
C009695,sea,200+,FR,2026-04-03 00:00:00
C009696,referral,1-10,FR,2026-03-23 00:00:00
C009697,sea,1-10,FR,2026-04-30 00:00:00
C009698,referral,11-50,CH,2026-03-31 00:00:00
C009699,direct,11-50,FR,2026-05-22 00:00:00
C009700,direct,11-50,FR,2026-01-06 00:00:00
C009701,seo,11-50,FR,2026-01-16 00:00:00
C009702,sea,1-10,CA,2026-07-05 00:00:00
C009703,direct,200+,FR,2026-05-05 00:00:00
C009704,sea,51-200,FR,2026-01-19 00:00:00
C009705,seo,200+,FR,2026-02-18 00:00:00
C009706,direct,51-200,CA,2026-05-11 00:00:00
C009707,direct,1-10,FR,2026-06-11 00:00:00
C009708,sea,11-50,FR,2026-03-30 00:00:00
C009709,direct,51-200,FR,2026-02-17 00:00:00
C009710,sea,200+,FR,2026-01-01 00:00:00
C009711,referral,1-10,FR,2026-05-17 00:00:00
C009712,seo,1-10,FR,2026-03-15 00:00:00
C009713,referral,1-10,BE,2026-05-12 00:00:00
C009714,direct,1-10,FR,2026-06-09 00:00:00
C009715,seo,51-200,FR,2026-05-11 00:00:00
C009716,direct,51-200,FR,2026-01-25 00:00:00
C009717,seo,200+,CA,2026-01-28 00:00:00
C009718,direct,200+,FR,2026-01-06 00:00:00
C009719,referral,51-200,CA,2026-03-31 00:00:00
C009720,direct,1-10,FR,2026-07-14 00:00:00
C009721,referral,11-50,FR,2026-05-05 00:00:00
C009722,seo,51-200,FR,2026-02-04 00:00:00
C009723,sea,200+,FR,2026-05-24 00:00:00
C009724,sea,200+,FR,2026-06-21 00:00:00
C009725,sea,200+,CH,2026-06-25 00:00:00
C009726,seo,11-50,FR,2026-02-10 00:00:00
C009727,referral,51-200,CH,2026-06-05 00:00:00
C009728,direct,51-200,BE,2026-06-22 00:00:00
C009729,seo,11-50,FR,2026-04-15 00:00:00
C009730,seo,11-50,FR,2026-02-26 00:00:00
C009731,direct,200+,FR,2026-06-17 00:00:00
C009732,seo,200+,FR,2026-06-08 00:00:00
C009733,seo,200+,FR,2026-06-19 00:00:00
C009734,sea,1-10,FR,2026-06-27 00:00:00
C009735,referral,1-10,FR,2026-05-02 00:00:00
C009736,sea,200+,FR,2026-02-20 00:00:00
C009737,direct,1-10,FR,2026-03-22 00:00:00
C009738,direct,200+,FR,2026-01-12 00:00:00
C009739,sea,11-50,FR,2026-03-16 00:00:00
C009740,referral,200+,FR,2026-05-31 00:00:00
C009741,referral,51-200,FR,2026-07-07 00:00:00
C009742,seo,1-10,CA,2026-04-04 00:00:00
C009743,sea,1-10,BE,2026-05-17 00:00:00
C009744,direct,51-200,FR,2026-03-15 00:00:00
C009745,direct,200+,FR,2026-06-04 00:00:00
C009746,direct,1-10,FR,2026-01-03 00:00:00
C009747,direct,11-50,FR,2026-04-20 00:00:00
C009748,sea,11-50,FR,2026-05-04 00:00:00
C009749,referral,200+,BE,2026-02-08 00:00:00
C009750,referral,51-200,FR,2026-06-30 00:00:00
C009751,direct,11-50,CH,2026-01-03 00:00:00
C009752,referral,200+,FR,2026-03-04 00:00:00
C009753,direct,200+,CH,2026-02-17 00:00:00
C009754,seo,200+,CA,2026-03-25 00:00:00
C009755,referral,51-200,CA,2026-03-01 00:00:00
C009756,sea,200+,FR,2026-04-22 00:00:00
C009757,seo,51-200,FR,2026-01-06 00:00:00
C009758,seo,51-200,CA,2026-03-16 00:00:00
C009759,sea,51-200,FR,2026-02-08 00:00:00
C009760,sea,1-10,CH,2026-07-18 00:00:00
C009761,seo,11-50,CA,2026-02-01 00:00:00
C009762,seo,200+,FR,2026-03-25 00:00:00
C009763,direct,11-50,FR,2026-03-17 00:00:00
C009764,referral,11-50,BE,2026-05-08 00:00:00
C009765,sea,200+,FR,2026-06-13 00:00:00
C009766,referral,1-10,FR,2026-05-02 00:00:00
C009767,referral,51-200,BE,2026-03-17 00:00:00
C009768,referral,200+,FR,2026-05-10 00:00:00
C009769,sea,200+,BE,2026-06-30 00:00:00
C009770,seo,11-50,FR,2026-04-19 00:00:00
C009771,direct,11-50,CA,2026-07-11 00:00:00
C009772,direct,11-50,FR,2026-03-12 00:00:00
C009773,direct,200+,FR,2026-04-02 00:00:00
C009774,referral,1-10,BE,2026-03-08 00:00:00
C009775,referral,1-10,FR,2026-04-10 00:00:00
C009776,direct,1-10,FR,2026-07-06 00:00:00
C009777,sea,200+,FR,2026-04-21 00:00:00
C009778,referral,51-200,CH,2026-04-18 00:00:00
C009779,direct,11-50,FR,2026-03-27 00:00:00
C009780,sea,11-50,CA,2026-03-09 00:00:00
C009781,direct,1-10,FR,2026-07-08 00:00:00
C009782,referral,1-10,FR,2026-02-21 00:00:00
C009783,seo,200+,FR,2026-06-20 00:00:00
C009784,referral,1-10,FR,2026-04-01 00:00:00
C009785,referral,51-200,FR,2026-07-04 00:00:00
C009786,referral,51-200,FR,2026-06-08 00:00:00
C009787,direct,51-200,CH,2026-03-15 00:00:00
C009788,direct,1-10,BE,2026-05-02 00:00:00
C009789,sea,11-50,FR,2026-06-15 00:00:00
C009790,sea,11-50,FR,2026-06-19 00:00:00
C009791,sea,200+,BE,2026-01-02 00:00:00
C009792,sea,1-10,FR,2026-07-07 00:00:00
C009793,direct,51-200,FR,2026-01-28 00:00:00
C009794,referral,11-50,FR,2026-03-21 00:00:00
C009795,referral,11-50,CA,2026-06-04 00:00:00
C009796,referral,51-200,BE,2026-04-13 00:00:00
C009797,direct,51-200,FR,2026-02-21 00:00:00
C009798,direct,200+,BE,2026-07-02 00:00:00
C009799,sea,11-50,FR,2026-01-20 00:00:00
C009800,seo,11-50,BE,2026-05-10 00:00:00
C009801,direct,11-50,FR,2026-01-06 00:00:00
C009802,referral,1-10,BE,2026-02-12 00:00:00
C009803,sea,11-50,FR,2026-06-06 00:00:00
C009804,referral,51-200,FR,2026-05-13 00:00:00
C009805,direct,200+,FR,2026-01-05 00:00:00
C009806,direct,11-50,FR,2026-06-20 00:00:00
C009807,direct,1-10,FR,2026-03-23 00:00:00
C009808,seo,200+,CH,2026-05-07 00:00:00
C009809,referral,200+,FR,2026-05-10 00:00:00
C009810,referral,51-200,BE,2026-07-09 00:00:00
C009811,sea,11-50,BE,2026-04-26 00:00:00
C009812,referral,200+,CA,2026-02-18 00:00:00
C009813,direct,1-10,FR,2026-07-09 00:00:00
C009814,referral,51-200,FR,2026-03-29 00:00:00
C009815,direct,200+,CH,2026-05-01 00:00:00
C009816,sea,200+,FR,2026-06-29 00:00:00
C009817,direct,1-10,FR,2026-03-10 00:00:00
C009818,referral,11-50,FR,2026-03-14 00:00:00
C009819,sea,1-10,FR,2026-05-20 00:00:00
C009820,sea,1-10,FR,2026-02-24 00:00:00
C009821,seo,1-10,CA,2026-01-02 00:00:00
C009822,sea,11-50,FR,2026-05-27 00:00:00
C009823,seo,51-200,FR,2026-06-18 00:00:00
C009824,sea,11-50,CH,2026-04-14 00:00:00
C009825,direct,11-50,FR,2026-06-30 00:00:00
C009826,direct,51-200,CH,2026-03-31 00:00:00
C009827,seo,1-10,CH,2026-03-31 00:00:00
C009828,seo,1-10,FR,2026-05-06 00:00:00
C009829,seo,200+,FR,2026-04-13 00:00:00
C009830,sea,200+,FR,2026-05-28 00:00:00
C009831,sea,11-50,FR,2026-03-19 00:00:00
C009832,sea,1-10,CA,2026-02-26 00:00:00
C009833,direct,11-50,FR,2026-06-29 00:00:00
C009834,referral,200+,FR,2026-01-01 00:00:00
C009835,sea,11-50,FR,2026-06-18 00:00:00
C009836,sea,200+,FR,2026-04-30 00:00:00
C009837,seo,200+,FR,2026-02-19 00:00:00
C009838,direct,1-10,FR,2026-06-30 00:00:00
C009839,seo,51-200,FR,2026-02-19 00:00:00
C009840,sea,200+,FR,2026-05-28 00:00:00
C009841,direct,11-50,BE,2026-03-21 00:00:00
C009842,sea,11-50,FR,2026-06-07 00:00:00
C009843,sea,51-200,FR,2026-01-09 00:00:00
C009844,seo,200+,BE,2026-06-15 00:00:00
C009845,direct,51-200,FR,2026-05-20 00:00:00
C009846,sea,1-10,FR,2026-07-05 00:00:00
C009847,sea,1-10,CA,2026-05-20 00:00:00
C009848,referral,200+,FR,2026-04-21 00:00:00
C009849,sea,11-50,FR,2026-03-12 00:00:00
C009850,sea,200+,FR,2026-02-01 00:00:00
C009851,referral,1-10,FR,2026-04-18 00:00:00
C009852,seo,11-50,BE,2026-07-06 00:00:00
C009853,seo,51-200,FR,2026-02-16 00:00:00
C009854,sea,200+,CA,2026-05-08 00:00:00
C009855,referral,11-50,BE,2026-07-08 00:00:00
C009856,direct,11-50,FR,2026-07-06 00:00:00
C009857,sea,1-10,CH,2026-01-14 00:00:00
C009858,direct,51-200,CA,2026-07-18 00:00:00
C009859,referral,11-50,FR,2026-06-12 00:00:00
C009860,seo,200+,FR,2026-04-30 00:00:00
C009861,seo,200+,FR,2026-01-23 00:00:00
C009862,sea,1-10,FR,2026-02-24 00:00:00
C009863,referral,11-50,FR,2026-06-09 00:00:00
C009864,direct,51-200,FR,2026-05-23 00:00:00
C009865,seo,11-50,BE,2026-03-12 00:00:00
C009866,seo,1-10,FR,2026-03-20 00:00:00
C009867,direct,1-10,FR,2026-07-19 00:00:00
C009868,sea,200+,FR,2026-02-17 00:00:00
C009869,sea,1-10,BE,2026-01-20 00:00:00
C009870,direct,200+,FR,2026-06-19 00:00:00
C009871,referral,51-200,FR,2026-06-13 00:00:00
C009872,seo,1-10,FR,2026-05-21 00:00:00
C009873,sea,11-50,FR,2026-07-09 00:00:00
C009874,sea,200+,FR,2026-04-30 00:00:00
C009875,seo,200+,FR,2026-01-22 00:00:00
C009876,sea,1-10,FR,2026-02-15 00:00:00
C009877,sea,51-200,FR,2026-04-05 00:00:00
C009878,direct,1-10,FR,2026-05-03 00:00:00
C009879,seo,51-200,FR,2026-06-16 00:00:00
C009880,sea,51-200,BE,2026-01-24 00:00:00
C009881,direct,11-50,CA,2026-01-07 00:00:00
C009882,seo,11-50,FR,2026-04-11 00:00:00
C009883,referral,51-200,FR,2026-03-04 00:00:00
C009884,referral,51-200,FR,2026-02-17 00:00:00
C009885,sea,200+,CA,2026-03-31 00:00:00
C009886,seo,1-10,FR,2026-01-21 00:00:00
C009887,seo,11-50,FR,2026-06-01 00:00:00
C009888,seo,200+,FR,2026-05-05 00:00:00
C009889,direct,200+,FR,2026-05-25 00:00:00
C009890,direct,200+,FR,2026-05-01 00:00:00
C009891,sea,1-10,FR,2026-03-14 00:00:00
C009892,referral,11-50,CA,2026-07-15 00:00:00
C009893,seo,1-10,FR,2026-01-03 00:00:00
C009894,direct,200+,FR,2026-01-18 00:00:00
C009895,seo,200+,BE,2026-05-31 00:00:00
C009896,seo,11-50,CH,2026-02-20 00:00:00
C009897,referral,1-10,FR,2026-06-21 00:00:00
C009898,referral,51-200,FR,2026-02-06 00:00:00
C009899,direct,51-200,FR,2026-03-21 00:00:00
C009900,referral,51-200,FR,2026-07-05 00:00:00
C009901,seo,51-200,BE,2026-05-07 00:00:00
C009902,direct,11-50,BE,2026-01-05 00:00:00
C009903,direct,200+,FR,2026-01-24 00:00:00
C009904,direct,200+,CH,2026-02-17 00:00:00
C009905,direct,11-50,FR,2026-03-15 00:00:00
C009906,referral,1-10,FR,2026-07-07 00:00:00
C009907,sea,11-50,BE,2026-06-21 00:00:00
C009908,referral,1-10,FR,2026-05-08 00:00:00
C009909,referral,1-10,CA,2026-03-01 00:00:00
C009910,direct,51-200,CA,2026-02-08 00:00:00
C009911,referral,11-50,FR,2026-04-27 00:00:00
C009912,sea,200+,BE,2026-02-05 00:00:00
C009913,seo,51-200,FR,2026-03-17 00:00:00
C009914,sea,200+,FR,2026-03-19 00:00:00
C009915,referral,51-200,FR,2026-01-28 00:00:00
C009916,seo,11-50,FR,2026-05-25 00:00:00
C009917,referral,51-200,CH,2026-06-12 00:00:00
C009918,direct,51-200,CH,2026-01-08 00:00:00
C009919,sea,1-10,BE,2026-04-06 00:00:00
C009920,sea,51-200,FR,2026-07-19 00:00:00
C009921,direct,200+,FR,2026-01-08 00:00:00
C009922,direct,11-50,FR,2026-02-25 00:00:00
C009923,referral,51-200,CH,2026-01-29 00:00:00
C009924,seo,11-50,FR,2026-02-07 00:00:00
C009925,seo,11-50,BE,2026-07-19 00:00:00
C009926,seo,200+,CA,2026-01-18 00:00:00
C009927,sea,1-10,FR,2026-07-18 00:00:00
C009928,direct,11-50,FR,2026-07-12 00:00:00
C009929,referral,11-50,FR,2026-01-24 00:00:00
C009930,sea,1-10,BE,2026-05-08 00:00:00
C009931,seo,51-200,FR,2026-05-18 00:00:00
C009932,direct,1-10,FR,2026-06-22 00:00:00
C009933,seo,200+,CH,2026-01-13 00:00:00
C009934,seo,1-10,CA,2026-03-22 00:00:00
C009935,sea,51-200,FR,2026-02-05 00:00:00
C009936,sea,200+,CA,2026-05-29 00:00:00
C009937,direct,51-200,FR,2026-04-21 00:00:00
C009938,referral,1-10,FR,2026-03-03 00:00:00
C009939,sea,200+,FR,2026-01-11 00:00:00
C009940,referral,200+,FR,2026-05-12 00:00:00
C009941,direct,1-10,FR,2026-06-26 00:00:00
C009942,sea,1-10,FR,2026-01-10 00:00:00
C009943,direct,11-50,FR,2026-03-10 00:00:00
C009944,seo,1-10,FR,2026-05-05 00:00:00
C009945,referral,1-10,FR,2026-01-25 00:00:00
C009946,referral,1-10,FR,2026-06-27 00:00:00
C009947,direct,11-50,BE,2026-04-06 00:00:00
C009948,sea,200+,FR,2026-03-21 00:00:00
C009949,seo,1-10,FR,2026-01-29 00:00:00
C009950,referral,11-50,FR,2026-03-27 00:00:00
C009951,seo,1-10,FR,2026-01-25 00:00:00
C009952,seo,1-10,CH,2026-05-04 00:00:00
C009953,sea,11-50,FR,2026-02-28 00:00:00
C009954,direct,200+,FR,2026-03-29 00:00:00
C009955,seo,200+,FR,2026-04-29 00:00:00
C009956,sea,51-200,FR,2026-04-06 00:00:00
C009957,direct,11-50,FR,2026-03-22 00:00:00
C009958,direct,1-10,FR,2026-03-27 00:00:00
C009959,sea,200+,FR,2026-07-19 00:00:00
C009960,direct,1-10,FR,2026-02-08 00:00:00
C009961,sea,200+,FR,2026-01-02 00:00:00
C009962,referral,51-200,FR,2026-05-30 00:00:00
C009963,sea,200+,FR,2026-05-11 00:00:00
C009964,seo,11-50,FR,2026-01-02 00:00:00
C009965,direct,200+,FR,2026-01-08 00:00:00
C009966,referral,200+,FR,2026-02-01 00:00:00
C009967,referral,200+,FR,2026-04-26 00:00:00
C009968,referral,200+,FR,2026-01-10 00:00:00
C009969,referral,51-200,BE,2026-01-06 00:00:00
C009970,sea,11-50,BE,2026-06-30 00:00:00
C009971,direct,1-10,FR,2026-03-03 00:00:00
C009972,sea,11-50,FR,2026-05-27 00:00:00
C009973,sea,11-50,FR,2026-04-24 00:00:00
C009974,seo,11-50,FR,2026-02-22 00:00:00
C009975,direct,51-200,FR,2026-01-08 00:00:00
C009976,referral,200+,CH,2026-04-03 00:00:00
C009977,seo,1-10,FR,2026-02-22 00:00:00
C009978,seo,51-200,FR,2026-04-28 00:00:00
C009979,referral,51-200,FR,2026-02-13 00:00:00
C009980,sea,200+,FR,2026-06-26 00:00:00
C009981,referral,1-10,CA,2026-03-19 00:00:00
C009982,referral,1-10,FR,2026-05-25 00:00:00
C009983,direct,200+,FR,2026-03-24 00:00:00
C009984,seo,11-50,FR,2026-05-14 00:00:00
C009985,sea,51-200,FR,2026-05-18 00:00:00
C009986,direct,200+,FR,2026-04-18 00:00:00
C009987,sea,51-200,FR,2026-01-26 00:00:00
C009988,sea,1-10,CA,2026-06-17 00:00:00
C009989,sea,200+,FR,2026-02-18 00:00:00
C009990,direct,11-50,CH,2026-04-20 00:00:00
C009991,referral,11-50,CH,2026-05-06 00:00:00
C009992,referral,51-200,CA,2026-07-19 00:00:00
C009993,referral,1-10,FR,2026-01-08 00:00:00
C009994,direct,11-50,FR,2026-04-16 00:00:00
C009995,sea,11-50,CH,2026-02-27 00:00:00
C009996,direct,1-10,FR,2026-05-13 00:00:00
C009997,seo,11-50,FR,2026-03-04 00:00:00
C009998,sea,51-200,FR,2026-03-05 00:00:00
C009999,sea,1-10,FR,2026-05-01 00:00:00
C010000,seo,200+,FR,2026-07-18 00:00:00
C010001,seo,51-200,FR,2026-04-19 00:00:00
C010002,sea,51-200,FR,2026-04-23 00:00:00
C010003,direct,1-10,FR,2026-05-21 00:00:00
C010004,referral,200+,FR,2026-02-22 00:00:00
C010005,seo,1-10,FR,2026-03-07 00:00:00
C010006,sea,200+,FR,2026-04-01 00:00:00
C010007,direct,51-200,FR,2026-03-20 00:00:00
C010008,seo,11-50,FR,2026-03-31 00:00:00
C010009,direct,11-50,FR,2026-07-10 00:00:00
C010010,seo,1-10,BE,2026-01-09 00:00:00
C010011,direct,11-50,FR,2026-06-01 00:00:00
C010012,seo,1-10,FR,2026-03-16 00:00:00
C010013,seo,11-50,FR,2026-04-06 00:00:00
C010014,direct,51-200,FR,2026-05-28 00:00:00
C010015,referral,200+,FR,2026-04-01 00:00:00
C010016,direct,1-10,FR,2026-06-11 00:00:00
C010017,seo,200+,FR,2026-02-26 00:00:00
C010018,seo,200+,FR,2026-05-17 00:00:00
C010019,referral,200+,FR,2026-02-08 00:00:00
C010020,direct,1-10,FR,2026-06-21 00:00:00
C010021,direct,1-10,BE,2026-01-29 00:00:00
C010022,direct,200+,FR,2026-01-23 00:00:00
C010023,seo,51-200,FR,2026-02-23 00:00:00
C010024,seo,51-200,FR,2026-04-16 00:00:00
C010025,sea,200+,BE,2026-02-08 00:00:00
C010026,referral,200+,FR,2026-07-13 00:00:00
C010027,direct,11-50,FR,2026-01-06 00:00:00
C010028,sea,200+,FR,2026-02-19 00:00:00
C010029,direct,11-50,CA,2026-04-05 00:00:00
C010030,seo,11-50,FR,2026-06-20 00:00:00
C010031,direct,200+,CA,2026-02-13 00:00:00
C010032,sea,1-10,FR,2026-06-11 00:00:00
C010033,direct,200+,FR,2026-01-27 00:00:00
C010034,direct,51-200,FR,2026-04-11 00:00:00
C010035,direct,51-200,CH,2026-05-25 00:00:00
C010036,seo,51-200,FR,2026-02-09 00:00:00
C010037,sea,1-10,FR,2026-05-16 00:00:00
C010038,seo,1-10,FR,2026-02-18 00:00:00
C010039,referral,200+,CA,2026-06-22 00:00:00
C010040,referral,1-10,CA,2026-04-07 00:00:00
C010041,referral,11-50,CH,2026-03-09 00:00:00
C010042,direct,11-50,BE,2026-02-20 00:00:00
C010043,referral,51-200,FR,2026-06-27 00:00:00
C010044,seo,51-200,FR,2026-04-29 00:00:00
C010045,referral,11-50,BE,2026-06-09 00:00:00
C010046,referral,200+,FR,2026-03-08 00:00:00
C010047,seo,11-50,FR,2026-03-24 00:00:00
C010048,direct,200+,CA,2026-07-12 00:00:00
C010049,referral,11-50,BE,2026-07-15 00:00:00
C010050,direct,11-50,CA,2026-06-01 00:00:00
C010051,sea,51-200,CA,2026-05-28 00:00:00
C010052,referral,51-200,CA,2026-07-10 00:00:00
C010053,sea,11-50,BE,2026-05-02 00:00:00
C010054,direct,51-200,FR,2026-06-24 00:00:00
C010055,sea,11-50,FR,2026-02-18 00:00:00
C010056,direct,11-50,FR,2026-05-31 00:00:00
C010057,sea,1-10,BE,2026-03-20 00:00:00
C010058,sea,11-50,CA,2026-06-15 00:00:00
C010059,seo,200+,FR,2026-04-23 00:00:00
C010060,direct,11-50,FR,2026-06-14 00:00:00
C010061,sea,11-50,FR,2026-03-06 00:00:00
C010062,sea,11-50,FR,2026-01-05 00:00:00
C010063,sea,200+,BE,2026-01-06 00:00:00
C010064,referral,200+,CA,2026-02-28 00:00:00
C010065,sea,1-10,CH,2026-01-18 00:00:00
C010066,seo,200+,CA,2026-01-02 00:00:00
C010067,referral,51-200,FR,2026-04-12 00:00:00
C010068,direct,51-200,FR,2026-06-13 00:00:00
C010069,referral,11-50,CH,2026-07-05 00:00:00
C010070,seo,200+,CA,2026-01-26 00:00:00
C010071,referral,11-50,FR,2026-06-06 00:00:00
C010072,seo,200+,FR,2026-02-26 00:00:00
C010073,referral,200+,FR,2026-07-16 00:00:00
C010074,sea,51-200,FR,2026-02-06 00:00:00
C010075,seo,200+,FR,2026-04-07 00:00:00
C010076,sea,51-200,CH,2026-07-17 00:00:00
C010077,sea,51-200,CA,2026-01-31 00:00:00
C010078,referral,1-10,FR,2026-07-17 00:00:00
C010079,sea,200+,CA,2026-06-06 00:00:00
C010080,referral,11-50,BE,2026-04-16 00:00:00
C010081,seo,11-50,FR,2026-01-09 00:00:00
C010082,sea,1-10,CA,2026-07-07 00:00:00
C010083,direct,1-10,FR,2026-04-14 00:00:00
C010084,direct,51-200,FR,2026-06-19 00:00:00
C010085,referral,200+,FR,2026-01-08 00:00:00
C010086,referral,1-10,CH,2026-02-24 00:00:00
C010087,sea,200+,FR,2026-03-04 00:00:00
C010088,seo,200+,CH,2026-07-04 00:00:00
C010089,referral,200+,FR,2026-02-24 00:00:00
C010090,direct,1-10,FR,2026-04-09 00:00:00
C010091,sea,1-10,FR,2026-01-24 00:00:00
C010092,seo,51-200,CA,2026-01-03 00:00:00
C010093,seo,51-200,FR,2026-05-05 00:00:00
C010094,referral,1-10,BE,2026-05-25 00:00:00
C010095,sea,200+,FR,2026-01-22 00:00:00
C010096,direct,1-10,FR,2026-03-08 00:00:00
C010097,direct,11-50,FR,2026-06-26 00:00:00
C010098,referral,51-200,FR,2026-02-09 00:00:00
C010099,sea,200+,FR,2026-04-01 00:00:00
C010100,seo,200+,CA,2026-02-13 00:00:00
C010101,referral,1-10,CA,2026-06-30 00:00:00
C010102,referral,11-50,FR,2026-06-26 00:00:00
C010103,seo,1-10,FR,2026-03-12 00:00:00
C010104,direct,200+,FR,2026-04-05 00:00:00
C010105,referral,200+,CH,2026-04-02 00:00:00
C010106,direct,1-10,FR,2026-01-30 00:00:00
C010107,seo,1-10,BE,2026-04-07 00:00:00
C010108,seo,11-50,BE,2026-05-21 00:00:00
C010109,direct,1-10,FR,2026-04-21 00:00:00
C010110,direct,1-10,FR,2026-05-04 00:00:00
C010111,sea,51-200,FR,2026-06-26 00:00:00
C010112,sea,1-10,FR,2026-03-29 00:00:00
C010113,referral,11-50,FR,2026-04-06 00:00:00
C010114,sea,11-50,CA,2026-01-02 00:00:00
C010115,seo,200+,FR,2026-04-06 00:00:00
C010116,direct,1-10,CA,2026-04-26 00:00:00
C010117,direct,51-200,FR,2026-06-29 00:00:00
C010118,seo,11-50,CH,2026-05-16 00:00:00
C010119,seo,200+,CH,2026-01-10 00:00:00
C010120,referral,1-10,FR,2026-05-10 00:00:00
C010121,referral,200+,FR,2026-06-03 00:00:00
C010122,referral,51-200,FR,2026-06-01 00:00:00
C010123,seo,11-50,FR,2026-03-08 00:00:00
C010124,sea,200+,FR,2026-06-16 00:00:00
C010125,seo,51-200,CA,2026-04-01 00:00:00
C010126,seo,11-50,BE,2026-02-19 00:00:00
C010127,sea,200+,CA,2026-02-28 00:00:00
C010128,direct,200+,FR,2026-04-22 00:00:00
C010129,referral,51-200,FR,2026-07-17 00:00:00
C010130,referral,1-10,FR,2026-02-12 00:00:00
C010131,seo,1-10,FR,2026-03-02 00:00:00
C010132,referral,51-200,FR,2026-07-07 00:00:00
C010133,referral,200+,CA,2026-06-20 00:00:00
C010134,seo,1-10,FR,2026-04-12 00:00:00
C010135,direct,51-200,FR,2026-04-12 00:00:00
C010136,seo,51-200,CA,2026-01-29 00:00:00
C010137,direct,51-200,FR,2026-05-02 00:00:00
C010138,direct,200+,FR,2026-02-20 00:00:00
C010139,referral,1-10,FR,2026-06-23 00:00:00
C010140,direct,200+,FR,2026-07-11 00:00:00
C010141,referral,1-10,FR,2026-05-09 00:00:00
C010142,seo,200+,FR,2026-01-16 00:00:00
C010143,direct,51-200,FR,2026-07-03 00:00:00
C010144,seo,1-10,FR,2026-01-11 00:00:00
C010145,direct,1-10,FR,2026-01-06 00:00:00
C010146,direct,51-200,FR,2026-01-29 00:00:00
C010147,sea,11-50,FR,2026-02-24 00:00:00
C010148,referral,11-50,FR,2026-01-01 00:00:00
C010149,seo,1-10,CA,2026-07-11 00:00:00
C010150,seo,11-50,FR,2026-07-17 00:00:00
C010151,sea,1-10,FR,2026-02-10 00:00:00
C010152,sea,1-10,FR,2026-06-28 00:00:00
C010153,seo,200+,FR,2026-05-01 00:00:00
C010154,sea,1-10,FR,2026-04-03 00:00:00
C010155,seo,51-200,BE,2026-03-05 00:00:00
C010156,seo,1-10,FR,2026-03-29 00:00:00
C010157,direct,200+,FR,2026-03-12 00:00:00
C010158,direct,11-50,FR,2026-05-26 00:00:00
C010159,referral,1-10,FR,2026-01-06 00:00:00
C010160,seo,200+,CH,2026-05-07 00:00:00
C010161,sea,200+,FR,2026-04-26 00:00:00
C010162,direct,1-10,FR,2026-01-28 00:00:00
C010163,referral,1-10,CH,2026-05-07 00:00:00
C010164,sea,51-200,FR,2026-04-16 00:00:00
C010165,seo,11-50,FR,2026-04-24 00:00:00
C010166,referral,11-50,FR,2026-03-11 00:00:00
C010167,seo,51-200,FR,2026-05-22 00:00:00
C010168,seo,1-10,FR,2026-07-01 00:00:00
C010169,sea,11-50,CA,2026-04-27 00:00:00
C010170,seo,11-50,FR,2026-04-12 00:00:00
C010171,seo,200+,FR,2026-01-15 00:00:00
C010172,sea,51-200,FR,2026-03-10 00:00:00
C010173,seo,1-10,BE,2026-01-25 00:00:00
C010174,seo,1-10,FR,2026-03-04 00:00:00
C010175,direct,11-50,FR,2026-02-04 00:00:00
C010176,referral,1-10,FR,2026-05-04 00:00:00
C010177,referral,1-10,FR,2026-05-13 00:00:00
C010178,sea,51-200,FR,2026-03-03 00:00:00
C010179,seo,1-10,FR,2026-03-19 00:00:00
C010180,seo,11-50,FR,2026-03-06 00:00:00
C010181,direct,11-50,FR,2026-01-01 00:00:00
C010182,seo,1-10,FR,2026-03-15 00:00:00
C010183,seo,51-200,FR,2026-03-11 00:00:00
C010184,sea,51-200,FR,2026-01-01 00:00:00
C010185,sea,1-10,FR,2026-04-07 00:00:00
C010186,referral,11-50,FR,2026-03-08 00:00:00
C010187,sea,11-50,FR,2026-07-02 00:00:00
C010188,referral,1-10,CA,2026-05-20 00:00:00
C010189,referral,1-10,FR,2026-04-05 00:00:00
C010190,direct,1-10,CH,2026-01-02 00:00:00
C010191,sea,51-200,FR,2026-01-24 00:00:00
C010192,referral,1-10,FR,2026-01-13 00:00:00
C010193,direct,1-10,FR,2026-03-24 00:00:00
C010194,referral,1-10,FR,2026-02-06 00:00:00
C010195,referral,51-200,FR,2026-06-13 00:00:00
C010196,sea,200+,FR,2026-06-24 00:00:00
C010197,sea,11-50,FR,2026-01-13 00:00:00
C010198,sea,51-200,FR,2026-06-09 00:00:00
C010199,direct,1-10,CA,2026-07-11 00:00:00
C010200,referral,1-10,BE,2026-02-01 00:00:00
C010201,referral,51-200,BE,2026-01-19 00:00:00
C010202,direct,1-10,FR,2026-04-07 00:00:00
C010203,sea,51-200,FR,2026-04-10 00:00:00
C010204,direct,11-50,BE,2026-02-06 00:00:00
C010205,seo,200+,FR,2026-04-16 00:00:00
C010206,direct,51-200,FR,2026-01-07 00:00:00
C010207,sea,11-50,BE,2026-02-15 00:00:00
C010208,sea,51-200,FR,2026-03-08 00:00:00
C010209,seo,51-200,FR,2026-06-28 00:00:00
C010210,referral,200+,FR,2026-01-30 00:00:00
C010211,referral,1-10,FR,2026-06-05 00:00:00
C010212,sea,1-10,FR,2026-06-25 00:00:00
C010213,seo,200+,FR,2026-04-16 00:00:00
C010214,seo,1-10,FR,2026-06-16 00:00:00
C010215,sea,200+,FR,2026-06-30 00:00:00
C010216,direct,11-50,FR,2026-03-24 00:00:00
C010217,referral,11-50,FR,2026-06-16 00:00:00
C010218,seo,1-10,FR,2026-03-01 00:00:00
C010219,referral,1-10,FR,2026-04-28 00:00:00
C010220,referral,200+,FR,2026-03-29 00:00:00
C010221,seo,200+,BE,2026-07-09 00:00:00
C010222,referral,51-200,FR,2026-05-24 00:00:00
C010223,direct,51-200,FR,2026-05-19 00:00:00
C010224,direct,51-200,CH,2026-04-01 00:00:00
C010225,sea,1-10,CA,2026-03-21 00:00:00
C010226,referral,11-50,CH,2026-04-17 00:00:00
C010227,seo,11-50,FR,2026-03-17 00:00:00
C010228,referral,1-10,CA,2026-04-01 00:00:00
C010229,referral,51-200,FR,2026-01-16 00:00:00
C010230,sea,11-50,FR,2026-04-21 00:00:00
C010231,direct,11-50,FR,2026-04-09 00:00:00
C010232,seo,1-10,FR,2026-04-24 00:00:00
C010233,seo,200+,FR,2026-01-02 00:00:00
C010234,referral,11-50,FR,2026-07-05 00:00:00
C010235,sea,11-50,FR,2026-05-14 00:00:00
C010236,sea,51-200,BE,2026-04-15 00:00:00
C010237,referral,1-10,FR,2026-03-12 00:00:00
C010238,seo,1-10,BE,2026-06-23 00:00:00
C010239,referral,51-200,BE,2026-03-25 00:00:00
C010240,direct,1-10,FR,2026-02-05 00:00:00
C010241,referral,200+,FR,2026-01-16 00:00:00
C010242,seo,51-200,BE,2026-04-05 00:00:00
C010243,sea,200+,BE,2026-05-25 00:00:00
C010244,referral,1-10,FR,2026-01-07 00:00:00
C010245,referral,11-50,FR,2026-06-30 00:00:00
C010246,seo,51-200,FR,2026-02-08 00:00:00
C010247,referral,11-50,FR,2026-04-27 00:00:00
C010248,direct,11-50,FR,2026-02-26 00:00:00
C010249,sea,11-50,FR,2026-05-19 00:00:00
C010250,seo,51-200,FR,2026-05-17 00:00:00
C010251,seo,11-50,FR,2026-04-29 00:00:00
C010252,referral,51-200,BE,2026-01-02 00:00:00
C010253,referral,200+,BE,2026-03-15 00:00:00
C010254,direct,1-10,FR,2026-02-01 00:00:00
C010255,seo,11-50,FR,2026-01-13 00:00:00
C010256,direct,1-10,FR,2026-03-05 00:00:00
C010257,sea,51-200,FR,2026-05-19 00:00:00
C010258,sea,200+,CH,2026-06-02 00:00:00
C010259,referral,51-200,FR,2026-03-30 00:00:00
C010260,seo,51-200,FR,2026-01-24 00:00:00
C010261,sea,200+,CH,2026-06-23 00:00:00
C010262,seo,200+,FR,2026-01-14 00:00:00
C010263,seo,200+,FR,2026-01-03 00:00:00
C010264,referral,200+,FR,2026-05-26 00:00:00
C010265,direct,51-200,BE,2026-03-16 00:00:00
C010266,seo,51-200,FR,2026-06-29 00:00:00
C010267,sea,1-10,FR,2026-06-17 00:00:00
C010268,direct,200+,FR,2026-06-17 00:00:00
C010269,referral,1-10,FR,2026-07-11 00:00:00
C010270,sea,51-200,FR,2026-04-04 00:00:00
C010271,direct,51-200,FR,2026-06-19 00:00:00
C010272,sea,51-200,CH,2026-05-12 00:00:00
C010273,seo,51-200,FR,2026-03-02 00:00:00
C010274,referral,11-50,FR,2026-01-30 00:00:00
C010275,referral,1-10,BE,2026-03-11 00:00:00
C010276,direct,11-50,FR,2026-01-01 00:00:00
C010277,sea,11-50,FR,2026-01-19 00:00:00
C010278,referral,11-50,FR,2026-07-08 00:00:00
C010279,sea,200+,FR,2026-02-04 00:00:00
C010280,seo,200+,FR,2026-06-11 00:00:00
C010281,direct,11-50,FR,2026-07-03 00:00:00
C010282,sea,51-200,FR,2026-02-20 00:00:00
C010283,referral,11-50,FR,2026-06-14 00:00:00
C010284,referral,200+,CH,2026-04-30 00:00:00
C010285,seo,200+,BE,2026-07-16 00:00:00
C010286,direct,200+,FR,2026-01-03 00:00:00
C010287,seo,1-10,FR,2026-03-07 00:00:00
C010288,sea,11-50,FR,2026-03-15 00:00:00
C010289,seo,1-10,CH,2026-01-30 00:00:00
C010290,sea,11-50,BE,2026-06-27 00:00:00
C010291,seo,1-10,CA,2026-02-25 00:00:00
C010292,direct,11-50,FR,2026-05-24 00:00:00
C010293,sea,1-10,BE,2026-02-05 00:00:00
C010294,direct,200+,FR,2026-05-24 00:00:00
C010295,sea,200+,FR,2026-07-06 00:00:00
C010296,referral,200+,FR,2026-02-21 00:00:00
C010297,direct,51-200,FR,2026-07-08 00:00:00
C010298,direct,1-10,FR,2026-04-26 00:00:00
C010299,referral,51-200,FR,2026-06-23 00:00:00
C010300,referral,11-50,FR,2026-06-03 00:00:00
C010301,referral,1-10,FR,2026-03-22 00:00:00
C010302,sea,11-50,CA,2026-05-05 00:00:00
C010303,sea,51-200,FR,2026-01-24 00:00:00
C010304,seo,51-200,FR,2026-06-24 00:00:00
C010305,sea,200+,FR,2026-04-21 00:00:00
C010306,direct,200+,BE,2026-07-03 00:00:00
C010307,seo,200+,FR,2026-02-15 00:00:00
C010308,referral,1-10,FR,2026-07-06 00:00:00
C010309,sea,1-10,FR,2026-06-14 00:00:00
C010310,seo,1-10,FR,2026-01-30 00:00:00
C010311,sea,51-200,FR,2026-05-09 00:00:00
C010312,direct,200+,FR,2026-01-09 00:00:00
C010313,referral,51-200,CA,2026-05-17 00:00:00
C010314,seo,11-50,CA,2026-04-20 00:00:00
C010315,seo,200+,FR,2026-07-08 00:00:00
C010316,seo,11-50,FR,2026-01-17 00:00:00
C010317,referral,200+,FR,2026-05-09 00:00:00
C010318,direct,11-50,FR,2026-07-13 00:00:00
C010319,referral,200+,FR,2026-03-29 00:00:00
C010320,seo,51-200,FR,2026-06-10 00:00:00
C010321,sea,200+,FR,2026-05-17 00:00:00
C010322,seo,11-50,CA,2026-04-08 00:00:00
C010323,seo,11-50,FR,2026-04-24 00:00:00
C010324,direct,51-200,FR,2026-01-11 00:00:00
C010325,seo,1-10,FR,2026-07-17 00:00:00
C010326,referral,200+,FR,2026-05-29 00:00:00
C010327,referral,11-50,CH,2026-05-18 00:00:00
C010328,seo,1-10,CH,2026-03-06 00:00:00
C010329,direct,1-10,BE,2026-04-09 00:00:00
C010330,direct,200+,FR,2026-01-06 00:00:00
C010331,direct,1-10,FR,2026-04-06 00:00:00
C010332,seo,11-50,FR,2026-01-28 00:00:00
C010333,seo,11-50,BE,2026-05-24 00:00:00
C010334,direct,200+,FR,2026-07-17 00:00:00
C010335,seo,1-10,FR,2026-07-17 00:00:00
C010336,direct,51-200,FR,2026-06-01 00:00:00
C010337,referral,51-200,CH,2026-03-09 00:00:00
C010338,seo,1-10,FR,2026-05-20 00:00:00
C010339,direct,1-10,FR,2026-04-24 00:00:00
C010340,referral,1-10,FR,2026-02-05 00:00:00
C010341,seo,11-50,CA,2026-04-06 00:00:00
C010342,direct,11-50,FR,2026-05-30 00:00:00
C010343,seo,51-200,CA,2026-02-16 00:00:00
C010344,sea,1-10,CA,2026-03-04 00:00:00
C010345,direct,11-50,CA,2026-02-15 00:00:00
C010346,sea,200+,FR,2026-04-19 00:00:00
C010347,direct,200+,FR,2026-04-28 00:00:00
C010348,direct,11-50,CH,2026-03-10 00:00:00
C010349,direct,1-10,FR,2026-07-13 00:00:00
C010350,direct,1-10,FR,2026-06-26 00:00:00
C010351,referral,51-200,FR,2026-02-13 00:00:00
C010352,sea,200+,FR,2026-05-30 00:00:00
C010353,referral,1-10,FR,2026-03-01 00:00:00
C010354,direct,51-200,FR,2026-06-11 00:00:00
C010355,seo,51-200,FR,2026-07-02 00:00:00
C010356,seo,200+,FR,2026-05-17 00:00:00
C010357,seo,51-200,FR,2026-06-30 00:00:00
C010358,sea,1-10,FR,2026-06-14 00:00:00
C010359,sea,200+,FR,2026-06-18 00:00:00
C010360,referral,200+,FR,2026-05-13 00:00:00
C010361,direct,51-200,FR,2026-02-13 00:00:00
C010362,seo,1-10,CH,2026-03-21 00:00:00
C010363,seo,1-10,FR,2026-02-20 00:00:00
C010364,sea,51-200,FR,2026-06-07 00:00:00
C010365,referral,1-10,FR,2026-07-19 00:00:00
C010366,sea,200+,CH,2026-02-01 00:00:00
C010367,referral,11-50,FR,2026-06-16 00:00:00
C010368,sea,11-50,CA,2026-01-13 00:00:00
C010369,direct,200+,FR,2026-07-08 00:00:00
C010370,referral,51-200,BE,2026-02-24 00:00:00
C010371,referral,200+,CA,2026-03-07 00:00:00
C010372,direct,1-10,CA,2026-01-31 00:00:00
C010373,referral,1-10,FR,2026-05-03 00:00:00
C010374,seo,200+,FR,2026-02-26 00:00:00
C010375,seo,200+,CH,2026-05-26 00:00:00
C010376,referral,1-10,CA,2026-06-23 00:00:00
C010377,direct,1-10,BE,2026-03-21 00:00:00
C010378,seo,11-50,FR,2026-03-27 00:00:00
C010379,referral,1-10,FR,2026-06-04 00:00:00
C010380,seo,51-200,CH,2026-05-19 00:00:00
C010381,seo,11-50,FR,2026-01-20 00:00:00
C010382,seo,51-200,FR,2026-06-15 00:00:00
C010383,seo,200+,CH,2026-02-15 00:00:00
C010384,sea,1-10,FR,2026-01-27 00:00:00
C010385,seo,51-200,FR,2026-07-07 00:00:00
C010386,direct,1-10,FR,2026-01-23 00:00:00
C010387,sea,11-50,CH,2026-04-05 00:00:00
C010388,sea,51-200,FR,2026-04-27 00:00:00
C010389,sea,200+,FR,2026-06-24 00:00:00
C010390,referral,1-10,CA,2026-04-10 00:00:00
C010391,sea,11-50,CA,2026-03-28 00:00:00
C010392,seo,1-10,CA,2026-03-04 00:00:00
C010393,sea,200+,BE,2026-03-01 00:00:00
C010394,referral,200+,FR,2026-01-17 00:00:00
C010395,referral,1-10,FR,2026-01-03 00:00:00
C010396,direct,1-10,CA,2026-06-14 00:00:00
C010397,direct,1-10,FR,2026-01-31 00:00:00
C010398,seo,200+,FR,2026-05-05 00:00:00
C010399,referral,1-10,FR,2026-04-06 00:00:00
C010400,seo,51-200,CA,2026-07-06 00:00:00
C010401,direct,11-50,FR,2026-01-31 00:00:00
C010402,seo,11-50,CH,2026-07-05 00:00:00
C010403,seo,200+,CH,2026-05-01 00:00:00
C010404,seo,200+,FR,2026-05-20 00:00:00
C010405,direct,51-200,FR,2026-04-14 00:00:00
C010406,referral,1-10,FR,2026-06-04 00:00:00
C010407,seo,51-200,FR,2026-07-08 00:00:00
C010408,sea,1-10,CA,2026-06-26 00:00:00
C010409,direct,200+,CA,2026-01-06 00:00:00
C010410,sea,11-50,BE,2026-03-29 00:00:00
C010411,seo,51-200,FR,2026-01-06 00:00:00
C010412,referral,11-50,FR,2026-07-04 00:00:00
C010413,referral,200+,FR,2026-07-05 00:00:00
C010414,sea,51-200,FR,2026-04-24 00:00:00
C010415,referral,11-50,CH,2026-03-12 00:00:00
C010416,sea,200+,CA,2026-07-08 00:00:00
C010417,referral,200+,CA,2026-06-04 00:00:00
C010418,sea,51-200,FR,2026-03-07 00:00:00
C010419,referral,1-10,FR,2026-03-20 00:00:00
C010420,referral,11-50,CH,2026-07-06 00:00:00
C010421,sea,51-200,BE,2026-03-03 00:00:00
C010422,sea,51-200,FR,2026-05-10 00:00:00
C010423,seo,200+,FR,2026-06-21 00:00:00
C010424,seo,51-200,CA,2026-01-15 00:00:00
C010425,sea,51-200,CH,2026-03-15 00:00:00
C010426,sea,51-200,FR,2026-04-26 00:00:00
C010427,sea,51-200,FR,2026-03-24 00:00:00
C010428,seo,11-50,FR,2026-01-13 00:00:00
C010429,seo,200+,FR,2026-06-13 00:00:00
C010430,referral,11-50,CH,2026-05-23 00:00:00
C010431,direct,51-200,CH,2026-02-02 00:00:00
C010432,seo,11-50,CA,2026-01-13 00:00:00
C010433,seo,51-200,FR,2026-03-07 00:00:00
C010434,referral,51-200,FR,2026-07-12 00:00:00
C010435,sea,51-200,FR,2026-03-17 00:00:00
C010436,sea,11-50,FR,2026-04-11 00:00:00
C010437,sea,11-50,FR,2026-03-02 00:00:00
C010438,sea,51-200,FR,2026-02-11 00:00:00
C010439,sea,11-50,BE,2026-06-07 00:00:00
C010440,direct,51-200,BE,2026-03-16 00:00:00
C010441,referral,11-50,CH,2026-05-08 00:00:00
C010442,referral,200+,CH,2026-03-20 00:00:00
C010443,sea,1-10,FR,2026-01-18 00:00:00
C010444,referral,51-200,FR,2026-04-29 00:00:00
C010445,seo,200+,FR,2026-02-26 00:00:00
C010446,direct,11-50,FR,2026-03-24 00:00:00
C010447,sea,51-200,FR,2026-05-24 00:00:00
C010448,referral,1-10,FR,2026-03-25 00:00:00
C010449,seo,51-200,FR,2026-05-23 00:00:00
C010450,direct,11-50,CH,2026-05-23 00:00:00
C010451,direct,11-50,FR,2026-06-16 00:00:00
C010452,referral,1-10,FR,2026-01-24 00:00:00
C010453,sea,1-10,FR,2026-02-22 00:00:00
C010454,referral,1-10,FR,2026-01-06 00:00:00
C010455,referral,11-50,FR,2026-07-10 00:00:00
C010456,seo,11-50,FR,2026-03-07 00:00:00
C010457,sea,200+,FR,2026-05-07 00:00:00
C010458,direct,200+,FR,2026-07-18 00:00:00
C010459,referral,1-10,FR,2026-03-25 00:00:00
C010460,referral,51-200,FR,2026-07-06 00:00:00
C010461,referral,1-10,CH,2026-04-05 00:00:00
C010462,sea,200+,FR,2026-05-27 00:00:00
C010463,referral,11-50,FR,2026-02-20 00:00:00
C010464,sea,11-50,FR,2026-06-29 00:00:00
C010465,direct,51-200,FR,2026-06-18 00:00:00
C010466,direct,51-200,CA,2026-02-17 00:00:00
C010467,referral,200+,FR,2026-04-03 00:00:00
C010468,sea,1-10,FR,2026-05-17 00:00:00
C010469,referral,11-50,FR,2026-06-26 00:00:00
C010470,seo,1-10,FR,2026-03-18 00:00:00
C010471,seo,51-200,FR,2026-05-07 00:00:00
C010472,sea,11-50,FR,2026-03-21 00:00:00
C010473,seo,51-200,FR,2026-05-06 00:00:00
C010474,sea,51-200,BE,2026-02-11 00:00:00
C010475,referral,51-200,FR,2026-06-05 00:00:00
C010476,seo,200+,FR,2026-07-08 00:00:00
C010477,direct,200+,FR,2026-05-02 00:00:00
C010478,direct,200+,FR,2026-06-14 00:00:00
C010479,seo,11-50,FR,2026-04-28 00:00:00
C010480,seo,51-200,FR,2026-05-19 00:00:00
C010481,seo,200+,FR,2026-04-03 00:00:00
C010482,referral,51-200,CH,2026-05-02 00:00:00
C010483,sea,1-10,FR,2026-03-16 00:00:00
C010484,direct,11-50,FR,2026-06-25 00:00:00
C010485,seo,51-200,FR,2026-03-02 00:00:00
C010486,seo,51-200,FR,2026-04-14 00:00:00
C010487,sea,11-50,CH,2026-01-20 00:00:00
C010488,direct,51-200,FR,2026-06-18 00:00:00
C010489,direct,1-10,FR,2026-02-04 00:00:00
C010490,seo,1-10,BE,2026-06-07 00:00:00
C010491,referral,1-10,BE,2026-06-10 00:00:00
C010492,direct,1-10,FR,2026-04-11 00:00:00
C010493,sea,51-200,FR,2026-02-14 00:00:00
C010494,referral,200+,FR,2026-07-03 00:00:00
C010495,seo,51-200,FR,2026-01-13 00:00:00
C010496,seo,51-200,FR,2026-04-09 00:00:00
C010497,direct,11-50,FR,2026-04-03 00:00:00
C010498,direct,11-50,FR,2026-05-16 00:00:00
C010499,seo,200+,CA,2026-03-04 00:00:00
C010500,seo,200+,FR,2026-02-02 00:00:00
C010501,referral,11-50,FR,2026-05-05 00:00:00
C010502,sea,51-200,FR,2026-02-16 00:00:00
C010503,referral,1-10,FR,2026-01-25 00:00:00
C010504,direct,51-200,FR,2026-04-23 00:00:00
C010505,direct,51-200,FR,2026-07-18 00:00:00
C010506,referral,1-10,FR,2026-02-15 00:00:00
C010507,sea,200+,FR,2026-04-14 00:00:00
C010508,direct,11-50,FR,2026-03-23 00:00:00
C010509,seo,200+,FR,2026-06-25 00:00:00
C010510,referral,51-200,FR,2026-01-23 00:00:00
C010511,sea,51-200,FR,2026-04-11 00:00:00
C010512,direct,1-10,FR,2026-03-12 00:00:00
C010513,sea,11-50,FR,2026-05-04 00:00:00
C010514,sea,51-200,CA,2026-01-20 00:00:00
C010515,sea,11-50,FR,2026-06-29 00:00:00
C010516,sea,51-200,BE,2026-05-22 00:00:00
C010517,direct,11-50,FR,2026-05-15 00:00:00
C010518,seo,11-50,FR,2026-06-19 00:00:00
C010519,referral,51-200,FR,2026-04-16 00:00:00
C010520,direct,200+,FR,2026-05-24 00:00:00
C010521,direct,1-10,CA,2026-05-18 00:00:00
C010522,seo,1-10,FR,2026-01-05 00:00:00
C010523,direct,200+,FR,2026-04-30 00:00:00
C010524,seo,11-50,FR,2026-06-07 00:00:00
C010525,direct,51-200,FR,2026-06-11 00:00:00
C010526,direct,11-50,CA,2026-06-27 00:00:00
C010527,sea,200+,FR,2026-02-05 00:00:00
C010528,seo,1-10,FR,2026-04-30 00:00:00
C010529,sea,11-50,FR,2026-06-20 00:00:00
C010530,direct,51-200,FR,2026-05-01 00:00:00
C010531,seo,51-200,FR,2026-07-17 00:00:00
C010532,sea,51-200,CA,2026-07-17 00:00:00
C010533,direct,51-200,FR,2026-05-20 00:00:00
C010534,sea,11-50,FR,2026-04-23 00:00:00
C010535,referral,1-10,FR,2026-01-29 00:00:00
C010536,seo,51-200,FR,2026-03-02 00:00:00
C010537,seo,200+,FR,2026-02-06 00:00:00
C010538,seo,200+,CH,2026-07-07 00:00:00
C010539,referral,200+,FR,2026-01-22 00:00:00
C010540,sea,51-200,FR,2026-07-14 00:00:00
C010541,sea,1-10,FR,2026-04-10 00:00:00
C010542,seo,1-10,FR,2026-05-04 00:00:00
C010543,referral,1-10,CA,2026-05-07 00:00:00
C010544,direct,11-50,BE,2026-02-22 00:00:00
C010545,seo,1-10,CA,2026-05-07 00:00:00
C010546,referral,11-50,FR,2026-01-26 00:00:00
C010547,direct,51-200,BE,2026-01-01 00:00:00
C010548,referral,200+,CH,2026-01-12 00:00:00
C010549,sea,200+,BE,2026-04-09 00:00:00
C010550,seo,51-200,CA,2026-07-08 00:00:00
C010551,seo,200+,FR,2026-03-03 00:00:00
C010552,seo,1-10,CA,2026-02-22 00:00:00
C010553,direct,1-10,FR,2026-06-14 00:00:00
C010554,sea,1-10,FR,2026-03-11 00:00:00
C010555,referral,51-200,FR,2026-04-24 00:00:00
C010556,sea,1-10,FR,2026-04-12 00:00:00
C010557,sea,200+,FR,2026-07-13 00:00:00
C010558,sea,11-50,FR,2026-05-24 00:00:00
C010559,seo,1-10,FR,2026-07-06 00:00:00
C010560,referral,11-50,FR,2026-04-17 00:00:00
C010561,sea,1-10,FR,2026-02-14 00:00:00
C010562,direct,51-200,FR,2026-06-15 00:00:00
C010563,direct,51-200,FR,2026-05-25 00:00:00
C010564,referral,11-50,CA,2026-05-14 00:00:00
C010565,seo,200+,CH,2026-02-08 00:00:00
C010566,seo,200+,FR,2026-03-24 00:00:00
C010567,sea,51-200,CH,2026-06-16 00:00:00
C010568,direct,11-50,FR,2026-01-02 00:00:00
C010569,seo,51-200,FR,2026-03-05 00:00:00
C010570,direct,200+,FR,2026-05-22 00:00:00
C010571,seo,200+,BE,2026-01-12 00:00:00
C010572,seo,11-50,FR,2026-05-28 00:00:00
C010573,direct,11-50,FR,2026-03-31 00:00:00
C010574,sea,51-200,FR,2026-02-11 00:00:00
C010575,referral,1-10,BE,2026-07-11 00:00:00
C010576,referral,1-10,FR,2026-01-28 00:00:00
C010577,seo,51-200,BE,2026-01-01 00:00:00
C010578,direct,11-50,BE,2026-01-01 00:00:00
C010579,direct,11-50,FR,2026-05-10 00:00:00
C010580,sea,51-200,FR,2026-05-07 00:00:00
C010581,seo,51-200,FR,2026-02-20 00:00:00
C010582,referral,1-10,FR,2026-04-28 00:00:00
C010583,direct,51-200,FR,2026-01-22 00:00:00
C010584,referral,51-200,FR,2026-05-10 00:00:00
C010585,seo,11-50,FR,2026-05-06 00:00:00
C010586,seo,51-200,FR,2026-06-08 00:00:00
C010587,referral,200+,FR,2026-03-28 00:00:00
C010588,referral,200+,FR,2026-06-05 00:00:00
C010589,direct,51-200,FR,2026-06-12 00:00:00
C010590,referral,200+,FR,2026-02-20 00:00:00
C010591,referral,200+,FR,2026-06-18 00:00:00
C010592,referral,11-50,BE,2026-03-23 00:00:00
C010593,seo,1-10,CH,2026-06-12 00:00:00
C010594,referral,51-200,FR,2026-06-25 00:00:00
C010595,sea,1-10,FR,2026-01-10 00:00:00
C010596,direct,51-200,BE,2026-01-10 00:00:00
C010597,seo,1-10,FR,2026-06-21 00:00:00
C010598,sea,51-200,FR,2026-05-03 00:00:00
C010599,sea,200+,FR,2026-01-30 00:00:00
C010600,direct,200+,FR,2026-04-05 00:00:00
C010601,sea,1-10,BE,2026-07-03 00:00:00
C010602,sea,51-200,FR,2026-07-02 00:00:00
C010603,sea,11-50,BE,2026-02-28 00:00:00
C010604,sea,200+,FR,2026-05-01 00:00:00
C010605,seo,51-200,CH,2026-03-26 00:00:00
C010606,referral,11-50,FR,2026-06-20 00:00:00
C010607,seo,11-50,FR,2026-06-04 00:00:00
C010608,sea,11-50,FR,2026-03-31 00:00:00
C010609,referral,1-10,FR,2026-04-02 00:00:00
C010610,referral,11-50,FR,2026-01-12 00:00:00
C010611,referral,1-10,FR,2026-05-10 00:00:00
C010612,direct,200+,FR,2026-01-26 00:00:00
C010613,direct,11-50,FR,2026-02-23 00:00:00
C010614,seo,1-10,FR,2026-05-07 00:00:00
C010615,sea,51-200,BE,2026-06-14 00:00:00
C010616,seo,51-200,BE,2026-02-12 00:00:00
C010617,referral,200+,FR,2026-06-21 00:00:00
C010618,seo,200+,BE,2026-05-25 00:00:00
C010619,seo,11-50,FR,2026-05-23 00:00:00
C010620,direct,11-50,FR,2026-03-07 00:00:00
C010621,seo,200+,FR,2026-01-05 00:00:00
C010622,sea,1-10,CA,2026-03-04 00:00:00
C010623,referral,1-10,FR,2026-04-17 00:00:00
C010624,referral,51-200,FR,2026-03-11 00:00:00
C010625,direct,11-50,FR,2026-07-08 00:00:00
C010626,direct,200+,FR,2026-05-01 00:00:00
C010627,sea,1-10,CH,2026-05-21 00:00:00
C010628,referral,1-10,FR,2026-04-10 00:00:00
C010629,sea,200+,CH,2026-07-16 00:00:00
C010630,sea,11-50,FR,2026-07-15 00:00:00
C010631,sea,200+,FR,2026-07-18 00:00:00
C010632,sea,51-200,CA,2026-06-24 00:00:00
C010633,sea,1-10,FR,2026-01-28 00:00:00
C010634,referral,1-10,FR,2026-06-14 00:00:00
C010635,direct,11-50,FR,2026-03-01 00:00:00
C010636,seo,51-200,FR,2026-01-31 00:00:00
C010637,seo,200+,FR,2026-01-29 00:00:00
C010638,sea,51-200,FR,2026-01-07 00:00:00
C010639,referral,51-200,CA,2026-05-21 00:00:00
C010640,referral,11-50,FR,2026-01-10 00:00:00
C010641,direct,1-10,CA,2026-05-09 00:00:00
C010642,direct,200+,CH,2026-04-28 00:00:00
C010643,sea,1-10,FR,2026-06-11 00:00:00
C010644,referral,1-10,CA,2026-04-28 00:00:00
C010645,seo,200+,BE,2026-01-08 00:00:00
C010646,referral,200+,CH,2026-03-10 00:00:00
C010647,referral,11-50,FR,2026-02-14 00:00:00
C010648,referral,1-10,BE,2026-02-21 00:00:00
C010649,sea,51-200,BE,2026-03-27 00:00:00
C010650,sea,11-50,FR,2026-06-28 00:00:00
C010651,referral,200+,FR,2026-06-11 00:00:00
C010652,referral,11-50,FR,2026-03-14 00:00:00
C010653,sea,200+,CA,2026-01-29 00:00:00
C010654,sea,1-10,CH,2026-01-10 00:00:00
C010655,sea,11-50,BE,2026-02-20 00:00:00
C010656,sea,200+,CH,2026-05-09 00:00:00
C010657,seo,1-10,FR,2026-02-28 00:00:00
C010658,referral,1-10,CH,2026-03-26 00:00:00
C010659,sea,1-10,FR,2026-04-09 00:00:00
C010660,sea,11-50,FR,2026-02-04 00:00:00
C010661,referral,1-10,FR,2026-02-28 00:00:00
C010662,seo,51-200,CH,2026-07-13 00:00:00
C010663,referral,51-200,CH,2026-03-23 00:00:00
C010664,referral,11-50,FR,2026-01-22 00:00:00
C010665,seo,200+,FR,2026-02-23 00:00:00
C010666,seo,1-10,FR,2026-02-18 00:00:00
C010667,sea,11-50,CA,2026-05-23 00:00:00
C010668,sea,200+,FR,2026-05-13 00:00:00
C010669,seo,51-200,CH,2026-05-21 00:00:00
C010670,sea,1-10,CA,2026-06-02 00:00:00
C010671,referral,51-200,BE,2026-06-23 00:00:00
C010672,seo,200+,CA,2026-03-07 00:00:00
C010673,direct,51-200,FR,2026-01-05 00:00:00
C010674,direct,51-200,FR,2026-02-14 00:00:00
C010675,sea,1-10,FR,2026-01-21 00:00:00
C010676,seo,51-200,CA,2026-02-10 00:00:00
C010677,sea,11-50,FR,2026-06-28 00:00:00
C010678,sea,51-200,FR,2026-03-22 00:00:00
C010679,seo,200+,FR,2026-07-11 00:00:00
C010680,seo,11-50,CA,2026-03-16 00:00:00
C010681,sea,200+,FR,2026-01-24 00:00:00
C010682,referral,200+,FR,2026-02-01 00:00:00
C010683,sea,200+,CA,2026-02-03 00:00:00
C010684,seo,1-10,FR,2026-04-09 00:00:00
C010685,seo,1-10,FR,2026-07-07 00:00:00
C010686,referral,51-200,CA,2026-04-28 00:00:00
C010687,referral,200+,FR,2026-06-30 00:00:00
C010688,direct,11-50,FR,2026-06-06 00:00:00
C010689,sea,11-50,FR,2026-03-20 00:00:00
C010690,referral,1-10,FR,2026-05-31 00:00:00
C010691,sea,200+,CH,2026-04-01 00:00:00
C010692,seo,51-200,BE,2026-01-18 00:00:00
C010693,direct,1-10,FR,2026-05-24 00:00:00
C010694,sea,200+,FR,2026-03-20 00:00:00
C010695,referral,200+,CH,2026-04-08 00:00:00
C010696,referral,51-200,FR,2026-06-24 00:00:00
C010697,referral,1-10,FR,2026-07-05 00:00:00
C010698,seo,51-200,FR,2026-05-13 00:00:00
C010699,direct,200+,FR,2026-01-26 00:00:00
C010700,sea,200+,FR,2026-07-14 00:00:00
C010701,seo,51-200,FR,2026-03-19 00:00:00
C010702,seo,51-200,BE,2026-05-21 00:00:00
C010703,sea,11-50,CH,2026-04-13 00:00:00
C010704,direct,200+,CH,2026-04-21 00:00:00
C010705,referral,200+,CH,2026-05-15 00:00:00
C010706,sea,200+,CH,2026-05-06 00:00:00
C010707,seo,11-50,FR,2026-02-28 00:00:00
C010708,referral,51-200,CH,2026-02-19 00:00:00
C010709,seo,11-50,FR,2026-07-10 00:00:00
C010710,seo,200+,FR,2026-04-30 00:00:00
C010711,referral,200+,BE,2026-01-19 00:00:00
C010712,referral,11-50,CH,2026-05-23 00:00:00
C010713,direct,200+,FR,2026-07-02 00:00:00
C010714,sea,200+,FR,2026-04-20 00:00:00
C010715,referral,200+,CH,2026-04-11 00:00:00
C010716,referral,11-50,CH,2026-01-11 00:00:00
C010717,referral,1-10,FR,2026-05-08 00:00:00
C010718,seo,200+,FR,2026-04-30 00:00:00
C010719,seo,11-50,FR,2026-03-21 00:00:00
C010720,referral,1-10,CH,2026-05-02 00:00:00
C010721,direct,1-10,BE,2026-07-01 00:00:00
C010722,sea,11-50,FR,2026-01-16 00:00:00
C010723,sea,51-200,CA,2026-04-25 00:00:00
C010724,direct,200+,FR,2026-01-14 00:00:00
C010725,direct,1-10,FR,2026-04-26 00:00:00
C010726,direct,200+,FR,2026-06-26 00:00:00
C010727,sea,11-50,FR,2026-03-12 00:00:00
C010728,sea,1-10,FR,2026-04-04 00:00:00
C010729,referral,11-50,FR,2026-06-17 00:00:00
C010730,sea,200+,BE,2026-02-07 00:00:00
C010731,direct,1-10,FR,2026-03-23 00:00:00
C010732,sea,11-50,FR,2026-05-10 00:00:00
C010733,seo,51-200,BE,2026-01-20 00:00:00
C010734,referral,11-50,FR,2026-04-22 00:00:00
C010735,referral,1-10,FR,2026-03-20 00:00:00
C010736,referral,200+,FR,2026-04-30 00:00:00
C010737,sea,51-200,BE,2026-04-28 00:00:00
C010738,referral,11-50,CA,2026-06-29 00:00:00
C010739,sea,200+,CH,2026-06-27 00:00:00
C010740,seo,1-10,CA,2026-05-29 00:00:00
C010741,sea,200+,FR,2026-01-18 00:00:00
C010742,sea,51-200,FR,2026-07-07 00:00:00
C010743,referral,51-200,FR,2026-07-15 00:00:00
C010744,sea,1-10,FR,2026-04-23 00:00:00
C010745,seo,200+,FR,2026-06-10 00:00:00
C010746,seo,11-50,FR,2026-03-03 00:00:00
C010747,direct,200+,FR,2026-04-03 00:00:00
C010748,seo,200+,FR,2026-06-09 00:00:00
C010749,sea,51-200,CA,2026-01-27 00:00:00
C010750,referral,1-10,FR,2026-03-03 00:00:00
C010751,referral,200+,CA,2026-04-29 00:00:00
C010752,sea,1-10,BE,2026-07-09 00:00:00
C010753,sea,1-10,CH,2026-03-30 00:00:00
C010754,sea,1-10,FR,2026-05-28 00:00:00
C010755,direct,51-200,FR,2026-07-17 00:00:00
C010756,referral,51-200,BE,2026-05-17 00:00:00
C010757,seo,1-10,FR,2026-05-23 00:00:00
C010758,referral,200+,FR,2026-02-21 00:00:00
C010759,referral,11-50,FR,2026-02-22 00:00:00
C010760,seo,51-200,CH,2026-07-18 00:00:00
C010761,direct,1-10,BE,2026-04-13 00:00:00
C010762,direct,11-50,FR,2026-04-03 00:00:00
C010763,seo,200+,BE,2026-05-20 00:00:00
C010764,referral,200+,FR,2026-04-07 00:00:00
C010765,sea,200+,FR,2026-03-14 00:00:00
C010766,direct,51-200,FR,2026-06-19 00:00:00
C010767,sea,51-200,CH,2026-04-29 00:00:00
C010768,direct,11-50,CA,2026-05-01 00:00:00
C010769,sea,11-50,FR,2026-06-28 00:00:00
C010770,referral,200+,FR,2026-04-07 00:00:00
C010771,seo,11-50,FR,2026-03-08 00:00:00
C010772,seo,11-50,FR,2026-01-30 00:00:00
C010773,referral,1-10,CH,2026-04-22 00:00:00
C010774,sea,11-50,FR,2026-02-04 00:00:00
C010775,direct,11-50,FR,2026-07-13 00:00:00
C010776,direct,11-50,FR,2026-01-19 00:00:00
C010777,sea,11-50,FR,2026-03-19 00:00:00
C010778,direct,1-10,FR,2026-06-11 00:00:00
C010779,direct,1-10,FR,2026-06-22 00:00:00
C010780,direct,11-50,FR,2026-01-18 00:00:00
C010781,referral,1-10,FR,2026-01-09 00:00:00
C010782,seo,200+,FR,2026-04-19 00:00:00
C010783,seo,200+,FR,2026-01-05 00:00:00
C010784,sea,200+,BE,2026-04-25 00:00:00
C010785,seo,1-10,BE,2026-01-13 00:00:00
C010786,sea,200+,FR,2026-02-23 00:00:00
C010787,seo,11-50,FR,2026-05-01 00:00:00
C010788,sea,1-10,FR,2026-04-13 00:00:00
C010789,seo,1-10,FR,2026-01-08 00:00:00
C010790,referral,51-200,CH,2026-02-13 00:00:00
C010791,sea,200+,FR,2026-05-21 00:00:00
C010792,referral,11-50,FR,2026-01-31 00:00:00
C010793,referral,51-200,FR,2026-01-25 00:00:00
C010794,sea,200+,FR,2026-06-08 00:00:00
C010795,seo,200+,FR,2026-01-18 00:00:00
C010796,seo,51-200,FR,2026-06-25 00:00:00
C010797,direct,1-10,FR,2026-02-06 00:00:00
C010798,sea,1-10,CH,2026-02-01 00:00:00
C010799,referral,200+,CH,2026-07-10 00:00:00
C010800,direct,200+,FR,2026-04-01 00:00:00
C010801,sea,1-10,FR,2026-04-29 00:00:00
C010802,sea,1-10,CA,2026-01-20 00:00:00
C010803,sea,11-50,FR,2026-05-17 00:00:00
C010804,seo,51-200,CA,2026-05-16 00:00:00
C010805,sea,200+,FR,2026-04-12 00:00:00
C010806,referral,200+,FR,2026-07-11 00:00:00
C010807,direct,51-200,FR,2026-01-11 00:00:00
C010808,seo,51-200,FR,2026-01-26 00:00:00
C010809,sea,1-10,FR,2026-07-04 00:00:00
C010810,referral,1-10,CA,2026-04-02 00:00:00
C010811,direct,200+,CH,2026-04-21 00:00:00
C010812,referral,200+,FR,2026-04-17 00:00:00
C010813,referral,200+,FR,2026-01-13 00:00:00
C010814,seo,11-50,FR,2026-05-09 00:00:00
C010815,referral,11-50,FR,2026-04-22 00:00:00
C010816,referral,1-10,FR,2026-03-21 00:00:00
C010817,seo,1-10,FR,2026-06-22 00:00:00
C010818,direct,1-10,FR,2026-03-12 00:00:00
C010819,direct,51-200,FR,2026-06-20 00:00:00
C010820,referral,51-200,FR,2026-04-24 00:00:00
C010821,direct,11-50,FR,2026-02-10 00:00:00
C010822,sea,200+,FR,2026-06-25 00:00:00
C010823,direct,51-200,FR,2026-03-12 00:00:00
C010824,referral,11-50,FR,2026-05-09 00:00:00
C010825,referral,11-50,FR,2026-06-02 00:00:00
C010826,sea,200+,BE,2026-04-05 00:00:00
C010827,referral,1-10,FR,2026-06-01 00:00:00
C010828,referral,200+,BE,2026-05-13 00:00:00
C010829,sea,11-50,CH,2026-02-27 00:00:00
C010830,seo,200+,FR,2026-06-15 00:00:00
C010831,referral,200+,FR,2026-06-09 00:00:00
C010832,referral,11-50,FR,2026-01-25 00:00:00
C010833,sea,200+,CA,2026-05-29 00:00:00
C010834,seo,1-10,FR,2026-03-13 00:00:00
C010835,seo,51-200,FR,2026-06-19 00:00:00
C010836,seo,200+,FR,2026-01-05 00:00:00
C010837,seo,200+,FR,2026-01-18 00:00:00
C010838,seo,51-200,CH,2026-06-11 00:00:00
C010839,sea,11-50,CH,2026-04-25 00:00:00
C010840,direct,1-10,FR,2026-03-05 00:00:00
C010841,seo,200+,FR,2026-05-07 00:00:00
C010842,referral,51-200,BE,2026-01-27 00:00:00
C010843,direct,51-200,CH,2026-03-09 00:00:00
C010844,direct,200+,FR,2026-02-08 00:00:00
C010845,sea,51-200,FR,2026-04-04 00:00:00
C010846,referral,51-200,CA,2026-03-31 00:00:00
C010847,referral,51-200,FR,2026-03-30 00:00:00
C010848,sea,1-10,FR,2026-06-01 00:00:00
C010849,seo,200+,FR,2026-02-12 00:00:00
C010850,sea,1-10,FR,2026-01-13 00:00:00
C010851,direct,1-10,FR,2026-03-11 00:00:00
C010852,direct,1-10,BE,2026-01-31 00:00:00
C010853,referral,200+,CA,2026-05-24 00:00:00
C010854,direct,11-50,FR,2026-06-13 00:00:00
C010855,seo,200+,FR,2026-02-21 00:00:00
C010856,referral,11-50,FR,2026-02-23 00:00:00
C010857,sea,1-10,FR,2026-01-24 00:00:00
C010858,referral,200+,FR,2026-01-18 00:00:00
C010859,referral,11-50,CH,2026-06-07 00:00:00
C010860,direct,11-50,FR,2026-01-10 00:00:00
C010861,direct,200+,FR,2026-03-18 00:00:00
C010862,direct,11-50,FR,2026-03-26 00:00:00
C010863,seo,200+,FR,2026-05-03 00:00:00
C010864,sea,1-10,FR,2026-02-14 00:00:00
C010865,referral,200+,FR,2026-01-10 00:00:00
C010866,sea,51-200,FR,2026-04-03 00:00:00
C010867,referral,11-50,FR,2026-04-01 00:00:00
C010868,direct,1-10,FR,2026-02-15 00:00:00
C010869,direct,11-50,FR,2026-04-24 00:00:00
C010870,direct,1-10,CH,2026-01-06 00:00:00
C010871,direct,11-50,CH,2026-06-14 00:00:00
C010872,sea,1-10,FR,2026-04-24 00:00:00
C010873,direct,1-10,FR,2026-06-25 00:00:00
C010874,direct,200+,FR,2026-02-28 00:00:00
C010875,direct,51-200,BE,2026-02-14 00:00:00
C010876,seo,11-50,FR,2026-03-02 00:00:00
C010877,seo,11-50,FR,2026-02-25 00:00:00
C010878,referral,1-10,FR,2026-04-08 00:00:00
C010879,seo,200+,FR,2026-01-13 00:00:00
C010880,seo,1-10,FR,2026-03-19 00:00:00
C010881,referral,11-50,CA,2026-06-13 00:00:00
C010882,seo,200+,CH,2026-04-08 00:00:00
C010883,seo,51-200,BE,2026-02-06 00:00:00
C010884,referral,11-50,CA,2026-07-11 00:00:00
C010885,referral,1-10,FR,2026-07-05 00:00:00
C010886,seo,200+,FR,2026-05-09 00:00:00
C010887,referral,11-50,FR,2026-07-02 00:00:00
C010888,referral,1-10,FR,2026-06-20 00:00:00
C010889,seo,11-50,FR,2026-07-01 00:00:00
C010890,referral,11-50,CA,2026-03-05 00:00:00
C010891,direct,1-10,FR,2026-06-12 00:00:00
C010892,direct,200+,CA,2026-07-16 00:00:00
C010893,seo,11-50,FR,2026-03-20 00:00:00
C010894,referral,11-50,FR,2026-01-29 00:00:00
C010895,sea,11-50,CA,2026-04-26 00:00:00
C010896,direct,200+,FR,2026-05-28 00:00:00
C010897,sea,51-200,FR,2026-04-24 00:00:00
C010898,sea,1-10,FR,2026-04-16 00:00:00
C010899,referral,1-10,FR,2026-04-22 00:00:00
C010900,direct,51-200,FR,2026-01-05 00:00:00
C010901,sea,1-10,FR,2026-02-20 00:00:00
C010902,seo,11-50,CA,2026-05-05 00:00:00
C010903,referral,11-50,FR,2026-07-07 00:00:00
C010904,seo,200+,FR,2026-04-25 00:00:00
C010905,sea,11-50,FR,2026-07-02 00:00:00
C010906,referral,1-10,BE,2026-05-14 00:00:00
C010907,seo,11-50,CH,2026-02-06 00:00:00
C010908,referral,1-10,FR,2026-05-28 00:00:00
C010909,direct,51-200,FR,2026-03-14 00:00:00
C010910,direct,1-10,BE,2026-06-20 00:00:00
C010911,direct,51-200,FR,2026-01-15 00:00:00
C010912,direct,51-200,FR,2026-02-06 00:00:00
C010913,direct,200+,FR,2026-04-21 00:00:00
C010914,referral,51-200,FR,2026-07-09 00:00:00
C010915,seo,11-50,FR,2026-03-03 00:00:00
C010916,direct,200+,BE,2026-05-01 00:00:00
C010917,seo,200+,FR,2026-02-22 00:00:00
C010918,seo,51-200,FR,2026-06-17 00:00:00
C010919,direct,11-50,FR,2026-04-04 00:00:00
C010920,sea,11-50,FR,2026-01-13 00:00:00
C010921,sea,51-200,FR,2026-07-12 00:00:00
C010922,direct,200+,CH,2026-05-04 00:00:00
C010923,sea,200+,CA,2026-05-03 00:00:00
C010924,referral,1-10,FR,2026-02-02 00:00:00
C010925,direct,11-50,CH,2026-04-09 00:00:00
C010926,seo,11-50,FR,2026-01-24 00:00:00
C010927,referral,51-200,FR,2026-01-08 00:00:00
C010928,referral,200+,FR,2026-04-09 00:00:00
C010929,referral,200+,FR,2026-07-04 00:00:00
C010930,sea,1-10,FR,2026-05-16 00:00:00
C010931,referral,51-200,CA,2026-02-14 00:00:00
C010932,referral,1-10,CH,2026-06-28 00:00:00
C010933,sea,1-10,FR,2026-05-11 00:00:00
C010934,sea,1-10,BE,2026-02-07 00:00:00
C010935,seo,11-50,BE,2026-05-28 00:00:00
C010936,direct,1-10,FR,2026-02-05 00:00:00
C010937,direct,1-10,FR,2026-03-16 00:00:00
C010938,direct,200+,FR,2026-04-03 00:00:00
C010939,sea,1-10,FR,2026-01-09 00:00:00
C010940,seo,11-50,CH,2026-05-19 00:00:00
C010941,sea,11-50,CH,2026-02-01 00:00:00
C010942,seo,1-10,CA,2026-04-07 00:00:00
C010943,sea,11-50,CH,2026-06-24 00:00:00
C010944,referral,200+,FR,2026-04-02 00:00:00
C010945,sea,51-200,CH,2026-03-29 00:00:00
C010946,direct,51-200,FR,2026-05-16 00:00:00
C010947,referral,200+,CH,2026-02-27 00:00:00
C010948,seo,1-10,FR,2026-01-27 00:00:00
C010949,referral,1-10,FR,2026-07-10 00:00:00
C010950,referral,11-50,CH,2026-03-18 00:00:00
C010951,seo,200+,FR,2026-06-13 00:00:00
C010952,sea,1-10,FR,2026-02-02 00:00:00
C010953,direct,1-10,FR,2026-03-13 00:00:00
C010954,referral,11-50,CA,2026-02-26 00:00:00
C010955,direct,200+,FR,2026-06-01 00:00:00
C010956,seo,200+,CH,2026-03-26 00:00:00
C010957,referral,51-200,CH,2026-01-07 00:00:00
C010958,direct,51-200,FR,2026-04-11 00:00:00
C010959,sea,200+,FR,2026-01-30 00:00:00
C010960,sea,1-10,CH,2026-02-15 00:00:00
C010961,direct,200+,FR,2026-02-08 00:00:00
C010962,referral,51-200,BE,2026-03-29 00:00:00
C010963,sea,1-10,CA,2026-05-11 00:00:00
C010964,sea,200+,FR,2026-05-17 00:00:00
C010965,seo,1-10,FR,2026-01-29 00:00:00
C010966,seo,1-10,FR,2026-07-04 00:00:00
C010967,direct,51-200,BE,2026-01-24 00:00:00
C010968,direct,11-50,FR,2026-05-03 00:00:00
C010969,sea,1-10,FR,2026-03-10 00:00:00
C010970,direct,200+,CA,2026-03-23 00:00:00
C010971,seo,11-50,FR,2026-05-17 00:00:00
C010972,seo,200+,FR,2026-02-09 00:00:00
C010973,seo,11-50,FR,2026-02-26 00:00:00
C010974,referral,11-50,FR,2026-03-16 00:00:00
C010975,direct,200+,BE,2026-06-22 00:00:00
C010976,sea,1-10,FR,2026-02-06 00:00:00
C010977,direct,51-200,FR,2026-06-11 00:00:00
C010978,sea,1-10,FR,2026-07-13 00:00:00
C010979,seo,1-10,FR,2026-05-11 00:00:00
C010980,seo,1-10,FR,2026-05-01 00:00:00
C010981,direct,51-200,BE,2026-04-23 00:00:00
C010982,sea,200+,FR,2026-05-24 00:00:00
C010983,sea,51-200,FR,2026-01-28 00:00:00
C010984,referral,11-50,FR,2026-06-29 00:00:00
C010985,seo,11-50,FR,2026-03-19 00:00:00
C010986,referral,11-50,CA,2026-04-23 00:00:00
C010987,direct,1-10,FR,2026-02-16 00:00:00
C010988,direct,11-50,CH,2026-05-27 00:00:00
C010989,referral,11-50,FR,2026-06-21 00:00:00
C010990,seo,51-200,FR,2026-07-13 00:00:00
C010991,sea,1-10,FR,2026-04-06 00:00:00
C010992,referral,1-10,FR,2026-06-30 00:00:00
C010993,direct,1-10,FR,2026-03-12 00:00:00
C010994,seo,11-50,FR,2026-06-27 00:00:00
C010995,referral,11-50,FR,2026-01-05 00:00:00
C010996,referral,51-200,CA,2026-01-24 00:00:00
C010997,seo,11-50,FR,2026-07-18 00:00:00
C010998,direct,200+,FR,2026-02-03 00:00:00
C010999,direct,200+,FR,2026-04-11 00:00:00
C011000,seo,51-200,FR,2026-04-26 00:00:00
C011001,sea,11-50,FR,2026-05-25 00:00:00
C011002,referral,200+,FR,2026-04-18 00:00:00
C011003,sea,1-10,CA,2026-04-20 00:00:00
C011004,direct,11-50,FR,2026-05-28 00:00:00
C011005,seo,11-50,CA,2026-03-05 00:00:00
C011006,seo,11-50,FR,2026-02-18 00:00:00
C011007,sea,1-10,FR,2026-04-18 00:00:00
C011008,direct,11-50,CH,2026-01-17 00:00:00
C011009,sea,11-50,FR,2026-04-02 00:00:00
C011010,seo,51-200,FR,2026-03-07 00:00:00
C011011,direct,11-50,FR,2026-07-10 00:00:00
C011012,sea,11-50,FR,2026-06-24 00:00:00
C011013,sea,200+,BE,2026-05-08 00:00:00
C011014,sea,200+,FR,2026-07-05 00:00:00
C011015,seo,200+,FR,2026-04-22 00:00:00
C011016,seo,11-50,BE,2026-07-10 00:00:00
C011017,sea,51-200,FR,2026-04-16 00:00:00
C011018,sea,11-50,CA,2026-04-29 00:00:00
C011019,seo,11-50,FR,2026-01-13 00:00:00
C011020,sea,51-200,CH,2026-05-09 00:00:00
C011021,direct,1-10,FR,2026-01-24 00:00:00
C011022,referral,1-10,FR,2026-04-15 00:00:00
C011023,referral,51-200,FR,2026-04-17 00:00:00
C011024,direct,11-50,BE,2026-06-09 00:00:00
C011025,seo,1-10,CH,2026-07-06 00:00:00
C011026,direct,1-10,CA,2026-07-04 00:00:00
C011027,referral,51-200,CA,2026-07-16 00:00:00
C011028,sea,51-200,FR,2026-07-19 00:00:00
C011029,seo,11-50,FR,2026-04-09 00:00:00
C011030,direct,1-10,CH,2026-06-09 00:00:00
C011031,seo,11-50,FR,2026-02-03 00:00:00
C011032,direct,51-200,FR,2026-03-20 00:00:00
C011033,seo,200+,FR,2026-02-21 00:00:00
C011034,sea,200+,FR,2026-06-11 00:00:00
C011035,seo,200+,BE,2026-02-28 00:00:00
C011036,seo,51-200,FR,2026-04-09 00:00:00
C011037,referral,1-10,CA,2026-05-26 00:00:00
C011038,seo,200+,CH,2026-04-17 00:00:00
C011039,referral,11-50,BE,2026-05-29 00:00:00
C011040,direct,51-200,CA,2026-02-09 00:00:00
C011041,direct,200+,CA,2026-05-17 00:00:00
C011042,sea,200+,FR,2026-05-13 00:00:00
C011043,referral,51-200,FR,2026-01-06 00:00:00
C011044,seo,200+,FR,2026-06-12 00:00:00
C011045,referral,51-200,FR,2026-01-15 00:00:00
C011046,referral,11-50,BE,2026-06-02 00:00:00
C011047,seo,51-200,CH,2026-03-22 00:00:00
C011048,referral,1-10,FR,2026-06-24 00:00:00
C011049,referral,200+,FR,2026-06-11 00:00:00
C011050,seo,51-200,FR,2026-04-15 00:00:00
C011051,sea,11-50,BE,2026-04-02 00:00:00
C011052,direct,51-200,CA,2026-02-15 00:00:00
C011053,referral,11-50,CH,2026-04-11 00:00:00
C011054,direct,200+,FR,2026-05-19 00:00:00
C011055,direct,1-10,FR,2026-02-26 00:00:00
C011056,seo,1-10,FR,2026-06-08 00:00:00
C011057,referral,1-10,FR,2026-01-30 00:00:00
C011058,seo,200+,FR,2026-03-27 00:00:00
C011059,direct,1-10,CH,2026-01-26 00:00:00
C011060,referral,200+,FR,2026-04-16 00:00:00
C011061,direct,51-200,FR,2026-01-18 00:00:00
C011062,seo,1-10,CA,2026-01-27 00:00:00
C011063,direct,11-50,FR,2026-05-11 00:00:00
C011064,direct,1-10,FR,2026-06-27 00:00:00
C011065,sea,1-10,FR,2026-04-05 00:00:00
C011066,seo,11-50,BE,2026-03-26 00:00:00
C011067,seo,11-50,CH,2026-01-06 00:00:00
C011068,seo,51-200,CA,2026-01-11 00:00:00
C011069,seo,1-10,FR,2026-05-02 00:00:00
C011070,seo,51-200,FR,2026-01-24 00:00:00
C011071,seo,51-200,FR,2026-03-04 00:00:00
C011072,sea,200+,BE,2026-01-17 00:00:00
C011073,direct,1-10,CH,2026-03-05 00:00:00
C011074,referral,200+,FR,2026-03-07 00:00:00
C011075,direct,200+,FR,2026-02-25 00:00:00
C011076,direct,200+,BE,2026-03-02 00:00:00
C011077,referral,11-50,FR,2026-06-06 00:00:00
C011078,sea,1-10,FR,2026-06-20 00:00:00
C011079,direct,200+,FR,2026-04-19 00:00:00
C011080,direct,200+,FR,2026-02-25 00:00:00
C011081,direct,51-200,FR,2026-03-19 00:00:00
C011082,sea,51-200,CH,2026-02-05 00:00:00
C011083,direct,11-50,FR,2026-01-14 00:00:00
C011084,referral,200+,FR,2026-06-03 00:00:00
C011085,seo,1-10,FR,2026-06-07 00:00:00
C011086,seo,51-200,FR,2026-04-17 00:00:00
C011087,sea,1-10,CA,2026-02-11 00:00:00
C011088,sea,51-200,FR,2026-01-25 00:00:00
C011089,sea,11-50,FR,2026-02-06 00:00:00
C011090,seo,1-10,FR,2026-03-22 00:00:00
C011091,direct,11-50,CH,2026-02-20 00:00:00
C011092,seo,1-10,BE,2026-01-29 00:00:00
C011093,sea,51-200,FR,2026-04-20 00:00:00
C011094,direct,51-200,CA,2026-05-21 00:00:00
C011095,direct,200+,CH,2026-04-13 00:00:00
C011096,seo,200+,FR,2026-02-10 00:00:00
C011097,seo,200+,FR,2026-01-09 00:00:00
C011098,seo,51-200,FR,2026-05-15 00:00:00
C011099,direct,51-200,FR,2026-01-15 00:00:00
C011100,sea,11-50,FR,2026-03-20 00:00:00
C011101,sea,1-10,FR,2026-07-12 00:00:00
C011102,sea,11-50,FR,2026-01-02 00:00:00
C011103,referral,200+,FR,2026-04-29 00:00:00
C011104,sea,51-200,BE,2026-02-04 00:00:00
C011105,referral,200+,BE,2026-06-05 00:00:00
C011106,sea,51-200,FR,2026-04-20 00:00:00
C011107,direct,1-10,FR,2026-06-28 00:00:00
C011108,direct,200+,CH,2026-01-27 00:00:00
C011109,direct,1-10,FR,2026-01-14 00:00:00
C011110,sea,1-10,FR,2026-05-31 00:00:00
C011111,referral,200+,CA,2026-02-06 00:00:00
C011112,sea,200+,FR,2026-06-16 00:00:00
C011113,direct,1-10,FR,2026-05-03 00:00:00
C011114,referral,1-10,FR,2026-06-30 00:00:00
C011115,sea,51-200,CH,2026-03-03 00:00:00
C011116,seo,11-50,CA,2026-05-24 00:00:00
C011117,direct,200+,FR,2026-05-21 00:00:00
C011118,sea,200+,FR,2026-06-02 00:00:00
C011119,sea,11-50,FR,2026-01-14 00:00:00
C011120,seo,51-200,FR,2026-02-28 00:00:00
C011121,seo,1-10,BE,2026-07-19 00:00:00
C011122,sea,1-10,FR,2026-03-26 00:00:00
C011123,referral,200+,FR,2026-06-06 00:00:00
C011124,referral,200+,CH,2026-01-13 00:00:00
C011125,referral,51-200,CH,2026-04-01 00:00:00
C011126,referral,51-200,FR,2026-04-04 00:00:00
C011127,direct,200+,CH,2026-01-19 00:00:00
C011128,referral,200+,FR,2026-06-12 00:00:00
C011129,seo,11-50,BE,2026-04-22 00:00:00
C011130,seo,1-10,FR,2026-04-03 00:00:00
C011131,referral,11-50,FR,2026-04-01 00:00:00
C011132,referral,200+,CA,2026-06-21 00:00:00
C011133,sea,51-200,FR,2026-02-11 00:00:00
C011134,sea,1-10,FR,2026-04-22 00:00:00
C011135,sea,11-50,FR,2026-01-29 00:00:00
C011136,referral,51-200,FR,2026-05-06 00:00:00
C011137,seo,11-50,FR,2026-05-05 00:00:00
C011138,referral,1-10,FR,2026-02-13 00:00:00
C011139,direct,51-200,FR,2026-07-14 00:00:00
C011140,seo,51-200,FR,2026-07-13 00:00:00
C011141,seo,51-200,FR,2026-05-06 00:00:00
C011142,direct,200+,FR,2026-01-24 00:00:00
C011143,direct,11-50,FR,2026-03-10 00:00:00
C011144,direct,51-200,CA,2026-05-10 00:00:00
C011145,sea,200+,FR,2026-02-07 00:00:00
C011146,seo,1-10,CH,2026-06-19 00:00:00
C011147,sea,200+,CA,2026-03-28 00:00:00
C011148,sea,51-200,FR,2026-01-03 00:00:00
C011149,sea,200+,CH,2026-03-12 00:00:00
C011150,seo,200+,FR,2026-03-15 00:00:00
C011151,direct,51-200,BE,2026-02-22 00:00:00
C011152,direct,1-10,BE,2026-06-19 00:00:00
C011153,sea,1-10,CA,2026-04-21 00:00:00
C011154,referral,1-10,FR,2026-04-22 00:00:00
C011155,sea,51-200,FR,2026-06-15 00:00:00
C011156,sea,1-10,FR,2026-04-09 00:00:00
C011157,seo,51-200,CH,2026-04-25 00:00:00
C011158,direct,200+,FR,2026-02-15 00:00:00
C011159,direct,51-200,FR,2026-06-02 00:00:00
C011160,direct,51-200,FR,2026-07-15 00:00:00
C011161,seo,1-10,CA,2026-03-14 00:00:00
C011162,direct,200+,FR,2026-01-19 00:00:00
C011163,seo,11-50,CA,2026-07-17 00:00:00
C011164,seo,1-10,FR,2026-02-22 00:00:00
C011165,referral,11-50,FR,2026-04-01 00:00:00
C011166,sea,1-10,FR,2026-01-05 00:00:00
C011167,seo,51-200,FR,2026-05-02 00:00:00
C011168,direct,200+,FR,2026-05-13 00:00:00
C011169,referral,51-200,FR,2026-03-03 00:00:00
C011170,sea,200+,FR,2026-02-19 00:00:00
C011171,seo,1-10,FR,2026-07-05 00:00:00
C011172,sea,1-10,FR,2026-03-31 00:00:00
C011173,referral,1-10,FR,2026-03-12 00:00:00
C011174,referral,200+,FR,2026-03-29 00:00:00
C011175,direct,11-50,FR,2026-02-17 00:00:00
C011176,sea,200+,FR,2026-01-26 00:00:00
C011177,direct,51-200,BE,2026-04-12 00:00:00
C011178,referral,51-200,FR,2026-06-26 00:00:00
C011179,referral,200+,CA,2026-06-14 00:00:00
C011180,sea,200+,FR,2026-06-26 00:00:00
C011181,sea,51-200,CA,2026-06-23 00:00:00
C011182,sea,11-50,FR,2026-07-14 00:00:00
C011183,sea,200+,FR,2026-02-25 00:00:00
C011184,sea,51-200,BE,2026-05-09 00:00:00
C011185,direct,51-200,FR,2026-06-25 00:00:00
C011186,seo,51-200,FR,2026-05-27 00:00:00
C011187,sea,11-50,FR,2026-05-27 00:00:00
C011188,referral,11-50,BE,2026-04-18 00:00:00
C011189,seo,1-10,BE,2026-05-05 00:00:00
C011190,seo,1-10,FR,2026-04-19 00:00:00
C011191,referral,11-50,FR,2026-05-12 00:00:00
C011192,sea,51-200,BE,2026-07-09 00:00:00
C011193,direct,200+,CH,2026-04-19 00:00:00
C011194,sea,1-10,BE,2026-03-21 00:00:00
C011195,seo,51-200,FR,2026-05-28 00:00:00
C011196,seo,1-10,FR,2026-02-25 00:00:00
C011197,sea,11-50,FR,2026-07-19 00:00:00
C011198,referral,200+,FR,2026-04-30 00:00:00
C011199,sea,1-10,FR,2026-06-20 00:00:00
C011200,direct,200+,CA,2026-07-01 00:00:00
C011201,direct,200+,CH,2026-05-13 00:00:00
C011202,direct,200+,CH,2026-02-24 00:00:00
C011203,referral,1-10,CH,2026-06-05 00:00:00
C011204,referral,51-200,FR,2026-01-05 00:00:00
C011205,seo,51-200,FR,2026-03-26 00:00:00
C011206,referral,11-50,FR,2026-06-09 00:00:00
C011207,sea,51-200,FR,2026-06-25 00:00:00
C011208,seo,200+,FR,2026-04-29 00:00:00
C011209,direct,51-200,FR,2026-05-30 00:00:00
C011210,sea,11-50,FR,2026-01-14 00:00:00
C011211,sea,11-50,FR,2026-05-28 00:00:00
C011212,direct,1-10,CA,2026-02-27 00:00:00
C011213,sea,11-50,FR,2026-06-24 00:00:00
C011214,direct,1-10,FR,2026-05-28 00:00:00
C011215,seo,1-10,FR,2026-05-31 00:00:00
C011216,seo,1-10,FR,2026-05-07 00:00:00
C011217,referral,51-200,FR,2026-01-10 00:00:00
C011218,direct,11-50,FR,2026-02-22 00:00:00
C011219,direct,1-10,FR,2026-07-12 00:00:00
C011220,seo,11-50,FR,2026-01-11 00:00:00
C011221,direct,200+,FR,2026-03-22 00:00:00
C011222,seo,51-200,FR,2026-05-02 00:00:00
C011223,direct,11-50,CA,2026-06-14 00:00:00
C011224,seo,51-200,FR,2026-01-13 00:00:00
C011225,sea,200+,FR,2026-07-16 00:00:00
C011226,direct,11-50,FR,2026-06-12 00:00:00
C011227,direct,200+,FR,2026-04-09 00:00:00
C011228,sea,51-200,BE,2026-02-08 00:00:00
C011229,referral,200+,BE,2026-06-02 00:00:00
C011230,direct,11-50,CA,2026-04-01 00:00:00
C011231,referral,11-50,FR,2026-02-21 00:00:00
C011232,seo,1-10,FR,2026-02-15 00:00:00
C011233,seo,200+,FR,2026-02-08 00:00:00
C011234,direct,11-50,FR,2026-02-07 00:00:00
C011235,sea,51-200,CH,2026-06-20 00:00:00
C011236,sea,200+,FR,2026-05-13 00:00:00
C011237,referral,51-200,FR,2026-01-31 00:00:00
C011238,direct,1-10,CH,2026-07-18 00:00:00
C011239,seo,11-50,FR,2026-04-23 00:00:00
C011240,sea,11-50,FR,2026-05-12 00:00:00
C011241,seo,11-50,FR,2026-04-22 00:00:00
C011242,referral,1-10,FR,2026-03-21 00:00:00
C011243,referral,11-50,FR,2026-02-01 00:00:00
C011244,seo,1-10,FR,2026-06-08 00:00:00
C011245,seo,11-50,CA,2026-06-13 00:00:00
C011246,referral,51-200,FR,2026-06-29 00:00:00
C011247,seo,11-50,BE,2026-04-11 00:00:00
C011248,direct,51-200,BE,2026-07-10 00:00:00
C011249,sea,51-200,FR,2026-04-16 00:00:00
C011250,direct,200+,FR,2026-07-03 00:00:00
C011251,referral,200+,FR,2026-04-16 00:00:00
C011252,referral,200+,FR,2026-06-03 00:00:00
C011253,direct,1-10,FR,2026-04-18 00:00:00
C011254,sea,51-200,FR,2026-02-16 00:00:00
C011255,referral,1-10,CA,2026-05-29 00:00:00
C011256,referral,200+,CH,2026-07-09 00:00:00
C011257,referral,11-50,FR,2026-04-03 00:00:00
C011258,direct,1-10,FR,2026-01-04 00:00:00
C011259,referral,1-10,CH,2026-01-21 00:00:00
C011260,direct,1-10,FR,2026-03-15 00:00:00
C011261,direct,51-200,FR,2026-03-14 00:00:00
C011262,seo,200+,FR,2026-02-23 00:00:00
C011263,referral,1-10,FR,2026-01-28 00:00:00
C011264,direct,11-50,FR,2026-05-10 00:00:00
C011265,direct,1-10,FR,2026-02-05 00:00:00
C011266,referral,1-10,FR,2026-03-14 00:00:00
C011267,sea,51-200,FR,2026-03-09 00:00:00
C011268,sea,11-50,FR,2026-06-01 00:00:00
C011269,sea,200+,FR,2026-06-18 00:00:00
C011270,direct,200+,FR,2026-03-01 00:00:00
C011271,direct,200+,FR,2026-07-19 00:00:00
C011272,sea,200+,CA,2026-04-23 00:00:00
C011273,seo,1-10,CH,2026-06-10 00:00:00
C011274,direct,200+,CA,2026-06-10 00:00:00
C011275,sea,51-200,FR,2026-02-09 00:00:00
C011276,referral,11-50,FR,2026-02-11 00:00:00
C011277,sea,11-50,FR,2026-05-27 00:00:00
C011278,seo,51-200,BE,2026-05-03 00:00:00
C011279,sea,1-10,FR,2026-01-14 00:00:00
C011280,referral,1-10,FR,2026-02-14 00:00:00
C011281,direct,1-10,CH,2026-07-04 00:00:00
C011282,seo,11-50,FR,2026-05-02 00:00:00
C011283,sea,1-10,CH,2026-03-27 00:00:00
C011284,referral,1-10,FR,2026-02-27 00:00:00
C011285,referral,1-10,BE,2026-06-10 00:00:00
C011286,seo,1-10,FR,2026-05-11 00:00:00
C011287,sea,51-200,CA,2026-05-26 00:00:00
C011288,seo,51-200,CH,2026-02-08 00:00:00
C011289,seo,11-50,FR,2026-07-02 00:00:00
C011290,direct,1-10,FR,2026-07-07 00:00:00
C011291,referral,11-50,CA,2026-03-26 00:00:00
C011292,referral,200+,CH,2026-05-18 00:00:00
C011293,direct,1-10,FR,2026-04-11 00:00:00
C011294,referral,1-10,CA,2026-05-28 00:00:00
C011295,sea,200+,FR,2026-07-02 00:00:00
C011296,referral,11-50,FR,2026-05-23 00:00:00
C011297,seo,51-200,FR,2026-03-23 00:00:00
C011298,sea,200+,BE,2026-02-10 00:00:00
C011299,sea,11-50,FR,2026-05-12 00:00:00
C011300,referral,200+,FR,2026-05-27 00:00:00
C011301,sea,11-50,FR,2026-03-05 00:00:00
C011302,sea,1-10,FR,2026-06-29 00:00:00
C011303,sea,51-200,FR,2026-05-29 00:00:00
C011304,direct,51-200,FR,2026-03-21 00:00:00
C011305,seo,200+,FR,2026-06-15 00:00:00
C011306,seo,1-10,CH,2026-06-11 00:00:00
C011307,referral,11-50,FR,2026-05-31 00:00:00
C011308,sea,200+,FR,2026-04-23 00:00:00
C011309,referral,11-50,FR,2026-03-18 00:00:00
C011310,sea,51-200,BE,2026-02-01 00:00:00
C011311,direct,1-10,FR,2026-03-30 00:00:00
C011312,seo,1-10,FR,2026-02-02 00:00:00
C011313,seo,51-200,FR,2026-05-16 00:00:00
C011314,direct,11-50,FR,2026-05-05 00:00:00
C011315,direct,1-10,CH,2026-02-12 00:00:00
C011316,direct,1-10,FR,2026-05-27 00:00:00
C011317,seo,200+,FR,2026-05-21 00:00:00
C011318,referral,11-50,FR,2026-01-02 00:00:00
C011319,direct,200+,FR,2026-05-03 00:00:00
C011320,sea,1-10,FR,2026-07-07 00:00:00
C011321,direct,51-200,FR,2026-04-18 00:00:00
C011322,seo,11-50,FR,2026-05-27 00:00:00
C011323,referral,51-200,FR,2026-04-05 00:00:00
C011324,sea,11-50,FR,2026-02-20 00:00:00
C011325,sea,51-200,FR,2026-01-14 00:00:00
C011326,referral,11-50,FR,2026-04-05 00:00:00
C011327,direct,11-50,CH,2026-07-19 00:00:00
C011328,seo,51-200,FR,2026-03-29 00:00:00
C011329,sea,51-200,FR,2026-06-05 00:00:00
C011330,referral,1-10,CH,2026-03-06 00:00:00
C011331,sea,1-10,FR,2026-02-17 00:00:00
C011332,direct,1-10,CH,2026-06-07 00:00:00
C011333,direct,1-10,FR,2026-01-21 00:00:00
C011334,seo,1-10,FR,2026-04-19 00:00:00
C011335,sea,200+,FR,2026-06-05 00:00:00
C011336,direct,51-200,BE,2026-07-14 00:00:00
C011337,direct,11-50,CH,2026-05-27 00:00:00
C011338,direct,1-10,FR,2026-01-15 00:00:00
C011339,sea,1-10,FR,2026-07-15 00:00:00
C011340,direct,11-50,FR,2026-02-20 00:00:00
C011341,sea,200+,CA,2026-05-10 00:00:00
C011342,seo,51-200,FR,2026-01-23 00:00:00
C011343,referral,51-200,FR,2026-01-02 00:00:00
C011344,referral,1-10,BE,2026-03-25 00:00:00
C011345,sea,1-10,BE,2026-05-04 00:00:00
C011346,direct,11-50,FR,2026-05-29 00:00:00
C011347,direct,200+,CH,2026-04-15 00:00:00
C011348,direct,51-200,CA,2026-06-10 00:00:00
C011349,sea,11-50,FR,2026-04-24 00:00:00
C011350,seo,200+,BE,2026-03-31 00:00:00
C011351,direct,200+,CH,2026-07-04 00:00:00
C011352,referral,1-10,CA,2026-05-28 00:00:00
C011353,seo,11-50,FR,2026-04-09 00:00:00
C011354,sea,51-200,FR,2026-04-22 00:00:00
C011355,seo,51-200,FR,2026-06-15 00:00:00
C011356,referral,51-200,FR,2026-01-08 00:00:00
C011357,sea,200+,FR,2026-01-12 00:00:00
C011358,referral,1-10,FR,2026-05-05 00:00:00
C011359,sea,1-10,CA,2026-06-29 00:00:00
C011360,seo,11-50,FR,2026-01-30 00:00:00
C011361,referral,11-50,CH,2026-01-05 00:00:00
C011362,referral,1-10,FR,2026-04-13 00:00:00
C011363,direct,51-200,FR,2026-03-05 00:00:00
C011364,direct,51-200,FR,2026-06-21 00:00:00
C011365,referral,11-50,FR,2026-05-10 00:00:00
C011366,sea,51-200,FR,2026-05-17 00:00:00
C011367,direct,51-200,CH,2026-05-13 00:00:00
C011368,seo,51-200,FR,2026-06-30 00:00:00
C011369,seo,51-200,FR,2026-04-28 00:00:00
C011370,referral,51-200,CA,2026-05-13 00:00:00
C011371,seo,200+,FR,2026-07-07 00:00:00
C011372,direct,1-10,CA,2026-06-11 00:00:00
C011373,direct,11-50,CH,2026-01-04 00:00:00
C011374,seo,51-200,CA,2026-07-19 00:00:00
C011375,seo,11-50,FR,2026-05-25 00:00:00
C011376,sea,200+,FR,2026-02-08 00:00:00
C011377,sea,1-10,FR,2026-05-27 00:00:00
C011378,seo,200+,FR,2026-05-14 00:00:00
C011379,referral,51-200,FR,2026-02-18 00:00:00
C011380,seo,200+,BE,2026-05-05 00:00:00
C011381,sea,200+,FR,2026-05-19 00:00:00
C011382,sea,200+,CA,2026-04-08 00:00:00
C011383,seo,51-200,FR,2026-07-18 00:00:00
C011384,direct,1-10,FR,2026-01-21 00:00:00
C011385,direct,51-200,FR,2026-02-07 00:00:00
C011386,direct,11-50,FR,2026-03-14 00:00:00
C011387,seo,51-200,FR,2026-06-10 00:00:00
C011388,direct,11-50,FR,2026-05-08 00:00:00
C011389,sea,11-50,FR,2026-03-11 00:00:00
C011390,referral,1-10,FR,2026-06-16 00:00:00
C011391,sea,200+,FR,2026-02-08 00:00:00
C011392,direct,51-200,CA,2026-01-05 00:00:00
C011393,seo,200+,FR,2026-04-20 00:00:00
C011394,seo,200+,FR,2026-05-11 00:00:00
C011395,seo,200+,FR,2026-05-24 00:00:00
C011396,sea,200+,FR,2026-04-23 00:00:00
C011397,seo,200+,FR,2026-06-11 00:00:00
C011398,referral,11-50,CA,2026-07-16 00:00:00
C011399,direct,1-10,FR,2026-07-14 00:00:00
C011400,sea,51-200,FR,2026-03-24 00:00:00
C011401,seo,11-50,FR,2026-02-21 00:00:00
C011402,sea,200+,FR,2026-06-25 00:00:00
C011403,sea,51-200,FR,2026-06-04 00:00:00
C011404,direct,11-50,FR,2026-03-12 00:00:00
C011405,referral,51-200,FR,2026-02-01 00:00:00
C011406,direct,1-10,FR,2026-03-10 00:00:00
C011407,seo,1-10,FR,2026-03-16 00:00:00
C011408,direct,51-200,CH,2026-05-08 00:00:00
C011409,referral,51-200,CH,2026-04-30 00:00:00
C011410,referral,1-10,FR,2026-07-04 00:00:00
C011411,direct,1-10,FR,2026-04-01 00:00:00
C011412,sea,51-200,FR,2026-01-13 00:00:00
C011413,referral,1-10,FR,2026-07-13 00:00:00
C011414,referral,200+,FR,2026-05-19 00:00:00
C011415,sea,11-50,FR,2026-04-26 00:00:00
C011416,referral,200+,FR,2026-06-12 00:00:00
C011417,direct,200+,CH,2026-05-25 00:00:00
C011418,referral,200+,FR,2026-05-04 00:00:00
C011419,sea,200+,CA,2026-04-04 00:00:00
C011420,direct,1-10,CH,2026-04-21 00:00:00
C011421,referral,11-50,FR,2026-03-24 00:00:00
C011422,seo,51-200,FR,2026-02-17 00:00:00
C011423,seo,1-10,FR,2026-03-28 00:00:00
C011424,seo,51-200,FR,2026-05-28 00:00:00
C011425,sea,200+,BE,2026-05-20 00:00:00
C011426,seo,200+,CA,2026-01-19 00:00:00
C011427,referral,200+,FR,2026-06-12 00:00:00
C011428,direct,200+,FR,2026-01-13 00:00:00
C011429,sea,11-50,FR,2026-05-27 00:00:00
C011430,referral,11-50,FR,2026-01-08 00:00:00
C011431,referral,11-50,FR,2026-05-07 00:00:00
C011432,sea,11-50,FR,2026-06-04 00:00:00
C011433,direct,11-50,FR,2026-03-05 00:00:00
C011434,sea,11-50,FR,2026-02-05 00:00:00
C011435,sea,11-50,FR,2026-05-25 00:00:00
C011436,direct,1-10,FR,2026-02-28 00:00:00
C011437,sea,11-50,FR,2026-05-03 00:00:00
C011438,direct,11-50,BE,2026-04-14 00:00:00
C011439,referral,11-50,BE,2026-07-17 00:00:00
C011440,seo,1-10,CA,2026-06-05 00:00:00
C011441,referral,51-200,FR,2026-05-04 00:00:00
C011442,direct,51-200,CA,2026-01-15 00:00:00
C011443,seo,51-200,FR,2026-03-07 00:00:00
C011444,referral,51-200,FR,2026-05-02 00:00:00
C011445,direct,200+,FR,2026-02-18 00:00:00
C011446,direct,200+,FR,2026-04-21 00:00:00
C011447,direct,11-50,FR,2026-06-06 00:00:00
C011448,sea,11-50,FR,2026-05-10 00:00:00
C011449,sea,1-10,CA,2026-06-13 00:00:00
C011450,sea,11-50,FR,2026-02-21 00:00:00
C011451,referral,11-50,FR,2026-05-09 00:00:00
C011452,referral,1-10,BE,2026-06-20 00:00:00
C011453,sea,200+,FR,2026-01-18 00:00:00
C011454,seo,1-10,CH,2026-07-10 00:00:00
C011455,seo,51-200,FR,2026-03-10 00:00:00
C011456,direct,11-50,FR,2026-02-21 00:00:00
C011457,referral,11-50,FR,2026-03-30 00:00:00
C011458,referral,11-50,BE,2026-05-18 00:00:00
C011459,sea,200+,FR,2026-05-23 00:00:00
C011460,referral,51-200,FR,2026-01-15 00:00:00
C011461,sea,51-200,FR,2026-05-10 00:00:00
C011462,seo,200+,FR,2026-06-06 00:00:00
C011463,referral,11-50,FR,2026-01-10 00:00:00
C011464,direct,1-10,FR,2026-06-04 00:00:00
C011465,direct,11-50,BE,2026-04-19 00:00:00
C011466,referral,51-200,FR,2026-03-20 00:00:00
C011467,referral,200+,FR,2026-02-20 00:00:00
C011468,sea,200+,FR,2026-05-07 00:00:00
C011469,direct,1-10,CA,2026-03-01 00:00:00
C011470,direct,51-200,FR,2026-05-31 00:00:00
C011471,sea,11-50,CA,2026-02-13 00:00:00
C011472,direct,51-200,FR,2026-04-26 00:00:00
C011473,sea,1-10,CH,2026-03-22 00:00:00
C011474,sea,51-200,FR,2026-06-25 00:00:00
C011475,seo,11-50,FR,2026-07-08 00:00:00
C011476,seo,1-10,FR,2026-01-23 00:00:00
C011477,referral,200+,FR,2026-02-26 00:00:00
C011478,referral,1-10,FR,2026-07-01 00:00:00
C011479,seo,1-10,FR,2026-06-30 00:00:00
C011480,seo,1-10,FR,2026-04-05 00:00:00
C011481,seo,200+,CH,2026-03-30 00:00:00
C011482,sea,11-50,FR,2026-04-27 00:00:00
C011483,direct,51-200,FR,2026-01-20 00:00:00
C011484,referral,11-50,FR,2026-01-16 00:00:00
C011485,sea,1-10,BE,2026-03-09 00:00:00
C011486,seo,11-50,FR,2026-03-02 00:00:00
C011487,seo,1-10,CH,2026-02-18 00:00:00
C011488,sea,1-10,FR,2026-05-13 00:00:00
C011489,seo,1-10,FR,2026-07-06 00:00:00
C011490,referral,51-200,FR,2026-04-03 00:00:00
C011491,seo,200+,FR,2026-07-10 00:00:00
C011492,direct,1-10,FR,2026-04-24 00:00:00
C011493,seo,51-200,FR,2026-03-16 00:00:00
C011494,direct,200+,FR,2026-06-29 00:00:00
C011495,direct,1-10,BE,2026-05-03 00:00:00
C011496,referral,1-10,FR,2026-07-02 00:00:00
C011497,direct,11-50,FR,2026-06-04 00:00:00
C011498,sea,11-50,FR,2026-03-30 00:00:00
C011499,seo,51-200,FR,2026-01-29 00:00:00
C011500,referral,11-50,FR,2026-06-26 00:00:00
C011501,direct,51-200,FR,2026-03-16 00:00:00
C011502,seo,200+,FR,2026-01-16 00:00:00
C011503,seo,1-10,FR,2026-05-21 00:00:00
C011504,seo,11-50,CH,2026-07-02 00:00:00
C011505,seo,200+,FR,2026-02-20 00:00:00
C011506,sea,200+,FR,2026-05-31 00:00:00
C011507,sea,11-50,FR,2026-05-25 00:00:00
C011508,sea,11-50,FR,2026-04-30 00:00:00
C011509,sea,51-200,FR,2026-06-16 00:00:00
C011510,referral,1-10,FR,2026-02-21 00:00:00
C011511,sea,200+,FR,2026-04-05 00:00:00
C011512,referral,11-50,CA,2026-05-04 00:00:00
C011513,sea,200+,FR,2026-02-22 00:00:00
C011514,referral,1-10,FR,2026-07-14 00:00:00
C011515,seo,1-10,FR,2026-03-30 00:00:00
C011516,direct,51-200,FR,2026-04-20 00:00:00
C011517,seo,11-50,BE,2026-01-06 00:00:00
C011518,referral,200+,CH,2026-04-27 00:00:00
C011519,seo,200+,CA,2026-03-27 00:00:00
C011520,seo,1-10,CA,2026-01-17 00:00:00
C011521,seo,11-50,FR,2026-02-27 00:00:00
C011522,seo,51-200,BE,2026-02-10 00:00:00
C011523,direct,1-10,FR,2026-03-15 00:00:00
C011524,direct,1-10,FR,2026-06-26 00:00:00
C011525,referral,200+,FR,2026-05-31 00:00:00
C011526,referral,200+,FR,2026-07-04 00:00:00
C011527,sea,51-200,FR,2026-03-29 00:00:00
C011528,direct,51-200,FR,2026-02-12 00:00:00
C011529,sea,51-200,CA,2026-07-13 00:00:00
C011530,seo,11-50,FR,2026-03-28 00:00:00
C011531,sea,200+,CA,2026-07-01 00:00:00
C011532,sea,11-50,BE,2026-05-19 00:00:00
C011533,direct,51-200,FR,2026-06-12 00:00:00
C011534,direct,51-200,FR,2026-02-14 00:00:00
C011535,seo,11-50,FR,2026-03-07 00:00:00
C011536,direct,51-200,FR,2026-03-24 00:00:00
C011537,sea,1-10,CH,2026-05-20 00:00:00
C011538,direct,1-10,FR,2026-03-19 00:00:00
C011539,seo,200+,FR,2026-05-04 00:00:00
C011540,referral,1-10,FR,2026-02-28 00:00:00
C011541,sea,11-50,FR,2026-05-20 00:00:00
C011542,sea,11-50,FR,2026-01-13 00:00:00
C011543,referral,11-50,FR,2026-06-05 00:00:00
C011544,sea,1-10,FR,2026-04-07 00:00:00
C011545,referral,1-10,FR,2026-02-25 00:00:00
C011546,direct,51-200,FR,2026-02-08 00:00:00
C011547,sea,1-10,FR,2026-04-06 00:00:00
C011548,referral,200+,FR,2026-04-18 00:00:00
C011549,sea,11-50,BE,2026-06-02 00:00:00
C011550,direct,51-200,BE,2026-03-19 00:00:00
C011551,direct,200+,FR,2026-06-05 00:00:00
C011552,seo,11-50,FR,2026-04-29 00:00:00
C011553,seo,1-10,FR,2026-01-18 00:00:00
C011554,seo,200+,FR,2026-02-07 00:00:00
C011555,sea,51-200,FR,2026-06-28 00:00:00
C011556,referral,11-50,BE,2026-03-16 00:00:00
C011557,direct,1-10,FR,2026-02-20 00:00:00
C011558,direct,1-10,FR,2026-06-28 00:00:00
C011559,referral,11-50,FR,2026-01-08 00:00:00
C011560,direct,11-50,FR,2026-03-21 00:00:00
C011561,sea,1-10,FR,2026-07-10 00:00:00
C011562,direct,1-10,FR,2026-02-13 00:00:00
C011563,seo,1-10,FR,2026-05-28 00:00:00
C011564,sea,51-200,FR,2026-06-10 00:00:00
C011565,seo,1-10,CA,2026-07-02 00:00:00
C011566,seo,51-200,FR,2026-04-06 00:00:00
C011567,direct,11-50,FR,2026-04-22 00:00:00
C011568,direct,11-50,FR,2026-01-27 00:00:00
C011569,direct,51-200,FR,2026-07-19 00:00:00
C011570,direct,11-50,FR,2026-06-09 00:00:00
C011571,seo,1-10,FR,2026-05-29 00:00:00
C011572,direct,11-50,FR,2026-03-23 00:00:00
C011573,referral,1-10,FR,2026-02-09 00:00:00
C011574,sea,1-10,FR,2026-01-23 00:00:00
C011575,sea,1-10,FR,2026-06-16 00:00:00
C011576,direct,11-50,FR,2026-01-26 00:00:00
C011577,direct,200+,FR,2026-01-22 00:00:00
C011578,sea,200+,CH,2026-04-27 00:00:00
C011579,sea,200+,FR,2026-03-26 00:00:00
C011580,sea,1-10,CH,2026-03-24 00:00:00
C011581,referral,1-10,FR,2026-01-02 00:00:00
C011582,sea,11-50,FR,2026-04-26 00:00:00
C011583,sea,51-200,BE,2026-04-12 00:00:00
C011584,referral,11-50,FR,2026-06-25 00:00:00
C011585,referral,51-200,FR,2026-06-18 00:00:00
C011586,referral,200+,CA,2026-05-16 00:00:00
C011587,seo,200+,FR,2026-03-17 00:00:00
C011588,sea,200+,FR,2026-04-09 00:00:00
C011589,sea,200+,FR,2026-05-19 00:00:00
C011590,referral,1-10,FR,2026-07-02 00:00:00
C011591,seo,11-50,FR,2026-01-25 00:00:00
C011592,seo,200+,BE,2026-01-08 00:00:00
C011593,seo,200+,CH,2026-04-09 00:00:00
C011594,referral,200+,FR,2026-01-09 00:00:00
C011595,seo,11-50,FR,2026-01-15 00:00:00
C011596,seo,1-10,CA,2026-05-22 00:00:00
C011597,direct,200+,FR,2026-02-28 00:00:00
C011598,referral,11-50,CA,2026-01-02 00:00:00
C011599,seo,200+,FR,2026-01-10 00:00:00
C011600,referral,1-10,FR,2026-01-05 00:00:00
C011601,seo,11-50,FR,2026-03-03 00:00:00
C011602,direct,11-50,CH,2026-04-04 00:00:00
C011603,direct,51-200,FR,2026-06-27 00:00:00
C011604,direct,11-50,CH,2026-06-15 00:00:00
C011605,sea,51-200,FR,2026-06-08 00:00:00
C011606,seo,11-50,FR,2026-04-03 00:00:00
C011607,direct,11-50,BE,2026-02-07 00:00:00
C011608,direct,11-50,FR,2026-07-09 00:00:00
C011609,seo,1-10,FR,2026-03-15 00:00:00
C011610,direct,11-50,FR,2026-04-29 00:00:00
C011611,seo,200+,FR,2026-07-14 00:00:00
C011612,seo,200+,FR,2026-03-17 00:00:00
C011613,direct,51-200,FR,2026-06-30 00:00:00
C011614,seo,51-200,BE,2026-01-08 00:00:00
C011615,direct,51-200,FR,2026-05-31 00:00:00
C011616,sea,11-50,FR,2026-06-17 00:00:00
C011617,seo,1-10,CH,2026-05-17 00:00:00
C011618,referral,51-200,FR,2026-07-08 00:00:00
C011619,direct,200+,FR,2026-06-07 00:00:00
C011620,direct,1-10,FR,2026-06-14 00:00:00
C011621,sea,200+,FR,2026-03-29 00:00:00
C011622,referral,11-50,FR,2026-05-22 00:00:00
C011623,direct,11-50,FR,2026-07-15 00:00:00
C011624,sea,1-10,FR,2026-05-10 00:00:00
C011625,direct,1-10,FR,2026-05-26 00:00:00
C011626,direct,11-50,FR,2026-01-01 00:00:00
C011627,direct,200+,FR,2026-03-27 00:00:00
C011628,sea,1-10,FR,2026-02-09 00:00:00
C011629,sea,51-200,FR,2026-05-02 00:00:00
C011630,seo,1-10,FR,2026-06-02 00:00:00
C011631,seo,51-200,FR,2026-07-12 00:00:00
C011632,referral,200+,FR,2026-06-19 00:00:00
C011633,direct,11-50,BE,2026-04-11 00:00:00
C011634,referral,11-50,FR,2026-01-09 00:00:00
C011635,sea,11-50,FR,2026-07-08 00:00:00
C011636,referral,11-50,FR,2026-06-16 00:00:00
C011637,direct,200+,CH,2026-06-17 00:00:00
C011638,referral,200+,FR,2026-02-10 00:00:00
C011639,seo,11-50,BE,2026-06-16 00:00:00
C011640,direct,200+,FR,2026-05-19 00:00:00
C011641,seo,200+,FR,2026-04-27 00:00:00
C011642,seo,11-50,FR,2026-01-14 00:00:00
C011643,sea,200+,CA,2026-07-17 00:00:00
C011644,referral,11-50,FR,2026-04-01 00:00:00
C011645,direct,200+,FR,2026-06-02 00:00:00
C011646,direct,1-10,FR,2026-06-10 00:00:00
C011647,referral,11-50,FR,2026-01-09 00:00:00
C011648,direct,1-10,BE,2026-04-16 00:00:00
C011649,direct,200+,FR,2026-06-01 00:00:00
C011650,sea,200+,FR,2026-05-22 00:00:00
C011651,seo,11-50,FR,2026-05-20 00:00:00
C011652,sea,11-50,FR,2026-04-03 00:00:00
C011653,seo,1-10,FR,2026-06-19 00:00:00
C011654,referral,1-10,FR,2026-04-26 00:00:00
C011655,referral,200+,FR,2026-07-17 00:00:00
C011656,direct,200+,CH,2026-03-01 00:00:00
C011657,referral,51-200,BE,2026-02-11 00:00:00
C011658,sea,1-10,FR,2026-01-18 00:00:00
C011659,seo,200+,FR,2026-02-07 00:00:00
C011660,referral,200+,FR,2026-05-12 00:00:00
C011661,seo,200+,FR,2026-02-28 00:00:00
C011662,seo,1-10,FR,2026-04-25 00:00:00
C011663,referral,51-200,BE,2026-02-22 00:00:00
C011664,seo,1-10,FR,2026-05-04 00:00:00
C011665,sea,1-10,FR,2026-02-09 00:00:00
C011666,direct,1-10,FR,2026-05-23 00:00:00
C011667,direct,200+,FR,2026-03-31 00:00:00
C011668,seo,1-10,CA,2026-02-03 00:00:00
C011669,referral,1-10,FR,2026-01-07 00:00:00
C011670,referral,200+,FR,2026-01-20 00:00:00
C011671,direct,200+,FR,2026-06-27 00:00:00
C011672,seo,200+,FR,2026-04-11 00:00:00
C011673,seo,51-200,FR,2026-02-12 00:00:00
C011674,direct,11-50,FR,2026-03-30 00:00:00
C011675,seo,51-200,FR,2026-05-05 00:00:00
C011676,referral,11-50,FR,2026-01-25 00:00:00
C011677,seo,51-200,FR,2026-02-10 00:00:00
C011678,referral,1-10,CH,2026-01-05 00:00:00
C011679,direct,11-50,FR,2026-03-30 00:00:00
C011680,sea,51-200,FR,2026-04-22 00:00:00
C011681,seo,11-50,FR,2026-01-25 00:00:00
C011682,direct,200+,BE,2026-05-03 00:00:00
C011683,direct,11-50,CA,2026-05-11 00:00:00
C011684,direct,11-50,FR,2026-01-14 00:00:00
C011685,referral,1-10,FR,2026-02-01 00:00:00
C011686,referral,11-50,CH,2026-01-30 00:00:00
C011687,referral,11-50,FR,2026-01-19 00:00:00
C011688,sea,200+,CH,2026-03-28 00:00:00
C011689,seo,1-10,CA,2026-02-16 00:00:00
C011690,seo,51-200,FR,2026-04-14 00:00:00
C011691,seo,1-10,CA,2026-01-03 00:00:00
C011692,sea,1-10,BE,2026-02-20 00:00:00
C011693,sea,51-200,CH,2026-06-26 00:00:00
C011694,referral,51-200,FR,2026-03-28 00:00:00
C011695,direct,51-200,FR,2026-03-22 00:00:00
C011696,sea,11-50,FR,2026-03-15 00:00:00
C011697,referral,11-50,FR,2026-07-09 00:00:00
C011698,referral,51-200,FR,2026-04-22 00:00:00
C011699,referral,1-10,FR,2026-03-30 00:00:00
C011700,direct,1-10,FR,2026-01-02 00:00:00
C011701,seo,1-10,FR,2026-03-30 00:00:00
C011702,sea,51-200,FR,2026-04-27 00:00:00
C011703,sea,1-10,FR,2026-01-16 00:00:00
C011704,sea,1-10,FR,2026-04-10 00:00:00
C011705,direct,51-200,BE,2026-03-31 00:00:00
C011706,seo,200+,FR,2026-05-31 00:00:00
C011707,sea,51-200,BE,2026-07-07 00:00:00
C011708,referral,1-10,FR,2026-07-18 00:00:00
C011709,referral,200+,CH,2026-04-17 00:00:00
C011710,referral,11-50,FR,2026-05-04 00:00:00
C011711,sea,51-200,FR,2026-04-30 00:00:00
C011712,seo,1-10,FR,2026-02-15 00:00:00
C011713,direct,1-10,FR,2026-02-09 00:00:00
C011714,sea,11-50,FR,2026-04-05 00:00:00
C011715,sea,11-50,BE,2026-01-17 00:00:00
C011716,sea,11-50,CA,2026-04-25 00:00:00
C011717,direct,200+,FR,2026-04-20 00:00:00
C011718,seo,200+,FR,2026-04-07 00:00:00
C011719,direct,11-50,BE,2026-07-15 00:00:00
C011720,direct,51-200,FR,2026-04-10 00:00:00
C011721,direct,200+,FR,2026-04-08 00:00:00
C011722,seo,1-10,CH,2026-05-17 00:00:00
C011723,seo,51-200,CA,2026-01-30 00:00:00
C011724,seo,11-50,CH,2026-04-18 00:00:00
C011725,referral,1-10,FR,2026-03-31 00:00:00
C011726,seo,51-200,FR,2026-02-14 00:00:00
C011727,seo,51-200,FR,2026-06-30 00:00:00
C011728,seo,51-200,CA,2026-06-27 00:00:00
C011729,seo,11-50,FR,2026-03-06 00:00:00
C011730,seo,1-10,CH,2026-06-20 00:00:00
C011731,referral,51-200,FR,2026-04-09 00:00:00
C011732,seo,200+,FR,2026-01-02 00:00:00
C011733,seo,1-10,FR,2026-01-06 00:00:00
C011734,direct,51-200,FR,2026-07-05 00:00:00
C011735,direct,200+,FR,2026-01-04 00:00:00
C011736,referral,200+,FR,2026-07-07 00:00:00
C011737,sea,11-50,FR,2026-01-17 00:00:00
C011738,direct,200+,CA,2026-06-07 00:00:00
C011739,direct,51-200,FR,2026-04-07 00:00:00
C011740,seo,51-200,FR,2026-03-08 00:00:00
C011741,sea,11-50,FR,2026-07-16 00:00:00
C011742,sea,1-10,FR,2026-01-19 00:00:00
C011743,direct,51-200,BE,2026-01-09 00:00:00
C011744,direct,51-200,FR,2026-03-04 00:00:00
C011745,seo,1-10,FR,2026-03-28 00:00:00
C011746,sea,200+,FR,2026-06-17 00:00:00
C011747,seo,200+,FR,2026-06-15 00:00:00
C011748,referral,51-200,FR,2026-06-04 00:00:00
C011749,referral,1-10,FR,2026-03-14 00:00:00
C011750,direct,51-200,FR,2026-01-27 00:00:00
C011751,direct,1-10,FR,2026-01-01 00:00:00
C011752,referral,11-50,FR,2026-06-23 00:00:00
C011753,seo,11-50,FR,2026-03-29 00:00:00
C011754,referral,11-50,CH,2026-03-20 00:00:00
C011755,direct,1-10,FR,2026-01-24 00:00:00
C011756,referral,11-50,CA,2026-01-06 00:00:00
C011757,seo,51-200,FR,2026-07-13 00:00:00
C011758,seo,11-50,FR,2026-04-21 00:00:00
C011759,referral,200+,CH,2026-02-02 00:00:00
C011760,seo,51-200,FR,2026-02-08 00:00:00
C011761,referral,200+,FR,2026-04-19 00:00:00
C011762,seo,51-200,FR,2026-03-11 00:00:00
C011763,referral,11-50,FR,2026-01-23 00:00:00
C011764,direct,200+,FR,2026-05-13 00:00:00
C011765,seo,11-50,CA,2026-04-09 00:00:00
C011766,sea,1-10,CH,2026-06-08 00:00:00
C011767,direct,51-200,FR,2026-06-17 00:00:00
C011768,seo,1-10,BE,2026-04-06 00:00:00
C011769,direct,1-10,FR,2026-05-29 00:00:00
C011770,direct,200+,CA,2026-04-22 00:00:00
C011771,direct,51-200,FR,2026-03-09 00:00:00
C011772,direct,200+,FR,2026-05-26 00:00:00
C011773,sea,200+,FR,2026-02-05 00:00:00
C011774,seo,200+,FR,2026-05-02 00:00:00
C011775,referral,11-50,FR,2026-02-01 00:00:00
C011776,direct,200+,FR,2026-06-08 00:00:00
C011777,referral,1-10,FR,2026-03-18 00:00:00
C011778,referral,51-200,FR,2026-04-07 00:00:00
C011779,seo,200+,FR,2026-01-19 00:00:00
C011780,referral,11-50,FR,2026-03-13 00:00:00
C011781,direct,200+,FR,2026-03-10 00:00:00
C011782,seo,51-200,FR,2026-01-22 00:00:00
C011783,sea,1-10,FR,2026-07-16 00:00:00
C011784,referral,1-10,FR,2026-05-13 00:00:00
C011785,direct,51-200,FR,2026-05-17 00:00:00
C011786,direct,51-200,FR,2026-06-13 00:00:00
C011787,seo,1-10,FR,2026-02-07 00:00:00
C011788,referral,11-50,FR,2026-04-26 00:00:00
C011789,sea,200+,FR,2026-05-13 00:00:00
C011790,sea,1-10,FR,2026-01-02 00:00:00
C011791,direct,1-10,FR,2026-06-12 00:00:00
C011792,referral,1-10,FR,2026-03-26 00:00:00
C011793,referral,1-10,FR,2026-07-01 00:00:00
C011794,referral,200+,FR,2026-06-22 00:00:00
C011795,seo,200+,CH,2026-06-11 00:00:00
C011796,referral,200+,FR,2026-04-09 00:00:00
C011797,sea,200+,FR,2026-01-31 00:00:00
C011798,direct,51-200,CH,2026-06-07 00:00:00
C011799,direct,200+,FR,2026-01-11 00:00:00
C011800,direct,1-10,BE,2026-01-17 00:00:00
C011801,referral,51-200,FR,2026-04-26 00:00:00
C011802,referral,200+,FR,2026-02-12 00:00:00
C011803,sea,11-50,FR,2026-06-17 00:00:00
C011804,sea,200+,BE,2026-03-16 00:00:00
C011805,referral,11-50,CA,2026-03-29 00:00:00
C011806,sea,200+,FR,2026-02-13 00:00:00
C011807,direct,11-50,CA,2026-01-12 00:00:00
C011808,seo,11-50,FR,2026-03-31 00:00:00
C011809,direct,11-50,FR,2026-01-09 00:00:00
C011810,sea,1-10,FR,2026-05-05 00:00:00
C011811,sea,11-50,FR,2026-07-01 00:00:00
C011812,direct,11-50,FR,2026-02-03 00:00:00
C011813,referral,11-50,FR,2026-03-01 00:00:00
C011814,sea,51-200,FR,2026-04-19 00:00:00
C011815,direct,11-50,FR,2026-05-24 00:00:00
C011816,direct,51-200,FR,2026-03-23 00:00:00
C011817,sea,51-200,FR,2026-05-26 00:00:00
C011818,direct,11-50,FR,2026-04-19 00:00:00
C011819,referral,11-50,FR,2026-07-15 00:00:00
C011820,direct,1-10,FR,2026-06-30 00:00:00
C011821,direct,11-50,CH,2026-03-11 00:00:00
C011822,direct,11-50,CA,2026-02-03 00:00:00
C011823,referral,1-10,FR,2026-02-09 00:00:00
C011824,seo,11-50,CA,2026-07-14 00:00:00
C011825,seo,200+,BE,2026-02-09 00:00:00
C011826,sea,11-50,FR,2026-05-10 00:00:00
C011827,referral,200+,FR,2026-02-12 00:00:00
C011828,direct,51-200,FR,2026-06-18 00:00:00
C011829,direct,11-50,FR,2026-03-13 00:00:00
C011830,direct,51-200,FR,2026-05-06 00:00:00
C011831,referral,1-10,FR,2026-07-09 00:00:00
C011832,sea,51-200,FR,2026-01-09 00:00:00
C011833,referral,1-10,CH,2026-02-05 00:00:00
C011834,direct,11-50,FR,2026-02-24 00:00:00
C011835,direct,200+,CA,2026-07-17 00:00:00
C011836,seo,200+,CH,2026-05-16 00:00:00
C011837,seo,1-10,FR,2026-04-19 00:00:00
C011838,sea,1-10,FR,2026-05-08 00:00:00
C011839,seo,1-10,FR,2026-01-02 00:00:00
C011840,sea,1-10,CA,2026-03-31 00:00:00
C011841,sea,51-200,FR,2026-05-01 00:00:00
C011842,sea,200+,FR,2026-03-23 00:00:00
C011843,direct,1-10,FR,2026-05-31 00:00:00
C011844,referral,11-50,FR,2026-07-05 00:00:00
C011845,seo,11-50,FR,2026-06-16 00:00:00
C011846,sea,1-10,FR,2026-06-24 00:00:00
C011847,sea,11-50,FR,2026-05-15 00:00:00
C011848,direct,1-10,FR,2026-03-05 00:00:00
C011849,referral,1-10,FR,2026-05-29 00:00:00
C011850,sea,200+,FR,2026-07-12 00:00:00
C011851,seo,200+,FR,2026-05-16 00:00:00
C011852,referral,200+,FR,2026-04-27 00:00:00
C011853,sea,51-200,BE,2026-04-02 00:00:00
C011854,direct,51-200,FR,2026-02-28 00:00:00
C011855,sea,200+,CH,2026-05-26 00:00:00
C011856,sea,1-10,CA,2026-03-30 00:00:00
C011857,direct,200+,CH,2026-04-13 00:00:00
C011858,seo,200+,FR,2026-07-16 00:00:00
C011859,seo,11-50,FR,2026-01-28 00:00:00
C011860,sea,11-50,CH,2026-05-07 00:00:00
C011861,direct,11-50,FR,2026-05-21 00:00:00
C011862,seo,51-200,FR,2026-07-12 00:00:00
C011863,seo,200+,FR,2026-05-03 00:00:00
C011864,sea,11-50,BE,2026-05-28 00:00:00
C011865,direct,51-200,CA,2026-03-02 00:00:00
C011866,referral,1-10,FR,2026-04-22 00:00:00
C011867,sea,1-10,FR,2026-02-04 00:00:00
C011868,sea,1-10,CA,2026-02-07 00:00:00
C011869,referral,200+,FR,2026-03-28 00:00:00
C011870,direct,1-10,BE,2026-03-17 00:00:00
C011871,referral,51-200,FR,2026-03-31 00:00:00
C011872,direct,200+,FR,2026-07-15 00:00:00
C011873,seo,1-10,CH,2026-04-14 00:00:00
C011874,seo,51-200,FR,2026-01-20 00:00:00
C011875,direct,51-200,FR,2026-02-06 00:00:00
C011876,seo,1-10,FR,2026-03-05 00:00:00
C011877,seo,200+,FR,2026-01-22 00:00:00
C011878,sea,11-50,BE,2026-05-01 00:00:00
C011879,direct,1-10,FR,2026-07-09 00:00:00
C011880,seo,51-200,FR,2026-07-19 00:00:00
C011881,referral,1-10,FR,2026-07-14 00:00:00
C011882,sea,200+,FR,2026-05-05 00:00:00
C011883,direct,200+,CA,2026-04-27 00:00:00
C011884,seo,1-10,FR,2026-06-08 00:00:00
C011885,seo,51-200,FR,2026-03-02 00:00:00
C011886,seo,51-200,FR,2026-04-04 00:00:00
C011887,direct,1-10,FR,2026-05-25 00:00:00
C011888,seo,200+,CH,2026-01-25 00:00:00
C011889,seo,11-50,FR,2026-05-22 00:00:00
C011890,sea,1-10,FR,2026-06-14 00:00:00
C011891,referral,200+,FR,2026-07-19 00:00:00
C011892,referral,1-10,FR,2026-01-23 00:00:00
C011893,sea,1-10,FR,2026-02-13 00:00:00
C011894,referral,200+,CH,2026-05-12 00:00:00
C011895,seo,11-50,CA,2026-03-17 00:00:00
C011896,sea,200+,FR,2026-03-17 00:00:00
C011897,sea,51-200,FR,2026-03-10 00:00:00
C011898,seo,1-10,FR,2026-07-11 00:00:00
C011899,direct,11-50,FR,2026-01-06 00:00:00
C011900,referral,200+,FR,2026-04-22 00:00:00
C011901,referral,11-50,CH,2026-07-15 00:00:00
C011902,direct,1-10,CH,2026-07-01 00:00:00
C011903,seo,1-10,FR,2026-01-25 00:00:00
C011904,seo,1-10,FR,2026-07-18 00:00:00
C011905,referral,200+,FR,2026-04-13 00:00:00
C011906,referral,11-50,CA,2026-05-15 00:00:00
C011907,referral,51-200,FR,2026-02-16 00:00:00
C011908,sea,200+,BE,2026-05-03 00:00:00
C011909,seo,51-200,FR,2026-05-01 00:00:00
C011910,referral,1-10,FR,2026-02-22 00:00:00
C011911,sea,200+,FR,2026-06-14 00:00:00
C011912,referral,51-200,CH,2026-03-20 00:00:00
C011913,seo,11-50,CA,2026-05-04 00:00:00
C011914,referral,11-50,BE,2026-02-13 00:00:00
C011915,referral,51-200,CH,2026-05-05 00:00:00
C011916,seo,11-50,FR,2026-01-27 00:00:00
C011917,sea,51-200,FR,2026-05-13 00:00:00
C011918,seo,1-10,BE,2026-01-13 00:00:00
C011919,direct,1-10,FR,2026-04-17 00:00:00
C011920,sea,200+,CH,2026-01-27 00:00:00
C011921,referral,1-10,FR,2026-03-31 00:00:00
C011922,referral,1-10,FR,2026-06-12 00:00:00
C011923,seo,200+,FR,2026-02-27 00:00:00
C011924,seo,1-10,BE,2026-07-19 00:00:00
C011925,sea,11-50,FR,2026-06-07 00:00:00
C011926,seo,51-200,CA,2026-06-28 00:00:00
C011927,sea,1-10,FR,2026-02-13 00:00:00
C011928,seo,11-50,FR,2026-03-31 00:00:00
C011929,referral,200+,FR,2026-06-22 00:00:00
C011930,referral,1-10,FR,2026-03-23 00:00:00
C011931,referral,51-200,BE,2026-04-30 00:00:00
C011932,seo,1-10,FR,2026-01-17 00:00:00
C011933,referral,200+,FR,2026-03-29 00:00:00
C011934,seo,51-200,FR,2026-05-22 00:00:00
C011935,referral,200+,FR,2026-01-10 00:00:00
C011936,sea,11-50,BE,2026-05-18 00:00:00
C011937,referral,11-50,FR,2026-04-05 00:00:00
C011938,direct,200+,CH,2026-06-16 00:00:00
C011939,sea,200+,BE,2026-06-30 00:00:00
C011940,referral,200+,FR,2026-03-05 00:00:00
C011941,direct,51-200,CA,2026-05-02 00:00:00
C011942,referral,1-10,BE,2026-07-05 00:00:00
C011943,referral,1-10,FR,2026-07-12 00:00:00
C011944,direct,11-50,FR,2026-02-13 00:00:00
C011945,sea,51-200,FR,2026-03-23 00:00:00
C011946,direct,1-10,FR,2026-02-25 00:00:00
C011947,direct,1-10,FR,2026-01-20 00:00:00
C011948,sea,200+,FR,2026-07-01 00:00:00
C011949,referral,11-50,BE,2026-05-21 00:00:00
C011950,referral,200+,FR,2026-01-19 00:00:00
C011951,direct,1-10,FR,2026-07-04 00:00:00
C011952,sea,1-10,BE,2026-06-16 00:00:00
C011953,direct,1-10,FR,2026-01-25 00:00:00
C011954,referral,200+,FR,2026-03-07 00:00:00
C011955,sea,200+,FR,2026-07-02 00:00:00
C011956,sea,11-50,CA,2026-07-05 00:00:00
C011957,sea,200+,FR,2026-01-13 00:00:00
C011958,referral,11-50,FR,2026-06-29 00:00:00
C011959,sea,1-10,FR,2026-01-21 00:00:00
C011960,direct,11-50,BE,2026-01-07 00:00:00
C011961,direct,51-200,CA,2026-05-09 00:00:00
C011962,referral,200+,FR,2026-03-05 00:00:00
C011963,seo,11-50,FR,2026-03-01 00:00:00
C011964,referral,51-200,FR,2026-05-16 00:00:00
C011965,seo,11-50,CH,2026-02-06 00:00:00
C011966,sea,51-200,FR,2026-04-11 00:00:00
C011967,seo,1-10,FR,2026-04-30 00:00:00
C011968,seo,51-200,CH,2026-05-25 00:00:00
C011969,sea,200+,FR,2026-05-29 00:00:00
C011970,referral,200+,FR,2026-01-10 00:00:00
C011971,seo,200+,FR,2026-05-07 00:00:00
C011972,sea,51-200,BE,2026-02-04 00:00:00
C011973,seo,200+,BE,2026-07-01 00:00:00
C011974,sea,200+,BE,2026-02-19 00:00:00
C011975,referral,200+,CA,2026-04-23 00:00:00
C011976,referral,1-10,FR,2026-05-28 00:00:00
C011977,direct,51-200,FR,2026-07-14 00:00:00
C011978,sea,11-50,FR,2026-01-29 00:00:00
C011979,seo,51-200,FR,2026-03-06 00:00:00
C011980,direct,11-50,FR,2026-05-25 00:00:00
C011981,referral,11-50,FR,2026-07-19 00:00:00
C011982,seo,51-200,BE,2026-05-16 00:00:00
C011983,referral,1-10,CH,2026-04-29 00:00:00
C011984,direct,51-200,FR,2026-05-16 00:00:00
C011985,referral,1-10,FR,2026-03-17 00:00:00
C011986,seo,1-10,FR,2026-07-09 00:00:00
C011987,direct,200+,BE,2026-03-24 00:00:00
C011988,seo,1-10,CH,2026-03-12 00:00:00
C011989,direct,1-10,FR,2026-06-02 00:00:00
C011990,sea,51-200,FR,2026-01-24 00:00:00
C011991,seo,51-200,FR,2026-03-13 00:00:00
C011992,sea,1-10,CH,2026-05-18 00:00:00
C011993,seo,51-200,FR,2026-03-28 00:00:00
C011994,sea,200+,BE,2026-06-01 00:00:00
C011995,sea,51-200,FR,2026-02-06 00:00:00
C011996,direct,1-10,FR,2026-01-02 00:00:00
C011997,seo,200+,FR,2026-04-10 00:00:00
C011998,sea,1-10,FR,2026-06-09 00:00:00
C011999,sea,200+,FR,2026-05-22 00:00:00
C012000,direct,51-200,FR,2026-06-17 00:00:00
C012001,seo,1-10,FR,2026-04-02 00:00:00
C012002,referral,200+,FR,2026-04-09 00:00:00
C012003,referral,51-200,FR,2026-02-07 00:00:00
C012004,referral,200+,FR,2026-05-02 00:00:00
C012005,seo,200+,BE,2026-07-01 00:00:00
C012006,direct,1-10,BE,2026-04-07 00:00:00
C012007,sea,51-200,FR,2026-05-01 00:00:00
C012008,sea,11-50,CA,2026-04-08 00:00:00
C012009,sea,51-200,FR,2026-06-07 00:00:00
C012010,direct,1-10,FR,2026-06-14 00:00:00
C012011,referral,200+,CA,2026-05-02 00:00:00
C012012,direct,51-200,CA,2026-03-21 00:00:00
C012013,referral,200+,FR,2026-01-27 00:00:00
C012014,direct,51-200,FR,2026-05-02 00:00:00
C012015,sea,11-50,FR,2026-01-05 00:00:00
C012016,referral,51-200,CH,2026-04-05 00:00:00
C012017,direct,51-200,CH,2026-01-15 00:00:00
C012018,seo,1-10,FR,2026-03-01 00:00:00
C012019,referral,51-200,FR,2026-01-29 00:00:00
C012020,seo,200+,FR,2026-07-15 00:00:00
C012021,seo,51-200,FR,2026-01-25 00:00:00
C012022,referral,11-50,FR,2026-04-01 00:00:00
C012023,sea,200+,CH,2026-06-26 00:00:00
C012024,sea,200+,CA,2026-01-22 00:00:00
C012025,sea,200+,FR,2026-02-19 00:00:00
C012026,sea,11-50,CH,2026-06-06 00:00:00
C012027,seo,11-50,FR,2026-04-04 00:00:00
C012028,referral,51-200,BE,2026-03-13 00:00:00
C012029,direct,51-200,FR,2026-01-10 00:00:00
C012030,sea,11-50,FR,2026-04-21 00:00:00
C012031,sea,200+,FR,2026-04-13 00:00:00
C012032,direct,11-50,BE,2026-02-15 00:00:00
C012033,direct,51-200,FR,2026-02-27 00:00:00
C012034,referral,11-50,FR,2026-01-14 00:00:00
C012035,direct,51-200,FR,2026-07-12 00:00:00
C012036,sea,11-50,FR,2026-04-30 00:00:00
C012037,direct,51-200,FR,2026-01-29 00:00:00
C012038,seo,1-10,FR,2026-02-21 00:00:00
C012039,sea,1-10,BE,2026-05-15 00:00:00
C012040,sea,200+,FR,2026-06-01 00:00:00
C012041,direct,11-50,FR,2026-04-07 00:00:00
C012042,seo,51-200,FR,2026-01-16 00:00:00
C012043,sea,200+,FR,2026-05-12 00:00:00
C012044,direct,1-10,FR,2026-03-14 00:00:00
C012045,direct,51-200,CH,2026-04-16 00:00:00
C012046,sea,1-10,FR,2026-01-07 00:00:00
C012047,seo,1-10,BE,2026-03-13 00:00:00
C012048,direct,11-50,CH,2026-01-09 00:00:00
C012049,seo,1-10,FR,2026-01-24 00:00:00
C012050,direct,11-50,FR,2026-02-08 00:00:00
C012051,direct,200+,FR,2026-07-12 00:00:00
C012052,referral,51-200,CH,2026-04-08 00:00:00
C012053,sea,1-10,FR,2026-01-28 00:00:00
C012054,sea,51-200,FR,2026-07-19 00:00:00
C012055,direct,51-200,FR,2026-02-13 00:00:00
C012056,seo,200+,BE,2026-04-11 00:00:00
C012057,seo,51-200,FR,2026-04-18 00:00:00
C012058,direct,200+,FR,2026-05-27 00:00:00
C012059,referral,1-10,BE,2026-05-31 00:00:00
C012060,referral,11-50,FR,2026-02-07 00:00:00
C012061,direct,1-10,FR,2026-04-25 00:00:00
C012062,sea,200+,FR,2026-06-17 00:00:00
C012063,referral,1-10,CH,2026-05-19 00:00:00
C012064,direct,200+,BE,2026-02-08 00:00:00
C012065,direct,1-10,FR,2026-02-04 00:00:00
C012066,sea,1-10,FR,2026-07-02 00:00:00
C012067,seo,200+,FR,2026-07-03 00:00:00
C012068,direct,1-10,FR,2026-01-09 00:00:00
C012069,sea,200+,CA,2026-05-30 00:00:00
C012070,seo,51-200,BE,2026-02-25 00:00:00
C012071,seo,200+,CA,2026-03-01 00:00:00
C012072,seo,11-50,FR,2026-04-28 00:00:00
C012073,sea,51-200,FR,2026-05-16 00:00:00
C012074,sea,200+,BE,2026-06-29 00:00:00
C012075,sea,11-50,FR,2026-04-30 00:00:00
C012076,referral,1-10,FR,2026-04-06 00:00:00
C012077,referral,1-10,FR,2026-03-12 00:00:00
C012078,direct,200+,FR,2026-04-22 00:00:00
C012079,sea,51-200,FR,2026-05-23 00:00:00
C012080,referral,200+,BE,2026-04-26 00:00:00
C012081,referral,1-10,FR,2026-04-26 00:00:00
C012082,referral,200+,FR,2026-04-27 00:00:00
C012083,sea,11-50,FR,2026-03-22 00:00:00
C012084,referral,1-10,CH,2026-01-02 00:00:00
C012085,sea,11-50,FR,2026-05-26 00:00:00
C012086,direct,1-10,FR,2026-07-17 00:00:00
C012087,direct,11-50,FR,2026-01-26 00:00:00
C012088,sea,11-50,FR,2026-06-30 00:00:00
C012089,seo,1-10,FR,2026-04-06 00:00:00
C012090,direct,1-10,FR,2026-05-20 00:00:00
C012091,seo,200+,FR,2026-04-13 00:00:00
C012092,referral,11-50,FR,2026-07-10 00:00:00
C012093,referral,200+,FR,2026-02-11 00:00:00
C012094,direct,11-50,FR,2026-07-09 00:00:00
C012095,direct,51-200,FR,2026-02-15 00:00:00
C012096,sea,11-50,FR,2026-05-29 00:00:00
C012097,sea,11-50,FR,2026-04-27 00:00:00
C012098,sea,200+,FR,2026-07-02 00:00:00
C012099,sea,1-10,FR,2026-04-28 00:00:00
C012100,referral,11-50,CH,2026-01-13 00:00:00
C012101,direct,1-10,FR,2026-05-08 00:00:00
C012102,sea,51-200,FR,2026-05-20 00:00:00
C012103,referral,1-10,FR,2026-07-13 00:00:00
C012104,referral,11-50,FR,2026-04-05 00:00:00
C012105,referral,11-50,FR,2026-04-07 00:00:00
C012106,seo,1-10,FR,2026-07-15 00:00:00
C012107,sea,11-50,FR,2026-02-02 00:00:00
C012108,sea,11-50,FR,2026-01-19 00:00:00
C012109,direct,11-50,FR,2026-02-03 00:00:00
C012110,seo,51-200,FR,2026-04-07 00:00:00
C012111,referral,200+,FR,2026-05-05 00:00:00
C012112,sea,200+,FR,2026-04-10 00:00:00
C012113,referral,11-50,CA,2026-02-22 00:00:00
C012114,sea,200+,FR,2026-03-02 00:00:00
C012115,direct,1-10,FR,2026-04-15 00:00:00
C012116,referral,51-200,FR,2026-05-19 00:00:00
C012117,referral,200+,FR,2026-01-10 00:00:00
C012118,referral,51-200,CA,2026-04-06 00:00:00
C012119,sea,200+,FR,2026-07-04 00:00:00
C012120,sea,51-200,FR,2026-02-09 00:00:00
C012121,seo,11-50,FR,2026-07-08 00:00:00
C012122,seo,200+,BE,2026-01-25 00:00:00
C012123,sea,51-200,BE,2026-07-11 00:00:00
C012124,sea,200+,FR,2026-04-05 00:00:00
C012125,sea,1-10,BE,2026-03-06 00:00:00
C012126,seo,200+,FR,2026-03-28 00:00:00
C012127,seo,1-10,FR,2026-03-08 00:00:00
C012128,sea,200+,FR,2026-05-23 00:00:00
C012129,seo,11-50,CA,2026-02-26 00:00:00
C012130,direct,51-200,FR,2026-05-08 00:00:00
C012131,referral,51-200,FR,2026-07-18 00:00:00
C012132,sea,200+,FR,2026-03-20 00:00:00
C012133,direct,11-50,BE,2026-03-13 00:00:00
C012134,direct,51-200,FR,2026-02-07 00:00:00
C012135,seo,1-10,FR,2026-05-19 00:00:00
C012136,sea,51-200,FR,2026-02-06 00:00:00
C012137,sea,1-10,FR,2026-01-10 00:00:00
C012138,sea,11-50,CH,2026-06-09 00:00:00
C012139,referral,11-50,FR,2026-01-09 00:00:00
C012140,referral,51-200,FR,2026-03-04 00:00:00
C012141,referral,51-200,CA,2026-01-30 00:00:00
C012142,seo,51-200,FR,2026-03-23 00:00:00
C012143,direct,11-50,FR,2026-05-27 00:00:00
C012144,sea,51-200,FR,2026-03-02 00:00:00
C012145,sea,51-200,FR,2026-03-10 00:00:00
C012146,direct,200+,BE,2026-04-22 00:00:00
C012147,seo,11-50,CH,2026-04-23 00:00:00
C012148,referral,51-200,CH,2026-02-28 00:00:00
C012149,seo,200+,CA,2026-04-28 00:00:00
C012150,direct,1-10,FR,2026-04-12 00:00:00
C012151,seo,51-200,BE,2026-03-20 00:00:00
C012152,referral,200+,FR,2026-05-07 00:00:00
C012153,seo,1-10,FR,2026-01-23 00:00:00
C012154,seo,200+,FR,2026-06-25 00:00:00
C012155,sea,51-200,FR,2026-05-15 00:00:00
C012156,sea,1-10,FR,2026-03-14 00:00:00
C012157,sea,11-50,FR,2026-03-20 00:00:00
C012158,direct,11-50,FR,2026-02-04 00:00:00
C012159,sea,1-10,FR,2026-03-09 00:00:00
C012160,referral,200+,CH,2026-02-17 00:00:00
C012161,seo,11-50,FR,2026-01-17 00:00:00
C012162,direct,51-200,FR,2026-03-24 00:00:00
C012163,direct,51-200,CH,2026-06-12 00:00:00
C012164,referral,1-10,FR,2026-04-14 00:00:00
C012165,referral,1-10,CA,2026-03-13 00:00:00
C012166,seo,200+,CA,2026-06-01 00:00:00
C012167,referral,11-50,FR,2026-03-21 00:00:00
C012168,direct,51-200,FR,2026-01-09 00:00:00
C012169,referral,51-200,FR,2026-03-15 00:00:00
C012170,referral,1-10,FR,2026-04-19 00:00:00
C012171,referral,1-10,BE,2026-02-05 00:00:00
C012172,seo,11-50,FR,2026-06-04 00:00:00
C012173,direct,1-10,CH,2026-05-19 00:00:00
C012174,referral,1-10,FR,2026-06-15 00:00:00
C012175,sea,200+,FR,2026-04-13 00:00:00
C012176,sea,1-10,BE,2026-06-15 00:00:00
C012177,direct,51-200,FR,2026-01-31 00:00:00
C012178,seo,1-10,BE,2026-05-14 00:00:00
C012179,sea,200+,CA,2026-01-02 00:00:00
C012180,referral,200+,FR,2026-05-04 00:00:00
C012181,referral,11-50,BE,2026-07-09 00:00:00
C012182,referral,200+,CH,2026-04-09 00:00:00
C012183,direct,1-10,CA,2026-01-10 00:00:00
C012184,seo,51-200,BE,2026-01-19 00:00:00
C012185,referral,11-50,FR,2026-05-05 00:00:00
C012186,seo,51-200,CA,2026-05-02 00:00:00
C012187,sea,51-200,FR,2026-05-17 00:00:00
C012188,sea,200+,FR,2026-06-12 00:00:00
C012189,direct,51-200,FR,2026-07-04 00:00:00
C012190,sea,51-200,FR,2026-01-03 00:00:00
C012191,seo,200+,CA,2026-04-21 00:00:00
C012192,direct,200+,FR,2026-02-28 00:00:00
C012193,direct,51-200,FR,2026-06-14 00:00:00
C012194,seo,1-10,CA,2026-06-06 00:00:00
C012195,referral,11-50,FR,2026-01-31 00:00:00
C012196,sea,1-10,FR,2026-03-10 00:00:00
C012197,sea,51-200,FR,2026-07-16 00:00:00
C012198,seo,200+,FR,2026-02-01 00:00:00
C012199,sea,11-50,FR,2026-07-10 00:00:00
C012200,referral,11-50,BE,2026-03-31 00:00:00
C012201,sea,51-200,FR,2026-06-12 00:00:00
C012202,direct,200+,FR,2026-06-22 00:00:00
C012203,direct,51-200,FR,2026-05-07 00:00:00
C012204,direct,11-50,FR,2026-06-19 00:00:00
C012205,sea,51-200,CA,2026-05-07 00:00:00
C012206,sea,51-200,FR,2026-03-16 00:00:00
C012207,sea,200+,CA,2026-07-02 00:00:00
C012208,seo,51-200,FR,2026-04-19 00:00:00
C012209,referral,200+,FR,2026-02-28 00:00:00
C012210,referral,200+,FR,2026-05-07 00:00:00
C012211,referral,1-10,FR,2026-05-02 00:00:00
C012212,sea,11-50,FR,2026-06-03 00:00:00
C012213,sea,11-50,FR,2026-05-26 00:00:00
C012214,seo,200+,CA,2026-05-15 00:00:00
C012215,sea,11-50,FR,2026-02-07 00:00:00
C012216,sea,200+,FR,2026-03-20 00:00:00
C012217,seo,11-50,FR,2026-04-28 00:00:00
C012218,seo,200+,FR,2026-06-02 00:00:00
C012219,sea,11-50,FR,2026-03-27 00:00:00
C012220,direct,1-10,FR,2026-07-10 00:00:00
C012221,referral,1-10,FR,2026-01-19 00:00:00
C012222,direct,51-200,BE,2026-03-15 00:00:00
C012223,direct,200+,CH,2026-05-27 00:00:00
C012224,direct,51-200,FR,2026-05-10 00:00:00
C012225,referral,1-10,FR,2026-03-06 00:00:00
C012226,seo,51-200,FR,2026-02-16 00:00:00
C012227,seo,51-200,FR,2026-07-02 00:00:00
C012228,sea,1-10,FR,2026-01-08 00:00:00
C012229,sea,1-10,FR,2026-02-08 00:00:00
C012230,referral,51-200,BE,2026-06-20 00:00:00
C012231,referral,51-200,FR,2026-07-11 00:00:00
C012232,direct,11-50,CH,2026-01-18 00:00:00
C012233,referral,200+,FR,2026-04-11 00:00:00
C012234,seo,1-10,FR,2026-01-16 00:00:00
C012235,referral,1-10,FR,2026-01-13 00:00:00
C012236,referral,11-50,BE,2026-02-12 00:00:00
C012237,sea,1-10,FR,2026-03-19 00:00:00
C012238,referral,51-200,CA,2026-01-09 00:00:00
C012239,direct,51-200,FR,2026-06-29 00:00:00
C012240,direct,11-50,BE,2026-01-30 00:00:00
C012241,referral,1-10,FR,2026-03-29 00:00:00
C012242,referral,1-10,BE,2026-01-22 00:00:00
C012243,seo,51-200,BE,2026-01-08 00:00:00
C012244,seo,51-200,CH,2026-07-19 00:00:00
C012245,seo,51-200,BE,2026-02-04 00:00:00
C012246,direct,51-200,FR,2026-01-29 00:00:00
C012247,referral,1-10,FR,2026-03-15 00:00:00
C012248,direct,11-50,CH,2026-02-21 00:00:00
C012249,seo,1-10,FR,2026-04-08 00:00:00
C012250,sea,51-200,CA,2026-05-26 00:00:00
C012251,direct,51-200,FR,2026-02-22 00:00:00
C012252,referral,11-50,BE,2026-03-27 00:00:00
C012253,referral,200+,FR,2026-05-27 00:00:00
C012254,seo,51-200,FR,2026-02-23 00:00:00
C012255,sea,200+,CA,2026-06-23 00:00:00
C012256,referral,51-200,BE,2026-04-04 00:00:00
C012257,sea,1-10,BE,2026-01-13 00:00:00
C012258,referral,200+,CH,2026-06-03 00:00:00
C012259,direct,1-10,FR,2026-04-08 00:00:00
C012260,seo,200+,FR,2026-05-14 00:00:00
C012261,seo,51-200,CA,2026-06-13 00:00:00
C012262,seo,11-50,FR,2026-06-29 00:00:00
C012263,seo,11-50,CA,2026-01-08 00:00:00
C012264,sea,200+,BE,2026-07-11 00:00:00
C012265,direct,200+,BE,2026-05-25 00:00:00
C012266,seo,11-50,CA,2026-01-11 00:00:00
C012267,sea,1-10,FR,2026-01-20 00:00:00
C012268,direct,11-50,FR,2026-02-16 00:00:00
C012269,seo,11-50,FR,2026-04-28 00:00:00
C012270,referral,51-200,FR,2026-07-06 00:00:00
C012271,referral,200+,FR,2026-03-06 00:00:00
C012272,seo,11-50,CH,2026-03-06 00:00:00
C012273,sea,1-10,BE,2026-01-21 00:00:00
C012274,sea,200+,FR,2026-02-10 00:00:00
C012275,direct,51-200,FR,2026-05-09 00:00:00
C012276,seo,11-50,FR,2026-02-03 00:00:00
C012277,referral,11-50,CH,2026-02-04 00:00:00
C012278,direct,11-50,FR,2026-03-23 00:00:00
C012279,seo,11-50,FR,2026-05-13 00:00:00
C012280,referral,1-10,FR,2026-03-20 00:00:00
C012281,direct,11-50,CH,2026-03-09 00:00:00
C012282,referral,51-200,FR,2026-02-04 00:00:00
C012283,seo,1-10,CH,2026-07-04 00:00:00
C012284,direct,11-50,FR,2026-02-17 00:00:00
C012285,direct,200+,CH,2026-03-19 00:00:00
C012286,seo,200+,FR,2026-03-01 00:00:00
C012287,sea,1-10,FR,2026-01-10 00:00:00
C012288,seo,1-10,BE,2026-04-09 00:00:00
C012289,referral,200+,BE,2026-02-20 00:00:00
C012290,sea,200+,CH,2026-05-23 00:00:00
C012291,sea,51-200,BE,2026-07-16 00:00:00
C012292,direct,11-50,FR,2026-02-21 00:00:00
C012293,direct,11-50,FR,2026-05-05 00:00:00
C012294,seo,51-200,FR,2026-05-22 00:00:00
C012295,direct,11-50,CA,2026-07-15 00:00:00
C012296,referral,11-50,FR,2026-06-01 00:00:00
C012297,seo,200+,CH,2026-06-22 00:00:00
C012298,direct,11-50,FR,2026-07-06 00:00:00
C012299,sea,11-50,CA,2026-06-09 00:00:00
C012300,seo,51-200,FR,2026-01-01 00:00:00
C012301,referral,11-50,FR,2026-05-12 00:00:00
C012302,seo,11-50,FR,2026-03-23 00:00:00
C012303,sea,1-10,FR,2026-05-14 00:00:00
C012304,seo,11-50,FR,2026-05-01 00:00:00
C012305,seo,200+,FR,2026-06-27 00:00:00
C012306,sea,11-50,FR,2026-02-24 00:00:00
C012307,seo,51-200,FR,2026-06-07 00:00:00
C012308,seo,51-200,CH,2026-02-25 00:00:00
C012309,seo,51-200,FR,2026-02-06 00:00:00
C012310,seo,1-10,FR,2026-01-10 00:00:00
C012311,seo,1-10,FR,2026-04-29 00:00:00
C012312,referral,200+,FR,2026-01-28 00:00:00
C012313,direct,51-200,FR,2026-03-25 00:00:00
C012314,referral,1-10,CH,2026-02-28 00:00:00
C012315,referral,51-200,FR,2026-04-24 00:00:00
C012316,sea,1-10,FR,2026-06-23 00:00:00
C012317,referral,51-200,FR,2026-04-09 00:00:00
C012318,seo,51-200,BE,2026-01-14 00:00:00
C012319,sea,200+,CA,2026-05-10 00:00:00
C012320,seo,200+,FR,2026-06-04 00:00:00
C012321,direct,200+,FR,2026-06-02 00:00:00
C012322,sea,1-10,FR,2026-04-12 00:00:00
C012323,seo,51-200,FR,2026-03-09 00:00:00
C012324,sea,11-50,FR,2026-04-29 00:00:00
C012325,direct,200+,FR,2026-07-17 00:00:00
C012326,direct,11-50,CH,2026-02-07 00:00:00
C012327,sea,11-50,FR,2026-03-09 00:00:00
C012328,direct,200+,FR,2026-02-20 00:00:00
C012329,seo,51-200,FR,2026-03-12 00:00:00
C012330,sea,1-10,FR,2026-06-03 00:00:00
C012331,sea,1-10,FR,2026-05-06 00:00:00
C012332,sea,1-10,FR,2026-04-20 00:00:00
C012333,referral,200+,BE,2026-04-17 00:00:00
C012334,referral,11-50,CA,2026-01-14 00:00:00
C012335,direct,11-50,FR,2026-04-27 00:00:00
C012336,seo,11-50,FR,2026-07-11 00:00:00
C012337,direct,200+,FR,2026-01-06 00:00:00
C012338,referral,51-200,FR,2026-04-23 00:00:00
C012339,sea,200+,FR,2026-06-15 00:00:00
C012340,seo,11-50,FR,2026-01-30 00:00:00
C012341,sea,1-10,FR,2026-04-16 00:00:00
C012342,direct,51-200,FR,2026-02-23 00:00:00
C012343,seo,51-200,FR,2026-06-11 00:00:00
C012344,seo,11-50,CH,2026-03-03 00:00:00
C012345,seo,200+,FR,2026-02-15 00:00:00
C012346,sea,11-50,FR,2026-03-25 00:00:00
C012347,sea,11-50,CH,2026-04-06 00:00:00
C012348,seo,51-200,FR,2026-01-01 00:00:00
C012349,seo,200+,FR,2026-01-10 00:00:00
C012350,direct,200+,FR,2026-02-06 00:00:00
C012351,sea,51-200,BE,2026-02-13 00:00:00
C012352,sea,11-50,FR,2026-06-07 00:00:00
C012353,seo,200+,FR,2026-04-17 00:00:00
C012354,sea,1-10,FR,2026-02-10 00:00:00
C012355,direct,11-50,FR,2026-03-14 00:00:00
C012356,sea,200+,FR,2026-02-25 00:00:00
C012357,direct,11-50,FR,2026-07-09 00:00:00
C012358,direct,200+,CH,2026-02-09 00:00:00
C012359,referral,51-200,FR,2026-03-30 00:00:00
C012360,sea,11-50,CA,2026-05-28 00:00:00
C012361,referral,1-10,FR,2026-02-12 00:00:00
C012362,sea,200+,FR,2026-06-23 00:00:00
C012363,direct,11-50,BE,2026-06-20 00:00:00
C012364,seo,1-10,CA,2026-03-21 00:00:00
C012365,direct,51-200,FR,2026-05-16 00:00:00
C012366,sea,200+,FR,2026-06-05 00:00:00
C012367,direct,11-50,FR,2026-01-31 00:00:00
C012368,referral,1-10,FR,2026-02-07 00:00:00
C012369,seo,51-200,FR,2026-07-06 00:00:00
C012370,referral,200+,CA,2026-03-28 00:00:00
C012371,direct,11-50,CA,2026-03-10 00:00:00
C012372,seo,1-10,FR,2026-06-11 00:00:00
C012373,referral,1-10,CH,2026-05-02 00:00:00
C012374,direct,1-10,BE,2026-01-24 00:00:00
C012375,sea,1-10,FR,2026-05-12 00:00:00
C012376,sea,11-50,FR,2026-02-23 00:00:00
C012377,seo,11-50,FR,2026-05-07 00:00:00
C012378,direct,11-50,FR,2026-05-17 00:00:00
C012379,referral,200+,BE,2026-06-05 00:00:00
C012380,direct,200+,CH,2026-03-21 00:00:00
C012381,referral,200+,FR,2026-03-28 00:00:00
C012382,direct,1-10,FR,2026-06-22 00:00:00
C012383,seo,11-50,FR,2026-03-09 00:00:00
C012384,referral,200+,FR,2026-06-30 00:00:00
C012385,seo,200+,BE,2026-01-06 00:00:00
C012386,direct,51-200,CA,2026-07-17 00:00:00
C012387,referral,200+,FR,2026-05-23 00:00:00
C012388,referral,51-200,FR,2026-06-28 00:00:00
C012389,direct,1-10,FR,2026-02-09 00:00:00
C012390,sea,1-10,FR,2026-05-13 00:00:00
C012391,direct,51-200,FR,2026-03-19 00:00:00
C012392,referral,51-200,FR,2026-03-27 00:00:00
C012393,seo,11-50,FR,2026-07-15 00:00:00
C012394,direct,200+,CA,2026-04-09 00:00:00
C012395,sea,51-200,FR,2026-02-12 00:00:00
C012396,direct,51-200,CH,2026-06-07 00:00:00
C012397,sea,51-200,FR,2026-03-18 00:00:00
C012398,seo,51-200,FR,2026-05-20 00:00:00
C012399,direct,51-200,CA,2026-02-07 00:00:00
C012400,seo,11-50,CA,2026-03-25 00:00:00
C012401,sea,200+,FR,2026-05-27 00:00:00
C012402,referral,51-200,FR,2026-03-15 00:00:00
C012403,direct,51-200,FR,2026-01-30 00:00:00
C012404,referral,1-10,BE,2026-04-20 00:00:00
C012405,direct,200+,FR,2026-01-16 00:00:00
C012406,seo,11-50,FR,2026-03-10 00:00:00
C012407,direct,11-50,FR,2026-01-09 00:00:00
C012408,direct,51-200,FR,2026-07-18 00:00:00
C012409,seo,11-50,CA,2026-01-23 00:00:00
C012410,referral,1-10,FR,2026-06-21 00:00:00
C012411,referral,1-10,FR,2026-05-29 00:00:00
C012412,sea,51-200,FR,2026-07-07 00:00:00
C012413,direct,1-10,FR,2026-02-11 00:00:00
C012414,sea,200+,CA,2026-06-28 00:00:00
C012415,referral,51-200,CA,2026-05-31 00:00:00
C012416,sea,200+,FR,2026-02-19 00:00:00
C012417,direct,1-10,FR,2026-06-01 00:00:00
C012418,direct,51-200,FR,2026-03-06 00:00:00
C012419,seo,1-10,CH,2026-04-12 00:00:00
C012420,direct,51-200,CA,2026-01-16 00:00:00
C012421,referral,200+,FR,2026-01-10 00:00:00
C012422,sea,51-200,FR,2026-02-07 00:00:00
C012423,direct,1-10,FR,2026-04-12 00:00:00
C012424,sea,1-10,FR,2026-03-01 00:00:00
C012425,sea,11-50,CH,2026-01-21 00:00:00
C012426,sea,1-10,FR,2026-03-13 00:00:00
C012427,referral,11-50,CA,2026-04-17 00:00:00
C012428,referral,1-10,FR,2026-02-04 00:00:00
C012429,referral,200+,BE,2026-01-30 00:00:00
C012430,referral,200+,FR,2026-07-09 00:00:00
C012431,seo,11-50,FR,2026-05-11 00:00:00
C012432,sea,200+,FR,2026-03-26 00:00:00
C012433,direct,11-50,FR,2026-02-19 00:00:00
C012434,direct,1-10,FR,2026-05-23 00:00:00
C012435,direct,200+,FR,2026-02-11 00:00:00
C012436,seo,1-10,FR,2026-02-22 00:00:00
C012437,referral,51-200,CA,2026-04-17 00:00:00
C012438,referral,51-200,FR,2026-06-10 00:00:00
C012439,direct,11-50,FR,2026-06-13 00:00:00
C012440,direct,11-50,FR,2026-03-23 00:00:00
C012441,direct,11-50,FR,2026-06-25 00:00:00
C012442,sea,1-10,FR,2026-03-15 00:00:00
C012443,seo,200+,FR,2026-03-08 00:00:00
C012444,referral,200+,BE,2026-06-11 00:00:00
C012445,direct,200+,CH,2026-06-25 00:00:00
C012446,seo,11-50,FR,2026-02-21 00:00:00
C012447,seo,200+,FR,2026-05-21 00:00:00
C012448,sea,1-10,FR,2026-04-28 00:00:00
C012449,direct,1-10,FR,2026-04-08 00:00:00
C012450,direct,1-10,FR,2026-05-03 00:00:00
C012451,seo,11-50,FR,2026-06-17 00:00:00
C012452,direct,200+,FR,2026-05-06 00:00:00
C012453,sea,1-10,CA,2026-04-14 00:00:00
C012454,seo,200+,BE,2026-05-04 00:00:00
C012455,sea,200+,FR,2026-04-02 00:00:00
C012456,referral,51-200,BE,2026-03-02 00:00:00
C012457,seo,1-10,FR,2026-05-06 00:00:00
C012458,sea,51-200,CA,2026-03-26 00:00:00
C012459,sea,200+,FR,2026-07-02 00:00:00
C012460,referral,200+,FR,2026-02-24 00:00:00
C012461,seo,51-200,BE,2026-01-28 00:00:00
C012462,seo,1-10,FR,2026-07-11 00:00:00
C012463,seo,200+,CA,2026-04-08 00:00:00
C012464,referral,11-50,FR,2026-02-28 00:00:00
C012465,seo,200+,CH,2026-02-08 00:00:00
C012466,referral,51-200,FR,2026-05-24 00:00:00
C012467,referral,11-50,FR,2026-06-27 00:00:00
C012468,seo,200+,FR,2026-07-04 00:00:00
C012469,referral,11-50,FR,2026-05-08 00:00:00
C012470,referral,51-200,FR,2026-03-11 00:00:00
C012471,sea,200+,FR,2026-05-14 00:00:00
C012472,sea,1-10,FR,2026-04-07 00:00:00
C012473,direct,1-10,FR,2026-04-16 00:00:00
C012474,referral,51-200,FR,2026-07-02 00:00:00
C012475,seo,200+,FR,2026-02-03 00:00:00
C012476,referral,11-50,FR,2026-05-31 00:00:00
C012477,seo,200+,CH,2026-07-01 00:00:00
C012478,referral,1-10,FR,2026-01-31 00:00:00
C012479,seo,200+,FR,2026-03-13 00:00:00
C012480,sea,11-50,FR,2026-05-09 00:00:00
C012481,referral,11-50,FR,2026-02-16 00:00:00
C012482,referral,200+,FR,2026-07-13 00:00:00
C012483,referral,200+,BE,2026-04-21 00:00:00
C012484,direct,11-50,FR,2026-03-23 00:00:00
C012485,sea,200+,FR,2026-06-28 00:00:00
C012486,direct,51-200,BE,2026-03-29 00:00:00
C012487,seo,11-50,FR,2026-04-16 00:00:00
C012488,referral,200+,FR,2026-06-27 00:00:00
C012489,sea,51-200,FR,2026-06-07 00:00:00
C012490,referral,200+,FR,2026-05-25 00:00:00
C012491,seo,51-200,FR,2026-05-03 00:00:00
C012492,sea,51-200,CH,2026-03-05 00:00:00
C012493,direct,11-50,FR,2026-06-05 00:00:00
C012494,seo,11-50,BE,2026-07-06 00:00:00
C012495,direct,11-50,FR,2026-02-02 00:00:00
C012496,direct,1-10,CH,2026-02-24 00:00:00
C012497,sea,51-200,FR,2026-04-05 00:00:00
C012498,sea,51-200,FR,2026-02-05 00:00:00
C012499,sea,11-50,FR,2026-05-31 00:00:00
C012500,sea,1-10,CA,2026-04-05 00:00:00
C012501,referral,200+,FR,2026-05-11 00:00:00
C012502,direct,1-10,FR,2026-01-11 00:00:00
C012503,direct,1-10,FR,2026-05-09 00:00:00
C012504,referral,51-200,FR,2026-04-18 00:00:00
C012505,direct,51-200,FR,2026-04-28 00:00:00
C012506,direct,11-50,FR,2026-04-05 00:00:00
C012507,seo,1-10,FR,2026-04-05 00:00:00
C012508,seo,1-10,FR,2026-01-10 00:00:00
C012509,referral,11-50,FR,2026-04-19 00:00:00
C012510,seo,11-50,FR,2026-05-13 00:00:00
C012511,referral,200+,CH,2026-02-03 00:00:00
C012512,seo,200+,FR,2026-06-29 00:00:00
C012513,direct,1-10,FR,2026-05-15 00:00:00
C012514,referral,1-10,FR,2026-05-01 00:00:00
C012515,sea,51-200,BE,2026-07-03 00:00:00
C012516,referral,1-10,FR,2026-04-16 00:00:00
C012517,seo,1-10,FR,2026-06-11 00:00:00
C012518,sea,200+,BE,2026-02-10 00:00:00
C012519,seo,51-200,CA,2026-07-15 00:00:00
C012520,seo,51-200,FR,2026-03-19 00:00:00
C012521,direct,1-10,CH,2026-05-05 00:00:00
C012522,referral,11-50,CH,2026-01-25 00:00:00
C012523,sea,51-200,FR,2026-05-10 00:00:00
C012524,direct,1-10,CA,2026-04-06 00:00:00
C012525,direct,11-50,FR,2026-03-24 00:00:00
C012526,direct,1-10,FR,2026-02-13 00:00:00
C012527,referral,200+,FR,2026-06-28 00:00:00
C012528,direct,200+,FR,2026-02-23 00:00:00
C012529,sea,51-200,CH,2026-03-18 00:00:00
C012530,sea,51-200,FR,2026-02-16 00:00:00
C012531,seo,11-50,FR,2026-02-05 00:00:00
C012532,sea,1-10,CH,2026-06-11 00:00:00
C012533,direct,1-10,FR,2026-06-20 00:00:00
C012534,referral,200+,FR,2026-01-17 00:00:00
C012535,sea,1-10,FR,2026-06-19 00:00:00
C012536,seo,200+,CA,2026-04-05 00:00:00
C012537,direct,200+,FR,2026-05-28 00:00:00
C012538,direct,200+,CA,2026-01-04 00:00:00
C012539,seo,200+,FR,2026-07-04 00:00:00
C012540,sea,11-50,CH,2026-05-12 00:00:00
C012541,direct,11-50,FR,2026-05-15 00:00:00
C012542,seo,200+,FR,2026-06-04 00:00:00
C012543,sea,1-10,FR,2026-04-28 00:00:00
C012544,sea,51-200,FR,2026-04-17 00:00:00
C012545,sea,200+,FR,2026-04-17 00:00:00
C012546,referral,51-200,CA,2026-03-11 00:00:00
C012547,referral,200+,CA,2026-06-15 00:00:00
C012548,sea,200+,FR,2026-04-07 00:00:00
C012549,seo,51-200,FR,2026-04-21 00:00:00
C012550,referral,51-200,FR,2026-02-01 00:00:00
C012551,seo,200+,FR,2026-03-24 00:00:00
C012552,seo,200+,FR,2026-05-02 00:00:00
C012553,direct,51-200,FR,2026-05-19 00:00:00
C012554,referral,200+,FR,2026-05-05 00:00:00
C012555,sea,200+,FR,2026-07-07 00:00:00
C012556,seo,11-50,CH,2026-04-07 00:00:00
C012557,seo,200+,FR,2026-03-22 00:00:00
C012558,seo,200+,FR,2026-07-02 00:00:00
C012559,sea,11-50,FR,2026-05-31 00:00:00
C012560,direct,200+,FR,2026-04-19 00:00:00
C012561,referral,200+,CA,2026-04-03 00:00:00
C012562,sea,11-50,FR,2026-07-06 00:00:00
C012563,sea,51-200,FR,2026-03-11 00:00:00
C012564,direct,11-50,FR,2026-06-03 00:00:00
C012565,sea,200+,FR,2026-02-01 00:00:00
C012566,seo,11-50,CH,2026-04-09 00:00:00
C012567,seo,200+,FR,2026-01-06 00:00:00
C012568,sea,51-200,FR,2026-02-23 00:00:00
C012569,sea,51-200,FR,2026-05-30 00:00:00
C012570,direct,11-50,CH,2026-02-20 00:00:00
C012571,seo,200+,FR,2026-03-30 00:00:00
C012572,seo,11-50,FR,2026-06-24 00:00:00
C012573,sea,200+,CH,2026-01-06 00:00:00
C012574,direct,11-50,FR,2026-06-25 00:00:00
C012575,direct,200+,FR,2026-02-16 00:00:00
C012576,direct,51-200,CH,2026-05-16 00:00:00
C012577,direct,1-10,FR,2026-01-08 00:00:00
C012578,direct,200+,CH,2026-03-23 00:00:00
C012579,direct,11-50,FR,2026-03-20 00:00:00
C012580,seo,200+,FR,2026-01-16 00:00:00
C012581,sea,51-200,FR,2026-03-05 00:00:00
C012582,direct,200+,FR,2026-05-22 00:00:00
C012583,direct,200+,FR,2026-02-25 00:00:00
C012584,seo,200+,FR,2026-04-26 00:00:00
C012585,referral,11-50,CA,2026-04-08 00:00:00
C012586,sea,1-10,BE,2026-04-26 00:00:00
C012587,referral,11-50,FR,2026-03-13 00:00:00
C012588,seo,200+,FR,2026-06-29 00:00:00
C012589,sea,1-10,FR,2026-06-03 00:00:00
C012590,direct,1-10,BE,2026-05-17 00:00:00
C012591,referral,200+,CA,2026-02-12 00:00:00
C012592,sea,11-50,FR,2026-07-12 00:00:00
C012593,direct,51-200,CH,2026-06-07 00:00:00
C012594,direct,200+,FR,2026-01-06 00:00:00
C012595,direct,200+,BE,2026-03-20 00:00:00
C012596,referral,200+,FR,2026-02-26 00:00:00
C012597,direct,51-200,BE,2026-04-13 00:00:00
C012598,referral,200+,BE,2026-02-14 00:00:00
C012599,direct,200+,CA,2026-05-27 00:00:00
C012600,sea,200+,CH,2026-05-07 00:00:00
C012601,referral,51-200,FR,2026-02-23 00:00:00
C012602,referral,1-10,CH,2026-07-13 00:00:00
C012603,sea,1-10,FR,2026-04-29 00:00:00
C012604,referral,1-10,FR,2026-02-15 00:00:00
C012605,direct,51-200,FR,2026-01-08 00:00:00
C012606,direct,11-50,BE,2026-01-13 00:00:00
C012607,direct,1-10,FR,2026-03-22 00:00:00
C012608,direct,200+,FR,2026-02-04 00:00:00
C012609,direct,51-200,FR,2026-02-17 00:00:00
C012610,referral,11-50,FR,2026-05-01 00:00:00
C012611,seo,51-200,FR,2026-03-01 00:00:00
C012612,direct,11-50,FR,2026-03-18 00:00:00
C012613,direct,11-50,CH,2026-07-02 00:00:00
C012614,referral,51-200,FR,2026-01-27 00:00:00
C012615,sea,200+,FR,2026-04-21 00:00:00
C012616,seo,51-200,FR,2026-01-29 00:00:00
C012617,referral,200+,FR,2026-06-11 00:00:00
C012618,referral,200+,FR,2026-01-25 00:00:00
C012619,sea,11-50,BE,2026-03-30 00:00:00
C012620,seo,1-10,FR,2026-01-02 00:00:00
C012621,referral,1-10,BE,2026-04-04 00:00:00
C012622,seo,1-10,FR,2026-04-14 00:00:00
C012623,referral,11-50,FR,2026-06-01 00:00:00
C012624,referral,200+,FR,2026-02-23 00:00:00
C012625,direct,1-10,FR,2026-05-01 00:00:00
C012626,referral,200+,FR,2026-04-12 00:00:00
C012627,referral,11-50,FR,2026-03-07 00:00:00
C012628,seo,200+,FR,2026-04-20 00:00:00
C012629,direct,1-10,FR,2026-04-30 00:00:00
C012630,seo,51-200,FR,2026-05-07 00:00:00
C012631,referral,1-10,CH,2026-05-13 00:00:00
C012632,seo,200+,FR,2026-06-30 00:00:00
C012633,seo,11-50,BE,2026-03-15 00:00:00
C012634,referral,1-10,CA,2026-03-27 00:00:00
C012635,seo,200+,FR,2026-01-12 00:00:00
C012636,direct,51-200,FR,2026-04-18 00:00:00
C012637,seo,11-50,FR,2026-04-16 00:00:00
C012638,direct,51-200,BE,2026-06-28 00:00:00
C012639,referral,11-50,FR,2026-06-26 00:00:00
C012640,direct,200+,FR,2026-07-06 00:00:00
C012641,referral,51-200,BE,2026-01-22 00:00:00
C012642,sea,11-50,BE,2026-01-31 00:00:00
C012643,referral,1-10,FR,2026-06-15 00:00:00
C012644,sea,11-50,CA,2026-04-06 00:00:00
C012645,seo,51-200,CA,2026-01-13 00:00:00
C012646,seo,200+,FR,2026-04-11 00:00:00
C012647,referral,11-50,FR,2026-05-03 00:00:00
C012648,direct,11-50,FR,2026-04-06 00:00:00
C012649,referral,200+,FR,2026-03-01 00:00:00
C012650,sea,51-200,CH,2026-04-10 00:00:00
C012651,direct,200+,FR,2026-03-18 00:00:00
C012652,direct,11-50,FR,2026-01-08 00:00:00
C012653,seo,11-50,BE,2026-02-26 00:00:00
C012654,direct,1-10,FR,2026-05-04 00:00:00
C012655,sea,1-10,FR,2026-07-07 00:00:00
C012656,seo,51-200,CA,2026-02-01 00:00:00
C012657,seo,51-200,FR,2026-05-16 00:00:00
C012658,referral,1-10,CA,2026-07-12 00:00:00
C012659,referral,11-50,CH,2026-01-28 00:00:00
C012660,seo,11-50,BE,2026-03-13 00:00:00
C012661,seo,11-50,CA,2026-04-25 00:00:00
C012662,direct,1-10,FR,2026-02-26 00:00:00
C012663,referral,11-50,FR,2026-03-04 00:00:00
C012664,referral,200+,FR,2026-02-15 00:00:00
C012665,referral,200+,FR,2026-03-24 00:00:00
C012666,referral,51-200,BE,2026-01-15 00:00:00
C012667,direct,200+,FR,2026-01-21 00:00:00
C012668,direct,1-10,FR,2026-01-12 00:00:00
C012669,sea,11-50,FR,2026-06-06 00:00:00
C012670,seo,1-10,FR,2026-03-20 00:00:00
C012671,sea,11-50,FR,2026-01-26 00:00:00
C012672,direct,1-10,FR,2026-06-09 00:00:00
C012673,seo,51-200,FR,2026-03-02 00:00:00
C012674,referral,1-10,FR,2026-02-24 00:00:00
C012675,sea,1-10,FR,2026-05-30 00:00:00
C012676,seo,11-50,FR,2026-01-09 00:00:00
C012677,referral,200+,FR,2026-06-15 00:00:00
C012678,sea,51-200,BE,2026-01-19 00:00:00
C012679,seo,200+,FR,2026-06-23 00:00:00
C012680,direct,200+,FR,2026-06-10 00:00:00
C012681,direct,200+,FR,2026-04-15 00:00:00
C012682,referral,200+,FR,2026-03-20 00:00:00
C012683,seo,11-50,FR,2026-05-20 00:00:00
C012684,seo,200+,BE,2026-04-03 00:00:00
C012685,sea,1-10,CA,2026-05-13 00:00:00
C012686,seo,1-10,FR,2026-04-22 00:00:00
C012687,referral,200+,FR,2026-01-13 00:00:00
C012688,sea,11-50,CA,2026-07-11 00:00:00
C012689,referral,1-10,CA,2026-05-26 00:00:00
C012690,direct,200+,CA,2026-04-14 00:00:00
C012691,seo,11-50,CH,2026-02-05 00:00:00
C012692,sea,200+,CH,2026-05-24 00:00:00
C012693,sea,11-50,FR,2026-03-30 00:00:00
C012694,direct,51-200,BE,2026-05-12 00:00:00
C012695,sea,1-10,FR,2026-02-05 00:00:00
C012696,referral,51-200,FR,2026-06-03 00:00:00
C012697,sea,1-10,FR,2026-01-17 00:00:00
C012698,referral,200+,CA,2026-04-06 00:00:00
C012699,sea,11-50,FR,2026-03-27 00:00:00
C012700,direct,1-10,BE,2026-04-01 00:00:00
C012701,referral,11-50,FR,2026-06-20 00:00:00
C012702,referral,11-50,BE,2026-06-18 00:00:00
C012703,referral,1-10,FR,2026-04-13 00:00:00
C012704,referral,200+,FR,2026-05-01 00:00:00
C012705,seo,51-200,FR,2026-01-08 00:00:00
C012706,sea,200+,CA,2026-03-23 00:00:00
C012707,referral,11-50,FR,2026-01-28 00:00:00
C012708,direct,11-50,FR,2026-03-25 00:00:00
C012709,direct,51-200,FR,2026-01-22 00:00:00
C012710,direct,1-10,FR,2026-06-08 00:00:00
C012711,direct,51-200,FR,2026-01-23 00:00:00
C012712,sea,51-200,FR,2026-05-23 00:00:00
C012713,sea,1-10,FR,2026-01-30 00:00:00
C012714,referral,11-50,FR,2026-04-23 00:00:00
C012715,seo,11-50,FR,2026-05-22 00:00:00
C012716,seo,200+,CA,2026-07-01 00:00:00
C012717,referral,11-50,FR,2026-03-10 00:00:00
C012718,seo,1-10,FR,2026-06-20 00:00:00
C012719,seo,11-50,FR,2026-07-12 00:00:00
C012720,seo,200+,CH,2026-04-12 00:00:00
C012721,direct,11-50,FR,2026-01-25 00:00:00
C012722,direct,11-50,FR,2026-06-14 00:00:00
C012723,referral,200+,FR,2026-06-08 00:00:00
C012724,seo,11-50,BE,2026-02-25 00:00:00
C012725,seo,200+,FR,2026-05-12 00:00:00
C012726,direct,200+,CH,2026-06-07 00:00:00
C012727,referral,200+,FR,2026-03-22 00:00:00
C012728,seo,51-200,FR,2026-06-14 00:00:00
C012729,seo,1-10,FR,2026-03-24 00:00:00
C012730,referral,1-10,FR,2026-02-22 00:00:00
C012731,seo,11-50,FR,2026-07-09 00:00:00
C012732,seo,1-10,FR,2026-05-20 00:00:00
C012733,sea,11-50,FR,2026-06-03 00:00:00
C012734,sea,11-50,FR,2026-02-22 00:00:00
C012735,direct,51-200,FR,2026-02-15 00:00:00
C012736,referral,1-10,FR,2026-06-10 00:00:00
C012737,seo,200+,CH,2026-03-09 00:00:00
C012738,seo,1-10,FR,2026-01-12 00:00:00
C012739,referral,1-10,BE,2026-03-12 00:00:00
C012740,sea,11-50,BE,2026-04-20 00:00:00
C012741,direct,11-50,FR,2026-06-12 00:00:00
C012742,seo,11-50,FR,2026-02-10 00:00:00
C012743,seo,1-10,FR,2026-07-15 00:00:00
C012744,seo,51-200,FR,2026-05-14 00:00:00
C012745,referral,11-50,FR,2026-04-26 00:00:00
C012746,referral,11-50,FR,2026-03-24 00:00:00
C012747,direct,1-10,FR,2026-05-12 00:00:00
C012748,direct,1-10,FR,2026-01-20 00:00:00
C012749,sea,11-50,BE,2026-07-10 00:00:00
C012750,referral,1-10,FR,2026-02-03 00:00:00
C012751,direct,200+,FR,2026-01-07 00:00:00
C012752,direct,51-200,FR,2026-06-29 00:00:00
C012753,referral,1-10,FR,2026-02-11 00:00:00
C012754,seo,11-50,FR,2026-05-16 00:00:00
C012755,direct,1-10,CA,2026-01-08 00:00:00
C012756,referral,11-50,FR,2026-02-02 00:00:00
C012757,seo,11-50,FR,2026-02-04 00:00:00
C012758,direct,1-10,CA,2026-03-11 00:00:00
C012759,sea,51-200,FR,2026-06-03 00:00:00
C012760,seo,200+,FR,2026-06-09 00:00:00
C012761,sea,1-10,FR,2026-01-22 00:00:00
C012762,direct,51-200,CH,2026-06-08 00:00:00
C012763,sea,51-200,FR,2026-02-07 00:00:00
C012764,referral,11-50,FR,2026-01-20 00:00:00
C012765,seo,51-200,FR,2026-06-05 00:00:00
C012766,sea,51-200,FR,2026-02-11 00:00:00
C012767,referral,1-10,BE,2026-05-18 00:00:00
C012768,seo,51-200,FR,2026-02-19 00:00:00
C012769,direct,11-50,FR,2026-01-04 00:00:00
C012770,seo,200+,FR,2026-02-16 00:00:00
C012771,direct,200+,FR,2026-04-27 00:00:00
C012772,referral,1-10,FR,2026-02-02 00:00:00
C012773,seo,51-200,FR,2026-01-08 00:00:00
C012774,referral,200+,FR,2026-03-12 00:00:00
C012775,sea,200+,BE,2026-03-07 00:00:00
C012776,seo,51-200,CH,2026-06-08 00:00:00
C012777,direct,51-200,FR,2026-01-22 00:00:00
C012778,direct,200+,FR,2026-02-03 00:00:00
C012779,direct,51-200,FR,2026-05-29 00:00:00
C012780,direct,200+,BE,2026-06-25 00:00:00
C012781,referral,200+,FR,2026-01-21 00:00:00
C012782,direct,11-50,FR,2026-07-14 00:00:00
C012783,direct,51-200,FR,2026-06-22 00:00:00
C012784,direct,11-50,FR,2026-01-21 00:00:00
C012785,referral,200+,CA,2026-02-13 00:00:00
C012786,direct,51-200,FR,2026-04-30 00:00:00
C012787,referral,1-10,BE,2026-01-22 00:00:00
C012788,sea,11-50,BE,2026-06-20 00:00:00
C012789,sea,200+,FR,2026-07-03 00:00:00
C012790,sea,1-10,BE,2026-03-24 00:00:00
C012791,sea,1-10,CA,2026-04-01 00:00:00
C012792,referral,11-50,FR,2026-02-01 00:00:00
C012793,direct,1-10,FR,2026-03-11 00:00:00
C012794,sea,1-10,BE,2026-03-21 00:00:00
C012795,referral,51-200,FR,2026-01-14 00:00:00
C012796,referral,51-200,FR,2026-02-25 00:00:00
C012797,direct,1-10,FR,2026-03-18 00:00:00
C012798,direct,51-200,FR,2026-04-28 00:00:00
C012799,seo,1-10,CA,2026-06-26 00:00:00
C012800,direct,1-10,FR,2026-04-17 00:00:00
C012801,seo,200+,CA,2026-02-28 00:00:00
C012802,seo,200+,FR,2026-06-20 00:00:00
C012803,direct,1-10,FR,2026-05-20 00:00:00
C012804,sea,11-50,BE,2026-04-20 00:00:00
C012805,sea,51-200,FR,2026-01-28 00:00:00
C012806,direct,51-200,FR,2026-04-20 00:00:00
C012807,referral,11-50,FR,2026-06-26 00:00:00
C012808,seo,51-200,CH,2026-06-27 00:00:00
C012809,sea,200+,BE,2026-02-27 00:00:00
C012810,seo,11-50,FR,2026-03-15 00:00:00
C012811,seo,11-50,FR,2026-06-07 00:00:00
C012812,sea,51-200,FR,2026-01-26 00:00:00
C012813,direct,200+,BE,2026-05-21 00:00:00
C012814,seo,1-10,FR,2026-06-11 00:00:00
C012815,direct,200+,FR,2026-01-30 00:00:00
C012816,referral,1-10,FR,2026-03-23 00:00:00
C012817,referral,51-200,FR,2026-02-16 00:00:00
C012818,direct,1-10,BE,2026-04-24 00:00:00
C012819,sea,51-200,FR,2026-05-02 00:00:00
C012820,direct,200+,FR,2026-06-25 00:00:00
C012821,seo,11-50,CH,2026-05-19 00:00:00
C012822,referral,11-50,FR,2026-03-16 00:00:00
C012823,direct,1-10,FR,2026-02-06 00:00:00
C012824,sea,200+,FR,2026-06-20 00:00:00
C012825,direct,51-200,FR,2026-06-06 00:00:00
C012826,direct,200+,FR,2026-01-21 00:00:00
C012827,referral,11-50,FR,2026-05-30 00:00:00
C012828,referral,1-10,FR,2026-07-10 00:00:00
C012829,referral,11-50,FR,2026-05-21 00:00:00
C012830,seo,200+,FR,2026-03-01 00:00:00
C012831,seo,200+,FR,2026-07-19 00:00:00
C012832,referral,1-10,FR,2026-02-20 00:00:00
C012833,seo,11-50,FR,2026-02-15 00:00:00
C012834,sea,1-10,FR,2026-06-02 00:00:00
C012835,seo,11-50,FR,2026-04-29 00:00:00
C012836,direct,51-200,FR,2026-05-16 00:00:00
C012837,sea,11-50,CA,2026-06-08 00:00:00
C012838,sea,1-10,BE,2026-03-22 00:00:00
C012839,sea,11-50,FR,2026-01-20 00:00:00
C012840,referral,1-10,FR,2026-04-23 00:00:00
C012841,referral,200+,FR,2026-07-15 00:00:00
C012842,direct,51-200,FR,2026-02-03 00:00:00
C012843,seo,200+,FR,2026-06-30 00:00:00
C012844,referral,1-10,FR,2026-05-10 00:00:00
C012845,referral,200+,FR,2026-06-12 00:00:00
C012846,direct,1-10,FR,2026-05-18 00:00:00
C012847,referral,200+,FR,2026-02-10 00:00:00
C012848,sea,11-50,FR,2026-06-22 00:00:00
C012849,seo,200+,CH,2026-02-19 00:00:00
C012850,referral,51-200,FR,2026-01-07 00:00:00
C012851,referral,11-50,FR,2026-01-13 00:00:00
C012852,sea,11-50,FR,2026-07-17 00:00:00
C012853,seo,11-50,CA,2026-02-05 00:00:00
C012854,sea,200+,FR,2026-01-21 00:00:00
C012855,direct,200+,CA,2026-01-21 00:00:00
C012856,direct,11-50,FR,2026-02-19 00:00:00
C012857,seo,1-10,FR,2026-05-11 00:00:00
C012858,sea,1-10,CA,2026-06-10 00:00:00
C012859,seo,11-50,FR,2026-02-26 00:00:00
C012860,referral,1-10,FR,2026-03-18 00:00:00
C012861,seo,1-10,CH,2026-04-30 00:00:00
C012862,sea,51-200,FR,2026-03-01 00:00:00
C012863,sea,200+,BE,2026-04-08 00:00:00
C012864,sea,200+,FR,2026-01-10 00:00:00
C012865,direct,1-10,FR,2026-05-02 00:00:00
C012866,sea,51-200,FR,2026-02-09 00:00:00
C012867,seo,200+,CA,2026-03-19 00:00:00
C012868,seo,51-200,FR,2026-01-24 00:00:00
C012869,seo,51-200,FR,2026-02-05 00:00:00
C012870,direct,51-200,CA,2026-05-23 00:00:00
C012871,direct,1-10,FR,2026-02-06 00:00:00
C012872,sea,11-50,BE,2026-03-05 00:00:00
C012873,sea,51-200,FR,2026-02-20 00:00:00
C012874,referral,11-50,FR,2026-05-20 00:00:00
C012875,direct,11-50,CA,2026-04-16 00:00:00
C012876,referral,200+,FR,2026-04-12 00:00:00
C012877,direct,11-50,FR,2026-07-13 00:00:00
C012878,seo,1-10,FR,2026-05-28 00:00:00
C012879,direct,51-200,FR,2026-07-11 00:00:00
C012880,referral,200+,FR,2026-01-13 00:00:00
C012881,sea,11-50,FR,2026-01-18 00:00:00
C012882,direct,51-200,FR,2026-06-17 00:00:00
C012883,direct,1-10,FR,2026-06-10 00:00:00
C012884,seo,200+,FR,2026-03-09 00:00:00
C012885,sea,200+,FR,2026-04-29 00:00:00
C012886,referral,200+,FR,2026-04-10 00:00:00
C012887,direct,11-50,FR,2026-02-03 00:00:00
C012888,sea,51-200,FR,2026-05-01 00:00:00
C012889,seo,200+,FR,2026-06-15 00:00:00
C012890,direct,1-10,FR,2026-03-15 00:00:00
C012891,seo,1-10,FR,2026-06-06 00:00:00
C012892,referral,51-200,BE,2026-06-08 00:00:00
C012893,referral,11-50,FR,2026-05-17 00:00:00
C012894,seo,200+,CH,2026-06-18 00:00:00
C012895,referral,51-200,FR,2026-01-11 00:00:00
C012896,sea,51-200,FR,2026-07-01 00:00:00
C012897,seo,200+,FR,2026-06-22 00:00:00
C012898,seo,51-200,CA,2026-01-06 00:00:00
C012899,sea,51-200,BE,2026-04-12 00:00:00
C012900,direct,11-50,FR,2026-04-17 00:00:00
C012901,direct,1-10,BE,2026-07-14 00:00:00
C012902,sea,51-200,FR,2026-05-03 00:00:00
C012903,direct,51-200,FR,2026-03-06 00:00:00
C012904,referral,1-10,CA,2026-03-22 00:00:00
C012905,direct,200+,FR,2026-01-18 00:00:00
C012906,direct,1-10,FR,2026-01-16 00:00:00
C012907,referral,51-200,CA,2026-03-29 00:00:00
C012908,sea,1-10,CA,2026-04-11 00:00:00
C012909,sea,51-200,FR,2026-05-01 00:00:00
C012910,seo,200+,FR,2026-06-21 00:00:00
C012911,direct,200+,BE,2026-04-30 00:00:00
C012912,direct,1-10,FR,2026-03-12 00:00:00
C012913,referral,1-10,FR,2026-05-11 00:00:00
C012914,direct,51-200,FR,2026-06-01 00:00:00
C012915,sea,1-10,CA,2026-04-17 00:00:00
C012916,referral,200+,FR,2026-05-10 00:00:00
C012917,sea,51-200,FR,2026-04-09 00:00:00
C012918,referral,1-10,FR,2026-07-09 00:00:00
C012919,sea,200+,CH,2026-01-21 00:00:00
C012920,seo,11-50,FR,2026-01-20 00:00:00
C012921,direct,11-50,FR,2026-01-10 00:00:00
C012922,seo,51-200,FR,2026-07-08 00:00:00
C012923,direct,11-50,FR,2026-05-27 00:00:00
C012924,seo,11-50,FR,2026-01-16 00:00:00
C012925,sea,1-10,FR,2026-03-21 00:00:00
C012926,sea,1-10,FR,2026-07-02 00:00:00
C012927,direct,200+,CA,2026-07-15 00:00:00
C012928,sea,1-10,BE,2026-04-09 00:00:00
C012929,sea,11-50,FR,2026-03-10 00:00:00
C012930,seo,51-200,CA,2026-05-16 00:00:00
C012931,seo,51-200,CH,2026-01-25 00:00:00
C012932,sea,51-200,CH,2026-04-24 00:00:00
C012933,sea,11-50,FR,2026-03-15 00:00:00
C012934,direct,11-50,FR,2026-03-14 00:00:00
C012935,seo,51-200,FR,2026-02-22 00:00:00
C012936,referral,51-200,FR,2026-02-25 00:00:00
C012937,referral,51-200,CA,2026-01-16 00:00:00
C012938,seo,51-200,FR,2026-01-16 00:00:00
C012939,referral,200+,FR,2026-05-15 00:00:00
C012940,referral,51-200,CH,2026-04-24 00:00:00
C012941,direct,51-200,FR,2026-03-08 00:00:00
C012942,referral,1-10,CH,2026-05-16 00:00:00
C012943,sea,1-10,FR,2026-06-30 00:00:00
C012944,referral,11-50,CA,2026-05-04 00:00:00
C012945,referral,1-10,FR,2026-03-10 00:00:00
C012946,sea,11-50,FR,2026-03-04 00:00:00
C012947,seo,51-200,FR,2026-03-12 00:00:00
C012948,direct,11-50,FR,2026-01-18 00:00:00
C012949,seo,1-10,FR,2026-04-16 00:00:00
C012950,direct,11-50,BE,2026-05-05 00:00:00
C012951,seo,200+,FR,2026-05-09 00:00:00
C012952,sea,1-10,FR,2026-06-12 00:00:00
C012953,seo,11-50,BE,2026-06-22 00:00:00
C012954,referral,11-50,FR,2026-04-16 00:00:00
C012955,referral,200+,FR,2026-07-08 00:00:00
C012956,sea,200+,CH,2026-06-30 00:00:00
C012957,referral,11-50,BE,2026-01-01 00:00:00
C012958,sea,200+,FR,2026-02-23 00:00:00
C012959,sea,51-200,CH,2026-06-13 00:00:00
C012960,direct,11-50,CH,2026-05-20 00:00:00
C012961,direct,51-200,CA,2026-02-08 00:00:00
C012962,sea,11-50,FR,2026-04-18 00:00:00
C012963,sea,200+,CA,2026-06-15 00:00:00
C012964,seo,11-50,FR,2026-05-20 00:00:00
C012965,seo,200+,FR,2026-02-27 00:00:00
C012966,direct,200+,FR,2026-07-15 00:00:00
C012967,seo,51-200,CA,2026-03-02 00:00:00
C012968,direct,1-10,FR,2026-03-12 00:00:00
C012969,direct,200+,FR,2026-04-01 00:00:00
C012970,direct,11-50,FR,2026-01-29 00:00:00
C012971,referral,51-200,BE,2026-01-15 00:00:00
C012972,sea,11-50,FR,2026-06-17 00:00:00
C012973,seo,11-50,FR,2026-07-18 00:00:00
C012974,referral,51-200,FR,2026-05-27 00:00:00
C012975,direct,11-50,CA,2026-03-30 00:00:00
C012976,seo,11-50,CA,2026-02-14 00:00:00
C012977,referral,11-50,CH,2026-06-08 00:00:00
C012978,direct,200+,FR,2026-06-27 00:00:00
C012979,sea,11-50,FR,2026-03-04 00:00:00
C012980,sea,51-200,FR,2026-06-14 00:00:00
C012981,referral,1-10,FR,2026-04-21 00:00:00
C012982,seo,1-10,FR,2026-06-18 00:00:00
C012983,referral,51-200,FR,2026-03-24 00:00:00
C012984,referral,200+,FR,2026-01-29 00:00:00
C012985,direct,200+,BE,2026-01-17 00:00:00
C012986,seo,200+,FR,2026-02-17 00:00:00
C012987,referral,200+,FR,2026-01-04 00:00:00
C012988,referral,11-50,FR,2026-06-20 00:00:00
C012989,sea,200+,FR,2026-03-07 00:00:00
C012990,seo,51-200,CH,2026-02-12 00:00:00
C012991,referral,200+,FR,2026-05-09 00:00:00
C012992,seo,51-200,BE,2026-03-04 00:00:00
C012993,direct,11-50,BE,2026-06-04 00:00:00
C012994,referral,200+,FR,2026-03-31 00:00:00
C012995,referral,51-200,BE,2026-04-28 00:00:00
C012996,seo,1-10,BE,2026-06-20 00:00:00
C012997,sea,200+,FR,2026-04-02 00:00:00
C012998,direct,11-50,CA,2026-05-05 00:00:00
C012999,sea,1-10,CH,2026-06-07 00:00:00
C013000,direct,11-50,CH,2026-02-19 00:00:00
C013001,direct,200+,FR,2026-07-02 00:00:00
C013002,referral,51-200,FR,2026-06-16 00:00:00
C013003,direct,51-200,CA,2026-05-13 00:00:00
C013004,direct,1-10,FR,2026-04-23 00:00:00
C013005,sea,11-50,BE,2026-04-11 00:00:00
C013006,referral,1-10,FR,2026-03-18 00:00:00
C013007,sea,51-200,FR,2026-05-05 00:00:00
C013008,referral,1-10,FR,2026-05-30 00:00:00
C013009,referral,200+,FR,2026-03-18 00:00:00
C013010,seo,200+,FR,2026-01-01 00:00:00
C013011,seo,1-10,FR,2026-03-27 00:00:00
C013012,referral,51-200,BE,2026-04-05 00:00:00
C013013,seo,11-50,FR,2026-05-11 00:00:00
C013014,direct,51-200,CH,2026-03-15 00:00:00
C013015,sea,11-50,FR,2026-02-16 00:00:00
C013016,sea,1-10,FR,2026-04-07 00:00:00
C013017,sea,200+,FR,2026-04-06 00:00:00
C013018,seo,51-200,FR,2026-07-08 00:00:00
C013019,direct,11-50,FR,2026-06-09 00:00:00
C013020,seo,51-200,FR,2026-07-10 00:00:00
C013021,seo,51-200,FR,2026-05-20 00:00:00
C013022,referral,51-200,FR,2026-07-14 00:00:00
C013023,seo,200+,CA,2026-02-28 00:00:00
C013024,direct,1-10,CA,2026-02-09 00:00:00
C013025,sea,51-200,FR,2026-06-22 00:00:00
C013026,direct,11-50,FR,2026-05-16 00:00:00
C013027,sea,200+,FR,2026-04-29 00:00:00
C013028,seo,51-200,FR,2026-01-01 00:00:00
C013029,direct,200+,FR,2026-05-09 00:00:00
C013030,sea,200+,FR,2026-05-01 00:00:00
C013031,direct,200+,FR,2026-05-01 00:00:00
C013032,seo,200+,FR,2026-05-14 00:00:00
C013033,seo,11-50,FR,2026-01-31 00:00:00
C013034,direct,11-50,BE,2026-03-24 00:00:00
C013035,referral,11-50,FR,2026-04-30 00:00:00
C013036,sea,11-50,FR,2026-02-16 00:00:00
C013037,referral,200+,FR,2026-03-04 00:00:00
C013038,sea,11-50,FR,2026-06-25 00:00:00
C013039,sea,51-200,BE,2026-01-27 00:00:00
C013040,referral,1-10,FR,2026-02-17 00:00:00
C013041,sea,1-10,FR,2026-07-08 00:00:00
C013042,direct,51-200,FR,2026-03-17 00:00:00
C013043,direct,11-50,FR,2026-07-19 00:00:00
C013044,seo,200+,FR,2026-03-31 00:00:00
C013045,seo,51-200,BE,2026-06-28 00:00:00
C013046,direct,200+,FR,2026-02-04 00:00:00
C013047,direct,1-10,FR,2026-07-13 00:00:00
C013048,referral,51-200,CA,2026-06-14 00:00:00
C013049,direct,200+,CH,2026-05-07 00:00:00
C013050,seo,1-10,CA,2026-01-25 00:00:00
C013051,direct,1-10,FR,2026-04-08 00:00:00
C013052,referral,1-10,FR,2026-05-04 00:00:00
C013053,direct,51-200,CH,2026-04-05 00:00:00
C013054,sea,1-10,FR,2026-03-06 00:00:00
C013055,direct,51-200,BE,2026-02-11 00:00:00
C013056,sea,11-50,BE,2026-02-09 00:00:00
C013057,seo,11-50,CA,2026-02-27 00:00:00
C013058,sea,200+,FR,2026-02-11 00:00:00
C013059,sea,11-50,FR,2026-06-14 00:00:00
C013060,referral,11-50,FR,2026-05-20 00:00:00
C013061,seo,11-50,CH,2026-03-15 00:00:00
C013062,direct,1-10,FR,2026-06-03 00:00:00
C013063,direct,1-10,FR,2026-04-23 00:00:00
C013064,direct,200+,BE,2026-02-02 00:00:00
C013065,direct,51-200,FR,2026-06-09 00:00:00
C013066,seo,11-50,BE,2026-01-28 00:00:00
C013067,seo,1-10,FR,2026-07-06 00:00:00
C013068,referral,200+,FR,2026-07-13 00:00:00
C013069,sea,1-10,FR,2026-04-18 00:00:00
C013070,referral,200+,FR,2026-01-26 00:00:00
C013071,direct,200+,FR,2026-06-20 00:00:00
C013072,referral,11-50,FR,2026-06-07 00:00:00
C013073,seo,51-200,FR,2026-05-30 00:00:00
C013074,direct,51-200,FR,2026-01-17 00:00:00
C013075,sea,200+,FR,2026-03-07 00:00:00
C013076,seo,51-200,CA,2026-06-17 00:00:00
C013077,seo,200+,FR,2026-07-05 00:00:00
C013078,direct,200+,FR,2026-03-04 00:00:00
C013079,direct,200+,FR,2026-02-05 00:00:00
C013080,referral,11-50,FR,2026-06-14 00:00:00
C013081,referral,200+,FR,2026-01-27 00:00:00
C013082,direct,51-200,FR,2026-02-07 00:00:00
C013083,seo,200+,FR,2026-06-07 00:00:00
C013084,sea,11-50,FR,2026-03-11 00:00:00
C013085,direct,200+,FR,2026-03-21 00:00:00
C013086,direct,11-50,FR,2026-03-12 00:00:00
C013087,sea,200+,FR,2026-04-09 00:00:00
C013088,sea,200+,FR,2026-06-26 00:00:00
C013089,sea,1-10,FR,2026-01-18 00:00:00
C013090,referral,51-200,FR,2026-03-18 00:00:00
C013091,sea,11-50,FR,2026-07-19 00:00:00
C013092,referral,51-200,FR,2026-01-23 00:00:00
C013093,sea,51-200,BE,2026-04-23 00:00:00
C013094,direct,1-10,FR,2026-04-24 00:00:00
C013095,sea,200+,FR,2026-07-14 00:00:00
C013096,seo,51-200,FR,2026-05-06 00:00:00
C013097,referral,51-200,CA,2026-03-17 00:00:00
C013098,referral,51-200,FR,2026-02-05 00:00:00
C013099,referral,51-200,FR,2026-03-27 00:00:00
C013100,direct,51-200,CA,2026-01-19 00:00:00
C013101,sea,200+,FR,2026-06-04 00:00:00
C013102,seo,1-10,FR,2026-04-21 00:00:00
C013103,direct,51-200,FR,2026-05-17 00:00:00
C013104,direct,1-10,FR,2026-06-30 00:00:00
C013105,sea,51-200,BE,2026-03-28 00:00:00
C013106,direct,11-50,FR,2026-06-08 00:00:00
C013107,direct,200+,FR,2026-01-23 00:00:00
C013108,direct,200+,FR,2026-06-12 00:00:00
C013109,referral,200+,FR,2026-04-18 00:00:00
C013110,referral,11-50,BE,2026-06-14 00:00:00
C013111,direct,1-10,FR,2026-01-11 00:00:00
C013112,direct,200+,FR,2026-01-29 00:00:00
C013113,sea,11-50,FR,2026-03-07 00:00:00
C013114,referral,200+,BE,2026-07-12 00:00:00
C013115,direct,51-200,CA,2026-06-07 00:00:00
C013116,sea,200+,FR,2026-03-02 00:00:00
C013117,referral,1-10,BE,2026-01-29 00:00:00
C013118,sea,11-50,FR,2026-06-17 00:00:00
C013119,referral,11-50,FR,2026-05-23 00:00:00
C013120,seo,200+,FR,2026-01-28 00:00:00
C013121,seo,51-200,CH,2026-03-22 00:00:00
C013122,seo,11-50,FR,2026-02-10 00:00:00
C013123,sea,11-50,FR,2026-03-29 00:00:00
C013124,direct,200+,FR,2026-06-16 00:00:00
C013125,sea,1-10,FR,2026-04-28 00:00:00
C013126,sea,11-50,BE,2026-03-21 00:00:00
C013127,seo,1-10,BE,2026-06-02 00:00:00
C013128,direct,11-50,FR,2026-03-24 00:00:00
C013129,referral,200+,FR,2026-05-10 00:00:00
C013130,referral,1-10,FR,2026-03-15 00:00:00
C013131,direct,51-200,FR,2026-06-21 00:00:00
C013132,referral,51-200,BE,2026-02-04 00:00:00
C013133,referral,1-10,FR,2026-04-09 00:00:00
C013134,seo,1-10,FR,2026-01-10 00:00:00
C013135,sea,51-200,FR,2026-04-21 00:00:00
C013136,referral,51-200,CA,2026-06-22 00:00:00
C013137,seo,11-50,FR,2026-06-30 00:00:00
C013138,direct,1-10,FR,2026-03-14 00:00:00
C013139,seo,11-50,FR,2026-04-21 00:00:00
C013140,referral,11-50,FR,2026-06-27 00:00:00
C013141,referral,51-200,FR,2026-04-04 00:00:00
C013142,seo,11-50,FR,2026-07-03 00:00:00
C013143,direct,200+,FR,2026-03-30 00:00:00
C013144,direct,1-10,BE,2026-05-13 00:00:00
C013145,referral,51-200,FR,2026-06-30 00:00:00
C013146,referral,51-200,FR,2026-06-03 00:00:00
C013147,direct,1-10,FR,2026-03-21 00:00:00
C013148,seo,1-10,FR,2026-04-26 00:00:00
C013149,sea,200+,CH,2026-03-04 00:00:00
C013150,sea,51-200,CA,2026-03-15 00:00:00
C013151,direct,11-50,FR,2026-03-18 00:00:00
C013152,seo,11-50,FR,2026-01-25 00:00:00
C013153,seo,200+,CH,2026-03-27 00:00:00
C013154,sea,1-10,FR,2026-04-13 00:00:00
C013155,referral,11-50,FR,2026-02-06 00:00:00
C013156,sea,200+,FR,2026-01-10 00:00:00
C013157,seo,51-200,FR,2026-03-07 00:00:00
C013158,sea,200+,FR,2026-02-22 00:00:00
C013159,sea,200+,FR,2026-03-02 00:00:00
C013160,seo,11-50,FR,2026-05-28 00:00:00
C013161,sea,1-10,FR,2026-07-02 00:00:00
C013162,direct,51-200,FR,2026-03-02 00:00:00
C013163,seo,1-10,FR,2026-01-28 00:00:00
C013164,sea,51-200,FR,2026-04-09 00:00:00
C013165,sea,1-10,BE,2026-04-26 00:00:00
C013166,seo,11-50,FR,2026-06-12 00:00:00
C013167,sea,51-200,FR,2026-04-29 00:00:00
C013168,seo,200+,BE,2026-05-07 00:00:00
C013169,referral,51-200,FR,2026-01-23 00:00:00
C013170,direct,11-50,BE,2026-04-02 00:00:00
C013171,seo,200+,FR,2026-03-01 00:00:00
C013172,sea,1-10,FR,2026-03-19 00:00:00
C013173,referral,1-10,FR,2026-06-12 00:00:00
C013174,seo,1-10,FR,2026-01-20 00:00:00
C013175,direct,11-50,FR,2026-03-02 00:00:00
C013176,direct,51-200,FR,2026-03-02 00:00:00
C013177,sea,11-50,FR,2026-02-20 00:00:00
C013178,sea,11-50,BE,2026-03-20 00:00:00
C013179,referral,51-200,FR,2026-01-05 00:00:00
C013180,sea,200+,FR,2026-04-27 00:00:00
C013181,direct,1-10,CA,2026-02-14 00:00:00
C013182,direct,11-50,FR,2026-02-01 00:00:00
C013183,seo,51-200,FR,2026-01-06 00:00:00
C013184,seo,51-200,BE,2026-03-05 00:00:00
C013185,sea,1-10,FR,2026-02-10 00:00:00
C013186,referral,11-50,BE,2026-06-01 00:00:00
C013187,sea,51-200,FR,2026-01-12 00:00:00
C013188,direct,51-200,CH,2026-05-16 00:00:00
C013189,referral,200+,FR,2026-06-07 00:00:00
C013190,direct,11-50,FR,2026-04-07 00:00:00
C013191,seo,11-50,CH,2026-02-24 00:00:00
C013192,sea,51-200,FR,2026-05-13 00:00:00
C013193,referral,200+,BE,2026-06-23 00:00:00
C013194,seo,11-50,FR,2026-04-19 00:00:00
C013195,seo,1-10,FR,2026-02-25 00:00:00
C013196,sea,11-50,FR,2026-06-06 00:00:00
C013197,seo,51-200,FR,2026-02-13 00:00:00
C013198,direct,1-10,FR,2026-01-04 00:00:00
C013199,referral,1-10,BE,2026-05-30 00:00:00
C013200,referral,200+,FR,2026-03-14 00:00:00
C013201,seo,51-200,FR,2026-03-28 00:00:00
C013202,sea,1-10,FR,2026-06-08 00:00:00
C013203,referral,51-200,FR,2026-03-21 00:00:00
C013204,sea,200+,FR,2026-02-01 00:00:00
C013205,sea,1-10,FR,2026-02-17 00:00:00
C013206,direct,1-10,FR,2026-03-02 00:00:00
C013207,direct,51-200,CA,2026-04-17 00:00:00
C013208,referral,200+,FR,2026-04-06 00:00:00
C013209,direct,11-50,CA,2026-06-12 00:00:00
C013210,sea,51-200,FR,2026-04-03 00:00:00
C013211,referral,1-10,FR,2026-04-13 00:00:00
C013212,sea,1-10,CH,2026-03-08 00:00:00
C013213,sea,1-10,FR,2026-07-18 00:00:00
C013214,direct,51-200,CA,2026-07-16 00:00:00
C013215,sea,200+,CA,2026-05-26 00:00:00
C013216,sea,200+,FR,2026-01-03 00:00:00
C013217,sea,200+,FR,2026-02-09 00:00:00
C013218,referral,11-50,BE,2026-02-06 00:00:00
C013219,sea,11-50,FR,2026-01-24 00:00:00
C013220,direct,11-50,FR,2026-06-04 00:00:00
C013221,sea,11-50,BE,2026-03-30 00:00:00
C013222,referral,51-200,FR,2026-06-07 00:00:00
C013223,seo,11-50,FR,2026-02-08 00:00:00
C013224,referral,1-10,FR,2026-01-04 00:00:00
C013225,seo,51-200,FR,2026-02-14 00:00:00
C013226,sea,200+,CH,2026-01-13 00:00:00
C013227,seo,200+,CH,2026-07-08 00:00:00
C013228,direct,11-50,CA,2026-05-21 00:00:00
C013229,seo,11-50,CH,2026-05-21 00:00:00
C013230,direct,51-200,FR,2026-01-17 00:00:00
C013231,sea,1-10,FR,2026-01-08 00:00:00
C013232,sea,11-50,BE,2026-01-06 00:00:00
C013233,sea,51-200,BE,2026-01-23 00:00:00
C013234,direct,11-50,CA,2026-03-23 00:00:00
C013235,seo,200+,FR,2026-06-13 00:00:00
C013236,seo,200+,FR,2026-01-20 00:00:00
C013237,sea,51-200,FR,2026-07-12 00:00:00
C013238,seo,51-200,FR,2026-03-29 00:00:00
C013239,seo,51-200,FR,2026-04-18 00:00:00
C013240,seo,1-10,FR,2026-06-14 00:00:00
C013241,direct,1-10,FR,2026-01-21 00:00:00
C013242,direct,51-200,FR,2026-05-11 00:00:00
C013243,seo,1-10,FR,2026-04-13 00:00:00
C013244,direct,51-200,FR,2026-04-30 00:00:00
C013245,sea,200+,BE,2026-02-27 00:00:00
C013246,seo,200+,FR,2026-03-05 00:00:00
C013247,referral,51-200,CA,2026-07-17 00:00:00
C013248,sea,11-50,FR,2026-05-04 00:00:00
C013249,sea,200+,FR,2026-04-29 00:00:00
C013250,sea,200+,FR,2026-01-19 00:00:00
C013251,sea,51-200,FR,2026-05-02 00:00:00
C013252,sea,51-200,FR,2026-04-10 00:00:00
C013253,referral,1-10,FR,2026-01-10 00:00:00
C013254,direct,51-200,CH,2026-07-13 00:00:00
C013255,seo,1-10,FR,2026-03-06 00:00:00
C013256,direct,1-10,FR,2026-04-12 00:00:00
C013257,seo,1-10,CH,2026-01-27 00:00:00
C013258,seo,1-10,FR,2026-01-19 00:00:00
C013259,referral,1-10,FR,2026-02-04 00:00:00
C013260,seo,11-50,CA,2026-05-27 00:00:00
C013261,sea,1-10,FR,2026-06-08 00:00:00
C013262,referral,11-50,CH,2026-04-15 00:00:00
C013263,direct,11-50,FR,2026-01-04 00:00:00
C013264,seo,200+,FR,2026-04-26 00:00:00
C013265,sea,1-10,FR,2026-06-25 00:00:00
C013266,direct,11-50,BE,2026-06-29 00:00:00
C013267,sea,200+,BE,2026-04-13 00:00:00
C013268,referral,1-10,FR,2026-06-28 00:00:00
C013269,direct,51-200,BE,2026-03-25 00:00:00
C013270,seo,51-200,FR,2026-01-26 00:00:00
C013271,seo,200+,BE,2026-02-22 00:00:00
C013272,referral,51-200,FR,2026-06-09 00:00:00
C013273,referral,1-10,CH,2026-01-29 00:00:00
C013274,referral,1-10,FR,2026-06-30 00:00:00
C013275,referral,200+,CA,2026-01-31 00:00:00
C013276,direct,200+,FR,2026-05-06 00:00:00
C013277,seo,11-50,FR,2026-03-12 00:00:00
C013278,referral,200+,CA,2026-05-04 00:00:00
C013279,direct,1-10,FR,2026-05-19 00:00:00
C013280,direct,11-50,CH,2026-03-04 00:00:00
C013281,referral,1-10,FR,2026-05-19 00:00:00
C013282,sea,51-200,CH,2026-03-24 00:00:00
C013283,sea,200+,FR,2026-01-02 00:00:00
C013284,seo,11-50,FR,2026-05-06 00:00:00
C013285,sea,11-50,FR,2026-04-06 00:00:00
C013286,referral,51-200,FR,2026-06-26 00:00:00
C013287,sea,11-50,FR,2026-05-03 00:00:00
C013288,seo,200+,CH,2026-04-11 00:00:00
C013289,referral,1-10,FR,2026-01-12 00:00:00
C013290,direct,11-50,FR,2026-02-21 00:00:00
C013291,referral,11-50,FR,2026-03-14 00:00:00
C013292,direct,1-10,FR,2026-03-05 00:00:00
C013293,sea,11-50,FR,2026-03-29 00:00:00
C013294,sea,11-50,FR,2026-03-09 00:00:00
C013295,seo,200+,FR,2026-05-08 00:00:00
C013296,direct,200+,CA,2026-05-08 00:00:00
C013297,sea,200+,FR,2026-04-04 00:00:00
C013298,direct,11-50,CA,2026-06-08 00:00:00
C013299,sea,1-10,FR,2026-01-22 00:00:00
C013300,direct,1-10,BE,2026-04-19 00:00:00
C013301,referral,200+,FR,2026-06-07 00:00:00
C013302,referral,51-200,BE,2026-03-05 00:00:00
C013303,seo,200+,CH,2026-04-29 00:00:00
C013304,referral,51-200,CH,2026-02-08 00:00:00
C013305,sea,51-200,FR,2026-07-15 00:00:00
C013306,seo,1-10,FR,2026-06-09 00:00:00
C013307,seo,51-200,FR,2026-07-04 00:00:00
C013308,direct,11-50,CA,2026-06-18 00:00:00
C013309,direct,1-10,BE,2026-03-09 00:00:00
C013310,referral,51-200,BE,2026-01-31 00:00:00
C013311,sea,200+,FR,2026-07-13 00:00:00
C013312,referral,1-10,FR,2026-04-27 00:00:00
C013313,sea,51-200,BE,2026-07-14 00:00:00
C013314,referral,11-50,FR,2026-05-07 00:00:00
C013315,seo,51-200,FR,2026-04-22 00:00:00
C013316,sea,1-10,FR,2026-01-16 00:00:00
C013317,direct,1-10,CA,2026-03-31 00:00:00
C013318,seo,11-50,BE,2026-06-09 00:00:00
C013319,referral,51-200,BE,2026-04-08 00:00:00
C013320,referral,200+,FR,2026-03-08 00:00:00
C013321,direct,51-200,FR,2026-05-08 00:00:00
C013322,direct,51-200,FR,2026-03-14 00:00:00
C013323,direct,1-10,FR,2026-04-03 00:00:00
C013324,seo,1-10,FR,2026-06-21 00:00:00
C013325,sea,11-50,FR,2026-04-18 00:00:00
C013326,sea,11-50,FR,2026-05-06 00:00:00
C013327,sea,200+,CA,2026-02-20 00:00:00
C013328,referral,11-50,CH,2026-03-23 00:00:00
C013329,seo,11-50,CA,2026-07-08 00:00:00
C013330,seo,51-200,FR,2026-02-20 00:00:00
C013331,referral,11-50,FR,2026-04-30 00:00:00
C013332,referral,11-50,BE,2026-02-13 00:00:00
C013333,referral,11-50,FR,2026-05-28 00:00:00
C013334,direct,200+,BE,2026-01-07 00:00:00
C013335,referral,11-50,FR,2026-06-21 00:00:00
C013336,seo,200+,FR,2026-02-14 00:00:00
C013337,seo,11-50,FR,2026-01-11 00:00:00
C013338,sea,1-10,FR,2026-05-20 00:00:00
C013339,sea,51-200,FR,2026-01-20 00:00:00
C013340,referral,200+,FR,2026-03-20 00:00:00
C013341,sea,200+,FR,2026-03-11 00:00:00
C013342,referral,200+,BE,2026-04-01 00:00:00
C013343,seo,200+,FR,2026-01-02 00:00:00
C013344,referral,51-200,FR,2026-02-06 00:00:00
C013345,seo,1-10,CA,2026-06-25 00:00:00
C013346,direct,200+,FR,2026-07-10 00:00:00
C013347,sea,11-50,FR,2026-05-31 00:00:00
C013348,seo,1-10,FR,2026-07-14 00:00:00
C013349,referral,200+,FR,2026-06-11 00:00:00
C013350,direct,11-50,FR,2026-01-10 00:00:00
C013351,sea,1-10,FR,2026-02-26 00:00:00
C013352,sea,1-10,FR,2026-07-10 00:00:00
C013353,direct,1-10,FR,2026-07-06 00:00:00
C013354,direct,200+,CH,2026-06-26 00:00:00
C013355,direct,1-10,FR,2026-06-10 00:00:00
C013356,direct,51-200,FR,2026-04-14 00:00:00
C013357,seo,11-50,FR,2026-02-16 00:00:00
C013358,seo,200+,BE,2026-05-21 00:00:00
C013359,referral,51-200,FR,2026-01-12 00:00:00
C013360,referral,11-50,FR,2026-03-10 00:00:00
C013361,referral,1-10,BE,2026-05-05 00:00:00
C013362,seo,51-200,CH,2026-05-08 00:00:00
C013363,seo,1-10,FR,2026-02-24 00:00:00
C013364,referral,200+,FR,2026-07-05 00:00:00
C013365,direct,51-200,FR,2026-04-17 00:00:00
C013366,seo,11-50,FR,2026-04-11 00:00:00
C013367,direct,1-10,CA,2026-03-14 00:00:00
C013368,direct,200+,FR,2026-07-01 00:00:00
C013369,seo,51-200,FR,2026-03-20 00:00:00
C013370,seo,51-200,FR,2026-01-07 00:00:00
C013371,seo,11-50,FR,2026-07-03 00:00:00
C013372,direct,11-50,FR,2026-01-16 00:00:00
C013373,seo,1-10,FR,2026-06-17 00:00:00
C013374,referral,1-10,BE,2026-07-19 00:00:00
C013375,direct,51-200,FR,2026-02-20 00:00:00
C013376,direct,1-10,FR,2026-07-13 00:00:00
C013377,sea,51-200,FR,2026-03-20 00:00:00
C013378,referral,200+,FR,2026-03-05 00:00:00
C013379,sea,11-50,CH,2026-05-01 00:00:00
C013380,seo,11-50,CH,2026-01-17 00:00:00
C013381,direct,51-200,FR,2026-04-06 00:00:00
C013382,sea,200+,FR,2026-02-13 00:00:00
C013383,referral,11-50,FR,2026-04-06 00:00:00
C013384,seo,1-10,FR,2026-04-10 00:00:00
C013385,referral,1-10,FR,2026-03-26 00:00:00
C013386,direct,200+,BE,2026-03-16 00:00:00
C013387,seo,11-50,FR,2026-05-24 00:00:00
C013388,direct,11-50,FR,2026-07-13 00:00:00
C013389,sea,51-200,FR,2026-01-16 00:00:00
C013390,referral,51-200,FR,2026-01-21 00:00:00
C013391,seo,11-50,CH,2026-07-13 00:00:00
C013392,referral,200+,CH,2026-02-22 00:00:00
C013393,referral,200+,CH,2026-01-30 00:00:00
C013394,sea,200+,FR,2026-03-17 00:00:00
C013395,sea,1-10,FR,2026-02-24 00:00:00
C013396,sea,200+,FR,2026-04-17 00:00:00
C013397,seo,200+,FR,2026-07-14 00:00:00
C013398,direct,11-50,FR,2026-06-12 00:00:00
C013399,seo,11-50,FR,2026-01-11 00:00:00
C013400,referral,200+,FR,2026-02-16 00:00:00
C013401,sea,1-10,FR,2026-07-18 00:00:00
C013402,direct,1-10,FR,2026-06-02 00:00:00
C013403,direct,1-10,CH,2026-05-11 00:00:00
C013404,direct,200+,FR,2026-06-28 00:00:00
C013405,direct,1-10,FR,2026-02-13 00:00:00
C013406,direct,11-50,CH,2026-04-21 00:00:00
C013407,seo,1-10,FR,2026-07-14 00:00:00
C013408,seo,200+,FR,2026-05-01 00:00:00
C013409,referral,200+,FR,2026-04-10 00:00:00
C013410,referral,200+,FR,2026-03-26 00:00:00
C013411,referral,51-200,CH,2026-03-26 00:00:00
C013412,referral,200+,CA,2026-03-07 00:00:00
C013413,sea,1-10,FR,2026-05-23 00:00:00
C013414,referral,51-200,CH,2026-01-25 00:00:00
C013415,seo,1-10,CH,2026-05-19 00:00:00
C013416,direct,200+,CH,2026-06-02 00:00:00
C013417,referral,1-10,FR,2026-06-12 00:00:00
C013418,sea,1-10,FR,2026-03-05 00:00:00
C013419,sea,1-10,FR,2026-06-12 00:00:00
C013420,referral,51-200,CA,2026-03-22 00:00:00
C013421,sea,11-50,FR,2026-03-07 00:00:00
C013422,direct,11-50,FR,2026-02-18 00:00:00
C013423,direct,51-200,BE,2026-06-23 00:00:00
C013424,direct,200+,CH,2026-05-25 00:00:00
C013425,direct,1-10,BE,2026-06-24 00:00:00
C013426,sea,11-50,FR,2026-01-02 00:00:00
C013427,referral,1-10,FR,2026-04-29 00:00:00
C013428,referral,11-50,FR,2026-03-12 00:00:00
C013429,direct,1-10,BE,2026-03-18 00:00:00
C013430,direct,51-200,BE,2026-02-02 00:00:00
C013431,direct,51-200,FR,2026-03-18 00:00:00
C013432,sea,51-200,FR,2026-05-29 00:00:00
C013433,referral,200+,FR,2026-01-15 00:00:00
C013434,seo,1-10,CA,2026-04-10 00:00:00
C013435,sea,51-200,FR,2026-05-07 00:00:00
C013436,referral,1-10,FR,2026-06-16 00:00:00
C013437,referral,1-10,FR,2026-07-09 00:00:00
C013438,seo,200+,FR,2026-04-17 00:00:00
C013439,seo,200+,FR,2026-05-03 00:00:00
C013440,seo,1-10,FR,2026-03-28 00:00:00
C013441,sea,11-50,FR,2026-01-31 00:00:00
C013442,direct,1-10,FR,2026-03-29 00:00:00
C013443,referral,200+,FR,2026-01-31 00:00:00
C013444,seo,200+,FR,2026-01-12 00:00:00
C013445,seo,200+,BE,2026-01-06 00:00:00
C013446,seo,200+,CA,2026-07-06 00:00:00
C013447,sea,200+,FR,2026-06-07 00:00:00
C013448,direct,1-10,FR,2026-01-08 00:00:00
C013449,direct,11-50,BE,2026-02-09 00:00:00
C013450,referral,200+,BE,2026-05-01 00:00:00
C013451,referral,200+,CA,2026-04-25 00:00:00
C013452,referral,11-50,FR,2026-01-01 00:00:00
C013453,direct,1-10,CA,2026-07-14 00:00:00
C013454,sea,1-10,FR,2026-06-29 00:00:00
C013455,seo,1-10,FR,2026-05-29 00:00:00
C013456,referral,11-50,FR,2026-06-12 00:00:00
C013457,sea,11-50,FR,2026-04-22 00:00:00
C013458,seo,11-50,CH,2026-05-23 00:00:00
C013459,direct,200+,CA,2026-06-27 00:00:00
C013460,direct,11-50,FR,2026-06-25 00:00:00
C013461,sea,51-200,FR,2026-05-05 00:00:00
C013462,sea,1-10,FR,2026-04-16 00:00:00
C013463,sea,51-200,FR,2026-01-11 00:00:00
C013464,seo,200+,FR,2026-06-15 00:00:00
C013465,seo,11-50,FR,2026-02-20 00:00:00
C013466,direct,200+,FR,2026-04-28 00:00:00
C013467,direct,1-10,FR,2026-03-10 00:00:00
C013468,sea,51-200,FR,2026-06-04 00:00:00
C013469,referral,11-50,FR,2026-02-02 00:00:00
C013470,sea,200+,FR,2026-06-13 00:00:00
C013471,direct,1-10,FR,2026-02-05 00:00:00
C013472,seo,11-50,FR,2026-02-04 00:00:00
C013473,seo,51-200,CA,2026-05-02 00:00:00
C013474,sea,1-10,FR,2026-06-13 00:00:00
C013475,direct,200+,CH,2026-02-17 00:00:00
C013476,direct,200+,CA,2026-07-06 00:00:00
C013477,seo,1-10,CH,2026-01-11 00:00:00
C013478,seo,1-10,FR,2026-04-13 00:00:00
C013479,sea,1-10,FR,2026-04-19 00:00:00
C013480,direct,11-50,FR,2026-06-26 00:00:00
C013481,sea,200+,FR,2026-02-07 00:00:00
C013482,sea,1-10,FR,2026-04-29 00:00:00
C013483,seo,11-50,FR,2026-01-05 00:00:00
C013484,direct,200+,CH,2026-03-07 00:00:00
C013485,sea,200+,CA,2026-01-23 00:00:00
C013486,sea,200+,FR,2026-05-28 00:00:00
C013487,direct,51-200,BE,2026-03-18 00:00:00
C013488,direct,1-10,FR,2026-03-30 00:00:00
C013489,referral,200+,FR,2026-05-06 00:00:00
C013490,referral,1-10,FR,2026-05-24 00:00:00
C013491,referral,11-50,BE,2026-03-23 00:00:00
C013492,seo,51-200,FR,2026-04-02 00:00:00
C013493,seo,51-200,FR,2026-01-29 00:00:00
C013494,referral,1-10,FR,2026-03-13 00:00:00
C013495,referral,11-50,FR,2026-06-20 00:00:00
C013496,referral,200+,BE,2026-07-16 00:00:00
C013497,seo,51-200,FR,2026-07-09 00:00:00
C013498,seo,1-10,FR,2026-04-22 00:00:00
C013499,seo,1-10,CH,2026-05-11 00:00:00
C013500,seo,11-50,FR,2026-04-10 00:00:00
C013501,seo,1-10,FR,2026-05-24 00:00:00
C013502,referral,200+,FR,2026-05-24 00:00:00
C013503,direct,51-200,FR,2026-06-10 00:00:00
C013504,direct,1-10,CA,2026-05-09 00:00:00
C013505,referral,51-200,FR,2026-03-17 00:00:00
C013506,direct,1-10,FR,2026-04-12 00:00:00
C013507,referral,11-50,FR,2026-01-22 00:00:00
C013508,sea,200+,FR,2026-02-19 00:00:00
C013509,referral,200+,FR,2026-04-06 00:00:00
C013510,referral,200+,FR,2026-04-29 00:00:00
C013511,direct,11-50,FR,2026-04-15 00:00:00
C013512,seo,200+,FR,2026-03-04 00:00:00
C013513,sea,1-10,CH,2026-03-01 00:00:00
C013514,seo,11-50,FR,2026-05-18 00:00:00
C013515,sea,11-50,FR,2026-05-14 00:00:00
C013516,sea,200+,CH,2026-05-31 00:00:00
C013517,referral,1-10,FR,2026-06-02 00:00:00
C013518,direct,51-200,FR,2026-01-30 00:00:00
C013519,sea,200+,FR,2026-05-19 00:00:00
C013520,sea,1-10,CH,2026-03-01 00:00:00
C013521,direct,200+,FR,2026-05-16 00:00:00
C013522,seo,1-10,FR,2026-03-23 00:00:00
C013523,referral,51-200,FR,2026-03-28 00:00:00
C013524,referral,200+,FR,2026-01-22 00:00:00
C013525,referral,200+,CH,2026-02-15 00:00:00
C013526,seo,51-200,FR,2026-06-30 00:00:00
C013527,sea,1-10,BE,2026-07-15 00:00:00
C013528,seo,11-50,FR,2026-03-15 00:00:00
C013529,seo,51-200,CH,2026-02-22 00:00:00
C013530,referral,51-200,FR,2026-04-04 00:00:00
C013531,sea,51-200,FR,2026-02-20 00:00:00
C013532,seo,51-200,FR,2026-02-21 00:00:00
C013533,direct,200+,FR,2026-01-07 00:00:00
C013534,sea,51-200,CH,2026-01-11 00:00:00
C013535,sea,51-200,FR,2026-05-02 00:00:00
C013536,referral,11-50,FR,2026-03-27 00:00:00
C013537,referral,11-50,FR,2026-01-17 00:00:00
C013538,direct,11-50,FR,2026-01-02 00:00:00
C013539,seo,200+,FR,2026-04-09 00:00:00
C013540,direct,200+,CH,2026-07-09 00:00:00
C013541,sea,200+,FR,2026-04-16 00:00:00
C013542,sea,11-50,FR,2026-05-10 00:00:00
C013543,seo,11-50,FR,2026-02-21 00:00:00
C013544,referral,51-200,FR,2026-01-23 00:00:00
C013545,sea,200+,FR,2026-06-05 00:00:00
C013546,sea,51-200,FR,2026-03-06 00:00:00
C013547,direct,200+,FR,2026-07-04 00:00:00
C013548,sea,1-10,FR,2026-04-18 00:00:00
C013549,referral,11-50,FR,2026-05-18 00:00:00
C013550,sea,11-50,BE,2026-06-06 00:00:00
C013551,referral,11-50,CH,2026-06-23 00:00:00
C013552,direct,200+,CA,2026-02-02 00:00:00
C013553,direct,51-200,FR,2026-06-21 00:00:00
C013554,sea,51-200,FR,2026-04-04 00:00:00
C013555,sea,11-50,CH,2026-02-22 00:00:00
C013556,direct,200+,FR,2026-02-05 00:00:00
C013557,direct,51-200,FR,2026-04-14 00:00:00
C013558,sea,200+,FR,2026-02-20 00:00:00
C013559,referral,200+,BE,2026-02-01 00:00:00
C013560,seo,51-200,CA,2026-01-31 00:00:00
C013561,sea,1-10,FR,2026-04-27 00:00:00
C013562,seo,51-200,FR,2026-03-13 00:00:00
C013563,seo,200+,FR,2026-01-15 00:00:00
C013564,sea,51-200,BE,2026-02-22 00:00:00
C013565,referral,1-10,FR,2026-07-10 00:00:00
C013566,direct,200+,FR,2026-04-15 00:00:00
C013567,seo,1-10,FR,2026-04-10 00:00:00
C013568,sea,200+,FR,2026-01-07 00:00:00
C013569,direct,1-10,FR,2026-06-02 00:00:00
C013570,sea,200+,CH,2026-02-16 00:00:00
C013571,direct,11-50,CA,2026-06-21 00:00:00
C013572,direct,11-50,FR,2026-07-12 00:00:00
C013573,direct,1-10,BE,2026-05-16 00:00:00
C013574,sea,200+,CA,2026-04-26 00:00:00
C013575,direct,200+,FR,2026-07-08 00:00:00
C013576,direct,11-50,FR,2026-07-15 00:00:00
C013577,referral,1-10,FR,2026-06-12 00:00:00
C013578,sea,1-10,BE,2026-07-06 00:00:00
C013579,referral,200+,BE,2026-03-27 00:00:00
C013580,referral,11-50,CH,2026-02-27 00:00:00
C013581,sea,200+,BE,2026-05-26 00:00:00
C013582,referral,200+,FR,2026-02-27 00:00:00
C013583,referral,200+,FR,2026-04-12 00:00:00
C013584,direct,200+,CA,2026-01-02 00:00:00
C013585,seo,11-50,FR,2026-06-16 00:00:00
C013586,direct,1-10,FR,2026-06-12 00:00:00
C013587,direct,200+,CH,2026-03-28 00:00:00
C013588,sea,51-200,FR,2026-05-11 00:00:00
C013589,referral,11-50,FR,2026-01-09 00:00:00
C013590,sea,200+,CA,2026-06-26 00:00:00
C013591,referral,11-50,FR,2026-02-07 00:00:00
C013592,referral,11-50,CA,2026-02-27 00:00:00
C013593,seo,1-10,FR,2026-07-17 00:00:00
C013594,seo,51-200,FR,2026-02-19 00:00:00
C013595,referral,11-50,CH,2026-07-01 00:00:00
C013596,direct,51-200,CH,2026-05-19 00:00:00
C013597,direct,51-200,FR,2026-03-11 00:00:00
C013598,referral,200+,FR,2026-07-04 00:00:00
C013599,sea,200+,FR,2026-06-07 00:00:00
C013600,direct,1-10,FR,2026-03-23 00:00:00
C013601,seo,200+,FR,2026-02-01 00:00:00
C013602,direct,200+,FR,2026-05-22 00:00:00
C013603,referral,51-200,FR,2026-04-24 00:00:00
C013604,direct,51-200,CA,2026-03-16 00:00:00
C013605,direct,200+,FR,2026-03-09 00:00:00
C013606,seo,1-10,CH,2026-01-26 00:00:00
C013607,direct,200+,FR,2026-06-24 00:00:00
C013608,seo,200+,FR,2026-05-15 00:00:00
C013609,seo,200+,FR,2026-03-22 00:00:00
C013610,direct,51-200,FR,2026-01-30 00:00:00
C013611,direct,51-200,BE,2026-02-02 00:00:00
C013612,seo,51-200,FR,2026-03-27 00:00:00
C013613,direct,51-200,FR,2026-05-08 00:00:00
C013614,seo,200+,FR,2026-02-10 00:00:00
C013615,referral,200+,BE,2026-03-19 00:00:00
C013616,direct,1-10,FR,2026-06-25 00:00:00
C013617,seo,51-200,CA,2026-06-06 00:00:00
C013618,direct,200+,FR,2026-07-14 00:00:00
C013619,sea,1-10,CH,2026-01-30 00:00:00
C013620,seo,51-200,FR,2026-06-01 00:00:00
C013621,direct,11-50,FR,2026-04-21 00:00:00
C013622,referral,200+,BE,2026-01-12 00:00:00
C013623,sea,200+,CA,2026-04-18 00:00:00
C013624,seo,11-50,CA,2026-03-08 00:00:00
C013625,seo,11-50,FR,2026-05-06 00:00:00
C013626,seo,1-10,FR,2026-05-08 00:00:00
C013627,referral,1-10,FR,2026-01-02 00:00:00
C013628,sea,51-200,FR,2026-04-17 00:00:00
C013629,direct,200+,CA,2026-05-15 00:00:00
C013630,seo,11-50,FR,2026-06-22 00:00:00
C013631,direct,1-10,FR,2026-06-21 00:00:00
C013632,direct,200+,FR,2026-03-15 00:00:00
C013633,seo,200+,FR,2026-01-10 00:00:00
C013634,seo,1-10,FR,2026-06-11 00:00:00
C013635,seo,1-10,CA,2026-06-30 00:00:00
C013636,seo,11-50,CA,2026-06-24 00:00:00
C013637,direct,1-10,FR,2026-06-27 00:00:00
C013638,referral,51-200,CA,2026-03-25 00:00:00
C013639,direct,11-50,CA,2026-05-06 00:00:00
C013640,seo,11-50,FR,2026-02-26 00:00:00
C013641,referral,200+,CH,2026-07-14 00:00:00
C013642,direct,1-10,FR,2026-01-02 00:00:00
C013643,referral,11-50,FR,2026-05-08 00:00:00
C013644,referral,1-10,FR,2026-07-06 00:00:00
C013645,seo,51-200,FR,2026-06-26 00:00:00
C013646,referral,51-200,BE,2026-03-25 00:00:00
C013647,referral,51-200,FR,2026-05-24 00:00:00
C013648,seo,1-10,FR,2026-07-11 00:00:00
C013649,referral,200+,BE,2026-06-06 00:00:00
C013650,referral,1-10,FR,2026-04-05 00:00:00
C013651,direct,200+,FR,2026-02-06 00:00:00
C013652,referral,200+,FR,2026-02-09 00:00:00
C013653,direct,1-10,FR,2026-07-14 00:00:00
C013654,referral,11-50,FR,2026-05-18 00:00:00
C013655,sea,11-50,FR,2026-03-25 00:00:00
C013656,direct,1-10,BE,2026-05-18 00:00:00
C013657,sea,11-50,FR,2026-02-20 00:00:00
C013658,seo,1-10,FR,2026-04-26 00:00:00
C013659,direct,200+,FR,2026-01-29 00:00:00
C013660,sea,11-50,CH,2026-03-30 00:00:00
C013661,direct,1-10,CA,2026-03-10 00:00:00
C013662,seo,200+,FR,2026-05-26 00:00:00
C013663,sea,51-200,FR,2026-02-11 00:00:00
C013664,referral,51-200,FR,2026-01-12 00:00:00
C013665,sea,200+,FR,2026-01-11 00:00:00
C013666,seo,11-50,CH,2026-04-24 00:00:00
C013667,direct,1-10,FR,2026-07-16 00:00:00
C013668,referral,200+,FR,2026-04-24 00:00:00
C013669,sea,200+,FR,2026-06-03 00:00:00
C013670,seo,200+,FR,2026-02-08 00:00:00
C013671,seo,200+,FR,2026-05-21 00:00:00
C013672,direct,51-200,BE,2026-01-04 00:00:00
C013673,sea,11-50,CH,2026-01-02 00:00:00
C013674,referral,51-200,FR,2026-03-06 00:00:00
C013675,direct,11-50,CA,2026-06-13 00:00:00
C013676,sea,51-200,FR,2026-02-03 00:00:00
C013677,seo,1-10,FR,2026-03-27 00:00:00
C013678,seo,200+,CA,2026-02-23 00:00:00
C013679,direct,51-200,FR,2026-06-16 00:00:00
C013680,referral,200+,FR,2026-01-31 00:00:00
C013681,direct,51-200,FR,2026-06-09 00:00:00
C013682,seo,1-10,CH,2026-03-29 00:00:00
C013683,direct,1-10,FR,2026-01-08 00:00:00
C013684,referral,1-10,CA,2026-03-07 00:00:00
C013685,referral,200+,FR,2026-01-16 00:00:00
C013686,direct,11-50,FR,2026-05-10 00:00:00
C013687,referral,51-200,FR,2026-03-02 00:00:00
C013688,direct,51-200,FR,2026-03-18 00:00:00
C013689,direct,1-10,FR,2026-07-02 00:00:00
C013690,sea,1-10,FR,2026-07-10 00:00:00
C013691,seo,51-200,CH,2026-02-05 00:00:00
C013692,sea,1-10,FR,2026-02-11 00:00:00
C013693,seo,11-50,FR,2026-04-03 00:00:00
C013694,direct,11-50,FR,2026-06-27 00:00:00
C013695,seo,200+,BE,2026-04-25 00:00:00
C013696,direct,1-10,FR,2026-07-14 00:00:00
C013697,direct,51-200,FR,2026-03-19 00:00:00
C013698,referral,200+,CH,2026-04-12 00:00:00
C013699,sea,1-10,FR,2026-02-27 00:00:00
C013700,referral,11-50,CH,2026-01-19 00:00:00
C013701,direct,200+,FR,2026-05-16 00:00:00
C013702,direct,51-200,FR,2026-05-13 00:00:00
C013703,sea,51-200,FR,2026-04-25 00:00:00
C013704,referral,11-50,FR,2026-04-05 00:00:00
C013705,sea,200+,FR,2026-03-13 00:00:00
C013706,seo,200+,FR,2026-07-14 00:00:00
C013707,seo,51-200,FR,2026-02-02 00:00:00
C013708,direct,200+,FR,2026-02-09 00:00:00
C013709,sea,1-10,FR,2026-01-05 00:00:00
C013710,sea,200+,FR,2026-06-29 00:00:00
C013711,seo,1-10,FR,2026-04-30 00:00:00
C013712,referral,200+,CA,2026-04-26 00:00:00
C013713,direct,1-10,BE,2026-02-21 00:00:00
C013714,sea,51-200,CH,2026-02-14 00:00:00
C013715,referral,200+,CA,2026-01-19 00:00:00
C013716,direct,51-200,FR,2026-01-24 00:00:00
C013717,direct,51-200,CH,2026-03-13 00:00:00
C013718,sea,1-10,CA,2026-02-28 00:00:00
C013719,seo,51-200,FR,2026-02-22 00:00:00
C013720,referral,1-10,FR,2026-05-21 00:00:00
C013721,direct,200+,FR,2026-05-10 00:00:00
C013722,seo,11-50,FR,2026-05-16 00:00:00
C013723,seo,11-50,FR,2026-06-06 00:00:00
C013724,sea,1-10,FR,2026-06-30 00:00:00
C013725,seo,11-50,FR,2026-06-09 00:00:00
C013726,direct,1-10,FR,2026-01-07 00:00:00
C013727,seo,200+,CA,2026-04-16 00:00:00
C013728,referral,200+,BE,2026-02-25 00:00:00
C013729,seo,51-200,CA,2026-03-19 00:00:00
C013730,seo,200+,FR,2026-06-18 00:00:00
C013731,referral,1-10,FR,2026-05-10 00:00:00
C013732,direct,11-50,FR,2026-03-11 00:00:00
C013733,seo,11-50,FR,2026-07-19 00:00:00
C013734,seo,11-50,FR,2026-05-24 00:00:00
C013735,seo,200+,CA,2026-02-21 00:00:00
C013736,seo,1-10,FR,2026-02-12 00:00:00
C013737,direct,1-10,BE,2026-06-08 00:00:00
C013738,direct,51-200,FR,2026-03-11 00:00:00
C013739,direct,11-50,BE,2026-04-13 00:00:00
C013740,direct,51-200,FR,2026-04-03 00:00:00
C013741,referral,51-200,FR,2026-04-27 00:00:00
C013742,seo,1-10,CH,2026-04-20 00:00:00
C013743,seo,11-50,BE,2026-01-31 00:00:00
C013744,seo,11-50,CH,2026-06-24 00:00:00
C013745,referral,51-200,BE,2026-07-05 00:00:00
C013746,referral,51-200,CA,2026-06-17 00:00:00
C013747,direct,51-200,CA,2026-05-06 00:00:00
C013748,direct,200+,FR,2026-03-09 00:00:00
C013749,sea,51-200,CH,2026-02-06 00:00:00
C013750,direct,1-10,CH,2026-05-03 00:00:00
C013751,referral,11-50,FR,2026-03-02 00:00:00
C013752,sea,51-200,CA,2026-04-22 00:00:00
C013753,referral,200+,FR,2026-02-19 00:00:00
C013754,referral,11-50,BE,2026-05-06 00:00:00
C013755,referral,11-50,FR,2026-06-02 00:00:00
C013756,seo,1-10,FR,2026-04-20 00:00:00
C013757,referral,11-50,FR,2026-05-25 00:00:00
C013758,referral,51-200,FR,2026-07-17 00:00:00
C013759,referral,11-50,FR,2026-04-15 00:00:00
C013760,sea,51-200,CH,2026-04-04 00:00:00
C013761,direct,51-200,FR,2026-07-16 00:00:00
C013762,direct,200+,FR,2026-01-07 00:00:00
C013763,seo,11-50,CH,2026-06-18 00:00:00
C013764,direct,1-10,FR,2026-07-06 00:00:00
C013765,sea,200+,FR,2026-04-13 00:00:00
C013766,seo,51-200,FR,2026-05-23 00:00:00
C013767,direct,51-200,FR,2026-03-05 00:00:00
C013768,sea,1-10,CH,2026-04-25 00:00:00
C013769,referral,200+,FR,2026-07-18 00:00:00
C013770,sea,200+,BE,2026-03-17 00:00:00
C013771,referral,51-200,FR,2026-04-05 00:00:00
C013772,referral,1-10,FR,2026-06-05 00:00:00
C013773,referral,1-10,FR,2026-06-25 00:00:00
C013774,seo,200+,FR,2026-02-18 00:00:00
C013775,referral,200+,FR,2026-05-30 00:00:00
C013776,direct,200+,FR,2026-05-15 00:00:00
C013777,direct,11-50,BE,2026-07-06 00:00:00
C013778,sea,11-50,FR,2026-02-09 00:00:00
C013779,seo,51-200,FR,2026-03-13 00:00:00
C013780,direct,11-50,FR,2026-07-18 00:00:00
C013781,sea,11-50,FR,2026-07-11 00:00:00
C013782,direct,11-50,FR,2026-02-02 00:00:00
C013783,seo,51-200,FR,2026-05-26 00:00:00
C013784,referral,200+,FR,2026-07-05 00:00:00
C013785,direct,200+,CH,2026-07-12 00:00:00
C013786,direct,51-200,CH,2026-02-01 00:00:00
C013787,direct,51-200,FR,2026-01-14 00:00:00
C013788,direct,1-10,BE,2026-04-06 00:00:00
C013789,seo,51-200,FR,2026-06-10 00:00:00
C013790,direct,51-200,FR,2026-05-04 00:00:00
C013791,direct,51-200,FR,2026-01-22 00:00:00
C013792,referral,51-200,CA,2026-04-24 00:00:00
C013793,sea,200+,FR,2026-06-15 00:00:00
C013794,direct,51-200,FR,2026-01-10 00:00:00
C013795,sea,51-200,CA,2026-04-10 00:00:00
C013796,direct,1-10,FR,2026-01-02 00:00:00
C013797,direct,200+,FR,2026-05-01 00:00:00
C013798,referral,200+,BE,2026-05-13 00:00:00
C013799,sea,1-10,FR,2026-01-07 00:00:00
C013800,seo,51-200,FR,2026-05-06 00:00:00
C013801,seo,200+,FR,2026-02-18 00:00:00
C013802,direct,200+,FR,2026-02-01 00:00:00
C013803,sea,200+,FR,2026-01-05 00:00:00
C013804,sea,200+,FR,2026-02-03 00:00:00
C013805,direct,11-50,FR,2026-06-24 00:00:00
C013806,direct,1-10,CH,2026-03-25 00:00:00
C013807,direct,51-200,FR,2026-07-07 00:00:00
C013808,seo,1-10,FR,2026-04-04 00:00:00
C013809,seo,11-50,FR,2026-03-14 00:00:00
C013810,seo,51-200,FR,2026-07-05 00:00:00
C013811,referral,1-10,FR,2026-01-07 00:00:00
C013812,seo,1-10,BE,2026-06-08 00:00:00
C013813,seo,11-50,CH,2026-01-28 00:00:00
C013814,referral,11-50,FR,2026-03-31 00:00:00
C013815,referral,51-200,FR,2026-04-15 00:00:00
C013816,referral,51-200,BE,2026-06-26 00:00:00
C013817,sea,200+,FR,2026-04-21 00:00:00
C013818,seo,1-10,FR,2026-07-12 00:00:00
C013819,referral,11-50,CH,2026-04-09 00:00:00
C013820,direct,200+,CH,2026-03-07 00:00:00
C013821,direct,200+,BE,2026-01-26 00:00:00
C013822,direct,200+,FR,2026-06-29 00:00:00
C013823,sea,200+,CA,2026-01-27 00:00:00
C013824,seo,11-50,FR,2026-01-22 00:00:00
C013825,sea,51-200,BE,2026-05-06 00:00:00
C013826,direct,1-10,BE,2026-06-04 00:00:00
C013827,referral,11-50,FR,2026-01-17 00:00:00
C013828,sea,200+,FR,2026-01-08 00:00:00
C013829,sea,1-10,FR,2026-01-07 00:00:00
C013830,sea,200+,FR,2026-04-20 00:00:00
C013831,direct,1-10,FR,2026-01-29 00:00:00
C013832,sea,1-10,BE,2026-04-28 00:00:00
C013833,referral,200+,FR,2026-04-03 00:00:00
C013834,sea,51-200,FR,2026-06-05 00:00:00
C013835,sea,11-50,FR,2026-02-16 00:00:00
C013836,sea,200+,FR,2026-04-14 00:00:00
C013837,referral,200+,FR,2026-04-03 00:00:00
C013838,sea,200+,FR,2026-03-03 00:00:00
C013839,referral,51-200,FR,2026-01-30 00:00:00
C013840,referral,1-10,FR,2026-07-12 00:00:00
C013841,direct,51-200,FR,2026-02-27 00:00:00
C013842,direct,11-50,CA,2026-04-10 00:00:00
C013843,seo,11-50,FR,2026-04-26 00:00:00
C013844,sea,1-10,FR,2026-03-05 00:00:00
C013845,referral,11-50,FR,2026-01-05 00:00:00
C013846,referral,11-50,FR,2026-07-12 00:00:00
C013847,referral,11-50,FR,2026-05-23 00:00:00
C013848,seo,1-10,FR,2026-07-02 00:00:00
C013849,referral,200+,BE,2026-07-06 00:00:00
C013850,referral,11-50,FR,2026-01-04 00:00:00
C013851,seo,1-10,FR,2026-06-17 00:00:00
C013852,sea,200+,FR,2026-01-28 00:00:00
C013853,sea,11-50,FR,2026-06-26 00:00:00
C013854,direct,200+,FR,2026-04-13 00:00:00
C013855,referral,200+,FR,2026-02-01 00:00:00
C013856,direct,11-50,FR,2026-07-05 00:00:00
C013857,seo,200+,FR,2026-04-08 00:00:00
C013858,direct,1-10,BE,2026-05-26 00:00:00
C013859,referral,51-200,CA,2026-03-30 00:00:00
C013860,direct,200+,BE,2026-04-24 00:00:00
C013861,referral,51-200,CH,2026-02-11 00:00:00
C013862,sea,1-10,CH,2026-02-22 00:00:00
C013863,sea,51-200,BE,2026-04-28 00:00:00
C013864,referral,51-200,BE,2026-01-30 00:00:00
C013865,referral,200+,FR,2026-01-26 00:00:00
C013866,direct,51-200,FR,2026-04-02 00:00:00
C013867,sea,51-200,FR,2026-03-12 00:00:00
C013868,sea,1-10,CA,2026-01-31 00:00:00
C013869,seo,11-50,FR,2026-02-18 00:00:00
C013870,sea,11-50,CH,2026-04-22 00:00:00
C013871,sea,200+,CA,2026-07-16 00:00:00
C013872,sea,51-200,FR,2026-04-23 00:00:00
C013873,sea,11-50,CH,2026-04-24 00:00:00
C013874,seo,51-200,FR,2026-04-13 00:00:00
C013875,direct,1-10,FR,2026-03-12 00:00:00
C013876,referral,11-50,FR,2026-07-13 00:00:00
C013877,seo,11-50,FR,2026-04-28 00:00:00
C013878,seo,11-50,FR,2026-04-14 00:00:00
C013879,direct,200+,FR,2026-07-15 00:00:00
C013880,referral,11-50,FR,2026-04-17 00:00:00
C013881,direct,1-10,CA,2026-07-02 00:00:00
C013882,referral,1-10,FR,2026-01-25 00:00:00
C013883,referral,1-10,FR,2026-02-14 00:00:00
C013884,direct,1-10,CH,2026-02-12 00:00:00
C013885,referral,200+,BE,2026-06-06 00:00:00
C013886,direct,200+,CA,2026-04-22 00:00:00
C013887,referral,11-50,CA,2026-06-14 00:00:00
C013888,direct,11-50,FR,2026-03-13 00:00:00
C013889,referral,1-10,FR,2026-05-30 00:00:00
C013890,referral,200+,CH,2026-05-16 00:00:00
C013891,seo,1-10,FR,2026-03-11 00:00:00
C013892,seo,1-10,FR,2026-01-13 00:00:00
C013893,referral,1-10,FR,2026-03-21 00:00:00
C013894,seo,51-200,CH,2026-01-20 00:00:00
C013895,direct,200+,FR,2026-03-07 00:00:00
C013896,seo,11-50,FR,2026-03-31 00:00:00
C013897,sea,11-50,FR,2026-03-03 00:00:00
C013898,sea,11-50,FR,2026-02-11 00:00:00
C013899,seo,1-10,FR,2026-03-12 00:00:00
C013900,sea,1-10,CA,2026-06-18 00:00:00
C013901,referral,1-10,FR,2026-02-08 00:00:00
C013902,sea,11-50,FR,2026-04-26 00:00:00
C013903,direct,200+,FR,2026-06-19 00:00:00
C013904,sea,1-10,CH,2026-03-04 00:00:00
C013905,referral,51-200,BE,2026-03-25 00:00:00
C013906,seo,1-10,CH,2026-04-11 00:00:00
C013907,direct,1-10,FR,2026-07-17 00:00:00
C013908,referral,1-10,CH,2026-03-24 00:00:00
C013909,direct,200+,CA,2026-03-23 00:00:00
C013910,seo,1-10,FR,2026-02-23 00:00:00
C013911,direct,51-200,FR,2026-06-16 00:00:00
C013912,seo,1-10,FR,2026-04-07 00:00:00
C013913,direct,11-50,CA,2026-01-02 00:00:00
C013914,seo,51-200,FR,2026-07-06 00:00:00
C013915,referral,200+,FR,2026-06-16 00:00:00
C013916,direct,1-10,FR,2026-06-20 00:00:00
C013917,direct,200+,FR,2026-01-26 00:00:00
C013918,direct,51-200,FR,2026-04-30 00:00:00
C013919,seo,200+,FR,2026-02-20 00:00:00
C013920,sea,11-50,FR,2026-01-28 00:00:00
C013921,referral,11-50,FR,2026-04-18 00:00:00
C013922,direct,1-10,FR,2026-05-10 00:00:00
C013923,seo,11-50,FR,2026-06-16 00:00:00
C013924,direct,1-10,CA,2026-04-21 00:00:00
C013925,sea,1-10,CH,2026-07-08 00:00:00
C013926,seo,1-10,FR,2026-02-28 00:00:00
C013927,seo,11-50,FR,2026-03-19 00:00:00
C013928,referral,200+,CA,2026-01-31 00:00:00
C013929,referral,1-10,FR,2026-01-15 00:00:00
C013930,seo,1-10,FR,2026-06-16 00:00:00
C013931,direct,200+,FR,2026-05-26 00:00:00
C013932,referral,11-50,CH,2026-06-23 00:00:00
C013933,sea,200+,CH,2026-01-26 00:00:00
C013934,direct,200+,CH,2026-04-20 00:00:00
C013935,referral,11-50,FR,2026-07-16 00:00:00
C013936,direct,51-200,FR,2026-04-13 00:00:00
C013937,referral,1-10,FR,2026-06-28 00:00:00
C013938,direct,1-10,BE,2026-06-29 00:00:00
C013939,seo,200+,FR,2026-05-01 00:00:00
C013940,seo,11-50,FR,2026-01-11 00:00:00
C013941,seo,200+,FR,2026-03-19 00:00:00
C013942,referral,11-50,FR,2026-06-12 00:00:00
C013943,direct,51-200,CA,2026-05-30 00:00:00
C013944,direct,11-50,FR,2026-01-22 00:00:00
C013945,direct,11-50,FR,2026-04-25 00:00:00
C013946,sea,1-10,FR,2026-04-14 00:00:00
C013947,direct,11-50,FR,2026-03-05 00:00:00
C013948,referral,51-200,FR,2026-01-06 00:00:00
C013949,referral,1-10,FR,2026-04-15 00:00:00
C013950,sea,51-200,FR,2026-06-12 00:00:00
C013951,direct,11-50,FR,2026-03-16 00:00:00
C013952,seo,1-10,BE,2026-06-17 00:00:00
C013953,direct,1-10,FR,2026-04-15 00:00:00
C013954,seo,1-10,CA,2026-06-09 00:00:00
C013955,direct,1-10,FR,2026-03-30 00:00:00
C013956,direct,51-200,FR,2026-05-02 00:00:00
C013957,direct,51-200,BE,2026-04-10 00:00:00
C013958,direct,11-50,FR,2026-05-11 00:00:00
C013959,seo,11-50,CA,2026-06-10 00:00:00
C013960,sea,11-50,FR,2026-02-28 00:00:00
C013961,referral,200+,FR,2026-07-08 00:00:00
C013962,direct,1-10,FR,2026-06-02 00:00:00
C013963,referral,51-200,FR,2026-07-10 00:00:00
C013964,seo,51-200,FR,2026-03-14 00:00:00
C013965,referral,200+,FR,2026-01-25 00:00:00
C013966,sea,11-50,FR,2026-02-25 00:00:00
C013967,referral,11-50,FR,2026-03-12 00:00:00
C013968,sea,200+,CA,2026-03-18 00:00:00
C013969,seo,200+,FR,2026-06-20 00:00:00
C013970,direct,200+,BE,2026-03-09 00:00:00
C013971,referral,200+,FR,2026-04-08 00:00:00
C013972,sea,51-200,CA,2026-05-15 00:00:00
C013973,referral,1-10,FR,2026-05-11 00:00:00
C013974,sea,200+,CH,2026-03-10 00:00:00
C013975,referral,11-50,BE,2026-04-22 00:00:00
C013976,referral,51-200,FR,2026-07-02 00:00:00
C013977,seo,11-50,FR,2026-01-07 00:00:00
C013978,referral,11-50,FR,2026-02-15 00:00:00
C013979,seo,51-200,FR,2026-06-18 00:00:00
C013980,referral,11-50,CH,2026-04-06 00:00:00
C013981,sea,200+,CA,2026-01-28 00:00:00
C013982,seo,200+,FR,2026-05-27 00:00:00
C013983,direct,11-50,CA,2026-04-17 00:00:00
C013984,direct,51-200,FR,2026-06-05 00:00:00
C013985,sea,51-200,CA,2026-05-03 00:00:00
C013986,referral,1-10,FR,2026-01-01 00:00:00
C013987,direct,51-200,FR,2026-02-12 00:00:00
C013988,sea,11-50,CH,2026-03-05 00:00:00
C013989,seo,200+,FR,2026-06-21 00:00:00
C013990,seo,51-200,FR,2026-03-15 00:00:00
C013991,seo,1-10,FR,2026-01-07 00:00:00
C013992,seo,200+,CA,2026-06-17 00:00:00
C013993,referral,11-50,FR,2026-07-10 00:00:00
C013994,referral,1-10,FR,2026-07-05 00:00:00
C013995,sea,11-50,FR,2026-03-08 00:00:00
C013996,sea,200+,BE,2026-05-07 00:00:00
C013997,referral,200+,FR,2026-04-23 00:00:00
C013998,seo,200+,FR,2026-01-05 00:00:00
C013999,seo,1-10,CH,2026-04-28 00:00:00
C014000,seo,200+,BE,2026-02-11 00:00:00
C014001,direct,200+,FR,2026-05-02 00:00:00
C014002,referral,1-10,BE,2026-03-22 00:00:00
C014003,seo,200+,BE,2026-05-03 00:00:00
C014004,sea,11-50,BE,2026-06-03 00:00:00
C014005,direct,200+,CH,2026-05-28 00:00:00
C014006,direct,200+,FR,2026-02-16 00:00:00
C014007,direct,1-10,FR,2026-05-12 00:00:00
C014008,referral,51-200,CA,2026-03-17 00:00:00
C014009,seo,1-10,FR,2026-05-09 00:00:00
C014010,seo,1-10,FR,2026-07-02 00:00:00
C014011,sea,200+,FR,2026-06-19 00:00:00
C014012,seo,1-10,FR,2026-01-06 00:00:00
C014013,seo,11-50,FR,2026-03-01 00:00:00
C014014,sea,1-10,FR,2026-07-01 00:00:00
C014015,referral,200+,CH,2026-05-29 00:00:00
C014016,sea,51-200,FR,2026-06-29 00:00:00
C014017,seo,1-10,FR,2026-06-07 00:00:00
C014018,seo,200+,FR,2026-06-21 00:00:00
C014019,direct,11-50,FR,2026-06-25 00:00:00
C014020,direct,11-50,FR,2026-01-29 00:00:00
C014021,direct,51-200,FR,2026-07-02 00:00:00
C014022,seo,200+,FR,2026-03-12 00:00:00
C014023,sea,11-50,CH,2026-04-04 00:00:00
C014024,direct,200+,CH,2026-04-22 00:00:00
C014025,seo,1-10,CH,2026-06-18 00:00:00
C014026,seo,11-50,CA,2026-01-02 00:00:00
C014027,referral,1-10,BE,2026-05-18 00:00:00
C014028,referral,11-50,CH,2026-03-22 00:00:00
C014029,sea,11-50,FR,2026-05-22 00:00:00
C014030,seo,200+,FR,2026-07-08 00:00:00
C014031,referral,51-200,FR,2026-06-25 00:00:00
C014032,referral,1-10,FR,2026-01-27 00:00:00
C014033,referral,1-10,FR,2026-04-27 00:00:00
C014034,referral,200+,FR,2026-05-05 00:00:00
C014035,referral,11-50,CH,2026-03-10 00:00:00
C014036,seo,1-10,FR,2026-05-24 00:00:00
C014037,seo,1-10,FR,2026-07-14 00:00:00
C014038,sea,200+,FR,2026-01-02 00:00:00
C014039,direct,200+,CH,2026-02-25 00:00:00
C014040,referral,11-50,FR,2026-02-17 00:00:00
C014041,referral,51-200,FR,2026-05-09 00:00:00
C014042,referral,11-50,FR,2026-03-09 00:00:00
C014043,seo,200+,FR,2026-04-06 00:00:00
C014044,direct,11-50,FR,2026-04-11 00:00:00
C014045,seo,1-10,CH,2026-06-20 00:00:00
C014046,referral,11-50,FR,2026-06-22 00:00:00
C014047,direct,11-50,FR,2026-01-13 00:00:00
C014048,referral,200+,FR,2026-05-26 00:00:00
C014049,sea,200+,CH,2026-05-18 00:00:00
C014050,seo,11-50,FR,2026-03-01 00:00:00
C014051,sea,51-200,FR,2026-03-09 00:00:00
C014052,sea,11-50,FR,2026-04-15 00:00:00
C014053,sea,11-50,FR,2026-06-02 00:00:00
C014054,seo,200+,FR,2026-01-22 00:00:00
C014055,sea,51-200,CA,2026-07-14 00:00:00
C014056,seo,1-10,FR,2026-03-10 00:00:00
C014057,sea,51-200,FR,2026-04-11 00:00:00
C014058,seo,1-10,FR,2026-02-10 00:00:00
C014059,seo,1-10,CH,2026-06-14 00:00:00
C014060,referral,1-10,FR,2026-05-02 00:00:00
C014061,direct,51-200,FR,2026-04-19 00:00:00
C014062,seo,51-200,CA,2026-06-16 00:00:00
C014063,seo,1-10,FR,2026-05-28 00:00:00
C014064,seo,11-50,BE,2026-04-27 00:00:00
C014065,referral,200+,FR,2026-04-17 00:00:00
C014066,seo,11-50,CH,2026-04-17 00:00:00
C014067,sea,200+,FR,2026-05-15 00:00:00
C014068,direct,1-10,FR,2026-06-05 00:00:00
C014069,seo,51-200,CA,2026-01-04 00:00:00
C014070,referral,200+,CA,2026-05-19 00:00:00
C014071,direct,1-10,CA,2026-02-22 00:00:00
C014072,seo,51-200,BE,2026-02-15 00:00:00
C014073,sea,200+,FR,2026-04-10 00:00:00
C014074,seo,51-200,FR,2026-04-17 00:00:00
C014075,sea,200+,FR,2026-03-19 00:00:00
C014076,direct,1-10,FR,2026-02-16 00:00:00
C014077,sea,51-200,BE,2026-03-10 00:00:00
C014078,referral,1-10,BE,2026-06-01 00:00:00
C014079,seo,51-200,FR,2026-04-03 00:00:00
C014080,sea,51-200,CH,2026-03-17 00:00:00
C014081,seo,51-200,FR,2026-04-24 00:00:00
C014082,seo,200+,CA,2026-01-30 00:00:00
C014083,seo,11-50,FR,2026-04-30 00:00:00
C014084,seo,11-50,BE,2026-01-06 00:00:00
C014085,referral,1-10,FR,2026-01-15 00:00:00
C014086,direct,1-10,BE,2026-02-03 00:00:00
C014087,seo,51-200,CH,2026-07-04 00:00:00
C014088,referral,1-10,BE,2026-06-06 00:00:00
C014089,sea,200+,FR,2026-06-27 00:00:00
C014090,referral,1-10,FR,2026-05-24 00:00:00
C014091,direct,200+,FR,2026-04-25 00:00:00
C014092,seo,1-10,CA,2026-03-11 00:00:00
C014093,seo,200+,FR,2026-03-30 00:00:00
C014094,referral,51-200,BE,2026-02-07 00:00:00
C014095,seo,51-200,FR,2026-05-11 00:00:00
C014096,seo,1-10,FR,2026-04-02 00:00:00
C014097,direct,51-200,CA,2026-05-16 00:00:00
C014098,seo,1-10,FR,2026-03-28 00:00:00
C014099,sea,200+,CA,2026-03-07 00:00:00
C014100,seo,51-200,FR,2026-06-09 00:00:00
C014101,sea,11-50,FR,2026-02-04 00:00:00
C014102,sea,51-200,CA,2026-05-14 00:00:00
C014103,referral,11-50,FR,2026-06-02 00:00:00
C014104,referral,1-10,FR,2026-01-08 00:00:00
C014105,seo,200+,FR,2026-01-23 00:00:00
C014106,direct,200+,FR,2026-02-08 00:00:00
C014107,seo,11-50,FR,2026-02-01 00:00:00
C014108,direct,51-200,FR,2026-05-15 00:00:00
C014109,sea,51-200,FR,2026-05-02 00:00:00
C014110,referral,51-200,FR,2026-06-06 00:00:00
C014111,direct,200+,FR,2026-06-24 00:00:00
C014112,referral,11-50,FR,2026-02-19 00:00:00
C014113,referral,1-10,FR,2026-06-25 00:00:00
C014114,referral,200+,FR,2026-05-30 00:00:00
C014115,seo,51-200,FR,2026-02-03 00:00:00
C014116,direct,51-200,BE,2026-07-06 00:00:00
C014117,referral,11-50,BE,2026-07-04 00:00:00
C014118,sea,200+,FR,2026-03-31 00:00:00
C014119,referral,200+,FR,2026-07-05 00:00:00
C014120,direct,51-200,FR,2026-03-03 00:00:00
C014121,direct,1-10,BE,2026-04-14 00:00:00
C014122,sea,1-10,FR,2026-04-19 00:00:00
C014123,seo,51-200,FR,2026-05-20 00:00:00
C014124,seo,11-50,CH,2026-04-08 00:00:00
C014125,sea,1-10,FR,2026-05-05 00:00:00
C014126,sea,51-200,CH,2026-01-09 00:00:00
C014127,seo,1-10,FR,2026-03-17 00:00:00
C014128,direct,200+,FR,2026-02-04 00:00:00
C014129,referral,200+,CH,2026-02-27 00:00:00
C014130,direct,200+,FR,2026-04-09 00:00:00
C014131,seo,11-50,FR,2026-03-05 00:00:00
C014132,sea,200+,FR,2026-03-15 00:00:00
C014133,sea,11-50,FR,2026-03-17 00:00:00
C014134,referral,51-200,FR,2026-04-11 00:00:00
C014135,direct,11-50,FR,2026-04-12 00:00:00
C014136,direct,1-10,FR,2026-01-27 00:00:00
C014137,seo,1-10,FR,2026-04-15 00:00:00
C014138,sea,11-50,CA,2026-04-29 00:00:00
C014139,seo,200+,FR,2026-05-09 00:00:00
C014140,sea,1-10,CH,2026-02-03 00:00:00
C014141,direct,1-10,FR,2026-07-08 00:00:00
C014142,referral,51-200,CA,2026-02-20 00:00:00
C014143,direct,51-200,FR,2026-06-09 00:00:00
C014144,seo,200+,FR,2026-05-05 00:00:00
C014145,sea,1-10,FR,2026-02-01 00:00:00
C014146,sea,200+,FR,2026-02-19 00:00:00
C014147,referral,1-10,FR,2026-03-13 00:00:00
C014148,sea,51-200,FR,2026-03-16 00:00:00
C014149,sea,200+,FR,2026-01-26 00:00:00
C014150,sea,51-200,FR,2026-04-12 00:00:00
C014151,sea,1-10,CA,2026-03-20 00:00:00
C014152,referral,200+,FR,2026-02-23 00:00:00
C014153,sea,11-50,BE,2026-05-18 00:00:00
C014154,referral,200+,CH,2026-06-15 00:00:00
C014155,sea,51-200,FR,2026-04-24 00:00:00
C014156,referral,1-10,FR,2026-03-06 00:00:00
C014157,direct,11-50,FR,2026-02-09 00:00:00
C014158,seo,51-200,FR,2026-05-05 00:00:00
C014159,direct,200+,FR,2026-03-21 00:00:00
C014160,seo,11-50,FR,2026-05-03 00:00:00
C014161,direct,11-50,FR,2026-06-24 00:00:00
C014162,seo,200+,FR,2026-02-02 00:00:00
C014163,referral,11-50,FR,2026-06-22 00:00:00
C014164,direct,200+,FR,2026-04-14 00:00:00
C014165,referral,1-10,FR,2026-01-22 00:00:00
C014166,seo,200+,FR,2026-06-01 00:00:00
C014167,seo,11-50,FR,2026-02-12 00:00:00
C014168,referral,1-10,FR,2026-07-07 00:00:00
C014169,direct,200+,CA,2026-03-05 00:00:00
C014170,seo,51-200,FR,2026-04-18 00:00:00
C014171,direct,200+,FR,2026-06-12 00:00:00
C014172,referral,200+,FR,2026-06-03 00:00:00
C014173,seo,200+,FR,2026-04-28 00:00:00
C014174,seo,11-50,FR,2026-01-17 00:00:00
C014175,sea,11-50,FR,2026-02-11 00:00:00
C014176,referral,11-50,FR,2026-04-30 00:00:00
C014177,referral,11-50,FR,2026-02-09 00:00:00
C014178,direct,200+,FR,2026-02-02 00:00:00
C014179,direct,1-10,FR,2026-01-20 00:00:00
C014180,seo,51-200,FR,2026-05-16 00:00:00
C014181,sea,51-200,FR,2026-05-19 00:00:00
C014182,sea,11-50,FR,2026-05-15 00:00:00
C014183,referral,1-10,CH,2026-01-31 00:00:00
C014184,sea,1-10,FR,2026-04-05 00:00:00
C014185,sea,51-200,FR,2026-02-08 00:00:00
C014186,seo,1-10,FR,2026-06-12 00:00:00
C014187,direct,200+,FR,2026-07-09 00:00:00
C014188,sea,200+,FR,2026-07-07 00:00:00
C014189,referral,51-200,FR,2026-07-15 00:00:00
C014190,direct,11-50,FR,2026-03-10 00:00:00
C014191,direct,200+,FR,2026-05-20 00:00:00
C014192,seo,200+,FR,2026-07-12 00:00:00
C014193,direct,51-200,FR,2026-02-08 00:00:00
C014194,direct,11-50,BE,2026-06-29 00:00:00
C014195,seo,51-200,BE,2026-02-06 00:00:00
C014196,sea,1-10,FR,2026-03-12 00:00:00
C014197,direct,200+,CH,2026-01-13 00:00:00
C014198,referral,51-200,FR,2026-05-05 00:00:00
C014199,direct,200+,FR,2026-01-17 00:00:00
C014200,referral,200+,FR,2026-02-26 00:00:00
C014201,seo,200+,BE,2026-01-06 00:00:00
C014202,direct,51-200,FR,2026-03-24 00:00:00
C014203,referral,200+,BE,2026-07-02 00:00:00
C014204,referral,11-50,FR,2026-04-27 00:00:00
C014205,sea,11-50,FR,2026-05-02 00:00:00
C014206,sea,11-50,CA,2026-06-02 00:00:00
C014207,referral,1-10,CH,2026-03-07 00:00:00
C014208,sea,1-10,FR,2026-05-05 00:00:00
C014209,referral,1-10,CA,2026-04-22 00:00:00
C014210,direct,200+,CH,2026-02-15 00:00:00
C014211,referral,51-200,FR,2026-02-17 00:00:00
C014212,sea,1-10,FR,2026-04-21 00:00:00
C014213,referral,11-50,FR,2026-01-24 00:00:00
C014214,direct,1-10,BE,2026-05-05 00:00:00
C014215,direct,200+,BE,2026-02-27 00:00:00
C014216,direct,1-10,FR,2026-02-28 00:00:00
C014217,sea,11-50,FR,2026-05-15 00:00:00
C014218,sea,11-50,FR,2026-05-25 00:00:00
C014219,seo,1-10,CH,2026-06-14 00:00:00
C014220,sea,1-10,FR,2026-02-20 00:00:00
C014221,referral,1-10,FR,2026-05-21 00:00:00
C014222,sea,1-10,FR,2026-06-08 00:00:00
C014223,sea,200+,FR,2026-03-28 00:00:00
C014224,referral,1-10,CA,2026-06-14 00:00:00
C014225,referral,200+,FR,2026-03-03 00:00:00
C014226,seo,1-10,FR,2026-06-03 00:00:00
C014227,seo,11-50,FR,2026-06-30 00:00:00
C014228,direct,200+,FR,2026-04-01 00:00:00
C014229,referral,200+,FR,2026-02-18 00:00:00
C014230,sea,200+,FR,2026-02-12 00:00:00
C014231,direct,51-200,FR,2026-05-23 00:00:00
C014232,sea,11-50,FR,2026-04-04 00:00:00
C014233,referral,1-10,FR,2026-05-24 00:00:00
C014234,seo,11-50,BE,2026-04-29 00:00:00
C014235,sea,1-10,FR,2026-04-20 00:00:00
C014236,referral,1-10,FR,2026-01-25 00:00:00
C014237,direct,200+,CA,2026-05-03 00:00:00
C014238,direct,51-200,FR,2026-07-11 00:00:00
C014239,seo,11-50,CA,2026-04-12 00:00:00
C014240,referral,11-50,FR,2026-01-21 00:00:00
C014241,seo,51-200,FR,2026-07-08 00:00:00
C014242,sea,1-10,CH,2026-05-01 00:00:00
C014243,sea,51-200,FR,2026-03-27 00:00:00
C014244,seo,1-10,BE,2026-03-14 00:00:00
C014245,referral,1-10,FR,2026-06-15 00:00:00
C014246,referral,200+,BE,2026-02-21 00:00:00
C014247,referral,51-200,FR,2026-06-30 00:00:00
C014248,referral,11-50,FR,2026-03-09 00:00:00
C014249,direct,1-10,CH,2026-07-16 00:00:00
C014250,referral,1-10,FR,2026-04-20 00:00:00
C014251,direct,200+,FR,2026-02-14 00:00:00
C014252,seo,51-200,FR,2026-06-14 00:00:00
C014253,seo,200+,BE,2026-07-11 00:00:00
C014254,referral,11-50,CH,2026-02-06 00:00:00
C014255,referral,200+,FR,2026-06-02 00:00:00
C014256,direct,1-10,FR,2026-02-07 00:00:00
C014257,direct,1-10,FR,2026-06-26 00:00:00
C014258,sea,200+,FR,2026-05-19 00:00:00
C014259,sea,200+,FR,2026-05-15 00:00:00
C014260,direct,51-200,CH,2026-01-03 00:00:00
C014261,sea,51-200,FR,2026-03-07 00:00:00
C014262,sea,200+,FR,2026-02-01 00:00:00
C014263,direct,11-50,FR,2026-05-14 00:00:00
C014264,sea,200+,CA,2026-05-07 00:00:00
C014265,seo,51-200,FR,2026-02-16 00:00:00
C014266,seo,1-10,FR,2026-05-01 00:00:00
C014267,referral,11-50,FR,2026-02-17 00:00:00
C014268,sea,200+,FR,2026-05-21 00:00:00
C014269,referral,11-50,FR,2026-05-25 00:00:00
C014270,direct,11-50,CA,2026-03-17 00:00:00
C014271,sea,11-50,CH,2026-04-04 00:00:00
C014272,direct,51-200,FR,2026-04-26 00:00:00
C014273,referral,11-50,FR,2026-06-06 00:00:00
C014274,direct,11-50,FR,2026-02-12 00:00:00
C014275,referral,200+,CA,2026-04-24 00:00:00
C014276,sea,11-50,CA,2026-03-01 00:00:00
C014277,referral,200+,FR,2026-02-27 00:00:00
C014278,direct,1-10,FR,2026-04-26 00:00:00
C014279,referral,11-50,FR,2026-02-28 00:00:00
C014280,seo,11-50,FR,2026-03-29 00:00:00
C014281,seo,200+,BE,2026-01-27 00:00:00
C014282,direct,1-10,FR,2026-05-08 00:00:00
C014283,seo,11-50,FR,2026-03-28 00:00:00
C014284,seo,200+,CA,2026-05-04 00:00:00
C014285,referral,51-200,FR,2026-04-24 00:00:00
C014286,seo,200+,FR,2026-03-10 00:00:00
C014287,direct,51-200,CH,2026-01-29 00:00:00
C014288,direct,11-50,FR,2026-03-14 00:00:00
C014289,direct,1-10,FR,2026-02-06 00:00:00
C014290,direct,51-200,CH,2026-07-17 00:00:00
C014291,direct,1-10,FR,2026-03-05 00:00:00
C014292,sea,200+,FR,2026-04-17 00:00:00
C014293,sea,200+,BE,2026-07-09 00:00:00
C014294,referral,200+,CH,2026-07-11 00:00:00
C014295,direct,200+,CA,2026-07-11 00:00:00
C014296,direct,51-200,BE,2026-05-21 00:00:00
C014297,seo,11-50,FR,2026-02-24 00:00:00
C014298,sea,11-50,FR,2026-05-30 00:00:00
C014299,direct,1-10,FR,2026-07-01 00:00:00
C014300,sea,51-200,BE,2026-03-27 00:00:00
C014301,referral,200+,FR,2026-06-17 00:00:00
C014302,direct,51-200,FR,2026-07-14 00:00:00
C014303,sea,51-200,FR,2026-06-19 00:00:00
C014304,referral,51-200,FR,2026-04-14 00:00:00
C014305,seo,1-10,CH,2026-01-18 00:00:00
C014306,referral,200+,FR,2026-07-16 00:00:00
C014307,seo,51-200,FR,2026-04-12 00:00:00
C014308,seo,1-10,FR,2026-05-06 00:00:00
C014309,sea,200+,FR,2026-06-07 00:00:00
C014310,sea,11-50,FR,2026-02-10 00:00:00
C014311,seo,51-200,FR,2026-07-05 00:00:00
C014312,sea,200+,FR,2026-05-18 00:00:00
C014313,seo,51-200,CA,2026-02-23 00:00:00
C014314,seo,11-50,FR,2026-04-25 00:00:00
C014315,sea,51-200,FR,2026-02-14 00:00:00
C014316,seo,51-200,FR,2026-07-17 00:00:00
C014317,seo,11-50,BE,2026-02-04 00:00:00
C014318,direct,1-10,FR,2026-04-20 00:00:00
C014319,seo,51-200,FR,2026-04-22 00:00:00
C014320,seo,1-10,CA,2026-06-14 00:00:00
C014321,seo,11-50,FR,2026-06-09 00:00:00
C014322,direct,200+,CH,2026-05-09 00:00:00
C014323,referral,200+,CH,2026-04-11 00:00:00
C014324,direct,200+,BE,2026-05-05 00:00:00
C014325,sea,11-50,BE,2026-03-18 00:00:00
C014326,sea,1-10,FR,2026-07-06 00:00:00
C014327,sea,11-50,FR,2026-04-17 00:00:00
C014328,direct,11-50,FR,2026-03-21 00:00:00
C014329,referral,1-10,CA,2026-02-24 00:00:00
C014330,seo,11-50,FR,2026-02-05 00:00:00
C014331,seo,200+,CH,2026-06-23 00:00:00
C014332,sea,11-50,FR,2026-01-26 00:00:00
C014333,seo,1-10,FR,2026-03-18 00:00:00
C014334,direct,11-50,FR,2026-02-21 00:00:00
C014335,direct,11-50,CH,2026-01-09 00:00:00
C014336,referral,1-10,FR,2026-02-17 00:00:00
C014337,seo,11-50,CH,2026-02-15 00:00:00
C014338,referral,1-10,FR,2026-04-09 00:00:00
C014339,seo,11-50,FR,2026-01-04 00:00:00
C014340,referral,11-50,BE,2026-02-20 00:00:00
C014341,direct,1-10,FR,2026-03-01 00:00:00
C014342,referral,200+,FR,2026-05-22 00:00:00
C014343,seo,51-200,FR,2026-05-18 00:00:00
C014344,referral,51-200,FR,2026-06-07 00:00:00
C014345,referral,200+,BE,2026-04-25 00:00:00
C014346,referral,1-10,FR,2026-05-16 00:00:00
C014347,direct,11-50,CA,2026-04-10 00:00:00
C014348,referral,200+,FR,2026-05-23 00:00:00
C014349,referral,200+,FR,2026-06-12 00:00:00
C014350,sea,11-50,FR,2026-04-01 00:00:00
C014351,direct,200+,CH,2026-05-02 00:00:00
C014352,direct,200+,FR,2026-02-04 00:00:00
C014353,sea,200+,FR,2026-07-17 00:00:00
C014354,direct,1-10,FR,2026-04-22 00:00:00
C014355,sea,11-50,FR,2026-03-26 00:00:00
C014356,referral,51-200,CA,2026-04-15 00:00:00
C014357,seo,51-200,FR,2026-03-07 00:00:00
C014358,seo,200+,BE,2026-02-20 00:00:00
C014359,sea,11-50,FR,2026-05-27 00:00:00
C014360,direct,200+,FR,2026-06-08 00:00:00
C014361,referral,200+,FR,2026-02-04 00:00:00
C014362,referral,200+,CA,2026-07-15 00:00:00
C014363,referral,51-200,FR,2026-07-13 00:00:00
C014364,direct,11-50,FR,2026-03-25 00:00:00
C014365,sea,1-10,FR,2026-02-28 00:00:00
C014366,seo,1-10,FR,2026-06-28 00:00:00
C014367,sea,200+,FR,2026-03-08 00:00:00
C014368,referral,51-200,FR,2026-04-20 00:00:00
C014369,direct,1-10,CH,2026-03-23 00:00:00
C014370,direct,200+,FR,2026-02-04 00:00:00
C014371,sea,11-50,FR,2026-01-19 00:00:00
C014372,direct,200+,FR,2026-07-09 00:00:00
C014373,seo,200+,FR,2026-07-02 00:00:00
C014374,sea,51-200,FR,2026-05-08 00:00:00
C014375,seo,1-10,CH,2026-07-02 00:00:00
C014376,referral,11-50,FR,2026-03-25 00:00:00
C014377,sea,200+,FR,2026-07-02 00:00:00
C014378,direct,11-50,BE,2026-04-02 00:00:00
C014379,referral,51-200,CH,2026-03-07 00:00:00
C014380,sea,1-10,BE,2026-04-27 00:00:00
C014381,referral,1-10,FR,2026-03-07 00:00:00
C014382,referral,51-200,FR,2026-07-07 00:00:00
C014383,direct,51-200,FR,2026-03-31 00:00:00
C014384,sea,200+,CA,2026-07-02 00:00:00
C014385,referral,200+,FR,2026-03-09 00:00:00
C014386,seo,11-50,FR,2026-02-22 00:00:00
C014387,direct,1-10,FR,2026-01-31 00:00:00
C014388,referral,11-50,FR,2026-04-14 00:00:00
C014389,sea,1-10,BE,2026-05-02 00:00:00
C014390,sea,11-50,FR,2026-07-09 00:00:00
C014391,sea,200+,FR,2026-03-30 00:00:00
C014392,sea,11-50,CA,2026-05-05 00:00:00
C014393,seo,200+,FR,2026-04-26 00:00:00
C014394,direct,11-50,FR,2026-03-29 00:00:00
C014395,seo,1-10,FR,2026-02-27 00:00:00
C014396,seo,11-50,FR,2026-03-27 00:00:00
C014397,seo,51-200,FR,2026-04-27 00:00:00
C014398,seo,200+,FR,2026-03-29 00:00:00
C014399,seo,200+,FR,2026-04-19 00:00:00
C014400,referral,11-50,CH,2026-01-22 00:00:00
C014401,referral,51-200,FR,2026-05-17 00:00:00
C014402,seo,1-10,FR,2026-06-23 00:00:00
C014403,referral,11-50,CA,2026-02-15 00:00:00
C014404,direct,200+,BE,2026-07-15 00:00:00
C014405,sea,1-10,FR,2026-03-31 00:00:00
C014406,sea,11-50,CH,2026-02-13 00:00:00
C014407,sea,200+,FR,2026-06-14 00:00:00
C014408,sea,51-200,FR,2026-01-23 00:00:00
C014409,referral,51-200,CA,2026-03-19 00:00:00
C014410,seo,1-10,CH,2026-01-23 00:00:00
C014411,sea,200+,FR,2026-05-20 00:00:00
C014412,direct,1-10,FR,2026-04-29 00:00:00
C014413,referral,51-200,CA,2026-06-09 00:00:00
C014414,referral,1-10,CA,2026-01-05 00:00:00
C014415,referral,11-50,FR,2026-02-04 00:00:00
C014416,direct,1-10,FR,2026-04-02 00:00:00
C014417,direct,1-10,FR,2026-03-21 00:00:00
C014418,direct,11-50,FR,2026-02-06 00:00:00
C014419,direct,200+,FR,2026-02-16 00:00:00
C014420,direct,51-200,FR,2026-01-02 00:00:00
C014421,seo,11-50,FR,2026-01-09 00:00:00
C014422,seo,1-10,CA,2026-03-24 00:00:00
C014423,direct,200+,FR,2026-03-10 00:00:00
C014424,seo,1-10,BE,2026-04-11 00:00:00
C014425,sea,200+,FR,2026-01-23 00:00:00
C014426,referral,11-50,FR,2026-02-08 00:00:00
C014427,direct,200+,FR,2026-01-13 00:00:00
C014428,direct,51-200,FR,2026-05-26 00:00:00
C014429,sea,200+,BE,2026-06-21 00:00:00
C014430,referral,1-10,FR,2026-06-13 00:00:00
C014431,seo,200+,FR,2026-04-01 00:00:00
C014432,sea,200+,CA,2026-04-03 00:00:00
C014433,direct,1-10,FR,2026-04-19 00:00:00
C014434,sea,1-10,FR,2026-04-10 00:00:00
C014435,direct,1-10,FR,2026-04-14 00:00:00
C014436,direct,51-200,FR,2026-07-01 00:00:00
C014437,sea,11-50,BE,2026-05-27 00:00:00
C014438,direct,200+,FR,2026-03-06 00:00:00
C014439,seo,200+,FR,2026-02-11 00:00:00
C014440,seo,51-200,FR,2026-07-18 00:00:00
C014441,seo,1-10,FR,2026-02-26 00:00:00
C014442,direct,51-200,FR,2026-07-14 00:00:00
C014443,direct,1-10,FR,2026-02-21 00:00:00
C014444,referral,11-50,FR,2026-04-08 00:00:00
C014445,direct,200+,FR,2026-04-20 00:00:00
C014446,direct,200+,FR,2026-04-24 00:00:00
C014447,referral,11-50,FR,2026-03-31 00:00:00
C014448,direct,51-200,FR,2026-04-17 00:00:00
C014449,direct,1-10,FR,2026-05-07 00:00:00
C014450,seo,1-10,FR,2026-05-22 00:00:00
C014451,sea,200+,BE,2026-05-16 00:00:00
C014452,direct,1-10,BE,2026-05-27 00:00:00
C014453,referral,11-50,FR,2026-07-01 00:00:00
C014454,referral,51-200,CA,2026-04-27 00:00:00
C014455,seo,51-200,FR,2026-03-15 00:00:00
C014456,seo,1-10,FR,2026-04-06 00:00:00
C014457,seo,11-50,FR,2026-03-04 00:00:00
C014458,direct,1-10,CA,2026-06-22 00:00:00
C014459,referral,1-10,BE,2026-02-25 00:00:00
C014460,referral,51-200,FR,2026-05-07 00:00:00
C014461,referral,51-200,BE,2026-05-30 00:00:00
C014462,direct,200+,FR,2026-02-01 00:00:00
C014463,direct,200+,BE,2026-05-12 00:00:00
C014464,referral,11-50,FR,2026-04-15 00:00:00
C014465,referral,200+,CA,2026-05-16 00:00:00
C014466,sea,11-50,FR,2026-01-07 00:00:00
C014467,referral,200+,CH,2026-03-25 00:00:00
C014468,sea,1-10,BE,2026-02-12 00:00:00
C014469,direct,51-200,CH,2026-05-23 00:00:00
C014470,referral,1-10,CH,2026-02-26 00:00:00
C014471,seo,1-10,CA,2026-04-25 00:00:00
C014472,seo,51-200,FR,2026-01-18 00:00:00
C014473,referral,200+,FR,2026-04-06 00:00:00
C014474,referral,11-50,FR,2026-03-16 00:00:00
C014475,referral,11-50,FR,2026-06-12 00:00:00
C014476,sea,200+,FR,2026-03-28 00:00:00
C014477,sea,1-10,FR,2026-06-25 00:00:00
C014478,referral,11-50,CH,2026-05-16 00:00:00
C014479,seo,200+,CA,2026-04-14 00:00:00
C014480,direct,1-10,FR,2026-02-28 00:00:00
C014481,seo,51-200,FR,2026-02-23 00:00:00
C014482,seo,200+,FR,2026-04-30 00:00:00
C014483,sea,1-10,FR,2026-03-30 00:00:00
C014484,seo,11-50,FR,2026-04-19 00:00:00
C014485,direct,51-200,BE,2026-01-04 00:00:00
C014486,sea,11-50,FR,2026-03-20 00:00:00
C014487,direct,200+,FR,2026-04-23 00:00:00
C014488,direct,11-50,FR,2026-01-05 00:00:00
C014489,referral,200+,FR,2026-01-17 00:00:00
C014490,direct,200+,FR,2026-01-31 00:00:00
C014491,sea,11-50,CH,2026-04-03 00:00:00
C014492,sea,1-10,FR,2026-03-09 00:00:00
C014493,seo,11-50,CH,2026-04-02 00:00:00
C014494,seo,1-10,FR,2026-04-10 00:00:00
C014495,sea,1-10,FR,2026-01-28 00:00:00
C014496,sea,1-10,BE,2026-06-12 00:00:00
C014497,direct,200+,CH,2026-02-14 00:00:00
C014498,referral,200+,FR,2026-04-05 00:00:00
C014499,seo,11-50,FR,2026-06-24 00:00:00
C014500,referral,200+,FR,2026-02-14 00:00:00
C014501,sea,200+,FR,2026-01-10 00:00:00
C014502,seo,51-200,FR,2026-05-01 00:00:00
C014503,referral,11-50,BE,2026-04-07 00:00:00
C014504,direct,200+,CA,2026-04-15 00:00:00
C014505,direct,1-10,FR,2026-02-25 00:00:00
C014506,sea,11-50,CA,2026-03-31 00:00:00
C014507,referral,51-200,CH,2026-03-13 00:00:00
C014508,referral,11-50,FR,2026-01-18 00:00:00
C014509,direct,11-50,FR,2026-03-15 00:00:00
C014510,direct,200+,FR,2026-03-19 00:00:00
C014511,referral,1-10,FR,2026-05-31 00:00:00
C014512,direct,1-10,FR,2026-04-22 00:00:00
C014513,direct,200+,CA,2026-03-01 00:00:00
C014514,seo,51-200,FR,2026-03-12 00:00:00
C014515,seo,51-200,FR,2026-07-10 00:00:00
C014516,seo,1-10,FR,2026-03-16 00:00:00
C014517,sea,1-10,BE,2026-06-17 00:00:00
C014518,sea,1-10,FR,2026-02-06 00:00:00
C014519,seo,200+,FR,2026-02-26 00:00:00
C014520,seo,200+,FR,2026-01-05 00:00:00
C014521,seo,51-200,CA,2026-07-06 00:00:00
C014522,sea,51-200,FR,2026-06-28 00:00:00
C014523,sea,51-200,FR,2026-03-01 00:00:00
C014524,direct,11-50,FR,2026-04-16 00:00:00
C014525,sea,200+,FR,2026-03-19 00:00:00
C014526,seo,200+,FR,2026-03-14 00:00:00
C014527,seo,200+,FR,2026-03-25 00:00:00
C014528,referral,51-200,FR,2026-03-30 00:00:00
C014529,direct,11-50,FR,2026-04-28 00:00:00
C014530,sea,51-200,CH,2026-06-21 00:00:00
C014531,sea,51-200,FR,2026-06-14 00:00:00
C014532,seo,51-200,FR,2026-05-24 00:00:00
C014533,direct,11-50,FR,2026-02-06 00:00:00
C014534,seo,1-10,FR,2026-06-02 00:00:00
C014535,seo,1-10,FR,2026-02-17 00:00:00
C014536,direct,51-200,FR,2026-04-12 00:00:00
C014537,referral,51-200,BE,2026-06-24 00:00:00
C014538,sea,51-200,FR,2026-01-30 00:00:00
C014539,referral,1-10,CH,2026-02-01 00:00:00
C014540,direct,51-200,FR,2026-03-13 00:00:00
C014541,direct,200+,CH,2026-05-17 00:00:00
C014542,direct,11-50,BE,2026-06-02 00:00:00
C014543,referral,1-10,FR,2026-02-05 00:00:00
C014544,sea,51-200,FR,2026-03-10 00:00:00
C014545,sea,200+,CA,2026-02-09 00:00:00
C014546,seo,1-10,FR,2026-02-07 00:00:00
C014547,referral,200+,CA,2026-05-11 00:00:00
C014548,sea,200+,FR,2026-03-27 00:00:00
C014549,direct,11-50,CH,2026-03-17 00:00:00
C014550,referral,51-200,FR,2026-06-08 00:00:00
C014551,direct,11-50,BE,2026-05-26 00:00:00
C014552,direct,1-10,FR,2026-02-20 00:00:00
C014553,direct,51-200,CA,2026-01-21 00:00:00
C014554,direct,51-200,FR,2026-05-10 00:00:00
C014555,seo,11-50,FR,2026-04-08 00:00:00
C014556,sea,200+,FR,2026-07-06 00:00:00
C014557,sea,51-200,BE,2026-06-22 00:00:00
C014558,sea,1-10,CH,2026-01-26 00:00:00
C014559,direct,51-200,FR,2026-03-08 00:00:00
C014560,direct,200+,CH,2026-01-14 00:00:00
C014561,referral,200+,FR,2026-01-19 00:00:00
C014562,sea,11-50,CH,2026-04-11 00:00:00
C014563,seo,51-200,FR,2026-07-15 00:00:00
C014564,sea,1-10,FR,2026-05-12 00:00:00
C014565,sea,51-200,FR,2026-05-12 00:00:00
C014566,seo,51-200,CA,2026-02-13 00:00:00
C014567,sea,51-200,FR,2026-04-01 00:00:00
C014568,referral,11-50,BE,2026-06-03 00:00:00
C014569,direct,1-10,BE,2026-04-23 00:00:00
C014570,referral,51-200,CA,2026-05-15 00:00:00
C014571,sea,1-10,FR,2026-05-23 00:00:00
C014572,sea,1-10,FR,2026-05-26 00:00:00
C014573,referral,200+,FR,2026-02-16 00:00:00
C014574,direct,200+,FR,2026-03-06 00:00:00
C014575,referral,11-50,FR,2026-03-13 00:00:00
C014576,seo,51-200,CH,2026-03-13 00:00:00
C014577,direct,1-10,FR,2026-04-20 00:00:00
C014578,direct,11-50,FR,2026-02-24 00:00:00
C014579,direct,11-50,CH,2026-06-19 00:00:00
C014580,sea,11-50,FR,2026-03-11 00:00:00
C014581,seo,51-200,FR,2026-07-06 00:00:00
C014582,seo,200+,FR,2026-03-07 00:00:00
C014583,referral,11-50,FR,2026-06-06 00:00:00
C014584,direct,11-50,FR,2026-02-22 00:00:00
C014585,direct,1-10,FR,2026-07-13 00:00:00
C014586,seo,11-50,FR,2026-01-08 00:00:00
C014587,seo,1-10,FR,2026-01-12 00:00:00
C014588,referral,1-10,FR,2026-02-11 00:00:00
C014589,seo,11-50,FR,2026-04-29 00:00:00
C014590,seo,1-10,CA,2026-02-22 00:00:00
C014591,sea,51-200,FR,2026-03-06 00:00:00
C014592,direct,1-10,CA,2026-04-22 00:00:00
C014593,direct,11-50,FR,2026-01-19 00:00:00
C014594,referral,200+,BE,2026-05-15 00:00:00
C014595,sea,200+,FR,2026-05-24 00:00:00
C014596,referral,11-50,FR,2026-04-25 00:00:00
C014597,direct,1-10,FR,2026-05-19 00:00:00
C014598,direct,1-10,FR,2026-06-15 00:00:00
C014599,seo,51-200,CA,2026-06-23 00:00:00
C014600,direct,11-50,CA,2026-06-10 00:00:00
C014601,seo,51-200,FR,2026-01-07 00:00:00
C014602,direct,51-200,FR,2026-07-17 00:00:00
C014603,direct,1-10,FR,2026-02-16 00:00:00
C014604,direct,11-50,FR,2026-01-11 00:00:00
C014605,sea,51-200,FR,2026-04-01 00:00:00
C014606,sea,200+,FR,2026-05-01 00:00:00
C014607,referral,11-50,FR,2026-05-14 00:00:00
C014608,seo,51-200,BE,2026-02-14 00:00:00
C014609,direct,200+,FR,2026-03-12 00:00:00
C014610,direct,11-50,FR,2026-04-29 00:00:00
C014611,direct,1-10,FR,2026-02-21 00:00:00
C014612,referral,1-10,FR,2026-05-21 00:00:00
C014613,sea,200+,FR,2026-02-13 00:00:00
C014614,seo,200+,CH,2026-05-12 00:00:00
C014615,direct,1-10,FR,2026-04-29 00:00:00
C014616,sea,200+,FR,2026-07-06 00:00:00
C014617,referral,200+,FR,2026-07-17 00:00:00
C014618,seo,11-50,FR,2026-05-18 00:00:00
C014619,direct,51-200,FR,2026-03-28 00:00:00
C014620,referral,1-10,FR,2026-01-07 00:00:00
C014621,sea,200+,FR,2026-01-22 00:00:00
C014622,referral,1-10,FR,2026-01-23 00:00:00
C014623,referral,1-10,FR,2026-01-31 00:00:00
C014624,seo,1-10,FR,2026-06-18 00:00:00
C014625,referral,51-200,FR,2026-06-21 00:00:00
C014626,direct,11-50,FR,2026-05-17 00:00:00
C014627,direct,1-10,FR,2026-02-08 00:00:00
C014628,direct,11-50,FR,2026-03-06 00:00:00
C014629,seo,1-10,FR,2026-03-20 00:00:00
C014630,direct,200+,CH,2026-02-15 00:00:00
C014631,sea,11-50,FR,2026-02-22 00:00:00
C014632,seo,1-10,FR,2026-04-23 00:00:00
C014633,direct,1-10,CA,2026-04-24 00:00:00
C014634,referral,200+,FR,2026-04-08 00:00:00
C014635,sea,200+,FR,2026-06-03 00:00:00
C014636,direct,200+,FR,2026-02-18 00:00:00
C014637,direct,11-50,FR,2026-03-26 00:00:00
C014638,sea,1-10,CA,2026-04-01 00:00:00
C014639,referral,1-10,FR,2026-07-12 00:00:00
C014640,direct,200+,FR,2026-05-12 00:00:00
C014641,direct,200+,FR,2026-02-04 00:00:00
C014642,sea,1-10,FR,2026-04-11 00:00:00
C014643,seo,11-50,FR,2026-02-11 00:00:00
C014644,seo,11-50,FR,2026-07-03 00:00:00
C014645,seo,51-200,FR,2026-01-06 00:00:00
C014646,direct,51-200,FR,2026-03-01 00:00:00
C014647,seo,11-50,CH,2026-04-20 00:00:00
C014648,referral,11-50,CA,2026-07-09 00:00:00
C014649,direct,51-200,FR,2026-01-21 00:00:00
C014650,sea,51-200,FR,2026-05-27 00:00:00
C014651,seo,11-50,FR,2026-07-17 00:00:00
C014652,direct,11-50,FR,2026-01-29 00:00:00
C014653,referral,200+,BE,2026-02-19 00:00:00
C014654,referral,1-10,CA,2026-07-19 00:00:00
C014655,sea,1-10,CH,2026-07-15 00:00:00
C014656,direct,200+,FR,2026-07-05 00:00:00
C014657,direct,1-10,FR,2026-07-02 00:00:00
C014658,seo,11-50,BE,2026-01-24 00:00:00
C014659,seo,11-50,FR,2026-01-26 00:00:00
C014660,direct,11-50,CA,2026-06-09 00:00:00
C014661,sea,200+,FR,2026-07-18 00:00:00
C014662,seo,1-10,FR,2026-07-11 00:00:00
C014663,direct,200+,CA,2026-06-02 00:00:00
C014664,sea,11-50,FR,2026-07-05 00:00:00
C014665,seo,11-50,FR,2026-01-18 00:00:00
C014666,sea,11-50,FR,2026-07-10 00:00:00
C014667,sea,51-200,CH,2026-02-24 00:00:00
C014668,direct,200+,FR,2026-06-07 00:00:00
C014669,seo,51-200,FR,2026-01-10 00:00:00
C014670,referral,200+,FR,2026-07-16 00:00:00
C014671,direct,51-200,FR,2026-05-26 00:00:00
C014672,sea,1-10,FR,2026-01-11 00:00:00
C014673,direct,51-200,FR,2026-02-14 00:00:00
C014674,seo,200+,FR,2026-02-02 00:00:00
C014675,sea,51-200,FR,2026-06-20 00:00:00
C014676,sea,11-50,FR,2026-01-08 00:00:00
C014677,referral,11-50,CH,2026-01-12 00:00:00
C014678,referral,51-200,CA,2026-04-13 00:00:00
C014679,seo,11-50,CA,2026-02-21 00:00:00
C014680,sea,200+,FR,2026-06-20 00:00:00
C014681,seo,1-10,FR,2026-04-03 00:00:00
C014682,referral,1-10,FR,2026-06-20 00:00:00
C014683,direct,11-50,CH,2026-06-29 00:00:00
C014684,referral,200+,CA,2026-05-31 00:00:00
C014685,seo,1-10,FR,2026-02-22 00:00:00
C014686,referral,1-10,FR,2026-02-12 00:00:00
C014687,referral,1-10,FR,2026-02-12 00:00:00
C014688,seo,200+,FR,2026-06-25 00:00:00
C014689,seo,51-200,FR,2026-02-02 00:00:00
C014690,referral,200+,BE,2026-03-15 00:00:00
C014691,seo,1-10,FR,2026-04-27 00:00:00
C014692,direct,11-50,FR,2026-04-22 00:00:00
C014693,direct,200+,FR,2026-06-11 00:00:00
C014694,seo,200+,FR,2026-07-16 00:00:00
C014695,seo,200+,CA,2026-04-09 00:00:00
C014696,seo,1-10,FR,2026-02-04 00:00:00
C014697,seo,11-50,FR,2026-03-10 00:00:00
C014698,sea,11-50,FR,2026-03-03 00:00:00
C014699,seo,51-200,FR,2026-01-01 00:00:00
C014700,seo,1-10,FR,2026-06-13 00:00:00
C014701,seo,200+,FR,2026-02-09 00:00:00
C014702,referral,200+,FR,2026-02-08 00:00:00
C014703,sea,1-10,FR,2026-03-05 00:00:00
C014704,referral,1-10,FR,2026-05-12 00:00:00
C014705,sea,200+,FR,2026-02-22 00:00:00
C014706,seo,11-50,BE,2026-01-06 00:00:00
C014707,seo,51-200,FR,2026-06-25 00:00:00
C014708,referral,51-200,FR,2026-05-06 00:00:00
C014709,seo,200+,FR,2026-01-29 00:00:00
C014710,direct,51-200,FR,2026-07-14 00:00:00
C014711,sea,200+,FR,2026-04-12 00:00:00
C014712,sea,200+,FR,2026-04-01 00:00:00
C014713,seo,11-50,FR,2026-03-17 00:00:00
C014714,sea,200+,CH,2026-06-25 00:00:00
C014715,referral,1-10,FR,2026-01-20 00:00:00
C014716,seo,51-200,CA,2026-05-03 00:00:00
C014717,referral,1-10,FR,2026-01-31 00:00:00
C014718,seo,200+,FR,2026-03-27 00:00:00
C014719,referral,1-10,FR,2026-06-21 00:00:00
C014720,referral,11-50,CH,2026-03-25 00:00:00
C014721,direct,200+,FR,2026-02-28 00:00:00
C014722,sea,1-10,FR,2026-01-06 00:00:00
C014723,sea,200+,CH,2026-05-24 00:00:00
C014724,referral,11-50,CH,2026-05-15 00:00:00
C014725,seo,51-200,CA,2026-06-07 00:00:00
C014726,referral,11-50,FR,2026-05-13 00:00:00
C014727,seo,200+,FR,2026-06-27 00:00:00
C014728,sea,51-200,BE,2026-03-17 00:00:00
C014729,sea,51-200,FR,2026-05-25 00:00:00
C014730,direct,200+,CA,2026-04-28 00:00:00
C014731,seo,51-200,FR,2026-05-22 00:00:00
C014732,referral,200+,FR,2026-02-15 00:00:00
C014733,referral,11-50,FR,2026-01-24 00:00:00
C014734,seo,11-50,FR,2026-03-24 00:00:00
C014735,seo,200+,FR,2026-06-10 00:00:00
C014736,referral,11-50,FR,2026-01-03 00:00:00
C014737,sea,1-10,FR,2026-07-16 00:00:00
C014738,referral,51-200,BE,2026-03-13 00:00:00
C014739,direct,1-10,BE,2026-06-28 00:00:00
C014740,direct,51-200,FR,2026-02-10 00:00:00
C014741,seo,1-10,FR,2026-03-22 00:00:00
C014742,seo,11-50,CA,2026-07-17 00:00:00
C014743,seo,11-50,FR,2026-04-24 00:00:00
C014744,direct,51-200,FR,2026-06-30 00:00:00
C014745,direct,11-50,FR,2026-04-17 00:00:00
C014746,direct,51-200,FR,2026-04-10 00:00:00
C014747,direct,1-10,BE,2026-05-04 00:00:00
C014748,sea,11-50,BE,2026-05-05 00:00:00
C014749,sea,51-200,BE,2026-07-06 00:00:00
C014750,direct,1-10,FR,2026-02-26 00:00:00
C014751,referral,51-200,FR,2026-05-29 00:00:00
C014752,seo,11-50,FR,2026-05-27 00:00:00
C014753,seo,1-10,BE,2026-07-17 00:00:00
C014754,sea,11-50,FR,2026-05-28 00:00:00
C014755,seo,200+,BE,2026-04-03 00:00:00
C014756,sea,51-200,FR,2026-05-09 00:00:00
C014757,seo,11-50,FR,2026-05-14 00:00:00
C014758,direct,200+,BE,2026-01-17 00:00:00
C014759,sea,200+,FR,2026-03-23 00:00:00
C014760,direct,51-200,CH,2026-01-24 00:00:00
C014761,referral,1-10,CA,2026-06-21 00:00:00
C014762,sea,51-200,FR,2026-06-22 00:00:00
C014763,direct,11-50,FR,2026-04-11 00:00:00
C014764,sea,51-200,CA,2026-03-02 00:00:00
C014765,direct,11-50,BE,2026-01-05 00:00:00
C014766,seo,1-10,FR,2026-05-31 00:00:00
C014767,seo,51-200,FR,2026-01-21 00:00:00
C014768,direct,11-50,CH,2026-01-07 00:00:00
C014769,seo,11-50,FR,2026-04-02 00:00:00
C014770,sea,200+,FR,2026-02-09 00:00:00
C014771,referral,200+,FR,2026-05-03 00:00:00
C014772,referral,51-200,FR,2026-01-01 00:00:00
C014773,direct,51-200,CH,2026-05-05 00:00:00
C014774,referral,51-200,BE,2026-03-15 00:00:00
C014775,seo,51-200,FR,2026-04-04 00:00:00
C014776,referral,200+,FR,2026-01-31 00:00:00
C014777,seo,11-50,BE,2026-06-16 00:00:00
C014778,referral,51-200,FR,2026-03-19 00:00:00
C014779,referral,200+,FR,2026-07-04 00:00:00
C014780,referral,200+,FR,2026-05-06 00:00:00
C014781,direct,11-50,FR,2026-05-18 00:00:00
C014782,sea,51-200,FR,2026-03-19 00:00:00
C014783,sea,51-200,CH,2026-03-11 00:00:00
C014784,referral,11-50,FR,2026-05-25 00:00:00
C014785,sea,1-10,FR,2026-05-17 00:00:00
C014786,sea,1-10,FR,2026-04-09 00:00:00
C014787,seo,1-10,FR,2026-02-28 00:00:00
C014788,sea,51-200,FR,2026-06-12 00:00:00
C014789,referral,200+,FR,2026-04-25 00:00:00
C014790,seo,1-10,FR,2026-03-21 00:00:00
C014791,seo,200+,FR,2026-04-05 00:00:00
C014792,sea,200+,CH,2026-04-13 00:00:00
C014793,seo,51-200,FR,2026-01-19 00:00:00
C014794,seo,200+,FR,2026-05-18 00:00:00
C014795,seo,1-10,FR,2026-02-08 00:00:00
C014796,referral,51-200,FR,2026-03-03 00:00:00
C014797,direct,11-50,FR,2026-01-28 00:00:00
C014798,direct,1-10,FR,2026-05-26 00:00:00
C014799,direct,200+,CH,2026-03-18 00:00:00
C014800,direct,51-200,CH,2026-05-30 00:00:00
C014801,seo,200+,CH,2026-02-21 00:00:00
C014802,sea,1-10,FR,2026-02-17 00:00:00
C014803,referral,51-200,FR,2026-03-15 00:00:00
C014804,referral,11-50,FR,2026-03-23 00:00:00
C014805,seo,1-10,FR,2026-03-23 00:00:00
C014806,direct,51-200,FR,2026-01-24 00:00:00
C014807,direct,51-200,FR,2026-06-11 00:00:00
C014808,sea,11-50,FR,2026-05-30 00:00:00
C014809,seo,51-200,FR,2026-04-24 00:00:00
C014810,sea,1-10,FR,2026-03-26 00:00:00
C014811,direct,11-50,CA,2026-05-31 00:00:00
C014812,referral,11-50,BE,2026-01-19 00:00:00
C014813,direct,11-50,FR,2026-03-17 00:00:00
C014814,referral,1-10,FR,2026-02-01 00:00:00
C014815,referral,11-50,FR,2026-07-04 00:00:00
C014816,referral,200+,CA,2026-07-05 00:00:00
C014817,direct,11-50,FR,2026-06-27 00:00:00
C014818,sea,11-50,FR,2026-05-12 00:00:00
C014819,seo,1-10,FR,2026-07-03 00:00:00
C014820,referral,200+,FR,2026-06-07 00:00:00
C014821,sea,11-50,BE,2026-06-07 00:00:00
C014822,sea,200+,FR,2026-06-11 00:00:00
C014823,direct,200+,FR,2026-04-29 00:00:00
C014824,seo,200+,CH,2026-01-01 00:00:00
C014825,direct,200+,FR,2026-04-08 00:00:00
C014826,seo,1-10,CH,2026-06-25 00:00:00
C014827,direct,51-200,FR,2026-04-11 00:00:00
C014828,seo,200+,CA,2026-04-30 00:00:00
C014829,seo,200+,CA,2026-05-13 00:00:00
C014830,sea,51-200,BE,2026-07-05 00:00:00
C014831,direct,1-10,FR,2026-03-20 00:00:00
C014832,referral,1-10,FR,2026-02-27 00:00:00
C014833,referral,51-200,CH,2026-02-23 00:00:00
C014834,sea,1-10,BE,2026-05-19 00:00:00
C014835,direct,11-50,CA,2026-06-24 00:00:00
C014836,sea,200+,FR,2026-02-24 00:00:00
C014837,direct,11-50,CA,2026-03-12 00:00:00
C014838,seo,200+,BE,2026-07-17 00:00:00
C014839,direct,1-10,FR,2026-04-13 00:00:00
C014840,direct,51-200,FR,2026-02-25 00:00:00
C014841,direct,11-50,FR,2026-01-30 00:00:00
C014842,referral,1-10,FR,2026-05-24 00:00:00
C014843,referral,200+,FR,2026-01-22 00:00:00
C014844,referral,200+,FR,2026-02-16 00:00:00
C014845,seo,1-10,FR,2026-06-03 00:00:00
C014846,sea,1-10,FR,2026-02-12 00:00:00
C014847,seo,11-50,BE,2026-02-12 00:00:00
C014848,referral,1-10,FR,2026-02-18 00:00:00
C014849,referral,51-200,FR,2026-03-20 00:00:00
C014850,sea,11-50,CH,2026-06-13 00:00:00
C014851,seo,51-200,FR,2026-06-21 00:00:00
C014852,referral,1-10,FR,2026-05-24 00:00:00
C014853,sea,51-200,FR,2026-02-13 00:00:00
C014854,seo,51-200,CA,2026-07-05 00:00:00
C014855,sea,200+,FR,2026-02-11 00:00:00
C014856,direct,51-200,FR,2026-02-04 00:00:00
C014857,seo,11-50,FR,2026-02-13 00:00:00
C014858,sea,51-200,FR,2026-07-13 00:00:00
C014859,referral,1-10,BE,2026-05-27 00:00:00
C014860,referral,1-10,FR,2026-03-14 00:00:00
C014861,referral,200+,BE,2026-01-18 00:00:00
C014862,seo,200+,FR,2026-05-28 00:00:00
C014863,sea,51-200,FR,2026-06-17 00:00:00
C014864,sea,51-200,FR,2026-06-04 00:00:00
C014865,seo,1-10,FR,2026-06-14 00:00:00
C014866,sea,1-10,FR,2026-01-24 00:00:00
C014867,seo,11-50,BE,2026-02-08 00:00:00
C014868,sea,1-10,BE,2026-07-08 00:00:00
C014869,seo,200+,CA,2026-06-30 00:00:00
C014870,direct,1-10,FR,2026-03-07 00:00:00
C014871,referral,51-200,FR,2026-04-02 00:00:00
C014872,referral,11-50,FR,2026-01-07 00:00:00
C014873,direct,200+,CA,2026-07-08 00:00:00
C014874,sea,11-50,CH,2026-04-29 00:00:00
C014875,sea,51-200,BE,2026-01-01 00:00:00
C014876,direct,200+,CA,2026-05-29 00:00:00
C014877,referral,200+,FR,2026-06-23 00:00:00
C014878,referral,11-50,CA,2026-06-14 00:00:00
C014879,seo,11-50,FR,2026-01-28 00:00:00
C014880,referral,51-200,FR,2026-01-26 00:00:00
C014881,seo,200+,FR,2026-06-22 00:00:00
C014882,direct,11-50,CH,2026-06-21 00:00:00
C014883,seo,11-50,FR,2026-03-06 00:00:00
C014884,referral,200+,BE,2026-02-14 00:00:00
C014885,direct,200+,FR,2026-01-25 00:00:00
C014886,referral,200+,FR,2026-03-04 00:00:00
C014887,seo,51-200,FR,2026-05-21 00:00:00
C014888,seo,11-50,FR,2026-05-15 00:00:00
C014889,referral,200+,FR,2026-03-30 00:00:00
C014890,direct,200+,FR,2026-03-17 00:00:00
C014891,referral,1-10,FR,2026-07-18 00:00:00
C014892,direct,51-200,CH,2026-05-14 00:00:00
C014893,referral,11-50,FR,2026-01-26 00:00:00
C014894,referral,1-10,FR,2026-02-14 00:00:00
C014895,direct,11-50,FR,2026-03-16 00:00:00
C014896,direct,51-200,FR,2026-02-08 00:00:00
C014897,referral,11-50,FR,2026-04-02 00:00:00
C014898,direct,1-10,FR,2026-06-05 00:00:00
C014899,direct,11-50,CH,2026-06-19 00:00:00
C014900,seo,51-200,FR,2026-01-11 00:00:00
C014901,referral,51-200,CA,2026-05-18 00:00:00
C014902,sea,1-10,FR,2026-04-05 00:00:00
C014903,sea,1-10,CA,2026-01-03 00:00:00
C014904,referral,1-10,FR,2026-03-02 00:00:00
C014905,seo,51-200,CA,2026-02-01 00:00:00
C014906,referral,200+,FR,2026-02-07 00:00:00
C014907,sea,11-50,CA,2026-03-18 00:00:00
C014908,referral,11-50,FR,2026-03-23 00:00:00
C014909,direct,200+,FR,2026-03-29 00:00:00
C014910,seo,1-10,FR,2026-06-09 00:00:00
C014911,sea,51-200,FR,2026-01-18 00:00:00
C014912,referral,1-10,BE,2026-02-19 00:00:00
C014913,sea,51-200,FR,2026-04-01 00:00:00
C014914,sea,200+,CH,2026-06-12 00:00:00
C014915,seo,200+,BE,2026-02-10 00:00:00
C014916,seo,11-50,FR,2026-06-14 00:00:00
C014917,direct,51-200,FR,2026-07-18 00:00:00
C014918,seo,11-50,FR,2026-06-18 00:00:00
C014919,seo,200+,FR,2026-02-10 00:00:00
C014920,referral,51-200,CH,2026-02-18 00:00:00
C014921,sea,1-10,FR,2026-05-17 00:00:00
C014922,seo,11-50,FR,2026-02-10 00:00:00
C014923,seo,1-10,CH,2026-06-11 00:00:00
C014924,sea,11-50,FR,2026-04-13 00:00:00
C014925,direct,200+,FR,2026-07-07 00:00:00
C014926,seo,11-50,FR,2026-01-17 00:00:00
C014927,seo,51-200,FR,2026-01-15 00:00:00
C014928,sea,11-50,FR,2026-01-01 00:00:00
C014929,sea,1-10,FR,2026-04-22 00:00:00
C014930,referral,200+,FR,2026-03-23 00:00:00
C014931,seo,1-10,FR,2026-01-21 00:00:00
C014932,seo,11-50,FR,2026-07-06 00:00:00
C014933,sea,11-50,FR,2026-03-14 00:00:00
C014934,seo,200+,FR,2026-07-05 00:00:00
C014935,seo,1-10,CA,2026-07-14 00:00:00
C014936,direct,51-200,CH,2026-01-10 00:00:00
C014937,referral,200+,FR,2026-06-27 00:00:00
C014938,sea,51-200,FR,2026-05-10 00:00:00
C014939,seo,200+,BE,2026-02-14 00:00:00
C014940,sea,11-50,FR,2026-02-28 00:00:00
C014941,sea,51-200,FR,2026-07-01 00:00:00
C014942,referral,51-200,FR,2026-02-06 00:00:00
C014943,direct,11-50,FR,2026-03-20 00:00:00
C014944,direct,11-50,BE,2026-01-03 00:00:00
C014945,seo,11-50,FR,2026-03-28 00:00:00
C014946,referral,1-10,FR,2026-05-26 00:00:00
C014947,seo,11-50,FR,2026-02-13 00:00:00
C014948,direct,1-10,CH,2026-06-12 00:00:00
C014949,referral,51-200,FR,2026-03-14 00:00:00
C014950,seo,200+,FR,2026-06-01 00:00:00
C014951,sea,51-200,FR,2026-01-30 00:00:00
C014952,sea,200+,FR,2026-02-03 00:00:00
C014953,sea,51-200,FR,2026-02-05 00:00:00
C014954,sea,11-50,FR,2026-02-14 00:00:00
C014955,seo,11-50,CH,2026-04-28 00:00:00
C014956,seo,11-50,FR,2026-07-17 00:00:00
C014957,direct,11-50,FR,2026-03-12 00:00:00
C014958,seo,11-50,CA,2026-03-21 00:00:00
C014959,seo,11-50,FR,2026-05-26 00:00:00
C014960,referral,1-10,FR,2026-06-03 00:00:00
C014961,referral,11-50,FR,2026-05-25 00:00:00
C014962,direct,51-200,FR,2026-06-19 00:00:00
C014963,direct,200+,FR,2026-05-10 00:00:00
C014964,referral,1-10,FR,2026-07-14 00:00:00
C014965,referral,1-10,CH,2026-01-17 00:00:00
C014966,referral,11-50,FR,2026-07-16 00:00:00
C014967,sea,51-200,FR,2026-06-07 00:00:00
C014968,seo,200+,FR,2026-06-12 00:00:00
C014969,referral,11-50,CA,2026-07-06 00:00:00
C014970,referral,11-50,BE,2026-01-15 00:00:00
C014971,direct,51-200,FR,2026-03-04 00:00:00
C014972,sea,51-200,FR,2026-06-04 00:00:00
C014973,direct,1-10,BE,2026-04-13 00:00:00
C014974,direct,51-200,FR,2026-01-27 00:00:00
C014975,seo,11-50,CA,2026-06-13 00:00:00
C014976,seo,1-10,CH,2026-04-18 00:00:00
C014977,direct,11-50,FR,2026-06-09 00:00:00
C014978,referral,1-10,FR,2026-03-23 00:00:00
C014979,direct,200+,FR,2026-05-25 00:00:00
C014980,sea,11-50,CH,2026-06-21 00:00:00
C014981,sea,1-10,FR,2026-07-16 00:00:00
C014982,direct,1-10,FR,2026-06-03 00:00:00
C014983,referral,51-200,FR,2026-07-08 00:00:00
C014984,sea,1-10,FR,2026-05-10 00:00:00
C014985,referral,51-200,FR,2026-02-24 00:00:00
C014986,direct,51-200,FR,2026-05-21 00:00:00
C014987,seo,200+,FR,2026-06-18 00:00:00
C014988,seo,200+,BE,2026-04-20 00:00:00
C014989,seo,51-200,FR,2026-06-10 00:00:00
C014990,direct,11-50,FR,2026-01-10 00:00:00
C014991,referral,51-200,CH,2026-04-06 00:00:00
C014992,seo,11-50,CA,2026-01-25 00:00:00
C014993,referral,51-200,CH,2026-02-27 00:00:00
C014994,seo,11-50,FR,2026-04-19 00:00:00
C014995,direct,200+,FR,2026-04-03 00:00:00
C014996,direct,200+,FR,2026-02-16 00:00:00
C014997,direct,51-200,CH,2026-05-01 00:00:00
C014998,referral,11-50,CH,2026-01-23 00:00:00
C014999,sea,200+,FR,2026-03-19 00:00:00
C015000,sea,1-10,CH,2026-01-21 00:00:00
C015001,referral,11-50,FR,2026-04-05 00:00:00
C015002,seo,200+,BE,2026-01-24 00:00:00
C015003,referral,200+,BE,2026-02-19 00:00:00
C015004,direct,11-50,CA,2026-04-15 00:00:00
C015005,referral,51-200,FR,2026-05-08 00:00:00
C015006,seo,1-10,BE,2026-02-05 00:00:00
C015007,direct,11-50,FR,2026-06-29 00:00:00
C015008,referral,200+,FR,2026-06-10 00:00:00
C015009,referral,51-200,FR,2026-05-06 00:00:00
C015010,sea,11-50,FR,2026-02-14 00:00:00
C015011,referral,1-10,FR,2026-01-16 00:00:00
C015012,direct,51-200,FR,2026-05-21 00:00:00
C015013,direct,1-10,FR,2026-05-10 00:00:00
C015014,sea,11-50,FR,2026-02-24 00:00:00
C015015,seo,200+,FR,2026-05-14 00:00:00
C015016,referral,1-10,FR,2026-03-11 00:00:00
C015017,seo,11-50,BE,2026-04-21 00:00:00
C015018,seo,51-200,FR,2026-02-27 00:00:00
C015019,seo,1-10,FR,2026-05-12 00:00:00
C015020,sea,1-10,BE,2026-01-04 00:00:00
C015021,direct,1-10,FR,2026-02-08 00:00:00
C015022,direct,200+,FR,2026-01-14 00:00:00
C015023,sea,51-200,FR,2026-03-13 00:00:00
C015024,direct,1-10,FR,2026-02-11 00:00:00
C015025,direct,11-50,FR,2026-06-15 00:00:00
C015026,referral,1-10,FR,2026-03-10 00:00:00
C015027,seo,200+,FR,2026-04-04 00:00:00
C015028,seo,11-50,FR,2026-04-10 00:00:00
C015029,direct,11-50,FR,2026-06-22 00:00:00
C015030,seo,1-10,FR,2026-05-20 00:00:00
C015031,referral,11-50,FR,2026-03-16 00:00:00
C015032,seo,200+,FR,2026-04-10 00:00:00
C015033,direct,200+,CA,2026-05-26 00:00:00
C015034,direct,51-200,CH,2026-02-16 00:00:00
C015035,seo,51-200,FR,2026-01-09 00:00:00
C015036,referral,1-10,FR,2026-02-22 00:00:00
C015037,seo,51-200,FR,2026-03-28 00:00:00
C015038,referral,51-200,FR,2026-01-18 00:00:00
C015039,direct,11-50,BE,2026-05-16 00:00:00
C015040,referral,200+,CH,2026-01-14 00:00:00
C015041,seo,1-10,FR,2026-01-03 00:00:00
C015042,referral,1-10,FR,2026-07-14 00:00:00
C015043,direct,200+,FR,2026-06-26 00:00:00
C015044,sea,51-200,FR,2026-03-11 00:00:00
C015045,referral,1-10,FR,2026-04-24 00:00:00
C015046,direct,51-200,FR,2026-01-03 00:00:00
C015047,seo,51-200,FR,2026-04-29 00:00:00
C015048,referral,200+,FR,2026-01-25 00:00:00
C015049,referral,200+,FR,2026-05-23 00:00:00
C015050,sea,200+,CA,2026-03-04 00:00:00
C015051,direct,1-10,FR,2026-03-18 00:00:00
C015052,direct,11-50,CA,2026-04-07 00:00:00
C015053,sea,11-50,FR,2026-05-31 00:00:00
C015054,direct,200+,CH,2026-04-28 00:00:00
C015055,sea,200+,FR,2026-02-05 00:00:00
C015056,seo,200+,FR,2026-04-11 00:00:00
C015057,seo,1-10,FR,2026-03-02 00:00:00
C015058,referral,200+,FR,2026-05-27 00:00:00
C015059,sea,51-200,BE,2026-02-03 00:00:00
C015060,direct,11-50,FR,2026-01-16 00:00:00
C015061,direct,11-50,FR,2026-06-12 00:00:00
C015062,sea,11-50,FR,2026-06-11 00:00:00
C015063,referral,51-200,FR,2026-03-06 00:00:00
C015064,referral,51-200,BE,2026-05-04 00:00:00
C015065,direct,11-50,FR,2026-03-12 00:00:00
C015066,seo,200+,FR,2026-04-17 00:00:00
C015067,sea,11-50,FR,2026-03-21 00:00:00
C015068,direct,200+,FR,2026-01-29 00:00:00
C015069,referral,51-200,FR,2026-04-26 00:00:00
C015070,referral,1-10,FR,2026-01-01 00:00:00
C015071,sea,1-10,FR,2026-03-23 00:00:00
C015072,seo,11-50,FR,2026-04-01 00:00:00
C015073,sea,11-50,FR,2026-03-26 00:00:00
C015074,direct,11-50,BE,2026-03-04 00:00:00
C015075,direct,11-50,CA,2026-05-29 00:00:00
C015076,direct,11-50,FR,2026-02-20 00:00:00
C015077,seo,51-200,FR,2026-01-25 00:00:00
C015078,sea,11-50,FR,2026-07-08 00:00:00
C015079,seo,200+,FR,2026-02-22 00:00:00
C015080,sea,1-10,CA,2026-01-09 00:00:00
C015081,sea,51-200,FR,2026-03-26 00:00:00
C015082,seo,200+,CH,2026-02-11 00:00:00
C015083,direct,51-200,BE,2026-02-17 00:00:00
C015084,referral,200+,FR,2026-06-13 00:00:00
C015085,referral,51-200,FR,2026-01-23 00:00:00
C015086,seo,11-50,FR,2026-02-06 00:00:00
C015087,direct,11-50,FR,2026-01-18 00:00:00
C015088,seo,1-10,FR,2026-05-20 00:00:00
C015089,seo,1-10,CH,2026-04-25 00:00:00
C015090,seo,11-50,FR,2026-03-01 00:00:00
C015091,sea,1-10,BE,2026-02-09 00:00:00
C015092,sea,1-10,FR,2026-02-19 00:00:00
C015093,referral,11-50,FR,2026-07-05 00:00:00
C015094,referral,1-10,FR,2026-02-01 00:00:00
C015095,referral,200+,FR,2026-07-05 00:00:00
C015096,seo,11-50,FR,2026-06-19 00:00:00
C015097,seo,1-10,CH,2026-07-17 00:00:00
C015098,sea,51-200,FR,2026-05-12 00:00:00
C015099,seo,51-200,CH,2026-07-09 00:00:00
C015100,direct,51-200,FR,2026-06-27 00:00:00
C015101,referral,1-10,CA,2026-03-24 00:00:00
C015102,sea,11-50,CA,2026-01-12 00:00:00
C015103,seo,200+,FR,2026-06-09 00:00:00
C015104,sea,200+,FR,2026-07-07 00:00:00
C015105,direct,11-50,FR,2026-03-28 00:00:00
C015106,referral,1-10,FR,2026-03-11 00:00:00
C015107,sea,1-10,CH,2026-04-11 00:00:00
C015108,sea,51-200,FR,2026-04-09 00:00:00
C015109,seo,1-10,FR,2026-03-07 00:00:00
C015110,direct,200+,FR,2026-07-18 00:00:00
C015111,referral,1-10,FR,2026-02-02 00:00:00
C015112,referral,11-50,BE,2026-05-01 00:00:00
C015113,referral,200+,FR,2026-02-08 00:00:00
C015114,referral,200+,FR,2026-01-03 00:00:00
C015115,referral,51-200,CA,2026-05-24 00:00:00
C015116,sea,11-50,FR,2026-04-10 00:00:00
C015117,referral,1-10,FR,2026-05-29 00:00:00
C015118,sea,51-200,FR,2026-01-31 00:00:00
C015119,sea,11-50,FR,2026-05-31 00:00:00
C015120,referral,200+,FR,2026-04-26 00:00:00
C015121,referral,51-200,FR,2026-03-14 00:00:00
C015122,seo,200+,FR,2026-07-13 00:00:00
C015123,referral,11-50,FR,2026-06-16 00:00:00
C015124,referral,1-10,BE,2026-05-18 00:00:00
C015125,sea,1-10,FR,2026-02-16 00:00:00
C015126,seo,1-10,FR,2026-07-09 00:00:00
C015127,referral,51-200,FR,2026-07-10 00:00:00
C015128,sea,1-10,FR,2026-06-26 00:00:00
C015129,referral,51-200,FR,2026-05-14 00:00:00
C015130,seo,200+,FR,2026-05-13 00:00:00
C015131,direct,51-200,FR,2026-03-10 00:00:00
C015132,seo,1-10,CA,2026-07-06 00:00:00
C015133,referral,1-10,FR,2026-06-16 00:00:00
C015134,seo,200+,FR,2026-07-04 00:00:00
C015135,direct,200+,CH,2026-01-06 00:00:00
C015136,direct,11-50,BE,2026-06-10 00:00:00
C015137,direct,11-50,FR,2026-01-17 00:00:00
C015138,referral,51-200,FR,2026-02-03 00:00:00
C015139,referral,11-50,FR,2026-03-15 00:00:00
C015140,sea,200+,CH,2026-06-06 00:00:00
C015141,referral,11-50,CA,2026-04-02 00:00:00
C015142,referral,51-200,CA,2026-03-06 00:00:00
C015143,sea,1-10,CH,2026-07-08 00:00:00
C015144,referral,1-10,FR,2026-07-17 00:00:00
C015145,direct,51-200,FR,2026-06-07 00:00:00
C015146,seo,200+,FR,2026-02-17 00:00:00
C015147,referral,1-10,FR,2026-03-02 00:00:00
C015148,seo,51-200,FR,2026-07-06 00:00:00
C015149,referral,11-50,FR,2026-05-01 00:00:00
C015150,sea,200+,FR,2026-06-27 00:00:00
C015151,direct,51-200,FR,2026-05-16 00:00:00
C015152,sea,11-50,FR,2026-03-04 00:00:00
C015153,seo,51-200,FR,2026-01-01 00:00:00
C015154,sea,11-50,FR,2026-07-03 00:00:00
C015155,referral,200+,FR,2026-05-04 00:00:00
C015156,seo,1-10,FR,2026-07-08 00:00:00
C015157,referral,1-10,FR,2026-01-05 00:00:00
C015158,referral,11-50,FR,2026-05-17 00:00:00
C015159,sea,1-10,CH,2026-05-15 00:00:00
C015160,referral,51-200,FR,2026-06-12 00:00:00
C015161,seo,51-200,FR,2026-02-21 00:00:00
C015162,sea,51-200,FR,2026-06-03 00:00:00
C015163,sea,200+,FR,2026-02-15 00:00:00
C015164,referral,11-50,FR,2026-02-28 00:00:00
C015165,sea,1-10,FR,2026-05-01 00:00:00
C015166,direct,1-10,BE,2026-01-20 00:00:00
C015167,sea,200+,FR,2026-06-13 00:00:00
C015168,referral,1-10,FR,2026-06-27 00:00:00
C015169,direct,200+,CH,2026-04-26 00:00:00
C015170,sea,11-50,FR,2026-06-24 00:00:00
C015171,referral,51-200,FR,2026-06-19 00:00:00
C015172,sea,1-10,FR,2026-02-22 00:00:00
C015173,direct,51-200,FR,2026-06-30 00:00:00
C015174,direct,200+,FR,2026-01-19 00:00:00
C015175,sea,1-10,BE,2026-04-25 00:00:00
C015176,sea,1-10,FR,2026-04-11 00:00:00
C015177,direct,11-50,FR,2026-02-01 00:00:00
C015178,direct,51-200,FR,2026-03-25 00:00:00
C015179,referral,11-50,CA,2026-06-09 00:00:00
C015180,seo,200+,FR,2026-06-14 00:00:00
C015181,seo,1-10,FR,2026-07-18 00:00:00
C015182,sea,51-200,FR,2026-05-14 00:00:00
C015183,seo,11-50,FR,2026-07-08 00:00:00
C015184,sea,1-10,FR,2026-07-06 00:00:00
C015185,referral,200+,BE,2026-03-31 00:00:00
C015186,seo,1-10,FR,2026-02-24 00:00:00
C015187,sea,1-10,BE,2026-07-18 00:00:00
C015188,direct,51-200,CA,2026-04-02 00:00:00
C015189,sea,11-50,FR,2026-02-07 00:00:00
C015190,sea,200+,FR,2026-01-15 00:00:00
C015191,direct,1-10,FR,2026-06-07 00:00:00
C015192,direct,1-10,FR,2026-03-21 00:00:00
C015193,sea,200+,CH,2026-01-07 00:00:00
C015194,sea,1-10,FR,2026-05-26 00:00:00
C015195,sea,11-50,FR,2026-01-22 00:00:00
C015196,sea,1-10,FR,2026-07-10 00:00:00
C015197,sea,1-10,CH,2026-04-18 00:00:00
C015198,referral,1-10,FR,2026-02-11 00:00:00
C015199,direct,51-200,CH,2026-06-10 00:00:00
C015200,sea,200+,FR,2026-06-19 00:00:00
C015201,referral,1-10,FR,2026-02-21 00:00:00
C015202,direct,11-50,FR,2026-04-21 00:00:00
C015203,sea,1-10,BE,2026-01-01 00:00:00
C015204,referral,11-50,CH,2026-05-12 00:00:00
C015205,referral,200+,CH,2026-03-04 00:00:00
C015206,sea,1-10,CA,2026-06-19 00:00:00
C015207,sea,11-50,FR,2026-05-08 00:00:00
C015208,referral,200+,FR,2026-07-09 00:00:00
C015209,seo,11-50,CA,2026-03-18 00:00:00
C015210,seo,11-50,FR,2026-07-02 00:00:00
C015211,referral,51-200,FR,2026-03-10 00:00:00
C015212,sea,200+,BE,2026-06-05 00:00:00
C015213,seo,11-50,FR,2026-05-07 00:00:00
C015214,seo,51-200,BE,2026-02-16 00:00:00
C015215,seo,1-10,FR,2026-04-02 00:00:00
C015216,sea,200+,CA,2026-04-02 00:00:00
C015217,seo,200+,FR,2026-01-01 00:00:00
C015218,sea,200+,FR,2026-01-24 00:00:00
C015219,direct,51-200,FR,2026-03-26 00:00:00
C015220,sea,1-10,FR,2026-04-04 00:00:00
C015221,seo,51-200,FR,2026-01-07 00:00:00
C015222,referral,200+,FR,2026-01-09 00:00:00
C015223,direct,11-50,CA,2026-05-22 00:00:00
C015224,direct,11-50,BE,2026-01-12 00:00:00
C015225,referral,11-50,FR,2026-02-24 00:00:00
C015226,seo,200+,FR,2026-07-08 00:00:00
C015227,sea,1-10,FR,2026-02-22 00:00:00
C015228,referral,11-50,BE,2026-04-15 00:00:00
C015229,referral,11-50,FR,2026-05-05 00:00:00
C015230,referral,51-200,FR,2026-06-23 00:00:00
C015231,direct,51-200,CA,2026-04-22 00:00:00
C015232,direct,1-10,FR,2026-04-27 00:00:00
C015233,direct,200+,FR,2026-05-11 00:00:00
C015234,direct,11-50,FR,2026-05-10 00:00:00
C015235,sea,1-10,FR,2026-05-20 00:00:00
C015236,referral,200+,CA,2026-02-27 00:00:00
C015237,seo,1-10,FR,2026-04-30 00:00:00
C015238,referral,1-10,FR,2026-03-27 00:00:00
C015239,referral,200+,CH,2026-02-19 00:00:00
C015240,seo,200+,FR,2026-04-06 00:00:00
C015241,sea,1-10,FR,2026-06-13 00:00:00
C015242,direct,1-10,BE,2026-05-06 00:00:00
C015243,sea,1-10,FR,2026-06-01 00:00:00
C015244,direct,200+,FR,2026-05-02 00:00:00
C015245,referral,200+,FR,2026-05-08 00:00:00
C015246,referral,200+,BE,2026-05-10 00:00:00
C015247,referral,200+,FR,2026-04-25 00:00:00
C015248,seo,11-50,FR,2026-01-16 00:00:00
C015249,sea,1-10,FR,2026-01-26 00:00:00
C015250,direct,51-200,FR,2026-03-10 00:00:00
C015251,sea,51-200,CA,2026-07-08 00:00:00
C015252,direct,51-200,FR,2026-07-05 00:00:00
C015253,seo,1-10,FR,2026-01-04 00:00:00
C015254,referral,51-200,FR,2026-03-29 00:00:00
C015255,sea,51-200,CH,2026-06-23 00:00:00
C015256,seo,11-50,FR,2026-02-05 00:00:00
C015257,seo,200+,FR,2026-04-26 00:00:00
C015258,sea,200+,FR,2026-05-26 00:00:00
C015259,direct,200+,FR,2026-06-22 00:00:00
C015260,seo,200+,CH,2026-04-01 00:00:00
C015261,direct,200+,FR,2026-06-18 00:00:00
C015262,seo,200+,FR,2026-06-05 00:00:00
C015263,direct,11-50,CH,2026-07-12 00:00:00
C015264,sea,1-10,FR,2026-01-10 00:00:00
C015265,direct,11-50,BE,2026-03-22 00:00:00
C015266,sea,1-10,BE,2026-05-04 00:00:00
C015267,seo,1-10,FR,2026-05-27 00:00:00
C015268,sea,200+,CA,2026-06-10 00:00:00
C015269,direct,11-50,FR,2026-05-17 00:00:00
C015270,referral,51-200,FR,2026-03-20 00:00:00
C015271,referral,11-50,FR,2026-01-18 00:00:00
C015272,referral,51-200,FR,2026-06-19 00:00:00
C015273,direct,51-200,CA,2026-03-26 00:00:00
C015274,referral,51-200,FR,2026-03-13 00:00:00
C015275,direct,51-200,CA,2026-01-13 00:00:00
C015276,direct,1-10,FR,2026-03-18 00:00:00
C015277,seo,200+,CA,2026-05-07 00:00:00
C015278,direct,11-50,FR,2026-06-28 00:00:00
C015279,referral,51-200,FR,2026-04-25 00:00:00
C015280,sea,11-50,CH,2026-03-20 00:00:00
C015281,seo,1-10,FR,2026-01-11 00:00:00
C015282,seo,200+,FR,2026-01-04 00:00:00
C015283,direct,1-10,FR,2026-06-21 00:00:00
C015284,referral,11-50,FR,2026-04-21 00:00:00
C015285,direct,200+,FR,2026-03-30 00:00:00
C015286,seo,51-200,FR,2026-02-15 00:00:00
C015287,sea,200+,FR,2026-06-23 00:00:00
C015288,seo,51-200,FR,2026-01-08 00:00:00
C015289,sea,11-50,FR,2026-06-17 00:00:00
C015290,sea,51-200,FR,2026-05-01 00:00:00
C015291,direct,200+,BE,2026-06-20 00:00:00
C015292,direct,1-10,FR,2026-02-23 00:00:00
C015293,direct,51-200,FR,2026-03-12 00:00:00
C015294,sea,200+,BE,2026-03-29 00:00:00
C015295,direct,11-50,CH,2026-01-16 00:00:00
C015296,referral,11-50,CH,2026-02-15 00:00:00
C015297,seo,11-50,FR,2026-03-11 00:00:00
C015298,sea,200+,CA,2026-04-12 00:00:00
C015299,sea,1-10,FR,2026-06-11 00:00:00
C015300,sea,1-10,CA,2026-05-12 00:00:00
C015301,direct,1-10,CA,2026-03-19 00:00:00
C015302,referral,11-50,BE,2026-05-30 00:00:00
C015303,referral,11-50,FR,2026-04-09 00:00:00
C015304,sea,1-10,BE,2026-06-28 00:00:00
C015305,seo,11-50,FR,2026-01-13 00:00:00
C015306,direct,51-200,CA,2026-06-24 00:00:00
C015307,sea,200+,FR,2026-05-23 00:00:00
C015308,seo,11-50,BE,2026-05-26 00:00:00
C015309,referral,11-50,FR,2026-06-24 00:00:00
C015310,sea,200+,FR,2026-06-28 00:00:00
C015311,sea,11-50,FR,2026-03-18 00:00:00
C015312,direct,200+,FR,2026-04-23 00:00:00
C015313,sea,51-200,FR,2026-05-20 00:00:00
C015314,direct,11-50,FR,2026-02-24 00:00:00
C015315,seo,200+,FR,2026-07-17 00:00:00
C015316,referral,11-50,FR,2026-01-04 00:00:00
C015317,sea,11-50,FR,2026-02-18 00:00:00
C015318,direct,200+,CH,2026-07-18 00:00:00
C015319,sea,1-10,FR,2026-02-13 00:00:00
C015320,sea,1-10,FR,2026-01-05 00:00:00
C015321,referral,1-10,CA,2026-01-26 00:00:00
C015322,seo,200+,FR,2026-04-27 00:00:00
C015323,seo,51-200,FR,2026-05-06 00:00:00
C015324,direct,51-200,CA,2026-05-26 00:00:00
C015325,sea,11-50,FR,2026-05-09 00:00:00
C015326,direct,11-50,FR,2026-06-13 00:00:00
C015327,direct,51-200,CH,2026-02-07 00:00:00
C015328,referral,11-50,CA,2026-02-12 00:00:00
C015329,referral,200+,CA,2026-05-07 00:00:00
C015330,direct,1-10,FR,2026-02-08 00:00:00
C015331,sea,51-200,FR,2026-04-01 00:00:00
C015332,referral,200+,FR,2026-01-24 00:00:00
C015333,direct,11-50,BE,2026-06-27 00:00:00
C015334,seo,11-50,BE,2026-02-16 00:00:00
C015335,sea,11-50,FR,2026-05-11 00:00:00
C015336,seo,1-10,CA,2026-01-18 00:00:00
C015337,seo,1-10,FR,2026-04-06 00:00:00
C015338,direct,51-200,CA,2026-05-08 00:00:00
C015339,referral,1-10,CA,2026-02-24 00:00:00
C015340,seo,51-200,FR,2026-02-24 00:00:00
C015341,seo,200+,FR,2026-02-04 00:00:00
C015342,referral,1-10,CA,2026-07-01 00:00:00
C015343,direct,11-50,FR,2026-06-16 00:00:00
C015344,referral,51-200,FR,2026-02-05 00:00:00
C015345,seo,1-10,FR,2026-06-23 00:00:00
C015346,direct,51-200,FR,2026-05-15 00:00:00
C015347,direct,200+,FR,2026-01-14 00:00:00
C015348,referral,11-50,CA,2026-05-25 00:00:00
C015349,sea,1-10,CH,2026-06-02 00:00:00
C015350,seo,51-200,FR,2026-04-09 00:00:00
C015351,direct,1-10,FR,2026-03-01 00:00:00
C015352,sea,1-10,BE,2026-06-23 00:00:00
C015353,seo,51-200,FR,2026-06-01 00:00:00
C015354,sea,200+,FR,2026-04-23 00:00:00
C015355,seo,51-200,FR,2026-01-03 00:00:00
C015356,referral,11-50,CA,2026-06-14 00:00:00
C015357,direct,1-10,FR,2026-01-23 00:00:00
C015358,referral,1-10,FR,2026-06-19 00:00:00
C015359,sea,51-200,FR,2026-04-02 00:00:00
C015360,seo,1-10,FR,2026-05-17 00:00:00
C015361,referral,11-50,FR,2026-04-19 00:00:00
C015362,seo,1-10,CA,2026-05-11 00:00:00
C015363,seo,1-10,FR,2026-01-24 00:00:00
C015364,seo,1-10,FR,2026-07-18 00:00:00
C015365,seo,200+,FR,2026-03-14 00:00:00
C015366,direct,51-200,BE,2026-02-23 00:00:00
C015367,direct,200+,CH,2026-07-19 00:00:00
C015368,referral,11-50,BE,2026-01-21 00:00:00
C015369,seo,11-50,FR,2026-04-08 00:00:00
C015370,referral,11-50,FR,2026-02-02 00:00:00
C015371,referral,200+,FR,2026-04-27 00:00:00
C015372,seo,1-10,FR,2026-01-28 00:00:00
C015373,referral,1-10,FR,2026-01-02 00:00:00
C015374,referral,1-10,FR,2026-06-21 00:00:00
C015375,direct,200+,FR,2026-05-02 00:00:00
C015376,direct,200+,FR,2026-06-17 00:00:00
C015377,sea,1-10,CA,2026-06-03 00:00:00
C015378,sea,200+,FR,2026-06-27 00:00:00
C015379,direct,11-50,CH,2026-04-02 00:00:00
C015380,sea,1-10,FR,2026-01-17 00:00:00
C015381,seo,51-200,FR,2026-06-19 00:00:00
C015382,referral,51-200,FR,2026-03-30 00:00:00
C015383,direct,51-200,FR,2026-02-06 00:00:00
C015384,sea,1-10,FR,2026-05-25 00:00:00
C015385,seo,11-50,BE,2026-05-15 00:00:00
C015386,sea,200+,BE,2026-05-21 00:00:00
C015387,direct,200+,FR,2026-07-17 00:00:00
C015388,seo,200+,FR,2026-04-19 00:00:00
C015389,seo,1-10,CA,2026-05-30 00:00:00
C015390,referral,51-200,FR,2026-02-03 00:00:00
C015391,direct,1-10,FR,2026-06-19 00:00:00
C015392,referral,51-200,FR,2026-04-29 00:00:00
C015393,seo,1-10,FR,2026-07-07 00:00:00
C015394,seo,51-200,FR,2026-06-02 00:00:00
C015395,direct,51-200,FR,2026-05-15 00:00:00
C015396,sea,1-10,CA,2026-03-13 00:00:00
C015397,seo,51-200,FR,2026-02-06 00:00:00
C015398,direct,51-200,FR,2026-03-30 00:00:00
C015399,direct,200+,CA,2026-04-16 00:00:00
C015400,referral,1-10,FR,2026-05-26 00:00:00
C015401,referral,200+,FR,2026-07-08 00:00:00
C015402,direct,200+,CA,2026-06-23 00:00:00
C015403,sea,51-200,FR,2026-02-04 00:00:00
C015404,referral,51-200,FR,2026-02-19 00:00:00
C015405,sea,200+,FR,2026-03-29 00:00:00
C015406,seo,51-200,CH,2026-05-16 00:00:00
C015407,seo,51-200,FR,2026-04-22 00:00:00
C015408,direct,200+,FR,2026-01-11 00:00:00
C015409,sea,11-50,FR,2026-01-14 00:00:00
C015410,seo,1-10,CA,2026-05-13 00:00:00
C015411,seo,200+,FR,2026-06-08 00:00:00
C015412,referral,1-10,FR,2026-01-13 00:00:00
C015413,seo,51-200,FR,2026-01-09 00:00:00
C015414,sea,200+,FR,2026-06-16 00:00:00
C015415,sea,200+,FR,2026-02-05 00:00:00
C015416,referral,51-200,FR,2026-06-03 00:00:00
C015417,sea,11-50,BE,2026-07-16 00:00:00
C015418,sea,11-50,CA,2026-06-22 00:00:00
C015419,seo,200+,FR,2026-01-13 00:00:00
C015420,direct,1-10,CH,2026-05-08 00:00:00
C015421,direct,200+,FR,2026-02-09 00:00:00
C015422,seo,51-200,CH,2026-05-11 00:00:00
C015423,sea,51-200,FR,2026-06-19 00:00:00
C015424,seo,11-50,FR,2026-02-23 00:00:00
C015425,referral,200+,CH,2026-02-09 00:00:00
C015426,sea,200+,CH,2026-05-14 00:00:00
C015427,referral,51-200,BE,2026-06-18 00:00:00
C015428,seo,11-50,FR,2026-01-26 00:00:00
C015429,referral,200+,FR,2026-02-14 00:00:00
C015430,sea,200+,FR,2026-06-27 00:00:00
C015431,seo,51-200,FR,2026-01-01 00:00:00
C015432,referral,51-200,FR,2026-03-11 00:00:00
C015433,direct,200+,CH,2026-01-11 00:00:00
C015434,seo,200+,FR,2026-05-15 00:00:00
C015435,seo,11-50,FR,2026-01-23 00:00:00
C015436,direct,200+,FR,2026-03-19 00:00:00
C015437,sea,11-50,FR,2026-04-10 00:00:00
C015438,direct,51-200,FR,2026-06-11 00:00:00
C015439,direct,1-10,FR,2026-07-19 00:00:00
C015440,seo,1-10,FR,2026-05-18 00:00:00
C015441,sea,11-50,FR,2026-06-18 00:00:00
C015442,referral,11-50,FR,2026-04-05 00:00:00
C015443,referral,200+,CH,2026-04-25 00:00:00
C015444,referral,11-50,CH,2026-07-01 00:00:00
C015445,seo,11-50,FR,2026-04-08 00:00:00
C015446,referral,11-50,FR,2026-07-13 00:00:00
C015447,sea,11-50,FR,2026-06-07 00:00:00
C015448,seo,1-10,FR,2026-03-29 00:00:00
C015449,sea,200+,FR,2026-02-01 00:00:00
C015450,referral,11-50,FR,2026-04-28 00:00:00
C015451,direct,200+,FR,2026-02-26 00:00:00
C015452,direct,200+,FR,2026-03-13 00:00:00
C015453,sea,51-200,FR,2026-01-13 00:00:00
C015454,seo,1-10,FR,2026-05-11 00:00:00
C015455,sea,1-10,CH,2026-06-30 00:00:00
C015456,sea,11-50,FR,2026-07-11 00:00:00
C015457,seo,200+,FR,2026-03-10 00:00:00
C015458,sea,1-10,FR,2026-02-06 00:00:00
C015459,referral,1-10,FR,2026-05-30 00:00:00
C015460,seo,11-50,FR,2026-06-14 00:00:00
C015461,direct,11-50,BE,2026-05-01 00:00:00
C015462,seo,1-10,FR,2026-06-25 00:00:00
C015463,seo,1-10,CA,2026-04-23 00:00:00
C015464,direct,200+,FR,2026-03-17 00:00:00
C015465,referral,51-200,FR,2026-02-01 00:00:00
C015466,direct,1-10,FR,2026-03-04 00:00:00
C015467,seo,11-50,FR,2026-04-20 00:00:00
C015468,referral,200+,BE,2026-03-10 00:00:00
C015469,seo,1-10,FR,2026-03-13 00:00:00
C015470,sea,51-200,FR,2026-04-15 00:00:00
C015471,direct,11-50,CH,2026-05-28 00:00:00
C015472,direct,11-50,FR,2026-05-11 00:00:00
C015473,seo,11-50,FR,2026-05-08 00:00:00
C015474,sea,51-200,CA,2026-04-07 00:00:00
C015475,direct,51-200,CH,2026-04-11 00:00:00
C015476,sea,200+,FR,2026-04-27 00:00:00
C015477,direct,51-200,FR,2026-07-10 00:00:00
C015478,direct,11-50,FR,2026-04-26 00:00:00
C015479,seo,51-200,FR,2026-01-13 00:00:00
C015480,seo,51-200,FR,2026-07-17 00:00:00
C015481,referral,200+,FR,2026-06-23 00:00:00
C015482,sea,51-200,BE,2026-02-12 00:00:00
C015483,seo,200+,FR,2026-04-27 00:00:00
C015484,seo,51-200,FR,2026-05-23 00:00:00
C015485,sea,51-200,FR,2026-01-11 00:00:00
C015486,sea,1-10,FR,2026-04-13 00:00:00
C015487,direct,51-200,FR,2026-03-05 00:00:00
C015488,direct,200+,FR,2026-03-27 00:00:00
C015489,direct,200+,FR,2026-03-18 00:00:00
C015490,direct,51-200,FR,2026-03-05 00:00:00
C015491,direct,11-50,FR,2026-05-01 00:00:00
C015492,sea,11-50,FR,2026-03-08 00:00:00
C015493,seo,51-200,FR,2026-01-14 00:00:00
C015494,direct,1-10,FR,2026-02-11 00:00:00
C015495,seo,51-200,FR,2026-04-16 00:00:00
C015496,referral,200+,CA,2026-03-20 00:00:00
C015497,seo,200+,FR,2026-01-21 00:00:00
C015498,direct,11-50,FR,2026-07-04 00:00:00
C015499,referral,1-10,FR,2026-05-06 00:00:00
C015500,referral,200+,FR,2026-02-07 00:00:00
C015501,direct,11-50,CH,2026-06-01 00:00:00
C015502,referral,11-50,CA,2026-05-08 00:00:00
C015503,sea,200+,FR,2026-05-09 00:00:00
C015504,referral,11-50,FR,2026-06-27 00:00:00
C015505,sea,1-10,FR,2026-07-05 00:00:00
C015506,sea,1-10,FR,2026-02-28 00:00:00
C015507,referral,1-10,FR,2026-05-22 00:00:00
C015508,direct,51-200,FR,2026-06-18 00:00:00
C015509,direct,51-200,FR,2026-02-13 00:00:00
C015510,referral,51-200,CH,2026-06-14 00:00:00
C015511,sea,11-50,FR,2026-02-09 00:00:00
C015512,sea,1-10,CA,2026-01-01 00:00:00
C015513,referral,200+,CH,2026-02-09 00:00:00
C015514,direct,1-10,CA,2026-01-15 00:00:00
C015515,referral,11-50,FR,2026-03-27 00:00:00
C015516,seo,51-200,FR,2026-01-11 00:00:00
C015517,sea,200+,CH,2026-02-16 00:00:00
C015518,sea,200+,CA,2026-01-02 00:00:00
C015519,sea,200+,FR,2026-01-06 00:00:00
C015520,referral,1-10,FR,2026-05-06 00:00:00
C015521,direct,200+,FR,2026-03-26 00:00:00
C015522,referral,200+,CH,2026-01-05 00:00:00
C015523,direct,51-200,FR,2026-02-09 00:00:00
C015524,seo,1-10,FR,2026-04-21 00:00:00
C015525,direct,11-50,FR,2026-06-01 00:00:00
C015526,seo,51-200,FR,2026-02-20 00:00:00
C015527,referral,1-10,FR,2026-07-13 00:00:00
C015528,seo,11-50,FR,2026-07-13 00:00:00
C015529,sea,11-50,FR,2026-01-11 00:00:00
C015530,sea,11-50,CH,2026-01-26 00:00:00
C015531,referral,11-50,FR,2026-04-30 00:00:00
C015532,seo,200+,CH,2026-01-17 00:00:00
C015533,sea,11-50,FR,2026-06-15 00:00:00
C015534,sea,11-50,FR,2026-01-01 00:00:00
C015535,direct,51-200,BE,2026-03-01 00:00:00
C015536,seo,200+,FR,2026-02-11 00:00:00
C015537,sea,11-50,FR,2026-07-17 00:00:00
C015538,direct,51-200,FR,2026-05-04 00:00:00
C015539,sea,200+,CA,2026-05-05 00:00:00
C015540,direct,1-10,FR,2026-02-27 00:00:00
C015541,sea,200+,CH,2026-06-27 00:00:00
C015542,referral,51-200,CA,2026-06-19 00:00:00
C015543,direct,51-200,FR,2026-03-20 00:00:00
C015544,sea,200+,FR,2026-03-30 00:00:00
C015545,seo,200+,FR,2026-04-03 00:00:00
C015546,direct,1-10,FR,2026-01-18 00:00:00
C015547,sea,200+,FR,2026-03-01 00:00:00
C015548,referral,200+,FR,2026-06-02 00:00:00
C015549,direct,200+,CA,2026-07-14 00:00:00
C015550,seo,11-50,BE,2026-04-26 00:00:00
C015551,seo,11-50,CA,2026-02-13 00:00:00
C015552,referral,11-50,FR,2026-03-31 00:00:00
C015553,referral,200+,FR,2026-01-22 00:00:00
C015554,direct,1-10,FR,2026-05-07 00:00:00
C015555,seo,1-10,FR,2026-05-13 00:00:00
C015556,referral,11-50,FR,2026-05-24 00:00:00
C015557,direct,200+,FR,2026-03-26 00:00:00
C015558,sea,200+,FR,2026-01-23 00:00:00
C015559,direct,200+,FR,2026-02-16 00:00:00
C015560,direct,1-10,FR,2026-03-22 00:00:00
C015561,seo,51-200,FR,2026-03-24 00:00:00
C015562,referral,51-200,FR,2026-05-01 00:00:00
C015563,referral,51-200,FR,2026-06-13 00:00:00
C015564,seo,1-10,CA,2026-02-03 00:00:00
C015565,referral,11-50,FR,2026-03-13 00:00:00
C015566,seo,11-50,FR,2026-04-28 00:00:00
C015567,referral,51-200,CA,2026-03-22 00:00:00
C015568,direct,51-200,FR,2026-06-04 00:00:00
C015569,referral,1-10,CA,2026-07-11 00:00:00
C015570,seo,51-200,FR,2026-05-02 00:00:00
C015571,referral,200+,BE,2026-06-09 00:00:00
C015572,referral,200+,FR,2026-04-15 00:00:00
C015573,seo,1-10,CA,2026-06-02 00:00:00
C015574,sea,51-200,CH,2026-04-29 00:00:00
C015575,seo,11-50,CH,2026-03-03 00:00:00
C015576,sea,51-200,FR,2026-03-19 00:00:00
C015577,direct,1-10,CA,2026-03-13 00:00:00
C015578,direct,11-50,BE,2026-01-13 00:00:00
C015579,sea,1-10,FR,2026-06-30 00:00:00
C015580,direct,11-50,CA,2026-02-05 00:00:00
C015581,direct,200+,FR,2026-03-13 00:00:00
C015582,referral,200+,FR,2026-05-17 00:00:00
C015583,referral,51-200,FR,2026-03-12 00:00:00
C015584,direct,11-50,FR,2026-02-15 00:00:00
C015585,direct,200+,FR,2026-01-26 00:00:00
C015586,referral,51-200,FR,2026-06-19 00:00:00
C015587,referral,51-200,FR,2026-04-26 00:00:00
C015588,direct,200+,FR,2026-07-16 00:00:00
C015589,sea,200+,CH,2026-04-30 00:00:00
C015590,sea,1-10,FR,2026-01-22 00:00:00
C015591,direct,51-200,FR,2026-02-06 00:00:00
C015592,sea,51-200,FR,2026-05-06 00:00:00
C015593,seo,200+,FR,2026-06-17 00:00:00
C015594,direct,1-10,FR,2026-04-08 00:00:00
C015595,referral,51-200,FR,2026-07-05 00:00:00
C015596,referral,200+,FR,2026-02-11 00:00:00
C015597,sea,200+,FR,2026-05-10 00:00:00
C015598,seo,11-50,FR,2026-07-15 00:00:00
C015599,sea,200+,FR,2026-07-08 00:00:00
C015600,direct,200+,BE,2026-07-13 00:00:00
C015601,seo,1-10,CH,2026-07-11 00:00:00
C015602,seo,51-200,FR,2026-07-09 00:00:00
C015603,sea,1-10,FR,2026-06-08 00:00:00
C015604,sea,1-10,FR,2026-05-20 00:00:00
C015605,sea,11-50,CH,2026-01-27 00:00:00
C015606,direct,200+,FR,2026-02-22 00:00:00
C015607,sea,51-200,BE,2026-06-12 00:00:00
C015608,direct,51-200,BE,2026-04-16 00:00:00
C015609,seo,51-200,FR,2026-05-08 00:00:00
C015610,referral,200+,FR,2026-01-27 00:00:00
C015611,referral,51-200,FR,2026-03-06 00:00:00
C015612,direct,11-50,FR,2026-04-05 00:00:00
C015613,direct,200+,FR,2026-04-26 00:00:00
C015614,referral,11-50,FR,2026-03-08 00:00:00
C015615,sea,1-10,FR,2026-02-08 00:00:00
C015616,direct,200+,FR,2026-06-15 00:00:00
C015617,direct,11-50,FR,2026-02-13 00:00:00
C015618,sea,51-200,CA,2026-03-17 00:00:00
C015619,referral,51-200,FR,2026-02-09 00:00:00
C015620,seo,1-10,FR,2026-06-21 00:00:00
C015621,referral,1-10,FR,2026-03-17 00:00:00
C015622,sea,11-50,FR,2026-07-17 00:00:00
C015623,sea,1-10,BE,2026-04-23 00:00:00
C015624,direct,51-200,FR,2026-01-05 00:00:00
C015625,sea,51-200,FR,2026-06-26 00:00:00
C015626,sea,1-10,CA,2026-01-13 00:00:00
C015627,direct,11-50,FR,2026-04-11 00:00:00
C015628,seo,11-50,FR,2026-04-07 00:00:00
C015629,sea,51-200,FR,2026-06-29 00:00:00
C015630,direct,11-50,BE,2026-01-23 00:00:00
C015631,referral,51-200,FR,2026-06-17 00:00:00
C015632,seo,11-50,FR,2026-01-03 00:00:00
C015633,sea,200+,FR,2026-03-07 00:00:00
C015634,sea,200+,CA,2026-01-31 00:00:00
C015635,direct,51-200,CH,2026-03-07 00:00:00
C015636,direct,51-200,FR,2026-06-16 00:00:00
C015637,referral,200+,FR,2026-04-23 00:00:00
C015638,referral,1-10,FR,2026-05-03 00:00:00
C015639,seo,1-10,FR,2026-06-21 00:00:00
C015640,direct,1-10,FR,2026-03-25 00:00:00
C015641,direct,11-50,FR,2026-07-08 00:00:00
C015642,seo,1-10,FR,2026-02-19 00:00:00
C015643,seo,51-200,FR,2026-04-05 00:00:00
C015644,referral,200+,FR,2026-04-06 00:00:00
C015645,sea,51-200,CA,2026-02-05 00:00:00
C015646,seo,200+,FR,2026-05-30 00:00:00
C015647,referral,11-50,CH,2026-05-03 00:00:00
C015648,seo,51-200,FR,2026-01-05 00:00:00
C015649,seo,1-10,FR,2026-07-01 00:00:00
C015650,direct,51-200,FR,2026-05-20 00:00:00
C015651,sea,200+,FR,2026-07-19 00:00:00
C015652,sea,200+,CH,2026-05-05 00:00:00
C015653,referral,11-50,CH,2026-02-23 00:00:00
C015654,seo,200+,CH,2026-02-07 00:00:00
C015655,seo,200+,CA,2026-05-06 00:00:00
C015656,seo,200+,CA,2026-06-14 00:00:00
C015657,direct,11-50,FR,2026-06-29 00:00:00
C015658,direct,200+,FR,2026-05-20 00:00:00
C015659,referral,200+,FR,2026-06-10 00:00:00
C015660,sea,11-50,CH,2026-06-05 00:00:00
C015661,sea,1-10,FR,2026-01-31 00:00:00
C015662,sea,1-10,CA,2026-05-23 00:00:00
C015663,sea,1-10,FR,2026-04-10 00:00:00
C015664,seo,1-10,FR,2026-05-04 00:00:00
C015665,seo,1-10,CA,2026-02-25 00:00:00
C015666,referral,51-200,FR,2026-05-23 00:00:00
C015667,referral,51-200,FR,2026-04-21 00:00:00
C015668,referral,200+,FR,2026-04-13 00:00:00
C015669,seo,200+,FR,2026-01-12 00:00:00
C015670,direct,11-50,FR,2026-05-23 00:00:00
C015671,seo,1-10,FR,2026-02-19 00:00:00
C015672,direct,51-200,FR,2026-05-11 00:00:00
C015673,referral,1-10,BE,2026-05-05 00:00:00
C015674,direct,11-50,FR,2026-02-24 00:00:00
C015675,direct,200+,FR,2026-02-06 00:00:00
C015676,referral,200+,FR,2026-05-15 00:00:00
C015677,seo,11-50,FR,2026-03-12 00:00:00
C015678,referral,1-10,FR,2026-02-23 00:00:00
C015679,referral,1-10,FR,2026-06-04 00:00:00
C015680,direct,11-50,FR,2026-05-15 00:00:00
C015681,seo,1-10,FR,2026-04-15 00:00:00
C015682,seo,200+,BE,2026-02-09 00:00:00
C015683,seo,51-200,FR,2026-03-08 00:00:00
C015684,referral,11-50,FR,2026-02-22 00:00:00
C015685,sea,11-50,FR,2026-04-08 00:00:00
C015686,direct,11-50,FR,2026-04-11 00:00:00
C015687,referral,51-200,CH,2026-01-13 00:00:00
C015688,sea,51-200,CA,2026-04-04 00:00:00
C015689,seo,51-200,FR,2026-05-04 00:00:00
C015690,direct,1-10,FR,2026-02-25 00:00:00
C015691,direct,11-50,FR,2026-03-16 00:00:00
C015692,sea,1-10,FR,2026-03-11 00:00:00
C015693,seo,51-200,FR,2026-03-20 00:00:00
C015694,sea,200+,FR,2026-06-18 00:00:00
C015695,seo,1-10,CA,2026-01-14 00:00:00
C015696,sea,1-10,FR,2026-01-23 00:00:00
C015697,sea,11-50,FR,2026-03-09 00:00:00
C015698,referral,51-200,FR,2026-03-23 00:00:00
C015699,sea,51-200,FR,2026-04-19 00:00:00
C015700,direct,51-200,FR,2026-06-22 00:00:00
C015701,sea,1-10,FR,2026-04-30 00:00:00
C015702,sea,11-50,FR,2026-04-25 00:00:00
C015703,direct,51-200,FR,2026-06-02 00:00:00
C015704,referral,11-50,FR,2026-05-28 00:00:00
C015705,seo,11-50,CA,2026-03-11 00:00:00
C015706,direct,51-200,FR,2026-01-25 00:00:00
C015707,sea,200+,FR,2026-04-01 00:00:00
C015708,sea,1-10,FR,2026-06-22 00:00:00
C015709,sea,11-50,FR,2026-01-25 00:00:00
C015710,referral,1-10,CH,2026-07-14 00:00:00
C015711,referral,1-10,BE,2026-06-24 00:00:00
C015712,direct,200+,CA,2026-07-08 00:00:00
C015713,seo,1-10,FR,2026-05-31 00:00:00
C015714,referral,1-10,FR,2026-05-09 00:00:00
C015715,seo,200+,CA,2026-01-04 00:00:00
C015716,seo,51-200,CA,2026-04-03 00:00:00
C015717,referral,51-200,CA,2026-04-15 00:00:00
C015718,seo,51-200,FR,2026-06-01 00:00:00
C015719,sea,11-50,FR,2026-04-30 00:00:00
C015720,sea,200+,FR,2026-06-13 00:00:00
C015721,seo,11-50,BE,2026-07-14 00:00:00
C015722,seo,51-200,CH,2026-05-31 00:00:00
C015723,direct,200+,BE,2026-01-23 00:00:00
C015724,referral,200+,FR,2026-05-20 00:00:00
C015725,sea,200+,FR,2026-05-18 00:00:00
C015726,referral,11-50,FR,2026-03-31 00:00:00
C015727,seo,1-10,CA,2026-03-18 00:00:00
C015728,seo,11-50,FR,2026-01-14 00:00:00
C015729,direct,1-10,FR,2026-03-14 00:00:00
C015730,seo,1-10,FR,2026-01-02 00:00:00
C015731,sea,200+,CA,2026-04-20 00:00:00
C015732,sea,200+,FR,2026-03-30 00:00:00
C015733,referral,51-200,BE,2026-05-23 00:00:00
C015734,direct,51-200,FR,2026-02-28 00:00:00
C015735,referral,51-200,CH,2026-01-21 00:00:00
C015736,referral,1-10,FR,2026-05-04 00:00:00
C015737,referral,1-10,BE,2026-05-11 00:00:00
C015738,referral,1-10,FR,2026-06-09 00:00:00
C015739,referral,51-200,FR,2026-04-04 00:00:00
C015740,referral,1-10,FR,2026-01-19 00:00:00
C015741,referral,11-50,FR,2026-01-06 00:00:00
C015742,seo,1-10,FR,2026-01-27 00:00:00
C015743,seo,1-10,FR,2026-03-30 00:00:00
C015744,sea,51-200,FR,2026-04-16 00:00:00
C015745,seo,1-10,FR,2026-03-26 00:00:00
C015746,sea,11-50,FR,2026-06-22 00:00:00
C015747,direct,1-10,FR,2026-06-03 00:00:00
C015748,referral,51-200,FR,2026-01-23 00:00:00
C015749,sea,11-50,FR,2026-05-18 00:00:00
C015750,direct,11-50,BE,2026-03-10 00:00:00
C015751,direct,51-200,FR,2026-05-25 00:00:00
C015752,sea,200+,CA,2026-06-24 00:00:00
C015753,referral,51-200,BE,2026-04-05 00:00:00
C015754,seo,51-200,CA,2026-01-09 00:00:00
C015755,referral,51-200,FR,2026-06-09 00:00:00
C015756,referral,51-200,FR,2026-05-12 00:00:00
C015757,sea,200+,BE,2026-02-08 00:00:00
C015758,referral,51-200,BE,2026-07-17 00:00:00
C015759,referral,51-200,FR,2026-03-23 00:00:00
C015760,sea,11-50,FR,2026-04-26 00:00:00
C015761,direct,11-50,FR,2026-02-17 00:00:00
C015762,direct,51-200,FR,2026-04-12 00:00:00
C015763,referral,200+,FR,2026-06-19 00:00:00
C015764,sea,1-10,FR,2026-03-19 00:00:00
C015765,sea,1-10,FR,2026-05-18 00:00:00
C015766,sea,200+,FR,2026-05-07 00:00:00
C015767,seo,1-10,FR,2026-06-03 00:00:00
C015768,seo,1-10,FR,2026-05-17 00:00:00
C015769,sea,11-50,FR,2026-05-14 00:00:00
C015770,seo,51-200,FR,2026-07-02 00:00:00
C015771,sea,51-200,FR,2026-02-22 00:00:00
C015772,seo,200+,FR,2026-04-11 00:00:00
C015773,referral,51-200,CH,2026-01-23 00:00:00
C015774,referral,200+,CA,2026-01-18 00:00:00
C015775,sea,1-10,FR,2026-02-23 00:00:00
C015776,seo,11-50,FR,2026-05-10 00:00:00
C015777,referral,51-200,FR,2026-06-22 00:00:00
C015778,direct,200+,BE,2026-07-09 00:00:00
C015779,sea,51-200,FR,2026-01-21 00:00:00
C015780,referral,11-50,FR,2026-05-16 00:00:00
C015781,sea,1-10,FR,2026-01-02 00:00:00
C015782,direct,11-50,BE,2026-05-13 00:00:00
C015783,referral,1-10,FR,2026-07-02 00:00:00
C015784,seo,200+,CH,2026-05-01 00:00:00
C015785,sea,200+,FR,2026-06-28 00:00:00
C015786,referral,51-200,FR,2026-05-27 00:00:00
C015787,sea,200+,FR,2026-01-08 00:00:00
C015788,seo,11-50,FR,2026-02-05 00:00:00
C015789,referral,1-10,BE,2026-04-03 00:00:00
C015790,referral,11-50,FR,2026-02-24 00:00:00
C015791,sea,51-200,BE,2026-02-21 00:00:00
C015792,sea,200+,FR,2026-05-07 00:00:00
C015793,sea,51-200,FR,2026-01-05 00:00:00
C015794,direct,51-200,CH,2026-04-11 00:00:00
C015795,direct,51-200,FR,2026-06-13 00:00:00
C015796,seo,51-200,FR,2026-02-04 00:00:00
C015797,seo,1-10,FR,2026-03-10 00:00:00
C015798,direct,200+,FR,2026-02-02 00:00:00
C015799,direct,200+,FR,2026-06-14 00:00:00
C015800,sea,200+,FR,2026-01-31 00:00:00
C015801,sea,1-10,FR,2026-02-11 00:00:00
C015802,sea,200+,CA,2026-01-11 00:00:00
C015803,sea,1-10,CA,2026-05-16 00:00:00
C015804,referral,51-200,FR,2026-06-01 00:00:00
C015805,referral,200+,FR,2026-01-14 00:00:00
C015806,referral,51-200,FR,2026-01-05 00:00:00
C015807,sea,11-50,FR,2026-02-15 00:00:00
C015808,sea,200+,FR,2026-03-30 00:00:00
C015809,direct,200+,FR,2026-03-07 00:00:00
C015810,referral,11-50,CH,2026-02-10 00:00:00
C015811,direct,11-50,FR,2026-05-13 00:00:00
C015812,sea,1-10,FR,2026-03-18 00:00:00
C015813,referral,200+,FR,2026-04-18 00:00:00
C015814,direct,200+,FR,2026-06-14 00:00:00
C015815,direct,51-200,FR,2026-03-02 00:00:00
C015816,sea,1-10,FR,2026-03-07 00:00:00
C015817,direct,200+,FR,2026-03-16 00:00:00
C015818,seo,200+,FR,2026-07-12 00:00:00
C015819,seo,11-50,FR,2026-04-06 00:00:00
C015820,referral,1-10,FR,2026-01-13 00:00:00
C015821,sea,51-200,FR,2026-02-15 00:00:00
C015822,direct,11-50,CH,2026-07-07 00:00:00
C015823,seo,1-10,FR,2026-03-24 00:00:00
C015824,referral,51-200,FR,2026-06-09 00:00:00
C015825,sea,11-50,CH,2026-03-14 00:00:00
C015826,direct,200+,FR,2026-04-14 00:00:00
C015827,direct,11-50,FR,2026-01-10 00:00:00
C015828,seo,1-10,FR,2026-02-28 00:00:00
C015829,seo,51-200,FR,2026-03-04 00:00:00
C015830,sea,1-10,CA,2026-06-12 00:00:00
C015831,referral,200+,FR,2026-01-09 00:00:00
C015832,seo,200+,FR,2026-01-04 00:00:00
C015833,referral,200+,FR,2026-01-09 00:00:00
C015834,sea,200+,FR,2026-06-14 00:00:00
C015835,seo,200+,FR,2026-06-03 00:00:00
C015836,seo,200+,CA,2026-01-20 00:00:00
C015837,referral,1-10,FR,2026-05-19 00:00:00
C015838,seo,51-200,CH,2026-01-28 00:00:00
C015839,direct,200+,CH,2026-07-02 00:00:00
C015840,seo,200+,FR,2026-01-24 00:00:00
C015841,referral,200+,FR,2026-01-14 00:00:00
C015842,direct,200+,FR,2026-04-27 00:00:00
C015843,referral,200+,FR,2026-06-12 00:00:00
C015844,referral,11-50,FR,2026-02-18 00:00:00
C015845,direct,1-10,FR,2026-03-25 00:00:00
C015846,seo,51-200,FR,2026-04-30 00:00:00
C015847,referral,51-200,FR,2026-06-05 00:00:00
C015848,seo,1-10,FR,2026-06-08 00:00:00
C015849,seo,11-50,CA,2026-04-25 00:00:00
C015850,referral,200+,FR,2026-05-07 00:00:00
C015851,direct,51-200,FR,2026-05-28 00:00:00
C015852,direct,11-50,FR,2026-01-14 00:00:00
C015853,referral,200+,FR,2026-05-04 00:00:00
C015854,referral,200+,FR,2026-03-13 00:00:00
C015855,seo,11-50,FR,2026-02-13 00:00:00
C015856,direct,11-50,FR,2026-01-30 00:00:00
C015857,referral,11-50,FR,2026-01-31 00:00:00
C015858,seo,51-200,FR,2026-07-04 00:00:00
C015859,referral,200+,BE,2026-04-23 00:00:00
C015860,direct,1-10,FR,2026-07-19 00:00:00
C015861,referral,51-200,FR,2026-02-27 00:00:00
C015862,direct,1-10,FR,2026-01-13 00:00:00
C015863,seo,11-50,BE,2026-04-26 00:00:00
C015864,referral,51-200,FR,2026-01-03 00:00:00
C015865,direct,1-10,CH,2026-01-14 00:00:00
C015866,direct,11-50,CA,2026-07-14 00:00:00
C015867,referral,51-200,CA,2026-03-21 00:00:00
C015868,direct,51-200,CA,2026-04-19 00:00:00
C015869,referral,1-10,FR,2026-06-01 00:00:00
C015870,sea,200+,BE,2026-05-28 00:00:00
C015871,sea,200+,FR,2026-02-04 00:00:00
C015872,direct,200+,CH,2026-04-24 00:00:00
C015873,referral,200+,FR,2026-01-14 00:00:00
C015874,seo,51-200,FR,2026-01-11 00:00:00
C015875,referral,1-10,FR,2026-03-29 00:00:00
C015876,referral,11-50,CH,2026-01-04 00:00:00
C015877,seo,1-10,BE,2026-04-23 00:00:00
C015878,referral,1-10,FR,2026-03-23 00:00:00
C015879,referral,200+,FR,2026-05-21 00:00:00
C015880,sea,1-10,FR,2026-06-27 00:00:00
C015881,referral,200+,FR,2026-06-03 00:00:00
C015882,seo,51-200,BE,2026-03-05 00:00:00
C015883,seo,51-200,FR,2026-01-03 00:00:00
C015884,sea,200+,FR,2026-04-25 00:00:00
C015885,referral,1-10,FR,2026-06-26 00:00:00
C015886,sea,51-200,FR,2026-01-18 00:00:00
C015887,direct,51-200,CH,2026-06-02 00:00:00
C015888,direct,1-10,CH,2026-02-04 00:00:00
C015889,sea,200+,CH,2026-03-17 00:00:00
C015890,referral,1-10,FR,2026-04-27 00:00:00
C015891,seo,51-200,FR,2026-05-07 00:00:00
C015892,seo,11-50,FR,2026-05-26 00:00:00
C015893,referral,1-10,FR,2026-03-18 00:00:00
C015894,seo,200+,FR,2026-01-22 00:00:00
C015895,referral,11-50,FR,2026-03-25 00:00:00
C015896,referral,11-50,CA,2026-01-04 00:00:00
C015897,seo,200+,CH,2026-01-23 00:00:00
C015898,seo,51-200,FR,2026-04-05 00:00:00
C015899,sea,1-10,CA,2026-06-02 00:00:00
C015900,direct,200+,CH,2026-05-11 00:00:00
C015901,direct,11-50,FR,2026-07-02 00:00:00
C015902,seo,1-10,FR,2026-04-23 00:00:00
C015903,sea,11-50,FR,2026-06-25 00:00:00
C015904,direct,200+,CA,2026-03-26 00:00:00
C015905,direct,1-10,FR,2026-04-11 00:00:00
C015906,sea,200+,CA,2026-04-03 00:00:00
C015907,direct,1-10,FR,2026-06-13 00:00:00
C015908,sea,200+,FR,2026-04-04 00:00:00
C015909,direct,200+,FR,2026-04-25 00:00:00
C015910,seo,51-200,BE,2026-02-18 00:00:00
C015911,sea,11-50,CH,2026-01-29 00:00:00
C015912,sea,11-50,CA,2026-03-30 00:00:00
C015913,sea,1-10,FR,2026-05-01 00:00:00
C015914,direct,200+,CH,2026-06-25 00:00:00
C015915,sea,11-50,FR,2026-04-11 00:00:00
C015916,sea,200+,CA,2026-01-03 00:00:00
C015917,seo,11-50,FR,2026-01-09 00:00:00
C015918,direct,200+,FR,2026-06-16 00:00:00
C015919,direct,51-200,CH,2026-05-12 00:00:00
C015920,referral,11-50,FR,2026-07-01 00:00:00
C015921,direct,200+,FR,2026-02-16 00:00:00
C015922,seo,51-200,FR,2026-04-15 00:00:00
C015923,seo,200+,FR,2026-01-13 00:00:00
C015924,direct,11-50,FR,2026-06-18 00:00:00
C015925,referral,11-50,FR,2026-07-09 00:00:00
C015926,direct,1-10,FR,2026-06-07 00:00:00
C015927,seo,51-200,CA,2026-02-20 00:00:00
C015928,direct,51-200,FR,2026-05-04 00:00:00
C015929,seo,51-200,FR,2026-02-26 00:00:00
C015930,seo,11-50,BE,2026-05-25 00:00:00
C015931,direct,11-50,FR,2026-01-29 00:00:00
C015932,sea,200+,CH,2026-05-11 00:00:00
C015933,referral,11-50,FR,2026-02-21 00:00:00
C015934,sea,51-200,FR,2026-06-16 00:00:00
C015935,referral,51-200,FR,2026-04-26 00:00:00
C015936,sea,11-50,BE,2026-05-04 00:00:00
C015937,sea,51-200,FR,2026-06-10 00:00:00
C015938,sea,200+,FR,2026-02-14 00:00:00
C015939,direct,11-50,CH,2026-02-23 00:00:00
C015940,direct,200+,FR,2026-05-16 00:00:00
C015941,sea,200+,CA,2026-05-03 00:00:00
C015942,direct,51-200,FR,2026-06-10 00:00:00
C015943,sea,11-50,CH,2026-02-12 00:00:00
C015944,sea,1-10,FR,2026-05-01 00:00:00
C015945,direct,11-50,FR,2026-05-29 00:00:00
C015946,direct,1-10,BE,2026-02-27 00:00:00
C015947,direct,1-10,FR,2026-05-13 00:00:00
C015948,sea,1-10,FR,2026-04-19 00:00:00
C015949,sea,11-50,FR,2026-06-06 00:00:00
C015950,seo,1-10,FR,2026-02-19 00:00:00
C015951,sea,11-50,FR,2026-03-22 00:00:00
C015952,referral,200+,FR,2026-05-09 00:00:00
C015953,sea,200+,FR,2026-01-07 00:00:00
C015954,sea,200+,FR,2026-06-03 00:00:00
C015955,seo,11-50,FR,2026-04-05 00:00:00
C015956,sea,1-10,FR,2026-04-22 00:00:00
C015957,direct,1-10,FR,2026-03-02 00:00:00
C015958,direct,11-50,BE,2026-01-21 00:00:00
C015959,sea,200+,FR,2026-07-02 00:00:00
C015960,seo,51-200,BE,2026-04-27 00:00:00
C015961,referral,1-10,CH,2026-06-25 00:00:00
C015962,seo,200+,FR,2026-02-08 00:00:00
C015963,seo,1-10,FR,2026-06-28 00:00:00
C015964,referral,11-50,FR,2026-07-13 00:00:00
C015965,direct,1-10,BE,2026-05-01 00:00:00
C015966,sea,51-200,BE,2026-04-09 00:00:00
C015967,direct,51-200,FR,2026-03-19 00:00:00
C015968,direct,51-200,FR,2026-01-09 00:00:00
C015969,seo,1-10,CA,2026-03-16 00:00:00
C015970,seo,1-10,FR,2026-03-11 00:00:00
C015971,referral,1-10,FR,2026-02-22 00:00:00
C015972,direct,1-10,FR,2026-06-09 00:00:00
C015973,direct,1-10,CA,2026-03-28 00:00:00
C015974,seo,51-200,FR,2026-01-18 00:00:00
C015975,seo,1-10,FR,2026-05-06 00:00:00
C015976,referral,1-10,CH,2026-06-22 00:00:00
C015977,direct,51-200,FR,2026-04-15 00:00:00
C015978,referral,1-10,CH,2026-06-24 00:00:00
C015979,seo,200+,CH,2026-01-07 00:00:00
C015980,direct,11-50,FR,2026-03-07 00:00:00
C015981,sea,200+,FR,2026-07-09 00:00:00
C015982,direct,200+,BE,2026-04-06 00:00:00
C015983,sea,51-200,CA,2026-01-19 00:00:00
C015984,referral,51-200,BE,2026-04-06 00:00:00
C015985,direct,200+,BE,2026-06-02 00:00:00
C015986,seo,51-200,FR,2026-01-22 00:00:00
C015987,direct,51-200,FR,2026-06-17 00:00:00
C015988,seo,200+,FR,2026-06-29 00:00:00
C015989,seo,11-50,FR,2026-05-25 00:00:00
C015990,direct,51-200,FR,2026-06-24 00:00:00
C015991,referral,1-10,FR,2026-02-03 00:00:00
C015992,sea,11-50,FR,2026-04-04 00:00:00
C015993,direct,1-10,FR,2026-07-15 00:00:00
C015994,sea,1-10,FR,2026-04-07 00:00:00
C015995,sea,1-10,FR,2026-04-04 00:00:00
C015996,referral,51-200,FR,2026-03-29 00:00:00
C015997,referral,200+,FR,2026-02-06 00:00:00
C015998,direct,11-50,FR,2026-07-10 00:00:00
C015999,referral,11-50,FR,2026-01-16 00:00:00
C016000,seo,1-10,CH,2026-02-22 00:00:00
C016001,direct,200+,BE,2026-03-02 00:00:00
C016002,referral,1-10,BE,2026-07-08 00:00:00
C016003,sea,11-50,CH,2026-03-06 00:00:00
C016004,direct,11-50,FR,2026-05-14 00:00:00
C016005,seo,1-10,FR,2026-05-16 00:00:00
C016006,direct,11-50,FR,2026-05-29 00:00:00
C016007,direct,200+,FR,2026-01-29 00:00:00
C016008,sea,11-50,CH,2026-02-14 00:00:00
C016009,seo,1-10,FR,2026-04-08 00:00:00
C016010,referral,11-50,CA,2026-07-09 00:00:00
C016011,sea,51-200,BE,2026-07-10 00:00:00
C016012,direct,51-200,CA,2026-02-28 00:00:00
C016013,seo,11-50,FR,2026-04-01 00:00:00
C016014,sea,51-200,FR,2026-01-02 00:00:00
C016015,seo,11-50,FR,2026-07-04 00:00:00
C016016,sea,200+,FR,2026-06-23 00:00:00
C016017,direct,11-50,CH,2026-02-23 00:00:00
C016018,direct,11-50,FR,2026-04-12 00:00:00
C016019,seo,11-50,FR,2026-01-28 00:00:00
C016020,seo,51-200,FR,2026-01-28 00:00:00
C016021,seo,1-10,FR,2026-02-18 00:00:00
C016022,referral,200+,FR,2026-04-25 00:00:00
C016023,sea,200+,FR,2026-01-16 00:00:00
C016024,sea,1-10,FR,2026-03-05 00:00:00
C016025,direct,200+,FR,2026-04-24 00:00:00
C016026,direct,1-10,FR,2026-02-08 00:00:00
C016027,referral,11-50,BE,2026-02-10 00:00:00
C016028,referral,1-10,FR,2026-06-03 00:00:00
C016029,seo,51-200,FR,2026-04-29 00:00:00
C016030,direct,51-200,FR,2026-03-23 00:00:00
C016031,referral,51-200,CH,2026-05-18 00:00:00
C016032,seo,200+,FR,2026-04-04 00:00:00
C016033,sea,11-50,FR,2026-02-13 00:00:00
C016034,seo,11-50,FR,2026-03-16 00:00:00
C016035,sea,1-10,FR,2026-06-27 00:00:00
C016036,sea,200+,BE,2026-07-12 00:00:00
C016037,referral,51-200,CA,2026-03-26 00:00:00
C016038,direct,11-50,FR,2026-05-28 00:00:00
C016039,sea,51-200,CA,2026-01-12 00:00:00
C016040,seo,1-10,CA,2026-05-28 00:00:00
C016041,referral,1-10,FR,2026-07-16 00:00:00
C016042,direct,51-200,CA,2026-03-02 00:00:00
C016043,seo,11-50,FR,2026-01-02 00:00:00
C016044,sea,200+,CA,2026-03-16 00:00:00
C016045,direct,1-10,FR,2026-05-11 00:00:00
C016046,direct,11-50,FR,2026-06-15 00:00:00
C016047,seo,200+,CA,2026-03-22 00:00:00
C016048,seo,51-200,FR,2026-07-10 00:00:00
C016049,direct,200+,FR,2026-07-03 00:00:00
C016050,sea,200+,FR,2026-05-02 00:00:00
C016051,seo,1-10,CA,2026-03-14 00:00:00
C016052,sea,11-50,FR,2026-04-05 00:00:00
C016053,sea,11-50,BE,2026-04-04 00:00:00
C016054,seo,200+,FR,2026-02-17 00:00:00
C016055,direct,200+,FR,2026-05-30 00:00:00
C016056,referral,1-10,BE,2026-04-04 00:00:00
C016057,referral,200+,FR,2026-06-09 00:00:00
C016058,sea,1-10,CA,2026-02-07 00:00:00
C016059,direct,1-10,CA,2026-02-04 00:00:00
C016060,sea,51-200,FR,2026-04-19 00:00:00
C016061,referral,51-200,CH,2026-06-16 00:00:00
C016062,sea,1-10,FR,2026-03-25 00:00:00
C016063,seo,51-200,CH,2026-02-13 00:00:00
C016064,direct,200+,CA,2026-03-05 00:00:00
C016065,referral,11-50,FR,2026-05-27 00:00:00
C016066,seo,11-50,FR,2026-04-10 00:00:00
C016067,seo,200+,CA,2026-06-22 00:00:00
C016068,referral,51-200,BE,2026-07-02 00:00:00
C016069,sea,51-200,CH,2026-06-30 00:00:00
C016070,referral,11-50,FR,2026-06-29 00:00:00
C016071,direct,1-10,FR,2026-03-12 00:00:00
C016072,seo,200+,FR,2026-04-01 00:00:00
C016073,sea,11-50,FR,2026-01-01 00:00:00
C016074,seo,200+,FR,2026-03-06 00:00:00
C016075,direct,11-50,BE,2026-04-08 00:00:00
C016076,referral,11-50,FR,2026-01-10 00:00:00
C016077,sea,51-200,FR,2026-04-21 00:00:00
C016078,sea,11-50,FR,2026-04-10 00:00:00
C016079,referral,200+,FR,2026-07-08 00:00:00
C016080,sea,1-10,FR,2026-06-18 00:00:00
C016081,sea,1-10,FR,2026-07-09 00:00:00
C016082,direct,11-50,FR,2026-01-25 00:00:00
C016083,sea,51-200,BE,2026-03-05 00:00:00
C016084,sea,1-10,CA,2026-07-13 00:00:00
C016085,referral,1-10,FR,2026-05-29 00:00:00
C016086,direct,1-10,CH,2026-01-05 00:00:00
C016087,sea,51-200,FR,2026-04-30 00:00:00
C016088,seo,200+,FR,2026-01-23 00:00:00
C016089,sea,200+,FR,2026-01-17 00:00:00
C016090,direct,51-200,FR,2026-03-31 00:00:00
C016091,referral,1-10,CA,2026-06-15 00:00:00
C016092,seo,1-10,FR,2026-03-14 00:00:00
C016093,direct,51-200,FR,2026-02-16 00:00:00
C016094,seo,51-200,FR,2026-03-30 00:00:00
C016095,referral,11-50,BE,2026-02-14 00:00:00
C016096,seo,200+,CH,2026-05-01 00:00:00
C016097,direct,200+,BE,2026-03-02 00:00:00
C016098,referral,51-200,FR,2026-07-12 00:00:00
C016099,seo,51-200,FR,2026-05-01 00:00:00
C016100,direct,51-200,FR,2026-04-02 00:00:00
C016101,direct,200+,FR,2026-03-04 00:00:00
C016102,direct,51-200,FR,2026-07-01 00:00:00
C016103,sea,1-10,FR,2026-05-11 00:00:00
C016104,referral,1-10,FR,2026-02-14 00:00:00
C016105,direct,200+,CH,2026-05-21 00:00:00
C016106,seo,11-50,FR,2026-03-26 00:00:00
C016107,direct,200+,FR,2026-01-14 00:00:00
C016108,direct,51-200,FR,2026-06-03 00:00:00
C016109,referral,51-200,CA,2026-01-22 00:00:00
C016110,seo,51-200,FR,2026-02-10 00:00:00
C016111,direct,1-10,FR,2026-04-23 00:00:00
C016112,referral,200+,FR,2026-02-01 00:00:00
C016113,seo,51-200,FR,2026-03-11 00:00:00
C016114,seo,51-200,FR,2026-04-25 00:00:00
C016115,sea,200+,FR,2026-03-20 00:00:00
C016116,direct,51-200,FR,2026-01-24 00:00:00
C016117,referral,200+,FR,2026-06-10 00:00:00
C016118,direct,200+,CH,2026-06-25 00:00:00
C016119,seo,51-200,FR,2026-03-29 00:00:00
C016120,referral,51-200,FR,2026-04-16 00:00:00
C016121,direct,200+,FR,2026-06-14 00:00:00
C016122,sea,1-10,FR,2026-04-14 00:00:00
C016123,referral,200+,BE,2026-04-07 00:00:00
C016124,seo,11-50,FR,2026-05-22 00:00:00
C016125,sea,200+,FR,2026-02-15 00:00:00
C016126,referral,11-50,FR,2026-05-01 00:00:00
C016127,direct,11-50,FR,2026-01-17 00:00:00
C016128,referral,200+,FR,2026-02-03 00:00:00
C016129,seo,51-200,CH,2026-06-07 00:00:00
C016130,sea,11-50,FR,2026-04-26 00:00:00
C016131,seo,200+,CH,2026-05-05 00:00:00
C016132,direct,200+,FR,2026-05-11 00:00:00
C016133,direct,11-50,CH,2026-03-15 00:00:00
C016134,seo,1-10,FR,2026-03-23 00:00:00
C016135,referral,11-50,FR,2026-06-19 00:00:00
C016136,referral,51-200,CH,2026-03-13 00:00:00
C016137,seo,1-10,FR,2026-07-12 00:00:00
C016138,sea,1-10,CH,2026-07-11 00:00:00
C016139,direct,200+,FR,2026-07-17 00:00:00
C016140,referral,200+,FR,2026-04-27 00:00:00
C016141,sea,200+,CH,2026-04-24 00:00:00
C016142,sea,1-10,FR,2026-02-05 00:00:00
C016143,seo,11-50,FR,2026-05-07 00:00:00
C016144,direct,200+,FR,2026-04-06 00:00:00
C016145,seo,200+,FR,2026-05-15 00:00:00
C016146,sea,51-200,FR,2026-01-21 00:00:00
C016147,sea,51-200,FR,2026-03-16 00:00:00
C016148,sea,200+,FR,2026-06-19 00:00:00
C016149,sea,200+,FR,2026-05-24 00:00:00
C016150,direct,200+,FR,2026-06-30 00:00:00
C016151,referral,11-50,FR,2026-03-06 00:00:00
C016152,referral,51-200,CA,2026-07-12 00:00:00
C016153,direct,200+,FR,2026-05-12 00:00:00
C016154,sea,51-200,FR,2026-02-06 00:00:00
C016155,sea,51-200,FR,2026-04-24 00:00:00
C016156,referral,200+,FR,2026-03-27 00:00:00
C016157,direct,200+,FR,2026-03-04 00:00:00
C016158,sea,11-50,FR,2026-07-01 00:00:00
C016159,sea,11-50,BE,2026-05-25 00:00:00
C016160,referral,1-10,FR,2026-02-06 00:00:00
C016161,referral,200+,FR,2026-02-25 00:00:00
C016162,referral,51-200,FR,2026-07-08 00:00:00
C016163,direct,1-10,CH,2026-03-21 00:00:00
C016164,referral,51-200,FR,2026-06-17 00:00:00
C016165,seo,200+,FR,2026-06-12 00:00:00
C016166,seo,11-50,BE,2026-02-11 00:00:00
C016167,referral,200+,FR,2026-03-12 00:00:00
C016168,sea,200+,FR,2026-01-14 00:00:00
C016169,referral,11-50,FR,2026-02-08 00:00:00
C016170,seo,11-50,FR,2026-04-09 00:00:00
C016171,referral,1-10,FR,2026-07-02 00:00:00
C016172,sea,200+,FR,2026-03-25 00:00:00
C016173,referral,51-200,FR,2026-01-02 00:00:00
C016174,sea,1-10,FR,2026-07-05 00:00:00
C016175,direct,1-10,FR,2026-06-06 00:00:00
C016176,direct,1-10,FR,2026-05-31 00:00:00
C016177,seo,51-200,FR,2026-04-20 00:00:00
C016178,seo,11-50,CA,2026-05-06 00:00:00
C016179,direct,1-10,FR,2026-07-14 00:00:00
C016180,seo,51-200,CH,2026-06-10 00:00:00
C016181,referral,51-200,FR,2026-02-20 00:00:00
C016182,direct,11-50,FR,2026-07-11 00:00:00
C016183,direct,51-200,FR,2026-01-03 00:00:00
C016184,direct,200+,FR,2026-05-22 00:00:00
C016185,seo,200+,FR,2026-01-28 00:00:00
C016186,seo,1-10,BE,2026-03-16 00:00:00
C016187,referral,51-200,FR,2026-01-16 00:00:00
C016188,direct,51-200,FR,2026-04-18 00:00:00
C016189,referral,11-50,FR,2026-01-17 00:00:00
C016190,sea,200+,CH,2026-03-07 00:00:00
C016191,direct,1-10,FR,2026-05-03 00:00:00
C016192,seo,51-200,FR,2026-06-10 00:00:00
C016193,seo,1-10,CA,2026-04-05 00:00:00
C016194,sea,1-10,CH,2026-01-06 00:00:00
C016195,referral,200+,FR,2026-07-04 00:00:00
C016196,referral,11-50,CH,2026-03-12 00:00:00
C016197,direct,200+,FR,2026-01-20 00:00:00
C016198,referral,1-10,FR,2026-03-09 00:00:00
C016199,direct,200+,FR,2026-04-01 00:00:00
C016200,direct,1-10,FR,2026-07-11 00:00:00
C016201,sea,51-200,FR,2026-04-02 00:00:00
C016202,direct,200+,CH,2026-06-10 00:00:00
C016203,referral,11-50,BE,2026-07-04 00:00:00
C016204,sea,200+,FR,2026-07-14 00:00:00
C016205,seo,11-50,FR,2026-02-22 00:00:00
C016206,referral,1-10,FR,2026-06-05 00:00:00
C016207,direct,1-10,FR,2026-06-25 00:00:00
C016208,referral,51-200,FR,2026-04-22 00:00:00
C016209,seo,200+,FR,2026-03-28 00:00:00
C016210,referral,11-50,FR,2026-06-25 00:00:00
C016211,referral,1-10,FR,2026-02-20 00:00:00
C016212,referral,51-200,FR,2026-03-06 00:00:00
C016213,referral,1-10,FR,2026-04-22 00:00:00
C016214,direct,200+,FR,2026-01-15 00:00:00
C016215,referral,200+,CH,2026-07-11 00:00:00
C016216,direct,200+,FR,2026-04-27 00:00:00
C016217,direct,11-50,BE,2026-03-24 00:00:00
C016218,direct,1-10,CH,2026-02-08 00:00:00
C016219,seo,51-200,FR,2026-03-02 00:00:00
C016220,seo,11-50,FR,2026-04-10 00:00:00
C016221,sea,200+,BE,2026-05-26 00:00:00
C016222,seo,1-10,FR,2026-03-28 00:00:00
C016223,direct,11-50,FR,2026-01-31 00:00:00
C016224,referral,200+,CA,2026-06-28 00:00:00
C016225,sea,1-10,FR,2026-03-27 00:00:00
C016226,referral,200+,FR,2026-03-17 00:00:00
C016227,seo,200+,FR,2026-01-11 00:00:00
C016228,seo,51-200,CA,2026-03-24 00:00:00
C016229,referral,11-50,FR,2026-04-10 00:00:00
C016230,sea,51-200,FR,2026-02-07 00:00:00
C016231,seo,51-200,FR,2026-07-19 00:00:00
C016232,seo,51-200,CA,2026-01-29 00:00:00
C016233,sea,11-50,FR,2026-05-29 00:00:00
C016234,seo,11-50,FR,2026-02-27 00:00:00
C016235,direct,1-10,FR,2026-07-11 00:00:00
C016236,direct,51-200,FR,2026-02-10 00:00:00
C016237,referral,51-200,FR,2026-03-26 00:00:00
C016238,seo,200+,FR,2026-01-30 00:00:00
C016239,seo,200+,FR,2026-05-24 00:00:00
C016240,direct,1-10,FR,2026-06-19 00:00:00
C016241,referral,11-50,CA,2026-05-04 00:00:00
C016242,referral,51-200,BE,2026-01-01 00:00:00
C016243,sea,1-10,FR,2026-01-16 00:00:00
C016244,referral,11-50,FR,2026-01-08 00:00:00
C016245,sea,200+,FR,2026-03-21 00:00:00
C016246,seo,51-200,CH,2026-06-07 00:00:00
C016247,referral,11-50,FR,2026-03-01 00:00:00
C016248,direct,51-200,FR,2026-04-01 00:00:00
C016249,seo,51-200,CA,2026-05-13 00:00:00
C016250,sea,11-50,FR,2026-01-27 00:00:00
C016251,seo,51-200,CA,2026-01-24 00:00:00
C016252,referral,11-50,FR,2026-03-27 00:00:00
C016253,direct,11-50,FR,2026-03-15 00:00:00
C016254,seo,51-200,FR,2026-06-25 00:00:00
C016255,direct,51-200,CH,2026-03-28 00:00:00
C016256,seo,1-10,FR,2026-06-30 00:00:00
C016257,referral,200+,CA,2026-05-27 00:00:00
C016258,sea,11-50,FR,2026-04-24 00:00:00
C016259,referral,51-200,FR,2026-05-03 00:00:00
C016260,referral,200+,FR,2026-02-07 00:00:00
C016261,seo,1-10,FR,2026-05-23 00:00:00
C016262,seo,51-200,FR,2026-05-30 00:00:00
C016263,sea,1-10,FR,2026-02-13 00:00:00
C016264,direct,11-50,FR,2026-05-07 00:00:00
C016265,seo,11-50,FR,2026-02-20 00:00:00
C016266,sea,1-10,FR,2026-01-13 00:00:00
C016267,sea,200+,FR,2026-05-06 00:00:00
C016268,sea,200+,FR,2026-02-28 00:00:00
C016269,referral,51-200,CH,2026-01-11 00:00:00
C016270,referral,11-50,FR,2026-03-31 00:00:00
C016271,referral,51-200,FR,2026-01-22 00:00:00
C016272,sea,200+,CH,2026-04-21 00:00:00
C016273,sea,11-50,FR,2026-02-04 00:00:00
C016274,referral,11-50,FR,2026-06-13 00:00:00
C016275,sea,1-10,FR,2026-02-05 00:00:00
C016276,referral,51-200,FR,2026-01-03 00:00:00
C016277,sea,200+,FR,2026-05-24 00:00:00
C016278,referral,51-200,FR,2026-03-27 00:00:00
C016279,seo,11-50,BE,2026-02-23 00:00:00
C016280,sea,200+,FR,2026-05-22 00:00:00
C016281,sea,200+,CA,2026-05-27 00:00:00
C016282,seo,11-50,BE,2026-04-11 00:00:00
C016283,direct,1-10,FR,2026-02-11 00:00:00
C016284,seo,51-200,BE,2026-05-17 00:00:00
C016285,seo,1-10,BE,2026-03-25 00:00:00
C016286,seo,1-10,FR,2026-07-06 00:00:00
C016287,sea,1-10,FR,2026-05-31 00:00:00
C016288,referral,200+,FR,2026-05-12 00:00:00
C016289,referral,1-10,FR,2026-05-05 00:00:00
C016290,seo,1-10,FR,2026-06-12 00:00:00
C016291,direct,200+,FR,2026-04-23 00:00:00
C016292,referral,200+,FR,2026-01-19 00:00:00
C016293,referral,200+,FR,2026-04-20 00:00:00
C016294,sea,11-50,FR,2026-04-19 00:00:00
C016295,seo,1-10,FR,2026-05-09 00:00:00
C016296,seo,51-200,FR,2026-04-05 00:00:00
C016297,seo,11-50,FR,2026-02-06 00:00:00
C016298,direct,200+,FR,2026-01-01 00:00:00
C016299,sea,11-50,FR,2026-04-04 00:00:00
C016300,referral,1-10,CH,2026-03-05 00:00:00
C016301,seo,11-50,FR,2026-06-18 00:00:00
C016302,seo,1-10,FR,2026-05-25 00:00:00
C016303,sea,1-10,FR,2026-07-01 00:00:00
C016304,referral,1-10,BE,2026-01-19 00:00:00
C016305,direct,1-10,FR,2026-01-13 00:00:00
C016306,sea,51-200,FR,2026-01-25 00:00:00
C016307,referral,1-10,FR,2026-07-10 00:00:00
C016308,sea,11-50,FR,2026-05-18 00:00:00
C016309,direct,1-10,FR,2026-07-19 00:00:00
C016310,referral,51-200,FR,2026-02-12 00:00:00
C016311,referral,200+,CH,2026-03-19 00:00:00
C016312,direct,200+,FR,2026-03-21 00:00:00
C016313,direct,200+,FR,2026-04-13 00:00:00
C016314,seo,51-200,FR,2026-04-10 00:00:00
C016315,sea,200+,FR,2026-05-27 00:00:00
C016316,seo,51-200,FR,2026-01-02 00:00:00
C016317,sea,11-50,FR,2026-05-21 00:00:00
C016318,sea,11-50,FR,2026-03-01 00:00:00
C016319,sea,200+,FR,2026-03-03 00:00:00
C016320,seo,200+,FR,2026-06-29 00:00:00
C016321,seo,200+,BE,2026-01-05 00:00:00
C016322,sea,11-50,CA,2026-03-11 00:00:00
C016323,sea,51-200,BE,2026-01-06 00:00:00
C016324,sea,1-10,FR,2026-03-16 00:00:00
C016325,direct,11-50,FR,2026-04-17 00:00:00
C016326,seo,11-50,FR,2026-01-22 00:00:00
C016327,sea,11-50,FR,2026-05-27 00:00:00
C016328,sea,11-50,FR,2026-03-20 00:00:00
C016329,sea,11-50,BE,2026-06-16 00:00:00
C016330,seo,1-10,FR,2026-01-21 00:00:00
C016331,direct,51-200,FR,2026-04-25 00:00:00
C016332,sea,1-10,CH,2026-05-28 00:00:00
C016333,sea,1-10,FR,2026-07-16 00:00:00
C016334,seo,51-200,FR,2026-07-01 00:00:00
C016335,direct,11-50,FR,2026-02-28 00:00:00
C016336,sea,11-50,FR,2026-01-21 00:00:00
C016337,referral,1-10,FR,2026-02-09 00:00:00
C016338,referral,1-10,FR,2026-01-17 00:00:00
C016339,referral,200+,FR,2026-07-02 00:00:00
C016340,seo,200+,FR,2026-02-25 00:00:00
C016341,seo,200+,FR,2026-03-23 00:00:00
C016342,sea,51-200,FR,2026-06-22 00:00:00
C016343,referral,51-200,FR,2026-02-15 00:00:00
C016344,sea,1-10,FR,2026-03-30 00:00:00
C016345,seo,11-50,FR,2026-05-12 00:00:00
C016346,direct,1-10,BE,2026-01-28 00:00:00
C016347,direct,51-200,FR,2026-03-31 00:00:00
C016348,seo,51-200,BE,2026-05-24 00:00:00
C016349,seo,1-10,FR,2026-04-12 00:00:00
C016350,sea,200+,FR,2026-01-26 00:00:00
C016351,direct,200+,FR,2026-03-15 00:00:00
C016352,referral,11-50,FR,2026-06-03 00:00:00
C016353,referral,200+,FR,2026-05-12 00:00:00
C016354,seo,51-200,CH,2026-03-29 00:00:00
C016355,referral,11-50,FR,2026-07-12 00:00:00
C016356,direct,1-10,FR,2026-03-15 00:00:00
C016357,sea,51-200,FR,2026-03-09 00:00:00
C016358,referral,51-200,FR,2026-03-31 00:00:00
C016359,direct,200+,FR,2026-05-18 00:00:00
C016360,sea,51-200,CH,2026-01-01 00:00:00
C016361,direct,51-200,FR,2026-01-07 00:00:00
C016362,sea,11-50,FR,2026-05-20 00:00:00
C016363,referral,1-10,FR,2026-01-29 00:00:00
C016364,direct,1-10,BE,2026-03-06 00:00:00
C016365,direct,51-200,FR,2026-02-16 00:00:00
C016366,seo,11-50,FR,2026-05-04 00:00:00
C016367,direct,11-50,CA,2026-06-17 00:00:00
C016368,referral,1-10,FR,2026-01-02 00:00:00
C016369,seo,1-10,FR,2026-06-15 00:00:00
C016370,referral,11-50,FR,2026-05-05 00:00:00
C016371,sea,200+,FR,2026-01-21 00:00:00
C016372,direct,51-200,FR,2026-05-30 00:00:00
C016373,seo,1-10,CA,2026-04-29 00:00:00
C016374,direct,200+,FR,2026-05-25 00:00:00
C016375,direct,1-10,FR,2026-03-09 00:00:00
C016376,sea,200+,FR,2026-02-10 00:00:00
C016377,seo,11-50,CH,2026-02-18 00:00:00
C016378,seo,1-10,FR,2026-02-23 00:00:00
C016379,referral,11-50,FR,2026-02-12 00:00:00
C016380,direct,11-50,FR,2026-02-10 00:00:00
C016381,seo,11-50,CA,2026-05-23 00:00:00
C016382,referral,1-10,FR,2026-06-03 00:00:00
C016383,sea,200+,CA,2026-03-12 00:00:00
C016384,referral,200+,CA,2026-05-19 00:00:00
C016385,sea,51-200,FR,2026-01-21 00:00:00
C016386,sea,51-200,FR,2026-04-22 00:00:00
C016387,referral,11-50,CA,2026-07-11 00:00:00
C016388,sea,51-200,CH,2026-01-09 00:00:00
C016389,sea,200+,CH,2026-02-08 00:00:00
C016390,seo,200+,BE,2026-01-21 00:00:00
C016391,seo,51-200,FR,2026-06-05 00:00:00
C016392,referral,200+,CA,2026-02-16 00:00:00
C016393,seo,11-50,FR,2026-05-15 00:00:00
C016394,direct,200+,FR,2026-04-22 00:00:00
C016395,direct,1-10,BE,2026-06-12 00:00:00
C016396,seo,1-10,FR,2026-07-14 00:00:00
C016397,seo,51-200,FR,2026-06-28 00:00:00
C016398,sea,1-10,FR,2026-06-17 00:00:00
C016399,referral,51-200,FR,2026-05-06 00:00:00
C016400,seo,11-50,CH,2026-06-24 00:00:00
C016401,seo,200+,FR,2026-04-02 00:00:00
C016402,direct,200+,FR,2026-04-15 00:00:00
C016403,direct,1-10,BE,2026-01-22 00:00:00
C016404,sea,51-200,FR,2026-06-18 00:00:00
C016405,direct,1-10,FR,2026-02-05 00:00:00
C016406,sea,1-10,FR,2026-01-27 00:00:00
C016407,sea,200+,FR,2026-04-06 00:00:00
C016408,referral,1-10,FR,2026-06-03 00:00:00
C016409,sea,200+,FR,2026-03-22 00:00:00
C016410,referral,200+,BE,2026-01-31 00:00:00
C016411,sea,200+,FR,2026-06-01 00:00:00
C016412,referral,51-200,FR,2026-05-28 00:00:00
C016413,sea,51-200,BE,2026-01-07 00:00:00
C016414,seo,200+,FR,2026-02-08 00:00:00
C016415,direct,51-200,BE,2026-02-20 00:00:00
C016416,seo,200+,CA,2026-03-02 00:00:00
C016417,direct,11-50,BE,2026-05-14 00:00:00
C016418,seo,1-10,FR,2026-02-22 00:00:00
C016419,direct,1-10,FR,2026-03-10 00:00:00
C016420,referral,200+,FR,2026-05-04 00:00:00
C016421,referral,51-200,FR,2026-06-08 00:00:00
C016422,referral,51-200,FR,2026-03-10 00:00:00
C016423,direct,1-10,FR,2026-03-26 00:00:00
C016424,referral,1-10,CA,2026-03-13 00:00:00
C016425,direct,1-10,BE,2026-05-07 00:00:00
C016426,direct,11-50,FR,2026-05-18 00:00:00
C016427,referral,1-10,CH,2026-07-14 00:00:00
C016428,referral,1-10,FR,2026-06-17 00:00:00
C016429,seo,200+,BE,2026-01-10 00:00:00
C016430,referral,200+,FR,2026-03-31 00:00:00
C016431,direct,1-10,CA,2026-06-10 00:00:00
C016432,direct,1-10,FR,2026-02-01 00:00:00
C016433,referral,51-200,FR,2026-05-14 00:00:00
C016434,sea,11-50,FR,2026-04-08 00:00:00
C016435,direct,1-10,FR,2026-05-24 00:00:00
C016436,referral,11-50,FR,2026-01-14 00:00:00
C016437,seo,51-200,FR,2026-05-13 00:00:00
C016438,direct,51-200,FR,2026-03-01 00:00:00
C016439,sea,11-50,BE,2026-05-17 00:00:00
C016440,direct,11-50,FR,2026-05-12 00:00:00
C016441,referral,200+,FR,2026-01-30 00:00:00
C016442,sea,51-200,CH,2026-06-27 00:00:00
C016443,referral,11-50,FR,2026-03-04 00:00:00
C016444,direct,11-50,BE,2026-02-09 00:00:00
C016445,seo,11-50,CA,2026-04-14 00:00:00
C016446,sea,1-10,FR,2026-05-26 00:00:00
C016447,direct,51-200,FR,2026-05-11 00:00:00
C016448,seo,200+,FR,2026-05-17 00:00:00
C016449,seo,200+,FR,2026-04-30 00:00:00
C016450,referral,1-10,FR,2026-04-18 00:00:00
C016451,seo,51-200,BE,2026-01-26 00:00:00
C016452,direct,1-10,FR,2026-06-07 00:00:00
C016453,seo,51-200,FR,2026-02-28 00:00:00
C016454,seo,200+,FR,2026-07-05 00:00:00
C016455,referral,200+,FR,2026-04-18 00:00:00
C016456,direct,200+,FR,2026-01-27 00:00:00
C016457,referral,51-200,FR,2026-05-13 00:00:00
C016458,seo,200+,FR,2026-02-19 00:00:00
C016459,direct,11-50,FR,2026-04-02 00:00:00
C016460,direct,1-10,FR,2026-03-21 00:00:00
C016461,seo,1-10,CA,2026-03-08 00:00:00
C016462,sea,11-50,FR,2026-05-17 00:00:00
C016463,direct,51-200,FR,2026-03-06 00:00:00
C016464,referral,200+,BE,2026-05-20 00:00:00
C016465,referral,51-200,FR,2026-02-12 00:00:00
C016466,sea,11-50,FR,2026-04-19 00:00:00
C016467,sea,51-200,FR,2026-06-25 00:00:00
C016468,referral,200+,FR,2026-06-26 00:00:00
C016469,referral,51-200,FR,2026-02-24 00:00:00
C016470,direct,200+,FR,2026-01-18 00:00:00
C016471,direct,200+,CA,2026-05-17 00:00:00
C016472,seo,200+,FR,2026-01-07 00:00:00
C016473,referral,200+,CH,2026-01-20 00:00:00
C016474,seo,200+,FR,2026-05-20 00:00:00
C016475,seo,200+,FR,2026-01-09 00:00:00
C016476,seo,200+,BE,2026-04-10 00:00:00
C016477,seo,200+,FR,2026-02-02 00:00:00
C016478,referral,200+,FR,2026-06-20 00:00:00
C016479,sea,200+,FR,2026-04-29 00:00:00
C016480,seo,51-200,FR,2026-07-10 00:00:00
C016481,direct,11-50,CH,2026-03-19 00:00:00
C016482,seo,1-10,FR,2026-02-04 00:00:00
C016483,referral,200+,CA,2026-04-26 00:00:00
C016484,referral,51-200,CH,2026-07-17 00:00:00
C016485,seo,11-50,CA,2026-05-16 00:00:00
C016486,referral,200+,BE,2026-04-20 00:00:00
C016487,seo,11-50,FR,2026-07-15 00:00:00
C016488,direct,11-50,FR,2026-01-08 00:00:00
C016489,seo,51-200,FR,2026-07-19 00:00:00
C016490,referral,1-10,FR,2026-04-26 00:00:00
C016491,direct,200+,FR,2026-03-30 00:00:00
C016492,referral,1-10,FR,2026-07-03 00:00:00
C016493,sea,1-10,FR,2026-02-01 00:00:00
C016494,referral,11-50,FR,2026-07-11 00:00:00
C016495,seo,11-50,FR,2026-04-21 00:00:00
C016496,referral,11-50,FR,2026-05-07 00:00:00
C016497,seo,11-50,CA,2026-04-13 00:00:00
C016498,direct,51-200,FR,2026-01-27 00:00:00
C016499,referral,200+,BE,2026-07-07 00:00:00
C016500,referral,1-10,FR,2026-03-12 00:00:00
C016501,sea,51-200,CH,2026-05-11 00:00:00
C016502,seo,51-200,FR,2026-03-20 00:00:00
C016503,direct,11-50,BE,2026-04-10 00:00:00
C016504,seo,200+,BE,2026-05-25 00:00:00
C016505,referral,11-50,FR,2026-05-24 00:00:00
C016506,direct,1-10,FR,2026-03-20 00:00:00
C016507,seo,200+,FR,2026-03-19 00:00:00
C016508,seo,1-10,CA,2026-04-10 00:00:00
C016509,referral,200+,FR,2026-05-17 00:00:00
C016510,direct,1-10,CA,2026-05-28 00:00:00
C016511,referral,1-10,FR,2026-02-16 00:00:00
C016512,seo,1-10,FR,2026-05-27 00:00:00
C016513,direct,51-200,BE,2026-05-19 00:00:00
C016514,referral,51-200,BE,2026-04-05 00:00:00
C016515,sea,51-200,CH,2026-06-14 00:00:00
C016516,seo,11-50,FR,2026-02-02 00:00:00
C016517,seo,200+,FR,2026-01-21 00:00:00
C016518,referral,51-200,FR,2026-02-23 00:00:00
C016519,referral,200+,BE,2026-05-30 00:00:00
C016520,direct,51-200,FR,2026-06-26 00:00:00
C016521,sea,11-50,BE,2026-03-05 00:00:00
C016522,seo,1-10,FR,2026-01-09 00:00:00
C016523,referral,200+,FR,2026-06-02 00:00:00
C016524,direct,51-200,CH,2026-04-19 00:00:00
C016525,sea,1-10,FR,2026-01-26 00:00:00
C016526,sea,1-10,FR,2026-01-09 00:00:00
C016527,seo,51-200,FR,2026-03-27 00:00:00
C016528,sea,11-50,FR,2026-03-12 00:00:00
C016529,direct,1-10,CA,2026-02-12 00:00:00
C016530,seo,51-200,FR,2026-02-04 00:00:00
C016531,seo,51-200,FR,2026-02-07 00:00:00
C016532,direct,51-200,FR,2026-01-17 00:00:00
C016533,referral,200+,FR,2026-03-16 00:00:00
C016534,referral,11-50,CA,2026-01-12 00:00:00
C016535,seo,51-200,CA,2026-01-14 00:00:00
C016536,direct,1-10,FR,2026-04-18 00:00:00
C016537,referral,200+,CH,2026-04-17 00:00:00
C016538,direct,11-50,CH,2026-06-14 00:00:00
C016539,referral,200+,FR,2026-01-06 00:00:00
C016540,seo,51-200,CA,2026-03-02 00:00:00
C016541,sea,11-50,FR,2026-04-20 00:00:00
C016542,referral,1-10,FR,2026-04-04 00:00:00
C016543,direct,1-10,FR,2026-05-17 00:00:00
C016544,referral,1-10,FR,2026-07-15 00:00:00
C016545,seo,200+,FR,2026-03-02 00:00:00
C016546,sea,200+,FR,2026-03-19 00:00:00
C016547,seo,11-50,FR,2026-02-02 00:00:00
C016548,referral,11-50,FR,2026-01-20 00:00:00
C016549,referral,51-200,FR,2026-02-25 00:00:00
C016550,seo,1-10,FR,2026-03-29 00:00:00
C016551,seo,11-50,FR,2026-05-26 00:00:00
C016552,seo,1-10,FR,2026-07-07 00:00:00
C016553,direct,51-200,FR,2026-05-19 00:00:00
C016554,referral,1-10,CH,2026-02-25 00:00:00
C016555,direct,51-200,CH,2026-01-11 00:00:00
C016556,sea,11-50,FR,2026-01-20 00:00:00
C016557,direct,200+,FR,2026-05-10 00:00:00
C016558,referral,200+,FR,2026-07-12 00:00:00
C016559,sea,51-200,FR,2026-05-18 00:00:00
C016560,seo,1-10,FR,2026-02-28 00:00:00
C016561,sea,200+,CH,2026-03-21 00:00:00
C016562,sea,51-200,FR,2026-04-02 00:00:00
C016563,referral,11-50,FR,2026-05-30 00:00:00
C016564,direct,200+,FR,2026-02-17 00:00:00
C016565,direct,11-50,CA,2026-03-23 00:00:00
C016566,sea,1-10,CH,2026-03-20 00:00:00
C016567,direct,1-10,CH,2026-04-30 00:00:00
C016568,seo,11-50,FR,2026-05-17 00:00:00
C016569,seo,200+,BE,2026-05-31 00:00:00
C016570,direct,11-50,FR,2026-01-02 00:00:00
C016571,seo,1-10,FR,2026-04-26 00:00:00
C016572,sea,11-50,CH,2026-07-14 00:00:00
C016573,sea,11-50,FR,2026-06-10 00:00:00
C016574,referral,51-200,CH,2026-05-03 00:00:00
C016575,referral,1-10,FR,2026-01-04 00:00:00
C016576,seo,200+,CH,2026-03-23 00:00:00
C016577,seo,200+,CH,2026-02-02 00:00:00
C016578,seo,1-10,FR,2026-01-09 00:00:00
C016579,sea,11-50,FR,2026-04-20 00:00:00
C016580,seo,11-50,FR,2026-01-13 00:00:00
C016581,seo,1-10,FR,2026-05-28 00:00:00
C016582,referral,200+,FR,2026-05-10 00:00:00
C016583,sea,1-10,FR,2026-04-27 00:00:00
C016584,seo,200+,FR,2026-05-13 00:00:00
C016585,seo,51-200,FR,2026-03-24 00:00:00
C016586,referral,51-200,FR,2026-07-06 00:00:00
C016587,direct,200+,FR,2026-01-24 00:00:00
C016588,referral,200+,CH,2026-02-26 00:00:00
C016589,seo,51-200,FR,2026-02-22 00:00:00
C016590,direct,1-10,BE,2026-05-14 00:00:00
C016591,seo,1-10,CH,2026-01-30 00:00:00
C016592,referral,11-50,CH,2026-02-24 00:00:00
C016593,sea,51-200,BE,2026-03-26 00:00:00
C016594,sea,200+,FR,2026-01-31 00:00:00
C016595,direct,11-50,FR,2026-06-10 00:00:00
C016596,direct,11-50,FR,2026-05-06 00:00:00
C016597,direct,1-10,FR,2026-04-17 00:00:00
C016598,direct,11-50,FR,2026-06-22 00:00:00
C016599,sea,51-200,FR,2026-05-21 00:00:00
C016600,seo,1-10,FR,2026-03-26 00:00:00
C016601,direct,11-50,FR,2026-06-27 00:00:00
C016602,seo,1-10,FR,2026-02-20 00:00:00
C016603,direct,51-200,BE,2026-03-04 00:00:00
C016604,sea,1-10,FR,2026-07-19 00:00:00
C016605,referral,1-10,FR,2026-01-20 00:00:00
C016606,direct,200+,FR,2026-06-08 00:00:00
C016607,referral,1-10,FR,2026-06-16 00:00:00
C016608,seo,1-10,FR,2026-04-23 00:00:00
C016609,direct,51-200,FR,2026-04-23 00:00:00
C016610,direct,51-200,FR,2026-04-14 00:00:00
C016611,sea,11-50,FR,2026-06-22 00:00:00
C016612,seo,1-10,FR,2026-01-29 00:00:00
C016613,referral,51-200,FR,2026-02-16 00:00:00
C016614,referral,51-200,BE,2026-01-04 00:00:00
C016615,seo,200+,FR,2026-06-24 00:00:00
C016616,sea,200+,FR,2026-05-14 00:00:00
C016617,direct,51-200,CH,2026-03-07 00:00:00
C016618,referral,51-200,BE,2026-02-25 00:00:00
C016619,sea,1-10,FR,2026-05-17 00:00:00
C016620,sea,51-200,FR,2026-06-02 00:00:00
C016621,sea,51-200,CH,2026-04-03 00:00:00
C016622,direct,51-200,FR,2026-06-08 00:00:00
C016623,seo,200+,BE,2026-05-22 00:00:00
C016624,referral,51-200,FR,2026-02-20 00:00:00
C016625,seo,51-200,FR,2026-02-27 00:00:00
C016626,seo,200+,BE,2026-05-27 00:00:00
C016627,direct,11-50,FR,2026-06-16 00:00:00
C016628,seo,200+,FR,2026-06-01 00:00:00
C016629,seo,200+,FR,2026-06-02 00:00:00
C016630,referral,11-50,FR,2026-01-25 00:00:00
C016631,direct,11-50,FR,2026-02-23 00:00:00
C016632,referral,51-200,FR,2026-06-20 00:00:00
C016633,direct,11-50,FR,2026-04-08 00:00:00
C016634,seo,11-50,FR,2026-03-04 00:00:00
C016635,referral,51-200,FR,2026-06-29 00:00:00
C016636,seo,200+,BE,2026-04-15 00:00:00
C016637,seo,200+,FR,2026-04-23 00:00:00
C016638,seo,51-200,FR,2026-04-09 00:00:00
C016639,seo,1-10,FR,2026-04-29 00:00:00
C016640,sea,1-10,FR,2026-05-15 00:00:00
C016641,direct,200+,CA,2026-03-08 00:00:00
C016642,direct,51-200,FR,2026-06-19 00:00:00
C016643,seo,51-200,FR,2026-06-24 00:00:00
C016644,sea,51-200,FR,2026-03-03 00:00:00
C016645,seo,200+,FR,2026-02-14 00:00:00
C016646,sea,200+,FR,2026-07-17 00:00:00
C016647,direct,200+,FR,2026-06-03 00:00:00
C016648,sea,200+,CA,2026-01-08 00:00:00
C016649,sea,11-50,FR,2026-02-18 00:00:00
C016650,seo,200+,FR,2026-03-16 00:00:00
C016651,seo,1-10,FR,2026-04-08 00:00:00
C016652,referral,51-200,FR,2026-01-08 00:00:00
C016653,seo,11-50,FR,2026-05-19 00:00:00
C016654,referral,51-200,FR,2026-01-30 00:00:00
C016655,sea,200+,FR,2026-07-09 00:00:00
C016656,seo,1-10,CA,2026-05-06 00:00:00
C016657,direct,1-10,FR,2026-01-31 00:00:00
C016658,sea,11-50,BE,2026-01-05 00:00:00
C016659,sea,11-50,BE,2026-01-25 00:00:00
C016660,seo,200+,FR,2026-02-18 00:00:00
C016661,seo,51-200,BE,2026-06-30 00:00:00
C016662,direct,11-50,FR,2026-03-29 00:00:00
C016663,sea,200+,CH,2026-06-18 00:00:00
C016664,seo,200+,CH,2026-03-04 00:00:00
C016665,direct,51-200,FR,2026-02-18 00:00:00
C016666,sea,51-200,FR,2026-03-04 00:00:00
C016667,direct,11-50,FR,2026-02-19 00:00:00
C016668,direct,51-200,FR,2026-03-21 00:00:00
C016669,direct,200+,FR,2026-03-09 00:00:00
C016670,referral,1-10,FR,2026-07-06 00:00:00
C016671,referral,51-200,FR,2026-01-28 00:00:00
C016672,referral,200+,CH,2026-01-15 00:00:00
C016673,seo,51-200,FR,2026-04-03 00:00:00
C016674,seo,200+,FR,2026-06-07 00:00:00
C016675,seo,51-200,CA,2026-01-07 00:00:00
C016676,referral,200+,CA,2026-05-17 00:00:00
C016677,referral,11-50,FR,2026-04-28 00:00:00
C016678,direct,51-200,FR,2026-06-23 00:00:00
C016679,sea,11-50,CH,2026-03-17 00:00:00
C016680,seo,51-200,FR,2026-02-12 00:00:00
C016681,sea,11-50,FR,2026-04-06 00:00:00
C016682,seo,1-10,CH,2026-06-27 00:00:00
C016683,referral,11-50,FR,2026-02-21 00:00:00
C016684,referral,1-10,FR,2026-02-20 00:00:00
C016685,referral,51-200,FR,2026-07-08 00:00:00
C016686,sea,51-200,FR,2026-04-25 00:00:00
C016687,referral,200+,FR,2026-03-12 00:00:00
C016688,direct,11-50,FR,2026-03-21 00:00:00
C016689,seo,11-50,FR,2026-04-29 00:00:00
C016690,referral,1-10,CA,2026-04-07 00:00:00
C016691,referral,51-200,FR,2026-02-26 00:00:00
C016692,sea,51-200,FR,2026-05-11 00:00:00
C016693,direct,11-50,FR,2026-07-07 00:00:00
C016694,referral,200+,FR,2026-06-05 00:00:00
C016695,referral,1-10,FR,2026-04-18 00:00:00
C016696,seo,1-10,FR,2026-05-01 00:00:00
C016697,referral,200+,CH,2026-03-22 00:00:00
C016698,direct,11-50,BE,2026-07-03 00:00:00
C016699,sea,51-200,FR,2026-06-10 00:00:00
C016700,direct,200+,CH,2026-07-16 00:00:00
C016701,referral,51-200,FR,2026-01-26 00:00:00
C016702,sea,11-50,FR,2026-03-15 00:00:00
C016703,sea,51-200,CH,2026-02-25 00:00:00
C016704,seo,1-10,FR,2026-01-16 00:00:00
C016705,sea,1-10,CA,2026-07-13 00:00:00
C016706,seo,51-200,FR,2026-01-16 00:00:00
C016707,direct,51-200,BE,2026-06-06 00:00:00
C016708,seo,51-200,FR,2026-03-01 00:00:00
C016709,sea,1-10,FR,2026-05-18 00:00:00
C016710,direct,200+,FR,2026-07-04 00:00:00
C016711,sea,11-50,FR,2026-07-12 00:00:00
C016712,direct,200+,FR,2026-01-03 00:00:00
C016713,sea,1-10,FR,2026-04-15 00:00:00
C016714,seo,200+,CH,2026-03-10 00:00:00
C016715,referral,1-10,FR,2026-06-24 00:00:00
C016716,direct,200+,CA,2026-04-07 00:00:00
C016717,direct,51-200,CH,2026-03-21 00:00:00
C016718,referral,11-50,FR,2026-06-23 00:00:00
C016719,referral,11-50,BE,2026-06-03 00:00:00
C016720,referral,200+,CH,2026-04-23 00:00:00
C016721,direct,1-10,BE,2026-05-01 00:00:00
C016722,sea,200+,FR,2026-06-09 00:00:00
C016723,direct,1-10,FR,2026-01-10 00:00:00
C016724,sea,200+,FR,2026-01-29 00:00:00
C016725,referral,1-10,CA,2026-02-16 00:00:00
C016726,sea,51-200,FR,2026-02-03 00:00:00
C016727,sea,51-200,FR,2026-01-15 00:00:00
C016728,sea,200+,FR,2026-05-03 00:00:00
C016729,sea,51-200,FR,2026-04-08 00:00:00
C016730,referral,200+,CA,2026-03-16 00:00:00
C016731,referral,200+,FR,2026-04-01 00:00:00
C016732,seo,51-200,CH,2026-07-05 00:00:00
C016733,direct,51-200,FR,2026-05-06 00:00:00
C016734,seo,200+,CH,2026-01-16 00:00:00
C016735,seo,1-10,FR,2026-01-02 00:00:00
C016736,seo,51-200,FR,2026-01-21 00:00:00
C016737,direct,200+,CA,2026-05-31 00:00:00
C016738,direct,1-10,BE,2026-06-16 00:00:00
C016739,referral,51-200,BE,2026-05-10 00:00:00
C016740,referral,200+,CH,2026-07-03 00:00:00
C016741,referral,1-10,FR,2026-03-07 00:00:00
C016742,referral,200+,FR,2026-02-11 00:00:00
C016743,seo,51-200,FR,2026-01-17 00:00:00
C016744,seo,1-10,FR,2026-01-31 00:00:00
C016745,direct,11-50,FR,2026-03-05 00:00:00
C016746,seo,51-200,BE,2026-03-26 00:00:00
C016747,direct,1-10,FR,2026-06-03 00:00:00
C016748,direct,11-50,CA,2026-06-27 00:00:00
C016749,referral,1-10,FR,2026-07-12 00:00:00
C016750,direct,51-200,FR,2026-04-02 00:00:00
C016751,referral,200+,FR,2026-05-25 00:00:00
C016752,seo,51-200,FR,2026-02-26 00:00:00
C016753,sea,200+,BE,2026-05-13 00:00:00
C016754,sea,200+,FR,2026-05-13 00:00:00
C016755,seo,200+,FR,2026-04-19 00:00:00
C016756,seo,51-200,FR,2026-06-21 00:00:00
C016757,seo,1-10,FR,2026-01-20 00:00:00
C016758,seo,200+,FR,2026-04-06 00:00:00
C016759,direct,200+,FR,2026-05-31 00:00:00
C016760,seo,1-10,FR,2026-07-07 00:00:00
C016761,seo,200+,FR,2026-06-04 00:00:00
C016762,referral,11-50,CA,2026-02-25 00:00:00
C016763,direct,11-50,CA,2026-06-19 00:00:00
C016764,seo,11-50,FR,2026-05-21 00:00:00
C016765,seo,51-200,FR,2026-04-12 00:00:00
C016766,referral,1-10,BE,2026-01-30 00:00:00
C016767,sea,200+,FR,2026-04-12 00:00:00
C016768,direct,51-200,FR,2026-02-11 00:00:00
C016769,direct,1-10,FR,2026-03-27 00:00:00
C016770,seo,11-50,FR,2026-07-13 00:00:00
C016771,sea,200+,FR,2026-05-01 00:00:00
C016772,referral,51-200,CH,2026-04-19 00:00:00
C016773,referral,200+,FR,2026-04-14 00:00:00
C016774,referral,200+,FR,2026-02-17 00:00:00
C016775,direct,11-50,FR,2026-01-16 00:00:00
C016776,sea,1-10,FR,2026-05-06 00:00:00
C016777,sea,11-50,FR,2026-03-13 00:00:00
C016778,referral,1-10,FR,2026-01-17 00:00:00
C016779,referral,51-200,CH,2026-06-07 00:00:00
C016780,seo,200+,FR,2026-07-18 00:00:00
C016781,seo,200+,CH,2026-01-30 00:00:00
C016782,referral,200+,FR,2026-07-16 00:00:00
C016783,referral,200+,FR,2026-05-25 00:00:00
C016784,sea,11-50,BE,2026-03-23 00:00:00
C016785,direct,1-10,FR,2026-01-04 00:00:00
C016786,seo,51-200,FR,2026-03-09 00:00:00
C016787,sea,51-200,CH,2026-03-26 00:00:00
C016788,sea,1-10,FR,2026-07-17 00:00:00
C016789,seo,1-10,FR,2026-07-01 00:00:00
C016790,sea,11-50,FR,2026-07-10 00:00:00
C016791,sea,1-10,BE,2026-01-05 00:00:00
C016792,seo,11-50,BE,2026-01-31 00:00:00
C016793,seo,1-10,CH,2026-02-13 00:00:00
C016794,direct,11-50,FR,2026-04-08 00:00:00
C016795,sea,1-10,FR,2026-03-09 00:00:00
C016796,direct,200+,FR,2026-05-22 00:00:00
C016797,referral,11-50,FR,2026-05-05 00:00:00
C016798,seo,1-10,FR,2026-05-27 00:00:00
C016799,direct,11-50,FR,2026-03-14 00:00:00
C016800,referral,11-50,CH,2026-03-06 00:00:00
C016801,seo,1-10,BE,2026-02-01 00:00:00
C016802,seo,11-50,FR,2026-04-17 00:00:00
C016803,seo,51-200,CA,2026-04-16 00:00:00
C016804,direct,11-50,FR,2026-07-10 00:00:00
C016805,referral,200+,FR,2026-07-13 00:00:00
C016806,direct,11-50,FR,2026-02-24 00:00:00
C016807,direct,11-50,FR,2026-02-13 00:00:00
C016808,sea,200+,CH,2026-07-11 00:00:00
C016809,referral,51-200,CH,2026-04-09 00:00:00
C016810,seo,11-50,FR,2026-03-28 00:00:00
C016811,sea,51-200,BE,2026-04-27 00:00:00
C016812,direct,51-200,FR,2026-02-19 00:00:00
C016813,seo,51-200,CA,2026-04-01 00:00:00
C016814,seo,1-10,FR,2026-05-26 00:00:00
C016815,referral,200+,FR,2026-01-25 00:00:00
C016816,seo,11-50,FR,2026-01-14 00:00:00
C016817,seo,1-10,FR,2026-05-19 00:00:00
C016818,sea,51-200,BE,2026-01-24 00:00:00
C016819,seo,200+,FR,2026-03-17 00:00:00
C016820,sea,11-50,FR,2026-05-09 00:00:00
C016821,sea,1-10,FR,2026-05-07 00:00:00
C016822,direct,200+,BE,2026-07-07 00:00:00
C016823,sea,51-200,CH,2026-05-25 00:00:00
C016824,direct,11-50,FR,2026-05-04 00:00:00
C016825,referral,200+,CA,2026-01-28 00:00:00
C016826,sea,51-200,CA,2026-02-22 00:00:00
C016827,referral,51-200,FR,2026-05-01 00:00:00
C016828,referral,200+,BE,2026-03-31 00:00:00
C016829,direct,51-200,BE,2026-07-10 00:00:00
C016830,referral,1-10,BE,2026-01-12 00:00:00
C016831,referral,11-50,FR,2026-04-09 00:00:00
C016832,sea,51-200,FR,2026-02-19 00:00:00
C016833,seo,1-10,CA,2026-03-26 00:00:00
C016834,direct,200+,FR,2026-03-27 00:00:00
C016835,sea,51-200,FR,2026-07-19 00:00:00
C016836,seo,1-10,FR,2026-04-19 00:00:00
C016837,direct,1-10,FR,2026-01-26 00:00:00
C016838,referral,1-10,BE,2026-05-04 00:00:00
C016839,referral,200+,FR,2026-04-03 00:00:00
C016840,seo,11-50,CH,2026-04-29 00:00:00
C016841,seo,1-10,FR,2026-01-29 00:00:00
C016842,seo,11-50,FR,2026-07-01 00:00:00
C016843,direct,1-10,FR,2026-05-06 00:00:00
C016844,sea,1-10,FR,2026-03-02 00:00:00
C016845,sea,200+,FR,2026-01-21 00:00:00
C016846,referral,51-200,FR,2026-05-18 00:00:00
C016847,sea,1-10,FR,2026-06-10 00:00:00
C016848,direct,11-50,FR,2026-06-03 00:00:00
C016849,seo,51-200,FR,2026-05-04 00:00:00
C016850,referral,1-10,FR,2026-06-05 00:00:00
C016851,referral,200+,CH,2026-06-02 00:00:00
C016852,referral,1-10,FR,2026-03-31 00:00:00
C016853,referral,51-200,FR,2026-06-24 00:00:00
C016854,direct,11-50,FR,2026-01-30 00:00:00
C016855,sea,11-50,FR,2026-01-08 00:00:00
C016856,direct,11-50,FR,2026-07-14 00:00:00
C016857,sea,11-50,FR,2026-04-15 00:00:00
C016858,seo,200+,FR,2026-06-29 00:00:00
C016859,seo,11-50,CH,2026-05-31 00:00:00
C016860,referral,1-10,FR,2026-04-03 00:00:00
C016861,seo,200+,FR,2026-02-16 00:00:00
C016862,seo,51-200,BE,2026-01-21 00:00:00
C016863,direct,11-50,FR,2026-06-14 00:00:00
C016864,referral,51-200,FR,2026-04-17 00:00:00
C016865,direct,1-10,BE,2026-02-15 00:00:00
C016866,sea,51-200,BE,2026-04-20 00:00:00
C016867,seo,11-50,FR,2026-06-21 00:00:00
C016868,sea,11-50,FR,2026-05-10 00:00:00
C016869,direct,51-200,FR,2026-04-23 00:00:00
C016870,seo,200+,CH,2026-06-11 00:00:00
C016871,seo,51-200,FR,2026-01-13 00:00:00
C016872,direct,1-10,BE,2026-05-26 00:00:00
C016873,sea,1-10,FR,2026-02-21 00:00:00
C016874,direct,200+,FR,2026-05-28 00:00:00
C016875,referral,11-50,FR,2026-04-19 00:00:00
C016876,referral,51-200,FR,2026-02-19 00:00:00
C016877,seo,51-200,BE,2026-05-23 00:00:00
C016878,referral,1-10,FR,2026-06-20 00:00:00
C016879,direct,51-200,FR,2026-04-18 00:00:00
C016880,direct,1-10,FR,2026-02-15 00:00:00
C016881,seo,200+,FR,2026-06-06 00:00:00
C016882,seo,51-200,FR,2026-04-06 00:00:00
C016883,referral,1-10,FR,2026-03-08 00:00:00
C016884,direct,200+,CA,2026-04-06 00:00:00
C016885,direct,11-50,FR,2026-01-14 00:00:00
C016886,referral,200+,FR,2026-06-08 00:00:00
C016887,referral,1-10,CH,2026-03-09 00:00:00
C016888,referral,51-200,FR,2026-06-16 00:00:00
C016889,sea,200+,FR,2026-05-11 00:00:00
C016890,sea,1-10,FR,2026-01-03 00:00:00
C016891,referral,51-200,BE,2026-07-03 00:00:00
C016892,referral,200+,FR,2026-06-22 00:00:00
C016893,direct,200+,FR,2026-02-06 00:00:00
C016894,seo,51-200,CH,2026-04-10 00:00:00
C016895,seo,11-50,FR,2026-01-27 00:00:00
C016896,sea,51-200,FR,2026-05-19 00:00:00
C016897,referral,11-50,FR,2026-03-28 00:00:00
C016898,seo,11-50,FR,2026-03-05 00:00:00
C016899,seo,200+,FR,2026-05-25 00:00:00
C016900,sea,11-50,BE,2026-06-07 00:00:00
C016901,sea,1-10,FR,2026-06-12 00:00:00
C016902,sea,11-50,FR,2026-04-06 00:00:00
C016903,referral,200+,FR,2026-02-04 00:00:00
C016904,referral,11-50,CH,2026-03-03 00:00:00
C016905,seo,1-10,FR,2026-05-22 00:00:00
C016906,sea,1-10,BE,2026-03-06 00:00:00
C016907,direct,200+,FR,2026-04-13 00:00:00
C016908,referral,1-10,CH,2026-05-25 00:00:00
C016909,sea,1-10,FR,2026-01-14 00:00:00
C016910,sea,200+,CH,2026-07-13 00:00:00
C016911,sea,200+,FR,2026-04-28 00:00:00
C016912,direct,200+,FR,2026-02-18 00:00:00
C016913,referral,200+,FR,2026-03-30 00:00:00
C016914,direct,51-200,FR,2026-01-09 00:00:00
C016915,direct,51-200,BE,2026-03-18 00:00:00
C016916,sea,200+,CH,2026-05-24 00:00:00
C016917,seo,11-50,FR,2026-05-25 00:00:00
C016918,sea,200+,CH,2026-02-17 00:00:00
C016919,direct,51-200,FR,2026-05-12 00:00:00
C016920,seo,51-200,FR,2026-05-10 00:00:00
C016921,referral,51-200,FR,2026-05-28 00:00:00
C016922,sea,1-10,FR,2026-01-16 00:00:00
C016923,direct,11-50,CH,2026-07-13 00:00:00
C016924,referral,51-200,BE,2026-02-24 00:00:00
C016925,seo,51-200,FR,2026-04-27 00:00:00
C016926,seo,1-10,CH,2026-04-15 00:00:00
C016927,seo,11-50,FR,2026-06-24 00:00:00
C016928,referral,51-200,FR,2026-01-08 00:00:00
C016929,referral,1-10,FR,2026-01-08 00:00:00
C016930,direct,200+,FR,2026-06-02 00:00:00
C016931,referral,200+,FR,2026-05-12 00:00:00
C016932,referral,200+,CA,2026-02-24 00:00:00
C016933,seo,1-10,CH,2026-03-10 00:00:00
C016934,direct,51-200,FR,2026-05-06 00:00:00
C016935,referral,1-10,FR,2026-04-29 00:00:00
C016936,direct,200+,FR,2026-06-03 00:00:00
C016937,referral,200+,BE,2026-05-09 00:00:00
C016938,seo,200+,BE,2026-02-27 00:00:00
C016939,direct,1-10,FR,2026-07-02 00:00:00
C016940,direct,200+,FR,2026-03-21 00:00:00
C016941,seo,200+,FR,2026-01-15 00:00:00
C016942,referral,200+,FR,2026-07-01 00:00:00
C016943,seo,11-50,FR,2026-03-13 00:00:00
C016944,seo,200+,FR,2026-03-30 00:00:00
C016945,direct,200+,FR,2026-03-21 00:00:00
C016946,direct,200+,FR,2026-06-15 00:00:00
C016947,seo,1-10,FR,2026-01-10 00:00:00
C016948,direct,11-50,FR,2026-05-31 00:00:00
C016949,seo,200+,CH,2026-06-05 00:00:00
C016950,referral,200+,FR,2026-07-06 00:00:00
C016951,direct,200+,BE,2026-01-22 00:00:00
C016952,direct,11-50,FR,2026-02-27 00:00:00
C016953,direct,200+,FR,2026-01-15 00:00:00
C016954,sea,51-200,CA,2026-02-05 00:00:00
C016955,direct,51-200,FR,2026-06-19 00:00:00
C016956,referral,1-10,FR,2026-04-17 00:00:00
C016957,seo,1-10,CH,2026-03-24 00:00:00
C016958,direct,1-10,BE,2026-04-07 00:00:00
C016959,direct,11-50,FR,2026-03-21 00:00:00
C016960,direct,200+,CA,2026-04-13 00:00:00
C016961,referral,11-50,FR,2026-04-17 00:00:00
C016962,direct,11-50,FR,2026-07-06 00:00:00
C016963,referral,11-50,FR,2026-07-14 00:00:00
C016964,referral,200+,FR,2026-03-07 00:00:00
C016965,referral,51-200,FR,2026-05-27 00:00:00
C016966,sea,11-50,CA,2026-04-03 00:00:00
C016967,referral,200+,FR,2026-05-27 00:00:00
C016968,direct,1-10,BE,2026-01-25 00:00:00
C016969,referral,200+,FR,2026-03-07 00:00:00
C016970,direct,11-50,FR,2026-03-03 00:00:00
C016971,direct,200+,CH,2026-05-08 00:00:00
C016972,seo,51-200,FR,2026-04-10 00:00:00
C016973,seo,200+,FR,2026-02-05 00:00:00
C016974,referral,1-10,FR,2026-04-25 00:00:00
C016975,referral,51-200,CH,2026-01-01 00:00:00
C016976,direct,1-10,BE,2026-02-21 00:00:00
C016977,direct,51-200,FR,2026-01-19 00:00:00
C016978,seo,11-50,FR,2026-04-21 00:00:00
C016979,sea,51-200,FR,2026-05-18 00:00:00
C016980,direct,1-10,FR,2026-07-11 00:00:00
C016981,direct,1-10,FR,2026-02-12 00:00:00
C016982,sea,200+,FR,2026-05-21 00:00:00
C016983,seo,200+,FR,2026-05-07 00:00:00
C016984,sea,1-10,FR,2026-06-03 00:00:00
C016985,seo,200+,FR,2026-02-14 00:00:00
C016986,seo,1-10,FR,2026-01-01 00:00:00
C016987,referral,200+,FR,2026-06-08 00:00:00
C016988,direct,200+,BE,2026-01-02 00:00:00
C016989,sea,11-50,FR,2026-05-30 00:00:00
C016990,direct,200+,BE,2026-01-15 00:00:00
C016991,seo,200+,FR,2026-06-14 00:00:00
C016992,referral,51-200,CA,2026-05-15 00:00:00
C016993,seo,1-10,BE,2026-03-19 00:00:00
C016994,direct,11-50,FR,2026-06-06 00:00:00
C016995,seo,200+,FR,2026-03-26 00:00:00
C016996,direct,200+,FR,2026-07-08 00:00:00
C016997,seo,11-50,CA,2026-04-25 00:00:00
C016998,seo,11-50,FR,2026-05-14 00:00:00
C016999,sea,1-10,FR,2026-02-15 00:00:00
C017000,direct,51-200,FR,2026-07-01 00:00:00
C017001,referral,1-10,FR,2026-05-01 00:00:00
C017002,referral,51-200,FR,2026-05-02 00:00:00
C017003,seo,1-10,CA,2026-07-03 00:00:00
C017004,sea,1-10,FR,2026-06-07 00:00:00
C017005,referral,51-200,FR,2026-01-17 00:00:00
C017006,referral,51-200,FR,2026-03-06 00:00:00
C017007,sea,51-200,FR,2026-03-03 00:00:00
C017008,sea,51-200,FR,2026-03-19 00:00:00
C017009,direct,11-50,FR,2026-06-16 00:00:00
C017010,seo,1-10,CH,2026-03-31 00:00:00
C017011,referral,200+,CA,2026-05-28 00:00:00
C017012,seo,51-200,FR,2026-02-22 00:00:00
C017013,sea,51-200,FR,2026-05-27 00:00:00
C017014,direct,11-50,FR,2026-02-21 00:00:00
C017015,seo,200+,FR,2026-02-03 00:00:00
C017016,direct,1-10,FR,2026-01-04 00:00:00
C017017,sea,1-10,FR,2026-05-12 00:00:00
C017018,seo,51-200,FR,2026-04-28 00:00:00
C017019,seo,1-10,FR,2026-04-16 00:00:00
C017020,direct,1-10,CA,2026-03-07 00:00:00
C017021,sea,11-50,CH,2026-02-21 00:00:00
C017022,sea,1-10,FR,2026-05-17 00:00:00
C017023,referral,1-10,FR,2026-01-15 00:00:00
C017024,direct,1-10,FR,2026-01-27 00:00:00
C017025,direct,11-50,FR,2026-02-25 00:00:00
C017026,referral,200+,FR,2026-04-25 00:00:00
C017027,direct,11-50,FR,2026-04-15 00:00:00
C017028,direct,200+,CA,2026-06-25 00:00:00
C017029,direct,1-10,CH,2026-01-13 00:00:00
C017030,sea,200+,FR,2026-02-04 00:00:00
C017031,seo,200+,FR,2026-01-07 00:00:00
C017032,seo,200+,CH,2026-03-19 00:00:00
C017033,referral,51-200,FR,2026-02-08 00:00:00
C017034,referral,1-10,FR,2026-07-19 00:00:00
C017035,referral,200+,BE,2026-02-07 00:00:00
C017036,seo,11-50,FR,2026-02-01 00:00:00
C017037,sea,200+,BE,2026-03-03 00:00:00
C017038,referral,1-10,FR,2026-06-30 00:00:00
C017039,referral,51-200,FR,2026-06-10 00:00:00
C017040,sea,1-10,FR,2026-07-16 00:00:00
C017041,seo,1-10,BE,2026-02-09 00:00:00
C017042,seo,11-50,CH,2026-01-15 00:00:00
C017043,direct,200+,FR,2026-05-26 00:00:00
C017044,referral,200+,FR,2026-03-08 00:00:00
C017045,direct,51-200,FR,2026-06-05 00:00:00
C017046,seo,11-50,CA,2026-06-18 00:00:00
C017047,direct,51-200,FR,2026-04-30 00:00:00
C017048,seo,1-10,BE,2026-03-02 00:00:00
C017049,sea,11-50,CA,2026-06-17 00:00:00
C017050,sea,200+,CH,2026-03-01 00:00:00
C017051,sea,51-200,BE,2026-01-10 00:00:00
C017052,seo,51-200,CH,2026-01-17 00:00:00
C017053,sea,200+,FR,2026-02-11 00:00:00
C017054,sea,51-200,FR,2026-02-17 00:00:00
C017055,sea,1-10,FR,2026-02-18 00:00:00
C017056,seo,51-200,FR,2026-01-22 00:00:00
C017057,seo,200+,FR,2026-01-22 00:00:00
C017058,sea,51-200,FR,2026-07-11 00:00:00
C017059,referral,1-10,BE,2026-03-16 00:00:00
C017060,seo,1-10,FR,2026-03-13 00:00:00
C017061,direct,11-50,FR,2026-06-07 00:00:00
C017062,seo,11-50,FR,2026-03-28 00:00:00
C017063,referral,200+,CH,2026-03-08 00:00:00
C017064,referral,51-200,BE,2026-04-01 00:00:00
C017065,referral,200+,FR,2026-06-23 00:00:00
C017066,sea,200+,CA,2026-05-09 00:00:00
C017067,direct,1-10,FR,2026-01-28 00:00:00
C017068,direct,11-50,CH,2026-02-06 00:00:00
C017069,referral,1-10,CH,2026-06-19 00:00:00
C017070,seo,200+,BE,2026-05-07 00:00:00
C017071,referral,1-10,FR,2026-01-30 00:00:00
C017072,seo,11-50,FR,2026-03-19 00:00:00
C017073,referral,200+,BE,2026-01-27 00:00:00
C017074,sea,11-50,FR,2026-04-01 00:00:00
C017075,referral,1-10,CA,2026-04-30 00:00:00
C017076,sea,1-10,FR,2026-06-29 00:00:00
C017077,seo,51-200,FR,2026-01-10 00:00:00
C017078,referral,51-200,CH,2026-07-15 00:00:00
C017079,referral,51-200,CA,2026-04-19 00:00:00
C017080,direct,1-10,FR,2026-03-05 00:00:00
C017081,referral,11-50,FR,2026-04-13 00:00:00
C017082,sea,200+,FR,2026-05-21 00:00:00
C017083,direct,200+,FR,2026-02-18 00:00:00
C017084,direct,11-50,FR,2026-06-17 00:00:00
C017085,referral,51-200,FR,2026-07-16 00:00:00
C017086,referral,11-50,FR,2026-03-30 00:00:00
C017087,direct,11-50,CH,2026-03-28 00:00:00
C017088,referral,200+,CH,2026-02-25 00:00:00
C017089,sea,1-10,FR,2026-03-30 00:00:00
C017090,seo,1-10,FR,2026-01-22 00:00:00
C017091,direct,51-200,FR,2026-04-14 00:00:00
C017092,sea,51-200,FR,2026-06-05 00:00:00
C017093,seo,1-10,FR,2026-02-09 00:00:00
C017094,referral,51-200,CH,2026-02-15 00:00:00
C017095,sea,11-50,FR,2026-02-21 00:00:00
C017096,referral,1-10,FR,2026-02-18 00:00:00
C017097,direct,51-200,FR,2026-02-12 00:00:00
C017098,direct,11-50,FR,2026-02-26 00:00:00
C017099,direct,1-10,CA,2026-05-16 00:00:00
C017100,referral,51-200,CH,2026-02-14 00:00:00
C017101,referral,11-50,FR,2026-07-02 00:00:00
C017102,seo,200+,FR,2026-01-22 00:00:00
C017103,referral,51-200,FR,2026-07-07 00:00:00
C017104,direct,51-200,CA,2026-01-29 00:00:00
C017105,referral,11-50,FR,2026-06-21 00:00:00
C017106,seo,1-10,FR,2026-02-07 00:00:00
C017107,direct,1-10,FR,2026-03-30 00:00:00
C017108,sea,200+,FR,2026-02-15 00:00:00
C017109,sea,1-10,FR,2026-04-10 00:00:00
C017110,referral,200+,FR,2026-01-25 00:00:00
C017111,sea,11-50,FR,2026-01-23 00:00:00
C017112,seo,1-10,FR,2026-04-22 00:00:00
C017113,direct,1-10,FR,2026-02-21 00:00:00
C017114,referral,51-200,BE,2026-03-01 00:00:00
C017115,seo,11-50,FR,2026-05-21 00:00:00
C017116,referral,200+,BE,2026-01-01 00:00:00
C017117,referral,11-50,FR,2026-04-30 00:00:00
C017118,direct,1-10,CA,2026-07-12 00:00:00
C017119,sea,200+,FR,2026-06-01 00:00:00
C017120,referral,1-10,BE,2026-02-03 00:00:00
C017121,sea,1-10,FR,2026-05-19 00:00:00
C017122,direct,11-50,CA,2026-02-10 00:00:00
C017123,seo,1-10,FR,2026-05-20 00:00:00
C017124,seo,51-200,FR,2026-05-24 00:00:00
C017125,sea,11-50,FR,2026-06-07 00:00:00
C017126,seo,200+,CH,2026-07-09 00:00:00
C017127,referral,200+,FR,2026-05-27 00:00:00
C017128,referral,200+,FR,2026-07-07 00:00:00
C017129,sea,11-50,FR,2026-03-11 00:00:00
C017130,referral,11-50,CA,2026-05-09 00:00:00
C017131,direct,1-10,CA,2026-04-01 00:00:00
C017132,direct,1-10,FR,2026-02-11 00:00:00
C017133,seo,1-10,FR,2026-01-21 00:00:00
C017134,referral,1-10,FR,2026-04-12 00:00:00
C017135,referral,51-200,FR,2026-06-28 00:00:00
C017136,sea,51-200,FR,2026-07-13 00:00:00
C017137,seo,11-50,FR,2026-01-26 00:00:00
C017138,sea,51-200,FR,2026-03-29 00:00:00
C017139,direct,11-50,CA,2026-06-03 00:00:00
C017140,seo,11-50,FR,2026-06-09 00:00:00
C017141,seo,11-50,FR,2026-01-10 00:00:00
C017142,sea,11-50,FR,2026-01-20 00:00:00
C017143,referral,51-200,FR,2026-01-23 00:00:00
C017144,seo,11-50,CA,2026-06-21 00:00:00
C017145,sea,11-50,FR,2026-03-28 00:00:00
C017146,seo,11-50,BE,2026-01-06 00:00:00
C017147,direct,11-50,FR,2026-04-06 00:00:00
C017148,seo,200+,FR,2026-01-04 00:00:00
C017149,seo,11-50,FR,2026-06-20 00:00:00
C017150,sea,200+,FR,2026-06-22 00:00:00
C017151,direct,51-200,BE,2026-01-07 00:00:00
C017152,direct,1-10,FR,2026-03-25 00:00:00
C017153,referral,200+,FR,2026-06-07 00:00:00
C017154,direct,51-200,FR,2026-05-07 00:00:00
C017155,referral,11-50,FR,2026-06-24 00:00:00
C017156,direct,200+,FR,2026-07-07 00:00:00
C017157,direct,200+,FR,2026-05-12 00:00:00
C017158,direct,51-200,FR,2026-05-06 00:00:00
C017159,referral,1-10,FR,2026-04-29 00:00:00
C017160,sea,11-50,BE,2026-05-22 00:00:00
C017161,referral,51-200,FR,2026-01-04 00:00:00
C017162,sea,11-50,CA,2026-03-28 00:00:00
C017163,direct,51-200,FR,2026-07-13 00:00:00
C017164,referral,51-200,CA,2026-06-21 00:00:00
C017165,sea,11-50,BE,2026-05-30 00:00:00
C017166,sea,1-10,CH,2026-07-12 00:00:00
C017167,seo,1-10,FR,2026-06-14 00:00:00
C017168,seo,11-50,FR,2026-02-04 00:00:00
C017169,sea,1-10,FR,2026-04-10 00:00:00
C017170,direct,1-10,FR,2026-02-05 00:00:00
C017171,sea,200+,BE,2026-06-14 00:00:00
C017172,referral,200+,BE,2026-02-23 00:00:00
C017173,seo,51-200,FR,2026-01-07 00:00:00
C017174,referral,200+,CH,2026-01-18 00:00:00
C017175,seo,11-50,CH,2026-02-24 00:00:00
C017176,seo,51-200,FR,2026-04-06 00:00:00
C017177,referral,200+,FR,2026-06-01 00:00:00
C017178,direct,51-200,CA,2026-04-21 00:00:00
C017179,sea,200+,FR,2026-01-01 00:00:00
C017180,seo,200+,FR,2026-07-05 00:00:00
C017181,sea,200+,FR,2026-05-21 00:00:00
C017182,seo,200+,FR,2026-06-27 00:00:00
C017183,seo,1-10,FR,2026-03-03 00:00:00
C017184,direct,11-50,FR,2026-05-06 00:00:00
C017185,direct,11-50,FR,2026-02-10 00:00:00
C017186,seo,200+,CH,2026-04-26 00:00:00
C017187,direct,200+,FR,2026-01-03 00:00:00
C017188,sea,51-200,CA,2026-02-06 00:00:00
C017189,referral,200+,CA,2026-05-04 00:00:00
C017190,seo,51-200,FR,2026-02-15 00:00:00
C017191,referral,11-50,CA,2026-01-19 00:00:00
C017192,referral,1-10,FR,2026-03-26 00:00:00
C017193,direct,1-10,FR,2026-06-09 00:00:00
C017194,seo,51-200,CA,2026-04-23 00:00:00
C017195,sea,1-10,CA,2026-01-22 00:00:00
C017196,direct,200+,FR,2026-07-06 00:00:00
C017197,seo,200+,FR,2026-03-29 00:00:00
C017198,sea,51-200,BE,2026-05-27 00:00:00
C017199,seo,11-50,FR,2026-04-17 00:00:00
C017200,referral,1-10,FR,2026-06-03 00:00:00
C017201,referral,51-200,FR,2026-05-08 00:00:00
C017202,referral,1-10,FR,2026-07-10 00:00:00
C017203,direct,1-10,FR,2026-05-23 00:00:00
C017204,referral,1-10,CH,2026-07-03 00:00:00
C017205,sea,200+,FR,2026-06-26 00:00:00
C017206,direct,1-10,FR,2026-02-14 00:00:00
C017207,sea,51-200,FR,2026-06-19 00:00:00
C017208,sea,200+,CA,2026-01-18 00:00:00
C017209,referral,1-10,FR,2026-06-26 00:00:00
C017210,sea,11-50,FR,2026-04-02 00:00:00
C017211,direct,1-10,BE,2026-07-08 00:00:00
C017212,referral,200+,FR,2026-02-03 00:00:00
C017213,referral,11-50,FR,2026-06-22 00:00:00
C017214,referral,51-200,FR,2026-02-19 00:00:00
C017215,seo,1-10,FR,2026-03-16 00:00:00
C017216,sea,51-200,FR,2026-02-07 00:00:00
C017217,sea,11-50,CH,2026-06-06 00:00:00
C017218,referral,1-10,BE,2026-07-04 00:00:00
C017219,referral,51-200,FR,2026-05-27 00:00:00
C017220,sea,51-200,FR,2026-05-30 00:00:00
C017221,seo,11-50,FR,2026-03-16 00:00:00
C017222,referral,11-50,BE,2026-02-28 00:00:00
C017223,direct,51-200,FR,2026-02-25 00:00:00
C017224,direct,11-50,FR,2026-07-16 00:00:00
C017225,sea,51-200,CA,2026-05-18 00:00:00
C017226,referral,51-200,FR,2026-05-15 00:00:00
C017227,direct,1-10,CA,2026-02-07 00:00:00
C017228,referral,200+,CA,2026-02-06 00:00:00
C017229,seo,1-10,FR,2026-04-13 00:00:00
C017230,direct,11-50,CH,2026-01-24 00:00:00
C017231,direct,1-10,FR,2026-03-28 00:00:00
C017232,direct,11-50,FR,2026-03-02 00:00:00
C017233,referral,11-50,BE,2026-06-29 00:00:00
C017234,seo,11-50,CA,2026-05-30 00:00:00
C017235,sea,1-10,FR,2026-03-05 00:00:00
C017236,referral,200+,FR,2026-06-29 00:00:00
C017237,sea,1-10,FR,2026-05-19 00:00:00
C017238,sea,200+,FR,2026-06-10 00:00:00
C017239,referral,1-10,FR,2026-05-11 00:00:00
C017240,direct,11-50,FR,2026-07-07 00:00:00
C017241,referral,200+,BE,2026-02-11 00:00:00
C017242,seo,11-50,CH,2026-07-12 00:00:00
C017243,direct,11-50,FR,2026-06-20 00:00:00
C017244,sea,11-50,FR,2026-06-05 00:00:00
C017245,sea,200+,FR,2026-07-01 00:00:00
C017246,referral,11-50,FR,2026-06-01 00:00:00
C017247,direct,200+,FR,2026-01-20 00:00:00
C017248,direct,11-50,CH,2026-06-24 00:00:00
C017249,sea,11-50,CA,2026-06-11 00:00:00
C017250,sea,1-10,FR,2026-05-01 00:00:00
C017251,sea,1-10,CA,2026-01-11 00:00:00
C017252,referral,51-200,FR,2026-01-12 00:00:00
C017253,seo,51-200,CA,2026-04-13 00:00:00
C017254,direct,200+,CH,2026-05-25 00:00:00
C017255,sea,1-10,CH,2026-07-04 00:00:00
C017256,referral,11-50,FR,2026-01-02 00:00:00
C017257,direct,11-50,BE,2026-05-21 00:00:00
C017258,seo,11-50,CH,2026-05-19 00:00:00
C017259,seo,51-200,FR,2026-07-07 00:00:00
C017260,direct,1-10,BE,2026-02-16 00:00:00
C017261,direct,51-200,FR,2026-03-16 00:00:00
C017262,direct,200+,FR,2026-04-06 00:00:00
C017263,sea,1-10,FR,2026-07-05 00:00:00
C017264,sea,200+,BE,2026-06-19 00:00:00
C017265,direct,11-50,FR,2026-07-17 00:00:00
C017266,direct,11-50,CH,2026-02-27 00:00:00
C017267,seo,1-10,FR,2026-06-01 00:00:00
C017268,referral,200+,FR,2026-03-20 00:00:00
C017269,referral,51-200,FR,2026-04-19 00:00:00
C017270,referral,51-200,FR,2026-04-19 00:00:00
C017271,seo,200+,FR,2026-06-05 00:00:00
C017272,sea,1-10,FR,2026-05-02 00:00:00
C017273,sea,11-50,FR,2026-02-22 00:00:00
C017274,sea,200+,FR,2026-05-09 00:00:00
C017275,direct,51-200,FR,2026-03-01 00:00:00
C017276,direct,51-200,BE,2026-04-19 00:00:00
C017277,sea,51-200,FR,2026-04-12 00:00:00
C017278,sea,51-200,FR,2026-03-28 00:00:00
C017279,direct,51-200,FR,2026-01-05 00:00:00
C017280,referral,200+,FR,2026-04-27 00:00:00
C017281,direct,11-50,FR,2026-06-03 00:00:00
C017282,referral,51-200,FR,2026-04-07 00:00:00
C017283,seo,200+,FR,2026-01-13 00:00:00
C017284,sea,200+,FR,2026-04-24 00:00:00
C017285,referral,51-200,CA,2026-06-13 00:00:00
C017286,direct,51-200,FR,2026-06-28 00:00:00
C017287,referral,1-10,FR,2026-05-29 00:00:00
C017288,sea,51-200,FR,2026-01-18 00:00:00
C017289,direct,11-50,FR,2026-03-07 00:00:00
C017290,sea,1-10,FR,2026-06-27 00:00:00
C017291,seo,1-10,FR,2026-05-28 00:00:00
C017292,sea,11-50,FR,2026-01-04 00:00:00
C017293,referral,51-200,FR,2026-07-02 00:00:00
C017294,sea,1-10,FR,2026-01-05 00:00:00
C017295,direct,200+,CH,2026-03-11 00:00:00
C017296,referral,1-10,BE,2026-04-24 00:00:00
C017297,seo,11-50,CH,2026-02-09 00:00:00
C017298,referral,11-50,FR,2026-07-19 00:00:00
C017299,sea,1-10,CH,2026-03-07 00:00:00
C017300,direct,51-200,BE,2026-06-01 00:00:00
C017301,sea,51-200,FR,2026-04-25 00:00:00
C017302,direct,11-50,FR,2026-05-11 00:00:00
C017303,seo,11-50,FR,2026-07-07 00:00:00
C017304,seo,11-50,FR,2026-05-19 00:00:00
C017305,referral,200+,BE,2026-06-18 00:00:00
C017306,sea,51-200,FR,2026-02-25 00:00:00
C017307,direct,1-10,FR,2026-02-27 00:00:00
C017308,sea,51-200,BE,2026-03-10 00:00:00
C017309,direct,1-10,FR,2026-02-21 00:00:00
C017310,sea,1-10,FR,2026-03-09 00:00:00
C017311,direct,11-50,CH,2026-03-14 00:00:00
C017312,sea,200+,FR,2026-04-13 00:00:00
C017313,sea,11-50,FR,2026-03-03 00:00:00
C017314,seo,51-200,FR,2026-01-07 00:00:00
C017315,seo,11-50,FR,2026-04-19 00:00:00
C017316,referral,11-50,FR,2026-03-17 00:00:00
C017317,sea,1-10,FR,2026-02-20 00:00:00
C017318,sea,51-200,FR,2026-01-09 00:00:00
C017319,direct,1-10,FR,2026-01-22 00:00:00
C017320,direct,200+,FR,2026-01-10 00:00:00
C017321,seo,200+,FR,2026-04-14 00:00:00
C017322,referral,200+,CA,2026-02-11 00:00:00
C017323,direct,200+,FR,2026-04-08 00:00:00
C017324,direct,1-10,FR,2026-06-07 00:00:00
C017325,direct,11-50,FR,2026-02-17 00:00:00
C017326,direct,11-50,FR,2026-06-30 00:00:00
C017327,direct,11-50,FR,2026-01-24 00:00:00
C017328,referral,51-200,FR,2026-02-17 00:00:00
C017329,seo,11-50,FR,2026-06-17 00:00:00
C017330,sea,51-200,FR,2026-04-13 00:00:00
C017331,sea,200+,FR,2026-04-17 00:00:00
C017332,referral,11-50,CA,2026-02-03 00:00:00
C017333,referral,1-10,FR,2026-02-26 00:00:00
C017334,sea,1-10,FR,2026-05-14 00:00:00
C017335,sea,200+,FR,2026-01-28 00:00:00
C017336,seo,51-200,FR,2026-06-11 00:00:00
C017337,seo,51-200,FR,2026-01-29 00:00:00
C017338,sea,11-50,CA,2026-06-08 00:00:00
C017339,seo,200+,BE,2026-06-08 00:00:00
C017340,sea,1-10,FR,2026-01-05 00:00:00
C017341,referral,11-50,FR,2026-01-20 00:00:00
C017342,sea,11-50,CH,2026-04-27 00:00:00
C017343,sea,51-200,FR,2026-05-04 00:00:00
C017344,direct,200+,FR,2026-03-22 00:00:00
C017345,sea,200+,FR,2026-04-08 00:00:00
C017346,seo,51-200,BE,2026-02-26 00:00:00
C017347,direct,1-10,FR,2026-04-17 00:00:00
C017348,referral,11-50,BE,2026-03-27 00:00:00
C017349,seo,11-50,FR,2026-05-09 00:00:00
C017350,sea,1-10,CA,2026-03-08 00:00:00
C017351,referral,51-200,CH,2026-05-25 00:00:00
C017352,referral,11-50,FR,2026-04-15 00:00:00
C017353,direct,51-200,FR,2026-02-25 00:00:00
C017354,direct,51-200,CH,2026-01-25 00:00:00
C017355,seo,11-50,CA,2026-05-23 00:00:00
C017356,sea,200+,FR,2026-03-03 00:00:00
C017357,sea,51-200,FR,2026-03-05 00:00:00
C017358,referral,200+,CA,2026-04-22 00:00:00
C017359,referral,11-50,BE,2026-07-09 00:00:00
C017360,referral,11-50,FR,2026-06-30 00:00:00
C017361,seo,200+,FR,2026-01-29 00:00:00
C017362,sea,11-50,CA,2026-04-29 00:00:00
C017363,referral,51-200,FR,2026-06-28 00:00:00
C017364,seo,1-10,CH,2026-04-15 00:00:00
C017365,direct,11-50,FR,2026-01-28 00:00:00
C017366,seo,1-10,FR,2026-04-18 00:00:00
C017367,sea,200+,FR,2026-01-30 00:00:00
C017368,sea,1-10,FR,2026-04-22 00:00:00
C017369,seo,11-50,FR,2026-02-08 00:00:00
C017370,seo,200+,FR,2026-03-09 00:00:00
C017371,referral,51-200,FR,2026-03-22 00:00:00
C017372,sea,51-200,CA,2026-01-08 00:00:00
C017373,referral,1-10,FR,2026-06-23 00:00:00
C017374,seo,51-200,FR,2026-05-31 00:00:00
C017375,referral,200+,CA,2026-03-07 00:00:00
C017376,referral,1-10,FR,2026-06-03 00:00:00
C017377,referral,200+,FR,2026-04-12 00:00:00
C017378,sea,51-200,FR,2026-03-13 00:00:00
C017379,sea,200+,FR,2026-03-09 00:00:00
C017380,sea,200+,FR,2026-01-26 00:00:00
C017381,sea,200+,FR,2026-03-11 00:00:00
C017382,sea,51-200,FR,2026-06-22 00:00:00
C017383,direct,200+,FR,2026-02-23 00:00:00
C017384,direct,1-10,FR,2026-03-29 00:00:00
C017385,sea,200+,FR,2026-06-30 00:00:00
C017386,sea,200+,BE,2026-05-12 00:00:00
C017387,sea,1-10,FR,2026-02-04 00:00:00
C017388,sea,11-50,FR,2026-07-19 00:00:00
C017389,direct,1-10,FR,2026-06-01 00:00:00
C017390,direct,11-50,FR,2026-03-13 00:00:00
C017391,direct,200+,FR,2026-07-08 00:00:00
C017392,direct,51-200,CH,2026-06-15 00:00:00
C017393,seo,11-50,FR,2026-07-03 00:00:00
C017394,referral,1-10,FR,2026-06-06 00:00:00
C017395,sea,51-200,FR,2026-04-14 00:00:00
C017396,seo,11-50,FR,2026-02-07 00:00:00
C017397,direct,11-50,CA,2026-06-14 00:00:00
C017398,seo,1-10,CA,2026-04-22 00:00:00
C017399,direct,200+,CA,2026-07-04 00:00:00
C017400,seo,51-200,FR,2026-05-21 00:00:00
C017401,referral,1-10,FR,2026-05-19 00:00:00
C017402,sea,11-50,FR,2026-03-02 00:00:00
C017403,seo,11-50,FR,2026-03-24 00:00:00
C017404,direct,51-200,FR,2026-01-03 00:00:00
C017405,sea,200+,BE,2026-04-16 00:00:00
C017406,seo,1-10,FR,2026-01-04 00:00:00
C017407,referral,1-10,FR,2026-05-23 00:00:00
C017408,seo,200+,FR,2026-06-14 00:00:00
C017409,seo,11-50,FR,2026-05-06 00:00:00
C017410,referral,200+,FR,2026-03-03 00:00:00
C017411,referral,1-10,CA,2026-01-07 00:00:00
C017412,seo,11-50,FR,2026-03-27 00:00:00
C017413,sea,11-50,CH,2026-04-29 00:00:00
C017414,direct,200+,FR,2026-03-14 00:00:00
C017415,direct,200+,FR,2026-03-14 00:00:00
C017416,direct,200+,CH,2026-04-23 00:00:00
C017417,direct,200+,CA,2026-01-19 00:00:00
C017418,sea,11-50,FR,2026-03-01 00:00:00
C017419,referral,1-10,FR,2026-06-20 00:00:00
C017420,seo,1-10,FR,2026-02-18 00:00:00
C017421,seo,200+,BE,2026-04-18 00:00:00
C017422,sea,200+,FR,2026-06-13 00:00:00
C017423,sea,1-10,FR,2026-04-03 00:00:00
C017424,direct,200+,FR,2026-05-06 00:00:00
C017425,seo,51-200,FR,2026-01-30 00:00:00
C017426,sea,1-10,FR,2026-01-10 00:00:00
C017427,direct,51-200,CH,2026-01-21 00:00:00
C017428,direct,1-10,FR,2026-03-24 00:00:00
C017429,referral,51-200,CH,2026-01-02 00:00:00
C017430,sea,51-200,FR,2026-07-17 00:00:00
C017431,sea,51-200,BE,2026-06-03 00:00:00
C017432,sea,51-200,FR,2026-01-08 00:00:00
C017433,seo,200+,FR,2026-03-13 00:00:00
C017434,sea,51-200,CH,2026-01-01 00:00:00
C017435,direct,11-50,FR,2026-07-19 00:00:00
C017436,direct,200+,CA,2026-06-27 00:00:00
C017437,sea,200+,CH,2026-03-10 00:00:00
C017438,sea,1-10,FR,2026-05-21 00:00:00
C017439,referral,11-50,FR,2026-01-15 00:00:00
C017440,direct,1-10,CA,2026-07-12 00:00:00
C017441,sea,200+,FR,2026-04-06 00:00:00
C017442,seo,11-50,FR,2026-07-10 00:00:00
C017443,sea,11-50,FR,2026-03-20 00:00:00
C017444,sea,200+,FR,2026-04-13 00:00:00
C017445,seo,200+,FR,2026-03-17 00:00:00
C017446,sea,200+,FR,2026-06-03 00:00:00
C017447,referral,11-50,FR,2026-07-11 00:00:00
C017448,referral,1-10,FR,2026-02-19 00:00:00
C017449,direct,51-200,FR,2026-03-21 00:00:00
C017450,sea,200+,FR,2026-01-05 00:00:00
C017451,seo,200+,FR,2026-02-23 00:00:00
C017452,direct,1-10,FR,2026-02-18 00:00:00
C017453,seo,51-200,FR,2026-03-04 00:00:00
C017454,seo,1-10,FR,2026-05-29 00:00:00
C017455,sea,1-10,FR,2026-03-12 00:00:00
C017456,seo,51-200,FR,2026-01-04 00:00:00
C017457,direct,200+,CH,2026-06-11 00:00:00
C017458,direct,1-10,CA,2026-03-04 00:00:00
C017459,sea,1-10,CA,2026-06-24 00:00:00
C017460,sea,200+,CA,2026-05-09 00:00:00
C017461,referral,1-10,FR,2026-06-14 00:00:00
C017462,referral,1-10,FR,2026-02-19 00:00:00
C017463,referral,200+,FR,2026-01-29 00:00:00
C017464,referral,200+,FR,2026-01-05 00:00:00
C017465,sea,200+,BE,2026-01-16 00:00:00
C017466,sea,51-200,FR,2026-05-13 00:00:00
C017467,direct,1-10,FR,2026-03-15 00:00:00
C017468,referral,51-200,FR,2026-02-01 00:00:00
C017469,referral,200+,BE,2026-01-28 00:00:00
C017470,referral,200+,FR,2026-06-20 00:00:00
C017471,referral,11-50,FR,2026-01-14 00:00:00
C017472,seo,200+,CH,2026-01-10 00:00:00
C017473,seo,11-50,FR,2026-03-24 00:00:00
C017474,referral,1-10,FR,2026-05-08 00:00:00
C017475,direct,1-10,FR,2026-03-25 00:00:00
C017476,referral,51-200,FR,2026-05-06 00:00:00
C017477,referral,200+,FR,2026-04-20 00:00:00
C017478,direct,1-10,FR,2026-04-20 00:00:00
C017479,sea,51-200,FR,2026-04-17 00:00:00
C017480,sea,1-10,CA,2026-03-20 00:00:00
C017481,direct,51-200,FR,2026-07-18 00:00:00
C017482,sea,200+,FR,2026-05-19 00:00:00
C017483,seo,11-50,BE,2026-01-05 00:00:00
C017484,referral,1-10,FR,2026-02-14 00:00:00
C017485,sea,51-200,FR,2026-03-10 00:00:00
C017486,referral,11-50,BE,2026-04-24 00:00:00
C017487,sea,1-10,FR,2026-02-11 00:00:00
C017488,seo,51-200,FR,2026-06-14 00:00:00
C017489,sea,11-50,FR,2026-04-29 00:00:00
C017490,seo,11-50,FR,2026-04-10 00:00:00
C017491,referral,200+,FR,2026-07-01 00:00:00
C017492,sea,11-50,FR,2026-03-01 00:00:00
C017493,referral,11-50,BE,2026-01-12 00:00:00
C017494,referral,1-10,FR,2026-04-27 00:00:00
C017495,sea,11-50,CH,2026-04-23 00:00:00
C017496,direct,1-10,FR,2026-04-23 00:00:00
C017497,direct,51-200,FR,2026-02-16 00:00:00
C017498,direct,11-50,BE,2026-03-20 00:00:00
C017499,sea,200+,FR,2026-06-21 00:00:00
C017500,referral,200+,FR,2026-04-21 00:00:00
C017501,seo,11-50,FR,2026-06-24 00:00:00
C017502,referral,1-10,CH,2026-03-08 00:00:00
C017503,referral,1-10,FR,2026-03-14 00:00:00
C017504,direct,51-200,FR,2026-04-29 00:00:00
C017505,direct,11-50,CH,2026-01-26 00:00:00
C017506,sea,51-200,FR,2026-03-23 00:00:00
C017507,sea,51-200,FR,2026-07-04 00:00:00
C017508,seo,11-50,FR,2026-06-22 00:00:00
C017509,referral,1-10,CA,2026-03-29 00:00:00
C017510,seo,200+,FR,2026-04-01 00:00:00
C017511,sea,51-200,FR,2026-04-27 00:00:00
C017512,seo,200+,FR,2026-02-12 00:00:00
C017513,direct,11-50,CA,2026-05-06 00:00:00
C017514,direct,11-50,FR,2026-06-28 00:00:00
C017515,referral,200+,FR,2026-01-17 00:00:00
C017516,direct,1-10,FR,2026-02-24 00:00:00
C017517,referral,11-50,FR,2026-07-17 00:00:00
C017518,referral,200+,FR,2026-06-29 00:00:00
C017519,sea,51-200,FR,2026-07-09 00:00:00
C017520,seo,11-50,FR,2026-06-24 00:00:00
C017521,direct,11-50,FR,2026-04-23 00:00:00
C017522,referral,51-200,FR,2026-06-12 00:00:00
C017523,direct,11-50,FR,2026-04-20 00:00:00
C017524,sea,200+,CH,2026-06-18 00:00:00
C017525,sea,11-50,FR,2026-03-04 00:00:00
C017526,sea,11-50,FR,2026-03-14 00:00:00
C017527,referral,1-10,FR,2026-05-06 00:00:00
C017528,direct,1-10,FR,2026-06-22 00:00:00
C017529,seo,51-200,BE,2026-04-30 00:00:00
C017530,seo,51-200,FR,2026-03-09 00:00:00
C017531,sea,1-10,FR,2026-03-06 00:00:00
C017532,referral,200+,FR,2026-02-10 00:00:00
C017533,sea,51-200,CA,2026-05-15 00:00:00
C017534,referral,11-50,BE,2026-03-17 00:00:00
C017535,sea,51-200,FR,2026-02-08 00:00:00
C017536,seo,200+,FR,2026-05-06 00:00:00
C017537,sea,11-50,FR,2026-03-07 00:00:00
C017538,direct,1-10,CH,2026-01-05 00:00:00
C017539,sea,1-10,FR,2026-02-07 00:00:00
C017540,seo,11-50,FR,2026-07-17 00:00:00
C017541,seo,51-200,FR,2026-04-22 00:00:00
C017542,referral,200+,CA,2026-07-15 00:00:00
C017543,direct,200+,BE,2026-03-27 00:00:00
C017544,referral,1-10,FR,2026-03-19 00:00:00
C017545,sea,200+,FR,2026-01-24 00:00:00
C017546,sea,11-50,FR,2026-01-14 00:00:00
C017547,seo,1-10,CH,2026-05-06 00:00:00
C017548,seo,1-10,FR,2026-01-16 00:00:00
C017549,direct,51-200,BE,2026-06-20 00:00:00
C017550,direct,1-10,FR,2026-07-14 00:00:00
C017551,direct,1-10,FR,2026-01-11 00:00:00
C017552,direct,200+,FR,2026-02-11 00:00:00
C017553,sea,11-50,FR,2026-04-16 00:00:00
C017554,seo,1-10,FR,2026-06-24 00:00:00
C017555,seo,1-10,FR,2026-02-23 00:00:00
C017556,direct,11-50,FR,2026-04-06 00:00:00
C017557,direct,1-10,FR,2026-01-26 00:00:00
C017558,direct,11-50,FR,2026-01-24 00:00:00
C017559,sea,51-200,CH,2026-07-02 00:00:00
C017560,sea,1-10,CH,2026-06-30 00:00:00
C017561,seo,51-200,BE,2026-02-10 00:00:00
C017562,referral,11-50,CH,2026-06-26 00:00:00
C017563,seo,11-50,FR,2026-06-08 00:00:00
C017564,sea,51-200,FR,2026-06-07 00:00:00
C017565,referral,51-200,FR,2026-01-31 00:00:00
C017566,direct,1-10,FR,2026-03-06 00:00:00
C017567,referral,200+,FR,2026-01-10 00:00:00
C017568,referral,1-10,BE,2026-01-03 00:00:00
C017569,direct,1-10,FR,2026-06-06 00:00:00
C017570,direct,200+,FR,2026-02-24 00:00:00
C017571,seo,1-10,FR,2026-06-19 00:00:00
C017572,direct,11-50,CA,2026-01-28 00:00:00
C017573,direct,51-200,FR,2026-01-18 00:00:00
C017574,seo,11-50,FR,2026-01-30 00:00:00
C017575,sea,51-200,CH,2026-05-03 00:00:00
C017576,seo,51-200,FR,2026-01-26 00:00:00
C017577,sea,200+,FR,2026-03-18 00:00:00
C017578,seo,1-10,FR,2026-04-26 00:00:00
C017579,seo,200+,CA,2026-01-12 00:00:00
C017580,referral,1-10,CA,2026-03-15 00:00:00
C017581,referral,11-50,CH,2026-06-14 00:00:00
C017582,seo,11-50,BE,2026-05-27 00:00:00
C017583,sea,1-10,FR,2026-02-05 00:00:00
C017584,seo,200+,FR,2026-03-28 00:00:00
C017585,direct,200+,FR,2026-03-04 00:00:00
C017586,seo,11-50,FR,2026-06-07 00:00:00
C017587,referral,11-50,FR,2026-01-06 00:00:00
C017588,referral,1-10,CA,2026-06-20 00:00:00
C017589,direct,200+,FR,2026-03-29 00:00:00
C017590,seo,11-50,FR,2026-06-26 00:00:00
C017591,direct,11-50,FR,2026-06-01 00:00:00
C017592,referral,51-200,BE,2026-06-21 00:00:00
C017593,seo,200+,CA,2026-04-18 00:00:00
C017594,seo,51-200,CH,2026-01-02 00:00:00
C017595,sea,1-10,FR,2026-04-03 00:00:00
C017596,seo,1-10,FR,2026-07-16 00:00:00
C017597,sea,51-200,FR,2026-06-07 00:00:00
C017598,seo,1-10,FR,2026-04-29 00:00:00
C017599,seo,51-200,BE,2026-01-31 00:00:00
C017600,referral,11-50,CA,2026-03-24 00:00:00
C017601,direct,11-50,FR,2026-02-15 00:00:00
C017602,sea,1-10,FR,2026-04-30 00:00:00
C017603,seo,1-10,FR,2026-03-14 00:00:00
C017604,seo,200+,BE,2026-05-25 00:00:00
C017605,seo,1-10,CH,2026-03-25 00:00:00
C017606,sea,1-10,CA,2026-03-03 00:00:00
C017607,seo,11-50,FR,2026-02-11 00:00:00
C017608,sea,11-50,CA,2026-07-04 00:00:00
C017609,seo,200+,FR,2026-07-10 00:00:00
C017610,direct,1-10,CA,2026-07-05 00:00:00
C017611,referral,1-10,FR,2026-03-29 00:00:00
C017612,sea,51-200,FR,2026-02-01 00:00:00
C017613,seo,1-10,CA,2026-01-18 00:00:00
C017614,referral,1-10,FR,2026-07-12 00:00:00
C017615,sea,1-10,FR,2026-05-20 00:00:00
C017616,seo,200+,FR,2026-05-20 00:00:00
C017617,direct,200+,FR,2026-05-27 00:00:00
C017618,direct,1-10,FR,2026-02-04 00:00:00
C017619,sea,200+,FR,2026-05-15 00:00:00
C017620,direct,200+,BE,2026-06-19 00:00:00
C017621,sea,51-200,FR,2026-05-14 00:00:00
C017622,sea,1-10,CA,2026-05-30 00:00:00
C017623,referral,1-10,CA,2026-02-21 00:00:00
C017624,referral,11-50,FR,2026-04-07 00:00:00
C017625,sea,1-10,FR,2026-06-01 00:00:00
C017626,referral,11-50,CH,2026-05-15 00:00:00
C017627,seo,51-200,FR,2026-01-07 00:00:00
C017628,referral,200+,FR,2026-07-14 00:00:00
C017629,direct,51-200,CH,2026-02-20 00:00:00
C017630,direct,1-10,BE,2026-07-04 00:00:00
C017631,direct,11-50,FR,2026-06-22 00:00:00
C017632,referral,1-10,FR,2026-06-24 00:00:00
C017633,referral,11-50,FR,2026-06-26 00:00:00
C017634,referral,11-50,FR,2026-02-13 00:00:00
C017635,sea,11-50,FR,2026-04-10 00:00:00
C017636,referral,51-200,BE,2026-04-14 00:00:00
C017637,referral,51-200,CA,2026-03-24 00:00:00
C017638,seo,200+,FR,2026-03-09 00:00:00
C017639,seo,51-200,BE,2026-06-11 00:00:00
C017640,direct,11-50,BE,2026-02-09 00:00:00
C017641,direct,200+,FR,2026-03-08 00:00:00
C017642,referral,11-50,BE,2026-05-16 00:00:00
C017643,direct,1-10,FR,2026-03-17 00:00:00
C017644,direct,200+,CA,2026-04-24 00:00:00
C017645,sea,11-50,CH,2026-03-29 00:00:00
C017646,sea,11-50,FR,2026-02-11 00:00:00
C017647,sea,11-50,CH,2026-04-23 00:00:00
C017648,seo,200+,FR,2026-03-08 00:00:00
C017649,seo,11-50,CA,2026-02-24 00:00:00
C017650,seo,11-50,FR,2026-04-23 00:00:00
C017651,direct,200+,FR,2026-03-12 00:00:00
C017652,direct,200+,FR,2026-03-20 00:00:00
C017653,sea,1-10,FR,2026-05-16 00:00:00
C017654,sea,200+,FR,2026-05-06 00:00:00
C017655,seo,1-10,FR,2026-02-14 00:00:00
C017656,direct,11-50,FR,2026-03-08 00:00:00
C017657,seo,51-200,FR,2026-07-06 00:00:00
C017658,sea,1-10,FR,2026-04-19 00:00:00
C017659,sea,1-10,FR,2026-07-06 00:00:00
C017660,referral,11-50,FR,2026-06-24 00:00:00
C017661,seo,200+,FR,2026-04-15 00:00:00
C017662,sea,200+,FR,2026-04-29 00:00:00
C017663,sea,11-50,FR,2026-02-15 00:00:00
C017664,sea,11-50,FR,2026-06-26 00:00:00
C017665,seo,51-200,FR,2026-07-12 00:00:00
C017666,sea,200+,FR,2026-04-01 00:00:00
C017667,referral,1-10,FR,2026-01-31 00:00:00
C017668,seo,51-200,FR,2026-06-14 00:00:00
C017669,sea,51-200,FR,2026-03-30 00:00:00
C017670,sea,200+,FR,2026-04-24 00:00:00
C017671,referral,200+,CH,2026-01-23 00:00:00
C017672,sea,200+,FR,2026-04-29 00:00:00
C017673,direct,11-50,FR,2026-01-24 00:00:00
C017674,referral,200+,FR,2026-03-21 00:00:00
C017675,direct,51-200,FR,2026-05-11 00:00:00
C017676,seo,1-10,FR,2026-03-03 00:00:00
C017677,referral,1-10,FR,2026-04-12 00:00:00
C017678,direct,1-10,CA,2026-06-18 00:00:00
C017679,sea,1-10,BE,2026-02-27 00:00:00
C017680,sea,1-10,FR,2026-04-29 00:00:00
C017681,direct,11-50,FR,2026-04-14 00:00:00
C017682,direct,11-50,FR,2026-05-17 00:00:00
C017683,sea,51-200,FR,2026-01-29 00:00:00
C017684,direct,51-200,FR,2026-03-27 00:00:00
C017685,seo,11-50,BE,2026-04-24 00:00:00
C017686,direct,51-200,FR,2026-07-07 00:00:00
C017687,direct,11-50,FR,2026-04-15 00:00:00
C017688,seo,200+,FR,2026-03-29 00:00:00
C017689,direct,200+,FR,2026-02-10 00:00:00
C017690,seo,51-200,FR,2026-03-06 00:00:00
C017691,seo,200+,FR,2026-01-05 00:00:00
C017692,sea,1-10,FR,2026-04-10 00:00:00
C017693,direct,1-10,FR,2026-03-01 00:00:00
C017694,referral,200+,CA,2026-02-07 00:00:00
C017695,seo,200+,CA,2026-03-23 00:00:00
C017696,sea,200+,FR,2026-06-30 00:00:00
C017697,sea,1-10,CH,2026-01-04 00:00:00
C017698,direct,1-10,FR,2026-04-06 00:00:00
C017699,sea,51-200,CA,2026-01-13 00:00:00
C017700,seo,51-200,FR,2026-03-21 00:00:00
C017701,seo,200+,CA,2026-06-13 00:00:00
C017702,direct,51-200,FR,2026-04-14 00:00:00
C017703,direct,51-200,FR,2026-01-03 00:00:00
C017704,seo,11-50,BE,2026-03-29 00:00:00
C017705,seo,200+,FR,2026-01-23 00:00:00
C017706,seo,1-10,CA,2026-01-18 00:00:00
C017707,sea,1-10,CA,2026-03-25 00:00:00
C017708,referral,51-200,FR,2026-06-10 00:00:00
C017709,sea,200+,FR,2026-03-01 00:00:00
C017710,referral,51-200,FR,2026-02-09 00:00:00
C017711,referral,1-10,FR,2026-07-06 00:00:00
C017712,direct,51-200,FR,2026-05-23 00:00:00
C017713,seo,51-200,BE,2026-04-12 00:00:00
C017714,sea,200+,FR,2026-02-10 00:00:00
C017715,sea,200+,CA,2026-06-10 00:00:00
C017716,referral,11-50,BE,2026-02-23 00:00:00
C017717,direct,200+,FR,2026-02-26 00:00:00
C017718,seo,1-10,FR,2026-05-02 00:00:00
C017719,seo,200+,BE,2026-01-04 00:00:00
C017720,sea,1-10,FR,2026-02-03 00:00:00
C017721,sea,11-50,CA,2026-07-17 00:00:00
C017722,sea,1-10,CH,2026-01-17 00:00:00
C017723,referral,1-10,FR,2026-03-15 00:00:00
C017724,direct,1-10,FR,2026-05-14 00:00:00
C017725,seo,200+,FR,2026-04-12 00:00:00
C017726,referral,11-50,FR,2026-07-18 00:00:00
C017727,sea,51-200,FR,2026-07-03 00:00:00
C017728,seo,1-10,FR,2026-06-12 00:00:00
C017729,direct,1-10,FR,2026-06-14 00:00:00
C017730,referral,1-10,FR,2026-06-16 00:00:00
C017731,seo,51-200,FR,2026-03-24 00:00:00
C017732,sea,51-200,FR,2026-07-12 00:00:00
C017733,direct,1-10,FR,2026-04-01 00:00:00
C017734,direct,200+,FR,2026-02-07 00:00:00
C017735,sea,11-50,CH,2026-06-11 00:00:00
C017736,referral,200+,FR,2026-03-13 00:00:00
C017737,seo,1-10,FR,2026-02-13 00:00:00
C017738,referral,51-200,FR,2026-01-31 00:00:00
C017739,referral,11-50,FR,2026-04-06 00:00:00
C017740,direct,1-10,FR,2026-02-10 00:00:00
C017741,direct,11-50,FR,2026-01-07 00:00:00
C017742,sea,200+,FR,2026-06-14 00:00:00
C017743,sea,200+,FR,2026-01-14 00:00:00
C017744,seo,200+,CH,2026-07-13 00:00:00
C017745,seo,51-200,BE,2026-05-12 00:00:00
C017746,seo,1-10,FR,2026-05-13 00:00:00
C017747,sea,200+,FR,2026-06-04 00:00:00
C017748,seo,51-200,CA,2026-05-24 00:00:00
C017749,seo,51-200,FR,2026-01-18 00:00:00
C017750,referral,200+,CH,2026-01-01 00:00:00
C017751,sea,1-10,FR,2026-03-16 00:00:00
C017752,referral,51-200,FR,2026-04-12 00:00:00
C017753,direct,51-200,FR,2026-04-26 00:00:00
C017754,referral,11-50,FR,2026-05-07 00:00:00
C017755,direct,51-200,FR,2026-05-03 00:00:00
C017756,referral,1-10,BE,2026-06-06 00:00:00
C017757,direct,11-50,CH,2026-04-03 00:00:00
C017758,referral,200+,FR,2026-06-12 00:00:00
C017759,sea,1-10,BE,2026-03-30 00:00:00
C017760,direct,1-10,CA,2026-05-23 00:00:00
C017761,sea,11-50,BE,2026-03-07 00:00:00
C017762,sea,11-50,FR,2026-01-28 00:00:00
C017763,seo,1-10,FR,2026-05-30 00:00:00
C017764,referral,1-10,CH,2026-04-14 00:00:00
C017765,direct,11-50,FR,2026-05-09 00:00:00
C017766,seo,51-200,CA,2026-05-16 00:00:00
C017767,direct,200+,FR,2026-02-10 00:00:00
C017768,sea,51-200,FR,2026-04-30 00:00:00
C017769,direct,51-200,FR,2026-04-15 00:00:00
C017770,direct,1-10,FR,2026-02-21 00:00:00
C017771,referral,200+,CH,2026-06-16 00:00:00
C017772,sea,1-10,FR,2026-04-16 00:00:00
C017773,seo,200+,FR,2026-05-27 00:00:00
C017774,sea,51-200,CA,2026-04-02 00:00:00
C017775,sea,11-50,CH,2026-07-06 00:00:00
C017776,direct,11-50,FR,2026-05-31 00:00:00
C017777,sea,200+,FR,2026-02-09 00:00:00
C017778,referral,51-200,FR,2026-07-05 00:00:00
C017779,referral,11-50,FR,2026-05-12 00:00:00
C017780,seo,51-200,FR,2026-04-18 00:00:00
C017781,direct,11-50,FR,2026-01-27 00:00:00
C017782,seo,200+,FR,2026-07-18 00:00:00
C017783,direct,200+,FR,2026-06-27 00:00:00
C017784,referral,11-50,FR,2026-06-08 00:00:00
C017785,seo,51-200,FR,2026-04-05 00:00:00
C017786,direct,51-200,FR,2026-06-30 00:00:00
C017787,sea,200+,FR,2026-04-05 00:00:00
C017788,sea,200+,FR,2026-01-07 00:00:00
C017789,sea,51-200,FR,2026-06-01 00:00:00
C017790,seo,200+,FR,2026-07-10 00:00:00
C017791,seo,51-200,FR,2026-03-15 00:00:00
C017792,referral,200+,FR,2026-01-27 00:00:00
C017793,seo,200+,CH,2026-05-07 00:00:00
C017794,seo,1-10,CA,2026-02-28 00:00:00
C017795,referral,51-200,FR,2026-07-12 00:00:00
C017796,sea,51-200,CH,2026-07-16 00:00:00
C017797,seo,11-50,FR,2026-01-06 00:00:00
C017798,direct,200+,FR,2026-06-30 00:00:00
C017799,seo,1-10,FR,2026-04-09 00:00:00
C017800,referral,1-10,CA,2026-07-17 00:00:00
C017801,seo,1-10,BE,2026-02-03 00:00:00
C017802,seo,51-200,FR,2026-04-26 00:00:00
C017803,sea,1-10,CH,2026-03-12 00:00:00
C017804,referral,200+,FR,2026-05-09 00:00:00
C017805,referral,11-50,BE,2026-01-31 00:00:00
C017806,direct,200+,FR,2026-04-14 00:00:00
C017807,seo,51-200,FR,2026-05-21 00:00:00
C017808,sea,1-10,FR,2026-01-23 00:00:00
C017809,referral,11-50,FR,2026-03-24 00:00:00
C017810,sea,1-10,FR,2026-01-29 00:00:00
C017811,seo,51-200,FR,2026-01-17 00:00:00
C017812,direct,1-10,FR,2026-04-30 00:00:00
C017813,direct,200+,FR,2026-05-17 00:00:00
C017814,direct,200+,CA,2026-02-28 00:00:00
C017815,direct,51-200,CA,2026-01-24 00:00:00
C017816,sea,11-50,FR,2026-03-10 00:00:00
C017817,sea,11-50,CH,2026-05-01 00:00:00
C017818,direct,1-10,FR,2026-01-29 00:00:00
C017819,referral,200+,BE,2026-03-15 00:00:00
C017820,referral,51-200,BE,2026-02-07 00:00:00
C017821,sea,51-200,FR,2026-01-09 00:00:00
C017822,sea,1-10,CA,2026-02-14 00:00:00
C017823,direct,51-200,CH,2026-05-29 00:00:00
C017824,sea,1-10,FR,2026-01-09 00:00:00
C017825,sea,1-10,FR,2026-04-17 00:00:00
C017826,seo,11-50,FR,2026-01-02 00:00:00
C017827,seo,11-50,CA,2026-05-10 00:00:00
C017828,seo,1-10,CA,2026-04-06 00:00:00
C017829,sea,51-200,CH,2026-02-24 00:00:00
C017830,direct,51-200,FR,2026-05-26 00:00:00
C017831,seo,200+,FR,2026-06-07 00:00:00
C017832,direct,1-10,BE,2026-05-10 00:00:00
C017833,referral,11-50,CA,2026-04-07 00:00:00
C017834,referral,200+,FR,2026-04-13 00:00:00
C017835,sea,51-200,CH,2026-03-09 00:00:00
C017836,referral,51-200,FR,2026-05-07 00:00:00
C017837,direct,1-10,FR,2026-03-18 00:00:00
C017838,sea,51-200,FR,2026-02-13 00:00:00
C017839,referral,11-50,BE,2026-05-05 00:00:00
C017840,referral,1-10,FR,2026-01-06 00:00:00
C017841,sea,11-50,CH,2026-01-14 00:00:00
C017842,sea,51-200,CA,2026-03-09 00:00:00
C017843,sea,11-50,FR,2026-01-22 00:00:00
C017844,direct,11-50,FR,2026-06-25 00:00:00
C017845,referral,11-50,CA,2026-01-05 00:00:00
C017846,referral,11-50,FR,2026-01-27 00:00:00
C017847,direct,200+,FR,2026-01-02 00:00:00
C017848,referral,200+,FR,2026-03-27 00:00:00
C017849,direct,11-50,FR,2026-02-02 00:00:00
C017850,referral,11-50,FR,2026-05-25 00:00:00
C017851,seo,51-200,FR,2026-06-09 00:00:00
C017852,sea,1-10,CH,2026-04-25 00:00:00
C017853,sea,51-200,FR,2026-06-27 00:00:00
C017854,direct,1-10,FR,2026-03-15 00:00:00
C017855,seo,200+,FR,2026-06-21 00:00:00
C017856,referral,200+,FR,2026-02-21 00:00:00
C017857,sea,11-50,BE,2026-03-19 00:00:00
C017858,direct,200+,BE,2026-04-05 00:00:00
C017859,direct,200+,FR,2026-07-02 00:00:00
C017860,referral,1-10,BE,2026-04-29 00:00:00
C017861,sea,11-50,FR,2026-07-01 00:00:00
C017862,seo,51-200,FR,2026-03-09 00:00:00
C017863,seo,200+,FR,2026-03-17 00:00:00
C017864,direct,11-50,FR,2026-04-27 00:00:00
C017865,referral,51-200,FR,2026-02-07 00:00:00
C017866,direct,1-10,FR,2026-06-19 00:00:00
C017867,referral,1-10,CH,2026-01-22 00:00:00
C017868,direct,51-200,FR,2026-01-16 00:00:00
C017869,referral,1-10,FR,2026-01-13 00:00:00
C017870,seo,11-50,FR,2026-06-16 00:00:00
C017871,referral,11-50,CA,2026-05-13 00:00:00
C017872,sea,51-200,BE,2026-03-21 00:00:00
C017873,referral,1-10,FR,2026-04-16 00:00:00
C017874,direct,51-200,BE,2026-02-04 00:00:00
C017875,sea,200+,FR,2026-07-19 00:00:00
C017876,referral,11-50,CA,2026-01-31 00:00:00
C017877,sea,11-50,FR,2026-04-02 00:00:00
C017878,seo,51-200,BE,2026-04-11 00:00:00
C017879,referral,200+,CA,2026-01-07 00:00:00
C017880,sea,200+,FR,2026-04-01 00:00:00
C017881,sea,11-50,FR,2026-05-24 00:00:00
C017882,sea,51-200,CA,2026-06-19 00:00:00
C017883,seo,200+,FR,2026-05-16 00:00:00
C017884,referral,1-10,FR,2026-04-03 00:00:00
C017885,direct,200+,FR,2026-01-26 00:00:00
C017886,sea,11-50,FR,2026-05-05 00:00:00
C017887,referral,11-50,CA,2026-03-28 00:00:00
C017888,seo,200+,FR,2026-05-12 00:00:00
C017889,seo,51-200,FR,2026-07-18 00:00:00
C017890,referral,200+,FR,2026-02-22 00:00:00
C017891,direct,51-200,FR,2026-02-24 00:00:00
C017892,referral,11-50,FR,2026-07-01 00:00:00
C017893,sea,200+,BE,2026-07-05 00:00:00
C017894,referral,1-10,FR,2026-01-22 00:00:00
C017895,sea,51-200,FR,2026-01-08 00:00:00
C017896,referral,51-200,FR,2026-03-14 00:00:00
C017897,seo,51-200,FR,2026-06-24 00:00:00
C017898,direct,11-50,BE,2026-02-23 00:00:00
C017899,referral,51-200,FR,2026-04-29 00:00:00
C017900,seo,200+,FR,2026-02-24 00:00:00
C017901,seo,51-200,FR,2026-04-10 00:00:00
C017902,referral,1-10,FR,2026-01-31 00:00:00
C017903,referral,1-10,FR,2026-02-20 00:00:00
C017904,sea,200+,FR,2026-04-02 00:00:00
C017905,seo,51-200,CA,2026-06-02 00:00:00
C017906,referral,1-10,FR,2026-05-02 00:00:00
C017907,referral,1-10,FR,2026-06-26 00:00:00
C017908,sea,1-10,CA,2026-01-02 00:00:00
C017909,sea,1-10,CA,2026-01-21 00:00:00
C017910,seo,51-200,FR,2026-01-31 00:00:00
C017911,referral,51-200,FR,2026-01-20 00:00:00
C017912,sea,1-10,BE,2026-05-23 00:00:00
C017913,seo,11-50,FR,2026-07-14 00:00:00
C017914,direct,200+,CA,2026-02-07 00:00:00
C017915,seo,11-50,FR,2026-05-14 00:00:00
C017916,direct,1-10,FR,2026-07-09 00:00:00
C017917,direct,11-50,FR,2026-06-24 00:00:00
C017918,direct,200+,FR,2026-02-23 00:00:00
C017919,referral,200+,FR,2026-02-27 00:00:00
C017920,sea,51-200,CA,2026-01-02 00:00:00
C017921,direct,200+,FR,2026-04-18 00:00:00
C017922,referral,1-10,FR,2026-07-09 00:00:00
C017923,direct,1-10,FR,2026-03-06 00:00:00
C017924,sea,1-10,BE,2026-07-15 00:00:00
C017925,seo,11-50,FR,2026-03-04 00:00:00
C017926,referral,1-10,FR,2026-02-12 00:00:00
C017927,direct,1-10,FR,2026-06-23 00:00:00
C017928,referral,51-200,FR,2026-06-11 00:00:00
C017929,seo,11-50,CA,2026-05-03 00:00:00
C017930,referral,11-50,FR,2026-03-13 00:00:00
C017931,seo,1-10,FR,2026-05-04 00:00:00
C017932,direct,1-10,FR,2026-04-15 00:00:00
C017933,seo,1-10,FR,2026-03-07 00:00:00
C017934,sea,51-200,FR,2026-06-18 00:00:00
C017935,referral,51-200,FR,2026-04-29 00:00:00
C017936,seo,51-200,BE,2026-03-05 00:00:00
C017937,referral,11-50,FR,2026-05-23 00:00:00
C017938,seo,51-200,FR,2026-03-01 00:00:00
C017939,direct,51-200,FR,2026-06-30 00:00:00
C017940,direct,11-50,FR,2026-07-16 00:00:00
C017941,seo,200+,FR,2026-02-02 00:00:00
C017942,sea,51-200,FR,2026-07-09 00:00:00
C017943,direct,1-10,FR,2026-07-17 00:00:00
C017944,referral,51-200,FR,2026-04-27 00:00:00
C017945,direct,11-50,BE,2026-07-19 00:00:00
C017946,referral,1-10,FR,2026-03-20 00:00:00
C017947,referral,200+,FR,2026-06-17 00:00:00
C017948,direct,1-10,FR,2026-01-31 00:00:00
C017949,referral,1-10,FR,2026-02-08 00:00:00
C017950,seo,11-50,FR,2026-03-22 00:00:00
C017951,sea,200+,FR,2026-03-23 00:00:00
C017952,sea,1-10,CA,2026-03-29 00:00:00
C017953,seo,11-50,FR,2026-07-11 00:00:00
C017954,referral,11-50,FR,2026-04-13 00:00:00
C017955,referral,200+,FR,2026-02-26 00:00:00
C017956,direct,11-50,CH,2026-07-15 00:00:00
C017957,direct,1-10,FR,2026-05-06 00:00:00
C017958,sea,51-200,FR,2026-02-26 00:00:00
C017959,sea,11-50,FR,2026-07-06 00:00:00
C017960,sea,11-50,FR,2026-02-05 00:00:00
C017961,seo,1-10,CA,2026-07-14 00:00:00
C017962,sea,11-50,FR,2026-02-14 00:00:00
C017963,direct,1-10,FR,2026-01-12 00:00:00
C017964,seo,11-50,FR,2026-01-08 00:00:00
C017965,seo,51-200,CA,2026-01-18 00:00:00
C017966,direct,200+,FR,2026-03-04 00:00:00
C017967,sea,51-200,CH,2026-02-15 00:00:00
C017968,sea,51-200,FR,2026-05-20 00:00:00
C017969,seo,51-200,FR,2026-04-24 00:00:00
C017970,referral,11-50,CA,2026-03-14 00:00:00
C017971,seo,1-10,FR,2026-03-11 00:00:00
C017972,sea,51-200,FR,2026-05-26 00:00:00
C017973,referral,51-200,FR,2026-03-09 00:00:00
C017974,sea,200+,CH,2026-01-22 00:00:00
C017975,seo,200+,BE,2026-02-05 00:00:00
C017976,seo,200+,CA,2026-04-17 00:00:00
C017977,sea,1-10,FR,2026-01-19 00:00:00
C017978,seo,200+,CA,2026-06-27 00:00:00
C017979,direct,11-50,BE,2026-07-03 00:00:00
C017980,direct,200+,CH,2026-05-28 00:00:00
C017981,seo,200+,BE,2026-06-13 00:00:00
C017982,direct,51-200,FR,2026-04-01 00:00:00
C017983,seo,51-200,FR,2026-07-09 00:00:00
C017984,seo,200+,FR,2026-06-23 00:00:00
C017985,direct,11-50,FR,2026-06-01 00:00:00
C017986,seo,11-50,FR,2026-04-24 00:00:00
C017987,direct,1-10,FR,2026-03-10 00:00:00
C017988,referral,51-200,CH,2026-05-24 00:00:00
C017989,referral,200+,FR,2026-03-08 00:00:00
C017990,sea,51-200,BE,2026-04-07 00:00:00
C017991,direct,200+,FR,2026-01-26 00:00:00
C017992,direct,200+,CA,2026-06-19 00:00:00
C017993,referral,51-200,FR,2026-01-14 00:00:00
C017994,referral,51-200,FR,2026-04-05 00:00:00
C017995,sea,1-10,FR,2026-05-25 00:00:00
C017996,sea,51-200,CA,2026-01-14 00:00:00
C017997,referral,200+,FR,2026-03-02 00:00:00
C017998,referral,11-50,BE,2026-05-15 00:00:00
C017999,referral,1-10,FR,2026-02-22 00:00:00
C018000,referral,200+,FR,2026-04-12 00:00:00
C018001,seo,51-200,BE,2026-03-05 00:00:00
C018002,sea,11-50,FR,2026-04-01 00:00:00
C018003,referral,51-200,CH,2026-04-20 00:00:00
C018004,referral,11-50,FR,2026-06-23 00:00:00
C018005,direct,51-200,FR,2026-03-12 00:00:00
C018006,referral,11-50,FR,2026-01-27 00:00:00
C018007,sea,51-200,BE,2026-02-06 00:00:00
C018008,direct,200+,CH,2026-05-08 00:00:00
C018009,referral,1-10,CH,2026-07-13 00:00:00
C018010,referral,11-50,FR,2026-02-05 00:00:00
C018011,seo,51-200,FR,2026-03-14 00:00:00
C018012,seo,200+,FR,2026-02-14 00:00:00
C018013,direct,1-10,FR,2026-05-28 00:00:00
C018014,referral,200+,FR,2026-06-11 00:00:00
C018015,sea,51-200,CH,2026-04-12 00:00:00
C018016,direct,51-200,BE,2026-04-24 00:00:00
C018017,direct,11-50,FR,2026-05-21 00:00:00
C018018,sea,11-50,FR,2026-03-19 00:00:00
C018019,sea,1-10,FR,2026-05-15 00:00:00
C018020,seo,200+,FR,2026-02-03 00:00:00
C018021,referral,51-200,FR,2026-01-06 00:00:00
C018022,referral,11-50,BE,2026-05-13 00:00:00
C018023,seo,200+,FR,2026-02-03 00:00:00
C018024,seo,1-10,FR,2026-01-27 00:00:00
C018025,seo,1-10,FR,2026-02-08 00:00:00
C018026,direct,11-50,FR,2026-05-27 00:00:00
C018027,referral,1-10,CA,2026-01-27 00:00:00
C018028,seo,11-50,FR,2026-03-24 00:00:00
C018029,seo,51-200,CH,2026-04-13 00:00:00
C018030,seo,200+,FR,2026-01-13 00:00:00
C018031,seo,51-200,FR,2026-04-21 00:00:00
C018032,referral,200+,FR,2026-05-27 00:00:00
C018033,referral,51-200,FR,2026-01-13 00:00:00
C018034,seo,1-10,CH,2026-04-25 00:00:00
C018035,referral,1-10,CH,2026-01-12 00:00:00
C018036,sea,200+,FR,2026-05-11 00:00:00
C018037,seo,200+,CH,2026-01-07 00:00:00
C018038,sea,51-200,FR,2026-05-01 00:00:00
C018039,referral,200+,CA,2026-05-21 00:00:00
C018040,referral,1-10,FR,2026-05-23 00:00:00
C018041,seo,51-200,CA,2026-01-06 00:00:00
C018042,sea,200+,CH,2026-01-11 00:00:00
C018043,direct,11-50,CA,2026-04-29 00:00:00
C018044,sea,11-50,FR,2026-01-04 00:00:00
C018045,seo,200+,FR,2026-05-23 00:00:00
C018046,referral,1-10,FR,2026-04-07 00:00:00
C018047,sea,51-200,FR,2026-01-18 00:00:00
C018048,direct,1-10,FR,2026-03-03 00:00:00
C018049,referral,51-200,FR,2026-05-26 00:00:00
C018050,sea,11-50,FR,2026-04-21 00:00:00
C018051,direct,1-10,FR,2026-05-03 00:00:00
C018052,referral,1-10,FR,2026-07-04 00:00:00
C018053,direct,51-200,FR,2026-05-25 00:00:00
C018054,seo,1-10,FR,2026-01-01 00:00:00
C018055,referral,51-200,FR,2026-07-10 00:00:00
C018056,referral,51-200,FR,2026-02-02 00:00:00
C018057,seo,200+,FR,2026-07-09 00:00:00
C018058,seo,200+,CH,2026-04-28 00:00:00
C018059,seo,1-10,BE,2026-07-18 00:00:00
C018060,referral,200+,FR,2026-05-13 00:00:00
C018061,referral,11-50,FR,2026-06-13 00:00:00
C018062,seo,11-50,FR,2026-06-09 00:00:00
C018063,direct,200+,FR,2026-06-01 00:00:00
C018064,sea,11-50,FR,2026-06-22 00:00:00
C018065,seo,51-200,FR,2026-02-24 00:00:00
C018066,seo,51-200,FR,2026-03-09 00:00:00
C018067,sea,200+,FR,2026-06-18 00:00:00
C018068,sea,11-50,FR,2026-06-07 00:00:00
C018069,referral,11-50,FR,2026-05-01 00:00:00
C018070,referral,51-200,FR,2026-01-30 00:00:00
C018071,referral,11-50,CA,2026-06-25 00:00:00
C018072,sea,51-200,FR,2026-07-07 00:00:00
C018073,seo,11-50,FR,2026-05-10 00:00:00
C018074,seo,51-200,CA,2026-06-29 00:00:00
C018075,seo,11-50,FR,2026-06-23 00:00:00
C018076,referral,11-50,FR,2026-04-20 00:00:00
C018077,sea,200+,FR,2026-04-09 00:00:00
C018078,seo,200+,CA,2026-05-10 00:00:00
C018079,referral,200+,FR,2026-01-07 00:00:00
C018080,sea,11-50,FR,2026-04-26 00:00:00
C018081,direct,11-50,FR,2026-05-14 00:00:00
C018082,referral,11-50,FR,2026-01-18 00:00:00
C018083,direct,200+,FR,2026-02-06 00:00:00
C018084,sea,11-50,FR,2026-06-07 00:00:00
C018085,referral,11-50,FR,2026-06-27 00:00:00
C018086,seo,200+,FR,2026-01-28 00:00:00
C018087,sea,11-50,CA,2026-04-14 00:00:00
C018088,direct,1-10,FR,2026-02-27 00:00:00
C018089,referral,200+,FR,2026-04-21 00:00:00
C018090,referral,200+,FR,2026-06-29 00:00:00
C018091,referral,11-50,FR,2026-04-28 00:00:00
C018092,referral,11-50,FR,2026-04-24 00:00:00
C018093,direct,200+,FR,2026-01-18 00:00:00
C018094,seo,200+,FR,2026-03-11 00:00:00
C018095,direct,1-10,BE,2026-07-01 00:00:00
C018096,seo,1-10,CH,2026-07-03 00:00:00
C018097,referral,11-50,BE,2026-07-06 00:00:00
C018098,referral,11-50,FR,2026-03-02 00:00:00
C018099,seo,51-200,FR,2026-02-02 00:00:00
C018100,referral,51-200,CH,2026-03-13 00:00:00
C018101,sea,200+,FR,2026-02-07 00:00:00
C018102,seo,51-200,CA,2026-02-14 00:00:00
C018103,direct,11-50,FR,2026-06-17 00:00:00
C018104,direct,1-10,CH,2026-05-12 00:00:00
C018105,referral,1-10,FR,2026-02-28 00:00:00
C018106,direct,11-50,FR,2026-03-05 00:00:00
C018107,direct,51-200,FR,2026-06-18 00:00:00
C018108,sea,200+,CA,2026-07-09 00:00:00
C018109,seo,11-50,FR,2026-02-08 00:00:00
C018110,referral,200+,FR,2026-07-12 00:00:00
C018111,seo,200+,BE,2026-01-08 00:00:00
C018112,sea,200+,BE,2026-03-24 00:00:00
C018113,direct,11-50,FR,2026-01-05 00:00:00
C018114,sea,200+,CH,2026-07-06 00:00:00
C018115,seo,51-200,FR,2026-05-20 00:00:00
C018116,sea,51-200,FR,2026-06-06 00:00:00
C018117,sea,51-200,FR,2026-01-12 00:00:00
C018118,seo,11-50,FR,2026-04-19 00:00:00
C018119,direct,200+,BE,2026-05-28 00:00:00
C018120,seo,200+,BE,2026-02-13 00:00:00
C018121,seo,200+,FR,2026-02-28 00:00:00
C018122,sea,1-10,FR,2026-04-20 00:00:00
C018123,sea,11-50,FR,2026-06-29 00:00:00
C018124,seo,51-200,FR,2026-01-03 00:00:00
C018125,sea,200+,FR,2026-04-26 00:00:00
C018126,seo,51-200,CH,2026-03-07 00:00:00
C018127,seo,200+,CA,2026-07-12 00:00:00
C018128,seo,1-10,FR,2026-06-28 00:00:00
C018129,direct,200+,BE,2026-02-12 00:00:00
C018130,direct,11-50,FR,2026-05-16 00:00:00
C018131,referral,200+,CH,2026-01-29 00:00:00
C018132,sea,200+,FR,2026-07-17 00:00:00
C018133,referral,1-10,CH,2026-04-08 00:00:00
C018134,direct,200+,FR,2026-06-17 00:00:00
C018135,referral,200+,FR,2026-07-03 00:00:00
C018136,referral,1-10,FR,2026-01-08 00:00:00
C018137,seo,51-200,FR,2026-01-30 00:00:00
C018138,seo,11-50,FR,2026-03-19 00:00:00
C018139,sea,51-200,FR,2026-01-05 00:00:00
C018140,direct,51-200,BE,2026-04-17 00:00:00
C018141,referral,200+,BE,2026-01-15 00:00:00
C018142,direct,200+,CA,2026-01-03 00:00:00
C018143,sea,1-10,CA,2026-01-18 00:00:00
C018144,referral,51-200,FR,2026-01-02 00:00:00
C018145,referral,11-50,FR,2026-07-06 00:00:00
C018146,seo,200+,BE,2026-07-08 00:00:00
C018147,sea,1-10,FR,2026-01-26 00:00:00
C018148,sea,51-200,CH,2026-06-18 00:00:00
C018149,direct,1-10,FR,2026-04-30 00:00:00
C018150,sea,51-200,FR,2026-01-31 00:00:00
C018151,sea,1-10,BE,2026-03-09 00:00:00
C018152,referral,51-200,CA,2026-04-06 00:00:00
C018153,direct,11-50,FR,2026-06-28 00:00:00
C018154,sea,200+,CH,2026-05-03 00:00:00
C018155,direct,11-50,CH,2026-02-12 00:00:00
C018156,referral,1-10,CA,2026-05-13 00:00:00
C018157,seo,1-10,FR,2026-06-20 00:00:00
C018158,referral,11-50,FR,2026-02-16 00:00:00
C018159,sea,11-50,CA,2026-01-29 00:00:00
C018160,referral,11-50,CH,2026-04-12 00:00:00
C018161,referral,51-200,CH,2026-06-28 00:00:00
C018162,direct,11-50,FR,2026-01-05 00:00:00
C018163,sea,51-200,BE,2026-05-06 00:00:00
C018164,seo,200+,FR,2026-02-09 00:00:00
C018165,seo,200+,FR,2026-05-14 00:00:00
C018166,sea,51-200,FR,2026-07-06 00:00:00
C018167,direct,51-200,CH,2026-07-01 00:00:00
C018168,seo,11-50,CH,2026-03-24 00:00:00
C018169,sea,51-200,CH,2026-03-22 00:00:00
C018170,sea,200+,FR,2026-01-04 00:00:00
C018171,referral,1-10,CH,2026-07-16 00:00:00
C018172,direct,200+,BE,2026-03-08 00:00:00
C018173,direct,51-200,FR,2026-04-01 00:00:00
C018174,referral,11-50,CA,2026-05-15 00:00:00
C018175,direct,51-200,CA,2026-07-10 00:00:00
C018176,referral,1-10,FR,2026-05-16 00:00:00
C018177,referral,11-50,FR,2026-03-14 00:00:00
C018178,seo,200+,FR,2026-03-29 00:00:00
C018179,direct,1-10,FR,2026-01-29 00:00:00
C018180,direct,51-200,FR,2026-06-22 00:00:00
C018181,seo,11-50,BE,2026-01-04 00:00:00
C018182,referral,1-10,FR,2026-03-15 00:00:00
C018183,direct,11-50,CA,2026-01-05 00:00:00
C018184,referral,11-50,BE,2026-02-28 00:00:00
C018185,direct,51-200,FR,2026-02-01 00:00:00
C018186,direct,200+,CH,2026-05-05 00:00:00
C018187,sea,200+,FR,2026-04-19 00:00:00
C018188,seo,11-50,CA,2026-05-10 00:00:00
C018189,seo,1-10,FR,2026-02-24 00:00:00
C018190,referral,51-200,CH,2026-01-26 00:00:00
C018191,direct,51-200,FR,2026-06-10 00:00:00
C018192,referral,11-50,FR,2026-06-25 00:00:00
C018193,direct,1-10,FR,2026-03-29 00:00:00
C018194,direct,200+,FR,2026-05-14 00:00:00
C018195,referral,200+,FR,2026-01-24 00:00:00
C018196,referral,51-200,BE,2026-06-16 00:00:00
C018197,direct,51-200,CA,2026-04-08 00:00:00
C018198,seo,1-10,FR,2026-04-25 00:00:00
C018199,sea,1-10,CH,2026-05-05 00:00:00
C018200,direct,200+,BE,2026-01-05 00:00:00
C018201,referral,51-200,FR,2026-07-18 00:00:00
C018202,referral,11-50,FR,2026-01-18 00:00:00
C018203,referral,200+,FR,2026-06-23 00:00:00
C018204,sea,51-200,FR,2026-02-22 00:00:00
C018205,seo,51-200,FR,2026-01-04 00:00:00
C018206,seo,11-50,FR,2026-03-23 00:00:00
C018207,referral,11-50,FR,2026-05-04 00:00:00
C018208,sea,11-50,FR,2026-07-13 00:00:00
C018209,seo,11-50,FR,2026-03-05 00:00:00
C018210,referral,1-10,FR,2026-05-24 00:00:00
C018211,direct,1-10,BE,2026-05-07 00:00:00
C018212,direct,1-10,FR,2026-02-17 00:00:00
C018213,direct,200+,FR,2026-07-18 00:00:00
C018214,referral,200+,CA,2026-05-01 00:00:00
C018215,referral,1-10,FR,2026-04-26 00:00:00
C018216,seo,200+,FR,2026-05-28 00:00:00
C018217,sea,200+,BE,2026-01-09 00:00:00
C018218,direct,51-200,FR,2026-06-24 00:00:00
C018219,seo,1-10,FR,2026-04-24 00:00:00
C018220,sea,1-10,FR,2026-05-31 00:00:00
C018221,seo,11-50,FR,2026-05-03 00:00:00
C018222,referral,1-10,FR,2026-05-02 00:00:00
C018223,direct,200+,FR,2026-05-17 00:00:00
C018224,direct,200+,FR,2026-06-29 00:00:00
C018225,seo,11-50,FR,2026-06-03 00:00:00
C018226,referral,200+,CH,2026-01-13 00:00:00
C018227,direct,1-10,FR,2026-07-10 00:00:00
C018228,direct,1-10,FR,2026-07-08 00:00:00
C018229,seo,51-200,CH,2026-05-07 00:00:00
C018230,seo,1-10,CA,2026-01-26 00:00:00
C018231,seo,51-200,FR,2026-03-26 00:00:00
C018232,referral,51-200,BE,2026-01-24 00:00:00
C018233,referral,1-10,FR,2026-03-03 00:00:00
C018234,seo,51-200,FR,2026-02-01 00:00:00
C018235,sea,1-10,FR,2026-03-25 00:00:00
C018236,seo,200+,BE,2026-04-06 00:00:00
C018237,referral,200+,FR,2026-03-04 00:00:00
C018238,seo,200+,FR,2026-07-01 00:00:00
C018239,direct,11-50,FR,2026-02-14 00:00:00
C018240,direct,11-50,FR,2026-06-08 00:00:00
C018241,direct,11-50,FR,2026-05-30 00:00:00
C018242,referral,200+,FR,2026-03-13 00:00:00
C018243,referral,1-10,FR,2026-07-15 00:00:00
C018244,sea,1-10,FR,2026-06-12 00:00:00
C018245,referral,11-50,FR,2026-04-27 00:00:00
C018246,direct,200+,FR,2026-06-26 00:00:00
C018247,direct,11-50,FR,2026-01-31 00:00:00
C018248,direct,1-10,CA,2026-05-09 00:00:00
C018249,seo,1-10,CH,2026-03-08 00:00:00
C018250,sea,11-50,FR,2026-03-24 00:00:00
C018251,sea,200+,FR,2026-01-28 00:00:00
C018252,seo,51-200,CA,2026-04-15 00:00:00
C018253,seo,200+,BE,2026-05-13 00:00:00
C018254,seo,51-200,FR,2026-04-29 00:00:00
C018255,sea,1-10,FR,2026-02-17 00:00:00
C018256,direct,11-50,CA,2026-04-14 00:00:00
C018257,referral,200+,FR,2026-06-20 00:00:00
C018258,referral,11-50,FR,2026-05-13 00:00:00
C018259,direct,51-200,FR,2026-05-30 00:00:00
C018260,direct,11-50,CA,2026-02-05 00:00:00
C018261,sea,51-200,FR,2026-03-02 00:00:00
C018262,sea,11-50,FR,2026-06-01 00:00:00
C018263,sea,51-200,FR,2026-07-12 00:00:00
C018264,direct,200+,FR,2026-07-18 00:00:00
C018265,sea,51-200,FR,2026-05-08 00:00:00
C018266,direct,51-200,FR,2026-04-06 00:00:00
C018267,referral,51-200,FR,2026-06-13 00:00:00
C018268,direct,200+,BE,2026-03-23 00:00:00
C018269,direct,1-10,CA,2026-02-01 00:00:00
C018270,direct,1-10,FR,2026-01-12 00:00:00
C018271,seo,200+,FR,2026-06-18 00:00:00
C018272,sea,11-50,FR,2026-03-31 00:00:00
C018273,seo,11-50,FR,2026-03-24 00:00:00
C018274,direct,51-200,FR,2026-06-27 00:00:00
C018275,direct,51-200,CA,2026-06-22 00:00:00
C018276,seo,1-10,CA,2026-01-16 00:00:00
C018277,sea,11-50,FR,2026-07-11 00:00:00
C018278,referral,11-50,FR,2026-02-17 00:00:00
C018279,direct,51-200,FR,2026-03-03 00:00:00
C018280,sea,1-10,FR,2026-01-20 00:00:00
C018281,sea,200+,FR,2026-07-01 00:00:00
C018282,direct,200+,FR,2026-06-16 00:00:00
C018283,seo,11-50,FR,2026-05-12 00:00:00
C018284,seo,1-10,CA,2026-03-19 00:00:00
C018285,direct,200+,FR,2026-05-09 00:00:00
C018286,seo,1-10,FR,2026-03-22 00:00:00
C018287,direct,11-50,FR,2026-07-16 00:00:00
C018288,direct,200+,FR,2026-06-30 00:00:00
C018289,referral,51-200,FR,2026-07-04 00:00:00
C018290,direct,200+,FR,2026-06-08 00:00:00
C018291,direct,51-200,FR,2026-07-13 00:00:00
C018292,seo,1-10,FR,2026-06-27 00:00:00
C018293,sea,200+,FR,2026-01-19 00:00:00
C018294,direct,1-10,FR,2026-07-10 00:00:00
C018295,seo,1-10,FR,2026-02-19 00:00:00
C018296,seo,51-200,FR,2026-01-08 00:00:00
C018297,seo,51-200,FR,2026-07-07 00:00:00
C018298,direct,200+,FR,2026-07-12 00:00:00
C018299,direct,200+,FR,2026-02-28 00:00:00
C018300,direct,200+,CA,2026-05-05 00:00:00
C018301,sea,1-10,FR,2026-04-13 00:00:00
C018302,referral,11-50,FR,2026-03-05 00:00:00
C018303,direct,51-200,FR,2026-06-23 00:00:00
C018304,direct,200+,BE,2026-04-22 00:00:00
C018305,sea,51-200,CA,2026-06-27 00:00:00
C018306,seo,200+,FR,2026-05-09 00:00:00
C018307,direct,200+,FR,2026-01-01 00:00:00
C018308,direct,200+,BE,2026-05-31 00:00:00
C018309,direct,1-10,CH,2026-02-22 00:00:00
C018310,direct,1-10,CA,2026-03-23 00:00:00
C018311,sea,1-10,FR,2026-03-05 00:00:00
C018312,sea,1-10,FR,2026-05-22 00:00:00
C018313,sea,1-10,FR,2026-05-04 00:00:00
C018314,referral,11-50,CA,2026-05-07 00:00:00
C018315,referral,11-50,FR,2026-04-22 00:00:00
C018316,direct,11-50,FR,2026-04-28 00:00:00
C018317,referral,1-10,FR,2026-04-28 00:00:00
C018318,sea,11-50,FR,2026-01-10 00:00:00
C018319,referral,11-50,FR,2026-05-04 00:00:00
C018320,sea,1-10,BE,2026-03-07 00:00:00
C018321,referral,51-200,FR,2026-01-04 00:00:00
C018322,seo,11-50,CA,2026-04-03 00:00:00
C018323,referral,11-50,FR,2026-05-04 00:00:00
C018324,sea,1-10,CA,2026-07-13 00:00:00
C018325,direct,1-10,FR,2026-06-07 00:00:00
C018326,sea,1-10,FR,2026-01-20 00:00:00
C018327,seo,51-200,FR,2026-06-14 00:00:00
C018328,referral,51-200,CA,2026-06-11 00:00:00
C018329,seo,1-10,FR,2026-06-10 00:00:00
C018330,referral,51-200,FR,2026-03-04 00:00:00
C018331,sea,200+,FR,2026-01-13 00:00:00
C018332,direct,51-200,FR,2026-05-08 00:00:00
C018333,seo,11-50,FR,2026-04-12 00:00:00
C018334,referral,200+,FR,2026-06-06 00:00:00
C018335,direct,1-10,FR,2026-01-27 00:00:00
C018336,direct,51-200,FR,2026-01-21 00:00:00
C018337,direct,11-50,FR,2026-05-12 00:00:00
C018338,referral,200+,FR,2026-06-12 00:00:00
C018339,direct,11-50,FR,2026-04-07 00:00:00
C018340,seo,200+,FR,2026-05-16 00:00:00
C018341,referral,11-50,FR,2026-03-21 00:00:00
C018342,direct,1-10,CA,2026-06-09 00:00:00
C018343,direct,11-50,FR,2026-05-28 00:00:00
C018344,direct,1-10,CA,2026-05-05 00:00:00
C018345,seo,11-50,FR,2026-04-18 00:00:00
C018346,seo,1-10,CA,2026-04-20 00:00:00
C018347,seo,1-10,FR,2026-01-09 00:00:00
C018348,sea,51-200,CA,2026-04-17 00:00:00
C018349,referral,51-200,FR,2026-05-22 00:00:00
C018350,referral,11-50,FR,2026-06-24 00:00:00
C018351,direct,11-50,FR,2026-04-22 00:00:00
C018352,sea,11-50,FR,2026-05-13 00:00:00
C018353,sea,1-10,FR,2026-03-02 00:00:00
C018354,sea,200+,FR,2026-04-07 00:00:00
C018355,seo,11-50,FR,2026-06-23 00:00:00
C018356,referral,11-50,FR,2026-06-07 00:00:00
C018357,direct,51-200,CA,2026-05-30 00:00:00
C018358,referral,51-200,FR,2026-01-14 00:00:00
C018359,referral,200+,FR,2026-05-18 00:00:00
C018360,direct,11-50,FR,2026-06-04 00:00:00
C018361,referral,11-50,BE,2026-01-23 00:00:00
C018362,seo,200+,FR,2026-05-14 00:00:00
C018363,referral,200+,FR,2026-05-17 00:00:00
C018364,sea,51-200,BE,2026-02-08 00:00:00
C018365,seo,51-200,FR,2026-04-03 00:00:00
C018366,referral,200+,CA,2026-03-05 00:00:00
C018367,sea,11-50,CA,2026-07-09 00:00:00
C018368,seo,11-50,FR,2026-01-18 00:00:00
C018369,seo,1-10,FR,2026-05-21 00:00:00
C018370,sea,1-10,CA,2026-04-14 00:00:00
C018371,referral,200+,FR,2026-05-13 00:00:00
C018372,seo,51-200,FR,2026-02-18 00:00:00
C018373,seo,200+,FR,2026-03-28 00:00:00
C018374,direct,51-200,FR,2026-05-09 00:00:00
C018375,sea,51-200,CA,2026-05-16 00:00:00
C018376,referral,1-10,FR,2026-05-20 00:00:00
C018377,seo,11-50,CA,2026-04-24 00:00:00
C018378,direct,1-10,FR,2026-05-10 00:00:00
C018379,seo,200+,FR,2026-06-11 00:00:00
C018380,seo,51-200,CH,2026-01-29 00:00:00
C018381,direct,200+,FR,2026-05-27 00:00:00
C018382,sea,51-200,FR,2026-01-10 00:00:00
C018383,sea,200+,FR,2026-01-10 00:00:00
C018384,direct,1-10,FR,2026-05-24 00:00:00
C018385,referral,1-10,FR,2026-04-28 00:00:00
C018386,sea,200+,FR,2026-03-16 00:00:00
C018387,direct,11-50,FR,2026-01-30 00:00:00
C018388,sea,1-10,FR,2026-01-15 00:00:00
C018389,sea,11-50,FR,2026-03-22 00:00:00
C018390,direct,200+,CA,2026-01-09 00:00:00
C018391,seo,1-10,FR,2026-03-31 00:00:00
C018392,sea,11-50,FR,2026-01-07 00:00:00
C018393,direct,11-50,FR,2026-04-29 00:00:00
C018394,direct,11-50,CA,2026-06-30 00:00:00
C018395,seo,11-50,FR,2026-06-28 00:00:00
C018396,seo,1-10,FR,2026-02-02 00:00:00
C018397,referral,1-10,BE,2026-06-08 00:00:00
C018398,referral,1-10,FR,2026-06-17 00:00:00
C018399,seo,11-50,FR,2026-03-27 00:00:00
C018400,direct,1-10,FR,2026-06-10 00:00:00
C018401,seo,11-50,FR,2026-02-07 00:00:00
C018402,direct,1-10,FR,2026-02-11 00:00:00
C018403,seo,11-50,BE,2026-01-07 00:00:00
C018404,referral,1-10,FR,2026-02-08 00:00:00
C018405,sea,11-50,CA,2026-02-01 00:00:00
C018406,seo,11-50,FR,2026-02-26 00:00:00
C018407,seo,51-200,BE,2026-05-16 00:00:00
C018408,referral,11-50,FR,2026-05-15 00:00:00
C018409,sea,1-10,FR,2026-07-10 00:00:00
C018410,seo,51-200,FR,2026-03-07 00:00:00
C018411,seo,1-10,FR,2026-01-05 00:00:00
C018412,seo,11-50,CH,2026-03-21 00:00:00
C018413,seo,51-200,FR,2026-01-24 00:00:00
C018414,direct,51-200,FR,2026-01-22 00:00:00
C018415,direct,51-200,FR,2026-06-29 00:00:00
C018416,direct,200+,FR,2026-02-08 00:00:00
C018417,sea,51-200,FR,2026-01-20 00:00:00
C018418,direct,1-10,CA,2026-06-01 00:00:00
C018419,referral,1-10,CA,2026-01-20 00:00:00
C018420,referral,51-200,FR,2026-07-02 00:00:00
C018421,seo,200+,BE,2026-04-03 00:00:00
C018422,seo,11-50,FR,2026-03-24 00:00:00
C018423,sea,51-200,BE,2026-06-01 00:00:00
C018424,direct,200+,CH,2026-02-16 00:00:00
C018425,referral,51-200,CA,2026-06-01 00:00:00
C018426,sea,11-50,FR,2026-03-20 00:00:00
C018427,referral,11-50,FR,2026-03-09 00:00:00
C018428,direct,1-10,FR,2026-04-08 00:00:00
C018429,sea,11-50,FR,2026-02-27 00:00:00
C018430,direct,1-10,FR,2026-03-31 00:00:00
C018431,direct,11-50,CA,2026-04-14 00:00:00
C018432,direct,1-10,FR,2026-07-18 00:00:00
C018433,sea,200+,FR,2026-03-26 00:00:00
C018434,seo,11-50,FR,2026-01-02 00:00:00
C018435,seo,200+,FR,2026-03-25 00:00:00
C018436,seo,200+,FR,2026-03-22 00:00:00
C018437,direct,51-200,FR,2026-01-03 00:00:00
C018438,referral,11-50,FR,2026-06-22 00:00:00
C018439,referral,11-50,FR,2026-01-17 00:00:00
C018440,sea,200+,FR,2026-07-15 00:00:00
C018441,seo,51-200,CA,2026-02-10 00:00:00
C018442,direct,1-10,BE,2026-04-25 00:00:00
C018443,referral,11-50,FR,2026-04-14 00:00:00
C018444,referral,200+,CH,2026-03-01 00:00:00
C018445,sea,200+,FR,2026-03-02 00:00:00
C018446,direct,200+,BE,2026-03-02 00:00:00
C018447,direct,11-50,FR,2026-02-27 00:00:00
C018448,referral,51-200,FR,2026-02-19 00:00:00
C018449,direct,11-50,CA,2026-05-26 00:00:00
C018450,referral,1-10,FR,2026-05-28 00:00:00
C018451,seo,11-50,BE,2026-02-21 00:00:00
C018452,seo,51-200,FR,2026-06-08 00:00:00
C018453,referral,200+,CA,2026-05-27 00:00:00
C018454,direct,51-200,FR,2026-04-23 00:00:00
C018455,direct,11-50,CH,2026-01-06 00:00:00
C018456,direct,200+,FR,2026-03-15 00:00:00
C018457,sea,11-50,BE,2026-03-30 00:00:00
C018458,seo,11-50,FR,2026-05-11 00:00:00
C018459,sea,51-200,BE,2026-01-27 00:00:00
C018460,direct,200+,FR,2026-01-09 00:00:00
C018461,sea,51-200,FR,2026-02-14 00:00:00
C018462,seo,200+,FR,2026-05-16 00:00:00
C018463,sea,1-10,FR,2026-03-31 00:00:00
C018464,referral,51-200,FR,2026-05-14 00:00:00
C018465,seo,51-200,BE,2026-06-15 00:00:00
C018466,referral,11-50,CH,2026-06-05 00:00:00
C018467,sea,200+,FR,2026-03-16 00:00:00
C018468,referral,200+,FR,2026-04-04 00:00:00
C018469,seo,11-50,BE,2026-04-07 00:00:00
C018470,seo,200+,CH,2026-02-19 00:00:00
C018471,referral,200+,CH,2026-01-24 00:00:00
C018472,referral,1-10,FR,2026-04-02 00:00:00
C018473,sea,1-10,FR,2026-07-04 00:00:00
C018474,sea,1-10,FR,2026-03-31 00:00:00
C018475,seo,200+,CA,2026-07-17 00:00:00
C018476,sea,51-200,FR,2026-01-02 00:00:00
C018477,referral,11-50,FR,2026-04-23 00:00:00
C018478,seo,51-200,FR,2026-06-24 00:00:00
C018479,sea,200+,FR,2026-04-07 00:00:00
C018480,seo,51-200,BE,2026-05-25 00:00:00
C018481,direct,11-50,CA,2026-03-10 00:00:00
C018482,referral,200+,BE,2026-05-21 00:00:00
C018483,referral,200+,FR,2026-02-24 00:00:00
C018484,referral,51-200,CA,2026-02-10 00:00:00
C018485,referral,1-10,FR,2026-04-07 00:00:00
C018486,seo,1-10,FR,2026-06-10 00:00:00
C018487,sea,11-50,FR,2026-04-09 00:00:00
C018488,seo,200+,FR,2026-02-08 00:00:00
C018489,referral,1-10,FR,2026-01-22 00:00:00
C018490,direct,200+,FR,2026-05-07 00:00:00
C018491,sea,11-50,FR,2026-02-10 00:00:00
C018492,seo,200+,CA,2026-04-23 00:00:00
C018493,seo,11-50,BE,2026-05-06 00:00:00
C018494,seo,11-50,BE,2026-02-22 00:00:00
C018495,sea,200+,FR,2026-07-02 00:00:00
C018496,direct,11-50,FR,2026-05-07 00:00:00
C018497,seo,11-50,FR,2026-05-24 00:00:00
C018498,referral,200+,FR,2026-06-11 00:00:00
C018499,direct,51-200,CA,2026-04-30 00:00:00
C018500,referral,200+,BE,2026-04-16 00:00:00
C018501,direct,200+,FR,2026-01-24 00:00:00
C018502,sea,1-10,FR,2026-05-03 00:00:00
C018503,direct,51-200,FR,2026-07-10 00:00:00
C018504,direct,1-10,BE,2026-01-12 00:00:00
C018505,direct,200+,BE,2026-05-19 00:00:00
C018506,sea,1-10,FR,2026-03-23 00:00:00
C018507,direct,11-50,FR,2026-02-06 00:00:00
C018508,seo,200+,FR,2026-05-11 00:00:00
C018509,seo,1-10,FR,2026-04-02 00:00:00
C018510,sea,200+,FR,2026-03-10 00:00:00
C018511,sea,200+,FR,2026-04-26 00:00:00
C018512,seo,11-50,FR,2026-05-28 00:00:00
C018513,referral,11-50,FR,2026-01-04 00:00:00
C018514,referral,1-10,FR,2026-01-07 00:00:00
C018515,seo,1-10,FR,2026-04-05 00:00:00
C018516,sea,200+,FR,2026-04-22 00:00:00
C018517,direct,1-10,FR,2026-02-25 00:00:00
C018518,sea,1-10,FR,2026-01-30 00:00:00
C018519,sea,200+,FR,2026-01-20 00:00:00
C018520,sea,51-200,FR,2026-05-09 00:00:00
C018521,direct,200+,FR,2026-02-27 00:00:00
C018522,direct,200+,FR,2026-05-12 00:00:00
C018523,referral,200+,CH,2026-04-09 00:00:00
C018524,seo,51-200,FR,2026-03-14 00:00:00
C018525,seo,11-50,FR,2026-02-15 00:00:00
C018526,direct,11-50,CA,2026-07-19 00:00:00
C018527,seo,200+,FR,2026-07-09 00:00:00
C018528,seo,1-10,FR,2026-06-09 00:00:00
C018529,direct,11-50,FR,2026-04-08 00:00:00
C018530,referral,51-200,FR,2026-03-06 00:00:00
C018531,referral,11-50,FR,2026-01-16 00:00:00
C018532,direct,51-200,CH,2026-03-26 00:00:00
C018533,sea,200+,FR,2026-01-02 00:00:00
C018534,seo,200+,FR,2026-05-24 00:00:00
C018535,seo,200+,FR,2026-03-31 00:00:00
C018536,referral,11-50,CH,2026-05-23 00:00:00
C018537,sea,1-10,FR,2026-04-03 00:00:00
C018538,sea,51-200,CA,2026-01-02 00:00:00
C018539,sea,11-50,FR,2026-01-29 00:00:00
C018540,referral,11-50,FR,2026-04-28 00:00:00
C018541,seo,200+,CH,2026-05-21 00:00:00
C018542,direct,11-50,FR,2026-07-11 00:00:00
C018543,referral,200+,FR,2026-05-27 00:00:00
C018544,seo,200+,FR,2026-03-09 00:00:00
C018545,sea,200+,CA,2026-05-07 00:00:00
C018546,direct,11-50,FR,2026-01-30 00:00:00
C018547,referral,200+,FR,2026-06-08 00:00:00
C018548,seo,200+,FR,2026-07-10 00:00:00
C018549,seo,1-10,FR,2026-06-09 00:00:00
C018550,referral,200+,CA,2026-07-10 00:00:00
C018551,seo,11-50,BE,2026-05-21 00:00:00
C018552,direct,1-10,FR,2026-02-12 00:00:00
C018553,direct,200+,CA,2026-03-20 00:00:00
C018554,referral,51-200,FR,2026-06-28 00:00:00
C018555,direct,1-10,CH,2026-07-02 00:00:00
C018556,sea,11-50,BE,2026-01-15 00:00:00
C018557,sea,51-200,FR,2026-01-13 00:00:00
C018558,referral,200+,FR,2026-01-03 00:00:00
C018559,referral,200+,FR,2026-06-18 00:00:00
C018560,seo,1-10,FR,2026-07-15 00:00:00
C018561,direct,1-10,FR,2026-05-24 00:00:00
C018562,sea,51-200,FR,2026-03-01 00:00:00
C018563,referral,11-50,FR,2026-01-25 00:00:00
C018564,seo,1-10,FR,2026-05-29 00:00:00
C018565,seo,51-200,FR,2026-04-10 00:00:00
C018566,referral,1-10,FR,2026-07-04 00:00:00
C018567,sea,51-200,CH,2026-07-06 00:00:00
C018568,direct,200+,FR,2026-05-22 00:00:00
C018569,sea,11-50,FR,2026-04-01 00:00:00
C018570,referral,200+,FR,2026-07-12 00:00:00
C018571,seo,51-200,FR,2026-03-31 00:00:00
C018572,referral,51-200,FR,2026-02-04 00:00:00
C018573,sea,51-200,FR,2026-02-23 00:00:00
C018574,direct,11-50,CA,2026-01-18 00:00:00
C018575,referral,200+,CH,2026-04-24 00:00:00
C018576,referral,51-200,CA,2026-05-30 00:00:00
C018577,referral,51-200,FR,2026-02-24 00:00:00
C018578,direct,200+,FR,2026-04-17 00:00:00
C018579,seo,11-50,FR,2026-03-16 00:00:00
C018580,sea,1-10,CH,2026-06-15 00:00:00
C018581,sea,51-200,FR,2026-04-17 00:00:00
C018582,direct,200+,FR,2026-03-30 00:00:00
C018583,referral,51-200,FR,2026-06-24 00:00:00
C018584,direct,1-10,FR,2026-06-11 00:00:00
C018585,seo,1-10,BE,2026-03-24 00:00:00
C018586,direct,51-200,FR,2026-06-17 00:00:00
C018587,referral,200+,FR,2026-01-30 00:00:00
C018588,referral,11-50,FR,2026-06-26 00:00:00
C018589,seo,11-50,CA,2026-06-23 00:00:00
C018590,seo,51-200,FR,2026-03-15 00:00:00
C018591,direct,51-200,CH,2026-01-09 00:00:00
C018592,sea,1-10,FR,2026-03-02 00:00:00
C018593,referral,11-50,FR,2026-02-13 00:00:00
C018594,seo,51-200,BE,2026-03-30 00:00:00
C018595,seo,200+,CH,2026-07-14 00:00:00
C018596,seo,200+,CA,2026-06-18 00:00:00
C018597,direct,200+,FR,2026-04-15 00:00:00
C018598,seo,11-50,FR,2026-01-08 00:00:00
C018599,direct,11-50,FR,2026-07-08 00:00:00
C018600,seo,1-10,CA,2026-05-02 00:00:00
C018601,seo,200+,FR,2026-03-04 00:00:00
C018602,referral,51-200,BE,2026-05-03 00:00:00
C018603,direct,200+,FR,2026-03-20 00:00:00
C018604,direct,1-10,FR,2026-07-12 00:00:00
C018605,direct,200+,FR,2026-04-02 00:00:00
C018606,direct,1-10,FR,2026-04-19 00:00:00
C018607,seo,200+,CA,2026-03-03 00:00:00
C018608,direct,1-10,FR,2026-07-12 00:00:00
C018609,seo,11-50,FR,2026-06-27 00:00:00
C018610,seo,11-50,CH,2026-06-24 00:00:00
C018611,sea,200+,FR,2026-02-27 00:00:00
C018612,sea,51-200,FR,2026-03-17 00:00:00
C018613,direct,51-200,FR,2026-03-10 00:00:00
C018614,sea,200+,BE,2026-04-27 00:00:00
C018615,direct,1-10,FR,2026-04-12 00:00:00
C018616,direct,1-10,FR,2026-06-21 00:00:00
C018617,direct,200+,CA,2026-03-15 00:00:00
C018618,referral,51-200,BE,2026-04-01 00:00:00
C018619,referral,200+,FR,2026-03-24 00:00:00
C018620,referral,200+,FR,2026-05-05 00:00:00
C018621,sea,51-200,FR,2026-05-15 00:00:00
C018622,sea,1-10,FR,2026-06-24 00:00:00
C018623,direct,11-50,FR,2026-04-21 00:00:00
C018624,referral,11-50,FR,2026-06-14 00:00:00
C018625,sea,200+,FR,2026-04-14 00:00:00
C018626,seo,11-50,CH,2026-05-24 00:00:00
C018627,direct,1-10,CH,2026-03-08 00:00:00
C018628,direct,11-50,FR,2026-04-19 00:00:00
C018629,seo,1-10,FR,2026-01-11 00:00:00
C018630,sea,11-50,FR,2026-02-06 00:00:00
C018631,referral,1-10,FR,2026-01-15 00:00:00
C018632,referral,51-200,FR,2026-07-16 00:00:00
C018633,direct,11-50,BE,2026-03-15 00:00:00
C018634,seo,11-50,CH,2026-04-23 00:00:00
C018635,seo,1-10,FR,2026-02-28 00:00:00
C018636,seo,200+,FR,2026-05-12 00:00:00
C018637,seo,200+,FR,2026-01-29 00:00:00
C018638,referral,1-10,FR,2026-05-22 00:00:00
C018639,seo,200+,BE,2026-02-02 00:00:00
C018640,direct,1-10,FR,2026-01-04 00:00:00
C018641,sea,11-50,FR,2026-02-17 00:00:00
C018642,direct,200+,FR,2026-04-14 00:00:00
C018643,referral,11-50,FR,2026-02-24 00:00:00
C018644,sea,200+,FR,2026-04-24 00:00:00
C018645,referral,1-10,FR,2026-03-02 00:00:00
C018646,referral,200+,FR,2026-07-07 00:00:00
C018647,referral,51-200,FR,2026-07-04 00:00:00
C018648,sea,200+,FR,2026-02-06 00:00:00
C018649,referral,51-200,FR,2026-06-06 00:00:00
C018650,seo,1-10,FR,2026-03-12 00:00:00
C018651,direct,1-10,CH,2026-01-31 00:00:00
C018652,referral,200+,FR,2026-05-20 00:00:00
C018653,seo,11-50,CH,2026-02-20 00:00:00
C018654,referral,51-200,CA,2026-04-17 00:00:00
C018655,seo,51-200,FR,2026-05-02 00:00:00
C018656,seo,1-10,BE,2026-07-05 00:00:00
C018657,referral,11-50,CA,2026-05-24 00:00:00
C018658,referral,200+,FR,2026-03-11 00:00:00
C018659,referral,51-200,FR,2026-04-21 00:00:00
C018660,direct,1-10,BE,2026-06-17 00:00:00
C018661,direct,11-50,FR,2026-03-27 00:00:00
C018662,direct,1-10,CH,2026-05-10 00:00:00
C018663,direct,1-10,FR,2026-03-31 00:00:00
C018664,sea,51-200,CA,2026-04-23 00:00:00
C018665,seo,11-50,FR,2026-03-24 00:00:00
C018666,direct,11-50,FR,2026-05-29 00:00:00
C018667,referral,1-10,BE,2026-04-01 00:00:00
C018668,direct,200+,FR,2026-01-16 00:00:00
C018669,direct,1-10,FR,2026-03-15 00:00:00
C018670,direct,51-200,FR,2026-02-21 00:00:00
C018671,referral,200+,FR,2026-02-06 00:00:00
C018672,referral,51-200,CA,2026-03-13 00:00:00
C018673,direct,1-10,FR,2026-02-04 00:00:00
C018674,referral,11-50,FR,2026-06-03 00:00:00
C018675,referral,11-50,CA,2026-03-14 00:00:00
C018676,seo,200+,CH,2026-06-11 00:00:00
C018677,direct,1-10,FR,2026-05-24 00:00:00
C018678,direct,11-50,FR,2026-04-15 00:00:00
C018679,direct,1-10,FR,2026-01-05 00:00:00
C018680,direct,1-10,CH,2026-02-23 00:00:00
C018681,seo,200+,FR,2026-01-23 00:00:00
C018682,sea,11-50,BE,2026-02-01 00:00:00
C018683,seo,1-10,FR,2026-02-16 00:00:00
C018684,seo,200+,FR,2026-06-24 00:00:00
C018685,sea,51-200,FR,2026-02-05 00:00:00
C018686,referral,51-200,FR,2026-05-29 00:00:00
C018687,sea,51-200,FR,2026-01-04 00:00:00
C018688,sea,11-50,CA,2026-06-04 00:00:00
C018689,sea,1-10,FR,2026-06-27 00:00:00
C018690,sea,11-50,BE,2026-06-23 00:00:00
C018691,sea,1-10,FR,2026-02-28 00:00:00
C018692,referral,200+,FR,2026-03-13 00:00:00
C018693,sea,51-200,FR,2026-01-19 00:00:00
C018694,seo,200+,CH,2026-06-29 00:00:00
C018695,sea,200+,FR,2026-02-21 00:00:00
C018696,direct,200+,CH,2026-05-21 00:00:00
C018697,referral,51-200,FR,2026-01-12 00:00:00
C018698,sea,200+,CH,2026-02-14 00:00:00
C018699,sea,200+,FR,2026-07-14 00:00:00
C018700,sea,11-50,FR,2026-01-04 00:00:00
C018701,sea,200+,FR,2026-03-23 00:00:00
C018702,seo,11-50,FR,2026-04-26 00:00:00
C018703,direct,11-50,FR,2026-04-13 00:00:00
C018704,sea,51-200,FR,2026-02-06 00:00:00
C018705,sea,1-10,FR,2026-06-16 00:00:00
C018706,sea,200+,FR,2026-02-25 00:00:00
C018707,direct,200+,FR,2026-07-05 00:00:00
C018708,sea,11-50,FR,2026-01-27 00:00:00
C018709,direct,51-200,FR,2026-04-23 00:00:00
C018710,seo,51-200,FR,2026-02-28 00:00:00
C018711,seo,200+,CA,2026-07-18 00:00:00
C018712,seo,51-200,FR,2026-02-01 00:00:00
C018713,sea,200+,FR,2026-03-23 00:00:00
C018714,sea,1-10,FR,2026-04-10 00:00:00
C018715,direct,51-200,FR,2026-05-22 00:00:00
C018716,referral,200+,BE,2026-07-04 00:00:00
C018717,direct,11-50,CH,2026-07-15 00:00:00
C018718,direct,51-200,BE,2026-01-15 00:00:00
C018719,seo,1-10,FR,2026-02-06 00:00:00
C018720,sea,200+,CA,2026-03-01 00:00:00
C018721,sea,1-10,BE,2026-05-28 00:00:00
C018722,direct,200+,FR,2026-01-27 00:00:00
C018723,sea,11-50,FR,2026-07-04 00:00:00
C018724,referral,1-10,FR,2026-05-28 00:00:00
C018725,sea,200+,FR,2026-01-19 00:00:00
C018726,seo,200+,FR,2026-05-31 00:00:00
C018727,seo,11-50,FR,2026-02-09 00:00:00
C018728,sea,1-10,FR,2026-03-17 00:00:00
C018729,referral,11-50,FR,2026-05-10 00:00:00
C018730,seo,11-50,FR,2026-04-25 00:00:00
C018731,sea,11-50,FR,2026-03-20 00:00:00
C018732,direct,200+,BE,2026-03-19 00:00:00
C018733,seo,1-10,FR,2026-03-08 00:00:00
C018734,seo,11-50,FR,2026-06-06 00:00:00
C018735,direct,200+,FR,2026-06-05 00:00:00
C018736,referral,11-50,FR,2026-04-19 00:00:00
C018737,direct,200+,FR,2026-04-08 00:00:00
C018738,sea,11-50,FR,2026-05-16 00:00:00
C018739,sea,1-10,FR,2026-03-23 00:00:00
C018740,seo,11-50,CA,2026-06-03 00:00:00
C018741,referral,51-200,FR,2026-01-20 00:00:00
C018742,seo,1-10,FR,2026-01-24 00:00:00
C018743,seo,11-50,FR,2026-04-08 00:00:00
C018744,direct,200+,CH,2026-02-10 00:00:00
C018745,sea,51-200,BE,2026-05-02 00:00:00
C018746,referral,11-50,FR,2026-07-11 00:00:00
C018747,direct,200+,CA,2026-05-21 00:00:00
C018748,seo,200+,BE,2026-03-11 00:00:00
C018749,seo,200+,FR,2026-06-04 00:00:00
C018750,seo,51-200,FR,2026-03-28 00:00:00
C018751,referral,51-200,FR,2026-06-09 00:00:00
C018752,sea,200+,FR,2026-07-11 00:00:00
C018753,referral,200+,FR,2026-06-15 00:00:00
C018754,referral,51-200,FR,2026-07-17 00:00:00
C018755,direct,11-50,FR,2026-05-26 00:00:00
C018756,seo,11-50,CH,2026-06-12 00:00:00
C018757,seo,51-200,BE,2026-06-05 00:00:00
C018758,direct,200+,CA,2026-03-18 00:00:00
C018759,referral,11-50,BE,2026-04-29 00:00:00
C018760,sea,51-200,FR,2026-02-24 00:00:00
C018761,seo,200+,FR,2026-02-03 00:00:00
C018762,referral,1-10,BE,2026-05-12 00:00:00
C018763,direct,200+,FR,2026-02-09 00:00:00
C018764,sea,1-10,CH,2026-03-13 00:00:00
C018765,referral,1-10,BE,2026-04-19 00:00:00
C018766,direct,1-10,CA,2026-07-04 00:00:00
C018767,referral,51-200,FR,2026-03-25 00:00:00
C018768,referral,200+,CA,2026-04-26 00:00:00
C018769,direct,200+,FR,2026-02-18 00:00:00
C018770,seo,51-200,FR,2026-01-03 00:00:00
C018771,referral,11-50,FR,2026-06-19 00:00:00
C018772,sea,11-50,CH,2026-05-11 00:00:00
C018773,referral,51-200,FR,2026-01-31 00:00:00
C018774,seo,1-10,FR,2026-07-17 00:00:00
C018775,sea,200+,FR,2026-04-11 00:00:00
C018776,referral,11-50,FR,2026-04-30 00:00:00
C018777,sea,200+,FR,2026-06-20 00:00:00
C018778,seo,1-10,FR,2026-02-17 00:00:00
C018779,referral,1-10,FR,2026-04-04 00:00:00
C018780,referral,200+,BE,2026-02-18 00:00:00
C018781,referral,200+,FR,2026-06-06 00:00:00
C018782,seo,200+,FR,2026-05-28 00:00:00
C018783,direct,11-50,FR,2026-06-12 00:00:00
C018784,seo,11-50,CA,2026-03-05 00:00:00
C018785,referral,200+,BE,2026-06-05 00:00:00
C018786,seo,200+,FR,2026-01-14 00:00:00
C018787,seo,1-10,FR,2026-01-25 00:00:00
C018788,sea,11-50,FR,2026-03-07 00:00:00
C018789,seo,200+,FR,2026-05-05 00:00:00
C018790,direct,11-50,CH,2026-06-22 00:00:00
C018791,sea,51-200,FR,2026-05-16 00:00:00
C018792,seo,11-50,CH,2026-04-02 00:00:00
C018793,seo,11-50,BE,2026-04-28 00:00:00
C018794,direct,11-50,FR,2026-07-19 00:00:00
C018795,seo,200+,FR,2026-07-13 00:00:00
C018796,direct,11-50,BE,2026-02-27 00:00:00
C018797,direct,11-50,BE,2026-01-13 00:00:00
C018798,sea,51-200,FR,2026-05-11 00:00:00
C018799,seo,51-200,FR,2026-04-28 00:00:00
C018800,seo,51-200,FR,2026-03-17 00:00:00
C018801,sea,11-50,FR,2026-07-01 00:00:00
C018802,sea,51-200,FR,2026-02-10 00:00:00
C018803,sea,51-200,BE,2026-05-11 00:00:00
C018804,direct,51-200,FR,2026-04-24 00:00:00
C018805,direct,11-50,FR,2026-06-26 00:00:00
C018806,direct,1-10,CA,2026-04-22 00:00:00
C018807,sea,1-10,FR,2026-01-06 00:00:00
C018808,referral,1-10,FR,2026-01-10 00:00:00
C018809,direct,11-50,CH,2026-06-28 00:00:00
C018810,referral,11-50,FR,2026-06-03 00:00:00
C018811,sea,1-10,FR,2026-06-08 00:00:00
C018812,direct,11-50,FR,2026-06-15 00:00:00
C018813,seo,200+,FR,2026-03-10 00:00:00
C018814,sea,1-10,FR,2026-07-15 00:00:00
C018815,referral,51-200,BE,2026-01-25 00:00:00
C018816,sea,51-200,FR,2026-07-09 00:00:00
C018817,direct,11-50,FR,2026-04-30 00:00:00
C018818,sea,1-10,CA,2026-04-08 00:00:00
C018819,sea,51-200,FR,2026-02-12 00:00:00
C018820,direct,51-200,FR,2026-06-21 00:00:00
C018821,sea,11-50,FR,2026-05-07 00:00:00
C018822,direct,51-200,FR,2026-04-18 00:00:00
C018823,direct,1-10,FR,2026-01-13 00:00:00
C018824,sea,11-50,BE,2026-01-17 00:00:00
C018825,seo,11-50,FR,2026-03-19 00:00:00
C018826,sea,200+,FR,2026-01-26 00:00:00
C018827,seo,11-50,FR,2026-05-25 00:00:00
C018828,referral,51-200,CA,2026-01-27 00:00:00
C018829,seo,200+,BE,2026-07-17 00:00:00
C018830,sea,11-50,FR,2026-06-10 00:00:00
C018831,referral,200+,CA,2026-03-21 00:00:00
C018832,referral,1-10,FR,2026-01-13 00:00:00
C018833,direct,200+,FR,2026-04-13 00:00:00
C018834,direct,200+,FR,2026-07-14 00:00:00
C018835,direct,51-200,CH,2026-02-26 00:00:00
C018836,direct,51-200,FR,2026-05-27 00:00:00
C018837,sea,11-50,FR,2026-03-11 00:00:00
C018838,referral,11-50,FR,2026-01-03 00:00:00
C018839,referral,200+,FR,2026-01-30 00:00:00
C018840,seo,200+,CH,2026-06-21 00:00:00
C018841,sea,11-50,FR,2026-03-17 00:00:00
C018842,seo,1-10,CH,2026-05-07 00:00:00
C018843,sea,200+,CA,2026-04-05 00:00:00
C018844,sea,11-50,FR,2026-02-13 00:00:00
C018845,referral,51-200,CH,2026-02-28 00:00:00
C018846,direct,1-10,CH,2026-02-18 00:00:00
C018847,sea,11-50,CA,2026-05-25 00:00:00
C018848,direct,51-200,FR,2026-01-29 00:00:00
C018849,seo,11-50,BE,2026-06-22 00:00:00
C018850,direct,51-200,FR,2026-03-14 00:00:00
C018851,seo,200+,FR,2026-02-22 00:00:00
C018852,referral,1-10,FR,2026-03-06 00:00:00
C018853,seo,200+,CA,2026-02-05 00:00:00
C018854,seo,11-50,FR,2026-03-30 00:00:00
C018855,seo,200+,CH,2026-04-25 00:00:00
C018856,seo,51-200,FR,2026-04-08 00:00:00
C018857,seo,51-200,CH,2026-06-09 00:00:00
C018858,direct,11-50,FR,2026-05-04 00:00:00
C018859,direct,200+,FR,2026-03-26 00:00:00
C018860,direct,1-10,FR,2026-05-07 00:00:00
C018861,referral,11-50,CA,2026-04-02 00:00:00
C018862,seo,200+,CA,2026-05-28 00:00:00
C018863,seo,1-10,CA,2026-05-02 00:00:00
C018864,sea,1-10,CH,2026-05-29 00:00:00
C018865,seo,51-200,CH,2026-03-24 00:00:00
C018866,sea,11-50,FR,2026-07-18 00:00:00
C018867,seo,200+,FR,2026-04-08 00:00:00
C018868,direct,51-200,CH,2026-02-02 00:00:00
C018869,sea,11-50,FR,2026-02-04 00:00:00
C018870,referral,11-50,CA,2026-04-14 00:00:00
C018871,seo,200+,FR,2026-02-16 00:00:00
C018872,direct,51-200,FR,2026-04-03 00:00:00
C018873,referral,1-10,BE,2026-04-04 00:00:00
C018874,sea,11-50,FR,2026-03-17 00:00:00
C018875,seo,200+,FR,2026-06-24 00:00:00
C018876,sea,1-10,FR,2026-03-17 00:00:00
C018877,sea,51-200,FR,2026-02-26 00:00:00
C018878,seo,1-10,FR,2026-05-29 00:00:00
C018879,direct,11-50,FR,2026-02-06 00:00:00
C018880,direct,1-10,FR,2026-04-27 00:00:00
C018881,seo,11-50,FR,2026-05-17 00:00:00
C018882,sea,200+,BE,2026-05-30 00:00:00
C018883,seo,11-50,FR,2026-01-08 00:00:00
C018884,direct,200+,FR,2026-06-17 00:00:00
C018885,referral,200+,FR,2026-03-31 00:00:00
C018886,direct,1-10,FR,2026-06-18 00:00:00
C018887,seo,1-10,FR,2026-01-07 00:00:00
C018888,direct,1-10,FR,2026-05-18 00:00:00
C018889,seo,51-200,FR,2026-03-15 00:00:00
C018890,referral,11-50,FR,2026-05-01 00:00:00
C018891,seo,51-200,CA,2026-07-15 00:00:00
C018892,seo,1-10,FR,2026-04-26 00:00:00
C018893,seo,200+,FR,2026-06-19 00:00:00
C018894,sea,11-50,FR,2026-04-11 00:00:00
C018895,seo,11-50,BE,2026-03-04 00:00:00
C018896,seo,200+,FR,2026-03-13 00:00:00
C018897,direct,200+,FR,2026-04-01 00:00:00
C018898,referral,200+,FR,2026-06-02 00:00:00
C018899,direct,11-50,BE,2026-01-28 00:00:00
C018900,direct,1-10,FR,2026-03-06 00:00:00
C018901,sea,1-10,FR,2026-07-19 00:00:00
C018902,sea,11-50,FR,2026-06-30 00:00:00
C018903,seo,200+,FR,2026-02-10 00:00:00
C018904,direct,51-200,FR,2026-07-04 00:00:00
C018905,direct,51-200,CA,2026-04-22 00:00:00
C018906,direct,200+,FR,2026-01-26 00:00:00
C018907,direct,11-50,FR,2026-02-28 00:00:00
C018908,referral,200+,CH,2026-01-13 00:00:00
C018909,direct,1-10,FR,2026-03-30 00:00:00
C018910,seo,51-200,FR,2026-02-08 00:00:00
C018911,seo,11-50,CA,2026-01-31 00:00:00
C018912,seo,11-50,FR,2026-01-09 00:00:00
C018913,seo,200+,FR,2026-05-16 00:00:00
C018914,referral,1-10,FR,2026-01-21 00:00:00
C018915,referral,51-200,FR,2026-05-08 00:00:00
C018916,sea,200+,FR,2026-07-07 00:00:00
C018917,seo,51-200,FR,2026-03-08 00:00:00
C018918,direct,200+,FR,2026-02-03 00:00:00
C018919,seo,1-10,FR,2026-01-18 00:00:00
C018920,sea,51-200,FR,2026-01-14 00:00:00
C018921,sea,11-50,FR,2026-06-06 00:00:00
C018922,direct,51-200,FR,2026-03-23 00:00:00
C018923,sea,51-200,CH,2026-03-07 00:00:00
C018924,seo,200+,FR,2026-01-13 00:00:00
C018925,referral,51-200,BE,2026-07-08 00:00:00
C018926,direct,200+,FR,2026-02-16 00:00:00
C018927,direct,1-10,FR,2026-04-10 00:00:00
C018928,seo,11-50,FR,2026-03-18 00:00:00
C018929,seo,200+,FR,2026-05-14 00:00:00
C018930,referral,11-50,FR,2026-06-19 00:00:00
C018931,seo,1-10,FR,2026-05-31 00:00:00
C018932,sea,11-50,CH,2026-06-10 00:00:00
C018933,referral,11-50,CA,2026-04-02 00:00:00
C018934,referral,51-200,FR,2026-06-18 00:00:00
C018935,sea,1-10,CH,2026-02-21 00:00:00
C018936,seo,200+,FR,2026-04-28 00:00:00
C018937,seo,200+,CH,2026-06-19 00:00:00
C018938,direct,11-50,FR,2026-02-19 00:00:00
C018939,direct,11-50,CA,2026-01-20 00:00:00
C018940,referral,1-10,CH,2026-05-03 00:00:00
C018941,seo,11-50,FR,2026-06-30 00:00:00
C018942,sea,1-10,FR,2026-05-04 00:00:00
C018943,direct,200+,FR,2026-06-30 00:00:00
C018944,sea,1-10,CH,2026-05-22 00:00:00
C018945,direct,51-200,BE,2026-07-18 00:00:00
C018946,sea,11-50,CA,2026-06-18 00:00:00
C018947,direct,200+,FR,2026-03-02 00:00:00
C018948,seo,11-50,BE,2026-03-22 00:00:00
C018949,referral,51-200,FR,2026-04-13 00:00:00
C018950,seo,51-200,FR,2026-03-28 00:00:00
C018951,sea,1-10,FR,2026-04-27 00:00:00
C018952,referral,1-10,FR,2026-03-21 00:00:00
C018953,sea,200+,FR,2026-06-27 00:00:00
C018954,referral,200+,FR,2026-01-10 00:00:00
C018955,sea,1-10,BE,2026-01-31 00:00:00
C018956,direct,200+,FR,2026-03-31 00:00:00
C018957,direct,1-10,BE,2026-07-19 00:00:00
C018958,referral,200+,BE,2026-02-18 00:00:00
C018959,sea,51-200,FR,2026-06-16 00:00:00
C018960,referral,51-200,CA,2026-02-02 00:00:00
C018961,referral,200+,FR,2026-04-16 00:00:00
C018962,sea,200+,FR,2026-07-16 00:00:00
C018963,sea,11-50,FR,2026-01-22 00:00:00
C018964,referral,11-50,FR,2026-06-07 00:00:00
C018965,referral,200+,FR,2026-07-01 00:00:00
C018966,referral,1-10,FR,2026-02-10 00:00:00
C018967,seo,1-10,FR,2026-03-07 00:00:00
C018968,seo,200+,FR,2026-02-19 00:00:00
C018969,direct,11-50,BE,2026-01-04 00:00:00
C018970,sea,11-50,FR,2026-04-14 00:00:00
C018971,direct,1-10,FR,2026-02-24 00:00:00
C018972,referral,51-200,BE,2026-06-03 00:00:00
C018973,referral,200+,CH,2026-04-02 00:00:00
C018974,seo,51-200,FR,2026-06-27 00:00:00
C018975,sea,11-50,FR,2026-03-03 00:00:00
C018976,sea,51-200,FR,2026-05-06 00:00:00
C018977,direct,200+,CA,2026-02-27 00:00:00
C018978,seo,51-200,FR,2026-06-29 00:00:00
C018979,seo,1-10,BE,2026-04-18 00:00:00
C018980,sea,11-50,FR,2026-07-07 00:00:00
C018981,seo,51-200,FR,2026-03-18 00:00:00
C018982,referral,11-50,FR,2026-02-05 00:00:00
C018983,direct,200+,FR,2026-03-01 00:00:00
C018984,sea,11-50,FR,2026-02-01 00:00:00
C018985,referral,200+,BE,2026-02-24 00:00:00
C018986,direct,11-50,FR,2026-06-04 00:00:00
C018987,sea,51-200,FR,2026-04-06 00:00:00
C018988,direct,11-50,FR,2026-07-06 00:00:00
C018989,seo,11-50,CA,2026-03-20 00:00:00
C018990,seo,51-200,CH,2026-01-13 00:00:00
C018991,seo,1-10,FR,2026-06-23 00:00:00
C018992,sea,51-200,FR,2026-03-22 00:00:00
C018993,sea,11-50,CA,2026-01-03 00:00:00
C018994,seo,11-50,BE,2026-02-25 00:00:00
C018995,sea,11-50,FR,2026-03-01 00:00:00
C018996,seo,200+,FR,2026-04-02 00:00:00
C018997,seo,1-10,FR,2026-05-03 00:00:00
C018998,seo,51-200,CA,2026-05-08 00:00:00
C018999,sea,200+,CH,2026-01-27 00:00:00
C019000,sea,51-200,FR,2026-01-23 00:00:00
C019001,sea,1-10,CH,2026-03-28 00:00:00
C019002,seo,200+,FR,2026-03-22 00:00:00
C019003,seo,51-200,CA,2026-06-18 00:00:00
C019004,sea,51-200,CA,2026-04-21 00:00:00
C019005,seo,11-50,CA,2026-01-03 00:00:00
C019006,sea,11-50,FR,2026-02-06 00:00:00
C019007,seo,1-10,FR,2026-05-23 00:00:00
C019008,referral,11-50,BE,2026-04-28 00:00:00
C019009,sea,200+,CA,2026-05-07 00:00:00
C019010,seo,200+,FR,2026-05-02 00:00:00
C019011,direct,200+,FR,2026-01-15 00:00:00
C019012,referral,11-50,FR,2026-04-19 00:00:00
C019013,sea,1-10,FR,2026-04-15 00:00:00
C019014,sea,11-50,FR,2026-07-16 00:00:00
C019015,seo,51-200,BE,2026-04-10 00:00:00
C019016,sea,11-50,FR,2026-06-29 00:00:00
C019017,referral,51-200,CH,2026-05-26 00:00:00
C019018,direct,51-200,CH,2026-01-21 00:00:00
C019019,seo,11-50,CH,2026-05-02 00:00:00
C019020,referral,11-50,CA,2026-03-29 00:00:00
C019021,seo,11-50,FR,2026-04-19 00:00:00
C019022,seo,1-10,FR,2026-05-23 00:00:00
C019023,direct,11-50,FR,2026-06-14 00:00:00
C019024,referral,11-50,FR,2026-04-22 00:00:00
C019025,seo,200+,CA,2026-05-01 00:00:00
C019026,direct,11-50,FR,2026-06-16 00:00:00
C019027,seo,1-10,BE,2026-03-08 00:00:00
C019028,referral,11-50,FR,2026-04-27 00:00:00
C019029,sea,11-50,FR,2026-07-10 00:00:00
C019030,sea,11-50,FR,2026-06-11 00:00:00
C019031,seo,1-10,FR,2026-04-09 00:00:00
C019032,sea,1-10,CA,2026-05-31 00:00:00
C019033,sea,51-200,FR,2026-02-24 00:00:00
C019034,sea,51-200,FR,2026-05-01 00:00:00
C019035,sea,11-50,FR,2026-05-12 00:00:00
C019036,direct,11-50,FR,2026-06-25 00:00:00
C019037,sea,200+,BE,2026-01-08 00:00:00
C019038,sea,1-10,FR,2026-05-01 00:00:00
C019039,seo,11-50,FR,2026-03-09 00:00:00
C019040,seo,200+,FR,2026-05-27 00:00:00
C019041,seo,1-10,FR,2026-05-03 00:00:00
C019042,seo,200+,FR,2026-03-31 00:00:00
C019043,seo,11-50,FR,2026-05-06 00:00:00
C019044,referral,11-50,BE,2026-02-15 00:00:00
C019045,direct,1-10,FR,2026-05-27 00:00:00
C019046,referral,51-200,BE,2026-01-01 00:00:00
C019047,sea,11-50,BE,2026-05-17 00:00:00
C019048,seo,200+,FR,2026-04-09 00:00:00
C019049,seo,11-50,BE,2026-03-20 00:00:00
C019050,direct,200+,FR,2026-03-01 00:00:00
C019051,sea,1-10,FR,2026-07-08 00:00:00
C019052,sea,200+,FR,2026-03-29 00:00:00
C019053,direct,11-50,FR,2026-06-12 00:00:00
C019054,referral,51-200,FR,2026-03-03 00:00:00
C019055,sea,1-10,FR,2026-03-08 00:00:00
C019056,direct,11-50,CA,2026-04-07 00:00:00
C019057,referral,51-200,FR,2026-07-03 00:00:00
C019058,seo,1-10,FR,2026-01-04 00:00:00
C019059,seo,51-200,CH,2026-06-28 00:00:00
C019060,referral,51-200,CA,2026-06-17 00:00:00
C019061,direct,1-10,BE,2026-02-25 00:00:00
C019062,seo,11-50,CA,2026-01-29 00:00:00
C019063,referral,11-50,CA,2026-07-03 00:00:00
C019064,direct,51-200,CA,2026-01-22 00:00:00
C019065,sea,1-10,FR,2026-01-21 00:00:00
C019066,direct,1-10,FR,2026-04-07 00:00:00
C019067,sea,51-200,FR,2026-06-23 00:00:00
C019068,direct,51-200,FR,2026-04-18 00:00:00
C019069,direct,1-10,CH,2026-05-17 00:00:00
C019070,referral,1-10,FR,2026-06-27 00:00:00
C019071,sea,1-10,FR,2026-02-25 00:00:00
C019072,sea,200+,FR,2026-06-17 00:00:00
C019073,direct,51-200,FR,2026-02-11 00:00:00
C019074,seo,11-50,FR,2026-01-02 00:00:00
C019075,seo,51-200,CA,2026-02-06 00:00:00
C019076,seo,51-200,FR,2026-03-29 00:00:00
C019077,direct,51-200,BE,2026-04-26 00:00:00
C019078,referral,1-10,FR,2026-04-21 00:00:00
C019079,sea,200+,CA,2026-07-06 00:00:00
C019080,sea,1-10,FR,2026-01-30 00:00:00
C019081,seo,51-200,FR,2026-01-09 00:00:00
C019082,seo,11-50,FR,2026-01-12 00:00:00
C019083,seo,51-200,BE,2026-01-01 00:00:00
C019084,direct,51-200,FR,2026-04-25 00:00:00
C019085,seo,1-10,FR,2026-02-15 00:00:00
C019086,direct,200+,FR,2026-05-15 00:00:00
C019087,referral,1-10,FR,2026-01-06 00:00:00
C019088,direct,1-10,FR,2026-01-05 00:00:00
C019089,direct,200+,FR,2026-05-05 00:00:00
C019090,direct,11-50,FR,2026-03-20 00:00:00
C019091,referral,1-10,FR,2026-05-19 00:00:00
C019092,sea,11-50,CH,2026-07-16 00:00:00
C019093,seo,51-200,FR,2026-02-08 00:00:00
C019094,referral,51-200,FR,2026-05-19 00:00:00
C019095,seo,51-200,CH,2026-05-12 00:00:00
C019096,direct,200+,CH,2026-01-19 00:00:00
C019097,direct,1-10,BE,2026-04-14 00:00:00
C019098,direct,51-200,FR,2026-05-25 00:00:00
C019099,sea,51-200,CA,2026-06-13 00:00:00
C019100,sea,200+,FR,2026-06-23 00:00:00
C019101,direct,11-50,BE,2026-03-26 00:00:00
C019102,sea,200+,CA,2026-01-11 00:00:00
C019103,direct,51-200,CA,2026-07-15 00:00:00
C019104,seo,200+,FR,2026-04-26 00:00:00
C019105,direct,51-200,FR,2026-03-18 00:00:00
C019106,sea,11-50,FR,2026-06-26 00:00:00
C019107,seo,1-10,FR,2026-05-15 00:00:00
C019108,referral,1-10,FR,2026-03-26 00:00:00
C019109,direct,200+,FR,2026-07-02 00:00:00
C019110,sea,11-50,FR,2026-03-29 00:00:00
C019111,seo,200+,FR,2026-07-09 00:00:00
C019112,referral,200+,FR,2026-01-08 00:00:00
C019113,sea,200+,FR,2026-04-10 00:00:00
C019114,referral,11-50,FR,2026-02-15 00:00:00
C019115,direct,200+,CH,2026-06-24 00:00:00
C019116,seo,1-10,FR,2026-03-14 00:00:00
C019117,direct,1-10,CA,2026-05-28 00:00:00
C019118,sea,1-10,FR,2026-02-01 00:00:00
C019119,referral,1-10,BE,2026-03-21 00:00:00
C019120,referral,11-50,FR,2026-06-05 00:00:00
C019121,referral,11-50,BE,2026-04-08 00:00:00
C019122,direct,51-200,CH,2026-01-23 00:00:00
C019123,seo,11-50,FR,2026-02-23 00:00:00
C019124,seo,1-10,CA,2026-07-04 00:00:00
C019125,direct,200+,FR,2026-07-02 00:00:00
C019126,direct,200+,FR,2026-01-26 00:00:00
C019127,seo,200+,CH,2026-01-27 00:00:00
C019128,seo,11-50,FR,2026-03-21 00:00:00
C019129,seo,11-50,FR,2026-01-19 00:00:00
C019130,seo,11-50,FR,2026-04-26 00:00:00
C019131,sea,51-200,CA,2026-06-02 00:00:00
C019132,seo,11-50,FR,2026-01-11 00:00:00
C019133,referral,1-10,FR,2026-05-05 00:00:00
C019134,direct,51-200,FR,2026-04-21 00:00:00
C019135,referral,11-50,BE,2026-03-15 00:00:00
C019136,seo,11-50,FR,2026-02-27 00:00:00
C019137,sea,11-50,CH,2026-05-12 00:00:00
C019138,sea,1-10,FR,2026-02-20 00:00:00
C019139,referral,1-10,FR,2026-04-24 00:00:00
C019140,direct,51-200,FR,2026-03-29 00:00:00
C019141,seo,51-200,FR,2026-01-29 00:00:00
C019142,seo,11-50,FR,2026-01-31 00:00:00
C019143,sea,11-50,FR,2026-06-09 00:00:00
C019144,referral,11-50,FR,2026-01-26 00:00:00
C019145,sea,1-10,CH,2026-03-09 00:00:00
C019146,referral,11-50,FR,2026-05-18 00:00:00
C019147,direct,51-200,CH,2026-04-09 00:00:00
C019148,seo,200+,FR,2026-07-10 00:00:00
C019149,sea,200+,FR,2026-03-08 00:00:00
C019150,seo,200+,CA,2026-05-07 00:00:00
C019151,seo,51-200,CH,2026-03-12 00:00:00
C019152,direct,200+,CA,2026-03-24 00:00:00
C019153,seo,11-50,BE,2026-01-02 00:00:00
C019154,seo,200+,BE,2026-01-06 00:00:00
C019155,seo,200+,CA,2026-04-30 00:00:00
C019156,sea,11-50,FR,2026-03-15 00:00:00
C019157,seo,200+,FR,2026-01-24 00:00:00
C019158,sea,200+,FR,2026-01-14 00:00:00
C019159,direct,11-50,BE,2026-06-11 00:00:00
C019160,sea,1-10,CH,2026-03-10 00:00:00
C019161,direct,11-50,CH,2026-01-13 00:00:00
C019162,seo,11-50,FR,2026-05-15 00:00:00
C019163,sea,11-50,CH,2026-01-08 00:00:00
C019164,seo,1-10,FR,2026-04-09 00:00:00
C019165,referral,200+,FR,2026-05-20 00:00:00
C019166,referral,1-10,CA,2026-01-27 00:00:00
C019167,referral,200+,CH,2026-03-25 00:00:00
C019168,direct,200+,FR,2026-01-05 00:00:00
C019169,seo,51-200,FR,2026-01-11 00:00:00
C019170,seo,51-200,FR,2026-02-10 00:00:00
C019171,referral,11-50,FR,2026-07-07 00:00:00
C019172,referral,200+,CA,2026-06-30 00:00:00
C019173,sea,51-200,FR,2026-01-08 00:00:00
C019174,seo,11-50,FR,2026-04-26 00:00:00
C019175,sea,51-200,FR,2026-03-28 00:00:00
C019176,direct,1-10,BE,2026-03-30 00:00:00
C019177,referral,11-50,FR,2026-06-09 00:00:00
C019178,direct,1-10,CA,2026-02-19 00:00:00
C019179,referral,51-200,FR,2026-04-14 00:00:00
C019180,seo,200+,FR,2026-02-14 00:00:00
C019181,referral,11-50,FR,2026-03-22 00:00:00
C019182,seo,11-50,BE,2026-06-27 00:00:00
C019183,seo,1-10,FR,2026-06-01 00:00:00
C019184,sea,11-50,CH,2026-04-19 00:00:00
C019185,sea,51-200,FR,2026-04-29 00:00:00
C019186,seo,200+,CA,2026-06-07 00:00:00
C019187,referral,11-50,FR,2026-04-10 00:00:00
C019188,sea,51-200,FR,2026-06-14 00:00:00
C019189,sea,51-200,FR,2026-04-22 00:00:00
C019190,referral,1-10,CH,2026-02-14 00:00:00
C019191,seo,1-10,FR,2026-07-10 00:00:00
C019192,referral,200+,FR,2026-06-25 00:00:00
C019193,direct,200+,FR,2026-01-18 00:00:00
C019194,direct,11-50,CH,2026-05-23 00:00:00
C019195,referral,11-50,CA,2026-01-23 00:00:00
C019196,seo,11-50,FR,2026-07-14 00:00:00
C019197,sea,11-50,CA,2026-07-17 00:00:00
C019198,sea,1-10,CA,2026-03-17 00:00:00
C019199,sea,11-50,FR,2026-02-15 00:00:00
C019200,direct,11-50,FR,2026-02-10 00:00:00
C019201,referral,200+,CA,2026-03-02 00:00:00
C019202,sea,1-10,FR,2026-03-06 00:00:00
C019203,seo,11-50,CH,2026-04-02 00:00:00
C019204,referral,1-10,FR,2026-04-16 00:00:00
C019205,direct,200+,CA,2026-06-24 00:00:00
C019206,direct,51-200,CH,2026-05-07 00:00:00
C019207,direct,1-10,FR,2026-03-31 00:00:00
C019208,referral,1-10,CH,2026-07-10 00:00:00
C019209,seo,51-200,FR,2026-02-14 00:00:00
C019210,seo,11-50,BE,2026-07-05 00:00:00
C019211,seo,200+,FR,2026-03-21 00:00:00
C019212,direct,200+,FR,2026-01-06 00:00:00
C019213,seo,11-50,CH,2026-07-02 00:00:00
C019214,sea,51-200,FR,2026-07-18 00:00:00
C019215,referral,1-10,FR,2026-01-24 00:00:00
C019216,direct,1-10,FR,2026-02-08 00:00:00
C019217,seo,11-50,BE,2026-02-07 00:00:00
C019218,direct,1-10,FR,2026-05-12 00:00:00
C019219,seo,11-50,BE,2026-06-20 00:00:00
C019220,seo,1-10,FR,2026-07-17 00:00:00
C019221,direct,51-200,BE,2026-06-30 00:00:00
C019222,seo,1-10,FR,2026-02-09 00:00:00
C019223,seo,51-200,CH,2026-01-03 00:00:00
C019224,referral,11-50,BE,2026-04-05 00:00:00
C019225,sea,1-10,FR,2026-04-11 00:00:00
C019226,sea,11-50,BE,2026-03-19 00:00:00
C019227,referral,11-50,FR,2026-06-15 00:00:00
C019228,direct,200+,FR,2026-06-11 00:00:00
C019229,seo,51-200,FR,2026-03-23 00:00:00
C019230,sea,1-10,FR,2026-06-11 00:00:00
C019231,sea,1-10,FR,2026-05-15 00:00:00
C019232,seo,51-200,CH,2026-07-10 00:00:00
C019233,seo,51-200,CH,2026-05-23 00:00:00
C019234,sea,51-200,FR,2026-04-08 00:00:00
C019235,seo,51-200,FR,2026-04-26 00:00:00
C019236,referral,200+,FR,2026-07-19 00:00:00
C019237,sea,1-10,FR,2026-03-20 00:00:00
C019238,referral,51-200,FR,2026-07-19 00:00:00
C019239,referral,1-10,BE,2026-07-06 00:00:00
C019240,seo,51-200,BE,2026-04-03 00:00:00
C019241,sea,11-50,FR,2026-01-09 00:00:00
C019242,sea,51-200,FR,2026-01-03 00:00:00
C019243,sea,51-200,FR,2026-07-10 00:00:00
C019244,sea,1-10,FR,2026-01-14 00:00:00
C019245,direct,51-200,BE,2026-04-15 00:00:00
C019246,sea,11-50,FR,2026-02-02 00:00:00
C019247,seo,51-200,CA,2026-04-17 00:00:00
C019248,referral,11-50,FR,2026-04-17 00:00:00
C019249,sea,1-10,FR,2026-05-30 00:00:00
C019250,sea,51-200,CA,2026-03-17 00:00:00
C019251,seo,11-50,FR,2026-06-14 00:00:00
C019252,seo,200+,BE,2026-01-28 00:00:00
C019253,sea,11-50,FR,2026-04-10 00:00:00
C019254,seo,11-50,FR,2026-04-04 00:00:00
C019255,referral,51-200,FR,2026-05-26 00:00:00
C019256,referral,200+,CH,2026-06-22 00:00:00
C019257,referral,11-50,CH,2026-04-25 00:00:00
C019258,sea,51-200,FR,2026-05-15 00:00:00
C019259,direct,1-10,BE,2026-04-03 00:00:00
C019260,seo,51-200,FR,2026-05-26 00:00:00
C019261,referral,1-10,CH,2026-03-28 00:00:00
C019262,sea,1-10,CH,2026-03-12 00:00:00
C019263,referral,1-10,FR,2026-03-22 00:00:00
C019264,referral,51-200,FR,2026-05-10 00:00:00
C019265,seo,200+,FR,2026-06-20 00:00:00
C019266,seo,200+,FR,2026-04-21 00:00:00
C019267,direct,200+,FR,2026-06-10 00:00:00
C019268,sea,1-10,FR,2026-01-09 00:00:00
C019269,referral,11-50,FR,2026-04-20 00:00:00
C019270,referral,200+,FR,2026-06-18 00:00:00
C019271,seo,51-200,CH,2026-04-09 00:00:00
C019272,seo,11-50,FR,2026-01-06 00:00:00
C019273,direct,51-200,FR,2026-01-23 00:00:00
C019274,sea,11-50,FR,2026-05-19 00:00:00
C019275,direct,200+,FR,2026-03-22 00:00:00
C019276,direct,11-50,FR,2026-07-18 00:00:00
C019277,sea,11-50,FR,2026-06-21 00:00:00
C019278,sea,200+,FR,2026-01-18 00:00:00
C019279,referral,51-200,FR,2026-01-08 00:00:00
C019280,sea,11-50,FR,2026-03-26 00:00:00
C019281,referral,11-50,FR,2026-03-07 00:00:00
C019282,sea,51-200,FR,2026-03-07 00:00:00
C019283,direct,1-10,FR,2026-03-30 00:00:00
C019284,referral,51-200,FR,2026-01-09 00:00:00
C019285,direct,11-50,CH,2026-04-22 00:00:00
C019286,direct,11-50,FR,2026-06-25 00:00:00
C019287,seo,51-200,CA,2026-02-14 00:00:00
C019288,referral,51-200,FR,2026-03-27 00:00:00
C019289,seo,1-10,FR,2026-03-23 00:00:00
C019290,direct,51-200,FR,2026-05-07 00:00:00
C019291,seo,200+,FR,2026-01-11 00:00:00
C019292,direct,200+,FR,2026-02-11 00:00:00
C019293,direct,51-200,CH,2026-02-02 00:00:00
C019294,direct,1-10,FR,2026-02-23 00:00:00
C019295,referral,11-50,FR,2026-06-08 00:00:00
C019296,referral,200+,BE,2026-06-07 00:00:00
C019297,sea,11-50,BE,2026-05-18 00:00:00
C019298,seo,200+,FR,2026-05-13 00:00:00
C019299,seo,1-10,FR,2026-07-07 00:00:00
C019300,sea,200+,FR,2026-03-13 00:00:00
C019301,sea,1-10,BE,2026-05-29 00:00:00
C019302,sea,200+,FR,2026-07-12 00:00:00
C019303,seo,11-50,FR,2026-03-29 00:00:00
C019304,direct,51-200,BE,2026-03-06 00:00:00
C019305,seo,200+,FR,2026-02-03 00:00:00
C019306,seo,1-10,CA,2026-02-07 00:00:00
C019307,seo,1-10,FR,2026-03-26 00:00:00
C019308,referral,1-10,FR,2026-07-11 00:00:00
C019309,referral,200+,FR,2026-07-05 00:00:00
C019310,seo,51-200,FR,2026-05-16 00:00:00
C019311,sea,200+,CH,2026-02-27 00:00:00
C019312,referral,51-200,FR,2026-01-24 00:00:00
C019313,direct,11-50,BE,2026-04-29 00:00:00
C019314,sea,51-200,FR,2026-04-02 00:00:00
C019315,referral,51-200,FR,2026-04-12 00:00:00
C019316,direct,11-50,BE,2026-01-20 00:00:00
C019317,referral,1-10,FR,2026-06-16 00:00:00
C019318,direct,51-200,CA,2026-03-17 00:00:00
C019319,seo,200+,FR,2026-01-06 00:00:00
C019320,seo,51-200,CH,2026-07-11 00:00:00
C019321,seo,51-200,FR,2026-05-05 00:00:00
C019322,sea,11-50,FR,2026-01-23 00:00:00
C019323,direct,200+,FR,2026-03-14 00:00:00
C019324,sea,1-10,FR,2026-07-08 00:00:00
C019325,sea,1-10,CA,2026-03-16 00:00:00
C019326,referral,200+,BE,2026-06-20 00:00:00
C019327,seo,200+,FR,2026-01-17 00:00:00
C019328,referral,51-200,FR,2026-01-13 00:00:00
C019329,sea,200+,FR,2026-01-11 00:00:00
C019330,sea,200+,FR,2026-06-21 00:00:00
C019331,referral,200+,FR,2026-04-26 00:00:00
C019332,seo,200+,FR,2026-06-21 00:00:00
C019333,sea,11-50,FR,2026-07-03 00:00:00
C019334,direct,200+,FR,2026-03-13 00:00:00
C019335,seo,200+,BE,2026-04-09 00:00:00
C019336,direct,51-200,FR,2026-01-02 00:00:00
C019337,direct,200+,FR,2026-01-14 00:00:00
C019338,referral,200+,FR,2026-02-08 00:00:00
C019339,referral,51-200,FR,2026-05-06 00:00:00
C019340,direct,1-10,FR,2026-07-08 00:00:00
C019341,referral,1-10,BE,2026-03-14 00:00:00
C019342,referral,1-10,FR,2026-03-10 00:00:00
C019343,direct,51-200,CH,2026-06-18 00:00:00
C019344,sea,1-10,CH,2026-06-26 00:00:00
C019345,referral,51-200,BE,2026-01-07 00:00:00
C019346,direct,51-200,FR,2026-04-18 00:00:00
C019347,sea,11-50,CH,2026-04-22 00:00:00
C019348,sea,11-50,CH,2026-01-29 00:00:00
C019349,seo,200+,FR,2026-04-14 00:00:00
C019350,referral,200+,CA,2026-04-01 00:00:00
C019351,referral,51-200,FR,2026-03-23 00:00:00
C019352,referral,51-200,FR,2026-01-24 00:00:00
C019353,seo,51-200,FR,2026-05-20 00:00:00
C019354,direct,11-50,CA,2026-05-01 00:00:00
C019355,seo,200+,FR,2026-05-24 00:00:00
C019356,direct,11-50,FR,2026-01-23 00:00:00
C019357,seo,51-200,CH,2026-02-23 00:00:00
C019358,direct,11-50,BE,2026-02-02 00:00:00
C019359,sea,51-200,FR,2026-02-21 00:00:00
C019360,seo,1-10,FR,2026-03-28 00:00:00
C019361,referral,51-200,FR,2026-03-13 00:00:00
C019362,sea,51-200,FR,2026-05-25 00:00:00
C019363,referral,200+,FR,2026-07-15 00:00:00
C019364,sea,51-200,BE,2026-05-20 00:00:00
C019365,referral,51-200,FR,2026-06-21 00:00:00
C019366,sea,11-50,FR,2026-07-15 00:00:00
C019367,referral,51-200,FR,2026-04-26 00:00:00
C019368,direct,51-200,FR,2026-06-11 00:00:00
C019369,referral,1-10,FR,2026-04-04 00:00:00
C019370,seo,11-50,FR,2026-04-18 00:00:00
C019371,referral,11-50,FR,2026-06-07 00:00:00
C019372,seo,1-10,CH,2026-01-27 00:00:00
C019373,referral,11-50,BE,2026-07-04 00:00:00
C019374,seo,51-200,CA,2026-06-05 00:00:00
C019375,seo,200+,FR,2026-04-08 00:00:00
C019376,seo,11-50,FR,2026-01-03 00:00:00
C019377,seo,200+,FR,2026-05-26 00:00:00
C019378,sea,11-50,FR,2026-02-25 00:00:00
C019379,sea,51-200,FR,2026-05-28 00:00:00
C019380,seo,200+,FR,2026-04-03 00:00:00
C019381,direct,51-200,FR,2026-02-13 00:00:00
C019382,seo,200+,FR,2026-04-04 00:00:00
C019383,direct,200+,FR,2026-06-19 00:00:00
C019384,referral,11-50,FR,2026-06-01 00:00:00
C019385,sea,51-200,FR,2026-05-24 00:00:00
C019386,seo,51-200,FR,2026-03-03 00:00:00
C019387,referral,200+,FR,2026-03-19 00:00:00
C019388,referral,1-10,FR,2026-04-04 00:00:00
C019389,sea,51-200,FR,2026-03-26 00:00:00
C019390,direct,200+,FR,2026-01-14 00:00:00
C019391,referral,1-10,FR,2026-01-13 00:00:00
C019392,sea,1-10,BE,2026-03-18 00:00:00
C019393,referral,200+,FR,2026-03-11 00:00:00
C019394,sea,51-200,FR,2026-01-09 00:00:00
C019395,referral,51-200,FR,2026-02-24 00:00:00
C019396,referral,200+,FR,2026-01-30 00:00:00
C019397,direct,11-50,FR,2026-05-09 00:00:00
C019398,direct,200+,CA,2026-04-07 00:00:00
C019399,direct,1-10,CH,2026-05-13 00:00:00
C019400,direct,1-10,FR,2026-04-13 00:00:00
C019401,sea,1-10,FR,2026-04-29 00:00:00
C019402,referral,1-10,FR,2026-02-10 00:00:00
C019403,referral,11-50,FR,2026-01-06 00:00:00
C019404,sea,11-50,CH,2026-01-28 00:00:00
C019405,direct,51-200,FR,2026-03-06 00:00:00
C019406,seo,1-10,FR,2026-01-24 00:00:00
C019407,seo,200+,FR,2026-03-06 00:00:00
C019408,sea,1-10,CA,2026-03-27 00:00:00
C019409,seo,51-200,FR,2026-03-18 00:00:00
C019410,referral,1-10,CA,2026-05-21 00:00:00
C019411,seo,51-200,FR,2026-05-10 00:00:00
C019412,referral,1-10,FR,2026-01-21 00:00:00
C019413,referral,11-50,FR,2026-05-13 00:00:00
C019414,direct,200+,BE,2026-04-16 00:00:00
C019415,sea,11-50,FR,2026-02-12 00:00:00
C019416,direct,200+,FR,2026-07-06 00:00:00
C019417,referral,200+,CA,2026-02-12 00:00:00
C019418,sea,200+,FR,2026-01-26 00:00:00
C019419,sea,11-50,FR,2026-05-27 00:00:00
C019420,referral,1-10,FR,2026-03-30 00:00:00
C019421,direct,51-200,FR,2026-03-11 00:00:00
C019422,sea,51-200,FR,2026-01-30 00:00:00
C019423,sea,11-50,FR,2026-06-01 00:00:00
C019424,referral,51-200,FR,2026-01-04 00:00:00
C019425,referral,1-10,FR,2026-03-03 00:00:00
C019426,seo,51-200,FR,2026-04-25 00:00:00
C019427,referral,51-200,CA,2026-06-04 00:00:00
C019428,referral,51-200,FR,2026-02-13 00:00:00
C019429,sea,1-10,FR,2026-04-04 00:00:00
C019430,seo,51-200,FR,2026-06-13 00:00:00
C019431,sea,51-200,FR,2026-05-25 00:00:00
C019432,seo,11-50,FR,2026-06-21 00:00:00
C019433,direct,51-200,FR,2026-04-24 00:00:00
C019434,referral,1-10,FR,2026-07-17 00:00:00
C019435,referral,1-10,BE,2026-02-28 00:00:00
C019436,referral,200+,FR,2026-02-08 00:00:00
C019437,sea,1-10,FR,2026-03-11 00:00:00
C019438,direct,11-50,FR,2026-02-03 00:00:00
C019439,sea,11-50,BE,2026-06-25 00:00:00
C019440,direct,1-10,FR,2026-02-12 00:00:00
C019441,direct,51-200,FR,2026-01-03 00:00:00
C019442,sea,1-10,FR,2026-01-29 00:00:00
C019443,seo,51-200,CA,2026-04-20 00:00:00
C019444,sea,11-50,FR,2026-06-11 00:00:00
C019445,sea,51-200,CH,2026-06-24 00:00:00
C019446,direct,200+,CA,2026-06-08 00:00:00
C019447,sea,51-200,FR,2026-04-04 00:00:00
C019448,sea,200+,FR,2026-06-11 00:00:00
C019449,seo,11-50,FR,2026-05-21 00:00:00
C019450,referral,51-200,FR,2026-01-20 00:00:00
C019451,referral,11-50,FR,2026-03-04 00:00:00
C019452,seo,51-200,CA,2026-03-24 00:00:00
C019453,direct,51-200,FR,2026-01-28 00:00:00
C019454,direct,200+,FR,2026-05-08 00:00:00
C019455,referral,200+,CH,2026-07-15 00:00:00
C019456,sea,51-200,FR,2026-03-07 00:00:00
C019457,seo,200+,CA,2026-01-17 00:00:00
C019458,direct,1-10,FR,2026-04-20 00:00:00
C019459,referral,200+,FR,2026-01-30 00:00:00
C019460,direct,1-10,CA,2026-04-11 00:00:00
C019461,referral,200+,FR,2026-04-08 00:00:00
C019462,referral,200+,CH,2026-02-03 00:00:00
C019463,direct,11-50,FR,2026-02-06 00:00:00
C019464,direct,1-10,FR,2026-06-05 00:00:00
C019465,referral,11-50,FR,2026-06-10 00:00:00
C019466,seo,51-200,FR,2026-04-20 00:00:00
C019467,seo,1-10,FR,2026-01-15 00:00:00
C019468,seo,200+,FR,2026-05-13 00:00:00
C019469,sea,11-50,FR,2026-02-13 00:00:00
C019470,seo,200+,CH,2026-06-28 00:00:00
C019471,referral,51-200,FR,2026-02-18 00:00:00
C019472,referral,1-10,FR,2026-05-07 00:00:00
C019473,direct,51-200,FR,2026-07-09 00:00:00
C019474,direct,51-200,FR,2026-03-27 00:00:00
C019475,direct,51-200,CA,2026-01-04 00:00:00
C019476,seo,200+,CH,2026-01-29 00:00:00
C019477,direct,1-10,FR,2026-02-10 00:00:00
C019478,direct,11-50,FR,2026-04-10 00:00:00
C019479,referral,11-50,FR,2026-06-11 00:00:00
C019480,direct,51-200,FR,2026-06-07 00:00:00
C019481,sea,11-50,CH,2026-06-14 00:00:00
C019482,sea,1-10,CA,2026-06-07 00:00:00
C019483,seo,11-50,FR,2026-07-17 00:00:00
C019484,seo,11-50,FR,2026-05-31 00:00:00
C019485,referral,51-200,CH,2026-01-21 00:00:00
C019486,sea,200+,FR,2026-01-05 00:00:00
C019487,referral,11-50,FR,2026-07-05 00:00:00
C019488,direct,200+,FR,2026-02-04 00:00:00
C019489,sea,51-200,FR,2026-04-24 00:00:00
C019490,sea,200+,CA,2026-02-08 00:00:00
C019491,seo,200+,CA,2026-03-21 00:00:00
C019492,seo,11-50,FR,2026-05-08 00:00:00
C019493,sea,1-10,FR,2026-03-03 00:00:00
C019494,seo,1-10,FR,2026-01-27 00:00:00
C019495,referral,11-50,CH,2026-03-27 00:00:00
C019496,seo,1-10,FR,2026-02-27 00:00:00
C019497,direct,1-10,FR,2026-04-28 00:00:00
C019498,direct,11-50,FR,2026-04-23 00:00:00
C019499,seo,200+,FR,2026-05-10 00:00:00
C019500,direct,11-50,BE,2026-04-26 00:00:00
C019501,direct,51-200,FR,2026-02-09 00:00:00
C019502,referral,200+,CH,2026-06-08 00:00:00
C019503,seo,200+,FR,2026-05-05 00:00:00
C019504,direct,200+,CA,2026-05-06 00:00:00
C019505,referral,200+,BE,2026-05-20 00:00:00
C019506,sea,200+,FR,2026-01-03 00:00:00
C019507,referral,51-200,FR,2026-06-18 00:00:00
C019508,sea,51-200,FR,2026-03-31 00:00:00
C019509,sea,11-50,FR,2026-03-10 00:00:00
C019510,seo,51-200,FR,2026-03-20 00:00:00
C019511,direct,1-10,FR,2026-05-21 00:00:00
C019512,sea,1-10,FR,2026-03-25 00:00:00
C019513,referral,200+,FR,2026-01-25 00:00:00
C019514,seo,51-200,FR,2026-03-31 00:00:00
C019515,seo,51-200,FR,2026-01-26 00:00:00
C019516,direct,1-10,FR,2026-02-19 00:00:00
C019517,referral,51-200,FR,2026-02-20 00:00:00
C019518,sea,1-10,FR,2026-05-22 00:00:00
C019519,direct,200+,FR,2026-03-14 00:00:00
C019520,sea,200+,FR,2026-06-19 00:00:00
C019521,direct,51-200,FR,2026-01-06 00:00:00
C019522,referral,11-50,FR,2026-07-13 00:00:00
C019523,seo,51-200,FR,2026-05-22 00:00:00
C019524,referral,1-10,BE,2026-03-07 00:00:00
C019525,seo,200+,CA,2026-04-29 00:00:00
C019526,sea,11-50,FR,2026-02-24 00:00:00
C019527,seo,11-50,CA,2026-01-19 00:00:00
C019528,seo,11-50,FR,2026-06-13 00:00:00
C019529,seo,11-50,CA,2026-04-01 00:00:00
C019530,seo,200+,BE,2026-07-08 00:00:00
C019531,referral,200+,CH,2026-03-01 00:00:00
C019532,referral,11-50,CH,2026-06-26 00:00:00
C019533,referral,11-50,FR,2026-01-09 00:00:00
C019534,referral,200+,FR,2026-05-08 00:00:00
C019535,seo,51-200,CA,2026-07-02 00:00:00
C019536,seo,200+,CA,2026-07-10 00:00:00
C019537,sea,1-10,FR,2026-06-18 00:00:00
C019538,seo,51-200,FR,2026-07-13 00:00:00
C019539,sea,11-50,FR,2026-04-24 00:00:00
C019540,sea,51-200,FR,2026-01-30 00:00:00
C019541,seo,200+,CH,2026-02-07 00:00:00
C019542,seo,51-200,FR,2026-03-03 00:00:00
C019543,direct,11-50,FR,2026-06-15 00:00:00
C019544,direct,51-200,FR,2026-07-08 00:00:00
C019545,seo,200+,CA,2026-02-02 00:00:00
C019546,referral,51-200,FR,2026-03-29 00:00:00
C019547,direct,11-50,BE,2026-01-12 00:00:00
C019548,referral,200+,FR,2026-05-14 00:00:00
C019549,sea,51-200,FR,2026-07-19 00:00:00
C019550,direct,51-200,FR,2026-07-06 00:00:00
C019551,referral,51-200,FR,2026-06-21 00:00:00
C019552,direct,51-200,FR,2026-04-27 00:00:00
C019553,referral,11-50,FR,2026-01-27 00:00:00
C019554,seo,200+,BE,2026-07-12 00:00:00
C019555,referral,200+,FR,2026-03-23 00:00:00
C019556,sea,11-50,CA,2026-02-16 00:00:00
C019557,referral,51-200,FR,2026-05-17 00:00:00
C019558,seo,200+,FR,2026-03-21 00:00:00
C019559,seo,1-10,FR,2026-02-01 00:00:00
C019560,sea,11-50,FR,2026-04-06 00:00:00
C019561,sea,1-10,CA,2026-03-09 00:00:00
C019562,direct,1-10,BE,2026-04-10 00:00:00
C019563,direct,51-200,CH,2026-07-06 00:00:00
C019564,seo,1-10,CH,2026-01-17 00:00:00
C019565,seo,51-200,FR,2026-04-08 00:00:00
C019566,seo,1-10,FR,2026-03-01 00:00:00
C019567,sea,51-200,FR,2026-06-03 00:00:00
C019568,sea,11-50,FR,2026-06-17 00:00:00
C019569,referral,11-50,FR,2026-03-31 00:00:00
C019570,direct,11-50,FR,2026-05-20 00:00:00
C019571,direct,200+,FR,2026-02-01 00:00:00
C019572,seo,1-10,FR,2026-02-15 00:00:00
C019573,sea,51-200,CA,2026-03-21 00:00:00
C019574,sea,11-50,FR,2026-05-27 00:00:00
C019575,referral,1-10,FR,2026-02-19 00:00:00
C019576,seo,200+,FR,2026-06-02 00:00:00
C019577,referral,200+,CH,2026-02-19 00:00:00
C019578,sea,51-200,FR,2026-01-29 00:00:00
C019579,referral,200+,FR,2026-03-13 00:00:00
C019580,sea,1-10,FR,2026-07-07 00:00:00
C019581,referral,1-10,FR,2026-05-29 00:00:00
C019582,direct,11-50,FR,2026-02-07 00:00:00
C019583,referral,200+,FR,2026-05-09 00:00:00
C019584,direct,200+,BE,2026-04-05 00:00:00
C019585,seo,11-50,FR,2026-05-03 00:00:00
C019586,sea,1-10,FR,2026-03-01 00:00:00
C019587,sea,200+,FR,2026-01-02 00:00:00
C019588,seo,11-50,FR,2026-04-12 00:00:00
C019589,sea,11-50,FR,2026-06-24 00:00:00
C019590,sea,1-10,FR,2026-07-04 00:00:00
C019591,sea,11-50,FR,2026-06-29 00:00:00
C019592,direct,11-50,BE,2026-02-24 00:00:00
C019593,referral,1-10,CA,2026-07-12 00:00:00
C019594,sea,11-50,CH,2026-03-26 00:00:00
C019595,seo,51-200,CH,2026-05-22 00:00:00
C019596,sea,51-200,CH,2026-06-24 00:00:00
C019597,seo,51-200,FR,2026-01-23 00:00:00
C019598,sea,1-10,FR,2026-03-26 00:00:00
C019599,seo,11-50,CH,2026-04-28 00:00:00
C019600,direct,200+,FR,2026-03-02 00:00:00
C019601,sea,200+,FR,2026-01-19 00:00:00
C019602,referral,1-10,FR,2026-03-24 00:00:00
C019603,sea,11-50,FR,2026-03-06 00:00:00
C019604,sea,1-10,BE,2026-04-11 00:00:00
C019605,seo,200+,FR,2026-07-14 00:00:00
C019606,direct,51-200,FR,2026-05-22 00:00:00
C019607,sea,11-50,BE,2026-06-23 00:00:00
C019608,seo,51-200,FR,2026-07-13 00:00:00
C019609,direct,200+,CH,2026-03-26 00:00:00
C019610,referral,200+,FR,2026-04-14 00:00:00
C019611,seo,1-10,FR,2026-05-12 00:00:00
C019612,seo,1-10,CA,2026-07-01 00:00:00
C019613,referral,200+,BE,2026-03-03 00:00:00
C019614,seo,51-200,FR,2026-07-19 00:00:00
C019615,referral,1-10,FR,2026-03-26 00:00:00
C019616,direct,51-200,FR,2026-07-07 00:00:00
C019617,sea,51-200,FR,2026-03-31 00:00:00
C019618,sea,200+,CH,2026-05-13 00:00:00
C019619,seo,51-200,FR,2026-02-18 00:00:00
C019620,referral,51-200,CH,2026-04-27 00:00:00
C019621,referral,200+,FR,2026-02-07 00:00:00
C019622,direct,1-10,FR,2026-01-22 00:00:00
C019623,seo,51-200,CA,2026-04-22 00:00:00
C019624,direct,1-10,FR,2026-04-21 00:00:00
C019625,referral,11-50,BE,2026-01-20 00:00:00
C019626,seo,11-50,FR,2026-04-26 00:00:00
C019627,sea,200+,FR,2026-04-23 00:00:00
C019628,direct,11-50,BE,2026-07-17 00:00:00
C019629,sea,1-10,CA,2026-02-23 00:00:00
C019630,seo,51-200,BE,2026-04-22 00:00:00
C019631,seo,51-200,FR,2026-06-22 00:00:00
C019632,seo,200+,FR,2026-01-21 00:00:00
C019633,sea,11-50,BE,2026-03-12 00:00:00
C019634,direct,200+,CH,2026-02-25 00:00:00
C019635,seo,11-50,FR,2026-05-11 00:00:00
C019636,direct,51-200,FR,2026-04-18 00:00:00
C019637,referral,1-10,FR,2026-06-21 00:00:00
C019638,sea,1-10,FR,2026-02-24 00:00:00
C019639,sea,1-10,FR,2026-07-06 00:00:00
C019640,sea,1-10,FR,2026-01-02 00:00:00
C019641,sea,51-200,CH,2026-06-08 00:00:00
C019642,sea,51-200,FR,2026-05-22 00:00:00
C019643,seo,11-50,CH,2026-04-30 00:00:00
C019644,seo,11-50,BE,2026-01-13 00:00:00
C019645,referral,51-200,FR,2026-03-04 00:00:00
C019646,direct,1-10,FR,2026-04-22 00:00:00
C019647,referral,51-200,FR,2026-02-05 00:00:00
C019648,direct,51-200,CH,2026-03-08 00:00:00
C019649,referral,200+,FR,2026-03-23 00:00:00
C019650,sea,200+,FR,2026-02-22 00:00:00
C019651,direct,1-10,FR,2026-07-02 00:00:00
C019652,direct,51-200,FR,2026-01-01 00:00:00
C019653,direct,200+,BE,2026-05-15 00:00:00
C019654,direct,200+,CA,2026-04-23 00:00:00
C019655,referral,11-50,BE,2026-02-04 00:00:00
C019656,direct,51-200,FR,2026-06-13 00:00:00
C019657,direct,200+,FR,2026-02-03 00:00:00
C019658,sea,1-10,FR,2026-07-03 00:00:00
C019659,direct,51-200,CH,2026-06-26 00:00:00
C019660,sea,200+,FR,2026-03-25 00:00:00
C019661,referral,200+,FR,2026-03-02 00:00:00
C019662,referral,51-200,FR,2026-03-27 00:00:00
C019663,seo,11-50,FR,2026-06-26 00:00:00
C019664,referral,1-10,BE,2026-06-27 00:00:00
C019665,direct,51-200,FR,2026-05-02 00:00:00
C019666,sea,1-10,FR,2026-02-16 00:00:00
C019667,sea,200+,FR,2026-06-30 00:00:00
C019668,direct,1-10,FR,2026-03-10 00:00:00
C019669,seo,200+,FR,2026-01-23 00:00:00
C019670,sea,1-10,FR,2026-03-10 00:00:00
C019671,sea,200+,FR,2026-06-19 00:00:00
C019672,sea,11-50,FR,2026-01-07 00:00:00
C019673,sea,11-50,FR,2026-05-26 00:00:00
C019674,seo,51-200,FR,2026-07-01 00:00:00
C019675,direct,11-50,FR,2026-03-12 00:00:00
C019676,direct,1-10,FR,2026-02-03 00:00:00
C019677,sea,51-200,FR,2026-04-16 00:00:00
C019678,seo,200+,FR,2026-02-27 00:00:00
C019679,seo,200+,FR,2026-02-06 00:00:00
C019680,referral,1-10,CA,2026-01-25 00:00:00
C019681,referral,1-10,FR,2026-05-25 00:00:00
C019682,referral,1-10,BE,2026-01-07 00:00:00
C019683,sea,11-50,FR,2026-04-07 00:00:00
C019684,referral,51-200,FR,2026-06-14 00:00:00
C019685,seo,11-50,BE,2026-07-09 00:00:00
C019686,sea,51-200,BE,2026-06-07 00:00:00
C019687,direct,1-10,FR,2026-03-17 00:00:00
C019688,referral,200+,FR,2026-02-06 00:00:00
C019689,sea,200+,FR,2026-06-06 00:00:00
C019690,seo,1-10,FR,2026-05-18 00:00:00
C019691,direct,11-50,FR,2026-06-03 00:00:00
C019692,sea,51-200,FR,2026-02-23 00:00:00
C019693,sea,200+,FR,2026-04-27 00:00:00
C019694,referral,200+,FR,2026-01-14 00:00:00
C019695,referral,1-10,FR,2026-07-19 00:00:00
C019696,seo,1-10,FR,2026-04-01 00:00:00
C019697,seo,11-50,FR,2026-05-21 00:00:00
C019698,seo,51-200,FR,2026-04-20 00:00:00
C019699,direct,51-200,FR,2026-05-27 00:00:00
C019700,sea,11-50,FR,2026-06-04 00:00:00
C019701,seo,11-50,FR,2026-03-23 00:00:00
C019702,direct,200+,FR,2026-04-25 00:00:00
C019703,referral,51-200,FR,2026-05-19 00:00:00
C019704,sea,11-50,FR,2026-02-18 00:00:00
C019705,seo,11-50,FR,2026-06-10 00:00:00
C019706,seo,51-200,FR,2026-06-17 00:00:00
C019707,direct,1-10,BE,2026-05-14 00:00:00
C019708,direct,1-10,CA,2026-05-22 00:00:00
C019709,direct,11-50,FR,2026-04-23 00:00:00
C019710,sea,200+,FR,2026-03-16 00:00:00
C019711,seo,200+,FR,2026-04-22 00:00:00
C019712,referral,1-10,FR,2026-06-18 00:00:00
C019713,sea,51-200,FR,2026-03-09 00:00:00
C019714,sea,51-200,CH,2026-01-01 00:00:00
C019715,sea,200+,FR,2026-01-23 00:00:00
C019716,referral,11-50,FR,2026-01-20 00:00:00
C019717,seo,51-200,CH,2026-03-03 00:00:00
C019718,referral,1-10,FR,2026-07-12 00:00:00
C019719,sea,51-200,CH,2026-01-30 00:00:00
C019720,seo,51-200,FR,2026-05-24 00:00:00
C019721,sea,1-10,FR,2026-06-01 00:00:00
C019722,seo,1-10,FR,2026-02-02 00:00:00
C019723,direct,1-10,FR,2026-04-04 00:00:00
C019724,sea,200+,FR,2026-04-13 00:00:00
C019725,direct,200+,FR,2026-02-11 00:00:00
C019726,referral,51-200,FR,2026-05-09 00:00:00
C019727,referral,200+,FR,2026-03-09 00:00:00
C019728,direct,11-50,FR,2026-06-01 00:00:00
C019729,sea,200+,FR,2026-06-12 00:00:00
C019730,seo,1-10,BE,2026-05-25 00:00:00
C019731,referral,51-200,FR,2026-02-26 00:00:00
C019732,direct,200+,FR,2026-02-07 00:00:00
C019733,seo,1-10,CH,2026-04-09 00:00:00
C019734,sea,1-10,FR,2026-01-09 00:00:00
C019735,direct,11-50,FR,2026-04-29 00:00:00
C019736,sea,200+,FR,2026-04-07 00:00:00
C019737,seo,51-200,FR,2026-01-03 00:00:00
C019738,referral,1-10,FR,2026-03-28 00:00:00
C019739,referral,1-10,FR,2026-05-26 00:00:00
C019740,direct,11-50,FR,2026-05-08 00:00:00
C019741,seo,200+,FR,2026-06-10 00:00:00
C019742,sea,51-200,CH,2026-05-24 00:00:00
C019743,seo,1-10,BE,2026-04-30 00:00:00
C019744,direct,1-10,FR,2026-02-08 00:00:00
C019745,direct,11-50,FR,2026-02-03 00:00:00
C019746,direct,11-50,FR,2026-02-12 00:00:00
C019747,seo,11-50,FR,2026-06-05 00:00:00
C019748,seo,11-50,FR,2026-05-26 00:00:00
C019749,seo,200+,FR,2026-05-05 00:00:00
C019750,direct,1-10,CH,2026-05-22 00:00:00
C019751,direct,200+,FR,2026-05-25 00:00:00
C019752,referral,51-200,FR,2026-04-19 00:00:00
C019753,direct,11-50,FR,2026-04-19 00:00:00
C019754,direct,11-50,FR,2026-01-27 00:00:00
C019755,referral,51-200,FR,2026-01-06 00:00:00
C019756,direct,200+,BE,2026-04-13 00:00:00
C019757,sea,51-200,FR,2026-02-05 00:00:00
C019758,seo,1-10,FR,2026-02-18 00:00:00
C019759,seo,1-10,FR,2026-05-19 00:00:00
C019760,sea,200+,FR,2026-04-05 00:00:00
C019761,referral,11-50,BE,2026-06-30 00:00:00
C019762,referral,51-200,FR,2026-02-15 00:00:00
C019763,sea,200+,CA,2026-01-29 00:00:00
C019764,seo,1-10,FR,2026-04-22 00:00:00
C019765,seo,1-10,FR,2026-03-22 00:00:00
C019766,sea,1-10,FR,2026-06-12 00:00:00
C019767,referral,51-200,FR,2026-04-19 00:00:00
C019768,direct,11-50,FR,2026-05-11 00:00:00
C019769,direct,200+,CA,2026-01-01 00:00:00
C019770,direct,200+,FR,2026-03-29 00:00:00
C019771,referral,51-200,FR,2026-05-24 00:00:00
C019772,sea,200+,FR,2026-01-28 00:00:00
C019773,seo,200+,CA,2026-04-01 00:00:00
C019774,sea,1-10,BE,2026-05-25 00:00:00
C019775,seo,51-200,FR,2026-02-21 00:00:00
C019776,direct,200+,FR,2026-07-17 00:00:00
C019777,referral,51-200,FR,2026-04-02 00:00:00
C019778,sea,1-10,BE,2026-06-25 00:00:00
C019779,sea,200+,CA,2026-05-19 00:00:00
C019780,direct,51-200,FR,2026-04-27 00:00:00
C019781,seo,51-200,FR,2026-05-21 00:00:00
C019782,referral,51-200,FR,2026-06-01 00:00:00
C019783,direct,200+,FR,2026-01-29 00:00:00
C019784,direct,11-50,FR,2026-07-04 00:00:00
C019785,seo,1-10,FR,2026-02-01 00:00:00
C019786,seo,200+,FR,2026-01-29 00:00:00
C019787,direct,1-10,CA,2026-05-31 00:00:00
C019788,referral,11-50,FR,2026-02-19 00:00:00
C019789,referral,200+,CH,2026-05-13 00:00:00
C019790,direct,51-200,CH,2026-06-22 00:00:00
C019791,seo,1-10,FR,2026-02-19 00:00:00
C019792,seo,11-50,BE,2026-01-22 00:00:00
C019793,direct,11-50,FR,2026-02-07 00:00:00
C019794,seo,1-10,BE,2026-06-07 00:00:00
C019795,referral,11-50,FR,2026-07-06 00:00:00
C019796,referral,11-50,FR,2026-07-03 00:00:00
C019797,sea,200+,FR,2026-05-19 00:00:00
C019798,referral,51-200,FR,2026-05-09 00:00:00
C019799,direct,200+,FR,2026-07-03 00:00:00
C019800,referral,1-10,FR,2026-01-14 00:00:00
C019801,direct,200+,FR,2026-05-25 00:00:00
C019802,seo,51-200,CH,2026-04-13 00:00:00
C019803,referral,11-50,FR,2026-06-20 00:00:00
C019804,referral,200+,CA,2026-06-24 00:00:00
C019805,seo,1-10,CH,2026-04-27 00:00:00
C019806,direct,51-200,CA,2026-03-06 00:00:00
C019807,sea,200+,FR,2026-03-02 00:00:00
C019808,referral,51-200,FR,2026-01-31 00:00:00
C019809,direct,200+,BE,2026-05-22 00:00:00
C019810,referral,51-200,FR,2026-02-17 00:00:00
C019811,referral,1-10,FR,2026-06-07 00:00:00
C019812,sea,1-10,FR,2026-02-25 00:00:00
C019813,referral,51-200,FR,2026-04-09 00:00:00
C019814,sea,51-200,CA,2026-04-28 00:00:00
C019815,seo,11-50,FR,2026-03-21 00:00:00
C019816,seo,200+,CH,2026-07-05 00:00:00
C019817,sea,200+,FR,2026-01-23 00:00:00
C019818,seo,1-10,FR,2026-04-22 00:00:00
C019819,referral,11-50,BE,2026-02-23 00:00:00
C019820,seo,200+,FR,2026-06-23 00:00:00
C019821,direct,51-200,FR,2026-01-30 00:00:00
C019822,referral,1-10,FR,2026-06-14 00:00:00
C019823,referral,11-50,FR,2026-01-08 00:00:00
C019824,referral,11-50,FR,2026-04-24 00:00:00
C019825,referral,51-200,CH,2026-01-30 00:00:00
C019826,referral,51-200,FR,2026-04-24 00:00:00
C019827,direct,11-50,FR,2026-01-19 00:00:00
C019828,sea,11-50,BE,2026-05-03 00:00:00
C019829,referral,11-50,FR,2026-01-06 00:00:00
C019830,referral,51-200,BE,2026-04-08 00:00:00
C019831,direct,51-200,CH,2026-05-10 00:00:00
C019832,referral,51-200,FR,2026-03-06 00:00:00
C019833,seo,11-50,FR,2026-02-09 00:00:00
C019834,seo,11-50,FR,2026-06-26 00:00:00
C019835,seo,51-200,FR,2026-04-17 00:00:00
C019836,sea,11-50,FR,2026-01-02 00:00:00
C019837,seo,200+,FR,2026-05-20 00:00:00
C019838,seo,200+,FR,2026-06-07 00:00:00
C019839,seo,51-200,FR,2026-05-21 00:00:00
C019840,referral,51-200,FR,2026-02-28 00:00:00
C019841,seo,1-10,BE,2026-01-05 00:00:00
C019842,sea,11-50,FR,2026-05-11 00:00:00
C019843,direct,1-10,FR,2026-03-11 00:00:00
C019844,sea,200+,BE,2026-03-20 00:00:00
C019845,direct,200+,CA,2026-03-26 00:00:00
C019846,direct,1-10,CH,2026-01-09 00:00:00
C019847,seo,51-200,FR,2026-02-12 00:00:00
C019848,referral,11-50,CH,2026-01-22 00:00:00
C019849,seo,200+,CA,2026-01-13 00:00:00
C019850,referral,51-200,FR,2026-02-14 00:00:00
C019851,seo,1-10,FR,2026-01-27 00:00:00
C019852,sea,200+,FR,2026-01-08 00:00:00
C019853,sea,11-50,FR,2026-05-17 00:00:00
C019854,seo,1-10,FR,2026-04-01 00:00:00
C019855,referral,51-200,FR,2026-05-04 00:00:00
C019856,referral,11-50,BE,2026-04-14 00:00:00
C019857,sea,11-50,FR,2026-03-13 00:00:00
C019858,direct,200+,CH,2026-03-20 00:00:00
C019859,sea,200+,FR,2026-03-31 00:00:00
C019860,seo,51-200,BE,2026-05-22 00:00:00
C019861,direct,11-50,FR,2026-02-13 00:00:00
C019862,referral,11-50,BE,2026-06-11 00:00:00
C019863,sea,11-50,CH,2026-06-27 00:00:00
C019864,seo,200+,BE,2026-01-25 00:00:00
C019865,seo,11-50,FR,2026-07-05 00:00:00
C019866,sea,1-10,FR,2026-03-30 00:00:00
C019867,sea,200+,FR,2026-07-03 00:00:00
C019868,seo,1-10,FR,2026-07-18 00:00:00
C019869,sea,11-50,FR,2026-06-08 00:00:00
C019870,sea,200+,CH,2026-02-01 00:00:00
C019871,referral,1-10,CH,2026-05-22 00:00:00
C019872,sea,200+,BE,2026-06-15 00:00:00
C019873,sea,200+,FR,2026-07-15 00:00:00
C019874,referral,51-200,FR,2026-02-21 00:00:00
C019875,sea,200+,BE,2026-02-17 00:00:00
C019876,seo,1-10,FR,2026-02-25 00:00:00
C019877,sea,200+,FR,2026-04-18 00:00:00
C019878,sea,200+,FR,2026-02-08 00:00:00
C019879,seo,1-10,FR,2026-02-19 00:00:00
C019880,sea,51-200,FR,2026-01-25 00:00:00
C019881,sea,11-50,FR,2026-03-20 00:00:00
C019882,referral,200+,FR,2026-05-02 00:00:00
C019883,referral,11-50,FR,2026-05-29 00:00:00
C019884,direct,11-50,FR,2026-01-17 00:00:00
C019885,seo,51-200,FR,2026-01-23 00:00:00
C019886,direct,11-50,FR,2026-02-04 00:00:00
C019887,direct,200+,BE,2026-02-25 00:00:00
C019888,referral,1-10,FR,2026-01-19 00:00:00
C019889,sea,51-200,BE,2026-05-16 00:00:00
C019890,direct,11-50,CH,2026-06-26 00:00:00
C019891,referral,11-50,FR,2026-07-16 00:00:00
C019892,sea,11-50,FR,2026-04-24 00:00:00
C019893,referral,200+,FR,2026-05-29 00:00:00
C019894,sea,200+,FR,2026-05-04 00:00:00
C019895,direct,11-50,CA,2026-07-16 00:00:00
C019896,sea,1-10,FR,2026-07-03 00:00:00
C019897,sea,51-200,CA,2026-06-20 00:00:00
C019898,sea,200+,CH,2026-05-20 00:00:00
C019899,seo,51-200,FR,2026-05-13 00:00:00
C019900,referral,11-50,FR,2026-04-28 00:00:00
C019901,referral,11-50,FR,2026-02-28 00:00:00
C019902,referral,11-50,FR,2026-04-01 00:00:00
C019903,seo,200+,FR,2026-02-20 00:00:00
C019904,referral,200+,FR,2026-03-24 00:00:00
C019905,direct,200+,FR,2026-01-19 00:00:00
C019906,seo,1-10,CA,2026-04-19 00:00:00
C019907,referral,1-10,FR,2026-01-17 00:00:00
C019908,referral,51-200,FR,2026-04-17 00:00:00
C019909,direct,1-10,FR,2026-06-17 00:00:00
C019910,referral,1-10,CA,2026-03-02 00:00:00
C019911,direct,1-10,BE,2026-05-31 00:00:00
C019912,seo,11-50,FR,2026-07-15 00:00:00
C019913,sea,1-10,FR,2026-04-14 00:00:00
C019914,referral,200+,FR,2026-07-03 00:00:00
C019915,direct,1-10,FR,2026-02-02 00:00:00
C019916,sea,200+,FR,2026-03-22 00:00:00
C019917,sea,51-200,CA,2026-01-24 00:00:00
C019918,sea,1-10,FR,2026-03-22 00:00:00
C019919,referral,11-50,FR,2026-03-20 00:00:00
C019920,referral,11-50,CH,2026-03-26 00:00:00
C019921,seo,51-200,FR,2026-02-09 00:00:00
C019922,referral,200+,FR,2026-01-13 00:00:00
C019923,seo,51-200,CA,2026-04-03 00:00:00
C019924,sea,11-50,FR,2026-05-15 00:00:00
C019925,seo,1-10,FR,2026-03-06 00:00:00
C019926,direct,200+,FR,2026-05-11 00:00:00
C019927,referral,200+,FR,2026-01-15 00:00:00
C019928,seo,200+,FR,2026-06-07 00:00:00
C019929,seo,200+,FR,2026-06-04 00:00:00
C019930,direct,1-10,CH,2026-01-16 00:00:00
C019931,sea,11-50,FR,2026-06-11 00:00:00
C019932,direct,11-50,BE,2026-02-14 00:00:00
C019933,direct,1-10,FR,2026-01-09 00:00:00
C019934,sea,51-200,FR,2026-02-09 00:00:00
C019935,seo,11-50,FR,2026-05-07 00:00:00
C019936,seo,11-50,FR,2026-02-24 00:00:00
C019937,direct,11-50,FR,2026-05-22 00:00:00
C019938,direct,11-50,CH,2026-05-04 00:00:00
C019939,referral,200+,BE,2026-01-11 00:00:00
C019940,direct,11-50,FR,2026-04-10 00:00:00
C019941,direct,51-200,FR,2026-04-04 00:00:00
C019942,seo,200+,FR,2026-02-16 00:00:00
C019943,direct,11-50,FR,2026-04-09 00:00:00
C019944,sea,11-50,FR,2026-03-13 00:00:00
C019945,sea,51-200,FR,2026-06-14 00:00:00
C019946,sea,51-200,FR,2026-06-25 00:00:00
C019947,seo,200+,FR,2026-03-04 00:00:00
C019948,sea,1-10,FR,2026-04-04 00:00:00
C019949,direct,1-10,FR,2026-01-30 00:00:00
C019950,direct,11-50,FR,2026-01-21 00:00:00
C019951,direct,51-200,FR,2026-06-07 00:00:00
C019952,seo,1-10,FR,2026-01-09 00:00:00
C019953,referral,51-200,FR,2026-03-03 00:00:00
C019954,seo,51-200,BE,2026-04-27 00:00:00
C019955,seo,200+,FR,2026-05-01 00:00:00
C019956,seo,11-50,FR,2026-02-01 00:00:00
C019957,referral,200+,FR,2026-05-05 00:00:00
C019958,sea,200+,FR,2026-05-30 00:00:00
C019959,seo,51-200,FR,2026-07-10 00:00:00
C019960,direct,51-200,FR,2026-05-21 00:00:00
C019961,seo,11-50,FR,2026-01-10 00:00:00
C019962,direct,51-200,FR,2026-03-21 00:00:00
C019963,sea,1-10,FR,2026-04-19 00:00:00
C019964,sea,11-50,FR,2026-04-22 00:00:00
C019965,sea,200+,FR,2026-07-14 00:00:00
C019966,direct,11-50,BE,2026-04-11 00:00:00
C019967,referral,11-50,FR,2026-02-05 00:00:00
C019968,sea,11-50,FR,2026-06-21 00:00:00
C019969,referral,51-200,FR,2026-03-13 00:00:00
C019970,referral,51-200,FR,2026-01-14 00:00:00
C019971,direct,200+,CA,2026-04-01 00:00:00
C019972,referral,1-10,FR,2026-02-22 00:00:00
C019973,referral,11-50,FR,2026-03-11 00:00:00
C019974,referral,1-10,CA,2026-06-06 00:00:00
C019975,referral,200+,FR,2026-05-30 00:00:00
C019976,sea,11-50,FR,2026-01-03 00:00:00
C019977,sea,1-10,FR,2026-02-23 00:00:00
C019978,referral,1-10,BE,2026-02-19 00:00:00
C019979,seo,1-10,BE,2026-07-07 00:00:00
C019980,direct,1-10,FR,2026-06-17 00:00:00
C019981,seo,11-50,FR,2026-02-25 00:00:00
C019982,seo,11-50,CA,2026-03-19 00:00:00
C019983,seo,1-10,CA,2026-01-19 00:00:00
C019984,sea,1-10,FR,2026-03-20 00:00:00
C019985,direct,1-10,BE,2026-01-01 00:00:00
C019986,referral,1-10,CH,2026-03-13 00:00:00
C019987,sea,51-200,FR,2026-07-13 00:00:00
C019988,referral,11-50,FR,2026-01-13 00:00:00
C019989,sea,51-200,FR,2026-04-21 00:00:00
C019990,direct,1-10,FR,2026-07-16 00:00:00
C019991,referral,1-10,CH,2026-02-03 00:00:00
C019992,sea,51-200,CA,2026-01-31 00:00:00
C019993,referral,11-50,FR,2026-02-21 00:00:00
C019994,seo,200+,CH,2026-02-01 00:00:00
C019995,sea,1-10,CA,2026-07-04 00:00:00
C019996,seo,200+,BE,2026-06-13 00:00:00
C019997,seo,200+,FR,2026-03-26 00:00:00
C019998,sea,11-50,FR,2026-04-02 00:00:00
C019999,seo,1-10,FR,2026-03-11 00:00:00
C020000,seo,51-200,FR,2026-01-10 00:00:00
