verbatim_id,client_id,canal,date,texte,service_destinataire
V000000,69620,chat,2026-03-29 00:00:00,la qualite n est pas au rendez vous,produit
V000001,53401,chat,2025-10-03 00:00:00,promotion interessante ce mois ci,prix
V000002,73230,chat,2025-06-16 00:00:00,conseiller tres aimable et efficace,contact
V000003,1045,enquete,2025-07-17 00:00:00,personne ne repond au telephone,contact
V000004,38796,chat,2026-07-18 00:00:00,promotion interessante ce mois ci,prix
V000005,11846,chat,2026-03-27 00:00:00,delai de livraison beaucoup trop long,livraison
V000006,62769,chat,2026-03-15 00:00:00,procedure de retour incomprehensible,retour
V000007,77492,reclamation,2025-12-07 00:00:00,promotion interessante ce mois ci,prix
V000008,22380,reclamation,2025-07-25 00:00:00,conseiller tres aimable et efficace,contact
V000009,17049,chat,2026-06-24 00:00:00,conseiller tres aimable et efficace,contact
V000010,73024,chat,2025-08-31 00:00:00,personne ne repond au telephone,contact
V000011,6340,chat,2025-05-18 00:00:00,la qualite n est pas au rendez vous,produit
V000012,29611,avis,2025-10-21 00:00:00,article conforme et solide,produit
V000013,8918,chat,2025-06-03 00:00:00,la qualite n est pas au rendez vous,produit
V000014,4981,reclamation,2026-06-17 00:00:00,article conforme et solide,produit
V000015,11355,enquete,2025-09-02 00:00:00,impossible de joindre le service client,contact
V000016,30165,enquete,2025-10-12 00:00:00,livraison pas rapide du tout,livraison
V000017,48451,enquete,2026-07-21 00:00:00,promotion interessante ce mois ci,prix
V000018,61023,chat,2026-03-12 00:00:00,bon rapport qualite prix,prix
V000019,166,avis,2026-04-30 00:00:00,livraison pas rapide du tout,livraison
V000020,21398,reclamation,2026-05-27 00:00:00,impossible de joindre le service client,contact
V000021,53019,avis,2026-07-30 00:00:00,promotion interessante ce mois ci,prix
V000022,17566,avis,2025-08-24 00:00:00,les prix ont augmente,prix
V000023,17695,enquete,2025-10-18 00:00:00,le colis est arrive en retard,livraison
V000024,62563,reclamation,2025-11-23 00:00:00,article conforme et solide,produit
V000025,20790,avis,2026-04-26 00:00:00,bon rapport qualite prix,prix
V000026,25833,chat,2025-08-25 00:00:00,impossible de retourner l article,retour
V000027,7547,reclamation,2025-05-31 00:00:00,le colis est arrive en retard,livraison
V000028,10066,reclamation,2025-05-25 00:00:00,le colis est arrive en retard,livraison
V000029,1029,chat,2025-11-14 00:00:00,bon rapport qualite prix,prix
V000030,45751,enquete,2025-07-19 00:00:00,personne ne repond au telephone,contact
V000031,3607,avis,2025-06-03 00:00:00,bon rapport qualite prix,prix
V000032,45513,enquete,2026-03-02 00:00:00,le produit ne correspond pas a la photo,produit
V000033,22294,reclamation,2026-07-17 00:00:00,bon rapport qualite prix,prix
V000034,38782,avis,2025-08-11 00:00:00,promotion interessante ce mois ci,prix
V000035,55870,enquete,2026-03-09 00:00:00,promotion interessante ce mois ci,prix
V000036,71735,reclamation,2026-03-07 00:00:00,promotion interessante ce mois ci,prix
V000037,2999,chat,2026-03-15 00:00:00,bon rapport qualite prix,prix
V000038,10327,avis,2025-08-20 00:00:00,bon rapport qualite prix,prix
V000039,78823,reclamation,2026-06-05 00:00:00,impossible de joindre le service client,contact
V000040,61333,avis,2025-12-05 00:00:00,le produit ne correspond pas a la photo,produit
V000041,68476,enquete,2025-06-22 00:00:00,le colis est arrive en retard,livraison
V000042,46529,avis,2025-11-14 00:00:00,promotion interessante ce mois ci,prix
V000043,454,reclamation,2025-10-02 00:00:00,article conforme et solide,produit
V000044,40032,enquete,2025-11-09 00:00:00,livraison pas rapide du tout,livraison
V000045,61111,avis,2025-11-07 00:00:00,le produit ne correspond pas a la photo,produit
V000046,59906,avis,2025-12-18 00:00:00,promotion interessante ce mois ci,prix
V000047,54366,enquete,2025-07-18 00:00:00,conseiller tres aimable et efficace,contact
V000048,40074,chat,2025-12-21 00:00:00,impossible de retourner l article,retour
V000049,2230,avis,2026-01-02 00:00:00,conseiller tres aimable et efficace,contact
V000050,29514,avis,2025-11-16 00:00:00,delai de livraison beaucoup trop long,livraison
V000051,42832,enquete,2025-08-28 00:00:00,promotion interessante ce mois ci,prix
V000052,12441,avis,2026-06-14 00:00:00,promotion interessante ce mois ci,prix
V000053,34473,chat,2026-06-04 00:00:00,le remboursement n arrive pas,retour
V000054,2802,chat,2026-05-13 00:00:00,bon rapport qualite prix,prix
V000055,50300,enquete,2025-05-11 00:00:00,la qualite n est pas au rendez vous,produit
V000056,16922,chat,2025-09-09 00:00:00,la qualite n est pas au rendez vous,produit
V000057,61099,reclamation,2026-04-06 00:00:00,livraison pas rapide du tout,livraison
V000058,72116,reclamation,2026-01-30 00:00:00,impossible de retourner l article,retour
V000059,72971,reclamation,2025-09-30 00:00:00,livraison pas rapide du tout,livraison
V000060,45415,enquete,2026-06-18 00:00:00,promotion interessante ce mois ci,prix
V000061,19914,avis,2025-10-16 00:00:00,article conforme et solide,produit
V000062,75701,chat,2026-02-19 00:00:00,le remboursement n arrive pas,retour
V000063,50674,reclamation,2026-04-24 00:00:00,personne ne repond au telephone,contact
V000064,56396,enquete,2025-11-24 00:00:00,impossible de retourner l article,retour
V000065,30448,chat,2026-06-11 00:00:00,impossible de joindre le service client,contact
V000066,25853,reclamation,2025-10-02 00:00:00,promotion interessante ce mois ci,prix
V000067,72984,enquete,2025-07-29 00:00:00,promotion interessante ce mois ci,prix
V000068,28356,avis,2026-06-09 00:00:00,conseiller tres aimable et efficace,contact
V000069,28789,chat,2025-09-02 00:00:00,impossible de retourner l article,retour
V000070,9407,avis,2025-10-26 00:00:00,impossible de retourner l article,retour
V000071,46398,reclamation,2025-07-09 00:00:00,personne ne repond au telephone,contact
V000072,31107,chat,2025-05-06 00:00:00,bon rapport qualite prix,prix
V000073,67528,reclamation,2026-05-04 00:00:00,conseiller tres aimable et efficace,contact
V000074,17839,reclamation,2026-01-23 00:00:00,le produit ne correspond pas a la photo,produit
V000075,68703,chat,2025-10-22 00:00:00,le produit ne correspond pas a la photo,produit
V000076,33436,enquete,2025-05-08 00:00:00,impossible de retourner l article,retour
V000077,11841,chat,2025-11-17 00:00:00,personne ne repond au telephone,contact
V000078,65553,chat,2026-04-08 00:00:00,delai de livraison beaucoup trop long,livraison
V000079,11119,enquete,2026-01-01 00:00:00,delai de livraison beaucoup trop long,livraison
V000080,78079,reclamation,2026-03-24 00:00:00,livraison pas rapide du tout,livraison
V000081,25683,reclamation,2026-04-22 00:00:00,promotion interessante ce mois ci,prix
V000082,13414,enquete,2025-12-04 00:00:00,personne ne repond au telephone,contact
V000083,24109,chat,2025-09-01 00:00:00,promotion interessante ce mois ci,prix
V000084,55052,avis,2026-01-29 00:00:00,promotion interessante ce mois ci,prix
V000085,57504,chat,2025-09-08 00:00:00,le colis est arrive en retard,livraison
V000086,59857,reclamation,2026-03-18 00:00:00,livraison pas rapide du tout,livraison
V000087,36244,enquete,2025-07-14 00:00:00,livraison pas rapide du tout,livraison
V000088,25363,enquete,2026-06-15 00:00:00,promotion interessante ce mois ci,prix
V000089,40996,chat,2025-10-16 00:00:00,procedure de retour incomprehensible,retour
V000090,37185,avis,2026-02-16 00:00:00,livraison pas rapide du tout,livraison
V000091,3093,avis,2025-11-23 00:00:00,conseiller tres aimable et efficace,contact
V000092,67002,chat,2025-12-09 00:00:00,delai de livraison beaucoup trop long,livraison
V000093,28477,reclamation,2026-06-24 00:00:00,promotion interessante ce mois ci,prix
V000094,61045,avis,2026-01-08 00:00:00,article conforme et solide,produit
V000095,9749,enquete,2025-09-13 00:00:00,personne ne repond au telephone,contact
V000096,53789,enquete,2026-06-16 00:00:00,article conforme et solide,produit
V000097,6379,enquete,2026-06-27 00:00:00,conseiller tres aimable et efficace,contact
V000098,23095,avis,2025-06-01 00:00:00,delai de livraison beaucoup trop long,livraison
V000099,37935,chat,2025-04-26 00:00:00,le remboursement n arrive pas,retour
V000100,34940,chat,2025-11-23 00:00:00,bon rapport qualite prix,prix
V000101,19169,chat,2026-05-01 00:00:00,impossible de joindre le service client,contact
V000102,19344,reclamation,2025-05-11 00:00:00,personne ne repond au telephone,contact
V000103,15377,enquete,2026-01-01 00:00:00,livraison pas rapide du tout,livraison
V000104,15064,chat,2026-08-16 00:00:00,personne ne repond au telephone,contact
V000105,60073,enquete,2025-11-04 00:00:00,les prix ont augmente,prix
V000106,58638,enquete,2025-04-29 00:00:00,delai de livraison beaucoup trop long,livraison
V000107,61884,reclamation,2026-08-12 00:00:00,la qualite n est pas au rendez vous,produit
V000108,40347,reclamation,2026-05-14 00:00:00,le produit ne correspond pas a la photo,produit
V000109,71066,enquete,2026-06-17 00:00:00,la qualite n est pas au rendez vous,produit
V000110,69447,chat,2026-03-05 00:00:00,les prix ont augmente,prix
V000111,38853,avis,2026-05-02 00:00:00,impossible de joindre le service client,contact
V000112,36542,reclamation,2025-12-03 00:00:00,article conforme et solide,produit
V000113,37079,enquete,2025-10-14 00:00:00,la qualite n est pas au rendez vous,produit
V000114,59858,avis,2025-10-31 00:00:00,article conforme et solide,produit
V000115,42543,reclamation,2026-02-21 00:00:00,article conforme et solide,produit
V000116,39478,reclamation,2025-11-14 00:00:00,personne ne repond au telephone,contact
V000117,14449,enquete,2025-06-12 00:00:00,personne ne repond au telephone,contact
V000118,6042,chat,2026-07-06 00:00:00,les prix ont augmente,prix
V000119,2168,avis,2025-09-23 00:00:00,personne ne repond au telephone,contact
V000120,64029,reclamation,2025-12-02 00:00:00,impossible de retourner l article,retour
V000121,4559,chat,2025-07-16 00:00:00,conseiller tres aimable et efficace,contact
V000122,4778,avis,2026-02-07 00:00:00,livraison pas rapide du tout,livraison
V000123,13413,avis,2026-05-03 00:00:00,livraison pas rapide du tout,livraison
V000124,28254,chat,2026-06-10 00:00:00,le colis est arrive en retard,livraison
V000125,1914,enquete,2025-11-03 00:00:00,le produit ne correspond pas a la photo,produit
V000126,38783,chat,2026-07-05 00:00:00,impossible de retourner l article,retour
V000127,20363,reclamation,2026-03-17 00:00:00,bon rapport qualite prix,prix
V000128,57016,reclamation,2026-02-10 00:00:00,promotion interessante ce mois ci,prix
V000129,11147,avis,2026-01-21 00:00:00,procedure de retour incomprehensible,retour
V000130,69069,enquete,2026-05-14 00:00:00,article conforme et solide,produit
V000131,7885,avis,2025-04-30 00:00:00,la qualite n est pas au rendez vous,produit
V000132,2326,avis,2025-05-31 00:00:00,impossible de joindre le service client,contact
V000133,52689,chat,2025-10-02 00:00:00,procedure de retour incomprehensible,retour
V000134,55490,avis,2025-04-18 00:00:00,les prix ont augmente,prix
V000135,54951,reclamation,2026-01-04 00:00:00,impossible de retourner l article,retour
V000136,14275,reclamation,2026-04-03 00:00:00,le remboursement n arrive pas,retour
V000137,30350,enquete,2026-06-14 00:00:00,le remboursement n arrive pas,retour
V000138,70943,reclamation,2025-12-09 00:00:00,bon rapport qualite prix,prix
V000139,76635,enquete,2026-07-24 00:00:00,delai de livraison beaucoup trop long,livraison
V000140,26459,reclamation,2026-07-15 00:00:00,personne ne repond au telephone,contact
V000141,35955,chat,2025-09-17 00:00:00,personne ne repond au telephone,contact
V000142,5022,chat,2026-04-22 00:00:00,le colis est arrive en retard,livraison
V000143,11248,avis,2026-07-27 00:00:00,les prix ont augmente,prix
V000144,77744,reclamation,2026-06-17 00:00:00,le remboursement n arrive pas,retour
V000145,23594,avis,2025-08-06 00:00:00,personne ne repond au telephone,contact
V000146,64672,avis,2025-07-13 00:00:00,impossible de retourner l article,retour
V000147,1742,enquete,2026-08-12 00:00:00,delai de livraison beaucoup trop long,livraison
V000148,74347,chat,2025-06-27 00:00:00,le remboursement n arrive pas,retour
V000149,20470,avis,2026-05-05 00:00:00,le colis est arrive en retard,livraison
V000150,45475,chat,2026-06-24 00:00:00,le colis est arrive en retard,livraison
V000151,50565,enquete,2026-03-25 00:00:00,les prix ont augmente,prix
V000152,18373,chat,2025-06-03 00:00:00,procedure de retour incomprehensible,retour
V000153,71434,reclamation,2025-07-17 00:00:00,impossible de retourner l article,retour
V000154,33950,enquete,2025-11-26 00:00:00,delai de livraison beaucoup trop long,livraison
V000155,15647,reclamation,2025-11-16 00:00:00,promotion interessante ce mois ci,prix
V000156,54795,enquete,2025-12-26 00:00:00,les prix ont augmente,prix
V000157,55066,chat,2026-05-28 00:00:00,le remboursement n arrive pas,retour
V000158,34463,enquete,2026-01-10 00:00:00,article conforme et solide,produit
V000159,40831,avis,2026-03-14 00:00:00,conseiller tres aimable et efficace,contact
V000160,7230,reclamation,2026-03-28 00:00:00,promotion interessante ce mois ci,prix
V000161,2712,reclamation,2025-09-27 00:00:00,le produit ne correspond pas a la photo,produit
V000162,3358,avis,2026-05-22 00:00:00,procedure de retour incomprehensible,retour
V000163,79060,enquete,2025-05-01 00:00:00,conseiller tres aimable et efficace,contact
V000164,37762,avis,2025-05-20 00:00:00,livraison pas rapide du tout,livraison
V000165,51452,avis,2025-11-08 00:00:00,les prix ont augmente,prix
V000166,59798,avis,2026-04-23 00:00:00,les prix ont augmente,prix
V000167,72436,reclamation,2026-02-11 00:00:00,livraison pas rapide du tout,livraison
V000168,4927,reclamation,2026-01-11 00:00:00,delai de livraison beaucoup trop long,livraison
V000169,70063,avis,2025-05-14 00:00:00,article conforme et solide,produit
V000170,3050,enquete,2025-07-21 00:00:00,la qualite n est pas au rendez vous,produit
V000171,45107,reclamation,2025-06-17 00:00:00,le colis est arrive en retard,livraison
V000172,34631,avis,2026-06-11 00:00:00,conseiller tres aimable et efficace,contact
V000173,61987,chat,2025-11-06 00:00:00,impossible de joindre le service client,contact
V000174,7631,enquete,2025-10-27 00:00:00,la qualite n est pas au rendez vous,produit
V000175,58025,avis,2025-04-13 00:00:00,les prix ont augmente,prix
V000176,69042,reclamation,2026-07-14 00:00:00,la qualite n est pas au rendez vous,produit
V000177,27721,chat,2026-01-07 00:00:00,impossible de retourner l article,retour
V000178,18523,chat,2025-08-22 00:00:00,promotion interessante ce mois ci,prix
V000179,56449,avis,2025-12-18 00:00:00,impossible de retourner l article,retour
V000180,24379,chat,2025-07-11 00:00:00,impossible de retourner l article,retour
V000181,52857,avis,2025-08-22 00:00:00,promotion interessante ce mois ci,prix
V000182,8912,reclamation,2026-05-09 00:00:00,le remboursement n arrive pas,retour
V000183,57112,enquete,2026-06-28 00:00:00,impossible de retourner l article,retour
V000184,55299,reclamation,2026-02-16 00:00:00,delai de livraison beaucoup trop long,livraison
V000185,72539,enquete,2025-06-14 00:00:00,personne ne repond au telephone,contact
V000186,63401,reclamation,2026-02-13 00:00:00,promotion interessante ce mois ci,prix
V000187,3437,avis,2025-04-11 00:00:00,promotion interessante ce mois ci,prix
V000188,5735,enquete,2025-07-22 00:00:00,impossible de joindre le service client,contact
V000189,18722,enquete,2026-05-19 00:00:00,impossible de retourner l article,retour
V000190,55458,enquete,2026-05-25 00:00:00,procedure de retour incomprehensible,retour
V000191,7516,avis,2026-05-31 00:00:00,les prix ont augmente,prix
V000192,77415,chat,2026-06-26 00:00:00,article conforme et solide,produit
V000193,38741,reclamation,2026-03-16 00:00:00,bon rapport qualite prix,prix
V000194,65053,enquete,2025-12-27 00:00:00,livraison pas rapide du tout,livraison
V000195,17143,enquete,2025-10-04 00:00:00,bon rapport qualite prix,prix
V000196,70299,avis,2026-05-07 00:00:00,procedure de retour incomprehensible,retour
V000197,71621,avis,2025-07-27 00:00:00,personne ne repond au telephone,contact
V000198,59080,avis,2026-02-16 00:00:00,procedure de retour incomprehensible,retour
V000199,72625,avis,2026-06-09 00:00:00,le remboursement n arrive pas,retour
V000200,16316,avis,2026-02-20 00:00:00,personne ne repond au telephone,contact
V000201,1611,reclamation,2025-05-15 00:00:00,la qualite n est pas au rendez vous,produit
V000202,21877,enquete,2025-06-27 00:00:00,delai de livraison beaucoup trop long,livraison
V000203,43941,avis,2025-05-25 00:00:00,livraison pas rapide du tout,livraison
V000204,67437,avis,2026-05-29 00:00:00,promotion interessante ce mois ci,prix
V000205,79858,chat,2026-03-13 00:00:00,delai de livraison beaucoup trop long,livraison
V000206,54043,reclamation,2025-10-12 00:00:00,promotion interessante ce mois ci,prix
V000207,4523,reclamation,2026-03-25 00:00:00,promotion interessante ce mois ci,prix
V000208,7095,enquete,2026-03-07 00:00:00,bon rapport qualite prix,prix
V000209,74517,reclamation,2025-05-25 00:00:00,la qualite n est pas au rendez vous,produit
V000210,1151,chat,2025-11-02 00:00:00,le remboursement n arrive pas,retour
V000211,43610,avis,2026-08-16 00:00:00,bon rapport qualite prix,prix
V000212,16866,enquete,2026-02-15 00:00:00,personne ne repond au telephone,contact
V000213,3456,chat,2025-07-05 00:00:00,bon rapport qualite prix,prix
V000214,58867,avis,2026-08-15 00:00:00,les prix ont augmente,prix
V000215,55963,reclamation,2025-08-02 00:00:00,procedure de retour incomprehensible,retour
V000216,67380,reclamation,2026-03-10 00:00:00,le produit ne correspond pas a la photo,produit
V000217,52478,chat,2025-11-14 00:00:00,delai de livraison beaucoup trop long,livraison
V000218,57385,enquete,2026-06-07 00:00:00,le colis est arrive en retard,livraison
V000219,17015,chat,2026-02-10 00:00:00,conseiller tres aimable et efficace,contact
V000220,29043,enquete,2026-02-08 00:00:00,impossible de joindre le service client,contact
V000221,29791,avis,2025-10-10 00:00:00,les prix ont augmente,prix
V000222,71211,avis,2026-01-01 00:00:00,le produit ne correspond pas a la photo,produit
V000223,78794,chat,2025-07-27 00:00:00,impossible de retourner l article,retour
V000224,54840,chat,2026-04-21 00:00:00,promotion interessante ce mois ci,prix
V000225,50632,chat,2025-11-11 00:00:00,le remboursement n arrive pas,retour
V000226,74391,reclamation,2025-08-05 00:00:00,conseiller tres aimable et efficace,contact
V000227,50259,chat,2025-08-03 00:00:00,personne ne repond au telephone,contact
V000228,53233,reclamation,2025-12-26 00:00:00,procedure de retour incomprehensible,retour
V000229,78383,reclamation,2025-07-05 00:00:00,la qualite n est pas au rendez vous,produit
V000230,29859,chat,2025-04-24 00:00:00,impossible de retourner l article,retour
V000231,59352,chat,2025-12-08 00:00:00,le produit ne correspond pas a la photo,produit
V000232,54535,enquete,2026-05-18 00:00:00,livraison pas rapide du tout,livraison
V000233,5060,chat,2026-08-19 00:00:00,procedure de retour incomprehensible,retour
V000234,79273,enquete,2026-02-10 00:00:00,la qualite n est pas au rendez vous,produit
V000235,19340,chat,2026-05-27 00:00:00,livraison pas rapide du tout,livraison
V000236,35998,chat,2026-05-30 00:00:00,promotion interessante ce mois ci,prix
V000237,15996,enquete,2026-06-17 00:00:00,delai de livraison beaucoup trop long,livraison
V000238,57589,reclamation,2025-12-27 00:00:00,impossible de retourner l article,retour
V000239,42969,chat,2026-04-03 00:00:00,impossible de joindre le service client,contact
V000240,66237,avis,2026-02-01 00:00:00,procedure de retour incomprehensible,retour
V000241,74669,avis,2025-05-16 00:00:00,les prix ont augmente,prix
V000242,16355,enquete,2025-05-04 00:00:00,le remboursement n arrive pas,retour
V000243,10939,avis,2025-06-11 00:00:00,livraison pas rapide du tout,livraison
V000244,75266,reclamation,2026-04-19 00:00:00,promotion interessante ce mois ci,prix
V000245,49269,enquete,2026-06-21 00:00:00,bon rapport qualite prix,prix
V000246,68279,chat,2026-04-13 00:00:00,le produit ne correspond pas a la photo,produit
V000247,78899,chat,2026-04-01 00:00:00,bon rapport qualite prix,prix
V000248,31894,chat,2025-06-06 00:00:00,personne ne repond au telephone,contact
V000249,36105,chat,2025-09-06 00:00:00,impossible de retourner l article,retour
V000250,41796,enquete,2025-12-07 00:00:00,procedure de retour incomprehensible,retour
V000251,64942,enquete,2025-10-08 00:00:00,impossible de retourner l article,retour
V000252,18175,reclamation,2026-03-31 00:00:00,promotion interessante ce mois ci,prix
V000253,23789,avis,2026-01-19 00:00:00,livraison pas rapide du tout,livraison
V000254,74516,chat,2026-04-04 00:00:00,promotion interessante ce mois ci,prix
V000255,20709,reclamation,2025-12-20 00:00:00,impossible de retourner l article,retour
V000256,27330,reclamation,2026-06-01 00:00:00,le remboursement n arrive pas,retour
V000257,53101,enquete,2025-04-08 00:00:00,le colis est arrive en retard,livraison
V000258,6086,reclamation,2026-02-28 00:00:00,les prix ont augmente,prix
V000259,35894,enquete,2026-01-11 00:00:00,impossible de joindre le service client,contact
V000260,32257,avis,2025-12-10 00:00:00,bon rapport qualite prix,prix
V000261,29188,reclamation,2025-11-13 00:00:00,conseiller tres aimable et efficace,contact
V000262,8993,reclamation,2026-08-02 00:00:00,livraison pas rapide du tout,livraison
V000263,79063,avis,2025-10-26 00:00:00,impossible de joindre le service client,contact
V000264,62662,chat,2026-07-28 00:00:00,personne ne repond au telephone,contact
V000265,11526,reclamation,2026-01-01 00:00:00,la qualite n est pas au rendez vous,produit
V000266,39331,reclamation,2026-02-21 00:00:00,bon rapport qualite prix,prix
V000267,39027,avis,2025-11-13 00:00:00,promotion interessante ce mois ci,prix
V000268,11283,avis,2026-08-18 00:00:00,conseiller tres aimable et efficace,contact
V000269,43151,avis,2026-03-16 00:00:00,le remboursement n arrive pas,retour
V000270,4944,avis,2026-05-12 00:00:00,article conforme et solide,produit
V000271,21411,chat,2025-04-24 00:00:00,livraison pas rapide du tout,livraison
V000272,53299,enquete,2025-09-02 00:00:00,conseiller tres aimable et efficace,contact
V000273,33151,enquete,2026-06-11 00:00:00,livraison pas rapide du tout,livraison
V000274,30706,avis,2026-04-18 00:00:00,le remboursement n arrive pas,retour
V000275,46445,enquete,2025-12-03 00:00:00,impossible de retourner l article,retour
V000276,17427,chat,2026-03-13 00:00:00,le produit ne correspond pas a la photo,produit
V000277,22289,avis,2025-11-14 00:00:00,procedure de retour incomprehensible,retour
V000278,27267,avis,2025-12-30 00:00:00,conseiller tres aimable et efficace,contact
V000279,57387,avis,2025-06-22 00:00:00,article conforme et solide,produit
V000280,27962,chat,2025-07-06 00:00:00,le remboursement n arrive pas,retour
V000281,36136,avis,2026-06-29 00:00:00,conseiller tres aimable et efficace,contact
V000282,62547,enquete,2025-07-03 00:00:00,le remboursement n arrive pas,retour
V000283,41782,reclamation,2025-07-07 00:00:00,bon rapport qualite prix,prix
V000284,65998,reclamation,2025-09-18 00:00:00,conseiller tres aimable et efficace,contact
V000285,1762,chat,2026-01-04 00:00:00,bon rapport qualite prix,prix
V000286,30474,avis,2025-08-09 00:00:00,la qualite n est pas au rendez vous,produit
V000287,65216,avis,2025-08-14 00:00:00,personne ne repond au telephone,contact
V000288,21393,chat,2026-05-29 00:00:00,bon rapport qualite prix,prix
V000289,58331,reclamation,2025-05-07 00:00:00,bon rapport qualite prix,prix
V000290,68825,enquete,2026-02-06 00:00:00,impossible de joindre le service client,contact
V000291,35147,reclamation,2026-02-25 00:00:00,le produit ne correspond pas a la photo,produit
V000292,69792,avis,2025-11-11 00:00:00,la qualite n est pas au rendez vous,produit
V000293,61655,avis,2025-06-20 00:00:00,les prix ont augmente,prix
V000294,37972,chat,2025-08-01 00:00:00,personne ne repond au telephone,contact
V000295,16883,enquete,2025-06-08 00:00:00,le colis est arrive en retard,livraison
V000296,30719,avis,2026-06-17 00:00:00,article conforme et solide,produit
V000297,47974,reclamation,2025-09-23 00:00:00,livraison pas rapide du tout,livraison
V000298,14781,enquete,2026-01-29 00:00:00,le colis est arrive en retard,livraison
V000299,75315,avis,2025-12-19 00:00:00,les prix ont augmente,prix
V000300,61643,chat,2025-07-29 00:00:00,conseiller tres aimable et efficace,contact
V000301,40497,chat,2025-08-05 00:00:00,delai de livraison beaucoup trop long,livraison
V000302,24479,chat,2025-10-11 00:00:00,promotion interessante ce mois ci,prix
V000303,25421,enquete,2026-07-03 00:00:00,le remboursement n arrive pas,retour
V000304,21075,reclamation,2025-07-02 00:00:00,le remboursement n arrive pas,retour
V000305,67039,chat,2025-06-11 00:00:00,le remboursement n arrive pas,retour
V000306,24607,avis,2025-12-31 00:00:00,delai de livraison beaucoup trop long,livraison
V000307,30258,enquete,2025-07-22 00:00:00,personne ne repond au telephone,contact
V000308,35201,enquete,2025-11-23 00:00:00,le remboursement n arrive pas,retour
V000309,39576,avis,2025-11-17 00:00:00,bon rapport qualite prix,prix
V000310,39670,avis,2025-05-22 00:00:00,impossible de retourner l article,retour
V000311,36714,avis,2026-01-11 00:00:00,les prix ont augmente,prix
V000312,38965,chat,2025-06-20 00:00:00,le remboursement n arrive pas,retour
V000313,65868,reclamation,2026-04-12 00:00:00,article conforme et solide,produit
V000314,13164,avis,2026-01-31 00:00:00,delai de livraison beaucoup trop long,livraison
V000315,41162,chat,2026-06-11 00:00:00,procedure de retour incomprehensible,retour
V000316,71419,reclamation,2026-03-16 00:00:00,le produit ne correspond pas a la photo,produit
V000317,11005,enquete,2025-08-24 00:00:00,impossible de joindre le service client,contact
V000318,11786,avis,2025-12-17 00:00:00,impossible de retourner l article,retour
V000319,71887,enquete,2025-10-03 00:00:00,le produit ne correspond pas a la photo,produit
V000320,16105,chat,2025-05-12 00:00:00,le colis est arrive en retard,livraison
V000321,72532,avis,2025-06-28 00:00:00,procedure de retour incomprehensible,retour
V000322,11567,reclamation,2026-04-13 00:00:00,le remboursement n arrive pas,retour
V000323,33608,reclamation,2026-06-09 00:00:00,article conforme et solide,produit
V000324,42723,enquete,2025-08-28 00:00:00,procedure de retour incomprehensible,retour
V000325,7546,chat,2026-07-30 00:00:00,conseiller tres aimable et efficace,contact
V000326,51349,enquete,2026-07-14 00:00:00,delai de livraison beaucoup trop long,livraison
V000327,8261,chat,2026-01-27 00:00:00,le colis est arrive en retard,livraison
V000328,19506,reclamation,2025-11-02 00:00:00,promotion interessante ce mois ci,prix
V000329,27841,chat,2026-01-28 00:00:00,le colis est arrive en retard,livraison
V000330,47515,enquete,2025-04-21 00:00:00,les prix ont augmente,prix
V000331,60284,enquete,2025-07-24 00:00:00,le colis est arrive en retard,livraison
V000332,10601,enquete,2025-05-05 00:00:00,impossible de retourner l article,retour
V000333,39239,reclamation,2025-12-27 00:00:00,promotion interessante ce mois ci,prix
V000334,13952,chat,2025-04-27 00:00:00,impossible de retourner l article,retour
V000335,1531,reclamation,2025-08-11 00:00:00,article conforme et solide,produit
V000336,60363,chat,2025-10-13 00:00:00,bon rapport qualite prix,prix
V000337,4515,chat,2026-03-14 00:00:00,bon rapport qualite prix,prix
V000338,74060,reclamation,2025-11-11 00:00:00,conseiller tres aimable et efficace,contact
V000339,2381,avis,2025-11-24 00:00:00,personne ne repond au telephone,contact
V000340,25731,avis,2025-07-05 00:00:00,delai de livraison beaucoup trop long,livraison
V000341,35613,reclamation,2025-06-02 00:00:00,article conforme et solide,produit
V000342,70964,chat,2025-12-01 00:00:00,conseiller tres aimable et efficace,contact
V000343,14701,reclamation,2025-12-01 00:00:00,les prix ont augmente,prix
V000344,49319,reclamation,2025-08-04 00:00:00,les prix ont augmente,prix
V000345,52120,enquete,2025-12-24 00:00:00,conseiller tres aimable et efficace,contact
V000346,28832,reclamation,2026-06-28 00:00:00,les prix ont augmente,prix
V000347,727,avis,2025-11-13 00:00:00,la qualite n est pas au rendez vous,produit
V000348,68763,enquete,2026-02-06 00:00:00,impossible de retourner l article,retour
V000349,29053,enquete,2026-06-18 00:00:00,le produit ne correspond pas a la photo,produit
V000350,54550,reclamation,2026-05-02 00:00:00,bon rapport qualite prix,prix
V000351,49094,avis,2025-09-08 00:00:00,impossible de joindre le service client,contact
V000352,17393,avis,2025-05-15 00:00:00,impossible de joindre le service client,contact
V000353,65090,chat,2025-07-14 00:00:00,delai de livraison beaucoup trop long,livraison
V000354,28240,reclamation,2025-11-17 00:00:00,delai de livraison beaucoup trop long,livraison
V000355,41721,avis,2026-08-19 00:00:00,promotion interessante ce mois ci,prix
V000356,20480,enquete,2026-05-19 00:00:00,personne ne repond au telephone,contact
V000357,64933,avis,2025-08-11 00:00:00,le remboursement n arrive pas,retour
V000358,73887,enquete,2025-04-11 00:00:00,la qualite n est pas au rendez vous,produit
V000359,48940,chat,2025-10-13 00:00:00,impossible de joindre le service client,contact
V000360,35717,enquete,2026-02-04 00:00:00,personne ne repond au telephone,contact
V000361,15064,avis,2026-03-10 00:00:00,la qualite n est pas au rendez vous,produit
V000362,35802,chat,2026-06-27 00:00:00,delai de livraison beaucoup trop long,livraison
V000363,29460,reclamation,2026-04-03 00:00:00,promotion interessante ce mois ci,prix
V000364,61093,enquete,2026-06-22 00:00:00,les prix ont augmente,prix
V000365,21067,chat,2025-11-25 00:00:00,delai de livraison beaucoup trop long,livraison
V000366,71800,chat,2026-06-08 00:00:00,le produit ne correspond pas a la photo,produit
V000367,48571,avis,2026-01-23 00:00:00,bon rapport qualite prix,prix
V000368,18362,avis,2026-04-24 00:00:00,le remboursement n arrive pas,retour
V000369,14990,reclamation,2026-06-21 00:00:00,le produit ne correspond pas a la photo,produit
V000370,19168,chat,2026-06-18 00:00:00,impossible de retourner l article,retour
V000371,55903,reclamation,2026-05-30 00:00:00,procedure de retour incomprehensible,retour
V000372,59111,avis,2025-12-24 00:00:00,promotion interessante ce mois ci,prix
V000373,56184,avis,2025-09-25 00:00:00,le remboursement n arrive pas,retour
V000374,38513,enquete,2025-06-09 00:00:00,procedure de retour incomprehensible,retour
V000375,11390,enquete,2026-05-09 00:00:00,le remboursement n arrive pas,retour
V000376,53187,chat,2025-12-27 00:00:00,le produit ne correspond pas a la photo,produit
V000377,76078,enquete,2026-04-08 00:00:00,livraison pas rapide du tout,livraison
V000378,48265,enquete,2025-06-02 00:00:00,promotion interessante ce mois ci,prix
V000379,52271,enquete,2025-07-05 00:00:00,impossible de retourner l article,retour
V000380,48755,reclamation,2026-03-29 00:00:00,impossible de retourner l article,retour
V000381,6510,enquete,2026-07-05 00:00:00,impossible de joindre le service client,contact
V000382,27402,enquete,2025-07-25 00:00:00,le produit ne correspond pas a la photo,produit
V000383,76007,avis,2025-07-22 00:00:00,livraison pas rapide du tout,livraison
V000384,50748,enquete,2025-07-08 00:00:00,personne ne repond au telephone,contact
V000385,10414,chat,2025-09-18 00:00:00,procedure de retour incomprehensible,retour
V000386,77852,enquete,2025-06-14 00:00:00,le remboursement n arrive pas,retour
V000387,76889,avis,2025-08-13 00:00:00,personne ne repond au telephone,contact
V000388,75396,avis,2025-06-27 00:00:00,impossible de joindre le service client,contact
V000389,69218,avis,2025-12-22 00:00:00,la qualite n est pas au rendez vous,produit
V000390,79939,enquete,2026-04-05 00:00:00,le colis est arrive en retard,livraison
V000391,63494,enquete,2026-01-01 00:00:00,procedure de retour incomprehensible,retour
V000392,13182,avis,2025-07-19 00:00:00,la qualite n est pas au rendez vous,produit
V000393,47613,avis,2025-12-08 00:00:00,les prix ont augmente,prix
V000394,20906,chat,2025-06-09 00:00:00,bon rapport qualite prix,prix
V000395,57945,reclamation,2026-01-15 00:00:00,procedure de retour incomprehensible,retour
V000396,63566,chat,2026-03-25 00:00:00,conseiller tres aimable et efficace,contact
V000397,51319,avis,2025-11-23 00:00:00,les prix ont augmente,prix
V000398,10268,reclamation,2025-09-17 00:00:00,les prix ont augmente,prix
V000399,28959,reclamation,2026-04-26 00:00:00,impossible de joindre le service client,contact
V000400,73037,avis,2026-07-18 00:00:00,promotion interessante ce mois ci,prix
V000401,64240,enquete,2025-05-13 00:00:00,delai de livraison beaucoup trop long,livraison
V000402,1888,reclamation,2025-12-27 00:00:00,delai de livraison beaucoup trop long,livraison
V000403,53931,reclamation,2025-08-09 00:00:00,la qualite n est pas au rendez vous,produit
V000404,39496,enquete,2025-10-12 00:00:00,les prix ont augmente,prix
V000405,14778,avis,2026-02-19 00:00:00,bon rapport qualite prix,prix
V000406,17287,reclamation,2026-08-05 00:00:00,livraison pas rapide du tout,livraison
V000407,53141,avis,2026-05-04 00:00:00,livraison pas rapide du tout,livraison
V000408,36547,reclamation,2026-02-20 00:00:00,bon rapport qualite prix,prix
V000409,24384,reclamation,2026-02-10 00:00:00,procedure de retour incomprehensible,retour
V000410,39267,avis,2026-04-21 00:00:00,personne ne repond au telephone,contact
V000411,55711,enquete,2025-11-13 00:00:00,impossible de joindre le service client,contact
V000412,49774,reclamation,2026-04-20 00:00:00,delai de livraison beaucoup trop long,livraison
V000413,25277,avis,2025-12-25 00:00:00,impossible de joindre le service client,contact
V000414,33120,reclamation,2025-07-11 00:00:00,promotion interessante ce mois ci,prix
V000415,33619,enquete,2026-02-27 00:00:00,conseiller tres aimable et efficace,contact
V000416,32137,reclamation,2026-06-29 00:00:00,le colis est arrive en retard,livraison
V000417,64856,reclamation,2026-05-05 00:00:00,personne ne repond au telephone,contact
V000418,59389,chat,2026-04-05 00:00:00,promotion interessante ce mois ci,prix
V000419,3149,chat,2026-02-28 00:00:00,procedure de retour incomprehensible,retour
V000420,3028,avis,2025-07-13 00:00:00,le remboursement n arrive pas,retour
V000421,67673,chat,2025-09-10 00:00:00,personne ne repond au telephone,contact
V000422,30938,avis,2026-03-28 00:00:00,delai de livraison beaucoup trop long,livraison
V000423,21495,reclamation,2026-06-28 00:00:00,impossible de joindre le service client,contact
V000424,57123,enquete,2025-06-21 00:00:00,promotion interessante ce mois ci,prix
V000425,19128,enquete,2025-09-28 00:00:00,la qualite n est pas au rendez vous,produit
V000426,24940,reclamation,2026-08-10 00:00:00,personne ne repond au telephone,contact
V000427,12177,chat,2026-04-25 00:00:00,le remboursement n arrive pas,retour
V000428,5566,avis,2026-03-13 00:00:00,delai de livraison beaucoup trop long,livraison
V000429,19628,chat,2026-06-19 00:00:00,article conforme et solide,produit
V000430,30284,chat,2025-09-04 00:00:00,le produit ne correspond pas a la photo,produit
V000431,10930,enquete,2026-05-29 00:00:00,les prix ont augmente,prix
V000432,63326,chat,2025-05-10 00:00:00,bon rapport qualite prix,prix
V000433,44419,enquete,2025-07-27 00:00:00,impossible de joindre le service client,contact
V000434,24684,reclamation,2026-07-11 00:00:00,personne ne repond au telephone,contact
V000435,61453,chat,2026-06-25 00:00:00,livraison pas rapide du tout,livraison
V000436,35973,chat,2025-06-08 00:00:00,le produit ne correspond pas a la photo,produit
V000437,30831,reclamation,2026-08-06 00:00:00,article conforme et solide,produit
V000438,68428,reclamation,2025-09-06 00:00:00,bon rapport qualite prix,prix
V000439,65194,avis,2025-08-22 00:00:00,le colis est arrive en retard,livraison
V000440,4498,chat,2025-08-10 00:00:00,les prix ont augmente,prix
V000441,76397,reclamation,2026-05-20 00:00:00,le remboursement n arrive pas,retour
V000442,6428,avis,2026-02-16 00:00:00,bon rapport qualite prix,prix
V000443,59499,avis,2025-10-06 00:00:00,le remboursement n arrive pas,retour
V000444,13214,reclamation,2025-07-24 00:00:00,la qualite n est pas au rendez vous,produit
V000445,16629,chat,2026-02-09 00:00:00,les prix ont augmente,prix
V000446,73761,reclamation,2025-07-02 00:00:00,impossible de retourner l article,retour
V000447,70489,reclamation,2026-01-08 00:00:00,la qualite n est pas au rendez vous,produit
V000448,1580,avis,2025-10-04 00:00:00,article conforme et solide,produit
V000449,34296,chat,2025-05-07 00:00:00,les prix ont augmente,prix
V000450,16014,avis,2025-07-02 00:00:00,les prix ont augmente,prix
V000451,64389,reclamation,2025-06-11 00:00:00,bon rapport qualite prix,prix
V000452,57321,chat,2026-04-29 00:00:00,delai de livraison beaucoup trop long,livraison
V000453,3498,chat,2025-06-28 00:00:00,bon rapport qualite prix,prix
V000454,53208,chat,2026-06-12 00:00:00,la qualite n est pas au rendez vous,produit
V000455,27577,enquete,2026-07-14 00:00:00,impossible de retourner l article,retour
V000456,77368,reclamation,2026-08-05 00:00:00,le colis est arrive en retard,livraison
V000457,71806,chat,2026-04-27 00:00:00,livraison pas rapide du tout,livraison
V000458,42296,chat,2025-09-04 00:00:00,impossible de retourner l article,retour
V000459,34955,avis,2025-11-15 00:00:00,conseiller tres aimable et efficace,contact
V000460,69577,chat,2026-08-14 00:00:00,le produit ne correspond pas a la photo,produit
V000461,9494,avis,2026-06-24 00:00:00,article conforme et solide,produit
V000462,45707,chat,2025-05-13 00:00:00,personne ne repond au telephone,contact
V000463,28584,avis,2026-01-29 00:00:00,promotion interessante ce mois ci,prix
V000464,11054,reclamation,2026-03-29 00:00:00,livraison pas rapide du tout,livraison
V000465,14186,enquete,2025-08-26 00:00:00,impossible de retourner l article,retour
V000466,70803,enquete,2025-11-05 00:00:00,conseiller tres aimable et efficace,contact
V000467,51615,enquete,2026-05-12 00:00:00,promotion interessante ce mois ci,prix
V000468,3397,reclamation,2025-07-11 00:00:00,conseiller tres aimable et efficace,contact
V000469,6843,reclamation,2026-03-21 00:00:00,livraison pas rapide du tout,livraison
V000470,8653,avis,2026-02-19 00:00:00,delai de livraison beaucoup trop long,livraison
V000471,47557,chat,2025-07-05 00:00:00,article conforme et solide,produit
V000472,47517,reclamation,2025-09-25 00:00:00,impossible de retourner l article,retour
V000473,60823,avis,2025-05-24 00:00:00,livraison pas rapide du tout,livraison
V000474,8332,avis,2026-01-26 00:00:00,les prix ont augmente,prix
V000475,7346,enquete,2025-04-23 00:00:00,bon rapport qualite prix,prix
V000476,22778,avis,2025-05-25 00:00:00,le produit ne correspond pas a la photo,produit
V000477,39007,avis,2026-04-28 00:00:00,procedure de retour incomprehensible,retour
V000478,23116,reclamation,2025-07-23 00:00:00,bon rapport qualite prix,prix
V000479,16574,avis,2026-03-26 00:00:00,le colis est arrive en retard,livraison
V000480,11050,chat,2025-05-03 00:00:00,conseiller tres aimable et efficace,contact
V000481,49376,avis,2025-10-24 00:00:00,procedure de retour incomprehensible,retour
V000482,44474,enquete,2025-06-06 00:00:00,promotion interessante ce mois ci,prix
V000483,775,avis,2025-08-24 00:00:00,conseiller tres aimable et efficace,contact
V000484,29791,avis,2025-10-25 00:00:00,impossible de joindre le service client,contact
V000485,49137,reclamation,2026-02-14 00:00:00,impossible de joindre le service client,contact
V000486,55457,chat,2026-08-09 00:00:00,bon rapport qualite prix,prix
V000487,79150,enquete,2025-12-27 00:00:00,bon rapport qualite prix,prix
V000488,5223,enquete,2025-09-27 00:00:00,impossible de joindre le service client,contact
V000489,32791,avis,2026-07-23 00:00:00,procedure de retour incomprehensible,retour
V000490,50196,avis,2026-06-26 00:00:00,le colis est arrive en retard,livraison
V000491,63096,chat,2026-06-23 00:00:00,bon rapport qualite prix,prix
V000492,10055,reclamation,2025-08-16 00:00:00,promotion interessante ce mois ci,prix
V000493,13874,avis,2026-08-03 00:00:00,le produit ne correspond pas a la photo,produit
V000494,33337,reclamation,2026-03-19 00:00:00,la qualite n est pas au rendez vous,produit
V000495,79868,avis,2026-01-18 00:00:00,conseiller tres aimable et efficace,contact
V000496,50811,chat,2025-05-28 00:00:00,le colis est arrive en retard,livraison
V000497,56424,reclamation,2025-08-17 00:00:00,la qualite n est pas au rendez vous,produit
V000498,33393,chat,2026-08-13 00:00:00,impossible de joindre le service client,contact
V000499,68214,reclamation,2026-05-19 00:00:00,promotion interessante ce mois ci,prix
V000500,34293,avis,2025-11-23 00:00:00,la qualite n est pas au rendez vous,produit
V000501,51421,chat,2026-05-20 00:00:00,livraison pas rapide du tout,livraison
V000502,67386,avis,2025-12-10 00:00:00,personne ne repond au telephone,contact
V000503,51745,reclamation,2025-07-09 00:00:00,livraison pas rapide du tout,livraison
V000504,46221,chat,2026-06-09 00:00:00,le remboursement n arrive pas,retour
V000505,16089,avis,2025-05-08 00:00:00,impossible de retourner l article,retour
V000506,17842,avis,2026-05-24 00:00:00,les prix ont augmente,prix
V000507,42552,chat,2025-08-30 00:00:00,personne ne repond au telephone,contact
V000508,51652,reclamation,2025-07-28 00:00:00,la qualite n est pas au rendez vous,produit
V000509,56187,avis,2025-11-15 00:00:00,promotion interessante ce mois ci,prix
V000510,69458,chat,2026-07-24 00:00:00,promotion interessante ce mois ci,prix
V000511,67435,enquete,2025-07-10 00:00:00,le colis est arrive en retard,livraison
V000512,26241,reclamation,2026-07-17 00:00:00,le colis est arrive en retard,livraison
V000513,69252,enquete,2025-07-13 00:00:00,article conforme et solide,produit
V000514,25759,chat,2025-10-13 00:00:00,promotion interessante ce mois ci,prix
V000515,571,avis,2025-12-03 00:00:00,la qualite n est pas au rendez vous,produit
V000516,55448,enquete,2026-07-22 00:00:00,procedure de retour incomprehensible,retour
V000517,6016,enquete,2026-01-24 00:00:00,procedure de retour incomprehensible,retour
V000518,79789,avis,2025-05-21 00:00:00,livraison pas rapide du tout,livraison
V000519,33521,chat,2026-08-02 00:00:00,promotion interessante ce mois ci,prix
V000520,68797,chat,2026-05-21 00:00:00,le produit ne correspond pas a la photo,produit
V000521,1698,reclamation,2025-08-20 00:00:00,personne ne repond au telephone,contact
V000522,42541,enquete,2025-07-22 00:00:00,impossible de joindre le service client,contact
V000523,49441,reclamation,2025-10-20 00:00:00,impossible de retourner l article,retour
V000524,5187,chat,2025-10-03 00:00:00,les prix ont augmente,prix
V000525,55796,chat,2026-07-09 00:00:00,le produit ne correspond pas a la photo,produit
V000526,64913,reclamation,2025-12-04 00:00:00,bon rapport qualite prix,prix
V000527,35093,chat,2025-08-14 00:00:00,le colis est arrive en retard,livraison
V000528,30812,avis,2026-02-08 00:00:00,delai de livraison beaucoup trop long,livraison
V000529,6429,chat,2025-09-19 00:00:00,personne ne repond au telephone,contact
V000530,40521,avis,2025-12-25 00:00:00,procedure de retour incomprehensible,retour
V000531,26759,enquete,2026-05-10 00:00:00,livraison pas rapide du tout,livraison
V000532,30672,reclamation,2025-12-09 00:00:00,le remboursement n arrive pas,retour
V000533,43898,enquete,2025-06-13 00:00:00,impossible de joindre le service client,contact
V000534,51245,chat,2025-08-13 00:00:00,conseiller tres aimable et efficace,contact
V000535,145,avis,2025-11-09 00:00:00,personne ne repond au telephone,contact
V000536,33712,avis,2025-09-16 00:00:00,conseiller tres aimable et efficace,contact
V000537,14269,chat,2025-08-14 00:00:00,impossible de retourner l article,retour
V000538,32156,enquete,2026-05-31 00:00:00,le remboursement n arrive pas,retour
V000539,49424,reclamation,2026-08-15 00:00:00,le remboursement n arrive pas,retour
V000540,16681,enquete,2025-07-16 00:00:00,la qualite n est pas au rendez vous,produit
V000541,37070,chat,2025-06-21 00:00:00,la qualite n est pas au rendez vous,produit
V000542,21595,chat,2025-05-07 00:00:00,delai de livraison beaucoup trop long,livraison
V000543,75185,avis,2025-06-08 00:00:00,le remboursement n arrive pas,retour
V000544,11616,enquete,2026-02-08 00:00:00,le colis est arrive en retard,livraison
V000545,33368,avis,2026-03-31 00:00:00,promotion interessante ce mois ci,prix
V000546,31602,reclamation,2025-09-15 00:00:00,personne ne repond au telephone,contact
V000547,44503,reclamation,2026-06-22 00:00:00,conseiller tres aimable et efficace,contact
V000548,38481,avis,2026-01-17 00:00:00,promotion interessante ce mois ci,prix
V000549,5674,avis,2026-01-13 00:00:00,procedure de retour incomprehensible,retour
V000550,5278,chat,2025-05-30 00:00:00,le colis est arrive en retard,livraison
V000551,25852,chat,2026-04-04 00:00:00,impossible de joindre le service client,contact
V000552,40386,avis,2025-05-05 00:00:00,livraison pas rapide du tout,livraison
V000553,17162,reclamation,2026-04-24 00:00:00,impossible de retourner l article,retour
V000554,8793,reclamation,2025-08-13 00:00:00,livraison pas rapide du tout,livraison
V000555,49,reclamation,2026-05-25 00:00:00,le remboursement n arrive pas,retour
V000556,31638,reclamation,2026-03-21 00:00:00,impossible de retourner l article,retour
V000557,48438,enquete,2025-07-16 00:00:00,livraison pas rapide du tout,livraison
V000558,36627,enquete,2026-03-13 00:00:00,livraison pas rapide du tout,livraison
V000559,20018,chat,2025-07-03 00:00:00,livraison pas rapide du tout,livraison
V000560,25991,avis,2025-09-09 00:00:00,le produit ne correspond pas a la photo,produit
V000561,17295,avis,2026-06-18 00:00:00,bon rapport qualite prix,prix
V000562,45868,enquete,2026-02-14 00:00:00,article conforme et solide,produit
V000563,49709,enquete,2026-02-24 00:00:00,le produit ne correspond pas a la photo,produit
V000564,8299,chat,2025-10-01 00:00:00,impossible de joindre le service client,contact
V000565,71330,reclamation,2025-05-21 00:00:00,bon rapport qualite prix,prix
V000566,42733,reclamation,2026-05-17 00:00:00,procedure de retour incomprehensible,retour
V000567,11226,chat,2026-02-04 00:00:00,delai de livraison beaucoup trop long,livraison
V000568,15499,chat,2026-07-14 00:00:00,procedure de retour incomprehensible,retour
V000569,20569,enquete,2026-02-21 00:00:00,le colis est arrive en retard,livraison
V000570,746,chat,2026-01-22 00:00:00,promotion interessante ce mois ci,prix
V000571,10340,chat,2025-07-08 00:00:00,livraison pas rapide du tout,livraison
V000572,51816,enquete,2025-10-31 00:00:00,delai de livraison beaucoup trop long,livraison
V000573,43070,avis,2026-03-22 00:00:00,le produit ne correspond pas a la photo,produit
V000574,48130,chat,2026-05-09 00:00:00,conseiller tres aimable et efficace,contact
V000575,21612,reclamation,2025-09-22 00:00:00,article conforme et solide,produit
V000576,31465,avis,2025-11-27 00:00:00,le remboursement n arrive pas,retour
V000577,46153,reclamation,2026-07-17 00:00:00,le colis est arrive en retard,livraison
V000578,46116,enquete,2026-07-23 00:00:00,livraison pas rapide du tout,livraison
V000579,39171,reclamation,2025-09-23 00:00:00,delai de livraison beaucoup trop long,livraison
V000580,73145,avis,2026-02-09 00:00:00,impossible de retourner l article,retour
V000581,50730,enquete,2025-10-02 00:00:00,promotion interessante ce mois ci,prix
V000582,19999,enquete,2025-08-28 00:00:00,la qualite n est pas au rendez vous,produit
V000583,39908,reclamation,2026-07-24 00:00:00,conseiller tres aimable et efficace,contact
V000584,22417,avis,2025-05-24 00:00:00,le produit ne correspond pas a la photo,produit
V000585,59428,enquete,2025-10-02 00:00:00,impossible de retourner l article,retour
V000586,33005,chat,2026-01-04 00:00:00,le produit ne correspond pas a la photo,produit
V000587,50896,chat,2026-06-03 00:00:00,impossible de retourner l article,retour
V000588,58090,chat,2025-04-10 00:00:00,le produit ne correspond pas a la photo,produit
V000589,15844,chat,2026-05-31 00:00:00,promotion interessante ce mois ci,prix
V000590,68414,reclamation,2025-06-07 00:00:00,article conforme et solide,produit
V000591,23409,enquete,2025-06-18 00:00:00,le produit ne correspond pas a la photo,produit
V000592,67704,avis,2025-10-16 00:00:00,le produit ne correspond pas a la photo,produit
V000593,53062,chat,2025-05-10 00:00:00,promotion interessante ce mois ci,prix
V000594,60235,avis,2026-03-12 00:00:00,article conforme et solide,produit
V000595,13203,reclamation,2025-09-28 00:00:00,procedure de retour incomprehensible,retour
V000596,39298,reclamation,2025-08-07 00:00:00,le colis est arrive en retard,livraison
V000597,35429,enquete,2025-08-16 00:00:00,les prix ont augmente,prix
V000598,45740,avis,2025-05-07 00:00:00,personne ne repond au telephone,contact
V000599,34954,avis,2026-03-28 00:00:00,article conforme et solide,produit
V000600,51032,enquete,2025-08-06 00:00:00,personne ne repond au telephone,contact
V000601,65522,avis,2025-08-12 00:00:00,impossible de retourner l article,retour
V000602,39342,reclamation,2026-02-24 00:00:00,le remboursement n arrive pas,retour
V000603,7362,reclamation,2026-05-10 00:00:00,livraison pas rapide du tout,livraison
V000604,35166,chat,2026-01-23 00:00:00,procedure de retour incomprehensible,retour
V000605,52609,avis,2026-01-08 00:00:00,bon rapport qualite prix,prix
V000606,25250,avis,2025-12-19 00:00:00,impossible de retourner l article,retour
V000607,24929,reclamation,2026-08-01 00:00:00,bon rapport qualite prix,prix
V000608,70196,enquete,2025-05-30 00:00:00,delai de livraison beaucoup trop long,livraison
V000609,22634,reclamation,2025-07-23 00:00:00,article conforme et solide,produit
V000610,6682,avis,2025-04-14 00:00:00,personne ne repond au telephone,contact
V000611,11870,avis,2025-09-12 00:00:00,le produit ne correspond pas a la photo,produit
V000612,62,reclamation,2025-12-11 00:00:00,promotion interessante ce mois ci,prix
V000613,77455,reclamation,2025-07-03 00:00:00,impossible de retourner l article,retour
V000614,46384,avis,2025-09-04 00:00:00,procedure de retour incomprehensible,retour
V000615,30353,reclamation,2026-02-17 00:00:00,bon rapport qualite prix,prix
V000616,5000,chat,2025-04-21 00:00:00,livraison pas rapide du tout,livraison
V000617,59470,reclamation,2026-05-25 00:00:00,conseiller tres aimable et efficace,contact
V000618,7446,enquete,2025-10-10 00:00:00,le colis est arrive en retard,livraison
V000619,24401,avis,2025-05-06 00:00:00,la qualite n est pas au rendez vous,produit
V000620,52740,reclamation,2025-07-08 00:00:00,la qualite n est pas au rendez vous,produit
V000621,52811,avis,2025-09-20 00:00:00,la qualite n est pas au rendez vous,produit
V000622,78433,reclamation,2026-04-18 00:00:00,promotion interessante ce mois ci,prix
V000623,72408,avis,2026-02-04 00:00:00,les prix ont augmente,prix
V000624,23707,chat,2025-09-05 00:00:00,conseiller tres aimable et efficace,contact
V000625,94,avis,2025-09-12 00:00:00,le colis est arrive en retard,livraison
V000626,2800,chat,2026-05-21 00:00:00,le remboursement n arrive pas,retour
V000627,70180,avis,2025-04-28 00:00:00,le colis est arrive en retard,livraison
V000628,57812,enquete,2025-08-24 00:00:00,procedure de retour incomprehensible,retour
V000629,59641,chat,2026-07-25 00:00:00,personne ne repond au telephone,contact
V000630,59929,avis,2025-06-10 00:00:00,le produit ne correspond pas a la photo,produit
V000631,5519,reclamation,2026-08-05 00:00:00,delai de livraison beaucoup trop long,livraison
V000632,35615,chat,2026-05-18 00:00:00,procedure de retour incomprehensible,retour
V000633,19192,chat,2025-12-09 00:00:00,delai de livraison beaucoup trop long,livraison
V000634,4223,reclamation,2025-08-08 00:00:00,article conforme et solide,produit
V000635,76181,enquete,2025-12-30 00:00:00,bon rapport qualite prix,prix
V000636,43094,reclamation,2026-02-26 00:00:00,le remboursement n arrive pas,retour
V000637,36074,reclamation,2025-07-31 00:00:00,conseiller tres aimable et efficace,contact
V000638,12528,chat,2025-08-24 00:00:00,le produit ne correspond pas a la photo,produit
V000639,19570,avis,2026-01-18 00:00:00,la qualite n est pas au rendez vous,produit
V000640,65738,enquete,2026-04-14 00:00:00,conseiller tres aimable et efficace,contact
V000641,1624,chat,2025-12-15 00:00:00,impossible de retourner l article,retour
V000642,53675,chat,2025-05-03 00:00:00,promotion interessante ce mois ci,prix
V000643,38841,reclamation,2026-07-29 00:00:00,personne ne repond au telephone,contact
V000644,62637,enquete,2025-10-07 00:00:00,le produit ne correspond pas a la photo,produit
V000645,58339,reclamation,2026-05-31 00:00:00,article conforme et solide,produit
V000646,44798,avis,2025-10-08 00:00:00,conseiller tres aimable et efficace,contact
V000647,57578,enquete,2025-06-05 00:00:00,bon rapport qualite prix,prix
V000648,59802,enquete,2026-02-21 00:00:00,livraison pas rapide du tout,livraison
V000649,38024,enquete,2026-03-18 00:00:00,la qualite n est pas au rendez vous,produit
V000650,32925,chat,2025-06-02 00:00:00,livraison pas rapide du tout,livraison
V000651,34450,chat,2025-06-19 00:00:00,la qualite n est pas au rendez vous,produit
V000652,13826,reclamation,2026-08-17 00:00:00,promotion interessante ce mois ci,prix
V000653,30473,reclamation,2025-11-09 00:00:00,procedure de retour incomprehensible,retour
V000654,50047,enquete,2025-05-26 00:00:00,personne ne repond au telephone,contact
V000655,78301,reclamation,2025-11-28 00:00:00,promotion interessante ce mois ci,prix
V000656,4908,avis,2025-10-24 00:00:00,personne ne repond au telephone,contact
V000657,70319,enquete,2025-11-12 00:00:00,conseiller tres aimable et efficace,contact
V000658,54961,enquete,2025-10-17 00:00:00,livraison pas rapide du tout,livraison
V000659,75465,avis,2026-07-17 00:00:00,impossible de joindre le service client,contact
V000660,58414,avis,2026-04-11 00:00:00,promotion interessante ce mois ci,prix
V000661,1637,enquete,2025-05-22 00:00:00,personne ne repond au telephone,contact
V000662,14523,reclamation,2026-07-24 00:00:00,personne ne repond au telephone,contact
V000663,18960,avis,2025-10-25 00:00:00,les prix ont augmente,prix
V000664,39836,avis,2025-07-13 00:00:00,le produit ne correspond pas a la photo,produit
V000665,33831,avis,2026-01-21 00:00:00,personne ne repond au telephone,contact
V000666,45488,enquete,2026-07-12 00:00:00,impossible de retourner l article,retour
V000667,23201,enquete,2025-04-22 00:00:00,le remboursement n arrive pas,retour
V000668,51753,chat,2025-08-12 00:00:00,promotion interessante ce mois ci,prix
V000669,54358,chat,2025-09-10 00:00:00,promotion interessante ce mois ci,prix
V000670,43277,reclamation,2026-04-06 00:00:00,impossible de retourner l article,retour
V000671,33734,enquete,2026-01-23 00:00:00,le remboursement n arrive pas,retour
V000672,34319,avis,2026-01-13 00:00:00,la qualite n est pas au rendez vous,produit
V000673,26694,avis,2026-06-05 00:00:00,article conforme et solide,produit
V000674,76664,enquete,2026-03-29 00:00:00,promotion interessante ce mois ci,prix
V000675,65462,enquete,2025-09-08 00:00:00,impossible de joindre le service client,contact
V000676,60472,chat,2025-10-03 00:00:00,les prix ont augmente,prix
V000677,28928,enquete,2025-11-15 00:00:00,les prix ont augmente,prix
V000678,8728,chat,2026-05-09 00:00:00,promotion interessante ce mois ci,prix
V000679,76881,reclamation,2026-01-30 00:00:00,la qualite n est pas au rendez vous,produit
V000680,32144,enquete,2025-05-10 00:00:00,personne ne repond au telephone,contact
V000681,33950,avis,2026-06-14 00:00:00,personne ne repond au telephone,contact
V000682,29643,chat,2025-09-24 00:00:00,bon rapport qualite prix,prix
V000683,63152,reclamation,2025-10-24 00:00:00,le produit ne correspond pas a la photo,produit
V000684,12251,enquete,2026-07-01 00:00:00,les prix ont augmente,prix
V000685,18766,chat,2025-09-08 00:00:00,la qualite n est pas au rendez vous,produit
V000686,35476,chat,2026-08-08 00:00:00,personne ne repond au telephone,contact
V000687,12219,chat,2026-04-12 00:00:00,conseiller tres aimable et efficace,contact
V000688,39166,enquete,2025-08-26 00:00:00,le colis est arrive en retard,livraison
V000689,58009,avis,2025-08-18 00:00:00,le produit ne correspond pas a la photo,produit
V000690,73736,enquete,2026-06-20 00:00:00,bon rapport qualite prix,prix
V000691,68184,avis,2025-09-13 00:00:00,le remboursement n arrive pas,retour
V000692,72439,chat,2026-02-12 00:00:00,le colis est arrive en retard,livraison
V000693,60313,reclamation,2025-10-03 00:00:00,la qualite n est pas au rendez vous,produit
V000694,10867,reclamation,2026-03-20 00:00:00,impossible de joindre le service client,contact
V000695,66711,enquete,2026-05-05 00:00:00,les prix ont augmente,prix
V000696,2969,enquete,2026-02-24 00:00:00,les prix ont augmente,prix
V000697,1264,reclamation,2025-11-08 00:00:00,livraison pas rapide du tout,livraison
V000698,50921,chat,2025-09-21 00:00:00,impossible de joindre le service client,contact
V000699,61605,reclamation,2026-06-27 00:00:00,conseiller tres aimable et efficace,contact
V000700,56306,enquete,2026-04-04 00:00:00,delai de livraison beaucoup trop long,livraison
V000701,47079,avis,2026-06-28 00:00:00,delai de livraison beaucoup trop long,livraison
V000702,32796,avis,2025-09-15 00:00:00,livraison pas rapide du tout,livraison
V000703,27319,avis,2026-05-10 00:00:00,impossible de joindre le service client,contact
V000704,68491,chat,2026-01-07 00:00:00,impossible de joindre le service client,contact
V000705,59970,enquete,2025-10-30 00:00:00,article conforme et solide,produit
V000706,27840,chat,2026-04-30 00:00:00,article conforme et solide,produit
V000707,6073,chat,2025-08-25 00:00:00,delai de livraison beaucoup trop long,livraison
V000708,3777,avis,2025-12-15 00:00:00,delai de livraison beaucoup trop long,livraison
V000709,33971,chat,2025-06-03 00:00:00,livraison pas rapide du tout,livraison
V000710,33620,avis,2025-07-22 00:00:00,impossible de retourner l article,retour
V000711,16996,avis,2026-03-18 00:00:00,livraison pas rapide du tout,livraison
V000712,64471,chat,2025-04-22 00:00:00,procedure de retour incomprehensible,retour
V000713,68501,chat,2026-02-26 00:00:00,article conforme et solide,produit
V000714,78019,avis,2026-05-25 00:00:00,le colis est arrive en retard,livraison
V000715,59834,avis,2025-12-25 00:00:00,le remboursement n arrive pas,retour
V000716,41727,enquete,2025-08-28 00:00:00,impossible de retourner l article,retour
V000717,29600,avis,2025-08-01 00:00:00,le colis est arrive en retard,livraison
V000718,8400,enquete,2025-10-18 00:00:00,personne ne repond au telephone,contact
V000719,66361,avis,2025-06-17 00:00:00,livraison pas rapide du tout,livraison
V000720,78166,chat,2026-03-16 00:00:00,promotion interessante ce mois ci,prix
V000721,41389,chat,2025-07-26 00:00:00,impossible de retourner l article,retour
V000722,51805,reclamation,2026-03-03 00:00:00,delai de livraison beaucoup trop long,livraison
V000723,12724,chat,2026-07-21 00:00:00,article conforme et solide,produit
V000724,46498,chat,2026-07-04 00:00:00,le remboursement n arrive pas,retour
V000725,79719,reclamation,2025-08-26 00:00:00,impossible de joindre le service client,contact
V000726,4360,reclamation,2025-05-24 00:00:00,personne ne repond au telephone,contact
V000727,76364,avis,2025-06-19 00:00:00,conseiller tres aimable et efficace,contact
V000728,65595,avis,2025-08-16 00:00:00,impossible de joindre le service client,contact
V000729,3189,avis,2025-05-28 00:00:00,livraison pas rapide du tout,livraison
V000730,77067,avis,2025-08-31 00:00:00,promotion interessante ce mois ci,prix
V000731,48007,enquete,2025-10-06 00:00:00,le colis est arrive en retard,livraison
V000732,30946,avis,2025-09-30 00:00:00,conseiller tres aimable et efficace,contact
V000733,48582,reclamation,2025-12-28 00:00:00,promotion interessante ce mois ci,prix
V000734,77895,chat,2025-07-22 00:00:00,le colis est arrive en retard,livraison
V000735,20925,chat,2026-01-21 00:00:00,la qualite n est pas au rendez vous,produit
V000736,61946,chat,2026-01-01 00:00:00,delai de livraison beaucoup trop long,livraison
V000737,50803,chat,2026-07-09 00:00:00,article conforme et solide,produit
V000738,67357,enquete,2026-03-28 00:00:00,bon rapport qualite prix,prix
V000739,73551,avis,2025-06-24 00:00:00,impossible de joindre le service client,contact
V000740,6612,avis,2026-07-23 00:00:00,le colis est arrive en retard,livraison
V000741,26458,reclamation,2026-02-13 00:00:00,personne ne repond au telephone,contact
V000742,62982,chat,2025-06-11 00:00:00,promotion interessante ce mois ci,prix
V000743,45940,reclamation,2026-05-15 00:00:00,bon rapport qualite prix,prix
V000744,9666,enquete,2026-06-30 00:00:00,promotion interessante ce mois ci,prix
V000745,22580,enquete,2025-11-22 00:00:00,la qualite n est pas au rendez vous,produit
V000746,61646,avis,2026-07-22 00:00:00,personne ne repond au telephone,contact
V000747,59612,reclamation,2025-10-20 00:00:00,bon rapport qualite prix,prix
V000748,52080,chat,2026-04-01 00:00:00,procedure de retour incomprehensible,retour
V000749,38521,enquete,2026-04-15 00:00:00,impossible de joindre le service client,contact
V000750,46393,chat,2026-07-28 00:00:00,impossible de retourner l article,retour
V000751,21935,chat,2025-10-22 00:00:00,impossible de retourner l article,retour
V000752,37408,avis,2025-08-07 00:00:00,bon rapport qualite prix,prix
V000753,59060,reclamation,2026-02-02 00:00:00,la qualite n est pas au rendez vous,produit
V000754,50519,chat,2026-01-20 00:00:00,article conforme et solide,produit
V000755,35560,reclamation,2025-08-01 00:00:00,les prix ont augmente,prix
V000756,9449,avis,2026-01-09 00:00:00,delai de livraison beaucoup trop long,livraison
V000757,42614,reclamation,2025-06-20 00:00:00,impossible de retourner l article,retour
V000758,27946,enquete,2026-05-08 00:00:00,promotion interessante ce mois ci,prix
V000759,43936,enquete,2025-05-07 00:00:00,les prix ont augmente,prix
V000760,68164,reclamation,2026-02-07 00:00:00,la qualite n est pas au rendez vous,produit
V000761,65845,reclamation,2025-09-18 00:00:00,le colis est arrive en retard,livraison
V000762,49411,enquete,2026-01-04 00:00:00,bon rapport qualite prix,prix
V000763,6489,enquete,2026-03-01 00:00:00,bon rapport qualite prix,prix
V000764,60569,chat,2026-03-31 00:00:00,le produit ne correspond pas a la photo,produit
V000765,41967,reclamation,2026-06-28 00:00:00,conseiller tres aimable et efficace,contact
V000766,48764,avis,2026-07-27 00:00:00,le remboursement n arrive pas,retour
V000767,41465,reclamation,2025-11-19 00:00:00,procedure de retour incomprehensible,retour
V000768,42318,chat,2025-10-02 00:00:00,delai de livraison beaucoup trop long,livraison
V000769,76996,chat,2025-08-01 00:00:00,delai de livraison beaucoup trop long,livraison
V000770,59579,chat,2026-05-21 00:00:00,conseiller tres aimable et efficace,contact
V000771,78769,reclamation,2026-07-07 00:00:00,impossible de joindre le service client,contact
V000772,69794,enquete,2025-11-14 00:00:00,procedure de retour incomprehensible,retour
V000773,35545,avis,2026-07-09 00:00:00,article conforme et solide,produit
V000774,76929,avis,2026-06-13 00:00:00,bon rapport qualite prix,prix
V000775,47667,reclamation,2026-04-28 00:00:00,la qualite n est pas au rendez vous,produit
V000776,61744,chat,2026-07-31 00:00:00,conseiller tres aimable et efficace,contact
V000777,76874,chat,2025-12-08 00:00:00,bon rapport qualite prix,prix
V000778,26068,enquete,2026-07-09 00:00:00,la qualite n est pas au rendez vous,produit
V000779,14714,avis,2025-12-19 00:00:00,promotion interessante ce mois ci,prix
V000780,8556,reclamation,2025-04-13 00:00:00,les prix ont augmente,prix
V000781,53273,enquete,2025-07-12 00:00:00,les prix ont augmente,prix
V000782,47999,enquete,2026-08-17 00:00:00,les prix ont augmente,prix
V000783,17414,enquete,2025-05-01 00:00:00,livraison pas rapide du tout,livraison
V000784,70191,reclamation,2026-02-07 00:00:00,les prix ont augmente,prix
V000785,48585,chat,2026-07-05 00:00:00,personne ne repond au telephone,contact
V000786,41182,enquete,2026-04-22 00:00:00,conseiller tres aimable et efficace,contact
V000787,15923,chat,2025-11-17 00:00:00,le colis est arrive en retard,livraison
V000788,35193,avis,2026-04-09 00:00:00,promotion interessante ce mois ci,prix
V000789,53262,chat,2026-01-17 00:00:00,article conforme et solide,produit
V000790,31731,enquete,2026-02-14 00:00:00,impossible de joindre le service client,contact
V000791,18236,avis,2025-10-18 00:00:00,personne ne repond au telephone,contact
V000792,55765,reclamation,2026-01-16 00:00:00,conseiller tres aimable et efficace,contact
V000793,73773,reclamation,2025-11-14 00:00:00,impossible de joindre le service client,contact
V000794,49788,reclamation,2026-04-08 00:00:00,article conforme et solide,produit
V000795,9971,chat,2025-12-08 00:00:00,les prix ont augmente,prix
V000796,26282,enquete,2026-06-18 00:00:00,bon rapport qualite prix,prix
V000797,64985,reclamation,2025-08-05 00:00:00,la qualite n est pas au rendez vous,produit
V000798,49940,enquete,2025-09-09 00:00:00,la qualite n est pas au rendez vous,produit
V000799,8255,enquete,2026-04-24 00:00:00,le produit ne correspond pas a la photo,produit
V000800,40148,avis,2025-11-07 00:00:00,livraison pas rapide du tout,livraison
V000801,68912,enquete,2025-09-10 00:00:00,le remboursement n arrive pas,retour
V000802,66956,avis,2026-04-03 00:00:00,delai de livraison beaucoup trop long,livraison
V000803,38052,reclamation,2026-08-03 00:00:00,le remboursement n arrive pas,retour
V000804,78323,enquete,2025-04-15 00:00:00,les prix ont augmente,prix
V000805,31875,reclamation,2025-08-24 00:00:00,la qualite n est pas au rendez vous,produit
V000806,20945,chat,2025-11-16 00:00:00,article conforme et solide,produit
V000807,51225,avis,2026-07-19 00:00:00,le produit ne correspond pas a la photo,produit
V000808,75426,reclamation,2026-03-20 00:00:00,conseiller tres aimable et efficace,contact
V000809,10579,avis,2025-07-29 00:00:00,les prix ont augmente,prix
V000810,27240,reclamation,2025-05-17 00:00:00,procedure de retour incomprehensible,retour
V000811,28350,chat,2025-06-01 00:00:00,conseiller tres aimable et efficace,contact
V000812,75965,avis,2025-07-24 00:00:00,promotion interessante ce mois ci,prix
V000813,35170,reclamation,2025-05-08 00:00:00,bon rapport qualite prix,prix
V000814,36824,enquete,2025-07-29 00:00:00,impossible de joindre le service client,contact
V000815,29259,chat,2025-11-13 00:00:00,le remboursement n arrive pas,retour
V000816,38055,enquete,2025-12-24 00:00:00,livraison pas rapide du tout,livraison
V000817,11322,chat,2025-11-21 00:00:00,delai de livraison beaucoup trop long,livraison
V000818,20235,chat,2026-01-06 00:00:00,le colis est arrive en retard,livraison
V000819,78638,chat,2025-11-19 00:00:00,personne ne repond au telephone,contact
V000820,51970,chat,2026-02-09 00:00:00,la qualite n est pas au rendez vous,produit
V000821,48240,avis,2026-03-25 00:00:00,promotion interessante ce mois ci,prix
V000822,48310,chat,2026-02-03 00:00:00,impossible de joindre le service client,contact
V000823,44449,avis,2025-06-22 00:00:00,le remboursement n arrive pas,retour
V000824,25955,reclamation,2026-01-02 00:00:00,la qualite n est pas au rendez vous,produit
V000825,65692,chat,2026-03-09 00:00:00,bon rapport qualite prix,prix
V000826,42829,enquete,2026-05-14 00:00:00,personne ne repond au telephone,contact
V000827,8810,reclamation,2025-11-06 00:00:00,promotion interessante ce mois ci,prix
V000828,61792,enquete,2025-05-09 00:00:00,la qualite n est pas au rendez vous,produit
V000829,24836,chat,2026-01-07 00:00:00,livraison pas rapide du tout,livraison
V000830,23120,reclamation,2026-05-19 00:00:00,personne ne repond au telephone,contact
V000831,53777,reclamation,2025-10-06 00:00:00,impossible de joindre le service client,contact
V000832,73944,chat,2025-07-06 00:00:00,les prix ont augmente,prix
V000833,7852,reclamation,2025-04-16 00:00:00,le produit ne correspond pas a la photo,produit
V000834,16575,reclamation,2026-08-15 00:00:00,conseiller tres aimable et efficace,contact
V000835,28503,reclamation,2025-08-18 00:00:00,le colis est arrive en retard,livraison
V000836,28549,avis,2026-07-15 00:00:00,procedure de retour incomprehensible,retour
V000837,58995,avis,2025-06-01 00:00:00,impossible de retourner l article,retour
V000838,47890,chat,2025-06-18 00:00:00,conseiller tres aimable et efficace,contact
V000839,41998,reclamation,2025-04-17 00:00:00,delai de livraison beaucoup trop long,livraison
V000840,77416,enquete,2025-09-09 00:00:00,livraison pas rapide du tout,livraison
V000841,9821,reclamation,2025-05-17 00:00:00,le colis est arrive en retard,livraison
V000842,70342,avis,2025-08-26 00:00:00,promotion interessante ce mois ci,prix
V000843,36580,enquete,2026-05-26 00:00:00,bon rapport qualite prix,prix
V000844,36504,enquete,2025-11-01 00:00:00,le colis est arrive en retard,livraison
V000845,50286,chat,2025-12-21 00:00:00,le remboursement n arrive pas,retour
V000846,14225,avis,2025-11-15 00:00:00,conseiller tres aimable et efficace,contact
V000847,708,reclamation,2025-07-22 00:00:00,impossible de joindre le service client,contact
V000848,10280,reclamation,2025-12-26 00:00:00,le produit ne correspond pas a la photo,produit
V000849,72445,chat,2025-09-11 00:00:00,le produit ne correspond pas a la photo,produit
V000850,53241,reclamation,2026-08-16 00:00:00,personne ne repond au telephone,contact
V000851,41488,avis,2025-12-28 00:00:00,procedure de retour incomprehensible,retour
V000852,58767,enquete,2026-07-14 00:00:00,le colis est arrive en retard,livraison
V000853,36647,enquete,2025-05-16 00:00:00,article conforme et solide,produit
V000854,30175,chat,2026-05-09 00:00:00,le colis est arrive en retard,livraison
V000855,36433,chat,2025-06-12 00:00:00,impossible de joindre le service client,contact
V000856,52714,avis,2026-07-29 00:00:00,promotion interessante ce mois ci,prix
V000857,64320,chat,2025-07-18 00:00:00,article conforme et solide,produit
V000858,45649,reclamation,2026-06-07 00:00:00,delai de livraison beaucoup trop long,livraison
V000859,2418,avis,2026-02-23 00:00:00,delai de livraison beaucoup trop long,livraison
V000860,35918,reclamation,2026-06-04 00:00:00,impossible de retourner l article,retour
V000861,21202,enquete,2025-09-16 00:00:00,procedure de retour incomprehensible,retour
V000862,13034,reclamation,2026-07-08 00:00:00,procedure de retour incomprehensible,retour
V000863,5031,enquete,2025-10-18 00:00:00,bon rapport qualite prix,prix
V000864,72679,chat,2025-11-21 00:00:00,le colis est arrive en retard,livraison
V000865,19983,reclamation,2026-02-27 00:00:00,impossible de joindre le service client,contact
V000866,27696,chat,2025-08-20 00:00:00,impossible de joindre le service client,contact
V000867,69475,chat,2025-11-15 00:00:00,impossible de retourner l article,retour
V000868,28915,enquete,2025-07-13 00:00:00,delai de livraison beaucoup trop long,livraison
V000869,26186,avis,2025-08-06 00:00:00,bon rapport qualite prix,prix
V000870,33037,chat,2025-11-30 00:00:00,la qualite n est pas au rendez vous,produit
V000871,46268,avis,2025-04-16 00:00:00,le remboursement n arrive pas,retour
V000872,70370,chat,2026-07-29 00:00:00,le remboursement n arrive pas,retour
V000873,57719,chat,2025-05-04 00:00:00,le colis est arrive en retard,livraison
V000874,73069,reclamation,2026-04-07 00:00:00,procedure de retour incomprehensible,retour
V000875,11524,chat,2026-01-24 00:00:00,impossible de retourner l article,retour
V000876,68626,reclamation,2025-06-11 00:00:00,la qualite n est pas au rendez vous,produit
V000877,33940,avis,2026-01-14 00:00:00,bon rapport qualite prix,prix
V000878,14955,enquete,2025-07-01 00:00:00,livraison pas rapide du tout,livraison
V000879,20145,avis,2025-11-19 00:00:00,impossible de retourner l article,retour
V000880,31053,avis,2026-06-22 00:00:00,livraison pas rapide du tout,livraison
V000881,71689,avis,2025-09-13 00:00:00,le remboursement n arrive pas,retour
V000882,7392,enquete,2026-03-01 00:00:00,le remboursement n arrive pas,retour
V000883,73190,chat,2026-03-11 00:00:00,bon rapport qualite prix,prix
V000884,6277,reclamation,2026-01-21 00:00:00,le colis est arrive en retard,livraison
V000885,71822,chat,2026-07-31 00:00:00,article conforme et solide,produit
V000886,67655,chat,2026-08-09 00:00:00,le remboursement n arrive pas,retour
V000887,5126,reclamation,2026-04-18 00:00:00,livraison pas rapide du tout,livraison
V000888,1194,reclamation,2026-05-04 00:00:00,article conforme et solide,produit
V000889,12046,chat,2025-10-02 00:00:00,le colis est arrive en retard,livraison
V000890,76151,reclamation,2025-06-22 00:00:00,article conforme et solide,produit
V000891,63674,avis,2025-08-19 00:00:00,le colis est arrive en retard,livraison
V000892,64993,chat,2026-01-02 00:00:00,bon rapport qualite prix,prix
V000893,50911,avis,2026-07-02 00:00:00,personne ne repond au telephone,contact
V000894,41293,reclamation,2025-06-09 00:00:00,le produit ne correspond pas a la photo,produit
V000895,38972,avis,2025-10-10 00:00:00,les prix ont augmente,prix
V000896,48945,chat,2025-08-26 00:00:00,conseiller tres aimable et efficace,contact
V000897,59767,avis,2026-06-05 00:00:00,promotion interessante ce mois ci,prix
V000898,18344,enquete,2025-05-20 00:00:00,bon rapport qualite prix,prix
V000899,45781,reclamation,2026-08-02 00:00:00,le colis est arrive en retard,livraison
V000900,26389,reclamation,2025-07-08 00:00:00,article conforme et solide,produit
V000901,47131,enquete,2025-09-27 00:00:00,le colis est arrive en retard,livraison
V000902,18649,chat,2025-06-06 00:00:00,le produit ne correspond pas a la photo,produit
V000903,44770,chat,2025-08-29 00:00:00,impossible de retourner l article,retour
V000904,37770,reclamation,2026-05-06 00:00:00,impossible de retourner l article,retour
V000905,23606,avis,2026-06-08 00:00:00,impossible de retourner l article,retour
V000906,8982,avis,2026-08-17 00:00:00,la qualite n est pas au rendez vous,produit
V000907,4030,enquete,2026-06-14 00:00:00,impossible de retourner l article,retour
V000908,74027,avis,2025-12-29 00:00:00,procedure de retour incomprehensible,retour
V000909,58392,enquete,2025-05-23 00:00:00,promotion interessante ce mois ci,prix
V000910,29965,enquete,2025-12-14 00:00:00,livraison pas rapide du tout,livraison
V000911,17845,reclamation,2025-04-11 00:00:00,la qualite n est pas au rendez vous,produit
V000912,42189,chat,2025-12-22 00:00:00,conseiller tres aimable et efficace,contact
V000913,27328,chat,2026-07-23 00:00:00,le colis est arrive en retard,livraison
V000914,45321,reclamation,2026-03-02 00:00:00,le produit ne correspond pas a la photo,produit
V000915,54524,reclamation,2025-05-25 00:00:00,personne ne repond au telephone,contact
V000916,39538,avis,2025-06-19 00:00:00,impossible de retourner l article,retour
V000917,63138,reclamation,2026-05-17 00:00:00,livraison pas rapide du tout,livraison
V000918,13778,avis,2026-05-06 00:00:00,delai de livraison beaucoup trop long,livraison
V000919,79855,chat,2025-05-14 00:00:00,la qualite n est pas au rendez vous,produit
V000920,38882,reclamation,2026-04-22 00:00:00,le produit ne correspond pas a la photo,produit
V000921,37378,enquete,2026-07-19 00:00:00,le produit ne correspond pas a la photo,produit
V000922,3026,chat,2025-04-17 00:00:00,conseiller tres aimable et efficace,contact
V000923,17983,chat,2025-12-09 00:00:00,article conforme et solide,produit
V000924,75754,chat,2025-08-23 00:00:00,le colis est arrive en retard,livraison
V000925,74644,chat,2026-01-14 00:00:00,procedure de retour incomprehensible,retour
V000926,40366,chat,2026-01-20 00:00:00,bon rapport qualite prix,prix
V000927,2722,avis,2026-05-17 00:00:00,le remboursement n arrive pas,retour
V000928,36640,avis,2025-12-28 00:00:00,le remboursement n arrive pas,retour
V000929,73339,chat,2025-08-13 00:00:00,personne ne repond au telephone,contact
V000930,6148,reclamation,2026-04-21 00:00:00,delai de livraison beaucoup trop long,livraison
V000931,9343,avis,2026-04-07 00:00:00,impossible de joindre le service client,contact
V000932,22748,chat,2026-07-11 00:00:00,le colis est arrive en retard,livraison
V000933,15308,chat,2026-04-03 00:00:00,impossible de retourner l article,retour
V000934,62359,avis,2026-08-06 00:00:00,les prix ont augmente,prix
V000935,64388,chat,2025-11-29 00:00:00,procedure de retour incomprehensible,retour
V000936,25414,avis,2026-04-01 00:00:00,impossible de retourner l article,retour
V000937,76419,avis,2025-10-16 00:00:00,le remboursement n arrive pas,retour
V000938,39389,chat,2026-02-03 00:00:00,bon rapport qualite prix,prix
V000939,55188,avis,2025-12-08 00:00:00,procedure de retour incomprehensible,retour
V000940,74577,chat,2025-04-18 00:00:00,conseiller tres aimable et efficace,contact
V000941,68927,chat,2025-06-09 00:00:00,la qualite n est pas au rendez vous,produit
V000942,24997,reclamation,2025-06-06 00:00:00,le remboursement n arrive pas,retour
V000943,16781,avis,2025-12-27 00:00:00,conseiller tres aimable et efficace,contact
V000944,79308,enquete,2026-01-10 00:00:00,procedure de retour incomprehensible,retour
V000945,32900,reclamation,2026-05-29 00:00:00,le colis est arrive en retard,livraison
V000946,73598,enquete,2025-08-06 00:00:00,personne ne repond au telephone,contact
V000947,22633,reclamation,2026-02-07 00:00:00,conseiller tres aimable et efficace,contact
V000948,52662,avis,2025-10-20 00:00:00,delai de livraison beaucoup trop long,livraison
V000949,50099,reclamation,2025-05-02 00:00:00,le colis est arrive en retard,livraison
V000950,59983,avis,2025-11-04 00:00:00,le produit ne correspond pas a la photo,produit
V000951,9173,chat,2025-06-17 00:00:00,bon rapport qualite prix,prix
V000952,37950,enquete,2025-07-16 00:00:00,impossible de joindre le service client,contact
V000953,53443,avis,2026-08-17 00:00:00,le produit ne correspond pas a la photo,produit
V000954,61880,avis,2025-08-18 00:00:00,impossible de joindre le service client,contact
V000955,23146,enquete,2026-03-27 00:00:00,bon rapport qualite prix,prix
V000956,45353,enquete,2026-06-27 00:00:00,personne ne repond au telephone,contact
V000957,2950,enquete,2025-09-15 00:00:00,personne ne repond au telephone,contact
V000958,4788,chat,2025-06-19 00:00:00,procedure de retour incomprehensible,retour
V000959,70910,reclamation,2025-08-26 00:00:00,impossible de joindre le service client,contact
V000960,8604,chat,2026-04-26 00:00:00,la qualite n est pas au rendez vous,produit
V000961,71501,enquete,2025-09-16 00:00:00,promotion interessante ce mois ci,prix
V000962,62147,chat,2026-08-09 00:00:00,bon rapport qualite prix,prix
V000963,69803,enquete,2025-07-02 00:00:00,procedure de retour incomprehensible,retour
V000964,27530,reclamation,2025-05-27 00:00:00,promotion interessante ce mois ci,prix
V000965,11885,chat,2025-07-17 00:00:00,personne ne repond au telephone,contact
V000966,64827,avis,2025-10-14 00:00:00,conseiller tres aimable et efficace,contact
V000967,27448,reclamation,2026-07-17 00:00:00,procedure de retour incomprehensible,retour
V000968,56269,enquete,2026-01-20 00:00:00,impossible de retourner l article,retour
V000969,64263,reclamation,2025-08-04 00:00:00,promotion interessante ce mois ci,prix
V000970,48864,enquete,2025-09-17 00:00:00,le produit ne correspond pas a la photo,produit
V000971,63754,avis,2026-05-13 00:00:00,impossible de joindre le service client,contact
V000972,18705,reclamation,2025-07-24 00:00:00,le colis est arrive en retard,livraison
V000973,3989,reclamation,2025-12-08 00:00:00,impossible de joindre le service client,contact
V000974,5052,enquete,2025-11-17 00:00:00,procedure de retour incomprehensible,retour
V000975,44935,enquete,2026-05-15 00:00:00,les prix ont augmente,prix
V000976,33427,chat,2025-08-06 00:00:00,impossible de joindre le service client,contact
V000977,63671,chat,2025-06-28 00:00:00,le remboursement n arrive pas,retour
V000978,46889,avis,2026-02-07 00:00:00,le remboursement n arrive pas,retour
V000979,55835,avis,2026-06-12 00:00:00,delai de livraison beaucoup trop long,livraison
V000980,13286,enquete,2026-06-09 00:00:00,bon rapport qualite prix,prix
V000981,9755,reclamation,2025-09-01 00:00:00,impossible de retourner l article,retour
V000982,55332,chat,2026-06-24 00:00:00,le colis est arrive en retard,livraison
V000983,55642,avis,2025-09-14 00:00:00,le remboursement n arrive pas,retour
V000984,52862,reclamation,2025-05-01 00:00:00,le colis est arrive en retard,livraison
V000985,33993,chat,2026-08-08 00:00:00,le remboursement n arrive pas,retour
V000986,48772,avis,2025-04-28 00:00:00,personne ne repond au telephone,contact
V000987,3552,reclamation,2025-11-11 00:00:00,la qualite n est pas au rendez vous,produit
V000988,47360,avis,2025-08-13 00:00:00,procedure de retour incomprehensible,retour
V000989,23398,chat,2026-04-21 00:00:00,article conforme et solide,produit
V000990,45300,reclamation,2026-07-18 00:00:00,promotion interessante ce mois ci,prix
V000991,5962,reclamation,2026-03-04 00:00:00,le remboursement n arrive pas,retour
V000992,42424,reclamation,2025-12-05 00:00:00,impossible de retourner l article,retour
V000993,25683,chat,2026-05-05 00:00:00,impossible de joindre le service client,contact
V000994,44194,avis,2025-12-29 00:00:00,delai de livraison beaucoup trop long,livraison
V000995,64233,chat,2026-06-11 00:00:00,conseiller tres aimable et efficace,contact
V000996,9931,reclamation,2026-08-06 00:00:00,article conforme et solide,produit
V000997,37878,avis,2025-07-06 00:00:00,livraison pas rapide du tout,livraison
V000998,20911,enquete,2025-06-30 00:00:00,le colis est arrive en retard,livraison
V000999,73183,enquete,2025-10-30 00:00:00,impossible de retourner l article,retour
V001000,16956,reclamation,2026-01-07 00:00:00,impossible de joindre le service client,contact
V001001,35260,enquete,2025-07-19 00:00:00,le colis est arrive en retard,livraison
V001002,32060,chat,2026-05-04 00:00:00,le colis est arrive en retard,livraison
V001003,42776,chat,2026-07-14 00:00:00,delai de livraison beaucoup trop long,livraison
V001004,43687,enquete,2026-07-30 00:00:00,promotion interessante ce mois ci,prix
V001005,5139,enquete,2026-04-17 00:00:00,article conforme et solide,produit
V001006,51880,avis,2026-08-13 00:00:00,procedure de retour incomprehensible,retour
V001007,59297,avis,2026-05-31 00:00:00,les prix ont augmente,prix
V001008,4144,avis,2025-12-09 00:00:00,conseiller tres aimable et efficace,contact
V001009,3776,enquete,2026-08-16 00:00:00,impossible de retourner l article,retour
V001010,15433,avis,2026-06-17 00:00:00,promotion interessante ce mois ci,prix
V001011,30084,chat,2025-10-24 00:00:00,bon rapport qualite prix,prix
V001012,67458,avis,2026-07-13 00:00:00,promotion interessante ce mois ci,prix
V001013,76395,chat,2026-03-23 00:00:00,article conforme et solide,produit
V001014,74821,avis,2026-05-24 00:00:00,delai de livraison beaucoup trop long,livraison
V001015,32926,reclamation,2026-06-29 00:00:00,promotion interessante ce mois ci,prix
V001016,20601,reclamation,2025-08-16 00:00:00,le remboursement n arrive pas,retour
V001017,967,avis,2025-06-25 00:00:00,procedure de retour incomprehensible,retour
V001018,21470,chat,2026-03-15 00:00:00,les prix ont augmente,prix
V001019,28294,reclamation,2025-08-09 00:00:00,la qualite n est pas au rendez vous,produit
V001020,51222,enquete,2026-02-27 00:00:00,procedure de retour incomprehensible,retour
V001021,19886,avis,2026-03-03 00:00:00,procedure de retour incomprehensible,retour
V001022,38283,chat,2026-06-12 00:00:00,le colis est arrive en retard,livraison
V001023,38926,chat,2025-06-20 00:00:00,le produit ne correspond pas a la photo,produit
V001024,59074,avis,2025-08-21 00:00:00,impossible de retourner l article,retour
V001025,1755,avis,2025-06-18 00:00:00,le remboursement n arrive pas,retour
V001026,37751,chat,2026-01-11 00:00:00,personne ne repond au telephone,contact
V001027,56543,reclamation,2026-05-16 00:00:00,conseiller tres aimable et efficace,contact
V001028,65474,enquete,2025-11-14 00:00:00,personne ne repond au telephone,contact
V001029,52334,avis,2025-05-20 00:00:00,les prix ont augmente,prix
V001030,62236,avis,2026-01-21 00:00:00,procedure de retour incomprehensible,retour
V001031,49493,reclamation,2026-03-19 00:00:00,impossible de joindre le service client,contact
V001032,32783,reclamation,2026-02-01 00:00:00,bon rapport qualite prix,prix
V001033,51432,enquete,2025-11-09 00:00:00,personne ne repond au telephone,contact
V001034,9298,reclamation,2025-10-08 00:00:00,promotion interessante ce mois ci,prix
V001035,54951,chat,2026-01-15 00:00:00,conseiller tres aimable et efficace,contact
V001036,72730,chat,2025-09-16 00:00:00,les prix ont augmente,prix
V001037,21629,chat,2025-09-30 00:00:00,article conforme et solide,produit
V001038,4664,chat,2025-09-19 00:00:00,les prix ont augmente,prix
V001039,3226,chat,2026-01-28 00:00:00,les prix ont augmente,prix
V001040,63816,chat,2025-12-17 00:00:00,impossible de joindre le service client,contact
V001041,72395,enquete,2026-05-20 00:00:00,la qualite n est pas au rendez vous,produit
V001042,51685,chat,2026-03-25 00:00:00,les prix ont augmente,prix
V001043,44353,chat,2025-05-22 00:00:00,le produit ne correspond pas a la photo,produit
V001044,50563,avis,2026-05-23 00:00:00,personne ne repond au telephone,contact
V001045,21369,enquete,2025-12-13 00:00:00,promotion interessante ce mois ci,prix
V001046,28397,chat,2025-11-12 00:00:00,promotion interessante ce mois ci,prix
V001047,24378,chat,2025-11-14 00:00:00,impossible de retourner l article,retour
V001048,3957,avis,2026-02-27 00:00:00,livraison pas rapide du tout,livraison
V001049,24258,avis,2025-06-14 00:00:00,delai de livraison beaucoup trop long,livraison
V001050,58499,avis,2025-11-07 00:00:00,les prix ont augmente,prix
V001051,68522,avis,2026-03-29 00:00:00,le colis est arrive en retard,livraison
V001052,14945,enquete,2025-10-22 00:00:00,bon rapport qualite prix,prix
V001053,55038,reclamation,2026-05-06 00:00:00,procedure de retour incomprehensible,retour
V001054,46103,reclamation,2025-08-28 00:00:00,procedure de retour incomprehensible,retour
V001055,35038,chat,2026-05-13 00:00:00,procedure de retour incomprehensible,retour
V001056,54546,chat,2026-05-16 00:00:00,procedure de retour incomprehensible,retour
V001057,63788,enquete,2025-07-12 00:00:00,impossible de retourner l article,retour
V001058,30311,enquete,2025-11-09 00:00:00,le colis est arrive en retard,livraison
V001059,27131,chat,2026-01-14 00:00:00,la qualite n est pas au rendez vous,produit
V001060,39435,reclamation,2026-07-04 00:00:00,le remboursement n arrive pas,retour
V001061,27534,chat,2025-09-11 00:00:00,impossible de joindre le service client,contact
V001062,58668,avis,2026-01-04 00:00:00,impossible de retourner l article,retour
V001063,50149,avis,2025-05-01 00:00:00,livraison pas rapide du tout,livraison
V001064,69805,chat,2025-10-26 00:00:00,delai de livraison beaucoup trop long,livraison
V001065,79863,chat,2026-03-21 00:00:00,livraison pas rapide du tout,livraison
V001066,43801,enquete,2025-05-03 00:00:00,le produit ne correspond pas a la photo,produit
V001067,3245,reclamation,2025-11-19 00:00:00,article conforme et solide,produit
V001068,61190,chat,2025-09-22 00:00:00,les prix ont augmente,prix
V001069,50185,enquete,2025-08-05 00:00:00,promotion interessante ce mois ci,prix
V001070,55966,enquete,2026-04-21 00:00:00,le colis est arrive en retard,livraison
V001071,69512,reclamation,2025-11-18 00:00:00,les prix ont augmente,prix
V001072,72484,reclamation,2026-02-27 00:00:00,personne ne repond au telephone,contact
V001073,26050,avis,2026-07-13 00:00:00,promotion interessante ce mois ci,prix
V001074,27421,enquete,2026-06-25 00:00:00,delai de livraison beaucoup trop long,livraison
V001075,56067,enquete,2025-10-16 00:00:00,le produit ne correspond pas a la photo,produit
V001076,33436,avis,2025-06-14 00:00:00,le colis est arrive en retard,livraison
V001077,36242,avis,2026-05-15 00:00:00,conseiller tres aimable et efficace,contact
V001078,8298,enquete,2026-04-23 00:00:00,bon rapport qualite prix,prix
V001079,29467,avis,2025-09-16 00:00:00,delai de livraison beaucoup trop long,livraison
V001080,24145,enquete,2026-04-28 00:00:00,impossible de retourner l article,retour
V001081,1424,reclamation,2025-04-27 00:00:00,la qualite n est pas au rendez vous,produit
V001082,42960,reclamation,2025-05-12 00:00:00,personne ne repond au telephone,contact
V001083,65614,enquete,2026-06-30 00:00:00,les prix ont augmente,prix
V001084,78307,avis,2026-05-01 00:00:00,bon rapport qualite prix,prix
V001085,53389,avis,2025-05-13 00:00:00,le colis est arrive en retard,livraison
V001086,53330,reclamation,2025-09-12 00:00:00,les prix ont augmente,prix
V001087,24829,avis,2025-12-12 00:00:00,personne ne repond au telephone,contact
V001088,74593,avis,2026-05-25 00:00:00,procedure de retour incomprehensible,retour
V001089,46084,reclamation,2025-11-03 00:00:00,conseiller tres aimable et efficace,contact
V001090,43431,chat,2026-07-19 00:00:00,livraison pas rapide du tout,livraison
V001091,36610,avis,2025-11-20 00:00:00,procedure de retour incomprehensible,retour
V001092,26121,avis,2025-09-27 00:00:00,article conforme et solide,produit
V001093,40073,avis,2026-03-24 00:00:00,les prix ont augmente,prix
V001094,77610,enquete,2025-09-17 00:00:00,bon rapport qualite prix,prix
V001095,43418,enquete,2025-12-25 00:00:00,livraison pas rapide du tout,livraison
V001096,46420,reclamation,2025-04-28 00:00:00,le colis est arrive en retard,livraison
V001097,44719,avis,2026-08-09 00:00:00,bon rapport qualite prix,prix
V001098,37541,avis,2025-09-12 00:00:00,conseiller tres aimable et efficace,contact
V001099,63688,enquete,2025-04-29 00:00:00,personne ne repond au telephone,contact
V001100,29181,reclamation,2026-05-03 00:00:00,les prix ont augmente,prix
V001101,10269,avis,2026-04-29 00:00:00,la qualite n est pas au rendez vous,produit
V001102,66754,reclamation,2025-07-02 00:00:00,personne ne repond au telephone,contact
V001103,51309,reclamation,2025-04-26 00:00:00,le colis est arrive en retard,livraison
V001104,66827,enquete,2025-06-14 00:00:00,personne ne repond au telephone,contact
V001105,15967,chat,2026-05-19 00:00:00,article conforme et solide,produit
V001106,16157,chat,2025-12-31 00:00:00,article conforme et solide,produit
V001107,55070,enquete,2026-07-29 00:00:00,la qualite n est pas au rendez vous,produit
V001108,29460,chat,2026-01-11 00:00:00,promotion interessante ce mois ci,prix
V001109,1252,chat,2026-03-19 00:00:00,livraison pas rapide du tout,livraison
V001110,55330,avis,2025-09-09 00:00:00,le remboursement n arrive pas,retour
V001111,12767,chat,2025-09-12 00:00:00,le produit ne correspond pas a la photo,produit
V001112,35851,avis,2025-07-11 00:00:00,bon rapport qualite prix,prix
V001113,1971,chat,2026-03-05 00:00:00,article conforme et solide,produit
V001114,38967,chat,2026-07-20 00:00:00,personne ne repond au telephone,contact
V001115,33423,reclamation,2025-06-02 00:00:00,conseiller tres aimable et efficace,contact
V001116,62835,chat,2025-07-14 00:00:00,article conforme et solide,produit
V001117,58202,chat,2025-05-15 00:00:00,le produit ne correspond pas a la photo,produit
V001118,47527,chat,2026-05-13 00:00:00,bon rapport qualite prix,prix
V001119,60065,avis,2025-09-29 00:00:00,le colis est arrive en retard,livraison
V001120,17787,enquete,2025-05-24 00:00:00,la qualite n est pas au rendez vous,produit
V001121,65731,enquete,2026-02-26 00:00:00,impossible de joindre le service client,contact
V001122,39401,reclamation,2025-05-19 00:00:00,le colis est arrive en retard,livraison
V001123,8679,enquete,2026-01-16 00:00:00,impossible de joindre le service client,contact
V001124,45126,enquete,2025-07-03 00:00:00,le colis est arrive en retard,livraison
V001125,25160,chat,2026-04-11 00:00:00,livraison pas rapide du tout,livraison
V001126,8676,enquete,2026-07-10 00:00:00,le produit ne correspond pas a la photo,produit
V001127,31783,chat,2026-03-20 00:00:00,procedure de retour incomprehensible,retour
V001128,55420,enquete,2026-05-22 00:00:00,livraison pas rapide du tout,livraison
V001129,34276,reclamation,2026-06-25 00:00:00,article conforme et solide,produit
V001130,20913,reclamation,2026-08-01 00:00:00,promotion interessante ce mois ci,prix
V001131,62437,enquete,2026-02-08 00:00:00,le produit ne correspond pas a la photo,produit
V001132,76799,chat,2026-04-18 00:00:00,impossible de retourner l article,retour
V001133,54864,reclamation,2026-05-05 00:00:00,personne ne repond au telephone,contact
V001134,61005,enquete,2026-02-22 00:00:00,impossible de joindre le service client,contact
V001135,45034,chat,2026-01-13 00:00:00,les prix ont augmente,prix
V001136,3007,enquete,2025-06-05 00:00:00,procedure de retour incomprehensible,retour
V001137,27362,chat,2026-08-11 00:00:00,personne ne repond au telephone,contact
V001138,78609,reclamation,2026-04-17 00:00:00,livraison pas rapide du tout,livraison
V001139,14935,chat,2026-01-11 00:00:00,impossible de joindre le service client,contact
V001140,51430,avis,2025-10-21 00:00:00,impossible de retourner l article,retour
V001141,71929,reclamation,2025-12-03 00:00:00,promotion interessante ce mois ci,prix
V001142,28541,reclamation,2025-08-26 00:00:00,le colis est arrive en retard,livraison
V001143,52084,enquete,2025-12-28 00:00:00,procedure de retour incomprehensible,retour
V001144,32710,enquete,2025-04-08 00:00:00,article conforme et solide,produit
V001145,65026,reclamation,2025-07-27 00:00:00,article conforme et solide,produit
V001146,13638,avis,2026-03-15 00:00:00,bon rapport qualite prix,prix
V001147,1436,reclamation,2026-08-14 00:00:00,le produit ne correspond pas a la photo,produit
V001148,47090,enquete,2025-11-05 00:00:00,delai de livraison beaucoup trop long,livraison
V001149,71983,enquete,2025-09-29 00:00:00,la qualite n est pas au rendez vous,produit
V001150,18016,chat,2026-03-20 00:00:00,les prix ont augmente,prix
V001151,44369,enquete,2026-08-08 00:00:00,promotion interessante ce mois ci,prix
V001152,74467,reclamation,2026-06-05 00:00:00,le produit ne correspond pas a la photo,produit
V001153,65293,avis,2025-06-30 00:00:00,impossible de joindre le service client,contact
V001154,47120,enquete,2026-06-19 00:00:00,delai de livraison beaucoup trop long,livraison
V001155,42456,chat,2025-08-01 00:00:00,personne ne repond au telephone,contact
V001156,18671,enquete,2026-02-11 00:00:00,le remboursement n arrive pas,retour
V001157,28976,enquete,2026-08-13 00:00:00,impossible de retourner l article,retour
V001158,55971,reclamation,2025-08-24 00:00:00,le colis est arrive en retard,livraison
V001159,69184,reclamation,2025-10-22 00:00:00,bon rapport qualite prix,prix
V001160,46611,avis,2025-06-27 00:00:00,bon rapport qualite prix,prix
V001161,6957,chat,2025-11-26 00:00:00,impossible de joindre le service client,contact
V001162,49904,enquete,2026-06-04 00:00:00,personne ne repond au telephone,contact
V001163,73332,chat,2025-05-08 00:00:00,impossible de joindre le service client,contact
V001164,62687,enquete,2026-03-23 00:00:00,personne ne repond au telephone,contact
V001165,27268,reclamation,2026-01-11 00:00:00,le produit ne correspond pas a la photo,produit
V001166,74318,enquete,2025-10-01 00:00:00,les prix ont augmente,prix
V001167,15956,enquete,2026-04-20 00:00:00,article conforme et solide,produit
V001168,39189,chat,2026-07-16 00:00:00,livraison pas rapide du tout,livraison
V001169,26961,reclamation,2025-08-27 00:00:00,le colis est arrive en retard,livraison
V001170,67989,reclamation,2025-10-19 00:00:00,bon rapport qualite prix,prix
V001171,75096,reclamation,2025-04-19 00:00:00,livraison pas rapide du tout,livraison
V001172,63303,enquete,2025-08-25 00:00:00,promotion interessante ce mois ci,prix
V001173,11450,reclamation,2025-05-17 00:00:00,promotion interessante ce mois ci,prix
V001174,35400,enquete,2026-03-28 00:00:00,procedure de retour incomprehensible,retour
V001175,4029,enquete,2025-10-03 00:00:00,la qualite n est pas au rendez vous,produit
V001176,70792,chat,2025-06-20 00:00:00,la qualite n est pas au rendez vous,produit
V001177,26473,enquete,2025-12-04 00:00:00,le produit ne correspond pas a la photo,produit
V001178,13692,avis,2025-04-09 00:00:00,le colis est arrive en retard,livraison
V001179,44160,enquete,2026-05-16 00:00:00,impossible de joindre le service client,contact
V001180,5972,avis,2026-02-28 00:00:00,article conforme et solide,produit
V001181,52848,chat,2025-08-14 00:00:00,les prix ont augmente,prix
V001182,1975,chat,2025-05-11 00:00:00,article conforme et solide,produit
V001183,24936,enquete,2025-12-05 00:00:00,article conforme et solide,produit
V001184,77935,chat,2025-09-17 00:00:00,la qualite n est pas au rendez vous,produit
V001185,36809,enquete,2025-09-18 00:00:00,personne ne repond au telephone,contact
V001186,59806,avis,2026-02-05 00:00:00,delai de livraison beaucoup trop long,livraison
V001187,16484,enquete,2026-05-06 00:00:00,le remboursement n arrive pas,retour
V001188,73561,enquete,2025-05-07 00:00:00,les prix ont augmente,prix
V001189,54115,chat,2026-05-11 00:00:00,le colis est arrive en retard,livraison
V001190,52480,avis,2025-07-26 00:00:00,impossible de joindre le service client,contact
V001191,33123,chat,2026-02-21 00:00:00,le produit ne correspond pas a la photo,produit
V001192,75590,chat,2025-06-18 00:00:00,procedure de retour incomprehensible,retour
V001193,5206,reclamation,2025-04-20 00:00:00,procedure de retour incomprehensible,retour
V001194,36432,avis,2025-06-08 00:00:00,impossible de retourner l article,retour
V001195,15303,enquete,2025-05-09 00:00:00,personne ne repond au telephone,contact
V001196,18835,avis,2026-01-30 00:00:00,article conforme et solide,produit
V001197,78077,chat,2026-02-04 00:00:00,livraison pas rapide du tout,livraison
V001198,12316,enquete,2026-04-05 00:00:00,la qualite n est pas au rendez vous,produit
V001199,40163,reclamation,2025-09-20 00:00:00,les prix ont augmente,prix
V001200,18374,enquete,2025-10-05 00:00:00,impossible de joindre le service client,contact
V001201,7759,avis,2025-12-10 00:00:00,livraison pas rapide du tout,livraison
V001202,77821,chat,2026-03-08 00:00:00,le remboursement n arrive pas,retour
V001203,10962,avis,2026-05-14 00:00:00,bon rapport qualite prix,prix
V001204,51499,chat,2025-05-14 00:00:00,article conforme et solide,produit
V001205,31394,reclamation,2025-10-30 00:00:00,promotion interessante ce mois ci,prix
V001206,36554,enquete,2025-09-08 00:00:00,le remboursement n arrive pas,retour
V001207,29782,enquete,2025-05-09 00:00:00,bon rapport qualite prix,prix
V001208,35534,chat,2025-08-16 00:00:00,livraison pas rapide du tout,livraison
V001209,8271,avis,2025-08-03 00:00:00,impossible de retourner l article,retour
V001210,48620,enquete,2026-08-10 00:00:00,bon rapport qualite prix,prix
V001211,52932,reclamation,2026-01-27 00:00:00,livraison pas rapide du tout,livraison
V001212,24516,reclamation,2026-02-20 00:00:00,promotion interessante ce mois ci,prix
V001213,44762,enquete,2026-04-20 00:00:00,impossible de retourner l article,retour
V001214,23386,enquete,2026-06-27 00:00:00,delai de livraison beaucoup trop long,livraison
V001215,55027,enquete,2026-08-19 00:00:00,impossible de joindre le service client,contact
V001216,76380,reclamation,2025-06-25 00:00:00,livraison pas rapide du tout,livraison
V001217,77013,avis,2025-11-29 00:00:00,livraison pas rapide du tout,livraison
V001218,66953,chat,2026-02-27 00:00:00,impossible de joindre le service client,contact
V001219,77183,avis,2026-04-12 00:00:00,promotion interessante ce mois ci,prix
V001220,44739,avis,2025-05-19 00:00:00,promotion interessante ce mois ci,prix
V001221,35119,chat,2025-05-26 00:00:00,les prix ont augmente,prix
V001222,37905,avis,2025-09-12 00:00:00,la qualite n est pas au rendez vous,produit
V001223,38254,avis,2026-03-10 00:00:00,personne ne repond au telephone,contact
V001224,25778,avis,2025-05-27 00:00:00,promotion interessante ce mois ci,prix
V001225,28375,enquete,2025-04-09 00:00:00,le colis est arrive en retard,livraison
V001226,71501,chat,2025-07-01 00:00:00,bon rapport qualite prix,prix
V001227,44706,enquete,2026-07-26 00:00:00,conseiller tres aimable et efficace,contact
V001228,39932,chat,2025-11-10 00:00:00,la qualite n est pas au rendez vous,produit
V001229,8042,avis,2026-03-31 00:00:00,conseiller tres aimable et efficace,contact
V001230,65068,avis,2025-06-22 00:00:00,livraison pas rapide du tout,livraison
V001231,57338,enquete,2025-05-23 00:00:00,le colis est arrive en retard,livraison
V001232,1536,reclamation,2025-06-15 00:00:00,procedure de retour incomprehensible,retour
V001233,58076,chat,2025-11-15 00:00:00,les prix ont augmente,prix
V001234,29335,chat,2025-07-31 00:00:00,les prix ont augmente,prix
V001235,74292,chat,2025-05-12 00:00:00,livraison pas rapide du tout,livraison
V001236,32654,chat,2025-09-12 00:00:00,procedure de retour incomprehensible,retour
V001237,79495,avis,2025-07-23 00:00:00,la qualite n est pas au rendez vous,produit
V001238,1133,enquete,2025-08-11 00:00:00,impossible de retourner l article,retour
V001239,69842,reclamation,2025-12-23 00:00:00,le colis est arrive en retard,livraison
V001240,44439,enquete,2025-10-09 00:00:00,promotion interessante ce mois ci,prix
V001241,18605,chat,2026-04-10 00:00:00,delai de livraison beaucoup trop long,livraison
V001242,62520,avis,2025-12-03 00:00:00,delai de livraison beaucoup trop long,livraison
V001243,61981,reclamation,2025-05-05 00:00:00,article conforme et solide,produit
V001244,63621,reclamation,2026-04-29 00:00:00,bon rapport qualite prix,prix
V001245,17363,chat,2025-08-11 00:00:00,le remboursement n arrive pas,retour
V001246,65471,chat,2026-07-17 00:00:00,le remboursement n arrive pas,retour
V001247,68547,enquete,2025-05-24 00:00:00,les prix ont augmente,prix
V001248,71161,chat,2026-01-14 00:00:00,le remboursement n arrive pas,retour
V001249,35098,reclamation,2025-09-27 00:00:00,le colis est arrive en retard,livraison
V001250,52636,chat,2025-09-17 00:00:00,bon rapport qualite prix,prix
V001251,46833,enquete,2025-06-12 00:00:00,le colis est arrive en retard,livraison
V001252,8764,avis,2025-06-13 00:00:00,procedure de retour incomprehensible,retour
V001253,28747,enquete,2025-05-11 00:00:00,delai de livraison beaucoup trop long,livraison
V001254,36449,reclamation,2025-11-16 00:00:00,le colis est arrive en retard,livraison
V001255,25914,reclamation,2026-04-29 00:00:00,le remboursement n arrive pas,retour
V001256,67696,chat,2025-06-11 00:00:00,le remboursement n arrive pas,retour
V001257,63784,chat,2025-12-09 00:00:00,la qualite n est pas au rendez vous,produit
V001258,28702,avis,2025-05-25 00:00:00,impossible de retourner l article,retour
V001259,50894,enquete,2025-10-11 00:00:00,le produit ne correspond pas a la photo,produit
V001260,59138,avis,2025-05-26 00:00:00,le produit ne correspond pas a la photo,produit
V001261,53155,enquete,2025-12-22 00:00:00,bon rapport qualite prix,prix
V001262,69964,reclamation,2025-04-30 00:00:00,conseiller tres aimable et efficace,contact
V001263,79335,reclamation,2025-10-26 00:00:00,promotion interessante ce mois ci,prix
V001264,23694,avis,2025-06-20 00:00:00,les prix ont augmente,prix
V001265,1256,chat,2026-02-06 00:00:00,article conforme et solide,produit
V001266,67778,reclamation,2025-12-14 00:00:00,le produit ne correspond pas a la photo,produit
V001267,42377,reclamation,2026-06-14 00:00:00,conseiller tres aimable et efficace,contact
V001268,16868,avis,2025-08-11 00:00:00,impossible de joindre le service client,contact
V001269,57382,enquete,2026-08-16 00:00:00,personne ne repond au telephone,contact
V001270,7439,chat,2025-07-18 00:00:00,impossible de retourner l article,retour
V001271,32391,avis,2025-07-18 00:00:00,personne ne repond au telephone,contact
V001272,45157,avis,2026-07-31 00:00:00,le produit ne correspond pas a la photo,produit
V001273,29242,enquete,2026-07-23 00:00:00,promotion interessante ce mois ci,prix
V001274,25103,chat,2025-06-03 00:00:00,procedure de retour incomprehensible,retour
V001275,68160,chat,2026-06-07 00:00:00,impossible de retourner l article,retour
V001276,30657,avis,2026-02-14 00:00:00,personne ne repond au telephone,contact
V001277,19049,enquete,2026-05-06 00:00:00,la qualite n est pas au rendez vous,produit
V001278,57824,reclamation,2025-05-04 00:00:00,impossible de joindre le service client,contact
V001279,52138,enquete,2026-01-14 00:00:00,procedure de retour incomprehensible,retour
V001280,33173,reclamation,2026-04-29 00:00:00,impossible de joindre le service client,contact
V001281,11932,avis,2025-11-09 00:00:00,procedure de retour incomprehensible,retour
V001282,10807,reclamation,2025-11-06 00:00:00,article conforme et solide,produit
V001283,15054,enquete,2025-09-06 00:00:00,article conforme et solide,produit
V001284,17285,reclamation,2026-07-20 00:00:00,impossible de retourner l article,retour
V001285,69669,enquete,2025-08-29 00:00:00,le colis est arrive en retard,livraison
V001286,59119,avis,2025-09-02 00:00:00,le colis est arrive en retard,livraison
V001287,37733,avis,2026-05-23 00:00:00,la qualite n est pas au rendez vous,produit
V001288,70307,avis,2026-05-19 00:00:00,bon rapport qualite prix,prix
V001289,32834,enquete,2025-09-06 00:00:00,procedure de retour incomprehensible,retour
V001290,1572,enquete,2025-07-06 00:00:00,procedure de retour incomprehensible,retour
V001291,3250,avis,2026-03-04 00:00:00,impossible de retourner l article,retour
V001292,79253,reclamation,2026-03-17 00:00:00,le colis est arrive en retard,livraison
V001293,2897,avis,2025-10-28 00:00:00,les prix ont augmente,prix
V001294,19476,avis,2026-01-07 00:00:00,bon rapport qualite prix,prix
V001295,78282,avis,2025-05-20 00:00:00,promotion interessante ce mois ci,prix
V001296,27016,enquete,2025-05-20 00:00:00,promotion interessante ce mois ci,prix
V001297,28212,chat,2026-04-24 00:00:00,la qualite n est pas au rendez vous,produit
V001298,1381,chat,2025-09-10 00:00:00,livraison pas rapide du tout,livraison
V001299,38712,reclamation,2026-06-29 00:00:00,impossible de retourner l article,retour
V001300,70117,enquete,2026-01-28 00:00:00,article conforme et solide,produit
V001301,43249,reclamation,2025-09-12 00:00:00,personne ne repond au telephone,contact
V001302,3249,reclamation,2025-07-17 00:00:00,promotion interessante ce mois ci,prix
V001303,64777,avis,2026-01-06 00:00:00,le remboursement n arrive pas,retour
V001304,28506,avis,2025-08-17 00:00:00,livraison pas rapide du tout,livraison
V001305,66478,avis,2026-06-20 00:00:00,le colis est arrive en retard,livraison
V001306,25341,avis,2025-10-28 00:00:00,impossible de retourner l article,retour
V001307,49879,enquete,2026-01-13 00:00:00,la qualite n est pas au rendez vous,produit
V001308,26937,avis,2025-12-17 00:00:00,les prix ont augmente,prix
V001309,68401,avis,2026-03-09 00:00:00,les prix ont augmente,prix
V001310,29404,enquete,2026-02-14 00:00:00,promotion interessante ce mois ci,prix
V001311,15700,avis,2025-06-08 00:00:00,conseiller tres aimable et efficace,contact
V001312,40876,reclamation,2026-05-31 00:00:00,impossible de retourner l article,retour
V001313,18861,avis,2025-10-24 00:00:00,promotion interessante ce mois ci,prix
V001314,9916,enquete,2025-05-18 00:00:00,livraison pas rapide du tout,livraison
V001315,33445,avis,2026-07-06 00:00:00,le remboursement n arrive pas,retour
V001316,361,reclamation,2025-05-22 00:00:00,impossible de retourner l article,retour
V001317,33983,avis,2026-06-05 00:00:00,personne ne repond au telephone,contact
V001318,67090,enquete,2025-11-16 00:00:00,promotion interessante ce mois ci,prix
V001319,58046,avis,2026-04-11 00:00:00,impossible de joindre le service client,contact
V001320,64198,reclamation,2026-03-26 00:00:00,procedure de retour incomprehensible,retour
V001321,51021,enquete,2025-06-07 00:00:00,delai de livraison beaucoup trop long,livraison
V001322,19460,avis,2025-09-07 00:00:00,la qualite n est pas au rendez vous,produit
V001323,42668,reclamation,2025-04-10 00:00:00,impossible de joindre le service client,contact
V001324,68535,enquete,2025-07-11 00:00:00,les prix ont augmente,prix
V001325,70538,avis,2025-05-03 00:00:00,le remboursement n arrive pas,retour
V001326,79705,enquete,2025-07-08 00:00:00,procedure de retour incomprehensible,retour
V001327,48140,reclamation,2026-03-19 00:00:00,le colis est arrive en retard,livraison
V001328,77724,enquete,2025-12-28 00:00:00,la qualite n est pas au rendez vous,produit
V001329,78152,enquete,2025-10-22 00:00:00,le remboursement n arrive pas,retour
V001330,1296,enquete,2025-08-23 00:00:00,les prix ont augmente,prix
V001331,67963,reclamation,2026-02-11 00:00:00,article conforme et solide,produit
V001332,57515,chat,2025-05-14 00:00:00,personne ne repond au telephone,contact
V001333,56493,reclamation,2026-08-04 00:00:00,promotion interessante ce mois ci,prix
V001334,13657,enquete,2026-07-14 00:00:00,article conforme et solide,produit
V001335,61797,chat,2025-09-13 00:00:00,livraison pas rapide du tout,livraison
V001336,5700,avis,2026-08-18 00:00:00,procedure de retour incomprehensible,retour
V001337,13882,chat,2026-06-14 00:00:00,conseiller tres aimable et efficace,contact
V001338,1454,avis,2026-04-02 00:00:00,le produit ne correspond pas a la photo,produit
V001339,36413,avis,2025-12-16 00:00:00,le remboursement n arrive pas,retour
V001340,353,reclamation,2025-10-26 00:00:00,personne ne repond au telephone,contact
V001341,69243,avis,2025-06-19 00:00:00,les prix ont augmente,prix
V001342,52444,chat,2026-02-26 00:00:00,conseiller tres aimable et efficace,contact
V001343,76940,avis,2025-10-04 00:00:00,la qualite n est pas au rendez vous,produit
V001344,41364,reclamation,2026-07-16 00:00:00,livraison pas rapide du tout,livraison
V001345,36489,enquete,2025-10-05 00:00:00,les prix ont augmente,prix
V001346,15701,reclamation,2026-04-20 00:00:00,les prix ont augmente,prix
V001347,29719,reclamation,2026-04-29 00:00:00,delai de livraison beaucoup trop long,livraison
V001348,53513,enquete,2026-01-15 00:00:00,personne ne repond au telephone,contact
V001349,53552,chat,2025-05-28 00:00:00,procedure de retour incomprehensible,retour
V001350,52320,reclamation,2025-12-19 00:00:00,les prix ont augmente,prix
V001351,7174,chat,2026-08-03 00:00:00,livraison pas rapide du tout,livraison
V001352,73485,reclamation,2026-03-09 00:00:00,les prix ont augmente,prix
V001353,8050,avis,2026-08-12 00:00:00,les prix ont augmente,prix
V001354,24679,reclamation,2025-10-10 00:00:00,procedure de retour incomprehensible,retour
V001355,1868,reclamation,2026-01-09 00:00:00,delai de livraison beaucoup trop long,livraison
V001356,9753,chat,2025-09-15 00:00:00,conseiller tres aimable et efficace,contact
V001357,36044,enquete,2025-04-13 00:00:00,promotion interessante ce mois ci,prix
V001358,25576,enquete,2025-11-23 00:00:00,article conforme et solide,produit
V001359,40192,reclamation,2025-10-20 00:00:00,bon rapport qualite prix,prix
V001360,54480,chat,2026-03-31 00:00:00,impossible de joindre le service client,contact
V001361,75067,avis,2025-12-02 00:00:00,article conforme et solide,produit
V001362,2004,avis,2025-07-12 00:00:00,impossible de retourner l article,retour
V001363,695,chat,2026-07-17 00:00:00,les prix ont augmente,prix
V001364,55757,reclamation,2025-04-11 00:00:00,promotion interessante ce mois ci,prix
V001365,3992,reclamation,2026-07-08 00:00:00,impossible de retourner l article,retour
V001366,65803,enquete,2026-08-08 00:00:00,conseiller tres aimable et efficace,contact
V001367,60767,reclamation,2025-12-01 00:00:00,impossible de joindre le service client,contact
V001368,67090,reclamation,2026-04-17 00:00:00,impossible de retourner l article,retour
V001369,12174,avis,2026-04-29 00:00:00,promotion interessante ce mois ci,prix
V001370,4792,chat,2025-05-22 00:00:00,impossible de retourner l article,retour
V001371,27760,enquete,2025-09-16 00:00:00,bon rapport qualite prix,prix
V001372,37465,reclamation,2025-11-29 00:00:00,article conforme et solide,produit
V001373,42406,reclamation,2025-08-11 00:00:00,livraison pas rapide du tout,livraison
V001374,10164,avis,2025-06-29 00:00:00,le remboursement n arrive pas,retour
V001375,65127,reclamation,2026-03-04 00:00:00,delai de livraison beaucoup trop long,livraison
V001376,35982,enquete,2025-05-17 00:00:00,livraison pas rapide du tout,livraison
V001377,20590,chat,2026-08-06 00:00:00,article conforme et solide,produit
V001378,59958,reclamation,2025-06-16 00:00:00,promotion interessante ce mois ci,prix
V001379,35487,enquete,2025-12-26 00:00:00,le colis est arrive en retard,livraison
V001380,51313,reclamation,2026-06-06 00:00:00,personne ne repond au telephone,contact
V001381,29582,reclamation,2025-08-27 00:00:00,impossible de retourner l article,retour
V001382,70257,enquete,2025-10-13 00:00:00,le remboursement n arrive pas,retour
V001383,46787,avis,2025-10-05 00:00:00,bon rapport qualite prix,prix
V001384,48355,reclamation,2026-01-22 00:00:00,bon rapport qualite prix,prix
V001385,67415,avis,2026-02-20 00:00:00,le remboursement n arrive pas,retour
V001386,11315,reclamation,2026-07-08 00:00:00,livraison pas rapide du tout,livraison
V001387,19765,reclamation,2026-01-02 00:00:00,livraison pas rapide du tout,livraison
V001388,70187,enquete,2025-10-17 00:00:00,impossible de retourner l article,retour
V001389,5354,enquete,2025-06-10 00:00:00,procedure de retour incomprehensible,retour
V001390,17147,chat,2025-08-28 00:00:00,livraison pas rapide du tout,livraison
V001391,23051,avis,2025-10-19 00:00:00,le colis est arrive en retard,livraison
V001392,63033,reclamation,2026-07-09 00:00:00,le produit ne correspond pas a la photo,produit
V001393,12479,reclamation,2025-05-08 00:00:00,promotion interessante ce mois ci,prix
V001394,45398,avis,2025-11-15 00:00:00,la qualite n est pas au rendez vous,produit
V001395,41671,chat,2025-09-27 00:00:00,le remboursement n arrive pas,retour
V001396,20097,chat,2025-05-28 00:00:00,promotion interessante ce mois ci,prix
V001397,18242,reclamation,2025-09-29 00:00:00,article conforme et solide,produit
V001398,68574,chat,2025-12-20 00:00:00,les prix ont augmente,prix
V001399,32707,chat,2025-09-22 00:00:00,le produit ne correspond pas a la photo,produit
V001400,18015,enquete,2025-07-10 00:00:00,promotion interessante ce mois ci,prix
V001401,46214,chat,2026-01-02 00:00:00,les prix ont augmente,prix
V001402,1417,avis,2025-09-24 00:00:00,la qualite n est pas au rendez vous,produit
V001403,34791,reclamation,2025-04-21 00:00:00,le colis est arrive en retard,livraison
V001404,28592,chat,2025-12-05 00:00:00,le remboursement n arrive pas,retour
V001405,38812,chat,2026-08-08 00:00:00,les prix ont augmente,prix
V001406,43265,reclamation,2025-07-25 00:00:00,article conforme et solide,produit
V001407,5604,avis,2025-12-04 00:00:00,la qualite n est pas au rendez vous,produit
V001408,18046,chat,2025-06-17 00:00:00,personne ne repond au telephone,contact
V001409,65632,reclamation,2025-04-09 00:00:00,article conforme et solide,produit
V001410,6053,enquete,2026-06-24 00:00:00,le colis est arrive en retard,livraison
V001411,74650,avis,2025-08-06 00:00:00,article conforme et solide,produit
V001412,14150,avis,2025-05-09 00:00:00,livraison pas rapide du tout,livraison
V001413,22807,chat,2025-12-05 00:00:00,conseiller tres aimable et efficace,contact
V001414,55118,enquete,2025-06-18 00:00:00,impossible de joindre le service client,contact
V001415,30544,enquete,2026-06-18 00:00:00,les prix ont augmente,prix
V001416,12337,avis,2025-05-06 00:00:00,livraison pas rapide du tout,livraison
V001417,38482,reclamation,2026-05-19 00:00:00,conseiller tres aimable et efficace,contact
V001418,54015,chat,2025-11-02 00:00:00,article conforme et solide,produit
V001419,41176,enquete,2025-12-06 00:00:00,bon rapport qualite prix,prix
V001420,17186,avis,2025-07-29 00:00:00,article conforme et solide,produit
V001421,19730,chat,2026-01-31 00:00:00,le remboursement n arrive pas,retour
V001422,48668,avis,2025-09-13 00:00:00,procedure de retour incomprehensible,retour
V001423,26705,reclamation,2025-06-27 00:00:00,conseiller tres aimable et efficace,contact
V001424,20813,chat,2025-08-16 00:00:00,conseiller tres aimable et efficace,contact
V001425,5969,enquete,2025-11-19 00:00:00,bon rapport qualite prix,prix
V001426,7055,enquete,2025-08-29 00:00:00,personne ne repond au telephone,contact
V001427,79330,chat,2026-07-05 00:00:00,le colis est arrive en retard,livraison
V001428,66572,avis,2026-02-20 00:00:00,delai de livraison beaucoup trop long,livraison
V001429,22151,enquete,2026-02-11 00:00:00,impossible de joindre le service client,contact
V001430,16827,chat,2026-04-22 00:00:00,les prix ont augmente,prix
V001431,17976,reclamation,2026-06-30 00:00:00,impossible de joindre le service client,contact
V001432,18904,chat,2025-10-06 00:00:00,livraison pas rapide du tout,livraison
V001433,77849,chat,2025-08-14 00:00:00,personne ne repond au telephone,contact
V001434,69941,reclamation,2026-03-12 00:00:00,livraison pas rapide du tout,livraison
V001435,79897,reclamation,2025-05-07 00:00:00,le remboursement n arrive pas,retour
V001436,60084,reclamation,2025-04-13 00:00:00,impossible de joindre le service client,contact
V001437,45121,avis,2025-07-04 00:00:00,conseiller tres aimable et efficace,contact
V001438,59254,enquete,2026-03-18 00:00:00,procedure de retour incomprehensible,retour
V001439,44105,avis,2026-03-04 00:00:00,delai de livraison beaucoup trop long,livraison
V001440,29212,reclamation,2026-06-11 00:00:00,personne ne repond au telephone,contact
V001441,69676,chat,2025-08-21 00:00:00,delai de livraison beaucoup trop long,livraison
V001442,22339,avis,2025-05-06 00:00:00,article conforme et solide,produit
V001443,14027,chat,2025-11-29 00:00:00,personne ne repond au telephone,contact
V001444,31767,chat,2025-11-07 00:00:00,article conforme et solide,produit
V001445,6757,enquete,2025-08-02 00:00:00,impossible de joindre le service client,contact
V001446,63635,reclamation,2025-08-28 00:00:00,impossible de joindre le service client,contact
V001447,32459,enquete,2025-09-18 00:00:00,les prix ont augmente,prix
V001448,43151,enquete,2025-10-27 00:00:00,livraison pas rapide du tout,livraison
V001449,23377,reclamation,2025-11-03 00:00:00,livraison pas rapide du tout,livraison
V001450,29214,enquete,2026-07-07 00:00:00,article conforme et solide,produit
V001451,76458,reclamation,2025-10-24 00:00:00,impossible de retourner l article,retour
V001452,53163,avis,2026-08-01 00:00:00,impossible de joindre le service client,contact
V001453,18618,reclamation,2025-12-27 00:00:00,article conforme et solide,produit
V001454,27127,reclamation,2025-05-20 00:00:00,bon rapport qualite prix,prix
V001455,33524,enquete,2026-06-20 00:00:00,article conforme et solide,produit
V001456,26725,enquete,2026-06-04 00:00:00,article conforme et solide,produit
V001457,8798,chat,2025-07-27 00:00:00,procedure de retour incomprehensible,retour
V001458,79564,enquete,2025-12-06 00:00:00,article conforme et solide,produit
V001459,64490,chat,2026-03-21 00:00:00,promotion interessante ce mois ci,prix
V001460,17318,avis,2026-05-29 00:00:00,bon rapport qualite prix,prix
V001461,7594,reclamation,2025-06-18 00:00:00,les prix ont augmente,prix
V001462,77682,avis,2025-10-31 00:00:00,promotion interessante ce mois ci,prix
V001463,61468,reclamation,2025-10-21 00:00:00,personne ne repond au telephone,contact
V001464,32463,avis,2025-09-01 00:00:00,impossible de joindre le service client,contact
V001465,28777,enquete,2026-08-11 00:00:00,impossible de retourner l article,retour
V001466,26059,avis,2025-07-27 00:00:00,promotion interessante ce mois ci,prix
V001467,54481,chat,2026-04-08 00:00:00,livraison pas rapide du tout,livraison
V001468,44371,chat,2025-09-06 00:00:00,conseiller tres aimable et efficace,contact
V001469,42880,chat,2026-06-23 00:00:00,procedure de retour incomprehensible,retour
V001470,13612,avis,2025-10-18 00:00:00,impossible de retourner l article,retour
V001471,79038,chat,2025-12-24 00:00:00,les prix ont augmente,prix
V001472,29461,enquete,2025-08-01 00:00:00,le produit ne correspond pas a la photo,produit
V001473,6360,enquete,2025-12-29 00:00:00,la qualite n est pas au rendez vous,produit
V001474,27900,avis,2026-08-07 00:00:00,conseiller tres aimable et efficace,contact
V001475,40877,chat,2026-04-17 00:00:00,impossible de joindre le service client,contact
V001476,60814,avis,2025-08-05 00:00:00,les prix ont augmente,prix
V001477,47301,chat,2025-07-07 00:00:00,personne ne repond au telephone,contact
V001478,13451,avis,2025-04-24 00:00:00,le produit ne correspond pas a la photo,produit
V001479,56717,chat,2026-01-07 00:00:00,conseiller tres aimable et efficace,contact
V001480,43348,enquete,2025-05-25 00:00:00,la qualite n est pas au rendez vous,produit
V001481,72381,avis,2026-06-16 00:00:00,le remboursement n arrive pas,retour
V001482,18669,avis,2025-05-16 00:00:00,impossible de retourner l article,retour
V001483,350,enquete,2025-09-03 00:00:00,impossible de retourner l article,retour
V001484,16307,reclamation,2026-05-02 00:00:00,conseiller tres aimable et efficace,contact
V001485,11217,chat,2025-11-16 00:00:00,la qualite n est pas au rendez vous,produit
V001486,59788,avis,2026-05-20 00:00:00,bon rapport qualite prix,prix
V001487,30653,avis,2025-08-20 00:00:00,impossible de joindre le service client,contact
V001488,51548,chat,2026-03-03 00:00:00,article conforme et solide,produit
V001489,8339,reclamation,2026-01-07 00:00:00,delai de livraison beaucoup trop long,livraison
V001490,37440,enquete,2025-10-16 00:00:00,le remboursement n arrive pas,retour
V001491,34871,avis,2025-09-24 00:00:00,delai de livraison beaucoup trop long,livraison
V001492,20114,reclamation,2025-11-23 00:00:00,le remboursement n arrive pas,retour
V001493,37569,reclamation,2026-04-16 00:00:00,impossible de retourner l article,retour
V001494,75001,avis,2025-09-20 00:00:00,impossible de joindre le service client,contact
V001495,57311,enquete,2025-05-17 00:00:00,le produit ne correspond pas a la photo,produit
V001496,46644,reclamation,2025-10-22 00:00:00,personne ne repond au telephone,contact
V001497,41299,reclamation,2026-02-15 00:00:00,impossible de retourner l article,retour
V001498,22211,avis,2025-10-12 00:00:00,bon rapport qualite prix,prix
V001499,27009,chat,2025-04-28 00:00:00,conseiller tres aimable et efficace,contact
V001500,22739,chat,2026-03-25 00:00:00,impossible de joindre le service client,contact
V001501,64094,avis,2025-09-12 00:00:00,les prix ont augmente,prix
V001502,29076,avis,2025-10-10 00:00:00,conseiller tres aimable et efficace,contact
V001503,47636,enquete,2025-04-14 00:00:00,delai de livraison beaucoup trop long,livraison
V001504,15757,avis,2025-12-21 00:00:00,conseiller tres aimable et efficace,contact
V001505,62756,chat,2026-04-30 00:00:00,conseiller tres aimable et efficace,contact
V001506,42536,enquete,2025-04-20 00:00:00,article conforme et solide,produit
V001507,25764,enquete,2025-12-06 00:00:00,promotion interessante ce mois ci,prix
V001508,39553,reclamation,2025-12-25 00:00:00,impossible de joindre le service client,contact
V001509,43824,chat,2026-03-03 00:00:00,article conforme et solide,produit
V001510,41094,enquete,2026-03-29 00:00:00,procedure de retour incomprehensible,retour
V001511,14807,enquete,2025-12-07 00:00:00,bon rapport qualite prix,prix
V001512,25375,enquete,2025-06-19 00:00:00,personne ne repond au telephone,contact
V001513,52807,chat,2025-06-25 00:00:00,le remboursement n arrive pas,retour
V001514,21864,avis,2025-11-30 00:00:00,le colis est arrive en retard,livraison
V001515,11547,chat,2025-09-08 00:00:00,la qualite n est pas au rendez vous,produit
V001516,65326,reclamation,2026-07-19 00:00:00,bon rapport qualite prix,prix
V001517,61873,avis,2025-04-14 00:00:00,le remboursement n arrive pas,retour
V001518,28568,enquete,2026-03-10 00:00:00,conseiller tres aimable et efficace,contact
V001519,21490,chat,2025-12-12 00:00:00,le colis est arrive en retard,livraison
V001520,55981,avis,2026-05-04 00:00:00,article conforme et solide,produit
V001521,25723,chat,2026-02-19 00:00:00,impossible de joindre le service client,contact
V001522,41645,enquete,2025-09-14 00:00:00,conseiller tres aimable et efficace,contact
V001523,16488,reclamation,2026-04-21 00:00:00,promotion interessante ce mois ci,prix
V001524,42505,reclamation,2025-06-07 00:00:00,conseiller tres aimable et efficace,contact
V001525,64556,enquete,2026-04-18 00:00:00,delai de livraison beaucoup trop long,livraison
V001526,9867,chat,2025-05-30 00:00:00,le colis est arrive en retard,livraison
V001527,51746,avis,2025-08-16 00:00:00,article conforme et solide,produit
V001528,12260,enquete,2025-10-21 00:00:00,le produit ne correspond pas a la photo,produit
V001529,4136,chat,2025-04-16 00:00:00,le produit ne correspond pas a la photo,produit
V001530,68328,avis,2025-04-19 00:00:00,le produit ne correspond pas a la photo,produit
V001531,37716,enquete,2026-03-27 00:00:00,le produit ne correspond pas a la photo,produit
V001532,18938,avis,2025-06-26 00:00:00,la qualite n est pas au rendez vous,produit
V001533,68126,avis,2025-08-14 00:00:00,impossible de retourner l article,retour
V001534,1899,enquete,2025-05-28 00:00:00,impossible de retourner l article,retour
V001535,61305,reclamation,2025-08-29 00:00:00,le remboursement n arrive pas,retour
V001536,41465,reclamation,2025-06-16 00:00:00,conseiller tres aimable et efficace,contact
V001537,77089,avis,2026-04-23 00:00:00,conseiller tres aimable et efficace,contact
V001538,21945,avis,2026-06-30 00:00:00,le colis est arrive en retard,livraison
V001539,23551,reclamation,2025-05-02 00:00:00,le colis est arrive en retard,livraison
V001540,71622,reclamation,2026-08-10 00:00:00,personne ne repond au telephone,contact
V001541,45854,enquete,2025-11-18 00:00:00,le remboursement n arrive pas,retour
V001542,24047,chat,2025-11-17 00:00:00,livraison pas rapide du tout,livraison
V001543,61091,avis,2026-04-18 00:00:00,le remboursement n arrive pas,retour
V001544,8948,reclamation,2026-06-26 00:00:00,livraison pas rapide du tout,livraison
V001545,70518,reclamation,2025-11-29 00:00:00,le remboursement n arrive pas,retour
V001546,1731,enquete,2026-01-05 00:00:00,la qualite n est pas au rendez vous,produit
V001547,41164,enquete,2025-11-05 00:00:00,le remboursement n arrive pas,retour
V001548,8955,avis,2026-06-10 00:00:00,livraison pas rapide du tout,livraison
V001549,8392,chat,2025-06-15 00:00:00,impossible de joindre le service client,contact
V001550,46548,enquete,2026-01-21 00:00:00,article conforme et solide,produit
V001551,74501,avis,2025-10-22 00:00:00,procedure de retour incomprehensible,retour
V001552,60837,reclamation,2025-11-18 00:00:00,la qualite n est pas au rendez vous,produit
V001553,61113,avis,2025-05-23 00:00:00,les prix ont augmente,prix
V001554,5915,enquete,2026-07-11 00:00:00,livraison pas rapide du tout,livraison
V001555,68439,reclamation,2026-06-09 00:00:00,impossible de retourner l article,retour
V001556,28565,chat,2025-11-02 00:00:00,la qualite n est pas au rendez vous,produit
V001557,18922,avis,2025-11-21 00:00:00,promotion interessante ce mois ci,prix
V001558,48475,avis,2025-11-04 00:00:00,impossible de joindre le service client,contact
V001559,37408,chat,2026-05-19 00:00:00,le colis est arrive en retard,livraison
V001560,24251,enquete,2025-05-10 00:00:00,impossible de joindre le service client,contact
V001561,33311,chat,2025-12-20 00:00:00,impossible de retourner l article,retour
V001562,64460,chat,2026-03-28 00:00:00,le colis est arrive en retard,livraison
V001563,4390,avis,2026-03-24 00:00:00,conseiller tres aimable et efficace,contact
V001564,63161,avis,2025-12-31 00:00:00,article conforme et solide,produit
V001565,54995,avis,2026-06-13 00:00:00,personne ne repond au telephone,contact
V001566,45133,reclamation,2025-06-21 00:00:00,promotion interessante ce mois ci,prix
V001567,69057,chat,2025-11-28 00:00:00,procedure de retour incomprehensible,retour
V001568,75546,avis,2026-01-04 00:00:00,le colis est arrive en retard,livraison
V001569,38794,avis,2026-01-08 00:00:00,delai de livraison beaucoup trop long,livraison
V001570,16057,enquete,2026-05-16 00:00:00,delai de livraison beaucoup trop long,livraison
V001571,17423,enquete,2026-05-31 00:00:00,le produit ne correspond pas a la photo,produit
V001572,18231,avis,2025-07-30 00:00:00,article conforme et solide,produit
V001573,42164,chat,2025-07-12 00:00:00,impossible de retourner l article,retour
V001574,36567,reclamation,2025-06-15 00:00:00,delai de livraison beaucoup trop long,livraison
V001575,53311,reclamation,2026-02-27 00:00:00,procedure de retour incomprehensible,retour
V001576,78318,enquete,2025-12-22 00:00:00,impossible de retourner l article,retour
V001577,4405,enquete,2026-01-21 00:00:00,livraison pas rapide du tout,livraison
V001578,35953,avis,2026-02-15 00:00:00,impossible de joindre le service client,contact
V001579,69369,chat,2025-08-07 00:00:00,le remboursement n arrive pas,retour
V001580,11066,enquete,2026-08-07 00:00:00,le remboursement n arrive pas,retour
V001581,54723,chat,2025-06-26 00:00:00,le produit ne correspond pas a la photo,produit
V001582,5572,avis,2026-04-25 00:00:00,personne ne repond au telephone,contact
V001583,7528,reclamation,2025-05-08 00:00:00,livraison pas rapide du tout,livraison
V001584,19154,avis,2025-06-06 00:00:00,promotion interessante ce mois ci,prix
V001585,28295,reclamation,2025-08-29 00:00:00,impossible de joindre le service client,contact
V001586,39692,chat,2025-05-21 00:00:00,impossible de joindre le service client,contact
V001587,34567,avis,2026-03-24 00:00:00,livraison pas rapide du tout,livraison
V001588,8685,reclamation,2026-05-19 00:00:00,bon rapport qualite prix,prix
V001589,34274,avis,2025-06-28 00:00:00,procedure de retour incomprehensible,retour
V001590,5416,chat,2025-10-12 00:00:00,les prix ont augmente,prix
V001591,73908,chat,2025-08-22 00:00:00,le colis est arrive en retard,livraison
V001592,9212,chat,2026-07-04 00:00:00,delai de livraison beaucoup trop long,livraison
V001593,65072,enquete,2026-02-07 00:00:00,le remboursement n arrive pas,retour
V001594,2637,chat,2025-07-13 00:00:00,impossible de joindre le service client,contact
V001595,42610,avis,2025-12-07 00:00:00,article conforme et solide,produit
V001596,75854,enquete,2026-05-10 00:00:00,article conforme et solide,produit
V001597,28182,avis,2026-05-11 00:00:00,conseiller tres aimable et efficace,contact
V001598,10083,enquete,2026-01-25 00:00:00,bon rapport qualite prix,prix
V001599,22621,reclamation,2026-04-12 00:00:00,article conforme et solide,produit
V001600,8419,enquete,2026-06-02 00:00:00,le colis est arrive en retard,livraison
V001601,52550,chat,2025-11-25 00:00:00,bon rapport qualite prix,prix
V001602,52690,reclamation,2026-02-04 00:00:00,impossible de joindre le service client,contact
V001603,31407,reclamation,2025-07-26 00:00:00,livraison pas rapide du tout,livraison
V001604,75693,chat,2025-12-02 00:00:00,le remboursement n arrive pas,retour
V001605,39887,chat,2026-01-19 00:00:00,delai de livraison beaucoup trop long,livraison
V001606,25366,enquete,2026-07-15 00:00:00,le produit ne correspond pas a la photo,produit
V001607,19969,reclamation,2026-06-15 00:00:00,livraison pas rapide du tout,livraison
V001608,67187,avis,2025-11-01 00:00:00,les prix ont augmente,prix
V001609,58490,enquete,2026-08-14 00:00:00,la qualite n est pas au rendez vous,produit
V001610,56299,avis,2025-09-03 00:00:00,impossible de retourner l article,retour
V001611,8405,avis,2025-08-18 00:00:00,bon rapport qualite prix,prix
V001612,348,reclamation,2026-01-29 00:00:00,promotion interessante ce mois ci,prix
V001613,43742,avis,2025-04-11 00:00:00,impossible de retourner l article,retour
V001614,15623,enquete,2026-05-31 00:00:00,les prix ont augmente,prix
V001615,60568,reclamation,2026-01-22 00:00:00,procedure de retour incomprehensible,retour
V001616,15155,enquete,2026-05-04 00:00:00,la qualite n est pas au rendez vous,produit
V001617,10435,enquete,2025-05-28 00:00:00,impossible de retourner l article,retour
V001618,7492,chat,2026-07-27 00:00:00,delai de livraison beaucoup trop long,livraison
V001619,66765,avis,2025-04-15 00:00:00,le produit ne correspond pas a la photo,produit
V001620,48789,enquete,2025-08-06 00:00:00,la qualite n est pas au rendez vous,produit
V001621,26109,chat,2026-08-10 00:00:00,livraison pas rapide du tout,livraison
V001622,31695,reclamation,2026-02-18 00:00:00,conseiller tres aimable et efficace,contact
V001623,16678,avis,2025-12-20 00:00:00,livraison pas rapide du tout,livraison
V001624,67194,reclamation,2026-01-06 00:00:00,procedure de retour incomprehensible,retour
V001625,41328,chat,2025-10-24 00:00:00,bon rapport qualite prix,prix
V001626,30628,reclamation,2025-08-29 00:00:00,personne ne repond au telephone,contact
V001627,15537,reclamation,2025-10-31 00:00:00,le colis est arrive en retard,livraison
V001628,23705,avis,2025-08-16 00:00:00,delai de livraison beaucoup trop long,livraison
V001629,30099,chat,2025-11-22 00:00:00,impossible de joindre le service client,contact
V001630,64006,enquete,2026-05-01 00:00:00,delai de livraison beaucoup trop long,livraison
V001631,35579,enquete,2025-11-17 00:00:00,bon rapport qualite prix,prix
V001632,30114,chat,2026-05-15 00:00:00,le colis est arrive en retard,livraison
V001633,18040,enquete,2025-11-06 00:00:00,procedure de retour incomprehensible,retour
V001634,46285,avis,2026-01-21 00:00:00,procedure de retour incomprehensible,retour
V001635,33818,avis,2025-10-22 00:00:00,le produit ne correspond pas a la photo,produit
V001636,47894,reclamation,2026-01-12 00:00:00,le remboursement n arrive pas,retour
V001637,28762,chat,2025-10-18 00:00:00,conseiller tres aimable et efficace,contact
V001638,41314,reclamation,2026-04-06 00:00:00,procedure de retour incomprehensible,retour
V001639,32423,avis,2026-08-01 00:00:00,promotion interessante ce mois ci,prix
V001640,40164,reclamation,2025-11-26 00:00:00,personne ne repond au telephone,contact
V001641,26100,chat,2026-04-23 00:00:00,livraison pas rapide du tout,livraison
V001642,59106,avis,2026-08-18 00:00:00,le produit ne correspond pas a la photo,produit
V001643,48342,reclamation,2025-10-16 00:00:00,le colis est arrive en retard,livraison
V001644,54594,enquete,2025-09-30 00:00:00,livraison pas rapide du tout,livraison
V001645,29717,avis,2026-06-04 00:00:00,le remboursement n arrive pas,retour
V001646,1015,chat,2026-01-13 00:00:00,le colis est arrive en retard,livraison
V001647,6296,chat,2025-12-30 00:00:00,conseiller tres aimable et efficace,contact
V001648,77678,enquete,2026-05-19 00:00:00,les prix ont augmente,prix
V001649,21657,chat,2025-12-07 00:00:00,la qualite n est pas au rendez vous,produit
V001650,27851,avis,2025-11-14 00:00:00,article conforme et solide,produit
V001651,4562,reclamation,2026-01-05 00:00:00,impossible de joindre le service client,contact
V001652,3778,chat,2026-03-05 00:00:00,conseiller tres aimable et efficace,contact
V001653,70855,enquete,2025-12-14 00:00:00,la qualite n est pas au rendez vous,produit
V001654,42120,chat,2025-06-19 00:00:00,article conforme et solide,produit
V001655,63007,enquete,2025-04-09 00:00:00,promotion interessante ce mois ci,prix
V001656,55715,reclamation,2026-03-28 00:00:00,impossible de retourner l article,retour
V001657,6568,chat,2025-05-04 00:00:00,le colis est arrive en retard,livraison
V001658,77516,reclamation,2026-04-12 00:00:00,conseiller tres aimable et efficace,contact
V001659,40072,enquete,2026-08-14 00:00:00,procedure de retour incomprehensible,retour
V001660,22780,enquete,2025-12-14 00:00:00,le remboursement n arrive pas,retour
V001661,62511,avis,2025-12-20 00:00:00,procedure de retour incomprehensible,retour
V001662,39855,chat,2025-10-28 00:00:00,le colis est arrive en retard,livraison
V001663,12087,reclamation,2025-09-07 00:00:00,delai de livraison beaucoup trop long,livraison
V001664,33621,avis,2026-01-11 00:00:00,impossible de retourner l article,retour
V001665,14847,avis,2025-10-21 00:00:00,livraison pas rapide du tout,livraison
V001666,49384,reclamation,2026-02-12 00:00:00,personne ne repond au telephone,contact
V001667,56092,chat,2026-06-25 00:00:00,livraison pas rapide du tout,livraison
V001668,11145,avis,2026-03-30 00:00:00,la qualite n est pas au rendez vous,produit
V001669,78586,avis,2025-05-29 00:00:00,la qualite n est pas au rendez vous,produit
V001670,39332,chat,2025-06-01 00:00:00,impossible de retourner l article,retour
V001671,65816,avis,2025-09-05 00:00:00,impossible de joindre le service client,contact
V001672,11022,avis,2026-03-17 00:00:00,conseiller tres aimable et efficace,contact
V001673,50109,enquete,2026-04-28 00:00:00,les prix ont augmente,prix
V001674,67917,reclamation,2025-06-21 00:00:00,les prix ont augmente,prix
V001675,7098,chat,2025-08-23 00:00:00,le colis est arrive en retard,livraison
V001676,79422,chat,2026-04-01 00:00:00,le produit ne correspond pas a la photo,produit
V001677,56386,reclamation,2026-01-23 00:00:00,personne ne repond au telephone,contact
V001678,9789,chat,2025-11-14 00:00:00,impossible de retourner l article,retour
V001679,69362,reclamation,2026-02-21 00:00:00,article conforme et solide,produit
V001680,33873,chat,2025-08-17 00:00:00,livraison pas rapide du tout,livraison
V001681,70472,enquete,2026-04-30 00:00:00,le remboursement n arrive pas,retour
V001682,36444,enquete,2025-08-08 00:00:00,impossible de joindre le service client,contact
V001683,11207,enquete,2025-07-20 00:00:00,delai de livraison beaucoup trop long,livraison
V001684,36481,chat,2025-10-23 00:00:00,procedure de retour incomprehensible,retour
V001685,65536,reclamation,2026-06-12 00:00:00,impossible de joindre le service client,contact
V001686,37607,avis,2025-11-23 00:00:00,bon rapport qualite prix,prix
V001687,8662,enquete,2026-03-07 00:00:00,livraison pas rapide du tout,livraison
V001688,55426,chat,2025-06-30 00:00:00,promotion interessante ce mois ci,prix
V001689,46988,avis,2025-12-10 00:00:00,le produit ne correspond pas a la photo,produit
V001690,51737,enquete,2025-12-13 00:00:00,le remboursement n arrive pas,retour
V001691,45205,chat,2025-08-08 00:00:00,les prix ont augmente,prix
V001692,39001,chat,2025-06-22 00:00:00,impossible de retourner l article,retour
V001693,10865,reclamation,2025-10-23 00:00:00,delai de livraison beaucoup trop long,livraison
V001694,1150,reclamation,2025-09-24 00:00:00,le produit ne correspond pas a la photo,produit
V001695,47051,chat,2026-01-15 00:00:00,procedure de retour incomprehensible,retour
V001696,60636,avis,2026-05-03 00:00:00,personne ne repond au telephone,contact
V001697,72245,enquete,2025-10-08 00:00:00,impossible de joindre le service client,contact
V001698,66647,reclamation,2026-08-02 00:00:00,impossible de retourner l article,retour
V001699,70506,enquete,2025-06-08 00:00:00,impossible de joindre le service client,contact
V001700,9755,chat,2026-08-14 00:00:00,conseiller tres aimable et efficace,contact
V001701,902,enquete,2026-06-08 00:00:00,bon rapport qualite prix,prix
V001702,369,enquete,2026-04-16 00:00:00,promotion interessante ce mois ci,prix
V001703,10937,reclamation,2025-11-17 00:00:00,article conforme et solide,produit
V001704,27589,enquete,2025-06-08 00:00:00,livraison pas rapide du tout,livraison
V001705,48284,avis,2025-11-01 00:00:00,article conforme et solide,produit
V001706,12358,avis,2025-06-03 00:00:00,le colis est arrive en retard,livraison
V001707,28953,chat,2025-11-24 00:00:00,delai de livraison beaucoup trop long,livraison
V001708,55828,avis,2026-04-30 00:00:00,la qualite n est pas au rendez vous,produit
V001709,34601,avis,2026-04-29 00:00:00,les prix ont augmente,prix
V001710,78902,avis,2025-08-03 00:00:00,article conforme et solide,produit
V001711,76833,enquete,2025-09-09 00:00:00,delai de livraison beaucoup trop long,livraison
V001712,6894,chat,2026-05-12 00:00:00,article conforme et solide,produit
V001713,34769,chat,2026-06-22 00:00:00,procedure de retour incomprehensible,retour
V001714,74283,enquete,2025-07-12 00:00:00,conseiller tres aimable et efficace,contact
V001715,15962,enquete,2026-01-10 00:00:00,le remboursement n arrive pas,retour
V001716,20259,chat,2025-09-10 00:00:00,livraison pas rapide du tout,livraison
V001717,70488,avis,2026-04-09 00:00:00,impossible de joindre le service client,contact
V001718,19011,chat,2026-07-30 00:00:00,impossible de retourner l article,retour
V001719,36402,enquete,2025-06-21 00:00:00,article conforme et solide,produit
V001720,12684,chat,2025-08-02 00:00:00,promotion interessante ce mois ci,prix
V001721,1463,chat,2025-12-13 00:00:00,le colis est arrive en retard,livraison
V001722,47588,enquete,2025-05-19 00:00:00,conseiller tres aimable et efficace,contact
V001723,1141,reclamation,2025-12-29 00:00:00,bon rapport qualite prix,prix
V001724,72966,reclamation,2026-03-07 00:00:00,impossible de retourner l article,retour
V001725,39518,avis,2025-04-29 00:00:00,le colis est arrive en retard,livraison
V001726,4170,chat,2026-04-11 00:00:00,procedure de retour incomprehensible,retour
V001727,44042,reclamation,2025-09-26 00:00:00,le colis est arrive en retard,livraison
V001728,28601,reclamation,2026-03-09 00:00:00,les prix ont augmente,prix
V001729,8578,reclamation,2026-07-22 00:00:00,conseiller tres aimable et efficace,contact
V001730,33004,avis,2026-02-19 00:00:00,la qualite n est pas au rendez vous,produit
V001731,40989,avis,2025-09-02 00:00:00,bon rapport qualite prix,prix
V001732,75752,reclamation,2025-07-31 00:00:00,procedure de retour incomprehensible,retour
V001733,17153,chat,2026-08-09 00:00:00,promotion interessante ce mois ci,prix
V001734,14541,enquete,2025-11-16 00:00:00,delai de livraison beaucoup trop long,livraison
V001735,3989,reclamation,2026-06-17 00:00:00,la qualite n est pas au rendez vous,produit
V001736,3885,enquete,2025-04-10 00:00:00,bon rapport qualite prix,prix
V001737,61564,avis,2026-05-01 00:00:00,la qualite n est pas au rendez vous,produit
V001738,40952,chat,2026-01-27 00:00:00,delai de livraison beaucoup trop long,livraison
V001739,9478,chat,2025-10-10 00:00:00,les prix ont augmente,prix
V001740,59783,enquete,2026-07-29 00:00:00,la qualite n est pas au rendez vous,produit
V001741,73055,enquete,2026-05-13 00:00:00,livraison pas rapide du tout,livraison
V001742,44340,chat,2025-12-16 00:00:00,delai de livraison beaucoup trop long,livraison
V001743,56597,reclamation,2026-04-23 00:00:00,le colis est arrive en retard,livraison
V001744,15461,reclamation,2025-08-08 00:00:00,le produit ne correspond pas a la photo,produit
V001745,75854,enquete,2025-05-26 00:00:00,article conforme et solide,produit
V001746,6342,reclamation,2026-02-06 00:00:00,procedure de retour incomprehensible,retour
V001747,74465,reclamation,2026-05-21 00:00:00,personne ne repond au telephone,contact
V001748,44626,reclamation,2025-11-11 00:00:00,la qualite n est pas au rendez vous,produit
V001749,62083,enquete,2026-03-31 00:00:00,le remboursement n arrive pas,retour
V001750,63250,enquete,2025-05-26 00:00:00,le remboursement n arrive pas,retour
V001751,63912,chat,2026-06-04 00:00:00,procedure de retour incomprehensible,retour
V001752,55306,chat,2026-05-27 00:00:00,impossible de joindre le service client,contact
V001753,42567,reclamation,2026-04-01 00:00:00,conseiller tres aimable et efficace,contact
V001754,35734,enquete,2025-05-02 00:00:00,bon rapport qualite prix,prix
V001755,5016,avis,2025-09-29 00:00:00,bon rapport qualite prix,prix
V001756,63729,chat,2026-05-03 00:00:00,le produit ne correspond pas a la photo,produit
V001757,8025,enquete,2025-10-31 00:00:00,impossible de retourner l article,retour
V001758,16862,chat,2026-05-06 00:00:00,le remboursement n arrive pas,retour
V001759,9373,avis,2026-04-08 00:00:00,promotion interessante ce mois ci,prix
V001760,17690,reclamation,2025-12-26 00:00:00,conseiller tres aimable et efficace,contact
V001761,20287,avis,2026-04-26 00:00:00,impossible de retourner l article,retour
V001762,36143,enquete,2026-05-13 00:00:00,promotion interessante ce mois ci,prix
V001763,31678,chat,2025-11-29 00:00:00,le remboursement n arrive pas,retour
V001764,32308,enquete,2025-08-31 00:00:00,bon rapport qualite prix,prix
V001765,54126,enquete,2025-04-29 00:00:00,le produit ne correspond pas a la photo,produit
V001766,31534,avis,2025-04-21 00:00:00,la qualite n est pas au rendez vous,produit
V001767,72531,enquete,2025-10-22 00:00:00,procedure de retour incomprehensible,retour
V001768,13057,avis,2025-07-01 00:00:00,le produit ne correspond pas a la photo,produit
V001769,33069,avis,2026-01-15 00:00:00,livraison pas rapide du tout,livraison
V001770,14088,reclamation,2025-12-16 00:00:00,promotion interessante ce mois ci,prix
V001771,37051,avis,2025-05-06 00:00:00,les prix ont augmente,prix
V001772,49441,chat,2025-06-14 00:00:00,le colis est arrive en retard,livraison
V001773,6758,enquete,2026-02-05 00:00:00,article conforme et solide,produit
V001774,5009,enquete,2026-08-04 00:00:00,impossible de joindre le service client,contact
V001775,62687,enquete,2026-06-17 00:00:00,conseiller tres aimable et efficace,contact
V001776,26147,enquete,2025-11-08 00:00:00,personne ne repond au telephone,contact
V001777,30848,reclamation,2026-05-01 00:00:00,la qualite n est pas au rendez vous,produit
V001778,53422,chat,2026-03-23 00:00:00,livraison pas rapide du tout,livraison
V001779,48660,chat,2026-01-16 00:00:00,les prix ont augmente,prix
V001780,34063,enquete,2026-06-10 00:00:00,bon rapport qualite prix,prix
V001781,36521,chat,2026-01-06 00:00:00,le produit ne correspond pas a la photo,produit
V001782,66419,chat,2025-04-08 00:00:00,impossible de joindre le service client,contact
V001783,26681,avis,2026-06-26 00:00:00,impossible de joindre le service client,contact
V001784,29004,enquete,2025-06-28 00:00:00,le colis est arrive en retard,livraison
V001785,64166,chat,2025-11-25 00:00:00,livraison pas rapide du tout,livraison
V001786,67970,avis,2026-07-29 00:00:00,la qualite n est pas au rendez vous,produit
V001787,40120,enquete,2025-06-21 00:00:00,la qualite n est pas au rendez vous,produit
V001788,36233,chat,2026-01-14 00:00:00,le produit ne correspond pas a la photo,produit
V001789,30677,chat,2026-02-05 00:00:00,la qualite n est pas au rendez vous,produit
V001790,37814,enquete,2025-10-01 00:00:00,article conforme et solide,produit
V001791,63480,avis,2025-07-01 00:00:00,le produit ne correspond pas a la photo,produit
V001792,67615,reclamation,2025-11-12 00:00:00,article conforme et solide,produit
V001793,15343,enquete,2025-11-21 00:00:00,livraison pas rapide du tout,livraison
V001794,24334,avis,2026-05-04 00:00:00,les prix ont augmente,prix
V001795,67504,reclamation,2025-11-30 00:00:00,impossible de retourner l article,retour
V001796,71615,reclamation,2026-01-10 00:00:00,procedure de retour incomprehensible,retour
V001797,10207,chat,2026-02-24 00:00:00,la qualite n est pas au rendez vous,produit
V001798,18475,chat,2025-08-10 00:00:00,article conforme et solide,produit
V001799,22736,chat,2026-04-06 00:00:00,personne ne repond au telephone,contact
V001800,11777,reclamation,2025-05-09 00:00:00,delai de livraison beaucoup trop long,livraison
V001801,53233,chat,2025-06-24 00:00:00,le produit ne correspond pas a la photo,produit
V001802,75153,reclamation,2025-09-26 00:00:00,la qualite n est pas au rendez vous,produit
V001803,52893,reclamation,2025-12-13 00:00:00,procedure de retour incomprehensible,retour
V001804,41255,avis,2026-01-09 00:00:00,conseiller tres aimable et efficace,contact
V001805,54097,reclamation,2025-05-23 00:00:00,les prix ont augmente,prix
V001806,42220,chat,2025-09-10 00:00:00,impossible de joindre le service client,contact
V001807,5254,reclamation,2025-10-30 00:00:00,conseiller tres aimable et efficace,contact
V001808,5320,enquete,2026-01-18 00:00:00,delai de livraison beaucoup trop long,livraison
V001809,28387,reclamation,2025-07-01 00:00:00,article conforme et solide,produit
V001810,39214,chat,2025-11-02 00:00:00,conseiller tres aimable et efficace,contact
V001811,16992,reclamation,2026-04-29 00:00:00,conseiller tres aimable et efficace,contact
V001812,29873,avis,2025-04-11 00:00:00,le produit ne correspond pas a la photo,produit
V001813,24585,enquete,2026-06-04 00:00:00,la qualite n est pas au rendez vous,produit
V001814,69141,avis,2026-03-05 00:00:00,article conforme et solide,produit
V001815,9721,enquete,2025-12-27 00:00:00,livraison pas rapide du tout,livraison
V001816,3100,reclamation,2025-05-26 00:00:00,livraison pas rapide du tout,livraison
V001817,79129,avis,2025-10-22 00:00:00,impossible de joindre le service client,contact
V001818,42364,chat,2026-01-12 00:00:00,procedure de retour incomprehensible,retour
V001819,8726,enquete,2025-09-01 00:00:00,livraison pas rapide du tout,livraison
V001820,69056,reclamation,2025-06-26 00:00:00,les prix ont augmente,prix
V001821,8410,avis,2026-07-09 00:00:00,impossible de joindre le service client,contact
V001822,2013,avis,2026-01-04 00:00:00,le produit ne correspond pas a la photo,produit
V001823,261,chat,2026-05-28 00:00:00,les prix ont augmente,prix
V001824,50993,reclamation,2025-06-30 00:00:00,le colis est arrive en retard,livraison
V001825,8283,chat,2026-06-26 00:00:00,promotion interessante ce mois ci,prix
V001826,13140,enquete,2026-02-07 00:00:00,impossible de retourner l article,retour
V001827,13063,reclamation,2026-06-16 00:00:00,livraison pas rapide du tout,livraison
V001828,79288,avis,2026-02-22 00:00:00,article conforme et solide,produit
V001829,13447,enquete,2025-06-29 00:00:00,article conforme et solide,produit
V001830,77156,reclamation,2026-07-24 00:00:00,delai de livraison beaucoup trop long,livraison
V001831,33305,chat,2025-05-07 00:00:00,bon rapport qualite prix,prix
V001832,48201,chat,2026-07-30 00:00:00,delai de livraison beaucoup trop long,livraison
V001833,67267,enquete,2025-11-21 00:00:00,le colis est arrive en retard,livraison
V001834,64419,avis,2025-07-27 00:00:00,le colis est arrive en retard,livraison
V001835,1058,enquete,2026-05-13 00:00:00,la qualite n est pas au rendez vous,produit
V001836,62472,reclamation,2025-04-30 00:00:00,article conforme et solide,produit
V001837,28200,reclamation,2025-05-30 00:00:00,article conforme et solide,produit
V001838,13792,reclamation,2025-11-11 00:00:00,article conforme et solide,produit
V001839,2611,chat,2026-03-25 00:00:00,le produit ne correspond pas a la photo,produit
V001840,19996,reclamation,2026-02-11 00:00:00,le colis est arrive en retard,livraison
V001841,22623,reclamation,2025-06-12 00:00:00,livraison pas rapide du tout,livraison
V001842,8843,reclamation,2025-09-02 00:00:00,le remboursement n arrive pas,retour
V001843,78036,enquete,2026-01-01 00:00:00,article conforme et solide,produit
V001844,28566,reclamation,2026-06-06 00:00:00,le colis est arrive en retard,livraison
V001845,66630,chat,2025-04-19 00:00:00,conseiller tres aimable et efficace,contact
V001846,45322,reclamation,2025-04-26 00:00:00,conseiller tres aimable et efficace,contact
V001847,76368,chat,2026-05-25 00:00:00,le colis est arrive en retard,livraison
V001848,35423,enquete,2025-07-11 00:00:00,impossible de joindre le service client,contact
V001849,23275,chat,2025-06-09 00:00:00,article conforme et solide,produit
V001850,68075,reclamation,2025-06-30 00:00:00,le produit ne correspond pas a la photo,produit
V001851,54678,avis,2025-08-22 00:00:00,bon rapport qualite prix,prix
V001852,34187,reclamation,2026-04-19 00:00:00,procedure de retour incomprehensible,retour
V001853,64734,avis,2026-04-09 00:00:00,les prix ont augmente,prix
V001854,42715,enquete,2026-01-07 00:00:00,les prix ont augmente,prix
V001855,24020,avis,2025-09-09 00:00:00,promotion interessante ce mois ci,prix
V001856,73550,enquete,2026-05-10 00:00:00,promotion interessante ce mois ci,prix
V001857,28797,chat,2026-03-15 00:00:00,livraison pas rapide du tout,livraison
V001858,53629,reclamation,2025-12-22 00:00:00,promotion interessante ce mois ci,prix
V001859,11027,avis,2025-11-20 00:00:00,le produit ne correspond pas a la photo,produit
V001860,54537,enquete,2025-10-07 00:00:00,bon rapport qualite prix,prix
V001861,10678,enquete,2025-08-22 00:00:00,conseiller tres aimable et efficace,contact
V001862,37179,reclamation,2026-05-14 00:00:00,personne ne repond au telephone,contact
V001863,37536,avis,2025-11-24 00:00:00,delai de livraison beaucoup trop long,livraison
V001864,58014,chat,2025-08-04 00:00:00,promotion interessante ce mois ci,prix
V001865,34842,chat,2026-01-08 00:00:00,le remboursement n arrive pas,retour
V001866,76649,avis,2025-08-30 00:00:00,le remboursement n arrive pas,retour
V001867,54729,reclamation,2025-11-08 00:00:00,conseiller tres aimable et efficace,contact
V001868,30189,avis,2026-08-08 00:00:00,delai de livraison beaucoup trop long,livraison
V001869,239,reclamation,2025-11-23 00:00:00,procedure de retour incomprehensible,retour
V001870,76166,chat,2026-05-02 00:00:00,impossible de joindre le service client,contact
V001871,5944,reclamation,2025-08-07 00:00:00,les prix ont augmente,prix
V001872,17403,enquete,2025-10-29 00:00:00,procedure de retour incomprehensible,retour
V001873,63752,reclamation,2026-07-27 00:00:00,les prix ont augmente,prix
V001874,74164,reclamation,2026-05-14 00:00:00,livraison pas rapide du tout,livraison
V001875,37584,chat,2025-11-26 00:00:00,promotion interessante ce mois ci,prix
V001876,55315,reclamation,2026-01-05 00:00:00,le produit ne correspond pas a la photo,produit
V001877,33631,chat,2025-09-18 00:00:00,la qualite n est pas au rendez vous,produit
V001878,30212,enquete,2026-06-10 00:00:00,le produit ne correspond pas a la photo,produit
V001879,34600,avis,2025-06-28 00:00:00,impossible de joindre le service client,contact
V001880,32269,avis,2026-01-23 00:00:00,impossible de joindre le service client,contact
V001881,43731,enquete,2025-06-24 00:00:00,livraison pas rapide du tout,livraison
V001882,19699,reclamation,2026-03-05 00:00:00,les prix ont augmente,prix
V001883,49911,chat,2025-05-24 00:00:00,bon rapport qualite prix,prix
V001884,68853,enquete,2026-05-12 00:00:00,la qualite n est pas au rendez vous,produit
V001885,37639,chat,2026-07-12 00:00:00,promotion interessante ce mois ci,prix
V001886,18714,enquete,2025-07-21 00:00:00,le produit ne correspond pas a la photo,produit
V001887,37016,enquete,2025-12-26 00:00:00,article conforme et solide,produit
V001888,78592,reclamation,2025-06-06 00:00:00,les prix ont augmente,prix
V001889,54075,chat,2026-04-22 00:00:00,conseiller tres aimable et efficace,contact
V001890,53320,chat,2025-11-13 00:00:00,la qualite n est pas au rendez vous,produit
V001891,68364,avis,2025-06-07 00:00:00,article conforme et solide,produit
V001892,79998,reclamation,2025-06-01 00:00:00,impossible de joindre le service client,contact
V001893,17151,avis,2025-12-21 00:00:00,le produit ne correspond pas a la photo,produit
V001894,18538,avis,2026-02-02 00:00:00,personne ne repond au telephone,contact
V001895,52056,chat,2025-04-20 00:00:00,le colis est arrive en retard,livraison
V001896,65617,enquete,2025-11-23 00:00:00,personne ne repond au telephone,contact
V001897,42385,chat,2026-04-15 00:00:00,conseiller tres aimable et efficace,contact
V001898,79883,enquete,2026-07-31 00:00:00,le produit ne correspond pas a la photo,produit
V001899,67862,avis,2026-07-13 00:00:00,article conforme et solide,produit
V001900,6966,reclamation,2026-01-27 00:00:00,promotion interessante ce mois ci,prix
V001901,73973,chat,2026-02-03 00:00:00,delai de livraison beaucoup trop long,livraison
V001902,40270,enquete,2025-11-05 00:00:00,article conforme et solide,produit
V001903,11259,enquete,2025-12-28 00:00:00,le colis est arrive en retard,livraison
V001904,61041,enquete,2026-05-27 00:00:00,delai de livraison beaucoup trop long,livraison
V001905,65807,chat,2025-08-13 00:00:00,le produit ne correspond pas a la photo,produit
V001906,11748,avis,2025-12-06 00:00:00,promotion interessante ce mois ci,prix
V001907,63523,avis,2026-05-11 00:00:00,article conforme et solide,produit
V001908,72032,chat,2026-01-11 00:00:00,le remboursement n arrive pas,retour
V001909,49303,chat,2026-01-21 00:00:00,le remboursement n arrive pas,retour
V001910,45247,enquete,2026-05-23 00:00:00,livraison pas rapide du tout,livraison
V001911,55264,reclamation,2026-02-04 00:00:00,le remboursement n arrive pas,retour
V001912,73354,enquete,2025-05-26 00:00:00,personne ne repond au telephone,contact
V001913,59578,avis,2026-03-06 00:00:00,personne ne repond au telephone,contact
V001914,34174,avis,2025-09-18 00:00:00,la qualite n est pas au rendez vous,produit
V001915,69492,reclamation,2025-06-09 00:00:00,les prix ont augmente,prix
V001916,13596,chat,2025-08-31 00:00:00,promotion interessante ce mois ci,prix
V001917,14863,enquete,2025-04-08 00:00:00,la qualite n est pas au rendez vous,produit
V001918,75628,reclamation,2025-07-22 00:00:00,les prix ont augmente,prix
V001919,23010,reclamation,2025-08-16 00:00:00,le colis est arrive en retard,livraison
V001920,21191,avis,2025-05-08 00:00:00,article conforme et solide,produit
V001921,78402,chat,2025-08-31 00:00:00,le remboursement n arrive pas,retour
V001922,26740,chat,2025-11-18 00:00:00,article conforme et solide,produit
V001923,66727,reclamation,2025-04-29 00:00:00,la qualite n est pas au rendez vous,produit
V001924,52854,enquete,2025-04-22 00:00:00,le colis est arrive en retard,livraison
V001925,77763,enquete,2026-02-16 00:00:00,conseiller tres aimable et efficace,contact
V001926,50089,enquete,2026-05-19 00:00:00,article conforme et solide,produit
V001927,78391,reclamation,2025-07-21 00:00:00,procedure de retour incomprehensible,retour
V001928,23605,enquete,2026-07-04 00:00:00,promotion interessante ce mois ci,prix
V001929,58528,enquete,2026-06-01 00:00:00,les prix ont augmente,prix
V001930,25190,reclamation,2026-03-01 00:00:00,le produit ne correspond pas a la photo,produit
V001931,23407,chat,2025-06-09 00:00:00,les prix ont augmente,prix
V001932,28315,reclamation,2026-08-13 00:00:00,delai de livraison beaucoup trop long,livraison
V001933,52904,reclamation,2026-04-22 00:00:00,le remboursement n arrive pas,retour
V001934,13945,avis,2025-07-31 00:00:00,article conforme et solide,produit
V001935,9777,reclamation,2025-06-24 00:00:00,delai de livraison beaucoup trop long,livraison
V001936,5565,chat,2025-09-27 00:00:00,le remboursement n arrive pas,retour
V001937,46633,enquete,2026-01-06 00:00:00,le remboursement n arrive pas,retour
V001938,54537,avis,2025-09-04 00:00:00,article conforme et solide,produit
V001939,63362,avis,2026-04-13 00:00:00,procedure de retour incomprehensible,retour
V001940,56947,chat,2025-06-16 00:00:00,le produit ne correspond pas a la photo,produit
V001941,58771,enquete,2025-07-13 00:00:00,promotion interessante ce mois ci,prix
V001942,66991,avis,2026-01-24 00:00:00,livraison pas rapide du tout,livraison
V001943,20611,avis,2025-10-28 00:00:00,procedure de retour incomprehensible,retour
V001944,62011,avis,2026-04-10 00:00:00,les prix ont augmente,prix
V001945,32970,enquete,2026-07-06 00:00:00,livraison pas rapide du tout,livraison
V001946,10064,chat,2025-05-07 00:00:00,impossible de joindre le service client,contact
V001947,34481,reclamation,2026-02-14 00:00:00,le colis est arrive en retard,livraison
V001948,59424,enquete,2026-06-11 00:00:00,conseiller tres aimable et efficace,contact
V001949,7347,reclamation,2025-09-05 00:00:00,le produit ne correspond pas a la photo,produit
V001950,8067,enquete,2025-06-01 00:00:00,le colis est arrive en retard,livraison
V001951,74137,reclamation,2025-06-19 00:00:00,personne ne repond au telephone,contact
V001952,52080,enquete,2026-02-16 00:00:00,les prix ont augmente,prix
V001953,59683,chat,2026-03-16 00:00:00,le remboursement n arrive pas,retour
V001954,74339,chat,2026-04-01 00:00:00,impossible de retourner l article,retour
V001955,13099,chat,2026-01-22 00:00:00,le remboursement n arrive pas,retour
V001956,74201,chat,2025-06-03 00:00:00,procedure de retour incomprehensible,retour
V001957,67191,reclamation,2026-07-10 00:00:00,le produit ne correspond pas a la photo,produit
V001958,65274,chat,2026-08-02 00:00:00,le colis est arrive en retard,livraison
V001959,67265,chat,2025-12-02 00:00:00,la qualite n est pas au rendez vous,produit
V001960,17249,avis,2025-06-30 00:00:00,la qualite n est pas au rendez vous,produit
V001961,12414,enquete,2026-06-23 00:00:00,le colis est arrive en retard,livraison
V001962,9743,chat,2026-05-24 00:00:00,le colis est arrive en retard,livraison
V001963,66933,enquete,2026-02-07 00:00:00,le remboursement n arrive pas,retour
V001964,11875,chat,2025-06-20 00:00:00,livraison pas rapide du tout,livraison
V001965,61162,chat,2025-06-13 00:00:00,impossible de joindre le service client,contact
V001966,23299,avis,2025-11-22 00:00:00,la qualite n est pas au rendez vous,produit
V001967,49920,chat,2026-04-03 00:00:00,la qualite n est pas au rendez vous,produit
V001968,18167,reclamation,2025-08-20 00:00:00,impossible de retourner l article,retour
V001969,30869,enquete,2026-05-12 00:00:00,conseiller tres aimable et efficace,contact
V001970,78999,chat,2025-06-22 00:00:00,procedure de retour incomprehensible,retour
V001971,71785,chat,2025-06-04 00:00:00,article conforme et solide,produit
V001972,2779,reclamation,2025-09-26 00:00:00,procedure de retour incomprehensible,retour
V001973,22509,avis,2026-04-24 00:00:00,conseiller tres aimable et efficace,contact
V001974,25961,reclamation,2026-03-03 00:00:00,promotion interessante ce mois ci,prix
V001975,73441,chat,2026-04-05 00:00:00,promotion interessante ce mois ci,prix
V001976,38443,reclamation,2026-04-16 00:00:00,conseiller tres aimable et efficace,contact
V001977,73676,reclamation,2026-02-02 00:00:00,impossible de joindre le service client,contact
V001978,14608,reclamation,2025-05-03 00:00:00,article conforme et solide,produit
V001979,24104,chat,2025-04-13 00:00:00,impossible de joindre le service client,contact
V001980,36922,enquete,2025-12-16 00:00:00,article conforme et solide,produit
V001981,55322,chat,2026-04-04 00:00:00,delai de livraison beaucoup trop long,livraison
V001982,69414,enquete,2025-12-03 00:00:00,bon rapport qualite prix,prix
V001983,67114,avis,2026-04-17 00:00:00,impossible de retourner l article,retour
V001984,49317,chat,2025-11-13 00:00:00,livraison pas rapide du tout,livraison
V001985,2597,enquete,2025-10-24 00:00:00,impossible de joindre le service client,contact
V001986,67220,enquete,2026-05-23 00:00:00,personne ne repond au telephone,contact
V001987,72840,chat,2026-03-25 00:00:00,bon rapport qualite prix,prix
V001988,4212,chat,2025-06-01 00:00:00,personne ne repond au telephone,contact
V001989,70647,chat,2026-06-13 00:00:00,article conforme et solide,produit
V001990,4444,enquete,2026-01-08 00:00:00,livraison pas rapide du tout,livraison
V001991,56365,reclamation,2025-10-27 00:00:00,la qualite n est pas au rendez vous,produit
V001992,53578,enquete,2025-12-30 00:00:00,article conforme et solide,produit
V001993,29759,enquete,2025-05-17 00:00:00,les prix ont augmente,prix
V001994,13856,enquete,2026-06-07 00:00:00,promotion interessante ce mois ci,prix
V001995,35702,reclamation,2026-01-11 00:00:00,conseiller tres aimable et efficace,contact
V001996,13993,chat,2026-04-30 00:00:00,le remboursement n arrive pas,retour
V001997,20542,avis,2026-05-22 00:00:00,la qualite n est pas au rendez vous,produit
V001998,49483,reclamation,2026-03-27 00:00:00,la qualite n est pas au rendez vous,produit
V001999,30062,reclamation,2025-11-12 00:00:00,le colis est arrive en retard,livraison
V002000,69148,reclamation,2026-01-16 00:00:00,conseiller tres aimable et efficace,contact
V002001,4557,reclamation,2026-07-26 00:00:00,delai de livraison beaucoup trop long,livraison
V002002,54593,avis,2026-01-06 00:00:00,personne ne repond au telephone,contact
V002003,36543,chat,2025-11-08 00:00:00,impossible de joindre le service client,contact
V002004,60094,enquete,2025-09-30 00:00:00,impossible de retourner l article,retour
V002005,61030,reclamation,2026-08-10 00:00:00,le produit ne correspond pas a la photo,produit
V002006,1247,avis,2026-04-26 00:00:00,le remboursement n arrive pas,retour
V002007,64566,chat,2025-05-20 00:00:00,personne ne repond au telephone,contact
V002008,37366,chat,2025-05-01 00:00:00,le colis est arrive en retard,livraison
V002009,4599,chat,2025-08-12 00:00:00,impossible de retourner l article,retour
V002010,72248,enquete,2025-10-02 00:00:00,la qualite n est pas au rendez vous,produit
V002011,22678,avis,2026-02-17 00:00:00,personne ne repond au telephone,contact
V002012,78330,enquete,2025-10-21 00:00:00,impossible de retourner l article,retour
V002013,44413,avis,2025-05-24 00:00:00,le remboursement n arrive pas,retour
V002014,14874,chat,2025-07-10 00:00:00,bon rapport qualite prix,prix
V002015,58128,avis,2026-03-08 00:00:00,livraison pas rapide du tout,livraison
V002016,11471,enquete,2026-06-22 00:00:00,impossible de retourner l article,retour
V002017,30687,avis,2026-04-15 00:00:00,le produit ne correspond pas a la photo,produit
V002018,40457,enquete,2026-04-05 00:00:00,le colis est arrive en retard,livraison
V002019,52313,chat,2025-04-08 00:00:00,la qualite n est pas au rendez vous,produit
V002020,30978,enquete,2026-05-11 00:00:00,le colis est arrive en retard,livraison
V002021,26827,chat,2025-06-12 00:00:00,livraison pas rapide du tout,livraison
V002022,61266,chat,2026-02-05 00:00:00,le remboursement n arrive pas,retour
V002023,51137,chat,2025-12-12 00:00:00,la qualite n est pas au rendez vous,produit
V002024,13765,chat,2025-07-29 00:00:00,le colis est arrive en retard,livraison
V002025,6287,avis,2026-06-06 00:00:00,le colis est arrive en retard,livraison
V002026,50645,chat,2026-05-05 00:00:00,le produit ne correspond pas a la photo,produit
V002027,13260,enquete,2026-07-17 00:00:00,personne ne repond au telephone,contact
V002028,21608,reclamation,2025-08-11 00:00:00,promotion interessante ce mois ci,prix
V002029,42178,enquete,2025-07-09 00:00:00,conseiller tres aimable et efficace,contact
V002030,31070,reclamation,2025-09-11 00:00:00,procedure de retour incomprehensible,retour
V002031,44498,chat,2025-09-22 00:00:00,procedure de retour incomprehensible,retour
V002032,69792,reclamation,2026-07-04 00:00:00,le produit ne correspond pas a la photo,produit
V002033,7459,chat,2026-02-11 00:00:00,le produit ne correspond pas a la photo,produit
V002034,72598,avis,2026-03-12 00:00:00,conseiller tres aimable et efficace,contact
V002035,56661,enquete,2026-05-12 00:00:00,impossible de retourner l article,retour
V002036,45110,chat,2026-04-24 00:00:00,conseiller tres aimable et efficace,contact
V002037,12720,enquete,2026-08-19 00:00:00,article conforme et solide,produit
V002038,49331,reclamation,2026-06-18 00:00:00,bon rapport qualite prix,prix
V002039,52044,reclamation,2025-10-09 00:00:00,delai de livraison beaucoup trop long,livraison
V002040,50590,enquete,2025-05-12 00:00:00,impossible de retourner l article,retour
V002041,31859,chat,2025-06-10 00:00:00,le remboursement n arrive pas,retour
V002042,4518,chat,2025-09-15 00:00:00,impossible de joindre le service client,contact
V002043,19128,reclamation,2026-02-11 00:00:00,promotion interessante ce mois ci,prix
V002044,21443,reclamation,2025-08-23 00:00:00,promotion interessante ce mois ci,prix
V002045,23210,enquete,2025-05-04 00:00:00,impossible de joindre le service client,contact
V002046,4192,enquete,2026-05-19 00:00:00,le produit ne correspond pas a la photo,produit
V002047,46817,chat,2026-04-29 00:00:00,promotion interessante ce mois ci,prix
V002048,28235,avis,2025-05-29 00:00:00,impossible de retourner l article,retour
V002049,26721,enquete,2025-09-08 00:00:00,les prix ont augmente,prix
V002050,78061,enquete,2025-08-14 00:00:00,delai de livraison beaucoup trop long,livraison
V002051,41471,enquete,2025-10-19 00:00:00,les prix ont augmente,prix
V002052,10705,chat,2025-04-13 00:00:00,le colis est arrive en retard,livraison
V002053,74876,chat,2026-03-11 00:00:00,le produit ne correspond pas a la photo,produit
V002054,7903,reclamation,2026-07-12 00:00:00,les prix ont augmente,prix
V002055,51103,reclamation,2025-11-05 00:00:00,procedure de retour incomprehensible,retour
V002056,60382,avis,2025-11-28 00:00:00,personne ne repond au telephone,contact
V002057,75534,avis,2026-02-06 00:00:00,bon rapport qualite prix,prix
V002058,32497,chat,2025-07-05 00:00:00,la qualite n est pas au rendez vous,produit
V002059,47022,chat,2026-05-14 00:00:00,le remboursement n arrive pas,retour
V002060,69379,chat,2026-02-05 00:00:00,promotion interessante ce mois ci,prix
V002061,2952,reclamation,2026-05-07 00:00:00,procedure de retour incomprehensible,retour
V002062,28710,enquete,2026-03-01 00:00:00,la qualite n est pas au rendez vous,produit
V002063,1526,avis,2025-06-26 00:00:00,article conforme et solide,produit
V002064,74725,reclamation,2026-06-13 00:00:00,le produit ne correspond pas a la photo,produit
V002065,479,reclamation,2026-01-11 00:00:00,le remboursement n arrive pas,retour
V002066,31662,enquete,2025-08-13 00:00:00,personne ne repond au telephone,contact
V002067,33557,chat,2025-10-03 00:00:00,conseiller tres aimable et efficace,contact
V002068,60833,chat,2025-11-03 00:00:00,article conforme et solide,produit
V002069,5469,avis,2026-03-01 00:00:00,le colis est arrive en retard,livraison
V002070,9708,chat,2025-11-16 00:00:00,article conforme et solide,produit
V002071,42675,avis,2025-05-11 00:00:00,les prix ont augmente,prix
V002072,41532,avis,2025-09-21 00:00:00,le colis est arrive en retard,livraison
V002073,19775,reclamation,2025-07-14 00:00:00,impossible de retourner l article,retour
V002074,15942,avis,2026-04-02 00:00:00,impossible de joindre le service client,contact
V002075,69516,reclamation,2025-07-10 00:00:00,livraison pas rapide du tout,livraison
V002076,5639,avis,2026-08-07 00:00:00,le colis est arrive en retard,livraison
V002077,44138,avis,2025-09-14 00:00:00,procedure de retour incomprehensible,retour
V002078,67719,enquete,2025-10-08 00:00:00,le remboursement n arrive pas,retour
V002079,77136,enquete,2026-01-09 00:00:00,personne ne repond au telephone,contact
V002080,74630,enquete,2026-07-06 00:00:00,promotion interessante ce mois ci,prix
V002081,33218,reclamation,2025-10-16 00:00:00,delai de livraison beaucoup trop long,livraison
V002082,70860,enquete,2026-04-27 00:00:00,promotion interessante ce mois ci,prix
V002083,15265,reclamation,2025-11-06 00:00:00,delai de livraison beaucoup trop long,livraison
V002084,22685,chat,2026-08-10 00:00:00,bon rapport qualite prix,prix
V002085,31698,avis,2026-04-09 00:00:00,conseiller tres aimable et efficace,contact
V002086,26990,avis,2026-06-06 00:00:00,le produit ne correspond pas a la photo,produit
V002087,34124,reclamation,2026-01-16 00:00:00,le remboursement n arrive pas,retour
V002088,7543,enquete,2025-07-07 00:00:00,les prix ont augmente,prix
V002089,42708,reclamation,2026-02-18 00:00:00,article conforme et solide,produit
V002090,1721,chat,2026-03-09 00:00:00,personne ne repond au telephone,contact
V002091,26779,chat,2025-12-14 00:00:00,la qualite n est pas au rendez vous,produit
V002092,29958,reclamation,2026-06-06 00:00:00,delai de livraison beaucoup trop long,livraison
V002093,12827,reclamation,2026-03-17 00:00:00,les prix ont augmente,prix
V002094,60040,enquete,2026-07-27 00:00:00,bon rapport qualite prix,prix
V002095,73199,enquete,2025-12-04 00:00:00,livraison pas rapide du tout,livraison
V002096,24146,chat,2026-07-20 00:00:00,le remboursement n arrive pas,retour
V002097,52596,avis,2026-02-28 00:00:00,personne ne repond au telephone,contact
V002098,34899,avis,2026-05-29 00:00:00,impossible de retourner l article,retour
V002099,2680,enquete,2025-05-25 00:00:00,delai de livraison beaucoup trop long,livraison
V002100,36375,avis,2025-12-29 00:00:00,impossible de retourner l article,retour
V002101,21959,reclamation,2025-06-11 00:00:00,promotion interessante ce mois ci,prix
V002102,61893,reclamation,2025-04-22 00:00:00,impossible de joindre le service client,contact
V002103,70357,chat,2026-04-09 00:00:00,la qualite n est pas au rendez vous,produit
V002104,52038,chat,2026-01-28 00:00:00,article conforme et solide,produit
V002105,64953,enquete,2025-08-09 00:00:00,bon rapport qualite prix,prix
V002106,24709,chat,2026-08-03 00:00:00,personne ne repond au telephone,contact
V002107,60651,enquete,2025-09-22 00:00:00,livraison pas rapide du tout,livraison
V002108,76508,chat,2026-06-18 00:00:00,le remboursement n arrive pas,retour
V002109,64513,avis,2026-05-31 00:00:00,delai de livraison beaucoup trop long,livraison
V002110,3628,chat,2025-11-13 00:00:00,la qualite n est pas au rendez vous,produit
V002111,36217,chat,2025-08-02 00:00:00,procedure de retour incomprehensible,retour
V002112,49696,enquete,2025-12-31 00:00:00,les prix ont augmente,prix
V002113,47118,avis,2026-01-26 00:00:00,conseiller tres aimable et efficace,contact
V002114,28103,avis,2026-06-21 00:00:00,delai de livraison beaucoup trop long,livraison
V002115,63999,enquete,2026-05-26 00:00:00,procedure de retour incomprehensible,retour
V002116,52190,chat,2026-06-12 00:00:00,impossible de retourner l article,retour
V002117,59871,chat,2026-03-22 00:00:00,impossible de joindre le service client,contact
V002118,77336,reclamation,2026-05-27 00:00:00,le colis est arrive en retard,livraison
V002119,67675,avis,2026-02-11 00:00:00,promotion interessante ce mois ci,prix
V002120,13252,avis,2026-07-25 00:00:00,le remboursement n arrive pas,retour
V002121,63669,chat,2025-05-01 00:00:00,article conforme et solide,produit
V002122,37192,enquete,2025-11-05 00:00:00,bon rapport qualite prix,prix
V002123,28956,reclamation,2025-07-20 00:00:00,impossible de joindre le service client,contact
V002124,20176,enquete,2026-05-03 00:00:00,delai de livraison beaucoup trop long,livraison
V002125,25461,chat,2025-08-18 00:00:00,livraison pas rapide du tout,livraison
V002126,79205,chat,2025-06-03 00:00:00,le produit ne correspond pas a la photo,produit
V002127,73441,chat,2025-10-11 00:00:00,promotion interessante ce mois ci,prix
V002128,62077,chat,2026-05-31 00:00:00,conseiller tres aimable et efficace,contact
V002129,67213,chat,2026-04-01 00:00:00,les prix ont augmente,prix
V002130,67435,enquete,2026-06-25 00:00:00,impossible de joindre le service client,contact
V002131,78249,enquete,2025-06-08 00:00:00,le colis est arrive en retard,livraison
V002132,29670,avis,2026-08-01 00:00:00,article conforme et solide,produit
V002133,17519,reclamation,2025-07-27 00:00:00,procedure de retour incomprehensible,retour
V002134,71871,enquete,2026-06-08 00:00:00,le produit ne correspond pas a la photo,produit
V002135,64931,enquete,2026-03-17 00:00:00,conseiller tres aimable et efficace,contact
V002136,45300,chat,2025-04-16 00:00:00,procedure de retour incomprehensible,retour
V002137,2481,avis,2025-08-01 00:00:00,le produit ne correspond pas a la photo,produit
V002138,61115,avis,2026-04-30 00:00:00,conseiller tres aimable et efficace,contact
V002139,12999,reclamation,2026-04-23 00:00:00,promotion interessante ce mois ci,prix
V002140,66083,enquete,2026-04-10 00:00:00,delai de livraison beaucoup trop long,livraison
V002141,10192,chat,2025-11-20 00:00:00,livraison pas rapide du tout,livraison
V002142,24451,avis,2026-06-21 00:00:00,livraison pas rapide du tout,livraison
V002143,51046,enquete,2025-09-04 00:00:00,le colis est arrive en retard,livraison
V002144,75726,enquete,2025-12-08 00:00:00,conseiller tres aimable et efficace,contact
V002145,67153,enquete,2025-09-30 00:00:00,les prix ont augmente,prix
V002146,62496,chat,2026-04-21 00:00:00,bon rapport qualite prix,prix
V002147,32371,reclamation,2025-11-13 00:00:00,delai de livraison beaucoup trop long,livraison
V002148,2268,avis,2025-05-04 00:00:00,le colis est arrive en retard,livraison
V002149,9828,reclamation,2026-05-03 00:00:00,le produit ne correspond pas a la photo,produit
V002150,14581,avis,2025-09-08 00:00:00,article conforme et solide,produit
V002151,20997,reclamation,2026-07-13 00:00:00,le produit ne correspond pas a la photo,produit
V002152,78171,enquete,2025-09-05 00:00:00,promotion interessante ce mois ci,prix
V002153,8054,enquete,2025-11-11 00:00:00,article conforme et solide,produit
V002154,63653,chat,2025-09-07 00:00:00,promotion interessante ce mois ci,prix
V002155,18910,reclamation,2026-07-26 00:00:00,les prix ont augmente,prix
V002156,71345,avis,2025-04-24 00:00:00,livraison pas rapide du tout,livraison
V002157,78465,reclamation,2025-11-26 00:00:00,personne ne repond au telephone,contact
V002158,35576,reclamation,2026-06-20 00:00:00,procedure de retour incomprehensible,retour
V002159,52729,avis,2025-07-26 00:00:00,le produit ne correspond pas a la photo,produit
V002160,34275,enquete,2026-01-12 00:00:00,le colis est arrive en retard,livraison
V002161,2892,chat,2025-11-27 00:00:00,promotion interessante ce mois ci,prix
V002162,45453,chat,2026-06-30 00:00:00,impossible de retourner l article,retour
V002163,71628,reclamation,2026-03-14 00:00:00,livraison pas rapide du tout,livraison
V002164,8543,avis,2025-08-03 00:00:00,delai de livraison beaucoup trop long,livraison
V002165,10913,enquete,2026-06-26 00:00:00,livraison pas rapide du tout,livraison
V002166,76904,reclamation,2025-09-27 00:00:00,promotion interessante ce mois ci,prix
V002167,6173,enquete,2026-03-16 00:00:00,procedure de retour incomprehensible,retour
V002168,34663,reclamation,2026-05-07 00:00:00,livraison pas rapide du tout,livraison
V002169,49215,enquete,2026-06-11 00:00:00,delai de livraison beaucoup trop long,livraison
V002170,73080,avis,2026-07-02 00:00:00,conseiller tres aimable et efficace,contact
V002171,54641,avis,2026-06-29 00:00:00,le produit ne correspond pas a la photo,produit
V002172,28915,enquete,2026-06-04 00:00:00,personne ne repond au telephone,contact
V002173,1230,chat,2025-12-01 00:00:00,promotion interessante ce mois ci,prix
V002174,13948,reclamation,2026-05-18 00:00:00,impossible de joindre le service client,contact
V002175,20466,enquete,2025-10-18 00:00:00,le remboursement n arrive pas,retour
V002176,4503,reclamation,2026-07-10 00:00:00,bon rapport qualite prix,prix
V002177,54737,avis,2025-09-16 00:00:00,la qualite n est pas au rendez vous,produit
V002178,49359,enquete,2026-01-12 00:00:00,procedure de retour incomprehensible,retour
V002179,65238,chat,2025-10-15 00:00:00,impossible de retourner l article,retour
V002180,38940,enquete,2026-06-03 00:00:00,bon rapport qualite prix,prix
V002181,17350,reclamation,2025-05-17 00:00:00,impossible de joindre le service client,contact
V002182,75075,chat,2025-04-28 00:00:00,delai de livraison beaucoup trop long,livraison
V002183,18061,enquete,2026-07-05 00:00:00,delai de livraison beaucoup trop long,livraison
V002184,24350,reclamation,2026-04-21 00:00:00,le colis est arrive en retard,livraison
V002185,77258,enquete,2025-05-01 00:00:00,delai de livraison beaucoup trop long,livraison
V002186,18078,enquete,2025-06-14 00:00:00,bon rapport qualite prix,prix
V002187,69924,avis,2026-05-31 00:00:00,delai de livraison beaucoup trop long,livraison
V002188,24899,chat,2026-06-14 00:00:00,conseiller tres aimable et efficace,contact
V002189,34678,avis,2025-07-25 00:00:00,impossible de joindre le service client,contact
V002190,55022,reclamation,2025-11-10 00:00:00,delai de livraison beaucoup trop long,livraison
V002191,64769,avis,2026-08-06 00:00:00,la qualite n est pas au rendez vous,produit
V002192,79565,chat,2026-04-21 00:00:00,promotion interessante ce mois ci,prix
V002193,62546,reclamation,2025-10-23 00:00:00,bon rapport qualite prix,prix
V002194,57186,enquete,2026-08-06 00:00:00,procedure de retour incomprehensible,retour
V002195,40921,enquete,2025-05-05 00:00:00,le colis est arrive en retard,livraison
V002196,40136,chat,2025-08-09 00:00:00,impossible de retourner l article,retour
V002197,6853,avis,2026-07-20 00:00:00,la qualite n est pas au rendez vous,produit
V002198,53950,avis,2026-04-04 00:00:00,les prix ont augmente,prix
V002199,28153,reclamation,2026-06-21 00:00:00,delai de livraison beaucoup trop long,livraison
V002200,42762,reclamation,2025-05-23 00:00:00,personne ne repond au telephone,contact
V002201,9883,avis,2026-05-08 00:00:00,la qualite n est pas au rendez vous,produit
V002202,37003,avis,2025-05-13 00:00:00,delai de livraison beaucoup trop long,livraison
V002203,78345,reclamation,2025-04-25 00:00:00,livraison pas rapide du tout,livraison
V002204,79104,chat,2026-01-14 00:00:00,conseiller tres aimable et efficace,contact
V002205,28106,avis,2026-01-12 00:00:00,article conforme et solide,produit
V002206,67304,enquete,2025-07-22 00:00:00,livraison pas rapide du tout,livraison
V002207,17896,reclamation,2026-06-20 00:00:00,article conforme et solide,produit
V002208,54442,reclamation,2025-10-10 00:00:00,impossible de joindre le service client,contact
V002209,62206,chat,2026-05-08 00:00:00,conseiller tres aimable et efficace,contact
V002210,7041,avis,2026-07-14 00:00:00,les prix ont augmente,prix
V002211,77872,reclamation,2026-04-18 00:00:00,le colis est arrive en retard,livraison
V002212,35645,reclamation,2026-05-27 00:00:00,impossible de joindre le service client,contact
V002213,17455,enquete,2025-08-14 00:00:00,le remboursement n arrive pas,retour
V002214,22016,reclamation,2025-09-02 00:00:00,personne ne repond au telephone,contact
V002215,29816,enquete,2026-05-29 00:00:00,le remboursement n arrive pas,retour
V002216,73057,enquete,2025-06-02 00:00:00,personne ne repond au telephone,contact
V002217,39216,chat,2025-08-14 00:00:00,le produit ne correspond pas a la photo,produit
V002218,18019,chat,2025-11-07 00:00:00,delai de livraison beaucoup trop long,livraison
V002219,5689,avis,2025-07-06 00:00:00,article conforme et solide,produit
V002220,2890,chat,2026-07-25 00:00:00,impossible de joindre le service client,contact
V002221,7757,reclamation,2026-05-20 00:00:00,impossible de retourner l article,retour
V002222,29869,enquete,2025-12-27 00:00:00,impossible de joindre le service client,contact
V002223,5573,avis,2026-02-22 00:00:00,la qualite n est pas au rendez vous,produit
V002224,68563,chat,2026-01-11 00:00:00,la qualite n est pas au rendez vous,produit
V002225,75326,enquete,2025-05-10 00:00:00,personne ne repond au telephone,contact
V002226,63850,reclamation,2025-09-23 00:00:00,les prix ont augmente,prix
V002227,79095,reclamation,2026-05-25 00:00:00,article conforme et solide,produit
V002228,72518,avis,2025-07-07 00:00:00,bon rapport qualite prix,prix
V002229,31715,avis,2025-12-20 00:00:00,conseiller tres aimable et efficace,contact
V002230,51798,avis,2026-04-12 00:00:00,impossible de joindre le service client,contact
V002231,61599,reclamation,2026-05-16 00:00:00,la qualite n est pas au rendez vous,produit
V002232,5778,avis,2025-10-01 00:00:00,bon rapport qualite prix,prix
V002233,50579,reclamation,2026-02-17 00:00:00,promotion interessante ce mois ci,prix
V002234,17824,enquete,2025-05-01 00:00:00,personne ne repond au telephone,contact
V002235,76128,chat,2026-06-10 00:00:00,impossible de joindre le service client,contact
V002236,48980,chat,2026-01-08 00:00:00,conseiller tres aimable et efficace,contact
V002237,46930,avis,2025-10-26 00:00:00,impossible de retourner l article,retour
V002238,64568,enquete,2026-02-22 00:00:00,le colis est arrive en retard,livraison
V002239,52324,reclamation,2025-10-17 00:00:00,delai de livraison beaucoup trop long,livraison
V002240,39971,enquete,2026-03-24 00:00:00,impossible de retourner l article,retour
V002241,35921,chat,2025-10-09 00:00:00,conseiller tres aimable et efficace,contact
V002242,19456,avis,2026-08-02 00:00:00,delai de livraison beaucoup trop long,livraison
V002243,10212,enquete,2025-05-10 00:00:00,bon rapport qualite prix,prix
V002244,30573,reclamation,2025-11-05 00:00:00,la qualite n est pas au rendez vous,produit
V002245,7311,enquete,2025-05-30 00:00:00,impossible de joindre le service client,contact
V002246,47817,avis,2026-07-06 00:00:00,impossible de joindre le service client,contact
V002247,72050,enquete,2025-12-11 00:00:00,le produit ne correspond pas a la photo,produit
V002248,19964,chat,2026-03-30 00:00:00,bon rapport qualite prix,prix
V002249,73780,reclamation,2025-10-22 00:00:00,impossible de joindre le service client,contact
V002250,52671,avis,2025-06-16 00:00:00,bon rapport qualite prix,prix
V002251,43748,avis,2025-12-21 00:00:00,bon rapport qualite prix,prix
V002252,30518,reclamation,2025-06-18 00:00:00,procedure de retour incomprehensible,retour
V002253,28617,enquete,2026-03-22 00:00:00,la qualite n est pas au rendez vous,produit
V002254,41057,enquete,2026-05-02 00:00:00,la qualite n est pas au rendez vous,produit
V002255,46681,reclamation,2025-06-11 00:00:00,impossible de joindre le service client,contact
V002256,38442,enquete,2026-03-02 00:00:00,conseiller tres aimable et efficace,contact
V002257,6064,chat,2026-03-02 00:00:00,le remboursement n arrive pas,retour
V002258,27422,chat,2026-03-07 00:00:00,personne ne repond au telephone,contact
V002259,28396,enquete,2025-09-06 00:00:00,personne ne repond au telephone,contact
V002260,58756,enquete,2025-04-09 00:00:00,personne ne repond au telephone,contact
V002261,69535,reclamation,2026-01-22 00:00:00,delai de livraison beaucoup trop long,livraison
V002262,39370,avis,2025-06-26 00:00:00,promotion interessante ce mois ci,prix
V002263,40144,reclamation,2025-06-27 00:00:00,promotion interessante ce mois ci,prix
V002264,73133,enquete,2025-04-25 00:00:00,livraison pas rapide du tout,livraison
V002265,59112,enquete,2026-05-01 00:00:00,la qualite n est pas au rendez vous,produit
V002266,8607,avis,2025-06-12 00:00:00,procedure de retour incomprehensible,retour
V002267,12216,enquete,2025-12-19 00:00:00,le remboursement n arrive pas,retour
V002268,65296,avis,2026-05-23 00:00:00,delai de livraison beaucoup trop long,livraison
V002269,38368,reclamation,2025-04-19 00:00:00,la qualite n est pas au rendez vous,produit
V002270,47664,enquete,2026-06-12 00:00:00,promotion interessante ce mois ci,prix
V002271,79024,enquete,2025-12-12 00:00:00,impossible de joindre le service client,contact
V002272,77999,reclamation,2026-05-14 00:00:00,le produit ne correspond pas a la photo,produit
V002273,49237,reclamation,2026-05-17 00:00:00,conseiller tres aimable et efficace,contact
V002274,78912,avis,2025-11-26 00:00:00,le produit ne correspond pas a la photo,produit
V002275,77648,enquete,2025-04-26 00:00:00,bon rapport qualite prix,prix
V002276,61517,avis,2025-07-12 00:00:00,personne ne repond au telephone,contact
V002277,39570,enquete,2025-06-07 00:00:00,les prix ont augmente,prix
V002278,37809,enquete,2025-09-19 00:00:00,conseiller tres aimable et efficace,contact
V002279,30240,reclamation,2025-08-27 00:00:00,article conforme et solide,produit
V002280,26080,reclamation,2025-11-22 00:00:00,conseiller tres aimable et efficace,contact
V002281,75451,avis,2026-03-09 00:00:00,impossible de retourner l article,retour
V002282,68309,reclamation,2025-09-22 00:00:00,impossible de retourner l article,retour
V002283,60020,enquete,2025-06-29 00:00:00,impossible de joindre le service client,contact
V002284,71512,enquete,2025-08-03 00:00:00,article conforme et solide,produit
V002285,33022,reclamation,2025-10-02 00:00:00,promotion interessante ce mois ci,prix
V002286,68735,avis,2025-10-04 00:00:00,le colis est arrive en retard,livraison
V002287,45642,reclamation,2025-06-25 00:00:00,les prix ont augmente,prix
V002288,2767,avis,2025-09-02 00:00:00,livraison pas rapide du tout,livraison
V002289,1446,avis,2025-06-26 00:00:00,le produit ne correspond pas a la photo,produit
V002290,69244,chat,2026-04-02 00:00:00,conseiller tres aimable et efficace,contact
V002291,39616,chat,2025-06-30 00:00:00,le produit ne correspond pas a la photo,produit
V002292,79262,chat,2026-05-10 00:00:00,article conforme et solide,produit
V002293,78335,enquete,2026-06-21 00:00:00,les prix ont augmente,prix
V002294,68269,avis,2026-01-27 00:00:00,bon rapport qualite prix,prix
V002295,61450,chat,2025-10-16 00:00:00,impossible de retourner l article,retour
V002296,69478,chat,2026-05-23 00:00:00,conseiller tres aimable et efficace,contact
V002297,69535,avis,2025-08-25 00:00:00,impossible de joindre le service client,contact
V002298,58850,enquete,2025-07-28 00:00:00,la qualite n est pas au rendez vous,produit
V002299,65639,chat,2025-05-01 00:00:00,delai de livraison beaucoup trop long,livraison
V002300,39602,reclamation,2025-10-19 00:00:00,le remboursement n arrive pas,retour
V002301,47778,enquete,2025-10-20 00:00:00,promotion interessante ce mois ci,prix
V002302,37544,avis,2025-06-13 00:00:00,personne ne repond au telephone,contact
V002303,50518,enquete,2026-05-14 00:00:00,impossible de retourner l article,retour
V002304,3920,enquete,2025-05-25 00:00:00,la qualite n est pas au rendez vous,produit
V002305,76484,avis,2026-04-20 00:00:00,article conforme et solide,produit
V002306,706,reclamation,2026-06-23 00:00:00,les prix ont augmente,prix
V002307,10696,reclamation,2026-05-10 00:00:00,promotion interessante ce mois ci,prix
V002308,67548,avis,2026-03-27 00:00:00,le produit ne correspond pas a la photo,produit
V002309,67708,chat,2026-02-20 00:00:00,les prix ont augmente,prix
V002310,53784,enquete,2025-08-27 00:00:00,la qualite n est pas au rendez vous,produit
V002311,36591,reclamation,2026-06-26 00:00:00,le produit ne correspond pas a la photo,produit
V002312,5337,enquete,2026-06-21 00:00:00,article conforme et solide,produit
V002313,17914,chat,2026-06-13 00:00:00,le produit ne correspond pas a la photo,produit
V002314,58617,chat,2025-11-01 00:00:00,livraison pas rapide du tout,livraison
V002315,170,reclamation,2026-08-08 00:00:00,le colis est arrive en retard,livraison
V002316,79743,enquete,2026-03-26 00:00:00,article conforme et solide,produit
V002317,37632,reclamation,2025-06-06 00:00:00,livraison pas rapide du tout,livraison
V002318,61622,enquete,2026-05-18 00:00:00,le produit ne correspond pas a la photo,produit
V002319,14461,chat,2026-05-08 00:00:00,conseiller tres aimable et efficace,contact
V002320,38331,avis,2025-09-01 00:00:00,promotion interessante ce mois ci,prix
V002321,56502,chat,2026-06-18 00:00:00,impossible de retourner l article,retour
V002322,62238,reclamation,2026-01-30 00:00:00,le remboursement n arrive pas,retour
V002323,44977,enquete,2026-03-31 00:00:00,promotion interessante ce mois ci,prix
V002324,39419,chat,2025-05-15 00:00:00,le produit ne correspond pas a la photo,produit
V002325,9258,chat,2025-11-06 00:00:00,impossible de retourner l article,retour
V002326,33868,enquete,2025-09-11 00:00:00,la qualite n est pas au rendez vous,produit
V002327,29716,chat,2026-04-27 00:00:00,le remboursement n arrive pas,retour
V002328,79045,enquete,2026-07-17 00:00:00,delai de livraison beaucoup trop long,livraison
V002329,56862,chat,2026-01-11 00:00:00,le colis est arrive en retard,livraison
V002330,14888,enquete,2025-08-01 00:00:00,impossible de retourner l article,retour
V002331,24396,reclamation,2026-06-07 00:00:00,la qualite n est pas au rendez vous,produit
V002332,28209,avis,2026-01-18 00:00:00,les prix ont augmente,prix
V002333,37594,reclamation,2025-05-25 00:00:00,procedure de retour incomprehensible,retour
V002334,67330,enquete,2025-07-28 00:00:00,le remboursement n arrive pas,retour
V002335,76725,avis,2026-02-22 00:00:00,impossible de retourner l article,retour
V002336,16083,enquete,2025-10-05 00:00:00,delai de livraison beaucoup trop long,livraison
V002337,40946,enquete,2026-05-31 00:00:00,la qualite n est pas au rendez vous,produit
V002338,40507,enquete,2026-05-28 00:00:00,impossible de retourner l article,retour
V002339,23642,avis,2026-04-11 00:00:00,delai de livraison beaucoup trop long,livraison
V002340,47756,reclamation,2025-12-15 00:00:00,personne ne repond au telephone,contact
V002341,60691,enquete,2025-06-12 00:00:00,personne ne repond au telephone,contact
V002342,2161,chat,2025-05-14 00:00:00,le produit ne correspond pas a la photo,produit
V002343,45876,reclamation,2025-11-10 00:00:00,impossible de retourner l article,retour
V002344,42556,chat,2025-07-12 00:00:00,impossible de retourner l article,retour
V002345,5297,enquete,2025-10-22 00:00:00,promotion interessante ce mois ci,prix
V002346,4675,enquete,2026-06-01 00:00:00,personne ne repond au telephone,contact
V002347,52728,avis,2025-09-30 00:00:00,le colis est arrive en retard,livraison
V002348,21573,avis,2026-06-10 00:00:00,le produit ne correspond pas a la photo,produit
V002349,26330,enquete,2026-05-22 00:00:00,livraison pas rapide du tout,livraison
V002350,3903,avis,2025-06-25 00:00:00,bon rapport qualite prix,prix
V002351,49744,chat,2026-06-23 00:00:00,le colis est arrive en retard,livraison
V002352,4445,reclamation,2025-11-23 00:00:00,conseiller tres aimable et efficace,contact
V002353,47757,reclamation,2026-05-12 00:00:00,promotion interessante ce mois ci,prix
V002354,53067,reclamation,2025-05-11 00:00:00,le colis est arrive en retard,livraison
V002355,36998,chat,2026-06-20 00:00:00,le produit ne correspond pas a la photo,produit
V002356,17495,chat,2025-04-24 00:00:00,le produit ne correspond pas a la photo,produit
V002357,29855,reclamation,2026-03-26 00:00:00,personne ne repond au telephone,contact
V002358,67021,chat,2026-01-22 00:00:00,livraison pas rapide du tout,livraison
V002359,5710,reclamation,2025-10-22 00:00:00,personne ne repond au telephone,contact
V002360,35899,reclamation,2025-12-10 00:00:00,personne ne repond au telephone,contact
V002361,60117,avis,2025-12-15 00:00:00,impossible de retourner l article,retour
V002362,1809,reclamation,2025-12-20 00:00:00,livraison pas rapide du tout,livraison
V002363,12920,chat,2025-05-04 00:00:00,delai de livraison beaucoup trop long,livraison
V002364,10825,chat,2026-07-19 00:00:00,la qualite n est pas au rendez vous,produit
V002365,25759,chat,2026-05-11 00:00:00,le remboursement n arrive pas,retour
V002366,79229,reclamation,2026-08-18 00:00:00,conseiller tres aimable et efficace,contact
V002367,41134,chat,2025-10-26 00:00:00,conseiller tres aimable et efficace,contact
V002368,60493,reclamation,2025-09-25 00:00:00,la qualite n est pas au rendez vous,produit
V002369,30803,reclamation,2025-04-08 00:00:00,delai de livraison beaucoup trop long,livraison
V002370,58350,enquete,2025-10-29 00:00:00,le produit ne correspond pas a la photo,produit
V002371,49291,reclamation,2025-10-23 00:00:00,la qualite n est pas au rendez vous,produit
V002372,63299,reclamation,2025-11-21 00:00:00,impossible de retourner l article,retour
V002373,26819,enquete,2026-04-21 00:00:00,impossible de retourner l article,retour
V002374,4009,chat,2026-01-13 00:00:00,le colis est arrive en retard,livraison
V002375,56747,enquete,2025-09-30 00:00:00,personne ne repond au telephone,contact
V002376,1464,reclamation,2025-05-13 00:00:00,impossible de joindre le service client,contact
V002377,14273,reclamation,2025-06-15 00:00:00,personne ne repond au telephone,contact
V002378,79523,reclamation,2025-10-14 00:00:00,article conforme et solide,produit
V002379,25051,avis,2025-10-22 00:00:00,le remboursement n arrive pas,retour
V002380,63917,reclamation,2026-06-20 00:00:00,conseiller tres aimable et efficace,contact
V002381,23305,chat,2025-11-06 00:00:00,livraison pas rapide du tout,livraison
V002382,9363,avis,2026-02-13 00:00:00,article conforme et solide,produit
V002383,42951,enquete,2026-04-05 00:00:00,bon rapport qualite prix,prix
V002384,1093,reclamation,2026-07-28 00:00:00,le colis est arrive en retard,livraison
V002385,60806,enquete,2026-03-18 00:00:00,conseiller tres aimable et efficace,contact
V002386,27011,avis,2026-01-16 00:00:00,delai de livraison beaucoup trop long,livraison
V002387,46360,avis,2026-08-18 00:00:00,le produit ne correspond pas a la photo,produit
V002388,7312,enquete,2026-04-20 00:00:00,promotion interessante ce mois ci,prix
V002389,72699,chat,2025-07-30 00:00:00,impossible de joindre le service client,contact
V002390,14164,chat,2026-01-16 00:00:00,impossible de retourner l article,retour
V002391,7580,avis,2025-06-04 00:00:00,le produit ne correspond pas a la photo,produit
V002392,24650,avis,2026-05-02 00:00:00,impossible de retourner l article,retour
V002393,35717,reclamation,2025-06-22 00:00:00,le colis est arrive en retard,livraison
V002394,35256,chat,2025-09-17 00:00:00,livraison pas rapide du tout,livraison
V002395,45617,chat,2026-07-14 00:00:00,la qualite n est pas au rendez vous,produit
V002396,22635,chat,2026-02-06 00:00:00,le colis est arrive en retard,livraison
V002397,3802,reclamation,2025-12-19 00:00:00,article conforme et solide,produit
V002398,30300,enquete,2026-04-22 00:00:00,delai de livraison beaucoup trop long,livraison
V002399,360,chat,2025-08-28 00:00:00,bon rapport qualite prix,prix
V002400,11424,enquete,2026-07-07 00:00:00,promotion interessante ce mois ci,prix
V002401,56123,enquete,2026-05-25 00:00:00,les prix ont augmente,prix
V002402,2033,avis,2025-11-05 00:00:00,bon rapport qualite prix,prix
V002403,14320,reclamation,2025-08-06 00:00:00,procedure de retour incomprehensible,retour
V002404,73235,chat,2026-04-20 00:00:00,impossible de joindre le service client,contact
V002405,17776,chat,2025-11-11 00:00:00,le produit ne correspond pas a la photo,produit
V002406,20303,reclamation,2026-02-19 00:00:00,procedure de retour incomprehensible,retour
V002407,62356,avis,2026-07-15 00:00:00,la qualite n est pas au rendez vous,produit
V002408,7177,chat,2026-06-28 00:00:00,personne ne repond au telephone,contact
V002409,8268,enquete,2026-01-30 00:00:00,le remboursement n arrive pas,retour
V002410,36820,reclamation,2025-08-20 00:00:00,promotion interessante ce mois ci,prix
V002411,44243,enquete,2026-06-07 00:00:00,promotion interessante ce mois ci,prix
V002412,43612,avis,2025-12-31 00:00:00,personne ne repond au telephone,contact
V002413,51453,enquete,2025-09-19 00:00:00,delai de livraison beaucoup trop long,livraison
V002414,63640,enquete,2026-05-03 00:00:00,article conforme et solide,produit
V002415,34552,reclamation,2025-08-13 00:00:00,bon rapport qualite prix,prix
V002416,23554,avis,2026-04-08 00:00:00,delai de livraison beaucoup trop long,livraison
V002417,13455,enquete,2026-06-02 00:00:00,article conforme et solide,produit
V002418,30616,avis,2025-07-11 00:00:00,le remboursement n arrive pas,retour
V002419,67106,reclamation,2026-03-04 00:00:00,article conforme et solide,produit
V002420,8968,enquete,2025-05-20 00:00:00,personne ne repond au telephone,contact
V002421,2532,reclamation,2025-06-26 00:00:00,personne ne repond au telephone,contact
V002422,57727,avis,2025-05-21 00:00:00,promotion interessante ce mois ci,prix
V002423,881,reclamation,2026-04-27 00:00:00,le remboursement n arrive pas,retour
V002424,1083,enquete,2025-10-31 00:00:00,la qualite n est pas au rendez vous,produit
V002425,1956,reclamation,2026-05-05 00:00:00,impossible de joindre le service client,contact
V002426,29818,chat,2025-04-15 00:00:00,impossible de retourner l article,retour
V002427,7024,reclamation,2025-06-21 00:00:00,impossible de joindre le service client,contact
V002428,60438,enquete,2026-01-19 00:00:00,article conforme et solide,produit
V002429,30220,chat,2026-05-07 00:00:00,personne ne repond au telephone,contact
V002430,2796,chat,2025-12-10 00:00:00,le remboursement n arrive pas,retour
V002431,65051,enquete,2026-07-21 00:00:00,impossible de joindre le service client,contact
V002432,19942,reclamation,2026-05-02 00:00:00,conseiller tres aimable et efficace,contact
V002433,12376,avis,2025-04-24 00:00:00,bon rapport qualite prix,prix
V002434,31704,enquete,2026-02-15 00:00:00,le colis est arrive en retard,livraison
V002435,21324,avis,2025-12-21 00:00:00,le colis est arrive en retard,livraison
V002436,72793,reclamation,2025-04-14 00:00:00,conseiller tres aimable et efficace,contact
V002437,45667,enquete,2025-11-04 00:00:00,la qualite n est pas au rendez vous,produit
V002438,77129,avis,2026-01-07 00:00:00,promotion interessante ce mois ci,prix
V002439,60503,reclamation,2025-11-01 00:00:00,personne ne repond au telephone,contact
V002440,30414,chat,2025-04-11 00:00:00,le remboursement n arrive pas,retour
V002441,46125,chat,2026-06-14 00:00:00,le produit ne correspond pas a la photo,produit
V002442,17529,enquete,2025-11-09 00:00:00,bon rapport qualite prix,prix
V002443,52245,avis,2026-08-03 00:00:00,le remboursement n arrive pas,retour
V002444,47891,avis,2025-08-07 00:00:00,procedure de retour incomprehensible,retour
V002445,74119,avis,2026-08-15 00:00:00,le colis est arrive en retard,livraison
V002446,50854,chat,2025-11-02 00:00:00,bon rapport qualite prix,prix
V002447,12912,chat,2025-08-12 00:00:00,le remboursement n arrive pas,retour
V002448,67980,chat,2025-04-30 00:00:00,le colis est arrive en retard,livraison
V002449,65376,enquete,2026-06-01 00:00:00,delai de livraison beaucoup trop long,livraison
V002450,42018,avis,2026-03-25 00:00:00,les prix ont augmente,prix
V002451,99,enquete,2026-03-02 00:00:00,impossible de joindre le service client,contact
V002452,41565,chat,2026-07-10 00:00:00,impossible de retourner l article,retour
V002453,30011,chat,2025-05-04 00:00:00,livraison pas rapide du tout,livraison
V002454,10980,avis,2025-09-25 00:00:00,bon rapport qualite prix,prix
V002455,71252,enquete,2026-06-23 00:00:00,delai de livraison beaucoup trop long,livraison
V002456,46960,avis,2026-03-04 00:00:00,procedure de retour incomprehensible,retour
V002457,64504,chat,2025-05-15 00:00:00,personne ne repond au telephone,contact
V002458,23121,chat,2025-04-10 00:00:00,bon rapport qualite prix,prix
V002459,50460,reclamation,2026-04-02 00:00:00,les prix ont augmente,prix
V002460,77856,reclamation,2026-08-09 00:00:00,article conforme et solide,produit
V002461,64485,reclamation,2025-06-15 00:00:00,livraison pas rapide du tout,livraison
V002462,33445,reclamation,2025-05-26 00:00:00,la qualite n est pas au rendez vous,produit
V002463,3311,chat,2025-10-24 00:00:00,le colis est arrive en retard,livraison
V002464,52167,avis,2026-03-01 00:00:00,impossible de joindre le service client,contact
V002465,31481,chat,2026-01-10 00:00:00,le remboursement n arrive pas,retour
V002466,24912,reclamation,2026-06-07 00:00:00,procedure de retour incomprehensible,retour
V002467,12592,enquete,2025-11-01 00:00:00,bon rapport qualite prix,prix
V002468,46839,reclamation,2026-01-12 00:00:00,le remboursement n arrive pas,retour
V002469,51168,avis,2026-05-09 00:00:00,impossible de retourner l article,retour
V002470,62240,reclamation,2026-06-07 00:00:00,la qualite n est pas au rendez vous,produit
V002471,22116,avis,2025-12-26 00:00:00,personne ne repond au telephone,contact
V002472,26517,avis,2025-06-01 00:00:00,la qualite n est pas au rendez vous,produit
V002473,278,avis,2025-12-25 00:00:00,impossible de joindre le service client,contact
V002474,23204,chat,2025-07-08 00:00:00,impossible de retourner l article,retour
V002475,69423,enquete,2026-03-29 00:00:00,les prix ont augmente,prix
V002476,68890,reclamation,2025-06-24 00:00:00,le colis est arrive en retard,livraison
V002477,40334,reclamation,2025-09-26 00:00:00,la qualite n est pas au rendez vous,produit
V002478,1424,reclamation,2026-03-02 00:00:00,impossible de joindre le service client,contact
V002479,74170,reclamation,2025-12-31 00:00:00,delai de livraison beaucoup trop long,livraison
V002480,22197,chat,2025-04-21 00:00:00,le produit ne correspond pas a la photo,produit
V002481,30520,reclamation,2025-12-02 00:00:00,personne ne repond au telephone,contact
V002482,71363,avis,2025-12-31 00:00:00,le colis est arrive en retard,livraison
V002483,59266,avis,2025-05-15 00:00:00,la qualite n est pas au rendez vous,produit
V002484,5005,enquete,2026-07-29 00:00:00,conseiller tres aimable et efficace,contact
V002485,11522,chat,2026-02-28 00:00:00,personne ne repond au telephone,contact
V002486,32374,reclamation,2025-08-23 00:00:00,delai de livraison beaucoup trop long,livraison
V002487,15867,enquete,2025-11-23 00:00:00,le remboursement n arrive pas,retour
V002488,62397,enquete,2025-10-15 00:00:00,impossible de joindre le service client,contact
V002489,75556,enquete,2026-04-08 00:00:00,les prix ont augmente,prix
V002490,51544,reclamation,2025-05-04 00:00:00,le remboursement n arrive pas,retour
V002491,73101,chat,2025-05-06 00:00:00,le remboursement n arrive pas,retour
V002492,75950,reclamation,2026-06-02 00:00:00,le produit ne correspond pas a la photo,produit
V002493,2369,avis,2025-12-28 00:00:00,livraison pas rapide du tout,livraison
V002494,74954,reclamation,2026-02-26 00:00:00,les prix ont augmente,prix
V002495,25569,reclamation,2025-12-12 00:00:00,article conforme et solide,produit
V002496,1462,enquete,2025-11-11 00:00:00,le produit ne correspond pas a la photo,produit
V002497,77681,reclamation,2026-06-13 00:00:00,impossible de joindre le service client,contact
V002498,949,chat,2026-01-26 00:00:00,impossible de retourner l article,retour
V002499,5079,avis,2025-09-26 00:00:00,impossible de joindre le service client,contact
V002500,59079,avis,2026-08-17 00:00:00,procedure de retour incomprehensible,retour
V002501,65819,chat,2025-10-30 00:00:00,conseiller tres aimable et efficace,contact
V002502,29466,chat,2026-04-16 00:00:00,livraison pas rapide du tout,livraison
V002503,35837,chat,2025-09-01 00:00:00,delai de livraison beaucoup trop long,livraison
V002504,23976,reclamation,2026-04-23 00:00:00,le remboursement n arrive pas,retour
V002505,66366,chat,2025-10-15 00:00:00,article conforme et solide,produit
V002506,61241,reclamation,2025-05-12 00:00:00,le produit ne correspond pas a la photo,produit
V002507,57559,reclamation,2025-05-26 00:00:00,promotion interessante ce mois ci,prix
V002508,15643,reclamation,2025-12-02 00:00:00,bon rapport qualite prix,prix
V002509,19713,chat,2026-05-03 00:00:00,promotion interessante ce mois ci,prix
V002510,18292,chat,2026-04-21 00:00:00,promotion interessante ce mois ci,prix
V002511,56450,avis,2026-02-26 00:00:00,livraison pas rapide du tout,livraison
V002512,24695,enquete,2026-02-25 00:00:00,livraison pas rapide du tout,livraison
V002513,40258,enquete,2026-04-13 00:00:00,article conforme et solide,produit
V002514,8519,reclamation,2026-08-09 00:00:00,le produit ne correspond pas a la photo,produit
V002515,9648,reclamation,2026-07-10 00:00:00,le produit ne correspond pas a la photo,produit
V002516,28546,reclamation,2026-04-11 00:00:00,bon rapport qualite prix,prix
V002517,41055,reclamation,2025-10-21 00:00:00,le colis est arrive en retard,livraison
V002518,14901,chat,2026-07-31 00:00:00,delai de livraison beaucoup trop long,livraison
V002519,62708,avis,2025-06-23 00:00:00,procedure de retour incomprehensible,retour
V002520,49056,chat,2025-10-15 00:00:00,delai de livraison beaucoup trop long,livraison
V002521,11897,reclamation,2025-06-06 00:00:00,les prix ont augmente,prix
V002522,51401,reclamation,2026-07-27 00:00:00,delai de livraison beaucoup trop long,livraison
V002523,37490,avis,2025-10-08 00:00:00,le remboursement n arrive pas,retour
V002524,13276,reclamation,2025-08-30 00:00:00,impossible de joindre le service client,contact
V002525,25389,enquete,2025-12-21 00:00:00,bon rapport qualite prix,prix
V002526,22005,reclamation,2026-01-23 00:00:00,le colis est arrive en retard,livraison
V002527,41236,enquete,2025-12-05 00:00:00,livraison pas rapide du tout,livraison
V002528,53698,enquete,2026-08-01 00:00:00,promotion interessante ce mois ci,prix
V002529,61690,enquete,2026-01-27 00:00:00,delai de livraison beaucoup trop long,livraison
V002530,69560,chat,2026-02-28 00:00:00,personne ne repond au telephone,contact
V002531,18867,chat,2025-04-24 00:00:00,les prix ont augmente,prix
V002532,13810,chat,2026-03-16 00:00:00,bon rapport qualite prix,prix
V002533,3765,reclamation,2025-10-17 00:00:00,impossible de retourner l article,retour
V002534,71474,chat,2025-05-25 00:00:00,bon rapport qualite prix,prix
V002535,73581,chat,2026-03-04 00:00:00,impossible de joindre le service client,contact
V002536,28974,enquete,2025-09-12 00:00:00,livraison pas rapide du tout,livraison
V002537,43705,enquete,2025-07-03 00:00:00,conseiller tres aimable et efficace,contact
V002538,63098,avis,2025-07-08 00:00:00,la qualite n est pas au rendez vous,produit
V002539,11181,reclamation,2026-07-17 00:00:00,les prix ont augmente,prix
V002540,62610,avis,2025-05-04 00:00:00,impossible de retourner l article,retour
V002541,33768,enquete,2026-03-31 00:00:00,procedure de retour incomprehensible,retour
V002542,62842,reclamation,2026-05-14 00:00:00,delai de livraison beaucoup trop long,livraison
V002543,30308,enquete,2025-12-29 00:00:00,personne ne repond au telephone,contact
V002544,1086,enquete,2025-05-16 00:00:00,promotion interessante ce mois ci,prix
V002545,78199,enquete,2026-05-02 00:00:00,delai de livraison beaucoup trop long,livraison
V002546,31698,chat,2026-04-17 00:00:00,livraison pas rapide du tout,livraison
V002547,12492,avis,2026-05-10 00:00:00,article conforme et solide,produit
V002548,62627,reclamation,2026-06-02 00:00:00,livraison pas rapide du tout,livraison
V002549,58375,avis,2026-05-28 00:00:00,le colis est arrive en retard,livraison
V002550,79670,reclamation,2025-04-15 00:00:00,impossible de joindre le service client,contact
V002551,27132,reclamation,2025-06-29 00:00:00,le remboursement n arrive pas,retour
V002552,78537,avis,2026-03-14 00:00:00,personne ne repond au telephone,contact
V002553,4001,chat,2025-08-08 00:00:00,la qualite n est pas au rendez vous,produit
V002554,14092,avis,2026-01-13 00:00:00,article conforme et solide,produit
V002555,55862,avis,2026-03-27 00:00:00,promotion interessante ce mois ci,prix
V002556,4800,enquete,2025-07-09 00:00:00,article conforme et solide,produit
V002557,35359,chat,2025-09-13 00:00:00,bon rapport qualite prix,prix
V002558,55586,reclamation,2026-05-21 00:00:00,le colis est arrive en retard,livraison
V002559,5049,avis,2025-12-28 00:00:00,le colis est arrive en retard,livraison
V002560,11249,enquete,2025-04-08 00:00:00,conseiller tres aimable et efficace,contact
V002561,79854,chat,2025-09-19 00:00:00,le remboursement n arrive pas,retour
V002562,66660,avis,2025-07-01 00:00:00,le remboursement n arrive pas,retour
V002563,62146,avis,2026-05-02 00:00:00,le remboursement n arrive pas,retour
V002564,75685,reclamation,2025-11-13 00:00:00,article conforme et solide,produit
V002565,32857,enquete,2026-08-08 00:00:00,impossible de joindre le service client,contact
V002566,58968,enquete,2025-04-29 00:00:00,le produit ne correspond pas a la photo,produit
V002567,33618,reclamation,2026-01-10 00:00:00,procedure de retour incomprehensible,retour
V002568,5006,avis,2025-10-02 00:00:00,promotion interessante ce mois ci,prix
V002569,66199,chat,2026-08-01 00:00:00,personne ne repond au telephone,contact
V002570,34191,reclamation,2026-04-18 00:00:00,la qualite n est pas au rendez vous,produit
V002571,41654,reclamation,2025-11-24 00:00:00,les prix ont augmente,prix
V002572,62113,enquete,2025-10-11 00:00:00,le remboursement n arrive pas,retour
V002573,5150,reclamation,2026-06-25 00:00:00,procedure de retour incomprehensible,retour
V002574,41402,avis,2025-06-28 00:00:00,le colis est arrive en retard,livraison
V002575,70163,chat,2025-05-24 00:00:00,le colis est arrive en retard,livraison
V002576,9094,reclamation,2026-07-01 00:00:00,conseiller tres aimable et efficace,contact
V002577,69814,avis,2026-04-22 00:00:00,le colis est arrive en retard,livraison
V002578,14842,chat,2025-06-27 00:00:00,la qualite n est pas au rendez vous,produit
V002579,72491,enquete,2025-05-17 00:00:00,article conforme et solide,produit
V002580,53450,chat,2025-10-29 00:00:00,bon rapport qualite prix,prix
V002581,38241,reclamation,2026-05-01 00:00:00,le colis est arrive en retard,livraison
V002582,57742,reclamation,2025-10-10 00:00:00,bon rapport qualite prix,prix
V002583,73476,enquete,2026-04-17 00:00:00,conseiller tres aimable et efficace,contact
V002584,48193,chat,2026-07-01 00:00:00,procedure de retour incomprehensible,retour
V002585,53362,enquete,2026-04-14 00:00:00,impossible de joindre le service client,contact
V002586,25954,chat,2025-06-28 00:00:00,delai de livraison beaucoup trop long,livraison
V002587,67805,chat,2026-06-09 00:00:00,promotion interessante ce mois ci,prix
V002588,13538,avis,2026-05-16 00:00:00,livraison pas rapide du tout,livraison
V002589,10573,enquete,2026-07-22 00:00:00,promotion interessante ce mois ci,prix
V002590,71432,enquete,2026-07-30 00:00:00,impossible de retourner l article,retour
V002591,25520,reclamation,2025-10-15 00:00:00,livraison pas rapide du tout,livraison
V002592,6060,reclamation,2025-04-23 00:00:00,le remboursement n arrive pas,retour
V002593,38058,avis,2025-05-04 00:00:00,la qualite n est pas au rendez vous,produit
V002594,16517,chat,2025-10-17 00:00:00,personne ne repond au telephone,contact
V002595,11787,avis,2026-07-08 00:00:00,delai de livraison beaucoup trop long,livraison
V002596,25994,reclamation,2026-01-06 00:00:00,le remboursement n arrive pas,retour
V002597,44642,reclamation,2025-07-24 00:00:00,les prix ont augmente,prix
V002598,76946,enquete,2025-07-05 00:00:00,conseiller tres aimable et efficace,contact
V002599,48805,reclamation,2026-05-17 00:00:00,le colis est arrive en retard,livraison
V002600,45985,avis,2025-06-26 00:00:00,livraison pas rapide du tout,livraison
V002601,4795,avis,2025-07-04 00:00:00,la qualite n est pas au rendez vous,produit
V002602,66052,chat,2025-11-25 00:00:00,les prix ont augmente,prix
V002603,13846,enquete,2026-08-08 00:00:00,le produit ne correspond pas a la photo,produit
V002604,71584,reclamation,2026-05-15 00:00:00,impossible de retourner l article,retour
V002605,58133,chat,2025-07-23 00:00:00,bon rapport qualite prix,prix
V002606,36663,enquete,2026-07-06 00:00:00,conseiller tres aimable et efficace,contact
V002607,65928,chat,2025-07-10 00:00:00,le remboursement n arrive pas,retour
V002608,18965,reclamation,2025-09-26 00:00:00,promotion interessante ce mois ci,prix
V002609,53235,reclamation,2025-08-24 00:00:00,bon rapport qualite prix,prix
V002610,64842,enquete,2025-11-03 00:00:00,le produit ne correspond pas a la photo,produit
V002611,39074,reclamation,2025-08-05 00:00:00,conseiller tres aimable et efficace,contact
V002612,72490,reclamation,2025-09-23 00:00:00,article conforme et solide,produit
V002613,77961,enquete,2025-10-05 00:00:00,le colis est arrive en retard,livraison
V002614,12915,chat,2026-04-26 00:00:00,le colis est arrive en retard,livraison
V002615,65466,chat,2026-08-01 00:00:00,le colis est arrive en retard,livraison
V002616,25262,enquete,2026-04-04 00:00:00,les prix ont augmente,prix
V002617,74770,enquete,2025-07-26 00:00:00,conseiller tres aimable et efficace,contact
V002618,4484,avis,2026-01-16 00:00:00,delai de livraison beaucoup trop long,livraison
V002619,34073,chat,2025-06-05 00:00:00,procedure de retour incomprehensible,retour
V002620,32082,avis,2025-07-15 00:00:00,le produit ne correspond pas a la photo,produit
V002621,33358,avis,2025-11-30 00:00:00,procedure de retour incomprehensible,retour
V002622,26940,reclamation,2025-05-05 00:00:00,personne ne repond au telephone,contact
V002623,14671,chat,2025-05-06 00:00:00,impossible de joindre le service client,contact
V002624,42716,avis,2025-05-13 00:00:00,article conforme et solide,produit
V002625,5069,chat,2026-07-20 00:00:00,procedure de retour incomprehensible,retour
V002626,41854,reclamation,2026-07-17 00:00:00,impossible de retourner l article,retour
V002627,27769,avis,2025-06-02 00:00:00,le produit ne correspond pas a la photo,produit
V002628,25640,chat,2026-07-12 00:00:00,le remboursement n arrive pas,retour
V002629,44503,reclamation,2025-06-09 00:00:00,le colis est arrive en retard,livraison
V002630,27313,reclamation,2025-09-04 00:00:00,les prix ont augmente,prix
V002631,30123,reclamation,2026-01-07 00:00:00,bon rapport qualite prix,prix
V002632,79053,enquete,2025-04-19 00:00:00,livraison pas rapide du tout,livraison
V002633,13133,avis,2025-05-21 00:00:00,impossible de joindre le service client,contact
V002634,30483,avis,2025-09-23 00:00:00,les prix ont augmente,prix
V002635,31212,reclamation,2025-08-26 00:00:00,le colis est arrive en retard,livraison
V002636,17294,chat,2026-02-22 00:00:00,impossible de retourner l article,retour
V002637,29129,chat,2025-10-29 00:00:00,article conforme et solide,produit
V002638,56702,avis,2025-06-03 00:00:00,impossible de retourner l article,retour
V002639,65270,reclamation,2025-11-09 00:00:00,article conforme et solide,produit
V002640,47053,chat,2025-06-16 00:00:00,conseiller tres aimable et efficace,contact
V002641,9517,avis,2025-08-17 00:00:00,bon rapport qualite prix,prix
V002642,39767,chat,2025-05-05 00:00:00,le produit ne correspond pas a la photo,produit
V002643,3880,enquete,2026-02-07 00:00:00,le remboursement n arrive pas,retour
V002644,38028,avis,2026-04-23 00:00:00,conseiller tres aimable et efficace,contact
V002645,36826,reclamation,2026-02-22 00:00:00,la qualite n est pas au rendez vous,produit
V002646,17017,reclamation,2025-08-26 00:00:00,procedure de retour incomprehensible,retour
V002647,70140,reclamation,2026-03-23 00:00:00,conseiller tres aimable et efficace,contact
V002648,56439,enquete,2025-06-22 00:00:00,bon rapport qualite prix,prix
V002649,456,avis,2025-06-01 00:00:00,personne ne repond au telephone,contact
V002650,32782,avis,2026-07-18 00:00:00,les prix ont augmente,prix
V002651,13673,enquete,2026-02-17 00:00:00,bon rapport qualite prix,prix
V002652,18522,chat,2025-11-27 00:00:00,impossible de joindre le service client,contact
V002653,32380,avis,2025-07-25 00:00:00,bon rapport qualite prix,prix
V002654,21204,enquete,2026-03-14 00:00:00,promotion interessante ce mois ci,prix
V002655,32807,enquete,2026-03-06 00:00:00,personne ne repond au telephone,contact
V002656,19913,reclamation,2025-04-14 00:00:00,promotion interessante ce mois ci,prix
V002657,29689,reclamation,2025-10-30 00:00:00,impossible de retourner l article,retour
V002658,38591,chat,2026-06-19 00:00:00,les prix ont augmente,prix
V002659,31727,avis,2026-08-08 00:00:00,promotion interessante ce mois ci,prix
V002660,25246,enquete,2025-09-29 00:00:00,article conforme et solide,produit
V002661,27327,avis,2025-10-25 00:00:00,le produit ne correspond pas a la photo,produit
V002662,31329,avis,2026-04-30 00:00:00,impossible de joindre le service client,contact
V002663,38532,reclamation,2025-06-23 00:00:00,la qualite n est pas au rendez vous,produit
V002664,1141,avis,2026-07-29 00:00:00,les prix ont augmente,prix
V002665,26189,reclamation,2025-07-30 00:00:00,impossible de joindre le service client,contact
V002666,76439,avis,2025-11-22 00:00:00,le remboursement n arrive pas,retour
V002667,22415,chat,2026-04-04 00:00:00,livraison pas rapide du tout,livraison
V002668,29047,avis,2026-05-18 00:00:00,delai de livraison beaucoup trop long,livraison
V002669,9134,reclamation,2025-08-25 00:00:00,la qualite n est pas au rendez vous,produit
V002670,24854,reclamation,2026-08-03 00:00:00,delai de livraison beaucoup trop long,livraison
V002671,54478,avis,2025-05-01 00:00:00,personne ne repond au telephone,contact
V002672,58553,enquete,2025-04-12 00:00:00,la qualite n est pas au rendez vous,produit
V002673,43026,chat,2025-09-15 00:00:00,delai de livraison beaucoup trop long,livraison
V002674,51993,enquete,2026-06-05 00:00:00,conseiller tres aimable et efficace,contact
V002675,58595,avis,2025-09-05 00:00:00,livraison pas rapide du tout,livraison
V002676,58963,avis,2025-07-26 00:00:00,les prix ont augmente,prix
V002677,61953,chat,2025-08-10 00:00:00,le colis est arrive en retard,livraison
V002678,68209,enquete,2025-11-17 00:00:00,conseiller tres aimable et efficace,contact
V002679,55489,enquete,2025-09-13 00:00:00,les prix ont augmente,prix
V002680,24518,enquete,2025-12-14 00:00:00,procedure de retour incomprehensible,retour
V002681,23845,reclamation,2025-05-08 00:00:00,livraison pas rapide du tout,livraison
V002682,11467,reclamation,2025-10-15 00:00:00,impossible de joindre le service client,contact
V002683,69510,chat,2025-10-22 00:00:00,livraison pas rapide du tout,livraison
V002684,6697,enquete,2026-04-18 00:00:00,impossible de retourner l article,retour
V002685,28421,reclamation,2026-08-07 00:00:00,impossible de joindre le service client,contact
V002686,62287,chat,2025-12-19 00:00:00,le colis est arrive en retard,livraison
V002687,59517,chat,2026-05-25 00:00:00,le remboursement n arrive pas,retour
V002688,78466,enquete,2025-11-19 00:00:00,promotion interessante ce mois ci,prix
V002689,33971,chat,2026-01-06 00:00:00,procedure de retour incomprehensible,retour
V002690,52691,avis,2025-05-09 00:00:00,le remboursement n arrive pas,retour
V002691,52338,avis,2025-07-16 00:00:00,bon rapport qualite prix,prix
V002692,39327,avis,2026-01-04 00:00:00,livraison pas rapide du tout,livraison
V002693,9137,enquete,2025-07-07 00:00:00,impossible de retourner l article,retour
V002694,32143,chat,2025-08-04 00:00:00,article conforme et solide,produit
V002695,48690,enquete,2025-04-13 00:00:00,le remboursement n arrive pas,retour
V002696,6619,reclamation,2025-07-19 00:00:00,les prix ont augmente,prix
V002697,66135,reclamation,2026-03-19 00:00:00,le produit ne correspond pas a la photo,produit
V002698,61397,chat,2025-06-04 00:00:00,promotion interessante ce mois ci,prix
V002699,45893,chat,2025-06-05 00:00:00,le colis est arrive en retard,livraison
V002700,26915,reclamation,2025-06-12 00:00:00,bon rapport qualite prix,prix
V002701,68139,avis,2025-09-27 00:00:00,le colis est arrive en retard,livraison
V002702,52389,avis,2026-07-30 00:00:00,bon rapport qualite prix,prix
V002703,35656,chat,2025-10-06 00:00:00,procedure de retour incomprehensible,retour
V002704,1228,reclamation,2025-06-17 00:00:00,la qualite n est pas au rendez vous,produit
V002705,75157,reclamation,2026-07-22 00:00:00,article conforme et solide,produit
V002706,33310,enquete,2025-06-07 00:00:00,le produit ne correspond pas a la photo,produit
V002707,45262,avis,2025-11-28 00:00:00,promotion interessante ce mois ci,prix
V002708,69053,chat,2025-04-12 00:00:00,procedure de retour incomprehensible,retour
V002709,56746,chat,2025-12-07 00:00:00,impossible de joindre le service client,contact
V002710,9314,enquete,2026-08-14 00:00:00,les prix ont augmente,prix
V002711,26154,enquete,2025-06-13 00:00:00,la qualite n est pas au rendez vous,produit
V002712,74673,enquete,2025-08-12 00:00:00,conseiller tres aimable et efficace,contact
V002713,53679,reclamation,2025-12-31 00:00:00,article conforme et solide,produit
V002714,35678,chat,2025-12-07 00:00:00,livraison pas rapide du tout,livraison
V002715,44861,chat,2025-09-13 00:00:00,promotion interessante ce mois ci,prix
V002716,50203,reclamation,2026-01-04 00:00:00,promotion interessante ce mois ci,prix
V002717,56603,reclamation,2026-05-10 00:00:00,le produit ne correspond pas a la photo,produit
V002718,64406,avis,2025-07-03 00:00:00,conseiller tres aimable et efficace,contact
V002719,4509,avis,2025-12-27 00:00:00,conseiller tres aimable et efficace,contact
V002720,65054,reclamation,2025-06-08 00:00:00,delai de livraison beaucoup trop long,livraison
V002721,29411,chat,2026-01-21 00:00:00,livraison pas rapide du tout,livraison
V002722,11682,avis,2025-05-07 00:00:00,impossible de joindre le service client,contact
V002723,63408,avis,2025-06-29 00:00:00,bon rapport qualite prix,prix
V002724,27105,chat,2026-06-14 00:00:00,impossible de joindre le service client,contact
V002725,66643,chat,2026-01-28 00:00:00,le produit ne correspond pas a la photo,produit
V002726,31259,reclamation,2025-04-18 00:00:00,procedure de retour incomprehensible,retour
V002727,45663,avis,2026-02-24 00:00:00,le colis est arrive en retard,livraison
V002728,10869,reclamation,2026-07-24 00:00:00,procedure de retour incomprehensible,retour
V002729,17663,enquete,2026-06-04 00:00:00,le remboursement n arrive pas,retour
V002730,45529,reclamation,2025-09-29 00:00:00,impossible de joindre le service client,contact
V002731,7606,enquete,2025-06-27 00:00:00,le produit ne correspond pas a la photo,produit
V002732,31684,reclamation,2025-05-24 00:00:00,le colis est arrive en retard,livraison
V002733,39162,chat,2025-09-26 00:00:00,procedure de retour incomprehensible,retour
V002734,5701,reclamation,2025-05-11 00:00:00,procedure de retour incomprehensible,retour
V002735,57205,enquete,2025-04-28 00:00:00,le remboursement n arrive pas,retour
V002736,74110,enquete,2025-05-20 00:00:00,bon rapport qualite prix,prix
V002737,26398,avis,2026-02-21 00:00:00,delai de livraison beaucoup trop long,livraison
V002738,52425,reclamation,2026-08-06 00:00:00,personne ne repond au telephone,contact
V002739,5233,enquete,2026-05-06 00:00:00,le produit ne correspond pas a la photo,produit
V002740,7438,enquete,2026-04-24 00:00:00,les prix ont augmente,prix
V002741,4120,chat,2026-06-27 00:00:00,livraison pas rapide du tout,livraison
V002742,39933,reclamation,2026-01-23 00:00:00,la qualite n est pas au rendez vous,produit
V002743,61403,chat,2025-10-25 00:00:00,delai de livraison beaucoup trop long,livraison
V002744,14932,avis,2025-08-24 00:00:00,procedure de retour incomprehensible,retour
V002745,35444,avis,2025-07-19 00:00:00,le colis est arrive en retard,livraison
V002746,17069,enquete,2025-12-21 00:00:00,impossible de joindre le service client,contact
V002747,49682,enquete,2025-05-21 00:00:00,conseiller tres aimable et efficace,contact
V002748,13466,chat,2025-05-13 00:00:00,procedure de retour incomprehensible,retour
V002749,3054,avis,2026-07-12 00:00:00,les prix ont augmente,prix
V002750,11527,reclamation,2026-01-20 00:00:00,delai de livraison beaucoup trop long,livraison
V002751,21692,chat,2026-02-03 00:00:00,delai de livraison beaucoup trop long,livraison
V002752,41489,enquete,2025-07-01 00:00:00,delai de livraison beaucoup trop long,livraison
V002753,65292,avis,2026-07-08 00:00:00,impossible de joindre le service client,contact
V002754,52351,enquete,2026-07-05 00:00:00,le produit ne correspond pas a la photo,produit
V002755,64789,chat,2025-08-31 00:00:00,impossible de retourner l article,retour
V002756,10845,enquete,2025-08-19 00:00:00,le colis est arrive en retard,livraison
V002757,38622,enquete,2025-04-19 00:00:00,les prix ont augmente,prix
V002758,22715,enquete,2026-06-17 00:00:00,procedure de retour incomprehensible,retour
V002759,3850,chat,2026-01-20 00:00:00,article conforme et solide,produit
V002760,79445,enquete,2026-06-10 00:00:00,personne ne repond au telephone,contact
V002761,72199,avis,2026-04-21 00:00:00,article conforme et solide,produit
V002762,6795,avis,2025-07-19 00:00:00,article conforme et solide,produit
V002763,28968,reclamation,2025-04-24 00:00:00,le colis est arrive en retard,livraison
V002764,24630,chat,2025-04-28 00:00:00,delai de livraison beaucoup trop long,livraison
V002765,61683,reclamation,2025-12-19 00:00:00,le colis est arrive en retard,livraison
V002766,61639,chat,2025-07-06 00:00:00,le produit ne correspond pas a la photo,produit
V002767,4418,enquete,2025-07-23 00:00:00,article conforme et solide,produit
V002768,39170,enquete,2026-03-04 00:00:00,procedure de retour incomprehensible,retour
V002769,3948,enquete,2025-07-13 00:00:00,livraison pas rapide du tout,livraison
V002770,77344,reclamation,2025-08-07 00:00:00,les prix ont augmente,prix
V002771,66304,enquete,2025-09-22 00:00:00,personne ne repond au telephone,contact
V002772,44150,reclamation,2026-06-18 00:00:00,les prix ont augmente,prix
V002773,61535,reclamation,2026-03-15 00:00:00,promotion interessante ce mois ci,prix
V002774,67305,reclamation,2026-05-24 00:00:00,livraison pas rapide du tout,livraison
V002775,1311,enquete,2026-05-02 00:00:00,la qualite n est pas au rendez vous,produit
V002776,40722,enquete,2025-10-21 00:00:00,le colis est arrive en retard,livraison
V002777,71634,chat,2026-07-20 00:00:00,le produit ne correspond pas a la photo,produit
V002778,72483,enquete,2026-07-16 00:00:00,conseiller tres aimable et efficace,contact
V002779,62782,chat,2026-03-31 00:00:00,conseiller tres aimable et efficace,contact
V002780,21017,enquete,2026-01-01 00:00:00,conseiller tres aimable et efficace,contact
V002781,52557,chat,2026-08-03 00:00:00,le colis est arrive en retard,livraison
V002782,75929,avis,2025-05-04 00:00:00,article conforme et solide,produit
V002783,20847,avis,2026-06-23 00:00:00,le colis est arrive en retard,livraison
V002784,27120,avis,2026-08-16 00:00:00,les prix ont augmente,prix
V002785,56923,enquete,2026-04-21 00:00:00,le colis est arrive en retard,livraison
V002786,24219,enquete,2026-04-27 00:00:00,les prix ont augmente,prix
V002787,39036,chat,2025-11-09 00:00:00,impossible de retourner l article,retour
V002788,11880,chat,2025-07-21 00:00:00,delai de livraison beaucoup trop long,livraison
V002789,47077,chat,2026-05-04 00:00:00,conseiller tres aimable et efficace,contact
V002790,29138,chat,2025-10-28 00:00:00,conseiller tres aimable et efficace,contact
V002791,26724,reclamation,2026-03-20 00:00:00,la qualite n est pas au rendez vous,produit
V002792,52764,avis,2025-12-31 00:00:00,le produit ne correspond pas a la photo,produit
V002793,16877,chat,2025-07-04 00:00:00,article conforme et solide,produit
V002794,27848,enquete,2026-04-06 00:00:00,les prix ont augmente,prix
V002795,75577,avis,2025-06-10 00:00:00,procedure de retour incomprehensible,retour
V002796,66400,reclamation,2026-04-16 00:00:00,le colis est arrive en retard,livraison
V002797,47666,enquete,2025-11-09 00:00:00,personne ne repond au telephone,contact
V002798,61148,reclamation,2025-07-29 00:00:00,impossible de joindre le service client,contact
V002799,41510,avis,2026-05-27 00:00:00,le remboursement n arrive pas,retour
V002800,69954,reclamation,2025-12-02 00:00:00,procedure de retour incomprehensible,retour
V002801,10740,reclamation,2025-12-04 00:00:00,impossible de retourner l article,retour
V002802,63118,avis,2026-02-02 00:00:00,bon rapport qualite prix,prix
V002803,45331,avis,2025-08-12 00:00:00,bon rapport qualite prix,prix
V002804,52017,enquete,2025-12-21 00:00:00,impossible de retourner l article,retour
V002805,56002,avis,2025-12-24 00:00:00,impossible de retourner l article,retour
V002806,50752,reclamation,2025-08-15 00:00:00,delai de livraison beaucoup trop long,livraison
V002807,7739,reclamation,2026-04-12 00:00:00,impossible de retourner l article,retour
V002808,66452,reclamation,2026-07-05 00:00:00,article conforme et solide,produit
V002809,50345,reclamation,2025-10-23 00:00:00,impossible de joindre le service client,contact
V002810,36148,chat,2026-03-11 00:00:00,les prix ont augmente,prix
V002811,78617,chat,2026-04-24 00:00:00,le colis est arrive en retard,livraison
V002812,8132,enquete,2026-04-21 00:00:00,le colis est arrive en retard,livraison
V002813,62015,reclamation,2026-02-26 00:00:00,procedure de retour incomprehensible,retour
V002814,63024,reclamation,2026-04-22 00:00:00,impossible de retourner l article,retour
V002815,35946,chat,2026-02-20 00:00:00,impossible de retourner l article,retour
V002816,74004,chat,2025-09-27 00:00:00,les prix ont augmente,prix
V002817,7539,chat,2026-07-04 00:00:00,article conforme et solide,produit
V002818,50914,avis,2025-05-22 00:00:00,procedure de retour incomprehensible,retour
V002819,41772,avis,2025-07-02 00:00:00,bon rapport qualite prix,prix
V002820,77923,chat,2025-08-26 00:00:00,conseiller tres aimable et efficace,contact
V002821,36633,enquete,2025-04-08 00:00:00,les prix ont augmente,prix
V002822,6780,chat,2025-06-24 00:00:00,les prix ont augmente,prix
V002823,6675,chat,2025-05-16 00:00:00,le colis est arrive en retard,livraison
V002824,2581,enquete,2025-04-12 00:00:00,les prix ont augmente,prix
V002825,39928,chat,2025-08-21 00:00:00,le colis est arrive en retard,livraison
V002826,60923,enquete,2025-05-25 00:00:00,impossible de joindre le service client,contact
V002827,60881,chat,2026-07-31 00:00:00,conseiller tres aimable et efficace,contact
V002828,9703,avis,2025-11-08 00:00:00,le colis est arrive en retard,livraison
V002829,60062,reclamation,2026-03-02 00:00:00,le colis est arrive en retard,livraison
V002830,74822,avis,2025-08-22 00:00:00,article conforme et solide,produit
V002831,15562,avis,2026-02-25 00:00:00,le colis est arrive en retard,livraison
V002832,25897,reclamation,2025-06-13 00:00:00,livraison pas rapide du tout,livraison
V002833,11528,enquete,2025-05-31 00:00:00,bon rapport qualite prix,prix
V002834,76674,reclamation,2025-10-04 00:00:00,la qualite n est pas au rendez vous,produit
V002835,6013,reclamation,2025-11-20 00:00:00,le produit ne correspond pas a la photo,produit
V002836,48820,reclamation,2025-05-16 00:00:00,procedure de retour incomprehensible,retour
V002837,50386,avis,2026-07-31 00:00:00,article conforme et solide,produit
V002838,9285,avis,2025-07-15 00:00:00,les prix ont augmente,prix
V002839,49393,reclamation,2025-10-22 00:00:00,le remboursement n arrive pas,retour
V002840,55695,chat,2026-04-12 00:00:00,la qualite n est pas au rendez vous,produit
V002841,43367,chat,2026-06-19 00:00:00,procedure de retour incomprehensible,retour
V002842,1582,chat,2025-09-07 00:00:00,promotion interessante ce mois ci,prix
V002843,62821,avis,2025-09-16 00:00:00,article conforme et solide,produit
V002844,6427,reclamation,2026-05-30 00:00:00,conseiller tres aimable et efficace,contact
V002845,26741,chat,2026-08-04 00:00:00,delai de livraison beaucoup trop long,livraison
V002846,57781,enquete,2026-03-17 00:00:00,procedure de retour incomprehensible,retour
V002847,29633,enquete,2025-05-20 00:00:00,livraison pas rapide du tout,livraison
V002848,32055,chat,2026-05-18 00:00:00,bon rapport qualite prix,prix
V002849,50384,avis,2025-09-22 00:00:00,les prix ont augmente,prix
V002850,17812,reclamation,2025-12-15 00:00:00,procedure de retour incomprehensible,retour
V002851,75158,enquete,2026-03-04 00:00:00,promotion interessante ce mois ci,prix
V002852,35770,chat,2026-04-20 00:00:00,les prix ont augmente,prix
V002853,40787,chat,2025-09-02 00:00:00,le produit ne correspond pas a la photo,produit
V002854,11826,avis,2025-07-02 00:00:00,livraison pas rapide du tout,livraison
V002855,4859,enquete,2025-10-03 00:00:00,conseiller tres aimable et efficace,contact
V002856,37363,avis,2026-01-08 00:00:00,impossible de retourner l article,retour
V002857,30945,chat,2026-04-04 00:00:00,la qualite n est pas au rendez vous,produit
V002858,65359,chat,2026-07-10 00:00:00,la qualite n est pas au rendez vous,produit
V002859,68495,reclamation,2025-10-28 00:00:00,conseiller tres aimable et efficace,contact
V002860,2016,chat,2025-11-09 00:00:00,la qualite n est pas au rendez vous,produit
V002861,34821,avis,2026-07-05 00:00:00,article conforme et solide,produit
V002862,3901,avis,2025-04-11 00:00:00,delai de livraison beaucoup trop long,livraison
V002863,12117,avis,2026-06-04 00:00:00,delai de livraison beaucoup trop long,livraison
V002864,26788,avis,2025-07-31 00:00:00,la qualite n est pas au rendez vous,produit
V002865,73709,reclamation,2025-11-15 00:00:00,les prix ont augmente,prix
V002866,3434,avis,2025-10-10 00:00:00,impossible de joindre le service client,contact
V002867,10692,avis,2026-03-06 00:00:00,le remboursement n arrive pas,retour
V002868,275,reclamation,2025-12-25 00:00:00,article conforme et solide,produit
V002869,21993,enquete,2025-04-11 00:00:00,promotion interessante ce mois ci,prix
V002870,37347,enquete,2026-07-23 00:00:00,promotion interessante ce mois ci,prix
V002871,15277,avis,2026-06-14 00:00:00,livraison pas rapide du tout,livraison
V002872,25324,reclamation,2026-06-17 00:00:00,delai de livraison beaucoup trop long,livraison
V002873,32957,reclamation,2025-05-04 00:00:00,le remboursement n arrive pas,retour
V002874,52477,chat,2026-08-14 00:00:00,conseiller tres aimable et efficace,contact
V002875,70743,avis,2025-12-24 00:00:00,les prix ont augmente,prix
V002876,6108,chat,2025-06-25 00:00:00,le produit ne correspond pas a la photo,produit
V002877,27537,reclamation,2025-06-20 00:00:00,le colis est arrive en retard,livraison
V002878,61284,chat,2026-02-17 00:00:00,le remboursement n arrive pas,retour
V002879,27058,reclamation,2025-11-03 00:00:00,article conforme et solide,produit
V002880,18879,avis,2025-08-30 00:00:00,impossible de joindre le service client,contact
V002881,58115,avis,2026-05-27 00:00:00,le produit ne correspond pas a la photo,produit
V002882,35155,chat,2026-07-22 00:00:00,bon rapport qualite prix,prix
V002883,72995,enquete,2025-07-12 00:00:00,bon rapport qualite prix,prix
V002884,65653,avis,2025-04-19 00:00:00,personne ne repond au telephone,contact
V002885,3880,chat,2026-07-18 00:00:00,la qualite n est pas au rendez vous,produit
V002886,26329,chat,2025-05-22 00:00:00,les prix ont augmente,prix
V002887,73871,enquete,2025-10-07 00:00:00,article conforme et solide,produit
V002888,32931,avis,2026-01-11 00:00:00,impossible de joindre le service client,contact
V002889,37570,reclamation,2026-06-02 00:00:00,les prix ont augmente,prix
V002890,40395,avis,2025-12-31 00:00:00,promotion interessante ce mois ci,prix
V002891,60114,reclamation,2025-10-05 00:00:00,promotion interessante ce mois ci,prix
V002892,72573,avis,2026-08-04 00:00:00,les prix ont augmente,prix
V002893,42600,avis,2025-08-10 00:00:00,bon rapport qualite prix,prix
V002894,5499,avis,2026-02-28 00:00:00,delai de livraison beaucoup trop long,livraison
V002895,72732,avis,2025-07-10 00:00:00,promotion interessante ce mois ci,prix
V002896,26144,avis,2026-07-19 00:00:00,bon rapport qualite prix,prix
V002897,79170,chat,2025-12-23 00:00:00,procedure de retour incomprehensible,retour
V002898,63895,enquete,2026-07-26 00:00:00,article conforme et solide,produit
V002899,71638,avis,2025-08-15 00:00:00,la qualite n est pas au rendez vous,produit
V002900,38900,avis,2025-11-08 00:00:00,livraison pas rapide du tout,livraison
V002901,30564,chat,2026-03-12 00:00:00,impossible de joindre le service client,contact
V002902,20039,chat,2025-09-19 00:00:00,impossible de retourner l article,retour
V002903,6266,enquete,2025-07-03 00:00:00,le remboursement n arrive pas,retour
V002904,58127,chat,2026-03-12 00:00:00,impossible de retourner l article,retour
V002905,77071,chat,2025-05-25 00:00:00,conseiller tres aimable et efficace,contact
V002906,61244,reclamation,2026-06-30 00:00:00,personne ne repond au telephone,contact
V002907,7818,avis,2025-04-18 00:00:00,bon rapport qualite prix,prix
V002908,28941,chat,2025-07-02 00:00:00,le produit ne correspond pas a la photo,produit
V002909,68735,enquete,2026-03-26 00:00:00,le colis est arrive en retard,livraison
V002910,68250,enquete,2026-03-04 00:00:00,le produit ne correspond pas a la photo,produit
V002911,25137,avis,2025-07-07 00:00:00,delai de livraison beaucoup trop long,livraison
V002912,69564,chat,2026-03-08 00:00:00,promotion interessante ce mois ci,prix
V002913,12324,reclamation,2026-02-22 00:00:00,le colis est arrive en retard,livraison
V002914,64063,enquete,2026-04-26 00:00:00,impossible de joindre le service client,contact
V002915,67585,enquete,2025-08-22 00:00:00,livraison pas rapide du tout,livraison
V002916,63324,chat,2025-05-01 00:00:00,delai de livraison beaucoup trop long,livraison
V002917,46770,enquete,2025-05-29 00:00:00,la qualite n est pas au rendez vous,produit
V002918,5609,chat,2026-02-19 00:00:00,impossible de retourner l article,retour
V002919,6762,reclamation,2026-05-28 00:00:00,la qualite n est pas au rendez vous,produit
V002920,32287,reclamation,2026-03-14 00:00:00,article conforme et solide,produit
V002921,47825,reclamation,2026-06-06 00:00:00,le remboursement n arrive pas,retour
V002922,24000,reclamation,2025-12-17 00:00:00,personne ne repond au telephone,contact
V002923,64007,chat,2026-03-23 00:00:00,le produit ne correspond pas a la photo,produit
V002924,4525,enquete,2026-02-16 00:00:00,le colis est arrive en retard,livraison
V002925,39839,chat,2026-04-06 00:00:00,le produit ne correspond pas a la photo,produit
V002926,42028,avis,2025-12-04 00:00:00,bon rapport qualite prix,prix
V002927,36814,avis,2025-08-03 00:00:00,livraison pas rapide du tout,livraison
V002928,13588,chat,2025-11-13 00:00:00,les prix ont augmente,prix
V002929,13868,enquete,2026-04-15 00:00:00,article conforme et solide,produit
V002930,66981,reclamation,2026-06-21 00:00:00,promotion interessante ce mois ci,prix
V002931,74235,avis,2025-07-25 00:00:00,la qualite n est pas au rendez vous,produit
V002932,13091,enquete,2026-04-07 00:00:00,article conforme et solide,produit
V002933,71981,reclamation,2025-06-01 00:00:00,livraison pas rapide du tout,livraison
V002934,49665,reclamation,2026-03-13 00:00:00,le remboursement n arrive pas,retour
V002935,44613,reclamation,2025-06-23 00:00:00,le colis est arrive en retard,livraison
V002936,40022,avis,2025-08-01 00:00:00,la qualite n est pas au rendez vous,produit
V002937,23938,reclamation,2026-01-05 00:00:00,le colis est arrive en retard,livraison
V002938,7528,avis,2026-06-14 00:00:00,les prix ont augmente,prix
V002939,28278,avis,2026-03-02 00:00:00,livraison pas rapide du tout,livraison
V002940,3062,reclamation,2025-06-20 00:00:00,le produit ne correspond pas a la photo,produit
V002941,50788,avis,2026-06-27 00:00:00,le produit ne correspond pas a la photo,produit
V002942,8585,chat,2025-04-19 00:00:00,le colis est arrive en retard,livraison
V002943,43316,reclamation,2025-09-26 00:00:00,le remboursement n arrive pas,retour
V002944,49372,reclamation,2026-08-13 00:00:00,le produit ne correspond pas a la photo,produit
V002945,41987,chat,2026-01-22 00:00:00,conseiller tres aimable et efficace,contact
V002946,19181,avis,2026-07-28 00:00:00,delai de livraison beaucoup trop long,livraison
V002947,32351,avis,2026-08-11 00:00:00,conseiller tres aimable et efficace,contact
V002948,51453,reclamation,2025-11-24 00:00:00,impossible de retourner l article,retour
V002949,296,reclamation,2025-07-18 00:00:00,personne ne repond au telephone,contact
V002950,15319,reclamation,2025-09-17 00:00:00,la qualite n est pas au rendez vous,produit
V002951,19294,enquete,2025-06-25 00:00:00,article conforme et solide,produit
V002952,31166,enquete,2026-07-20 00:00:00,conseiller tres aimable et efficace,contact
V002953,72092,enquete,2025-12-04 00:00:00,personne ne repond au telephone,contact
V002954,22457,chat,2026-01-31 00:00:00,la qualite n est pas au rendez vous,produit
V002955,1995,chat,2026-07-15 00:00:00,le colis est arrive en retard,livraison
V002956,49982,enquete,2025-10-31 00:00:00,personne ne repond au telephone,contact
V002957,1482,avis,2026-01-01 00:00:00,article conforme et solide,produit
V002958,45983,reclamation,2026-01-06 00:00:00,personne ne repond au telephone,contact
V002959,42496,chat,2025-06-29 00:00:00,impossible de joindre le service client,contact
V002960,32025,chat,2025-06-01 00:00:00,bon rapport qualite prix,prix
V002961,26607,enquete,2025-12-08 00:00:00,le colis est arrive en retard,livraison
V002962,40066,avis,2026-06-14 00:00:00,impossible de retourner l article,retour
V002963,62879,reclamation,2026-03-26 00:00:00,livraison pas rapide du tout,livraison
V002964,5505,enquete,2025-10-22 00:00:00,delai de livraison beaucoup trop long,livraison
V002965,37784,avis,2025-07-28 00:00:00,personne ne repond au telephone,contact
V002966,73946,chat,2025-08-12 00:00:00,impossible de joindre le service client,contact
V002967,1505,enquete,2025-08-03 00:00:00,les prix ont augmente,prix
V002968,44042,chat,2026-06-30 00:00:00,livraison pas rapide du tout,livraison
V002969,14865,chat,2026-07-12 00:00:00,les prix ont augmente,prix
V002970,50567,chat,2025-09-23 00:00:00,bon rapport qualite prix,prix
V002971,45683,enquete,2025-09-18 00:00:00,bon rapport qualite prix,prix
V002972,61949,reclamation,2025-09-06 00:00:00,bon rapport qualite prix,prix
V002973,14462,chat,2025-05-05 00:00:00,les prix ont augmente,prix
V002974,76079,avis,2026-04-29 00:00:00,personne ne repond au telephone,contact
V002975,42146,enquete,2025-08-20 00:00:00,la qualite n est pas au rendez vous,produit
V002976,26071,avis,2026-05-26 00:00:00,livraison pas rapide du tout,livraison
V002977,46110,avis,2026-07-04 00:00:00,bon rapport qualite prix,prix
V002978,72722,reclamation,2025-07-10 00:00:00,le colis est arrive en retard,livraison
V002979,62629,enquete,2026-08-17 00:00:00,delai de livraison beaucoup trop long,livraison
V002980,13915,avis,2025-10-27 00:00:00,article conforme et solide,produit
V002981,62233,avis,2025-11-04 00:00:00,les prix ont augmente,prix
V002982,29288,chat,2025-08-29 00:00:00,la qualite n est pas au rendez vous,produit
V002983,15074,enquete,2025-05-30 00:00:00,impossible de joindre le service client,contact
V002984,20630,chat,2025-04-25 00:00:00,livraison pas rapide du tout,livraison
V002985,45903,enquete,2026-06-16 00:00:00,personne ne repond au telephone,contact
V002986,44963,chat,2026-03-04 00:00:00,impossible de retourner l article,retour
V002987,21536,enquete,2026-08-09 00:00:00,les prix ont augmente,prix
V002988,52734,reclamation,2025-10-17 00:00:00,impossible de joindre le service client,contact
V002989,70950,reclamation,2025-04-08 00:00:00,procedure de retour incomprehensible,retour
V002990,36547,chat,2025-08-18 00:00:00,la qualite n est pas au rendez vous,produit
V002991,44235,reclamation,2026-01-12 00:00:00,le colis est arrive en retard,livraison
V002992,71753,enquete,2025-08-11 00:00:00,personne ne repond au telephone,contact
V002993,58392,chat,2025-11-01 00:00:00,conseiller tres aimable et efficace,contact
V002994,54325,enquete,2025-06-13 00:00:00,impossible de retourner l article,retour
V002995,56869,enquete,2025-09-10 00:00:00,promotion interessante ce mois ci,prix
V002996,25157,avis,2026-03-27 00:00:00,conseiller tres aimable et efficace,contact
V002997,28028,reclamation,2026-03-26 00:00:00,article conforme et solide,produit
V002998,15905,avis,2025-06-27 00:00:00,impossible de retourner l article,retour
V002999,25455,chat,2025-06-30 00:00:00,le remboursement n arrive pas,retour
V003000,35696,enquete,2025-06-13 00:00:00,le remboursement n arrive pas,retour
V003001,9517,chat,2025-10-28 00:00:00,bon rapport qualite prix,prix
V003002,3394,reclamation,2025-04-17 00:00:00,livraison pas rapide du tout,livraison
V003003,24068,avis,2025-11-10 00:00:00,la qualite n est pas au rendez vous,produit
V003004,31243,enquete,2025-06-06 00:00:00,le remboursement n arrive pas,retour
V003005,26692,enquete,2025-07-09 00:00:00,le colis est arrive en retard,livraison
V003006,24223,reclamation,2025-05-25 00:00:00,procedure de retour incomprehensible,retour
V003007,5392,reclamation,2026-08-17 00:00:00,livraison pas rapide du tout,livraison
V003008,67297,reclamation,2026-01-06 00:00:00,bon rapport qualite prix,prix
V003009,63161,avis,2026-06-18 00:00:00,le colis est arrive en retard,livraison
V003010,1751,reclamation,2025-10-16 00:00:00,personne ne repond au telephone,contact
V003011,15800,enquete,2025-11-04 00:00:00,livraison pas rapide du tout,livraison
V003012,60754,avis,2025-09-24 00:00:00,le colis est arrive en retard,livraison
V003013,30393,chat,2025-11-17 00:00:00,les prix ont augmente,prix
V003014,57066,reclamation,2025-11-20 00:00:00,le colis est arrive en retard,livraison
V003015,39277,avis,2026-07-17 00:00:00,les prix ont augmente,prix
V003016,3367,reclamation,2025-10-22 00:00:00,conseiller tres aimable et efficace,contact
V003017,62367,enquete,2026-05-02 00:00:00,les prix ont augmente,prix
V003018,32237,chat,2025-09-13 00:00:00,les prix ont augmente,prix
V003019,36636,reclamation,2025-05-18 00:00:00,personne ne repond au telephone,contact
V003020,32203,chat,2025-05-28 00:00:00,delai de livraison beaucoup trop long,livraison
V003021,50032,chat,2025-08-29 00:00:00,conseiller tres aimable et efficace,contact
V003022,29384,reclamation,2025-07-26 00:00:00,delai de livraison beaucoup trop long,livraison
V003023,6894,reclamation,2026-03-28 00:00:00,conseiller tres aimable et efficace,contact
V003024,63300,reclamation,2025-04-09 00:00:00,personne ne repond au telephone,contact
V003025,2471,enquete,2026-06-02 00:00:00,article conforme et solide,produit
V003026,54855,chat,2026-07-11 00:00:00,bon rapport qualite prix,prix
V003027,28928,avis,2025-11-21 00:00:00,livraison pas rapide du tout,livraison
V003028,25559,chat,2025-08-06 00:00:00,le produit ne correspond pas a la photo,produit
V003029,26844,avis,2025-04-10 00:00:00,impossible de retourner l article,retour
V003030,68108,chat,2025-12-14 00:00:00,procedure de retour incomprehensible,retour
V003031,62473,avis,2025-12-23 00:00:00,les prix ont augmente,prix
V003032,59833,avis,2025-05-01 00:00:00,la qualite n est pas au rendez vous,produit
V003033,8980,chat,2025-07-16 00:00:00,livraison pas rapide du tout,livraison
V003034,73176,chat,2026-04-23 00:00:00,impossible de retourner l article,retour
V003035,35829,reclamation,2025-08-06 00:00:00,le colis est arrive en retard,livraison
V003036,2054,enquete,2025-05-17 00:00:00,le colis est arrive en retard,livraison
V003037,46876,avis,2026-06-11 00:00:00,livraison pas rapide du tout,livraison
V003038,5868,reclamation,2026-06-15 00:00:00,delai de livraison beaucoup trop long,livraison
V003039,18831,reclamation,2026-02-03 00:00:00,le remboursement n arrive pas,retour
V003040,16007,reclamation,2026-06-19 00:00:00,procedure de retour incomprehensible,retour
V003041,23740,chat,2025-06-28 00:00:00,le produit ne correspond pas a la photo,produit
V003042,78244,chat,2026-07-24 00:00:00,le produit ne correspond pas a la photo,produit
V003043,43591,chat,2025-06-16 00:00:00,promotion interessante ce mois ci,prix
V003044,61966,reclamation,2026-07-02 00:00:00,delai de livraison beaucoup trop long,livraison
V003045,74706,chat,2025-12-08 00:00:00,livraison pas rapide du tout,livraison
V003046,16560,avis,2026-06-04 00:00:00,conseiller tres aimable et efficace,contact
V003047,18125,chat,2025-04-29 00:00:00,promotion interessante ce mois ci,prix
V003048,12936,reclamation,2026-06-08 00:00:00,bon rapport qualite prix,prix
V003049,38325,avis,2026-06-25 00:00:00,conseiller tres aimable et efficace,contact
V003050,65072,avis,2025-08-13 00:00:00,le remboursement n arrive pas,retour
V003051,16262,reclamation,2025-11-27 00:00:00,le colis est arrive en retard,livraison
V003052,17872,reclamation,2026-02-04 00:00:00,le remboursement n arrive pas,retour
V003053,42377,avis,2025-10-09 00:00:00,promotion interessante ce mois ci,prix
V003054,75845,chat,2026-05-28 00:00:00,delai de livraison beaucoup trop long,livraison
V003055,40058,chat,2025-05-21 00:00:00,conseiller tres aimable et efficace,contact
V003056,12754,avis,2026-02-06 00:00:00,la qualite n est pas au rendez vous,produit
V003057,60407,reclamation,2025-12-17 00:00:00,impossible de retourner l article,retour
V003058,77031,enquete,2026-01-31 00:00:00,personne ne repond au telephone,contact
V003059,3689,avis,2026-02-24 00:00:00,personne ne repond au telephone,contact
V003060,15562,reclamation,2025-05-28 00:00:00,impossible de retourner l article,retour
V003061,71192,chat,2025-05-17 00:00:00,la qualite n est pas au rendez vous,produit
V003062,58386,chat,2026-03-31 00:00:00,bon rapport qualite prix,prix
V003063,56230,reclamation,2026-05-13 00:00:00,impossible de joindre le service client,contact
V003064,20956,avis,2025-11-16 00:00:00,les prix ont augmente,prix
V003065,69411,avis,2025-12-08 00:00:00,la qualite n est pas au rendez vous,produit
V003066,22829,chat,2026-01-16 00:00:00,le colis est arrive en retard,livraison
V003067,57738,reclamation,2026-06-16 00:00:00,promotion interessante ce mois ci,prix
V003068,43322,reclamation,2025-05-24 00:00:00,bon rapport qualite prix,prix
V003069,10976,avis,2026-05-05 00:00:00,procedure de retour incomprehensible,retour
V003070,820,enquete,2026-04-13 00:00:00,le remboursement n arrive pas,retour
V003071,39640,avis,2025-06-12 00:00:00,les prix ont augmente,prix
V003072,41618,enquete,2026-02-04 00:00:00,les prix ont augmente,prix
V003073,31547,avis,2025-07-11 00:00:00,le colis est arrive en retard,livraison
V003074,36132,avis,2026-05-07 00:00:00,la qualite n est pas au rendez vous,produit
V003075,32703,chat,2025-11-22 00:00:00,le remboursement n arrive pas,retour
V003076,26579,avis,2026-01-30 00:00:00,personne ne repond au telephone,contact
V003077,703,avis,2025-05-31 00:00:00,livraison pas rapide du tout,livraison
V003078,66321,reclamation,2025-09-07 00:00:00,le colis est arrive en retard,livraison
V003079,61658,enquete,2025-11-04 00:00:00,le remboursement n arrive pas,retour
V003080,67178,enquete,2026-06-03 00:00:00,impossible de joindre le service client,contact
V003081,69003,chat,2025-06-17 00:00:00,promotion interessante ce mois ci,prix
V003082,35693,chat,2025-12-25 00:00:00,le produit ne correspond pas a la photo,produit
V003083,60741,enquete,2026-06-03 00:00:00,personne ne repond au telephone,contact
V003084,16761,reclamation,2025-05-13 00:00:00,bon rapport qualite prix,prix
V003085,13016,avis,2026-04-18 00:00:00,la qualite n est pas au rendez vous,produit
V003086,16340,enquete,2026-07-25 00:00:00,procedure de retour incomprehensible,retour
V003087,18327,reclamation,2026-02-09 00:00:00,la qualite n est pas au rendez vous,produit
V003088,35834,chat,2026-03-30 00:00:00,personne ne repond au telephone,contact
V003089,46172,enquete,2025-07-03 00:00:00,personne ne repond au telephone,contact
V003090,72829,enquete,2025-11-22 00:00:00,procedure de retour incomprehensible,retour
V003091,33985,avis,2026-04-30 00:00:00,conseiller tres aimable et efficace,contact
V003092,31731,reclamation,2026-07-11 00:00:00,le produit ne correspond pas a la photo,produit
V003093,8802,avis,2025-04-30 00:00:00,impossible de retourner l article,retour
V003094,72220,avis,2026-07-14 00:00:00,conseiller tres aimable et efficace,contact
V003095,39126,avis,2026-08-12 00:00:00,promotion interessante ce mois ci,prix
V003096,37263,avis,2026-08-09 00:00:00,le produit ne correspond pas a la photo,produit
V003097,34119,chat,2025-08-30 00:00:00,bon rapport qualite prix,prix
V003098,25450,chat,2025-07-05 00:00:00,bon rapport qualite prix,prix
V003099,52238,avis,2026-06-25 00:00:00,conseiller tres aimable et efficace,contact
V003100,45532,chat,2025-05-18 00:00:00,les prix ont augmente,prix
V003101,69282,avis,2025-11-14 00:00:00,conseiller tres aimable et efficace,contact
V003102,22825,reclamation,2025-06-02 00:00:00,le produit ne correspond pas a la photo,produit
V003103,31045,chat,2026-07-27 00:00:00,livraison pas rapide du tout,livraison
V003104,14719,chat,2026-05-06 00:00:00,article conforme et solide,produit
V003105,33143,reclamation,2026-08-07 00:00:00,article conforme et solide,produit
V003106,29599,enquete,2025-05-17 00:00:00,personne ne repond au telephone,contact
V003107,6946,chat,2025-04-19 00:00:00,la qualite n est pas au rendez vous,produit
V003108,67056,enquete,2026-05-28 00:00:00,bon rapport qualite prix,prix
V003109,13517,reclamation,2025-09-30 00:00:00,impossible de retourner l article,retour
V003110,42205,enquete,2026-03-02 00:00:00,les prix ont augmente,prix
V003111,8697,enquete,2026-08-16 00:00:00,promotion interessante ce mois ci,prix
V003112,57150,enquete,2025-12-18 00:00:00,procedure de retour incomprehensible,retour
V003113,46506,enquete,2025-12-03 00:00:00,impossible de retourner l article,retour
V003114,60587,avis,2025-08-14 00:00:00,la qualite n est pas au rendez vous,produit
V003115,15307,avis,2026-01-30 00:00:00,le colis est arrive en retard,livraison
V003116,65179,avis,2025-08-20 00:00:00,delai de livraison beaucoup trop long,livraison
V003117,3464,enquete,2025-11-08 00:00:00,impossible de joindre le service client,contact
V003118,2093,avis,2025-05-31 00:00:00,livraison pas rapide du tout,livraison
V003119,39445,avis,2026-05-08 00:00:00,impossible de retourner l article,retour
V003120,76004,enquete,2025-07-17 00:00:00,article conforme et solide,produit
V003121,64791,chat,2025-09-13 00:00:00,le remboursement n arrive pas,retour
V003122,27199,enquete,2025-07-06 00:00:00,procedure de retour incomprehensible,retour
V003123,73297,avis,2026-06-29 00:00:00,procedure de retour incomprehensible,retour
V003124,8391,chat,2025-06-25 00:00:00,les prix ont augmente,prix
V003125,29091,chat,2025-10-06 00:00:00,les prix ont augmente,prix
V003126,42909,reclamation,2026-01-23 00:00:00,les prix ont augmente,prix
V003127,1282,reclamation,2025-12-29 00:00:00,personne ne repond au telephone,contact
V003128,25075,enquete,2026-04-04 00:00:00,impossible de joindre le service client,contact
V003129,642,chat,2025-08-30 00:00:00,personne ne repond au telephone,contact
V003130,60404,reclamation,2025-10-13 00:00:00,article conforme et solide,produit
V003131,45907,avis,2026-07-10 00:00:00,article conforme et solide,produit
V003132,2820,chat,2025-04-25 00:00:00,le remboursement n arrive pas,retour
V003133,58087,avis,2026-04-26 00:00:00,delai de livraison beaucoup trop long,livraison
V003134,64306,reclamation,2025-12-19 00:00:00,promotion interessante ce mois ci,prix
V003135,61789,enquete,2025-05-26 00:00:00,impossible de joindre le service client,contact
V003136,28282,avis,2025-08-05 00:00:00,impossible de retourner l article,retour
V003137,742,avis,2026-04-26 00:00:00,impossible de joindre le service client,contact
V003138,2293,enquete,2026-05-06 00:00:00,procedure de retour incomprehensible,retour
V003139,71659,chat,2026-05-28 00:00:00,conseiller tres aimable et efficace,contact
V003140,67388,reclamation,2026-05-03 00:00:00,impossible de joindre le service client,contact
V003141,27343,reclamation,2026-06-17 00:00:00,impossible de joindre le service client,contact
V003142,27551,enquete,2025-05-01 00:00:00,le remboursement n arrive pas,retour
V003143,38105,enquete,2026-07-06 00:00:00,delai de livraison beaucoup trop long,livraison
V003144,33767,avis,2026-03-03 00:00:00,le colis est arrive en retard,livraison
V003145,68052,enquete,2026-04-03 00:00:00,bon rapport qualite prix,prix
V003146,38680,enquete,2026-03-06 00:00:00,les prix ont augmente,prix
V003147,26187,avis,2025-06-17 00:00:00,les prix ont augmente,prix
V003148,57655,chat,2026-06-10 00:00:00,le remboursement n arrive pas,retour
V003149,72738,reclamation,2025-09-28 00:00:00,bon rapport qualite prix,prix
V003150,17078,avis,2025-07-29 00:00:00,les prix ont augmente,prix
V003151,66900,enquete,2025-05-27 00:00:00,conseiller tres aimable et efficace,contact
V003152,50983,chat,2025-05-21 00:00:00,personne ne repond au telephone,contact
V003153,75352,avis,2025-08-16 00:00:00,delai de livraison beaucoup trop long,livraison
V003154,8172,reclamation,2026-08-08 00:00:00,la qualite n est pas au rendez vous,produit
V003155,68590,enquete,2026-02-14 00:00:00,la qualite n est pas au rendez vous,produit
V003156,43403,chat,2025-11-28 00:00:00,article conforme et solide,produit
V003157,54913,reclamation,2026-02-17 00:00:00,procedure de retour incomprehensible,retour
V003158,20707,reclamation,2026-06-26 00:00:00,promotion interessante ce mois ci,prix
V003159,47930,avis,2025-09-02 00:00:00,personne ne repond au telephone,contact
V003160,72744,chat,2026-01-20 00:00:00,promotion interessante ce mois ci,prix
V003161,19307,chat,2026-01-12 00:00:00,promotion interessante ce mois ci,prix
V003162,19487,chat,2026-07-19 00:00:00,le produit ne correspond pas a la photo,produit
V003163,34775,reclamation,2025-07-05 00:00:00,conseiller tres aimable et efficace,contact
V003164,60073,reclamation,2025-04-28 00:00:00,la qualite n est pas au rendez vous,produit
V003165,39240,enquete,2025-07-08 00:00:00,conseiller tres aimable et efficace,contact
V003166,54227,enquete,2025-06-02 00:00:00,la qualite n est pas au rendez vous,produit
V003167,26602,chat,2026-07-23 00:00:00,livraison pas rapide du tout,livraison
V003168,43994,reclamation,2026-05-28 00:00:00,promotion interessante ce mois ci,prix
V003169,8387,avis,2026-01-26 00:00:00,delai de livraison beaucoup trop long,livraison
V003170,4797,reclamation,2026-03-26 00:00:00,les prix ont augmente,prix
V003171,78589,chat,2026-06-10 00:00:00,promotion interessante ce mois ci,prix
V003172,10844,avis,2025-09-18 00:00:00,personne ne repond au telephone,contact
V003173,44215,enquete,2026-06-12 00:00:00,bon rapport qualite prix,prix
V003174,51408,avis,2026-01-31 00:00:00,les prix ont augmente,prix
V003175,20502,chat,2026-05-09 00:00:00,impossible de joindre le service client,contact
V003176,39620,avis,2025-05-21 00:00:00,procedure de retour incomprehensible,retour
V003177,4553,avis,2026-08-06 00:00:00,promotion interessante ce mois ci,prix
V003178,79595,avis,2025-09-13 00:00:00,impossible de retourner l article,retour
V003179,2258,chat,2026-01-12 00:00:00,conseiller tres aimable et efficace,contact
V003180,70674,reclamation,2025-04-18 00:00:00,article conforme et solide,produit
V003181,42737,chat,2025-10-13 00:00:00,livraison pas rapide du tout,livraison
V003182,1473,chat,2025-06-04 00:00:00,le remboursement n arrive pas,retour
V003183,58506,reclamation,2025-09-27 00:00:00,le colis est arrive en retard,livraison
V003184,37376,enquete,2026-05-03 00:00:00,impossible de joindre le service client,contact
V003185,24670,avis,2026-05-30 00:00:00,la qualite n est pas au rendez vous,produit
V003186,3272,enquete,2025-12-14 00:00:00,le remboursement n arrive pas,retour
V003187,73027,enquete,2025-05-02 00:00:00,le remboursement n arrive pas,retour
V003188,68997,reclamation,2026-03-30 00:00:00,livraison pas rapide du tout,livraison
V003189,62836,enquete,2026-06-21 00:00:00,la qualite n est pas au rendez vous,produit
V003190,37806,avis,2026-01-07 00:00:00,article conforme et solide,produit
V003191,25323,chat,2025-04-25 00:00:00,bon rapport qualite prix,prix
V003192,40386,avis,2025-07-04 00:00:00,la qualite n est pas au rendez vous,produit
V003193,16160,reclamation,2026-03-30 00:00:00,personne ne repond au telephone,contact
V003194,6618,enquete,2025-06-13 00:00:00,le produit ne correspond pas a la photo,produit
V003195,40840,reclamation,2025-09-21 00:00:00,bon rapport qualite prix,prix
V003196,26595,enquete,2026-01-26 00:00:00,la qualite n est pas au rendez vous,produit
V003197,13887,avis,2025-05-04 00:00:00,impossible de retourner l article,retour
V003198,10790,reclamation,2025-10-22 00:00:00,les prix ont augmente,prix
V003199,62362,enquete,2026-07-14 00:00:00,impossible de joindre le service client,contact
V003200,24454,avis,2025-09-30 00:00:00,les prix ont augmente,prix
V003201,3393,enquete,2026-03-18 00:00:00,la qualite n est pas au rendez vous,produit
V003202,16577,avis,2025-09-01 00:00:00,la qualite n est pas au rendez vous,produit
V003203,811,chat,2025-06-25 00:00:00,article conforme et solide,produit
V003204,19019,chat,2026-04-10 00:00:00,le colis est arrive en retard,livraison
V003205,4180,chat,2025-06-29 00:00:00,le produit ne correspond pas a la photo,produit
V003206,2162,avis,2025-11-17 00:00:00,personne ne repond au telephone,contact
V003207,47055,chat,2026-01-28 00:00:00,bon rapport qualite prix,prix
V003208,29668,reclamation,2025-10-06 00:00:00,le colis est arrive en retard,livraison
V003209,52880,avis,2026-03-28 00:00:00,le produit ne correspond pas a la photo,produit
V003210,15545,chat,2025-11-03 00:00:00,le colis est arrive en retard,livraison
V003211,73922,avis,2025-07-13 00:00:00,delai de livraison beaucoup trop long,livraison
V003212,16318,avis,2025-10-08 00:00:00,conseiller tres aimable et efficace,contact
V003213,72274,avis,2025-09-25 00:00:00,bon rapport qualite prix,prix
V003214,3201,enquete,2025-06-14 00:00:00,impossible de retourner l article,retour
V003215,13939,enquete,2026-02-26 00:00:00,la qualite n est pas au rendez vous,produit
V003216,47246,enquete,2025-08-26 00:00:00,le remboursement n arrive pas,retour
V003217,50221,chat,2025-06-16 00:00:00,impossible de joindre le service client,contact
V003218,40092,enquete,2026-02-07 00:00:00,impossible de retourner l article,retour
V003219,10206,enquete,2025-09-19 00:00:00,delai de livraison beaucoup trop long,livraison
V003220,8787,chat,2026-03-01 00:00:00,delai de livraison beaucoup trop long,livraison
V003221,76719,enquete,2026-06-15 00:00:00,livraison pas rapide du tout,livraison
V003222,69813,enquete,2026-04-09 00:00:00,livraison pas rapide du tout,livraison
V003223,63935,avis,2025-12-29 00:00:00,les prix ont augmente,prix
V003224,35934,reclamation,2025-10-14 00:00:00,livraison pas rapide du tout,livraison
V003225,44104,chat,2025-05-27 00:00:00,promotion interessante ce mois ci,prix
V003226,32477,enquete,2025-10-22 00:00:00,impossible de joindre le service client,contact
V003227,26055,enquete,2025-11-22 00:00:00,impossible de retourner l article,retour
V003228,32240,chat,2025-05-09 00:00:00,livraison pas rapide du tout,livraison
V003229,18139,reclamation,2026-01-29 00:00:00,les prix ont augmente,prix
V003230,73473,chat,2026-04-09 00:00:00,la qualite n est pas au rendez vous,produit
V003231,34923,avis,2026-03-08 00:00:00,livraison pas rapide du tout,livraison
V003232,41117,avis,2026-02-09 00:00:00,impossible de retourner l article,retour
V003233,64477,chat,2026-06-22 00:00:00,promotion interessante ce mois ci,prix
V003234,7736,chat,2025-10-26 00:00:00,le remboursement n arrive pas,retour
V003235,29229,enquete,2025-04-20 00:00:00,bon rapport qualite prix,prix
V003236,24733,chat,2025-11-28 00:00:00,le colis est arrive en retard,livraison
V003237,60974,reclamation,2026-04-06 00:00:00,le produit ne correspond pas a la photo,produit
V003238,22495,enquete,2026-01-20 00:00:00,conseiller tres aimable et efficace,contact
V003239,22600,enquete,2025-10-02 00:00:00,livraison pas rapide du tout,livraison
V003240,54254,reclamation,2026-04-05 00:00:00,promotion interessante ce mois ci,prix
V003241,12688,avis,2025-05-26 00:00:00,article conforme et solide,produit
V003242,55396,enquete,2026-07-03 00:00:00,delai de livraison beaucoup trop long,livraison
V003243,56536,reclamation,2025-05-29 00:00:00,delai de livraison beaucoup trop long,livraison
V003244,51174,reclamation,2026-07-22 00:00:00,le produit ne correspond pas a la photo,produit
V003245,1911,enquete,2026-05-31 00:00:00,les prix ont augmente,prix
V003246,73672,avis,2026-06-02 00:00:00,promotion interessante ce mois ci,prix
V003247,63045,chat,2026-08-07 00:00:00,article conforme et solide,produit
V003248,11199,avis,2025-10-25 00:00:00,conseiller tres aimable et efficace,contact
V003249,42973,reclamation,2026-06-14 00:00:00,delai de livraison beaucoup trop long,livraison
V003250,79578,chat,2026-07-06 00:00:00,le produit ne correspond pas a la photo,produit
V003251,31109,avis,2026-07-27 00:00:00,livraison pas rapide du tout,livraison
V003252,28308,chat,2025-11-06 00:00:00,les prix ont augmente,prix
V003253,73822,chat,2025-06-28 00:00:00,conseiller tres aimable et efficace,contact
V003254,59197,reclamation,2025-11-16 00:00:00,la qualite n est pas au rendez vous,produit
V003255,78830,reclamation,2026-04-26 00:00:00,article conforme et solide,produit
V003256,58506,enquete,2025-07-03 00:00:00,la qualite n est pas au rendez vous,produit
V003257,54663,reclamation,2026-07-31 00:00:00,article conforme et solide,produit
V003258,871,chat,2025-07-12 00:00:00,livraison pas rapide du tout,livraison
V003259,23937,chat,2026-05-10 00:00:00,les prix ont augmente,prix
V003260,15391,enquete,2025-11-16 00:00:00,le remboursement n arrive pas,retour
V003261,37740,chat,2025-07-06 00:00:00,livraison pas rapide du tout,livraison
V003262,14711,enquete,2025-12-25 00:00:00,conseiller tres aimable et efficace,contact
V003263,52864,enquete,2026-02-12 00:00:00,promotion interessante ce mois ci,prix
V003264,48629,chat,2025-07-18 00:00:00,delai de livraison beaucoup trop long,livraison
V003265,39779,enquete,2026-02-13 00:00:00,promotion interessante ce mois ci,prix
V003266,10878,reclamation,2025-12-22 00:00:00,le remboursement n arrive pas,retour
V003267,70465,avis,2026-04-15 00:00:00,conseiller tres aimable et efficace,contact
V003268,28820,enquete,2025-08-04 00:00:00,le produit ne correspond pas a la photo,produit
V003269,21073,chat,2025-10-23 00:00:00,la qualite n est pas au rendez vous,produit
V003270,76338,enquete,2026-06-22 00:00:00,le produit ne correspond pas a la photo,produit
V003271,312,reclamation,2025-10-15 00:00:00,livraison pas rapide du tout,livraison
V003272,71088,enquete,2025-11-07 00:00:00,la qualite n est pas au rendez vous,produit
V003273,64819,chat,2025-04-08 00:00:00,bon rapport qualite prix,prix
V003274,3312,chat,2026-02-08 00:00:00,le colis est arrive en retard,livraison
V003275,67815,reclamation,2025-05-17 00:00:00,livraison pas rapide du tout,livraison
V003276,29100,avis,2025-04-23 00:00:00,promotion interessante ce mois ci,prix
V003277,70706,avis,2026-01-27 00:00:00,le colis est arrive en retard,livraison
V003278,30791,chat,2025-12-19 00:00:00,le remboursement n arrive pas,retour
V003279,19029,chat,2026-04-24 00:00:00,bon rapport qualite prix,prix
V003280,23106,avis,2025-08-07 00:00:00,le colis est arrive en retard,livraison
V003281,5,enquete,2026-06-19 00:00:00,les prix ont augmente,prix
V003282,30627,reclamation,2026-02-05 00:00:00,la qualite n est pas au rendez vous,produit
V003283,25576,avis,2026-03-12 00:00:00,livraison pas rapide du tout,livraison
V003284,70069,enquete,2026-07-18 00:00:00,le remboursement n arrive pas,retour
V003285,66138,avis,2026-07-13 00:00:00,conseiller tres aimable et efficace,contact
V003286,74470,avis,2025-12-21 00:00:00,delai de livraison beaucoup trop long,livraison
V003287,6731,chat,2025-10-15 00:00:00,livraison pas rapide du tout,livraison
V003288,21606,reclamation,2025-07-26 00:00:00,personne ne repond au telephone,contact
V003289,51170,avis,2025-07-21 00:00:00,le produit ne correspond pas a la photo,produit
V003290,74344,avis,2025-08-19 00:00:00,delai de livraison beaucoup trop long,livraison
V003291,56289,enquete,2026-06-04 00:00:00,le colis est arrive en retard,livraison
V003292,51063,enquete,2025-07-26 00:00:00,delai de livraison beaucoup trop long,livraison
V003293,32139,chat,2025-06-18 00:00:00,conseiller tres aimable et efficace,contact
V003294,49266,enquete,2026-08-03 00:00:00,les prix ont augmente,prix
V003295,41696,enquete,2025-04-20 00:00:00,bon rapport qualite prix,prix
V003296,8935,chat,2025-04-09 00:00:00,impossible de joindre le service client,contact
V003297,55316,chat,2026-08-17 00:00:00,livraison pas rapide du tout,livraison
V003298,22078,chat,2025-07-16 00:00:00,procedure de retour incomprehensible,retour
V003299,13422,chat,2025-04-08 00:00:00,impossible de joindre le service client,contact
V003300,39623,avis,2026-07-24 00:00:00,conseiller tres aimable et efficace,contact
V003301,76399,avis,2026-01-15 00:00:00,le remboursement n arrive pas,retour
V003302,75521,reclamation,2026-01-28 00:00:00,les prix ont augmente,prix
V003303,1865,avis,2026-07-18 00:00:00,promotion interessante ce mois ci,prix
V003304,27801,avis,2025-10-12 00:00:00,personne ne repond au telephone,contact
V003305,56131,enquete,2025-11-10 00:00:00,personne ne repond au telephone,contact
V003306,22469,avis,2025-09-13 00:00:00,la qualite n est pas au rendez vous,produit
V003307,61960,reclamation,2025-04-18 00:00:00,livraison pas rapide du tout,livraison
V003308,26319,enquete,2026-01-01 00:00:00,procedure de retour incomprehensible,retour
V003309,14528,reclamation,2025-12-24 00:00:00,promotion interessante ce mois ci,prix
V003310,53994,chat,2025-10-27 00:00:00,livraison pas rapide du tout,livraison
V003311,1150,chat,2025-04-23 00:00:00,le remboursement n arrive pas,retour
V003312,11302,enquete,2026-03-11 00:00:00,le remboursement n arrive pas,retour
V003313,58838,chat,2026-02-25 00:00:00,le remboursement n arrive pas,retour
V003314,62437,chat,2025-08-18 00:00:00,personne ne repond au telephone,contact
V003315,49898,enquete,2025-09-09 00:00:00,promotion interessante ce mois ci,prix
V003316,48019,avis,2025-04-24 00:00:00,le remboursement n arrive pas,retour
V003317,71724,enquete,2026-04-10 00:00:00,promotion interessante ce mois ci,prix
V003318,72423,avis,2025-09-07 00:00:00,le produit ne correspond pas a la photo,produit
V003319,51464,reclamation,2026-01-07 00:00:00,la qualite n est pas au rendez vous,produit
V003320,31838,enquete,2026-01-15 00:00:00,procedure de retour incomprehensible,retour
V003321,73774,avis,2026-06-10 00:00:00,procedure de retour incomprehensible,retour
V003322,61728,enquete,2025-11-22 00:00:00,les prix ont augmente,prix
V003323,29434,chat,2026-07-28 00:00:00,impossible de retourner l article,retour
V003324,28211,chat,2026-02-27 00:00:00,bon rapport qualite prix,prix
V003325,9922,reclamation,2026-08-05 00:00:00,la qualite n est pas au rendez vous,produit
V003326,60795,avis,2025-12-30 00:00:00,le remboursement n arrive pas,retour
V003327,28730,avis,2025-06-16 00:00:00,impossible de joindre le service client,contact
V003328,52527,avis,2025-07-08 00:00:00,bon rapport qualite prix,prix
V003329,14827,avis,2025-09-20 00:00:00,bon rapport qualite prix,prix
V003330,15902,reclamation,2025-08-07 00:00:00,le produit ne correspond pas a la photo,produit
V003331,1481,avis,2025-07-23 00:00:00,le produit ne correspond pas a la photo,produit
V003332,14600,chat,2026-08-17 00:00:00,conseiller tres aimable et efficace,contact
V003333,33916,reclamation,2026-03-07 00:00:00,impossible de retourner l article,retour
V003334,5118,chat,2025-05-28 00:00:00,les prix ont augmente,prix
V003335,7005,avis,2026-02-22 00:00:00,article conforme et solide,produit
V003336,50817,chat,2026-06-08 00:00:00,procedure de retour incomprehensible,retour
V003337,542,reclamation,2025-05-18 00:00:00,les prix ont augmente,prix
V003338,57486,enquete,2025-11-01 00:00:00,impossible de joindre le service client,contact
V003339,66066,reclamation,2026-01-10 00:00:00,impossible de joindre le service client,contact
V003340,14284,chat,2025-12-26 00:00:00,delai de livraison beaucoup trop long,livraison
V003341,23807,enquete,2026-01-16 00:00:00,la qualite n est pas au rendez vous,produit
V003342,18735,chat,2026-05-18 00:00:00,personne ne repond au telephone,contact
V003343,68986,chat,2026-03-06 00:00:00,le produit ne correspond pas a la photo,produit
V003344,12818,reclamation,2025-06-22 00:00:00,le produit ne correspond pas a la photo,produit
V003345,36720,avis,2025-06-23 00:00:00,procedure de retour incomprehensible,retour
V003346,52334,avis,2025-10-29 00:00:00,bon rapport qualite prix,prix
V003347,30199,reclamation,2025-09-18 00:00:00,promotion interessante ce mois ci,prix
V003348,42529,reclamation,2025-11-27 00:00:00,article conforme et solide,produit
V003349,56645,reclamation,2025-12-05 00:00:00,conseiller tres aimable et efficace,contact
V003350,16979,avis,2026-08-07 00:00:00,livraison pas rapide du tout,livraison
V003351,40902,enquete,2025-06-13 00:00:00,article conforme et solide,produit
V003352,18141,reclamation,2026-02-05 00:00:00,le produit ne correspond pas a la photo,produit
V003353,30374,chat,2025-08-08 00:00:00,promotion interessante ce mois ci,prix
V003354,21136,avis,2025-05-13 00:00:00,bon rapport qualite prix,prix
V003355,21068,avis,2026-07-13 00:00:00,impossible de joindre le service client,contact
V003356,11815,reclamation,2026-01-29 00:00:00,impossible de retourner l article,retour
V003357,19589,avis,2025-09-21 00:00:00,le remboursement n arrive pas,retour
V003358,52647,avis,2025-12-20 00:00:00,livraison pas rapide du tout,livraison
V003359,73129,reclamation,2025-04-27 00:00:00,le colis est arrive en retard,livraison
V003360,64664,enquete,2026-06-11 00:00:00,procedure de retour incomprehensible,retour
V003361,78963,reclamation,2026-07-28 00:00:00,bon rapport qualite prix,prix
V003362,57203,avis,2026-07-17 00:00:00,le colis est arrive en retard,livraison
V003363,24698,chat,2025-05-19 00:00:00,promotion interessante ce mois ci,prix
V003364,63964,chat,2026-07-15 00:00:00,promotion interessante ce mois ci,prix
V003365,48010,enquete,2026-03-08 00:00:00,personne ne repond au telephone,contact
V003366,49979,avis,2025-10-03 00:00:00,le colis est arrive en retard,livraison
V003367,49563,reclamation,2025-05-26 00:00:00,article conforme et solide,produit
V003368,34638,avis,2025-07-02 00:00:00,delai de livraison beaucoup trop long,livraison
V003369,79378,reclamation,2025-04-23 00:00:00,les prix ont augmente,prix
V003370,63559,reclamation,2026-04-30 00:00:00,le produit ne correspond pas a la photo,produit
V003371,21228,reclamation,2025-09-12 00:00:00,impossible de retourner l article,retour
V003372,16692,avis,2026-02-11 00:00:00,article conforme et solide,produit
V003373,55849,reclamation,2026-05-07 00:00:00,le produit ne correspond pas a la photo,produit
V003374,70744,avis,2025-05-26 00:00:00,impossible de retourner l article,retour
V003375,3846,avis,2025-11-15 00:00:00,les prix ont augmente,prix
V003376,34923,enquete,2025-09-05 00:00:00,livraison pas rapide du tout,livraison
V003377,37682,enquete,2025-08-28 00:00:00,bon rapport qualite prix,prix
V003378,57984,enquete,2026-06-06 00:00:00,livraison pas rapide du tout,livraison
V003379,23341,enquete,2025-05-14 00:00:00,impossible de joindre le service client,contact
V003380,24039,reclamation,2025-12-28 00:00:00,livraison pas rapide du tout,livraison
V003381,72459,chat,2026-01-12 00:00:00,delai de livraison beaucoup trop long,livraison
V003382,28865,enquete,2026-07-21 00:00:00,le produit ne correspond pas a la photo,produit
V003383,15122,reclamation,2025-05-25 00:00:00,impossible de retourner l article,retour
V003384,13953,enquete,2026-05-01 00:00:00,personne ne repond au telephone,contact
V003385,69476,reclamation,2025-07-06 00:00:00,impossible de joindre le service client,contact
V003386,12245,reclamation,2025-10-13 00:00:00,conseiller tres aimable et efficace,contact
V003387,5374,chat,2025-07-03 00:00:00,le remboursement n arrive pas,retour
V003388,51780,avis,2026-03-24 00:00:00,bon rapport qualite prix,prix
V003389,13093,enquete,2025-05-23 00:00:00,conseiller tres aimable et efficace,contact
V003390,27992,chat,2025-10-23 00:00:00,impossible de retourner l article,retour
V003391,11979,avis,2026-05-07 00:00:00,la qualite n est pas au rendez vous,produit
V003392,72061,chat,2025-09-23 00:00:00,procedure de retour incomprehensible,retour
V003393,34904,avis,2026-03-23 00:00:00,conseiller tres aimable et efficace,contact
V003394,38478,avis,2025-11-21 00:00:00,procedure de retour incomprehensible,retour
V003395,68355,avis,2026-06-08 00:00:00,le remboursement n arrive pas,retour
V003396,4183,enquete,2025-07-01 00:00:00,les prix ont augmente,prix
V003397,75818,chat,2026-01-16 00:00:00,le produit ne correspond pas a la photo,produit
V003398,59478,chat,2025-08-09 00:00:00,impossible de retourner l article,retour
V003399,33345,chat,2025-12-28 00:00:00,le produit ne correspond pas a la photo,produit
V003400,10194,chat,2025-10-17 00:00:00,bon rapport qualite prix,prix
V003401,55267,reclamation,2026-02-14 00:00:00,le produit ne correspond pas a la photo,produit
V003402,44885,enquete,2026-05-13 00:00:00,le remboursement n arrive pas,retour
V003403,39431,avis,2026-04-14 00:00:00,conseiller tres aimable et efficace,contact
V003404,23931,chat,2025-11-29 00:00:00,delai de livraison beaucoup trop long,livraison
V003405,5798,chat,2025-04-27 00:00:00,article conforme et solide,produit
V003406,12721,chat,2026-08-06 00:00:00,le colis est arrive en retard,livraison
V003407,51904,avis,2026-05-16 00:00:00,impossible de joindre le service client,contact
V003408,39584,reclamation,2026-02-22 00:00:00,livraison pas rapide du tout,livraison
V003409,55490,enquete,2025-06-07 00:00:00,bon rapport qualite prix,prix
V003410,48795,avis,2025-08-01 00:00:00,personne ne repond au telephone,contact
V003411,68849,reclamation,2026-07-23 00:00:00,procedure de retour incomprehensible,retour
V003412,21849,reclamation,2026-08-18 00:00:00,procedure de retour incomprehensible,retour
V003413,55041,reclamation,2025-08-12 00:00:00,procedure de retour incomprehensible,retour
V003414,53406,chat,2026-06-29 00:00:00,impossible de joindre le service client,contact
V003415,65085,avis,2025-11-13 00:00:00,article conforme et solide,produit
V003416,61100,chat,2026-07-17 00:00:00,impossible de joindre le service client,contact
V003417,68526,avis,2025-07-21 00:00:00,delai de livraison beaucoup trop long,livraison
V003418,36194,reclamation,2026-04-07 00:00:00,personne ne repond au telephone,contact
V003419,5504,reclamation,2025-04-27 00:00:00,le colis est arrive en retard,livraison
V003420,77382,enquete,2025-10-07 00:00:00,bon rapport qualite prix,prix
V003421,64481,avis,2025-05-03 00:00:00,le produit ne correspond pas a la photo,produit
V003422,29603,chat,2025-04-10 00:00:00,procedure de retour incomprehensible,retour
V003423,51162,chat,2025-08-28 00:00:00,impossible de joindre le service client,contact
V003424,60458,reclamation,2026-04-26 00:00:00,le produit ne correspond pas a la photo,produit
V003425,27084,enquete,2026-05-07 00:00:00,le produit ne correspond pas a la photo,produit
V003426,71108,reclamation,2025-04-18 00:00:00,promotion interessante ce mois ci,prix
V003427,59857,reclamation,2025-10-24 00:00:00,conseiller tres aimable et efficace,contact
V003428,57690,avis,2025-07-18 00:00:00,le remboursement n arrive pas,retour
V003429,61046,avis,2026-02-21 00:00:00,les prix ont augmente,prix
V003430,6384,avis,2025-10-15 00:00:00,impossible de retourner l article,retour
V003431,79478,reclamation,2026-01-27 00:00:00,les prix ont augmente,prix
V003432,26819,enquete,2026-04-12 00:00:00,livraison pas rapide du tout,livraison
V003433,1785,chat,2025-09-19 00:00:00,personne ne repond au telephone,contact
V003434,78811,avis,2025-07-04 00:00:00,le colis est arrive en retard,livraison
V003435,7723,avis,2025-06-18 00:00:00,la qualite n est pas au rendez vous,produit
V003436,67802,avis,2026-07-31 00:00:00,conseiller tres aimable et efficace,contact
V003437,11264,enquete,2026-04-03 00:00:00,procedure de retour incomprehensible,retour
V003438,79763,reclamation,2025-08-24 00:00:00,delai de livraison beaucoup trop long,livraison
V003439,50755,avis,2026-03-19 00:00:00,les prix ont augmente,prix
V003440,53671,reclamation,2025-06-28 00:00:00,personne ne repond au telephone,contact
V003441,52635,enquete,2025-12-12 00:00:00,procedure de retour incomprehensible,retour
V003442,70293,enquete,2026-07-19 00:00:00,impossible de joindre le service client,contact
V003443,19722,chat,2025-12-20 00:00:00,impossible de retourner l article,retour
V003444,52160,enquete,2026-07-12 00:00:00,personne ne repond au telephone,contact
V003445,69450,reclamation,2026-05-17 00:00:00,promotion interessante ce mois ci,prix
V003446,28186,avis,2026-01-27 00:00:00,le remboursement n arrive pas,retour
V003447,32651,chat,2025-11-12 00:00:00,personne ne repond au telephone,contact
V003448,38474,reclamation,2026-07-11 00:00:00,impossible de joindre le service client,contact
V003449,65745,avis,2025-08-30 00:00:00,les prix ont augmente,prix
V003450,27834,enquete,2026-02-27 00:00:00,le colis est arrive en retard,livraison
V003451,58232,avis,2025-07-10 00:00:00,personne ne repond au telephone,contact
V003452,27602,chat,2026-02-22 00:00:00,livraison pas rapide du tout,livraison
V003453,72647,avis,2025-07-20 00:00:00,promotion interessante ce mois ci,prix
V003454,12801,enquete,2025-08-03 00:00:00,les prix ont augmente,prix
V003455,29716,reclamation,2026-04-02 00:00:00,impossible de retourner l article,retour
V003456,7797,avis,2026-08-12 00:00:00,promotion interessante ce mois ci,prix
V003457,51114,avis,2026-02-21 00:00:00,procedure de retour incomprehensible,retour
V003458,70913,avis,2025-08-29 00:00:00,livraison pas rapide du tout,livraison
V003459,43284,chat,2026-07-15 00:00:00,procedure de retour incomprehensible,retour
V003460,79561,enquete,2025-05-11 00:00:00,le remboursement n arrive pas,retour
V003461,18532,reclamation,2026-02-15 00:00:00,personne ne repond au telephone,contact
V003462,65429,enquete,2025-09-14 00:00:00,procedure de retour incomprehensible,retour
V003463,7389,reclamation,2025-11-23 00:00:00,promotion interessante ce mois ci,prix
V003464,38854,avis,2026-05-31 00:00:00,personne ne repond au telephone,contact
V003465,32800,avis,2026-05-21 00:00:00,le remboursement n arrive pas,retour
V003466,67743,enquete,2025-08-27 00:00:00,impossible de retourner l article,retour
V003467,43833,reclamation,2025-09-04 00:00:00,les prix ont augmente,prix
V003468,47422,reclamation,2025-12-20 00:00:00,promotion interessante ce mois ci,prix
V003469,54329,avis,2025-05-20 00:00:00,impossible de retourner l article,retour
V003470,39741,avis,2026-02-24 00:00:00,promotion interessante ce mois ci,prix
V003471,28960,avis,2025-09-05 00:00:00,la qualite n est pas au rendez vous,produit
V003472,32179,enquete,2025-11-08 00:00:00,le produit ne correspond pas a la photo,produit
V003473,41327,avis,2025-12-10 00:00:00,les prix ont augmente,prix
V003474,22406,reclamation,2025-11-20 00:00:00,article conforme et solide,produit
V003475,59354,avis,2026-04-19 00:00:00,le remboursement n arrive pas,retour
V003476,8094,avis,2025-05-04 00:00:00,la qualite n est pas au rendez vous,produit
V003477,55728,avis,2025-07-01 00:00:00,le produit ne correspond pas a la photo,produit
V003478,38741,enquete,2025-12-07 00:00:00,article conforme et solide,produit
V003479,2072,enquete,2026-02-21 00:00:00,impossible de joindre le service client,contact
V003480,44603,reclamation,2026-05-07 00:00:00,le remboursement n arrive pas,retour
V003481,8237,avis,2026-04-06 00:00:00,bon rapport qualite prix,prix
V003482,49779,chat,2025-05-31 00:00:00,personne ne repond au telephone,contact
V003483,21500,chat,2026-06-15 00:00:00,procedure de retour incomprehensible,retour
V003484,64244,reclamation,2026-01-06 00:00:00,delai de livraison beaucoup trop long,livraison
V003485,71214,avis,2025-12-03 00:00:00,promotion interessante ce mois ci,prix
V003486,36949,reclamation,2026-07-11 00:00:00,le remboursement n arrive pas,retour
V003487,30156,enquete,2026-06-19 00:00:00,bon rapport qualite prix,prix
V003488,2758,avis,2026-05-24 00:00:00,promotion interessante ce mois ci,prix
V003489,56067,enquete,2026-04-19 00:00:00,le produit ne correspond pas a la photo,produit
V003490,26305,chat,2026-07-05 00:00:00,conseiller tres aimable et efficace,contact
V003491,27652,enquete,2025-04-09 00:00:00,personne ne repond au telephone,contact
V003492,52476,enquete,2026-05-22 00:00:00,la qualite n est pas au rendez vous,produit
V003493,12405,avis,2026-05-22 00:00:00,le produit ne correspond pas a la photo,produit
V003494,44963,chat,2025-08-07 00:00:00,livraison pas rapide du tout,livraison
V003495,71090,reclamation,2025-12-06 00:00:00,impossible de joindre le service client,contact
V003496,33876,enquete,2026-06-25 00:00:00,procedure de retour incomprehensible,retour
V003497,4607,chat,2026-02-25 00:00:00,le produit ne correspond pas a la photo,produit
V003498,45094,avis,2026-03-25 00:00:00,procedure de retour incomprehensible,retour
V003499,23706,reclamation,2026-07-05 00:00:00,conseiller tres aimable et efficace,contact
V003500,70715,enquete,2025-08-22 00:00:00,impossible de joindre le service client,contact
V003501,46710,avis,2026-05-25 00:00:00,procedure de retour incomprehensible,retour
V003502,5977,avis,2026-01-26 00:00:00,procedure de retour incomprehensible,retour
V003503,57180,avis,2026-04-08 00:00:00,bon rapport qualite prix,prix
V003504,38222,enquete,2026-07-06 00:00:00,bon rapport qualite prix,prix
V003505,75455,avis,2025-04-15 00:00:00,le produit ne correspond pas a la photo,produit
V003506,6762,chat,2025-10-11 00:00:00,personne ne repond au telephone,contact
V003507,17955,reclamation,2025-12-20 00:00:00,article conforme et solide,produit
V003508,38511,enquete,2025-12-10 00:00:00,le produit ne correspond pas a la photo,produit
V003509,36929,avis,2026-02-06 00:00:00,procedure de retour incomprehensible,retour
V003510,44819,reclamation,2025-11-14 00:00:00,le produit ne correspond pas a la photo,produit
V003511,3296,reclamation,2026-08-05 00:00:00,conseiller tres aimable et efficace,contact
V003512,12979,avis,2025-09-18 00:00:00,impossible de joindre le service client,contact
V003513,3345,avis,2026-04-13 00:00:00,la qualite n est pas au rendez vous,produit
V003514,63744,avis,2026-04-25 00:00:00,impossible de retourner l article,retour
V003515,53883,avis,2026-01-29 00:00:00,bon rapport qualite prix,prix
V003516,25969,reclamation,2026-07-31 00:00:00,le produit ne correspond pas a la photo,produit
V003517,67982,chat,2026-02-20 00:00:00,procedure de retour incomprehensible,retour
V003518,4118,reclamation,2025-07-30 00:00:00,le remboursement n arrive pas,retour
V003519,48516,enquete,2025-04-09 00:00:00,promotion interessante ce mois ci,prix
V003520,74882,enquete,2026-03-13 00:00:00,impossible de joindre le service client,contact
V003521,67791,chat,2025-11-11 00:00:00,les prix ont augmente,prix
V003522,5191,enquete,2025-05-27 00:00:00,impossible de retourner l article,retour
V003523,47550,avis,2025-09-25 00:00:00,impossible de joindre le service client,contact
V003524,36805,chat,2025-08-28 00:00:00,delai de livraison beaucoup trop long,livraison
V003525,8347,chat,2025-09-05 00:00:00,impossible de joindre le service client,contact
V003526,37979,reclamation,2025-12-15 00:00:00,les prix ont augmente,prix
V003527,10923,chat,2026-05-16 00:00:00,procedure de retour incomprehensible,retour
V003528,18478,enquete,2026-04-20 00:00:00,la qualite n est pas au rendez vous,produit
V003529,61051,chat,2026-08-03 00:00:00,les prix ont augmente,prix
V003530,52107,avis,2026-03-18 00:00:00,article conforme et solide,produit
V003531,17613,avis,2026-06-15 00:00:00,article conforme et solide,produit
V003532,3614,avis,2025-04-12 00:00:00,la qualite n est pas au rendez vous,produit
V003533,30422,reclamation,2025-12-11 00:00:00,le remboursement n arrive pas,retour
V003534,72305,enquete,2025-10-07 00:00:00,les prix ont augmente,prix
V003535,12068,enquete,2025-05-29 00:00:00,article conforme et solide,produit
V003536,48226,enquete,2026-07-28 00:00:00,delai de livraison beaucoup trop long,livraison
V003537,15581,reclamation,2026-07-29 00:00:00,le remboursement n arrive pas,retour
V003538,13397,reclamation,2025-09-16 00:00:00,promotion interessante ce mois ci,prix
V003539,65082,enquete,2025-07-21 00:00:00,impossible de retourner l article,retour
V003540,60592,avis,2026-02-08 00:00:00,les prix ont augmente,prix
V003541,46476,enquete,2026-06-13 00:00:00,livraison pas rapide du tout,livraison
V003542,66699,enquete,2025-10-12 00:00:00,personne ne repond au telephone,contact
V003543,13628,enquete,2026-06-30 00:00:00,delai de livraison beaucoup trop long,livraison
V003544,74113,reclamation,2025-10-10 00:00:00,article conforme et solide,produit
V003545,20811,avis,2026-07-22 00:00:00,impossible de retourner l article,retour
V003546,64648,chat,2026-01-05 00:00:00,procedure de retour incomprehensible,retour
V003547,38129,reclamation,2025-08-30 00:00:00,la qualite n est pas au rendez vous,produit
V003548,51337,chat,2026-05-28 00:00:00,le colis est arrive en retard,livraison
V003549,54281,reclamation,2025-12-16 00:00:00,livraison pas rapide du tout,livraison
V003550,47632,chat,2025-08-10 00:00:00,livraison pas rapide du tout,livraison
V003551,52606,avis,2025-11-17 00:00:00,delai de livraison beaucoup trop long,livraison
V003552,50114,chat,2026-08-03 00:00:00,procedure de retour incomprehensible,retour
V003553,39326,enquete,2026-06-28 00:00:00,impossible de joindre le service client,contact
V003554,5866,reclamation,2026-05-12 00:00:00,conseiller tres aimable et efficace,contact
V003555,16369,chat,2025-06-04 00:00:00,la qualite n est pas au rendez vous,produit
V003556,35939,enquete,2026-07-11 00:00:00,promotion interessante ce mois ci,prix
V003557,73027,enquete,2026-06-17 00:00:00,bon rapport qualite prix,prix
V003558,15186,avis,2025-12-17 00:00:00,procedure de retour incomprehensible,retour
V003559,67478,enquete,2025-04-10 00:00:00,promotion interessante ce mois ci,prix
V003560,78992,enquete,2025-11-19 00:00:00,la qualite n est pas au rendez vous,produit
V003561,57025,enquete,2026-01-27 00:00:00,article conforme et solide,produit
V003562,728,chat,2025-09-14 00:00:00,article conforme et solide,produit
V003563,61403,chat,2025-05-15 00:00:00,conseiller tres aimable et efficace,contact
V003564,49821,avis,2026-01-13 00:00:00,le remboursement n arrive pas,retour
V003565,23799,enquete,2026-07-24 00:00:00,article conforme et solide,produit
V003566,38166,reclamation,2026-05-06 00:00:00,personne ne repond au telephone,contact
V003567,62109,reclamation,2025-08-13 00:00:00,article conforme et solide,produit
V003568,77115,reclamation,2025-07-04 00:00:00,les prix ont augmente,prix
V003569,9500,avis,2025-12-19 00:00:00,le produit ne correspond pas a la photo,produit
V003570,49703,avis,2026-07-25 00:00:00,bon rapport qualite prix,prix
V003571,6243,chat,2026-03-30 00:00:00,le colis est arrive en retard,livraison
V003572,67371,chat,2026-07-28 00:00:00,livraison pas rapide du tout,livraison
V003573,69367,chat,2026-01-11 00:00:00,conseiller tres aimable et efficace,contact
V003574,37975,chat,2025-08-07 00:00:00,le produit ne correspond pas a la photo,produit
V003575,57756,reclamation,2026-01-18 00:00:00,article conforme et solide,produit
V003576,41541,avis,2025-10-24 00:00:00,la qualite n est pas au rendez vous,produit
V003577,59198,chat,2025-05-06 00:00:00,conseiller tres aimable et efficace,contact
V003578,52800,avis,2025-08-09 00:00:00,delai de livraison beaucoup trop long,livraison
V003579,56136,reclamation,2025-05-13 00:00:00,le remboursement n arrive pas,retour
V003580,49470,enquete,2026-07-07 00:00:00,procedure de retour incomprehensible,retour
V003581,54546,chat,2025-11-21 00:00:00,delai de livraison beaucoup trop long,livraison
V003582,76546,reclamation,2025-06-25 00:00:00,personne ne repond au telephone,contact
V003583,48510,chat,2026-04-24 00:00:00,bon rapport qualite prix,prix
V003584,47969,enquete,2025-09-27 00:00:00,la qualite n est pas au rendez vous,produit
V003585,49095,reclamation,2026-01-31 00:00:00,promotion interessante ce mois ci,prix
V003586,27481,chat,2025-12-18 00:00:00,le produit ne correspond pas a la photo,produit
V003587,38280,reclamation,2026-05-21 00:00:00,personne ne repond au telephone,contact
V003588,61687,avis,2026-02-12 00:00:00,conseiller tres aimable et efficace,contact
V003589,32772,chat,2026-06-06 00:00:00,delai de livraison beaucoup trop long,livraison
V003590,47181,enquete,2025-08-01 00:00:00,promotion interessante ce mois ci,prix
V003591,51772,reclamation,2025-12-18 00:00:00,impossible de joindre le service client,contact
V003592,11887,reclamation,2025-07-24 00:00:00,la qualite n est pas au rendez vous,produit
V003593,4872,reclamation,2026-04-28 00:00:00,personne ne repond au telephone,contact
V003594,3290,avis,2026-07-06 00:00:00,conseiller tres aimable et efficace,contact
V003595,56434,reclamation,2025-07-28 00:00:00,les prix ont augmente,prix
V003596,28199,reclamation,2026-08-08 00:00:00,article conforme et solide,produit
V003597,3721,chat,2026-08-19 00:00:00,conseiller tres aimable et efficace,contact
V003598,32249,avis,2026-04-13 00:00:00,personne ne repond au telephone,contact
V003599,68562,avis,2025-08-27 00:00:00,conseiller tres aimable et efficace,contact
V003600,29670,avis,2025-06-12 00:00:00,delai de livraison beaucoup trop long,livraison
V003601,13000,enquete,2026-05-14 00:00:00,bon rapport qualite prix,prix
V003602,25472,avis,2025-11-20 00:00:00,la qualite n est pas au rendez vous,produit
V003603,14209,enquete,2025-12-02 00:00:00,les prix ont augmente,prix
V003604,20078,avis,2025-09-21 00:00:00,impossible de retourner l article,retour
V003605,75711,chat,2025-07-21 00:00:00,livraison pas rapide du tout,livraison
V003606,21394,chat,2026-05-19 00:00:00,procedure de retour incomprehensible,retour
V003607,20469,avis,2025-06-09 00:00:00,conseiller tres aimable et efficace,contact
V003608,41302,enquete,2025-12-21 00:00:00,article conforme et solide,produit
V003609,21274,enquete,2025-04-25 00:00:00,le produit ne correspond pas a la photo,produit
V003610,15870,enquete,2026-06-15 00:00:00,le produit ne correspond pas a la photo,produit
V003611,25497,enquete,2026-02-04 00:00:00,les prix ont augmente,prix
V003612,40396,reclamation,2026-06-24 00:00:00,impossible de joindre le service client,contact
V003613,12375,reclamation,2026-06-29 00:00:00,article conforme et solide,produit
V003614,44148,enquete,2026-06-11 00:00:00,le remboursement n arrive pas,retour
V003615,21281,reclamation,2025-12-29 00:00:00,delai de livraison beaucoup trop long,livraison
V003616,79726,reclamation,2026-01-03 00:00:00,le colis est arrive en retard,livraison
V003617,63049,enquete,2025-12-23 00:00:00,bon rapport qualite prix,prix
V003618,47029,chat,2025-08-17 00:00:00,impossible de retourner l article,retour
V003619,64036,avis,2026-04-06 00:00:00,article conforme et solide,produit
V003620,64120,chat,2026-06-19 00:00:00,bon rapport qualite prix,prix
V003621,36382,enquete,2026-05-03 00:00:00,impossible de joindre le service client,contact
V003622,76141,reclamation,2026-07-31 00:00:00,le colis est arrive en retard,livraison
V003623,67325,chat,2025-11-18 00:00:00,procedure de retour incomprehensible,retour
V003624,3229,avis,2025-06-23 00:00:00,procedure de retour incomprehensible,retour
V003625,15076,reclamation,2025-04-20 00:00:00,bon rapport qualite prix,prix
V003626,70411,enquete,2026-04-20 00:00:00,la qualite n est pas au rendez vous,produit
V003627,49834,enquete,2025-07-17 00:00:00,les prix ont augmente,prix
V003628,65432,avis,2026-07-05 00:00:00,bon rapport qualite prix,prix
V003629,49757,chat,2025-09-13 00:00:00,personne ne repond au telephone,contact
V003630,69494,enquete,2026-06-19 00:00:00,promotion interessante ce mois ci,prix
V003631,34956,avis,2025-09-18 00:00:00,livraison pas rapide du tout,livraison
V003632,23764,chat,2026-05-04 00:00:00,bon rapport qualite prix,prix
V003633,54086,enquete,2025-10-10 00:00:00,les prix ont augmente,prix
V003634,2440,chat,2026-08-01 00:00:00,conseiller tres aimable et efficace,contact
V003635,58969,chat,2026-05-15 00:00:00,delai de livraison beaucoup trop long,livraison
V003636,53242,enquete,2026-07-09 00:00:00,promotion interessante ce mois ci,prix
V003637,781,enquete,2026-06-24 00:00:00,delai de livraison beaucoup trop long,livraison
V003638,14471,chat,2025-05-19 00:00:00,impossible de joindre le service client,contact
V003639,71101,chat,2026-02-13 00:00:00,les prix ont augmente,prix
V003640,32755,reclamation,2025-06-07 00:00:00,conseiller tres aimable et efficace,contact
V003641,9435,reclamation,2026-08-19 00:00:00,bon rapport qualite prix,prix
V003642,64707,avis,2026-03-30 00:00:00,livraison pas rapide du tout,livraison
V003643,34375,chat,2026-07-17 00:00:00,impossible de joindre le service client,contact
V003644,57922,chat,2025-05-09 00:00:00,le remboursement n arrive pas,retour
V003645,46006,avis,2026-05-12 00:00:00,le produit ne correspond pas a la photo,produit
V003646,43493,reclamation,2026-06-04 00:00:00,bon rapport qualite prix,prix
V003647,76379,avis,2025-11-21 00:00:00,article conforme et solide,produit
V003648,10769,chat,2026-07-06 00:00:00,promotion interessante ce mois ci,prix
V003649,5515,reclamation,2025-12-10 00:00:00,delai de livraison beaucoup trop long,livraison
V003650,75660,enquete,2026-06-18 00:00:00,delai de livraison beaucoup trop long,livraison
V003651,66062,reclamation,2025-05-15 00:00:00,la qualite n est pas au rendez vous,produit
V003652,5641,chat,2026-07-16 00:00:00,promotion interessante ce mois ci,prix
V003653,7128,avis,2025-09-13 00:00:00,le colis est arrive en retard,livraison
V003654,54169,enquete,2025-10-30 00:00:00,impossible de joindre le service client,contact
V003655,4079,avis,2025-08-09 00:00:00,les prix ont augmente,prix
V003656,51072,chat,2026-08-15 00:00:00,bon rapport qualite prix,prix
V003657,63245,avis,2025-08-16 00:00:00,personne ne repond au telephone,contact
V003658,58444,enquete,2026-07-10 00:00:00,promotion interessante ce mois ci,prix
V003659,67373,chat,2025-04-18 00:00:00,promotion interessante ce mois ci,prix
V003660,45581,reclamation,2026-03-24 00:00:00,delai de livraison beaucoup trop long,livraison
V003661,10896,enquete,2026-03-14 00:00:00,la qualite n est pas au rendez vous,produit
V003662,66689,avis,2026-08-15 00:00:00,delai de livraison beaucoup trop long,livraison
V003663,79195,enquete,2025-06-10 00:00:00,conseiller tres aimable et efficace,contact
V003664,20278,reclamation,2026-04-10 00:00:00,le remboursement n arrive pas,retour
V003665,78131,reclamation,2026-03-01 00:00:00,article conforme et solide,produit
V003666,1050,avis,2025-07-04 00:00:00,delai de livraison beaucoup trop long,livraison
V003667,35733,reclamation,2026-04-22 00:00:00,le colis est arrive en retard,livraison
V003668,9784,avis,2025-11-14 00:00:00,le remboursement n arrive pas,retour
V003669,47536,reclamation,2025-06-07 00:00:00,impossible de joindre le service client,contact
V003670,13392,avis,2026-06-23 00:00:00,la qualite n est pas au rendez vous,produit
V003671,55634,enquete,2026-05-09 00:00:00,impossible de joindre le service client,contact
V003672,73712,chat,2025-08-06 00:00:00,impossible de joindre le service client,contact
V003673,49948,chat,2025-07-08 00:00:00,bon rapport qualite prix,prix
V003674,69644,reclamation,2026-01-02 00:00:00,livraison pas rapide du tout,livraison
V003675,40260,enquete,2025-08-26 00:00:00,article conforme et solide,produit
V003676,58970,enquete,2026-01-27 00:00:00,impossible de joindre le service client,contact
V003677,65798,reclamation,2026-04-14 00:00:00,personne ne repond au telephone,contact
V003678,11890,enquete,2025-06-05 00:00:00,article conforme et solide,produit
V003679,3350,avis,2026-02-11 00:00:00,le remboursement n arrive pas,retour
V003680,52587,reclamation,2026-03-14 00:00:00,le remboursement n arrive pas,retour
V003681,20929,chat,2026-05-10 00:00:00,impossible de retourner l article,retour
V003682,65282,chat,2025-06-13 00:00:00,impossible de joindre le service client,contact
V003683,72294,chat,2025-11-20 00:00:00,promotion interessante ce mois ci,prix
V003684,8847,enquete,2025-04-10 00:00:00,les prix ont augmente,prix
V003685,57782,reclamation,2025-10-07 00:00:00,livraison pas rapide du tout,livraison
V003686,27755,chat,2025-06-22 00:00:00,personne ne repond au telephone,contact
V003687,10771,reclamation,2025-07-26 00:00:00,personne ne repond au telephone,contact
V003688,62536,enquete,2026-03-12 00:00:00,delai de livraison beaucoup trop long,livraison
V003689,54663,enquete,2026-04-02 00:00:00,procedure de retour incomprehensible,retour
V003690,70706,enquete,2026-04-01 00:00:00,impossible de joindre le service client,contact
V003691,8578,enquete,2026-06-18 00:00:00,personne ne repond au telephone,contact
V003692,6943,avis,2026-05-17 00:00:00,conseiller tres aimable et efficace,contact
V003693,38654,reclamation,2026-07-23 00:00:00,le colis est arrive en retard,livraison
V003694,70939,avis,2025-11-11 00:00:00,livraison pas rapide du tout,livraison
V003695,50969,reclamation,2026-01-23 00:00:00,le remboursement n arrive pas,retour
V003696,74912,enquete,2026-06-15 00:00:00,procedure de retour incomprehensible,retour
V003697,1277,reclamation,2025-07-16 00:00:00,conseiller tres aimable et efficace,contact
V003698,54938,enquete,2025-10-16 00:00:00,procedure de retour incomprehensible,retour
V003699,30767,reclamation,2025-09-03 00:00:00,conseiller tres aimable et efficace,contact
V003700,38229,reclamation,2026-06-24 00:00:00,la qualite n est pas au rendez vous,produit
V003701,62008,avis,2026-04-04 00:00:00,promotion interessante ce mois ci,prix
V003702,14790,chat,2026-01-08 00:00:00,article conforme et solide,produit
V003703,51480,avis,2025-07-08 00:00:00,les prix ont augmente,prix
V003704,69141,chat,2025-08-09 00:00:00,bon rapport qualite prix,prix
V003705,75423,enquete,2026-03-25 00:00:00,article conforme et solide,produit
V003706,72762,reclamation,2025-12-29 00:00:00,conseiller tres aimable et efficace,contact
V003707,37858,enquete,2026-06-22 00:00:00,bon rapport qualite prix,prix
V003708,42336,avis,2026-06-21 00:00:00,le colis est arrive en retard,livraison
V003709,6512,avis,2025-09-29 00:00:00,bon rapport qualite prix,prix
V003710,44479,avis,2025-07-13 00:00:00,livraison pas rapide du tout,livraison
V003711,75142,reclamation,2025-06-01 00:00:00,le produit ne correspond pas a la photo,produit
V003712,19111,enquete,2026-05-02 00:00:00,la qualite n est pas au rendez vous,produit
V003713,5458,reclamation,2026-02-02 00:00:00,la qualite n est pas au rendez vous,produit
V003714,46041,avis,2026-06-30 00:00:00,le remboursement n arrive pas,retour
V003715,60086,enquete,2025-06-15 00:00:00,impossible de joindre le service client,contact
V003716,56985,avis,2025-06-24 00:00:00,bon rapport qualite prix,prix
V003717,24139,avis,2025-12-14 00:00:00,promotion interessante ce mois ci,prix
V003718,5116,chat,2025-10-03 00:00:00,impossible de retourner l article,retour
V003719,65638,chat,2026-07-19 00:00:00,le remboursement n arrive pas,retour
V003720,50764,avis,2025-08-12 00:00:00,article conforme et solide,produit
V003721,16768,avis,2026-03-12 00:00:00,conseiller tres aimable et efficace,contact
V003722,41020,enquete,2026-04-29 00:00:00,le colis est arrive en retard,livraison
V003723,79985,avis,2026-08-16 00:00:00,delai de livraison beaucoup trop long,livraison
V003724,71053,chat,2026-03-09 00:00:00,le colis est arrive en retard,livraison
V003725,28309,enquete,2025-08-31 00:00:00,personne ne repond au telephone,contact
V003726,24690,enquete,2025-06-03 00:00:00,bon rapport qualite prix,prix
V003727,23184,reclamation,2025-09-13 00:00:00,impossible de joindre le service client,contact
V003728,13893,enquete,2026-07-01 00:00:00,conseiller tres aimable et efficace,contact
V003729,10107,enquete,2025-04-26 00:00:00,personne ne repond au telephone,contact
V003730,32662,avis,2025-04-08 00:00:00,delai de livraison beaucoup trop long,livraison
V003731,49789,avis,2025-04-10 00:00:00,article conforme et solide,produit
V003732,11844,enquete,2026-01-16 00:00:00,conseiller tres aimable et efficace,contact
V003733,50914,reclamation,2026-02-22 00:00:00,conseiller tres aimable et efficace,contact
V003734,63705,enquete,2026-05-13 00:00:00,article conforme et solide,produit
V003735,19228,avis,2025-07-15 00:00:00,personne ne repond au telephone,contact
V003736,15325,reclamation,2026-05-10 00:00:00,la qualite n est pas au rendez vous,produit
V003737,3014,enquete,2026-02-08 00:00:00,la qualite n est pas au rendez vous,produit
V003738,78352,chat,2026-01-20 00:00:00,article conforme et solide,produit
V003739,70503,chat,2026-07-14 00:00:00,bon rapport qualite prix,prix
V003740,74230,enquete,2025-11-02 00:00:00,conseiller tres aimable et efficace,contact
V003741,73633,avis,2026-03-01 00:00:00,le produit ne correspond pas a la photo,produit
V003742,22855,enquete,2026-01-08 00:00:00,le produit ne correspond pas a la photo,produit
V003743,32944,reclamation,2025-10-21 00:00:00,le produit ne correspond pas a la photo,produit
V003744,29546,avis,2026-02-26 00:00:00,impossible de joindre le service client,contact
V003745,78633,chat,2026-05-07 00:00:00,promotion interessante ce mois ci,prix
V003746,79237,avis,2025-11-25 00:00:00,impossible de retourner l article,retour
V003747,46990,reclamation,2025-06-20 00:00:00,impossible de joindre le service client,contact
V003748,21499,enquete,2026-07-10 00:00:00,livraison pas rapide du tout,livraison
V003749,16612,avis,2025-06-04 00:00:00,impossible de retourner l article,retour
V003750,14795,reclamation,2026-08-16 00:00:00,impossible de retourner l article,retour
V003751,12663,reclamation,2025-11-18 00:00:00,article conforme et solide,produit
V003752,69619,avis,2026-02-15 00:00:00,le remboursement n arrive pas,retour
V003753,7895,enquete,2025-11-04 00:00:00,le colis est arrive en retard,livraison
V003754,41173,avis,2026-07-18 00:00:00,procedure de retour incomprehensible,retour
V003755,70409,avis,2025-05-07 00:00:00,le colis est arrive en retard,livraison
V003756,79882,avis,2026-04-29 00:00:00,article conforme et solide,produit
V003757,62343,chat,2026-03-03 00:00:00,conseiller tres aimable et efficace,contact
V003758,76081,enquete,2026-02-08 00:00:00,personne ne repond au telephone,contact
V003759,10768,avis,2026-01-28 00:00:00,bon rapport qualite prix,prix
V003760,68280,enquete,2026-04-28 00:00:00,procedure de retour incomprehensible,retour
V003761,46023,chat,2026-05-21 00:00:00,article conforme et solide,produit
V003762,22939,chat,2025-08-05 00:00:00,le produit ne correspond pas a la photo,produit
V003763,64773,reclamation,2025-07-25 00:00:00,impossible de retourner l article,retour
V003764,16984,reclamation,2025-07-06 00:00:00,livraison pas rapide du tout,livraison
V003765,65144,chat,2025-10-06 00:00:00,le produit ne correspond pas a la photo,produit
V003766,30453,enquete,2025-06-23 00:00:00,impossible de retourner l article,retour
V003767,75679,enquete,2025-12-26 00:00:00,conseiller tres aimable et efficace,contact
V003768,53150,enquete,2026-08-11 00:00:00,delai de livraison beaucoup trop long,livraison
V003769,26827,reclamation,2026-06-16 00:00:00,la qualite n est pas au rendez vous,produit
V003770,67994,avis,2025-07-06 00:00:00,impossible de joindre le service client,contact
V003771,26188,avis,2025-04-25 00:00:00,delai de livraison beaucoup trop long,livraison
V003772,39407,avis,2025-11-06 00:00:00,livraison pas rapide du tout,livraison
V003773,62425,avis,2026-02-28 00:00:00,impossible de retourner l article,retour
V003774,45075,enquete,2026-05-28 00:00:00,personne ne repond au telephone,contact
V003775,35344,avis,2026-03-07 00:00:00,article conforme et solide,produit
V003776,13250,enquete,2026-01-19 00:00:00,procedure de retour incomprehensible,retour
V003777,60808,chat,2025-09-07 00:00:00,la qualite n est pas au rendez vous,produit
V003778,26118,reclamation,2026-04-04 00:00:00,impossible de joindre le service client,contact
V003779,59537,chat,2026-02-13 00:00:00,delai de livraison beaucoup trop long,livraison
V003780,14814,reclamation,2026-05-12 00:00:00,livraison pas rapide du tout,livraison
V003781,20936,avis,2025-10-21 00:00:00,impossible de retourner l article,retour
V003782,28638,enquete,2026-05-30 00:00:00,le colis est arrive en retard,livraison
V003783,68149,enquete,2026-03-13 00:00:00,promotion interessante ce mois ci,prix
V003784,64576,reclamation,2025-08-07 00:00:00,le colis est arrive en retard,livraison
V003785,58765,chat,2026-03-21 00:00:00,promotion interessante ce mois ci,prix
V003786,48475,reclamation,2025-12-02 00:00:00,les prix ont augmente,prix
V003787,20268,avis,2026-03-15 00:00:00,livraison pas rapide du tout,livraison
V003788,45777,chat,2025-12-09 00:00:00,conseiller tres aimable et efficace,contact
V003789,30587,enquete,2026-03-10 00:00:00,conseiller tres aimable et efficace,contact
V003790,32994,chat,2026-02-27 00:00:00,le remboursement n arrive pas,retour
V003791,6227,reclamation,2025-04-30 00:00:00,livraison pas rapide du tout,livraison
V003792,43712,chat,2025-12-21 00:00:00,livraison pas rapide du tout,livraison
V003793,19037,chat,2025-06-05 00:00:00,le remboursement n arrive pas,retour
V003794,30394,reclamation,2025-12-25 00:00:00,le remboursement n arrive pas,retour
V003795,58333,reclamation,2025-08-06 00:00:00,conseiller tres aimable et efficace,contact
V003796,12409,enquete,2026-05-23 00:00:00,personne ne repond au telephone,contact
V003797,26681,avis,2025-09-20 00:00:00,le remboursement n arrive pas,retour
V003798,37364,enquete,2026-05-19 00:00:00,impossible de retourner l article,retour
V003799,25265,reclamation,2025-12-22 00:00:00,livraison pas rapide du tout,livraison
V003800,24833,reclamation,2025-08-12 00:00:00,impossible de retourner l article,retour
V003801,49588,chat,2025-06-21 00:00:00,le produit ne correspond pas a la photo,produit
V003802,36328,enquete,2026-08-01 00:00:00,les prix ont augmente,prix
V003803,23913,enquete,2025-06-15 00:00:00,impossible de retourner l article,retour
V003804,28701,avis,2025-12-02 00:00:00,impossible de joindre le service client,contact
V003805,15758,avis,2026-03-04 00:00:00,impossible de retourner l article,retour
V003806,79093,enquete,2026-07-13 00:00:00,le remboursement n arrive pas,retour
V003807,5701,reclamation,2025-11-02 00:00:00,les prix ont augmente,prix
V003808,10877,avis,2025-06-21 00:00:00,impossible de joindre le service client,contact
V003809,56675,reclamation,2025-08-25 00:00:00,le remboursement n arrive pas,retour
V003810,4180,enquete,2025-06-14 00:00:00,delai de livraison beaucoup trop long,livraison
V003811,43938,chat,2026-05-27 00:00:00,conseiller tres aimable et efficace,contact
V003812,21830,avis,2025-11-26 00:00:00,conseiller tres aimable et efficace,contact
V003813,41956,avis,2025-06-27 00:00:00,article conforme et solide,produit
V003814,29681,reclamation,2026-07-16 00:00:00,personne ne repond au telephone,contact
V003815,44019,reclamation,2026-02-13 00:00:00,la qualite n est pas au rendez vous,produit
V003816,49164,reclamation,2026-05-10 00:00:00,delai de livraison beaucoup trop long,livraison
V003817,35226,enquete,2026-01-12 00:00:00,le remboursement n arrive pas,retour
V003818,2983,enquete,2025-10-31 00:00:00,la qualite n est pas au rendez vous,produit
V003819,9965,chat,2026-01-20 00:00:00,le remboursement n arrive pas,retour
V003820,7914,avis,2026-02-09 00:00:00,impossible de retourner l article,retour
V003821,51670,reclamation,2025-05-08 00:00:00,le colis est arrive en retard,livraison
V003822,63917,enquete,2025-05-28 00:00:00,le produit ne correspond pas a la photo,produit
V003823,1278,chat,2025-06-25 00:00:00,impossible de joindre le service client,contact
V003824,16584,avis,2026-08-04 00:00:00,promotion interessante ce mois ci,prix
V003825,2163,reclamation,2026-07-26 00:00:00,impossible de joindre le service client,contact
V003826,24590,reclamation,2025-09-14 00:00:00,le produit ne correspond pas a la photo,produit
V003827,1898,chat,2026-08-12 00:00:00,article conforme et solide,produit
V003828,54943,avis,2026-01-08 00:00:00,la qualite n est pas au rendez vous,produit
V003829,42766,avis,2025-10-04 00:00:00,impossible de retourner l article,retour
V003830,67718,reclamation,2026-07-26 00:00:00,procedure de retour incomprehensible,retour
V003831,6667,reclamation,2026-03-12 00:00:00,promotion interessante ce mois ci,prix
V003832,61576,chat,2025-12-07 00:00:00,delai de livraison beaucoup trop long,livraison
V003833,61076,reclamation,2025-07-11 00:00:00,procedure de retour incomprehensible,retour
V003834,22719,enquete,2025-08-29 00:00:00,le produit ne correspond pas a la photo,produit
V003835,9387,reclamation,2026-01-04 00:00:00,le produit ne correspond pas a la photo,produit
V003836,42304,enquete,2025-08-24 00:00:00,le produit ne correspond pas a la photo,produit
V003837,48539,chat,2026-07-14 00:00:00,personne ne repond au telephone,contact
V003838,47658,reclamation,2026-06-21 00:00:00,impossible de joindre le service client,contact
V003839,76078,chat,2026-07-21 00:00:00,livraison pas rapide du tout,livraison
V003840,9792,enquete,2026-02-05 00:00:00,le remboursement n arrive pas,retour
V003841,36601,avis,2026-01-29 00:00:00,le remboursement n arrive pas,retour
V003842,6081,avis,2025-09-26 00:00:00,le colis est arrive en retard,livraison
V003843,61143,enquete,2026-05-13 00:00:00,les prix ont augmente,prix
V003844,25464,chat,2026-02-02 00:00:00,bon rapport qualite prix,prix
V003845,77291,chat,2025-05-04 00:00:00,les prix ont augmente,prix
V003846,21094,enquete,2026-04-08 00:00:00,delai de livraison beaucoup trop long,livraison
V003847,19009,chat,2026-01-08 00:00:00,les prix ont augmente,prix
V003848,58577,reclamation,2026-02-18 00:00:00,impossible de retourner l article,retour
V003849,600,reclamation,2026-04-08 00:00:00,procedure de retour incomprehensible,retour
V003850,48709,avis,2025-10-17 00:00:00,le produit ne correspond pas a la photo,produit
V003851,16980,enquete,2025-07-08 00:00:00,procedure de retour incomprehensible,retour
V003852,33678,avis,2026-03-14 00:00:00,impossible de joindre le service client,contact
V003853,15480,avis,2025-06-02 00:00:00,promotion interessante ce mois ci,prix
V003854,28312,chat,2026-02-22 00:00:00,procedure de retour incomprehensible,retour
V003855,5635,reclamation,2025-08-26 00:00:00,le remboursement n arrive pas,retour
V003856,22015,enquete,2026-06-28 00:00:00,personne ne repond au telephone,contact
V003857,58281,enquete,2025-12-31 00:00:00,livraison pas rapide du tout,livraison
V003858,32983,avis,2025-04-20 00:00:00,procedure de retour incomprehensible,retour
V003859,47440,enquete,2026-04-19 00:00:00,personne ne repond au telephone,contact
V003860,30849,chat,2025-05-30 00:00:00,le colis est arrive en retard,livraison
V003861,59197,avis,2025-04-15 00:00:00,livraison pas rapide du tout,livraison
V003862,67792,enquete,2025-07-02 00:00:00,impossible de joindre le service client,contact
V003863,67777,enquete,2025-04-27 00:00:00,personne ne repond au telephone,contact
V003864,36107,enquete,2026-02-15 00:00:00,article conforme et solide,produit
V003865,25863,reclamation,2025-08-15 00:00:00,le remboursement n arrive pas,retour
V003866,28797,reclamation,2026-01-14 00:00:00,delai de livraison beaucoup trop long,livraison
V003867,64615,reclamation,2026-08-06 00:00:00,livraison pas rapide du tout,livraison
V003868,50921,chat,2026-01-28 00:00:00,personne ne repond au telephone,contact
V003869,49226,chat,2025-12-02 00:00:00,le colis est arrive en retard,livraison
V003870,55730,enquete,2025-05-27 00:00:00,le colis est arrive en retard,livraison
V003871,39625,avis,2026-05-27 00:00:00,les prix ont augmente,prix
V003872,17955,reclamation,2025-09-01 00:00:00,les prix ont augmente,prix
V003873,24774,reclamation,2025-12-14 00:00:00,livraison pas rapide du tout,livraison
V003874,54475,reclamation,2026-04-15 00:00:00,impossible de retourner l article,retour
V003875,70586,reclamation,2025-06-30 00:00:00,le colis est arrive en retard,livraison
V003876,66564,chat,2026-02-16 00:00:00,impossible de retourner l article,retour
V003877,28156,chat,2025-04-17 00:00:00,la qualite n est pas au rendez vous,produit
V003878,58693,avis,2025-12-22 00:00:00,bon rapport qualite prix,prix
V003879,51138,enquete,2025-11-06 00:00:00,le colis est arrive en retard,livraison
V003880,28490,reclamation,2026-07-09 00:00:00,la qualite n est pas au rendez vous,produit
V003881,64325,chat,2025-10-27 00:00:00,procedure de retour incomprehensible,retour
V003882,71590,reclamation,2025-06-15 00:00:00,le produit ne correspond pas a la photo,produit
V003883,46666,chat,2026-04-27 00:00:00,les prix ont augmente,prix
V003884,21559,reclamation,2025-05-07 00:00:00,la qualite n est pas au rendez vous,produit
V003885,76501,chat,2026-05-29 00:00:00,bon rapport qualite prix,prix
V003886,77606,reclamation,2026-05-07 00:00:00,personne ne repond au telephone,contact
V003887,21914,chat,2026-07-24 00:00:00,le produit ne correspond pas a la photo,produit
V003888,12173,enquete,2026-07-19 00:00:00,article conforme et solide,produit
V003889,13457,reclamation,2026-07-06 00:00:00,bon rapport qualite prix,prix
V003890,30320,enquete,2026-01-22 00:00:00,les prix ont augmente,prix
V003891,61360,chat,2026-01-21 00:00:00,impossible de joindre le service client,contact
V003892,44300,reclamation,2025-09-12 00:00:00,procedure de retour incomprehensible,retour
V003893,76586,enquete,2026-07-22 00:00:00,la qualite n est pas au rendez vous,produit
V003894,15792,reclamation,2025-05-14 00:00:00,les prix ont augmente,prix
V003895,56073,chat,2026-03-26 00:00:00,le colis est arrive en retard,livraison
V003896,2543,chat,2026-07-24 00:00:00,le produit ne correspond pas a la photo,produit
V003897,56962,reclamation,2025-11-19 00:00:00,conseiller tres aimable et efficace,contact
V003898,64777,reclamation,2026-02-07 00:00:00,le remboursement n arrive pas,retour
V003899,4644,avis,2025-12-21 00:00:00,impossible de retourner l article,retour
V003900,42389,reclamation,2025-06-28 00:00:00,le produit ne correspond pas a la photo,produit
V003901,42705,enquete,2025-08-15 00:00:00,impossible de joindre le service client,contact
V003902,77414,chat,2025-10-21 00:00:00,article conforme et solide,produit
V003903,62625,chat,2026-02-18 00:00:00,la qualite n est pas au rendez vous,produit
V003904,76583,enquete,2025-12-18 00:00:00,promotion interessante ce mois ci,prix
V003905,18149,avis,2025-12-06 00:00:00,personne ne repond au telephone,contact
V003906,23816,avis,2026-08-02 00:00:00,le colis est arrive en retard,livraison
V003907,56015,chat,2026-03-19 00:00:00,conseiller tres aimable et efficace,contact
V003908,58939,reclamation,2025-07-23 00:00:00,procedure de retour incomprehensible,retour
V003909,46379,enquete,2026-04-27 00:00:00,le colis est arrive en retard,livraison
V003910,77396,reclamation,2026-04-29 00:00:00,la qualite n est pas au rendez vous,produit
V003911,67494,reclamation,2025-12-23 00:00:00,promotion interessante ce mois ci,prix
V003912,61730,chat,2026-02-01 00:00:00,le remboursement n arrive pas,retour
V003913,23420,avis,2025-08-14 00:00:00,le produit ne correspond pas a la photo,produit
V003914,48982,reclamation,2025-11-27 00:00:00,le produit ne correspond pas a la photo,produit
V003915,26412,avis,2026-06-19 00:00:00,le colis est arrive en retard,livraison
V003916,53810,chat,2026-07-24 00:00:00,article conforme et solide,produit
V003917,54594,enquete,2026-08-19 00:00:00,conseiller tres aimable et efficace,contact
V003918,48243,enquete,2026-01-02 00:00:00,la qualite n est pas au rendez vous,produit
V003919,48657,reclamation,2025-08-19 00:00:00,la qualite n est pas au rendez vous,produit
V003920,57193,reclamation,2025-11-11 00:00:00,les prix ont augmente,prix
V003921,18262,enquete,2025-06-13 00:00:00,promotion interessante ce mois ci,prix
V003922,54102,avis,2026-07-14 00:00:00,le colis est arrive en retard,livraison
V003923,52050,chat,2026-06-30 00:00:00,le remboursement n arrive pas,retour
V003924,65840,reclamation,2025-09-14 00:00:00,impossible de retourner l article,retour
V003925,57119,enquete,2025-11-13 00:00:00,procedure de retour incomprehensible,retour
V003926,25625,enquete,2026-03-23 00:00:00,article conforme et solide,produit
V003927,4925,enquete,2025-12-24 00:00:00,impossible de joindre le service client,contact
V003928,79292,enquete,2026-03-09 00:00:00,le produit ne correspond pas a la photo,produit
V003929,25546,enquete,2026-05-30 00:00:00,impossible de joindre le service client,contact
V003930,26592,reclamation,2025-11-15 00:00:00,livraison pas rapide du tout,livraison
V003931,48895,avis,2026-03-12 00:00:00,personne ne repond au telephone,contact
V003932,26928,avis,2026-07-22 00:00:00,impossible de joindre le service client,contact
V003933,10633,enquete,2025-04-08 00:00:00,procedure de retour incomprehensible,retour
V003934,63351,avis,2025-12-04 00:00:00,bon rapport qualite prix,prix
V003935,35171,avis,2026-05-26 00:00:00,bon rapport qualite prix,prix
V003936,34358,chat,2025-12-01 00:00:00,le colis est arrive en retard,livraison
V003937,750,reclamation,2025-06-28 00:00:00,impossible de joindre le service client,contact
V003938,27796,reclamation,2026-01-04 00:00:00,impossible de joindre le service client,contact
V003939,58400,enquete,2025-10-03 00:00:00,personne ne repond au telephone,contact
V003940,20403,avis,2025-09-18 00:00:00,les prix ont augmente,prix
V003941,67276,enquete,2026-03-10 00:00:00,impossible de joindre le service client,contact
V003942,11829,enquete,2025-04-11 00:00:00,bon rapport qualite prix,prix
V003943,51426,chat,2026-07-20 00:00:00,delai de livraison beaucoup trop long,livraison
V003944,34434,chat,2025-12-16 00:00:00,delai de livraison beaucoup trop long,livraison
V003945,60654,avis,2025-04-10 00:00:00,le colis est arrive en retard,livraison
V003946,2871,avis,2025-07-18 00:00:00,les prix ont augmente,prix
V003947,8145,reclamation,2025-07-09 00:00:00,le produit ne correspond pas a la photo,produit
V003948,10653,reclamation,2026-05-12 00:00:00,la qualite n est pas au rendez vous,produit
V003949,76421,enquete,2026-03-07 00:00:00,procedure de retour incomprehensible,retour
V003950,38042,chat,2025-06-10 00:00:00,promotion interessante ce mois ci,prix
V003951,72791,chat,2026-03-18 00:00:00,la qualite n est pas au rendez vous,produit
V003952,20575,chat,2025-11-13 00:00:00,article conforme et solide,produit
V003953,55876,avis,2026-07-20 00:00:00,promotion interessante ce mois ci,prix
V003954,53833,chat,2026-06-29 00:00:00,le remboursement n arrive pas,retour
V003955,31186,avis,2026-01-21 00:00:00,procedure de retour incomprehensible,retour
V003956,45298,enquete,2025-08-09 00:00:00,personne ne repond au telephone,contact
V003957,43226,avis,2025-08-26 00:00:00,livraison pas rapide du tout,livraison
V003958,32884,enquete,2026-05-24 00:00:00,livraison pas rapide du tout,livraison
V003959,14797,chat,2025-04-20 00:00:00,article conforme et solide,produit
V003960,61015,enquete,2026-04-12 00:00:00,livraison pas rapide du tout,livraison
V003961,66842,avis,2026-05-07 00:00:00,les prix ont augmente,prix
V003962,1699,reclamation,2025-09-20 00:00:00,livraison pas rapide du tout,livraison
V003963,74199,reclamation,2026-07-16 00:00:00,le colis est arrive en retard,livraison
V003964,42583,enquete,2025-07-30 00:00:00,personne ne repond au telephone,contact
V003965,5394,enquete,2025-10-28 00:00:00,le remboursement n arrive pas,retour
V003966,47496,chat,2025-07-11 00:00:00,bon rapport qualite prix,prix
V003967,23803,avis,2025-11-15 00:00:00,impossible de joindre le service client,contact
V003968,64961,enquete,2026-03-02 00:00:00,procedure de retour incomprehensible,retour
V003969,63238,avis,2026-06-14 00:00:00,delai de livraison beaucoup trop long,livraison
V003970,28451,enquete,2026-04-22 00:00:00,la qualite n est pas au rendez vous,produit
V003971,40755,enquete,2025-04-11 00:00:00,livraison pas rapide du tout,livraison
V003972,38590,reclamation,2025-08-13 00:00:00,le remboursement n arrive pas,retour
V003973,49485,reclamation,2025-11-23 00:00:00,promotion interessante ce mois ci,prix
V003974,19476,reclamation,2025-11-29 00:00:00,bon rapport qualite prix,prix
V003975,71050,chat,2026-01-24 00:00:00,conseiller tres aimable et efficace,contact
V003976,37084,avis,2025-05-01 00:00:00,livraison pas rapide du tout,livraison
V003977,45830,chat,2025-10-24 00:00:00,la qualite n est pas au rendez vous,produit
V003978,16007,enquete,2026-06-30 00:00:00,impossible de joindre le service client,contact
V003979,16227,avis,2026-07-16 00:00:00,le produit ne correspond pas a la photo,produit
V003980,71790,enquete,2025-08-30 00:00:00,la qualite n est pas au rendez vous,produit
V003981,18509,chat,2025-05-29 00:00:00,livraison pas rapide du tout,livraison
V003982,29035,avis,2026-03-30 00:00:00,livraison pas rapide du tout,livraison
V003983,23731,avis,2025-04-30 00:00:00,procedure de retour incomprehensible,retour
V003984,44721,chat,2026-06-22 00:00:00,impossible de retourner l article,retour
V003985,69613,reclamation,2026-07-31 00:00:00,le produit ne correspond pas a la photo,produit
V003986,48270,reclamation,2025-08-04 00:00:00,la qualite n est pas au rendez vous,produit
V003987,27843,chat,2025-11-13 00:00:00,la qualite n est pas au rendez vous,produit
V003988,18660,chat,2025-10-18 00:00:00,promotion interessante ce mois ci,prix
V003989,40437,avis,2025-08-15 00:00:00,le produit ne correspond pas a la photo,produit
V003990,6689,reclamation,2026-03-18 00:00:00,livraison pas rapide du tout,livraison
V003991,30115,enquete,2026-05-14 00:00:00,conseiller tres aimable et efficace,contact
V003992,30999,avis,2026-02-09 00:00:00,promotion interessante ce mois ci,prix
V003993,68493,enquete,2026-05-31 00:00:00,le remboursement n arrive pas,retour
V003994,2811,reclamation,2025-12-01 00:00:00,impossible de joindre le service client,contact
V003995,48407,enquete,2026-05-09 00:00:00,le colis est arrive en retard,livraison
V003996,44618,chat,2025-05-31 00:00:00,delai de livraison beaucoup trop long,livraison
V003997,1467,enquete,2026-07-30 00:00:00,personne ne repond au telephone,contact
V003998,1003,avis,2025-06-21 00:00:00,delai de livraison beaucoup trop long,livraison
V003999,71800,chat,2026-03-24 00:00:00,personne ne repond au telephone,contact
V004000,68866,chat,2025-06-18 00:00:00,personne ne repond au telephone,contact
V004001,28041,reclamation,2025-09-02 00:00:00,impossible de retourner l article,retour
V004002,17547,chat,2026-03-12 00:00:00,article conforme et solide,produit
V004003,69701,enquete,2025-07-15 00:00:00,livraison pas rapide du tout,livraison
V004004,24908,enquete,2025-07-11 00:00:00,le colis est arrive en retard,livraison
V004005,54759,avis,2025-12-03 00:00:00,le produit ne correspond pas a la photo,produit
V004006,40711,chat,2025-10-01 00:00:00,bon rapport qualite prix,prix
V004007,48090,enquete,2026-03-09 00:00:00,conseiller tres aimable et efficace,contact
V004008,16645,chat,2025-06-24 00:00:00,promotion interessante ce mois ci,prix
V004009,62621,chat,2026-06-27 00:00:00,promotion interessante ce mois ci,prix
V004010,21833,chat,2025-08-01 00:00:00,article conforme et solide,produit
V004011,35794,avis,2026-01-11 00:00:00,le remboursement n arrive pas,retour
V004012,40486,enquete,2026-02-03 00:00:00,promotion interessante ce mois ci,prix
V004013,23408,reclamation,2026-06-05 00:00:00,livraison pas rapide du tout,livraison
V004014,26533,chat,2026-05-15 00:00:00,le remboursement n arrive pas,retour
V004015,18005,avis,2025-08-04 00:00:00,le colis est arrive en retard,livraison
V004016,67581,avis,2025-04-30 00:00:00,personne ne repond au telephone,contact
V004017,34395,chat,2026-08-03 00:00:00,conseiller tres aimable et efficace,contact
V004018,57157,avis,2026-05-25 00:00:00,conseiller tres aimable et efficace,contact
V004019,71702,avis,2025-07-09 00:00:00,les prix ont augmente,prix
V004020,5094,reclamation,2026-03-24 00:00:00,conseiller tres aimable et efficace,contact
V004021,74072,chat,2025-06-07 00:00:00,bon rapport qualite prix,prix
V004022,25304,avis,2026-05-04 00:00:00,personne ne repond au telephone,contact
V004023,47959,chat,2026-03-04 00:00:00,personne ne repond au telephone,contact
V004024,56703,chat,2026-04-10 00:00:00,promotion interessante ce mois ci,prix
V004025,37635,enquete,2026-05-23 00:00:00,delai de livraison beaucoup trop long,livraison
V004026,29617,chat,2025-08-17 00:00:00,procedure de retour incomprehensible,retour
V004027,33281,reclamation,2026-07-28 00:00:00,impossible de joindre le service client,contact
V004028,76378,chat,2026-01-16 00:00:00,impossible de joindre le service client,contact
V004029,66294,chat,2026-07-01 00:00:00,promotion interessante ce mois ci,prix
V004030,1210,enquete,2026-02-24 00:00:00,conseiller tres aimable et efficace,contact
V004031,49222,chat,2025-07-04 00:00:00,la qualite n est pas au rendez vous,produit
V004032,79899,chat,2025-05-29 00:00:00,conseiller tres aimable et efficace,contact
V004033,5181,avis,2025-09-22 00:00:00,le produit ne correspond pas a la photo,produit
V004034,71929,avis,2025-05-06 00:00:00,impossible de joindre le service client,contact
V004035,39615,chat,2026-07-13 00:00:00,les prix ont augmente,prix
V004036,9096,chat,2025-08-16 00:00:00,promotion interessante ce mois ci,prix
V004037,79000,reclamation,2026-07-15 00:00:00,le remboursement n arrive pas,retour
V004038,58229,chat,2025-04-13 00:00:00,personne ne repond au telephone,contact
V004039,76824,reclamation,2026-05-12 00:00:00,personne ne repond au telephone,contact
V004040,71109,avis,2026-08-11 00:00:00,article conforme et solide,produit
V004041,75241,chat,2026-05-03 00:00:00,impossible de joindre le service client,contact
V004042,26805,reclamation,2026-07-08 00:00:00,livraison pas rapide du tout,livraison
V004043,63600,avis,2025-08-23 00:00:00,procedure de retour incomprehensible,retour
V004044,62316,avis,2025-08-27 00:00:00,bon rapport qualite prix,prix
V004045,55594,chat,2026-06-30 00:00:00,procedure de retour incomprehensible,retour
V004046,71015,enquete,2025-11-05 00:00:00,le colis est arrive en retard,livraison
V004047,14790,enquete,2026-06-22 00:00:00,les prix ont augmente,prix
V004048,71064,chat,2025-11-16 00:00:00,la qualite n est pas au rendez vous,produit
V004049,22896,reclamation,2025-05-11 00:00:00,procedure de retour incomprehensible,retour
V004050,79213,enquete,2025-05-27 00:00:00,conseiller tres aimable et efficace,contact
V004051,24976,chat,2025-07-16 00:00:00,les prix ont augmente,prix
V004052,19820,chat,2025-08-01 00:00:00,bon rapport qualite prix,prix
V004053,12134,enquete,2025-10-02 00:00:00,personne ne repond au telephone,contact
V004054,59907,enquete,2025-04-25 00:00:00,la qualite n est pas au rendez vous,produit
V004055,11640,avis,2026-03-16 00:00:00,le colis est arrive en retard,livraison
V004056,34698,chat,2026-06-04 00:00:00,la qualite n est pas au rendez vous,produit
V004057,75014,chat,2025-10-29 00:00:00,les prix ont augmente,prix
V004058,48091,avis,2026-03-19 00:00:00,le produit ne correspond pas a la photo,produit
V004059,33368,reclamation,2026-03-01 00:00:00,procedure de retour incomprehensible,retour
V004060,68302,reclamation,2025-12-03 00:00:00,personne ne repond au telephone,contact
V004061,25667,reclamation,2026-07-05 00:00:00,le remboursement n arrive pas,retour
V004062,66534,enquete,2025-10-07 00:00:00,conseiller tres aimable et efficace,contact
V004063,19047,enquete,2026-06-23 00:00:00,impossible de retourner l article,retour
V004064,45500,chat,2026-08-14 00:00:00,promotion interessante ce mois ci,prix
V004065,14616,avis,2026-07-27 00:00:00,personne ne repond au telephone,contact
V004066,50946,avis,2026-06-11 00:00:00,les prix ont augmente,prix
V004067,3468,chat,2026-02-03 00:00:00,personne ne repond au telephone,contact
V004068,603,enquete,2025-09-21 00:00:00,bon rapport qualite prix,prix
V004069,14269,avis,2026-02-07 00:00:00,delai de livraison beaucoup trop long,livraison
V004070,41975,chat,2026-03-06 00:00:00,article conforme et solide,produit
V004071,46,reclamation,2025-05-12 00:00:00,le remboursement n arrive pas,retour
V004072,55435,chat,2026-03-11 00:00:00,procedure de retour incomprehensible,retour
V004073,4517,enquete,2026-05-19 00:00:00,impossible de retourner l article,retour
V004074,69722,enquete,2026-01-01 00:00:00,le produit ne correspond pas a la photo,produit
V004075,27331,avis,2026-01-20 00:00:00,le colis est arrive en retard,livraison
V004076,35749,avis,2025-11-04 00:00:00,le produit ne correspond pas a la photo,produit
V004077,55157,chat,2025-10-11 00:00:00,article conforme et solide,produit
V004078,8178,enquete,2026-02-25 00:00:00,le colis est arrive en retard,livraison
V004079,17830,reclamation,2025-08-20 00:00:00,delai de livraison beaucoup trop long,livraison
V004080,7902,enquete,2025-09-30 00:00:00,delai de livraison beaucoup trop long,livraison
V004081,12181,reclamation,2025-11-03 00:00:00,promotion interessante ce mois ci,prix
V004082,51498,reclamation,2025-07-14 00:00:00,delai de livraison beaucoup trop long,livraison
V004083,22675,avis,2025-05-14 00:00:00,les prix ont augmente,prix
V004084,11652,avis,2025-08-18 00:00:00,le produit ne correspond pas a la photo,produit
V004085,26187,reclamation,2025-05-18 00:00:00,delai de livraison beaucoup trop long,livraison
V004086,40155,enquete,2025-08-31 00:00:00,le colis est arrive en retard,livraison
V004087,76158,reclamation,2025-04-15 00:00:00,impossible de retourner l article,retour
V004088,69676,avis,2025-11-14 00:00:00,le produit ne correspond pas a la photo,produit
V004089,24133,enquete,2025-07-03 00:00:00,la qualite n est pas au rendez vous,produit
V004090,45958,avis,2025-08-25 00:00:00,bon rapport qualite prix,prix
V004091,20000,enquete,2025-04-24 00:00:00,la qualite n est pas au rendez vous,produit
V004092,19810,chat,2025-07-01 00:00:00,conseiller tres aimable et efficace,contact
V004093,23724,chat,2025-06-24 00:00:00,les prix ont augmente,prix
V004094,67762,reclamation,2026-05-01 00:00:00,procedure de retour incomprehensible,retour
V004095,42267,avis,2025-09-08 00:00:00,le remboursement n arrive pas,retour
V004096,25362,avis,2026-02-13 00:00:00,impossible de retourner l article,retour
V004097,72381,enquete,2025-12-26 00:00:00,les prix ont augmente,prix
V004098,64216,enquete,2026-04-09 00:00:00,procedure de retour incomprehensible,retour
V004099,50215,reclamation,2025-11-28 00:00:00,article conforme et solide,produit
V004100,16662,reclamation,2026-07-13 00:00:00,livraison pas rapide du tout,livraison
V004101,41028,chat,2025-05-04 00:00:00,impossible de joindre le service client,contact
V004102,19064,enquete,2026-07-02 00:00:00,bon rapport qualite prix,prix
V004103,42528,enquete,2025-05-13 00:00:00,la qualite n est pas au rendez vous,produit
V004104,46206,avis,2025-12-12 00:00:00,impossible de joindre le service client,contact
V004105,12119,enquete,2026-08-10 00:00:00,les prix ont augmente,prix
V004106,73273,avis,2026-03-02 00:00:00,impossible de retourner l article,retour
V004107,67766,enquete,2026-02-27 00:00:00,impossible de retourner l article,retour
V004108,42078,avis,2025-08-29 00:00:00,le colis est arrive en retard,livraison
V004109,67011,reclamation,2026-08-08 00:00:00,procedure de retour incomprehensible,retour
V004110,20835,enquete,2026-05-16 00:00:00,conseiller tres aimable et efficace,contact
V004111,26922,enquete,2025-09-21 00:00:00,promotion interessante ce mois ci,prix
V004112,12684,avis,2026-07-30 00:00:00,la qualite n est pas au rendez vous,produit
V004113,37745,enquete,2025-12-19 00:00:00,delai de livraison beaucoup trop long,livraison
V004114,16886,chat,2025-12-01 00:00:00,article conforme et solide,produit
V004115,1762,chat,2026-01-16 00:00:00,les prix ont augmente,prix
V004116,74114,chat,2026-05-02 00:00:00,la qualite n est pas au rendez vous,produit
V004117,33019,enquete,2025-11-28 00:00:00,delai de livraison beaucoup trop long,livraison
V004118,14892,avis,2025-12-09 00:00:00,promotion interessante ce mois ci,prix
V004119,66656,reclamation,2025-05-10 00:00:00,le remboursement n arrive pas,retour
V004120,6531,avis,2025-04-30 00:00:00,bon rapport qualite prix,prix
V004121,44942,chat,2025-04-27 00:00:00,personne ne repond au telephone,contact
V004122,56958,enquete,2025-09-14 00:00:00,personne ne repond au telephone,contact
V004123,6157,chat,2026-05-27 00:00:00,impossible de retourner l article,retour
V004124,35128,chat,2025-07-26 00:00:00,article conforme et solide,produit
V004125,45288,chat,2026-05-13 00:00:00,le remboursement n arrive pas,retour
V004126,13205,avis,2026-01-26 00:00:00,delai de livraison beaucoup trop long,livraison
V004127,70313,reclamation,2026-05-12 00:00:00,la qualite n est pas au rendez vous,produit
V004128,20014,enquete,2025-10-09 00:00:00,le produit ne correspond pas a la photo,produit
V004129,50293,reclamation,2026-05-01 00:00:00,les prix ont augmente,prix
V004130,19117,avis,2026-07-15 00:00:00,promotion interessante ce mois ci,prix
V004131,29839,chat,2026-02-14 00:00:00,la qualite n est pas au rendez vous,produit
V004132,28194,chat,2026-02-06 00:00:00,promotion interessante ce mois ci,prix
V004133,47013,chat,2025-07-08 00:00:00,la qualite n est pas au rendez vous,produit
V004134,25708,reclamation,2026-02-10 00:00:00,personne ne repond au telephone,contact
V004135,43961,reclamation,2025-10-30 00:00:00,le remboursement n arrive pas,retour
V004136,75584,avis,2025-11-14 00:00:00,procedure de retour incomprehensible,retour
V004137,7490,enquete,2026-01-01 00:00:00,personne ne repond au telephone,contact
V004138,54265,enquete,2025-12-14 00:00:00,promotion interessante ce mois ci,prix
V004139,2968,enquete,2026-07-07 00:00:00,le remboursement n arrive pas,retour
V004140,17469,chat,2025-05-22 00:00:00,impossible de joindre le service client,contact
V004141,12591,reclamation,2025-05-18 00:00:00,promotion interessante ce mois ci,prix
V004142,28405,reclamation,2026-02-18 00:00:00,le colis est arrive en retard,livraison
V004143,74942,reclamation,2025-05-14 00:00:00,procedure de retour incomprehensible,retour
V004144,3665,avis,2025-11-12 00:00:00,delai de livraison beaucoup trop long,livraison
V004145,57784,avis,2026-05-26 00:00:00,le produit ne correspond pas a la photo,produit
V004146,31231,chat,2025-10-26 00:00:00,delai de livraison beaucoup trop long,livraison
V004147,52331,reclamation,2025-04-08 00:00:00,article conforme et solide,produit
V004148,7623,avis,2026-06-11 00:00:00,procedure de retour incomprehensible,retour
V004149,54018,reclamation,2025-10-19 00:00:00,bon rapport qualite prix,prix
V004150,34386,reclamation,2025-07-12 00:00:00,personne ne repond au telephone,contact
V004151,57267,reclamation,2025-08-20 00:00:00,livraison pas rapide du tout,livraison
V004152,30413,enquete,2025-07-22 00:00:00,conseiller tres aimable et efficace,contact
V004153,63989,enquete,2025-06-25 00:00:00,les prix ont augmente,prix
V004154,3012,avis,2025-07-01 00:00:00,conseiller tres aimable et efficace,contact
V004155,34242,reclamation,2026-04-15 00:00:00,promotion interessante ce mois ci,prix
V004156,2482,avis,2025-12-22 00:00:00,le produit ne correspond pas a la photo,produit
V004157,26502,avis,2025-08-28 00:00:00,le remboursement n arrive pas,retour
V004158,20526,reclamation,2025-09-24 00:00:00,le colis est arrive en retard,livraison
V004159,69404,avis,2026-06-03 00:00:00,le remboursement n arrive pas,retour
V004160,76013,avis,2026-04-28 00:00:00,bon rapport qualite prix,prix
V004161,35400,enquete,2026-04-12 00:00:00,procedure de retour incomprehensible,retour
V004162,37684,avis,2026-07-12 00:00:00,le remboursement n arrive pas,retour
V004163,37408,enquete,2025-07-31 00:00:00,personne ne repond au telephone,contact
V004164,42514,chat,2025-12-09 00:00:00,impossible de joindre le service client,contact
V004165,49914,reclamation,2026-02-11 00:00:00,impossible de retourner l article,retour
V004166,10690,enquete,2026-05-15 00:00:00,bon rapport qualite prix,prix
V004167,34823,reclamation,2026-04-29 00:00:00,les prix ont augmente,prix
V004168,31503,enquete,2026-04-21 00:00:00,livraison pas rapide du tout,livraison
V004169,15294,chat,2026-01-11 00:00:00,delai de livraison beaucoup trop long,livraison
V004170,71074,chat,2026-03-09 00:00:00,le colis est arrive en retard,livraison
V004171,24479,avis,2026-04-07 00:00:00,promotion interessante ce mois ci,prix
V004172,32265,chat,2026-03-10 00:00:00,le remboursement n arrive pas,retour
V004173,44854,enquete,2025-12-17 00:00:00,le produit ne correspond pas a la photo,produit
V004174,76513,chat,2026-04-21 00:00:00,promotion interessante ce mois ci,prix
V004175,35911,enquete,2025-12-13 00:00:00,la qualite n est pas au rendez vous,produit
V004176,54598,enquete,2025-12-17 00:00:00,bon rapport qualite prix,prix
V004177,15181,reclamation,2026-06-27 00:00:00,article conforme et solide,produit
V004178,34215,chat,2025-10-29 00:00:00,le produit ne correspond pas a la photo,produit
V004179,61038,reclamation,2026-04-07 00:00:00,le remboursement n arrive pas,retour
V004180,242,enquete,2026-01-12 00:00:00,procedure de retour incomprehensible,retour
V004181,26739,chat,2025-07-06 00:00:00,le remboursement n arrive pas,retour
V004182,13681,avis,2026-07-08 00:00:00,promotion interessante ce mois ci,prix
V004183,18246,avis,2026-04-08 00:00:00,procedure de retour incomprehensible,retour
V004184,3473,avis,2026-05-23 00:00:00,le remboursement n arrive pas,retour
V004185,18274,avis,2026-03-25 00:00:00,le remboursement n arrive pas,retour
V004186,55333,reclamation,2025-10-19 00:00:00,le produit ne correspond pas a la photo,produit
V004187,30036,avis,2026-05-23 00:00:00,la qualite n est pas au rendez vous,produit
V004188,37910,chat,2025-10-13 00:00:00,delai de livraison beaucoup trop long,livraison
V004189,78908,avis,2025-06-17 00:00:00,le colis est arrive en retard,livraison
V004190,40372,chat,2026-07-09 00:00:00,le colis est arrive en retard,livraison
V004191,65759,avis,2025-09-12 00:00:00,article conforme et solide,produit
V004192,9586,enquete,2025-12-06 00:00:00,le colis est arrive en retard,livraison
V004193,62069,enquete,2026-04-15 00:00:00,le remboursement n arrive pas,retour
V004194,59380,avis,2025-04-20 00:00:00,impossible de retourner l article,retour
V004195,53286,enquete,2025-07-21 00:00:00,impossible de retourner l article,retour
V004196,58752,chat,2026-07-27 00:00:00,promotion interessante ce mois ci,prix
V004197,57191,chat,2026-03-21 00:00:00,le colis est arrive en retard,livraison
V004198,75110,enquete,2025-09-28 00:00:00,personne ne repond au telephone,contact
V004199,27178,reclamation,2026-04-10 00:00:00,bon rapport qualite prix,prix
V004200,58395,chat,2026-08-07 00:00:00,les prix ont augmente,prix
V004201,10813,chat,2025-08-12 00:00:00,les prix ont augmente,prix
V004202,34655,reclamation,2025-12-21 00:00:00,les prix ont augmente,prix
V004203,1039,chat,2026-05-30 00:00:00,impossible de retourner l article,retour
V004204,39440,enquete,2026-07-18 00:00:00,la qualite n est pas au rendez vous,produit
V004205,7130,enquete,2025-12-31 00:00:00,la qualite n est pas au rendez vous,produit
V004206,17396,enquete,2026-07-20 00:00:00,la qualite n est pas au rendez vous,produit
V004207,6589,reclamation,2025-11-18 00:00:00,personne ne repond au telephone,contact
V004208,1869,enquete,2025-12-13 00:00:00,promotion interessante ce mois ci,prix
V004209,51645,reclamation,2026-06-17 00:00:00,article conforme et solide,produit
V004210,67892,reclamation,2025-07-08 00:00:00,les prix ont augmente,prix
V004211,47127,reclamation,2026-02-05 00:00:00,impossible de retourner l article,retour
V004212,6268,enquete,2026-03-30 00:00:00,bon rapport qualite prix,prix
V004213,17233,reclamation,2026-03-22 00:00:00,article conforme et solide,produit
V004214,73556,reclamation,2025-09-11 00:00:00,les prix ont augmente,prix
V004215,76646,chat,2026-06-08 00:00:00,le colis est arrive en retard,livraison
V004216,24193,chat,2026-04-14 00:00:00,bon rapport qualite prix,prix
V004217,11825,avis,2026-03-03 00:00:00,livraison pas rapide du tout,livraison
V004218,42430,avis,2026-04-22 00:00:00,conseiller tres aimable et efficace,contact
V004219,43937,chat,2025-11-21 00:00:00,le produit ne correspond pas a la photo,produit
V004220,8809,chat,2025-05-30 00:00:00,bon rapport qualite prix,prix
V004221,74169,avis,2026-05-09 00:00:00,impossible de retourner l article,retour
V004222,76984,avis,2025-09-09 00:00:00,la qualite n est pas au rendez vous,produit
V004223,45685,enquete,2026-05-12 00:00:00,impossible de joindre le service client,contact
V004224,77414,avis,2025-12-14 00:00:00,la qualite n est pas au rendez vous,produit
V004225,72951,reclamation,2026-07-02 00:00:00,le colis est arrive en retard,livraison
V004226,37920,avis,2026-03-25 00:00:00,les prix ont augmente,prix
V004227,59780,chat,2025-11-10 00:00:00,impossible de joindre le service client,contact
V004228,71782,chat,2026-06-22 00:00:00,le produit ne correspond pas a la photo,produit
V004229,38062,enquete,2026-06-16 00:00:00,le remboursement n arrive pas,retour
V004230,58292,chat,2025-07-29 00:00:00,le colis est arrive en retard,livraison
V004231,69559,avis,2025-09-27 00:00:00,livraison pas rapide du tout,livraison
V004232,47457,avis,2026-03-06 00:00:00,impossible de joindre le service client,contact
V004233,54533,chat,2026-07-30 00:00:00,livraison pas rapide du tout,livraison
V004234,40959,avis,2025-07-16 00:00:00,le produit ne correspond pas a la photo,produit
V004235,70940,avis,2025-05-23 00:00:00,procedure de retour incomprehensible,retour
V004236,69971,enquete,2025-10-05 00:00:00,impossible de retourner l article,retour
V004237,49293,chat,2026-02-21 00:00:00,livraison pas rapide du tout,livraison
V004238,31717,reclamation,2025-06-17 00:00:00,bon rapport qualite prix,prix
V004239,77825,enquete,2025-10-04 00:00:00,impossible de retourner l article,retour
V004240,63382,enquete,2026-07-23 00:00:00,le colis est arrive en retard,livraison
V004241,19728,chat,2026-06-08 00:00:00,impossible de joindre le service client,contact
V004242,19397,enquete,2025-05-15 00:00:00,le produit ne correspond pas a la photo,produit
V004243,16822,avis,2025-08-06 00:00:00,le remboursement n arrive pas,retour
V004244,4262,avis,2025-09-06 00:00:00,article conforme et solide,produit
V004245,3064,reclamation,2026-07-29 00:00:00,le colis est arrive en retard,livraison
V004246,40146,enquete,2026-03-16 00:00:00,la qualite n est pas au rendez vous,produit
V004247,67293,avis,2025-04-25 00:00:00,le produit ne correspond pas a la photo,produit
V004248,61282,reclamation,2025-08-02 00:00:00,promotion interessante ce mois ci,prix
V004249,21293,avis,2025-09-12 00:00:00,la qualite n est pas au rendez vous,produit
V004250,50398,reclamation,2025-11-05 00:00:00,la qualite n est pas au rendez vous,produit
V004251,61669,enquete,2026-07-05 00:00:00,promotion interessante ce mois ci,prix
V004252,19604,reclamation,2026-04-25 00:00:00,le colis est arrive en retard,livraison
V004253,36286,enquete,2025-06-19 00:00:00,le remboursement n arrive pas,retour
V004254,72571,enquete,2025-06-07 00:00:00,livraison pas rapide du tout,livraison
V004255,25584,chat,2025-10-08 00:00:00,procedure de retour incomprehensible,retour
V004256,18743,enquete,2026-03-11 00:00:00,les prix ont augmente,prix
V004257,66272,chat,2026-05-03 00:00:00,le remboursement n arrive pas,retour
V004258,2058,enquete,2025-12-13 00:00:00,article conforme et solide,produit
V004259,1725,chat,2025-04-26 00:00:00,les prix ont augmente,prix
V004260,45771,enquete,2025-07-12 00:00:00,conseiller tres aimable et efficace,contact
V004261,41836,enquete,2026-05-23 00:00:00,article conforme et solide,produit
V004262,5031,chat,2025-12-27 00:00:00,la qualite n est pas au rendez vous,produit
V004263,21893,reclamation,2025-05-31 00:00:00,le remboursement n arrive pas,retour
V004264,43100,reclamation,2025-06-28 00:00:00,le produit ne correspond pas a la photo,produit
V004265,24723,chat,2026-07-14 00:00:00,procedure de retour incomprehensible,retour
V004266,59685,enquete,2025-06-01 00:00:00,le remboursement n arrive pas,retour
V004267,18382,enquete,2026-04-20 00:00:00,personne ne repond au telephone,contact
V004268,64452,chat,2025-12-01 00:00:00,livraison pas rapide du tout,livraison
V004269,4464,reclamation,2025-08-18 00:00:00,delai de livraison beaucoup trop long,livraison
V004270,36025,enquete,2025-10-08 00:00:00,le produit ne correspond pas a la photo,produit
V004271,13251,reclamation,2025-10-10 00:00:00,impossible de retourner l article,retour
V004272,8140,enquete,2025-05-20 00:00:00,conseiller tres aimable et efficace,contact
V004273,63808,chat,2025-06-25 00:00:00,delai de livraison beaucoup trop long,livraison
V004274,2793,chat,2026-08-04 00:00:00,impossible de retourner l article,retour
V004275,23027,enquete,2025-09-25 00:00:00,impossible de joindre le service client,contact
V004276,3154,enquete,2025-06-20 00:00:00,bon rapport qualite prix,prix
V004277,370,reclamation,2025-12-19 00:00:00,le produit ne correspond pas a la photo,produit
V004278,52090,reclamation,2025-08-08 00:00:00,impossible de retourner l article,retour
V004279,13320,chat,2025-06-15 00:00:00,le remboursement n arrive pas,retour
V004280,756,enquete,2025-07-28 00:00:00,le produit ne correspond pas a la photo,produit
V004281,69876,reclamation,2025-11-11 00:00:00,les prix ont augmente,prix
V004282,14223,avis,2025-06-11 00:00:00,promotion interessante ce mois ci,prix
V004283,44767,enquete,2025-05-05 00:00:00,delai de livraison beaucoup trop long,livraison
V004284,14207,reclamation,2025-07-21 00:00:00,la qualite n est pas au rendez vous,produit
V004285,35530,enquete,2026-06-30 00:00:00,personne ne repond au telephone,contact
V004286,10022,chat,2026-02-25 00:00:00,le colis est arrive en retard,livraison
V004287,8546,reclamation,2025-11-05 00:00:00,le colis est arrive en retard,livraison
V004288,50784,avis,2026-01-07 00:00:00,impossible de retourner l article,retour
V004289,9931,reclamation,2025-04-28 00:00:00,livraison pas rapide du tout,livraison
V004290,17225,chat,2026-06-23 00:00:00,delai de livraison beaucoup trop long,livraison
V004291,34847,enquete,2026-01-25 00:00:00,les prix ont augmente,prix
V004292,28258,chat,2026-07-25 00:00:00,bon rapport qualite prix,prix
V004293,16499,enquete,2025-11-28 00:00:00,le remboursement n arrive pas,retour
V004294,15767,reclamation,2026-05-09 00:00:00,delai de livraison beaucoup trop long,livraison
V004295,72987,avis,2026-02-03 00:00:00,bon rapport qualite prix,prix
V004296,37155,avis,2026-07-27 00:00:00,la qualite n est pas au rendez vous,produit
V004297,50103,enquete,2025-12-21 00:00:00,promotion interessante ce mois ci,prix
V004298,62716,chat,2025-07-15 00:00:00,le colis est arrive en retard,livraison
V004299,55600,enquete,2025-11-13 00:00:00,impossible de retourner l article,retour
V004300,76048,reclamation,2025-12-25 00:00:00,procedure de retour incomprehensible,retour
V004301,65970,chat,2025-07-26 00:00:00,article conforme et solide,produit
V004302,73586,chat,2026-06-12 00:00:00,le produit ne correspond pas a la photo,produit
V004303,77705,avis,2026-02-01 00:00:00,procedure de retour incomprehensible,retour
V004304,77803,enquete,2026-02-04 00:00:00,conseiller tres aimable et efficace,contact
V004305,3491,enquete,2026-07-13 00:00:00,impossible de retourner l article,retour
V004306,6673,chat,2026-05-17 00:00:00,article conforme et solide,produit
V004307,77858,enquete,2025-06-27 00:00:00,bon rapport qualite prix,prix
V004308,58822,chat,2025-07-09 00:00:00,promotion interessante ce mois ci,prix
V004309,63010,chat,2025-09-11 00:00:00,le produit ne correspond pas a la photo,produit
V004310,30849,chat,2025-08-19 00:00:00,procedure de retour incomprehensible,retour
V004311,30327,chat,2026-08-13 00:00:00,les prix ont augmente,prix
V004312,65857,reclamation,2025-09-04 00:00:00,procedure de retour incomprehensible,retour
V004313,40785,chat,2025-10-18 00:00:00,article conforme et solide,produit
V004314,9539,avis,2025-05-30 00:00:00,promotion interessante ce mois ci,prix
V004315,52819,enquete,2025-06-30 00:00:00,la qualite n est pas au rendez vous,produit
V004316,56042,enquete,2026-07-07 00:00:00,personne ne repond au telephone,contact
V004317,74894,enquete,2026-02-24 00:00:00,article conforme et solide,produit
V004318,73579,chat,2025-07-11 00:00:00,impossible de retourner l article,retour
V004319,19843,avis,2025-05-31 00:00:00,personne ne repond au telephone,contact
V004320,71175,enquete,2026-06-05 00:00:00,la qualite n est pas au rendez vous,produit
V004321,74296,chat,2025-07-16 00:00:00,le colis est arrive en retard,livraison
V004322,51341,chat,2025-08-12 00:00:00,le produit ne correspond pas a la photo,produit
V004323,72477,avis,2025-12-26 00:00:00,impossible de retourner l article,retour
V004324,33479,enquete,2026-01-25 00:00:00,livraison pas rapide du tout,livraison
V004325,49799,enquete,2025-09-09 00:00:00,le colis est arrive en retard,livraison
V004326,3103,reclamation,2026-08-18 00:00:00,promotion interessante ce mois ci,prix
V004327,49646,enquete,2025-06-28 00:00:00,delai de livraison beaucoup trop long,livraison
V004328,44298,reclamation,2026-03-05 00:00:00,le colis est arrive en retard,livraison
V004329,10518,avis,2025-07-05 00:00:00,les prix ont augmente,prix
V004330,26370,reclamation,2025-07-15 00:00:00,le remboursement n arrive pas,retour
V004331,1528,chat,2026-05-17 00:00:00,article conforme et solide,produit
V004332,67388,chat,2026-08-09 00:00:00,le remboursement n arrive pas,retour
V004333,61680,enquete,2026-05-03 00:00:00,conseiller tres aimable et efficace,contact
V004334,74481,enquete,2025-12-04 00:00:00,delai de livraison beaucoup trop long,livraison
V004335,22241,reclamation,2026-08-08 00:00:00,impossible de joindre le service client,contact
V004336,2349,chat,2026-06-14 00:00:00,conseiller tres aimable et efficace,contact
V004337,27285,reclamation,2025-10-31 00:00:00,article conforme et solide,produit
V004338,77844,avis,2026-08-07 00:00:00,impossible de retourner l article,retour
V004339,40958,avis,2025-11-03 00:00:00,conseiller tres aimable et efficace,contact
V004340,76082,enquete,2025-10-10 00:00:00,impossible de joindre le service client,contact
V004341,59952,avis,2026-06-04 00:00:00,la qualite n est pas au rendez vous,produit
V004342,7488,enquete,2026-04-28 00:00:00,impossible de retourner l article,retour
V004343,24883,chat,2025-08-21 00:00:00,les prix ont augmente,prix
V004344,79160,enquete,2025-07-13 00:00:00,promotion interessante ce mois ci,prix
V004345,20037,chat,2025-12-12 00:00:00,impossible de joindre le service client,contact
V004346,29145,chat,2026-07-02 00:00:00,livraison pas rapide du tout,livraison
V004347,16878,chat,2025-06-23 00:00:00,impossible de joindre le service client,contact
V004348,41826,enquete,2025-04-14 00:00:00,impossible de retourner l article,retour
V004349,41198,enquete,2025-09-16 00:00:00,procedure de retour incomprehensible,retour
V004350,77220,reclamation,2025-09-15 00:00:00,promotion interessante ce mois ci,prix
V004351,4436,reclamation,2026-02-11 00:00:00,livraison pas rapide du tout,livraison
V004352,10794,reclamation,2025-04-10 00:00:00,impossible de retourner l article,retour
V004353,12241,avis,2025-06-01 00:00:00,le remboursement n arrive pas,retour
V004354,50109,chat,2026-08-11 00:00:00,bon rapport qualite prix,prix
V004355,47713,reclamation,2026-07-06 00:00:00,bon rapport qualite prix,prix
V004356,22519,chat,2025-07-17 00:00:00,procedure de retour incomprehensible,retour
V004357,30578,avis,2026-05-22 00:00:00,impossible de joindre le service client,contact
V004358,70926,reclamation,2025-05-01 00:00:00,les prix ont augmente,prix
V004359,74745,enquete,2025-11-13 00:00:00,promotion interessante ce mois ci,prix
V004360,24687,reclamation,2026-03-23 00:00:00,article conforme et solide,produit
V004361,3489,enquete,2026-03-25 00:00:00,les prix ont augmente,prix
V004362,60796,reclamation,2025-07-27 00:00:00,la qualite n est pas au rendez vous,produit
V004363,79583,reclamation,2026-03-17 00:00:00,procedure de retour incomprehensible,retour
V004364,37109,avis,2026-02-02 00:00:00,promotion interessante ce mois ci,prix
V004365,70901,chat,2026-08-15 00:00:00,bon rapport qualite prix,prix
V004366,35275,enquete,2026-08-02 00:00:00,personne ne repond au telephone,contact
V004367,48701,avis,2025-05-30 00:00:00,promotion interessante ce mois ci,prix
V004368,20621,reclamation,2026-07-13 00:00:00,le remboursement n arrive pas,retour
V004369,38562,enquete,2026-03-09 00:00:00,le produit ne correspond pas a la photo,produit
V004370,33576,avis,2026-07-15 00:00:00,procedure de retour incomprehensible,retour
V004371,25345,enquete,2025-06-14 00:00:00,conseiller tres aimable et efficace,contact
V004372,76726,chat,2026-01-31 00:00:00,impossible de joindre le service client,contact
V004373,59134,avis,2026-02-23 00:00:00,conseiller tres aimable et efficace,contact
V004374,41796,reclamation,2025-06-01 00:00:00,la qualite n est pas au rendez vous,produit
V004375,78804,avis,2025-10-08 00:00:00,les prix ont augmente,prix
V004376,76078,chat,2025-11-02 00:00:00,les prix ont augmente,prix
V004377,47756,enquete,2025-04-11 00:00:00,personne ne repond au telephone,contact
V004378,23700,enquete,2026-04-19 00:00:00,procedure de retour incomprehensible,retour
V004379,11715,reclamation,2026-06-18 00:00:00,delai de livraison beaucoup trop long,livraison
V004380,14053,avis,2025-04-11 00:00:00,le produit ne correspond pas a la photo,produit
V004381,67225,reclamation,2025-11-19 00:00:00,personne ne repond au telephone,contact
V004382,2598,chat,2026-07-21 00:00:00,les prix ont augmente,prix
V004383,38158,enquete,2025-05-11 00:00:00,le remboursement n arrive pas,retour
V004384,46384,reclamation,2025-08-28 00:00:00,procedure de retour incomprehensible,retour
V004385,19832,reclamation,2026-02-10 00:00:00,promotion interessante ce mois ci,prix
V004386,76160,chat,2026-05-21 00:00:00,promotion interessante ce mois ci,prix
V004387,65882,avis,2025-04-25 00:00:00,impossible de retourner l article,retour
V004388,27377,chat,2025-04-30 00:00:00,bon rapport qualite prix,prix
V004389,72601,chat,2026-02-01 00:00:00,les prix ont augmente,prix
V004390,47927,enquete,2026-05-24 00:00:00,personne ne repond au telephone,contact
V004391,21070,enquete,2026-06-19 00:00:00,les prix ont augmente,prix
V004392,36055,reclamation,2025-06-28 00:00:00,le produit ne correspond pas a la photo,produit
V004393,47677,reclamation,2025-05-31 00:00:00,article conforme et solide,produit
V004394,60406,reclamation,2026-05-17 00:00:00,procedure de retour incomprehensible,retour
V004395,33907,enquete,2026-02-06 00:00:00,personne ne repond au telephone,contact
V004396,30091,chat,2025-10-22 00:00:00,impossible de retourner l article,retour
V004397,51350,reclamation,2025-09-20 00:00:00,conseiller tres aimable et efficace,contact
V004398,29617,reclamation,2026-07-13 00:00:00,conseiller tres aimable et efficace,contact
V004399,31547,reclamation,2025-07-29 00:00:00,livraison pas rapide du tout,livraison
V004400,28230,avis,2025-04-22 00:00:00,promotion interessante ce mois ci,prix
V004401,10031,avis,2025-09-07 00:00:00,article conforme et solide,produit
V004402,73719,chat,2025-07-25 00:00:00,le produit ne correspond pas a la photo,produit
V004403,1069,enquete,2025-04-22 00:00:00,le remboursement n arrive pas,retour
V004404,39345,avis,2026-04-01 00:00:00,livraison pas rapide du tout,livraison
V004405,72837,enquete,2026-04-25 00:00:00,conseiller tres aimable et efficace,contact
V004406,37573,reclamation,2026-05-31 00:00:00,la qualite n est pas au rendez vous,produit
V004407,35004,reclamation,2025-10-16 00:00:00,promotion interessante ce mois ci,prix
V004408,76636,avis,2025-07-03 00:00:00,procedure de retour incomprehensible,retour
V004409,74674,chat,2026-02-26 00:00:00,impossible de joindre le service client,contact
V004410,45434,reclamation,2025-05-29 00:00:00,livraison pas rapide du tout,livraison
V004411,41780,enquete,2025-07-16 00:00:00,livraison pas rapide du tout,livraison
V004412,25504,chat,2025-04-11 00:00:00,le produit ne correspond pas a la photo,produit
V004413,6693,avis,2026-04-22 00:00:00,delai de livraison beaucoup trop long,livraison
V004414,37618,enquete,2025-11-20 00:00:00,promotion interessante ce mois ci,prix
V004415,2077,chat,2026-04-02 00:00:00,les prix ont augmente,prix
V004416,39524,chat,2026-05-16 00:00:00,conseiller tres aimable et efficace,contact
V004417,48707,avis,2026-07-31 00:00:00,procedure de retour incomprehensible,retour
V004418,54121,chat,2026-04-29 00:00:00,conseiller tres aimable et efficace,contact
V004419,79601,reclamation,2026-07-27 00:00:00,impossible de joindre le service client,contact
V004420,73677,enquete,2025-10-27 00:00:00,conseiller tres aimable et efficace,contact
V004421,1743,enquete,2025-05-07 00:00:00,personne ne repond au telephone,contact
V004422,36543,reclamation,2025-04-29 00:00:00,les prix ont augmente,prix
V004423,35322,enquete,2026-07-23 00:00:00,la qualite n est pas au rendez vous,produit
V004424,60864,avis,2026-08-08 00:00:00,delai de livraison beaucoup trop long,livraison
V004425,77464,enquete,2026-02-01 00:00:00,impossible de joindre le service client,contact
V004426,75284,avis,2025-07-30 00:00:00,bon rapport qualite prix,prix
V004427,5626,enquete,2025-04-21 00:00:00,le remboursement n arrive pas,retour
V004428,40460,avis,2026-07-17 00:00:00,le produit ne correspond pas a la photo,produit
V004429,39501,enquete,2026-03-10 00:00:00,la qualite n est pas au rendez vous,produit
V004430,13736,chat,2026-01-22 00:00:00,impossible de retourner l article,retour
V004431,73488,avis,2025-07-04 00:00:00,conseiller tres aimable et efficace,contact
V004432,72158,chat,2026-02-11 00:00:00,personne ne repond au telephone,contact
V004433,56373,chat,2025-08-12 00:00:00,personne ne repond au telephone,contact
V004434,38570,chat,2026-02-17 00:00:00,bon rapport qualite prix,prix
V004435,74105,enquete,2025-10-01 00:00:00,impossible de joindre le service client,contact
V004436,21055,avis,2026-05-02 00:00:00,bon rapport qualite prix,prix
V004437,72400,enquete,2025-07-30 00:00:00,procedure de retour incomprehensible,retour
V004438,40989,reclamation,2025-12-19 00:00:00,procedure de retour incomprehensible,retour
V004439,47489,enquete,2025-11-28 00:00:00,le remboursement n arrive pas,retour
V004440,52083,avis,2025-07-25 00:00:00,personne ne repond au telephone,contact
V004441,13117,enquete,2026-05-10 00:00:00,impossible de retourner l article,retour
V004442,1970,reclamation,2025-05-29 00:00:00,le colis est arrive en retard,livraison
V004443,15856,reclamation,2026-04-23 00:00:00,livraison pas rapide du tout,livraison
V004444,72595,reclamation,2026-06-11 00:00:00,le remboursement n arrive pas,retour
V004445,460,avis,2026-06-24 00:00:00,conseiller tres aimable et efficace,contact
V004446,67777,enquete,2025-12-02 00:00:00,les prix ont augmente,prix
V004447,59494,enquete,2025-10-10 00:00:00,impossible de joindre le service client,contact
V004448,5175,avis,2026-06-11 00:00:00,le remboursement n arrive pas,retour
V004449,70928,reclamation,2025-11-04 00:00:00,procedure de retour incomprehensible,retour
V004450,79381,avis,2025-07-10 00:00:00,livraison pas rapide du tout,livraison
V004451,46799,chat,2025-09-04 00:00:00,bon rapport qualite prix,prix
V004452,34691,chat,2026-06-11 00:00:00,procedure de retour incomprehensible,retour
V004453,15425,reclamation,2026-04-20 00:00:00,promotion interessante ce mois ci,prix
V004454,9948,chat,2026-07-09 00:00:00,impossible de joindre le service client,contact
V004455,4596,avis,2025-12-30 00:00:00,procedure de retour incomprehensible,retour
V004456,63944,avis,2025-08-14 00:00:00,la qualite n est pas au rendez vous,produit
V004457,28369,chat,2025-11-18 00:00:00,les prix ont augmente,prix
V004458,48279,reclamation,2025-06-30 00:00:00,le remboursement n arrive pas,retour
V004459,13693,reclamation,2025-11-02 00:00:00,article conforme et solide,produit
V004460,49956,chat,2026-02-01 00:00:00,personne ne repond au telephone,contact
V004461,21947,reclamation,2026-04-03 00:00:00,impossible de joindre le service client,contact
V004462,36257,chat,2025-05-07 00:00:00,livraison pas rapide du tout,livraison
V004463,14403,reclamation,2025-11-17 00:00:00,promotion interessante ce mois ci,prix
V004464,6466,avis,2026-06-10 00:00:00,la qualite n est pas au rendez vous,produit
V004465,27544,reclamation,2025-07-18 00:00:00,delai de livraison beaucoup trop long,livraison
V004466,75460,reclamation,2025-07-22 00:00:00,le remboursement n arrive pas,retour
V004467,75623,enquete,2026-07-10 00:00:00,les prix ont augmente,prix
V004468,40370,enquete,2026-01-02 00:00:00,article conforme et solide,produit
V004469,43172,chat,2025-08-29 00:00:00,delai de livraison beaucoup trop long,livraison
V004470,43807,reclamation,2026-06-29 00:00:00,impossible de joindre le service client,contact
V004471,48253,enquete,2025-07-10 00:00:00,impossible de retourner l article,retour
V004472,1439,avis,2025-05-17 00:00:00,promotion interessante ce mois ci,prix
V004473,26669,avis,2026-08-01 00:00:00,impossible de joindre le service client,contact
V004474,45843,avis,2025-10-22 00:00:00,les prix ont augmente,prix
V004475,9301,enquete,2025-05-24 00:00:00,delai de livraison beaucoup trop long,livraison
V004476,22340,reclamation,2025-11-25 00:00:00,procedure de retour incomprehensible,retour
V004477,54660,reclamation,2025-08-01 00:00:00,la qualite n est pas au rendez vous,produit
V004478,41202,avis,2025-11-18 00:00:00,la qualite n est pas au rendez vous,produit
V004479,18145,reclamation,2025-07-01 00:00:00,livraison pas rapide du tout,livraison
V004480,56730,chat,2026-02-19 00:00:00,la qualite n est pas au rendez vous,produit
V004481,65248,reclamation,2025-05-13 00:00:00,impossible de retourner l article,retour
V004482,1243,enquete,2025-07-06 00:00:00,le produit ne correspond pas a la photo,produit
V004483,17418,chat,2025-10-29 00:00:00,le colis est arrive en retard,livraison
V004484,16473,enquete,2026-04-24 00:00:00,personne ne repond au telephone,contact
V004485,19949,avis,2025-10-23 00:00:00,le produit ne correspond pas a la photo,produit
V004486,30329,reclamation,2026-04-08 00:00:00,procedure de retour incomprehensible,retour
V004487,29717,chat,2025-09-23 00:00:00,delai de livraison beaucoup trop long,livraison
V004488,59586,reclamation,2025-09-16 00:00:00,promotion interessante ce mois ci,prix
V004489,51253,enquete,2026-07-16 00:00:00,le remboursement n arrive pas,retour
V004490,18951,chat,2025-08-30 00:00:00,delai de livraison beaucoup trop long,livraison
V004491,53647,reclamation,2025-10-27 00:00:00,impossible de retourner l article,retour
V004492,49468,reclamation,2025-05-08 00:00:00,impossible de retourner l article,retour
V004493,63360,reclamation,2025-12-15 00:00:00,impossible de joindre le service client,contact
V004494,34116,enquete,2026-02-01 00:00:00,delai de livraison beaucoup trop long,livraison
V004495,52696,enquete,2025-08-02 00:00:00,impossible de joindre le service client,contact
V004496,44341,enquete,2025-10-27 00:00:00,conseiller tres aimable et efficace,contact
V004497,78299,enquete,2025-11-28 00:00:00,impossible de joindre le service client,contact
V004498,52815,reclamation,2026-07-13 00:00:00,promotion interessante ce mois ci,prix
V004499,14389,chat,2025-08-08 00:00:00,le colis est arrive en retard,livraison
V004500,31865,enquete,2026-02-27 00:00:00,delai de livraison beaucoup trop long,livraison
V004501,61697,chat,2025-09-04 00:00:00,promotion interessante ce mois ci,prix
V004502,42277,chat,2025-09-13 00:00:00,impossible de retourner l article,retour
V004503,40740,reclamation,2026-07-05 00:00:00,le colis est arrive en retard,livraison
V004504,18686,chat,2025-06-12 00:00:00,la qualite n est pas au rendez vous,produit
V004505,1150,enquete,2025-12-01 00:00:00,procedure de retour incomprehensible,retour
V004506,73602,enquete,2026-06-30 00:00:00,les prix ont augmente,prix
V004507,41014,chat,2025-10-08 00:00:00,procedure de retour incomprehensible,retour
V004508,5329,enquete,2026-07-07 00:00:00,delai de livraison beaucoup trop long,livraison
V004509,48534,avis,2026-05-05 00:00:00,impossible de joindre le service client,contact
V004510,12814,avis,2025-12-24 00:00:00,conseiller tres aimable et efficace,contact
V004511,8135,chat,2026-06-09 00:00:00,le remboursement n arrive pas,retour
V004512,16707,chat,2026-08-07 00:00:00,impossible de retourner l article,retour
V004513,70190,enquete,2026-06-19 00:00:00,impossible de joindre le service client,contact
V004514,32800,chat,2025-12-10 00:00:00,impossible de joindre le service client,contact
V004515,744,enquete,2026-03-22 00:00:00,article conforme et solide,produit
V004516,79585,reclamation,2026-05-15 00:00:00,le remboursement n arrive pas,retour
V004517,31951,enquete,2025-10-23 00:00:00,le colis est arrive en retard,livraison
V004518,50608,chat,2025-06-04 00:00:00,impossible de joindre le service client,contact
V004519,55215,enquete,2025-06-05 00:00:00,article conforme et solide,produit
V004520,21131,chat,2025-11-17 00:00:00,procedure de retour incomprehensible,retour
V004521,11489,reclamation,2026-06-03 00:00:00,delai de livraison beaucoup trop long,livraison
V004522,26424,chat,2025-06-02 00:00:00,impossible de joindre le service client,contact
V004523,25125,enquete,2025-08-20 00:00:00,promotion interessante ce mois ci,prix
V004524,58825,reclamation,2026-08-11 00:00:00,impossible de retourner l article,retour
V004525,7213,reclamation,2026-07-10 00:00:00,le remboursement n arrive pas,retour
V004526,52885,chat,2026-01-15 00:00:00,promotion interessante ce mois ci,prix
V004527,54742,reclamation,2025-12-20 00:00:00,bon rapport qualite prix,prix
V004528,41300,chat,2026-07-26 00:00:00,la qualite n est pas au rendez vous,produit
V004529,44857,chat,2026-06-25 00:00:00,personne ne repond au telephone,contact
V004530,49155,reclamation,2026-04-10 00:00:00,article conforme et solide,produit
V004531,35211,avis,2025-10-15 00:00:00,procedure de retour incomprehensible,retour
V004532,34927,chat,2026-08-06 00:00:00,personne ne repond au telephone,contact
V004533,14554,reclamation,2025-12-08 00:00:00,livraison pas rapide du tout,livraison
V004534,42757,enquete,2026-03-20 00:00:00,promotion interessante ce mois ci,prix
V004535,3125,reclamation,2026-05-01 00:00:00,article conforme et solide,produit
V004536,29311,avis,2025-04-26 00:00:00,les prix ont augmente,prix
V004537,60389,chat,2025-11-25 00:00:00,impossible de joindre le service client,contact
V004538,3763,avis,2025-10-19 00:00:00,promotion interessante ce mois ci,prix
V004539,28527,enquete,2025-10-19 00:00:00,bon rapport qualite prix,prix
V004540,28988,chat,2026-01-13 00:00:00,le colis est arrive en retard,livraison
V004541,20932,reclamation,2026-03-11 00:00:00,impossible de joindre le service client,contact
V004542,63727,chat,2026-03-10 00:00:00,delai de livraison beaucoup trop long,livraison
V004543,38549,avis,2026-08-12 00:00:00,livraison pas rapide du tout,livraison
V004544,1406,reclamation,2025-09-15 00:00:00,le produit ne correspond pas a la photo,produit
V004545,48730,chat,2025-05-11 00:00:00,article conforme et solide,produit
V004546,23390,chat,2025-06-11 00:00:00,la qualite n est pas au rendez vous,produit
V004547,32122,enquete,2025-04-26 00:00:00,le colis est arrive en retard,livraison
V004548,56566,chat,2025-11-21 00:00:00,impossible de joindre le service client,contact
V004549,73937,reclamation,2026-03-03 00:00:00,delai de livraison beaucoup trop long,livraison
V004550,8573,enquete,2026-01-17 00:00:00,delai de livraison beaucoup trop long,livraison
V004551,36219,reclamation,2026-08-03 00:00:00,promotion interessante ce mois ci,prix
V004552,34194,reclamation,2026-02-18 00:00:00,bon rapport qualite prix,prix
V004553,70668,chat,2025-08-19 00:00:00,le produit ne correspond pas a la photo,produit
V004554,14399,avis,2025-11-16 00:00:00,les prix ont augmente,prix
V004555,25018,chat,2025-09-26 00:00:00,les prix ont augmente,prix
V004556,6824,avis,2026-05-25 00:00:00,delai de livraison beaucoup trop long,livraison
V004557,33369,chat,2025-07-21 00:00:00,le produit ne correspond pas a la photo,produit
V004558,50082,reclamation,2025-06-23 00:00:00,livraison pas rapide du tout,livraison
V004559,291,reclamation,2025-06-19 00:00:00,impossible de retourner l article,retour
V004560,64707,reclamation,2025-06-08 00:00:00,le produit ne correspond pas a la photo,produit
V004561,39902,reclamation,2025-09-26 00:00:00,le remboursement n arrive pas,retour
V004562,37959,reclamation,2026-05-27 00:00:00,les prix ont augmente,prix
V004563,68445,avis,2026-06-19 00:00:00,personne ne repond au telephone,contact
V004564,43873,reclamation,2026-08-17 00:00:00,delai de livraison beaucoup trop long,livraison
V004565,66491,chat,2026-02-27 00:00:00,personne ne repond au telephone,contact
V004566,3352,reclamation,2025-08-16 00:00:00,delai de livraison beaucoup trop long,livraison
V004567,38622,chat,2025-08-28 00:00:00,conseiller tres aimable et efficace,contact
V004568,39357,chat,2025-11-06 00:00:00,impossible de retourner l article,retour
V004569,40123,chat,2026-05-21 00:00:00,le remboursement n arrive pas,retour
V004570,11799,avis,2025-08-27 00:00:00,le remboursement n arrive pas,retour
V004571,36294,chat,2025-10-14 00:00:00,article conforme et solide,produit
V004572,22503,avis,2026-03-03 00:00:00,livraison pas rapide du tout,livraison
V004573,40937,avis,2026-08-08 00:00:00,impossible de joindre le service client,contact
V004574,17128,chat,2025-10-08 00:00:00,le produit ne correspond pas a la photo,produit
V004575,37564,chat,2025-12-09 00:00:00,livraison pas rapide du tout,livraison
V004576,34498,reclamation,2026-06-27 00:00:00,conseiller tres aimable et efficace,contact
V004577,52172,chat,2025-12-14 00:00:00,bon rapport qualite prix,prix
V004578,51700,avis,2025-07-04 00:00:00,impossible de retourner l article,retour
V004579,15469,enquete,2026-08-09 00:00:00,conseiller tres aimable et efficace,contact
V004580,4372,avis,2026-01-07 00:00:00,conseiller tres aimable et efficace,contact
V004581,19162,reclamation,2026-07-06 00:00:00,promotion interessante ce mois ci,prix
V004582,40434,reclamation,2026-06-12 00:00:00,procedure de retour incomprehensible,retour
V004583,65483,chat,2026-01-06 00:00:00,conseiller tres aimable et efficace,contact
V004584,20181,enquete,2025-07-12 00:00:00,impossible de retourner l article,retour
V004585,38757,avis,2025-12-13 00:00:00,le colis est arrive en retard,livraison
V004586,1306,reclamation,2025-12-16 00:00:00,le colis est arrive en retard,livraison
V004587,72823,chat,2025-12-03 00:00:00,promotion interessante ce mois ci,prix
V004588,54621,chat,2025-09-29 00:00:00,delai de livraison beaucoup trop long,livraison
V004589,57196,enquete,2025-10-27 00:00:00,impossible de retourner l article,retour
V004590,6579,chat,2025-08-11 00:00:00,promotion interessante ce mois ci,prix
V004591,25222,reclamation,2026-02-08 00:00:00,procedure de retour incomprehensible,retour
V004592,41673,avis,2025-07-18 00:00:00,procedure de retour incomprehensible,retour
V004593,47001,enquete,2026-02-21 00:00:00,les prix ont augmente,prix
V004594,17379,reclamation,2026-06-12 00:00:00,promotion interessante ce mois ci,prix
V004595,70086,chat,2026-01-09 00:00:00,procedure de retour incomprehensible,retour
V004596,22343,reclamation,2025-10-07 00:00:00,article conforme et solide,produit
V004597,24831,enquete,2026-07-02 00:00:00,le produit ne correspond pas a la photo,produit
V004598,16703,avis,2026-02-20 00:00:00,impossible de joindre le service client,contact
V004599,20722,reclamation,2026-03-15 00:00:00,article conforme et solide,produit
V004600,1148,chat,2026-03-16 00:00:00,delai de livraison beaucoup trop long,livraison
V004601,15311,chat,2026-01-07 00:00:00,promotion interessante ce mois ci,prix
V004602,51843,chat,2025-09-24 00:00:00,personne ne repond au telephone,contact
V004603,11421,enquete,2026-08-02 00:00:00,livraison pas rapide du tout,livraison
V004604,63220,chat,2025-05-08 00:00:00,personne ne repond au telephone,contact
V004605,50770,reclamation,2026-05-29 00:00:00,impossible de retourner l article,retour
V004606,11909,chat,2025-08-18 00:00:00,le remboursement n arrive pas,retour
V004607,46156,reclamation,2026-05-08 00:00:00,la qualite n est pas au rendez vous,produit
V004608,26790,avis,2025-07-16 00:00:00,le remboursement n arrive pas,retour
V004609,19515,avis,2026-02-21 00:00:00,procedure de retour incomprehensible,retour
V004610,22697,avis,2025-12-07 00:00:00,le produit ne correspond pas a la photo,produit
V004611,71320,reclamation,2025-11-25 00:00:00,conseiller tres aimable et efficace,contact
V004612,7215,enquete,2026-01-13 00:00:00,bon rapport qualite prix,prix
V004613,52566,reclamation,2025-06-30 00:00:00,le remboursement n arrive pas,retour
V004614,56172,chat,2025-11-10 00:00:00,impossible de retourner l article,retour
V004615,22653,chat,2026-06-11 00:00:00,impossible de retourner l article,retour
V004616,23730,enquete,2025-09-21 00:00:00,le remboursement n arrive pas,retour
V004617,31537,chat,2026-07-15 00:00:00,impossible de joindre le service client,contact
V004618,19519,enquete,2026-06-24 00:00:00,personne ne repond au telephone,contact
V004619,50710,reclamation,2025-08-23 00:00:00,procedure de retour incomprehensible,retour
V004620,71353,avis,2025-05-01 00:00:00,le colis est arrive en retard,livraison
V004621,49143,enquete,2026-03-30 00:00:00,impossible de retourner l article,retour
V004622,1034,reclamation,2026-02-13 00:00:00,bon rapport qualite prix,prix
V004623,33677,enquete,2025-11-25 00:00:00,le remboursement n arrive pas,retour
V004624,6233,chat,2025-09-10 00:00:00,le remboursement n arrive pas,retour
V004625,75779,avis,2025-09-22 00:00:00,conseiller tres aimable et efficace,contact
V004626,74919,avis,2025-07-26 00:00:00,promotion interessante ce mois ci,prix
V004627,72134,chat,2026-05-17 00:00:00,le remboursement n arrive pas,retour
V004628,70127,enquete,2026-07-02 00:00:00,promotion interessante ce mois ci,prix
V004629,42988,reclamation,2026-02-16 00:00:00,personne ne repond au telephone,contact
V004630,22458,chat,2025-05-28 00:00:00,delai de livraison beaucoup trop long,livraison
V004631,5910,reclamation,2025-04-12 00:00:00,impossible de joindre le service client,contact
V004632,4816,reclamation,2026-04-17 00:00:00,personne ne repond au telephone,contact
V004633,52600,enquete,2025-05-05 00:00:00,le produit ne correspond pas a la photo,produit
V004634,12087,enquete,2026-05-16 00:00:00,article conforme et solide,produit
V004635,66761,reclamation,2025-10-02 00:00:00,delai de livraison beaucoup trop long,livraison
V004636,74239,reclamation,2026-06-29 00:00:00,le produit ne correspond pas a la photo,produit
V004637,48917,enquete,2026-08-08 00:00:00,la qualite n est pas au rendez vous,produit
V004638,57689,enquete,2025-06-10 00:00:00,article conforme et solide,produit
V004639,36188,enquete,2025-08-08 00:00:00,personne ne repond au telephone,contact
V004640,68904,avis,2025-07-27 00:00:00,le remboursement n arrive pas,retour
V004641,4723,enquete,2026-01-01 00:00:00,la qualite n est pas au rendez vous,produit
V004642,71379,enquete,2025-04-11 00:00:00,procedure de retour incomprehensible,retour
V004643,67793,enquete,2026-07-09 00:00:00,livraison pas rapide du tout,livraison
V004644,33127,enquete,2026-01-04 00:00:00,conseiller tres aimable et efficace,contact
V004645,28602,reclamation,2026-04-21 00:00:00,conseiller tres aimable et efficace,contact
V004646,6053,avis,2025-12-04 00:00:00,impossible de joindre le service client,contact
V004647,28279,enquete,2025-05-28 00:00:00,la qualite n est pas au rendez vous,produit
V004648,64102,avis,2025-09-29 00:00:00,le produit ne correspond pas a la photo,produit
V004649,18772,avis,2025-07-21 00:00:00,livraison pas rapide du tout,livraison
V004650,62942,reclamation,2026-05-05 00:00:00,conseiller tres aimable et efficace,contact
V004651,56114,chat,2026-04-28 00:00:00,promotion interessante ce mois ci,prix
V004652,38242,enquete,2025-11-24 00:00:00,la qualite n est pas au rendez vous,produit
V004653,10988,reclamation,2026-05-01 00:00:00,promotion interessante ce mois ci,prix
V004654,13802,enquete,2026-05-31 00:00:00,les prix ont augmente,prix
V004655,39621,avis,2026-02-16 00:00:00,conseiller tres aimable et efficace,contact
V004656,56641,reclamation,2025-12-09 00:00:00,la qualite n est pas au rendez vous,produit
V004657,6012,avis,2026-06-15 00:00:00,le produit ne correspond pas a la photo,produit
V004658,13904,enquete,2026-04-19 00:00:00,le produit ne correspond pas a la photo,produit
V004659,69265,chat,2026-08-02 00:00:00,impossible de retourner l article,retour
V004660,1076,avis,2025-10-25 00:00:00,delai de livraison beaucoup trop long,livraison
V004661,52300,enquete,2026-06-08 00:00:00,impossible de joindre le service client,contact
V004662,49001,enquete,2025-07-31 00:00:00,impossible de joindre le service client,contact
V004663,40601,avis,2026-06-25 00:00:00,impossible de joindre le service client,contact
V004664,36411,chat,2025-06-21 00:00:00,le colis est arrive en retard,livraison
V004665,13854,avis,2026-07-06 00:00:00,impossible de joindre le service client,contact
V004666,64786,enquete,2025-11-17 00:00:00,delai de livraison beaucoup trop long,livraison
V004667,69893,enquete,2025-11-03 00:00:00,bon rapport qualite prix,prix
V004668,7822,reclamation,2026-07-11 00:00:00,impossible de joindre le service client,contact
V004669,11455,enquete,2025-08-03 00:00:00,le produit ne correspond pas a la photo,produit
V004670,56284,chat,2026-05-05 00:00:00,bon rapport qualite prix,prix
V004671,15045,chat,2026-06-06 00:00:00,personne ne repond au telephone,contact
V004672,44584,reclamation,2025-09-22 00:00:00,bon rapport qualite prix,prix
V004673,49616,reclamation,2026-05-08 00:00:00,impossible de joindre le service client,contact
V004674,2696,chat,2026-03-04 00:00:00,la qualite n est pas au rendez vous,produit
V004675,45852,enquete,2026-01-27 00:00:00,article conforme et solide,produit
V004676,10375,avis,2026-06-13 00:00:00,personne ne repond au telephone,contact
V004677,53112,reclamation,2026-01-07 00:00:00,conseiller tres aimable et efficace,contact
V004678,15184,reclamation,2026-04-01 00:00:00,procedure de retour incomprehensible,retour
V004679,70493,chat,2025-04-30 00:00:00,personne ne repond au telephone,contact
V004680,3180,enquete,2025-10-06 00:00:00,la qualite n est pas au rendez vous,produit
V004681,15517,avis,2026-05-10 00:00:00,la qualite n est pas au rendez vous,produit
V004682,77528,avis,2026-05-29 00:00:00,impossible de joindre le service client,contact
V004683,74053,avis,2026-03-19 00:00:00,article conforme et solide,produit
V004684,19161,chat,2026-04-21 00:00:00,personne ne repond au telephone,contact
V004685,75272,avis,2025-10-06 00:00:00,livraison pas rapide du tout,livraison
V004686,13262,enquete,2025-12-16 00:00:00,impossible de retourner l article,retour
V004687,78204,chat,2025-12-30 00:00:00,procedure de retour incomprehensible,retour
V004688,20795,reclamation,2025-12-16 00:00:00,livraison pas rapide du tout,livraison
V004689,65583,reclamation,2025-07-02 00:00:00,article conforme et solide,produit
V004690,8967,enquete,2026-03-23 00:00:00,le produit ne correspond pas a la photo,produit
V004691,39079,enquete,2025-04-16 00:00:00,le remboursement n arrive pas,retour
V004692,42047,reclamation,2026-02-05 00:00:00,impossible de retourner l article,retour
V004693,21805,avis,2025-09-19 00:00:00,impossible de retourner l article,retour
V004694,56922,avis,2026-07-04 00:00:00,le colis est arrive en retard,livraison
V004695,6088,enquete,2026-03-29 00:00:00,promotion interessante ce mois ci,prix
V004696,73833,chat,2025-09-24 00:00:00,conseiller tres aimable et efficace,contact
V004697,70456,reclamation,2025-12-14 00:00:00,impossible de retourner l article,retour
V004698,48343,avis,2025-11-09 00:00:00,le produit ne correspond pas a la photo,produit
V004699,62167,enquete,2026-05-26 00:00:00,procedure de retour incomprehensible,retour
V004700,65883,reclamation,2026-02-15 00:00:00,le remboursement n arrive pas,retour
V004701,31970,reclamation,2025-08-09 00:00:00,le produit ne correspond pas a la photo,produit
V004702,48360,avis,2026-06-19 00:00:00,le remboursement n arrive pas,retour
V004703,18610,avis,2026-02-06 00:00:00,les prix ont augmente,prix
V004704,73226,avis,2026-01-28 00:00:00,personne ne repond au telephone,contact
V004705,56904,chat,2026-03-25 00:00:00,conseiller tres aimable et efficace,contact
V004706,69657,reclamation,2025-06-20 00:00:00,impossible de retourner l article,retour
V004707,36158,chat,2025-08-02 00:00:00,livraison pas rapide du tout,livraison
V004708,24238,chat,2025-04-25 00:00:00,le colis est arrive en retard,livraison
V004709,21006,avis,2025-06-24 00:00:00,article conforme et solide,produit
V004710,18660,enquete,2025-12-21 00:00:00,procedure de retour incomprehensible,retour
V004711,37174,chat,2026-07-30 00:00:00,procedure de retour incomprehensible,retour
V004712,10212,reclamation,2026-02-09 00:00:00,procedure de retour incomprehensible,retour
V004713,17516,reclamation,2025-05-18 00:00:00,la qualite n est pas au rendez vous,produit
V004714,57872,avis,2026-07-09 00:00:00,article conforme et solide,produit
V004715,23032,reclamation,2026-06-21 00:00:00,delai de livraison beaucoup trop long,livraison
V004716,25752,enquete,2025-05-15 00:00:00,delai de livraison beaucoup trop long,livraison
V004717,29447,chat,2026-04-14 00:00:00,livraison pas rapide du tout,livraison
V004718,24897,avis,2025-11-04 00:00:00,le colis est arrive en retard,livraison
V004719,47421,enquete,2025-05-27 00:00:00,conseiller tres aimable et efficace,contact
V004720,48286,reclamation,2025-08-15 00:00:00,livraison pas rapide du tout,livraison
V004721,6967,chat,2026-07-19 00:00:00,personne ne repond au telephone,contact
V004722,45397,chat,2026-04-22 00:00:00,le colis est arrive en retard,livraison
V004723,33816,enquete,2025-05-07 00:00:00,bon rapport qualite prix,prix
V004724,79038,reclamation,2026-03-17 00:00:00,le colis est arrive en retard,livraison
V004725,24368,enquete,2025-07-26 00:00:00,le produit ne correspond pas a la photo,produit
V004726,1218,enquete,2026-03-06 00:00:00,la qualite n est pas au rendez vous,produit
V004727,44708,avis,2026-04-09 00:00:00,le remboursement n arrive pas,retour
V004728,67146,enquete,2026-06-11 00:00:00,delai de livraison beaucoup trop long,livraison
V004729,13815,enquete,2025-12-20 00:00:00,les prix ont augmente,prix
V004730,33914,reclamation,2025-05-09 00:00:00,article conforme et solide,produit
V004731,31490,enquete,2026-07-13 00:00:00,le remboursement n arrive pas,retour
V004732,33017,enquete,2025-06-30 00:00:00,promotion interessante ce mois ci,prix
V004733,11780,avis,2025-12-16 00:00:00,delai de livraison beaucoup trop long,livraison
V004734,71536,avis,2026-06-08 00:00:00,delai de livraison beaucoup trop long,livraison
V004735,52404,chat,2025-04-29 00:00:00,livraison pas rapide du tout,livraison
V004736,29024,reclamation,2026-04-17 00:00:00,bon rapport qualite prix,prix
V004737,78891,enquete,2025-06-20 00:00:00,la qualite n est pas au rendez vous,produit
V004738,67190,reclamation,2025-05-15 00:00:00,les prix ont augmente,prix
V004739,54152,enquete,2025-11-25 00:00:00,la qualite n est pas au rendez vous,produit
V004740,26947,chat,2025-05-26 00:00:00,impossible de retourner l article,retour
V004741,43798,avis,2025-11-12 00:00:00,personne ne repond au telephone,contact
V004742,1442,chat,2025-04-28 00:00:00,personne ne repond au telephone,contact
V004743,56768,enquete,2026-01-19 00:00:00,personne ne repond au telephone,contact
V004744,78587,chat,2026-06-28 00:00:00,la qualite n est pas au rendez vous,produit
V004745,77393,reclamation,2026-02-18 00:00:00,impossible de retourner l article,retour
V004746,54306,enquete,2025-07-29 00:00:00,le colis est arrive en retard,livraison
V004747,48932,enquete,2025-12-18 00:00:00,procedure de retour incomprehensible,retour
V004748,26800,enquete,2025-10-04 00:00:00,personne ne repond au telephone,contact
V004749,9154,enquete,2025-10-24 00:00:00,conseiller tres aimable et efficace,contact
V004750,65610,avis,2025-09-18 00:00:00,article conforme et solide,produit
V004751,38338,reclamation,2026-07-14 00:00:00,le colis est arrive en retard,livraison
V004752,51127,avis,2025-10-16 00:00:00,le colis est arrive en retard,livraison
V004753,48721,reclamation,2026-03-24 00:00:00,le produit ne correspond pas a la photo,produit
V004754,6,enquete,2025-05-02 00:00:00,article conforme et solide,produit
V004755,70030,avis,2025-09-17 00:00:00,personne ne repond au telephone,contact
V004756,53478,enquete,2026-02-18 00:00:00,delai de livraison beaucoup trop long,livraison
V004757,56203,reclamation,2025-10-29 00:00:00,le produit ne correspond pas a la photo,produit
V004758,56152,avis,2025-10-18 00:00:00,personne ne repond au telephone,contact
V004759,70921,enquete,2026-02-21 00:00:00,la qualite n est pas au rendez vous,produit
V004760,37666,reclamation,2025-10-14 00:00:00,personne ne repond au telephone,contact
V004761,17645,enquete,2025-07-26 00:00:00,le colis est arrive en retard,livraison
V004762,43904,avis,2025-08-09 00:00:00,le remboursement n arrive pas,retour
V004763,20809,reclamation,2026-03-15 00:00:00,livraison pas rapide du tout,livraison
V004764,75206,chat,2026-06-05 00:00:00,bon rapport qualite prix,prix
V004765,78895,chat,2025-06-28 00:00:00,le remboursement n arrive pas,retour
V004766,25271,avis,2025-05-09 00:00:00,impossible de joindre le service client,contact
V004767,29782,avis,2026-04-29 00:00:00,impossible de joindre le service client,contact
V004768,784,avis,2025-10-22 00:00:00,livraison pas rapide du tout,livraison
V004769,17290,enquete,2026-06-25 00:00:00,personne ne repond au telephone,contact
V004770,49318,reclamation,2026-05-26 00:00:00,article conforme et solide,produit
V004771,63117,enquete,2025-08-04 00:00:00,personne ne repond au telephone,contact
V004772,20549,avis,2026-02-02 00:00:00,livraison pas rapide du tout,livraison
V004773,28930,enquete,2025-11-04 00:00:00,impossible de joindre le service client,contact
V004774,28551,reclamation,2025-12-06 00:00:00,la qualite n est pas au rendez vous,produit
V004775,45815,enquete,2025-06-24 00:00:00,les prix ont augmente,prix
V004776,22025,enquete,2025-06-29 00:00:00,le remboursement n arrive pas,retour
V004777,79246,chat,2025-05-15 00:00:00,le produit ne correspond pas a la photo,produit
V004778,23286,enquete,2025-06-25 00:00:00,impossible de joindre le service client,contact
V004779,35091,avis,2026-07-25 00:00:00,le remboursement n arrive pas,retour
V004780,34423,reclamation,2026-04-07 00:00:00,le produit ne correspond pas a la photo,produit
V004781,65303,reclamation,2026-02-04 00:00:00,bon rapport qualite prix,prix
V004782,40190,enquete,2025-12-01 00:00:00,le colis est arrive en retard,livraison
V004783,40530,enquete,2025-12-19 00:00:00,delai de livraison beaucoup trop long,livraison
V004784,1250,enquete,2025-07-25 00:00:00,conseiller tres aimable et efficace,contact
V004785,14641,enquete,2025-04-28 00:00:00,bon rapport qualite prix,prix
V004786,39364,chat,2026-01-11 00:00:00,livraison pas rapide du tout,livraison
V004787,51240,enquete,2025-06-21 00:00:00,delai de livraison beaucoup trop long,livraison
V004788,63841,chat,2025-11-27 00:00:00,impossible de retourner l article,retour
V004789,1497,chat,2026-07-17 00:00:00,bon rapport qualite prix,prix
V004790,53714,reclamation,2025-07-19 00:00:00,la qualite n est pas au rendez vous,produit
V004791,801,avis,2026-04-29 00:00:00,les prix ont augmente,prix
V004792,30764,enquete,2025-07-13 00:00:00,le remboursement n arrive pas,retour
V004793,77734,reclamation,2026-07-09 00:00:00,conseiller tres aimable et efficace,contact
V004794,66409,reclamation,2025-09-02 00:00:00,impossible de joindre le service client,contact
V004795,51992,chat,2026-03-17 00:00:00,la qualite n est pas au rendez vous,produit
V004796,63118,chat,2025-11-09 00:00:00,procedure de retour incomprehensible,retour
V004797,31454,enquete,2025-06-23 00:00:00,la qualite n est pas au rendez vous,produit
V004798,64244,enquete,2025-08-10 00:00:00,le produit ne correspond pas a la photo,produit
V004799,7163,reclamation,2025-12-16 00:00:00,promotion interessante ce mois ci,prix
V004800,62848,chat,2026-05-20 00:00:00,delai de livraison beaucoup trop long,livraison
V004801,77668,avis,2025-06-27 00:00:00,bon rapport qualite prix,prix
V004802,29528,enquete,2026-05-19 00:00:00,la qualite n est pas au rendez vous,produit
V004803,51615,reclamation,2025-05-05 00:00:00,le produit ne correspond pas a la photo,produit
V004804,32077,enquete,2026-05-30 00:00:00,le colis est arrive en retard,livraison
V004805,68131,enquete,2025-05-03 00:00:00,delai de livraison beaucoup trop long,livraison
V004806,7736,chat,2026-02-15 00:00:00,procedure de retour incomprehensible,retour
V004807,70925,reclamation,2025-06-22 00:00:00,les prix ont augmente,prix
V004808,38791,avis,2025-12-21 00:00:00,le produit ne correspond pas a la photo,produit
V004809,45169,chat,2025-08-14 00:00:00,delai de livraison beaucoup trop long,livraison
V004810,14921,avis,2026-05-29 00:00:00,bon rapport qualite prix,prix
V004811,39915,avis,2025-06-16 00:00:00,les prix ont augmente,prix
V004812,47457,reclamation,2026-06-27 00:00:00,les prix ont augmente,prix
V004813,20483,chat,2025-09-21 00:00:00,promotion interessante ce mois ci,prix
V004814,59662,avis,2025-05-01 00:00:00,le remboursement n arrive pas,retour
V004815,6687,enquete,2026-01-16 00:00:00,delai de livraison beaucoup trop long,livraison
V004816,66051,avis,2026-07-08 00:00:00,promotion interessante ce mois ci,prix
V004817,62671,enquete,2026-05-25 00:00:00,impossible de retourner l article,retour
V004818,65647,enquete,2025-10-25 00:00:00,impossible de retourner l article,retour
V004819,15427,enquete,2025-11-30 00:00:00,le remboursement n arrive pas,retour
V004820,53090,reclamation,2026-08-06 00:00:00,le remboursement n arrive pas,retour
V004821,15230,avis,2025-08-18 00:00:00,delai de livraison beaucoup trop long,livraison
V004822,53006,reclamation,2025-07-10 00:00:00,impossible de joindre le service client,contact
V004823,43391,enquete,2026-07-08 00:00:00,procedure de retour incomprehensible,retour
V004824,51814,avis,2025-11-20 00:00:00,impossible de retourner l article,retour
V004825,58082,avis,2026-04-29 00:00:00,le colis est arrive en retard,livraison
V004826,50850,enquete,2026-08-01 00:00:00,le remboursement n arrive pas,retour
V004827,34614,avis,2025-11-28 00:00:00,livraison pas rapide du tout,livraison
V004828,6217,chat,2026-05-14 00:00:00,bon rapport qualite prix,prix
V004829,48939,reclamation,2025-05-12 00:00:00,procedure de retour incomprehensible,retour
V004830,29792,chat,2025-07-15 00:00:00,impossible de retourner l article,retour
V004831,57567,enquete,2026-04-30 00:00:00,impossible de joindre le service client,contact
V004832,5572,reclamation,2026-07-13 00:00:00,impossible de retourner l article,retour
V004833,50025,enquete,2025-04-25 00:00:00,impossible de retourner l article,retour
V004834,13023,chat,2026-01-12 00:00:00,livraison pas rapide du tout,livraison
V004835,28676,avis,2026-06-27 00:00:00,conseiller tres aimable et efficace,contact
V004836,11483,avis,2025-04-11 00:00:00,article conforme et solide,produit
V004837,4858,reclamation,2025-09-16 00:00:00,procedure de retour incomprehensible,retour
V004838,10267,enquete,2025-08-31 00:00:00,procedure de retour incomprehensible,retour
V004839,18493,reclamation,2025-12-15 00:00:00,le produit ne correspond pas a la photo,produit
V004840,39952,reclamation,2025-12-30 00:00:00,le remboursement n arrive pas,retour
V004841,25929,enquete,2025-09-25 00:00:00,le colis est arrive en retard,livraison
V004842,74112,enquete,2025-07-07 00:00:00,le colis est arrive en retard,livraison
V004843,39566,reclamation,2026-07-23 00:00:00,livraison pas rapide du tout,livraison
V004844,66793,chat,2025-04-24 00:00:00,personne ne repond au telephone,contact
V004845,4215,avis,2026-01-14 00:00:00,le produit ne correspond pas a la photo,produit
V004846,23345,avis,2026-04-02 00:00:00,la qualite n est pas au rendez vous,produit
V004847,74584,enquete,2025-06-03 00:00:00,le colis est arrive en retard,livraison
V004848,11948,enquete,2026-02-09 00:00:00,le colis est arrive en retard,livraison
V004849,14255,enquete,2025-04-19 00:00:00,procedure de retour incomprehensible,retour
V004850,67500,reclamation,2026-01-11 00:00:00,delai de livraison beaucoup trop long,livraison
V004851,55195,chat,2025-12-04 00:00:00,bon rapport qualite prix,prix
V004852,60640,reclamation,2026-06-25 00:00:00,procedure de retour incomprehensible,retour
V004853,58942,enquete,2025-11-21 00:00:00,le produit ne correspond pas a la photo,produit
V004854,45680,avis,2025-09-01 00:00:00,article conforme et solide,produit
V004855,36760,reclamation,2026-04-01 00:00:00,bon rapport qualite prix,prix
V004856,44693,avis,2025-08-11 00:00:00,conseiller tres aimable et efficace,contact
V004857,78561,reclamation,2025-09-06 00:00:00,bon rapport qualite prix,prix
V004858,6071,enquete,2025-06-16 00:00:00,livraison pas rapide du tout,livraison
V004859,14617,enquete,2026-05-24 00:00:00,livraison pas rapide du tout,livraison
V004860,76741,avis,2025-06-12 00:00:00,les prix ont augmente,prix
V004861,12165,reclamation,2025-09-20 00:00:00,article conforme et solide,produit
V004862,41963,reclamation,2025-10-05 00:00:00,delai de livraison beaucoup trop long,livraison
V004863,936,avis,2026-07-04 00:00:00,le colis est arrive en retard,livraison
V004864,76857,reclamation,2025-06-03 00:00:00,le remboursement n arrive pas,retour
V004865,72350,reclamation,2025-11-09 00:00:00,delai de livraison beaucoup trop long,livraison
V004866,14041,reclamation,2026-02-13 00:00:00,bon rapport qualite prix,prix
V004867,5286,enquete,2025-08-07 00:00:00,conseiller tres aimable et efficace,contact
V004868,10398,chat,2025-12-19 00:00:00,conseiller tres aimable et efficace,contact
V004869,64203,enquete,2025-05-17 00:00:00,procedure de retour incomprehensible,retour
V004870,36859,chat,2026-07-10 00:00:00,les prix ont augmente,prix
V004871,28262,avis,2025-07-04 00:00:00,conseiller tres aimable et efficace,contact
V004872,74755,enquete,2026-04-22 00:00:00,personne ne repond au telephone,contact
V004873,37457,enquete,2025-05-14 00:00:00,livraison pas rapide du tout,livraison
V004874,14975,reclamation,2025-11-02 00:00:00,promotion interessante ce mois ci,prix
V004875,47313,enquete,2026-03-16 00:00:00,la qualite n est pas au rendez vous,produit
V004876,72073,reclamation,2025-08-06 00:00:00,la qualite n est pas au rendez vous,produit
V004877,53419,enquete,2026-08-06 00:00:00,le produit ne correspond pas a la photo,produit
V004878,17939,chat,2025-08-28 00:00:00,les prix ont augmente,prix
V004879,51277,reclamation,2025-09-29 00:00:00,delai de livraison beaucoup trop long,livraison
V004880,57303,avis,2025-09-10 00:00:00,impossible de retourner l article,retour
V004881,21529,chat,2026-02-04 00:00:00,impossible de joindre le service client,contact
V004882,13897,chat,2026-01-07 00:00:00,delai de livraison beaucoup trop long,livraison
V004883,2999,avis,2025-05-06 00:00:00,les prix ont augmente,prix
V004884,60150,avis,2025-04-21 00:00:00,personne ne repond au telephone,contact
V004885,67804,avis,2025-12-08 00:00:00,delai de livraison beaucoup trop long,livraison
V004886,31941,chat,2025-07-06 00:00:00,le produit ne correspond pas a la photo,produit
V004887,57933,reclamation,2026-02-02 00:00:00,les prix ont augmente,prix
V004888,50075,avis,2026-05-19 00:00:00,le remboursement n arrive pas,retour
V004889,17223,enquete,2026-08-18 00:00:00,le produit ne correspond pas a la photo,produit
V004890,46071,avis,2025-09-22 00:00:00,impossible de joindre le service client,contact
V004891,62727,avis,2026-05-27 00:00:00,impossible de retourner l article,retour
V004892,10296,chat,2025-11-06 00:00:00,delai de livraison beaucoup trop long,livraison
V004893,23408,reclamation,2025-12-14 00:00:00,impossible de joindre le service client,contact
V004894,60098,enquete,2025-10-20 00:00:00,le colis est arrive en retard,livraison
V004895,69514,enquete,2025-07-03 00:00:00,le produit ne correspond pas a la photo,produit
V004896,30027,enquete,2025-09-27 00:00:00,impossible de retourner l article,retour
V004897,14837,chat,2026-03-08 00:00:00,les prix ont augmente,prix
V004898,18729,chat,2025-05-22 00:00:00,impossible de retourner l article,retour
V004899,4110,enquete,2025-04-14 00:00:00,les prix ont augmente,prix
V004900,24988,avis,2025-05-22 00:00:00,les prix ont augmente,prix
V004901,39781,reclamation,2026-04-12 00:00:00,livraison pas rapide du tout,livraison
V004902,49098,reclamation,2025-08-25 00:00:00,impossible de retourner l article,retour
V004903,9278,avis,2026-07-15 00:00:00,les prix ont augmente,prix
V004904,12098,reclamation,2025-09-16 00:00:00,le produit ne correspond pas a la photo,produit
V004905,15200,enquete,2025-04-16 00:00:00,le colis est arrive en retard,livraison
V004906,68428,chat,2026-02-22 00:00:00,le produit ne correspond pas a la photo,produit
V004907,62700,reclamation,2025-06-07 00:00:00,promotion interessante ce mois ci,prix
V004908,25434,reclamation,2025-09-07 00:00:00,article conforme et solide,produit
V004909,73039,enquete,2025-10-02 00:00:00,livraison pas rapide du tout,livraison
V004910,51255,chat,2026-01-20 00:00:00,bon rapport qualite prix,prix
V004911,65299,chat,2026-06-12 00:00:00,le remboursement n arrive pas,retour
V004912,38288,avis,2025-04-25 00:00:00,conseiller tres aimable et efficace,contact
V004913,74116,enquete,2025-11-07 00:00:00,delai de livraison beaucoup trop long,livraison
V004914,47794,reclamation,2025-05-28 00:00:00,le colis est arrive en retard,livraison
V004915,71961,avis,2026-02-27 00:00:00,le produit ne correspond pas a la photo,produit
V004916,23293,chat,2025-04-19 00:00:00,le colis est arrive en retard,livraison
V004917,73334,reclamation,2025-05-02 00:00:00,bon rapport qualite prix,prix
V004918,18900,avis,2026-05-06 00:00:00,le produit ne correspond pas a la photo,produit
V004919,23835,enquete,2026-04-09 00:00:00,conseiller tres aimable et efficace,contact
V004920,24692,reclamation,2026-08-10 00:00:00,la qualite n est pas au rendez vous,produit
V004921,30339,enquete,2025-12-23 00:00:00,bon rapport qualite prix,prix
V004922,47517,avis,2026-01-25 00:00:00,procedure de retour incomprehensible,retour
V004923,68439,avis,2025-05-05 00:00:00,la qualite n est pas au rendez vous,produit
V004924,24427,reclamation,2025-04-28 00:00:00,le colis est arrive en retard,livraison
V004925,18627,enquete,2026-04-21 00:00:00,procedure de retour incomprehensible,retour
V004926,56612,chat,2026-04-16 00:00:00,le produit ne correspond pas a la photo,produit
V004927,35452,enquete,2026-01-20 00:00:00,impossible de retourner l article,retour
V004928,57919,avis,2026-01-16 00:00:00,les prix ont augmente,prix
V004929,5567,enquete,2026-06-07 00:00:00,le produit ne correspond pas a la photo,produit
V004930,26733,enquete,2025-05-03 00:00:00,impossible de joindre le service client,contact
V004931,31860,reclamation,2026-04-05 00:00:00,conseiller tres aimable et efficace,contact
V004932,16174,reclamation,2026-05-01 00:00:00,les prix ont augmente,prix
V004933,13261,reclamation,2026-05-19 00:00:00,les prix ont augmente,prix
V004934,10834,reclamation,2025-08-24 00:00:00,procedure de retour incomprehensible,retour
V004935,73538,enquete,2025-09-29 00:00:00,le colis est arrive en retard,livraison
V004936,10685,avis,2025-12-05 00:00:00,personne ne repond au telephone,contact
V004937,42370,enquete,2026-03-30 00:00:00,la qualite n est pas au rendez vous,produit
V004938,59861,enquete,2026-08-01 00:00:00,delai de livraison beaucoup trop long,livraison
V004939,42931,reclamation,2026-06-30 00:00:00,le produit ne correspond pas a la photo,produit
V004940,67875,reclamation,2026-03-07 00:00:00,article conforme et solide,produit
V004941,5084,avis,2025-12-05 00:00:00,le remboursement n arrive pas,retour
V004942,68413,chat,2026-06-08 00:00:00,impossible de joindre le service client,contact
V004943,55153,avis,2026-02-07 00:00:00,delai de livraison beaucoup trop long,livraison
V004944,136,enquete,2025-07-21 00:00:00,les prix ont augmente,prix
V004945,34917,enquete,2026-07-14 00:00:00,impossible de retourner l article,retour
V004946,64309,enquete,2025-11-21 00:00:00,procedure de retour incomprehensible,retour
V004947,44617,avis,2025-10-23 00:00:00,impossible de retourner l article,retour
V004948,3502,reclamation,2025-05-21 00:00:00,le produit ne correspond pas a la photo,produit
V004949,73669,avis,2026-04-05 00:00:00,le produit ne correspond pas a la photo,produit
V004950,77411,enquete,2025-12-22 00:00:00,personne ne repond au telephone,contact
V004951,50829,reclamation,2025-09-29 00:00:00,bon rapport qualite prix,prix
V004952,59578,avis,2025-07-23 00:00:00,conseiller tres aimable et efficace,contact
V004953,78110,reclamation,2025-11-17 00:00:00,promotion interessante ce mois ci,prix
V004954,14850,reclamation,2026-02-19 00:00:00,le colis est arrive en retard,livraison
V004955,49978,chat,2026-02-24 00:00:00,article conforme et solide,produit
V004956,16011,reclamation,2026-04-05 00:00:00,impossible de retourner l article,retour
V004957,18751,reclamation,2025-09-10 00:00:00,le produit ne correspond pas a la photo,produit
V004958,88,avis,2026-06-15 00:00:00,procedure de retour incomprehensible,retour
V004959,64135,chat,2026-06-20 00:00:00,le colis est arrive en retard,livraison
V004960,4609,enquete,2025-10-15 00:00:00,le produit ne correspond pas a la photo,produit
V004961,73187,chat,2025-05-24 00:00:00,promotion interessante ce mois ci,prix
V004962,772,avis,2026-03-26 00:00:00,la qualite n est pas au rendez vous,produit
V004963,61625,enquete,2025-06-09 00:00:00,procedure de retour incomprehensible,retour
V004964,49532,avis,2025-11-30 00:00:00,personne ne repond au telephone,contact
V004965,534,reclamation,2026-01-17 00:00:00,conseiller tres aimable et efficace,contact
V004966,69294,reclamation,2026-05-11 00:00:00,le colis est arrive en retard,livraison
V004967,79402,avis,2025-05-23 00:00:00,le colis est arrive en retard,livraison
V004968,11332,chat,2025-05-02 00:00:00,le remboursement n arrive pas,retour
V004969,6189,reclamation,2025-08-11 00:00:00,promotion interessante ce mois ci,prix
V004970,74987,chat,2025-09-22 00:00:00,delai de livraison beaucoup trop long,livraison
V004971,65478,chat,2025-09-11 00:00:00,livraison pas rapide du tout,livraison
V004972,59248,chat,2026-06-27 00:00:00,conseiller tres aimable et efficace,contact
V004973,55075,reclamation,2025-08-07 00:00:00,procedure de retour incomprehensible,retour
V004974,67111,reclamation,2026-02-26 00:00:00,impossible de retourner l article,retour
V004975,73124,avis,2025-07-31 00:00:00,conseiller tres aimable et efficace,contact
V004976,76287,chat,2025-10-21 00:00:00,conseiller tres aimable et efficace,contact
V004977,3028,enquete,2026-02-20 00:00:00,personne ne repond au telephone,contact
V004978,71566,chat,2025-06-24 00:00:00,impossible de retourner l article,retour
V004979,38001,chat,2026-06-01 00:00:00,le colis est arrive en retard,livraison
V004980,16731,chat,2025-10-14 00:00:00,delai de livraison beaucoup trop long,livraison
V004981,71897,reclamation,2025-12-05 00:00:00,article conforme et solide,produit
V004982,42775,chat,2025-06-18 00:00:00,impossible de joindre le service client,contact
V004983,53150,chat,2025-12-03 00:00:00,bon rapport qualite prix,prix
V004984,60769,avis,2026-05-23 00:00:00,personne ne repond au telephone,contact
V004985,20403,avis,2025-08-06 00:00:00,article conforme et solide,produit
V004986,45115,avis,2026-06-04 00:00:00,impossible de retourner l article,retour
V004987,72408,reclamation,2026-02-08 00:00:00,impossible de joindre le service client,contact
V004988,72898,chat,2026-08-09 00:00:00,promotion interessante ce mois ci,prix
V004989,79928,enquete,2026-04-03 00:00:00,les prix ont augmente,prix
V004990,59490,reclamation,2026-07-08 00:00:00,impossible de joindre le service client,contact
V004991,79430,reclamation,2026-06-15 00:00:00,les prix ont augmente,prix
V004992,53785,enquete,2026-01-25 00:00:00,la qualite n est pas au rendez vous,produit
V004993,71924,reclamation,2025-07-21 00:00:00,livraison pas rapide du tout,livraison
V004994,29142,chat,2025-05-08 00:00:00,le produit ne correspond pas a la photo,produit
V004995,76333,avis,2026-04-11 00:00:00,livraison pas rapide du tout,livraison
V004996,44253,chat,2025-07-22 00:00:00,impossible de joindre le service client,contact
V004997,24113,chat,2026-06-19 00:00:00,promotion interessante ce mois ci,prix
V004998,63586,reclamation,2026-05-04 00:00:00,impossible de retourner l article,retour
V004999,5997,chat,2026-07-21 00:00:00,conseiller tres aimable et efficace,contact
V005000,23574,reclamation,2025-04-10 00:00:00,promotion interessante ce mois ci,prix
V005001,79285,avis,2025-09-03 00:00:00,bon rapport qualite prix,prix
V005002,12910,enquete,2026-07-14 00:00:00,livraison pas rapide du tout,livraison
V005003,10585,reclamation,2025-08-04 00:00:00,delai de livraison beaucoup trop long,livraison
V005004,78925,enquete,2026-04-09 00:00:00,le colis est arrive en retard,livraison
V005005,16357,enquete,2026-03-17 00:00:00,le colis est arrive en retard,livraison
V005006,42520,chat,2025-06-12 00:00:00,conseiller tres aimable et efficace,contact
V005007,46077,enquete,2025-08-20 00:00:00,personne ne repond au telephone,contact
V005008,4773,reclamation,2025-10-27 00:00:00,bon rapport qualite prix,prix
V005009,10146,enquete,2025-08-25 00:00:00,article conforme et solide,produit
V005010,61689,avis,2025-05-10 00:00:00,la qualite n est pas au rendez vous,produit
V005011,17569,chat,2026-01-16 00:00:00,le remboursement n arrive pas,retour
V005012,2195,reclamation,2026-04-19 00:00:00,le colis est arrive en retard,livraison
V005013,37011,chat,2026-06-08 00:00:00,les prix ont augmente,prix
V005014,8493,reclamation,2025-05-05 00:00:00,delai de livraison beaucoup trop long,livraison
V005015,12526,avis,2026-05-21 00:00:00,promotion interessante ce mois ci,prix
V005016,74440,avis,2025-04-27 00:00:00,bon rapport qualite prix,prix
V005017,68951,reclamation,2025-08-22 00:00:00,la qualite n est pas au rendez vous,produit
V005018,44340,chat,2025-06-08 00:00:00,la qualite n est pas au rendez vous,produit
V005019,18995,avis,2026-03-21 00:00:00,bon rapport qualite prix,prix
V005020,57702,enquete,2026-04-30 00:00:00,delai de livraison beaucoup trop long,livraison
V005021,62036,enquete,2025-12-04 00:00:00,bon rapport qualite prix,prix
V005022,7060,avis,2025-11-18 00:00:00,le produit ne correspond pas a la photo,produit
V005023,47521,chat,2025-09-29 00:00:00,promotion interessante ce mois ci,prix
V005024,10477,enquete,2026-01-24 00:00:00,le remboursement n arrive pas,retour
V005025,24112,avis,2025-05-07 00:00:00,procedure de retour incomprehensible,retour
V005026,15426,avis,2025-05-14 00:00:00,personne ne repond au telephone,contact
V005027,68223,chat,2026-04-19 00:00:00,bon rapport qualite prix,prix
V005028,27185,chat,2025-06-07 00:00:00,impossible de retourner l article,retour
V005029,44736,chat,2025-09-21 00:00:00,livraison pas rapide du tout,livraison
V005030,73987,avis,2026-02-03 00:00:00,impossible de joindre le service client,contact
V005031,62502,enquete,2026-01-05 00:00:00,conseiller tres aimable et efficace,contact
V005032,79675,reclamation,2025-05-28 00:00:00,livraison pas rapide du tout,livraison
V005033,43599,enquete,2026-01-11 00:00:00,impossible de joindre le service client,contact
V005034,27244,enquete,2025-08-15 00:00:00,les prix ont augmente,prix
V005035,46372,enquete,2025-04-30 00:00:00,bon rapport qualite prix,prix
V005036,52219,enquete,2025-06-24 00:00:00,les prix ont augmente,prix
V005037,46331,reclamation,2025-11-23 00:00:00,promotion interessante ce mois ci,prix
V005038,9636,reclamation,2025-12-09 00:00:00,conseiller tres aimable et efficace,contact
V005039,555,avis,2026-01-25 00:00:00,le produit ne correspond pas a la photo,produit
V005040,30727,chat,2025-05-27 00:00:00,promotion interessante ce mois ci,prix
V005041,38539,chat,2026-03-11 00:00:00,procedure de retour incomprehensible,retour
V005042,22076,avis,2026-01-12 00:00:00,les prix ont augmente,prix
V005043,31210,chat,2025-12-30 00:00:00,impossible de joindre le service client,contact
V005044,68630,reclamation,2026-08-16 00:00:00,impossible de joindre le service client,contact
V005045,63228,enquete,2026-06-08 00:00:00,le colis est arrive en retard,livraison
V005046,68313,avis,2026-05-27 00:00:00,livraison pas rapide du tout,livraison
V005047,74073,reclamation,2026-03-13 00:00:00,la qualite n est pas au rendez vous,produit
V005048,29020,enquete,2025-09-23 00:00:00,le remboursement n arrive pas,retour
V005049,67446,enquete,2026-06-11 00:00:00,le produit ne correspond pas a la photo,produit
V005050,65436,avis,2026-06-07 00:00:00,promotion interessante ce mois ci,prix
V005051,13116,avis,2025-08-31 00:00:00,le remboursement n arrive pas,retour
V005052,74559,avis,2025-05-30 00:00:00,personne ne repond au telephone,contact
V005053,18228,chat,2025-12-08 00:00:00,le colis est arrive en retard,livraison
V005054,67017,enquete,2025-12-01 00:00:00,promotion interessante ce mois ci,prix
V005055,13095,enquete,2025-07-24 00:00:00,bon rapport qualite prix,prix
V005056,56315,reclamation,2026-02-01 00:00:00,les prix ont augmente,prix
V005057,74085,chat,2025-12-25 00:00:00,delai de livraison beaucoup trop long,livraison
V005058,11842,reclamation,2026-02-13 00:00:00,impossible de joindre le service client,contact
V005059,2876,chat,2026-01-20 00:00:00,livraison pas rapide du tout,livraison
V005060,23643,chat,2025-07-21 00:00:00,promotion interessante ce mois ci,prix
V005061,42729,chat,2026-02-26 00:00:00,bon rapport qualite prix,prix
V005062,44908,reclamation,2026-04-18 00:00:00,le colis est arrive en retard,livraison
V005063,9220,chat,2026-08-16 00:00:00,promotion interessante ce mois ci,prix
V005064,61411,avis,2025-05-21 00:00:00,impossible de retourner l article,retour
V005065,35702,reclamation,2025-08-11 00:00:00,la qualite n est pas au rendez vous,produit
V005066,73389,avis,2026-07-27 00:00:00,promotion interessante ce mois ci,prix
V005067,7471,enquete,2025-10-04 00:00:00,delai de livraison beaucoup trop long,livraison
V005068,64681,chat,2025-11-30 00:00:00,le remboursement n arrive pas,retour
V005069,46430,reclamation,2025-10-25 00:00:00,impossible de joindre le service client,contact
V005070,32281,enquete,2026-03-27 00:00:00,personne ne repond au telephone,contact
V005071,35028,enquete,2026-03-02 00:00:00,delai de livraison beaucoup trop long,livraison
V005072,58442,avis,2025-11-05 00:00:00,article conforme et solide,produit
V005073,57184,reclamation,2026-01-22 00:00:00,procedure de retour incomprehensible,retour
V005074,65053,chat,2025-07-07 00:00:00,le remboursement n arrive pas,retour
V005075,64025,enquete,2026-06-05 00:00:00,le colis est arrive en retard,livraison
V005076,17552,enquete,2026-06-18 00:00:00,livraison pas rapide du tout,livraison
V005077,21590,enquete,2026-03-08 00:00:00,le remboursement n arrive pas,retour
V005078,76750,reclamation,2025-05-30 00:00:00,le remboursement n arrive pas,retour
V005079,68846,enquete,2025-11-20 00:00:00,livraison pas rapide du tout,livraison
V005080,34351,reclamation,2025-12-17 00:00:00,le colis est arrive en retard,livraison
V005081,70876,enquete,2026-08-15 00:00:00,personne ne repond au telephone,contact
V005082,49778,avis,2025-10-20 00:00:00,article conforme et solide,produit
V005083,3819,enquete,2026-01-29 00:00:00,la qualite n est pas au rendez vous,produit
V005084,72281,chat,2025-09-13 00:00:00,le remboursement n arrive pas,retour
V005085,26940,avis,2026-01-02 00:00:00,impossible de joindre le service client,contact
V005086,25179,enquete,2026-07-27 00:00:00,conseiller tres aimable et efficace,contact
V005087,63024,chat,2025-10-17 00:00:00,impossible de joindre le service client,contact
V005088,77481,avis,2025-05-10 00:00:00,le colis est arrive en retard,livraison
V005089,15076,chat,2026-03-12 00:00:00,conseiller tres aimable et efficace,contact
V005090,19041,chat,2026-08-06 00:00:00,la qualite n est pas au rendez vous,produit
V005091,18053,reclamation,2025-07-12 00:00:00,promotion interessante ce mois ci,prix
V005092,56247,chat,2026-07-24 00:00:00,impossible de retourner l article,retour
V005093,67398,avis,2025-12-17 00:00:00,conseiller tres aimable et efficace,contact
V005094,69036,avis,2025-10-23 00:00:00,conseiller tres aimable et efficace,contact
V005095,41943,chat,2025-10-16 00:00:00,les prix ont augmente,prix
V005096,11080,reclamation,2025-04-25 00:00:00,conseiller tres aimable et efficace,contact
V005097,68362,reclamation,2025-10-29 00:00:00,le colis est arrive en retard,livraison
V005098,28227,enquete,2025-04-11 00:00:00,le colis est arrive en retard,livraison
V005099,33160,reclamation,2026-04-09 00:00:00,impossible de retourner l article,retour
V005100,4673,avis,2026-07-09 00:00:00,delai de livraison beaucoup trop long,livraison
V005101,72082,chat,2025-08-28 00:00:00,le produit ne correspond pas a la photo,produit
V005102,62037,reclamation,2025-07-02 00:00:00,impossible de retourner l article,retour
V005103,35935,avis,2026-03-27 00:00:00,le remboursement n arrive pas,retour
V005104,58725,chat,2026-03-07 00:00:00,le colis est arrive en retard,livraison
V005105,26905,avis,2025-07-13 00:00:00,promotion interessante ce mois ci,prix
V005106,54233,reclamation,2025-04-23 00:00:00,bon rapport qualite prix,prix
V005107,33518,reclamation,2026-01-29 00:00:00,le produit ne correspond pas a la photo,produit
V005108,5513,chat,2026-04-16 00:00:00,article conforme et solide,produit
V005109,43655,enquete,2026-04-07 00:00:00,le remboursement n arrive pas,retour
V005110,65947,avis,2026-03-28 00:00:00,personne ne repond au telephone,contact
V005111,52066,enquete,2025-04-13 00:00:00,procedure de retour incomprehensible,retour
V005112,20111,avis,2026-07-31 00:00:00,livraison pas rapide du tout,livraison
V005113,71206,enquete,2025-09-13 00:00:00,le produit ne correspond pas a la photo,produit
V005114,1218,enquete,2025-11-05 00:00:00,procedure de retour incomprehensible,retour
V005115,1156,avis,2026-01-15 00:00:00,impossible de retourner l article,retour
V005116,55060,chat,2025-08-07 00:00:00,article conforme et solide,produit
V005117,14021,reclamation,2026-05-07 00:00:00,le colis est arrive en retard,livraison
V005118,15114,chat,2026-06-21 00:00:00,impossible de retourner l article,retour
V005119,59995,avis,2025-04-21 00:00:00,bon rapport qualite prix,prix
V005120,45285,enquete,2025-10-20 00:00:00,le colis est arrive en retard,livraison
V005121,3793,avis,2026-04-13 00:00:00,livraison pas rapide du tout,livraison
V005122,34625,reclamation,2025-12-12 00:00:00,le produit ne correspond pas a la photo,produit
V005123,57365,enquete,2025-11-09 00:00:00,impossible de retourner l article,retour
V005124,2734,enquete,2025-10-10 00:00:00,conseiller tres aimable et efficace,contact
V005125,60976,avis,2026-02-15 00:00:00,le colis est arrive en retard,livraison
V005126,77532,avis,2025-11-04 00:00:00,le colis est arrive en retard,livraison
V005127,66560,avis,2025-08-24 00:00:00,promotion interessante ce mois ci,prix
V005128,13495,enquete,2025-09-13 00:00:00,le remboursement n arrive pas,retour
V005129,45794,reclamation,2025-09-10 00:00:00,les prix ont augmente,prix
V005130,42317,reclamation,2026-02-02 00:00:00,article conforme et solide,produit
V005131,28424,chat,2026-05-29 00:00:00,le remboursement n arrive pas,retour
V005132,49194,avis,2025-09-20 00:00:00,les prix ont augmente,prix
V005133,68679,avis,2026-07-23 00:00:00,article conforme et solide,produit
V005134,77534,avis,2026-03-31 00:00:00,le colis est arrive en retard,livraison
V005135,31778,reclamation,2026-08-17 00:00:00,delai de livraison beaucoup trop long,livraison
V005136,50329,avis,2026-07-25 00:00:00,conseiller tres aimable et efficace,contact
V005137,12157,chat,2026-07-10 00:00:00,livraison pas rapide du tout,livraison
V005138,4719,enquete,2025-06-26 00:00:00,le produit ne correspond pas a la photo,produit
V005139,15587,reclamation,2025-12-02 00:00:00,bon rapport qualite prix,prix
V005140,16339,enquete,2025-07-03 00:00:00,impossible de joindre le service client,contact
V005141,18703,enquete,2025-07-25 00:00:00,procedure de retour incomprehensible,retour
V005142,62993,avis,2026-05-25 00:00:00,personne ne repond au telephone,contact
V005143,59414,avis,2026-05-03 00:00:00,impossible de joindre le service client,contact
V005144,27172,chat,2025-12-21 00:00:00,personne ne repond au telephone,contact
V005145,1167,chat,2026-07-08 00:00:00,bon rapport qualite prix,prix
V005146,10974,enquete,2026-08-04 00:00:00,le produit ne correspond pas a la photo,produit
V005147,28772,avis,2025-06-13 00:00:00,livraison pas rapide du tout,livraison
V005148,33303,chat,2026-01-08 00:00:00,article conforme et solide,produit
V005149,6762,reclamation,2025-12-04 00:00:00,la qualite n est pas au rendez vous,produit
V005150,18951,reclamation,2025-11-11 00:00:00,le produit ne correspond pas a la photo,produit
V005151,77733,avis,2026-02-07 00:00:00,livraison pas rapide du tout,livraison
V005152,51547,enquete,2025-07-08 00:00:00,promotion interessante ce mois ci,prix
V005153,12007,reclamation,2025-05-25 00:00:00,promotion interessante ce mois ci,prix
V005154,21199,reclamation,2025-08-27 00:00:00,personne ne repond au telephone,contact
V005155,6139,chat,2026-04-04 00:00:00,les prix ont augmente,prix
V005156,64221,reclamation,2025-09-03 00:00:00,la qualite n est pas au rendez vous,produit
V005157,40873,reclamation,2026-03-27 00:00:00,article conforme et solide,produit
V005158,2833,reclamation,2026-04-28 00:00:00,procedure de retour incomprehensible,retour
V005159,44398,enquete,2026-08-18 00:00:00,le produit ne correspond pas a la photo,produit
V005160,67797,reclamation,2026-02-08 00:00:00,le remboursement n arrive pas,retour
V005161,61605,chat,2025-06-24 00:00:00,livraison pas rapide du tout,livraison
V005162,35468,reclamation,2025-09-13 00:00:00,personne ne repond au telephone,contact
V005163,33640,chat,2026-06-12 00:00:00,bon rapport qualite prix,prix
V005164,64714,enquete,2025-10-15 00:00:00,procedure de retour incomprehensible,retour
V005165,7649,reclamation,2026-07-24 00:00:00,impossible de retourner l article,retour
V005166,12447,enquete,2026-07-12 00:00:00,personne ne repond au telephone,contact
V005167,29371,avis,2026-01-03 00:00:00,delai de livraison beaucoup trop long,livraison
V005168,5473,chat,2026-02-12 00:00:00,le remboursement n arrive pas,retour
V005169,13092,avis,2026-07-17 00:00:00,le produit ne correspond pas a la photo,produit
V005170,52646,avis,2026-02-20 00:00:00,procedure de retour incomprehensible,retour
V005171,22044,enquete,2025-11-20 00:00:00,le produit ne correspond pas a la photo,produit
V005172,64452,reclamation,2025-08-09 00:00:00,le colis est arrive en retard,livraison
V005173,15212,avis,2026-05-10 00:00:00,bon rapport qualite prix,prix
V005174,65553,avis,2026-04-19 00:00:00,promotion interessante ce mois ci,prix
V005175,13863,chat,2026-02-03 00:00:00,livraison pas rapide du tout,livraison
V005176,32835,enquete,2025-09-28 00:00:00,la qualite n est pas au rendez vous,produit
V005177,28434,reclamation,2025-08-28 00:00:00,conseiller tres aimable et efficace,contact
V005178,5874,chat,2025-07-04 00:00:00,les prix ont augmente,prix
V005179,73812,avis,2025-04-20 00:00:00,le colis est arrive en retard,livraison
V005180,50526,enquete,2026-07-24 00:00:00,bon rapport qualite prix,prix
V005181,15467,enquete,2026-01-19 00:00:00,les prix ont augmente,prix
V005182,9259,chat,2025-05-05 00:00:00,la qualite n est pas au rendez vous,produit
V005183,26427,avis,2025-08-07 00:00:00,bon rapport qualite prix,prix
V005184,12105,enquete,2026-01-24 00:00:00,conseiller tres aimable et efficace,contact
V005185,11480,chat,2025-07-30 00:00:00,le produit ne correspond pas a la photo,produit
V005186,55684,chat,2026-05-14 00:00:00,impossible de joindre le service client,contact
V005187,65518,avis,2026-07-04 00:00:00,livraison pas rapide du tout,livraison
V005188,22889,enquete,2025-07-08 00:00:00,bon rapport qualite prix,prix
V005189,39748,enquete,2026-06-08 00:00:00,la qualite n est pas au rendez vous,produit
V005190,57353,chat,2025-12-13 00:00:00,impossible de retourner l article,retour
V005191,49737,avis,2025-11-08 00:00:00,impossible de retourner l article,retour
V005192,8199,reclamation,2026-03-01 00:00:00,les prix ont augmente,prix
V005193,223,chat,2025-04-13 00:00:00,bon rapport qualite prix,prix
V005194,70328,avis,2025-12-27 00:00:00,delai de livraison beaucoup trop long,livraison
V005195,24605,reclamation,2026-02-09 00:00:00,le remboursement n arrive pas,retour
V005196,33971,enquete,2026-03-04 00:00:00,le colis est arrive en retard,livraison
V005197,3691,reclamation,2025-04-21 00:00:00,impossible de joindre le service client,contact
V005198,60985,enquete,2026-01-20 00:00:00,le remboursement n arrive pas,retour
V005199,79093,reclamation,2025-10-06 00:00:00,personne ne repond au telephone,contact
V005200,97,reclamation,2025-06-06 00:00:00,article conforme et solide,produit
V005201,15674,enquete,2025-07-03 00:00:00,impossible de retourner l article,retour
V005202,39536,reclamation,2025-07-05 00:00:00,le produit ne correspond pas a la photo,produit
V005203,33357,chat,2025-09-05 00:00:00,bon rapport qualite prix,prix
V005204,73605,enquete,2025-09-21 00:00:00,impossible de joindre le service client,contact
V005205,68550,chat,2026-02-06 00:00:00,bon rapport qualite prix,prix
V005206,16670,avis,2025-05-13 00:00:00,la qualite n est pas au rendez vous,produit
V005207,62212,avis,2026-08-14 00:00:00,livraison pas rapide du tout,livraison
V005208,70756,reclamation,2026-03-05 00:00:00,le produit ne correspond pas a la photo,produit
V005209,27300,chat,2026-08-17 00:00:00,promotion interessante ce mois ci,prix
V005210,36014,avis,2025-11-20 00:00:00,les prix ont augmente,prix
V005211,53053,chat,2025-04-22 00:00:00,la qualite n est pas au rendez vous,produit
V005212,13086,avis,2026-01-17 00:00:00,article conforme et solide,produit
V005213,70798,avis,2026-01-27 00:00:00,le produit ne correspond pas a la photo,produit
V005214,31762,avis,2025-08-19 00:00:00,article conforme et solide,produit
V005215,69472,enquete,2025-09-26 00:00:00,les prix ont augmente,prix
V005216,42515,enquete,2025-09-29 00:00:00,delai de livraison beaucoup trop long,livraison
V005217,41010,reclamation,2026-03-02 00:00:00,les prix ont augmente,prix
V005218,14478,reclamation,2025-05-07 00:00:00,promotion interessante ce mois ci,prix
V005219,42308,reclamation,2026-08-13 00:00:00,impossible de joindre le service client,contact
V005220,44306,avis,2025-07-28 00:00:00,le colis est arrive en retard,livraison
V005221,2217,avis,2025-12-11 00:00:00,personne ne repond au telephone,contact
V005222,52579,avis,2025-07-08 00:00:00,le colis est arrive en retard,livraison
V005223,58837,reclamation,2026-05-17 00:00:00,personne ne repond au telephone,contact
V005224,64237,avis,2025-12-06 00:00:00,promotion interessante ce mois ci,prix
V005225,72907,avis,2025-05-05 00:00:00,la qualite n est pas au rendez vous,produit
V005226,38769,enquete,2025-12-01 00:00:00,impossible de retourner l article,retour
V005227,73550,reclamation,2025-07-01 00:00:00,promotion interessante ce mois ci,prix
V005228,65605,chat,2026-02-19 00:00:00,la qualite n est pas au rendez vous,produit
V005229,50031,avis,2025-10-17 00:00:00,impossible de retourner l article,retour
V005230,9731,chat,2026-04-09 00:00:00,promotion interessante ce mois ci,prix
V005231,27174,reclamation,2026-07-06 00:00:00,le colis est arrive en retard,livraison
V005232,53875,enquete,2026-08-13 00:00:00,bon rapport qualite prix,prix
V005233,19844,chat,2026-02-22 00:00:00,la qualite n est pas au rendez vous,produit
V005234,5317,chat,2026-07-05 00:00:00,article conforme et solide,produit
V005235,19568,reclamation,2026-01-20 00:00:00,la qualite n est pas au rendez vous,produit
V005236,48131,enquete,2025-06-01 00:00:00,delai de livraison beaucoup trop long,livraison
V005237,11302,avis,2026-01-05 00:00:00,bon rapport qualite prix,prix
V005238,34246,enquete,2026-07-23 00:00:00,promotion interessante ce mois ci,prix
V005239,77694,chat,2025-08-18 00:00:00,personne ne repond au telephone,contact
V005240,13447,reclamation,2025-07-14 00:00:00,procedure de retour incomprehensible,retour
V005241,61866,avis,2025-05-20 00:00:00,la qualite n est pas au rendez vous,produit
V005242,73815,reclamation,2025-11-22 00:00:00,les prix ont augmente,prix
V005243,53021,reclamation,2025-12-04 00:00:00,article conforme et solide,produit
V005244,26136,avis,2026-05-13 00:00:00,les prix ont augmente,prix
V005245,7954,reclamation,2026-05-21 00:00:00,conseiller tres aimable et efficace,contact
V005246,29538,avis,2026-01-17 00:00:00,conseiller tres aimable et efficace,contact
V005247,27572,enquete,2025-09-11 00:00:00,procedure de retour incomprehensible,retour
V005248,49470,avis,2026-05-14 00:00:00,personne ne repond au telephone,contact
V005249,57086,reclamation,2026-02-16 00:00:00,promotion interessante ce mois ci,prix
V005250,12634,reclamation,2026-02-15 00:00:00,livraison pas rapide du tout,livraison
V005251,8317,enquete,2025-08-13 00:00:00,promotion interessante ce mois ci,prix
V005252,18977,enquete,2026-06-22 00:00:00,promotion interessante ce mois ci,prix
V005253,13809,chat,2026-04-07 00:00:00,la qualite n est pas au rendez vous,produit
V005254,53307,avis,2026-05-18 00:00:00,la qualite n est pas au rendez vous,produit
V005255,16293,enquete,2025-07-18 00:00:00,conseiller tres aimable et efficace,contact
V005256,18111,enquete,2026-08-17 00:00:00,le remboursement n arrive pas,retour
V005257,67832,chat,2026-07-28 00:00:00,impossible de retourner l article,retour
V005258,20329,reclamation,2026-06-07 00:00:00,le produit ne correspond pas a la photo,produit
V005259,70810,enquete,2026-01-12 00:00:00,personne ne repond au telephone,contact
V005260,48896,enquete,2025-12-30 00:00:00,impossible de retourner l article,retour
V005261,73867,chat,2025-09-18 00:00:00,impossible de joindre le service client,contact
V005262,25494,reclamation,2026-04-11 00:00:00,delai de livraison beaucoup trop long,livraison
V005263,27536,enquete,2025-09-06 00:00:00,procedure de retour incomprehensible,retour
V005264,67406,enquete,2025-10-24 00:00:00,delai de livraison beaucoup trop long,livraison
V005265,24795,enquete,2025-07-07 00:00:00,promotion interessante ce mois ci,prix
V005266,4914,avis,2026-01-26 00:00:00,procedure de retour incomprehensible,retour
V005267,8359,chat,2025-07-14 00:00:00,livraison pas rapide du tout,livraison
V005268,17969,reclamation,2025-10-27 00:00:00,la qualite n est pas au rendez vous,produit
V005269,35369,enquete,2026-06-06 00:00:00,bon rapport qualite prix,prix
V005270,18603,avis,2025-09-19 00:00:00,bon rapport qualite prix,prix
V005271,71974,avis,2026-08-06 00:00:00,conseiller tres aimable et efficace,contact
V005272,49772,reclamation,2026-07-13 00:00:00,personne ne repond au telephone,contact
V005273,1310,avis,2025-07-28 00:00:00,bon rapport qualite prix,prix
V005274,10311,chat,2026-08-08 00:00:00,impossible de joindre le service client,contact
V005275,77223,chat,2026-02-25 00:00:00,livraison pas rapide du tout,livraison
V005276,63214,reclamation,2026-05-16 00:00:00,le remboursement n arrive pas,retour
V005277,25691,chat,2026-03-06 00:00:00,article conforme et solide,produit
V005278,22483,reclamation,2025-09-22 00:00:00,personne ne repond au telephone,contact
V005279,11202,chat,2026-03-12 00:00:00,personne ne repond au telephone,contact
V005280,77971,avis,2025-05-09 00:00:00,livraison pas rapide du tout,livraison
V005281,49644,avis,2025-04-16 00:00:00,promotion interessante ce mois ci,prix
V005282,32725,avis,2025-07-29 00:00:00,le remboursement n arrive pas,retour
V005283,70424,chat,2026-04-30 00:00:00,impossible de joindre le service client,contact
V005284,38052,avis,2026-01-08 00:00:00,impossible de joindre le service client,contact
V005285,61819,reclamation,2026-01-17 00:00:00,le produit ne correspond pas a la photo,produit
V005286,31967,avis,2026-07-30 00:00:00,procedure de retour incomprehensible,retour
V005287,14392,reclamation,2026-07-06 00:00:00,bon rapport qualite prix,prix
V005288,40582,chat,2026-03-14 00:00:00,conseiller tres aimable et efficace,contact
V005289,41786,avis,2025-06-09 00:00:00,personne ne repond au telephone,contact
V005290,10773,enquete,2025-11-22 00:00:00,promotion interessante ce mois ci,prix
V005291,6805,enquete,2026-05-06 00:00:00,le remboursement n arrive pas,retour
V005292,14570,chat,2025-05-09 00:00:00,procedure de retour incomprehensible,retour
V005293,16687,avis,2025-04-10 00:00:00,le remboursement n arrive pas,retour
V005294,27778,chat,2026-03-12 00:00:00,le produit ne correspond pas a la photo,produit
V005295,38494,avis,2026-06-29 00:00:00,livraison pas rapide du tout,livraison
V005296,45038,avis,2025-10-11 00:00:00,delai de livraison beaucoup trop long,livraison
V005297,7516,reclamation,2026-01-29 00:00:00,le produit ne correspond pas a la photo,produit
V005298,46483,enquete,2025-10-25 00:00:00,le produit ne correspond pas a la photo,produit
V005299,60122,avis,2026-04-26 00:00:00,impossible de joindre le service client,contact
V005300,17913,reclamation,2025-06-08 00:00:00,procedure de retour incomprehensible,retour
V005301,24603,avis,2025-04-27 00:00:00,personne ne repond au telephone,contact
V005302,11715,chat,2026-04-02 00:00:00,le remboursement n arrive pas,retour
V005303,37069,avis,2025-10-13 00:00:00,bon rapport qualite prix,prix
V005304,47854,enquete,2026-06-01 00:00:00,impossible de joindre le service client,contact
V005305,5659,enquete,2025-07-06 00:00:00,article conforme et solide,produit
V005306,35476,chat,2026-05-17 00:00:00,le remboursement n arrive pas,retour
V005307,34328,enquete,2026-03-15 00:00:00,la qualite n est pas au rendez vous,produit
V005308,2488,enquete,2025-07-02 00:00:00,le colis est arrive en retard,livraison
V005309,61950,avis,2026-07-23 00:00:00,conseiller tres aimable et efficace,contact
V005310,16563,chat,2025-09-06 00:00:00,impossible de joindre le service client,contact
V005311,44906,chat,2025-08-12 00:00:00,impossible de joindre le service client,contact
V005312,25192,enquete,2026-07-30 00:00:00,delai de livraison beaucoup trop long,livraison
V005313,71277,avis,2026-02-06 00:00:00,bon rapport qualite prix,prix
V005314,32108,avis,2026-07-21 00:00:00,conseiller tres aimable et efficace,contact
V005315,60510,enquete,2025-06-14 00:00:00,bon rapport qualite prix,prix
V005316,21310,enquete,2026-07-13 00:00:00,personne ne repond au telephone,contact
V005317,52306,enquete,2025-05-28 00:00:00,livraison pas rapide du tout,livraison
V005318,59781,chat,2025-05-30 00:00:00,promotion interessante ce mois ci,prix
V005319,14726,chat,2025-09-21 00:00:00,les prix ont augmente,prix
V005320,53992,avis,2025-05-15 00:00:00,impossible de retourner l article,retour
V005321,54831,chat,2025-11-13 00:00:00,le colis est arrive en retard,livraison
V005322,19930,chat,2025-07-03 00:00:00,personne ne repond au telephone,contact
V005323,34769,reclamation,2025-11-16 00:00:00,promotion interessante ce mois ci,prix
V005324,35019,reclamation,2026-03-24 00:00:00,delai de livraison beaucoup trop long,livraison
V005325,12950,chat,2025-08-03 00:00:00,impossible de retourner l article,retour
V005326,13158,chat,2025-08-06 00:00:00,article conforme et solide,produit
V005327,71165,reclamation,2025-05-31 00:00:00,le produit ne correspond pas a la photo,produit
V005328,22241,chat,2026-02-24 00:00:00,promotion interessante ce mois ci,prix
V005329,63375,avis,2025-07-25 00:00:00,les prix ont augmente,prix
V005330,78019,avis,2025-12-20 00:00:00,les prix ont augmente,prix
V005331,8297,chat,2025-12-03 00:00:00,delai de livraison beaucoup trop long,livraison
V005332,59869,chat,2026-02-24 00:00:00,personne ne repond au telephone,contact
V005333,51963,chat,2025-06-15 00:00:00,impossible de joindre le service client,contact
V005334,69060,chat,2025-08-24 00:00:00,impossible de joindre le service client,contact
V005335,70326,reclamation,2026-04-24 00:00:00,impossible de retourner l article,retour
V005336,32633,enquete,2026-05-25 00:00:00,les prix ont augmente,prix
V005337,48499,enquete,2025-06-06 00:00:00,delai de livraison beaucoup trop long,livraison
V005338,77804,chat,2025-09-02 00:00:00,procedure de retour incomprehensible,retour
V005339,40360,reclamation,2026-02-24 00:00:00,impossible de joindre le service client,contact
V005340,44698,avis,2026-06-09 00:00:00,conseiller tres aimable et efficace,contact
V005341,29933,avis,2026-06-14 00:00:00,personne ne repond au telephone,contact
V005342,45585,reclamation,2025-08-09 00:00:00,le colis est arrive en retard,livraison
V005343,34008,reclamation,2025-09-04 00:00:00,bon rapport qualite prix,prix
V005344,75061,enquete,2025-06-20 00:00:00,la qualite n est pas au rendez vous,produit
V005345,15237,reclamation,2026-07-08 00:00:00,le remboursement n arrive pas,retour
V005346,10813,reclamation,2026-01-05 00:00:00,impossible de joindre le service client,contact
V005347,79393,avis,2025-04-24 00:00:00,promotion interessante ce mois ci,prix
V005348,18419,chat,2026-08-15 00:00:00,le remboursement n arrive pas,retour
V005349,37155,avis,2025-10-16 00:00:00,impossible de joindre le service client,contact
V005350,22863,reclamation,2026-07-29 00:00:00,les prix ont augmente,prix
V005351,23431,enquete,2025-12-17 00:00:00,la qualite n est pas au rendez vous,produit
V005352,49291,avis,2026-03-05 00:00:00,article conforme et solide,produit
V005353,53595,avis,2026-06-08 00:00:00,livraison pas rapide du tout,livraison
V005354,77223,enquete,2025-10-24 00:00:00,la qualite n est pas au rendez vous,produit
V005355,36891,reclamation,2025-06-12 00:00:00,article conforme et solide,produit
V005356,11400,reclamation,2025-11-12 00:00:00,bon rapport qualite prix,prix
V005357,16904,reclamation,2025-11-01 00:00:00,le colis est arrive en retard,livraison
V005358,31401,chat,2025-06-10 00:00:00,conseiller tres aimable et efficace,contact
V005359,34839,reclamation,2026-05-28 00:00:00,impossible de joindre le service client,contact
V005360,59517,chat,2026-06-10 00:00:00,impossible de retourner l article,retour
V005361,46743,chat,2025-05-08 00:00:00,personne ne repond au telephone,contact
V005362,71906,reclamation,2026-05-03 00:00:00,personne ne repond au telephone,contact
V005363,68010,avis,2025-07-12 00:00:00,livraison pas rapide du tout,livraison
V005364,12057,chat,2026-02-19 00:00:00,personne ne repond au telephone,contact
V005365,31816,reclamation,2026-04-06 00:00:00,le colis est arrive en retard,livraison
V005366,75844,enquete,2025-12-16 00:00:00,le remboursement n arrive pas,retour
V005367,14916,enquete,2026-06-20 00:00:00,les prix ont augmente,prix
V005368,34825,chat,2026-06-12 00:00:00,bon rapport qualite prix,prix
V005369,40673,avis,2026-01-12 00:00:00,delai de livraison beaucoup trop long,livraison
V005370,31880,enquete,2025-07-25 00:00:00,impossible de joindre le service client,contact
V005371,30564,chat,2026-07-24 00:00:00,le remboursement n arrive pas,retour
V005372,33561,chat,2026-08-07 00:00:00,les prix ont augmente,prix
V005373,51931,avis,2026-06-18 00:00:00,bon rapport qualite prix,prix
V005374,38092,avis,2026-03-02 00:00:00,procedure de retour incomprehensible,retour
V005375,42530,avis,2026-03-25 00:00:00,procedure de retour incomprehensible,retour
V005376,58079,reclamation,2026-01-12 00:00:00,procedure de retour incomprehensible,retour
V005377,47908,chat,2026-01-27 00:00:00,impossible de joindre le service client,contact
V005378,2575,chat,2026-04-17 00:00:00,les prix ont augmente,prix
V005379,67525,avis,2026-08-07 00:00:00,bon rapport qualite prix,prix
V005380,64415,chat,2025-08-29 00:00:00,le colis est arrive en retard,livraison
V005381,17484,avis,2025-11-24 00:00:00,livraison pas rapide du tout,livraison
V005382,76281,reclamation,2026-05-15 00:00:00,personne ne repond au telephone,contact
V005383,64721,reclamation,2025-07-10 00:00:00,impossible de retourner l article,retour
V005384,31481,enquete,2026-07-25 00:00:00,le produit ne correspond pas a la photo,produit
V005385,29787,chat,2025-04-29 00:00:00,le remboursement n arrive pas,retour
V005386,24459,avis,2025-05-04 00:00:00,les prix ont augmente,prix
V005387,66747,chat,2025-07-11 00:00:00,bon rapport qualite prix,prix
V005388,4899,reclamation,2026-01-08 00:00:00,la qualite n est pas au rendez vous,produit
V005389,36810,reclamation,2025-12-20 00:00:00,delai de livraison beaucoup trop long,livraison
V005390,39968,chat,2025-05-12 00:00:00,conseiller tres aimable et efficace,contact
V005391,42981,reclamation,2026-08-04 00:00:00,article conforme et solide,produit
V005392,62955,enquete,2025-04-17 00:00:00,procedure de retour incomprehensible,retour
V005393,56623,enquete,2025-09-27 00:00:00,le colis est arrive en retard,livraison
V005394,62376,reclamation,2026-01-03 00:00:00,bon rapport qualite prix,prix
V005395,18284,enquete,2025-10-01 00:00:00,le produit ne correspond pas a la photo,produit
V005396,26624,reclamation,2026-03-03 00:00:00,le remboursement n arrive pas,retour
V005397,32637,enquete,2026-03-01 00:00:00,delai de livraison beaucoup trop long,livraison
V005398,71845,enquete,2025-09-12 00:00:00,livraison pas rapide du tout,livraison
V005399,27119,enquete,2025-04-23 00:00:00,personne ne repond au telephone,contact
V005400,53973,chat,2026-05-28 00:00:00,livraison pas rapide du tout,livraison
V005401,40875,chat,2025-12-06 00:00:00,la qualite n est pas au rendez vous,produit
V005402,35021,avis,2026-01-14 00:00:00,le produit ne correspond pas a la photo,produit
V005403,77527,enquete,2025-05-04 00:00:00,conseiller tres aimable et efficace,contact
V005404,63503,reclamation,2025-08-31 00:00:00,impossible de retourner l article,retour
V005405,75783,reclamation,2025-04-17 00:00:00,bon rapport qualite prix,prix
V005406,58175,reclamation,2026-06-02 00:00:00,procedure de retour incomprehensible,retour
V005407,77723,avis,2025-06-27 00:00:00,la qualite n est pas au rendez vous,produit
V005408,50326,reclamation,2025-09-15 00:00:00,impossible de retourner l article,retour
V005409,28910,chat,2026-07-16 00:00:00,la qualite n est pas au rendez vous,produit
V005410,51104,chat,2025-10-17 00:00:00,promotion interessante ce mois ci,prix
V005411,69476,avis,2026-07-13 00:00:00,bon rapport qualite prix,prix
V005412,41239,enquete,2025-05-19 00:00:00,procedure de retour incomprehensible,retour
V005413,2216,reclamation,2026-01-14 00:00:00,bon rapport qualite prix,prix
V005414,22524,reclamation,2025-11-22 00:00:00,conseiller tres aimable et efficace,contact
V005415,2274,avis,2025-11-16 00:00:00,la qualite n est pas au rendez vous,produit
V005416,52946,avis,2026-05-15 00:00:00,article conforme et solide,produit
V005417,47596,avis,2025-04-20 00:00:00,personne ne repond au telephone,contact
V005418,8625,reclamation,2026-02-04 00:00:00,article conforme et solide,produit
V005419,50972,chat,2026-06-26 00:00:00,livraison pas rapide du tout,livraison
V005420,41390,reclamation,2026-05-27 00:00:00,le produit ne correspond pas a la photo,produit
V005421,22294,enquete,2026-07-01 00:00:00,le remboursement n arrive pas,retour
V005422,56643,reclamation,2025-06-25 00:00:00,article conforme et solide,produit
V005423,71281,avis,2025-11-27 00:00:00,conseiller tres aimable et efficace,contact
V005424,59373,reclamation,2026-02-14 00:00:00,promotion interessante ce mois ci,prix
V005425,61513,avis,2026-05-30 00:00:00,procedure de retour incomprehensible,retour
V005426,26817,reclamation,2025-08-30 00:00:00,les prix ont augmente,prix
V005427,58997,avis,2026-01-18 00:00:00,personne ne repond au telephone,contact
V005428,21578,reclamation,2026-05-31 00:00:00,impossible de joindre le service client,contact
V005429,67548,chat,2025-07-07 00:00:00,le remboursement n arrive pas,retour
V005430,75189,reclamation,2025-08-24 00:00:00,procedure de retour incomprehensible,retour
V005431,22122,reclamation,2025-06-09 00:00:00,conseiller tres aimable et efficace,contact
V005432,62450,reclamation,2026-08-03 00:00:00,personne ne repond au telephone,contact
V005433,61390,enquete,2026-07-05 00:00:00,la qualite n est pas au rendez vous,produit
V005434,63692,enquete,2025-09-30 00:00:00,bon rapport qualite prix,prix
V005435,57965,enquete,2025-11-01 00:00:00,procedure de retour incomprehensible,retour
V005436,57809,reclamation,2026-03-11 00:00:00,le colis est arrive en retard,livraison
V005437,20444,chat,2025-05-16 00:00:00,delai de livraison beaucoup trop long,livraison
V005438,32139,enquete,2026-04-22 00:00:00,procedure de retour incomprehensible,retour
V005439,10842,avis,2025-07-23 00:00:00,les prix ont augmente,prix
V005440,648,avis,2026-03-30 00:00:00,promotion interessante ce mois ci,prix
V005441,11159,enquete,2026-06-19 00:00:00,le remboursement n arrive pas,retour
V005442,61038,enquete,2026-06-01 00:00:00,bon rapport qualite prix,prix
V005443,57313,avis,2025-06-02 00:00:00,article conforme et solide,produit
V005444,26179,enquete,2025-09-05 00:00:00,le produit ne correspond pas a la photo,produit
V005445,58148,chat,2025-10-07 00:00:00,bon rapport qualite prix,prix
V005446,37320,avis,2026-04-18 00:00:00,personne ne repond au telephone,contact
V005447,8749,enquete,2026-03-29 00:00:00,la qualite n est pas au rendez vous,produit
V005448,9692,enquete,2025-10-08 00:00:00,procedure de retour incomprehensible,retour
V005449,10378,reclamation,2025-10-25 00:00:00,personne ne repond au telephone,contact
V005450,14499,avis,2025-10-16 00:00:00,la qualite n est pas au rendez vous,produit
V005451,68157,chat,2026-03-05 00:00:00,livraison pas rapide du tout,livraison
V005452,47263,avis,2025-07-30 00:00:00,article conforme et solide,produit
V005453,7640,enquete,2025-08-07 00:00:00,la qualite n est pas au rendez vous,produit
V005454,70706,enquete,2025-10-06 00:00:00,le colis est arrive en retard,livraison
V005455,33797,enquete,2026-02-06 00:00:00,le colis est arrive en retard,livraison
V005456,9319,chat,2025-06-22 00:00:00,le produit ne correspond pas a la photo,produit
V005457,62487,reclamation,2025-11-18 00:00:00,delai de livraison beaucoup trop long,livraison
V005458,12840,enquete,2026-03-22 00:00:00,procedure de retour incomprehensible,retour
V005459,54154,avis,2025-06-09 00:00:00,conseiller tres aimable et efficace,contact
V005460,11074,avis,2026-04-17 00:00:00,article conforme et solide,produit
V005461,11655,reclamation,2025-09-21 00:00:00,promotion interessante ce mois ci,prix
V005462,2511,reclamation,2026-07-11 00:00:00,impossible de retourner l article,retour
V005463,44162,avis,2026-03-04 00:00:00,la qualite n est pas au rendez vous,produit
V005464,35202,reclamation,2025-05-11 00:00:00,le colis est arrive en retard,livraison
V005465,14366,enquete,2025-09-17 00:00:00,article conforme et solide,produit
V005466,50858,chat,2026-06-23 00:00:00,le remboursement n arrive pas,retour
V005467,16317,avis,2026-03-21 00:00:00,la qualite n est pas au rendez vous,produit
V005468,7957,enquete,2025-10-22 00:00:00,la qualite n est pas au rendez vous,produit
V005469,55931,chat,2025-07-23 00:00:00,les prix ont augmente,prix
V005470,7505,enquete,2026-03-09 00:00:00,le remboursement n arrive pas,retour
V005471,49824,reclamation,2025-10-12 00:00:00,impossible de joindre le service client,contact
V005472,7782,avis,2025-12-30 00:00:00,impossible de retourner l article,retour
V005473,4039,avis,2026-05-10 00:00:00,la qualite n est pas au rendez vous,produit
V005474,1201,chat,2026-07-18 00:00:00,delai de livraison beaucoup trop long,livraison
V005475,69152,avis,2025-11-24 00:00:00,le colis est arrive en retard,livraison
V005476,45590,avis,2025-05-13 00:00:00,conseiller tres aimable et efficace,contact
V005477,12528,reclamation,2026-03-27 00:00:00,le remboursement n arrive pas,retour
V005478,62398,chat,2025-08-31 00:00:00,le remboursement n arrive pas,retour
V005479,44772,chat,2025-06-13 00:00:00,delai de livraison beaucoup trop long,livraison
V005480,24986,enquete,2025-06-07 00:00:00,le colis est arrive en retard,livraison
V005481,25291,avis,2025-10-09 00:00:00,impossible de joindre le service client,contact
V005482,50578,chat,2026-02-07 00:00:00,livraison pas rapide du tout,livraison
V005483,23548,chat,2026-04-29 00:00:00,procedure de retour incomprehensible,retour
V005484,58774,chat,2025-07-01 00:00:00,procedure de retour incomprehensible,retour
V005485,16768,enquete,2026-07-25 00:00:00,le colis est arrive en retard,livraison
V005486,5268,chat,2025-07-29 00:00:00,article conforme et solide,produit
V005487,33612,chat,2026-05-31 00:00:00,article conforme et solide,produit
V005488,59785,chat,2026-04-14 00:00:00,delai de livraison beaucoup trop long,livraison
V005489,30742,chat,2025-09-15 00:00:00,le remboursement n arrive pas,retour
V005490,7980,avis,2025-07-18 00:00:00,impossible de retourner l article,retour
V005491,39610,avis,2025-07-09 00:00:00,livraison pas rapide du tout,livraison
V005492,34224,reclamation,2026-04-21 00:00:00,le produit ne correspond pas a la photo,produit
V005493,59184,enquete,2025-10-08 00:00:00,le produit ne correspond pas a la photo,produit
V005494,67364,avis,2025-10-22 00:00:00,procedure de retour incomprehensible,retour
V005495,53369,enquete,2025-05-21 00:00:00,livraison pas rapide du tout,livraison
V005496,77142,enquete,2025-09-14 00:00:00,delai de livraison beaucoup trop long,livraison
V005497,14194,avis,2025-07-24 00:00:00,les prix ont augmente,prix
V005498,59487,enquete,2025-06-04 00:00:00,promotion interessante ce mois ci,prix
V005499,34817,avis,2026-04-30 00:00:00,le colis est arrive en retard,livraison
V005500,5848,chat,2025-12-18 00:00:00,delai de livraison beaucoup trop long,livraison
V005501,45982,avis,2025-09-15 00:00:00,personne ne repond au telephone,contact
V005502,20289,avis,2025-08-02 00:00:00,procedure de retour incomprehensible,retour
V005503,54220,enquete,2025-12-31 00:00:00,les prix ont augmente,prix
V005504,11779,avis,2025-07-31 00:00:00,personne ne repond au telephone,contact
V005505,63974,chat,2026-03-27 00:00:00,procedure de retour incomprehensible,retour
V005506,57134,avis,2025-06-24 00:00:00,procedure de retour incomprehensible,retour
V005507,67253,chat,2026-07-25 00:00:00,conseiller tres aimable et efficace,contact
V005508,42601,enquete,2026-05-19 00:00:00,delai de livraison beaucoup trop long,livraison
V005509,7294,avis,2026-01-17 00:00:00,promotion interessante ce mois ci,prix
V005510,47476,enquete,2025-11-28 00:00:00,procedure de retour incomprehensible,retour
V005511,4484,enquete,2026-01-22 00:00:00,impossible de retourner l article,retour
V005512,30987,chat,2026-03-22 00:00:00,le colis est arrive en retard,livraison
V005513,76491,reclamation,2025-12-15 00:00:00,bon rapport qualite prix,prix
V005514,59872,chat,2026-03-14 00:00:00,le colis est arrive en retard,livraison
V005515,7569,reclamation,2026-01-08 00:00:00,le colis est arrive en retard,livraison
V005516,4409,reclamation,2025-08-21 00:00:00,article conforme et solide,produit
V005517,2260,avis,2026-05-02 00:00:00,la qualite n est pas au rendez vous,produit
V005518,29098,reclamation,2025-11-23 00:00:00,promotion interessante ce mois ci,prix
V005519,303,reclamation,2026-01-15 00:00:00,impossible de joindre le service client,contact
V005520,27274,avis,2026-08-08 00:00:00,impossible de retourner l article,retour
V005521,17548,reclamation,2026-02-10 00:00:00,les prix ont augmente,prix
V005522,49398,chat,2026-08-06 00:00:00,livraison pas rapide du tout,livraison
V005523,22222,reclamation,2026-08-02 00:00:00,le remboursement n arrive pas,retour
V005524,38793,avis,2025-05-01 00:00:00,article conforme et solide,produit
V005525,53569,enquete,2025-06-21 00:00:00,procedure de retour incomprehensible,retour
V005526,44380,avis,2026-01-23 00:00:00,impossible de retourner l article,retour
V005527,72225,avis,2026-02-17 00:00:00,personne ne repond au telephone,contact
V005528,61733,enquete,2025-09-01 00:00:00,bon rapport qualite prix,prix
V005529,27685,avis,2025-08-01 00:00:00,la qualite n est pas au rendez vous,produit
V005530,43420,avis,2026-07-05 00:00:00,conseiller tres aimable et efficace,contact
V005531,26364,avis,2026-06-18 00:00:00,article conforme et solide,produit
V005532,41201,enquete,2026-05-19 00:00:00,article conforme et solide,produit
V005533,40621,reclamation,2025-06-27 00:00:00,delai de livraison beaucoup trop long,livraison
V005534,34784,avis,2025-12-31 00:00:00,procedure de retour incomprehensible,retour
V005535,17513,enquete,2025-05-28 00:00:00,procedure de retour incomprehensible,retour
V005536,63659,enquete,2025-11-18 00:00:00,promotion interessante ce mois ci,prix
V005537,49001,enquete,2025-11-11 00:00:00,le colis est arrive en retard,livraison
V005538,6193,avis,2025-06-17 00:00:00,promotion interessante ce mois ci,prix
V005539,3871,reclamation,2026-03-10 00:00:00,les prix ont augmente,prix
V005540,37325,chat,2025-12-13 00:00:00,impossible de joindre le service client,contact
V005541,43869,reclamation,2026-03-04 00:00:00,article conforme et solide,produit
V005542,61872,chat,2025-08-25 00:00:00,la qualite n est pas au rendez vous,produit
V005543,66509,enquete,2025-12-02 00:00:00,livraison pas rapide du tout,livraison
V005544,21053,avis,2025-05-01 00:00:00,le colis est arrive en retard,livraison
V005545,43170,enquete,2025-10-11 00:00:00,impossible de joindre le service client,contact
V005546,28188,reclamation,2025-08-11 00:00:00,bon rapport qualite prix,prix
V005547,21591,reclamation,2026-04-01 00:00:00,article conforme et solide,produit
V005548,52633,enquete,2026-01-02 00:00:00,impossible de retourner l article,retour
V005549,16501,avis,2025-06-13 00:00:00,les prix ont augmente,prix
V005550,70540,enquete,2025-08-29 00:00:00,conseiller tres aimable et efficace,contact
V005551,41068,reclamation,2026-06-09 00:00:00,promotion interessante ce mois ci,prix
V005552,16348,reclamation,2026-07-07 00:00:00,la qualite n est pas au rendez vous,produit
V005553,61431,reclamation,2025-04-28 00:00:00,impossible de joindre le service client,contact
V005554,71202,reclamation,2025-10-31 00:00:00,le remboursement n arrive pas,retour
V005555,16290,avis,2026-03-06 00:00:00,promotion interessante ce mois ci,prix
V005556,73753,enquete,2026-08-13 00:00:00,les prix ont augmente,prix
V005557,9315,enquete,2026-05-13 00:00:00,le colis est arrive en retard,livraison
V005558,74266,reclamation,2025-05-07 00:00:00,impossible de joindre le service client,contact
V005559,35881,avis,2025-09-24 00:00:00,delai de livraison beaucoup trop long,livraison
V005560,45559,avis,2025-06-12 00:00:00,le colis est arrive en retard,livraison
V005561,38835,reclamation,2025-09-01 00:00:00,procedure de retour incomprehensible,retour
V005562,15275,avis,2025-06-11 00:00:00,bon rapport qualite prix,prix
V005563,76969,reclamation,2025-08-28 00:00:00,article conforme et solide,produit
V005564,71564,chat,2026-07-01 00:00:00,la qualite n est pas au rendez vous,produit
V005565,42059,reclamation,2025-12-13 00:00:00,procedure de retour incomprehensible,retour
V005566,31551,chat,2025-04-16 00:00:00,impossible de joindre le service client,contact
V005567,29804,chat,2026-08-03 00:00:00,le remboursement n arrive pas,retour
V005568,43647,enquete,2025-09-21 00:00:00,promotion interessante ce mois ci,prix
V005569,36873,enquete,2026-08-06 00:00:00,bon rapport qualite prix,prix
V005570,47818,enquete,2026-07-07 00:00:00,promotion interessante ce mois ci,prix
V005571,41257,avis,2026-07-04 00:00:00,personne ne repond au telephone,contact
V005572,18701,chat,2026-05-16 00:00:00,la qualite n est pas au rendez vous,produit
V005573,72515,avis,2026-08-18 00:00:00,procedure de retour incomprehensible,retour
V005574,64336,reclamation,2026-05-11 00:00:00,personne ne repond au telephone,contact
V005575,67747,chat,2025-11-26 00:00:00,promotion interessante ce mois ci,prix
V005576,39518,chat,2026-04-11 00:00:00,impossible de joindre le service client,contact
V005577,61758,reclamation,2025-12-21 00:00:00,bon rapport qualite prix,prix
V005578,58455,enquete,2025-05-04 00:00:00,la qualite n est pas au rendez vous,produit
V005579,49227,avis,2025-09-04 00:00:00,les prix ont augmente,prix
V005580,55107,chat,2026-04-28 00:00:00,personne ne repond au telephone,contact
V005581,775,avis,2026-06-17 00:00:00,bon rapport qualite prix,prix
V005582,21186,reclamation,2025-06-27 00:00:00,delai de livraison beaucoup trop long,livraison
V005583,60062,chat,2025-07-12 00:00:00,impossible de joindre le service client,contact
V005584,51087,reclamation,2026-05-11 00:00:00,le colis est arrive en retard,livraison
V005585,64453,chat,2026-01-01 00:00:00,les prix ont augmente,prix
V005586,52074,chat,2025-04-24 00:00:00,article conforme et solide,produit
V005587,9950,enquete,2025-11-20 00:00:00,les prix ont augmente,prix
V005588,67728,chat,2025-06-05 00:00:00,promotion interessante ce mois ci,prix
V005589,27408,enquete,2026-04-17 00:00:00,conseiller tres aimable et efficace,contact
V005590,6410,reclamation,2026-07-04 00:00:00,procedure de retour incomprehensible,retour
V005591,53378,avis,2025-11-11 00:00:00,la qualite n est pas au rendez vous,produit
V005592,68977,enquete,2025-10-31 00:00:00,impossible de joindre le service client,contact
V005593,19284,chat,2026-07-13 00:00:00,impossible de joindre le service client,contact
V005594,9785,reclamation,2025-04-24 00:00:00,les prix ont augmente,prix
V005595,32037,enquete,2026-04-17 00:00:00,le colis est arrive en retard,livraison
V005596,51911,reclamation,2026-06-04 00:00:00,procedure de retour incomprehensible,retour
V005597,5842,chat,2025-11-15 00:00:00,article conforme et solide,produit
V005598,46901,reclamation,2026-03-17 00:00:00,le remboursement n arrive pas,retour
V005599,4086,enquete,2026-08-05 00:00:00,bon rapport qualite prix,prix
V005600,39506,avis,2025-08-14 00:00:00,procedure de retour incomprehensible,retour
V005601,66891,chat,2026-06-05 00:00:00,la qualite n est pas au rendez vous,produit
V005602,24853,enquete,2025-12-28 00:00:00,promotion interessante ce mois ci,prix
V005603,7661,enquete,2025-07-08 00:00:00,la qualite n est pas au rendez vous,produit
V005604,64411,reclamation,2025-09-30 00:00:00,le colis est arrive en retard,livraison
V005605,77700,enquete,2026-07-21 00:00:00,le remboursement n arrive pas,retour
V005606,64770,avis,2025-08-10 00:00:00,delai de livraison beaucoup trop long,livraison
V005607,954,avis,2026-04-10 00:00:00,le produit ne correspond pas a la photo,produit
V005608,63995,reclamation,2025-12-28 00:00:00,la qualite n est pas au rendez vous,produit
V005609,68855,chat,2025-05-03 00:00:00,conseiller tres aimable et efficace,contact
V005610,53314,reclamation,2026-05-12 00:00:00,bon rapport qualite prix,prix
V005611,36510,reclamation,2026-05-18 00:00:00,les prix ont augmente,prix
V005612,9019,enquete,2026-04-06 00:00:00,le colis est arrive en retard,livraison
V005613,22790,chat,2026-08-12 00:00:00,procedure de retour incomprehensible,retour
V005614,47494,avis,2026-02-06 00:00:00,le colis est arrive en retard,livraison
V005615,43610,enquete,2026-01-20 00:00:00,bon rapport qualite prix,prix
V005616,47204,enquete,2025-11-22 00:00:00,la qualite n est pas au rendez vous,produit
V005617,27627,reclamation,2025-06-11 00:00:00,le remboursement n arrive pas,retour
V005618,30008,chat,2026-05-09 00:00:00,le colis est arrive en retard,livraison
V005619,50848,avis,2025-11-21 00:00:00,article conforme et solide,produit
V005620,64868,enquete,2025-07-29 00:00:00,le colis est arrive en retard,livraison
V005621,73095,enquete,2025-04-23 00:00:00,conseiller tres aimable et efficace,contact
V005622,2811,reclamation,2026-05-09 00:00:00,le remboursement n arrive pas,retour
V005623,28557,chat,2026-08-01 00:00:00,procedure de retour incomprehensible,retour
V005624,63841,chat,2025-08-02 00:00:00,bon rapport qualite prix,prix
V005625,2016,avis,2026-01-29 00:00:00,le colis est arrive en retard,livraison
V005626,33966,avis,2026-05-04 00:00:00,promotion interessante ce mois ci,prix
V005627,19431,avis,2025-06-18 00:00:00,bon rapport qualite prix,prix
V005628,70632,chat,2026-01-19 00:00:00,livraison pas rapide du tout,livraison
V005629,78533,avis,2026-03-24 00:00:00,procedure de retour incomprehensible,retour
V005630,8741,chat,2025-10-08 00:00:00,les prix ont augmente,prix
V005631,34999,avis,2026-02-26 00:00:00,delai de livraison beaucoup trop long,livraison
V005632,67882,chat,2025-11-03 00:00:00,impossible de joindre le service client,contact
V005633,41920,reclamation,2025-06-11 00:00:00,promotion interessante ce mois ci,prix
V005634,26736,avis,2026-04-02 00:00:00,impossible de retourner l article,retour
V005635,19205,reclamation,2026-01-27 00:00:00,impossible de joindre le service client,contact
V005636,33795,avis,2025-06-19 00:00:00,les prix ont augmente,prix
V005637,21855,chat,2025-06-28 00:00:00,la qualite n est pas au rendez vous,produit
V005638,75475,reclamation,2025-07-01 00:00:00,le produit ne correspond pas a la photo,produit
V005639,9572,avis,2025-11-06 00:00:00,le produit ne correspond pas a la photo,produit
V005640,36103,chat,2025-06-21 00:00:00,le remboursement n arrive pas,retour
V005641,17514,reclamation,2026-07-25 00:00:00,le produit ne correspond pas a la photo,produit
V005642,64074,enquete,2025-06-27 00:00:00,la qualite n est pas au rendez vous,produit
V005643,26665,reclamation,2025-09-15 00:00:00,livraison pas rapide du tout,livraison
V005644,77444,enquete,2025-05-25 00:00:00,procedure de retour incomprehensible,retour
V005645,65362,chat,2026-05-06 00:00:00,procedure de retour incomprehensible,retour
V005646,22529,avis,2026-05-16 00:00:00,le colis est arrive en retard,livraison
V005647,50391,reclamation,2026-07-27 00:00:00,impossible de joindre le service client,contact
V005648,66045,chat,2025-09-22 00:00:00,le remboursement n arrive pas,retour
V005649,78511,chat,2025-07-06 00:00:00,impossible de joindre le service client,contact
V005650,77901,enquete,2025-06-20 00:00:00,le colis est arrive en retard,livraison
V005651,7681,enquete,2025-10-28 00:00:00,livraison pas rapide du tout,livraison
V005652,52726,reclamation,2026-07-20 00:00:00,impossible de retourner l article,retour
V005653,18064,chat,2026-07-07 00:00:00,promotion interessante ce mois ci,prix
V005654,64036,chat,2026-07-24 00:00:00,le produit ne correspond pas a la photo,produit
V005655,70739,enquete,2026-04-13 00:00:00,les prix ont augmente,prix
V005656,37543,reclamation,2026-03-07 00:00:00,delai de livraison beaucoup trop long,livraison
V005657,65908,avis,2026-07-29 00:00:00,livraison pas rapide du tout,livraison
V005658,37820,chat,2025-05-23 00:00:00,la qualite n est pas au rendez vous,produit
V005659,28518,chat,2025-08-22 00:00:00,livraison pas rapide du tout,livraison
V005660,37920,avis,2025-08-04 00:00:00,conseiller tres aimable et efficace,contact
V005661,27642,chat,2025-10-06 00:00:00,delai de livraison beaucoup trop long,livraison
V005662,23425,reclamation,2025-12-16 00:00:00,les prix ont augmente,prix
V005663,36826,chat,2026-04-06 00:00:00,les prix ont augmente,prix
V005664,18718,avis,2025-08-15 00:00:00,bon rapport qualite prix,prix
V005665,53452,chat,2026-01-31 00:00:00,article conforme et solide,produit
V005666,9775,avis,2025-12-01 00:00:00,le produit ne correspond pas a la photo,produit
V005667,52886,enquete,2026-02-26 00:00:00,livraison pas rapide du tout,livraison
V005668,31555,avis,2026-04-22 00:00:00,personne ne repond au telephone,contact
V005669,47513,chat,2026-05-30 00:00:00,promotion interessante ce mois ci,prix
V005670,61281,reclamation,2026-08-04 00:00:00,promotion interessante ce mois ci,prix
V005671,14585,chat,2026-04-13 00:00:00,le produit ne correspond pas a la photo,produit
V005672,67229,chat,2026-06-02 00:00:00,le colis est arrive en retard,livraison
V005673,35847,enquete,2025-09-13 00:00:00,impossible de retourner l article,retour
V005674,5016,avis,2025-11-29 00:00:00,delai de livraison beaucoup trop long,livraison
V005675,63167,chat,2025-08-11 00:00:00,impossible de retourner l article,retour
V005676,69633,enquete,2025-06-05 00:00:00,promotion interessante ce mois ci,prix
V005677,28368,enquete,2025-07-09 00:00:00,conseiller tres aimable et efficace,contact
V005678,16348,chat,2026-08-11 00:00:00,le colis est arrive en retard,livraison
V005679,44034,enquete,2025-07-19 00:00:00,livraison pas rapide du tout,livraison
V005680,31216,chat,2025-05-24 00:00:00,le colis est arrive en retard,livraison
V005681,22002,reclamation,2026-03-21 00:00:00,livraison pas rapide du tout,livraison
V005682,49882,reclamation,2025-10-11 00:00:00,le colis est arrive en retard,livraison
V005683,67767,avis,2025-05-22 00:00:00,livraison pas rapide du tout,livraison
V005684,6461,avis,2026-05-13 00:00:00,le remboursement n arrive pas,retour
V005685,43918,chat,2025-08-16 00:00:00,bon rapport qualite prix,prix
V005686,54297,enquete,2025-07-02 00:00:00,promotion interessante ce mois ci,prix
V005687,69966,avis,2025-06-25 00:00:00,livraison pas rapide du tout,livraison
V005688,73000,enquete,2026-04-16 00:00:00,impossible de joindre le service client,contact
V005689,59118,avis,2025-08-03 00:00:00,les prix ont augmente,prix
V005690,66238,enquete,2025-05-17 00:00:00,la qualite n est pas au rendez vous,produit
V005691,39203,enquete,2025-09-01 00:00:00,personne ne repond au telephone,contact
V005692,48558,chat,2025-07-08 00:00:00,livraison pas rapide du tout,livraison
V005693,13076,chat,2025-06-30 00:00:00,delai de livraison beaucoup trop long,livraison
V005694,61168,enquete,2026-02-24 00:00:00,personne ne repond au telephone,contact
V005695,27623,reclamation,2026-03-07 00:00:00,impossible de joindre le service client,contact
V005696,41564,enquete,2025-10-11 00:00:00,livraison pas rapide du tout,livraison
V005697,29962,reclamation,2026-04-25 00:00:00,les prix ont augmente,prix
V005698,62153,reclamation,2025-10-26 00:00:00,le colis est arrive en retard,livraison
V005699,20665,chat,2025-04-12 00:00:00,le colis est arrive en retard,livraison
V005700,34405,avis,2026-03-10 00:00:00,personne ne repond au telephone,contact
V005701,72558,avis,2026-05-28 00:00:00,livraison pas rapide du tout,livraison
V005702,42612,reclamation,2025-10-25 00:00:00,delai de livraison beaucoup trop long,livraison
V005703,57285,avis,2025-07-06 00:00:00,personne ne repond au telephone,contact
V005704,56279,reclamation,2026-01-13 00:00:00,article conforme et solide,produit
V005705,841,avis,2025-10-16 00:00:00,la qualite n est pas au rendez vous,produit
V005706,66917,avis,2026-03-13 00:00:00,la qualite n est pas au rendez vous,produit
V005707,37339,enquete,2025-06-21 00:00:00,conseiller tres aimable et efficace,contact
V005708,35503,avis,2025-11-06 00:00:00,bon rapport qualite prix,prix
V005709,49028,enquete,2026-03-28 00:00:00,delai de livraison beaucoup trop long,livraison
V005710,50376,chat,2026-03-11 00:00:00,delai de livraison beaucoup trop long,livraison
V005711,33731,enquete,2026-03-30 00:00:00,bon rapport qualite prix,prix
V005712,14759,chat,2025-07-05 00:00:00,procedure de retour incomprehensible,retour
V005713,31636,enquete,2025-11-19 00:00:00,le colis est arrive en retard,livraison
V005714,76449,chat,2025-12-27 00:00:00,le remboursement n arrive pas,retour
V005715,15252,chat,2026-04-14 00:00:00,livraison pas rapide du tout,livraison
V005716,39741,reclamation,2026-03-31 00:00:00,le colis est arrive en retard,livraison
V005717,56010,chat,2025-12-26 00:00:00,personne ne repond au telephone,contact
V005718,25744,enquete,2025-05-30 00:00:00,article conforme et solide,produit
V005719,43756,enquete,2025-05-16 00:00:00,le remboursement n arrive pas,retour
V005720,75206,enquete,2025-12-19 00:00:00,les prix ont augmente,prix
V005721,52640,avis,2025-09-03 00:00:00,conseiller tres aimable et efficace,contact
V005722,50900,chat,2026-06-11 00:00:00,le remboursement n arrive pas,retour
V005723,21060,reclamation,2025-04-28 00:00:00,impossible de retourner l article,retour
V005724,18092,enquete,2025-07-02 00:00:00,article conforme et solide,produit
V005725,15179,chat,2026-04-29 00:00:00,le remboursement n arrive pas,retour
V005726,11938,reclamation,2025-12-05 00:00:00,la qualite n est pas au rendez vous,produit
V005727,36762,chat,2026-01-16 00:00:00,impossible de joindre le service client,contact
V005728,50194,enquete,2025-09-01 00:00:00,la qualite n est pas au rendez vous,produit
V005729,41229,avis,2025-10-03 00:00:00,procedure de retour incomprehensible,retour
V005730,75163,chat,2025-08-06 00:00:00,impossible de joindre le service client,contact
V005731,63681,enquete,2026-03-16 00:00:00,le colis est arrive en retard,livraison
V005732,24866,chat,2026-01-08 00:00:00,conseiller tres aimable et efficace,contact
V005733,72919,avis,2026-02-05 00:00:00,livraison pas rapide du tout,livraison
V005734,4148,avis,2025-04-14 00:00:00,livraison pas rapide du tout,livraison
V005735,5206,reclamation,2025-09-02 00:00:00,delai de livraison beaucoup trop long,livraison
V005736,50211,chat,2026-04-18 00:00:00,livraison pas rapide du tout,livraison
V005737,64179,enquete,2025-09-04 00:00:00,livraison pas rapide du tout,livraison
V005738,2683,reclamation,2026-03-03 00:00:00,impossible de retourner l article,retour
V005739,17225,avis,2026-01-27 00:00:00,bon rapport qualite prix,prix
V005740,31377,enquete,2025-10-14 00:00:00,impossible de joindre le service client,contact
V005741,22472,reclamation,2025-06-21 00:00:00,impossible de retourner l article,retour
V005742,51268,avis,2026-08-06 00:00:00,bon rapport qualite prix,prix
V005743,56651,reclamation,2025-07-07 00:00:00,le colis est arrive en retard,livraison
V005744,4107,chat,2025-12-26 00:00:00,le colis est arrive en retard,livraison
V005745,41404,enquete,2026-01-28 00:00:00,promotion interessante ce mois ci,prix
V005746,30306,reclamation,2025-05-25 00:00:00,livraison pas rapide du tout,livraison
V005747,17951,reclamation,2025-12-24 00:00:00,procedure de retour incomprehensible,retour
V005748,63218,enquete,2025-08-07 00:00:00,personne ne repond au telephone,contact
V005749,1892,chat,2026-01-29 00:00:00,impossible de joindre le service client,contact
V005750,11634,chat,2026-07-16 00:00:00,procedure de retour incomprehensible,retour
V005751,34513,avis,2026-05-23 00:00:00,le remboursement n arrive pas,retour
V005752,36140,avis,2025-12-02 00:00:00,impossible de retourner l article,retour
V005753,42018,enquete,2025-09-11 00:00:00,personne ne repond au telephone,contact
V005754,12249,avis,2025-05-23 00:00:00,procedure de retour incomprehensible,retour
V005755,67017,enquete,2026-01-17 00:00:00,la qualite n est pas au rendez vous,produit
V005756,31650,chat,2026-08-07 00:00:00,impossible de retourner l article,retour
V005757,11290,enquete,2026-03-22 00:00:00,article conforme et solide,produit
V005758,50414,avis,2026-04-10 00:00:00,personne ne repond au telephone,contact
V005759,34109,reclamation,2025-08-21 00:00:00,conseiller tres aimable et efficace,contact
V005760,32582,reclamation,2026-01-10 00:00:00,impossible de retourner l article,retour
V005761,2574,enquete,2025-12-21 00:00:00,le produit ne correspond pas a la photo,produit
V005762,71781,chat,2025-11-28 00:00:00,delai de livraison beaucoup trop long,livraison
V005763,54285,avis,2026-01-05 00:00:00,le remboursement n arrive pas,retour
V005764,74228,avis,2026-03-16 00:00:00,livraison pas rapide du tout,livraison
V005765,57376,enquete,2026-01-12 00:00:00,personne ne repond au telephone,contact
V005766,71037,enquete,2025-08-03 00:00:00,article conforme et solide,produit
V005767,29233,avis,2025-04-10 00:00:00,article conforme et solide,produit
V005768,33782,enquete,2026-02-12 00:00:00,personne ne repond au telephone,contact
V005769,44855,reclamation,2025-11-23 00:00:00,personne ne repond au telephone,contact
V005770,15378,chat,2025-06-05 00:00:00,livraison pas rapide du tout,livraison
V005771,7614,reclamation,2025-09-14 00:00:00,les prix ont augmente,prix
V005772,24960,chat,2026-02-11 00:00:00,article conforme et solide,produit
V005773,56957,avis,2026-05-23 00:00:00,les prix ont augmente,prix
V005774,23323,chat,2026-07-22 00:00:00,delai de livraison beaucoup trop long,livraison
V005775,39719,enquete,2026-01-18 00:00:00,bon rapport qualite prix,prix
V005776,10477,chat,2026-01-13 00:00:00,article conforme et solide,produit
V005777,76319,avis,2026-01-28 00:00:00,procedure de retour incomprehensible,retour
V005778,69002,enquete,2025-09-12 00:00:00,le remboursement n arrive pas,retour
V005779,8511,enquete,2025-04-30 00:00:00,le remboursement n arrive pas,retour
V005780,76926,avis,2025-11-20 00:00:00,les prix ont augmente,prix
V005781,52975,avis,2025-08-29 00:00:00,les prix ont augmente,prix
V005782,9540,enquete,2025-04-29 00:00:00,procedure de retour incomprehensible,retour
V005783,68084,enquete,2025-10-24 00:00:00,personne ne repond au telephone,contact
V005784,868,avis,2026-03-09 00:00:00,le produit ne correspond pas a la photo,produit
V005785,8777,chat,2026-01-22 00:00:00,impossible de joindre le service client,contact
V005786,48585,chat,2025-10-13 00:00:00,personne ne repond au telephone,contact
V005787,68562,reclamation,2026-03-25 00:00:00,procedure de retour incomprehensible,retour
V005788,60602,chat,2025-04-28 00:00:00,delai de livraison beaucoup trop long,livraison
V005789,69377,avis,2026-02-07 00:00:00,impossible de retourner l article,retour
V005790,71605,chat,2026-08-19 00:00:00,impossible de retourner l article,retour
V005791,66082,reclamation,2026-01-17 00:00:00,la qualite n est pas au rendez vous,produit
V005792,5926,chat,2025-04-22 00:00:00,delai de livraison beaucoup trop long,livraison
V005793,13556,chat,2025-06-04 00:00:00,les prix ont augmente,prix
V005794,40107,avis,2025-08-26 00:00:00,le remboursement n arrive pas,retour
V005795,29024,enquete,2025-08-11 00:00:00,livraison pas rapide du tout,livraison
V005796,16096,enquete,2026-04-07 00:00:00,le produit ne correspond pas a la photo,produit
V005797,9441,enquete,2025-05-25 00:00:00,le produit ne correspond pas a la photo,produit
V005798,50051,chat,2025-07-06 00:00:00,le remboursement n arrive pas,retour
V005799,35751,reclamation,2026-06-09 00:00:00,conseiller tres aimable et efficace,contact
V005800,9513,reclamation,2025-11-26 00:00:00,le colis est arrive en retard,livraison
V005801,18002,avis,2025-11-13 00:00:00,impossible de joindre le service client,contact
V005802,78022,reclamation,2026-03-12 00:00:00,procedure de retour incomprehensible,retour
V005803,1324,chat,2026-05-13 00:00:00,personne ne repond au telephone,contact
V005804,33142,avis,2026-05-24 00:00:00,la qualite n est pas au rendez vous,produit
V005805,4596,chat,2025-05-03 00:00:00,procedure de retour incomprehensible,retour
V005806,60668,enquete,2026-03-29 00:00:00,promotion interessante ce mois ci,prix
V005807,67910,chat,2026-06-17 00:00:00,article conforme et solide,produit
V005808,46708,reclamation,2026-07-20 00:00:00,le remboursement n arrive pas,retour
V005809,4482,enquete,2025-05-15 00:00:00,bon rapport qualite prix,prix
V005810,56787,enquete,2026-08-12 00:00:00,le remboursement n arrive pas,retour
V005811,48952,avis,2026-05-14 00:00:00,les prix ont augmente,prix
V005812,16772,avis,2025-05-30 00:00:00,impossible de joindre le service client,contact
V005813,43811,reclamation,2026-06-08 00:00:00,article conforme et solide,produit
V005814,73810,enquete,2026-04-08 00:00:00,delai de livraison beaucoup trop long,livraison
V005815,53015,enquete,2026-04-06 00:00:00,delai de livraison beaucoup trop long,livraison
V005816,55703,reclamation,2025-07-29 00:00:00,promotion interessante ce mois ci,prix
V005817,28972,chat,2026-04-27 00:00:00,personne ne repond au telephone,contact
V005818,67611,enquete,2026-06-04 00:00:00,les prix ont augmente,prix
V005819,30,reclamation,2025-10-19 00:00:00,le produit ne correspond pas a la photo,produit
V005820,44367,avis,2025-10-19 00:00:00,la qualite n est pas au rendez vous,produit
V005821,29940,enquete,2025-09-05 00:00:00,procedure de retour incomprehensible,retour
V005822,6299,enquete,2026-07-10 00:00:00,le colis est arrive en retard,livraison
V005823,48459,avis,2025-06-20 00:00:00,procedure de retour incomprehensible,retour
V005824,17753,avis,2025-06-17 00:00:00,le remboursement n arrive pas,retour
V005825,2706,avis,2025-08-05 00:00:00,les prix ont augmente,prix
V005826,57934,avis,2025-12-16 00:00:00,le colis est arrive en retard,livraison
V005827,46208,avis,2025-04-25 00:00:00,article conforme et solide,produit
V005828,52696,enquete,2025-04-21 00:00:00,impossible de joindre le service client,contact
V005829,20271,enquete,2026-04-15 00:00:00,article conforme et solide,produit
V005830,22298,chat,2026-06-13 00:00:00,livraison pas rapide du tout,livraison
V005831,45961,avis,2025-12-26 00:00:00,article conforme et solide,produit
V005832,65788,reclamation,2025-11-27 00:00:00,procedure de retour incomprehensible,retour
V005833,47913,reclamation,2025-08-17 00:00:00,personne ne repond au telephone,contact
V005834,48809,reclamation,2025-10-12 00:00:00,personne ne repond au telephone,contact
V005835,42117,avis,2025-10-14 00:00:00,livraison pas rapide du tout,livraison
V005836,30688,reclamation,2025-12-01 00:00:00,delai de livraison beaucoup trop long,livraison
V005837,70812,enquete,2026-06-18 00:00:00,le remboursement n arrive pas,retour
V005838,40325,avis,2025-12-02 00:00:00,la qualite n est pas au rendez vous,produit
V005839,79011,avis,2026-07-20 00:00:00,livraison pas rapide du tout,livraison
V005840,38625,chat,2026-02-13 00:00:00,la qualite n est pas au rendez vous,produit
V005841,10505,chat,2026-05-17 00:00:00,le produit ne correspond pas a la photo,produit
V005842,51588,avis,2026-01-14 00:00:00,le remboursement n arrive pas,retour
V005843,17686,enquete,2026-04-12 00:00:00,bon rapport qualite prix,prix
V005844,19338,reclamation,2026-04-18 00:00:00,le produit ne correspond pas a la photo,produit
V005845,56910,reclamation,2025-06-28 00:00:00,conseiller tres aimable et efficace,contact
V005846,74009,reclamation,2026-04-04 00:00:00,le colis est arrive en retard,livraison
V005847,3204,chat,2026-04-08 00:00:00,impossible de retourner l article,retour
V005848,26034,enquete,2026-02-08 00:00:00,bon rapport qualite prix,prix
V005849,52062,reclamation,2025-05-29 00:00:00,procedure de retour incomprehensible,retour
V005850,49142,enquete,2026-03-19 00:00:00,impossible de retourner l article,retour
V005851,4060,chat,2025-05-19 00:00:00,impossible de joindre le service client,contact
V005852,24613,avis,2026-04-12 00:00:00,delai de livraison beaucoup trop long,livraison
V005853,6913,chat,2025-04-16 00:00:00,personne ne repond au telephone,contact
V005854,45336,avis,2025-04-27 00:00:00,le remboursement n arrive pas,retour
V005855,30721,enquete,2026-02-08 00:00:00,procedure de retour incomprehensible,retour
V005856,2060,chat,2025-04-17 00:00:00,le remboursement n arrive pas,retour
V005857,55908,avis,2026-06-19 00:00:00,le remboursement n arrive pas,retour
V005858,8105,enquete,2025-06-09 00:00:00,bon rapport qualite prix,prix
V005859,6461,chat,2025-05-25 00:00:00,impossible de retourner l article,retour
V005860,79002,enquete,2025-05-10 00:00:00,personne ne repond au telephone,contact
V005861,46145,chat,2025-07-04 00:00:00,le produit ne correspond pas a la photo,produit
V005862,65964,chat,2026-06-12 00:00:00,le colis est arrive en retard,livraison
V005863,59516,avis,2025-11-05 00:00:00,personne ne repond au telephone,contact
V005864,28398,chat,2025-05-14 00:00:00,article conforme et solide,produit
V005865,45833,chat,2025-04-19 00:00:00,promotion interessante ce mois ci,prix
V005866,24930,enquete,2026-04-07 00:00:00,les prix ont augmente,prix
V005867,6534,chat,2026-01-28 00:00:00,les prix ont augmente,prix
V005868,47630,reclamation,2026-02-18 00:00:00,procedure de retour incomprehensible,retour
V005869,46922,chat,2025-09-21 00:00:00,le remboursement n arrive pas,retour
V005870,33948,reclamation,2026-02-12 00:00:00,impossible de joindre le service client,contact
V005871,15964,avis,2025-08-31 00:00:00,les prix ont augmente,prix
V005872,11365,reclamation,2026-01-04 00:00:00,bon rapport qualite prix,prix
V005873,5681,enquete,2025-11-07 00:00:00,promotion interessante ce mois ci,prix
V005874,60955,avis,2025-04-08 00:00:00,le remboursement n arrive pas,retour
V005875,68282,avis,2026-05-09 00:00:00,delai de livraison beaucoup trop long,livraison
V005876,6673,enquete,2026-08-14 00:00:00,impossible de retourner l article,retour
V005877,72309,enquete,2025-10-30 00:00:00,le produit ne correspond pas a la photo,produit
V005878,58900,chat,2025-04-16 00:00:00,delai de livraison beaucoup trop long,livraison
V005879,4495,avis,2025-10-16 00:00:00,la qualite n est pas au rendez vous,produit
V005880,529,enquete,2026-03-19 00:00:00,delai de livraison beaucoup trop long,livraison
V005881,10160,enquete,2025-12-01 00:00:00,article conforme et solide,produit
V005882,58059,reclamation,2026-01-15 00:00:00,bon rapport qualite prix,prix
V005883,37529,chat,2025-06-06 00:00:00,la qualite n est pas au rendez vous,produit
V005884,42324,enquete,2026-04-05 00:00:00,livraison pas rapide du tout,livraison
V005885,79012,avis,2025-11-19 00:00:00,le colis est arrive en retard,livraison
V005886,43535,chat,2025-08-14 00:00:00,les prix ont augmente,prix
V005887,9545,reclamation,2026-02-27 00:00:00,delai de livraison beaucoup trop long,livraison
V005888,23921,chat,2025-06-15 00:00:00,personne ne repond au telephone,contact
V005889,23891,reclamation,2026-02-19 00:00:00,promotion interessante ce mois ci,prix
V005890,6242,reclamation,2026-05-04 00:00:00,le produit ne correspond pas a la photo,produit
V005891,37552,avis,2025-12-17 00:00:00,impossible de joindre le service client,contact
V005892,48063,reclamation,2026-05-02 00:00:00,article conforme et solide,produit
V005893,65360,reclamation,2025-10-07 00:00:00,conseiller tres aimable et efficace,contact
V005894,79862,reclamation,2025-04-16 00:00:00,la qualite n est pas au rendez vous,produit
V005895,57978,reclamation,2025-10-05 00:00:00,le remboursement n arrive pas,retour
V005896,55780,chat,2026-01-04 00:00:00,article conforme et solide,produit
V005897,79701,chat,2026-08-11 00:00:00,le remboursement n arrive pas,retour
V005898,4466,avis,2026-01-12 00:00:00,delai de livraison beaucoup trop long,livraison
V005899,9585,chat,2025-07-07 00:00:00,article conforme et solide,produit
V005900,22603,reclamation,2025-05-09 00:00:00,livraison pas rapide du tout,livraison
V005901,66316,avis,2026-05-10 00:00:00,livraison pas rapide du tout,livraison
V005902,67201,reclamation,2026-03-27 00:00:00,article conforme et solide,produit
V005903,18195,chat,2026-03-11 00:00:00,le remboursement n arrive pas,retour
V005904,34673,chat,2026-03-05 00:00:00,delai de livraison beaucoup trop long,livraison
V005905,2465,avis,2026-08-18 00:00:00,impossible de retourner l article,retour
V005906,41769,avis,2026-02-03 00:00:00,conseiller tres aimable et efficace,contact
V005907,46805,reclamation,2025-07-02 00:00:00,promotion interessante ce mois ci,prix
V005908,14912,avis,2026-04-10 00:00:00,article conforme et solide,produit
V005909,36019,enquete,2025-07-20 00:00:00,procedure de retour incomprehensible,retour
V005910,53636,avis,2026-03-16 00:00:00,la qualite n est pas au rendez vous,produit
V005911,54055,avis,2026-01-23 00:00:00,article conforme et solide,produit
V005912,8103,chat,2025-12-12 00:00:00,conseiller tres aimable et efficace,contact
V005913,29088,reclamation,2025-12-19 00:00:00,promotion interessante ce mois ci,prix
V005914,8432,reclamation,2026-01-10 00:00:00,le produit ne correspond pas a la photo,produit
V005915,5249,reclamation,2025-07-30 00:00:00,les prix ont augmente,prix
V005916,17687,reclamation,2026-04-12 00:00:00,bon rapport qualite prix,prix
V005917,55105,avis,2026-03-01 00:00:00,les prix ont augmente,prix
V005918,39339,reclamation,2026-04-18 00:00:00,article conforme et solide,produit
V005919,8329,enquete,2026-03-08 00:00:00,le produit ne correspond pas a la photo,produit
V005920,6807,avis,2026-02-26 00:00:00,delai de livraison beaucoup trop long,livraison
V005921,73985,enquete,2026-06-09 00:00:00,le remboursement n arrive pas,retour
V005922,56618,enquete,2026-04-30 00:00:00,article conforme et solide,produit
V005923,58869,enquete,2026-02-24 00:00:00,livraison pas rapide du tout,livraison
V005924,56625,chat,2026-08-06 00:00:00,impossible de retourner l article,retour
V005925,54019,enquete,2026-04-13 00:00:00,article conforme et solide,produit
V005926,70523,enquete,2026-05-10 00:00:00,les prix ont augmente,prix
V005927,24513,chat,2026-03-14 00:00:00,article conforme et solide,produit
V005928,63541,chat,2025-05-20 00:00:00,impossible de joindre le service client,contact
V005929,18676,reclamation,2025-05-09 00:00:00,personne ne repond au telephone,contact
V005930,13576,chat,2026-02-13 00:00:00,livraison pas rapide du tout,livraison
V005931,24920,chat,2025-10-16 00:00:00,article conforme et solide,produit
V005932,78176,enquete,2025-11-12 00:00:00,delai de livraison beaucoup trop long,livraison
V005933,14492,chat,2026-03-28 00:00:00,personne ne repond au telephone,contact
V005934,74806,enquete,2025-05-01 00:00:00,impossible de retourner l article,retour
V005935,73869,avis,2026-04-07 00:00:00,delai de livraison beaucoup trop long,livraison
V005936,63063,chat,2025-09-30 00:00:00,personne ne repond au telephone,contact
V005937,58841,avis,2025-08-22 00:00:00,conseiller tres aimable et efficace,contact
V005938,45097,reclamation,2025-08-09 00:00:00,le produit ne correspond pas a la photo,produit
V005939,3798,reclamation,2025-12-21 00:00:00,impossible de retourner l article,retour
V005940,55936,enquete,2026-06-09 00:00:00,procedure de retour incomprehensible,retour
V005941,56272,enquete,2025-08-13 00:00:00,article conforme et solide,produit
V005942,132,chat,2025-10-23 00:00:00,le colis est arrive en retard,livraison
V005943,75822,enquete,2026-05-12 00:00:00,procedure de retour incomprehensible,retour
V005944,20952,chat,2025-11-07 00:00:00,personne ne repond au telephone,contact
V005945,73009,avis,2026-03-04 00:00:00,le remboursement n arrive pas,retour
V005946,76515,avis,2026-01-15 00:00:00,personne ne repond au telephone,contact
V005947,11580,chat,2025-12-09 00:00:00,impossible de retourner l article,retour
V005948,17566,enquete,2026-05-16 00:00:00,article conforme et solide,produit
V005949,33142,reclamation,2026-04-10 00:00:00,le remboursement n arrive pas,retour
V005950,22280,chat,2025-04-15 00:00:00,procedure de retour incomprehensible,retour
V005951,8375,reclamation,2025-04-09 00:00:00,delai de livraison beaucoup trop long,livraison
V005952,45823,avis,2026-08-06 00:00:00,conseiller tres aimable et efficace,contact
V005953,54618,reclamation,2026-01-06 00:00:00,bon rapport qualite prix,prix
V005954,42533,reclamation,2025-07-22 00:00:00,delai de livraison beaucoup trop long,livraison
V005955,70566,avis,2025-12-06 00:00:00,delai de livraison beaucoup trop long,livraison
V005956,14114,chat,2026-03-14 00:00:00,bon rapport qualite prix,prix
V005957,18940,enquete,2025-10-11 00:00:00,impossible de retourner l article,retour
V005958,60029,avis,2025-06-23 00:00:00,impossible de retourner l article,retour
V005959,68437,enquete,2025-09-26 00:00:00,bon rapport qualite prix,prix
V005960,17608,enquete,2025-06-10 00:00:00,le colis est arrive en retard,livraison
V005961,67270,avis,2025-04-16 00:00:00,le colis est arrive en retard,livraison
V005962,7252,enquete,2025-05-18 00:00:00,article conforme et solide,produit
V005963,56866,enquete,2026-04-24 00:00:00,article conforme et solide,produit
V005964,62683,avis,2026-06-04 00:00:00,la qualite n est pas au rendez vous,produit
V005965,59331,chat,2026-05-29 00:00:00,promotion interessante ce mois ci,prix
V005966,28273,avis,2025-06-11 00:00:00,conseiller tres aimable et efficace,contact
V005967,1786,chat,2026-06-09 00:00:00,le colis est arrive en retard,livraison
V005968,45427,avis,2026-04-22 00:00:00,procedure de retour incomprehensible,retour
V005969,66359,reclamation,2025-07-22 00:00:00,bon rapport qualite prix,prix
V005970,38216,chat,2025-08-29 00:00:00,conseiller tres aimable et efficace,contact
V005971,2077,avis,2025-12-13 00:00:00,personne ne repond au telephone,contact
V005972,68343,avis,2026-04-18 00:00:00,procedure de retour incomprehensible,retour
V005973,44807,chat,2026-07-07 00:00:00,les prix ont augmente,prix
V005974,38382,chat,2025-09-15 00:00:00,impossible de joindre le service client,contact
V005975,42276,enquete,2025-05-11 00:00:00,procedure de retour incomprehensible,retour
V005976,12591,chat,2025-10-11 00:00:00,bon rapport qualite prix,prix
V005977,8248,avis,2025-06-14 00:00:00,conseiller tres aimable et efficace,contact
V005978,7031,reclamation,2025-10-19 00:00:00,le colis est arrive en retard,livraison
V005979,44488,reclamation,2025-09-15 00:00:00,le colis est arrive en retard,livraison
V005980,32989,avis,2026-08-04 00:00:00,bon rapport qualite prix,prix
V005981,27662,enquete,2026-01-07 00:00:00,personne ne repond au telephone,contact
V005982,28839,reclamation,2025-06-07 00:00:00,la qualite n est pas au rendez vous,produit
V005983,41617,enquete,2025-10-14 00:00:00,la qualite n est pas au rendez vous,produit
V005984,65813,reclamation,2025-12-18 00:00:00,article conforme et solide,produit
V005985,37861,avis,2025-08-03 00:00:00,procedure de retour incomprehensible,retour
V005986,46582,reclamation,2025-11-02 00:00:00,impossible de joindre le service client,contact
V005987,53741,avis,2025-07-15 00:00:00,le colis est arrive en retard,livraison
V005988,27208,chat,2025-08-08 00:00:00,impossible de retourner l article,retour
V005989,5900,reclamation,2026-03-14 00:00:00,le colis est arrive en retard,livraison
V005990,16643,avis,2026-05-31 00:00:00,impossible de joindre le service client,contact
V005991,68413,chat,2025-11-26 00:00:00,conseiller tres aimable et efficace,contact
V005992,43931,chat,2026-06-01 00:00:00,les prix ont augmente,prix
V005993,6516,chat,2026-07-15 00:00:00,conseiller tres aimable et efficace,contact
V005994,7451,enquete,2025-09-02 00:00:00,procedure de retour incomprehensible,retour
V005995,64379,avis,2025-09-04 00:00:00,impossible de joindre le service client,contact
V005996,54918,chat,2026-01-14 00:00:00,le produit ne correspond pas a la photo,produit
V005997,4419,enquete,2025-09-09 00:00:00,conseiller tres aimable et efficace,contact
V005998,1232,chat,2026-02-03 00:00:00,delai de livraison beaucoup trop long,livraison
V005999,52726,enquete,2025-11-05 00:00:00,bon rapport qualite prix,prix
V006000,2527,avis,2026-06-28 00:00:00,promotion interessante ce mois ci,prix
V006001,20518,enquete,2025-05-29 00:00:00,impossible de joindre le service client,contact
V006002,36240,enquete,2026-02-13 00:00:00,delai de livraison beaucoup trop long,livraison
V006003,60350,chat,2025-10-22 00:00:00,delai de livraison beaucoup trop long,livraison
V006004,64439,enquete,2026-01-23 00:00:00,personne ne repond au telephone,contact
V006005,2115,avis,2025-11-13 00:00:00,le colis est arrive en retard,livraison
V006006,70267,reclamation,2025-05-06 00:00:00,le produit ne correspond pas a la photo,produit
V006007,20364,enquete,2025-04-23 00:00:00,les prix ont augmente,prix
V006008,19467,enquete,2026-01-01 00:00:00,promotion interessante ce mois ci,prix
V006009,35242,enquete,2025-05-12 00:00:00,le produit ne correspond pas a la photo,produit
V006010,63808,chat,2025-11-03 00:00:00,impossible de retourner l article,retour
V006011,2235,chat,2026-03-02 00:00:00,bon rapport qualite prix,prix
V006012,10257,enquete,2025-12-10 00:00:00,article conforme et solide,produit
V006013,56458,reclamation,2025-06-10 00:00:00,personne ne repond au telephone,contact
V006014,39744,avis,2025-04-27 00:00:00,la qualite n est pas au rendez vous,produit
V006015,64718,reclamation,2026-03-21 00:00:00,delai de livraison beaucoup trop long,livraison
V006016,58490,reclamation,2026-04-08 00:00:00,impossible de joindre le service client,contact
V006017,465,chat,2026-01-10 00:00:00,livraison pas rapide du tout,livraison
V006018,54259,enquete,2026-07-09 00:00:00,impossible de joindre le service client,contact
V006019,35163,chat,2026-03-05 00:00:00,la qualite n est pas au rendez vous,produit
V006020,21479,enquete,2025-06-02 00:00:00,delai de livraison beaucoup trop long,livraison
V006021,61669,reclamation,2025-07-07 00:00:00,promotion interessante ce mois ci,prix
V006022,3180,avis,2026-07-04 00:00:00,conseiller tres aimable et efficace,contact
V006023,65680,chat,2025-10-08 00:00:00,personne ne repond au telephone,contact
V006024,63840,enquete,2025-04-25 00:00:00,impossible de retourner l article,retour
V006025,5617,chat,2025-08-18 00:00:00,impossible de joindre le service client,contact
V006026,39367,reclamation,2026-03-05 00:00:00,delai de livraison beaucoup trop long,livraison
V006027,47496,enquete,2026-01-13 00:00:00,promotion interessante ce mois ci,prix
V006028,79730,chat,2025-10-31 00:00:00,personne ne repond au telephone,contact
V006029,73024,enquete,2026-03-05 00:00:00,la qualite n est pas au rendez vous,produit
V006030,18880,avis,2026-06-05 00:00:00,delai de livraison beaucoup trop long,livraison
V006031,5267,avis,2025-11-17 00:00:00,impossible de retourner l article,retour
V006032,6439,avis,2026-05-26 00:00:00,bon rapport qualite prix,prix
V006033,57608,chat,2025-10-04 00:00:00,bon rapport qualite prix,prix
V006034,69853,chat,2025-12-05 00:00:00,procedure de retour incomprehensible,retour
V006035,52928,chat,2026-07-31 00:00:00,personne ne repond au telephone,contact
V006036,11786,reclamation,2026-05-10 00:00:00,procedure de retour incomprehensible,retour
V006037,62182,chat,2026-05-02 00:00:00,les prix ont augmente,prix
V006038,27603,enquete,2025-12-21 00:00:00,le remboursement n arrive pas,retour
V006039,66725,enquete,2026-06-27 00:00:00,article conforme et solide,produit
V006040,8214,avis,2025-06-04 00:00:00,delai de livraison beaucoup trop long,livraison
V006041,14402,chat,2025-12-15 00:00:00,delai de livraison beaucoup trop long,livraison
V006042,51956,reclamation,2026-02-14 00:00:00,impossible de retourner l article,retour
V006043,43713,chat,2025-08-16 00:00:00,conseiller tres aimable et efficace,contact
V006044,16816,chat,2025-05-08 00:00:00,article conforme et solide,produit
V006045,49657,reclamation,2026-08-18 00:00:00,le remboursement n arrive pas,retour
V006046,49985,enquete,2025-07-19 00:00:00,livraison pas rapide du tout,livraison
V006047,13453,chat,2026-01-01 00:00:00,le colis est arrive en retard,livraison
V006048,50245,enquete,2025-12-02 00:00:00,les prix ont augmente,prix
V006049,1945,chat,2026-06-23 00:00:00,delai de livraison beaucoup trop long,livraison
V006050,44719,reclamation,2025-11-08 00:00:00,le produit ne correspond pas a la photo,produit
V006051,73192,reclamation,2026-01-27 00:00:00,conseiller tres aimable et efficace,contact
V006052,76316,chat,2025-09-21 00:00:00,le colis est arrive en retard,livraison
V006053,30555,enquete,2026-01-02 00:00:00,les prix ont augmente,prix
V006054,70608,chat,2026-08-02 00:00:00,delai de livraison beaucoup trop long,livraison
V006055,49307,avis,2026-06-26 00:00:00,impossible de joindre le service client,contact
V006056,45889,reclamation,2026-01-26 00:00:00,les prix ont augmente,prix
V006057,23606,avis,2026-02-14 00:00:00,delai de livraison beaucoup trop long,livraison
V006058,39439,avis,2025-10-17 00:00:00,le remboursement n arrive pas,retour
V006059,8698,reclamation,2026-06-17 00:00:00,bon rapport qualite prix,prix
V006060,69556,reclamation,2026-02-07 00:00:00,conseiller tres aimable et efficace,contact
V006061,79510,chat,2025-12-27 00:00:00,le colis est arrive en retard,livraison
V006062,45346,chat,2026-07-02 00:00:00,procedure de retour incomprehensible,retour
V006063,8437,chat,2026-02-03 00:00:00,bon rapport qualite prix,prix
V006064,3147,enquete,2025-09-21 00:00:00,impossible de retourner l article,retour
V006065,33109,enquete,2026-05-05 00:00:00,impossible de retourner l article,retour
V006066,16477,avis,2026-01-18 00:00:00,impossible de retourner l article,retour
V006067,36945,reclamation,2026-06-19 00:00:00,delai de livraison beaucoup trop long,livraison
V006068,72948,reclamation,2026-07-25 00:00:00,bon rapport qualite prix,prix
V006069,12401,avis,2025-06-29 00:00:00,bon rapport qualite prix,prix
V006070,11583,avis,2025-07-11 00:00:00,impossible de retourner l article,retour
V006071,67200,avis,2025-07-28 00:00:00,personne ne repond au telephone,contact
V006072,11871,reclamation,2026-07-29 00:00:00,procedure de retour incomprehensible,retour
V006073,35375,chat,2026-05-23 00:00:00,le produit ne correspond pas a la photo,produit
V006074,18376,enquete,2025-11-30 00:00:00,les prix ont augmente,prix
V006075,38799,enquete,2025-06-05 00:00:00,la qualite n est pas au rendez vous,produit
V006076,70313,reclamation,2025-08-28 00:00:00,le produit ne correspond pas a la photo,produit
V006077,28032,chat,2025-05-13 00:00:00,conseiller tres aimable et efficace,contact
V006078,11765,reclamation,2025-11-07 00:00:00,article conforme et solide,produit
V006079,24550,avis,2025-07-17 00:00:00,impossible de retourner l article,retour
V006080,10904,avis,2026-05-27 00:00:00,delai de livraison beaucoup trop long,livraison
V006081,24368,reclamation,2026-07-13 00:00:00,le produit ne correspond pas a la photo,produit
V006082,52960,reclamation,2025-04-11 00:00:00,le colis est arrive en retard,livraison
V006083,17009,enquete,2025-12-24 00:00:00,article conforme et solide,produit
V006084,59541,chat,2026-04-17 00:00:00,personne ne repond au telephone,contact
V006085,32129,avis,2026-03-24 00:00:00,impossible de retourner l article,retour
V006086,12506,reclamation,2025-04-18 00:00:00,le produit ne correspond pas a la photo,produit
V006087,1371,enquete,2025-11-27 00:00:00,article conforme et solide,produit
V006088,75,enquete,2025-09-02 00:00:00,la qualite n est pas au rendez vous,produit
V006089,72766,avis,2026-06-12 00:00:00,livraison pas rapide du tout,livraison
V006090,625,enquete,2025-07-01 00:00:00,les prix ont augmente,prix
V006091,1221,reclamation,2025-12-06 00:00:00,impossible de retourner l article,retour
V006092,67878,avis,2026-07-28 00:00:00,la qualite n est pas au rendez vous,produit
V006093,68193,avis,2025-07-09 00:00:00,conseiller tres aimable et efficace,contact
V006094,370,chat,2025-11-01 00:00:00,promotion interessante ce mois ci,prix
V006095,72815,avis,2025-11-27 00:00:00,article conforme et solide,produit
V006096,34001,reclamation,2025-05-04 00:00:00,le colis est arrive en retard,livraison
V006097,58959,reclamation,2025-08-26 00:00:00,conseiller tres aimable et efficace,contact
V006098,20687,avis,2025-08-10 00:00:00,delai de livraison beaucoup trop long,livraison
V006099,71890,avis,2026-04-02 00:00:00,procedure de retour incomprehensible,retour
V006100,42623,reclamation,2025-10-16 00:00:00,la qualite n est pas au rendez vous,produit
V006101,26786,enquete,2025-05-17 00:00:00,la qualite n est pas au rendez vous,produit
V006102,1515,reclamation,2026-06-30 00:00:00,personne ne repond au telephone,contact
V006103,77658,enquete,2026-05-03 00:00:00,delai de livraison beaucoup trop long,livraison
V006104,9658,chat,2025-10-17 00:00:00,impossible de joindre le service client,contact
V006105,6907,enquete,2026-05-11 00:00:00,livraison pas rapide du tout,livraison
V006106,42257,avis,2026-01-23 00:00:00,impossible de joindre le service client,contact
V006107,9568,enquete,2026-02-01 00:00:00,delai de livraison beaucoup trop long,livraison
V006108,18855,enquete,2026-07-15 00:00:00,les prix ont augmente,prix
V006109,38092,chat,2025-09-03 00:00:00,la qualite n est pas au rendez vous,produit
V006110,64807,enquete,2026-02-13 00:00:00,promotion interessante ce mois ci,prix
V006111,2580,avis,2025-12-12 00:00:00,personne ne repond au telephone,contact
V006112,19171,chat,2025-05-13 00:00:00,impossible de joindre le service client,contact
V006113,74065,enquete,2025-11-26 00:00:00,procedure de retour incomprehensible,retour
V006114,49673,avis,2025-09-03 00:00:00,article conforme et solide,produit
V006115,53777,reclamation,2025-07-12 00:00:00,les prix ont augmente,prix
V006116,5934,avis,2025-06-29 00:00:00,article conforme et solide,produit
V006117,28544,reclamation,2026-06-20 00:00:00,le remboursement n arrive pas,retour
V006118,21678,enquete,2025-10-25 00:00:00,procedure de retour incomprehensible,retour
V006119,64835,chat,2025-07-16 00:00:00,delai de livraison beaucoup trop long,livraison
V006120,3987,avis,2025-12-27 00:00:00,impossible de retourner l article,retour
V006121,40576,reclamation,2026-02-10 00:00:00,bon rapport qualite prix,prix
V006122,62652,chat,2025-07-18 00:00:00,les prix ont augmente,prix
V006123,79835,chat,2025-05-04 00:00:00,impossible de retourner l article,retour
V006124,76576,reclamation,2026-03-01 00:00:00,personne ne repond au telephone,contact
V006125,7004,reclamation,2025-10-03 00:00:00,procedure de retour incomprehensible,retour
V006126,26586,enquete,2026-03-27 00:00:00,le produit ne correspond pas a la photo,produit
V006127,29430,avis,2025-08-14 00:00:00,le produit ne correspond pas a la photo,produit
V006128,35631,enquete,2025-10-29 00:00:00,le colis est arrive en retard,livraison
V006129,68386,reclamation,2026-03-20 00:00:00,article conforme et solide,produit
V006130,74683,enquete,2025-05-18 00:00:00,delai de livraison beaucoup trop long,livraison
V006131,61719,enquete,2026-05-09 00:00:00,article conforme et solide,produit
V006132,717,reclamation,2025-10-26 00:00:00,conseiller tres aimable et efficace,contact
V006133,74495,avis,2025-07-29 00:00:00,impossible de retourner l article,retour
V006134,42618,avis,2026-01-30 00:00:00,procedure de retour incomprehensible,retour
V006135,63399,reclamation,2025-10-22 00:00:00,impossible de joindre le service client,contact
V006136,9874,reclamation,2026-04-25 00:00:00,impossible de joindre le service client,contact
V006137,35491,chat,2025-07-27 00:00:00,la qualite n est pas au rendez vous,produit
V006138,24806,enquete,2025-08-22 00:00:00,le colis est arrive en retard,livraison
V006139,56108,avis,2025-09-15 00:00:00,impossible de retourner l article,retour
V006140,29002,avis,2025-07-11 00:00:00,procedure de retour incomprehensible,retour
V006141,20009,avis,2025-11-10 00:00:00,conseiller tres aimable et efficace,contact
V006142,30751,reclamation,2026-05-05 00:00:00,impossible de retourner l article,retour
V006143,44158,chat,2025-07-07 00:00:00,conseiller tres aimable et efficace,contact
V006144,58802,chat,2025-09-27 00:00:00,personne ne repond au telephone,contact
V006145,31083,enquete,2025-10-25 00:00:00,le remboursement n arrive pas,retour
V006146,27911,reclamation,2025-07-24 00:00:00,personne ne repond au telephone,contact
V006147,6879,chat,2025-12-28 00:00:00,la qualite n est pas au rendez vous,produit
V006148,58965,avis,2026-06-20 00:00:00,procedure de retour incomprehensible,retour
V006149,29634,avis,2025-10-05 00:00:00,impossible de joindre le service client,contact
V006150,3946,enquete,2025-05-14 00:00:00,promotion interessante ce mois ci,prix
V006151,58352,reclamation,2025-04-27 00:00:00,le remboursement n arrive pas,retour
V006152,1644,chat,2026-02-06 00:00:00,le colis est arrive en retard,livraison
V006153,41358,avis,2026-08-18 00:00:00,le produit ne correspond pas a la photo,produit
V006154,73341,reclamation,2026-02-02 00:00:00,le produit ne correspond pas a la photo,produit
V006155,33544,chat,2026-07-03 00:00:00,le remboursement n arrive pas,retour
V006156,25098,reclamation,2025-07-07 00:00:00,le colis est arrive en retard,livraison
V006157,37143,reclamation,2026-05-08 00:00:00,le remboursement n arrive pas,retour
V006158,49352,enquete,2026-06-03 00:00:00,personne ne repond au telephone,contact
V006159,50944,reclamation,2026-04-29 00:00:00,bon rapport qualite prix,prix
V006160,1704,avis,2025-12-05 00:00:00,le remboursement n arrive pas,retour
V006161,63964,enquete,2026-04-09 00:00:00,procedure de retour incomprehensible,retour
V006162,32635,enquete,2026-01-25 00:00:00,le colis est arrive en retard,livraison
V006163,77528,enquete,2025-10-03 00:00:00,conseiller tres aimable et efficace,contact
V006164,7664,reclamation,2025-06-22 00:00:00,article conforme et solide,produit
V006165,16166,avis,2025-09-21 00:00:00,le produit ne correspond pas a la photo,produit
V006166,43851,avis,2026-02-23 00:00:00,personne ne repond au telephone,contact
V006167,26923,reclamation,2025-06-12 00:00:00,livraison pas rapide du tout,livraison
V006168,47997,chat,2026-01-17 00:00:00,la qualite n est pas au rendez vous,produit
V006169,50052,enquete,2026-04-19 00:00:00,le remboursement n arrive pas,retour
V006170,27877,enquete,2026-03-14 00:00:00,personne ne repond au telephone,contact
V006171,9823,reclamation,2026-06-08 00:00:00,livraison pas rapide du tout,livraison
V006172,63889,avis,2026-08-11 00:00:00,les prix ont augmente,prix
V006173,2817,chat,2025-05-31 00:00:00,article conforme et solide,produit
V006174,30462,enquete,2026-06-01 00:00:00,procedure de retour incomprehensible,retour
V006175,33519,reclamation,2026-04-27 00:00:00,article conforme et solide,produit
V006176,72183,chat,2026-01-27 00:00:00,personne ne repond au telephone,contact
V006177,5052,avis,2025-08-22 00:00:00,promotion interessante ce mois ci,prix
V006178,47827,avis,2026-07-13 00:00:00,le remboursement n arrive pas,retour
V006179,30165,enquete,2025-06-07 00:00:00,livraison pas rapide du tout,livraison
V006180,79895,chat,2025-08-12 00:00:00,procedure de retour incomprehensible,retour
V006181,17802,reclamation,2025-04-27 00:00:00,le remboursement n arrive pas,retour
V006182,26712,enquete,2026-02-15 00:00:00,impossible de retourner l article,retour
V006183,9772,reclamation,2025-07-07 00:00:00,promotion interessante ce mois ci,prix
V006184,29384,enquete,2025-11-11 00:00:00,les prix ont augmente,prix
V006185,3148,reclamation,2025-11-10 00:00:00,promotion interessante ce mois ci,prix
V006186,191,reclamation,2026-04-11 00:00:00,bon rapport qualite prix,prix
V006187,25417,reclamation,2025-07-25 00:00:00,la qualite n est pas au rendez vous,produit
V006188,69762,enquete,2025-11-14 00:00:00,promotion interessante ce mois ci,prix
V006189,51360,reclamation,2026-01-20 00:00:00,impossible de joindre le service client,contact
V006190,22772,avis,2026-07-13 00:00:00,impossible de joindre le service client,contact
V006191,78306,reclamation,2025-06-18 00:00:00,le colis est arrive en retard,livraison
V006192,19067,avis,2025-11-09 00:00:00,impossible de retourner l article,retour
V006193,34188,reclamation,2026-05-05 00:00:00,delai de livraison beaucoup trop long,livraison
V006194,30734,enquete,2026-06-06 00:00:00,personne ne repond au telephone,contact
V006195,17810,reclamation,2026-08-12 00:00:00,le remboursement n arrive pas,retour
V006196,35837,enquete,2026-01-31 00:00:00,impossible de retourner l article,retour
V006197,41245,avis,2026-02-16 00:00:00,article conforme et solide,produit
V006198,10079,chat,2025-11-11 00:00:00,livraison pas rapide du tout,livraison
V006199,45718,reclamation,2025-05-02 00:00:00,delai de livraison beaucoup trop long,livraison
V006200,12990,enquete,2025-05-24 00:00:00,delai de livraison beaucoup trop long,livraison
V006201,10804,enquete,2025-05-05 00:00:00,conseiller tres aimable et efficace,contact
V006202,63818,enquete,2025-09-03 00:00:00,delai de livraison beaucoup trop long,livraison
V006203,21870,reclamation,2025-06-09 00:00:00,le remboursement n arrive pas,retour
V006204,14830,reclamation,2026-02-14 00:00:00,le colis est arrive en retard,livraison
V006205,66423,reclamation,2026-05-22 00:00:00,article conforme et solide,produit
V006206,34143,chat,2026-01-22 00:00:00,bon rapport qualite prix,prix
V006207,40714,chat,2025-12-24 00:00:00,procedure de retour incomprehensible,retour
V006208,7567,reclamation,2025-07-17 00:00:00,impossible de joindre le service client,contact
V006209,23166,avis,2026-06-27 00:00:00,delai de livraison beaucoup trop long,livraison
V006210,16396,avis,2025-12-14 00:00:00,article conforme et solide,produit
V006211,32350,enquete,2026-02-03 00:00:00,procedure de retour incomprehensible,retour
V006212,36849,reclamation,2026-02-25 00:00:00,delai de livraison beaucoup trop long,livraison
V006213,60566,chat,2026-03-28 00:00:00,personne ne repond au telephone,contact
V006214,26739,chat,2026-08-05 00:00:00,les prix ont augmente,prix
V006215,25052,avis,2026-01-16 00:00:00,la qualite n est pas au rendez vous,produit
V006216,70079,enquete,2026-03-02 00:00:00,promotion interessante ce mois ci,prix
V006217,74652,enquete,2026-02-21 00:00:00,article conforme et solide,produit
V006218,62580,chat,2026-06-03 00:00:00,la qualite n est pas au rendez vous,produit
V006219,26277,chat,2025-12-15 00:00:00,promotion interessante ce mois ci,prix
V006220,21668,avis,2026-01-28 00:00:00,les prix ont augmente,prix
V006221,33623,chat,2025-07-28 00:00:00,conseiller tres aimable et efficace,contact
V006222,12499,enquete,2026-07-04 00:00:00,livraison pas rapide du tout,livraison
V006223,3824,chat,2026-07-08 00:00:00,le remboursement n arrive pas,retour
V006224,5387,avis,2025-07-18 00:00:00,le remboursement n arrive pas,retour
V006225,26474,reclamation,2025-06-24 00:00:00,les prix ont augmente,prix
V006226,2023,chat,2026-06-28 00:00:00,article conforme et solide,produit
V006227,79445,chat,2025-08-03 00:00:00,le remboursement n arrive pas,retour
V006228,56851,enquete,2025-11-19 00:00:00,conseiller tres aimable et efficace,contact
V006229,36613,enquete,2025-09-26 00:00:00,le produit ne correspond pas a la photo,produit
V006230,39846,chat,2025-06-20 00:00:00,la qualite n est pas au rendez vous,produit
V006231,18279,reclamation,2025-11-16 00:00:00,conseiller tres aimable et efficace,contact
V006232,2820,chat,2025-10-04 00:00:00,personne ne repond au telephone,contact
V006233,44128,chat,2025-08-08 00:00:00,la qualite n est pas au rendez vous,produit
V006234,66953,enquete,2025-07-06 00:00:00,delai de livraison beaucoup trop long,livraison
V006235,48192,chat,2025-06-08 00:00:00,conseiller tres aimable et efficace,contact
V006236,37113,enquete,2026-05-04 00:00:00,procedure de retour incomprehensible,retour
V006237,30882,enquete,2026-07-21 00:00:00,article conforme et solide,produit
V006238,67485,enquete,2025-11-13 00:00:00,livraison pas rapide du tout,livraison
V006239,62516,reclamation,2025-05-10 00:00:00,bon rapport qualite prix,prix
V006240,27319,avis,2026-04-19 00:00:00,impossible de retourner l article,retour
V006241,17478,enquete,2025-11-05 00:00:00,les prix ont augmente,prix
V006242,40425,enquete,2026-04-11 00:00:00,article conforme et solide,produit
V006243,32036,chat,2025-04-08 00:00:00,livraison pas rapide du tout,livraison
V006244,39137,reclamation,2025-04-16 00:00:00,les prix ont augmente,prix
V006245,30798,enquete,2026-02-26 00:00:00,la qualite n est pas au rendez vous,produit
V006246,9534,reclamation,2025-12-25 00:00:00,promotion interessante ce mois ci,prix
V006247,39563,enquete,2026-04-12 00:00:00,procedure de retour incomprehensible,retour
V006248,52458,reclamation,2026-08-19 00:00:00,le produit ne correspond pas a la photo,produit
V006249,48243,enquete,2025-11-09 00:00:00,livraison pas rapide du tout,livraison
V006250,15431,chat,2025-09-17 00:00:00,la qualite n est pas au rendez vous,produit
V006251,62701,enquete,2025-06-03 00:00:00,personne ne repond au telephone,contact
V006252,1014,enquete,2025-07-14 00:00:00,la qualite n est pas au rendez vous,produit
V006253,51871,avis,2026-01-10 00:00:00,le produit ne correspond pas a la photo,produit
V006254,36420,avis,2025-06-07 00:00:00,le remboursement n arrive pas,retour
V006255,50653,enquete,2026-05-14 00:00:00,conseiller tres aimable et efficace,contact
V006256,32024,chat,2025-12-07 00:00:00,livraison pas rapide du tout,livraison
V006257,43690,reclamation,2026-04-17 00:00:00,personne ne repond au telephone,contact
V006258,3352,chat,2025-04-25 00:00:00,livraison pas rapide du tout,livraison
V006259,69182,enquete,2026-02-13 00:00:00,le remboursement n arrive pas,retour
V006260,30391,reclamation,2026-07-04 00:00:00,impossible de joindre le service client,contact
V006261,12948,reclamation,2026-03-28 00:00:00,delai de livraison beaucoup trop long,livraison
V006262,35139,enquete,2026-02-12 00:00:00,impossible de joindre le service client,contact
V006263,67816,chat,2025-04-30 00:00:00,bon rapport qualite prix,prix
V006264,59006,enquete,2025-05-22 00:00:00,la qualite n est pas au rendez vous,produit
V006265,59342,enquete,2025-06-17 00:00:00,conseiller tres aimable et efficace,contact
V006266,66021,reclamation,2026-06-12 00:00:00,le produit ne correspond pas a la photo,produit
V006267,71542,chat,2025-04-12 00:00:00,le remboursement n arrive pas,retour
V006268,30783,chat,2025-10-07 00:00:00,conseiller tres aimable et efficace,contact
V006269,21299,chat,2026-01-18 00:00:00,impossible de joindre le service client,contact
V006270,36658,avis,2025-07-01 00:00:00,livraison pas rapide du tout,livraison
V006271,21545,chat,2025-05-22 00:00:00,personne ne repond au telephone,contact
V006272,4142,enquete,2025-10-30 00:00:00,la qualite n est pas au rendez vous,produit
V006273,38530,reclamation,2025-12-28 00:00:00,bon rapport qualite prix,prix
V006274,53335,enquete,2026-07-29 00:00:00,article conforme et solide,produit
V006275,64413,reclamation,2026-01-06 00:00:00,bon rapport qualite prix,prix
V006276,989,enquete,2026-05-24 00:00:00,impossible de joindre le service client,contact
V006277,5629,reclamation,2025-07-25 00:00:00,le produit ne correspond pas a la photo,produit
V006278,69384,chat,2025-10-13 00:00:00,le colis est arrive en retard,livraison
V006279,51944,enquete,2026-06-06 00:00:00,personne ne repond au telephone,contact
V006280,23888,enquete,2025-09-15 00:00:00,impossible de joindre le service client,contact
V006281,14938,enquete,2026-02-18 00:00:00,delai de livraison beaucoup trop long,livraison
V006282,61577,reclamation,2025-05-21 00:00:00,livraison pas rapide du tout,livraison
V006283,40516,avis,2026-02-12 00:00:00,le colis est arrive en retard,livraison
V006284,62770,reclamation,2025-09-07 00:00:00,le remboursement n arrive pas,retour
V006285,54282,reclamation,2025-12-18 00:00:00,personne ne repond au telephone,contact
V006286,36438,chat,2025-09-18 00:00:00,procedure de retour incomprehensible,retour
V006287,69591,avis,2025-12-24 00:00:00,personne ne repond au telephone,contact
V006288,51056,enquete,2026-02-24 00:00:00,bon rapport qualite prix,prix
V006289,69616,chat,2026-03-12 00:00:00,delai de livraison beaucoup trop long,livraison
V006290,68043,chat,2026-07-04 00:00:00,procedure de retour incomprehensible,retour
V006291,61955,enquete,2026-03-28 00:00:00,impossible de joindre le service client,contact
V006292,79865,reclamation,2026-08-17 00:00:00,delai de livraison beaucoup trop long,livraison
V006293,21598,enquete,2025-09-21 00:00:00,la qualite n est pas au rendez vous,produit
V006294,8227,reclamation,2026-02-16 00:00:00,la qualite n est pas au rendez vous,produit
V006295,36749,chat,2025-04-21 00:00:00,le remboursement n arrive pas,retour
V006296,38987,chat,2025-07-12 00:00:00,conseiller tres aimable et efficace,contact
V006297,54689,enquete,2026-02-02 00:00:00,impossible de joindre le service client,contact
V006298,26942,reclamation,2025-05-04 00:00:00,impossible de joindre le service client,contact
V006299,42229,chat,2026-02-02 00:00:00,la qualite n est pas au rendez vous,produit
V006300,37520,reclamation,2025-09-17 00:00:00,article conforme et solide,produit
V006301,34243,chat,2025-06-12 00:00:00,le produit ne correspond pas a la photo,produit
V006302,25600,chat,2025-10-03 00:00:00,les prix ont augmente,prix
V006303,34887,chat,2026-06-17 00:00:00,impossible de retourner l article,retour
V006304,58755,avis,2026-04-18 00:00:00,delai de livraison beaucoup trop long,livraison
V006305,9123,chat,2025-11-21 00:00:00,conseiller tres aimable et efficace,contact
V006306,13977,avis,2026-02-28 00:00:00,article conforme et solide,produit
V006307,61297,avis,2026-06-03 00:00:00,le produit ne correspond pas a la photo,produit
V006308,57510,reclamation,2025-12-17 00:00:00,la qualite n est pas au rendez vous,produit
V006309,70203,enquete,2026-04-15 00:00:00,article conforme et solide,produit
V006310,22764,enquete,2025-06-15 00:00:00,promotion interessante ce mois ci,prix
V006311,20530,reclamation,2025-09-02 00:00:00,impossible de retourner l article,retour
V006312,23352,reclamation,2025-08-14 00:00:00,bon rapport qualite prix,prix
V006313,17481,reclamation,2026-06-18 00:00:00,bon rapport qualite prix,prix
V006314,70265,enquete,2025-12-15 00:00:00,le colis est arrive en retard,livraison
V006315,46513,chat,2025-09-19 00:00:00,bon rapport qualite prix,prix
V006316,61229,reclamation,2025-10-18 00:00:00,impossible de retourner l article,retour
V006317,45097,chat,2025-08-25 00:00:00,promotion interessante ce mois ci,prix
V006318,78980,reclamation,2025-10-26 00:00:00,conseiller tres aimable et efficace,contact
V006319,6779,enquete,2025-10-31 00:00:00,delai de livraison beaucoup trop long,livraison
V006320,5230,enquete,2025-12-04 00:00:00,delai de livraison beaucoup trop long,livraison
V006321,55306,avis,2026-05-04 00:00:00,impossible de joindre le service client,contact
V006322,8838,avis,2026-02-01 00:00:00,delai de livraison beaucoup trop long,livraison
V006323,10369,chat,2026-07-22 00:00:00,les prix ont augmente,prix
V006324,77896,chat,2026-07-01 00:00:00,promotion interessante ce mois ci,prix
V006325,45647,chat,2025-06-11 00:00:00,procedure de retour incomprehensible,retour
V006326,42228,chat,2026-07-03 00:00:00,promotion interessante ce mois ci,prix
V006327,59614,avis,2025-04-23 00:00:00,article conforme et solide,produit
V006328,69141,avis,2025-07-26 00:00:00,la qualite n est pas au rendez vous,produit
V006329,5811,chat,2026-06-28 00:00:00,bon rapport qualite prix,prix
V006330,26828,chat,2026-08-06 00:00:00,le remboursement n arrive pas,retour
V006331,40266,enquete,2025-05-24 00:00:00,promotion interessante ce mois ci,prix
V006332,25402,reclamation,2025-09-05 00:00:00,article conforme et solide,produit
V006333,45787,reclamation,2025-12-04 00:00:00,livraison pas rapide du tout,livraison
V006334,32645,chat,2026-06-14 00:00:00,le colis est arrive en retard,livraison
V006335,55291,enquete,2026-05-19 00:00:00,les prix ont augmente,prix
V006336,36969,enquete,2025-06-30 00:00:00,procedure de retour incomprehensible,retour
V006337,60928,chat,2026-02-19 00:00:00,le produit ne correspond pas a la photo,produit
V006338,10629,chat,2025-06-26 00:00:00,les prix ont augmente,prix
V006339,61614,avis,2025-07-02 00:00:00,livraison pas rapide du tout,livraison
V006340,56284,enquete,2025-04-18 00:00:00,procedure de retour incomprehensible,retour
V006341,61127,chat,2026-06-15 00:00:00,impossible de retourner l article,retour
V006342,24215,chat,2025-05-25 00:00:00,les prix ont augmente,prix
V006343,8397,reclamation,2026-05-31 00:00:00,promotion interessante ce mois ci,prix
V006344,69468,avis,2025-08-27 00:00:00,le colis est arrive en retard,livraison
V006345,7019,reclamation,2026-02-26 00:00:00,bon rapport qualite prix,prix
V006346,41020,chat,2026-03-05 00:00:00,article conforme et solide,produit
V006347,78460,chat,2026-06-24 00:00:00,delai de livraison beaucoup trop long,livraison
V006348,16879,chat,2026-01-01 00:00:00,promotion interessante ce mois ci,prix
V006349,3013,reclamation,2025-12-03 00:00:00,procedure de retour incomprehensible,retour
V006350,46886,avis,2025-10-17 00:00:00,delai de livraison beaucoup trop long,livraison
V006351,7255,enquete,2026-01-05 00:00:00,la qualite n est pas au rendez vous,produit
V006352,2884,chat,2025-05-11 00:00:00,delai de livraison beaucoup trop long,livraison
V006353,16624,chat,2026-03-15 00:00:00,procedure de retour incomprehensible,retour
V006354,73547,reclamation,2025-12-28 00:00:00,le colis est arrive en retard,livraison
V006355,57292,chat,2026-07-25 00:00:00,impossible de joindre le service client,contact
V006356,1664,avis,2026-06-02 00:00:00,impossible de joindre le service client,contact
V006357,31031,reclamation,2026-01-27 00:00:00,impossible de retourner l article,retour
V006358,7022,enquete,2026-07-21 00:00:00,impossible de retourner l article,retour
V006359,18959,enquete,2026-05-23 00:00:00,impossible de joindre le service client,contact
V006360,57432,avis,2025-06-27 00:00:00,delai de livraison beaucoup trop long,livraison
V006361,17919,avis,2026-08-03 00:00:00,impossible de joindre le service client,contact
V006362,33713,avis,2026-06-15 00:00:00,bon rapport qualite prix,prix
V006363,7181,avis,2026-03-02 00:00:00,livraison pas rapide du tout,livraison
V006364,75244,reclamation,2025-09-19 00:00:00,le remboursement n arrive pas,retour
V006365,56232,reclamation,2025-07-29 00:00:00,conseiller tres aimable et efficace,contact
V006366,71736,enquete,2026-02-20 00:00:00,le colis est arrive en retard,livraison
V006367,59427,enquete,2026-03-20 00:00:00,livraison pas rapide du tout,livraison
V006368,8718,reclamation,2026-04-11 00:00:00,le remboursement n arrive pas,retour
V006369,71332,chat,2026-05-02 00:00:00,bon rapport qualite prix,prix
V006370,41391,avis,2026-04-07 00:00:00,le remboursement n arrive pas,retour
V006371,44611,enquete,2026-06-21 00:00:00,promotion interessante ce mois ci,prix
V006372,50065,enquete,2025-05-28 00:00:00,bon rapport qualite prix,prix
V006373,69196,avis,2025-10-18 00:00:00,impossible de retourner l article,retour
V006374,2415,reclamation,2026-08-08 00:00:00,le produit ne correspond pas a la photo,produit
V006375,58780,avis,2025-12-17 00:00:00,delai de livraison beaucoup trop long,livraison
V006376,75041,chat,2026-03-09 00:00:00,promotion interessante ce mois ci,prix
V006377,46950,enquete,2025-10-20 00:00:00,la qualite n est pas au rendez vous,produit
V006378,54438,enquete,2025-09-30 00:00:00,le remboursement n arrive pas,retour
V006379,33458,chat,2026-07-17 00:00:00,le produit ne correspond pas a la photo,produit
V006380,1221,enquete,2026-02-08 00:00:00,personne ne repond au telephone,contact
V006381,24062,enquete,2026-07-07 00:00:00,le remboursement n arrive pas,retour
V006382,73528,reclamation,2026-06-29 00:00:00,bon rapport qualite prix,prix
V006383,45378,enquete,2026-01-19 00:00:00,promotion interessante ce mois ci,prix
V006384,63761,avis,2026-02-19 00:00:00,article conforme et solide,produit
V006385,49866,enquete,2025-08-04 00:00:00,bon rapport qualite prix,prix
V006386,73153,avis,2025-08-31 00:00:00,personne ne repond au telephone,contact
V006387,27072,avis,2026-06-18 00:00:00,le remboursement n arrive pas,retour
V006388,15825,enquete,2026-02-09 00:00:00,le colis est arrive en retard,livraison
V006389,79673,chat,2026-06-04 00:00:00,le remboursement n arrive pas,retour
V006390,33429,reclamation,2026-02-19 00:00:00,delai de livraison beaucoup trop long,livraison
V006391,21549,chat,2025-09-28 00:00:00,la qualite n est pas au rendez vous,produit
V006392,16456,chat,2025-04-13 00:00:00,article conforme et solide,produit
V006393,30431,avis,2026-02-22 00:00:00,livraison pas rapide du tout,livraison
V006394,59541,enquete,2025-08-20 00:00:00,article conforme et solide,produit
V006395,47563,enquete,2025-09-19 00:00:00,personne ne repond au telephone,contact
V006396,39666,enquete,2025-09-29 00:00:00,le produit ne correspond pas a la photo,produit
V006397,49601,enquete,2025-10-18 00:00:00,delai de livraison beaucoup trop long,livraison
V006398,12509,reclamation,2025-07-08 00:00:00,les prix ont augmente,prix
V006399,57807,avis,2026-02-18 00:00:00,livraison pas rapide du tout,livraison
V006400,54066,reclamation,2025-04-10 00:00:00,le remboursement n arrive pas,retour
V006401,71291,reclamation,2025-04-17 00:00:00,promotion interessante ce mois ci,prix
V006402,4849,avis,2025-11-12 00:00:00,les prix ont augmente,prix
V006403,65312,enquete,2026-03-03 00:00:00,le produit ne correspond pas a la photo,produit
V006404,65334,chat,2025-04-11 00:00:00,impossible de retourner l article,retour
V006405,74158,chat,2026-08-15 00:00:00,promotion interessante ce mois ci,prix
V006406,60733,avis,2025-10-25 00:00:00,le produit ne correspond pas a la photo,produit
V006407,67143,enquete,2025-04-13 00:00:00,bon rapport qualite prix,prix
V006408,69633,reclamation,2025-07-24 00:00:00,procedure de retour incomprehensible,retour
V006409,11142,enquete,2025-06-20 00:00:00,bon rapport qualite prix,prix
V006410,23474,reclamation,2026-06-22 00:00:00,les prix ont augmente,prix
V006411,79430,reclamation,2025-07-24 00:00:00,le colis est arrive en retard,livraison
V006412,56922,avis,2026-05-12 00:00:00,article conforme et solide,produit
V006413,48168,chat,2025-10-22 00:00:00,impossible de joindre le service client,contact
V006414,56626,enquete,2025-05-10 00:00:00,le colis est arrive en retard,livraison
V006415,31352,reclamation,2025-07-11 00:00:00,le produit ne correspond pas a la photo,produit
V006416,76017,enquete,2026-03-03 00:00:00,le remboursement n arrive pas,retour
V006417,8730,chat,2026-03-30 00:00:00,procedure de retour incomprehensible,retour
V006418,33541,avis,2025-06-26 00:00:00,le colis est arrive en retard,livraison
V006419,67332,avis,2026-05-16 00:00:00,le remboursement n arrive pas,retour
V006420,49501,chat,2026-03-22 00:00:00,procedure de retour incomprehensible,retour
V006421,63425,chat,2026-04-08 00:00:00,les prix ont augmente,prix
V006422,68800,enquete,2026-05-26 00:00:00,livraison pas rapide du tout,livraison
V006423,66932,avis,2026-01-31 00:00:00,procedure de retour incomprehensible,retour
V006424,47329,reclamation,2026-05-11 00:00:00,personne ne repond au telephone,contact
V006425,48703,enquete,2025-11-21 00:00:00,le remboursement n arrive pas,retour
V006426,52377,chat,2025-04-20 00:00:00,promotion interessante ce mois ci,prix
V006427,32221,enquete,2025-07-17 00:00:00,les prix ont augmente,prix
V006428,69140,chat,2025-04-20 00:00:00,conseiller tres aimable et efficace,contact
V006429,36948,enquete,2025-11-24 00:00:00,impossible de retourner l article,retour
V006430,31472,avis,2025-09-19 00:00:00,livraison pas rapide du tout,livraison
V006431,378,enquete,2026-08-12 00:00:00,impossible de joindre le service client,contact
V006432,54390,enquete,2025-10-03 00:00:00,personne ne repond au telephone,contact
V006433,34358,enquete,2025-07-14 00:00:00,article conforme et solide,produit
V006434,49697,avis,2025-04-09 00:00:00,la qualite n est pas au rendez vous,produit
V006435,46616,enquete,2025-07-11 00:00:00,impossible de joindre le service client,contact
V006436,31015,enquete,2025-07-27 00:00:00,les prix ont augmente,prix
V006437,4298,avis,2026-04-08 00:00:00,conseiller tres aimable et efficace,contact
V006438,34710,chat,2025-08-04 00:00:00,le produit ne correspond pas a la photo,produit
V006439,58286,enquete,2026-07-08 00:00:00,conseiller tres aimable et efficace,contact
V006440,74340,reclamation,2026-01-30 00:00:00,impossible de retourner l article,retour
V006441,62387,enquete,2025-10-23 00:00:00,conseiller tres aimable et efficace,contact
V006442,37792,reclamation,2025-06-24 00:00:00,impossible de joindre le service client,contact
V006443,47941,reclamation,2025-09-09 00:00:00,procedure de retour incomprehensible,retour
V006444,60135,enquete,2025-11-01 00:00:00,procedure de retour incomprehensible,retour
V006445,60343,reclamation,2025-04-29 00:00:00,le remboursement n arrive pas,retour
V006446,40137,enquete,2025-07-28 00:00:00,delai de livraison beaucoup trop long,livraison
V006447,21636,chat,2026-02-23 00:00:00,la qualite n est pas au rendez vous,produit
V006448,21441,chat,2026-07-16 00:00:00,les prix ont augmente,prix
V006449,76438,avis,2026-01-07 00:00:00,les prix ont augmente,prix
V006450,67220,enquete,2025-05-04 00:00:00,bon rapport qualite prix,prix
V006451,28010,chat,2026-01-01 00:00:00,la qualite n est pas au rendez vous,produit
V006452,23907,enquete,2025-07-25 00:00:00,procedure de retour incomprehensible,retour
V006453,68383,avis,2026-01-22 00:00:00,la qualite n est pas au rendez vous,produit
V006454,5448,enquete,2025-12-01 00:00:00,le colis est arrive en retard,livraison
V006455,53367,enquete,2025-04-27 00:00:00,les prix ont augmente,prix
V006456,51885,avis,2025-08-27 00:00:00,delai de livraison beaucoup trop long,livraison
V006457,8812,enquete,2025-09-24 00:00:00,bon rapport qualite prix,prix
V006458,31902,enquete,2026-04-02 00:00:00,le produit ne correspond pas a la photo,produit
V006459,32915,enquete,2025-11-13 00:00:00,personne ne repond au telephone,contact
V006460,6211,reclamation,2026-01-26 00:00:00,article conforme et solide,produit
V006461,70335,chat,2025-12-21 00:00:00,conseiller tres aimable et efficace,contact
V006462,7696,enquete,2025-09-21 00:00:00,delai de livraison beaucoup trop long,livraison
V006463,57090,avis,2026-01-30 00:00:00,bon rapport qualite prix,prix
V006464,70777,enquete,2026-05-27 00:00:00,le produit ne correspond pas a la photo,produit
V006465,67426,enquete,2025-06-07 00:00:00,le produit ne correspond pas a la photo,produit
V006466,39225,avis,2025-09-08 00:00:00,les prix ont augmente,prix
V006467,56773,chat,2025-05-25 00:00:00,livraison pas rapide du tout,livraison
V006468,37374,enquete,2025-05-21 00:00:00,le remboursement n arrive pas,retour
V006469,53943,chat,2025-10-10 00:00:00,delai de livraison beaucoup trop long,livraison
V006470,52754,chat,2026-05-28 00:00:00,le colis est arrive en retard,livraison
V006471,37516,enquete,2026-03-14 00:00:00,promotion interessante ce mois ci,prix
V006472,27111,avis,2025-11-25 00:00:00,article conforme et solide,produit
V006473,20008,reclamation,2025-08-25 00:00:00,le produit ne correspond pas a la photo,produit
V006474,58234,chat,2025-07-15 00:00:00,le produit ne correspond pas a la photo,produit
V006475,3649,chat,2026-03-28 00:00:00,la qualite n est pas au rendez vous,produit
V006476,42036,enquete,2026-01-31 00:00:00,le produit ne correspond pas a la photo,produit
V006477,34064,enquete,2025-11-21 00:00:00,les prix ont augmente,prix
V006478,39370,reclamation,2025-06-08 00:00:00,delai de livraison beaucoup trop long,livraison
V006479,18972,chat,2026-03-31 00:00:00,le produit ne correspond pas a la photo,produit
V006480,52583,avis,2025-12-18 00:00:00,le colis est arrive en retard,livraison
V006481,8982,reclamation,2025-11-08 00:00:00,conseiller tres aimable et efficace,contact
V006482,44355,chat,2025-05-07 00:00:00,impossible de retourner l article,retour
V006483,36086,chat,2025-12-15 00:00:00,impossible de joindre le service client,contact
V006484,43601,chat,2026-04-23 00:00:00,personne ne repond au telephone,contact
V006485,46538,reclamation,2025-12-25 00:00:00,personne ne repond au telephone,contact
V006486,463,enquete,2025-06-26 00:00:00,livraison pas rapide du tout,livraison
V006487,61289,reclamation,2026-05-23 00:00:00,les prix ont augmente,prix
V006488,9729,avis,2026-04-29 00:00:00,conseiller tres aimable et efficace,contact
V006489,12348,avis,2025-08-30 00:00:00,article conforme et solide,produit
V006490,42098,avis,2025-11-01 00:00:00,promotion interessante ce mois ci,prix
V006491,10453,reclamation,2026-01-02 00:00:00,la qualite n est pas au rendez vous,produit
V006492,52221,avis,2026-03-23 00:00:00,article conforme et solide,produit
V006493,16290,avis,2026-01-12 00:00:00,personne ne repond au telephone,contact
V006494,72265,chat,2025-06-11 00:00:00,promotion interessante ce mois ci,prix
V006495,63205,avis,2025-11-20 00:00:00,livraison pas rapide du tout,livraison
V006496,43222,reclamation,2025-06-16 00:00:00,le produit ne correspond pas a la photo,produit
V006497,42717,reclamation,2026-02-17 00:00:00,conseiller tres aimable et efficace,contact
V006498,44208,avis,2026-06-12 00:00:00,delai de livraison beaucoup trop long,livraison
V006499,75479,enquete,2025-06-26 00:00:00,promotion interessante ce mois ci,prix
V006500,61813,enquete,2025-07-06 00:00:00,livraison pas rapide du tout,livraison
V006501,11958,chat,2026-07-06 00:00:00,personne ne repond au telephone,contact
V006502,55523,reclamation,2026-06-15 00:00:00,delai de livraison beaucoup trop long,livraison
V006503,76166,reclamation,2025-11-15 00:00:00,livraison pas rapide du tout,livraison
V006504,43915,enquete,2026-01-25 00:00:00,article conforme et solide,produit
V006505,3265,reclamation,2026-05-06 00:00:00,impossible de retourner l article,retour
V006506,29153,chat,2026-06-21 00:00:00,procedure de retour incomprehensible,retour
V006507,7519,reclamation,2026-03-13 00:00:00,impossible de retourner l article,retour
V006508,24313,avis,2025-10-06 00:00:00,impossible de retourner l article,retour
V006509,13446,avis,2026-03-28 00:00:00,la qualite n est pas au rendez vous,produit
V006510,4928,avis,2025-05-21 00:00:00,le remboursement n arrive pas,retour
V006511,42475,enquete,2026-06-24 00:00:00,impossible de retourner l article,retour
V006512,72836,reclamation,2025-09-03 00:00:00,livraison pas rapide du tout,livraison
V006513,72025,reclamation,2026-03-30 00:00:00,article conforme et solide,produit
V006514,68477,enquete,2025-12-07 00:00:00,la qualite n est pas au rendez vous,produit
V006515,21934,enquete,2026-02-10 00:00:00,le colis est arrive en retard,livraison
V006516,662,chat,2025-12-30 00:00:00,delai de livraison beaucoup trop long,livraison
V006517,9241,enquete,2026-03-24 00:00:00,procedure de retour incomprehensible,retour
V006518,72976,avis,2026-02-11 00:00:00,article conforme et solide,produit
V006519,14823,enquete,2025-08-01 00:00:00,le colis est arrive en retard,livraison
V006520,62053,chat,2026-07-07 00:00:00,impossible de joindre le service client,contact
V006521,42767,chat,2025-05-07 00:00:00,procedure de retour incomprehensible,retour
V006522,35994,chat,2025-05-25 00:00:00,delai de livraison beaucoup trop long,livraison
V006523,44529,chat,2025-09-26 00:00:00,personne ne repond au telephone,contact
V006524,65980,reclamation,2025-11-08 00:00:00,impossible de retourner l article,retour
V006525,12965,reclamation,2025-06-30 00:00:00,promotion interessante ce mois ci,prix
V006526,12429,reclamation,2026-02-18 00:00:00,personne ne repond au telephone,contact
V006527,66651,reclamation,2026-06-22 00:00:00,impossible de joindre le service client,contact
V006528,52572,reclamation,2025-10-08 00:00:00,promotion interessante ce mois ci,prix
V006529,60321,enquete,2026-07-09 00:00:00,la qualite n est pas au rendez vous,produit
V006530,63008,avis,2025-09-25 00:00:00,livraison pas rapide du tout,livraison
V006531,35108,avis,2026-06-06 00:00:00,conseiller tres aimable et efficace,contact
V006532,62556,enquete,2025-04-16 00:00:00,personne ne repond au telephone,contact
V006533,27108,avis,2025-08-29 00:00:00,le colis est arrive en retard,livraison
V006534,53469,chat,2025-08-25 00:00:00,le remboursement n arrive pas,retour
V006535,4390,reclamation,2025-10-20 00:00:00,personne ne repond au telephone,contact
V006536,60161,chat,2025-12-29 00:00:00,procedure de retour incomprehensible,retour
V006537,72940,chat,2025-08-17 00:00:00,livraison pas rapide du tout,livraison
V006538,25313,reclamation,2025-07-20 00:00:00,personne ne repond au telephone,contact
V006539,37086,avis,2025-12-27 00:00:00,delai de livraison beaucoup trop long,livraison
V006540,58247,reclamation,2026-05-26 00:00:00,livraison pas rapide du tout,livraison
V006541,27331,avis,2026-04-12 00:00:00,personne ne repond au telephone,contact
V006542,38714,avis,2025-10-19 00:00:00,procedure de retour incomprehensible,retour
V006543,24488,reclamation,2026-06-25 00:00:00,livraison pas rapide du tout,livraison
V006544,25620,reclamation,2026-05-15 00:00:00,article conforme et solide,produit
V006545,71247,chat,2026-03-07 00:00:00,procedure de retour incomprehensible,retour
V006546,45460,chat,2025-08-17 00:00:00,impossible de joindre le service client,contact
V006547,64830,chat,2026-05-02 00:00:00,le remboursement n arrive pas,retour
V006548,73715,enquete,2025-06-19 00:00:00,procedure de retour incomprehensible,retour
V006549,60024,avis,2025-12-07 00:00:00,delai de livraison beaucoup trop long,livraison
V006550,55761,chat,2026-05-22 00:00:00,la qualite n est pas au rendez vous,produit
V006551,40503,chat,2025-08-01 00:00:00,livraison pas rapide du tout,livraison
V006552,69436,chat,2026-03-07 00:00:00,les prix ont augmente,prix
V006553,12341,chat,2026-07-06 00:00:00,les prix ont augmente,prix
V006554,24139,chat,2025-09-18 00:00:00,impossible de joindre le service client,contact
V006555,63688,avis,2026-05-27 00:00:00,impossible de retourner l article,retour
V006556,7426,avis,2026-04-02 00:00:00,promotion interessante ce mois ci,prix
V006557,25047,chat,2025-09-27 00:00:00,le remboursement n arrive pas,retour
V006558,49911,reclamation,2026-06-12 00:00:00,impossible de retourner l article,retour
V006559,51322,enquete,2026-08-07 00:00:00,promotion interessante ce mois ci,prix
V006560,7834,chat,2025-09-12 00:00:00,le colis est arrive en retard,livraison
V006561,69224,chat,2025-10-24 00:00:00,le remboursement n arrive pas,retour
V006562,54005,enquete,2025-05-27 00:00:00,procedure de retour incomprehensible,retour
V006563,52100,chat,2025-06-23 00:00:00,impossible de retourner l article,retour
V006564,56559,enquete,2026-07-10 00:00:00,les prix ont augmente,prix
V006565,1281,chat,2026-07-14 00:00:00,le produit ne correspond pas a la photo,produit
V006566,66348,avis,2025-10-28 00:00:00,delai de livraison beaucoup trop long,livraison
V006567,54328,enquete,2025-04-25 00:00:00,le colis est arrive en retard,livraison
V006568,54927,enquete,2026-07-06 00:00:00,impossible de retourner l article,retour
V006569,23266,enquete,2025-05-12 00:00:00,delai de livraison beaucoup trop long,livraison
V006570,77036,avis,2026-06-12 00:00:00,delai de livraison beaucoup trop long,livraison
V006571,40349,reclamation,2025-06-29 00:00:00,la qualite n est pas au rendez vous,produit
V006572,38739,reclamation,2025-08-07 00:00:00,la qualite n est pas au rendez vous,produit
V006573,55183,chat,2025-07-23 00:00:00,delai de livraison beaucoup trop long,livraison
V006574,69976,chat,2026-02-27 00:00:00,livraison pas rapide du tout,livraison
V006575,19494,avis,2025-10-11 00:00:00,procedure de retour incomprehensible,retour
V006576,66401,enquete,2025-08-14 00:00:00,le produit ne correspond pas a la photo,produit
V006577,50104,reclamation,2025-12-03 00:00:00,le produit ne correspond pas a la photo,produit
V006578,17812,enquete,2025-04-25 00:00:00,article conforme et solide,produit
V006579,2715,chat,2025-07-31 00:00:00,impossible de joindre le service client,contact
V006580,30695,avis,2025-06-16 00:00:00,impossible de joindre le service client,contact
V006581,43763,enquete,2026-05-09 00:00:00,les prix ont augmente,prix
V006582,29044,reclamation,2025-09-06 00:00:00,le remboursement n arrive pas,retour
V006583,37648,reclamation,2026-05-26 00:00:00,bon rapport qualite prix,prix
V006584,54228,avis,2025-12-18 00:00:00,conseiller tres aimable et efficace,contact
V006585,77438,reclamation,2025-08-26 00:00:00,impossible de retourner l article,retour
V006586,451,reclamation,2025-07-12 00:00:00,procedure de retour incomprehensible,retour
V006587,31438,enquete,2026-01-07 00:00:00,impossible de joindre le service client,contact
V006588,71644,enquete,2025-11-03 00:00:00,delai de livraison beaucoup trop long,livraison
V006589,19382,enquete,2025-07-05 00:00:00,procedure de retour incomprehensible,retour
V006590,48404,chat,2025-06-19 00:00:00,impossible de joindre le service client,contact
V006591,41796,chat,2025-04-27 00:00:00,le remboursement n arrive pas,retour
V006592,60730,reclamation,2026-07-23 00:00:00,livraison pas rapide du tout,livraison
V006593,64262,avis,2025-07-21 00:00:00,le produit ne correspond pas a la photo,produit
V006594,40708,reclamation,2025-09-03 00:00:00,conseiller tres aimable et efficace,contact
V006595,4823,enquete,2025-09-03 00:00:00,le colis est arrive en retard,livraison
V006596,33868,avis,2026-07-10 00:00:00,bon rapport qualite prix,prix
V006597,44303,chat,2026-06-20 00:00:00,le produit ne correspond pas a la photo,produit
V006598,67458,enquete,2025-09-29 00:00:00,article conforme et solide,produit
V006599,18142,avis,2025-07-10 00:00:00,bon rapport qualite prix,prix
V006600,67253,reclamation,2025-08-12 00:00:00,la qualite n est pas au rendez vous,produit
V006601,8272,reclamation,2025-10-19 00:00:00,delai de livraison beaucoup trop long,livraison
V006602,511,avis,2026-05-20 00:00:00,conseiller tres aimable et efficace,contact
V006603,4571,avis,2026-03-01 00:00:00,la qualite n est pas au rendez vous,produit
V006604,39105,chat,2025-06-21 00:00:00,le colis est arrive en retard,livraison
V006605,59462,reclamation,2026-06-02 00:00:00,bon rapport qualite prix,prix
V006606,66167,chat,2026-03-25 00:00:00,impossible de joindre le service client,contact
V006607,14986,enquete,2025-11-02 00:00:00,livraison pas rapide du tout,livraison
V006608,75378,reclamation,2025-07-19 00:00:00,article conforme et solide,produit
V006609,69584,chat,2025-07-28 00:00:00,livraison pas rapide du tout,livraison
V006610,22032,chat,2025-09-19 00:00:00,les prix ont augmente,prix
V006611,35596,reclamation,2026-03-02 00:00:00,impossible de retourner l article,retour
V006612,1967,avis,2026-04-14 00:00:00,article conforme et solide,produit
V006613,46837,avis,2025-04-13 00:00:00,procedure de retour incomprehensible,retour
V006614,67892,avis,2025-10-12 00:00:00,delai de livraison beaucoup trop long,livraison
V006615,47190,reclamation,2025-09-26 00:00:00,conseiller tres aimable et efficace,contact
V006616,33340,avis,2025-06-01 00:00:00,conseiller tres aimable et efficace,contact
V006617,36906,reclamation,2026-04-21 00:00:00,bon rapport qualite prix,prix
V006618,40313,enquete,2026-03-05 00:00:00,promotion interessante ce mois ci,prix
V006619,27345,avis,2026-01-27 00:00:00,impossible de retourner l article,retour
V006620,38178,avis,2025-08-22 00:00:00,conseiller tres aimable et efficace,contact
V006621,12798,enquete,2026-06-27 00:00:00,le produit ne correspond pas a la photo,produit
V006622,42535,enquete,2026-05-15 00:00:00,procedure de retour incomprehensible,retour
V006623,39220,reclamation,2026-05-09 00:00:00,bon rapport qualite prix,prix
V006624,2754,avis,2025-06-19 00:00:00,la qualite n est pas au rendez vous,produit
V006625,76888,enquete,2026-08-01 00:00:00,le colis est arrive en retard,livraison
V006626,28428,avis,2025-06-17 00:00:00,bon rapport qualite prix,prix
V006627,42193,avis,2025-10-10 00:00:00,impossible de retourner l article,retour
V006628,41995,reclamation,2026-06-29 00:00:00,la qualite n est pas au rendez vous,produit
V006629,24256,avis,2025-05-05 00:00:00,promotion interessante ce mois ci,prix
V006630,38968,chat,2026-04-13 00:00:00,le produit ne correspond pas a la photo,produit
V006631,8000,avis,2026-07-26 00:00:00,livraison pas rapide du tout,livraison
V006632,63241,chat,2026-03-31 00:00:00,les prix ont augmente,prix
V006633,40412,enquete,2026-02-01 00:00:00,bon rapport qualite prix,prix
V006634,70065,avis,2025-04-15 00:00:00,impossible de joindre le service client,contact
V006635,40116,avis,2025-09-20 00:00:00,bon rapport qualite prix,prix
V006636,1447,reclamation,2026-06-07 00:00:00,delai de livraison beaucoup trop long,livraison
V006637,54825,enquete,2025-08-21 00:00:00,livraison pas rapide du tout,livraison
V006638,12830,enquete,2026-03-15 00:00:00,personne ne repond au telephone,contact
V006639,28762,avis,2025-07-26 00:00:00,delai de livraison beaucoup trop long,livraison
V006640,21055,avis,2025-05-09 00:00:00,delai de livraison beaucoup trop long,livraison
V006641,22178,reclamation,2026-06-01 00:00:00,delai de livraison beaucoup trop long,livraison
V006642,65125,chat,2025-10-15 00:00:00,bon rapport qualite prix,prix
V006643,31380,reclamation,2026-06-24 00:00:00,impossible de joindre le service client,contact
V006644,24409,chat,2025-05-18 00:00:00,le produit ne correspond pas a la photo,produit
V006645,43033,chat,2025-08-22 00:00:00,delai de livraison beaucoup trop long,livraison
V006646,24738,reclamation,2026-04-21 00:00:00,le produit ne correspond pas a la photo,produit
V006647,40542,enquete,2026-05-06 00:00:00,personne ne repond au telephone,contact
V006648,16126,avis,2026-03-06 00:00:00,delai de livraison beaucoup trop long,livraison
V006649,21033,reclamation,2026-06-02 00:00:00,promotion interessante ce mois ci,prix
V006650,58839,avis,2026-02-03 00:00:00,les prix ont augmente,prix
V006651,36636,reclamation,2026-07-12 00:00:00,livraison pas rapide du tout,livraison
V006652,31394,enquete,2026-08-02 00:00:00,le remboursement n arrive pas,retour
V006653,69389,avis,2026-08-02 00:00:00,le remboursement n arrive pas,retour
V006654,59579,reclamation,2026-03-17 00:00:00,promotion interessante ce mois ci,prix
V006655,45415,enquete,2026-07-06 00:00:00,le produit ne correspond pas a la photo,produit
V006656,55573,reclamation,2026-08-13 00:00:00,promotion interessante ce mois ci,prix
V006657,64509,chat,2025-12-10 00:00:00,le produit ne correspond pas a la photo,produit
V006658,23323,chat,2026-05-13 00:00:00,procedure de retour incomprehensible,retour
V006659,51930,enquete,2025-07-06 00:00:00,procedure de retour incomprehensible,retour
V006660,79949,enquete,2025-09-29 00:00:00,les prix ont augmente,prix
V006661,1331,chat,2025-11-27 00:00:00,conseiller tres aimable et efficace,contact
V006662,71354,avis,2025-12-01 00:00:00,impossible de joindre le service client,contact
V006663,62023,reclamation,2025-10-25 00:00:00,les prix ont augmente,prix
V006664,57504,reclamation,2025-06-23 00:00:00,livraison pas rapide du tout,livraison
V006665,20957,enquete,2026-04-18 00:00:00,la qualite n est pas au rendez vous,produit
V006666,36903,avis,2026-05-18 00:00:00,bon rapport qualite prix,prix
V006667,3861,avis,2025-04-09 00:00:00,conseiller tres aimable et efficace,contact
V006668,19609,chat,2025-09-28 00:00:00,conseiller tres aimable et efficace,contact
V006669,16533,enquete,2026-04-01 00:00:00,la qualite n est pas au rendez vous,produit
V006670,28853,reclamation,2025-07-20 00:00:00,personne ne repond au telephone,contact
V006671,16457,reclamation,2026-06-24 00:00:00,les prix ont augmente,prix
V006672,43937,reclamation,2025-11-29 00:00:00,le remboursement n arrive pas,retour
V006673,9053,chat,2026-01-07 00:00:00,le remboursement n arrive pas,retour
V006674,35128,enquete,2025-12-30 00:00:00,conseiller tres aimable et efficace,contact
V006675,64146,enquete,2025-11-04 00:00:00,delai de livraison beaucoup trop long,livraison
V006676,71410,reclamation,2026-08-19 00:00:00,le remboursement n arrive pas,retour
V006677,71569,enquete,2025-12-03 00:00:00,delai de livraison beaucoup trop long,livraison
V006678,20359,avis,2026-08-12 00:00:00,le colis est arrive en retard,livraison
V006679,33711,enquete,2026-01-14 00:00:00,les prix ont augmente,prix
V006680,51638,reclamation,2026-02-27 00:00:00,le remboursement n arrive pas,retour
V006681,30115,avis,2025-09-16 00:00:00,procedure de retour incomprehensible,retour
V006682,34959,avis,2025-05-12 00:00:00,delai de livraison beaucoup trop long,livraison
V006683,1334,enquete,2026-03-20 00:00:00,conseiller tres aimable et efficace,contact
V006684,63151,reclamation,2025-09-11 00:00:00,delai de livraison beaucoup trop long,livraison
V006685,31088,chat,2026-01-11 00:00:00,personne ne repond au telephone,contact
V006686,30917,chat,2025-11-30 00:00:00,le colis est arrive en retard,livraison
V006687,35555,reclamation,2026-08-14 00:00:00,impossible de joindre le service client,contact
V006688,6714,avis,2026-07-17 00:00:00,le produit ne correspond pas a la photo,produit
V006689,34459,chat,2026-07-24 00:00:00,le remboursement n arrive pas,retour
V006690,9063,chat,2026-06-26 00:00:00,delai de livraison beaucoup trop long,livraison
V006691,79873,avis,2025-04-25 00:00:00,conseiller tres aimable et efficace,contact
V006692,41140,chat,2026-04-19 00:00:00,livraison pas rapide du tout,livraison
V006693,65143,chat,2026-07-09 00:00:00,procedure de retour incomprehensible,retour
V006694,7984,enquete,2026-07-29 00:00:00,delai de livraison beaucoup trop long,livraison
V006695,31964,reclamation,2026-04-26 00:00:00,livraison pas rapide du tout,livraison
V006696,52998,chat,2025-08-05 00:00:00,le colis est arrive en retard,livraison
V006697,57861,reclamation,2026-07-03 00:00:00,les prix ont augmente,prix
V006698,79821,chat,2025-10-29 00:00:00,impossible de joindre le service client,contact
V006699,4001,enquete,2026-06-19 00:00:00,le colis est arrive en retard,livraison
V006700,3294,chat,2026-01-22 00:00:00,livraison pas rapide du tout,livraison
V006701,44783,avis,2025-10-23 00:00:00,conseiller tres aimable et efficace,contact
V006702,59599,enquete,2026-04-15 00:00:00,le remboursement n arrive pas,retour
V006703,32699,reclamation,2025-12-13 00:00:00,bon rapport qualite prix,prix
V006704,1192,reclamation,2025-09-04 00:00:00,article conforme et solide,produit
V006705,72475,enquete,2025-05-18 00:00:00,le remboursement n arrive pas,retour
V006706,51046,reclamation,2025-10-03 00:00:00,article conforme et solide,produit
V006707,7986,avis,2025-07-22 00:00:00,conseiller tres aimable et efficace,contact
V006708,76352,avis,2025-07-03 00:00:00,le remboursement n arrive pas,retour
V006709,77788,chat,2026-01-04 00:00:00,personne ne repond au telephone,contact
V006710,8800,enquete,2026-07-05 00:00:00,la qualite n est pas au rendez vous,produit
V006711,29486,enquete,2026-04-26 00:00:00,article conforme et solide,produit
V006712,9363,reclamation,2026-06-16 00:00:00,conseiller tres aimable et efficace,contact
V006713,66519,chat,2026-07-27 00:00:00,article conforme et solide,produit
V006714,14663,enquete,2026-08-02 00:00:00,conseiller tres aimable et efficace,contact
V006715,22455,reclamation,2026-08-11 00:00:00,procedure de retour incomprehensible,retour
V006716,77436,reclamation,2025-12-27 00:00:00,le colis est arrive en retard,livraison
V006717,60955,chat,2025-06-24 00:00:00,livraison pas rapide du tout,livraison
V006718,19195,reclamation,2026-04-19 00:00:00,bon rapport qualite prix,prix
V006719,77835,reclamation,2025-04-25 00:00:00,livraison pas rapide du tout,livraison
V006720,28209,reclamation,2025-09-27 00:00:00,article conforme et solide,produit
V006721,58163,enquete,2025-04-17 00:00:00,conseiller tres aimable et efficace,contact
V006722,978,chat,2025-06-01 00:00:00,livraison pas rapide du tout,livraison
V006723,21653,avis,2026-02-13 00:00:00,impossible de joindre le service client,contact
V006724,23853,chat,2025-06-11 00:00:00,livraison pas rapide du tout,livraison
V006725,6878,avis,2026-07-28 00:00:00,impossible de joindre le service client,contact
V006726,33874,chat,2025-04-26 00:00:00,promotion interessante ce mois ci,prix
V006727,19168,enquete,2026-07-10 00:00:00,le produit ne correspond pas a la photo,produit
V006728,38371,reclamation,2026-01-19 00:00:00,impossible de joindre le service client,contact
V006729,24528,avis,2026-05-01 00:00:00,les prix ont augmente,prix
V006730,9857,enquete,2026-05-15 00:00:00,procedure de retour incomprehensible,retour
V006731,60247,chat,2026-04-13 00:00:00,le produit ne correspond pas a la photo,produit
V006732,763,chat,2025-12-06 00:00:00,article conforme et solide,produit
V006733,36080,avis,2026-04-09 00:00:00,delai de livraison beaucoup trop long,livraison
V006734,40101,avis,2026-02-06 00:00:00,promotion interessante ce mois ci,prix
V006735,386,reclamation,2025-04-26 00:00:00,bon rapport qualite prix,prix
V006736,12296,reclamation,2026-04-27 00:00:00,conseiller tres aimable et efficace,contact
V006737,77953,avis,2025-05-12 00:00:00,les prix ont augmente,prix
V006738,66266,reclamation,2026-01-23 00:00:00,le remboursement n arrive pas,retour
V006739,28499,reclamation,2025-08-12 00:00:00,promotion interessante ce mois ci,prix
V006740,48601,reclamation,2025-07-09 00:00:00,les prix ont augmente,prix
V006741,58262,avis,2026-08-13 00:00:00,promotion interessante ce mois ci,prix
V006742,18448,reclamation,2025-06-16 00:00:00,bon rapport qualite prix,prix
V006743,75899,enquete,2026-05-16 00:00:00,le colis est arrive en retard,livraison
V006744,55641,reclamation,2026-02-16 00:00:00,personne ne repond au telephone,contact
V006745,13451,enquete,2025-05-24 00:00:00,bon rapport qualite prix,prix
V006746,63479,enquete,2026-08-13 00:00:00,personne ne repond au telephone,contact
V006747,44750,chat,2026-08-17 00:00:00,les prix ont augmente,prix
V006748,64632,chat,2025-06-21 00:00:00,procedure de retour incomprehensible,retour
V006749,45865,chat,2025-05-07 00:00:00,conseiller tres aimable et efficace,contact
V006750,66350,enquete,2026-06-11 00:00:00,le remboursement n arrive pas,retour
V006751,46231,reclamation,2025-10-04 00:00:00,conseiller tres aimable et efficace,contact
V006752,16406,enquete,2025-10-10 00:00:00,bon rapport qualite prix,prix
V006753,2935,enquete,2026-04-13 00:00:00,la qualite n est pas au rendez vous,produit
V006754,21949,avis,2026-08-15 00:00:00,promotion interessante ce mois ci,prix
V006755,67723,chat,2026-03-14 00:00:00,personne ne repond au telephone,contact
V006756,9300,reclamation,2025-10-10 00:00:00,conseiller tres aimable et efficace,contact
V006757,7385,avis,2026-02-27 00:00:00,livraison pas rapide du tout,livraison
V006758,65729,chat,2025-09-17 00:00:00,delai de livraison beaucoup trop long,livraison
V006759,1680,reclamation,2025-09-10 00:00:00,personne ne repond au telephone,contact
V006760,798,enquete,2025-05-10 00:00:00,promotion interessante ce mois ci,prix
V006761,6184,avis,2026-07-31 00:00:00,les prix ont augmente,prix
V006762,40487,reclamation,2025-06-06 00:00:00,delai de livraison beaucoup trop long,livraison
V006763,11625,enquete,2025-06-30 00:00:00,impossible de retourner l article,retour
V006764,31579,avis,2026-05-27 00:00:00,promotion interessante ce mois ci,prix
V006765,76117,avis,2025-10-19 00:00:00,la qualite n est pas au rendez vous,produit
V006766,66385,chat,2025-10-14 00:00:00,impossible de joindre le service client,contact
V006767,52957,reclamation,2025-06-24 00:00:00,delai de livraison beaucoup trop long,livraison
V006768,23321,avis,2026-05-20 00:00:00,le produit ne correspond pas a la photo,produit
V006769,8911,enquete,2025-06-30 00:00:00,le colis est arrive en retard,livraison
V006770,26281,enquete,2025-12-03 00:00:00,bon rapport qualite prix,prix
V006771,70506,enquete,2026-06-02 00:00:00,les prix ont augmente,prix
V006772,4732,chat,2025-06-17 00:00:00,procedure de retour incomprehensible,retour
V006773,77571,enquete,2025-10-17 00:00:00,les prix ont augmente,prix
V006774,65356,avis,2025-11-05 00:00:00,les prix ont augmente,prix
V006775,63904,chat,2025-11-28 00:00:00,le remboursement n arrive pas,retour
V006776,8402,chat,2025-04-23 00:00:00,le remboursement n arrive pas,retour
V006777,26040,enquete,2026-04-10 00:00:00,impossible de retourner l article,retour
V006778,34394,chat,2025-08-08 00:00:00,personne ne repond au telephone,contact
V006779,19510,reclamation,2025-04-08 00:00:00,impossible de joindre le service client,contact
V006780,35296,avis,2026-05-10 00:00:00,les prix ont augmente,prix
V006781,78869,reclamation,2025-07-12 00:00:00,article conforme et solide,produit
V006782,54560,avis,2025-12-24 00:00:00,les prix ont augmente,prix
V006783,5546,enquete,2025-07-06 00:00:00,impossible de joindre le service client,contact
V006784,45739,reclamation,2025-12-12 00:00:00,personne ne repond au telephone,contact
V006785,17664,reclamation,2026-07-07 00:00:00,les prix ont augmente,prix
V006786,13758,avis,2026-08-14 00:00:00,article conforme et solide,produit
V006787,57037,avis,2026-04-26 00:00:00,le remboursement n arrive pas,retour
V006788,8607,enquete,2026-04-03 00:00:00,les prix ont augmente,prix
V006789,16083,reclamation,2025-12-25 00:00:00,delai de livraison beaucoup trop long,livraison
V006790,69080,enquete,2025-11-27 00:00:00,personne ne repond au telephone,contact
V006791,10763,reclamation,2025-12-18 00:00:00,la qualite n est pas au rendez vous,produit
V006792,73236,chat,2025-08-30 00:00:00,la qualite n est pas au rendez vous,produit
V006793,47265,chat,2026-05-30 00:00:00,article conforme et solide,produit
V006794,3456,avis,2025-10-16 00:00:00,procedure de retour incomprehensible,retour
V006795,34767,reclamation,2026-07-13 00:00:00,impossible de retourner l article,retour
V006796,30153,avis,2026-02-02 00:00:00,article conforme et solide,produit
V006797,48389,chat,2026-05-18 00:00:00,impossible de retourner l article,retour
V006798,22911,avis,2025-10-15 00:00:00,article conforme et solide,produit
V006799,36466,reclamation,2025-12-04 00:00:00,conseiller tres aimable et efficace,contact
V006800,7047,chat,2025-05-09 00:00:00,le produit ne correspond pas a la photo,produit
V006801,23899,avis,2025-05-25 00:00:00,le remboursement n arrive pas,retour
V006802,34292,enquete,2025-09-01 00:00:00,les prix ont augmente,prix
V006803,62864,reclamation,2025-09-03 00:00:00,le colis est arrive en retard,livraison
V006804,60657,avis,2025-11-16 00:00:00,procedure de retour incomprehensible,retour
V006805,33183,reclamation,2026-05-07 00:00:00,la qualite n est pas au rendez vous,produit
V006806,12619,enquete,2025-11-19 00:00:00,article conforme et solide,produit
V006807,40593,reclamation,2026-08-18 00:00:00,impossible de retourner l article,retour
V006808,33602,reclamation,2025-12-19 00:00:00,livraison pas rapide du tout,livraison
V006809,64781,chat,2026-06-11 00:00:00,les prix ont augmente,prix
V006810,41254,chat,2025-07-07 00:00:00,delai de livraison beaucoup trop long,livraison
V006811,64188,reclamation,2025-07-11 00:00:00,procedure de retour incomprehensible,retour
V006812,77619,enquete,2025-04-23 00:00:00,les prix ont augmente,prix
V006813,14520,enquete,2025-07-26 00:00:00,le produit ne correspond pas a la photo,produit
V006814,61284,avis,2025-07-12 00:00:00,le remboursement n arrive pas,retour
V006815,60178,chat,2026-04-22 00:00:00,promotion interessante ce mois ci,prix
V006816,54386,reclamation,2026-05-05 00:00:00,procedure de retour incomprehensible,retour
V006817,63693,avis,2026-06-08 00:00:00,article conforme et solide,produit
V006818,9504,chat,2025-07-26 00:00:00,impossible de joindre le service client,contact
V006819,16849,enquete,2026-02-12 00:00:00,promotion interessante ce mois ci,prix
V006820,45368,reclamation,2025-10-22 00:00:00,personne ne repond au telephone,contact
V006821,48456,chat,2025-11-22 00:00:00,article conforme et solide,produit
V006822,40389,chat,2025-11-22 00:00:00,le remboursement n arrive pas,retour
V006823,74040,avis,2025-10-27 00:00:00,le remboursement n arrive pas,retour
V006824,10487,enquete,2025-06-03 00:00:00,le colis est arrive en retard,livraison
V006825,70652,enquete,2026-02-17 00:00:00,impossible de retourner l article,retour
V006826,39410,chat,2026-07-16 00:00:00,le remboursement n arrive pas,retour
V006827,41694,avis,2025-10-11 00:00:00,impossible de retourner l article,retour
V006828,24338,reclamation,2026-06-02 00:00:00,impossible de joindre le service client,contact
V006829,61330,reclamation,2025-10-17 00:00:00,promotion interessante ce mois ci,prix
V006830,3236,avis,2026-04-14 00:00:00,le produit ne correspond pas a la photo,produit
V006831,52880,enquete,2025-07-28 00:00:00,les prix ont augmente,prix
V006832,35211,reclamation,2026-08-01 00:00:00,livraison pas rapide du tout,livraison
V006833,65708,enquete,2025-12-28 00:00:00,impossible de joindre le service client,contact
V006834,16642,chat,2026-07-25 00:00:00,article conforme et solide,produit
V006835,14165,chat,2026-02-26 00:00:00,personne ne repond au telephone,contact
V006836,3188,reclamation,2025-04-25 00:00:00,delai de livraison beaucoup trop long,livraison
V006837,5620,chat,2025-07-31 00:00:00,conseiller tres aimable et efficace,contact
V006838,77341,chat,2025-11-09 00:00:00,promotion interessante ce mois ci,prix
V006839,33110,reclamation,2025-07-08 00:00:00,la qualite n est pas au rendez vous,produit
V006840,52133,reclamation,2025-09-26 00:00:00,impossible de retourner l article,retour
V006841,23891,enquete,2025-07-29 00:00:00,article conforme et solide,produit
V006842,31183,avis,2026-02-26 00:00:00,livraison pas rapide du tout,livraison
V006843,11611,enquete,2025-06-20 00:00:00,les prix ont augmente,prix
V006844,2807,enquete,2026-07-24 00:00:00,conseiller tres aimable et efficace,contact
V006845,19951,avis,2025-04-22 00:00:00,delai de livraison beaucoup trop long,livraison
V006846,24484,chat,2025-08-13 00:00:00,livraison pas rapide du tout,livraison
V006847,15747,avis,2025-05-10 00:00:00,impossible de retourner l article,retour
V006848,66046,avis,2026-06-14 00:00:00,delai de livraison beaucoup trop long,livraison
V006849,49894,avis,2025-09-09 00:00:00,procedure de retour incomprehensible,retour
V006850,8121,chat,2025-05-10 00:00:00,le produit ne correspond pas a la photo,produit
V006851,47942,enquete,2025-07-10 00:00:00,les prix ont augmente,prix
V006852,8499,avis,2025-12-01 00:00:00,promotion interessante ce mois ci,prix
V006853,72615,reclamation,2025-04-13 00:00:00,bon rapport qualite prix,prix
V006854,17838,avis,2026-04-22 00:00:00,procedure de retour incomprehensible,retour
V006855,73497,reclamation,2025-08-13 00:00:00,procedure de retour incomprehensible,retour
V006856,22023,enquete,2026-01-22 00:00:00,livraison pas rapide du tout,livraison
V006857,20792,avis,2025-12-27 00:00:00,la qualite n est pas au rendez vous,produit
V006858,57014,enquete,2025-04-08 00:00:00,le remboursement n arrive pas,retour
V006859,55923,reclamation,2025-07-20 00:00:00,bon rapport qualite prix,prix
V006860,23352,avis,2026-08-07 00:00:00,delai de livraison beaucoup trop long,livraison
V006861,16568,avis,2026-01-11 00:00:00,le colis est arrive en retard,livraison
V006862,56086,reclamation,2025-07-25 00:00:00,personne ne repond au telephone,contact
V006863,23817,avis,2026-06-27 00:00:00,la qualite n est pas au rendez vous,produit
V006864,6600,reclamation,2026-07-01 00:00:00,procedure de retour incomprehensible,retour
V006865,24335,chat,2026-05-30 00:00:00,promotion interessante ce mois ci,prix
V006866,78119,enquete,2026-03-22 00:00:00,promotion interessante ce mois ci,prix
V006867,68133,enquete,2026-06-15 00:00:00,les prix ont augmente,prix
V006868,75243,enquete,2025-04-18 00:00:00,le colis est arrive en retard,livraison
V006869,58153,reclamation,2025-07-17 00:00:00,conseiller tres aimable et efficace,contact
V006870,49809,avis,2026-02-10 00:00:00,delai de livraison beaucoup trop long,livraison
V006871,24610,enquete,2026-02-02 00:00:00,livraison pas rapide du tout,livraison
V006872,31721,chat,2026-01-17 00:00:00,conseiller tres aimable et efficace,contact
V006873,26652,reclamation,2025-10-15 00:00:00,livraison pas rapide du tout,livraison
V006874,15624,avis,2026-01-26 00:00:00,la qualite n est pas au rendez vous,produit
V006875,8723,chat,2025-04-11 00:00:00,les prix ont augmente,prix
V006876,76780,avis,2025-08-12 00:00:00,le colis est arrive en retard,livraison
V006877,29731,enquete,2025-08-15 00:00:00,impossible de retourner l article,retour
V006878,20356,chat,2026-03-09 00:00:00,la qualite n est pas au rendez vous,produit
V006879,50586,reclamation,2026-06-28 00:00:00,la qualite n est pas au rendez vous,produit
V006880,69714,chat,2025-05-01 00:00:00,article conforme et solide,produit
V006881,44411,reclamation,2026-07-11 00:00:00,conseiller tres aimable et efficace,contact
V006882,70732,chat,2026-07-05 00:00:00,le remboursement n arrive pas,retour
V006883,58617,reclamation,2025-10-13 00:00:00,le produit ne correspond pas a la photo,produit
V006884,9566,avis,2026-06-14 00:00:00,le produit ne correspond pas a la photo,produit
V006885,42774,enquete,2026-01-29 00:00:00,promotion interessante ce mois ci,prix
V006886,71241,enquete,2025-10-10 00:00:00,impossible de retourner l article,retour
V006887,68124,reclamation,2026-05-06 00:00:00,procedure de retour incomprehensible,retour
V006888,75723,reclamation,2025-05-20 00:00:00,le remboursement n arrive pas,retour
V006889,27148,chat,2025-07-06 00:00:00,conseiller tres aimable et efficace,contact
V006890,34864,enquete,2026-05-02 00:00:00,procedure de retour incomprehensible,retour
V006891,75285,reclamation,2025-05-31 00:00:00,conseiller tres aimable et efficace,contact
V006892,37509,reclamation,2025-12-18 00:00:00,le colis est arrive en retard,livraison
V006893,61536,enquete,2026-02-06 00:00:00,impossible de retourner l article,retour
V006894,8835,chat,2026-04-28 00:00:00,delai de livraison beaucoup trop long,livraison
V006895,76130,reclamation,2025-08-21 00:00:00,le colis est arrive en retard,livraison
V006896,17542,avis,2026-06-09 00:00:00,le produit ne correspond pas a la photo,produit
V006897,26016,chat,2026-07-26 00:00:00,le produit ne correspond pas a la photo,produit
V006898,405,chat,2025-06-03 00:00:00,impossible de retourner l article,retour
V006899,18096,reclamation,2026-05-24 00:00:00,la qualite n est pas au rendez vous,produit
V006900,2273,chat,2025-04-08 00:00:00,procedure de retour incomprehensible,retour
V006901,30865,avis,2026-07-10 00:00:00,procedure de retour incomprehensible,retour
V006902,28264,avis,2026-05-01 00:00:00,article conforme et solide,produit
V006903,49672,enquete,2025-10-17 00:00:00,procedure de retour incomprehensible,retour
V006904,64724,chat,2025-05-27 00:00:00,delai de livraison beaucoup trop long,livraison
V006905,15065,enquete,2025-10-25 00:00:00,delai de livraison beaucoup trop long,livraison
V006906,1324,enquete,2025-07-28 00:00:00,le remboursement n arrive pas,retour
V006907,65886,reclamation,2025-04-28 00:00:00,le produit ne correspond pas a la photo,produit
V006908,56327,avis,2025-08-05 00:00:00,livraison pas rapide du tout,livraison
V006909,25203,enquete,2025-11-24 00:00:00,delai de livraison beaucoup trop long,livraison
V006910,19717,avis,2025-04-23 00:00:00,impossible de retourner l article,retour
V006911,54806,reclamation,2026-08-11 00:00:00,la qualite n est pas au rendez vous,produit
V006912,11947,reclamation,2025-05-23 00:00:00,les prix ont augmente,prix
V006913,5153,enquete,2026-04-28 00:00:00,personne ne repond au telephone,contact
V006914,2770,enquete,2025-09-04 00:00:00,procedure de retour incomprehensible,retour
V006915,18079,avis,2025-06-02 00:00:00,le produit ne correspond pas a la photo,produit
V006916,19007,chat,2026-06-23 00:00:00,bon rapport qualite prix,prix
V006917,50902,avis,2026-05-28 00:00:00,delai de livraison beaucoup trop long,livraison
V006918,51532,enquete,2026-08-04 00:00:00,le colis est arrive en retard,livraison
V006919,32496,enquete,2026-01-15 00:00:00,le remboursement n arrive pas,retour
V006920,50854,enquete,2026-05-25 00:00:00,conseiller tres aimable et efficace,contact
V006921,23378,enquete,2026-03-04 00:00:00,le produit ne correspond pas a la photo,produit
V006922,7798,enquete,2026-08-14 00:00:00,impossible de joindre le service client,contact
V006923,8349,avis,2026-04-06 00:00:00,procedure de retour incomprehensible,retour
V006924,37426,chat,2025-07-26 00:00:00,personne ne repond au telephone,contact
V006925,77533,chat,2025-07-11 00:00:00,les prix ont augmente,prix
V006926,47467,enquete,2026-07-28 00:00:00,le produit ne correspond pas a la photo,produit
V006927,52483,reclamation,2025-05-22 00:00:00,livraison pas rapide du tout,livraison
V006928,32507,enquete,2025-10-12 00:00:00,personne ne repond au telephone,contact
V006929,57532,avis,2025-11-25 00:00:00,promotion interessante ce mois ci,prix
V006930,73561,enquete,2025-05-05 00:00:00,procedure de retour incomprehensible,retour
V006931,32127,reclamation,2025-08-13 00:00:00,delai de livraison beaucoup trop long,livraison
V006932,6870,chat,2026-02-24 00:00:00,les prix ont augmente,prix
V006933,64134,reclamation,2026-06-08 00:00:00,impossible de joindre le service client,contact
V006934,58651,chat,2025-07-04 00:00:00,impossible de joindre le service client,contact
V006935,23439,enquete,2025-09-02 00:00:00,le produit ne correspond pas a la photo,produit
V006936,72982,reclamation,2026-05-24 00:00:00,delai de livraison beaucoup trop long,livraison
V006937,78751,chat,2025-07-07 00:00:00,impossible de retourner l article,retour
V006938,42324,avis,2025-05-19 00:00:00,conseiller tres aimable et efficace,contact
V006939,15425,reclamation,2025-11-10 00:00:00,livraison pas rapide du tout,livraison
V006940,53230,avis,2026-01-18 00:00:00,impossible de joindre le service client,contact
V006941,3851,enquete,2026-08-05 00:00:00,le remboursement n arrive pas,retour
V006942,72090,avis,2025-11-08 00:00:00,bon rapport qualite prix,prix
V006943,66601,reclamation,2025-07-20 00:00:00,la qualite n est pas au rendez vous,produit
V006944,32375,avis,2026-01-04 00:00:00,le produit ne correspond pas a la photo,produit
V006945,8195,chat,2026-01-17 00:00:00,delai de livraison beaucoup trop long,livraison
V006946,74963,enquete,2026-03-24 00:00:00,procedure de retour incomprehensible,retour
V006947,49288,avis,2025-04-22 00:00:00,promotion interessante ce mois ci,prix
V006948,79946,enquete,2026-08-05 00:00:00,promotion interessante ce mois ci,prix
V006949,28643,enquete,2025-12-28 00:00:00,le colis est arrive en retard,livraison
V006950,3768,enquete,2025-06-30 00:00:00,personne ne repond au telephone,contact
V006951,74075,reclamation,2025-11-12 00:00:00,la qualite n est pas au rendez vous,produit
V006952,15016,reclamation,2026-05-02 00:00:00,personne ne repond au telephone,contact
V006953,30521,avis,2025-06-07 00:00:00,livraison pas rapide du tout,livraison
V006954,25078,chat,2025-08-10 00:00:00,le produit ne correspond pas a la photo,produit
V006955,6526,reclamation,2026-06-13 00:00:00,impossible de joindre le service client,contact
V006956,55801,reclamation,2026-06-29 00:00:00,le produit ne correspond pas a la photo,produit
V006957,15110,avis,2025-09-14 00:00:00,bon rapport qualite prix,prix
V006958,29565,enquete,2026-03-03 00:00:00,bon rapport qualite prix,prix
V006959,45947,chat,2026-02-09 00:00:00,procedure de retour incomprehensible,retour
V006960,25091,chat,2026-06-11 00:00:00,procedure de retour incomprehensible,retour
V006961,65947,chat,2025-04-08 00:00:00,le produit ne correspond pas a la photo,produit
V006962,66313,chat,2026-03-15 00:00:00,promotion interessante ce mois ci,prix
V006963,62507,avis,2026-04-16 00:00:00,bon rapport qualite prix,prix
V006964,12901,enquete,2025-06-03 00:00:00,le produit ne correspond pas a la photo,produit
V006965,73462,chat,2025-10-03 00:00:00,la qualite n est pas au rendez vous,produit
V006966,66845,enquete,2026-06-07 00:00:00,le remboursement n arrive pas,retour
V006967,54133,avis,2026-07-16 00:00:00,livraison pas rapide du tout,livraison
V006968,10649,chat,2026-05-18 00:00:00,procedure de retour incomprehensible,retour
V006969,50078,enquete,2025-11-17 00:00:00,le colis est arrive en retard,livraison
V006970,6880,chat,2025-11-28 00:00:00,les prix ont augmente,prix
V006971,76320,reclamation,2025-12-14 00:00:00,conseiller tres aimable et efficace,contact
V006972,12287,chat,2025-07-13 00:00:00,la qualite n est pas au rendez vous,produit
V006973,64556,enquete,2025-09-21 00:00:00,article conforme et solide,produit
V006974,54037,chat,2026-01-07 00:00:00,impossible de retourner l article,retour
V006975,19988,chat,2026-02-10 00:00:00,personne ne repond au telephone,contact
V006976,20554,avis,2025-06-08 00:00:00,personne ne repond au telephone,contact
V006977,47270,enquete,2026-07-07 00:00:00,bon rapport qualite prix,prix
V006978,37085,chat,2026-02-28 00:00:00,la qualite n est pas au rendez vous,produit
V006979,62997,reclamation,2026-06-20 00:00:00,le produit ne correspond pas a la photo,produit
V006980,63229,avis,2025-04-20 00:00:00,les prix ont augmente,prix
V006981,64603,chat,2026-07-30 00:00:00,le produit ne correspond pas a la photo,produit
V006982,66689,avis,2026-04-03 00:00:00,conseiller tres aimable et efficace,contact
V006983,57618,reclamation,2026-03-04 00:00:00,le produit ne correspond pas a la photo,produit
V006984,62969,enquete,2026-03-18 00:00:00,conseiller tres aimable et efficace,contact
V006985,30304,avis,2025-05-13 00:00:00,livraison pas rapide du tout,livraison
V006986,72355,enquete,2026-08-10 00:00:00,impossible de retourner l article,retour
V006987,10817,reclamation,2026-07-13 00:00:00,bon rapport qualite prix,prix
V006988,13122,enquete,2026-06-18 00:00:00,le remboursement n arrive pas,retour
V006989,8151,reclamation,2026-08-12 00:00:00,impossible de retourner l article,retour
V006990,78446,avis,2026-06-05 00:00:00,delai de livraison beaucoup trop long,livraison
V006991,14611,avis,2026-08-18 00:00:00,le remboursement n arrive pas,retour
V006992,60224,avis,2025-07-29 00:00:00,delai de livraison beaucoup trop long,livraison
V006993,28852,chat,2025-05-03 00:00:00,promotion interessante ce mois ci,prix
V006994,74298,reclamation,2025-11-18 00:00:00,bon rapport qualite prix,prix
V006995,56311,enquete,2025-04-23 00:00:00,impossible de retourner l article,retour
V006996,11380,chat,2025-12-11 00:00:00,bon rapport qualite prix,prix
V006997,7646,chat,2026-02-28 00:00:00,article conforme et solide,produit
V006998,33058,enquete,2026-03-05 00:00:00,impossible de retourner l article,retour
V006999,49174,reclamation,2025-11-25 00:00:00,article conforme et solide,produit
V007000,62028,reclamation,2026-01-03 00:00:00,livraison pas rapide du tout,livraison
V007001,17686,avis,2026-02-11 00:00:00,promotion interessante ce mois ci,prix
V007002,19822,enquete,2026-07-18 00:00:00,promotion interessante ce mois ci,prix
V007003,65023,enquete,2025-10-20 00:00:00,promotion interessante ce mois ci,prix
V007004,32074,enquete,2026-01-15 00:00:00,impossible de joindre le service client,contact
V007005,61754,chat,2026-02-22 00:00:00,les prix ont augmente,prix
V007006,37197,enquete,2025-12-03 00:00:00,le colis est arrive en retard,livraison
V007007,70843,chat,2025-09-21 00:00:00,impossible de retourner l article,retour
V007008,61999,avis,2026-04-30 00:00:00,livraison pas rapide du tout,livraison
V007009,61298,chat,2025-11-07 00:00:00,impossible de retourner l article,retour
V007010,78907,chat,2026-08-17 00:00:00,les prix ont augmente,prix
V007011,38097,avis,2025-11-12 00:00:00,personne ne repond au telephone,contact
V007012,68806,chat,2025-12-25 00:00:00,la qualite n est pas au rendez vous,produit
V007013,37493,avis,2026-05-26 00:00:00,le remboursement n arrive pas,retour
V007014,57036,avis,2025-10-03 00:00:00,le produit ne correspond pas a la photo,produit
V007015,58836,chat,2025-04-10 00:00:00,livraison pas rapide du tout,livraison
V007016,52610,enquete,2025-04-30 00:00:00,la qualite n est pas au rendez vous,produit
V007017,36224,enquete,2025-09-09 00:00:00,les prix ont augmente,prix
V007018,59980,avis,2026-07-15 00:00:00,impossible de joindre le service client,contact
V007019,23586,avis,2025-07-01 00:00:00,les prix ont augmente,prix
V007020,38645,chat,2025-10-23 00:00:00,le produit ne correspond pas a la photo,produit
V007021,32732,avis,2026-07-10 00:00:00,promotion interessante ce mois ci,prix
V007022,68674,avis,2026-05-13 00:00:00,les prix ont augmente,prix
V007023,66594,avis,2026-07-10 00:00:00,le remboursement n arrive pas,retour
V007024,73147,reclamation,2026-05-24 00:00:00,la qualite n est pas au rendez vous,produit
V007025,23,avis,2025-05-05 00:00:00,conseiller tres aimable et efficace,contact
V007026,11115,enquete,2025-07-06 00:00:00,delai de livraison beaucoup trop long,livraison
V007027,63222,enquete,2026-02-09 00:00:00,delai de livraison beaucoup trop long,livraison
V007028,33176,enquete,2025-05-28 00:00:00,le produit ne correspond pas a la photo,produit
V007029,25871,avis,2025-07-20 00:00:00,le produit ne correspond pas a la photo,produit
V007030,6446,enquete,2025-05-22 00:00:00,le remboursement n arrive pas,retour
V007031,17938,chat,2025-09-29 00:00:00,le produit ne correspond pas a la photo,produit
V007032,76785,enquete,2025-05-05 00:00:00,impossible de joindre le service client,contact
V007033,9938,chat,2025-09-23 00:00:00,procedure de retour incomprehensible,retour
V007034,16703,avis,2025-09-07 00:00:00,procedure de retour incomprehensible,retour
V007035,73189,chat,2025-12-30 00:00:00,conseiller tres aimable et efficace,contact
V007036,48284,avis,2025-06-08 00:00:00,article conforme et solide,produit
V007037,18455,chat,2026-01-07 00:00:00,impossible de joindre le service client,contact
V007038,47117,avis,2025-10-08 00:00:00,livraison pas rapide du tout,livraison
V007039,23043,chat,2026-03-11 00:00:00,la qualite n est pas au rendez vous,produit
V007040,33929,enquete,2026-04-17 00:00:00,impossible de joindre le service client,contact
V007041,31278,reclamation,2025-05-03 00:00:00,personne ne repond au telephone,contact
V007042,48734,reclamation,2025-11-05 00:00:00,le colis est arrive en retard,livraison
V007043,20009,chat,2025-06-14 00:00:00,delai de livraison beaucoup trop long,livraison
V007044,12250,enquete,2026-06-22 00:00:00,le remboursement n arrive pas,retour
V007045,25891,avis,2025-12-02 00:00:00,les prix ont augmente,prix
V007046,53380,enquete,2026-05-16 00:00:00,promotion interessante ce mois ci,prix
V007047,16655,enquete,2026-07-01 00:00:00,delai de livraison beaucoup trop long,livraison
V007048,19795,avis,2026-06-06 00:00:00,la qualite n est pas au rendez vous,produit
V007049,62379,chat,2025-05-09 00:00:00,impossible de retourner l article,retour
V007050,3655,avis,2026-05-08 00:00:00,conseiller tres aimable et efficace,contact
V007051,2460,enquete,2025-07-21 00:00:00,conseiller tres aimable et efficace,contact
V007052,47617,chat,2026-05-17 00:00:00,conseiller tres aimable et efficace,contact
V007053,44007,reclamation,2025-12-16 00:00:00,le colis est arrive en retard,livraison
V007054,1056,chat,2026-04-16 00:00:00,bon rapport qualite prix,prix
V007055,74828,chat,2025-09-08 00:00:00,bon rapport qualite prix,prix
V007056,43997,avis,2025-04-11 00:00:00,delai de livraison beaucoup trop long,livraison
V007057,15705,avis,2025-10-07 00:00:00,procedure de retour incomprehensible,retour
V007058,67209,reclamation,2026-01-07 00:00:00,personne ne repond au telephone,contact
V007059,79864,enquete,2025-06-09 00:00:00,impossible de retourner l article,retour
V007060,75046,chat,2026-03-06 00:00:00,la qualite n est pas au rendez vous,produit
V007061,33596,enquete,2025-08-19 00:00:00,livraison pas rapide du tout,livraison
V007062,52535,avis,2026-03-17 00:00:00,livraison pas rapide du tout,livraison
V007063,7920,avis,2026-05-25 00:00:00,le produit ne correspond pas a la photo,produit
V007064,44133,chat,2025-11-14 00:00:00,les prix ont augmente,prix
V007065,13429,avis,2025-07-23 00:00:00,promotion interessante ce mois ci,prix
V007066,77854,chat,2025-08-04 00:00:00,le colis est arrive en retard,livraison
V007067,41088,enquete,2025-08-05 00:00:00,procedure de retour incomprehensible,retour
V007068,68398,chat,2025-06-12 00:00:00,la qualite n est pas au rendez vous,produit
V007069,26550,chat,2026-05-11 00:00:00,les prix ont augmente,prix
V007070,4788,chat,2026-03-13 00:00:00,le colis est arrive en retard,livraison
V007071,65000,reclamation,2025-10-19 00:00:00,procedure de retour incomprehensible,retour
V007072,18529,enquete,2025-04-21 00:00:00,personne ne repond au telephone,contact
V007073,17849,reclamation,2025-04-20 00:00:00,le remboursement n arrive pas,retour
V007074,59062,enquete,2026-07-15 00:00:00,article conforme et solide,produit
V007075,22642,enquete,2026-02-19 00:00:00,impossible de joindre le service client,contact
V007076,7148,reclamation,2025-08-02 00:00:00,promotion interessante ce mois ci,prix
V007077,31055,avis,2025-06-27 00:00:00,les prix ont augmente,prix
V007078,18693,reclamation,2026-08-19 00:00:00,la qualite n est pas au rendez vous,produit
V007079,44862,enquete,2026-08-08 00:00:00,procedure de retour incomprehensible,retour
V007080,19798,reclamation,2025-05-01 00:00:00,personne ne repond au telephone,contact
V007081,6219,enquete,2025-07-13 00:00:00,le colis est arrive en retard,livraison
V007082,67765,chat,2026-05-15 00:00:00,promotion interessante ce mois ci,prix
V007083,5647,reclamation,2025-06-23 00:00:00,le remboursement n arrive pas,retour
V007084,25067,avis,2025-12-10 00:00:00,promotion interessante ce mois ci,prix
V007085,1431,enquete,2025-07-11 00:00:00,impossible de joindre le service client,contact
V007086,58680,enquete,2025-11-09 00:00:00,le colis est arrive en retard,livraison
V007087,28047,enquete,2025-08-12 00:00:00,impossible de retourner l article,retour
V007088,43945,enquete,2026-01-30 00:00:00,conseiller tres aimable et efficace,contact
V007089,29146,reclamation,2026-08-04 00:00:00,conseiller tres aimable et efficace,contact
V007090,21595,reclamation,2026-05-23 00:00:00,delai de livraison beaucoup trop long,livraison
V007091,13521,avis,2025-09-13 00:00:00,procedure de retour incomprehensible,retour
V007092,60693,enquete,2026-06-01 00:00:00,livraison pas rapide du tout,livraison
V007093,47195,reclamation,2025-07-16 00:00:00,le remboursement n arrive pas,retour
V007094,50613,reclamation,2025-09-02 00:00:00,impossible de joindre le service client,contact
V007095,22166,enquete,2025-05-11 00:00:00,impossible de joindre le service client,contact
V007096,9820,chat,2025-05-23 00:00:00,article conforme et solide,produit
V007097,50303,chat,2026-04-12 00:00:00,le remboursement n arrive pas,retour
V007098,38925,chat,2025-06-08 00:00:00,les prix ont augmente,prix
V007099,47538,avis,2025-11-28 00:00:00,les prix ont augmente,prix
V007100,73213,chat,2025-07-21 00:00:00,les prix ont augmente,prix
V007101,28723,avis,2026-04-06 00:00:00,personne ne repond au telephone,contact
V007102,49788,chat,2026-03-31 00:00:00,personne ne repond au telephone,contact
V007103,48461,chat,2026-03-30 00:00:00,le colis est arrive en retard,livraison
V007104,58575,avis,2026-02-11 00:00:00,procedure de retour incomprehensible,retour
V007105,67926,chat,2025-08-31 00:00:00,livraison pas rapide du tout,livraison
V007106,19271,chat,2026-06-26 00:00:00,impossible de joindre le service client,contact
V007107,65663,reclamation,2025-10-24 00:00:00,le colis est arrive en retard,livraison
V007108,67296,enquete,2026-06-22 00:00:00,article conforme et solide,produit
V007109,7304,avis,2025-11-18 00:00:00,le remboursement n arrive pas,retour
V007110,34347,chat,2025-07-01 00:00:00,les prix ont augmente,prix
V007111,65239,avis,2026-06-05 00:00:00,delai de livraison beaucoup trop long,livraison
V007112,14436,chat,2025-05-25 00:00:00,conseiller tres aimable et efficace,contact
V007113,48885,chat,2026-01-22 00:00:00,les prix ont augmente,prix
V007114,187,enquete,2026-06-08 00:00:00,personne ne repond au telephone,contact
V007115,42300,chat,2025-08-03 00:00:00,livraison pas rapide du tout,livraison
V007116,15302,enquete,2026-06-03 00:00:00,procedure de retour incomprehensible,retour
V007117,43929,enquete,2025-10-13 00:00:00,impossible de retourner l article,retour
V007118,39121,enquete,2026-06-22 00:00:00,la qualite n est pas au rendez vous,produit
V007119,17809,enquete,2025-12-04 00:00:00,impossible de joindre le service client,contact
V007120,59023,chat,2026-03-17 00:00:00,le colis est arrive en retard,livraison
V007121,75144,reclamation,2025-08-14 00:00:00,promotion interessante ce mois ci,prix
V007122,55075,reclamation,2025-10-07 00:00:00,personne ne repond au telephone,contact
V007123,35012,enquete,2026-07-26 00:00:00,procedure de retour incomprehensible,retour
V007124,15221,chat,2025-10-28 00:00:00,le produit ne correspond pas a la photo,produit
V007125,69091,chat,2025-12-13 00:00:00,le remboursement n arrive pas,retour
V007126,9123,enquete,2026-01-15 00:00:00,personne ne repond au telephone,contact
V007127,34180,avis,2025-09-20 00:00:00,livraison pas rapide du tout,livraison
V007128,53945,avis,2026-04-19 00:00:00,personne ne repond au telephone,contact
V007129,59709,chat,2025-05-10 00:00:00,personne ne repond au telephone,contact
V007130,3040,chat,2025-12-20 00:00:00,impossible de retourner l article,retour
V007131,33655,avis,2026-05-04 00:00:00,la qualite n est pas au rendez vous,produit
V007132,10669,reclamation,2025-07-22 00:00:00,procedure de retour incomprehensible,retour
V007133,21317,chat,2026-01-28 00:00:00,livraison pas rapide du tout,livraison
V007134,61418,enquete,2025-04-22 00:00:00,livraison pas rapide du tout,livraison
V007135,10389,enquete,2026-08-04 00:00:00,la qualite n est pas au rendez vous,produit
V007136,64103,enquete,2025-06-03 00:00:00,impossible de joindre le service client,contact
V007137,63913,chat,2026-01-02 00:00:00,impossible de retourner l article,retour
V007138,67750,avis,2025-04-28 00:00:00,livraison pas rapide du tout,livraison
V007139,50482,chat,2025-10-19 00:00:00,impossible de retourner l article,retour
V007140,40547,reclamation,2025-12-14 00:00:00,bon rapport qualite prix,prix
V007141,69034,enquete,2026-07-31 00:00:00,les prix ont augmente,prix
V007142,78381,enquete,2026-06-11 00:00:00,le remboursement n arrive pas,retour
V007143,39289,avis,2025-10-25 00:00:00,livraison pas rapide du tout,livraison
V007144,25220,chat,2026-04-24 00:00:00,la qualite n est pas au rendez vous,produit
V007145,48896,avis,2025-09-01 00:00:00,procedure de retour incomprehensible,retour
V007146,22661,reclamation,2026-03-04 00:00:00,le colis est arrive en retard,livraison
V007147,35662,enquete,2025-04-15 00:00:00,le colis est arrive en retard,livraison
V007148,42822,avis,2025-12-27 00:00:00,personne ne repond au telephone,contact
V007149,51528,avis,2026-05-24 00:00:00,le produit ne correspond pas a la photo,produit
V007150,49333,chat,2025-05-31 00:00:00,le colis est arrive en retard,livraison
V007151,59289,avis,2025-07-04 00:00:00,le remboursement n arrive pas,retour
V007152,10109,reclamation,2026-08-14 00:00:00,impossible de joindre le service client,contact
V007153,12434,enquete,2025-11-01 00:00:00,article conforme et solide,produit
V007154,64445,enquete,2025-11-19 00:00:00,impossible de joindre le service client,contact
V007155,8970,chat,2026-01-20 00:00:00,personne ne repond au telephone,contact
V007156,63407,chat,2026-03-26 00:00:00,bon rapport qualite prix,prix
V007157,3130,enquete,2026-04-07 00:00:00,bon rapport qualite prix,prix
V007158,65375,avis,2026-08-05 00:00:00,le remboursement n arrive pas,retour
V007159,64229,chat,2025-12-19 00:00:00,la qualite n est pas au rendez vous,produit
V007160,63915,reclamation,2025-09-01 00:00:00,article conforme et solide,produit
V007161,59398,enquete,2026-05-31 00:00:00,le produit ne correspond pas a la photo,produit
V007162,24091,avis,2026-02-28 00:00:00,promotion interessante ce mois ci,prix
V007163,45139,avis,2025-09-30 00:00:00,livraison pas rapide du tout,livraison
V007164,24316,enquete,2026-02-27 00:00:00,conseiller tres aimable et efficace,contact
V007165,58419,reclamation,2026-02-04 00:00:00,conseiller tres aimable et efficace,contact
V007166,15588,avis,2025-08-20 00:00:00,le colis est arrive en retard,livraison
V007167,79570,reclamation,2025-09-14 00:00:00,promotion interessante ce mois ci,prix
V007168,45475,reclamation,2025-08-11 00:00:00,le remboursement n arrive pas,retour
V007169,9028,enquete,2026-02-27 00:00:00,impossible de retourner l article,retour
V007170,47116,reclamation,2025-12-06 00:00:00,article conforme et solide,produit
V007171,31615,chat,2025-05-14 00:00:00,personne ne repond au telephone,contact
V007172,22795,chat,2025-04-09 00:00:00,procedure de retour incomprehensible,retour
V007173,57605,chat,2026-07-12 00:00:00,le remboursement n arrive pas,retour
V007174,7267,chat,2026-01-21 00:00:00,conseiller tres aimable et efficace,contact
V007175,42980,reclamation,2025-12-02 00:00:00,le produit ne correspond pas a la photo,produit
V007176,33133,reclamation,2025-12-15 00:00:00,la qualite n est pas au rendez vous,produit
V007177,31672,avis,2025-11-14 00:00:00,la qualite n est pas au rendez vous,produit
V007178,52455,reclamation,2026-04-18 00:00:00,les prix ont augmente,prix
V007179,52893,chat,2025-08-20 00:00:00,conseiller tres aimable et efficace,contact
V007180,63363,enquete,2026-03-01 00:00:00,impossible de retourner l article,retour
V007181,55841,avis,2026-07-02 00:00:00,procedure de retour incomprehensible,retour
V007182,8506,chat,2026-05-02 00:00:00,conseiller tres aimable et efficace,contact
V007183,79102,reclamation,2025-08-22 00:00:00,promotion interessante ce mois ci,prix
V007184,4506,reclamation,2025-09-27 00:00:00,bon rapport qualite prix,prix
V007185,72042,chat,2025-04-13 00:00:00,la qualite n est pas au rendez vous,produit
V007186,41421,chat,2026-01-18 00:00:00,conseiller tres aimable et efficace,contact
V007187,76627,avis,2026-06-13 00:00:00,personne ne repond au telephone,contact
V007188,52453,enquete,2025-04-22 00:00:00,personne ne repond au telephone,contact
V007189,41312,chat,2026-02-15 00:00:00,la qualite n est pas au rendez vous,produit
V007190,43501,enquete,2025-09-10 00:00:00,livraison pas rapide du tout,livraison
V007191,7743,chat,2026-04-16 00:00:00,impossible de joindre le service client,contact
V007192,35413,reclamation,2025-10-21 00:00:00,le produit ne correspond pas a la photo,produit
V007193,23728,enquete,2026-01-01 00:00:00,article conforme et solide,produit
V007194,13246,chat,2026-01-03 00:00:00,bon rapport qualite prix,prix
V007195,76165,enquete,2026-01-19 00:00:00,livraison pas rapide du tout,livraison
V007196,4107,enquete,2025-11-12 00:00:00,le colis est arrive en retard,livraison
V007197,26584,chat,2025-10-08 00:00:00,impossible de joindre le service client,contact
V007198,11896,reclamation,2025-11-04 00:00:00,bon rapport qualite prix,prix
V007199,7504,enquete,2026-01-25 00:00:00,promotion interessante ce mois ci,prix
V007200,21799,avis,2025-06-20 00:00:00,le remboursement n arrive pas,retour
V007201,74998,reclamation,2026-06-24 00:00:00,le produit ne correspond pas a la photo,produit
V007202,431,avis,2025-07-21 00:00:00,bon rapport qualite prix,prix
V007203,18000,enquete,2026-01-25 00:00:00,bon rapport qualite prix,prix
V007204,56187,avis,2025-07-29 00:00:00,les prix ont augmente,prix
V007205,64003,reclamation,2025-12-03 00:00:00,bon rapport qualite prix,prix
V007206,15379,avis,2026-02-07 00:00:00,le colis est arrive en retard,livraison
V007207,18233,reclamation,2025-10-23 00:00:00,les prix ont augmente,prix
V007208,25290,chat,2025-11-15 00:00:00,personne ne repond au telephone,contact
V007209,32160,enquete,2025-07-29 00:00:00,la qualite n est pas au rendez vous,produit
V007210,78304,enquete,2025-06-12 00:00:00,bon rapport qualite prix,prix
V007211,53643,enquete,2025-09-22 00:00:00,procedure de retour incomprehensible,retour
V007212,17119,reclamation,2026-05-31 00:00:00,conseiller tres aimable et efficace,contact
V007213,61962,avis,2025-07-12 00:00:00,personne ne repond au telephone,contact
V007214,24242,avis,2026-02-19 00:00:00,delai de livraison beaucoup trop long,livraison
V007215,19221,reclamation,2025-08-17 00:00:00,procedure de retour incomprehensible,retour
V007216,37492,avis,2026-01-07 00:00:00,impossible de joindre le service client,contact
V007217,22610,avis,2026-05-23 00:00:00,conseiller tres aimable et efficace,contact
V007218,44697,avis,2025-06-04 00:00:00,le remboursement n arrive pas,retour
V007219,74071,enquete,2025-10-28 00:00:00,le remboursement n arrive pas,retour
V007220,42278,avis,2025-10-15 00:00:00,le produit ne correspond pas a la photo,produit
V007221,56671,avis,2025-07-16 00:00:00,impossible de retourner l article,retour
V007222,40314,chat,2025-07-14 00:00:00,personne ne repond au telephone,contact
V007223,42385,reclamation,2025-12-31 00:00:00,le colis est arrive en retard,livraison
V007224,21364,chat,2025-11-28 00:00:00,procedure de retour incomprehensible,retour
V007225,48422,enquete,2025-08-02 00:00:00,les prix ont augmente,prix
V007226,57214,chat,2026-01-10 00:00:00,impossible de joindre le service client,contact
V007227,25974,avis,2026-08-04 00:00:00,le remboursement n arrive pas,retour
V007228,40261,avis,2026-05-14 00:00:00,personne ne repond au telephone,contact
V007229,61090,chat,2025-10-14 00:00:00,le remboursement n arrive pas,retour
V007230,25821,enquete,2025-12-30 00:00:00,personne ne repond au telephone,contact
V007231,338,enquete,2025-10-31 00:00:00,promotion interessante ce mois ci,prix
V007232,37663,chat,2026-08-11 00:00:00,livraison pas rapide du tout,livraison
V007233,74547,chat,2026-01-23 00:00:00,le produit ne correspond pas a la photo,produit
V007234,73948,enquete,2026-04-24 00:00:00,delai de livraison beaucoup trop long,livraison
V007235,29479,reclamation,2026-04-06 00:00:00,procedure de retour incomprehensible,retour
V007236,2999,reclamation,2026-04-01 00:00:00,la qualite n est pas au rendez vous,produit
V007237,43685,avis,2025-09-26 00:00:00,le remboursement n arrive pas,retour
V007238,27701,enquete,2025-05-23 00:00:00,impossible de joindre le service client,contact
V007239,42973,enquete,2026-04-08 00:00:00,personne ne repond au telephone,contact
V007240,78701,reclamation,2026-01-03 00:00:00,article conforme et solide,produit
V007241,25622,avis,2026-05-06 00:00:00,bon rapport qualite prix,prix
V007242,26949,avis,2025-04-11 00:00:00,article conforme et solide,produit
V007243,1657,chat,2025-11-18 00:00:00,les prix ont augmente,prix
V007244,36357,avis,2026-01-06 00:00:00,personne ne repond au telephone,contact
V007245,11792,chat,2026-04-28 00:00:00,bon rapport qualite prix,prix
V007246,19135,avis,2025-09-30 00:00:00,les prix ont augmente,prix
V007247,64482,chat,2026-08-12 00:00:00,le produit ne correspond pas a la photo,produit
V007248,60205,enquete,2025-04-17 00:00:00,le colis est arrive en retard,livraison
V007249,2374,avis,2026-02-24 00:00:00,impossible de retourner l article,retour
V007250,53272,reclamation,2026-07-26 00:00:00,impossible de retourner l article,retour
V007251,14387,enquete,2025-07-16 00:00:00,impossible de joindre le service client,contact
V007252,69856,reclamation,2025-11-25 00:00:00,article conforme et solide,produit
V007253,70402,reclamation,2026-01-27 00:00:00,conseiller tres aimable et efficace,contact
V007254,22607,enquete,2025-05-01 00:00:00,les prix ont augmente,prix
V007255,252,chat,2026-08-11 00:00:00,la qualite n est pas au rendez vous,produit
V007256,39062,reclamation,2025-05-01 00:00:00,bon rapport qualite prix,prix
V007257,77747,avis,2025-10-13 00:00:00,le colis est arrive en retard,livraison
V007258,7460,enquete,2026-02-01 00:00:00,delai de livraison beaucoup trop long,livraison
V007259,75192,chat,2026-01-17 00:00:00,article conforme et solide,produit
V007260,49598,chat,2026-06-27 00:00:00,personne ne repond au telephone,contact
V007261,62471,enquete,2025-07-04 00:00:00,delai de livraison beaucoup trop long,livraison
V007262,55261,chat,2026-05-11 00:00:00,delai de livraison beaucoup trop long,livraison
V007263,52505,avis,2026-04-30 00:00:00,impossible de joindre le service client,contact
V007264,46067,enquete,2025-07-18 00:00:00,le colis est arrive en retard,livraison
V007265,28310,enquete,2025-08-05 00:00:00,le remboursement n arrive pas,retour
V007266,992,enquete,2025-06-28 00:00:00,le colis est arrive en retard,livraison
V007267,15958,reclamation,2026-01-30 00:00:00,livraison pas rapide du tout,livraison
V007268,75120,chat,2025-04-23 00:00:00,les prix ont augmente,prix
V007269,76646,reclamation,2025-07-25 00:00:00,article conforme et solide,produit
V007270,56474,chat,2025-09-17 00:00:00,le remboursement n arrive pas,retour
V007271,78183,chat,2026-03-18 00:00:00,le produit ne correspond pas a la photo,produit
V007272,1697,enquete,2025-05-24 00:00:00,le colis est arrive en retard,livraison
V007273,37390,chat,2026-08-06 00:00:00,procedure de retour incomprehensible,retour
V007274,20821,avis,2025-09-10 00:00:00,livraison pas rapide du tout,livraison
V007275,44671,reclamation,2025-06-17 00:00:00,impossible de retourner l article,retour
V007276,52998,chat,2025-09-25 00:00:00,impossible de retourner l article,retour
V007277,21652,reclamation,2026-02-26 00:00:00,le remboursement n arrive pas,retour
V007278,50981,reclamation,2025-09-03 00:00:00,les prix ont augmente,prix
V007279,68599,enquete,2026-05-29 00:00:00,delai de livraison beaucoup trop long,livraison
V007280,9062,enquete,2025-12-20 00:00:00,article conforme et solide,produit
V007281,61029,chat,2025-06-13 00:00:00,la qualite n est pas au rendez vous,produit
V007282,51153,chat,2025-11-25 00:00:00,les prix ont augmente,prix
V007283,37364,enquete,2025-05-10 00:00:00,impossible de retourner l article,retour
V007284,56255,chat,2025-12-29 00:00:00,article conforme et solide,produit
V007285,11903,chat,2026-05-05 00:00:00,personne ne repond au telephone,contact
V007286,43494,chat,2025-11-04 00:00:00,impossible de joindre le service client,contact
V007287,45265,enquete,2025-10-30 00:00:00,promotion interessante ce mois ci,prix
V007288,62326,avis,2025-08-16 00:00:00,impossible de retourner l article,retour
V007289,30151,reclamation,2025-07-07 00:00:00,personne ne repond au telephone,contact
V007290,34436,avis,2025-07-31 00:00:00,la qualite n est pas au rendez vous,produit
V007291,7339,enquete,2025-11-23 00:00:00,bon rapport qualite prix,prix
V007292,28463,reclamation,2025-05-24 00:00:00,procedure de retour incomprehensible,retour
V007293,23585,enquete,2025-11-15 00:00:00,la qualite n est pas au rendez vous,produit
V007294,6131,reclamation,2025-04-29 00:00:00,la qualite n est pas au rendez vous,produit
V007295,27556,reclamation,2025-09-15 00:00:00,promotion interessante ce mois ci,prix
V007296,69015,reclamation,2025-10-06 00:00:00,la qualite n est pas au rendez vous,produit
V007297,69595,enquete,2026-07-08 00:00:00,le produit ne correspond pas a la photo,produit
V007298,12087,avis,2025-04-25 00:00:00,procedure de retour incomprehensible,retour
V007299,45662,reclamation,2026-02-19 00:00:00,le remboursement n arrive pas,retour
V007300,74477,avis,2026-03-13 00:00:00,la qualite n est pas au rendez vous,produit
V007301,65763,avis,2025-04-11 00:00:00,les prix ont augmente,prix
V007302,31427,chat,2025-10-17 00:00:00,le produit ne correspond pas a la photo,produit
V007303,20737,avis,2025-05-12 00:00:00,procedure de retour incomprehensible,retour
V007304,20901,chat,2026-08-04 00:00:00,impossible de joindre le service client,contact
V007305,35830,reclamation,2025-09-20 00:00:00,le remboursement n arrive pas,retour
V007306,62697,avis,2025-12-18 00:00:00,personne ne repond au telephone,contact
V007307,64956,avis,2026-05-03 00:00:00,bon rapport qualite prix,prix
V007308,15629,avis,2025-05-11 00:00:00,les prix ont augmente,prix
V007309,76090,reclamation,2025-05-25 00:00:00,article conforme et solide,produit
V007310,79685,avis,2025-09-10 00:00:00,le colis est arrive en retard,livraison
V007311,76090,enquete,2025-06-19 00:00:00,bon rapport qualite prix,prix
V007312,18926,reclamation,2026-06-23 00:00:00,article conforme et solide,produit
V007313,71879,avis,2026-07-07 00:00:00,impossible de joindre le service client,contact
V007314,25400,reclamation,2026-03-31 00:00:00,delai de livraison beaucoup trop long,livraison
V007315,3795,reclamation,2025-07-12 00:00:00,procedure de retour incomprehensible,retour
V007316,19330,reclamation,2026-04-30 00:00:00,les prix ont augmente,prix
V007317,65823,chat,2025-10-06 00:00:00,personne ne repond au telephone,contact
V007318,14210,avis,2026-01-04 00:00:00,le remboursement n arrive pas,retour
V007319,9256,chat,2026-02-28 00:00:00,procedure de retour incomprehensible,retour
V007320,34056,reclamation,2026-04-30 00:00:00,livraison pas rapide du tout,livraison
V007321,78046,enquete,2026-06-13 00:00:00,livraison pas rapide du tout,livraison
V007322,36996,chat,2025-05-06 00:00:00,la qualite n est pas au rendez vous,produit
V007323,70164,chat,2026-02-19 00:00:00,livraison pas rapide du tout,livraison
V007324,68152,enquete,2025-08-10 00:00:00,personne ne repond au telephone,contact
V007325,59375,chat,2026-07-01 00:00:00,la qualite n est pas au rendez vous,produit
V007326,37477,chat,2025-06-27 00:00:00,impossible de joindre le service client,contact
V007327,52327,avis,2025-05-25 00:00:00,promotion interessante ce mois ci,prix
V007328,35380,avis,2025-12-26 00:00:00,delai de livraison beaucoup trop long,livraison
V007329,76193,reclamation,2025-07-27 00:00:00,article conforme et solide,produit
V007330,57187,reclamation,2025-08-20 00:00:00,livraison pas rapide du tout,livraison
V007331,31107,avis,2025-08-12 00:00:00,conseiller tres aimable et efficace,contact
V007332,70892,avis,2025-05-25 00:00:00,impossible de retourner l article,retour
V007333,36459,reclamation,2026-06-21 00:00:00,le produit ne correspond pas a la photo,produit
V007334,43871,enquete,2025-09-01 00:00:00,conseiller tres aimable et efficace,contact
V007335,62856,reclamation,2025-06-11 00:00:00,livraison pas rapide du tout,livraison
V007336,27126,avis,2025-07-02 00:00:00,le colis est arrive en retard,livraison
V007337,48758,enquete,2026-02-04 00:00:00,conseiller tres aimable et efficace,contact
V007338,49895,chat,2025-09-09 00:00:00,le remboursement n arrive pas,retour
V007339,14364,chat,2025-07-26 00:00:00,impossible de joindre le service client,contact
V007340,35803,avis,2025-09-05 00:00:00,bon rapport qualite prix,prix
V007341,38341,enquete,2025-12-16 00:00:00,promotion interessante ce mois ci,prix
V007342,44072,avis,2026-02-28 00:00:00,le produit ne correspond pas a la photo,produit
V007343,11661,enquete,2026-03-23 00:00:00,le produit ne correspond pas a la photo,produit
V007344,48937,enquete,2025-05-30 00:00:00,livraison pas rapide du tout,livraison
V007345,5786,chat,2026-05-05 00:00:00,procedure de retour incomprehensible,retour
V007346,48545,enquete,2026-08-08 00:00:00,article conforme et solide,produit
V007347,41706,chat,2025-06-09 00:00:00,delai de livraison beaucoup trop long,livraison
V007348,39820,enquete,2026-01-02 00:00:00,impossible de retourner l article,retour
V007349,56053,enquete,2026-05-09 00:00:00,le colis est arrive en retard,livraison
V007350,40640,chat,2025-05-25 00:00:00,delai de livraison beaucoup trop long,livraison
V007351,10293,chat,2025-09-13 00:00:00,le remboursement n arrive pas,retour
V007352,16817,reclamation,2026-05-15 00:00:00,les prix ont augmente,prix
V007353,15603,enquete,2026-07-15 00:00:00,article conforme et solide,produit
V007354,2365,avis,2025-07-26 00:00:00,le colis est arrive en retard,livraison
V007355,3685,chat,2026-02-22 00:00:00,bon rapport qualite prix,prix
V007356,58996,chat,2025-06-26 00:00:00,delai de livraison beaucoup trop long,livraison
V007357,1142,avis,2026-06-17 00:00:00,les prix ont augmente,prix
V007358,54379,enquete,2025-11-22 00:00:00,personne ne repond au telephone,contact
V007359,46733,reclamation,2025-11-30 00:00:00,conseiller tres aimable et efficace,contact
V007360,19590,enquete,2026-06-08 00:00:00,article conforme et solide,produit
V007361,27174,reclamation,2026-03-06 00:00:00,conseiller tres aimable et efficace,contact
V007362,19016,avis,2025-05-17 00:00:00,article conforme et solide,produit
V007363,57332,chat,2026-06-05 00:00:00,delai de livraison beaucoup trop long,livraison
V007364,79816,avis,2025-06-28 00:00:00,personne ne repond au telephone,contact
V007365,63129,avis,2025-04-09 00:00:00,bon rapport qualite prix,prix
V007366,56195,avis,2026-02-20 00:00:00,les prix ont augmente,prix
V007367,32014,reclamation,2025-10-30 00:00:00,impossible de joindre le service client,contact
V007368,65419,enquete,2025-11-02 00:00:00,delai de livraison beaucoup trop long,livraison
V007369,37972,enquete,2025-11-17 00:00:00,le remboursement n arrive pas,retour
V007370,21283,reclamation,2025-08-13 00:00:00,les prix ont augmente,prix
V007371,1025,reclamation,2025-06-29 00:00:00,impossible de retourner l article,retour
V007372,78480,chat,2025-11-16 00:00:00,promotion interessante ce mois ci,prix
V007373,32975,enquete,2026-06-12 00:00:00,le produit ne correspond pas a la photo,produit
V007374,56315,chat,2026-02-10 00:00:00,le colis est arrive en retard,livraison
V007375,76583,avis,2025-07-19 00:00:00,personne ne repond au telephone,contact
V007376,28428,enquete,2025-12-03 00:00:00,conseiller tres aimable et efficace,contact
V007377,67473,enquete,2026-08-02 00:00:00,le produit ne correspond pas a la photo,produit
V007378,23251,reclamation,2025-09-01 00:00:00,promotion interessante ce mois ci,prix
V007379,40212,chat,2026-08-12 00:00:00,le produit ne correspond pas a la photo,produit
V007380,73113,chat,2026-02-18 00:00:00,bon rapport qualite prix,prix
V007381,18901,chat,2026-04-04 00:00:00,les prix ont augmente,prix
V007382,44733,enquete,2026-07-16 00:00:00,personne ne repond au telephone,contact
V007383,20017,avis,2025-12-12 00:00:00,impossible de retourner l article,retour
V007384,48504,enquete,2025-09-17 00:00:00,bon rapport qualite prix,prix
V007385,37132,enquete,2025-11-04 00:00:00,impossible de joindre le service client,contact
V007386,38228,reclamation,2026-01-01 00:00:00,impossible de joindre le service client,contact
V007387,18972,chat,2025-06-12 00:00:00,procedure de retour incomprehensible,retour
V007388,20338,avis,2025-10-05 00:00:00,livraison pas rapide du tout,livraison
V007389,44076,avis,2026-03-21 00:00:00,procedure de retour incomprehensible,retour
V007390,42295,chat,2026-05-09 00:00:00,le colis est arrive en retard,livraison
V007391,41376,avis,2025-08-10 00:00:00,delai de livraison beaucoup trop long,livraison
V007392,26880,reclamation,2026-06-21 00:00:00,les prix ont augmente,prix
V007393,15912,enquete,2026-01-12 00:00:00,article conforme et solide,produit
V007394,5703,reclamation,2025-11-06 00:00:00,personne ne repond au telephone,contact
V007395,54083,reclamation,2025-04-21 00:00:00,promotion interessante ce mois ci,prix
V007396,52735,chat,2025-07-22 00:00:00,personne ne repond au telephone,contact
V007397,30302,reclamation,2025-08-14 00:00:00,article conforme et solide,produit
V007398,48515,enquete,2025-11-05 00:00:00,impossible de joindre le service client,contact
V007399,44579,enquete,2026-05-10 00:00:00,le produit ne correspond pas a la photo,produit
V007400,27325,avis,2025-06-08 00:00:00,bon rapport qualite prix,prix
V007401,53259,enquete,2026-04-12 00:00:00,promotion interessante ce mois ci,prix
V007402,2546,chat,2025-08-15 00:00:00,impossible de joindre le service client,contact
V007403,44368,chat,2025-04-18 00:00:00,le colis est arrive en retard,livraison
V007404,25731,reclamation,2025-10-07 00:00:00,article conforme et solide,produit
V007405,69062,chat,2026-04-25 00:00:00,le colis est arrive en retard,livraison
V007406,47910,enquete,2026-07-01 00:00:00,delai de livraison beaucoup trop long,livraison
V007407,41349,chat,2025-09-18 00:00:00,delai de livraison beaucoup trop long,livraison
V007408,68668,chat,2025-07-02 00:00:00,procedure de retour incomprehensible,retour
V007409,41116,avis,2025-11-26 00:00:00,procedure de retour incomprehensible,retour
V007410,55458,enquete,2025-07-31 00:00:00,promotion interessante ce mois ci,prix
V007411,13781,reclamation,2025-08-18 00:00:00,conseiller tres aimable et efficace,contact
V007412,33855,chat,2026-01-07 00:00:00,le produit ne correspond pas a la photo,produit
V007413,12963,enquete,2025-12-23 00:00:00,impossible de joindre le service client,contact
V007414,57735,avis,2025-11-13 00:00:00,le produit ne correspond pas a la photo,produit
V007415,16597,reclamation,2026-03-11 00:00:00,bon rapport qualite prix,prix
V007416,3417,chat,2025-11-20 00:00:00,impossible de retourner l article,retour
V007417,15909,reclamation,2025-11-21 00:00:00,les prix ont augmente,prix
V007418,69194,enquete,2026-04-27 00:00:00,le produit ne correspond pas a la photo,produit
V007419,5378,chat,2026-08-10 00:00:00,bon rapport qualite prix,prix
V007420,44649,enquete,2026-06-23 00:00:00,bon rapport qualite prix,prix
V007421,52634,avis,2025-12-11 00:00:00,conseiller tres aimable et efficace,contact
V007422,67897,enquete,2026-06-30 00:00:00,impossible de retourner l article,retour
V007423,44042,enquete,2025-10-09 00:00:00,impossible de joindre le service client,contact
V007424,79819,enquete,2025-05-13 00:00:00,procedure de retour incomprehensible,retour
V007425,33454,chat,2026-01-01 00:00:00,conseiller tres aimable et efficace,contact
V007426,3241,avis,2026-08-08 00:00:00,livraison pas rapide du tout,livraison
V007427,17692,enquete,2025-09-01 00:00:00,les prix ont augmente,prix
V007428,61286,enquete,2026-08-12 00:00:00,article conforme et solide,produit
V007429,59268,reclamation,2026-06-03 00:00:00,procedure de retour incomprehensible,retour
V007430,57397,avis,2026-02-21 00:00:00,la qualite n est pas au rendez vous,produit
V007431,43552,chat,2026-08-11 00:00:00,livraison pas rapide du tout,livraison
V007432,79883,reclamation,2025-08-27 00:00:00,promotion interessante ce mois ci,prix
V007433,44336,chat,2026-04-04 00:00:00,livraison pas rapide du tout,livraison
V007434,35885,reclamation,2026-07-27 00:00:00,promotion interessante ce mois ci,prix
V007435,26987,reclamation,2026-07-30 00:00:00,le produit ne correspond pas a la photo,produit
V007436,79165,avis,2025-12-01 00:00:00,la qualite n est pas au rendez vous,produit
V007437,51663,chat,2026-07-01 00:00:00,bon rapport qualite prix,prix
V007438,46178,chat,2026-07-29 00:00:00,article conforme et solide,produit
V007439,9000,chat,2026-03-17 00:00:00,impossible de retourner l article,retour
V007440,53953,reclamation,2025-11-20 00:00:00,la qualite n est pas au rendez vous,produit
V007441,49779,enquete,2025-08-24 00:00:00,bon rapport qualite prix,prix
V007442,45095,chat,2025-05-18 00:00:00,delai de livraison beaucoup trop long,livraison
V007443,70142,enquete,2025-11-13 00:00:00,le produit ne correspond pas a la photo,produit
V007444,46486,enquete,2026-04-18 00:00:00,bon rapport qualite prix,prix
V007445,74675,reclamation,2025-11-23 00:00:00,les prix ont augmente,prix
V007446,45250,avis,2025-07-05 00:00:00,les prix ont augmente,prix
V007447,24577,enquete,2026-04-07 00:00:00,livraison pas rapide du tout,livraison
V007448,55881,chat,2025-09-18 00:00:00,procedure de retour incomprehensible,retour
V007449,71706,chat,2025-07-03 00:00:00,procedure de retour incomprehensible,retour
V007450,1015,chat,2026-03-14 00:00:00,le produit ne correspond pas a la photo,produit
V007451,57756,avis,2026-05-27 00:00:00,article conforme et solide,produit
V007452,33374,avis,2026-04-20 00:00:00,les prix ont augmente,prix
V007453,43390,chat,2025-04-15 00:00:00,le colis est arrive en retard,livraison
V007454,22692,reclamation,2025-08-15 00:00:00,impossible de joindre le service client,contact
V007455,100,chat,2026-08-06 00:00:00,conseiller tres aimable et efficace,contact
V007456,41492,avis,2026-05-23 00:00:00,personne ne repond au telephone,contact
V007457,12890,reclamation,2025-06-11 00:00:00,impossible de retourner l article,retour
V007458,25649,reclamation,2026-02-24 00:00:00,le produit ne correspond pas a la photo,produit
V007459,37072,reclamation,2025-10-10 00:00:00,les prix ont augmente,prix
V007460,13128,chat,2025-10-15 00:00:00,le colis est arrive en retard,livraison
V007461,75281,reclamation,2025-05-08 00:00:00,delai de livraison beaucoup trop long,livraison
V007462,18664,avis,2026-07-22 00:00:00,promotion interessante ce mois ci,prix
V007463,37238,enquete,2025-11-03 00:00:00,personne ne repond au telephone,contact
V007464,72999,avis,2026-03-16 00:00:00,impossible de retourner l article,retour
V007465,57591,reclamation,2025-10-29 00:00:00,livraison pas rapide du tout,livraison
V007466,45532,reclamation,2025-12-13 00:00:00,le produit ne correspond pas a la photo,produit
V007467,36163,enquete,2025-04-27 00:00:00,conseiller tres aimable et efficace,contact
V007468,54211,chat,2026-03-27 00:00:00,article conforme et solide,produit
V007469,40540,avis,2025-06-15 00:00:00,impossible de retourner l article,retour
V007470,48671,reclamation,2026-02-19 00:00:00,promotion interessante ce mois ci,prix
V007471,52537,enquete,2025-06-12 00:00:00,conseiller tres aimable et efficace,contact
V007472,460,enquete,2026-03-27 00:00:00,les prix ont augmente,prix
V007473,67158,avis,2026-04-08 00:00:00,procedure de retour incomprehensible,retour
V007474,29331,reclamation,2026-07-15 00:00:00,les prix ont augmente,prix
V007475,36486,reclamation,2025-05-14 00:00:00,le produit ne correspond pas a la photo,produit
V007476,69076,enquete,2026-05-25 00:00:00,delai de livraison beaucoup trop long,livraison
V007477,39183,avis,2025-07-03 00:00:00,la qualite n est pas au rendez vous,produit
V007478,40831,enquete,2025-10-07 00:00:00,promotion interessante ce mois ci,prix
V007479,20187,avis,2025-08-15 00:00:00,promotion interessante ce mois ci,prix
V007480,16663,avis,2026-02-24 00:00:00,personne ne repond au telephone,contact
V007481,19135,chat,2026-04-24 00:00:00,la qualite n est pas au rendez vous,produit
V007482,60720,avis,2026-04-27 00:00:00,conseiller tres aimable et efficace,contact
V007483,67147,avis,2025-10-07 00:00:00,article conforme et solide,produit
V007484,27578,enquete,2025-04-16 00:00:00,bon rapport qualite prix,prix
V007485,56653,reclamation,2025-05-28 00:00:00,le produit ne correspond pas a la photo,produit
V007486,6992,chat,2025-11-28 00:00:00,le produit ne correspond pas a la photo,produit
V007487,54666,reclamation,2026-07-01 00:00:00,promotion interessante ce mois ci,prix
V007488,2714,chat,2025-10-14 00:00:00,la qualite n est pas au rendez vous,produit
V007489,18093,enquete,2025-05-01 00:00:00,promotion interessante ce mois ci,prix
V007490,14554,chat,2025-11-14 00:00:00,bon rapport qualite prix,prix
V007491,989,chat,2026-04-12 00:00:00,le colis est arrive en retard,livraison
V007492,45242,enquete,2026-05-03 00:00:00,la qualite n est pas au rendez vous,produit
V007493,35686,reclamation,2025-06-26 00:00:00,article conforme et solide,produit
V007494,37797,avis,2025-09-17 00:00:00,promotion interessante ce mois ci,prix
V007495,4729,chat,2025-04-21 00:00:00,delai de livraison beaucoup trop long,livraison
V007496,9340,reclamation,2026-03-23 00:00:00,impossible de retourner l article,retour
V007497,46496,chat,2025-09-16 00:00:00,le colis est arrive en retard,livraison
V007498,1763,chat,2026-04-19 00:00:00,delai de livraison beaucoup trop long,livraison
V007499,71823,reclamation,2025-10-01 00:00:00,article conforme et solide,produit
V007500,18837,reclamation,2026-05-19 00:00:00,article conforme et solide,produit
V007501,32529,avis,2025-08-15 00:00:00,livraison pas rapide du tout,livraison
V007502,12054,avis,2025-04-12 00:00:00,impossible de joindre le service client,contact
V007503,60025,chat,2025-08-17 00:00:00,livraison pas rapide du tout,livraison
V007504,64352,reclamation,2025-07-05 00:00:00,conseiller tres aimable et efficace,contact
V007505,22612,enquete,2025-06-07 00:00:00,promotion interessante ce mois ci,prix
V007506,11629,chat,2025-09-16 00:00:00,personne ne repond au telephone,contact
V007507,67059,enquete,2025-06-01 00:00:00,le remboursement n arrive pas,retour
V007508,78753,enquete,2026-07-08 00:00:00,promotion interessante ce mois ci,prix
V007509,39423,chat,2025-09-17 00:00:00,livraison pas rapide du tout,livraison
V007510,6587,enquete,2025-09-17 00:00:00,impossible de joindre le service client,contact
V007511,47081,chat,2025-07-28 00:00:00,personne ne repond au telephone,contact
V007512,56724,chat,2026-04-10 00:00:00,livraison pas rapide du tout,livraison
V007513,26481,avis,2025-10-07 00:00:00,les prix ont augmente,prix
V007514,45918,avis,2025-07-30 00:00:00,la qualite n est pas au rendez vous,produit
V007515,39068,avis,2025-11-25 00:00:00,delai de livraison beaucoup trop long,livraison
V007516,15298,avis,2026-07-01 00:00:00,livraison pas rapide du tout,livraison
V007517,59792,enquete,2026-03-23 00:00:00,conseiller tres aimable et efficace,contact
V007518,30702,avis,2025-08-31 00:00:00,les prix ont augmente,prix
V007519,57371,avis,2025-09-20 00:00:00,le remboursement n arrive pas,retour
V007520,11052,avis,2026-07-02 00:00:00,bon rapport qualite prix,prix
V007521,5670,reclamation,2025-04-30 00:00:00,procedure de retour incomprehensible,retour
V007522,1496,chat,2025-05-25 00:00:00,delai de livraison beaucoup trop long,livraison
V007523,17264,chat,2026-03-30 00:00:00,le remboursement n arrive pas,retour
V007524,56018,avis,2025-04-23 00:00:00,la qualite n est pas au rendez vous,produit
V007525,48670,enquete,2026-06-29 00:00:00,conseiller tres aimable et efficace,contact
V007526,76597,avis,2025-09-17 00:00:00,procedure de retour incomprehensible,retour
V007527,46387,avis,2026-07-01 00:00:00,personne ne repond au telephone,contact
V007528,13802,avis,2026-06-23 00:00:00,impossible de joindre le service client,contact
V007529,17272,enquete,2025-10-30 00:00:00,conseiller tres aimable et efficace,contact
V007530,52204,avis,2025-10-13 00:00:00,procedure de retour incomprehensible,retour
V007531,43895,chat,2026-05-16 00:00:00,impossible de joindre le service client,contact
V007532,43625,enquete,2025-07-14 00:00:00,le remboursement n arrive pas,retour
V007533,3915,reclamation,2026-05-03 00:00:00,le remboursement n arrive pas,retour
V007534,62398,avis,2026-07-06 00:00:00,personne ne repond au telephone,contact
V007535,1725,reclamation,2025-08-09 00:00:00,livraison pas rapide du tout,livraison
V007536,55563,chat,2026-08-10 00:00:00,bon rapport qualite prix,prix
V007537,21445,chat,2025-05-31 00:00:00,procedure de retour incomprehensible,retour
V007538,66132,chat,2025-10-20 00:00:00,personne ne repond au telephone,contact
V007539,65321,chat,2026-06-10 00:00:00,procedure de retour incomprehensible,retour
V007540,44009,avis,2025-04-20 00:00:00,la qualite n est pas au rendez vous,produit
V007541,24351,avis,2026-06-29 00:00:00,personne ne repond au telephone,contact
V007542,39069,enquete,2025-06-02 00:00:00,procedure de retour incomprehensible,retour
V007543,26696,reclamation,2025-07-12 00:00:00,impossible de retourner l article,retour
V007544,17181,reclamation,2025-12-08 00:00:00,article conforme et solide,produit
V007545,39721,enquete,2025-07-16 00:00:00,le colis est arrive en retard,livraison
V007546,12327,reclamation,2026-05-18 00:00:00,les prix ont augmente,prix
V007547,9219,chat,2026-02-13 00:00:00,article conforme et solide,produit
V007548,65400,reclamation,2026-04-11 00:00:00,delai de livraison beaucoup trop long,livraison
V007549,51503,avis,2025-12-29 00:00:00,impossible de retourner l article,retour
V007550,28192,enquete,2025-05-11 00:00:00,impossible de joindre le service client,contact
V007551,50631,reclamation,2026-06-26 00:00:00,promotion interessante ce mois ci,prix
V007552,51389,reclamation,2025-04-20 00:00:00,livraison pas rapide du tout,livraison
V007553,51547,avis,2025-10-29 00:00:00,promotion interessante ce mois ci,prix
V007554,68999,chat,2025-07-04 00:00:00,impossible de retourner l article,retour
V007555,71204,enquete,2025-12-24 00:00:00,bon rapport qualite prix,prix
V007556,77373,enquete,2026-05-13 00:00:00,le colis est arrive en retard,livraison
V007557,68920,reclamation,2026-05-16 00:00:00,le remboursement n arrive pas,retour
V007558,11197,chat,2025-07-24 00:00:00,article conforme et solide,produit
V007559,20909,reclamation,2026-04-20 00:00:00,livraison pas rapide du tout,livraison
V007560,6968,avis,2025-11-12 00:00:00,conseiller tres aimable et efficace,contact
V007561,74635,reclamation,2026-02-24 00:00:00,impossible de joindre le service client,contact
V007562,68905,chat,2025-09-25 00:00:00,les prix ont augmente,prix
V007563,1902,enquete,2026-02-22 00:00:00,le remboursement n arrive pas,retour
V007564,28520,reclamation,2026-04-10 00:00:00,personne ne repond au telephone,contact
V007565,47298,avis,2025-11-27 00:00:00,le colis est arrive en retard,livraison
V007566,684,avis,2025-08-22 00:00:00,la qualite n est pas au rendez vous,produit
V007567,74560,reclamation,2026-05-14 00:00:00,la qualite n est pas au rendez vous,produit
V007568,79507,avis,2026-01-20 00:00:00,personne ne repond au telephone,contact
V007569,50281,chat,2025-11-09 00:00:00,les prix ont augmente,prix
V007570,77610,avis,2025-12-21 00:00:00,la qualite n est pas au rendez vous,produit
V007571,31160,reclamation,2026-08-12 00:00:00,livraison pas rapide du tout,livraison
V007572,60601,enquete,2025-06-19 00:00:00,le colis est arrive en retard,livraison
V007573,73823,reclamation,2025-08-06 00:00:00,promotion interessante ce mois ci,prix
V007574,53792,reclamation,2026-04-12 00:00:00,le remboursement n arrive pas,retour
V007575,41527,chat,2026-01-12 00:00:00,promotion interessante ce mois ci,prix
V007576,68585,chat,2026-04-08 00:00:00,conseiller tres aimable et efficace,contact
V007577,1806,chat,2025-08-06 00:00:00,le produit ne correspond pas a la photo,produit
V007578,67484,enquete,2026-06-30 00:00:00,promotion interessante ce mois ci,prix
V007579,13333,avis,2026-01-12 00:00:00,livraison pas rapide du tout,livraison
V007580,56516,enquete,2026-01-13 00:00:00,conseiller tres aimable et efficace,contact
V007581,21813,reclamation,2025-06-28 00:00:00,le colis est arrive en retard,livraison
V007582,41887,reclamation,2025-12-27 00:00:00,procedure de retour incomprehensible,retour
V007583,72924,avis,2025-06-22 00:00:00,conseiller tres aimable et efficace,contact
V007584,61991,enquete,2025-08-14 00:00:00,impossible de joindre le service client,contact
V007585,73010,enquete,2025-06-10 00:00:00,procedure de retour incomprehensible,retour
V007586,10746,reclamation,2026-03-07 00:00:00,promotion interessante ce mois ci,prix
V007587,34828,chat,2026-08-11 00:00:00,le colis est arrive en retard,livraison
V007588,38260,avis,2025-06-05 00:00:00,livraison pas rapide du tout,livraison
V007589,17337,chat,2026-07-13 00:00:00,conseiller tres aimable et efficace,contact
V007590,22248,enquete,2026-05-13 00:00:00,les prix ont augmente,prix
V007591,66843,reclamation,2026-02-02 00:00:00,delai de livraison beaucoup trop long,livraison
V007592,35528,chat,2026-06-10 00:00:00,article conforme et solide,produit
V007593,11881,enquete,2026-06-29 00:00:00,delai de livraison beaucoup trop long,livraison
V007594,18547,reclamation,2026-01-31 00:00:00,le produit ne correspond pas a la photo,produit
V007595,14726,reclamation,2025-05-27 00:00:00,impossible de retourner l article,retour
V007596,29307,enquete,2025-09-16 00:00:00,les prix ont augmente,prix
V007597,10937,enquete,2025-11-20 00:00:00,promotion interessante ce mois ci,prix
V007598,56385,chat,2026-07-22 00:00:00,delai de livraison beaucoup trop long,livraison
V007599,32543,reclamation,2025-05-07 00:00:00,conseiller tres aimable et efficace,contact
V007600,63124,avis,2025-08-10 00:00:00,promotion interessante ce mois ci,prix
V007601,62447,chat,2025-05-19 00:00:00,le remboursement n arrive pas,retour
V007602,69333,enquete,2025-11-15 00:00:00,le produit ne correspond pas a la photo,produit
V007603,67317,reclamation,2026-04-21 00:00:00,bon rapport qualite prix,prix
V007604,55113,chat,2026-06-09 00:00:00,procedure de retour incomprehensible,retour
V007605,29277,chat,2026-05-27 00:00:00,le colis est arrive en retard,livraison
V007606,36904,reclamation,2026-07-10 00:00:00,article conforme et solide,produit
V007607,8828,chat,2026-03-13 00:00:00,bon rapport qualite prix,prix
V007608,7490,avis,2026-04-04 00:00:00,conseiller tres aimable et efficace,contact
V007609,1515,reclamation,2026-05-28 00:00:00,le colis est arrive en retard,livraison
V007610,43044,avis,2026-06-05 00:00:00,les prix ont augmente,prix
V007611,20743,chat,2026-02-08 00:00:00,promotion interessante ce mois ci,prix
V007612,31602,enquete,2026-01-11 00:00:00,les prix ont augmente,prix
V007613,16182,chat,2026-04-18 00:00:00,livraison pas rapide du tout,livraison
V007614,10084,reclamation,2026-07-14 00:00:00,les prix ont augmente,prix
V007615,58048,chat,2025-07-29 00:00:00,impossible de retourner l article,retour
V007616,50187,enquete,2026-01-18 00:00:00,le remboursement n arrive pas,retour
V007617,58981,enquete,2025-11-18 00:00:00,impossible de joindre le service client,contact
V007618,53147,enquete,2025-05-24 00:00:00,impossible de joindre le service client,contact
V007619,18507,chat,2026-02-17 00:00:00,article conforme et solide,produit
V007620,71123,reclamation,2025-10-14 00:00:00,delai de livraison beaucoup trop long,livraison
V007621,63182,avis,2025-10-25 00:00:00,livraison pas rapide du tout,livraison
V007622,34395,avis,2025-04-30 00:00:00,livraison pas rapide du tout,livraison
V007623,47574,chat,2025-04-28 00:00:00,bon rapport qualite prix,prix
V007624,12992,avis,2025-10-14 00:00:00,bon rapport qualite prix,prix
V007625,61237,enquete,2025-07-06 00:00:00,le colis est arrive en retard,livraison
V007626,62359,reclamation,2026-06-23 00:00:00,impossible de retourner l article,retour
V007627,26557,enquete,2026-08-05 00:00:00,livraison pas rapide du tout,livraison
V007628,35131,reclamation,2025-05-17 00:00:00,article conforme et solide,produit
V007629,30581,avis,2026-01-10 00:00:00,conseiller tres aimable et efficace,contact
V007630,27234,reclamation,2026-03-15 00:00:00,article conforme et solide,produit
V007631,76374,avis,2025-05-07 00:00:00,procedure de retour incomprehensible,retour
V007632,12104,avis,2025-07-04 00:00:00,bon rapport qualite prix,prix
V007633,15514,enquete,2025-09-25 00:00:00,la qualite n est pas au rendez vous,produit
V007634,497,avis,2025-05-18 00:00:00,promotion interessante ce mois ci,prix
V007635,71125,avis,2025-10-20 00:00:00,le remboursement n arrive pas,retour
V007636,22854,enquete,2026-03-04 00:00:00,la qualite n est pas au rendez vous,produit
V007637,37931,chat,2025-12-23 00:00:00,le colis est arrive en retard,livraison
V007638,78623,reclamation,2025-11-17 00:00:00,impossible de retourner l article,retour
V007639,43694,enquete,2026-07-29 00:00:00,livraison pas rapide du tout,livraison
V007640,19448,enquete,2026-03-10 00:00:00,le colis est arrive en retard,livraison
V007641,9599,enquete,2025-12-08 00:00:00,le remboursement n arrive pas,retour
V007642,25564,reclamation,2026-06-12 00:00:00,promotion interessante ce mois ci,prix
V007643,32787,enquete,2026-08-16 00:00:00,livraison pas rapide du tout,livraison
V007644,58240,avis,2026-05-21 00:00:00,bon rapport qualite prix,prix
V007645,51292,avis,2025-09-03 00:00:00,procedure de retour incomprehensible,retour
V007646,54455,enquete,2025-06-17 00:00:00,article conforme et solide,produit
V007647,2118,chat,2025-09-08 00:00:00,le remboursement n arrive pas,retour
V007648,71854,enquete,2026-01-12 00:00:00,impossible de joindre le service client,contact
V007649,26922,enquete,2026-03-21 00:00:00,bon rapport qualite prix,prix
V007650,16915,chat,2026-07-21 00:00:00,le produit ne correspond pas a la photo,produit
V007651,58744,reclamation,2026-03-31 00:00:00,le produit ne correspond pas a la photo,produit
V007652,79016,avis,2026-06-22 00:00:00,article conforme et solide,produit
V007653,2880,enquete,2026-03-10 00:00:00,impossible de retourner l article,retour
V007654,45273,avis,2026-03-07 00:00:00,personne ne repond au telephone,contact
V007655,19207,reclamation,2026-01-31 00:00:00,promotion interessante ce mois ci,prix
V007656,13349,chat,2025-08-30 00:00:00,article conforme et solide,produit
V007657,43635,chat,2025-06-03 00:00:00,conseiller tres aimable et efficace,contact
V007658,11219,reclamation,2025-09-27 00:00:00,impossible de retourner l article,retour
V007659,57663,enquete,2025-07-13 00:00:00,promotion interessante ce mois ci,prix
V007660,44789,enquete,2026-08-04 00:00:00,bon rapport qualite prix,prix
V007661,45869,reclamation,2025-06-27 00:00:00,promotion interessante ce mois ci,prix
V007662,31375,enquete,2025-09-11 00:00:00,bon rapport qualite prix,prix
V007663,56722,enquete,2026-08-09 00:00:00,la qualite n est pas au rendez vous,produit
V007664,43430,enquete,2026-08-08 00:00:00,procedure de retour incomprehensible,retour
V007665,69933,enquete,2026-04-01 00:00:00,impossible de retourner l article,retour
V007666,68520,chat,2026-07-21 00:00:00,le produit ne correspond pas a la photo,produit
V007667,24056,reclamation,2025-11-07 00:00:00,la qualite n est pas au rendez vous,produit
V007668,45113,chat,2025-04-26 00:00:00,livraison pas rapide du tout,livraison
V007669,89,reclamation,2026-02-23 00:00:00,impossible de joindre le service client,contact
V007670,23504,chat,2026-01-03 00:00:00,delai de livraison beaucoup trop long,livraison
V007671,8278,chat,2025-04-23 00:00:00,le colis est arrive en retard,livraison
V007672,10659,avis,2025-04-08 00:00:00,conseiller tres aimable et efficace,contact
V007673,33387,chat,2026-03-11 00:00:00,impossible de retourner l article,retour
V007674,58754,enquete,2025-11-12 00:00:00,livraison pas rapide du tout,livraison
V007675,30849,avis,2025-10-22 00:00:00,livraison pas rapide du tout,livraison
V007676,47390,chat,2026-01-03 00:00:00,promotion interessante ce mois ci,prix
V007677,69107,enquete,2025-06-13 00:00:00,article conforme et solide,produit
V007678,50691,chat,2026-03-17 00:00:00,livraison pas rapide du tout,livraison
V007679,22165,avis,2025-10-06 00:00:00,personne ne repond au telephone,contact
V007680,22706,avis,2025-09-12 00:00:00,impossible de retourner l article,retour
V007681,16405,enquete,2025-06-03 00:00:00,bon rapport qualite prix,prix
V007682,45211,enquete,2025-09-22 00:00:00,livraison pas rapide du tout,livraison
V007683,29377,avis,2026-03-09 00:00:00,les prix ont augmente,prix
V007684,4911,enquete,2025-10-07 00:00:00,les prix ont augmente,prix
V007685,37575,avis,2025-04-18 00:00:00,personne ne repond au telephone,contact
V007686,45357,avis,2025-09-23 00:00:00,promotion interessante ce mois ci,prix
V007687,46584,enquete,2025-11-11 00:00:00,la qualite n est pas au rendez vous,produit
V007688,37214,avis,2025-10-08 00:00:00,impossible de joindre le service client,contact
V007689,29236,enquete,2026-04-19 00:00:00,le produit ne correspond pas a la photo,produit
V007690,65007,avis,2026-02-05 00:00:00,promotion interessante ce mois ci,prix
V007691,44710,reclamation,2025-11-07 00:00:00,article conforme et solide,produit
V007692,55710,chat,2026-02-16 00:00:00,le produit ne correspond pas a la photo,produit
V007693,28553,chat,2025-09-26 00:00:00,la qualite n est pas au rendez vous,produit
V007694,13233,enquete,2025-10-29 00:00:00,le produit ne correspond pas a la photo,produit
V007695,13035,reclamation,2026-03-06 00:00:00,le colis est arrive en retard,livraison
V007696,21676,enquete,2025-11-21 00:00:00,impossible de retourner l article,retour
V007697,30327,avis,2026-03-01 00:00:00,le colis est arrive en retard,livraison
V007698,4105,reclamation,2026-06-11 00:00:00,promotion interessante ce mois ci,prix
V007699,1015,chat,2025-06-04 00:00:00,personne ne repond au telephone,contact
V007700,21553,reclamation,2026-04-28 00:00:00,article conforme et solide,produit
V007701,2489,avis,2025-04-18 00:00:00,livraison pas rapide du tout,livraison
V007702,3320,avis,2025-04-30 00:00:00,promotion interessante ce mois ci,prix
V007703,1192,chat,2025-08-31 00:00:00,procedure de retour incomprehensible,retour
V007704,72846,avis,2026-08-14 00:00:00,la qualite n est pas au rendez vous,produit
V007705,7840,enquete,2026-02-11 00:00:00,delai de livraison beaucoup trop long,livraison
V007706,11625,chat,2026-07-03 00:00:00,les prix ont augmente,prix
V007707,21434,avis,2026-08-05 00:00:00,bon rapport qualite prix,prix
V007708,37598,enquete,2025-09-21 00:00:00,promotion interessante ce mois ci,prix
V007709,24739,chat,2026-02-19 00:00:00,le produit ne correspond pas a la photo,produit
V007710,76152,avis,2026-05-27 00:00:00,procedure de retour incomprehensible,retour
V007711,9426,avis,2026-07-18 00:00:00,bon rapport qualite prix,prix
V007712,8998,chat,2025-10-01 00:00:00,livraison pas rapide du tout,livraison
V007713,61520,reclamation,2025-12-26 00:00:00,delai de livraison beaucoup trop long,livraison
V007714,14716,avis,2025-12-14 00:00:00,delai de livraison beaucoup trop long,livraison
V007715,19133,chat,2026-04-21 00:00:00,le produit ne correspond pas a la photo,produit
V007716,39809,avis,2026-07-06 00:00:00,livraison pas rapide du tout,livraison
V007717,5783,avis,2025-06-13 00:00:00,le produit ne correspond pas a la photo,produit
V007718,73629,avis,2025-12-16 00:00:00,procedure de retour incomprehensible,retour
V007719,71586,reclamation,2026-07-09 00:00:00,article conforme et solide,produit
V007720,27789,reclamation,2025-05-06 00:00:00,personne ne repond au telephone,contact
V007721,74798,chat,2025-12-26 00:00:00,impossible de retourner l article,retour
V007722,37696,enquete,2025-12-20 00:00:00,bon rapport qualite prix,prix
V007723,8328,enquete,2026-02-12 00:00:00,le colis est arrive en retard,livraison
V007724,16602,enquete,2025-11-20 00:00:00,bon rapport qualite prix,prix
V007725,19417,chat,2025-04-24 00:00:00,bon rapport qualite prix,prix
V007726,51352,enquete,2025-07-19 00:00:00,le remboursement n arrive pas,retour
V007727,59745,avis,2026-05-29 00:00:00,conseiller tres aimable et efficace,contact
V007728,8370,reclamation,2025-11-21 00:00:00,impossible de retourner l article,retour
V007729,25059,enquete,2025-07-15 00:00:00,delai de livraison beaucoup trop long,livraison
V007730,75967,avis,2026-08-07 00:00:00,procedure de retour incomprehensible,retour
V007731,67474,avis,2026-07-19 00:00:00,procedure de retour incomprehensible,retour
V007732,40859,avis,2025-10-10 00:00:00,le produit ne correspond pas a la photo,produit
V007733,79581,reclamation,2025-06-04 00:00:00,le remboursement n arrive pas,retour
V007734,77316,enquete,2026-04-11 00:00:00,article conforme et solide,produit
V007735,57571,reclamation,2025-09-28 00:00:00,personne ne repond au telephone,contact
V007736,31568,reclamation,2026-02-22 00:00:00,impossible de retourner l article,retour
V007737,53018,enquete,2025-11-21 00:00:00,conseiller tres aimable et efficace,contact
V007738,78204,reclamation,2025-06-14 00:00:00,les prix ont augmente,prix
V007739,48842,reclamation,2025-10-24 00:00:00,le remboursement n arrive pas,retour
V007740,45665,enquete,2026-08-11 00:00:00,conseiller tres aimable et efficace,contact
V007741,21916,reclamation,2025-12-05 00:00:00,personne ne repond au telephone,contact
V007742,36426,avis,2026-06-04 00:00:00,impossible de retourner l article,retour
V007743,73462,reclamation,2025-06-24 00:00:00,bon rapport qualite prix,prix
V007744,16036,chat,2026-05-29 00:00:00,le remboursement n arrive pas,retour
V007745,63384,enquete,2026-07-21 00:00:00,article conforme et solide,produit
V007746,70362,avis,2025-09-28 00:00:00,le colis est arrive en retard,livraison
V007747,18389,reclamation,2025-07-16 00:00:00,les prix ont augmente,prix
V007748,62574,enquete,2025-05-08 00:00:00,personne ne repond au telephone,contact
V007749,60055,reclamation,2026-05-26 00:00:00,promotion interessante ce mois ci,prix
V007750,18249,chat,2025-10-25 00:00:00,les prix ont augmente,prix
V007751,79261,reclamation,2025-06-02 00:00:00,la qualite n est pas au rendez vous,produit
V007752,74133,enquete,2025-10-07 00:00:00,conseiller tres aimable et efficace,contact
V007753,54176,enquete,2025-06-10 00:00:00,le produit ne correspond pas a la photo,produit
V007754,36169,avis,2025-12-02 00:00:00,le colis est arrive en retard,livraison
V007755,32336,chat,2025-07-23 00:00:00,personne ne repond au telephone,contact
V007756,37306,enquete,2025-05-01 00:00:00,le remboursement n arrive pas,retour
V007757,11949,enquete,2025-06-27 00:00:00,bon rapport qualite prix,prix
V007758,34225,enquete,2026-02-11 00:00:00,impossible de joindre le service client,contact
V007759,60763,chat,2025-09-07 00:00:00,bon rapport qualite prix,prix
V007760,61668,reclamation,2026-05-16 00:00:00,promotion interessante ce mois ci,prix
V007761,54252,enquete,2026-03-03 00:00:00,conseiller tres aimable et efficace,contact
V007762,33959,chat,2026-02-11 00:00:00,impossible de retourner l article,retour
V007763,54462,chat,2025-06-05 00:00:00,delai de livraison beaucoup trop long,livraison
V007764,62500,chat,2026-01-09 00:00:00,impossible de joindre le service client,contact
V007765,76812,enquete,2026-06-17 00:00:00,livraison pas rapide du tout,livraison
V007766,8798,chat,2025-12-28 00:00:00,impossible de joindre le service client,contact
V007767,50692,enquete,2026-05-12 00:00:00,article conforme et solide,produit
V007768,24831,avis,2026-07-26 00:00:00,le colis est arrive en retard,livraison
V007769,60478,enquete,2026-03-29 00:00:00,les prix ont augmente,prix
V007770,55485,enquete,2026-01-04 00:00:00,le remboursement n arrive pas,retour
V007771,11147,reclamation,2025-04-09 00:00:00,le remboursement n arrive pas,retour
V007772,51387,enquete,2026-06-27 00:00:00,promotion interessante ce mois ci,prix
V007773,68651,enquete,2026-08-06 00:00:00,procedure de retour incomprehensible,retour
V007774,74391,avis,2026-03-06 00:00:00,personne ne repond au telephone,contact
V007775,77490,reclamation,2026-01-02 00:00:00,conseiller tres aimable et efficace,contact
V007776,79864,reclamation,2026-03-08 00:00:00,promotion interessante ce mois ci,prix
V007777,78085,chat,2026-07-15 00:00:00,les prix ont augmente,prix
V007778,37697,enquete,2025-10-13 00:00:00,procedure de retour incomprehensible,retour
V007779,33722,reclamation,2025-05-12 00:00:00,personne ne repond au telephone,contact
V007780,68390,enquete,2025-07-17 00:00:00,impossible de joindre le service client,contact
V007781,832,reclamation,2026-02-01 00:00:00,impossible de joindre le service client,contact
V007782,11198,reclamation,2026-03-17 00:00:00,livraison pas rapide du tout,livraison
V007783,20268,enquete,2025-09-20 00:00:00,impossible de joindre le service client,contact
V007784,5357,avis,2025-07-28 00:00:00,impossible de retourner l article,retour
V007785,19371,enquete,2025-07-08 00:00:00,personne ne repond au telephone,contact
V007786,44187,avis,2025-09-18 00:00:00,bon rapport qualite prix,prix
V007787,78246,chat,2025-12-03 00:00:00,les prix ont augmente,prix
V007788,47145,chat,2026-04-26 00:00:00,impossible de retourner l article,retour
V007789,41387,chat,2026-02-04 00:00:00,le colis est arrive en retard,livraison
V007790,75002,reclamation,2025-05-01 00:00:00,procedure de retour incomprehensible,retour
V007791,27364,enquete,2026-07-26 00:00:00,livraison pas rapide du tout,livraison
V007792,57125,avis,2026-02-23 00:00:00,livraison pas rapide du tout,livraison
V007793,56863,enquete,2025-09-25 00:00:00,delai de livraison beaucoup trop long,livraison
V007794,7227,enquete,2026-02-23 00:00:00,les prix ont augmente,prix
V007795,30326,avis,2026-07-22 00:00:00,le produit ne correspond pas a la photo,produit
V007796,24572,avis,2026-06-11 00:00:00,la qualite n est pas au rendez vous,produit
V007797,71917,chat,2025-10-28 00:00:00,livraison pas rapide du tout,livraison
V007798,47678,chat,2025-09-16 00:00:00,la qualite n est pas au rendez vous,produit
V007799,69418,chat,2025-08-14 00:00:00,les prix ont augmente,prix
V007800,22802,enquete,2026-03-15 00:00:00,procedure de retour incomprehensible,retour
V007801,33026,reclamation,2025-09-22 00:00:00,le colis est arrive en retard,livraison
V007802,12483,reclamation,2025-12-23 00:00:00,le remboursement n arrive pas,retour
V007803,60567,enquete,2026-04-26 00:00:00,impossible de retourner l article,retour
V007804,62080,avis,2025-04-15 00:00:00,procedure de retour incomprehensible,retour
V007805,13502,enquete,2026-04-13 00:00:00,le remboursement n arrive pas,retour
V007806,50013,enquete,2025-11-13 00:00:00,personne ne repond au telephone,contact
V007807,77136,chat,2025-12-28 00:00:00,delai de livraison beaucoup trop long,livraison
V007808,494,enquete,2025-05-12 00:00:00,procedure de retour incomprehensible,retour
V007809,42802,avis,2025-06-29 00:00:00,impossible de retourner l article,retour
V007810,31871,chat,2025-05-03 00:00:00,personne ne repond au telephone,contact
V007811,78934,reclamation,2026-05-13 00:00:00,article conforme et solide,produit
V007812,8067,reclamation,2025-08-09 00:00:00,la qualite n est pas au rendez vous,produit
V007813,38725,enquete,2025-12-27 00:00:00,impossible de joindre le service client,contact
V007814,37139,reclamation,2026-01-01 00:00:00,livraison pas rapide du tout,livraison
V007815,74488,reclamation,2026-01-26 00:00:00,promotion interessante ce mois ci,prix
V007816,50959,enquete,2026-05-24 00:00:00,impossible de retourner l article,retour
V007817,33546,chat,2025-12-19 00:00:00,personne ne repond au telephone,contact
V007818,43114,chat,2026-03-05 00:00:00,impossible de joindre le service client,contact
V007819,20258,reclamation,2025-12-19 00:00:00,le colis est arrive en retard,livraison
V007820,42804,avis,2026-03-25 00:00:00,les prix ont augmente,prix
V007821,12256,enquete,2026-06-05 00:00:00,les prix ont augmente,prix
V007822,79686,enquete,2026-07-26 00:00:00,conseiller tres aimable et efficace,contact
V007823,76897,chat,2025-04-21 00:00:00,procedure de retour incomprehensible,retour
V007824,26644,avis,2025-09-26 00:00:00,les prix ont augmente,prix
V007825,25206,reclamation,2026-07-12 00:00:00,delai de livraison beaucoup trop long,livraison
V007826,11048,avis,2025-11-03 00:00:00,conseiller tres aimable et efficace,contact
V007827,23940,chat,2025-10-01 00:00:00,livraison pas rapide du tout,livraison
V007828,3195,enquete,2025-12-28 00:00:00,impossible de retourner l article,retour
V007829,23585,enquete,2025-07-22 00:00:00,bon rapport qualite prix,prix
V007830,13038,reclamation,2026-08-12 00:00:00,conseiller tres aimable et efficace,contact
V007831,9861,chat,2025-05-21 00:00:00,le colis est arrive en retard,livraison
V007832,49652,avis,2025-08-31 00:00:00,impossible de retourner l article,retour
V007833,44938,avis,2026-05-24 00:00:00,livraison pas rapide du tout,livraison
V007834,65879,chat,2025-12-10 00:00:00,personne ne repond au telephone,contact
V007835,32172,enquete,2026-07-24 00:00:00,le colis est arrive en retard,livraison
V007836,31153,enquete,2026-07-05 00:00:00,livraison pas rapide du tout,livraison
V007837,50067,avis,2026-06-10 00:00:00,impossible de joindre le service client,contact
V007838,65375,reclamation,2025-07-17 00:00:00,le remboursement n arrive pas,retour
V007839,30498,chat,2025-09-30 00:00:00,conseiller tres aimable et efficace,contact
V007840,17422,enquete,2025-11-03 00:00:00,conseiller tres aimable et efficace,contact
V007841,77030,enquete,2026-05-12 00:00:00,impossible de joindre le service client,contact
V007842,15510,chat,2026-01-05 00:00:00,conseiller tres aimable et efficace,contact
V007843,68282,reclamation,2025-06-07 00:00:00,article conforme et solide,produit
V007844,16335,chat,2025-11-22 00:00:00,personne ne repond au telephone,contact
V007845,68274,chat,2025-06-25 00:00:00,personne ne repond au telephone,contact
V007846,68170,chat,2026-03-25 00:00:00,article conforme et solide,produit
V007847,37182,chat,2025-12-14 00:00:00,impossible de retourner l article,retour
V007848,3112,chat,2025-06-27 00:00:00,livraison pas rapide du tout,livraison
V007849,34362,reclamation,2026-06-01 00:00:00,le produit ne correspond pas a la photo,produit
V007850,48548,enquete,2025-05-19 00:00:00,le produit ne correspond pas a la photo,produit
V007851,53896,avis,2025-04-27 00:00:00,promotion interessante ce mois ci,prix
V007852,28704,chat,2025-07-18 00:00:00,promotion interessante ce mois ci,prix
V007853,28719,avis,2025-09-05 00:00:00,delai de livraison beaucoup trop long,livraison
V007854,31780,chat,2026-05-09 00:00:00,le colis est arrive en retard,livraison
V007855,59587,avis,2026-06-13 00:00:00,article conforme et solide,produit
V007856,13641,avis,2026-01-14 00:00:00,impossible de retourner l article,retour
V007857,7745,enquete,2026-07-26 00:00:00,bon rapport qualite prix,prix
V007858,46096,avis,2026-07-16 00:00:00,le produit ne correspond pas a la photo,produit
V007859,30731,chat,2026-06-02 00:00:00,les prix ont augmente,prix
V007860,3126,chat,2026-04-25 00:00:00,article conforme et solide,produit
V007861,73009,reclamation,2025-05-16 00:00:00,impossible de retourner l article,retour
V007862,61826,avis,2025-07-23 00:00:00,article conforme et solide,produit
V007863,32655,avis,2025-08-25 00:00:00,conseiller tres aimable et efficace,contact
V007864,33879,chat,2025-05-16 00:00:00,delai de livraison beaucoup trop long,livraison
V007865,3097,enquete,2025-07-09 00:00:00,promotion interessante ce mois ci,prix
V007866,25712,reclamation,2025-05-30 00:00:00,livraison pas rapide du tout,livraison
V007867,76084,chat,2025-09-24 00:00:00,promotion interessante ce mois ci,prix
V007868,36088,avis,2025-06-29 00:00:00,impossible de joindre le service client,contact
V007869,38016,enquete,2026-06-12 00:00:00,le colis est arrive en retard,livraison
V007870,75070,reclamation,2026-03-06 00:00:00,conseiller tres aimable et efficace,contact
V007871,74965,enquete,2025-05-09 00:00:00,conseiller tres aimable et efficace,contact
V007872,60168,chat,2026-06-01 00:00:00,impossible de retourner l article,retour
V007873,66333,reclamation,2026-04-23 00:00:00,le remboursement n arrive pas,retour
V007874,63326,enquete,2025-10-27 00:00:00,article conforme et solide,produit
V007875,30545,enquete,2025-10-20 00:00:00,promotion interessante ce mois ci,prix
V007876,574,reclamation,2026-06-19 00:00:00,le colis est arrive en retard,livraison
V007877,12432,enquete,2026-01-31 00:00:00,promotion interessante ce mois ci,prix
V007878,69555,reclamation,2026-04-16 00:00:00,promotion interessante ce mois ci,prix
V007879,40179,chat,2026-07-14 00:00:00,personne ne repond au telephone,contact
V007880,63438,avis,2026-08-13 00:00:00,personne ne repond au telephone,contact
V007881,27404,avis,2025-07-28 00:00:00,impossible de retourner l article,retour
V007882,8315,avis,2025-09-19 00:00:00,article conforme et solide,produit
V007883,6424,chat,2025-04-26 00:00:00,delai de livraison beaucoup trop long,livraison
V007884,26441,avis,2026-03-27 00:00:00,bon rapport qualite prix,prix
V007885,79452,chat,2025-11-08 00:00:00,promotion interessante ce mois ci,prix
V007886,12686,chat,2025-06-26 00:00:00,le produit ne correspond pas a la photo,produit
V007887,19571,chat,2026-03-23 00:00:00,bon rapport qualite prix,prix
V007888,70093,avis,2025-06-10 00:00:00,le colis est arrive en retard,livraison
V007889,58781,reclamation,2026-03-31 00:00:00,la qualite n est pas au rendez vous,produit
V007890,1407,reclamation,2025-11-19 00:00:00,le produit ne correspond pas a la photo,produit
V007891,61381,avis,2026-06-22 00:00:00,livraison pas rapide du tout,livraison
V007892,787,enquete,2025-11-19 00:00:00,personne ne repond au telephone,contact
V007893,11274,reclamation,2026-07-25 00:00:00,conseiller tres aimable et efficace,contact
V007894,8858,avis,2026-04-03 00:00:00,le produit ne correspond pas a la photo,produit
V007895,21277,enquete,2026-08-07 00:00:00,le produit ne correspond pas a la photo,produit
V007896,33202,reclamation,2026-02-04 00:00:00,livraison pas rapide du tout,livraison
V007897,41926,chat,2025-08-01 00:00:00,impossible de joindre le service client,contact
V007898,46589,enquete,2026-03-27 00:00:00,personne ne repond au telephone,contact
V007899,47410,enquete,2026-05-15 00:00:00,impossible de joindre le service client,contact
V007900,4796,chat,2025-09-14 00:00:00,impossible de joindre le service client,contact
V007901,46439,reclamation,2025-06-15 00:00:00,personne ne repond au telephone,contact
V007902,46634,avis,2026-03-05 00:00:00,procedure de retour incomprehensible,retour
V007903,19822,avis,2025-08-15 00:00:00,le colis est arrive en retard,livraison
V007904,23682,reclamation,2025-08-01 00:00:00,promotion interessante ce mois ci,prix
V007905,76518,chat,2025-04-22 00:00:00,la qualite n est pas au rendez vous,produit
V007906,52577,enquete,2025-11-09 00:00:00,personne ne repond au telephone,contact
V007907,50468,enquete,2026-01-19 00:00:00,le colis est arrive en retard,livraison
V007908,66441,avis,2025-09-09 00:00:00,la qualite n est pas au rendez vous,produit
V007909,55030,avis,2026-02-13 00:00:00,promotion interessante ce mois ci,prix
V007910,52459,reclamation,2026-06-14 00:00:00,le colis est arrive en retard,livraison
V007911,29593,reclamation,2025-06-06 00:00:00,procedure de retour incomprehensible,retour
V007912,44890,avis,2025-12-02 00:00:00,le produit ne correspond pas a la photo,produit
V007913,37625,enquete,2025-08-24 00:00:00,impossible de joindre le service client,contact
V007914,1289,avis,2026-07-01 00:00:00,personne ne repond au telephone,contact
V007915,53141,enquete,2025-11-10 00:00:00,le colis est arrive en retard,livraison
V007916,38538,reclamation,2026-05-26 00:00:00,article conforme et solide,produit
V007917,10118,enquete,2026-03-20 00:00:00,personne ne repond au telephone,contact
V007918,26018,avis,2026-04-12 00:00:00,delai de livraison beaucoup trop long,livraison
V007919,27988,avis,2026-06-14 00:00:00,article conforme et solide,produit
V007920,3413,enquete,2026-01-28 00:00:00,le remboursement n arrive pas,retour
V007921,47610,enquete,2025-08-27 00:00:00,livraison pas rapide du tout,livraison
V007922,58848,chat,2026-06-09 00:00:00,article conforme et solide,produit
V007923,51719,chat,2025-11-28 00:00:00,personne ne repond au telephone,contact
V007924,77458,enquete,2025-06-10 00:00:00,le colis est arrive en retard,livraison
V007925,64640,chat,2025-08-11 00:00:00,delai de livraison beaucoup trop long,livraison
V007926,14900,chat,2026-05-12 00:00:00,livraison pas rapide du tout,livraison
V007927,35037,reclamation,2026-06-15 00:00:00,les prix ont augmente,prix
V007928,24213,chat,2025-08-04 00:00:00,bon rapport qualite prix,prix
V007929,72747,reclamation,2026-08-11 00:00:00,impossible de retourner l article,retour
V007930,56146,enquete,2025-09-13 00:00:00,le remboursement n arrive pas,retour
V007931,74849,chat,2026-07-18 00:00:00,le colis est arrive en retard,livraison
V007932,29068,enquete,2026-08-11 00:00:00,impossible de joindre le service client,contact
V007933,54788,chat,2026-06-11 00:00:00,delai de livraison beaucoup trop long,livraison
V007934,75183,enquete,2025-05-26 00:00:00,les prix ont augmente,prix
V007935,39140,chat,2026-01-23 00:00:00,le colis est arrive en retard,livraison
V007936,61593,enquete,2026-08-06 00:00:00,bon rapport qualite prix,prix
V007937,19835,avis,2026-07-05 00:00:00,le remboursement n arrive pas,retour
V007938,8230,avis,2026-02-08 00:00:00,article conforme et solide,produit
V007939,62680,reclamation,2026-04-30 00:00:00,impossible de retourner l article,retour
V007940,37527,reclamation,2025-11-23 00:00:00,la qualite n est pas au rendez vous,produit
V007941,39011,avis,2025-07-26 00:00:00,les prix ont augmente,prix
V007942,22362,chat,2026-02-22 00:00:00,conseiller tres aimable et efficace,contact
V007943,65984,chat,2026-05-28 00:00:00,le produit ne correspond pas a la photo,produit
V007944,19156,avis,2026-06-12 00:00:00,le remboursement n arrive pas,retour
V007945,50279,chat,2025-08-17 00:00:00,le produit ne correspond pas a la photo,produit
V007946,51845,avis,2026-07-19 00:00:00,les prix ont augmente,prix
V007947,26205,reclamation,2025-11-16 00:00:00,impossible de joindre le service client,contact
V007948,28490,chat,2026-02-18 00:00:00,personne ne repond au telephone,contact
V007949,1861,avis,2025-11-15 00:00:00,le remboursement n arrive pas,retour
V007950,56147,reclamation,2025-07-02 00:00:00,les prix ont augmente,prix
V007951,6196,chat,2025-05-31 00:00:00,le colis est arrive en retard,livraison
V007952,34363,enquete,2026-06-27 00:00:00,le produit ne correspond pas a la photo,produit
V007953,53637,reclamation,2026-05-23 00:00:00,bon rapport qualite prix,prix
V007954,73563,chat,2025-10-26 00:00:00,personne ne repond au telephone,contact
V007955,37334,reclamation,2026-05-19 00:00:00,delai de livraison beaucoup trop long,livraison
V007956,21737,chat,2025-07-29 00:00:00,article conforme et solide,produit
V007957,29483,chat,2025-10-09 00:00:00,procedure de retour incomprehensible,retour
V007958,43751,chat,2026-01-11 00:00:00,conseiller tres aimable et efficace,contact
V007959,78788,avis,2025-12-27 00:00:00,delai de livraison beaucoup trop long,livraison
V007960,36302,chat,2025-05-30 00:00:00,bon rapport qualite prix,prix
V007961,55298,chat,2025-12-22 00:00:00,les prix ont augmente,prix
V007962,77555,avis,2025-06-12 00:00:00,delai de livraison beaucoup trop long,livraison
V007963,67652,avis,2025-05-02 00:00:00,les prix ont augmente,prix
V007964,13259,avis,2026-01-07 00:00:00,le remboursement n arrive pas,retour
V007965,28556,enquete,2026-03-10 00:00:00,le remboursement n arrive pas,retour
V007966,14645,avis,2025-12-21 00:00:00,livraison pas rapide du tout,livraison
V007967,46974,enquete,2025-09-21 00:00:00,impossible de joindre le service client,contact
V007968,57675,enquete,2026-02-23 00:00:00,le produit ne correspond pas a la photo,produit
V007969,79900,reclamation,2026-01-05 00:00:00,la qualite n est pas au rendez vous,produit
V007970,16184,enquete,2026-04-11 00:00:00,article conforme et solide,produit
V007971,46116,avis,2025-09-08 00:00:00,promotion interessante ce mois ci,prix
V007972,53356,avis,2026-01-25 00:00:00,bon rapport qualite prix,prix
V007973,46734,reclamation,2025-09-25 00:00:00,conseiller tres aimable et efficace,contact
V007974,77188,enquete,2025-06-06 00:00:00,bon rapport qualite prix,prix
V007975,57435,reclamation,2025-12-07 00:00:00,promotion interessante ce mois ci,prix
V007976,7784,avis,2025-07-10 00:00:00,le produit ne correspond pas a la photo,produit
V007977,52901,avis,2025-12-01 00:00:00,procedure de retour incomprehensible,retour
V007978,22921,chat,2026-02-21 00:00:00,procedure de retour incomprehensible,retour
V007979,40531,chat,2025-05-20 00:00:00,le remboursement n arrive pas,retour
V007980,26598,chat,2026-04-06 00:00:00,personne ne repond au telephone,contact
V007981,31521,chat,2025-06-08 00:00:00,promotion interessante ce mois ci,prix
V007982,16198,enquete,2025-12-02 00:00:00,impossible de retourner l article,retour
V007983,11963,reclamation,2025-06-17 00:00:00,le colis est arrive en retard,livraison
V007984,31860,chat,2026-08-13 00:00:00,article conforme et solide,produit
V007985,65177,reclamation,2026-04-04 00:00:00,le produit ne correspond pas a la photo,produit
V007986,65070,enquete,2025-07-20 00:00:00,article conforme et solide,produit
V007987,65718,chat,2025-09-29 00:00:00,conseiller tres aimable et efficace,contact
V007988,64975,avis,2026-08-11 00:00:00,bon rapport qualite prix,prix
V007989,69014,enquete,2025-06-11 00:00:00,promotion interessante ce mois ci,prix
V007990,71561,enquete,2026-07-19 00:00:00,delai de livraison beaucoup trop long,livraison
V007991,52770,chat,2025-05-24 00:00:00,impossible de joindre le service client,contact
V007992,557,enquete,2026-05-16 00:00:00,impossible de retourner l article,retour
V007993,73001,chat,2025-08-10 00:00:00,livraison pas rapide du tout,livraison
V007994,2202,chat,2026-02-24 00:00:00,livraison pas rapide du tout,livraison
V007995,50250,reclamation,2025-10-29 00:00:00,le colis est arrive en retard,livraison
V007996,52338,enquete,2026-03-10 00:00:00,promotion interessante ce mois ci,prix
V007997,35797,chat,2025-05-09 00:00:00,la qualite n est pas au rendez vous,produit
V007998,43342,reclamation,2026-07-03 00:00:00,la qualite n est pas au rendez vous,produit
V007999,8331,avis,2026-07-03 00:00:00,procedure de retour incomprehensible,retour
