questionnaire,anomalie
Q000001,aucune
Q000002,doublon
Q000003,aucune
Q000004,gps_reutilise
Q000005,aucune
Q000006,aucune
Q000007,age_arrondi
Q000008,aucune
Q000009,aucune
Q000010,aucune
Q000011,aucune
Q000012,aucune
Q000013,aucune
Q000014,aucune
Q000015,aucune
Q000016,aucune
Q000017,aucune
Q000018,aucune
Q000019,aucune
Q000020,aucune
Q000021,aucune
Q000022,aucune
Q000023,aucune
Q000024,aucune
Q000025,aucune
Q000026,aucune
Q000027,aucune
Q000028,aucune
Q000029,aucune
Q000030,aucune
Q000031,aucune
Q000032,aucune
Q000033,aucune
Q000034,aucune
Q000035,aucune
Q000036,aucune
Q000037,aucune
Q000038,aucune
Q000039,aucune
Q000040,aucune
Q000041,entretien_rapide
Q000042,aucune
Q000043,age_arrondi
Q000044,aucune
Q000045,aucune
Q000046,aucune
Q000047,age_arrondi
Q000048,aucune
Q000049,entretien_rapide
Q000050,aucune
Q000051,aucune
Q000052,aucune
Q000053,aucune
Q000054,aucune
Q000055,aucune
Q000056,aucune
Q000057,aucune
Q000058,aucune
Q000059,age_arrondi
Q000060,aucune
Q000061,aucune
Q000062,aucune
Q000063,age_arrondi
Q000064,aucune
Q000065,age_arrondi
Q000066,aucune
Q000067,aucune
Q000068,entretien_rapide
Q000069,age_arrondi
Q000070,aucune
Q000071,aucune
Q000072,aucune
Q000073,aucune
Q000074,aucune
Q000075,aucune
Q000076,aucune
Q000077,aucune
Q000078,aucune
Q000079,aucune
Q000080,aucune
Q000081,aucune
Q000082,aucune
Q000083,age_arrondi
Q000084,aucune
Q000085,aucune
Q000086,aucune
Q000087,aucune
Q000088,aucune
Q000089,aucune
Q000090,aucune
Q000091,aucune
Q000092,aucune
Q000093,entretien_rapide
Q000094,age_arrondi
Q000095,aucune
Q000096,aucune
Q000097,age_arrondi
Q000098,aucune
Q000099,aucune
Q000100,aucune
Q000101,aucune
Q000102,aucune
Q000103,aucune
Q000104,aucune
Q000105,age_arrondi
Q000106,aucune
Q000107,aucune
Q000108,aucune
Q000109,aucune
Q000110,gps_reutilise
Q000111,aucune
Q000112,aucune
Q000113,aucune
Q000114,aucune
Q000115,aucune
Q000116,uniformite
Q000117,aucune
Q000118,aucune
Q000119,aucune
Q000120,age_arrondi
Q000121,aucune
Q000122,aucune
Q000123,aucune
Q000124,aucune
Q000125,aucune
Q000126,aucune
Q000127,aucune
Q000128,aucune
Q000129,aucune
Q000130,aucune
Q000131,aucune
Q000132,aucune
Q000133,aucune
Q000134,aucune
Q000135,aucune
Q000136,aucune
Q000137,age_arrondi
Q000138,aucune
Q000139,aucune
Q000140,aucune
Q000141,aucune
Q000142,aucune
Q000143,aucune
Q000144,aucune
Q000145,aucune
Q000146,aucune
Q000147,aucune
Q000148,aucune
Q000149,aucune
Q000150,aucune
Q000151,age_arrondi
Q000152,aucune
Q000153,aucune
Q000154,aucune
Q000155,aucune
Q000156,aucune
Q000157,aucune
Q000158,aucune
Q000159,aucune
Q000160,aucune
Q000161,aucune
Q000162,age_arrondi
Q000163,aucune
Q000164,aucune
Q000165,aucune
Q000166,aucune
Q000167,aucune
Q000168,aucune
Q000169,aucune
Q000170,aucune
Q000171,aucune
Q000172,gps_reutilise
Q000173,aucune
Q000174,aucune
Q000175,age_arrondi
Q000176,aucune
Q000177,aucune
Q000178,aucune
Q000179,aucune
Q000180,aucune
Q000181,aucune
Q000182,aucune
Q000183,aucune
Q000184,aucune
Q000185,aucune
Q000186,aucune
Q000187,aucune
Q000188,aucune
Q000189,aucune
Q000190,aucune
Q000191,aucune
Q000192,age_arrondi
Q000193,aucune
Q000194,aucune
Q000195,aucune
Q000196,aucune
Q000197,uniformite
Q000198,aucune
Q000199,aucune
Q000200,aucune
Q000201,aucune
Q000202,aucune
Q000203,aucune
Q000204,aucune
Q000205,aucune
Q000206,aucune
Q000207,aucune
Q000208,aucune
Q000209,aucune
Q000210,entretien_rapide
Q000211,aucune
Q000212,aucune
Q000213,entretien_rapide
Q000214,aucune
Q000215,aucune
Q000216,aucune
Q000217,aucune
Q000218,uniformite
Q000219,aucune
Q000220,aucune
Q000221,age_arrondi
Q000222,aucune
Q000223,gps_reutilise
Q000224,gps_reutilise
Q000225,aucune
Q000226,uniformite
Q000227,aucune
Q000228,aucune
Q000229,aucune
Q000230,aucune
Q000231,age_arrondi
Q000232,aucune
Q000233,aucune
Q000234,aucune
Q000235,aucune
Q000236,aucune
Q000237,aucune
Q000238,age_arrondi
Q000239,aucune
Q000240,aucune
Q000241,aucune
Q000242,age_arrondi
Q000243,aucune
Q000244,aucune
Q000245,aucune
Q000246,aucune
Q000247,aucune
Q000248,aucune
Q000249,aucune
Q000250,age_arrondi
Q000251,aucune
Q000252,aucune
Q000253,aucune
Q000254,aucune
Q000255,aucune
Q000256,aucune
Q000257,aucune
Q000258,aucune
Q000259,age_arrondi
Q000260,aucune
Q000261,aucune
Q000262,aucune
Q000263,aucune
Q000264,aucune
Q000265,aucune
Q000266,aucune
Q000267,doublon
Q000268,aucune
Q000269,aucune
Q000270,aucune
Q000271,aucune
Q000272,aucune
Q000273,aucune
Q000274,aucune
Q000275,aucune
Q000276,aucune
Q000277,aucune
Q000278,aucune
Q000279,aucune
Q000280,aucune
Q000281,aucune
Q000282,aucune
Q000283,aucune
Q000284,aucune
Q000285,aucune
Q000286,aucune
Q000287,aucune
Q000288,aucune
Q000289,aucune
Q000290,aucune
Q000291,aucune
Q000292,doublon
Q000293,aucune
Q000294,aucune
Q000295,aucune
Q000296,aucune
Q000297,aucune
Q000298,aucune
Q000299,aucune
Q000300,aucune
Q000301,aucune
Q000302,gps_reutilise
Q000303,aucune
Q000304,aucune
Q000305,aucune
Q000306,aucune
Q000307,aucune
Q000308,aucune
Q000309,aucune
Q000310,aucune
Q000311,aucune
Q000312,aucune
Q000313,aucune
Q000314,aucune
Q000315,entretien_rapide
Q000316,aucune
Q000317,aucune
Q000318,aucune
Q000319,entretien_rapide
Q000320,aucune
Q000321,aucune
Q000322,aucune
Q000323,aucune
Q000324,aucune
Q000325,aucune
Q000326,aucune
Q000327,aucune
Q000328,aucune
Q000329,age_arrondi
Q000330,aucune
Q000331,aucune
Q000332,aucune
Q000333,aucune
Q000334,aucune
Q000335,aucune
Q000336,age_arrondi
Q000337,uniformite
Q000338,aucune
Q000339,aucune
Q000340,age_arrondi
Q000341,aucune
Q000342,aucune
Q000343,aucune
Q000344,aucune
Q000345,aucune
Q000346,aucune
Q000347,aucune
Q000348,entretien_rapide
Q000349,aucune
Q000350,age_arrondi
Q000351,aucune
Q000352,aucune
Q000353,age_arrondi
Q000354,aucune
Q000355,aucune
Q000356,aucune
Q000357,aucune
Q000358,aucune
Q000359,aucune
Q000360,aucune
Q000361,aucune
Q000362,aucune
Q000363,aucune
Q000364,age_arrondi
Q000365,age_arrondi
Q000366,aucune
Q000367,aucune
Q000368,entretien_rapide
Q000369,entretien_rapide
Q000370,aucune
Q000371,aucune
Q000372,aucune
Q000373,aucune
Q000374,aucune
Q000375,aucune
Q000376,aucune
Q000377,aucune
Q000378,aucune
Q000379,aucune
Q000380,aucune
Q000381,age_arrondi
Q000382,aucune
Q000383,aucune
Q000384,aucune
Q000385,aucune
Q000386,age_arrondi
Q000387,aucune
Q000388,aucune
Q000389,aucune
Q000390,aucune
Q000391,aucune
Q000392,aucune
Q000393,aucune
Q000394,aucune
Q000395,aucune
Q000396,aucune
Q000397,aucune
Q000398,aucune
Q000399,aucune
Q000400,aucune
Q000401,entretien_rapide
Q000402,aucune
Q000403,aucune
Q000404,age_arrondi
Q000405,aucune
Q000406,aucune
Q000407,aucune
Q000408,age_arrondi
Q000409,aucune
Q000410,aucune
Q000411,aucune
Q000412,aucune
Q000413,aucune
Q000414,aucune
Q000415,aucune
Q000416,aucune
Q000417,aucune
Q000418,aucune
Q000419,gps_reutilise
Q000420,aucune
Q000421,aucune
Q000422,aucune
Q000423,aucune
Q000424,age_arrondi
Q000425,aucune
Q000426,aucune
Q000427,aucune
Q000428,aucune
Q000429,aucune
Q000430,aucune
Q000431,age_arrondi
Q000432,aucune
Q000433,aucune
Q000434,aucune
Q000435,aucune
Q000436,aucune
Q000437,aucune
Q000438,aucune
Q000439,aucune
Q000440,aucune
Q000441,aucune
Q000442,aucune
Q000443,aucune
Q000444,aucune
Q000445,aucune
Q000446,aucune
Q000447,aucune
Q000448,aucune
Q000449,aucune
Q000450,aucune
Q000451,age_arrondi
Q000452,aucune
Q000453,aucune
Q000454,aucune
Q000455,aucune
Q000456,aucune
Q000457,aucune
Q000458,aucune
Q000459,aucune
Q000460,aucune
Q000461,aucune
Q000462,aucune
Q000463,aucune
Q000464,age_arrondi
Q000465,aucune
Q000466,aucune
Q000467,age_arrondi
Q000468,aucune
Q000469,aucune
Q000470,aucune
Q000471,aucune
Q000472,age_arrondi
Q000473,aucune
Q000474,age_arrondi
Q000475,aucune
Q000476,aucune
Q000477,aucune
Q000478,aucune
Q000479,age_arrondi
Q000480,aucune
Q000481,aucune
Q000482,doublon
Q000483,age_arrondi
Q000484,aucune
Q000485,aucune
Q000486,aucune
Q000487,aucune
Q000488,aucune
Q000489,age_arrondi
Q000490,aucune
Q000491,aucune
Q000492,aucune
Q000493,gps_reutilise
Q000494,aucune
Q000495,aucune
Q000496,aucune
Q000497,aucune
Q000498,uniformite
Q000499,aucune
Q000500,aucune
Q000501,age_arrondi
Q000502,aucune
Q000503,aucune
Q000504,aucune
Q000505,aucune
Q000506,aucune
Q000507,aucune
Q000508,age_arrondi
Q000509,aucune
Q000510,aucune
Q000511,aucune
Q000512,aucune
Q000513,aucune
Q000514,aucune
Q000515,aucune
Q000516,aucune
Q000517,aucune
Q000518,aucune
Q000519,aucune
Q000520,aucune
Q000521,aucune
Q000522,age_arrondi
Q000523,aucune
Q000524,aucune
Q000525,aucune
Q000526,gps_reutilise
Q000527,age_arrondi
Q000528,aucune
Q000529,age_arrondi
Q000530,aucune
Q000531,aucune
Q000532,aucune
Q000533,aucune
Q000534,aucune
Q000535,aucune
Q000536,aucune
Q000537,aucune
Q000538,aucune
Q000539,age_arrondi
Q000540,aucune
Q000541,aucune
Q000542,entretien_rapide
Q000543,aucune
Q000544,aucune
Q000545,aucune
Q000546,aucune
Q000547,gps_reutilise
Q000548,aucune
Q000549,aucune
Q000550,aucune
Q000551,aucune
Q000552,aucune
Q000553,aucune
Q000554,aucune
Q000555,entretien_rapide
Q000556,aucune
Q000557,aucune
Q000558,aucune
Q000559,aucune
Q000560,aucune
Q000561,aucune
Q000562,aucune
Q000563,aucune
Q000564,aucune
Q000565,aucune
Q000566,aucune
Q000567,aucune
Q000568,gps_reutilise
Q000569,aucune
Q000570,age_arrondi
Q000571,aucune
Q000572,aucune
Q000573,aucune
Q000574,aucune
Q000575,aucune
Q000576,entretien_rapide
Q000577,aucune
Q000578,aucune
Q000579,aucune
Q000580,age_arrondi
Q000581,aucune
Q000582,aucune
Q000583,age_arrondi
Q000584,aucune
Q000585,gps_reutilise
Q000586,aucune
Q000587,aucune
Q000588,aucune
Q000589,doublon
Q000590,aucune
Q000591,aucune
Q000592,aucune
Q000593,aucune
Q000594,aucune
Q000595,aucune
Q000596,aucune
Q000597,aucune
Q000598,aucune
Q000599,aucune
Q000600,aucune
Q000601,age_arrondi
Q000602,aucune
Q000603,gps_reutilise
Q000604,aucune
Q000605,aucune
Q000606,aucune
Q000607,age_arrondi
Q000608,aucune
Q000609,aucune
Q000610,aucune
Q000611,aucune
Q000612,age_arrondi
Q000613,aucune
Q000614,aucune
Q000615,aucune
Q000616,aucune
Q000617,aucune
Q000618,aucune
Q000619,aucune
Q000620,aucune
Q000621,aucune
Q000622,uniformite
Q000623,aucune
Q000624,aucune
Q000625,aucune
Q000626,age_arrondi
Q000627,age_arrondi
Q000628,aucune
Q000629,aucune
Q000630,aucune
Q000631,aucune
Q000632,aucune
Q000633,aucune
Q000634,aucune
Q000635,aucune
Q000636,aucune
Q000637,aucune
Q000638,aucune
Q000639,age_arrondi
Q000640,aucune
Q000641,aucune
Q000642,aucune
Q000643,age_arrondi
Q000644,age_arrondi
Q000645,age_arrondi
Q000646,aucune
Q000647,aucune
Q000648,aucune
Q000649,aucune
Q000650,aucune
Q000651,aucune
Q000652,aucune
Q000653,aucune
Q000654,aucune
Q000655,doublon
Q000656,aucune
Q000657,aucune
Q000658,aucune
Q000659,aucune
Q000660,aucune
Q000661,aucune
Q000662,aucune
Q000663,aucune
Q000664,aucune
Q000665,aucune
Q000666,aucune
Q000667,aucune
Q000668,aucune
Q000669,aucune
Q000670,aucune
Q000671,age_arrondi
Q000672,aucune
Q000673,aucune
Q000674,aucune
Q000675,aucune
Q000676,aucune
Q000677,aucune
Q000678,aucune
Q000679,aucune
Q000680,aucune
Q000681,aucune
Q000682,aucune
Q000683,aucune
Q000684,aucune
Q000685,aucune
Q000686,aucune
Q000687,age_arrondi
Q000688,aucune
Q000689,aucune
Q000690,aucune
Q000691,aucune
Q000692,aucune
Q000693,aucune
Q000694,aucune
Q000695,aucune
Q000696,aucune
Q000697,aucune
Q000698,aucune
Q000699,aucune
Q000700,gps_reutilise
Q000701,aucune
Q000702,aucune
Q000703,aucune
Q000704,aucune
Q000705,aucune
Q000706,aucune
Q000707,aucune
Q000708,aucune
Q000709,aucune
Q000710,aucune
Q000711,aucune
Q000712,aucune
Q000713,aucune
Q000714,aucune
Q000715,aucune
Q000716,aucune
Q000717,aucune
Q000718,aucune
Q000719,aucune
Q000720,aucune
Q000721,aucune
Q000722,age_arrondi
Q000723,aucune
Q000724,aucune
Q000725,aucune
Q000726,age_arrondi
Q000727,aucune
Q000728,aucune
Q000729,aucune
Q000730,aucune
Q000731,age_arrondi
Q000732,aucune
Q000733,aucune
Q000734,aucune
Q000735,aucune
Q000736,aucune
Q000737,aucune
Q000738,aucune
Q000739,aucune
Q000740,age_arrondi
Q000741,aucune
Q000742,age_arrondi
Q000743,aucune
Q000744,aucune
Q000745,age_arrondi
Q000746,aucune
Q000747,aucune
Q000748,aucune
Q000749,aucune
Q000750,aucune
Q000751,uniformite
Q000752,aucune
Q000753,aucune
Q000754,age_arrondi
Q000755,age_arrondi
Q000756,aucune
Q000757,aucune
Q000758,aucune
Q000759,entretien_rapide
Q000760,aucune
Q000761,age_arrondi
Q000762,aucune
Q000763,aucune
Q000764,aucune
Q000765,aucune
Q000766,entretien_rapide
Q000767,aucune
Q000768,aucune
Q000769,aucune
Q000770,aucune
Q000771,aucune
Q000772,aucune
Q000773,aucune
Q000774,aucune
Q000775,aucune
Q000776,aucune
Q000777,aucune
Q000778,aucune
Q000779,aucune
Q000780,aucune
Q000781,aucune
Q000782,aucune
Q000783,aucune
Q000784,aucune
Q000785,aucune
Q000786,aucune
Q000787,age_arrondi
Q000788,doublon
Q000789,aucune
Q000790,aucune
Q000791,aucune
Q000792,aucune
Q000793,aucune
Q000794,aucune
Q000795,age_arrondi
Q000796,aucune
Q000797,aucune
Q000798,entretien_rapide
Q000799,aucune
Q000800,aucune
Q000801,uniformite
Q000802,aucune
Q000803,aucune
Q000804,entretien_rapide
Q000805,age_arrondi
Q000806,aucune
Q000807,aucune
Q000808,aucune
Q000809,aucune
Q000810,aucune
Q000811,aucune
Q000812,aucune
Q000813,aucune
Q000814,aucune
Q000815,aucune
Q000816,aucune
Q000817,aucune
Q000818,aucune
Q000819,age_arrondi
Q000820,aucune
Q000821,aucune
Q000822,aucune
Q000823,aucune
Q000824,aucune
Q000825,aucune
Q000826,aucune
Q000827,aucune
Q000828,age_arrondi
Q000829,aucune
Q000830,aucune
Q000831,aucune
Q000832,aucune
Q000833,aucune
Q000834,aucune
Q000835,aucune
Q000836,aucune
Q000837,aucune
Q000838,aucune
Q000839,aucune
Q000840,aucune
Q000841,aucune
Q000842,aucune
Q000843,age_arrondi
Q000844,aucune
Q000845,aucune
Q000846,age_arrondi
Q000847,aucune
Q000848,entretien_rapide
Q000849,aucune
Q000850,aucune
Q000851,aucune
Q000852,gps_reutilise
Q000853,entretien_rapide
Q000854,aucune
Q000855,aucune
Q000856,aucune
Q000857,aucune
Q000858,aucune
Q000859,aucune
Q000860,aucune
Q000861,aucune
Q000862,aucune
Q000863,aucune
Q000864,aucune
Q000865,aucune
Q000866,aucune
Q000867,aucune
Q000868,gps_reutilise
Q000869,aucune
Q000870,aucune
Q000871,aucune
Q000872,aucune
Q000873,aucune
Q000874,aucune
Q000875,aucune
Q000876,aucune
Q000877,aucune
Q000878,entretien_rapide
Q000879,aucune
Q000880,aucune
Q000881,aucune
Q000882,aucune
Q000883,aucune
Q000884,aucune
Q000885,aucune
Q000886,aucune
Q000887,aucune
Q000888,aucune
Q000889,aucune
Q000890,aucune
Q000891,aucune
Q000892,aucune
Q000893,aucune
Q000894,aucune
Q000895,aucune
Q000896,gps_reutilise
Q000897,aucune
Q000898,aucune
Q000899,aucune
Q000900,aucune
Q000901,aucune
Q000902,aucune
Q000903,aucune
Q000904,aucune
Q000905,aucune
Q000906,aucune
Q000907,gps_reutilise
Q000908,aucune
Q000909,aucune
Q000910,aucune
Q000911,aucune
Q000912,aucune
Q000913,age_arrondi
Q000914,age_arrondi
Q000915,aucune
Q000916,aucune
Q000917,aucune
Q000918,aucune
Q000919,aucune
Q000920,aucune
Q000921,aucune
Q000922,age_arrondi
Q000923,aucune
Q000924,age_arrondi
Q000925,aucune
Q000926,aucune
Q000927,aucune
Q000928,aucune
Q000929,aucune
Q000930,aucune
Q000931,age_arrondi
Q000932,aucune
Q000933,aucune
Q000934,age_arrondi
Q000935,aucune
Q000936,aucune
Q000937,aucune
Q000938,aucune
Q000939,aucune
Q000940,aucune
Q000941,aucune
Q000942,aucune
Q000943,aucune
Q000944,aucune
Q000945,aucune
Q000946,aucune
Q000947,aucune
Q000948,aucune
Q000949,aucune
Q000950,aucune
Q000951,aucune
Q000952,aucune
Q000953,aucune
Q000954,age_arrondi
Q000955,aucune
Q000956,aucune
Q000957,aucune
Q000958,aucune
Q000959,aucune
Q000960,aucune
Q000961,aucune
Q000962,aucune
Q000963,aucune
Q000964,aucune
Q000965,aucune
Q000966,aucune
Q000967,aucune
Q000968,aucune
Q000969,aucune
Q000970,aucune
Q000971,aucune
Q000972,aucune
Q000973,aucune
Q000974,aucune
Q000975,aucune
Q000976,doublon
Q000977,aucune
Q000978,aucune
Q000979,age_arrondi
Q000980,aucune
Q000981,aucune
Q000982,aucune
Q000983,aucune
Q000984,aucune
Q000985,aucune
Q000986,aucune
Q000987,aucune
Q000988,entretien_rapide
Q000989,age_arrondi
Q000990,aucune
Q000991,aucune
Q000992,aucune
Q000993,aucune
Q000994,aucune
Q000995,aucune
Q000996,aucune
Q000997,aucune
Q000998,gps_reutilise
Q000999,aucune
Q001000,aucune
Q001001,aucune
Q001002,aucune
Q001003,aucune
Q001004,aucune
Q001005,aucune
Q001006,aucune
Q001007,aucune
Q001008,age_arrondi
Q001009,aucune
Q001010,aucune
Q001011,aucune
Q001012,aucune
Q001013,gps_reutilise
Q001014,aucune
Q001015,aucune
Q001016,aucune
Q001017,aucune
Q001018,aucune
Q001019,aucune
Q001020,aucune
Q001021,aucune
Q001022,gps_reutilise
Q001023,aucune
Q001024,aucune
Q001025,aucune
Q001026,aucune
Q001027,aucune
Q001028,aucune
Q001029,aucune
Q001030,aucune
Q001031,aucune
Q001032,aucune
Q001033,aucune
Q001034,aucune
Q001035,aucune
Q001036,aucune
Q001037,aucune
Q001038,age_arrondi
Q001039,aucune
Q001040,aucune
Q001041,aucune
Q001042,aucune
Q001043,aucune
Q001044,aucune
Q001045,aucune
Q001046,aucune
Q001047,aucune
Q001048,aucune
Q001049,aucune
Q001050,aucune
Q001051,age_arrondi
Q001052,aucune
Q001053,aucune
Q001054,doublon
Q001055,aucune
Q001056,aucune
Q001057,aucune
Q001058,aucune
Q001059,aucune
Q001060,aucune
Q001061,aucune
Q001062,aucune
Q001063,aucune
Q001064,aucune
Q001065,uniformite
Q001066,aucune
Q001067,gps_reutilise
Q001068,aucune
Q001069,aucune
Q001070,aucune
Q001071,aucune
Q001072,aucune
Q001073,aucune
Q001074,aucune
Q001075,aucune
Q001076,doublon
Q001077,aucune
Q001078,age_arrondi
Q001079,aucune
Q001080,aucune
Q001081,age_arrondi
Q001082,aucune
Q001083,aucune
Q001084,aucune
Q001085,aucune
Q001086,aucune
Q001087,aucune
Q001088,aucune
Q001089,aucune
Q001090,aucune
Q001091,age_arrondi
Q001092,aucune
Q001093,aucune
Q001094,aucune
Q001095,aucune
Q001096,aucune
Q001097,aucune
Q001098,age_arrondi
Q001099,aucune
Q001100,aucune
Q001101,aucune
Q001102,aucune
Q001103,aucune
Q001104,aucune
Q001105,aucune
Q001106,age_arrondi
Q001107,aucune
Q001108,aucune
Q001109,age_arrondi
Q001110,aucune
Q001111,aucune
Q001112,uniformite
Q001113,entretien_rapide
Q001114,aucune
Q001115,aucune
Q001116,entretien_rapide
Q001117,aucune
Q001118,aucune
Q001119,aucune
Q001120,aucune
Q001121,aucune
Q001122,aucune
Q001123,aucune
Q001124,aucune
Q001125,aucune
Q001126,aucune
Q001127,aucune
Q001128,aucune
Q001129,aucune
Q001130,aucune
Q001131,aucune
Q001132,aucune
Q001133,aucune
Q001134,aucune
Q001135,aucune
Q001136,age_arrondi
Q001137,aucune
Q001138,aucune
Q001139,aucune
Q001140,aucune
Q001141,aucune
Q001142,aucune
Q001143,aucune
Q001144,gps_reutilise
Q001145,aucune
Q001146,aucune
Q001147,aucune
Q001148,aucune
Q001149,aucune
Q001150,aucune
Q001151,aucune
Q001152,aucune
Q001153,aucune
Q001154,aucune
Q001155,aucune
Q001156,aucune
Q001157,aucune
Q001158,aucune
Q001159,aucune
Q001160,gps_reutilise
Q001161,aucune
Q001162,aucune
Q001163,aucune
Q001164,aucune
Q001165,aucune
Q001166,aucune
Q001167,aucune
Q001168,aucune
Q001169,aucune
Q001170,aucune
Q001171,aucune
Q001172,aucune
Q001173,age_arrondi
Q001174,aucune
Q001175,aucune
Q001176,aucune
Q001177,aucune
Q001178,aucune
Q001179,aucune
Q001180,aucune
Q001181,aucune
Q001182,aucune
Q001183,age_arrondi
Q001184,aucune
Q001185,aucune
Q001186,aucune
Q001187,aucune
Q001188,aucune
Q001189,aucune
Q001190,entretien_rapide
Q001191,aucune
Q001192,aucune
Q001193,uniformite
Q001194,aucune
Q001195,aucune
Q001196,aucune
Q001197,aucune
Q001198,aucune
Q001199,age_arrondi
Q001200,aucune
Q001201,aucune
Q001202,aucune
Q001203,aucune
Q001204,aucune
Q001205,aucune
Q001206,aucune
Q001207,aucune
Q001208,aucune
Q001209,age_arrondi
Q001210,aucune
Q001211,aucune
Q001212,aucune
Q001213,aucune
Q001214,aucune
Q001215,aucune
Q001216,aucune
Q001217,aucune
Q001218,aucune
Q001219,aucune
Q001220,doublon
Q001221,aucune
Q001222,aucune
Q001223,aucune
Q001224,age_arrondi
Q001225,aucune
Q001226,aucune
Q001227,aucune
Q001228,aucune
Q001229,age_arrondi
Q001230,age_arrondi
Q001231,aucune
Q001232,entretien_rapide
Q001233,aucune
Q001234,aucune
Q001235,age_arrondi
Q001236,aucune
Q001237,aucune
Q001238,aucune
Q001239,aucune
Q001240,aucune
Q001241,age_arrondi
Q001242,aucune
Q001243,aucune
Q001244,aucune
Q001245,aucune
Q001246,aucune
Q001247,aucune
Q001248,aucune
Q001249,aucune
Q001250,aucune
Q001251,aucune
Q001252,aucune
Q001253,aucune
Q001254,aucune
Q001255,aucune
Q001256,aucune
Q001257,aucune
Q001258,entretien_rapide
Q001259,aucune
Q001260,uniformite
Q001261,aucune
Q001262,aucune
Q001263,aucune
Q001264,aucune
Q001265,aucune
Q001266,aucune
Q001267,aucune
Q001268,aucune
Q001269,age_arrondi
Q001270,age_arrondi
Q001271,aucune
Q001272,aucune
Q001273,aucune
Q001274,aucune
Q001275,aucune
Q001276,age_arrondi
Q001277,aucune
Q001278,aucune
Q001279,age_arrondi
Q001280,aucune
Q001281,aucune
Q001282,aucune
Q001283,aucune
Q001284,aucune
Q001285,aucune
Q001286,aucune
Q001287,gps_reutilise
Q001288,aucune
Q001289,entretien_rapide
Q001290,aucune
Q001291,aucune
Q001292,aucune
Q001293,aucune
Q001294,aucune
Q001295,aucune
Q001296,aucune
Q001297,aucune
Q001298,aucune
Q001299,aucune
Q001300,aucune
Q001301,aucune
Q001302,age_arrondi
Q001303,aucune
Q001304,aucune
Q001305,aucune
Q001306,aucune
Q001307,aucune
Q001308,age_arrondi
Q001309,aucune
Q001310,aucune
Q001311,aucune
Q001312,aucune
Q001313,aucune
Q001314,aucune
Q001315,aucune
Q001316,aucune
Q001317,uniformite
Q001318,aucune
Q001319,aucune
Q001320,age_arrondi
Q001321,aucune
Q001322,aucune
Q001323,aucune
Q001324,aucune
Q001325,aucune
Q001326,aucune
Q001327,doublon
Q001328,aucune
Q001329,aucune
Q001330,aucune
Q001331,aucune
Q001332,aucune
Q001333,aucune
Q001334,aucune
Q001335,aucune
Q001336,aucune
Q001337,aucune
Q001338,aucune
Q001339,aucune
Q001340,aucune
Q001341,aucune
Q001342,aucune
Q001343,aucune
Q001344,age_arrondi
Q001345,aucune
Q001346,aucune
Q001347,aucune
Q001348,aucune
Q001349,aucune
Q001350,aucune
Q001351,aucune
Q001352,aucune
Q001353,aucune
Q001354,aucune
Q001355,aucune
Q001356,aucune
Q001357,aucune
Q001358,aucune
Q001359,aucune
Q001360,age_arrondi
Q001361,aucune
Q001362,aucune
Q001363,age_arrondi
Q001364,aucune
Q001365,aucune
Q001366,aucune
Q001367,aucune
Q001368,aucune
Q001369,aucune
Q001370,age_arrondi
Q001371,aucune
Q001372,aucune
Q001373,aucune
Q001374,gps_reutilise
Q001375,aucune
Q001376,entretien_rapide
Q001377,aucune
Q001378,aucune
Q001379,aucune
Q001380,aucune
Q001381,aucune
Q001382,doublon
Q001383,aucune
Q001384,aucune
Q001385,aucune
Q001386,uniformite
Q001387,aucune
Q001388,entretien_rapide
Q001389,aucune
Q001390,aucune
Q001391,aucune
Q001392,aucune
Q001393,age_arrondi
Q001394,aucune
Q001395,aucune
Q001396,aucune
Q001397,aucune
Q001398,aucune
Q001399,age_arrondi
Q001400,aucune
Q001401,aucune
Q001402,aucune
Q001403,aucune
Q001404,aucune
Q001405,aucune
Q001406,aucune
Q001407,aucune
Q001408,aucune
Q001409,aucune
Q001410,age_arrondi
Q001411,age_arrondi
Q001412,uniformite
Q001413,aucune
Q001414,aucune
Q001415,aucune
Q001416,age_arrondi
Q001417,aucune
Q001418,entretien_rapide
Q001419,aucune
Q001420,aucune
Q001421,aucune
Q001422,aucune
Q001423,aucune
Q001424,aucune
Q001425,gps_reutilise
Q001426,age_arrondi
Q001427,aucune
Q001428,aucune
Q001429,age_arrondi
Q001430,aucune
Q001431,aucune
Q001432,aucune
Q001433,aucune
Q001434,aucune
Q001435,aucune
Q001436,aucune
Q001437,age_arrondi
Q001438,aucune
Q001439,entretien_rapide
Q001440,aucune
Q001441,aucune
Q001442,aucune
Q001443,aucune
Q001444,age_arrondi
Q001445,aucune
Q001446,aucune
Q001447,gps_reutilise
Q001448,aucune
Q001449,aucune
Q001450,aucune
Q001451,age_arrondi
Q001452,aucune
Q001453,aucune
Q001454,aucune
Q001455,aucune
Q001456,aucune
Q001457,aucune
Q001458,aucune
Q001459,aucune
Q001460,aucune
Q001461,aucune
Q001462,aucune
Q001463,aucune
Q001464,aucune
Q001465,aucune
Q001466,aucune
Q001467,aucune
Q001468,aucune
Q001469,age_arrondi
Q001470,aucune
Q001471,aucune
Q001472,aucune
Q001473,aucune
Q001474,aucune
Q001475,aucune
Q001476,aucune
Q001477,gps_reutilise
Q001478,aucune
Q001479,aucune
Q001480,aucune
Q001481,aucune
Q001482,aucune
Q001483,aucune
Q001484,aucune
Q001485,aucune
Q001486,aucune
Q001487,age_arrondi
Q001488,aucune
Q001489,aucune
Q001490,aucune
Q001491,uniformite
Q001492,aucune
Q001493,aucune
Q001494,aucune
Q001495,aucune
Q001496,aucune
Q001497,aucune
Q001498,aucune
Q001499,aucune
Q001500,gps_reutilise
Q001501,aucune
Q001502,aucune
Q001503,entretien_rapide
Q001504,uniformite
Q001505,aucune
Q001506,age_arrondi
Q001507,entretien_rapide
Q001508,aucune
Q001509,gps_reutilise
Q001510,aucune
Q001511,aucune
Q001512,aucune
Q001513,aucune
Q001514,doublon
Q001515,aucune
Q001516,aucune
Q001517,aucune
Q001518,aucune
Q001519,aucune
Q001520,aucune
Q001521,aucune
Q001522,aucune
Q001523,aucune
Q001524,aucune
Q001525,aucune
Q001526,aucune
Q001527,aucune
Q001528,aucune
Q001529,aucune
Q001530,age_arrondi
Q001531,aucune
Q001532,age_arrondi
Q001533,aucune
Q001534,aucune
Q001535,aucune
Q001536,aucune
Q001537,age_arrondi
Q001538,aucune
Q001539,gps_reutilise
Q001540,aucune
Q001541,aucune
Q001542,age_arrondi
Q001543,aucune
Q001544,aucune
Q001545,aucune
Q001546,aucune
Q001547,aucune
Q001548,aucune
Q001549,aucune
Q001550,aucune
Q001551,aucune
Q001552,aucune
Q001553,uniformite
Q001554,age_arrondi
Q001555,age_arrondi
Q001556,aucune
Q001557,aucune
Q001558,aucune
Q001559,aucune
Q001560,aucune
Q001561,aucune
Q001562,aucune
Q001563,aucune
Q001564,age_arrondi
Q001565,aucune
Q001566,age_arrondi
Q001567,entretien_rapide
Q001568,aucune
Q001569,aucune
Q001570,aucune
Q001571,aucune
Q001572,aucune
Q001573,aucune
Q001574,entretien_rapide
Q001575,aucune
Q001576,aucune
Q001577,aucune
Q001578,aucune
Q001579,aucune
Q001580,aucune
Q001581,aucune
Q001582,aucune
Q001583,age_arrondi
Q001584,aucune
Q001585,aucune
Q001586,aucune
Q001587,aucune
Q001588,aucune
Q001589,aucune
Q001590,aucune
Q001591,aucune
Q001592,aucune
Q001593,uniformite
Q001594,entretien_rapide
Q001595,aucune
Q001596,aucune
Q001597,aucune
Q001598,gps_reutilise
Q001599,aucune
Q001600,gps_reutilise
Q001601,aucune
Q001602,aucune
Q001603,aucune
Q001604,aucune
Q001605,aucune
Q001606,aucune
Q001607,aucune
Q001608,aucune
Q001609,aucune
Q001610,aucune
Q001611,aucune
Q001612,aucune
Q001613,aucune
Q001614,age_arrondi
Q001615,aucune
Q001616,aucune
Q001617,aucune
Q001618,gps_reutilise
Q001619,aucune
Q001620,aucune
Q001621,aucune
Q001622,aucune
Q001623,aucune
Q001624,aucune
Q001625,aucune
Q001626,aucune
Q001627,aucune
Q001628,aucune
Q001629,aucune
Q001630,age_arrondi
Q001631,aucune
Q001632,aucune
Q001633,aucune
Q001634,aucune
Q001635,aucune
Q001636,age_arrondi
Q001637,aucune
Q001638,aucune
Q001639,entretien_rapide
Q001640,aucune
Q001641,aucune
Q001642,aucune
Q001643,aucune
Q001644,aucune
Q001645,aucune
Q001646,aucune
Q001647,aucune
Q001648,aucune
Q001649,age_arrondi
Q001650,aucune
Q001651,aucune
Q001652,aucune
Q001653,aucune
Q001654,aucune
Q001655,aucune
Q001656,entretien_rapide
Q001657,aucune
Q001658,aucune
Q001659,aucune
Q001660,age_arrondi
Q001661,aucune
Q001662,gps_reutilise
Q001663,aucune
Q001664,aucune
Q001665,aucune
Q001666,aucune
Q001667,aucune
Q001668,entretien_rapide
Q001669,aucune
Q001670,aucune
Q001671,aucune
Q001672,aucune
Q001673,aucune
Q001674,aucune
Q001675,aucune
Q001676,aucune
Q001677,age_arrondi
Q001678,aucune
Q001679,aucune
Q001680,aucune
Q001681,aucune
Q001682,aucune
Q001683,aucune
Q001684,aucune
Q001685,aucune
Q001686,aucune
Q001687,aucune
Q001688,aucune
Q001689,aucune
Q001690,entretien_rapide
Q001691,doublon
Q001692,aucune
Q001693,aucune
Q001694,aucune
Q001695,aucune
Q001696,aucune
Q001697,aucune
Q001698,aucune
Q001699,aucune
Q001700,aucune
Q001701,aucune
Q001702,aucune
Q001703,aucune
Q001704,aucune
Q001705,aucune
Q001706,entretien_rapide
Q001707,aucune
Q001708,aucune
Q001709,aucune
Q001710,aucune
Q001711,aucune
Q001712,aucune
Q001713,aucune
Q001714,aucune
Q001715,aucune
Q001716,aucune
Q001717,aucune
Q001718,aucune
Q001719,aucune
Q001720,aucune
Q001721,aucune
Q001722,entretien_rapide
Q001723,aucune
Q001724,aucune
Q001725,aucune
Q001726,aucune
Q001727,aucune
Q001728,aucune
Q001729,aucune
Q001730,aucune
Q001731,aucune
Q001732,doublon
Q001733,aucune
Q001734,aucune
Q001735,aucune
Q001736,aucune
Q001737,aucune
Q001738,aucune
Q001739,aucune
Q001740,aucune
Q001741,aucune
Q001742,uniformite
Q001743,uniformite
Q001744,aucune
Q001745,aucune
Q001746,aucune
Q001747,entretien_rapide
Q001748,aucune
Q001749,aucune
Q001750,aucune
Q001751,aucune
Q001752,aucune
Q001753,doublon
Q001754,aucune
Q001755,aucune
Q001756,aucune
Q001757,aucune
Q001758,age_arrondi
Q001759,aucune
Q001760,entretien_rapide
Q001761,aucune
Q001762,aucune
Q001763,aucune
Q001764,aucune
Q001765,age_arrondi
Q001766,aucune
Q001767,age_arrondi
Q001768,aucune
Q001769,aucune
Q001770,aucune
Q001771,aucune
Q001772,aucune
Q001773,aucune
Q001774,aucune
Q001775,aucune
Q001776,aucune
Q001777,aucune
Q001778,aucune
Q001779,aucune
Q001780,aucune
Q001781,aucune
Q001782,aucune
Q001783,aucune
Q001784,aucune
Q001785,aucune
Q001786,aucune
Q001787,aucune
Q001788,aucune
Q001789,age_arrondi
Q001790,aucune
Q001791,aucune
Q001792,aucune
Q001793,aucune
Q001794,aucune
Q001795,aucune
Q001796,aucune
Q001797,aucune
Q001798,aucune
Q001799,age_arrondi
Q001800,aucune
Q001801,aucune
Q001802,aucune
Q001803,aucune
Q001804,aucune
Q001805,aucune
Q001806,aucune
Q001807,aucune
Q001808,age_arrondi
Q001809,aucune
Q001810,aucune
Q001811,age_arrondi
Q001812,aucune
Q001813,aucune
Q001814,aucune
Q001815,aucune
Q001816,aucune
Q001817,aucune
Q001818,aucune
Q001819,age_arrondi
Q001820,aucune
Q001821,aucune
Q001822,aucune
Q001823,gps_reutilise
Q001824,aucune
Q001825,aucune
Q001826,aucune
Q001827,entretien_rapide
Q001828,aucune
Q001829,aucune
Q001830,aucune
Q001831,aucune
Q001832,aucune
Q001833,aucune
Q001834,aucune
Q001835,aucune
Q001836,age_arrondi
Q001837,entretien_rapide
Q001838,aucune
Q001839,aucune
Q001840,aucune
Q001841,aucune
Q001842,aucune
Q001843,aucune
Q001844,aucune
Q001845,aucune
Q001846,aucune
Q001847,aucune
Q001848,aucune
Q001849,aucune
Q001850,age_arrondi
Q001851,aucune
Q001852,aucune
Q001853,age_arrondi
Q001854,aucune
Q001855,aucune
Q001856,aucune
Q001857,aucune
Q001858,uniformite
Q001859,aucune
Q001860,aucune
Q001861,uniformite
Q001862,aucune
Q001863,aucune
Q001864,aucune
Q001865,age_arrondi
Q001866,aucune
Q001867,aucune
Q001868,aucune
Q001869,aucune
Q001870,aucune
Q001871,age_arrondi
Q001872,aucune
Q001873,aucune
Q001874,aucune
Q001875,aucune
Q001876,aucune
Q001877,aucune
Q001878,aucune
Q001879,age_arrondi
Q001880,aucune
Q001881,aucune
Q001882,aucune
Q001883,aucune
Q001884,aucune
Q001885,aucune
Q001886,aucune
Q001887,aucune
Q001888,aucune
Q001889,aucune
Q001890,aucune
Q001891,aucune
Q001892,aucune
Q001893,aucune
Q001894,aucune
Q001895,aucune
Q001896,aucune
Q001897,aucune
Q001898,aucune
Q001899,aucune
Q001900,aucune
Q001901,aucune
Q001902,aucune
Q001903,aucune
Q001904,aucune
Q001905,aucune
Q001906,aucune
Q001907,aucune
Q001908,aucune
Q001909,age_arrondi
Q001910,aucune
Q001911,aucune
Q001912,aucune
Q001913,aucune
Q001914,aucune
Q001915,aucune
Q001916,aucune
Q001917,aucune
Q001918,age_arrondi
Q001919,aucune
Q001920,uniformite
Q001921,aucune
Q001922,aucune
Q001923,aucune
Q001924,aucune
Q001925,aucune
Q001926,aucune
Q001927,aucune
Q001928,aucune
Q001929,aucune
Q001930,age_arrondi
Q001931,aucune
Q001932,aucune
Q001933,aucune
Q001934,entretien_rapide
Q001935,age_arrondi
Q001936,aucune
Q001937,aucune
Q001938,aucune
Q001939,aucune
Q001940,age_arrondi
Q001941,aucune
Q001942,aucune
Q001943,aucune
Q001944,aucune
Q001945,aucune
Q001946,aucune
Q001947,gps_reutilise
Q001948,aucune
Q001949,age_arrondi
Q001950,aucune
Q001951,entretien_rapide
Q001952,aucune
Q001953,aucune
Q001954,aucune
Q001955,aucune
Q001956,aucune
Q001957,aucune
Q001958,doublon
Q001959,aucune
Q001960,aucune
Q001961,aucune
Q001962,aucune
Q001963,aucune
Q001964,age_arrondi
Q001965,aucune
Q001966,aucune
Q001967,age_arrondi
Q001968,uniformite
Q001969,aucune
Q001970,aucune
Q001971,aucune
Q001972,gps_reutilise
Q001973,aucune
Q001974,aucune
Q001975,aucune
Q001976,age_arrondi
Q001977,aucune
Q001978,aucune
Q001979,aucune
Q001980,aucune
Q001981,entretien_rapide
Q001982,aucune
Q001983,uniformite
Q001984,aucune
Q001985,aucune
Q001986,aucune
Q001987,aucune
Q001988,aucune
Q001989,aucune
Q001990,aucune
Q001991,aucune
Q001992,aucune
Q001993,aucune
Q001994,aucune
Q001995,aucune
Q001996,aucune
Q001997,aucune
Q001998,aucune
Q001999,aucune
Q002000,aucune
Q002001,aucune
Q002002,aucune
Q002003,aucune
Q002004,aucune
Q002005,aucune
Q002006,aucune
Q002007,aucune
Q002008,aucune
Q002009,aucune
Q002010,aucune
Q002011,aucune
Q002012,aucune
Q002013,aucune
Q002014,aucune
Q002015,aucune
Q002016,aucune
Q002017,aucune
Q002018,aucune
Q002019,entretien_rapide
Q002020,aucune
Q002021,entretien_rapide
Q002022,aucune
Q002023,aucune
Q002024,aucune
Q002025,aucune
Q002026,aucune
Q002027,aucune
Q002028,aucune
Q002029,aucune
Q002030,aucune
Q002031,aucune
Q002032,gps_reutilise
Q002033,aucune
Q002034,aucune
Q002035,aucune
Q002036,aucune
Q002037,aucune
Q002038,aucune
Q002039,aucune
Q002040,aucune
Q002041,aucune
Q002042,aucune
Q002043,aucune
Q002044,uniformite
Q002045,aucune
Q002046,aucune
Q002047,age_arrondi
Q002048,aucune
Q002049,aucune
Q002050,aucune
Q002051,entretien_rapide
Q002052,aucune
Q002053,age_arrondi
Q002054,age_arrondi
Q002055,aucune
Q002056,age_arrondi
Q002057,aucune
Q002058,aucune
Q002059,aucune
Q002060,age_arrondi
Q002061,age_arrondi
Q002062,aucune
Q002063,aucune
Q002064,aucune
Q002065,aucune
Q002066,entretien_rapide
Q002067,aucune
Q002068,aucune
Q002069,aucune
Q002070,aucune
Q002071,uniformite
Q002072,aucune
Q002073,aucune
Q002074,aucune
Q002075,aucune
Q002076,entretien_rapide
Q002077,aucune
Q002078,aucune
Q002079,aucune
Q002080,aucune
Q002081,aucune
Q002082,aucune
Q002083,aucune
Q002084,age_arrondi
Q002085,aucune
Q002086,age_arrondi
Q002087,aucune
Q002088,aucune
Q002089,aucune
Q002090,age_arrondi
Q002091,aucune
Q002092,aucune
Q002093,aucune
Q002094,aucune
Q002095,aucune
Q002096,aucune
Q002097,entretien_rapide
Q002098,aucune
Q002099,aucune
Q002100,aucune
Q002101,aucune
Q002102,aucune
Q002103,aucune
Q002104,aucune
Q002105,aucune
Q002106,aucune
Q002107,age_arrondi
Q002108,aucune
Q002109,aucune
Q002110,aucune
Q002111,aucune
Q002112,aucune
Q002113,aucune
Q002114,aucune
Q002115,aucune
Q002116,aucune
Q002117,aucune
Q002118,aucune
Q002119,aucune
Q002120,aucune
Q002121,aucune
Q002122,gps_reutilise
Q002123,age_arrondi
Q002124,aucune
Q002125,aucune
Q002126,aucune
Q002127,aucune
Q002128,aucune
Q002129,aucune
Q002130,aucune
Q002131,aucune
Q002132,aucune
Q002133,aucune
Q002134,aucune
Q002135,aucune
Q002136,age_arrondi
Q002137,aucune
Q002138,aucune
Q002139,aucune
Q002140,aucune
Q002141,aucune
Q002142,aucune
Q002143,aucune
Q002144,aucune
Q002145,aucune
Q002146,aucune
Q002147,aucune
Q002148,aucune
Q002149,aucune
Q002150,aucune
Q002151,aucune
Q002152,aucune
Q002153,aucune
Q002154,entretien_rapide
Q002155,aucune
Q002156,aucune
Q002157,aucune
Q002158,aucune
Q002159,age_arrondi
Q002160,aucune
Q002161,age_arrondi
Q002162,aucune
Q002163,aucune
Q002164,aucune
Q002165,aucune
Q002166,aucune
Q002167,aucune
Q002168,aucune
Q002169,aucune
Q002170,aucune
Q002171,aucune
Q002172,age_arrondi
Q002173,aucune
Q002174,age_arrondi
Q002175,aucune
Q002176,aucune
Q002177,aucune
Q002178,aucune
Q002179,aucune
Q002180,aucune
Q002181,aucune
Q002182,aucune
Q002183,entretien_rapide
Q002184,age_arrondi
Q002185,doublon
Q002186,aucune
Q002187,entretien_rapide
Q002188,aucune
Q002189,aucune
Q002190,aucune
Q002191,aucune
Q002192,aucune
Q002193,aucune
Q002194,aucune
Q002195,age_arrondi
Q002196,aucune
Q002197,aucune
Q002198,gps_reutilise
Q002199,age_arrondi
Q002200,aucune
Q002201,aucune
Q002202,aucune
Q002203,aucune
Q002204,aucune
Q002205,age_arrondi
Q002206,aucune
Q002207,aucune
Q002208,aucune
Q002209,age_arrondi
Q002210,aucune
Q002211,age_arrondi
Q002212,aucune
Q002213,aucune
Q002214,aucune
Q002215,aucune
Q002216,aucune
Q002217,aucune
Q002218,age_arrondi
Q002219,aucune
Q002220,aucune
Q002221,aucune
Q002222,aucune
Q002223,aucune
Q002224,aucune
Q002225,aucune
Q002226,aucune
Q002227,aucune
Q002228,aucune
Q002229,aucune
Q002230,aucune
Q002231,aucune
Q002232,aucune
Q002233,aucune
Q002234,aucune
Q002235,aucune
Q002236,aucune
Q002237,uniformite
Q002238,aucune
Q002239,entretien_rapide
Q002240,aucune
Q002241,aucune
Q002242,aucune
Q002243,aucune
Q002244,aucune
Q002245,gps_reutilise
Q002246,aucune
Q002247,aucune
Q002248,aucune
Q002249,aucune
Q002250,aucune
Q002251,aucune
Q002252,aucune
Q002253,aucune
Q002254,aucune
Q002255,aucune
Q002256,aucune
Q002257,aucune
Q002258,aucune
Q002259,aucune
Q002260,aucune
Q002261,aucune
Q002262,aucune
Q002263,age_arrondi
Q002264,aucune
Q002265,aucune
Q002266,age_arrondi
Q002267,aucune
Q002268,aucune
Q002269,aucune
Q002270,aucune
Q002271,aucune
Q002272,aucune
Q002273,age_arrondi
Q002274,aucune
Q002275,aucune
Q002276,aucune
Q002277,aucune
Q002278,aucune
Q002279,age_arrondi
Q002280,aucune
Q002281,entretien_rapide
Q002282,aucune
Q002283,aucune
Q002284,aucune
Q002285,aucune
Q002286,aucune
Q002287,aucune
Q002288,age_arrondi
Q002289,aucune
Q002290,age_arrondi
Q002291,aucune
Q002292,aucune
Q002293,uniformite
Q002294,aucune
Q002295,aucune
Q002296,aucune
Q002297,age_arrondi
Q002298,aucune
Q002299,aucune
Q002300,aucune
Q002301,aucune
Q002302,aucune
Q002303,aucune
Q002304,aucune
Q002305,aucune
Q002306,aucune
Q002307,aucune
Q002308,aucune
Q002309,aucune
Q002310,aucune
Q002311,aucune
Q002312,aucune
Q002313,aucune
Q002314,aucune
Q002315,aucune
Q002316,aucune
Q002317,aucune
Q002318,entretien_rapide
Q002319,age_arrondi
Q002320,aucune
Q002321,aucune
Q002322,aucune
Q002323,age_arrondi
Q002324,age_arrondi
Q002325,aucune
Q002326,aucune
Q002327,aucune
Q002328,aucune
Q002329,aucune
Q002330,aucune
Q002331,aucune
Q002332,aucune
Q002333,entretien_rapide
Q002334,aucune
Q002335,aucune
Q002336,aucune
Q002337,aucune
Q002338,aucune
Q002339,aucune
Q002340,aucune
Q002341,age_arrondi
Q002342,aucune
Q002343,aucune
Q002344,age_arrondi
Q002345,aucune
Q002346,age_arrondi
Q002347,aucune
Q002348,aucune
Q002349,age_arrondi
Q002350,aucune
Q002351,aucune
Q002352,aucune
Q002353,entretien_rapide
Q002354,age_arrondi
Q002355,aucune
Q002356,aucune
Q002357,aucune
Q002358,aucune
Q002359,entretien_rapide
Q002360,aucune
Q002361,aucune
Q002362,aucune
Q002363,aucune
Q002364,aucune
Q002365,aucune
Q002366,aucune
Q002367,age_arrondi
Q002368,aucune
Q002369,aucune
Q002370,aucune
Q002371,age_arrondi
Q002372,aucune
Q002373,aucune
Q002374,aucune
Q002375,gps_reutilise
Q002376,aucune
Q002377,aucune
Q002378,aucune
Q002379,aucune
Q002380,aucune
Q002381,aucune
Q002382,aucune
Q002383,aucune
Q002384,aucune
Q002385,aucune
Q002386,aucune
Q002387,age_arrondi
Q002388,uniformite
Q002389,aucune
Q002390,aucune
Q002391,aucune
Q002392,aucune
Q002393,aucune
Q002394,aucune
Q002395,aucune
Q002396,aucune
Q002397,aucune
Q002398,aucune
Q002399,aucune
Q002400,aucune
Q002401,aucune
Q002402,aucune
Q002403,aucune
Q002404,age_arrondi
Q002405,aucune
Q002406,aucune
Q002407,aucune
Q002408,entretien_rapide
Q002409,aucune
Q002410,aucune
Q002411,aucune
Q002412,aucune
Q002413,aucune
Q002414,age_arrondi
Q002415,aucune
Q002416,aucune
Q002417,aucune
Q002418,aucune
Q002419,aucune
Q002420,age_arrondi
Q002421,aucune
Q002422,aucune
Q002423,aucune
Q002424,aucune
Q002425,aucune
Q002426,age_arrondi
Q002427,uniformite
Q002428,aucune
Q002429,aucune
Q002430,aucune
Q002431,aucune
Q002432,aucune
Q002433,aucune
Q002434,gps_reutilise
Q002435,aucune
Q002436,aucune
Q002437,aucune
Q002438,aucune
Q002439,age_arrondi
Q002440,aucune
Q002441,aucune
Q002442,aucune
Q002443,aucune
Q002444,aucune
Q002445,aucune
Q002446,aucune
Q002447,aucune
Q002448,aucune
Q002449,aucune
Q002450,aucune
Q002451,aucune
Q002452,aucune
Q002453,aucune
Q002454,aucune
Q002455,entretien_rapide
Q002456,aucune
Q002457,aucune
Q002458,aucune
Q002459,aucune
Q002460,entretien_rapide
Q002461,aucune
Q002462,aucune
Q002463,aucune
Q002464,uniformite
Q002465,aucune
Q002466,uniformite
Q002467,aucune
Q002468,aucune
Q002469,aucune
Q002470,aucune
Q002471,doublon
Q002472,aucune
Q002473,aucune
Q002474,entretien_rapide
Q002475,aucune
Q002476,entretien_rapide
Q002477,doublon
Q002478,aucune
Q002479,aucune
Q002480,aucune
Q002481,aucune
Q002482,aucune
Q002483,aucune
Q002484,aucune
Q002485,aucune
Q002486,aucune
Q002487,aucune
Q002488,aucune
Q002489,uniformite
Q002490,aucune
Q002491,aucune
Q002492,aucune
Q002493,aucune
Q002494,aucune
Q002495,aucune
Q002496,aucune
Q002497,aucune
Q002498,aucune
Q002499,aucune
Q002500,aucune
Q002501,aucune
Q002502,aucune
Q002503,age_arrondi
Q002504,aucune
Q002505,entretien_rapide
Q002506,aucune
Q002507,aucune
Q002508,aucune
Q002509,aucune
Q002510,aucune
Q002511,aucune
Q002512,age_arrondi
Q002513,aucune
Q002514,aucune
Q002515,aucune
Q002516,age_arrondi
Q002517,aucune
Q002518,aucune
Q002519,aucune
Q002520,aucune
Q002521,aucune
Q002522,aucune
Q002523,aucune
Q002524,aucune
Q002525,age_arrondi
Q002526,age_arrondi
Q002527,aucune
Q002528,aucune
Q002529,aucune
Q002530,aucune
Q002531,aucune
Q002532,aucune
Q002533,aucune
Q002534,aucune
Q002535,uniformite
Q002536,aucune
Q002537,aucune
Q002538,age_arrondi
Q002539,aucune
Q002540,aucune
Q002541,aucune
Q002542,age_arrondi
Q002543,aucune
Q002544,aucune
Q002545,aucune
Q002546,aucune
Q002547,aucune
Q002548,gps_reutilise
Q002549,aucune
Q002550,aucune
Q002551,aucune
Q002552,age_arrondi
Q002553,aucune
Q002554,uniformite
Q002555,aucune
Q002556,aucune
Q002557,age_arrondi
Q002558,aucune
Q002559,aucune
Q002560,doublon
Q002561,aucune
Q002562,aucune
Q002563,aucune
Q002564,aucune
Q002565,aucune
Q002566,aucune
Q002567,aucune
Q002568,entretien_rapide
Q002569,aucune
Q002570,aucune
Q002571,age_arrondi
Q002572,aucune
Q002573,aucune
Q002574,aucune
Q002575,aucune
Q002576,aucune
Q002577,aucune
Q002578,aucune
Q002579,aucune
Q002580,aucune
Q002581,aucune
Q002582,aucune
Q002583,aucune
Q002584,aucune
Q002585,age_arrondi
Q002586,aucune
Q002587,aucune
Q002588,gps_reutilise
Q002589,aucune
Q002590,aucune
Q002591,aucune
Q002592,aucune
Q002593,aucune
Q002594,aucune
Q002595,aucune
Q002596,aucune
Q002597,gps_reutilise
Q002598,aucune
Q002599,aucune
Q002600,aucune
Q002601,aucune
Q002602,aucune
Q002603,aucune
Q002604,aucune
Q002605,aucune
Q002606,aucune
Q002607,aucune
Q002608,aucune
Q002609,age_arrondi
Q002610,aucune
Q002611,age_arrondi
Q002612,aucune
Q002613,aucune
Q002614,aucune
Q002615,aucune
Q002616,aucune
Q002617,aucune
Q002618,aucune
Q002619,aucune
Q002620,aucune
Q002621,aucune
Q002622,entretien_rapide
Q002623,aucune
Q002624,aucune
Q002625,aucune
Q002626,aucune
Q002627,aucune
Q002628,age_arrondi
Q002629,aucune
Q002630,aucune
Q002631,aucune
Q002632,aucune
Q002633,aucune
Q002634,doublon
Q002635,aucune
Q002636,aucune
Q002637,gps_reutilise
Q002638,aucune
Q002639,aucune
Q002640,aucune
Q002641,aucune
Q002642,aucune
Q002643,aucune
Q002644,aucune
Q002645,aucune
Q002646,aucune
Q002647,aucune
Q002648,aucune
Q002649,aucune
Q002650,aucune
Q002651,aucune
Q002652,aucune
Q002653,aucune
Q002654,aucune
Q002655,aucune
Q002656,aucune
Q002657,aucune
Q002658,aucune
Q002659,aucune
Q002660,doublon
Q002661,age_arrondi
Q002662,aucune
Q002663,aucune
Q002664,aucune
Q002665,aucune
Q002666,aucune
Q002667,aucune
Q002668,aucune
Q002669,aucune
Q002670,aucune
Q002671,aucune
Q002672,aucune
Q002673,aucune
Q002674,aucune
Q002675,aucune
Q002676,aucune
Q002677,age_arrondi
Q002678,aucune
Q002679,aucune
Q002680,aucune
Q002681,aucune
Q002682,aucune
Q002683,aucune
Q002684,aucune
Q002685,aucune
Q002686,aucune
Q002687,aucune
Q002688,aucune
Q002689,aucune
Q002690,aucune
Q002691,aucune
Q002692,aucune
Q002693,aucune
Q002694,aucune
Q002695,age_arrondi
Q002696,aucune
Q002697,aucune
Q002698,aucune
Q002699,aucune
Q002700,aucune
Q002701,aucune
Q002702,aucune
Q002703,aucune
Q002704,aucune
Q002705,aucune
Q002706,aucune
Q002707,aucune
Q002708,aucune
Q002709,age_arrondi
Q002710,aucune
Q002711,aucune
Q002712,age_arrondi
Q002713,aucune
Q002714,aucune
Q002715,age_arrondi
Q002716,aucune
Q002717,aucune
Q002718,aucune
Q002719,aucune
Q002720,aucune
Q002721,aucune
Q002722,age_arrondi
Q002723,aucune
Q002724,aucune
Q002725,aucune
Q002726,aucune
Q002727,aucune
Q002728,aucune
Q002729,aucune
Q002730,aucune
Q002731,aucune
Q002732,aucune
Q002733,aucune
Q002734,aucune
Q002735,aucune
Q002736,aucune
Q002737,aucune
Q002738,aucune
Q002739,aucune
Q002740,aucune
Q002741,aucune
Q002742,aucune
Q002743,aucune
Q002744,aucune
Q002745,aucune
Q002746,aucune
Q002747,aucune
Q002748,aucune
Q002749,aucune
Q002750,aucune
Q002751,aucune
Q002752,age_arrondi
Q002753,aucune
Q002754,entretien_rapide
Q002755,aucune
Q002756,aucune
Q002757,aucune
Q002758,gps_reutilise
Q002759,aucune
Q002760,aucune
Q002761,aucune
Q002762,age_arrondi
Q002763,age_arrondi
Q002764,aucune
Q002765,age_arrondi
Q002766,aucune
Q002767,age_arrondi
Q002768,age_arrondi
Q002769,aucune
Q002770,aucune
Q002771,aucune
Q002772,aucune
Q002773,aucune
Q002774,aucune
Q002775,aucune
Q002776,aucune
Q002777,aucune
Q002778,aucune
Q002779,aucune
Q002780,aucune
Q002781,aucune
Q002782,aucune
Q002783,uniformite
Q002784,aucune
Q002785,aucune
Q002786,aucune
Q002787,aucune
Q002788,aucune
Q002789,aucune
Q002790,aucune
Q002791,age_arrondi
Q002792,aucune
Q002793,aucune
Q002794,aucune
Q002795,aucune
Q002796,aucune
Q002797,age_arrondi
Q002798,age_arrondi
Q002799,aucune
Q002800,aucune
Q002801,aucune
Q002802,aucune
Q002803,aucune
Q002804,aucune
Q002805,aucune
Q002806,aucune
Q002807,aucune
Q002808,aucune
Q002809,aucune
Q002810,entretien_rapide
Q002811,aucune
Q002812,aucune
Q002813,aucune
Q002814,aucune
Q002815,aucune
Q002816,aucune
Q002817,aucune
Q002818,aucune
Q002819,aucune
Q002820,aucune
Q002821,aucune
Q002822,aucune
Q002823,aucune
Q002824,gps_reutilise
Q002825,aucune
Q002826,aucune
Q002827,aucune
Q002828,age_arrondi
Q002829,aucune
Q002830,aucune
Q002831,aucune
Q002832,aucune
Q002833,age_arrondi
Q002834,aucune
Q002835,aucune
Q002836,aucune
Q002837,age_arrondi
Q002838,age_arrondi
Q002839,aucune
Q002840,uniformite
Q002841,aucune
Q002842,aucune
Q002843,aucune
Q002844,aucune
Q002845,aucune
Q002846,aucune
Q002847,age_arrondi
Q002848,age_arrondi
Q002849,aucune
Q002850,age_arrondi
Q002851,aucune
Q002852,aucune
Q002853,aucune
Q002854,aucune
Q002855,aucune
Q002856,aucune
Q002857,aucune
Q002858,aucune
Q002859,aucune
Q002860,aucune
Q002861,entretien_rapide
Q002862,entretien_rapide
Q002863,aucune
Q002864,aucune
Q002865,aucune
Q002866,aucune
Q002867,aucune
Q002868,aucune
Q002869,aucune
Q002870,age_arrondi
Q002871,entretien_rapide
Q002872,aucune
Q002873,aucune
Q002874,aucune
Q002875,aucune
Q002876,aucune
Q002877,aucune
Q002878,aucune
Q002879,aucune
Q002880,aucune
Q002881,aucune
Q002882,gps_reutilise
Q002883,aucune
Q002884,aucune
Q002885,aucune
Q002886,aucune
Q002887,aucune
Q002888,aucune
Q002889,age_arrondi
Q002890,aucune
Q002891,aucune
Q002892,aucune
Q002893,aucune
Q002894,aucune
Q002895,aucune
Q002896,uniformite
Q002897,aucune
Q002898,aucune
Q002899,age_arrondi
Q002900,aucune
Q002901,aucune
Q002902,aucune
Q002903,aucune
Q002904,aucune
Q002905,aucune
Q002906,aucune
Q002907,aucune
Q002908,aucune
Q002909,aucune
Q002910,aucune
Q002911,aucune
Q002912,aucune
Q002913,aucune
Q002914,aucune
Q002915,aucune
Q002916,aucune
Q002917,aucune
Q002918,aucune
Q002919,aucune
Q002920,age_arrondi
Q002921,aucune
Q002922,aucune
Q002923,aucune
Q002924,aucune
Q002925,aucune
Q002926,aucune
Q002927,aucune
Q002928,aucune
Q002929,aucune
Q002930,age_arrondi
Q002931,aucune
Q002932,aucune
Q002933,aucune
Q002934,aucune
Q002935,entretien_rapide
Q002936,aucune
Q002937,aucune
Q002938,aucune
Q002939,aucune
Q002940,aucune
Q002941,aucune
Q002942,aucune
Q002943,aucune
Q002944,aucune
Q002945,aucune
Q002946,entretien_rapide
Q002947,aucune
Q002948,aucune
Q002949,age_arrondi
Q002950,aucune
Q002951,aucune
Q002952,entretien_rapide
Q002953,aucune
Q002954,aucune
Q002955,aucune
Q002956,aucune
Q002957,aucune
Q002958,entretien_rapide
Q002959,aucune
Q002960,aucune
Q002961,aucune
Q002962,gps_reutilise
Q002963,aucune
Q002964,aucune
Q002965,aucune
Q002966,aucune
Q002967,aucune
Q002968,aucune
Q002969,aucune
Q002970,entretien_rapide
Q002971,aucune
Q002972,aucune
Q002973,aucune
Q002974,aucune
Q002975,aucune
Q002976,aucune
Q002977,age_arrondi
Q002978,aucune
Q002979,aucune
Q002980,entretien_rapide
Q002981,aucune
Q002982,aucune
Q002983,entretien_rapide
Q002984,aucune
Q002985,aucune
Q002986,uniformite
Q002987,aucune
Q002988,aucune
Q002989,aucune
Q002990,aucune
Q002991,aucune
Q002992,aucune
Q002993,aucune
Q002994,aucune
Q002995,aucune
Q002996,aucune
Q002997,aucune
Q002998,aucune
Q002999,aucune
Q003000,age_arrondi
Q003001,aucune
Q003002,aucune
Q003003,age_arrondi
Q003004,age_arrondi
Q003005,aucune
Q003006,aucune
Q003007,aucune
Q003008,gps_reutilise
Q003009,aucune
Q003010,uniformite
Q003011,aucune
Q003012,aucune
Q003013,aucune
Q003014,aucune
Q003015,aucune
Q003016,aucune
Q003017,aucune
Q003018,aucune
Q003019,gps_reutilise
Q003020,aucune
Q003021,aucune
Q003022,aucune
Q003023,aucune
Q003024,gps_reutilise
Q003025,aucune
Q003026,age_arrondi
Q003027,aucune
Q003028,aucune
Q003029,aucune
Q003030,aucune
Q003031,aucune
Q003032,aucune
Q003033,aucune
Q003034,aucune
Q003035,aucune
Q003036,aucune
Q003037,age_arrondi
Q003038,aucune
Q003039,aucune
Q003040,aucune
Q003041,aucune
Q003042,aucune
Q003043,aucune
Q003044,aucune
Q003045,doublon
Q003046,aucune
Q003047,aucune
Q003048,aucune
Q003049,aucune
Q003050,aucune
Q003051,aucune
Q003052,aucune
Q003053,aucune
Q003054,aucune
Q003055,aucune
Q003056,aucune
Q003057,aucune
Q003058,aucune
Q003059,aucune
Q003060,aucune
Q003061,aucune
Q003062,aucune
Q003063,aucune
Q003064,aucune
Q003065,aucune
Q003066,aucune
Q003067,aucune
Q003068,aucune
Q003069,aucune
Q003070,uniformite
Q003071,aucune
Q003072,aucune
Q003073,aucune
Q003074,aucune
Q003075,aucune
Q003076,aucune
Q003077,aucune
Q003078,age_arrondi
Q003079,aucune
Q003080,aucune
Q003081,age_arrondi
Q003082,aucune
Q003083,aucune
Q003084,aucune
Q003085,aucune
Q003086,aucune
Q003087,aucune
Q003088,aucune
Q003089,aucune
Q003090,aucune
Q003091,aucune
Q003092,aucune
Q003093,entretien_rapide
Q003094,aucune
Q003095,aucune
Q003096,aucune
Q003097,aucune
Q003098,aucune
Q003099,aucune
Q003100,aucune
Q003101,aucune
Q003102,aucune
Q003103,uniformite
Q003104,aucune
Q003105,entretien_rapide
Q003106,aucune
Q003107,aucune
Q003108,age_arrondi
Q003109,aucune
Q003110,aucune
Q003111,aucune
Q003112,aucune
Q003113,aucune
Q003114,age_arrondi
Q003115,aucune
Q003116,aucune
Q003117,aucune
Q003118,aucune
Q003119,aucune
Q003120,age_arrondi
Q003121,aucune
Q003122,aucune
Q003123,aucune
Q003124,aucune
Q003125,aucune
Q003126,aucune
Q003127,aucune
Q003128,aucune
Q003129,aucune
Q003130,aucune
Q003131,entretien_rapide
Q003132,uniformite
Q003133,aucune
Q003134,aucune
Q003135,gps_reutilise
Q003136,doublon
Q003137,aucune
Q003138,aucune
Q003139,aucune
Q003140,uniformite
Q003141,aucune
Q003142,gps_reutilise
Q003143,aucune
Q003144,aucune
Q003145,aucune
Q003146,aucune
Q003147,aucune
Q003148,aucune
Q003149,aucune
Q003150,aucune
Q003151,age_arrondi
Q003152,aucune
Q003153,aucune
Q003154,aucune
Q003155,aucune
Q003156,age_arrondi
Q003157,aucune
Q003158,uniformite
Q003159,aucune
Q003160,aucune
Q003161,aucune
Q003162,aucune
Q003163,aucune
Q003164,aucune
Q003165,aucune
Q003166,gps_reutilise
Q003167,aucune
Q003168,aucune
Q003169,aucune
Q003170,aucune
Q003171,aucune
Q003172,aucune
Q003173,aucune
Q003174,doublon
Q003175,aucune
Q003176,aucune
Q003177,aucune
Q003178,aucune
Q003179,aucune
Q003180,age_arrondi
Q003181,aucune
Q003182,age_arrondi
Q003183,aucune
Q003184,aucune
Q003185,aucune
Q003186,aucune
Q003187,aucune
Q003188,aucune
Q003189,aucune
Q003190,aucune
Q003191,aucune
Q003192,aucune
Q003193,aucune
Q003194,aucune
Q003195,aucune
Q003196,aucune
Q003197,aucune
Q003198,aucune
Q003199,aucune
Q003200,aucune
Q003201,aucune
Q003202,age_arrondi
Q003203,aucune
Q003204,aucune
Q003205,aucune
Q003206,entretien_rapide
Q003207,aucune
Q003208,entretien_rapide
Q003209,aucune
Q003210,aucune
Q003211,aucune
Q003212,age_arrondi
Q003213,aucune
Q003214,aucune
Q003215,age_arrondi
Q003216,entretien_rapide
Q003217,aucune
Q003218,aucune
Q003219,aucune
Q003220,aucune
Q003221,aucune
Q003222,aucune
Q003223,aucune
Q003224,aucune
Q003225,doublon
Q003226,aucune
Q003227,aucune
Q003228,aucune
Q003229,age_arrondi
Q003230,aucune
Q003231,aucune
Q003232,uniformite
Q003233,aucune
Q003234,aucune
Q003235,doublon
Q003236,aucune
Q003237,aucune
Q003238,aucune
Q003239,doublon
Q003240,aucune
Q003241,aucune
Q003242,aucune
Q003243,aucune
Q003244,uniformite
Q003245,aucune
Q003246,age_arrondi
Q003247,aucune
Q003248,aucune
Q003249,aucune
Q003250,aucune
Q003251,aucune
Q003252,entretien_rapide
Q003253,aucune
Q003254,aucune
Q003255,aucune
Q003256,aucune
Q003257,aucune
Q003258,aucune
Q003259,age_arrondi
Q003260,aucune
Q003261,age_arrondi
Q003262,aucune
Q003263,aucune
Q003264,aucune
Q003265,aucune
Q003266,aucune
Q003267,entretien_rapide
Q003268,aucune
Q003269,aucune
Q003270,entretien_rapide
Q003271,aucune
Q003272,aucune
Q003273,aucune
Q003274,aucune
Q003275,uniformite
Q003276,aucune
Q003277,aucune
Q003278,aucune
Q003279,aucune
Q003280,entretien_rapide
Q003281,aucune
Q003282,age_arrondi
Q003283,aucune
Q003284,aucune
Q003285,aucune
Q003286,aucune
Q003287,aucune
Q003288,aucune
Q003289,aucune
Q003290,aucune
Q003291,aucune
Q003292,aucune
Q003293,aucune
Q003294,aucune
Q003295,age_arrondi
Q003296,aucune
Q003297,aucune
Q003298,entretien_rapide
Q003299,aucune
Q003300,aucune
Q003301,aucune
Q003302,aucune
Q003303,aucune
Q003304,aucune
Q003305,aucune
Q003306,aucune
Q003307,aucune
Q003308,aucune
Q003309,aucune
Q003310,age_arrondi
Q003311,age_arrondi
Q003312,aucune
Q003313,aucune
Q003314,aucune
Q003315,aucune
Q003316,entretien_rapide
Q003317,aucune
Q003318,aucune
Q003319,aucune
Q003320,aucune
Q003321,aucune
Q003322,aucune
Q003323,aucune
Q003324,aucune
Q003325,aucune
Q003326,aucune
Q003327,aucune
Q003328,aucune
Q003329,aucune
Q003330,aucune
Q003331,aucune
Q003332,aucune
Q003333,aucune
Q003334,entretien_rapide
Q003335,aucune
Q003336,age_arrondi
Q003337,aucune
Q003338,age_arrondi
Q003339,age_arrondi
Q003340,aucune
Q003341,aucune
Q003342,aucune
Q003343,aucune
Q003344,aucune
Q003345,aucune
Q003346,aucune
Q003347,aucune
Q003348,entretien_rapide
Q003349,aucune
Q003350,aucune
Q003351,aucune
Q003352,age_arrondi
Q003353,aucune
Q003354,aucune
Q003355,aucune
Q003356,aucune
Q003357,aucune
Q003358,aucune
Q003359,aucune
Q003360,aucune
Q003361,aucune
Q003362,aucune
Q003363,aucune
Q003364,aucune
Q003365,aucune
Q003366,aucune
Q003367,aucune
Q003368,aucune
Q003369,age_arrondi
Q003370,age_arrondi
Q003371,aucune
Q003372,aucune
Q003373,aucune
Q003374,aucune
Q003375,aucune
Q003376,aucune
Q003377,aucune
Q003378,aucune
Q003379,aucune
Q003380,aucune
Q003381,aucune
Q003382,age_arrondi
Q003383,aucune
Q003384,aucune
Q003385,aucune
Q003386,aucune
Q003387,aucune
Q003388,aucune
Q003389,aucune
Q003390,aucune
Q003391,aucune
Q003392,aucune
Q003393,aucune
Q003394,aucune
Q003395,aucune
Q003396,aucune
Q003397,aucune
Q003398,aucune
Q003399,aucune
Q003400,aucune
Q003401,aucune
Q003402,aucune
Q003403,aucune
Q003404,aucune
Q003405,entretien_rapide
Q003406,aucune
Q003407,aucune
Q003408,aucune
Q003409,aucune
Q003410,aucune
Q003411,aucune
Q003412,aucune
Q003413,aucune
Q003414,aucune
Q003415,age_arrondi
Q003416,aucune
Q003417,aucune
Q003418,aucune
Q003419,aucune
Q003420,aucune
Q003421,aucune
Q003422,aucune
Q003423,aucune
Q003424,aucune
Q003425,aucune
Q003426,age_arrondi
Q003427,aucune
Q003428,aucune
Q003429,aucune
Q003430,aucune
Q003431,aucune
Q003432,aucune
Q003433,aucune
Q003434,aucune
Q003435,aucune
Q003436,aucune
Q003437,aucune
Q003438,aucune
Q003439,aucune
Q003440,aucune
Q003441,aucune
Q003442,aucune
Q003443,aucune
Q003444,aucune
Q003445,age_arrondi
Q003446,aucune
Q003447,aucune
Q003448,aucune
Q003449,aucune
Q003450,aucune
Q003451,aucune
Q003452,aucune
Q003453,aucune
Q003454,aucune
Q003455,aucune
Q003456,aucune
Q003457,aucune
Q003458,aucune
Q003459,aucune
Q003460,aucune
Q003461,aucune
Q003462,aucune
Q003463,doublon
Q003464,aucune
Q003465,aucune
Q003466,aucune
Q003467,aucune
Q003468,aucune
Q003469,aucune
Q003470,aucune
Q003471,aucune
Q003472,aucune
Q003473,aucune
Q003474,age_arrondi
Q003475,aucune
Q003476,aucune
Q003477,doublon
Q003478,aucune
Q003479,aucune
Q003480,age_arrondi
Q003481,age_arrondi
Q003482,aucune
Q003483,aucune
Q003484,aucune
Q003485,aucune
Q003486,age_arrondi
Q003487,aucune
Q003488,age_arrondi
Q003489,aucune
Q003490,aucune
Q003491,aucune
Q003492,aucune
Q003493,aucune
Q003494,aucune
Q003495,aucune
Q003496,aucune
Q003497,aucune
Q003498,aucune
Q003499,aucune
Q003500,aucune
Q003501,aucune
Q003502,aucune
Q003503,uniformite
Q003504,uniformite
Q003505,aucune
Q003506,aucune
Q003507,age_arrondi
Q003508,aucune
Q003509,aucune
Q003510,aucune
Q003511,aucune
Q003512,aucune
Q003513,aucune
Q003514,age_arrondi
Q003515,doublon
Q003516,aucune
Q003517,aucune
Q003518,aucune
Q003519,gps_reutilise
Q003520,aucune
Q003521,aucune
Q003522,age_arrondi
Q003523,aucune
Q003524,age_arrondi
Q003525,aucune
Q003526,aucune
Q003527,aucune
Q003528,age_arrondi
Q003529,aucune
Q003530,aucune
Q003531,aucune
Q003532,aucune
Q003533,age_arrondi
Q003534,aucune
Q003535,aucune
Q003536,aucune
Q003537,doublon
Q003538,age_arrondi
Q003539,aucune
Q003540,age_arrondi
Q003541,aucune
Q003542,aucune
Q003543,aucune
Q003544,aucune
Q003545,aucune
Q003546,aucune
Q003547,aucune
Q003548,aucune
Q003549,aucune
Q003550,aucune
Q003551,aucune
Q003552,aucune
Q003553,gps_reutilise
Q003554,aucune
Q003555,aucune
Q003556,aucune
Q003557,aucune
Q003558,aucune
Q003559,doublon
Q003560,aucune
Q003561,aucune
Q003562,aucune
Q003563,aucune
Q003564,aucune
Q003565,aucune
Q003566,aucune
Q003567,aucune
Q003568,aucune
Q003569,aucune
Q003570,gps_reutilise
Q003571,gps_reutilise
Q003572,aucune
Q003573,entretien_rapide
Q003574,aucune
Q003575,aucune
Q003576,aucune
Q003577,aucune
Q003578,doublon
Q003579,aucune
Q003580,aucune
Q003581,aucune
Q003582,aucune
Q003583,aucune
Q003584,aucune
Q003585,aucune
Q003586,aucune
Q003587,aucune
Q003588,aucune
Q003589,aucune
Q003590,aucune
Q003591,aucune
Q003592,aucune
Q003593,aucune
Q003594,aucune
Q003595,entretien_rapide
Q003596,aucune
Q003597,aucune
Q003598,aucune
Q003599,aucune
Q003600,aucune
Q003601,aucune
Q003602,gps_reutilise
Q003603,aucune
Q003604,doublon
Q003605,aucune
Q003606,aucune
Q003607,aucune
Q003608,age_arrondi
Q003609,aucune
Q003610,aucune
Q003611,aucune
Q003612,aucune
Q003613,aucune
Q003614,aucune
Q003615,aucune
Q003616,aucune
Q003617,gps_reutilise
Q003618,aucune
Q003619,aucune
Q003620,aucune
Q003621,entretien_rapide
Q003622,aucune
Q003623,aucune
Q003624,aucune
Q003625,aucune
Q003626,aucune
Q003627,aucune
Q003628,aucune
Q003629,aucune
Q003630,aucune
Q003631,aucune
Q003632,aucune
Q003633,doublon
Q003634,aucune
Q003635,aucune
Q003636,aucune
Q003637,aucune
Q003638,aucune
Q003639,uniformite
Q003640,aucune
Q003641,aucune
Q003642,aucune
Q003643,aucune
Q003644,aucune
Q003645,aucune
Q003646,aucune
Q003647,age_arrondi
Q003648,uniformite
Q003649,doublon
Q003650,aucune
Q003651,aucune
Q003652,entretien_rapide
Q003653,uniformite
Q003654,aucune
Q003655,aucune
Q003656,aucune
Q003657,aucune
Q003658,aucune
Q003659,aucune
Q003660,aucune
Q003661,aucune
Q003662,aucune
Q003663,aucune
Q003664,aucune
Q003665,aucune
Q003666,aucune
Q003667,aucune
Q003668,aucune
Q003669,age_arrondi
Q003670,aucune
Q003671,aucune
Q003672,age_arrondi
Q003673,aucune
Q003674,aucune
Q003675,aucune
Q003676,aucune
Q003677,age_arrondi
Q003678,aucune
Q003679,aucune
Q003680,aucune
Q003681,aucune
Q003682,aucune
Q003683,age_arrondi
Q003684,aucune
Q003685,gps_reutilise
Q003686,entretien_rapide
Q003687,aucune
Q003688,aucune
Q003689,aucune
Q003690,aucune
Q003691,aucune
Q003692,aucune
Q003693,aucune
Q003694,aucune
Q003695,aucune
Q003696,aucune
Q003697,aucune
Q003698,aucune
Q003699,aucune
Q003700,aucune
Q003701,aucune
Q003702,aucune
Q003703,aucune
Q003704,aucune
Q003705,aucune
Q003706,aucune
Q003707,age_arrondi
Q003708,aucune
Q003709,aucune
Q003710,age_arrondi
Q003711,aucune
Q003712,aucune
Q003713,aucune
Q003714,aucune
Q003715,entretien_rapide
Q003716,aucune
Q003717,aucune
Q003718,aucune
Q003719,aucune
Q003720,aucune
Q003721,aucune
Q003722,uniformite
Q003723,aucune
Q003724,aucune
Q003725,aucune
Q003726,aucune
Q003727,aucune
Q003728,gps_reutilise
Q003729,age_arrondi
Q003730,aucune
Q003731,aucune
Q003732,age_arrondi
Q003733,aucune
Q003734,aucune
Q003735,aucune
Q003736,aucune
Q003737,aucune
Q003738,aucune
Q003739,aucune
Q003740,aucune
Q003741,aucune
Q003742,aucune
Q003743,aucune
Q003744,aucune
Q003745,aucune
Q003746,aucune
Q003747,aucune
Q003748,aucune
Q003749,aucune
Q003750,aucune
Q003751,aucune
Q003752,aucune
Q003753,aucune
Q003754,aucune
Q003755,aucune
Q003756,aucune
Q003757,aucune
Q003758,age_arrondi
Q003759,aucune
Q003760,aucune
Q003761,aucune
Q003762,aucune
Q003763,entretien_rapide
Q003764,aucune
Q003765,aucune
Q003766,age_arrondi
Q003767,aucune
Q003768,age_arrondi
Q003769,aucune
Q003770,aucune
Q003771,aucune
Q003772,aucune
Q003773,aucune
Q003774,aucune
Q003775,aucune
Q003776,aucune
Q003777,aucune
Q003778,aucune
Q003779,aucune
Q003780,aucune
Q003781,aucune
Q003782,aucune
Q003783,aucune
Q003784,gps_reutilise
Q003785,aucune
Q003786,aucune
Q003787,aucune
Q003788,aucune
Q003789,aucune
Q003790,aucune
Q003791,aucune
Q003792,aucune
Q003793,aucune
Q003794,aucune
Q003795,aucune
Q003796,age_arrondi
Q003797,aucune
Q003798,aucune
Q003799,aucune
Q003800,aucune
Q003801,aucune
Q003802,aucune
Q003803,entretien_rapide
Q003804,aucune
Q003805,aucune
Q003806,aucune
Q003807,aucune
Q003808,aucune
Q003809,aucune
Q003810,aucune
Q003811,aucune
Q003812,aucune
Q003813,aucune
Q003814,aucune
Q003815,aucune
Q003816,aucune
Q003817,aucune
Q003818,age_arrondi
Q003819,aucune
Q003820,uniformite
Q003821,aucune
Q003822,aucune
Q003823,aucune
Q003824,aucune
Q003825,aucune
Q003826,aucune
Q003827,aucune
Q003828,aucune
Q003829,aucune
Q003830,aucune
Q003831,aucune
Q003832,aucune
Q003833,aucune
Q003834,age_arrondi
Q003835,age_arrondi
Q003836,entretien_rapide
Q003837,aucune
Q003838,aucune
Q003839,aucune
Q003840,age_arrondi
Q003841,aucune
Q003842,aucune
Q003843,aucune
Q003844,aucune
Q003845,entretien_rapide
Q003846,aucune
Q003847,aucune
Q003848,aucune
Q003849,aucune
Q003850,doublon
Q003851,aucune
Q003852,aucune
Q003853,aucune
Q003854,aucune
Q003855,age_arrondi
Q003856,aucune
Q003857,aucune
Q003858,aucune
Q003859,aucune
Q003860,aucune
Q003861,age_arrondi
Q003862,aucune
Q003863,aucune
Q003864,aucune
Q003865,aucune
Q003866,aucune
Q003867,aucune
Q003868,aucune
Q003869,age_arrondi
Q003870,aucune
Q003871,aucune
Q003872,aucune
Q003873,aucune
Q003874,aucune
Q003875,aucune
Q003876,age_arrondi
Q003877,age_arrondi
Q003878,aucune
Q003879,aucune
Q003880,aucune
Q003881,aucune
Q003882,uniformite
Q003883,aucune
Q003884,aucune
Q003885,age_arrondi
Q003886,aucune
Q003887,aucune
Q003888,age_arrondi
Q003889,aucune
Q003890,aucune
Q003891,aucune
Q003892,aucune
Q003893,aucune
Q003894,aucune
Q003895,aucune
Q003896,aucune
Q003897,aucune
Q003898,aucune
Q003899,age_arrondi
Q003900,aucune
Q003901,aucune
Q003902,aucune
Q003903,aucune
Q003904,gps_reutilise
Q003905,aucune
Q003906,age_arrondi
Q003907,aucune
Q003908,aucune
Q003909,aucune
Q003910,aucune
Q003911,aucune
Q003912,aucune
Q003913,aucune
Q003914,aucune
Q003915,aucune
Q003916,aucune
Q003917,aucune
Q003918,aucune
Q003919,aucune
Q003920,aucune
Q003921,aucune
Q003922,aucune
Q003923,aucune
Q003924,aucune
Q003925,aucune
Q003926,aucune
Q003927,aucune
Q003928,aucune
Q003929,aucune
Q003930,entretien_rapide
Q003931,aucune
Q003932,gps_reutilise
Q003933,aucune
Q003934,age_arrondi
Q003935,age_arrondi
Q003936,aucune
Q003937,aucune
Q003938,aucune
Q003939,aucune
Q003940,aucune
Q003941,aucune
Q003942,uniformite
Q003943,aucune
Q003944,aucune
Q003945,aucune
Q003946,aucune
Q003947,aucune
Q003948,aucune
Q003949,gps_reutilise
Q003950,aucune
Q003951,aucune
Q003952,aucune
Q003953,aucune
Q003954,aucune
Q003955,aucune
Q003956,gps_reutilise
Q003957,age_arrondi
Q003958,aucune
Q003959,aucune
Q003960,aucune
Q003961,aucune
Q003962,aucune
Q003963,aucune
Q003964,aucune
Q003965,aucune
Q003966,aucune
Q003967,aucune
Q003968,aucune
Q003969,aucune
Q003970,aucune
Q003971,aucune
Q003972,aucune
Q003973,aucune
Q003974,aucune
Q003975,entretien_rapide
Q003976,aucune
Q003977,aucune
Q003978,aucune
Q003979,aucune
Q003980,gps_reutilise
Q003981,aucune
Q003982,aucune
Q003983,aucune
Q003984,age_arrondi
Q003985,aucune
Q003986,aucune
Q003987,aucune
Q003988,aucune
Q003989,gps_reutilise
Q003990,aucune
Q003991,aucune
Q003992,entretien_rapide
Q003993,aucune
Q003994,aucune
Q003995,uniformite
Q003996,aucune
Q003997,aucune
Q003998,aucune
Q003999,aucune
Q004000,aucune
Q004001,aucune
Q004002,aucune
Q004003,aucune
Q004004,aucune
Q004005,age_arrondi
Q004006,aucune
Q004007,age_arrondi
Q004008,aucune
Q004009,aucune
Q004010,aucune
Q004011,aucune
Q004012,aucune
Q004013,aucune
Q004014,aucune
Q004015,aucune
Q004016,aucune
Q004017,aucune
Q004018,aucune
Q004019,aucune
Q004020,aucune
Q004021,aucune
Q004022,uniformite
Q004023,aucune
Q004024,aucune
Q004025,aucune
Q004026,aucune
Q004027,aucune
Q004028,entretien_rapide
Q004029,aucune
Q004030,aucune
Q004031,aucune
Q004032,aucune
Q004033,aucune
Q004034,aucune
Q004035,aucune
Q004036,aucune
Q004037,age_arrondi
Q004038,aucune
Q004039,aucune
Q004040,aucune
Q004041,aucune
Q004042,age_arrondi
Q004043,aucune
Q004044,aucune
Q004045,aucune
Q004046,aucune
Q004047,aucune
Q004048,aucune
Q004049,aucune
Q004050,aucune
Q004051,aucune
Q004052,aucune
Q004053,aucune
Q004054,aucune
Q004055,aucune
Q004056,aucune
Q004057,aucune
Q004058,aucune
Q004059,aucune
Q004060,aucune
Q004061,aucune
Q004062,age_arrondi
Q004063,aucune
Q004064,aucune
Q004065,aucune
Q004066,aucune
Q004067,aucune
Q004068,aucune
Q004069,aucune
Q004070,aucune
Q004071,aucune
Q004072,aucune
Q004073,aucune
Q004074,aucune
Q004075,aucune
Q004076,aucune
Q004077,age_arrondi
Q004078,aucune
Q004079,aucune
Q004080,aucune
Q004081,aucune
Q004082,aucune
Q004083,aucune
Q004084,aucune
Q004085,aucune
Q004086,aucune
Q004087,aucune
Q004088,aucune
Q004089,aucune
Q004090,aucune
Q004091,aucune
Q004092,aucune
Q004093,aucune
Q004094,aucune
Q004095,gps_reutilise
Q004096,aucune
Q004097,aucune
Q004098,aucune
Q004099,aucune
Q004100,aucune
Q004101,aucune
Q004102,aucune
Q004103,aucune
Q004104,aucune
Q004105,aucune
Q004106,aucune
Q004107,gps_reutilise
Q004108,aucune
Q004109,aucune
Q004110,aucune
Q004111,aucune
Q004112,aucune
Q004113,entretien_rapide
Q004114,aucune
Q004115,aucune
Q004116,aucune
Q004117,aucune
Q004118,aucune
Q004119,aucune
Q004120,aucune
Q004121,aucune
Q004122,aucune
Q004123,aucune
Q004124,aucune
Q004125,aucune
Q004126,aucune
Q004127,aucune
Q004128,aucune
Q004129,aucune
Q004130,aucune
Q004131,aucune
Q004132,aucune
Q004133,uniformite
Q004134,aucune
Q004135,aucune
Q004136,aucune
Q004137,aucune
Q004138,aucune
Q004139,aucune
Q004140,aucune
Q004141,aucune
Q004142,gps_reutilise
Q004143,aucune
Q004144,aucune
Q004145,aucune
Q004146,aucune
Q004147,aucune
Q004148,aucune
Q004149,aucune
Q004150,aucune
Q004151,aucune
Q004152,aucune
Q004153,aucune
Q004154,aucune
Q004155,aucune
Q004156,aucune
Q004157,aucune
Q004158,aucune
Q004159,aucune
Q004160,aucune
Q004161,aucune
Q004162,aucune
Q004163,aucune
Q004164,aucune
Q004165,aucune
Q004166,aucune
Q004167,aucune
Q004168,aucune
Q004169,aucune
Q004170,aucune
Q004171,gps_reutilise
Q004172,aucune
Q004173,age_arrondi
Q004174,aucune
Q004175,age_arrondi
Q004176,age_arrondi
Q004177,age_arrondi
Q004178,aucune
Q004179,aucune
Q004180,aucune
Q004181,age_arrondi
Q004182,aucune
Q004183,aucune
Q004184,aucune
Q004185,aucune
Q004186,aucune
Q004187,aucune
Q004188,aucune
Q004189,aucune
Q004190,aucune
Q004191,aucune
Q004192,aucune
Q004193,age_arrondi
Q004194,aucune
Q004195,aucune
Q004196,aucune
Q004197,aucune
Q004198,aucune
Q004199,aucune
Q004200,aucune
Q004201,aucune
Q004202,aucune
Q004203,aucune
Q004204,aucune
Q004205,aucune
Q004206,aucune
Q004207,age_arrondi
Q004208,aucune
Q004209,aucune
Q004210,aucune
Q004211,age_arrondi
Q004212,aucune
Q004213,aucune
Q004214,aucune
Q004215,aucune
Q004216,aucune
Q004217,aucune
Q004218,aucune
Q004219,age_arrondi
Q004220,aucune
Q004221,aucune
Q004222,aucune
Q004223,aucune
Q004224,aucune
Q004225,aucune
Q004226,aucune
Q004227,aucune
Q004228,aucune
Q004229,aucune
Q004230,aucune
Q004231,aucune
Q004232,aucune
Q004233,aucune
Q004234,aucune
Q004235,aucune
Q004236,aucune
Q004237,aucune
Q004238,aucune
Q004239,aucune
Q004240,age_arrondi
Q004241,entretien_rapide
Q004242,aucune
Q004243,aucune
Q004244,aucune
Q004245,aucune
Q004246,aucune
Q004247,entretien_rapide
Q004248,gps_reutilise
Q004249,age_arrondi
Q004250,aucune
Q004251,aucune
Q004252,aucune
Q004253,aucune
Q004254,aucune
Q004255,age_arrondi
Q004256,gps_reutilise
Q004257,aucune
Q004258,aucune
Q004259,aucune
Q004260,aucune
Q004261,aucune
Q004262,aucune
Q004263,aucune
Q004264,age_arrondi
Q004265,aucune
Q004266,aucune
Q004267,aucune
Q004268,aucune
Q004269,aucune
Q004270,aucune
Q004271,aucune
Q004272,aucune
Q004273,aucune
Q004274,aucune
Q004275,aucune
Q004276,aucune
Q004277,aucune
Q004278,aucune
Q004279,aucune
Q004280,aucune
Q004281,aucune
Q004282,aucune
Q004283,aucune
Q004284,aucune
Q004285,aucune
Q004286,aucune
Q004287,aucune
Q004288,entretien_rapide
Q004289,aucune
Q004290,aucune
Q004291,aucune
Q004292,aucune
Q004293,aucune
Q004294,aucune
Q004295,aucune
Q004296,aucune
Q004297,aucune
Q004298,aucune
Q004299,uniformite
Q004300,aucune
Q004301,aucune
Q004302,aucune
Q004303,aucune
Q004304,entretien_rapide
Q004305,aucune
Q004306,aucune
Q004307,aucune
Q004308,aucune
Q004309,aucune
Q004310,aucune
Q004311,aucune
Q004312,aucune
Q004313,aucune
Q004314,age_arrondi
Q004315,aucune
Q004316,aucune
Q004317,aucune
Q004318,age_arrondi
Q004319,aucune
Q004320,aucune
Q004321,aucune
Q004322,aucune
Q004323,aucune
Q004324,aucune
Q004325,aucune
Q004326,aucune
Q004327,aucune
Q004328,aucune
Q004329,aucune
Q004330,aucune
Q004331,aucune
Q004332,aucune
Q004333,aucune
Q004334,aucune
Q004335,aucune
Q004336,aucune
Q004337,entretien_rapide
Q004338,aucune
Q004339,aucune
Q004340,aucune
Q004341,aucune
Q004342,doublon
Q004343,entretien_rapide
Q004344,aucune
Q004345,aucune
Q004346,aucune
Q004347,aucune
Q004348,aucune
Q004349,gps_reutilise
Q004350,aucune
Q004351,aucune
Q004352,entretien_rapide
Q004353,aucune
Q004354,aucune
Q004355,aucune
Q004356,aucune
Q004357,aucune
Q004358,aucune
Q004359,aucune
Q004360,entretien_rapide
Q004361,aucune
Q004362,aucune
Q004363,aucune
Q004364,aucune
Q004365,doublon
Q004366,aucune
Q004367,aucune
Q004368,aucune
Q004369,aucune
Q004370,aucune
Q004371,entretien_rapide
Q004372,aucune
Q004373,entretien_rapide
Q004374,aucune
Q004375,aucune
Q004376,aucune
Q004377,aucune
Q004378,aucune
Q004379,aucune
Q004380,aucune
Q004381,aucune
Q004382,uniformite
Q004383,entretien_rapide
Q004384,aucune
Q004385,aucune
Q004386,aucune
Q004387,aucune
Q004388,aucune
Q004389,aucune
Q004390,aucune
Q004391,aucune
Q004392,aucune
Q004393,entretien_rapide
Q004394,age_arrondi
Q004395,aucune
Q004396,aucune
Q004397,uniformite
Q004398,aucune
Q004399,aucune
Q004400,uniformite
Q004401,age_arrondi
Q004402,aucune
Q004403,aucune
Q004404,aucune
Q004405,aucune
Q004406,aucune
Q004407,aucune
Q004408,aucune
Q004409,age_arrondi
Q004410,aucune
Q004411,aucune
Q004412,aucune
Q004413,aucune
Q004414,entretien_rapide
Q004415,aucune
Q004416,aucune
Q004417,aucune
Q004418,aucune
Q004419,aucune
Q004420,aucune
Q004421,aucune
Q004422,aucune
Q004423,aucune
Q004424,aucune
Q004425,aucune
Q004426,aucune
Q004427,entretien_rapide
Q004428,aucune
Q004429,aucune
Q004430,aucune
Q004431,aucune
Q004432,aucune
Q004433,aucune
Q004434,aucune
Q004435,aucune
Q004436,aucune
Q004437,aucune
Q004438,aucune
Q004439,aucune
Q004440,aucune
Q004441,aucune
Q004442,uniformite
Q004443,aucune
Q004444,aucune
Q004445,aucune
Q004446,entretien_rapide
Q004447,aucune
Q004448,aucune
Q004449,aucune
Q004450,aucune
Q004451,aucune
Q004452,aucune
Q004453,aucune
Q004454,aucune
Q004455,aucune
Q004456,aucune
Q004457,aucune
Q004458,aucune
Q004459,aucune
Q004460,aucune
Q004461,age_arrondi
Q004462,aucune
Q004463,aucune
Q004464,aucune
Q004465,aucune
Q004466,aucune
Q004467,aucune
Q004468,aucune
Q004469,age_arrondi
Q004470,gps_reutilise
Q004471,aucune
Q004472,aucune
Q004473,entretien_rapide
Q004474,aucune
Q004475,aucune
Q004476,aucune
Q004477,aucune
Q004478,aucune
Q004479,entretien_rapide
Q004480,aucune
Q004481,aucune
Q004482,aucune
Q004483,aucune
Q004484,aucune
Q004485,aucune
Q004486,aucune
Q004487,aucune
Q004488,entretien_rapide
Q004489,aucune
Q004490,aucune
Q004491,aucune
Q004492,aucune
Q004493,aucune
Q004494,aucune
Q004495,age_arrondi
Q004496,aucune
Q004497,aucune
Q004498,aucune
Q004499,aucune
Q004500,aucune
Q004501,aucune
Q004502,uniformite
Q004503,aucune
Q004504,aucune
Q004505,aucune
Q004506,aucune
Q004507,aucune
Q004508,entretien_rapide
Q004509,uniformite
Q004510,age_arrondi
Q004511,aucune
Q004512,aucune
Q004513,aucune
Q004514,aucune
Q004515,aucune
Q004516,aucune
Q004517,aucune
Q004518,aucune
Q004519,age_arrondi
Q004520,aucune
Q004521,aucune
Q004522,aucune
Q004523,aucune
Q004524,aucune
Q004525,aucune
Q004526,aucune
Q004527,aucune
Q004528,aucune
Q004529,age_arrondi
Q004530,doublon
Q004531,aucune
Q004532,aucune
Q004533,aucune
Q004534,aucune
Q004535,aucune
Q004536,gps_reutilise
Q004537,aucune
Q004538,aucune
Q004539,aucune
Q004540,age_arrondi
Q004541,aucune
Q004542,aucune
Q004543,aucune
Q004544,age_arrondi
Q004545,age_arrondi
Q004546,aucune
Q004547,age_arrondi
Q004548,age_arrondi
Q004549,aucune
Q004550,aucune
Q004551,aucune
Q004552,aucune
Q004553,aucune
Q004554,aucune
Q004555,aucune
Q004556,aucune
Q004557,age_arrondi
Q004558,aucune
Q004559,aucune
Q004560,entretien_rapide
Q004561,aucune
Q004562,aucune
Q004563,aucune
Q004564,aucune
Q004565,aucune
Q004566,aucune
Q004567,entretien_rapide
Q004568,aucune
Q004569,aucune
Q004570,aucune
Q004571,doublon
Q004572,aucune
Q004573,aucune
Q004574,aucune
Q004575,aucune
Q004576,aucune
Q004577,aucune
Q004578,aucune
Q004579,aucune
Q004580,aucune
Q004581,aucune
Q004582,age_arrondi
Q004583,age_arrondi
Q004584,aucune
Q004585,aucune
Q004586,aucune
Q004587,uniformite
Q004588,age_arrondi
Q004589,aucune
Q004590,aucune
Q004591,aucune
Q004592,aucune
Q004593,age_arrondi
Q004594,aucune
Q004595,aucune
Q004596,aucune
Q004597,aucune
Q004598,aucune
Q004599,aucune
Q004600,aucune
Q004601,aucune
Q004602,aucune
Q004603,aucune
Q004604,aucune
Q004605,aucune
Q004606,aucune
Q004607,aucune
Q004608,aucune
Q004609,gps_reutilise
Q004610,doublon
Q004611,aucune
Q004612,uniformite
Q004613,age_arrondi
Q004614,aucune
Q004615,aucune
Q004616,aucune
Q004617,age_arrondi
Q004618,aucune
Q004619,aucune
Q004620,aucune
Q004621,aucune
Q004622,doublon
Q004623,aucune
Q004624,aucune
Q004625,aucune
Q004626,aucune
Q004627,aucune
Q004628,aucune
Q004629,aucune
Q004630,aucune
Q004631,aucune
Q004632,aucune
Q004633,aucune
Q004634,aucune
Q004635,aucune
Q004636,aucune
Q004637,age_arrondi
Q004638,entretien_rapide
Q004639,aucune
Q004640,aucune
Q004641,age_arrondi
Q004642,aucune
Q004643,aucune
Q004644,aucune
Q004645,aucune
Q004646,aucune
Q004647,aucune
Q004648,age_arrondi
Q004649,aucune
Q004650,aucune
Q004651,aucune
Q004652,aucune
Q004653,aucune
Q004654,aucune
Q004655,aucune
Q004656,aucune
Q004657,aucune
Q004658,age_arrondi
Q004659,aucune
Q004660,age_arrondi
Q004661,aucune
Q004662,age_arrondi
Q004663,aucune
Q004664,aucune
Q004665,aucune
Q004666,aucune
Q004667,aucune
Q004668,gps_reutilise
Q004669,aucune
Q004670,aucune
Q004671,aucune
Q004672,age_arrondi
Q004673,uniformite
Q004674,aucune
Q004675,aucune
Q004676,aucune
Q004677,aucune
Q004678,aucune
Q004679,aucune
Q004680,aucune
Q004681,aucune
Q004682,aucune
Q004683,aucune
Q004684,doublon
Q004685,aucune
Q004686,aucune
Q004687,aucune
Q004688,age_arrondi
Q004689,aucune
Q004690,aucune
Q004691,aucune
Q004692,aucune
Q004693,aucune
Q004694,aucune
Q004695,aucune
Q004696,aucune
Q004697,aucune
Q004698,aucune
Q004699,aucune
Q004700,aucune
Q004701,aucune
Q004702,aucune
Q004703,aucune
Q004704,aucune
Q004705,uniformite
Q004706,aucune
Q004707,age_arrondi
Q004708,aucune
Q004709,age_arrondi
Q004710,age_arrondi
Q004711,aucune
Q004712,aucune
Q004713,gps_reutilise
Q004714,aucune
Q004715,aucune
Q004716,aucune
Q004717,aucune
Q004718,aucune
Q004719,aucune
Q004720,aucune
Q004721,aucune
Q004722,aucune
Q004723,aucune
Q004724,aucune
Q004725,aucune
Q004726,aucune
Q004727,aucune
Q004728,aucune
Q004729,aucune
Q004730,aucune
Q004731,aucune
Q004732,aucune
Q004733,aucune
Q004734,aucune
Q004735,aucune
Q004736,aucune
Q004737,entretien_rapide
Q004738,aucune
Q004739,aucune
Q004740,aucune
Q004741,aucune
Q004742,aucune
Q004743,age_arrondi
Q004744,age_arrondi
Q004745,aucune
Q004746,aucune
Q004747,aucune
Q004748,aucune
Q004749,aucune
Q004750,aucune
Q004751,aucune
Q004752,aucune
Q004753,aucune
Q004754,entretien_rapide
Q004755,aucune
Q004756,aucune
Q004757,aucune
Q004758,aucune
Q004759,aucune
Q004760,aucune
Q004761,age_arrondi
Q004762,aucune
Q004763,aucune
Q004764,entretien_rapide
Q004765,aucune
Q004766,aucune
Q004767,aucune
Q004768,aucune
Q004769,aucune
Q004770,age_arrondi
Q004771,age_arrondi
Q004772,aucune
Q004773,aucune
Q004774,aucune
Q004775,aucune
Q004776,aucune
Q004777,aucune
Q004778,aucune
Q004779,aucune
Q004780,aucune
Q004781,aucune
Q004782,aucune
Q004783,aucune
Q004784,age_arrondi
Q004785,aucune
Q004786,aucune
Q004787,aucune
Q004788,uniformite
Q004789,aucune
Q004790,aucune
Q004791,aucune
Q004792,aucune
Q004793,aucune
Q004794,aucune
Q004795,aucune
Q004796,aucune
Q004797,aucune
Q004798,aucune
Q004799,aucune
Q004800,aucune
Q004801,aucune
Q004802,aucune
Q004803,aucune
Q004804,aucune
Q004805,entretien_rapide
Q004806,aucune
Q004807,aucune
Q004808,aucune
Q004809,age_arrondi
Q004810,aucune
Q004811,aucune
Q004812,entretien_rapide
Q004813,aucune
Q004814,aucune
Q004815,aucune
Q004816,age_arrondi
Q004817,aucune
Q004818,entretien_rapide
Q004819,aucune
Q004820,aucune
Q004821,aucune
Q004822,aucune
Q004823,aucune
Q004824,age_arrondi
Q004825,aucune
Q004826,aucune
Q004827,aucune
Q004828,aucune
Q004829,aucune
Q004830,aucune
Q004831,aucune
Q004832,age_arrondi
Q004833,aucune
Q004834,aucune
Q004835,aucune
Q004836,aucune
Q004837,aucune
Q004838,aucune
Q004839,aucune
Q004840,aucune
Q004841,aucune
Q004842,aucune
Q004843,aucune
Q004844,aucune
Q004845,gps_reutilise
Q004846,aucune
Q004847,uniformite
Q004848,aucune
Q004849,aucune
Q004850,aucune
Q004851,aucune
Q004852,entretien_rapide
Q004853,aucune
Q004854,gps_reutilise
Q004855,aucune
Q004856,uniformite
Q004857,aucune
Q004858,aucune
Q004859,aucune
Q004860,aucune
Q004861,aucune
Q004862,aucune
Q004863,aucune
Q004864,aucune
Q004865,aucune
Q004866,aucune
Q004867,aucune
Q004868,gps_reutilise
Q004869,aucune
Q004870,gps_reutilise
Q004871,aucune
Q004872,aucune
Q004873,aucune
Q004874,aucune
Q004875,uniformite
Q004876,aucune
Q004877,aucune
Q004878,aucune
Q004879,aucune
Q004880,aucune
Q004881,aucune
Q004882,aucune
Q004883,aucune
Q004884,aucune
Q004885,age_arrondi
Q004886,aucune
Q004887,age_arrondi
Q004888,aucune
Q004889,aucune
Q004890,aucune
Q004891,aucune
Q004892,aucune
Q004893,aucune
Q004894,aucune
Q004895,aucune
Q004896,aucune
Q004897,aucune
Q004898,aucune
Q004899,aucune
Q004900,aucune
Q004901,aucune
Q004902,age_arrondi
Q004903,aucune
Q004904,aucune
Q004905,aucune
Q004906,aucune
Q004907,gps_reutilise
Q004908,aucune
Q004909,aucune
Q004910,aucune
Q004911,aucune
Q004912,aucune
Q004913,age_arrondi
Q004914,aucune
Q004915,age_arrondi
Q004916,aucune
Q004917,aucune
Q004918,aucune
Q004919,aucune
Q004920,aucune
Q004921,aucune
Q004922,age_arrondi
Q004923,aucune
Q004924,aucune
Q004925,aucune
Q004926,aucune
Q004927,doublon
Q004928,age_arrondi
Q004929,aucune
Q004930,aucune
Q004931,aucune
Q004932,aucune
Q004933,aucune
Q004934,aucune
Q004935,aucune
Q004936,aucune
Q004937,uniformite
Q004938,aucune
Q004939,aucune
Q004940,aucune
Q004941,aucune
Q004942,aucune
Q004943,aucune
Q004944,aucune
Q004945,aucune
Q004946,aucune
Q004947,aucune
Q004948,aucune
Q004949,aucune
Q004950,aucune
Q004951,aucune
Q004952,aucune
Q004953,aucune
Q004954,aucune
Q004955,aucune
Q004956,aucune
Q004957,aucune
Q004958,aucune
Q004959,aucune
Q004960,aucune
Q004961,aucune
Q004962,aucune
Q004963,aucune
Q004964,aucune
Q004965,age_arrondi
Q004966,aucune
Q004967,aucune
Q004968,aucune
Q004969,aucune
Q004970,aucune
Q004971,aucune
Q004972,aucune
Q004973,age_arrondi
Q004974,entretien_rapide
Q004975,aucune
Q004976,aucune
Q004977,aucune
Q004978,aucune
Q004979,entretien_rapide
Q004980,aucune
Q004981,aucune
Q004982,aucune
Q004983,aucune
Q004984,aucune
Q004985,aucune
Q004986,aucune
Q004987,age_arrondi
Q004988,aucune
Q004989,aucune
Q004990,aucune
Q004991,aucune
Q004992,aucune
Q004993,aucune
Q004994,aucune
Q004995,age_arrondi
Q004996,aucune
Q004997,aucune
Q004998,aucune
Q004999,gps_reutilise
Q005000,aucune
Q005001,aucune
Q005002,aucune
Q005003,aucune
Q005004,aucune
Q005005,age_arrondi
Q005006,aucune
Q005007,age_arrondi
Q005008,aucune
Q005009,aucune
Q005010,age_arrondi
Q005011,entretien_rapide
Q005012,aucune
Q005013,aucune
Q005014,aucune
Q005015,aucune
Q005016,aucune
Q005017,aucune
Q005018,aucune
Q005019,aucune
Q005020,aucune
Q005021,aucune
Q005022,aucune
Q005023,age_arrondi
Q005024,aucune
Q005025,aucune
Q005026,aucune
Q005027,aucune
Q005028,aucune
Q005029,aucune
Q005030,aucune
Q005031,aucune
Q005032,aucune
Q005033,aucune
Q005034,age_arrondi
Q005035,aucune
Q005036,aucune
Q005037,aucune
Q005038,aucune
Q005039,aucune
Q005040,aucune
Q005041,aucune
Q005042,aucune
Q005043,aucune
Q005044,aucune
Q005045,age_arrondi
Q005046,aucune
Q005047,aucune
Q005048,aucune
Q005049,aucune
Q005050,aucune
Q005051,aucune
Q005052,age_arrondi
Q005053,aucune
Q005054,aucune
Q005055,aucune
Q005056,aucune
Q005057,aucune
Q005058,age_arrondi
Q005059,aucune
Q005060,aucune
Q005061,aucune
Q005062,aucune
Q005063,aucune
Q005064,aucune
Q005065,aucune
Q005066,aucune
Q005067,aucune
Q005068,aucune
Q005069,age_arrondi
Q005070,aucune
Q005071,aucune
Q005072,aucune
Q005073,aucune
Q005074,aucune
Q005075,age_arrondi
Q005076,aucune
Q005077,aucune
Q005078,aucune
Q005079,aucune
Q005080,aucune
Q005081,aucune
Q005082,aucune
Q005083,aucune
Q005084,aucune
Q005085,aucune
Q005086,aucune
Q005087,aucune
Q005088,age_arrondi
Q005089,age_arrondi
Q005090,aucune
Q005091,entretien_rapide
Q005092,aucune
Q005093,aucune
Q005094,aucune
Q005095,aucune
Q005096,aucune
Q005097,aucune
Q005098,aucune
Q005099,aucune
Q005100,aucune
Q005101,aucune
Q005102,aucune
Q005103,aucune
Q005104,age_arrondi
Q005105,aucune
Q005106,aucune
Q005107,aucune
Q005108,aucune
Q005109,aucune
Q005110,aucune
Q005111,aucune
Q005112,aucune
Q005113,aucune
Q005114,aucune
Q005115,aucune
Q005116,uniformite
Q005117,aucune
Q005118,aucune
Q005119,aucune
Q005120,age_arrondi
Q005121,aucune
Q005122,aucune
Q005123,aucune
Q005124,aucune
Q005125,aucune
Q005126,aucune
Q005127,uniformite
Q005128,aucune
Q005129,aucune
Q005130,aucune
Q005131,aucune
Q005132,aucune
Q005133,aucune
Q005134,aucune
Q005135,doublon
Q005136,aucune
Q005137,aucune
Q005138,aucune
Q005139,aucune
Q005140,aucune
Q005141,age_arrondi
Q005142,aucune
Q005143,entretien_rapide
Q005144,aucune
Q005145,aucune
Q005146,aucune
Q005147,aucune
Q005148,aucune
Q005149,aucune
Q005150,gps_reutilise
Q005151,aucune
Q005152,aucune
Q005153,entretien_rapide
Q005154,aucune
Q005155,entretien_rapide
Q005156,aucune
Q005157,aucune
Q005158,aucune
Q005159,aucune
Q005160,aucune
Q005161,aucune
Q005162,uniformite
Q005163,aucune
Q005164,aucune
Q005165,aucune
Q005166,aucune
Q005167,entretien_rapide
Q005168,entretien_rapide
Q005169,aucune
Q005170,aucune
Q005171,aucune
Q005172,aucune
Q005173,aucune
Q005174,aucune
Q005175,aucune
Q005176,aucune
Q005177,aucune
Q005178,aucune
Q005179,aucune
Q005180,aucune
Q005181,aucune
Q005182,aucune
Q005183,aucune
Q005184,aucune
Q005185,aucune
Q005186,aucune
Q005187,age_arrondi
Q005188,aucune
Q005189,aucune
Q005190,aucune
Q005191,aucune
Q005192,aucune
Q005193,entretien_rapide
Q005194,aucune
Q005195,aucune
Q005196,aucune
Q005197,entretien_rapide
Q005198,aucune
Q005199,aucune
Q005200,aucune
Q005201,aucune
Q005202,uniformite
Q005203,aucune
Q005204,aucune
Q005205,entretien_rapide
Q005206,aucune
Q005207,aucune
Q005208,aucune
Q005209,aucune
Q005210,aucune
Q005211,aucune
Q005212,aucune
Q005213,aucune
Q005214,aucune
Q005215,aucune
Q005216,aucune
Q005217,aucune
Q005218,uniformite
Q005219,aucune
Q005220,aucune
Q005221,aucune
Q005222,aucune
Q005223,aucune
Q005224,aucune
Q005225,aucune
Q005226,aucune
Q005227,aucune
Q005228,aucune
Q005229,uniformite
Q005230,aucune
Q005231,aucune
Q005232,aucune
Q005233,aucune
Q005234,aucune
Q005235,aucune
Q005236,aucune
Q005237,aucune
Q005238,aucune
Q005239,aucune
Q005240,aucune
Q005241,aucune
Q005242,aucune
Q005243,aucune
Q005244,aucune
Q005245,aucune
Q005246,aucune
Q005247,aucune
Q005248,aucune
Q005249,aucune
Q005250,aucune
Q005251,age_arrondi
Q005252,aucune
Q005253,aucune
Q005254,aucune
Q005255,aucune
Q005256,age_arrondi
Q005257,aucune
Q005258,age_arrondi
Q005259,aucune
Q005260,age_arrondi
Q005261,aucune
Q005262,aucune
Q005263,age_arrondi
Q005264,aucune
Q005265,aucune
Q005266,aucune
Q005267,aucune
Q005268,aucune
Q005269,aucune
Q005270,aucune
Q005271,aucune
Q005272,aucune
Q005273,aucune
Q005274,aucune
Q005275,aucune
Q005276,aucune
Q005277,age_arrondi
Q005278,aucune
Q005279,age_arrondi
Q005280,aucune
Q005281,aucune
Q005282,age_arrondi
Q005283,aucune
Q005284,aucune
Q005285,aucune
Q005286,aucune
Q005287,aucune
Q005288,aucune
Q005289,aucune
Q005290,aucune
Q005291,aucune
Q005292,aucune
Q005293,entretien_rapide
Q005294,aucune
Q005295,aucune
Q005296,aucune
Q005297,gps_reutilise
Q005298,aucune
Q005299,aucune
Q005300,aucune
Q005301,age_arrondi
Q005302,aucune
Q005303,aucune
Q005304,doublon
Q005305,aucune
Q005306,aucune
Q005307,aucune
Q005308,aucune
Q005309,entretien_rapide
Q005310,aucune
Q005311,entretien_rapide
Q005312,aucune
Q005313,aucune
Q005314,age_arrondi
Q005315,aucune
Q005316,aucune
Q005317,aucune
Q005318,aucune
Q005319,aucune
Q005320,aucune
Q005321,aucune
Q005322,aucune
Q005323,aucune
Q005324,aucune
Q005325,aucune
Q005326,aucune
Q005327,aucune
Q005328,aucune
Q005329,aucune
Q005330,aucune
Q005331,aucune
Q005332,aucune
Q005333,aucune
Q005334,aucune
Q005335,aucune
Q005336,aucune
Q005337,aucune
Q005338,aucune
Q005339,aucune
Q005340,aucune
Q005341,aucune
Q005342,age_arrondi
Q005343,aucune
Q005344,aucune
Q005345,aucune
Q005346,aucune
Q005347,aucune
Q005348,aucune
Q005349,aucune
Q005350,age_arrondi
Q005351,aucune
Q005352,aucune
Q005353,aucune
Q005354,aucune
Q005355,aucune
Q005356,aucune
Q005357,aucune
Q005358,aucune
Q005359,aucune
Q005360,aucune
Q005361,aucune
Q005362,aucune
Q005363,aucune
Q005364,aucune
Q005365,aucune
Q005366,aucune
Q005367,aucune
Q005368,aucune
Q005369,aucune
Q005370,aucune
Q005371,aucune
Q005372,aucune
Q005373,aucune
Q005374,aucune
Q005375,aucune
Q005376,aucune
Q005377,aucune
Q005378,aucune
Q005379,aucune
Q005380,gps_reutilise
Q005381,aucune
Q005382,aucune
Q005383,uniformite
Q005384,aucune
Q005385,aucune
Q005386,aucune
Q005387,aucune
Q005388,aucune
Q005389,aucune
Q005390,aucune
Q005391,aucune
Q005392,aucune
Q005393,aucune
Q005394,aucune
Q005395,aucune
Q005396,aucune
Q005397,aucune
Q005398,aucune
Q005399,aucune
Q005400,aucune
Q005401,aucune
Q005402,aucune
Q005403,aucune
Q005404,aucune
Q005405,age_arrondi
Q005406,aucune
Q005407,gps_reutilise
Q005408,aucune
Q005409,aucune
Q005410,aucune
Q005411,aucune
Q005412,aucune
Q005413,aucune
Q005414,aucune
Q005415,aucune
Q005416,age_arrondi
Q005417,aucune
Q005418,gps_reutilise
Q005419,aucune
Q005420,gps_reutilise
Q005421,aucune
Q005422,entretien_rapide
Q005423,aucune
Q005424,aucune
Q005425,aucune
Q005426,doublon
Q005427,age_arrondi
Q005428,aucune
Q005429,aucune
Q005430,aucune
Q005431,doublon
Q005432,aucune
Q005433,aucune
Q005434,aucune
Q005435,aucune
Q005436,aucune
Q005437,entretien_rapide
Q005438,aucune
Q005439,aucune
Q005440,aucune
Q005441,gps_reutilise
Q005442,aucune
Q005443,aucune
Q005444,aucune
Q005445,aucune
Q005446,doublon
Q005447,doublon
Q005448,aucune
Q005449,aucune
Q005450,aucune
Q005451,aucune
Q005452,aucune
Q005453,aucune
Q005454,age_arrondi
Q005455,aucune
Q005456,aucune
Q005457,aucune
Q005458,aucune
Q005459,aucune
Q005460,aucune
Q005461,aucune
Q005462,aucune
Q005463,aucune
Q005464,age_arrondi
Q005465,aucune
Q005466,age_arrondi
Q005467,aucune
Q005468,aucune
Q005469,aucune
Q005470,aucune
Q005471,aucune
Q005472,age_arrondi
Q005473,aucune
Q005474,age_arrondi
Q005475,age_arrondi
Q005476,aucune
Q005477,aucune
Q005478,aucune
Q005479,gps_reutilise
Q005480,aucune
Q005481,aucune
Q005482,aucune
Q005483,aucune
Q005484,aucune
Q005485,aucune
Q005486,aucune
Q005487,aucune
Q005488,aucune
Q005489,aucune
Q005490,age_arrondi
Q005491,aucune
Q005492,aucune
Q005493,aucune
Q005494,aucune
Q005495,aucune
Q005496,aucune
Q005497,age_arrondi
Q005498,aucune
Q005499,aucune
Q005500,aucune
Q005501,aucune
Q005502,doublon
Q005503,gps_reutilise
Q005504,aucune
Q005505,aucune
Q005506,aucune
Q005507,gps_reutilise
Q005508,aucune
Q005509,aucune
Q005510,aucune
Q005511,aucune
Q005512,aucune
Q005513,aucune
Q005514,aucune
Q005515,aucune
Q005516,aucune
Q005517,aucune
Q005518,aucune
Q005519,aucune
Q005520,gps_reutilise
Q005521,aucune
Q005522,aucune
Q005523,aucune
Q005524,aucune
Q005525,aucune
Q005526,uniformite
Q005527,aucune
Q005528,age_arrondi
Q005529,aucune
Q005530,aucune
Q005531,age_arrondi
Q005532,aucune
Q005533,aucune
Q005534,aucune
Q005535,aucune
Q005536,aucune
Q005537,aucune
Q005538,aucune
Q005539,aucune
Q005540,aucune
Q005541,aucune
Q005542,aucune
Q005543,gps_reutilise
Q005544,aucune
Q005545,age_arrondi
Q005546,age_arrondi
Q005547,aucune
Q005548,age_arrondi
Q005549,aucune
Q005550,entretien_rapide
Q005551,aucune
Q005552,aucune
Q005553,aucune
Q005554,aucune
Q005555,aucune
Q005556,aucune
Q005557,aucune
Q005558,aucune
Q005559,age_arrondi
Q005560,aucune
Q005561,aucune
Q005562,aucune
Q005563,aucune
Q005564,aucune
Q005565,aucune
Q005566,age_arrondi
Q005567,aucune
Q005568,aucune
Q005569,aucune
Q005570,aucune
Q005571,aucune
Q005572,aucune
Q005573,age_arrondi
Q005574,aucune
Q005575,aucune
Q005576,aucune
Q005577,aucune
Q005578,aucune
Q005579,entretien_rapide
Q005580,age_arrondi
Q005581,aucune
Q005582,aucune
Q005583,gps_reutilise
Q005584,aucune
Q005585,aucune
Q005586,aucune
Q005587,aucune
Q005588,aucune
Q005589,aucune
Q005590,aucune
Q005591,aucune
Q005592,age_arrondi
Q005593,aucune
Q005594,aucune
Q005595,aucune
Q005596,aucune
Q005597,aucune
Q005598,aucune
Q005599,aucune
Q005600,aucune
Q005601,aucune
Q005602,aucune
Q005603,aucune
Q005604,aucune
Q005605,aucune
Q005606,uniformite
Q005607,doublon
Q005608,aucune
Q005609,aucune
Q005610,aucune
Q005611,aucune
Q005612,aucune
Q005613,aucune
Q005614,aucune
Q005615,aucune
Q005616,aucune
Q005617,aucune
Q005618,aucune
Q005619,aucune
Q005620,uniformite
Q005621,aucune
Q005622,aucune
Q005623,aucune
Q005624,aucune
Q005625,age_arrondi
Q005626,aucune
Q005627,aucune
Q005628,entretien_rapide
Q005629,uniformite
Q005630,age_arrondi
Q005631,aucune
Q005632,age_arrondi
Q005633,aucune
Q005634,aucune
Q005635,aucune
Q005636,entretien_rapide
Q005637,aucune
Q005638,age_arrondi
Q005639,age_arrondi
Q005640,entretien_rapide
Q005641,age_arrondi
Q005642,aucune
Q005643,age_arrondi
Q005644,aucune
Q005645,aucune
Q005646,aucune
Q005647,aucune
Q005648,aucune
Q005649,aucune
Q005650,aucune
Q005651,aucune
Q005652,aucune
Q005653,aucune
Q005654,aucune
Q005655,aucune
Q005656,aucune
Q005657,aucune
Q005658,aucune
Q005659,age_arrondi
Q005660,aucune
Q005661,aucune
Q005662,aucune
Q005663,aucune
Q005664,aucune
Q005665,aucune
Q005666,doublon
Q005667,aucune
Q005668,age_arrondi
Q005669,aucune
Q005670,aucune
Q005671,age_arrondi
Q005672,aucune
Q005673,aucune
Q005674,aucune
Q005675,aucune
Q005676,aucune
Q005677,aucune
Q005678,aucune
Q005679,aucune
Q005680,aucune
Q005681,aucune
Q005682,aucune
Q005683,aucune
Q005684,aucune
Q005685,aucune
Q005686,aucune
Q005687,age_arrondi
Q005688,aucune
Q005689,aucune
Q005690,entretien_rapide
Q005691,aucune
Q005692,aucune
Q005693,aucune
Q005694,aucune
Q005695,aucune
Q005696,aucune
Q005697,aucune
Q005698,aucune
Q005699,aucune
Q005700,aucune
Q005701,aucune
Q005702,aucune
Q005703,aucune
Q005704,age_arrondi
Q005705,aucune
Q005706,age_arrondi
Q005707,aucune
Q005708,age_arrondi
Q005709,aucune
Q005710,aucune
Q005711,aucune
Q005712,aucune
Q005713,aucune
Q005714,aucune
Q005715,aucune
Q005716,aucune
Q005717,aucune
Q005718,aucune
Q005719,aucune
Q005720,aucune
Q005721,aucune
Q005722,aucune
Q005723,aucune
Q005724,aucune
Q005725,aucune
Q005726,age_arrondi
Q005727,doublon
Q005728,aucune
Q005729,uniformite
Q005730,aucune
Q005731,aucune
Q005732,aucune
Q005733,aucune
Q005734,aucune
Q005735,aucune
Q005736,aucune
Q005737,age_arrondi
Q005738,aucune
Q005739,aucune
Q005740,aucune
Q005741,aucune
Q005742,age_arrondi
Q005743,aucune
Q005744,aucune
Q005745,aucune
Q005746,aucune
Q005747,aucune
Q005748,age_arrondi
Q005749,aucune
Q005750,aucune
Q005751,aucune
Q005752,aucune
Q005753,aucune
Q005754,aucune
Q005755,entretien_rapide
Q005756,aucune
Q005757,aucune
Q005758,aucune
Q005759,aucune
Q005760,aucune
Q005761,aucune
Q005762,aucune
Q005763,aucune
Q005764,age_arrondi
Q005765,aucune
Q005766,aucune
Q005767,aucune
Q005768,aucune
Q005769,aucune
Q005770,aucune
Q005771,gps_reutilise
Q005772,aucune
Q005773,aucune
Q005774,aucune
Q005775,aucune
Q005776,aucune
Q005777,aucune
Q005778,aucune
Q005779,aucune
Q005780,aucune
Q005781,aucune
Q005782,aucune
Q005783,aucune
Q005784,aucune
Q005785,aucune
Q005786,aucune
Q005787,aucune
Q005788,aucune
Q005789,aucune
Q005790,aucune
Q005791,aucune
Q005792,aucune
Q005793,aucune
Q005794,aucune
Q005795,aucune
Q005796,aucune
Q005797,aucune
Q005798,doublon
Q005799,aucune
Q005800,entretien_rapide
Q005801,aucune
Q005802,aucune
Q005803,aucune
Q005804,aucune
Q005805,aucune
Q005806,age_arrondi
Q005807,aucune
Q005808,aucune
Q005809,aucune
Q005810,age_arrondi
Q005811,aucune
Q005812,aucune
Q005813,aucune
Q005814,aucune
Q005815,uniformite
Q005816,aucune
Q005817,age_arrondi
Q005818,aucune
Q005819,aucune
Q005820,age_arrondi
Q005821,aucune
Q005822,aucune
Q005823,aucune
Q005824,aucune
Q005825,aucune
Q005826,entretien_rapide
Q005827,aucune
Q005828,aucune
Q005829,aucune
Q005830,age_arrondi
Q005831,aucune
Q005832,aucune
Q005833,aucune
Q005834,aucune
Q005835,aucune
Q005836,aucune
Q005837,aucune
Q005838,entretien_rapide
Q005839,aucune
Q005840,age_arrondi
Q005841,gps_reutilise
Q005842,aucune
Q005843,aucune
Q005844,aucune
Q005845,age_arrondi
Q005846,aucune
Q005847,age_arrondi
Q005848,aucune
Q005849,aucune
Q005850,aucune
Q005851,aucune
Q005852,aucune
Q005853,aucune
Q005854,aucune
Q005855,aucune
Q005856,aucune
Q005857,aucune
Q005858,aucune
Q005859,doublon
Q005860,aucune
Q005861,aucune
Q005862,aucune
Q005863,aucune
Q005864,aucune
Q005865,aucune
Q005866,age_arrondi
Q005867,uniformite
Q005868,aucune
Q005869,age_arrondi
Q005870,aucune
Q005871,aucune
Q005872,aucune
Q005873,aucune
Q005874,aucune
Q005875,aucune
Q005876,aucune
Q005877,aucune
Q005878,age_arrondi
Q005879,aucune
Q005880,aucune
Q005881,aucune
Q005882,aucune
Q005883,aucune
Q005884,aucune
Q005885,aucune
Q005886,aucune
Q005887,aucune
Q005888,aucune
Q005889,aucune
Q005890,aucune
Q005891,aucune
Q005892,aucune
Q005893,aucune
Q005894,aucune
Q005895,aucune
Q005896,aucune
Q005897,aucune
Q005898,aucune
Q005899,aucune
Q005900,aucune
Q005901,age_arrondi
Q005902,doublon
Q005903,aucune
Q005904,aucune
Q005905,aucune
Q005906,aucune
Q005907,aucune
Q005908,aucune
Q005909,uniformite
Q005910,aucune
Q005911,aucune
Q005912,aucune
Q005913,aucune
Q005914,age_arrondi
Q005915,aucune
Q005916,aucune
Q005917,aucune
Q005918,aucune
Q005919,gps_reutilise
Q005920,aucune
Q005921,uniformite
Q005922,aucune
Q005923,entretien_rapide
Q005924,aucune
Q005925,aucune
Q005926,aucune
Q005927,aucune
Q005928,aucune
Q005929,uniformite
Q005930,aucune
Q005931,aucune
Q005932,aucune
Q005933,aucune
Q005934,entretien_rapide
Q005935,aucune
Q005936,aucune
Q005937,entretien_rapide
Q005938,aucune
Q005939,aucune
Q005940,aucune
Q005941,aucune
Q005942,aucune
Q005943,aucune
Q005944,aucune
Q005945,aucune
Q005946,aucune
Q005947,aucune
Q005948,aucune
Q005949,age_arrondi
Q005950,aucune
Q005951,aucune
Q005952,gps_reutilise
Q005953,aucune
Q005954,aucune
Q005955,aucune
Q005956,gps_reutilise
Q005957,aucune
Q005958,aucune
Q005959,aucune
Q005960,gps_reutilise
Q005961,aucune
Q005962,aucune
Q005963,age_arrondi
Q005964,aucune
Q005965,aucune
Q005966,aucune
Q005967,aucune
Q005968,aucune
Q005969,aucune
Q005970,age_arrondi
Q005971,aucune
Q005972,aucune
Q005973,aucune
Q005974,aucune
Q005975,aucune
Q005976,aucune
Q005977,age_arrondi
Q005978,gps_reutilise
Q005979,aucune
Q005980,aucune
Q005981,aucune
Q005982,aucune
Q005983,aucune
Q005984,aucune
Q005985,doublon
Q005986,aucune
Q005987,age_arrondi
Q005988,aucune
Q005989,aucune
Q005990,aucune
Q005991,aucune
Q005992,doublon
Q005993,age_arrondi
Q005994,aucune
Q005995,aucune
Q005996,aucune
Q005997,age_arrondi
Q005998,aucune
Q005999,aucune
Q006000,aucune
Q006001,aucune
Q006002,aucune
Q006003,aucune
Q006004,entretien_rapide
Q006005,aucune
Q006006,aucune
Q006007,aucune
Q006008,age_arrondi
Q006009,aucune
Q006010,aucune
Q006011,aucune
Q006012,aucune
Q006013,aucune
Q006014,aucune
Q006015,aucune
Q006016,aucune
Q006017,aucune
Q006018,aucune
Q006019,aucune
Q006020,aucune
Q006021,aucune
Q006022,aucune
Q006023,aucune
Q006024,aucune
Q006025,aucune
Q006026,aucune
Q006027,aucune
Q006028,aucune
Q006029,aucune
Q006030,aucune
Q006031,aucune
Q006032,aucune
Q006033,aucune
Q006034,aucune
Q006035,aucune
Q006036,aucune
Q006037,aucune
Q006038,aucune
Q006039,aucune
Q006040,age_arrondi
Q006041,aucune
Q006042,aucune
Q006043,gps_reutilise
Q006044,aucune
Q006045,age_arrondi
Q006046,age_arrondi
Q006047,aucune
Q006048,aucune
Q006049,aucune
Q006050,gps_reutilise
Q006051,aucune
Q006052,aucune
Q006053,age_arrondi
Q006054,uniformite
Q006055,aucune
Q006056,aucune
Q006057,aucune
Q006058,aucune
Q006059,aucune
Q006060,aucune
Q006061,aucune
Q006062,aucune
Q006063,aucune
Q006064,aucune
Q006065,aucune
Q006066,aucune
Q006067,aucune
Q006068,aucune
Q006069,aucune
Q006070,aucune
Q006071,aucune
Q006072,aucune
Q006073,aucune
Q006074,aucune
Q006075,aucune
Q006076,age_arrondi
Q006077,gps_reutilise
Q006078,aucune
Q006079,aucune
Q006080,entretien_rapide
Q006081,aucune
Q006082,entretien_rapide
Q006083,aucune
Q006084,aucune
Q006085,aucune
Q006086,aucune
Q006087,aucune
Q006088,aucune
Q006089,aucune
Q006090,aucune
Q006091,uniformite
Q006092,aucune
Q006093,aucune
Q006094,aucune
Q006095,aucune
Q006096,aucune
Q006097,aucune
Q006098,aucune
Q006099,aucune
Q006100,aucune
Q006101,entretien_rapide
Q006102,aucune
Q006103,aucune
Q006104,aucune
Q006105,aucune
Q006106,aucune
Q006107,doublon
Q006108,aucune
Q006109,aucune
Q006110,aucune
Q006111,aucune
Q006112,aucune
Q006113,aucune
Q006114,aucune
Q006115,entretien_rapide
Q006116,aucune
Q006117,aucune
Q006118,uniformite
Q006119,aucune
Q006120,age_arrondi
Q006121,aucune
Q006122,aucune
Q006123,aucune
Q006124,aucune
Q006125,aucune
Q006126,aucune
Q006127,gps_reutilise
Q006128,aucune
Q006129,uniformite
Q006130,aucune
Q006131,aucune
Q006132,aucune
Q006133,age_arrondi
Q006134,aucune
Q006135,aucune
Q006136,aucune
Q006137,aucune
Q006138,aucune
Q006139,aucune
Q006140,aucune
Q006141,aucune
Q006142,aucune
Q006143,aucune
Q006144,aucune
Q006145,aucune
Q006146,age_arrondi
Q006147,aucune
Q006148,aucune
Q006149,aucune
Q006150,aucune
Q006151,aucune
Q006152,aucune
Q006153,age_arrondi
Q006154,aucune
Q006155,aucune
Q006156,gps_reutilise
Q006157,aucune
Q006158,aucune
Q006159,aucune
Q006160,age_arrondi
Q006161,aucune
Q006162,aucune
Q006163,aucune
Q006164,aucune
Q006165,aucune
Q006166,aucune
Q006167,aucune
Q006168,aucune
Q006169,aucune
Q006170,aucune
Q006171,aucune
Q006172,entretien_rapide
Q006173,age_arrondi
Q006174,aucune
Q006175,gps_reutilise
Q006176,aucune
Q006177,aucune
Q006178,aucune
Q006179,aucune
Q006180,aucune
Q006181,aucune
Q006182,entretien_rapide
Q006183,aucune
Q006184,aucune
Q006185,aucune
Q006186,aucune
Q006187,aucune
Q006188,aucune
Q006189,aucune
Q006190,aucune
Q006191,aucune
Q006192,aucune
Q006193,aucune
Q006194,aucune
Q006195,aucune
Q006196,aucune
Q006197,aucune
Q006198,aucune
Q006199,aucune
Q006200,aucune
Q006201,age_arrondi
Q006202,aucune
Q006203,aucune
Q006204,aucune
Q006205,aucune
Q006206,aucune
Q006207,aucune
Q006208,aucune
Q006209,aucune
Q006210,aucune
Q006211,aucune
Q006212,age_arrondi
Q006213,aucune
Q006214,aucune
Q006215,aucune
Q006216,aucune
Q006217,aucune
Q006218,aucune
Q006219,age_arrondi
Q006220,aucune
Q006221,aucune
Q006222,aucune
Q006223,aucune
Q006224,aucune
Q006225,aucune
Q006226,aucune
Q006227,aucune
Q006228,age_arrondi
Q006229,aucune
Q006230,aucune
Q006231,aucune
Q006232,entretien_rapide
Q006233,aucune
Q006234,aucune
Q006235,aucune
Q006236,aucune
Q006237,aucune
Q006238,aucune
Q006239,age_arrondi
Q006240,aucune
Q006241,aucune
Q006242,aucune
Q006243,aucune
Q006244,aucune
Q006245,aucune
Q006246,gps_reutilise
Q006247,aucune
Q006248,aucune
Q006249,aucune
Q006250,aucune
Q006251,aucune
Q006252,age_arrondi
Q006253,aucune
Q006254,aucune
Q006255,aucune
Q006256,aucune
Q006257,aucune
Q006258,uniformite
Q006259,age_arrondi
Q006260,aucune
Q006261,doublon
Q006262,aucune
Q006263,aucune
Q006264,aucune
Q006265,aucune
Q006266,aucune
Q006267,aucune
Q006268,age_arrondi
Q006269,aucune
Q006270,aucune
Q006271,aucune
Q006272,age_arrondi
Q006273,entretien_rapide
Q006274,age_arrondi
Q006275,gps_reutilise
Q006276,aucune
Q006277,doublon
Q006278,aucune
Q006279,aucune
Q006280,aucune
Q006281,aucune
Q006282,age_arrondi
Q006283,aucune
Q006284,aucune
Q006285,aucune
Q006286,aucune
Q006287,aucune
Q006288,aucune
Q006289,aucune
Q006290,aucune
Q006291,aucune
Q006292,doublon
Q006293,aucune
Q006294,aucune
Q006295,aucune
Q006296,aucune
Q006297,aucune
Q006298,aucune
Q006299,aucune
Q006300,aucune
Q006301,aucune
Q006302,age_arrondi
Q006303,aucune
Q006304,aucune
Q006305,entretien_rapide
Q006306,aucune
Q006307,aucune
Q006308,aucune
Q006309,uniformite
Q006310,aucune
Q006311,aucune
Q006312,aucune
Q006313,aucune
Q006314,aucune
Q006315,aucune
Q006316,aucune
Q006317,aucune
Q006318,gps_reutilise
Q006319,aucune
Q006320,aucune
Q006321,aucune
Q006322,aucune
Q006323,aucune
Q006324,aucune
Q006325,gps_reutilise
Q006326,aucune
Q006327,aucune
Q006328,aucune
Q006329,aucune
Q006330,aucune
Q006331,aucune
Q006332,aucune
Q006333,age_arrondi
Q006334,aucune
Q006335,aucune
Q006336,aucune
Q006337,aucune
Q006338,age_arrondi
Q006339,aucune
Q006340,aucune
Q006341,aucune
Q006342,aucune
Q006343,aucune
Q006344,aucune
Q006345,aucune
Q006346,aucune
Q006347,age_arrondi
Q006348,aucune
Q006349,aucune
Q006350,aucune
Q006351,aucune
Q006352,aucune
Q006353,aucune
Q006354,aucune
Q006355,age_arrondi
Q006356,aucune
Q006357,aucune
Q006358,aucune
Q006359,aucune
Q006360,aucune
Q006361,aucune
Q006362,aucune
Q006363,aucune
Q006364,aucune
Q006365,gps_reutilise
Q006366,aucune
Q006367,aucune
Q006368,aucune
Q006369,aucune
Q006370,aucune
Q006371,aucune
Q006372,aucune
Q006373,age_arrondi
Q006374,aucune
Q006375,uniformite
Q006376,age_arrondi
Q006377,aucune
Q006378,aucune
Q006379,aucune
Q006380,aucune
Q006381,aucune
Q006382,aucune
Q006383,aucune
Q006384,aucune
Q006385,aucune
Q006386,aucune
Q006387,aucune
Q006388,aucune
Q006389,aucune
Q006390,gps_reutilise
Q006391,aucune
Q006392,aucune
Q006393,aucune
Q006394,aucune
Q006395,aucune
Q006396,aucune
Q006397,aucune
Q006398,entretien_rapide
Q006399,aucune
Q006400,aucune
Q006401,aucune
Q006402,aucune
Q006403,aucune
Q006404,aucune
Q006405,aucune
Q006406,aucune
Q006407,aucune
Q006408,aucune
Q006409,gps_reutilise
Q006410,aucune
Q006411,aucune
Q006412,aucune
Q006413,gps_reutilise
Q006414,aucune
Q006415,aucune
Q006416,aucune
Q006417,aucune
Q006418,age_arrondi
Q006419,age_arrondi
Q006420,aucune
Q006421,aucune
Q006422,aucune
Q006423,aucune
Q006424,aucune
Q006425,aucune
Q006426,entretien_rapide
Q006427,aucune
Q006428,age_arrondi
Q006429,entretien_rapide
Q006430,aucune
Q006431,aucune
Q006432,aucune
Q006433,aucune
Q006434,aucune
Q006435,entretien_rapide
Q006436,aucune
Q006437,aucune
Q006438,aucune
Q006439,aucune
Q006440,aucune
Q006441,aucune
Q006442,aucune
Q006443,aucune
Q006444,aucune
Q006445,aucune
Q006446,aucune
Q006447,aucune
Q006448,aucune
Q006449,aucune
Q006450,aucune
Q006451,aucune
Q006452,aucune
Q006453,aucune
Q006454,aucune
Q006455,aucune
Q006456,aucune
Q006457,aucune
Q006458,aucune
Q006459,aucune
Q006460,aucune
Q006461,aucune
Q006462,aucune
Q006463,aucune
Q006464,aucune
Q006465,aucune
Q006466,entretien_rapide
Q006467,aucune
Q006468,aucune
Q006469,aucune
Q006470,aucune
Q006471,aucune
Q006472,aucune
Q006473,gps_reutilise
Q006474,aucune
Q006475,age_arrondi
Q006476,aucune
Q006477,aucune
Q006478,aucune
Q006479,aucune
Q006480,aucune
Q006481,entretien_rapide
Q006482,age_arrondi
Q006483,aucune
Q006484,aucune
Q006485,aucune
Q006486,aucune
Q006487,aucune
Q006488,aucune
Q006489,aucune
Q006490,aucune
Q006491,aucune
Q006492,aucune
Q006493,age_arrondi
Q006494,uniformite
Q006495,age_arrondi
Q006496,age_arrondi
Q006497,aucune
Q006498,aucune
Q006499,aucune
Q006500,aucune
Q006501,entretien_rapide
Q006502,aucune
Q006503,aucune
Q006504,aucune
Q006505,aucune
Q006506,entretien_rapide
Q006507,age_arrondi
Q006508,entretien_rapide
Q006509,aucune
Q006510,aucune
Q006511,aucune
Q006512,aucune
Q006513,entretien_rapide
Q006514,aucune
Q006515,aucune
Q006516,aucune
Q006517,aucune
Q006518,aucune
Q006519,aucune
Q006520,age_arrondi
Q006521,aucune
Q006522,aucune
Q006523,age_arrondi
Q006524,aucune
Q006525,age_arrondi
Q006526,age_arrondi
Q006527,aucune
Q006528,aucune
Q006529,aucune
Q006530,aucune
Q006531,aucune
Q006532,aucune
Q006533,aucune
Q006534,aucune
Q006535,aucune
Q006536,aucune
Q006537,aucune
Q006538,aucune
Q006539,age_arrondi
Q006540,aucune
Q006541,aucune
Q006542,age_arrondi
Q006543,aucune
Q006544,aucune
Q006545,aucune
Q006546,age_arrondi
Q006547,aucune
Q006548,age_arrondi
Q006549,aucune
Q006550,age_arrondi
Q006551,aucune
Q006552,aucune
Q006553,uniformite
Q006554,aucune
Q006555,aucune
Q006556,aucune
Q006557,aucune
Q006558,age_arrondi
Q006559,aucune
Q006560,aucune
Q006561,aucune
Q006562,aucune
Q006563,aucune
Q006564,aucune
Q006565,aucune
Q006566,aucune
Q006567,aucune
Q006568,aucune
Q006569,aucune
Q006570,aucune
Q006571,aucune
Q006572,aucune
Q006573,aucune
Q006574,aucune
Q006575,aucune
Q006576,aucune
Q006577,aucune
Q006578,aucune
Q006579,aucune
Q006580,aucune
Q006581,aucune
Q006582,aucune
Q006583,aucune
Q006584,aucune
Q006585,aucune
Q006586,aucune
Q006587,aucune
Q006588,aucune
Q006589,aucune
Q006590,aucune
Q006591,aucune
Q006592,aucune
Q006593,aucune
Q006594,aucune
Q006595,aucune
Q006596,aucune
Q006597,aucune
Q006598,aucune
Q006599,aucune
Q006600,entretien_rapide
Q006601,aucune
Q006602,aucune
Q006603,aucune
Q006604,aucune
Q006605,gps_reutilise
Q006606,aucune
Q006607,aucune
Q006608,aucune
Q006609,aucune
Q006610,aucune
Q006611,aucune
Q006612,aucune
Q006613,entretien_rapide
Q006614,aucune
Q006615,aucune
Q006616,aucune
Q006617,aucune
Q006618,aucune
Q006619,aucune
Q006620,entretien_rapide
Q006621,aucune
Q006622,aucune
Q006623,aucune
Q006624,aucune
Q006625,aucune
Q006626,aucune
Q006627,aucune
Q006628,aucune
Q006629,aucune
Q006630,aucune
Q006631,aucune
Q006632,aucune
Q006633,aucune
Q006634,aucune
Q006635,aucune
Q006636,aucune
Q006637,aucune
Q006638,aucune
Q006639,aucune
Q006640,aucune
Q006641,aucune
Q006642,aucune
Q006643,aucune
Q006644,age_arrondi
Q006645,aucune
Q006646,aucune
Q006647,aucune
Q006648,age_arrondi
Q006649,aucune
Q006650,aucune
Q006651,aucune
Q006652,aucune
Q006653,aucune
Q006654,aucune
Q006655,aucune
Q006656,age_arrondi
Q006657,aucune
Q006658,aucune
Q006659,aucune
Q006660,aucune
Q006661,aucune
Q006662,aucune
Q006663,aucune
Q006664,aucune
Q006665,aucune
Q006666,aucune
Q006667,aucune
Q006668,aucune
Q006669,aucune
Q006670,age_arrondi
Q006671,aucune
Q006672,aucune
Q006673,age_arrondi
Q006674,aucune
Q006675,aucune
Q006676,aucune
Q006677,aucune
Q006678,aucune
Q006679,age_arrondi
Q006680,aucune
Q006681,aucune
Q006682,aucune
Q006683,aucune
Q006684,aucune
Q006685,aucune
Q006686,aucune
Q006687,aucune
Q006688,aucune
Q006689,aucune
Q006690,aucune
Q006691,aucune
Q006692,aucune
Q006693,doublon
Q006694,aucune
Q006695,aucune
Q006696,entretien_rapide
Q006697,aucune
Q006698,aucune
Q006699,aucune
Q006700,aucune
Q006701,gps_reutilise
Q006702,aucune
Q006703,aucune
Q006704,age_arrondi
Q006705,age_arrondi
Q006706,aucune
Q006707,aucune
Q006708,aucune
Q006709,aucune
Q006710,aucune
Q006711,aucune
Q006712,aucune
Q006713,aucune
Q006714,aucune
Q006715,aucune
Q006716,age_arrondi
Q006717,age_arrondi
Q006718,aucune
Q006719,aucune
Q006720,aucune
Q006721,aucune
Q006722,aucune
Q006723,aucune
Q006724,aucune
Q006725,aucune
Q006726,aucune
Q006727,aucune
Q006728,aucune
Q006729,aucune
Q006730,aucune
Q006731,aucune
Q006732,aucune
Q006733,aucune
Q006734,aucune
Q006735,aucune
Q006736,uniformite
Q006737,aucune
Q006738,aucune
Q006739,gps_reutilise
Q006740,age_arrondi
Q006741,aucune
Q006742,aucune
Q006743,aucune
Q006744,aucune
Q006745,aucune
Q006746,aucune
Q006747,gps_reutilise
Q006748,aucune
Q006749,aucune
Q006750,aucune
Q006751,aucune
Q006752,aucune
Q006753,aucune
Q006754,aucune
Q006755,aucune
Q006756,aucune
Q006757,aucune
Q006758,aucune
Q006759,aucune
Q006760,aucune
Q006761,aucune
Q006762,aucune
Q006763,aucune
Q006764,aucune
Q006765,aucune
Q006766,aucune
Q006767,aucune
Q006768,aucune
Q006769,entretien_rapide
Q006770,aucune
Q006771,aucune
Q006772,aucune
Q006773,aucune
Q006774,aucune
Q006775,aucune
Q006776,aucune
Q006777,aucune
Q006778,aucune
Q006779,aucune
Q006780,aucune
Q006781,aucune
Q006782,aucune
Q006783,age_arrondi
Q006784,aucune
Q006785,aucune
Q006786,age_arrondi
Q006787,age_arrondi
Q006788,aucune
Q006789,uniformite
Q006790,age_arrondi
Q006791,age_arrondi
Q006792,aucune
Q006793,aucune
Q006794,aucune
Q006795,aucune
Q006796,aucune
Q006797,aucune
Q006798,aucune
Q006799,doublon
Q006800,aucune
Q006801,aucune
Q006802,aucune
Q006803,aucune
Q006804,aucune
Q006805,aucune
Q006806,entretien_rapide
Q006807,aucune
Q006808,aucune
Q006809,aucune
Q006810,aucune
Q006811,aucune
Q006812,aucune
Q006813,aucune
Q006814,aucune
Q006815,aucune
Q006816,aucune
Q006817,aucune
Q006818,uniformite
Q006819,aucune
Q006820,aucune
Q006821,age_arrondi
Q006822,aucune
Q006823,aucune
Q006824,aucune
Q006825,aucune
Q006826,age_arrondi
Q006827,aucune
Q006828,age_arrondi
Q006829,aucune
Q006830,aucune
Q006831,aucune
Q006832,aucune
Q006833,aucune
Q006834,aucune
Q006835,aucune
Q006836,aucune
Q006837,aucune
Q006838,aucune
Q006839,aucune
Q006840,aucune
Q006841,aucune
Q006842,age_arrondi
Q006843,aucune
Q006844,aucune
Q006845,aucune
Q006846,aucune
Q006847,aucune
Q006848,aucune
Q006849,aucune
Q006850,aucune
Q006851,age_arrondi
Q006852,aucune
Q006853,aucune
Q006854,aucune
Q006855,gps_reutilise
Q006856,aucune
Q006857,aucune
Q006858,aucune
Q006859,gps_reutilise
Q006860,aucune
Q006861,aucune
Q006862,aucune
Q006863,aucune
Q006864,aucune
Q006865,aucune
Q006866,aucune
Q006867,aucune
Q006868,aucune
Q006869,age_arrondi
Q006870,aucune
Q006871,uniformite
Q006872,gps_reutilise
Q006873,age_arrondi
Q006874,aucune
Q006875,aucune
Q006876,age_arrondi
Q006877,aucune
Q006878,aucune
Q006879,age_arrondi
Q006880,doublon
Q006881,aucune
Q006882,aucune
Q006883,aucune
Q006884,aucune
Q006885,aucune
Q006886,aucune
Q006887,aucune
Q006888,uniformite
Q006889,aucune
Q006890,aucune
Q006891,aucune
Q006892,age_arrondi
Q006893,aucune
Q006894,aucune
Q006895,aucune
Q006896,aucune
Q006897,aucune
Q006898,aucune
Q006899,aucune
Q006900,aucune
Q006901,aucune
Q006902,aucune
Q006903,aucune
Q006904,aucune
Q006905,aucune
Q006906,aucune
Q006907,age_arrondi
Q006908,age_arrondi
Q006909,aucune
Q006910,aucune
Q006911,aucune
Q006912,aucune
Q006913,aucune
Q006914,aucune
Q006915,aucune
Q006916,aucune
Q006917,aucune
Q006918,aucune
Q006919,aucune
Q006920,aucune
Q006921,aucune
Q006922,aucune
Q006923,aucune
Q006924,entretien_rapide
Q006925,aucune
Q006926,aucune
Q006927,aucune
Q006928,aucune
Q006929,aucune
Q006930,aucune
Q006931,age_arrondi
Q006932,aucune
Q006933,aucune
Q006934,aucune
Q006935,aucune
Q006936,aucune
Q006937,aucune
Q006938,gps_reutilise
Q006939,aucune
Q006940,aucune
Q006941,aucune
Q006942,aucune
Q006943,aucune
Q006944,aucune
Q006945,aucune
Q006946,aucune
Q006947,aucune
Q006948,aucune
Q006949,aucune
Q006950,entretien_rapide
Q006951,aucune
Q006952,uniformite
Q006953,aucune
Q006954,age_arrondi
Q006955,aucune
Q006956,aucune
Q006957,aucune
Q006958,aucune
Q006959,aucune
Q006960,aucune
Q006961,aucune
Q006962,aucune
Q006963,age_arrondi
Q006964,aucune
Q006965,aucune
Q006966,entretien_rapide
Q006967,aucune
Q006968,entretien_rapide
Q006969,aucune
Q006970,aucune
Q006971,aucune
Q006972,aucune
Q006973,aucune
Q006974,aucune
Q006975,aucune
Q006976,gps_reutilise
Q006977,aucune
Q006978,aucune
Q006979,age_arrondi
Q006980,aucune
Q006981,aucune
Q006982,aucune
Q006983,aucune
Q006984,aucune
Q006985,aucune
Q006986,aucune
Q006987,age_arrondi
Q006988,aucune
Q006989,aucune
Q006990,aucune
Q006991,aucune
Q006992,aucune
Q006993,aucune
Q006994,aucune
Q006995,aucune
Q006996,aucune
Q006997,age_arrondi
Q006998,aucune
Q006999,aucune
Q007000,aucune
Q007001,aucune
Q007002,aucune
Q007003,aucune
Q007004,age_arrondi
Q007005,aucune
Q007006,aucune
Q007007,aucune
Q007008,aucune
Q007009,aucune
Q007010,aucune
Q007011,aucune
Q007012,aucune
Q007013,aucune
Q007014,aucune
Q007015,entretien_rapide
Q007016,aucune
Q007017,aucune
Q007018,aucune
Q007019,gps_reutilise
Q007020,aucune
Q007021,aucune
Q007022,age_arrondi
Q007023,age_arrondi
Q007024,aucune
Q007025,aucune
Q007026,aucune
Q007027,doublon
Q007028,aucune
Q007029,entretien_rapide
Q007030,aucune
Q007031,aucune
Q007032,aucune
Q007033,aucune
Q007034,aucune
Q007035,aucune
Q007036,doublon
Q007037,aucune
Q007038,aucune
Q007039,aucune
Q007040,aucune
Q007041,aucune
Q007042,entretien_rapide
Q007043,aucune
Q007044,aucune
Q007045,aucune
Q007046,aucune
Q007047,aucune
Q007048,aucune
Q007049,aucune
Q007050,aucune
Q007051,age_arrondi
Q007052,aucune
Q007053,doublon
Q007054,aucune
Q007055,aucune
Q007056,aucune
Q007057,entretien_rapide
Q007058,aucune
Q007059,aucune
Q007060,aucune
Q007061,aucune
Q007062,aucune
Q007063,aucune
Q007064,aucune
Q007065,aucune
Q007066,gps_reutilise
Q007067,aucune
Q007068,aucune
Q007069,aucune
Q007070,gps_reutilise
Q007071,aucune
Q007072,aucune
Q007073,aucune
Q007074,aucune
Q007075,aucune
Q007076,aucune
Q007077,gps_reutilise
Q007078,aucune
Q007079,aucune
Q007080,aucune
Q007081,gps_reutilise
Q007082,aucune
Q007083,aucune
Q007084,entretien_rapide
Q007085,doublon
Q007086,age_arrondi
Q007087,aucune
Q007088,aucune
Q007089,aucune
Q007090,aucune
Q007091,aucune
Q007092,aucune
Q007093,aucune
Q007094,aucune
Q007095,aucune
Q007096,aucune
Q007097,aucune
Q007098,aucune
Q007099,aucune
Q007100,aucune
Q007101,aucune
Q007102,aucune
Q007103,aucune
Q007104,aucune
Q007105,aucune
Q007106,aucune
Q007107,aucune
Q007108,aucune
Q007109,aucune
Q007110,aucune
Q007111,entretien_rapide
Q007112,age_arrondi
Q007113,aucune
Q007114,aucune
Q007115,aucune
Q007116,aucune
Q007117,aucune
Q007118,aucune
Q007119,aucune
Q007120,age_arrondi
Q007121,entretien_rapide
Q007122,aucune
Q007123,aucune
Q007124,aucune
Q007125,gps_reutilise
Q007126,aucune
Q007127,entretien_rapide
Q007128,aucune
Q007129,age_arrondi
Q007130,aucune
Q007131,aucune
Q007132,entretien_rapide
Q007133,age_arrondi
Q007134,aucune
Q007135,aucune
Q007136,aucune
Q007137,age_arrondi
Q007138,aucune
Q007139,aucune
Q007140,aucune
Q007141,aucune
Q007142,aucune
Q007143,aucune
Q007144,gps_reutilise
Q007145,aucune
Q007146,aucune
Q007147,aucune
Q007148,aucune
Q007149,aucune
Q007150,aucune
Q007151,gps_reutilise
Q007152,aucune
Q007153,aucune
Q007154,aucune
Q007155,aucune
Q007156,aucune
Q007157,aucune
Q007158,aucune
Q007159,aucune
Q007160,aucune
Q007161,aucune
Q007162,aucune
Q007163,aucune
Q007164,aucune
Q007165,aucune
Q007166,aucune
Q007167,aucune
Q007168,aucune
Q007169,aucune
Q007170,aucune
Q007171,aucune
Q007172,aucune
Q007173,aucune
Q007174,aucune
Q007175,aucune
Q007176,aucune
Q007177,aucune
Q007178,aucune
Q007179,age_arrondi
Q007180,aucune
Q007181,aucune
Q007182,gps_reutilise
Q007183,aucune
Q007184,aucune
Q007185,aucune
Q007186,aucune
Q007187,aucune
Q007188,aucune
Q007189,aucune
Q007190,uniformite
Q007191,aucune
Q007192,aucune
Q007193,aucune
Q007194,age_arrondi
Q007195,aucune
Q007196,age_arrondi
Q007197,aucune
Q007198,aucune
Q007199,doublon
Q007200,aucune
Q007201,age_arrondi
Q007202,aucune
Q007203,aucune
Q007204,doublon
Q007205,aucune
Q007206,aucune
Q007207,age_arrondi
Q007208,aucune
Q007209,age_arrondi
Q007210,aucune
Q007211,aucune
Q007212,aucune
Q007213,entretien_rapide
Q007214,aucune
Q007215,aucune
Q007216,age_arrondi
Q007217,aucune
Q007218,aucune
Q007219,aucune
Q007220,aucune
Q007221,aucune
Q007222,aucune
Q007223,aucune
Q007224,aucune
Q007225,aucune
Q007226,aucune
Q007227,aucune
Q007228,aucune
Q007229,entretien_rapide
Q007230,aucune
Q007231,age_arrondi
Q007232,aucune
Q007233,aucune
Q007234,aucune
Q007235,aucune
Q007236,aucune
Q007237,aucune
Q007238,gps_reutilise
Q007239,aucune
Q007240,gps_reutilise
Q007241,aucune
Q007242,aucune
Q007243,aucune
Q007244,aucune
Q007245,aucune
Q007246,aucune
Q007247,aucune
Q007248,aucune
Q007249,aucune
Q007250,age_arrondi
Q007251,age_arrondi
Q007252,aucune
Q007253,aucune
Q007254,aucune
Q007255,aucune
Q007256,aucune
Q007257,aucune
Q007258,aucune
Q007259,aucune
Q007260,aucune
Q007261,aucune
Q007262,aucune
Q007263,aucune
Q007264,aucune
Q007265,aucune
Q007266,aucune
Q007267,gps_reutilise
Q007268,age_arrondi
Q007269,aucune
Q007270,aucune
Q007271,aucune
Q007272,aucune
Q007273,aucune
Q007274,aucune
Q007275,aucune
Q007276,aucune
Q007277,aucune
Q007278,aucune
Q007279,aucune
Q007280,aucune
Q007281,aucune
Q007282,aucune
Q007283,aucune
Q007284,aucune
Q007285,aucune
Q007286,gps_reutilise
Q007287,aucune
Q007288,aucune
Q007289,aucune
Q007290,aucune
Q007291,aucune
Q007292,entretien_rapide
Q007293,aucune
Q007294,aucune
Q007295,aucune
Q007296,aucune
Q007297,aucune
Q007298,aucune
Q007299,aucune
Q007300,aucune
Q007301,aucune
Q007302,aucune
Q007303,aucune
Q007304,aucune
Q007305,aucune
Q007306,age_arrondi
Q007307,aucune
Q007308,aucune
Q007309,aucune
Q007310,aucune
Q007311,aucune
Q007312,aucune
Q007313,aucune
Q007314,aucune
Q007315,aucune
Q007316,aucune
Q007317,aucune
Q007318,entretien_rapide
Q007319,uniformite
Q007320,aucune
Q007321,aucune
Q007322,aucune
Q007323,aucune
Q007324,aucune
Q007325,aucune
Q007326,aucune
Q007327,aucune
Q007328,aucune
Q007329,age_arrondi
Q007330,aucune
Q007331,aucune
Q007332,entretien_rapide
Q007333,aucune
Q007334,aucune
Q007335,age_arrondi
Q007336,aucune
Q007337,aucune
Q007338,age_arrondi
Q007339,aucune
Q007340,aucune
Q007341,aucune
Q007342,aucune
Q007343,aucune
Q007344,aucune
Q007345,aucune
Q007346,aucune
Q007347,aucune
Q007348,aucune
Q007349,aucune
Q007350,aucune
Q007351,doublon
Q007352,age_arrondi
Q007353,aucune
Q007354,aucune
Q007355,aucune
Q007356,gps_reutilise
Q007357,aucune
Q007358,entretien_rapide
Q007359,aucune
Q007360,aucune
Q007361,aucune
Q007362,aucune
Q007363,age_arrondi
Q007364,entretien_rapide
Q007365,aucune
Q007366,aucune
Q007367,aucune
Q007368,aucune
Q007369,entretien_rapide
Q007370,aucune
Q007371,entretien_rapide
Q007372,aucune
Q007373,aucune
Q007374,age_arrondi
Q007375,aucune
Q007376,aucune
Q007377,aucune
Q007378,aucune
Q007379,aucune
Q007380,aucune
Q007381,aucune
Q007382,aucune
Q007383,age_arrondi
Q007384,aucune
Q007385,uniformite
Q007386,aucune
Q007387,aucune
Q007388,aucune
Q007389,age_arrondi
Q007390,aucune
Q007391,entretien_rapide
Q007392,age_arrondi
Q007393,aucune
Q007394,aucune
Q007395,aucune
Q007396,aucune
Q007397,aucune
Q007398,aucune
Q007399,aucune
Q007400,aucune
Q007401,uniformite
Q007402,aucune
Q007403,aucune
Q007404,aucune
Q007405,aucune
Q007406,aucune
Q007407,aucune
Q007408,aucune
Q007409,age_arrondi
Q007410,aucune
Q007411,age_arrondi
Q007412,aucune
Q007413,aucune
Q007414,gps_reutilise
Q007415,aucune
Q007416,aucune
Q007417,aucune
Q007418,aucune
Q007419,aucune
Q007420,aucune
Q007421,aucune
Q007422,aucune
Q007423,entretien_rapide
Q007424,aucune
Q007425,age_arrondi
Q007426,aucune
Q007427,aucune
Q007428,aucune
Q007429,aucune
Q007430,entretien_rapide
Q007431,aucune
Q007432,entretien_rapide
Q007433,aucune
Q007434,aucune
Q007435,age_arrondi
Q007436,aucune
Q007437,aucune
Q007438,aucune
Q007439,aucune
Q007440,aucune
Q007441,aucune
Q007442,age_arrondi
Q007443,aucune
Q007444,aucune
Q007445,aucune
Q007446,aucune
Q007447,aucune
Q007448,aucune
Q007449,aucune
Q007450,aucune
Q007451,aucune
Q007452,aucune
Q007453,entretien_rapide
Q007454,aucune
Q007455,aucune
Q007456,aucune
Q007457,aucune
Q007458,aucune
Q007459,aucune
Q007460,aucune
Q007461,age_arrondi
Q007462,aucune
Q007463,aucune
Q007464,aucune
Q007465,aucune
Q007466,aucune
Q007467,aucune
Q007468,uniformite
Q007469,aucune
Q007470,aucune
Q007471,aucune
Q007472,age_arrondi
Q007473,aucune
Q007474,aucune
Q007475,aucune
Q007476,aucune
Q007477,gps_reutilise
Q007478,gps_reutilise
Q007479,aucune
Q007480,age_arrondi
Q007481,aucune
Q007482,aucune
Q007483,aucune
Q007484,aucune
Q007485,aucune
Q007486,entretien_rapide
Q007487,aucune
Q007488,aucune
Q007489,aucune
Q007490,aucune
Q007491,aucune
Q007492,aucune
Q007493,uniformite
Q007494,aucune
Q007495,aucune
Q007496,aucune
Q007497,aucune
Q007498,aucune
Q007499,uniformite
Q007500,aucune
Q007501,aucune
Q007502,aucune
Q007503,aucune
Q007504,aucune
Q007505,aucune
Q007506,aucune
Q007507,aucune
Q007508,aucune
Q007509,aucune
Q007510,aucune
Q007511,aucune
Q007512,aucune
Q007513,aucune
Q007514,aucune
Q007515,aucune
Q007516,aucune
Q007517,aucune
Q007518,aucune
Q007519,aucune
Q007520,aucune
Q007521,aucune
Q007522,aucune
Q007523,aucune
Q007524,entretien_rapide
Q007525,aucune
Q007526,aucune
Q007527,aucune
Q007528,aucune
Q007529,aucune
Q007530,aucune
Q007531,aucune
Q007532,aucune
Q007533,aucune
Q007534,aucune
Q007535,uniformite
Q007536,aucune
Q007537,aucune
Q007538,aucune
Q007539,aucune
Q007540,aucune
Q007541,aucune
Q007542,aucune
Q007543,aucune
Q007544,aucune
Q007545,aucune
Q007546,aucune
Q007547,aucune
Q007548,aucune
Q007549,aucune
Q007550,gps_reutilise
Q007551,aucune
Q007552,aucune
Q007553,aucune
Q007554,aucune
Q007555,aucune
Q007556,gps_reutilise
Q007557,aucune
Q007558,aucune
Q007559,aucune
Q007560,aucune
Q007561,aucune
Q007562,aucune
Q007563,aucune
Q007564,aucune
Q007565,aucune
Q007566,aucune
Q007567,aucune
Q007568,aucune
Q007569,gps_reutilise
Q007570,aucune
Q007571,entretien_rapide
Q007572,aucune
Q007573,aucune
Q007574,aucune
Q007575,aucune
Q007576,gps_reutilise
Q007577,aucune
Q007578,aucune
Q007579,age_arrondi
Q007580,aucune
Q007581,aucune
Q007582,aucune
Q007583,aucune
Q007584,aucune
Q007585,aucune
Q007586,aucune
Q007587,aucune
Q007588,aucune
Q007589,aucune
Q007590,aucune
Q007591,aucune
Q007592,aucune
Q007593,aucune
Q007594,aucune
Q007595,aucune
Q007596,entretien_rapide
Q007597,aucune
Q007598,aucune
Q007599,aucune
Q007600,aucune
Q007601,aucune
Q007602,aucune
Q007603,aucune
Q007604,aucune
Q007605,aucune
Q007606,aucune
Q007607,age_arrondi
Q007608,aucune
Q007609,aucune
Q007610,aucune
Q007611,aucune
Q007612,aucune
Q007613,aucune
Q007614,aucune
Q007615,age_arrondi
Q007616,aucune
Q007617,aucune
Q007618,aucune
Q007619,aucune
Q007620,aucune
Q007621,aucune
Q007622,aucune
Q007623,aucune
Q007624,aucune
Q007625,aucune
Q007626,age_arrondi
Q007627,age_arrondi
Q007628,aucune
Q007629,aucune
Q007630,aucune
Q007631,aucune
Q007632,aucune
Q007633,aucune
Q007634,aucune
Q007635,gps_reutilise
Q007636,aucune
Q007637,aucune
Q007638,aucune
Q007639,aucune
Q007640,aucune
Q007641,aucune
Q007642,aucune
Q007643,age_arrondi
Q007644,aucune
Q007645,aucune
Q007646,aucune
Q007647,aucune
Q007648,aucune
Q007649,aucune
Q007650,age_arrondi
Q007651,aucune
Q007652,aucune
Q007653,aucune
Q007654,aucune
Q007655,aucune
Q007656,aucune
Q007657,aucune
Q007658,aucune
Q007659,aucune
Q007660,aucune
Q007661,aucune
Q007662,aucune
Q007663,age_arrondi
Q007664,aucune
Q007665,aucune
Q007666,aucune
Q007667,aucune
Q007668,aucune
Q007669,aucune
Q007670,aucune
Q007671,aucune
Q007672,age_arrondi
Q007673,aucune
Q007674,entretien_rapide
Q007675,age_arrondi
Q007676,age_arrondi
Q007677,age_arrondi
Q007678,aucune
Q007679,aucune
Q007680,aucune
Q007681,aucune
Q007682,aucune
Q007683,aucune
Q007684,aucune
Q007685,age_arrondi
Q007686,aucune
Q007687,aucune
Q007688,aucune
Q007689,age_arrondi
Q007690,aucune
Q007691,aucune
Q007692,aucune
Q007693,aucune
Q007694,aucune
Q007695,aucune
Q007696,aucune
Q007697,aucune
Q007698,aucune
Q007699,aucune
Q007700,aucune
Q007701,aucune
Q007702,aucune
Q007703,age_arrondi
Q007704,aucune
Q007705,aucune
Q007706,aucune
Q007707,aucune
Q007708,uniformite
Q007709,aucune
Q007710,aucune
Q007711,age_arrondi
Q007712,aucune
Q007713,aucune
Q007714,aucune
Q007715,age_arrondi
Q007716,aucune
Q007717,aucune
Q007718,aucune
Q007719,aucune
Q007720,aucune
Q007721,entretien_rapide
Q007722,aucune
Q007723,aucune
Q007724,aucune
Q007725,entretien_rapide
Q007726,aucune
Q007727,aucune
Q007728,gps_reutilise
Q007729,aucune
Q007730,aucune
Q007731,doublon
Q007732,aucune
Q007733,aucune
Q007734,aucune
Q007735,aucune
Q007736,aucune
Q007737,aucune
Q007738,aucune
Q007739,aucune
Q007740,aucune
Q007741,aucune
Q007742,aucune
Q007743,aucune
Q007744,aucune
Q007745,aucune
Q007746,aucune
Q007747,aucune
Q007748,entretien_rapide
Q007749,aucune
Q007750,aucune
Q007751,aucune
Q007752,aucune
Q007753,aucune
Q007754,aucune
Q007755,aucune
Q007756,aucune
Q007757,aucune
Q007758,aucune
Q007759,age_arrondi
Q007760,aucune
Q007761,aucune
Q007762,aucune
Q007763,aucune
Q007764,aucune
Q007765,aucune
Q007766,aucune
Q007767,aucune
Q007768,aucune
Q007769,aucune
Q007770,age_arrondi
Q007771,gps_reutilise
Q007772,aucune
Q007773,aucune
Q007774,aucune
Q007775,aucune
Q007776,entretien_rapide
Q007777,aucune
Q007778,gps_reutilise
Q007779,aucune
Q007780,gps_reutilise
Q007781,aucune
Q007782,aucune
Q007783,aucune
Q007784,aucune
Q007785,aucune
Q007786,aucune
Q007787,age_arrondi
Q007788,aucune
Q007789,aucune
Q007790,aucune
Q007791,aucune
Q007792,aucune
Q007793,aucune
Q007794,aucune
Q007795,age_arrondi
Q007796,age_arrondi
Q007797,aucune
Q007798,aucune
Q007799,entretien_rapide
Q007800,age_arrondi
Q007801,gps_reutilise
Q007802,aucune
Q007803,aucune
Q007804,aucune
Q007805,aucune
Q007806,aucune
Q007807,aucune
Q007808,aucune
Q007809,aucune
Q007810,aucune
Q007811,aucune
Q007812,aucune
Q007813,entretien_rapide
Q007814,aucune
Q007815,aucune
Q007816,aucune
Q007817,aucune
Q007818,aucune
Q007819,aucune
Q007820,aucune
Q007821,aucune
Q007822,aucune
Q007823,age_arrondi
Q007824,aucune
Q007825,entretien_rapide
Q007826,aucune
Q007827,aucune
Q007828,uniformite
Q007829,aucune
Q007830,aucune
Q007831,aucune
Q007832,aucune
Q007833,aucune
Q007834,aucune
Q007835,gps_reutilise
Q007836,entretien_rapide
Q007837,aucune
Q007838,aucune
Q007839,aucune
Q007840,aucune
Q007841,aucune
Q007842,aucune
Q007843,aucune
Q007844,aucune
Q007845,aucune
Q007846,aucune
Q007847,aucune
Q007848,entretien_rapide
Q007849,aucune
Q007850,aucune
Q007851,doublon
Q007852,aucune
Q007853,aucune
Q007854,age_arrondi
Q007855,aucune
Q007856,aucune
Q007857,gps_reutilise
Q007858,aucune
Q007859,age_arrondi
Q007860,aucune
Q007861,aucune
Q007862,aucune
Q007863,aucune
Q007864,aucune
Q007865,aucune
Q007866,aucune
Q007867,aucune
Q007868,aucune
Q007869,aucune
Q007870,aucune
Q007871,aucune
Q007872,age_arrondi
Q007873,aucune
Q007874,aucune
Q007875,aucune
Q007876,aucune
Q007877,aucune
Q007878,aucune
Q007879,aucune
Q007880,entretien_rapide
Q007881,aucune
Q007882,age_arrondi
Q007883,age_arrondi
Q007884,aucune
Q007885,aucune
Q007886,aucune
Q007887,aucune
Q007888,aucune
Q007889,aucune
Q007890,age_arrondi
Q007891,aucune
Q007892,age_arrondi
Q007893,gps_reutilise
Q007894,aucune
Q007895,age_arrondi
Q007896,age_arrondi
Q007897,aucune
Q007898,doublon
Q007899,aucune
Q007900,doublon
Q007901,aucune
Q007902,aucune
Q007903,aucune
Q007904,aucune
Q007905,aucune
Q007906,aucune
Q007907,aucune
Q007908,aucune
Q007909,aucune
Q007910,aucune
Q007911,entretien_rapide
Q007912,aucune
Q007913,aucune
Q007914,aucune
Q007915,aucune
Q007916,age_arrondi
Q007917,aucune
Q007918,aucune
Q007919,aucune
Q007920,aucune
Q007921,aucune
Q007922,aucune
Q007923,aucune
Q007924,aucune
Q007925,aucune
Q007926,aucune
Q007927,aucune
Q007928,aucune
Q007929,aucune
Q007930,aucune
Q007931,aucune
Q007932,aucune
Q007933,entretien_rapide
Q007934,aucune
Q007935,aucune
Q007936,aucune
Q007937,aucune
Q007938,aucune
Q007939,aucune
Q007940,aucune
Q007941,aucune
Q007942,aucune
Q007943,aucune
Q007944,aucune
Q007945,age_arrondi
Q007946,uniformite
Q007947,aucune
Q007948,aucune
Q007949,aucune
Q007950,aucune
Q007951,entretien_rapide
Q007952,aucune
Q007953,aucune
Q007954,aucune
Q007955,aucune
Q007956,aucune
Q007957,aucune
Q007958,aucune
Q007959,aucune
Q007960,aucune
Q007961,entretien_rapide
Q007962,aucune
Q007963,aucune
Q007964,aucune
Q007965,aucune
Q007966,aucune
Q007967,aucune
Q007968,aucune
Q007969,aucune
Q007970,aucune
Q007971,aucune
Q007972,aucune
Q007973,aucune
Q007974,aucune
Q007975,age_arrondi
Q007976,aucune
Q007977,aucune
Q007978,aucune
Q007979,aucune
Q007980,aucune
Q007981,aucune
Q007982,aucune
Q007983,aucune
Q007984,aucune
Q007985,aucune
Q007986,aucune
Q007987,aucune
Q007988,aucune
Q007989,aucune
Q007990,aucune
Q007991,aucune
Q007992,aucune
Q007993,aucune
Q007994,aucune
Q007995,aucune
Q007996,age_arrondi
Q007997,aucune
Q007998,aucune
Q007999,aucune
Q008000,aucune
Q008001,aucune
Q008002,aucune
Q008003,aucune
Q008004,aucune
Q008005,aucune
Q008006,aucune
Q008007,doublon
Q008008,aucune
Q008009,age_arrondi
Q008010,aucune
Q008011,aucune
Q008012,aucune
Q008013,aucune
Q008014,aucune
Q008015,aucune
Q008016,aucune
Q008017,aucune
Q008018,aucune
Q008019,aucune
Q008020,aucune
Q008021,aucune
Q008022,age_arrondi
Q008023,aucune
Q008024,aucune
Q008025,aucune
Q008026,aucune
Q008027,aucune
Q008028,aucune
Q008029,aucune
Q008030,age_arrondi
Q008031,aucune
Q008032,aucune
Q008033,aucune
Q008034,aucune
Q008035,aucune
Q008036,aucune
Q008037,age_arrondi
Q008038,aucune
Q008039,aucune
Q008040,gps_reutilise
Q008041,aucune
Q008042,aucune
Q008043,aucune
Q008044,aucune
Q008045,aucune
Q008046,aucune
Q008047,aucune
Q008048,gps_reutilise
Q008049,aucune
Q008050,aucune
Q008051,aucune
Q008052,entretien_rapide
Q008053,age_arrondi
Q008054,aucune
Q008055,aucune
Q008056,aucune
Q008057,aucune
Q008058,aucune
Q008059,uniformite
Q008060,aucune
Q008061,entretien_rapide
Q008062,aucune
Q008063,aucune
Q008064,aucune
Q008065,aucune
Q008066,aucune
Q008067,aucune
Q008068,aucune
Q008069,aucune
Q008070,aucune
Q008071,aucune
Q008072,aucune
Q008073,uniformite
Q008074,aucune
Q008075,uniformite
Q008076,aucune
Q008077,entretien_rapide
Q008078,entretien_rapide
Q008079,age_arrondi
Q008080,aucune
Q008081,aucune
Q008082,aucune
Q008083,aucune
Q008084,aucune
Q008085,aucune
Q008086,aucune
Q008087,aucune
Q008088,aucune
Q008089,aucune
Q008090,aucune
Q008091,aucune
Q008092,aucune
Q008093,aucune
Q008094,aucune
Q008095,aucune
Q008096,aucune
Q008097,aucune
Q008098,aucune
Q008099,aucune
Q008100,age_arrondi
Q008101,aucune
Q008102,aucune
Q008103,aucune
Q008104,aucune
Q008105,aucune
Q008106,aucune
Q008107,aucune
Q008108,aucune
Q008109,aucune
Q008110,aucune
Q008111,aucune
Q008112,aucune
Q008113,age_arrondi
Q008114,aucune
Q008115,aucune
Q008116,aucune
Q008117,aucune
Q008118,aucune
Q008119,doublon
Q008120,aucune
Q008121,aucune
Q008122,aucune
Q008123,age_arrondi
Q008124,aucune
Q008125,aucune
Q008126,aucune
Q008127,aucune
Q008128,aucune
Q008129,aucune
Q008130,aucune
Q008131,aucune
Q008132,aucune
Q008133,aucune
Q008134,aucune
Q008135,aucune
Q008136,aucune
Q008137,aucune
Q008138,aucune
Q008139,aucune
Q008140,aucune
Q008141,aucune
Q008142,aucune
Q008143,aucune
Q008144,age_arrondi
Q008145,aucune
Q008146,aucune
Q008147,aucune
Q008148,aucune
Q008149,aucune
Q008150,aucune
Q008151,age_arrondi
Q008152,aucune
Q008153,aucune
Q008154,aucune
Q008155,aucune
Q008156,aucune
Q008157,aucune
Q008158,aucune
Q008159,aucune
Q008160,aucune
Q008161,aucune
Q008162,aucune
Q008163,entretien_rapide
Q008164,uniformite
Q008165,aucune
Q008166,aucune
Q008167,aucune
Q008168,aucune
Q008169,aucune
Q008170,aucune
Q008171,aucune
Q008172,aucune
Q008173,aucune
Q008174,aucune
Q008175,aucune
Q008176,aucune
Q008177,age_arrondi
Q008178,aucune
Q008179,gps_reutilise
Q008180,entretien_rapide
Q008181,aucune
Q008182,aucune
Q008183,aucune
Q008184,aucune
Q008185,aucune
Q008186,aucune
Q008187,aucune
Q008188,aucune
Q008189,aucune
Q008190,age_arrondi
Q008191,aucune
Q008192,aucune
Q008193,entretien_rapide
Q008194,aucune
Q008195,age_arrondi
Q008196,aucune
Q008197,aucune
Q008198,aucune
Q008199,aucune
Q008200,aucune
Q008201,aucune
Q008202,aucune
Q008203,aucune
Q008204,aucune
Q008205,entretien_rapide
Q008206,aucune
Q008207,aucune
Q008208,aucune
Q008209,aucune
Q008210,aucune
Q008211,aucune
Q008212,aucune
Q008213,age_arrondi
Q008214,aucune
Q008215,aucune
Q008216,aucune
Q008217,aucune
Q008218,aucune
Q008219,aucune
Q008220,doublon
Q008221,entretien_rapide
Q008222,aucune
Q008223,aucune
Q008224,aucune
Q008225,age_arrondi
Q008226,entretien_rapide
Q008227,uniformite
Q008228,aucune
Q008229,aucune
Q008230,aucune
Q008231,aucune
Q008232,aucune
Q008233,aucune
Q008234,age_arrondi
Q008235,uniformite
Q008236,age_arrondi
Q008237,aucune
Q008238,aucune
Q008239,aucune
Q008240,age_arrondi
Q008241,age_arrondi
Q008242,aucune
Q008243,aucune
Q008244,aucune
Q008245,aucune
Q008246,aucune
Q008247,aucune
Q008248,aucune
Q008249,aucune
Q008250,aucune
Q008251,age_arrondi
Q008252,aucune
Q008253,aucune
Q008254,aucune
Q008255,aucune
Q008256,aucune
Q008257,aucune
Q008258,aucune
Q008259,aucune
Q008260,aucune
Q008261,aucune
Q008262,aucune
Q008263,aucune
Q008264,aucune
Q008265,aucune
Q008266,aucune
Q008267,aucune
Q008268,entretien_rapide
Q008269,aucune
Q008270,aucune
Q008271,aucune
Q008272,aucune
Q008273,entretien_rapide
Q008274,aucune
Q008275,aucune
Q008276,aucune
Q008277,aucune
Q008278,aucune
Q008279,aucune
Q008280,aucune
Q008281,aucune
Q008282,aucune
Q008283,aucune
Q008284,aucune
Q008285,aucune
Q008286,aucune
Q008287,aucune
Q008288,aucune
Q008289,age_arrondi
Q008290,gps_reutilise
Q008291,aucune
Q008292,aucune
Q008293,aucune
Q008294,aucune
Q008295,aucune
Q008296,aucune
Q008297,aucune
Q008298,aucune
Q008299,aucune
Q008300,aucune
Q008301,aucune
Q008302,age_arrondi
Q008303,aucune
Q008304,aucune
Q008305,aucune
Q008306,aucune
Q008307,aucune
Q008308,aucune
Q008309,aucune
Q008310,age_arrondi
Q008311,gps_reutilise
Q008312,aucune
Q008313,aucune
Q008314,aucune
Q008315,aucune
Q008316,aucune
Q008317,aucune
Q008318,aucune
Q008319,aucune
Q008320,aucune
Q008321,aucune
Q008322,aucune
Q008323,uniformite
Q008324,aucune
Q008325,aucune
Q008326,aucune
Q008327,aucune
Q008328,aucune
Q008329,aucune
Q008330,doublon
Q008331,aucune
Q008332,aucune
Q008333,aucune
Q008334,aucune
Q008335,aucune
Q008336,aucune
Q008337,aucune
Q008338,aucune
Q008339,aucune
Q008340,aucune
Q008341,aucune
Q008342,age_arrondi
Q008343,aucune
Q008344,aucune
Q008345,aucune
Q008346,aucune
Q008347,aucune
Q008348,age_arrondi
Q008349,aucune
Q008350,aucune
Q008351,aucune
Q008352,aucune
Q008353,aucune
Q008354,aucune
Q008355,aucune
Q008356,age_arrondi
Q008357,aucune
Q008358,aucune
Q008359,aucune
Q008360,aucune
Q008361,aucune
Q008362,aucune
Q008363,aucune
Q008364,aucune
Q008365,entretien_rapide
Q008366,aucune
Q008367,aucune
Q008368,aucune
Q008369,aucune
Q008370,aucune
Q008371,aucune
Q008372,aucune
Q008373,aucune
Q008374,age_arrondi
Q008375,aucune
Q008376,aucune
Q008377,aucune
Q008378,aucune
Q008379,aucune
Q008380,aucune
Q008381,aucune
Q008382,uniformite
Q008383,aucune
Q008384,aucune
Q008385,aucune
Q008386,aucune
Q008387,age_arrondi
Q008388,age_arrondi
Q008389,aucune
Q008390,uniformite
Q008391,aucune
Q008392,aucune
Q008393,aucune
Q008394,aucune
Q008395,aucune
Q008396,entretien_rapide
Q008397,aucune
Q008398,aucune
Q008399,aucune
Q008400,age_arrondi
Q008401,aucune
Q008402,aucune
Q008403,aucune
Q008404,aucune
Q008405,aucune
Q008406,aucune
Q008407,aucune
Q008408,aucune
Q008409,aucune
Q008410,aucune
Q008411,aucune
Q008412,aucune
Q008413,gps_reutilise
Q008414,aucune
Q008415,uniformite
Q008416,aucune
Q008417,aucune
Q008418,aucune
Q008419,doublon
Q008420,entretien_rapide
Q008421,aucune
Q008422,aucune
Q008423,aucune
Q008424,aucune
Q008425,aucune
Q008426,aucune
Q008427,aucune
Q008428,aucune
Q008429,aucune
Q008430,aucune
Q008431,aucune
Q008432,aucune
Q008433,age_arrondi
Q008434,aucune
Q008435,aucune
Q008436,aucune
Q008437,aucune
Q008438,aucune
Q008439,aucune
Q008440,aucune
Q008441,entretien_rapide
Q008442,aucune
Q008443,aucune
Q008444,aucune
Q008445,aucune
Q008446,aucune
Q008447,aucune
Q008448,aucune
Q008449,aucune
Q008450,entretien_rapide
Q008451,aucune
Q008452,aucune
Q008453,aucune
Q008454,aucune
Q008455,aucune
Q008456,aucune
Q008457,aucune
Q008458,aucune
Q008459,aucune
Q008460,aucune
Q008461,aucune
Q008462,aucune
Q008463,aucune
Q008464,aucune
Q008465,aucune
Q008466,aucune
Q008467,aucune
Q008468,aucune
Q008469,aucune
Q008470,doublon
Q008471,aucune
Q008472,aucune
Q008473,aucune
Q008474,aucune
Q008475,aucune
Q008476,aucune
Q008477,aucune
Q008478,aucune
Q008479,aucune
Q008480,aucune
Q008481,gps_reutilise
Q008482,aucune
Q008483,age_arrondi
Q008484,aucune
Q008485,aucune
Q008486,aucune
Q008487,aucune
Q008488,gps_reutilise
Q008489,aucune
Q008490,doublon
Q008491,age_arrondi
Q008492,aucune
Q008493,aucune
Q008494,age_arrondi
Q008495,aucune
Q008496,aucune
Q008497,aucune
Q008498,aucune
Q008499,age_arrondi
Q008500,aucune
Q008501,aucune
Q008502,aucune
Q008503,aucune
Q008504,aucune
Q008505,aucune
Q008506,aucune
Q008507,aucune
Q008508,aucune
Q008509,aucune
Q008510,aucune
Q008511,aucune
Q008512,aucune
Q008513,aucune
Q008514,aucune
Q008515,aucune
Q008516,aucune
Q008517,aucune
Q008518,aucune
Q008519,aucune
Q008520,aucune
Q008521,aucune
Q008522,aucune
Q008523,aucune
Q008524,aucune
Q008525,aucune
Q008526,aucune
Q008527,aucune
Q008528,aucune
Q008529,age_arrondi
Q008530,aucune
Q008531,aucune
Q008532,aucune
Q008533,aucune
Q008534,age_arrondi
Q008535,aucune
Q008536,aucune
Q008537,aucune
Q008538,gps_reutilise
Q008539,aucune
Q008540,aucune
Q008541,aucune
Q008542,aucune
Q008543,aucune
Q008544,aucune
Q008545,age_arrondi
Q008546,aucune
Q008547,aucune
Q008548,aucune
Q008549,aucune
Q008550,aucune
Q008551,aucune
Q008552,age_arrondi
Q008553,aucune
Q008554,aucune
Q008555,aucune
Q008556,aucune
Q008557,aucune
Q008558,aucune
Q008559,aucune
Q008560,aucune
Q008561,aucune
Q008562,aucune
Q008563,aucune
Q008564,aucune
Q008565,aucune
Q008566,aucune
Q008567,aucune
Q008568,aucune
Q008569,aucune
Q008570,aucune
Q008571,uniformite
Q008572,aucune
Q008573,aucune
Q008574,aucune
Q008575,aucune
Q008576,aucune
Q008577,aucune
Q008578,aucune
Q008579,aucune
Q008580,aucune
Q008581,aucune
Q008582,aucune
Q008583,aucune
Q008584,aucune
Q008585,aucune
Q008586,aucune
Q008587,aucune
Q008588,age_arrondi
Q008589,aucune
Q008590,aucune
Q008591,aucune
Q008592,aucune
Q008593,aucune
Q008594,aucune
Q008595,age_arrondi
Q008596,aucune
Q008597,aucune
Q008598,age_arrondi
Q008599,aucune
Q008600,aucune
Q008601,aucune
Q008602,aucune
Q008603,age_arrondi
Q008604,aucune
Q008605,aucune
Q008606,aucune
Q008607,aucune
Q008608,aucune
Q008609,aucune
Q008610,age_arrondi
Q008611,age_arrondi
Q008612,aucune
Q008613,aucune
Q008614,aucune
Q008615,aucune
Q008616,aucune
Q008617,aucune
Q008618,aucune
Q008619,aucune
Q008620,aucune
Q008621,aucune
Q008622,aucune
Q008623,aucune
Q008624,aucune
Q008625,aucune
Q008626,aucune
Q008627,aucune
Q008628,age_arrondi
Q008629,aucune
Q008630,aucune
Q008631,aucune
Q008632,aucune
Q008633,aucune
Q008634,aucune
Q008635,aucune
Q008636,doublon
Q008637,age_arrondi
Q008638,aucune
Q008639,aucune
Q008640,aucune
Q008641,aucune
Q008642,aucune
Q008643,aucune
Q008644,doublon
Q008645,aucune
Q008646,entretien_rapide
Q008647,aucune
Q008648,aucune
Q008649,aucune
Q008650,aucune
Q008651,aucune
Q008652,aucune
Q008653,aucune
Q008654,aucune
Q008655,aucune
Q008656,aucune
Q008657,aucune
Q008658,aucune
Q008659,aucune
Q008660,aucune
Q008661,aucune
Q008662,aucune
Q008663,aucune
Q008664,aucune
Q008665,aucune
Q008666,aucune
Q008667,age_arrondi
Q008668,aucune
Q008669,aucune
Q008670,aucune
Q008671,aucune
Q008672,aucune
Q008673,aucune
Q008674,aucune
Q008675,aucune
Q008676,aucune
Q008677,aucune
Q008678,aucune
Q008679,gps_reutilise
Q008680,aucune
Q008681,aucune
Q008682,age_arrondi
Q008683,aucune
Q008684,aucune
Q008685,aucune
Q008686,aucune
Q008687,aucune
Q008688,aucune
Q008689,aucune
Q008690,aucune
Q008691,aucune
Q008692,aucune
Q008693,aucune
Q008694,aucune
Q008695,aucune
Q008696,aucune
Q008697,aucune
Q008698,age_arrondi
Q008699,aucune
Q008700,aucune
Q008701,gps_reutilise
Q008702,aucune
Q008703,aucune
Q008704,aucune
Q008705,gps_reutilise
Q008706,gps_reutilise
Q008707,aucune
Q008708,aucune
Q008709,age_arrondi
Q008710,aucune
Q008711,aucune
Q008712,aucune
Q008713,aucune
Q008714,aucune
Q008715,aucune
Q008716,aucune
Q008717,aucune
Q008718,aucune
Q008719,gps_reutilise
Q008720,aucune
Q008721,aucune
Q008722,aucune
Q008723,doublon
Q008724,aucune
Q008725,aucune
Q008726,aucune
Q008727,aucune
Q008728,aucune
Q008729,aucune
Q008730,aucune
Q008731,aucune
Q008732,age_arrondi
Q008733,aucune
Q008734,gps_reutilise
Q008735,aucune
Q008736,aucune
Q008737,aucune
Q008738,aucune
Q008739,aucune
Q008740,entretien_rapide
Q008741,aucune
Q008742,age_arrondi
Q008743,aucune
Q008744,aucune
Q008745,aucune
Q008746,aucune
Q008747,aucune
Q008748,aucune
Q008749,aucune
Q008750,uniformite
Q008751,aucune
Q008752,aucune
Q008753,aucune
Q008754,aucune
Q008755,aucune
Q008756,aucune
Q008757,aucune
Q008758,aucune
Q008759,aucune
Q008760,aucune
Q008761,aucune
Q008762,age_arrondi
Q008763,aucune
Q008764,aucune
Q008765,aucune
Q008766,aucune
Q008767,aucune
Q008768,aucune
Q008769,uniformite
Q008770,aucune
Q008771,aucune
Q008772,age_arrondi
Q008773,aucune
Q008774,aucune
Q008775,aucune
Q008776,aucune
Q008777,aucune
Q008778,aucune
Q008779,aucune
Q008780,age_arrondi
Q008781,aucune
Q008782,entretien_rapide
Q008783,aucune
Q008784,aucune
Q008785,aucune
Q008786,aucune
Q008787,aucune
Q008788,aucune
Q008789,aucune
Q008790,aucune
Q008791,aucune
Q008792,aucune
Q008793,aucune
Q008794,aucune
Q008795,aucune
Q008796,aucune
Q008797,age_arrondi
Q008798,aucune
Q008799,aucune
Q008800,aucune
Q008801,aucune
Q008802,aucune
Q008803,aucune
Q008804,aucune
Q008805,aucune
Q008806,age_arrondi
Q008807,aucune
Q008808,aucune
Q008809,aucune
Q008810,aucune
Q008811,aucune
Q008812,doublon
Q008813,aucune
Q008814,aucune
Q008815,aucune
Q008816,entretien_rapide
Q008817,entretien_rapide
Q008818,aucune
Q008819,entretien_rapide
Q008820,age_arrondi
Q008821,age_arrondi
Q008822,aucune
Q008823,aucune
Q008824,age_arrondi
Q008825,aucune
Q008826,aucune
Q008827,aucune
Q008828,aucune
Q008829,aucune
Q008830,aucune
Q008831,aucune
Q008832,aucune
Q008833,age_arrondi
Q008834,aucune
Q008835,entretien_rapide
Q008836,aucune
Q008837,aucune
Q008838,aucune
Q008839,aucune
Q008840,aucune
Q008841,entretien_rapide
Q008842,aucune
Q008843,aucune
Q008844,aucune
Q008845,aucune
Q008846,aucune
Q008847,age_arrondi
Q008848,aucune
Q008849,aucune
Q008850,aucune
Q008851,aucune
Q008852,aucune
Q008853,aucune
Q008854,aucune
Q008855,aucune
Q008856,aucune
Q008857,age_arrondi
Q008858,aucune
Q008859,aucune
Q008860,aucune
Q008861,aucune
Q008862,entretien_rapide
Q008863,aucune
Q008864,aucune
Q008865,aucune
Q008866,gps_reutilise
Q008867,aucune
Q008868,aucune
Q008869,aucune
Q008870,aucune
Q008871,aucune
Q008872,aucune
Q008873,age_arrondi
Q008874,aucune
Q008875,aucune
Q008876,aucune
Q008877,aucune
Q008878,aucune
Q008879,entretien_rapide
Q008880,uniformite
Q008881,aucune
Q008882,age_arrondi
Q008883,aucune
Q008884,aucune
Q008885,aucune
Q008886,aucune
Q008887,aucune
Q008888,aucune
Q008889,aucune
Q008890,aucune
Q008891,aucune
Q008892,aucune
Q008893,aucune
Q008894,aucune
Q008895,aucune
Q008896,aucune
Q008897,aucune
Q008898,aucune
Q008899,uniformite
Q008900,aucune
Q008901,doublon
Q008902,aucune
Q008903,aucune
Q008904,aucune
Q008905,aucune
Q008906,aucune
Q008907,age_arrondi
Q008908,gps_reutilise
Q008909,aucune
Q008910,aucune
Q008911,aucune
Q008912,aucune
Q008913,aucune
Q008914,aucune
Q008915,aucune
Q008916,aucune
Q008917,aucune
Q008918,aucune
Q008919,aucune
Q008920,aucune
Q008921,aucune
Q008922,age_arrondi
Q008923,aucune
Q008924,aucune
Q008925,aucune
Q008926,aucune
Q008927,aucune
Q008928,aucune
Q008929,aucune
Q008930,aucune
Q008931,aucune
Q008932,aucune
Q008933,aucune
Q008934,age_arrondi
Q008935,aucune
Q008936,aucune
Q008937,aucune
Q008938,aucune
Q008939,aucune
Q008940,aucune
Q008941,aucune
Q008942,aucune
Q008943,aucune
Q008944,aucune
Q008945,aucune
Q008946,aucune
Q008947,aucune
Q008948,aucune
Q008949,aucune
Q008950,aucune
Q008951,age_arrondi
Q008952,aucune
Q008953,aucune
Q008954,aucune
Q008955,aucune
Q008956,aucune
Q008957,aucune
Q008958,aucune
Q008959,aucune
Q008960,aucune
Q008961,aucune
Q008962,aucune
Q008963,aucune
Q008964,aucune
Q008965,aucune
Q008966,aucune
Q008967,aucune
Q008968,aucune
Q008969,aucune
Q008970,aucune
Q008971,gps_reutilise
Q008972,aucune
Q008973,aucune
Q008974,aucune
Q008975,age_arrondi
Q008976,aucune
Q008977,aucune
Q008978,age_arrondi
Q008979,age_arrondi
Q008980,aucune
Q008981,aucune
Q008982,aucune
Q008983,aucune
Q008984,aucune
Q008985,aucune
Q008986,aucune
Q008987,aucune
Q008988,aucune
Q008989,aucune
Q008990,age_arrondi
Q008991,aucune
Q008992,doublon
Q008993,age_arrondi
Q008994,aucune
Q008995,aucune
Q008996,aucune
Q008997,aucune
Q008998,aucune
Q008999,age_arrondi
Q009000,aucune
Q009001,aucune
Q009002,aucune
Q009003,aucune
Q009004,aucune
Q009005,aucune
Q009006,aucune
Q009007,aucune
Q009008,aucune
Q009009,aucune
Q009010,doublon
Q009011,aucune
Q009012,aucune
Q009013,aucune
Q009014,aucune
Q009015,aucune
Q009016,aucune
Q009017,age_arrondi
Q009018,age_arrondi
Q009019,aucune
Q009020,gps_reutilise
Q009021,aucune
Q009022,aucune
Q009023,aucune
Q009024,aucune
Q009025,age_arrondi
Q009026,aucune
Q009027,aucune
Q009028,uniformite
Q009029,aucune
Q009030,aucune
Q009031,aucune
Q009032,aucune
Q009033,aucune
Q009034,aucune
Q009035,aucune
Q009036,aucune
Q009037,doublon
Q009038,age_arrondi
Q009039,aucune
Q009040,aucune
Q009041,aucune
Q009042,aucune
Q009043,aucune
Q009044,aucune
Q009045,age_arrondi
Q009046,aucune
Q009047,aucune
Q009048,age_arrondi
Q009049,aucune
Q009050,aucune
Q009051,aucune
Q009052,aucune
Q009053,aucune
Q009054,aucune
Q009055,aucune
Q009056,aucune
Q009057,aucune
Q009058,aucune
Q009059,aucune
Q009060,aucune
Q009061,aucune
Q009062,aucune
Q009063,aucune
Q009064,aucune
Q009065,aucune
Q009066,aucune
Q009067,aucune
Q009068,aucune
Q009069,aucune
Q009070,aucune
Q009071,doublon
Q009072,aucune
Q009073,aucune
Q009074,aucune
Q009075,aucune
Q009076,aucune
Q009077,aucune
Q009078,aucune
Q009079,aucune
Q009080,aucune
Q009081,aucune
Q009082,age_arrondi
Q009083,aucune
Q009084,aucune
Q009085,aucune
Q009086,aucune
Q009087,entretien_rapide
Q009088,aucune
Q009089,aucune
Q009090,uniformite
Q009091,age_arrondi
Q009092,aucune
Q009093,aucune
Q009094,aucune
Q009095,aucune
Q009096,aucune
Q009097,aucune
Q009098,aucune
Q009099,aucune
Q009100,age_arrondi
Q009101,aucune
Q009102,aucune
Q009103,age_arrondi
Q009104,aucune
Q009105,aucune
Q009106,entretien_rapide
Q009107,aucune
Q009108,aucune
Q009109,uniformite
Q009110,aucune
Q009111,age_arrondi
Q009112,aucune
Q009113,aucune
Q009114,aucune
Q009115,age_arrondi
Q009116,aucune
Q009117,aucune
Q009118,aucune
Q009119,aucune
Q009120,aucune
Q009121,aucune
Q009122,aucune
Q009123,aucune
Q009124,aucune
Q009125,entretien_rapide
Q009126,aucune
Q009127,aucune
Q009128,uniformite
Q009129,aucune
Q009130,aucune
Q009131,aucune
Q009132,aucune
Q009133,aucune
Q009134,aucune
Q009135,aucune
Q009136,aucune
Q009137,uniformite
Q009138,age_arrondi
Q009139,aucune
Q009140,aucune
Q009141,aucune
Q009142,aucune
Q009143,age_arrondi
Q009144,aucune
Q009145,aucune
Q009146,aucune
Q009147,aucune
Q009148,aucune
Q009149,uniformite
Q009150,aucune
Q009151,aucune
Q009152,aucune
Q009153,aucune
Q009154,aucune
Q009155,age_arrondi
Q009156,aucune
Q009157,aucune
Q009158,aucune
Q009159,aucune
Q009160,aucune
Q009161,aucune
Q009162,aucune
Q009163,aucune
Q009164,aucune
Q009165,aucune
Q009166,entretien_rapide
Q009167,aucune
Q009168,aucune
Q009169,aucune
Q009170,aucune
Q009171,aucune
Q009172,aucune
Q009173,age_arrondi
Q009174,aucune
Q009175,aucune
Q009176,aucune
Q009177,aucune
Q009178,aucune
Q009179,aucune
Q009180,age_arrondi
Q009181,aucune
Q009182,aucune
Q009183,aucune
Q009184,aucune
Q009185,aucune
Q009186,aucune
Q009187,age_arrondi
Q009188,aucune
Q009189,aucune
Q009190,gps_reutilise
Q009191,aucune
Q009192,aucune
Q009193,aucune
Q009194,aucune
Q009195,aucune
Q009196,aucune
Q009197,aucune
Q009198,age_arrondi
Q009199,aucune
Q009200,aucune
Q009201,entretien_rapide
Q009202,aucune
Q009203,aucune
Q009204,aucune
Q009205,aucune
Q009206,aucune
Q009207,aucune
Q009208,aucune
Q009209,aucune
Q009210,aucune
Q009211,aucune
Q009212,aucune
Q009213,aucune
Q009214,age_arrondi
Q009215,aucune
Q009216,aucune
Q009217,aucune
Q009218,aucune
Q009219,aucune
Q009220,aucune
Q009221,aucune
Q009222,aucune
Q009223,aucune
Q009224,aucune
Q009225,aucune
Q009226,aucune
Q009227,aucune
Q009228,aucune
Q009229,aucune
Q009230,aucune
Q009231,aucune
Q009232,aucune
Q009233,aucune
Q009234,aucune
Q009235,aucune
Q009236,aucune
Q009237,aucune
Q009238,aucune
Q009239,aucune
Q009240,aucune
Q009241,aucune
Q009242,entretien_rapide
Q009243,aucune
Q009244,aucune
Q009245,aucune
Q009246,aucune
Q009247,aucune
Q009248,aucune
Q009249,aucune
Q009250,aucune
Q009251,aucune
Q009252,aucune
Q009253,aucune
Q009254,aucune
Q009255,aucune
Q009256,aucune
Q009257,aucune
Q009258,aucune
Q009259,aucune
Q009260,aucune
Q009261,aucune
Q009262,aucune
Q009263,age_arrondi
Q009264,aucune
Q009265,age_arrondi
Q009266,aucune
Q009267,aucune
Q009268,aucune
Q009269,aucune
Q009270,aucune
Q009271,aucune
Q009272,aucune
Q009273,aucune
Q009274,aucune
Q009275,aucune
Q009276,aucune
Q009277,aucune
Q009278,aucune
Q009279,aucune
Q009280,aucune
Q009281,aucune
Q009282,aucune
Q009283,aucune
Q009284,aucune
Q009285,aucune
Q009286,aucune
Q009287,aucune
Q009288,aucune
Q009289,aucune
Q009290,aucune
Q009291,doublon
Q009292,aucune
Q009293,aucune
Q009294,aucune
Q009295,aucune
Q009296,aucune
Q009297,aucune
Q009298,aucune
Q009299,aucune
Q009300,aucune
Q009301,aucune
Q009302,uniformite
Q009303,aucune
Q009304,aucune
Q009305,aucune
Q009306,aucune
Q009307,aucune
Q009308,aucune
Q009309,aucune
Q009310,aucune
Q009311,aucune
Q009312,aucune
Q009313,aucune
Q009314,aucune
Q009315,aucune
Q009316,aucune
Q009317,aucune
Q009318,aucune
Q009319,entretien_rapide
Q009320,age_arrondi
Q009321,aucune
Q009322,aucune
Q009323,aucune
Q009324,aucune
Q009325,aucune
Q009326,aucune
Q009327,aucune
Q009328,aucune
Q009329,aucune
Q009330,aucune
Q009331,aucune
Q009332,aucune
Q009333,aucune
Q009334,aucune
Q009335,uniformite
Q009336,aucune
Q009337,aucune
Q009338,aucune
Q009339,aucune
Q009340,aucune
Q009341,age_arrondi
Q009342,aucune
Q009343,aucune
Q009344,age_arrondi
Q009345,entretien_rapide
Q009346,age_arrondi
Q009347,aucune
Q009348,age_arrondi
Q009349,aucune
Q009350,aucune
Q009351,aucune
Q009352,aucune
Q009353,aucune
Q009354,aucune
Q009355,aucune
Q009356,aucune
Q009357,aucune
Q009358,age_arrondi
Q009359,aucune
Q009360,aucune
Q009361,age_arrondi
Q009362,aucune
Q009363,aucune
Q009364,aucune
Q009365,aucune
Q009366,age_arrondi
Q009367,aucune
Q009368,aucune
Q009369,aucune
Q009370,aucune
Q009371,aucune
Q009372,aucune
Q009373,entretien_rapide
Q009374,aucune
Q009375,aucune
Q009376,aucune
Q009377,aucune
Q009378,aucune
Q009379,aucune
Q009380,uniformite
Q009381,entretien_rapide
Q009382,aucune
Q009383,aucune
Q009384,aucune
Q009385,aucune
Q009386,aucune
Q009387,gps_reutilise
Q009388,aucune
Q009389,aucune
Q009390,entretien_rapide
Q009391,aucune
Q009392,aucune
Q009393,age_arrondi
Q009394,aucune
Q009395,age_arrondi
Q009396,aucune
Q009397,aucune
Q009398,aucune
Q009399,aucune
Q009400,aucune
Q009401,aucune
Q009402,aucune
Q009403,aucune
Q009404,aucune
Q009405,aucune
Q009406,aucune
Q009407,aucune
Q009408,aucune
Q009409,aucune
Q009410,aucune
Q009411,entretien_rapide
Q009412,aucune
Q009413,aucune
Q009414,aucune
Q009415,aucune
Q009416,aucune
Q009417,aucune
Q009418,aucune
Q009419,aucune
Q009420,aucune
Q009421,aucune
Q009422,aucune
Q009423,aucune
Q009424,aucune
Q009425,aucune
Q009426,aucune
Q009427,aucune
Q009428,aucune
Q009429,aucune
Q009430,aucune
Q009431,aucune
Q009432,aucune
Q009433,entretien_rapide
Q009434,aucune
Q009435,aucune
Q009436,aucune
Q009437,aucune
Q009438,aucune
Q009439,aucune
Q009440,aucune
Q009441,aucune
Q009442,aucune
Q009443,aucune
Q009444,aucune
Q009445,aucune
Q009446,entretien_rapide
Q009447,aucune
Q009448,aucune
Q009449,aucune
Q009450,aucune
Q009451,aucune
Q009452,aucune
Q009453,aucune
Q009454,age_arrondi
Q009455,aucune
Q009456,aucune
Q009457,aucune
Q009458,gps_reutilise
Q009459,aucune
Q009460,aucune
Q009461,aucune
Q009462,aucune
Q009463,aucune
Q009464,aucune
Q009465,aucune
Q009466,aucune
Q009467,aucune
Q009468,aucune
Q009469,doublon
Q009470,aucune
Q009471,aucune
Q009472,aucune
Q009473,aucune
Q009474,aucune
Q009475,aucune
Q009476,age_arrondi
Q009477,aucune
Q009478,age_arrondi
Q009479,entretien_rapide
Q009480,age_arrondi
Q009481,aucune
Q009482,age_arrondi
Q009483,aucune
Q009484,aucune
Q009485,age_arrondi
Q009486,aucune
Q009487,aucune
Q009488,aucune
Q009489,aucune
Q009490,aucune
Q009491,aucune
Q009492,aucune
Q009493,aucune
Q009494,aucune
Q009495,aucune
Q009496,aucune
Q009497,aucune
Q009498,aucune
Q009499,aucune
Q009500,aucune
Q009501,aucune
Q009502,aucune
Q009503,age_arrondi
Q009504,aucune
Q009505,aucune
Q009506,aucune
Q009507,aucune
Q009508,aucune
Q009509,aucune
Q009510,aucune
Q009511,aucune
Q009512,aucune
Q009513,aucune
Q009514,aucune
Q009515,aucune
Q009516,aucune
Q009517,aucune
Q009518,aucune
Q009519,aucune
Q009520,aucune
Q009521,aucune
Q009522,aucune
Q009523,aucune
Q009524,aucune
Q009525,aucune
Q009526,aucune
Q009527,aucune
Q009528,aucune
Q009529,aucune
Q009530,aucune
Q009531,aucune
Q009532,aucune
Q009533,aucune
Q009534,aucune
Q009535,aucune
Q009536,aucune
Q009537,aucune
Q009538,aucune
Q009539,aucune
Q009540,age_arrondi
Q009541,aucune
Q009542,aucune
Q009543,aucune
Q009544,aucune
Q009545,aucune
Q009546,aucune
Q009547,aucune
Q009548,aucune
Q009549,aucune
Q009550,aucune
Q009551,aucune
Q009552,aucune
Q009553,aucune
Q009554,aucune
Q009555,aucune
Q009556,aucune
Q009557,aucune
Q009558,aucune
Q009559,aucune
Q009560,age_arrondi
Q009561,aucune
Q009562,aucune
Q009563,aucune
Q009564,aucune
Q009565,aucune
Q009566,aucune
Q009567,aucune
Q009568,age_arrondi
Q009569,aucune
Q009570,aucune
Q009571,aucune
Q009572,age_arrondi
Q009573,aucune
Q009574,aucune
Q009575,age_arrondi
Q009576,aucune
Q009577,aucune
Q009578,aucune
Q009579,aucune
Q009580,aucune
Q009581,aucune
Q009582,aucune
Q009583,aucune
Q009584,aucune
Q009585,aucune
Q009586,entretien_rapide
Q009587,aucune
Q009588,doublon
Q009589,entretien_rapide
Q009590,aucune
Q009591,aucune
Q009592,aucune
Q009593,aucune
Q009594,aucune
Q009595,aucune
Q009596,aucune
Q009597,aucune
Q009598,aucune
Q009599,aucune
Q009600,aucune
Q009601,aucune
Q009602,aucune
Q009603,aucune
Q009604,aucune
Q009605,aucune
Q009606,aucune
Q009607,aucune
Q009608,uniformite
Q009609,aucune
Q009610,age_arrondi
Q009611,aucune
Q009612,aucune
Q009613,aucune
Q009614,aucune
Q009615,aucune
Q009616,entretien_rapide
Q009617,aucune
Q009618,aucune
Q009619,aucune
Q009620,aucune
Q009621,aucune
Q009622,aucune
Q009623,aucune
Q009624,aucune
Q009625,aucune
Q009626,aucune
Q009627,aucune
Q009628,aucune
Q009629,aucune
Q009630,aucune
Q009631,aucune
Q009632,entretien_rapide
Q009633,aucune
Q009634,aucune
Q009635,aucune
Q009636,aucune
Q009637,aucune
Q009638,aucune
Q009639,aucune
Q009640,aucune
Q009641,aucune
Q009642,aucune
Q009643,aucune
Q009644,aucune
Q009645,aucune
Q009646,aucune
Q009647,aucune
Q009648,aucune
Q009649,aucune
Q009650,aucune
Q009651,aucune
Q009652,aucune
Q009653,aucune
Q009654,entretien_rapide
Q009655,age_arrondi
Q009656,aucune
Q009657,aucune
Q009658,entretien_rapide
Q009659,aucune
Q009660,aucune
Q009661,aucune
Q009662,aucune
Q009663,age_arrondi
Q009664,aucune
Q009665,aucune
Q009666,aucune
Q009667,aucune
Q009668,aucune
Q009669,aucune
Q009670,aucune
Q009671,uniformite
Q009672,aucune
Q009673,aucune
Q009674,aucune
Q009675,aucune
Q009676,doublon
Q009677,entretien_rapide
Q009678,uniformite
Q009679,aucune
Q009680,aucune
Q009681,aucune
Q009682,aucune
Q009683,aucune
Q009684,aucune
Q009685,aucune
Q009686,gps_reutilise
Q009687,age_arrondi
Q009688,uniformite
Q009689,aucune
Q009690,aucune
Q009691,aucune
Q009692,aucune
Q009693,aucune
Q009694,aucune
Q009695,aucune
Q009696,aucune
Q009697,aucune
Q009698,age_arrondi
Q009699,aucune
Q009700,aucune
Q009701,aucune
Q009702,aucune
Q009703,aucune
Q009704,aucune
Q009705,aucune
Q009706,aucune
Q009707,aucune
Q009708,aucune
Q009709,aucune
Q009710,aucune
Q009711,aucune
Q009712,aucune
Q009713,aucune
Q009714,aucune
Q009715,aucune
Q009716,aucune
Q009717,age_arrondi
Q009718,aucune
Q009719,aucune
Q009720,age_arrondi
Q009721,aucune
Q009722,aucune
Q009723,aucune
Q009724,aucune
Q009725,aucune
Q009726,aucune
Q009727,aucune
Q009728,aucune
Q009729,aucune
Q009730,aucune
Q009731,aucune
Q009732,aucune
Q009733,aucune
Q009734,aucune
Q009735,aucune
Q009736,aucune
Q009737,aucune
Q009738,aucune
Q009739,aucune
Q009740,aucune
Q009741,aucune
Q009742,aucune
Q009743,aucune
Q009744,aucune
Q009745,aucune
Q009746,aucune
Q009747,aucune
Q009748,aucune
Q009749,aucune
Q009750,aucune
Q009751,aucune
Q009752,aucune
Q009753,aucune
Q009754,age_arrondi
Q009755,aucune
Q009756,aucune
Q009757,age_arrondi
Q009758,aucune
Q009759,aucune
Q009760,aucune
Q009761,aucune
Q009762,aucune
Q009763,entretien_rapide
Q009764,aucune
Q009765,aucune
Q009766,uniformite
Q009767,aucune
Q009768,aucune
Q009769,aucune
Q009770,aucune
Q009771,aucune
Q009772,aucune
Q009773,aucune
Q009774,aucune
Q009775,uniformite
Q009776,aucune
Q009777,aucune
Q009778,aucune
Q009779,aucune
Q009780,aucune
Q009781,aucune
Q009782,aucune
Q009783,aucune
Q009784,aucune
Q009785,aucune
Q009786,aucune
Q009787,age_arrondi
Q009788,aucune
Q009789,aucune
Q009790,aucune
Q009791,aucune
Q009792,aucune
Q009793,aucune
Q009794,aucune
Q009795,aucune
Q009796,aucune
Q009797,aucune
Q009798,aucune
Q009799,aucune
Q009800,aucune
Q009801,aucune
Q009802,aucune
Q009803,aucune
Q009804,aucune
Q009805,aucune
Q009806,aucune
Q009807,aucune
Q009808,aucune
Q009809,aucune
Q009810,aucune
Q009811,aucune
Q009812,aucune
Q009813,aucune
Q009814,aucune
Q009815,aucune
Q009816,entretien_rapide
Q009817,aucune
Q009818,aucune
Q009819,aucune
Q009820,aucune
Q009821,aucune
Q009822,aucune
Q009823,entretien_rapide
Q009824,aucune
Q009825,aucune
Q009826,aucune
Q009827,aucune
Q009828,age_arrondi
Q009829,aucune
Q009830,aucune
Q009831,aucune
Q009832,aucune
Q009833,aucune
Q009834,aucune
Q009835,aucune
Q009836,aucune
Q009837,age_arrondi
Q009838,aucune
Q009839,aucune
Q009840,aucune
Q009841,aucune
Q009842,aucune
Q009843,aucune
Q009844,aucune
Q009845,aucune
Q009846,aucune
Q009847,aucune
Q009848,aucune
Q009849,aucune
Q009850,aucune
Q009851,aucune
Q009852,aucune
Q009853,aucune
Q009854,aucune
Q009855,aucune
Q009856,aucune
Q009857,age_arrondi
Q009858,aucune
Q009859,aucune
Q009860,aucune
Q009861,age_arrondi
Q009862,aucune
Q009863,uniformite
Q009864,aucune
Q009865,aucune
Q009866,aucune
Q009867,aucune
Q009868,aucune
Q009869,aucune
Q009870,aucune
Q009871,aucune
Q009872,aucune
Q009873,aucune
Q009874,aucune
Q009875,aucune
Q009876,aucune
Q009877,aucune
Q009878,aucune
Q009879,aucune
Q009880,aucune
Q009881,aucune
Q009882,aucune
Q009883,aucune
Q009884,aucune
Q009885,uniformite
Q009886,age_arrondi
Q009887,aucune
Q009888,aucune
Q009889,aucune
Q009890,aucune
Q009891,aucune
Q009892,aucune
Q009893,aucune
Q009894,aucune
Q009895,aucune
Q009896,aucune
Q009897,aucune
Q009898,aucune
Q009899,aucune
Q009900,aucune
Q009901,aucune
Q009902,aucune
Q009903,aucune
Q009904,aucune
Q009905,aucune
Q009906,aucune
Q009907,aucune
Q009908,aucune
Q009909,aucune
Q009910,aucune
Q009911,gps_reutilise
Q009912,aucune
Q009913,aucune
Q009914,aucune
Q009915,aucune
Q009916,aucune
Q009917,aucune
Q009918,aucune
Q009919,aucune
Q009920,aucune
Q009921,aucune
Q009922,aucune
Q009923,age_arrondi
Q009924,aucune
Q009925,aucune
Q009926,aucune
Q009927,aucune
Q009928,aucune
Q009929,doublon
Q009930,age_arrondi
Q009931,aucune
Q009932,aucune
Q009933,aucune
Q009934,aucune
Q009935,entretien_rapide
Q009936,aucune
Q009937,aucune
Q009938,aucune
Q009939,age_arrondi
Q009940,age_arrondi
Q009941,aucune
Q009942,aucune
Q009943,aucune
Q009944,aucune
Q009945,aucune
Q009946,aucune
Q009947,aucune
Q009948,aucune
Q009949,aucune
Q009950,gps_reutilise
Q009951,aucune
Q009952,age_arrondi
Q009953,aucune
Q009954,aucune
Q009955,age_arrondi
Q009956,aucune
Q009957,aucune
Q009958,aucune
Q009959,aucune
Q009960,aucune
Q009961,aucune
Q009962,aucune
Q009963,aucune
Q009964,aucune
Q009965,aucune
Q009966,aucune
Q009967,entretien_rapide
Q009968,aucune
Q009969,aucune
Q009970,aucune
Q009971,aucune
Q009972,age_arrondi
Q009973,aucune
Q009974,aucune
Q009975,aucune
Q009976,aucune
Q009977,aucune
Q009978,aucune
Q009979,age_arrondi
Q009980,aucune
Q009981,aucune
Q009982,aucune
Q009983,aucune
Q009984,aucune
Q009985,aucune
Q009986,aucune
Q009987,aucune
Q009988,aucune
Q009989,aucune
Q009990,aucune
Q009991,aucune
Q009992,aucune
Q009993,uniformite
Q009994,age_arrondi
Q009995,aucune
Q009996,age_arrondi
Q009997,aucune
Q009998,aucune
Q009999,aucune
Q010000,age_arrondi
Q010001,entretien_rapide
Q010002,aucune
Q010003,aucune
Q010004,aucune
Q010005,aucune
Q010006,aucune
Q010007,aucune
Q010008,aucune
Q010009,aucune
Q010010,aucune
Q010011,aucune
Q010012,aucune
Q010013,aucune
Q010014,aucune
Q010015,aucune
Q010016,age_arrondi
Q010017,aucune
Q010018,aucune
Q010019,aucune
Q010020,aucune
Q010021,aucune
Q010022,aucune
Q010023,aucune
Q010024,aucune
Q010025,aucune
Q010026,aucune
Q010027,aucune
Q010028,aucune
Q010029,aucune
Q010030,aucune
Q010031,aucune
Q010032,aucune
Q010033,aucune
Q010034,aucune
Q010035,age_arrondi
Q010036,aucune
Q010037,aucune
Q010038,aucune
Q010039,uniformite
Q010040,aucune
Q010041,aucune
Q010042,gps_reutilise
Q010043,aucune
Q010044,age_arrondi
Q010045,aucune
Q010046,aucune
Q010047,age_arrondi
Q010048,aucune
Q010049,aucune
Q010050,aucune
Q010051,aucune
Q010052,aucune
Q010053,gps_reutilise
Q010054,aucune
Q010055,gps_reutilise
Q010056,aucune
Q010057,aucune
Q010058,aucune
Q010059,aucune
Q010060,aucune
Q010061,aucune
Q010062,gps_reutilise
Q010063,age_arrondi
Q010064,aucune
Q010065,gps_reutilise
Q010066,entretien_rapide
Q010067,uniformite
Q010068,aucune
Q010069,aucune
Q010070,aucune
Q010071,aucune
Q010072,aucune
Q010073,aucune
Q010074,aucune
Q010075,aucune
Q010076,entretien_rapide
Q010077,aucune
Q010078,age_arrondi
Q010079,aucune
Q010080,aucune
Q010081,entretien_rapide
Q010082,aucune
Q010083,aucune
Q010084,aucune
Q010085,aucune
Q010086,aucune
Q010087,aucune
Q010088,age_arrondi
Q010089,entretien_rapide
Q010090,aucune
Q010091,aucune
Q010092,aucune
Q010093,entretien_rapide
Q010094,aucune
Q010095,aucune
Q010096,entretien_rapide
Q010097,aucune
Q010098,aucune
Q010099,aucune
Q010100,aucune
Q010101,age_arrondi
Q010102,aucune
Q010103,aucune
Q010104,aucune
Q010105,aucune
Q010106,aucune
Q010107,aucune
Q010108,aucune
Q010109,gps_reutilise
Q010110,entretien_rapide
Q010111,aucune
Q010112,aucune
Q010113,aucune
Q010114,aucune
Q010115,aucune
Q010116,aucune
Q010117,age_arrondi
Q010118,aucune
Q010119,aucune
Q010120,aucune
Q010121,aucune
Q010122,aucune
Q010123,aucune
Q010124,aucune
Q010125,aucune
Q010126,aucune
Q010127,entretien_rapide
Q010128,entretien_rapide
Q010129,age_arrondi
Q010130,aucune
Q010131,aucune
Q010132,aucune
Q010133,aucune
Q010134,aucune
Q010135,aucune
Q010136,aucune
Q010137,aucune
Q010138,aucune
Q010139,aucune
Q010140,aucune
Q010141,aucune
Q010142,entretien_rapide
Q010143,aucune
Q010144,age_arrondi
Q010145,aucune
Q010146,aucune
Q010147,aucune
Q010148,aucune
Q010149,aucune
Q010150,aucune
Q010151,gps_reutilise
Q010152,aucune
Q010153,aucune
Q010154,aucune
Q010155,aucune
Q010156,age_arrondi
Q010157,aucune
Q010158,aucune
Q010159,aucune
Q010160,aucune
Q010161,aucune
Q010162,age_arrondi
Q010163,aucune
Q010164,aucune
Q010165,age_arrondi
Q010166,aucune
Q010167,aucune
Q010168,aucune
Q010169,aucune
Q010170,entretien_rapide
Q010171,aucune
Q010172,aucune
Q010173,aucune
Q010174,aucune
Q010175,aucune
Q010176,aucune
Q010177,aucune
Q010178,aucune
Q010179,aucune
Q010180,age_arrondi
Q010181,aucune
Q010182,aucune
Q010183,aucune
Q010184,aucune
Q010185,aucune
Q010186,aucune
Q010187,aucune
Q010188,aucune
Q010189,aucune
Q010190,aucune
Q010191,aucune
Q010192,aucune
Q010193,aucune
Q010194,aucune
Q010195,age_arrondi
Q010196,aucune
Q010197,aucune
Q010198,aucune
Q010199,aucune
Q010200,aucune
Q010201,aucune
Q010202,aucune
Q010203,aucune
Q010204,aucune
Q010205,aucune
Q010206,gps_reutilise
Q010207,aucune
Q010208,aucune
Q010209,aucune
Q010210,aucune
Q010211,aucune
Q010212,aucune
Q010213,uniformite
Q010214,age_arrondi
Q010215,aucune
Q010216,aucune
Q010217,aucune
Q010218,aucune
Q010219,aucune
Q010220,aucune
Q010221,aucune
Q010222,aucune
Q010223,aucune
Q010224,aucune
Q010225,aucune
Q010226,aucune
Q010227,aucune
Q010228,aucune
Q010229,entretien_rapide
Q010230,aucune
Q010231,aucune
Q010232,aucune
Q010233,entretien_rapide
Q010234,aucune
Q010235,aucune
Q010236,aucune
Q010237,aucune
Q010238,aucune
Q010239,aucune
Q010240,aucune
Q010241,aucune
Q010242,aucune
Q010243,aucune
Q010244,age_arrondi
Q010245,aucune
Q010246,aucune
Q010247,aucune
Q010248,aucune
Q010249,aucune
Q010250,age_arrondi
Q010251,aucune
Q010252,aucune
Q010253,aucune
Q010254,age_arrondi
Q010255,age_arrondi
Q010256,aucune
Q010257,aucune
Q010258,aucune
Q010259,aucune
Q010260,aucune
Q010261,aucune
Q010262,aucune
Q010263,aucune
Q010264,aucune
Q010265,aucune
Q010266,gps_reutilise
Q010267,aucune
Q010268,aucune
Q010269,aucune
Q010270,aucune
Q010271,aucune
Q010272,aucune
Q010273,aucune
Q010274,aucune
Q010275,aucune
Q010276,aucune
Q010277,aucune
Q010278,aucune
Q010279,aucune
Q010280,aucune
Q010281,aucune
Q010282,age_arrondi
Q010283,aucune
Q010284,aucune
Q010285,entretien_rapide
Q010286,age_arrondi
Q010287,aucune
Q010288,aucune
Q010289,aucune
Q010290,aucune
Q010291,uniformite
Q010292,aucune
Q010293,aucune
Q010294,aucune
Q010295,aucune
Q010296,aucune
Q010297,aucune
Q010298,aucune
Q010299,aucune
Q010300,aucune
Q010301,aucune
Q010302,aucune
Q010303,aucune
Q010304,aucune
Q010305,aucune
Q010306,aucune
Q010307,aucune
Q010308,aucune
Q010309,aucune
Q010310,age_arrondi
Q010311,aucune
Q010312,age_arrondi
Q010313,aucune
Q010314,entretien_rapide
Q010315,age_arrondi
Q010316,aucune
Q010317,aucune
Q010318,aucune
Q010319,aucune
Q010320,aucune
Q010321,aucune
Q010322,entretien_rapide
Q010323,aucune
Q010324,aucune
Q010325,aucune
Q010326,aucune
Q010327,aucune
Q010328,aucune
Q010329,aucune
Q010330,aucune
Q010331,aucune
Q010332,aucune
Q010333,aucune
Q010334,aucune
Q010335,entretien_rapide
Q010336,aucune
Q010337,aucune
Q010338,aucune
Q010339,aucune
Q010340,aucune
Q010341,aucune
Q010342,aucune
Q010343,aucune
Q010344,aucune
Q010345,aucune
Q010346,aucune
Q010347,aucune
Q010348,aucune
Q010349,aucune
Q010350,aucune
Q010351,aucune
Q010352,aucune
Q010353,aucune
Q010354,aucune
Q010355,age_arrondi
Q010356,aucune
Q010357,aucune
Q010358,aucune
Q010359,aucune
Q010360,aucune
Q010361,aucune
Q010362,aucune
Q010363,age_arrondi
Q010364,aucune
Q010365,aucune
Q010366,aucune
Q010367,aucune
Q010368,aucune
Q010369,aucune
Q010370,aucune
Q010371,aucune
Q010372,age_arrondi
Q010373,age_arrondi
Q010374,aucune
Q010375,aucune
Q010376,aucune
Q010377,aucune
Q010378,aucune
Q010379,aucune
Q010380,entretien_rapide
Q010381,aucune
Q010382,aucune
Q010383,aucune
Q010384,age_arrondi
Q010385,gps_reutilise
Q010386,aucune
Q010387,aucune
Q010388,aucune
Q010389,aucune
Q010390,aucune
Q010391,aucune
Q010392,aucune
Q010393,aucune
Q010394,entretien_rapide
Q010395,age_arrondi
Q010396,aucune
Q010397,aucune
Q010398,aucune
Q010399,aucune
Q010400,aucune
Q010401,aucune
Q010402,aucune
Q010403,entretien_rapide
Q010404,aucune
Q010405,aucune
Q010406,aucune
Q010407,aucune
Q010408,aucune
Q010409,aucune
Q010410,aucune
Q010411,aucune
Q010412,aucune
Q010413,aucune
Q010414,aucune
Q010415,aucune
Q010416,aucune
Q010417,aucune
Q010418,aucune
Q010419,aucune
Q010420,uniformite
Q010421,aucune
Q010422,aucune
Q010423,aucune
Q010424,age_arrondi
Q010425,age_arrondi
Q010426,aucune
Q010427,age_arrondi
Q010428,aucune
Q010429,aucune
Q010430,aucune
Q010431,aucune
Q010432,entretien_rapide
Q010433,aucune
Q010434,aucune
Q010435,aucune
Q010436,aucune
Q010437,aucune
Q010438,aucune
Q010439,age_arrondi
Q010440,aucune
Q010441,aucune
Q010442,age_arrondi
Q010443,aucune
Q010444,aucune
Q010445,aucune
Q010446,aucune
Q010447,aucune
Q010448,aucune
Q010449,aucune
Q010450,entretien_rapide
Q010451,aucune
Q010452,doublon
Q010453,aucune
Q010454,aucune
Q010455,aucune
Q010456,aucune
Q010457,aucune
Q010458,aucune
Q010459,aucune
Q010460,aucune
Q010461,aucune
Q010462,aucune
Q010463,aucune
Q010464,aucune
Q010465,aucune
Q010466,aucune
Q010467,aucune
Q010468,entretien_rapide
Q010469,aucune
Q010470,age_arrondi
Q010471,aucune
Q010472,aucune
Q010473,aucune
Q010474,aucune
Q010475,aucune
Q010476,aucune
Q010477,aucune
Q010478,aucune
Q010479,aucune
Q010480,age_arrondi
Q010481,aucune
Q010482,aucune
Q010483,aucune
Q010484,aucune
Q010485,aucune
Q010486,aucune
Q010487,aucune
Q010488,aucune
Q010489,aucune
Q010490,aucune
Q010491,age_arrondi
Q010492,aucune
Q010493,aucune
Q010494,aucune
Q010495,aucune
Q010496,aucune
Q010497,entretien_rapide
Q010498,aucune
Q010499,aucune
Q010500,aucune
Q010501,age_arrondi
Q010502,aucune
Q010503,aucune
Q010504,aucune
Q010505,aucune
Q010506,aucune
Q010507,aucune
Q010508,aucune
Q010509,aucune
Q010510,age_arrondi
Q010511,aucune
Q010512,aucune
Q010513,aucune
Q010514,aucune
Q010515,aucune
Q010516,aucune
Q010517,aucune
Q010518,aucune
Q010519,age_arrondi
Q010520,entretien_rapide
Q010521,aucune
Q010522,aucune
Q010523,aucune
Q010524,aucune
Q010525,aucune
Q010526,aucune
Q010527,aucune
Q010528,aucune
Q010529,aucune
Q010530,aucune
Q010531,entretien_rapide
Q010532,uniformite
Q010533,doublon
Q010534,aucune
Q010535,aucune
Q010536,aucune
Q010537,aucune
Q010538,aucune
Q010539,aucune
Q010540,aucune
Q010541,uniformite
Q010542,aucune
Q010543,aucune
Q010544,gps_reutilise
Q010545,entretien_rapide
Q010546,age_arrondi
Q010547,aucune
Q010548,aucune
Q010549,aucune
Q010550,gps_reutilise
Q010551,aucune
Q010552,aucune
Q010553,aucune
Q010554,aucune
Q010555,aucune
Q010556,entretien_rapide
Q010557,aucune
Q010558,aucune
Q010559,age_arrondi
Q010560,aucune
Q010561,aucune
Q010562,aucune
Q010563,uniformite
Q010564,aucune
Q010565,aucune
Q010566,aucune
Q010567,aucune
Q010568,aucune
Q010569,aucune
Q010570,aucune
Q010571,aucune
Q010572,aucune
Q010573,aucune
Q010574,aucune
Q010575,age_arrondi
Q010576,aucune
Q010577,aucune
Q010578,aucune
Q010579,age_arrondi
Q010580,aucune
Q010581,aucune
Q010582,aucune
Q010583,aucune
Q010584,aucune
Q010585,aucune
Q010586,aucune
Q010587,aucune
Q010588,age_arrondi
Q010589,aucune
Q010590,aucune
Q010591,aucune
Q010592,aucune
Q010593,aucune
Q010594,aucune
Q010595,aucune
Q010596,aucune
Q010597,aucune
Q010598,aucune
Q010599,aucune
Q010600,aucune
Q010601,age_arrondi
Q010602,aucune
Q010603,aucune
Q010604,aucune
Q010605,aucune
Q010606,aucune
Q010607,entretien_rapide
Q010608,aucune
Q010609,aucune
Q010610,uniformite
Q010611,aucune
Q010612,aucune
Q010613,aucune
Q010614,age_arrondi
Q010615,aucune
Q010616,aucune
Q010617,aucune
Q010618,age_arrondi
Q010619,aucune
Q010620,aucune
Q010621,aucune
Q010622,aucune
Q010623,age_arrondi
Q010624,aucune
Q010625,aucune
Q010626,aucune
Q010627,aucune
Q010628,aucune
Q010629,uniformite
Q010630,aucune
Q010631,aucune
Q010632,uniformite
Q010633,age_arrondi
Q010634,aucune
Q010635,aucune
Q010636,aucune
Q010637,aucune
Q010638,aucune
Q010639,aucune
Q010640,aucune
Q010641,aucune
Q010642,aucune
Q010643,aucune
Q010644,aucune
Q010645,age_arrondi
Q010646,aucune
Q010647,aucune
Q010648,aucune
Q010649,gps_reutilise
Q010650,aucune
Q010651,entretien_rapide
Q010652,age_arrondi
Q010653,aucune
Q010654,aucune
Q010655,aucune
Q010656,age_arrondi
Q010657,aucune
Q010658,aucune
Q010659,aucune
Q010660,aucune
Q010661,aucune
Q010662,aucune
Q010663,gps_reutilise
Q010664,aucune
Q010665,aucune
Q010666,aucune
Q010667,aucune
Q010668,aucune
Q010669,aucune
Q010670,aucune
Q010671,aucune
Q010672,aucune
Q010673,aucune
Q010674,aucune
Q010675,aucune
Q010676,aucune
Q010677,aucune
Q010678,aucune
Q010679,age_arrondi
Q010680,aucune
Q010681,aucune
Q010682,aucune
Q010683,aucune
Q010684,aucune
Q010685,aucune
Q010686,aucune
Q010687,aucune
Q010688,entretien_rapide
Q010689,aucune
Q010690,aucune
Q010691,aucune
Q010692,aucune
Q010693,aucune
Q010694,aucune
Q010695,aucune
Q010696,aucune
Q010697,aucune
Q010698,aucune
Q010699,entretien_rapide
Q010700,aucune
Q010701,age_arrondi
Q010702,aucune
Q010703,aucune
Q010704,aucune
Q010705,aucune
Q010706,aucune
Q010707,aucune
Q010708,entretien_rapide
Q010709,aucune
Q010710,aucune
Q010711,aucune
Q010712,aucune
Q010713,aucune
Q010714,aucune
Q010715,aucune
Q010716,aucune
Q010717,aucune
Q010718,aucune
Q010719,age_arrondi
Q010720,age_arrondi
Q010721,aucune
Q010722,aucune
Q010723,aucune
Q010724,aucune
Q010725,aucune
Q010726,aucune
Q010727,aucune
Q010728,aucune
Q010729,aucune
Q010730,aucune
Q010731,aucune
Q010732,age_arrondi
Q010733,aucune
Q010734,aucune
Q010735,aucune
Q010736,age_arrondi
Q010737,aucune
Q010738,uniformite
Q010739,aucune
Q010740,aucune
Q010741,aucune
Q010742,aucune
Q010743,aucune
Q010744,aucune
Q010745,aucune
Q010746,aucune
Q010747,entretien_rapide
Q010748,aucune
Q010749,aucune
Q010750,aucune
Q010751,aucune
Q010752,aucune
Q010753,aucune
Q010754,aucune
Q010755,aucune
Q010756,age_arrondi
Q010757,age_arrondi
Q010758,aucune
Q010759,aucune
Q010760,aucune
Q010761,gps_reutilise
Q010762,age_arrondi
Q010763,aucune
Q010764,aucune
Q010765,aucune
Q010766,aucune
Q010767,age_arrondi
Q010768,aucune
Q010769,age_arrondi
Q010770,aucune
Q010771,aucune
Q010772,aucune
Q010773,aucune
Q010774,aucune
Q010775,aucune
Q010776,aucune
Q010777,aucune
Q010778,aucune
Q010779,aucune
Q010780,age_arrondi
Q010781,aucune
Q010782,aucune
Q010783,aucune
Q010784,aucune
Q010785,aucune
Q010786,age_arrondi
Q010787,aucune
Q010788,aucune
Q010789,aucune
Q010790,aucune
Q010791,aucune
Q010792,doublon
Q010793,aucune
Q010794,aucune
Q010795,aucune
Q010796,aucune
Q010797,aucune
Q010798,aucune
Q010799,age_arrondi
Q010800,age_arrondi
Q010801,entretien_rapide
Q010802,aucune
Q010803,aucune
Q010804,aucune
Q010805,aucune
Q010806,aucune
Q010807,aucune
Q010808,gps_reutilise
Q010809,aucune
Q010810,aucune
Q010811,aucune
Q010812,aucune
Q010813,aucune
Q010814,aucune
Q010815,aucune
Q010816,aucune
Q010817,aucune
Q010818,aucune
Q010819,aucune
Q010820,aucune
Q010821,aucune
Q010822,aucune
Q010823,aucune
Q010824,aucune
Q010825,aucune
Q010826,aucune
Q010827,aucune
Q010828,aucune
Q010829,age_arrondi
Q010830,entretien_rapide
Q010831,aucune
Q010832,aucune
Q010833,aucune
Q010834,aucune
Q010835,aucune
Q010836,age_arrondi
Q010837,aucune
Q010838,aucune
Q010839,aucune
Q010840,aucune
Q010841,aucune
Q010842,aucune
Q010843,entretien_rapide
Q010844,aucune
Q010845,aucune
Q010846,aucune
Q010847,aucune
Q010848,aucune
Q010849,uniformite
Q010850,aucune
Q010851,aucune
Q010852,aucune
Q010853,aucune
Q010854,aucune
Q010855,aucune
Q010856,aucune
Q010857,aucune
Q010858,aucune
Q010859,aucune
Q010860,aucune
Q010861,aucune
Q010862,aucune
Q010863,aucune
Q010864,aucune
Q010865,aucune
Q010866,aucune
Q010867,aucune
Q010868,gps_reutilise
Q010869,uniformite
Q010870,aucune
Q010871,aucune
Q010872,aucune
Q010873,aucune
Q010874,aucune
Q010875,aucune
Q010876,aucune
Q010877,aucune
Q010878,aucune
Q010879,aucune
Q010880,aucune
Q010881,aucune
Q010882,gps_reutilise
Q010883,aucune
Q010884,age_arrondi
Q010885,aucune
Q010886,aucune
Q010887,aucune
Q010888,aucune
Q010889,aucune
Q010890,aucune
Q010891,aucune
Q010892,aucune
Q010893,aucune
Q010894,aucune
Q010895,aucune
Q010896,aucune
Q010897,gps_reutilise
Q010898,aucune
Q010899,aucune
Q010900,aucune
Q010901,uniformite
Q010902,aucune
Q010903,aucune
Q010904,aucune
Q010905,aucune
Q010906,aucune
Q010907,aucune
Q010908,aucune
Q010909,aucune
Q010910,gps_reutilise
Q010911,aucune
Q010912,aucune
Q010913,aucune
Q010914,aucune
Q010915,aucune
Q010916,aucune
Q010917,aucune
Q010918,uniformite
Q010919,aucune
Q010920,entretien_rapide
Q010921,aucune
Q010922,aucune
Q010923,aucune
Q010924,aucune
Q010925,aucune
Q010926,aucune
Q010927,aucune
Q010928,aucune
Q010929,aucune
Q010930,aucune
Q010931,aucune
Q010932,aucune
Q010933,aucune
Q010934,aucune
Q010935,aucune
Q010936,aucune
Q010937,aucune
Q010938,aucune
Q010939,aucune
Q010940,aucune
Q010941,aucune
Q010942,aucune
Q010943,aucune
Q010944,aucune
Q010945,aucune
Q010946,aucune
Q010947,aucune
Q010948,entretien_rapide
Q010949,aucune
Q010950,aucune
Q010951,aucune
Q010952,age_arrondi
Q010953,aucune
Q010954,aucune
Q010955,aucune
Q010956,aucune
Q010957,gps_reutilise
Q010958,aucune
Q010959,aucune
Q010960,aucune
Q010961,aucune
Q010962,aucune
Q010963,entretien_rapide
Q010964,aucune
Q010965,age_arrondi
Q010966,aucune
Q010967,aucune
Q010968,aucune
Q010969,aucune
Q010970,aucune
Q010971,aucune
Q010972,aucune
Q010973,aucune
Q010974,aucune
Q010975,age_arrondi
Q010976,aucune
Q010977,aucune
Q010978,aucune
Q010979,aucune
Q010980,aucune
Q010981,gps_reutilise
Q010982,entretien_rapide
Q010983,aucune
Q010984,aucune
Q010985,aucune
Q010986,aucune
Q010987,aucune
Q010988,aucune
Q010989,aucune
Q010990,aucune
Q010991,aucune
Q010992,aucune
Q010993,aucune
Q010994,entretien_rapide
Q010995,aucune
Q010996,aucune
Q010997,aucune
Q010998,age_arrondi
Q010999,aucune
Q011000,aucune
Q011001,aucune
Q011002,aucune
Q011003,aucune
Q011004,aucune
Q011005,aucune
Q011006,aucune
Q011007,aucune
Q011008,aucune
Q011009,aucune
Q011010,entretien_rapide
Q011011,aucune
Q011012,aucune
Q011013,aucune
Q011014,doublon
Q011015,aucune
Q011016,aucune
Q011017,aucune
Q011018,aucune
Q011019,uniformite
Q011020,aucune
Q011021,aucune
Q011022,aucune
Q011023,uniformite
Q011024,aucune
Q011025,aucune
Q011026,aucune
Q011027,aucune
Q011028,aucune
Q011029,aucune
Q011030,aucune
Q011031,age_arrondi
Q011032,aucune
Q011033,aucune
Q011034,aucune
Q011035,aucune
Q011036,aucune
Q011037,aucune
Q011038,aucune
Q011039,aucune
Q011040,age_arrondi
Q011041,gps_reutilise
Q011042,aucune
Q011043,aucune
Q011044,aucune
Q011045,aucune
Q011046,aucune
Q011047,entretien_rapide
Q011048,aucune
Q011049,aucune
Q011050,age_arrondi
Q011051,aucune
Q011052,aucune
Q011053,aucune
Q011054,age_arrondi
Q011055,aucune
Q011056,aucune
Q011057,aucune
Q011058,aucune
Q011059,aucune
Q011060,aucune
Q011061,aucune
Q011062,aucune
Q011063,aucune
Q011064,aucune
Q011065,aucune
Q011066,aucune
Q011067,age_arrondi
Q011068,aucune
Q011069,aucune
Q011070,aucune
Q011071,aucune
Q011072,aucune
Q011073,aucune
Q011074,uniformite
Q011075,aucune
Q011076,aucune
Q011077,aucune
Q011078,age_arrondi
Q011079,aucune
Q011080,aucune
Q011081,aucune
Q011082,aucune
Q011083,aucune
Q011084,entretien_rapide
Q011085,doublon
Q011086,aucune
Q011087,aucune
Q011088,age_arrondi
Q011089,aucune
Q011090,age_arrondi
Q011091,age_arrondi
Q011092,aucune
Q011093,aucune
Q011094,aucune
Q011095,aucune
Q011096,aucune
Q011097,aucune
Q011098,aucune
Q011099,aucune
Q011100,aucune
Q011101,aucune
Q011102,aucune
Q011103,aucune
Q011104,aucune
Q011105,aucune
Q011106,aucune
Q011107,aucune
Q011108,entretien_rapide
Q011109,aucune
Q011110,aucune
Q011111,aucune
Q011112,aucune
Q011113,aucune
Q011114,aucune
Q011115,age_arrondi
Q011116,aucune
Q011117,aucune
Q011118,aucune
Q011119,aucune
Q011120,aucune
Q011121,aucune
Q011122,aucune
Q011123,aucune
Q011124,aucune
Q011125,entretien_rapide
Q011126,aucune
Q011127,aucune
Q011128,aucune
Q011129,aucune
Q011130,aucune
Q011131,aucune
Q011132,aucune
Q011133,aucune
Q011134,aucune
Q011135,age_arrondi
Q011136,age_arrondi
Q011137,aucune
Q011138,uniformite
Q011139,aucune
Q011140,aucune
Q011141,aucune
Q011142,aucune
Q011143,aucune
Q011144,aucune
Q011145,aucune
Q011146,aucune
Q011147,age_arrondi
Q011148,aucune
Q011149,aucune
Q011150,aucune
Q011151,aucune
Q011152,aucune
Q011153,aucune
Q011154,aucune
Q011155,aucune
Q011156,aucune
Q011157,aucune
Q011158,aucune
Q011159,aucune
Q011160,age_arrondi
Q011161,aucune
Q011162,aucune
Q011163,aucune
Q011164,aucune
Q011165,aucune
Q011166,aucune
Q011167,aucune
Q011168,aucune
Q011169,aucune
Q011170,aucune
Q011171,aucune
Q011172,aucune
Q011173,aucune
Q011174,aucune
Q011175,aucune
Q011176,aucune
Q011177,aucune
Q011178,aucune
Q011179,aucune
Q011180,aucune
Q011181,age_arrondi
Q011182,aucune
Q011183,aucune
Q011184,gps_reutilise
Q011185,aucune
Q011186,aucune
Q011187,aucune
Q011188,aucune
Q011189,age_arrondi
Q011190,aucune
Q011191,aucune
Q011192,entretien_rapide
Q011193,aucune
Q011194,aucune
Q011195,aucune
Q011196,aucune
Q011197,aucune
Q011198,aucune
Q011199,aucune
Q011200,aucune
Q011201,aucune
Q011202,aucune
Q011203,aucune
Q011204,aucune
Q011205,aucune
Q011206,aucune
Q011207,aucune
Q011208,aucune
Q011209,aucune
Q011210,age_arrondi
Q011211,gps_reutilise
Q011212,aucune
Q011213,aucune
Q011214,aucune
Q011215,aucune
Q011216,aucune
Q011217,aucune
Q011218,aucune
Q011219,age_arrondi
Q011220,aucune
Q011221,aucune
Q011222,aucune
Q011223,aucune
Q011224,aucune
Q011225,aucune
Q011226,aucune
Q011227,aucune
Q011228,aucune
Q011229,aucune
Q011230,aucune
Q011231,aucune
Q011232,aucune
Q011233,aucune
Q011234,gps_reutilise
Q011235,aucune
Q011236,aucune
Q011237,age_arrondi
Q011238,aucune
Q011239,gps_reutilise
Q011240,gps_reutilise
Q011241,aucune
Q011242,aucune
Q011243,aucune
Q011244,aucune
Q011245,aucune
Q011246,age_arrondi
Q011247,aucune
Q011248,aucune
Q011249,entretien_rapide
Q011250,aucune
Q011251,aucune
Q011252,aucune
Q011253,aucune
Q011254,aucune
Q011255,aucune
Q011256,aucune
Q011257,aucune
Q011258,aucune
Q011259,aucune
Q011260,aucune
Q011261,aucune
Q011262,aucune
Q011263,age_arrondi
Q011264,aucune
Q011265,aucune
Q011266,aucune
Q011267,aucune
Q011268,aucune
Q011269,aucune
Q011270,entretien_rapide
Q011271,aucune
Q011272,aucune
Q011273,age_arrondi
Q011274,aucune
Q011275,aucune
Q011276,aucune
Q011277,aucune
Q011278,aucune
Q011279,aucune
Q011280,aucune
Q011281,aucune
Q011282,aucune
Q011283,aucune
Q011284,aucune
Q011285,aucune
Q011286,entretien_rapide
Q011287,aucune
Q011288,aucune
Q011289,age_arrondi
Q011290,aucune
Q011291,aucune
Q011292,aucune
Q011293,aucune
Q011294,aucune
Q011295,aucune
Q011296,aucune
Q011297,aucune
Q011298,aucune
Q011299,aucune
Q011300,aucune
Q011301,aucune
Q011302,aucune
Q011303,entretien_rapide
Q011304,aucune
Q011305,aucune
Q011306,aucune
Q011307,aucune
Q011308,aucune
Q011309,gps_reutilise
Q011310,aucune
Q011311,aucune
Q011312,aucune
Q011313,aucune
Q011314,aucune
Q011315,entretien_rapide
Q011316,aucune
Q011317,aucune
Q011318,aucune
Q011319,gps_reutilise
Q011320,aucune
Q011321,aucune
Q011322,age_arrondi
Q011323,aucune
Q011324,aucune
Q011325,aucune
Q011326,aucune
Q011327,aucune
Q011328,aucune
Q011329,aucune
Q011330,aucune
Q011331,aucune
Q011332,aucune
Q011333,aucune
Q011334,aucune
Q011335,gps_reutilise
Q011336,aucune
Q011337,gps_reutilise
Q011338,aucune
Q011339,aucune
Q011340,aucune
Q011341,aucune
Q011342,uniformite
Q011343,aucune
Q011344,aucune
Q011345,age_arrondi
Q011346,aucune
Q011347,aucune
Q011348,aucune
Q011349,aucune
Q011350,aucune
Q011351,aucune
Q011352,aucune
Q011353,aucune
Q011354,aucune
Q011355,aucune
Q011356,gps_reutilise
Q011357,aucune
Q011358,aucune
Q011359,aucune
Q011360,aucune
Q011361,aucune
Q011362,aucune
Q011363,entretien_rapide
Q011364,age_arrondi
Q011365,aucune
Q011366,aucune
Q011367,aucune
Q011368,aucune
Q011369,aucune
Q011370,aucune
Q011371,aucune
Q011372,aucune
Q011373,aucune
Q011374,aucune
Q011375,aucune
Q011376,aucune
Q011377,aucune
Q011378,aucune
Q011379,aucune
Q011380,aucune
Q011381,aucune
Q011382,aucune
Q011383,aucune
Q011384,aucune
Q011385,aucune
Q011386,aucune
Q011387,aucune
Q011388,aucune
Q011389,aucune
Q011390,aucune
Q011391,age_arrondi
Q011392,aucune
Q011393,aucune
Q011394,aucune
Q011395,aucune
Q011396,aucune
Q011397,aucune
Q011398,aucune
Q011399,aucune
Q011400,age_arrondi
Q011401,aucune
Q011402,aucune
Q011403,aucune
Q011404,aucune
Q011405,aucune
Q011406,aucune
Q011407,aucune
Q011408,aucune
Q011409,entretien_rapide
Q011410,aucune
Q011411,aucune
Q011412,aucune
Q011413,age_arrondi
Q011414,aucune
Q011415,aucune
Q011416,aucune
Q011417,aucune
Q011418,aucune
Q011419,aucune
Q011420,aucune
Q011421,aucune
Q011422,aucune
Q011423,aucune
Q011424,doublon
Q011425,aucune
Q011426,aucune
Q011427,aucune
Q011428,aucune
Q011429,aucune
Q011430,aucune
Q011431,aucune
Q011432,aucune
Q011433,age_arrondi
Q011434,aucune
Q011435,aucune
Q011436,aucune
Q011437,aucune
Q011438,aucune
Q011439,aucune
Q011440,aucune
Q011441,aucune
Q011442,aucune
Q011443,aucune
Q011444,aucune
Q011445,aucune
Q011446,aucune
Q011447,aucune
Q011448,aucune
Q011449,aucune
Q011450,aucune
Q011451,aucune
Q011452,aucune
Q011453,aucune
Q011454,aucune
Q011455,age_arrondi
Q011456,aucune
Q011457,aucune
Q011458,aucune
Q011459,gps_reutilise
Q011460,aucune
Q011461,aucune
Q011462,aucune
Q011463,age_arrondi
Q011464,aucune
Q011465,aucune
Q011466,aucune
Q011467,age_arrondi
Q011468,aucune
Q011469,aucune
Q011470,age_arrondi
Q011471,aucune
Q011472,aucune
Q011473,age_arrondi
Q011474,aucune
Q011475,aucune
Q011476,age_arrondi
Q011477,gps_reutilise
Q011478,aucune
Q011479,aucune
Q011480,aucune
Q011481,aucune
Q011482,aucune
Q011483,aucune
Q011484,aucune
Q011485,aucune
Q011486,aucune
Q011487,aucune
Q011488,aucune
Q011489,aucune
Q011490,aucune
Q011491,entretien_rapide
Q011492,aucune
Q011493,aucune
Q011494,aucune
Q011495,uniformite
Q011496,aucune
Q011497,aucune
Q011498,age_arrondi
Q011499,aucune
Q011500,aucune
Q011501,entretien_rapide
Q011502,aucune
Q011503,aucune
Q011504,aucune
Q011505,aucune
Q011506,aucune
Q011507,aucune
Q011508,aucune
Q011509,aucune
Q011510,aucune
Q011511,aucune
Q011512,aucune
Q011513,aucune
Q011514,age_arrondi
Q011515,aucune
Q011516,aucune
Q011517,entretien_rapide
Q011518,entretien_rapide
Q011519,aucune
Q011520,aucune
Q011521,aucune
Q011522,aucune
Q011523,aucune
Q011524,aucune
Q011525,aucune
Q011526,aucune
Q011527,aucune
Q011528,aucune
Q011529,aucune
Q011530,aucune
Q011531,aucune
Q011532,aucune
Q011533,aucune
Q011534,aucune
Q011535,aucune
Q011536,aucune
Q011537,aucune
Q011538,aucune
Q011539,aucune
Q011540,aucune
Q011541,aucune
Q011542,aucune
Q011543,aucune
Q011544,entretien_rapide
Q011545,aucune
Q011546,aucune
Q011547,aucune
Q011548,aucune
Q011549,aucune
Q011550,aucune
Q011551,aucune
Q011552,aucune
Q011553,aucune
Q011554,aucune
Q011555,aucune
Q011556,aucune
Q011557,aucune
Q011558,aucune
Q011559,aucune
Q011560,aucune
Q011561,gps_reutilise
Q011562,entretien_rapide
Q011563,gps_reutilise
Q011564,aucune
Q011565,aucune
Q011566,aucune
Q011567,aucune
Q011568,aucune
Q011569,aucune
Q011570,aucune
Q011571,aucune
Q011572,aucune
Q011573,aucune
Q011574,aucune
Q011575,aucune
Q011576,aucune
Q011577,aucune
Q011578,gps_reutilise
Q011579,aucune
Q011580,age_arrondi
Q011581,aucune
Q011582,aucune
Q011583,aucune
Q011584,aucune
Q011585,aucune
Q011586,aucune
Q011587,aucune
Q011588,age_arrondi
Q011589,aucune
Q011590,aucune
Q011591,aucune
Q011592,aucune
Q011593,aucune
Q011594,aucune
Q011595,aucune
Q011596,aucune
Q011597,aucune
Q011598,aucune
Q011599,aucune
Q011600,aucune
Q011601,aucune
Q011602,aucune
Q011603,aucune
Q011604,aucune
Q011605,entretien_rapide
Q011606,aucune
Q011607,uniformite
Q011608,aucune
Q011609,aucune
Q011610,aucune
Q011611,aucune
Q011612,aucune
Q011613,age_arrondi
Q011614,aucune
Q011615,aucune
Q011616,aucune
Q011617,aucune
Q011618,aucune
Q011619,aucune
Q011620,aucune
Q011621,aucune
Q011622,aucune
Q011623,aucune
Q011624,aucune
Q011625,age_arrondi
Q011626,aucune
Q011627,aucune
Q011628,gps_reutilise
Q011629,aucune
Q011630,aucune
Q011631,aucune
Q011632,aucune
Q011633,aucune
Q011634,aucune
Q011635,aucune
Q011636,age_arrondi
Q011637,aucune
Q011638,aucune
Q011639,aucune
Q011640,age_arrondi
Q011641,aucune
Q011642,aucune
Q011643,aucune
Q011644,aucune
Q011645,aucune
Q011646,aucune
Q011647,aucune
Q011648,aucune
Q011649,aucune
Q011650,doublon
Q011651,aucune
Q011652,aucune
Q011653,aucune
Q011654,aucune
Q011655,age_arrondi
Q011656,aucune
Q011657,aucune
Q011658,aucune
Q011659,aucune
Q011660,aucune
Q011661,aucune
Q011662,aucune
Q011663,aucune
Q011664,aucune
Q011665,aucune
Q011666,aucune
Q011667,aucune
Q011668,aucune
Q011669,aucune
Q011670,aucune
Q011671,aucune
Q011672,aucune
Q011673,aucune
Q011674,doublon
Q011675,aucune
Q011676,aucune
Q011677,age_arrondi
Q011678,aucune
Q011679,aucune
Q011680,aucune
Q011681,aucune
Q011682,aucune
Q011683,aucune
Q011684,aucune
Q011685,age_arrondi
Q011686,aucune
Q011687,uniformite
Q011688,aucune
Q011689,aucune
Q011690,aucune
Q011691,age_arrondi
Q011692,aucune
Q011693,aucune
Q011694,aucune
Q011695,aucune
Q011696,gps_reutilise
Q011697,aucune
Q011698,aucune
Q011699,aucune
Q011700,aucune
Q011701,aucune
Q011702,aucune
Q011703,aucune
Q011704,aucune
Q011705,aucune
Q011706,aucune
Q011707,aucune
Q011708,aucune
Q011709,age_arrondi
Q011710,aucune
Q011711,aucune
Q011712,aucune
Q011713,aucune
Q011714,aucune
Q011715,age_arrondi
Q011716,aucune
Q011717,aucune
Q011718,aucune
Q011719,aucune
Q011720,aucune
Q011721,aucune
Q011722,aucune
Q011723,aucune
Q011724,aucune
Q011725,aucune
Q011726,aucune
Q011727,aucune
Q011728,aucune
Q011729,aucune
Q011730,aucune
Q011731,aucune
Q011732,aucune
Q011733,aucune
Q011734,aucune
Q011735,aucune
Q011736,aucune
Q011737,aucune
Q011738,aucune
Q011739,aucune
Q011740,aucune
Q011741,aucune
Q011742,aucune
Q011743,aucune
Q011744,aucune
Q011745,aucune
Q011746,aucune
Q011747,aucune
Q011748,aucune
Q011749,aucune
Q011750,aucune
Q011751,aucune
Q011752,gps_reutilise
Q011753,aucune
Q011754,aucune
Q011755,aucune
Q011756,aucune
Q011757,aucune
Q011758,uniformite
Q011759,aucune
Q011760,aucune
Q011761,aucune
Q011762,aucune
Q011763,aucune
Q011764,aucune
Q011765,aucune
Q011766,age_arrondi
Q011767,aucune
Q011768,aucune
Q011769,aucune
Q011770,aucune
Q011771,entretien_rapide
Q011772,aucune
Q011773,age_arrondi
Q011774,aucune
Q011775,aucune
Q011776,aucune
Q011777,aucune
Q011778,aucune
Q011779,aucune
Q011780,aucune
Q011781,aucune
Q011782,aucune
Q011783,aucune
Q011784,aucune
Q011785,aucune
Q011786,aucune
Q011787,aucune
Q011788,aucune
Q011789,aucune
Q011790,aucune
Q011791,aucune
Q011792,aucune
Q011793,age_arrondi
Q011794,aucune
Q011795,aucune
Q011796,aucune
Q011797,aucune
Q011798,aucune
Q011799,aucune
Q011800,aucune
Q011801,aucune
Q011802,aucune
Q011803,aucune
Q011804,aucune
Q011805,aucune
Q011806,aucune
Q011807,aucune
Q011808,age_arrondi
Q011809,aucune
Q011810,aucune
Q011811,aucune
Q011812,aucune
Q011813,age_arrondi
Q011814,age_arrondi
Q011815,aucune
Q011816,aucune
Q011817,aucune
Q011818,uniformite
Q011819,aucune
Q011820,aucune
Q011821,aucune
Q011822,aucune
Q011823,age_arrondi
Q011824,age_arrondi
Q011825,aucune
Q011826,aucune
Q011827,age_arrondi
Q011828,aucune
Q011829,aucune
Q011830,aucune
Q011831,aucune
Q011832,aucune
Q011833,aucune
Q011834,aucune
Q011835,aucune
Q011836,aucune
Q011837,age_arrondi
Q011838,aucune
Q011839,aucune
Q011840,aucune
Q011841,age_arrondi
Q011842,aucune
Q011843,aucune
Q011844,aucune
Q011845,aucune
Q011846,aucune
Q011847,aucune
Q011848,aucune
Q011849,aucune
Q011850,aucune
Q011851,aucune
Q011852,age_arrondi
Q011853,aucune
Q011854,aucune
Q011855,aucune
Q011856,aucune
Q011857,aucune
Q011858,gps_reutilise
Q011859,aucune
Q011860,aucune
Q011861,age_arrondi
Q011862,aucune
Q011863,aucune
Q011864,aucune
Q011865,aucune
Q011866,aucune
Q011867,aucune
Q011868,aucune
Q011869,aucune
Q011870,aucune
Q011871,aucune
Q011872,aucune
Q011873,aucune
Q011874,aucune
Q011875,aucune
Q011876,aucune
Q011877,aucune
Q011878,aucune
Q011879,aucune
Q011880,aucune
Q011881,aucune
Q011882,aucune
Q011883,aucune
Q011884,aucune
Q011885,entretien_rapide
Q011886,aucune
Q011887,aucune
Q011888,age_arrondi
Q011889,entretien_rapide
Q011890,aucune
Q011891,aucune
Q011892,aucune
Q011893,aucune
Q011894,aucune
Q011895,aucune
Q011896,aucune
Q011897,age_arrondi
Q011898,gps_reutilise
Q011899,aucune
Q011900,aucune
Q011901,aucune
Q011902,age_arrondi
Q011903,aucune
Q011904,aucune
Q011905,aucune
Q011906,aucune
Q011907,aucune
Q011908,aucune
Q011909,aucune
Q011910,aucune
Q011911,aucune
Q011912,entretien_rapide
Q011913,aucune
Q011914,aucune
Q011915,age_arrondi
Q011916,aucune
Q011917,aucune
Q011918,age_arrondi
Q011919,doublon
Q011920,aucune
Q011921,aucune
Q011922,aucune
Q011923,aucune
Q011924,aucune
Q011925,aucune
Q011926,aucune
Q011927,uniformite
Q011928,aucune
Q011929,aucune
Q011930,aucune
Q011931,aucune
Q011932,aucune
Q011933,aucune
Q011934,aucune
Q011935,aucune
Q011936,gps_reutilise
Q011937,aucune
Q011938,aucune
Q011939,entretien_rapide
Q011940,aucune
Q011941,entretien_rapide
Q011942,aucune
Q011943,aucune
Q011944,entretien_rapide
Q011945,age_arrondi
Q011946,entretien_rapide
Q011947,aucune
Q011948,aucune
Q011949,aucune
Q011950,aucune
Q011951,age_arrondi
Q011952,aucune
Q011953,aucune
Q011954,aucune
Q011955,aucune
Q011956,aucune
Q011957,aucune
Q011958,entretien_rapide
Q011959,aucune
Q011960,aucune
Q011961,aucune
Q011962,aucune
Q011963,aucune
Q011964,age_arrondi
Q011965,aucune
Q011966,aucune
Q011967,aucune
Q011968,aucune
Q011969,aucune
Q011970,aucune
Q011971,aucune
Q011972,aucune
Q011973,aucune
Q011974,age_arrondi
Q011975,aucune
Q011976,aucune
Q011977,uniformite
Q011978,aucune
Q011979,aucune
Q011980,aucune
Q011981,aucune
Q011982,aucune
Q011983,aucune
Q011984,aucune
Q011985,aucune
Q011986,doublon
Q011987,aucune
Q011988,aucune
Q011989,uniformite
Q011990,aucune
Q011991,aucune
Q011992,aucune
Q011993,aucune
Q011994,aucune
Q011995,aucune
Q011996,aucune
Q011997,entretien_rapide
Q011998,age_arrondi
Q011999,aucune
Q012000,aucune
Q012001,aucune
Q012002,aucune
Q012003,aucune
Q012004,aucune
Q012005,aucune
Q012006,entretien_rapide
Q012007,aucune
Q012008,aucune
Q012009,aucune
Q012010,uniformite
Q012011,aucune
Q012012,age_arrondi
Q012013,aucune
Q012014,aucune
Q012015,age_arrondi
Q012016,aucune
Q012017,aucune
Q012018,aucune
Q012019,age_arrondi
Q012020,aucune
Q012021,aucune
Q012022,aucune
Q012023,aucune
Q012024,aucune
Q012025,aucune
Q012026,aucune
Q012027,aucune
Q012028,aucune
Q012029,aucune
Q012030,aucune
Q012031,aucune
Q012032,aucune
Q012033,aucune
Q012034,aucune
Q012035,aucune
Q012036,age_arrondi
Q012037,aucune
Q012038,aucune
Q012039,aucune
Q012040,aucune
Q012041,aucune
Q012042,aucune
Q012043,aucune
Q012044,aucune
Q012045,aucune
Q012046,aucune
Q012047,aucune
Q012048,aucune
Q012049,aucune
Q012050,aucune
Q012051,aucune
Q012052,aucune
Q012053,aucune
Q012054,aucune
Q012055,aucune
Q012056,aucune
Q012057,uniformite
Q012058,entretien_rapide
Q012059,aucune
Q012060,age_arrondi
Q012061,aucune
Q012062,aucune
Q012063,aucune
Q012064,aucune
Q012065,aucune
Q012066,aucune
Q012067,aucune
Q012068,aucune
Q012069,aucune
Q012070,aucune
Q012071,aucune
Q012072,aucune
Q012073,aucune
Q012074,aucune
Q012075,aucune
Q012076,aucune
Q012077,aucune
Q012078,aucune
Q012079,aucune
Q012080,age_arrondi
Q012081,aucune
Q012082,uniformite
Q012083,aucune
Q012084,aucune
Q012085,aucune
Q012086,age_arrondi
Q012087,aucune
Q012088,aucune
Q012089,aucune
Q012090,aucune
Q012091,aucune
Q012092,aucune
Q012093,aucune
Q012094,aucune
Q012095,aucune
Q012096,aucune
Q012097,age_arrondi
Q012098,aucune
Q012099,aucune
Q012100,aucune
Q012101,aucune
Q012102,doublon
Q012103,age_arrondi
Q012104,aucune
Q012105,aucune
Q012106,aucune
Q012107,aucune
Q012108,aucune
Q012109,aucune
Q012110,doublon
Q012111,aucune
Q012112,aucune
Q012113,gps_reutilise
Q012114,age_arrondi
Q012115,aucune
Q012116,aucune
Q012117,aucune
Q012118,aucune
Q012119,uniformite
Q012120,aucune
Q012121,entretien_rapide
Q012122,aucune
Q012123,aucune
Q012124,aucune
Q012125,aucune
Q012126,aucune
Q012127,aucune
Q012128,aucune
Q012129,age_arrondi
Q012130,aucune
Q012131,aucune
Q012132,aucune
Q012133,aucune
Q012134,aucune
Q012135,aucune
Q012136,aucune
Q012137,aucune
Q012138,aucune
Q012139,aucune
Q012140,aucune
Q012141,aucune
Q012142,age_arrondi
Q012143,age_arrondi
Q012144,aucune
Q012145,aucune
Q012146,aucune
Q012147,aucune
Q012148,entretien_rapide
Q012149,aucune
Q012150,aucune
Q012151,aucune
Q012152,aucune
Q012153,aucune
Q012154,doublon
Q012155,aucune
Q012156,doublon
Q012157,uniformite
Q012158,aucune
Q012159,gps_reutilise
Q012160,aucune
Q012161,aucune
Q012162,aucune
Q012163,aucune
Q012164,aucune
Q012165,aucune
Q012166,aucune
Q012167,aucune
Q012168,aucune
Q012169,aucune
Q012170,aucune
Q012171,age_arrondi
Q012172,aucune
Q012173,age_arrondi
Q012174,aucune
Q012175,aucune
Q012176,uniformite
Q012177,aucune
Q012178,aucune
Q012179,age_arrondi
Q012180,aucune
Q012181,aucune
Q012182,aucune
Q012183,aucune
Q012184,gps_reutilise
Q012185,aucune
Q012186,aucune
Q012187,aucune
Q012188,entretien_rapide
Q012189,aucune
Q012190,aucune
Q012191,aucune
Q012192,aucune
Q012193,aucune
Q012194,aucune
Q012195,aucune
Q012196,aucune
Q012197,aucune
Q012198,aucune
Q012199,age_arrondi
Q012200,aucune
Q012201,age_arrondi
Q012202,aucune
Q012203,aucune
Q012204,aucune
Q012205,aucune
Q012206,aucune
Q012207,aucune
Q012208,aucune
Q012209,aucune
Q012210,aucune
Q012211,age_arrondi
Q012212,age_arrondi
Q012213,aucune
Q012214,entretien_rapide
Q012215,aucune
Q012216,aucune
Q012217,aucune
Q012218,aucune
Q012219,aucune
Q012220,aucune
Q012221,aucune
Q012222,aucune
Q012223,aucune
Q012224,aucune
Q012225,aucune
Q012226,aucune
Q012227,aucune
Q012228,entretien_rapide
Q012229,aucune
Q012230,aucune
Q012231,aucune
Q012232,aucune
Q012233,aucune
Q012234,aucune
Q012235,aucune
Q012236,aucune
Q012237,aucune
Q012238,age_arrondi
Q012239,aucune
Q012240,aucune
Q012241,age_arrondi
Q012242,aucune
Q012243,aucune
Q012244,aucune
Q012245,aucune
Q012246,aucune
Q012247,aucune
Q012248,aucune
Q012249,aucune
Q012250,aucune
Q012251,aucune
Q012252,aucune
Q012253,aucune
Q012254,aucune
Q012255,aucune
Q012256,aucune
Q012257,aucune
Q012258,aucune
Q012259,doublon
Q012260,aucune
Q012261,aucune
Q012262,aucune
Q012263,aucune
Q012264,aucune
Q012265,aucune
Q012266,aucune
Q012267,aucune
Q012268,aucune
Q012269,aucune
Q012270,aucune
Q012271,aucune
Q012272,aucune
Q012273,aucune
Q012274,aucune
Q012275,aucune
Q012276,aucune
Q012277,aucune
Q012278,aucune
Q012279,age_arrondi
Q012280,aucune
Q012281,aucune
Q012282,aucune
Q012283,aucune
Q012284,aucune
Q012285,aucune
Q012286,aucune
Q012287,gps_reutilise
Q012288,uniformite
Q012289,aucune
Q012290,aucune
Q012291,aucune
Q012292,gps_reutilise
Q012293,aucune
Q012294,aucune
Q012295,aucune
Q012296,aucune
Q012297,aucune
Q012298,age_arrondi
Q012299,aucune
Q012300,entretien_rapide
Q012301,aucune
Q012302,aucune
Q012303,aucune
Q012304,aucune
Q012305,age_arrondi
Q012306,aucune
Q012307,aucune
Q012308,aucune
Q012309,aucune
Q012310,aucune
Q012311,aucune
Q012312,age_arrondi
Q012313,aucune
Q012314,aucune
Q012315,aucune
Q012316,aucune
Q012317,entretien_rapide
Q012318,aucune
Q012319,aucune
Q012320,aucune
Q012321,aucune
Q012322,aucune
Q012323,aucune
Q012324,aucune
Q012325,aucune
Q012326,aucune
Q012327,aucune
Q012328,aucune
Q012329,aucune
Q012330,age_arrondi
Q012331,aucune
Q012332,aucune
Q012333,aucune
Q012334,age_arrondi
Q012335,aucune
Q012336,aucune
Q012337,aucune
Q012338,aucune
Q012339,aucune
Q012340,aucune
Q012341,aucune
Q012342,aucune
Q012343,aucune
Q012344,age_arrondi
Q012345,aucune
Q012346,aucune
Q012347,gps_reutilise
Q012348,aucune
Q012349,aucune
Q012350,aucune
Q012351,aucune
Q012352,aucune
Q012353,aucune
Q012354,aucune
Q012355,aucune
Q012356,entretien_rapide
Q012357,aucune
Q012358,entretien_rapide
Q012359,aucune
Q012360,aucune
Q012361,age_arrondi
Q012362,aucune
Q012363,aucune
Q012364,aucune
Q012365,aucune
Q012366,aucune
Q012367,age_arrondi
Q012368,entretien_rapide
Q012369,doublon
Q012370,aucune
Q012371,aucune
Q012372,aucune
Q012373,age_arrondi
Q012374,aucune
Q012375,aucune
Q012376,aucune
Q012377,aucune
Q012378,aucune
Q012379,aucune
Q012380,entretien_rapide
Q012381,gps_reutilise
Q012382,aucune
Q012383,aucune
Q012384,aucune
Q012385,aucune
Q012386,age_arrondi
Q012387,aucune
Q012388,aucune
Q012389,aucune
Q012390,aucune
Q012391,aucune
Q012392,entretien_rapide
Q012393,aucune
Q012394,aucune
Q012395,aucune
Q012396,aucune
Q012397,aucune
Q012398,aucune
Q012399,aucune
Q012400,uniformite
Q012401,aucune
Q012402,entretien_rapide
Q012403,aucune
Q012404,aucune
Q012405,aucune
Q012406,aucune
Q012407,aucune
Q012408,entretien_rapide
Q012409,aucune
Q012410,aucune
Q012411,aucune
Q012412,entretien_rapide
Q012413,aucune
Q012414,aucune
Q012415,age_arrondi
Q012416,aucune
Q012417,age_arrondi
Q012418,aucune
Q012419,aucune
Q012420,aucune
Q012421,aucune
Q012422,age_arrondi
Q012423,aucune
Q012424,entretien_rapide
Q012425,aucune
Q012426,aucune
Q012427,aucune
Q012428,aucune
Q012429,aucune
Q012430,aucune
Q012431,aucune
Q012432,aucune
Q012433,age_arrondi
Q012434,aucune
Q012435,aucune
Q012436,gps_reutilise
Q012437,age_arrondi
Q012438,age_arrondi
Q012439,aucune
Q012440,aucune
Q012441,aucune
Q012442,aucune
Q012443,aucune
Q012444,aucune
Q012445,aucune
Q012446,aucune
Q012447,aucune
Q012448,aucune
Q012449,aucune
Q012450,aucune
Q012451,aucune
Q012452,entretien_rapide
Q012453,aucune
Q012454,aucune
Q012455,aucune
Q012456,gps_reutilise
Q012457,aucune
Q012458,age_arrondi
Q012459,aucune
Q012460,aucune
Q012461,aucune
Q012462,aucune
Q012463,aucune
Q012464,aucune
Q012465,aucune
Q012466,aucune
Q012467,aucune
Q012468,aucune
Q012469,aucune
Q012470,aucune
Q012471,aucune
Q012472,aucune
Q012473,aucune
Q012474,aucune
Q012475,aucune
Q012476,aucune
Q012477,aucune
Q012478,aucune
Q012479,aucune
Q012480,age_arrondi
Q012481,aucune
Q012482,aucune
Q012483,gps_reutilise
Q012484,aucune
Q012485,aucune
Q012486,aucune
Q012487,aucune
Q012488,age_arrondi
Q012489,aucune
Q012490,aucune
Q012491,aucune
Q012492,gps_reutilise
Q012493,age_arrondi
Q012494,aucune
Q012495,aucune
Q012496,aucune
Q012497,aucune
Q012498,aucune
Q012499,age_arrondi
Q012500,aucune
Q012501,gps_reutilise
Q012502,aucune
Q012503,aucune
Q012504,aucune
Q012505,aucune
Q012506,aucune
Q012507,aucune
Q012508,aucune
Q012509,aucune
Q012510,aucune
Q012511,aucune
Q012512,aucune
Q012513,age_arrondi
Q012514,aucune
Q012515,aucune
Q012516,aucune
Q012517,aucune
Q012518,aucune
Q012519,aucune
Q012520,aucune
Q012521,uniformite
Q012522,aucune
Q012523,aucune
Q012524,aucune
Q012525,aucune
Q012526,aucune
Q012527,aucune
Q012528,aucune
Q012529,aucune
Q012530,aucune
Q012531,aucune
Q012532,aucune
Q012533,aucune
Q012534,aucune
Q012535,aucune
Q012536,aucune
Q012537,aucune
Q012538,aucune
Q012539,aucune
Q012540,aucune
Q012541,aucune
Q012542,aucune
Q012543,aucune
Q012544,aucune
Q012545,aucune
Q012546,aucune
Q012547,aucune
Q012548,aucune
Q012549,aucune
Q012550,aucune
Q012551,aucune
Q012552,aucune
Q012553,aucune
Q012554,aucune
Q012555,aucune
Q012556,aucune
Q012557,entretien_rapide
Q012558,gps_reutilise
Q012559,age_arrondi
Q012560,aucune
Q012561,aucune
Q012562,aucune
Q012563,aucune
Q012564,aucune
Q012565,aucune
Q012566,aucune
Q012567,aucune
Q012568,gps_reutilise
Q012569,aucune
Q012570,aucune
Q012571,entretien_rapide
Q012572,aucune
Q012573,aucune
Q012574,uniformite
Q012575,aucune
Q012576,aucune
Q012577,aucune
Q012578,aucune
Q012579,age_arrondi
Q012580,aucune
Q012581,aucune
Q012582,aucune
Q012583,age_arrondi
Q012584,aucune
Q012585,aucune
Q012586,gps_reutilise
Q012587,aucune
Q012588,aucune
Q012589,aucune
Q012590,aucune
Q012591,aucune
Q012592,aucune
Q012593,aucune
Q012594,aucune
Q012595,aucune
Q012596,aucune
Q012597,age_arrondi
Q012598,aucune
Q012599,uniformite
Q012600,gps_reutilise
Q012601,aucune
Q012602,aucune
Q012603,aucune
Q012604,age_arrondi
Q012605,aucune
Q012606,aucune
Q012607,aucune
Q012608,aucune
Q012609,aucune
Q012610,doublon
Q012611,aucune
Q012612,age_arrondi
Q012613,aucune
Q012614,entretien_rapide
Q012615,aucune
Q012616,aucune
Q012617,aucune
Q012618,aucune
Q012619,aucune
Q012620,aucune
Q012621,aucune
Q012622,aucune
Q012623,aucune
Q012624,aucune
Q012625,aucune
Q012626,aucune
Q012627,aucune
Q012628,aucune
Q012629,aucune
Q012630,aucune
Q012631,aucune
Q012632,aucune
Q012633,aucune
Q012634,aucune
Q012635,aucune
Q012636,doublon
Q012637,aucune
Q012638,age_arrondi
Q012639,aucune
Q012640,aucune
Q012641,aucune
Q012642,uniformite
Q012643,aucune
Q012644,aucune
Q012645,aucune
Q012646,aucune
Q012647,aucune
Q012648,aucune
Q012649,aucune
Q012650,aucune
Q012651,aucune
Q012652,aucune
Q012653,aucune
Q012654,aucune
Q012655,doublon
Q012656,aucune
Q012657,aucune
Q012658,aucune
Q012659,aucune
Q012660,aucune
Q012661,aucune
Q012662,aucune
Q012663,aucune
Q012664,age_arrondi
Q012665,aucune
Q012666,doublon
Q012667,aucune
Q012668,aucune
Q012669,aucune
Q012670,aucune
Q012671,aucune
Q012672,aucune
Q012673,aucune
Q012674,aucune
Q012675,aucune
Q012676,entretien_rapide
Q012677,aucune
Q012678,aucune
Q012679,age_arrondi
Q012680,aucune
Q012681,aucune
Q012682,aucune
Q012683,doublon
Q012684,aucune
Q012685,aucune
Q012686,age_arrondi
Q012687,gps_reutilise
Q012688,aucune
Q012689,aucune
Q012690,aucune
Q012691,aucune
Q012692,aucune
Q012693,age_arrondi
Q012694,aucune
Q012695,aucune
Q012696,aucune
Q012697,aucune
Q012698,age_arrondi
Q012699,doublon
Q012700,aucune
Q012701,gps_reutilise
Q012702,aucune
Q012703,aucune
Q012704,aucune
Q012705,aucune
Q012706,aucune
Q012707,aucune
Q012708,aucune
Q012709,aucune
Q012710,aucune
Q012711,gps_reutilise
Q012712,aucune
Q012713,aucune
Q012714,aucune
Q012715,age_arrondi
Q012716,age_arrondi
Q012717,aucune
Q012718,aucune
Q012719,aucune
Q012720,aucune
Q012721,aucune
Q012722,age_arrondi
Q012723,aucune
Q012724,uniformite
Q012725,aucune
Q012726,aucune
Q012727,aucune
Q012728,aucune
Q012729,age_arrondi
Q012730,age_arrondi
Q012731,aucune
Q012732,aucune
Q012733,aucune
Q012734,aucune
Q012735,age_arrondi
Q012736,aucune
Q012737,aucune
Q012738,aucune
Q012739,aucune
Q012740,aucune
Q012741,aucune
Q012742,aucune
Q012743,gps_reutilise
Q012744,aucune
Q012745,aucune
Q012746,aucune
Q012747,gps_reutilise
Q012748,aucune
Q012749,aucune
Q012750,aucune
Q012751,entretien_rapide
Q012752,aucune
Q012753,uniformite
Q012754,aucune
Q012755,gps_reutilise
Q012756,aucune
Q012757,aucune
Q012758,aucune
Q012759,aucune
Q012760,aucune
Q012761,aucune
Q012762,aucune
Q012763,aucune
Q012764,aucune
Q012765,aucune
Q012766,aucune
Q012767,aucune
Q012768,aucune
Q012769,aucune
Q012770,aucune
Q012771,aucune
Q012772,aucune
Q012773,aucune
Q012774,aucune
Q012775,aucune
Q012776,doublon
Q012777,aucune
Q012778,aucune
Q012779,aucune
Q012780,aucune
Q012781,aucune
Q012782,aucune
Q012783,aucune
Q012784,aucune
Q012785,aucune
Q012786,aucune
Q012787,aucune
Q012788,aucune
Q012789,entretien_rapide
Q012790,aucune
Q012791,aucune
Q012792,aucune
Q012793,aucune
Q012794,aucune
Q012795,aucune
Q012796,aucune
Q012797,aucune
Q012798,aucune
Q012799,aucune
Q012800,aucune
Q012801,aucune
Q012802,aucune
Q012803,aucune
Q012804,aucune
Q012805,aucune
Q012806,aucune
Q012807,aucune
Q012808,aucune
Q012809,aucune
Q012810,aucune
Q012811,aucune
Q012812,aucune
Q012813,aucune
Q012814,aucune
Q012815,aucune
Q012816,aucune
Q012817,aucune
Q012818,aucune
Q012819,age_arrondi
Q012820,aucune
Q012821,aucune
Q012822,age_arrondi
Q012823,aucune
Q012824,aucune
Q012825,aucune
Q012826,aucune
Q012827,aucune
Q012828,aucune
Q012829,aucune
Q012830,aucune
Q012831,aucune
Q012832,aucune
Q012833,aucune
Q012834,aucune
Q012835,aucune
Q012836,aucune
Q012837,aucune
Q012838,aucune
Q012839,aucune
Q012840,aucune
Q012841,aucune
Q012842,aucune
Q012843,age_arrondi
Q012844,aucune
Q012845,aucune
Q012846,aucune
Q012847,aucune
Q012848,aucune
Q012849,aucune
Q012850,aucune
Q012851,aucune
Q012852,aucune
Q012853,aucune
Q012854,aucune
Q012855,entretien_rapide
Q012856,aucune
Q012857,aucune
Q012858,aucune
Q012859,aucune
Q012860,aucune
Q012861,aucune
Q012862,aucune
Q012863,aucune
Q012864,aucune
Q012865,aucune
Q012866,aucune
Q012867,age_arrondi
Q012868,aucune
Q012869,aucune
Q012870,aucune
Q012871,aucune
Q012872,aucune
Q012873,aucune
Q012874,aucune
Q012875,aucune
Q012876,gps_reutilise
Q012877,aucune
Q012878,aucune
Q012879,aucune
Q012880,age_arrondi
Q012881,aucune
Q012882,aucune
Q012883,aucune
Q012884,aucune
Q012885,aucune
Q012886,aucune
Q012887,aucune
Q012888,aucune
Q012889,aucune
Q012890,aucune
Q012891,aucune
Q012892,entretien_rapide
Q012893,aucune
Q012894,aucune
Q012895,age_arrondi
Q012896,aucune
Q012897,aucune
Q012898,aucune
Q012899,aucune
Q012900,aucune
Q012901,aucune
Q012902,aucune
Q012903,aucune
Q012904,aucune
Q012905,aucune
Q012906,aucune
Q012907,aucune
Q012908,aucune
Q012909,aucune
Q012910,aucune
Q012911,aucune
Q012912,aucune
Q012913,gps_reutilise
Q012914,age_arrondi
Q012915,uniformite
Q012916,aucune
Q012917,aucune
Q012918,aucune
Q012919,aucune
Q012920,age_arrondi
Q012921,aucune
Q012922,aucune
Q012923,aucune
Q012924,aucune
Q012925,aucune
Q012926,aucune
Q012927,aucune
Q012928,aucune
Q012929,entretien_rapide
Q012930,aucune
Q012931,aucune
Q012932,aucune
Q012933,aucune
Q012934,aucune
Q012935,age_arrondi
Q012936,aucune
Q012937,aucune
Q012938,aucune
Q012939,aucune
Q012940,aucune
Q012941,aucune
Q012942,aucune
Q012943,aucune
Q012944,age_arrondi
Q012945,age_arrondi
Q012946,entretien_rapide
Q012947,aucune
Q012948,aucune
Q012949,aucune
Q012950,aucune
Q012951,aucune
Q012952,aucune
Q012953,aucune
Q012954,aucune
Q012955,aucune
Q012956,aucune
Q012957,age_arrondi
Q012958,aucune
Q012959,aucune
Q012960,aucune
Q012961,aucune
Q012962,aucune
Q012963,aucune
Q012964,aucune
Q012965,age_arrondi
Q012966,aucune
Q012967,aucune
Q012968,age_arrondi
Q012969,uniformite
Q012970,aucune
Q012971,gps_reutilise
Q012972,aucune
Q012973,aucune
Q012974,aucune
Q012975,aucune
Q012976,aucune
Q012977,aucune
Q012978,age_arrondi
Q012979,aucune
Q012980,age_arrondi
Q012981,aucune
Q012982,aucune
Q012983,aucune
Q012984,aucune
Q012985,aucune
Q012986,aucune
Q012987,aucune
Q012988,aucune
Q012989,entretien_rapide
Q012990,aucune
Q012991,aucune
Q012992,aucune
Q012993,aucune
Q012994,age_arrondi
Q012995,gps_reutilise
Q012996,doublon
Q012997,doublon
Q012998,aucune
Q012999,aucune
Q013000,gps_reutilise
Q013001,aucune
Q013002,aucune
Q013003,aucune
Q013004,aucune
Q013005,aucune
Q013006,aucune
Q013007,gps_reutilise
Q013008,aucune
Q013009,doublon
Q013010,aucune
Q013011,aucune
Q013012,aucune
Q013013,gps_reutilise
Q013014,aucune
Q013015,age_arrondi
Q013016,aucune
Q013017,aucune
Q013018,aucune
Q013019,aucune
Q013020,aucune
Q013021,aucune
Q013022,aucune
Q013023,aucune
Q013024,aucune
Q013025,aucune
Q013026,aucune
Q013027,aucune
Q013028,aucune
Q013029,aucune
Q013030,aucune
Q013031,aucune
Q013032,gps_reutilise
Q013033,aucune
Q013034,aucune
Q013035,aucune
Q013036,aucune
Q013037,aucune
Q013038,aucune
Q013039,gps_reutilise
Q013040,aucune
Q013041,aucune
Q013042,aucune
Q013043,aucune
Q013044,aucune
Q013045,aucune
Q013046,aucune
Q013047,aucune
Q013048,aucune
Q013049,aucune
Q013050,aucune
Q013051,aucune
Q013052,aucune
Q013053,aucune
Q013054,aucune
Q013055,aucune
Q013056,entretien_rapide
Q013057,aucune
Q013058,aucune
Q013059,aucune
Q013060,aucune
Q013061,aucune
Q013062,aucune
Q013063,aucune
Q013064,aucune
Q013065,entretien_rapide
Q013066,aucune
Q013067,entretien_rapide
Q013068,aucune
Q013069,age_arrondi
Q013070,aucune
Q013071,aucune
Q013072,aucune
Q013073,aucune
Q013074,aucune
Q013075,aucune
Q013076,aucune
Q013077,aucune
Q013078,age_arrondi
Q013079,aucune
Q013080,aucune
Q013081,age_arrondi
Q013082,aucune
Q013083,aucune
Q013084,aucune
Q013085,aucune
Q013086,aucune
Q013087,aucune
Q013088,aucune
Q013089,age_arrondi
Q013090,entretien_rapide
Q013091,aucune
Q013092,aucune
Q013093,aucune
Q013094,aucune
Q013095,aucune
Q013096,aucune
Q013097,aucune
Q013098,aucune
Q013099,aucune
Q013100,aucune
Q013101,aucune
Q013102,aucune
Q013103,aucune
Q013104,aucune
Q013105,aucune
Q013106,aucune
Q013107,aucune
Q013108,aucune
Q013109,aucune
Q013110,aucune
Q013111,aucune
Q013112,aucune
Q013113,aucune
Q013114,age_arrondi
Q013115,aucune
Q013116,aucune
Q013117,aucune
Q013118,aucune
Q013119,aucune
Q013120,aucune
Q013121,aucune
Q013122,aucune
Q013123,aucune
Q013124,aucune
Q013125,aucune
Q013126,aucune
Q013127,aucune
Q013128,aucune
Q013129,aucune
Q013130,aucune
Q013131,uniformite
Q013132,aucune
Q013133,aucune
Q013134,aucune
Q013135,aucune
Q013136,aucune
Q013137,aucune
Q013138,age_arrondi
Q013139,aucune
Q013140,aucune
Q013141,age_arrondi
Q013142,aucune
Q013143,aucune
Q013144,aucune
Q013145,aucune
Q013146,aucune
Q013147,aucune
Q013148,entretien_rapide
Q013149,aucune
Q013150,aucune
Q013151,aucune
Q013152,aucune
Q013153,aucune
Q013154,aucune
Q013155,aucune
Q013156,aucune
Q013157,aucune
Q013158,aucune
Q013159,aucune
Q013160,aucune
Q013161,aucune
Q013162,aucune
Q013163,aucune
Q013164,aucune
Q013165,aucune
Q013166,uniformite
Q013167,aucune
Q013168,aucune
Q013169,age_arrondi
Q013170,age_arrondi
Q013171,age_arrondi
Q013172,aucune
Q013173,aucune
Q013174,aucune
Q013175,aucune
Q013176,aucune
Q013177,aucune
Q013178,aucune
Q013179,aucune
Q013180,aucune
Q013181,aucune
Q013182,aucune
Q013183,aucune
Q013184,aucune
Q013185,aucune
Q013186,aucune
Q013187,aucune
Q013188,age_arrondi
Q013189,aucune
Q013190,aucune
Q013191,entretien_rapide
Q013192,aucune
Q013193,aucune
Q013194,aucune
Q013195,aucune
Q013196,aucune
Q013197,aucune
Q013198,aucune
Q013199,aucune
Q013200,aucune
Q013201,aucune
Q013202,uniformite
Q013203,aucune
Q013204,aucune
Q013205,aucune
Q013206,aucune
Q013207,aucune
Q013208,aucune
Q013209,aucune
Q013210,aucune
Q013211,aucune
Q013212,aucune
Q013213,aucune
Q013214,aucune
Q013215,aucune
Q013216,aucune
Q013217,aucune
Q013218,aucune
Q013219,aucune
Q013220,aucune
Q013221,aucune
Q013222,aucune
Q013223,entretien_rapide
Q013224,aucune
Q013225,aucune
Q013226,aucune
Q013227,aucune
Q013228,aucune
Q013229,aucune
Q013230,aucune
Q013231,aucune
Q013232,aucune
Q013233,aucune
Q013234,aucune
Q013235,aucune
Q013236,aucune
Q013237,aucune
Q013238,aucune
Q013239,aucune
Q013240,aucune
Q013241,aucune
Q013242,aucune
Q013243,uniformite
Q013244,aucune
Q013245,aucune
Q013246,aucune
Q013247,aucune
Q013248,aucune
Q013249,aucune
Q013250,age_arrondi
Q013251,aucune
Q013252,aucune
Q013253,aucune
Q013254,aucune
Q013255,aucune
Q013256,aucune
Q013257,aucune
Q013258,aucune
Q013259,aucune
Q013260,aucune
Q013261,aucune
Q013262,aucune
Q013263,aucune
Q013264,aucune
Q013265,aucune
Q013266,aucune
Q013267,aucune
Q013268,aucune
Q013269,aucune
Q013270,aucune
Q013271,age_arrondi
Q013272,aucune
Q013273,aucune
Q013274,aucune
Q013275,aucune
Q013276,uniformite
Q013277,aucune
Q013278,aucune
Q013279,aucune
Q013280,aucune
Q013281,aucune
Q013282,aucune
Q013283,age_arrondi
Q013284,aucune
Q013285,entretien_rapide
Q013286,aucune
Q013287,aucune
Q013288,aucune
Q013289,aucune
Q013290,aucune
Q013291,aucune
Q013292,aucune
Q013293,aucune
Q013294,aucune
Q013295,aucune
Q013296,aucune
Q013297,age_arrondi
Q013298,aucune
Q013299,aucune
Q013300,aucune
Q013301,gps_reutilise
Q013302,aucune
Q013303,entretien_rapide
Q013304,aucune
Q013305,aucune
Q013306,aucune
Q013307,aucune
Q013308,age_arrondi
Q013309,aucune
Q013310,aucune
Q013311,aucune
Q013312,aucune
Q013313,aucune
Q013314,aucune
Q013315,aucune
Q013316,aucune
Q013317,aucune
Q013318,aucune
Q013319,aucune
Q013320,aucune
Q013321,aucune
Q013322,aucune
Q013323,gps_reutilise
Q013324,age_arrondi
Q013325,aucune
Q013326,aucune
Q013327,aucune
Q013328,aucune
Q013329,age_arrondi
Q013330,aucune
Q013331,aucune
Q013332,aucune
Q013333,aucune
Q013334,aucune
Q013335,aucune
Q013336,age_arrondi
Q013337,aucune
Q013338,aucune
Q013339,aucune
Q013340,aucune
Q013341,aucune
Q013342,aucune
Q013343,aucune
Q013344,aucune
Q013345,aucune
Q013346,aucune
Q013347,aucune
Q013348,aucune
Q013349,aucune
Q013350,aucune
Q013351,aucune
Q013352,aucune
Q013353,aucune
Q013354,aucune
Q013355,aucune
Q013356,aucune
Q013357,aucune
Q013358,age_arrondi
Q013359,aucune
Q013360,aucune
Q013361,aucune
Q013362,aucune
Q013363,aucune
Q013364,doublon
Q013365,aucune
Q013366,aucune
Q013367,age_arrondi
Q013368,aucune
Q013369,aucune
Q013370,aucune
Q013371,aucune
Q013372,aucune
Q013373,aucune
Q013374,aucune
Q013375,aucune
Q013376,aucune
Q013377,aucune
Q013378,aucune
Q013379,aucune
Q013380,aucune
Q013381,aucune
Q013382,entretien_rapide
Q013383,aucune
Q013384,aucune
Q013385,aucune
Q013386,aucune
Q013387,aucune
Q013388,aucune
Q013389,aucune
Q013390,aucune
Q013391,aucune
Q013392,aucune
Q013393,aucune
Q013394,aucune
Q013395,aucune
Q013396,aucune
Q013397,aucune
Q013398,aucune
Q013399,aucune
Q013400,aucune
Q013401,aucune
Q013402,aucune
Q013403,aucune
Q013404,aucune
Q013405,aucune
Q013406,aucune
Q013407,aucune
Q013408,aucune
Q013409,aucune
Q013410,aucune
Q013411,aucune
Q013412,aucune
Q013413,aucune
Q013414,aucune
Q013415,aucune
Q013416,aucune
Q013417,aucune
Q013418,aucune
Q013419,aucune
Q013420,aucune
Q013421,doublon
Q013422,aucune
Q013423,age_arrondi
Q013424,aucune
Q013425,aucune
Q013426,aucune
Q013427,aucune
Q013428,aucune
Q013429,aucune
Q013430,entretien_rapide
Q013431,aucune
Q013432,aucune
Q013433,age_arrondi
Q013434,aucune
Q013435,aucune
Q013436,aucune
Q013437,aucune
Q013438,aucune
Q013439,aucune
Q013440,aucune
Q013441,aucune
Q013442,aucune
Q013443,aucune
Q013444,aucune
Q013445,aucune
Q013446,aucune
Q013447,aucune
Q013448,aucune
Q013449,aucune
Q013450,entretien_rapide
Q013451,aucune
Q013452,age_arrondi
Q013453,aucune
Q013454,aucune
Q013455,aucune
Q013456,aucune
Q013457,aucune
Q013458,aucune
Q013459,aucune
Q013460,aucune
Q013461,aucune
Q013462,entretien_rapide
Q013463,aucune
Q013464,aucune
Q013465,aucune
Q013466,aucune
Q013467,entretien_rapide
Q013468,aucune
Q013469,aucune
Q013470,aucune
Q013471,uniformite
Q013472,aucune
Q013473,aucune
Q013474,aucune
Q013475,age_arrondi
Q013476,aucune
Q013477,aucune
Q013478,doublon
Q013479,entretien_rapide
Q013480,aucune
Q013481,aucune
Q013482,age_arrondi
Q013483,aucune
Q013484,aucune
Q013485,aucune
Q013486,aucune
Q013487,aucune
Q013488,aucune
Q013489,aucune
Q013490,aucune
Q013491,aucune
Q013492,aucune
Q013493,aucune
Q013494,aucune
Q013495,aucune
Q013496,aucune
Q013497,aucune
Q013498,aucune
Q013499,aucune
Q013500,aucune
Q013501,uniformite
Q013502,uniformite
Q013503,aucune
Q013504,aucune
Q013505,aucune
Q013506,age_arrondi
Q013507,aucune
Q013508,aucune
Q013509,age_arrondi
Q013510,aucune
Q013511,aucune
Q013512,aucune
Q013513,aucune
Q013514,entretien_rapide
Q013515,gps_reutilise
Q013516,aucune
Q013517,aucune
Q013518,aucune
Q013519,aucune
Q013520,aucune
Q013521,aucune
Q013522,aucune
Q013523,aucune
Q013524,aucune
Q013525,aucune
Q013526,entretien_rapide
Q013527,aucune
Q013528,aucune
Q013529,aucune
Q013530,aucune
Q013531,aucune
Q013532,aucune
Q013533,aucune
Q013534,aucune
Q013535,aucune
Q013536,aucune
Q013537,aucune
Q013538,aucune
Q013539,aucune
Q013540,age_arrondi
Q013541,aucune
Q013542,aucune
Q013543,aucune
Q013544,aucune
Q013545,age_arrondi
Q013546,aucune
Q013547,aucune
Q013548,aucune
Q013549,aucune
Q013550,aucune
Q013551,aucune
Q013552,aucune
Q013553,aucune
Q013554,aucune
Q013555,aucune
Q013556,aucune
Q013557,aucune
Q013558,aucune
Q013559,aucune
Q013560,age_arrondi
Q013561,aucune
Q013562,gps_reutilise
Q013563,aucune
Q013564,aucune
Q013565,aucune
Q013566,aucune
Q013567,aucune
Q013568,aucune
Q013569,aucune
Q013570,aucune
Q013571,aucune
Q013572,aucune
Q013573,aucune
Q013574,aucune
Q013575,age_arrondi
Q013576,aucune
Q013577,aucune
Q013578,aucune
Q013579,aucune
Q013580,aucune
Q013581,aucune
Q013582,aucune
Q013583,aucune
Q013584,aucune
Q013585,gps_reutilise
Q013586,aucune
Q013587,aucune
Q013588,aucune
Q013589,aucune
Q013590,doublon
Q013591,aucune
Q013592,aucune
Q013593,aucune
Q013594,age_arrondi
Q013595,aucune
Q013596,aucune
Q013597,aucune
Q013598,aucune
Q013599,aucune
Q013600,aucune
Q013601,aucune
Q013602,aucune
Q013603,aucune
Q013604,aucune
Q013605,aucune
Q013606,aucune
Q013607,aucune
Q013608,age_arrondi
Q013609,aucune
Q013610,aucune
Q013611,aucune
Q013612,aucune
Q013613,aucune
Q013614,aucune
Q013615,aucune
Q013616,age_arrondi
Q013617,aucune
Q013618,aucune
Q013619,aucune
Q013620,aucune
Q013621,aucune
Q013622,aucune
Q013623,aucune
Q013624,aucune
Q013625,aucune
Q013626,aucune
Q013627,aucune
Q013628,aucune
Q013629,aucune
Q013630,aucune
Q013631,aucune
Q013632,aucune
Q013633,aucune
Q013634,aucune
Q013635,entretien_rapide
Q013636,aucune
Q013637,aucune
Q013638,aucune
Q013639,aucune
Q013640,aucune
Q013641,uniformite
Q013642,aucune
Q013643,aucune
Q013644,aucune
Q013645,aucune
Q013646,aucune
Q013647,aucune
Q013648,aucune
Q013649,aucune
Q013650,aucune
Q013651,aucune
Q013652,entretien_rapide
Q013653,aucune
Q013654,aucune
Q013655,aucune
Q013656,aucune
Q013657,gps_reutilise
Q013658,aucune
Q013659,aucune
Q013660,aucune
Q013661,aucune
Q013662,aucune
Q013663,aucune
Q013664,aucune
Q013665,aucune
Q013666,age_arrondi
Q013667,gps_reutilise
Q013668,age_arrondi
Q013669,aucune
Q013670,doublon
Q013671,aucune
Q013672,aucune
Q013673,aucune
Q013674,age_arrondi
Q013675,aucune
Q013676,aucune
Q013677,aucune
Q013678,aucune
Q013679,aucune
Q013680,aucune
Q013681,aucune
Q013682,entretien_rapide
Q013683,aucune
Q013684,aucune
Q013685,age_arrondi
Q013686,uniformite
Q013687,aucune
Q013688,age_arrondi
Q013689,aucune
Q013690,entretien_rapide
Q013691,aucune
Q013692,aucune
Q013693,aucune
Q013694,aucune
Q013695,aucune
Q013696,doublon
Q013697,aucune
Q013698,aucune
Q013699,aucune
Q013700,aucune
Q013701,aucune
Q013702,aucune
Q013703,aucune
Q013704,aucune
Q013705,aucune
Q013706,aucune
Q013707,aucune
Q013708,gps_reutilise
Q013709,age_arrondi
Q013710,aucune
Q013711,gps_reutilise
Q013712,aucune
Q013713,aucune
Q013714,aucune
Q013715,aucune
Q013716,aucune
Q013717,aucune
Q013718,aucune
Q013719,aucune
Q013720,entretien_rapide
Q013721,aucune
Q013722,aucune
Q013723,age_arrondi
Q013724,aucune
Q013725,aucune
Q013726,aucune
Q013727,aucune
Q013728,aucune
Q013729,aucune
Q013730,aucune
Q013731,aucune
Q013732,aucune
Q013733,aucune
Q013734,aucune
Q013735,aucune
Q013736,aucune
Q013737,aucune
Q013738,aucune
Q013739,aucune
Q013740,aucune
Q013741,aucune
Q013742,aucune
Q013743,aucune
Q013744,aucune
Q013745,aucune
Q013746,doublon
Q013747,aucune
Q013748,aucune
Q013749,aucune
Q013750,aucune
Q013751,aucune
Q013752,aucune
Q013753,aucune
Q013754,aucune
Q013755,aucune
Q013756,aucune
Q013757,aucune
Q013758,aucune
Q013759,aucune
Q013760,aucune
Q013761,aucune
Q013762,aucune
Q013763,aucune
Q013764,aucune
Q013765,aucune
Q013766,aucune
Q013767,aucune
Q013768,aucune
Q013769,aucune
Q013770,aucune
Q013771,aucune
Q013772,aucune
Q013773,aucune
Q013774,aucune
Q013775,aucune
Q013776,aucune
Q013777,aucune
Q013778,age_arrondi
Q013779,aucune
Q013780,aucune
Q013781,aucune
Q013782,aucune
Q013783,aucune
Q013784,age_arrondi
Q013785,aucune
Q013786,aucune
Q013787,aucune
Q013788,aucune
Q013789,doublon
Q013790,entretien_rapide
Q013791,aucune
Q013792,aucune
Q013793,age_arrondi
Q013794,aucune
Q013795,aucune
Q013796,entretien_rapide
Q013797,aucune
Q013798,aucune
Q013799,aucune
Q013800,aucune
Q013801,aucune
Q013802,age_arrondi
Q013803,aucune
Q013804,aucune
Q013805,aucune
Q013806,aucune
Q013807,aucune
Q013808,age_arrondi
Q013809,aucune
Q013810,age_arrondi
Q013811,aucune
Q013812,age_arrondi
Q013813,aucune
Q013814,aucune
Q013815,aucune
Q013816,aucune
Q013817,aucune
Q013818,aucune
Q013819,aucune
Q013820,aucune
Q013821,aucune
Q013822,aucune
Q013823,aucune
Q013824,aucune
Q013825,aucune
Q013826,aucune
Q013827,age_arrondi
Q013828,gps_reutilise
Q013829,aucune
Q013830,aucune
Q013831,age_arrondi
Q013832,aucune
Q013833,aucune
Q013834,aucune
Q013835,aucune
Q013836,aucune
Q013837,aucune
Q013838,aucune
Q013839,aucune
Q013840,aucune
Q013841,aucune
Q013842,aucune
Q013843,aucune
Q013844,aucune
Q013845,age_arrondi
Q013846,aucune
Q013847,aucune
Q013848,aucune
Q013849,aucune
Q013850,aucune
Q013851,aucune
Q013852,age_arrondi
Q013853,aucune
Q013854,aucune
Q013855,aucune
Q013856,aucune
Q013857,aucune
Q013858,aucune
Q013859,aucune
Q013860,aucune
Q013861,aucune
Q013862,aucune
Q013863,aucune
Q013864,aucune
Q013865,aucune
Q013866,aucune
Q013867,aucune
Q013868,aucune
Q013869,aucune
Q013870,aucune
Q013871,aucune
Q013872,aucune
Q013873,aucune
Q013874,aucune
Q013875,aucune
Q013876,aucune
Q013877,aucune
Q013878,doublon
Q013879,aucune
Q013880,gps_reutilise
Q013881,aucune
Q013882,aucune
Q013883,aucune
Q013884,aucune
Q013885,gps_reutilise
Q013886,aucune
Q013887,aucune
Q013888,aucune
Q013889,aucune
Q013890,aucune
Q013891,aucune
Q013892,uniformite
Q013893,aucune
Q013894,aucune
Q013895,aucune
Q013896,aucune
Q013897,aucune
Q013898,age_arrondi
Q013899,aucune
Q013900,aucune
Q013901,aucune
Q013902,aucune
Q013903,aucune
Q013904,aucune
Q013905,entretien_rapide
Q013906,gps_reutilise
Q013907,age_arrondi
Q013908,aucune
Q013909,aucune
Q013910,aucune
Q013911,aucune
Q013912,aucune
Q013913,aucune
Q013914,aucune
Q013915,aucune
Q013916,aucune
Q013917,aucune
Q013918,aucune
Q013919,aucune
Q013920,aucune
Q013921,aucune
Q013922,aucune
Q013923,aucune
Q013924,aucune
Q013925,aucune
Q013926,aucune
Q013927,aucune
Q013928,aucune
Q013929,aucune
Q013930,aucune
Q013931,aucune
Q013932,aucune
Q013933,aucune
Q013934,gps_reutilise
Q013935,gps_reutilise
Q013936,aucune
Q013937,aucune
Q013938,age_arrondi
Q013939,aucune
Q013940,aucune
Q013941,aucune
Q013942,aucune
Q013943,aucune
Q013944,aucune
Q013945,aucune
Q013946,aucune
Q013947,aucune
Q013948,aucune
Q013949,aucune
Q013950,uniformite
Q013951,aucune
Q013952,aucune
Q013953,age_arrondi
Q013954,age_arrondi
Q013955,uniformite
Q013956,aucune
Q013957,aucune
Q013958,aucune
Q013959,aucune
Q013960,aucune
Q013961,aucune
Q013962,aucune
Q013963,aucune
Q013964,aucune
Q013965,aucune
Q013966,aucune
Q013967,aucune
Q013968,aucune
Q013969,age_arrondi
Q013970,aucune
Q013971,aucune
Q013972,aucune
Q013973,aucune
Q013974,aucune
Q013975,aucune
Q013976,gps_reutilise
Q013977,aucune
Q013978,age_arrondi
Q013979,aucune
Q013980,aucune
Q013981,doublon
Q013982,aucune
Q013983,aucune
Q013984,aucune
Q013985,aucune
Q013986,aucune
Q013987,aucune
Q013988,aucune
Q013989,doublon
Q013990,aucune
Q013991,aucune
Q013992,aucune
Q013993,aucune
Q013994,aucune
Q013995,aucune
Q013996,aucune
Q013997,aucune
Q013998,entretien_rapide
Q013999,aucune
Q014000,aucune
Q014001,aucune
Q014002,aucune
Q014003,aucune
Q014004,aucune
Q014005,aucune
Q014006,aucune
Q014007,aucune
Q014008,aucune
Q014009,aucune
Q014010,aucune
Q014011,aucune
Q014012,aucune
Q014013,aucune
Q014014,aucune
Q014015,aucune
Q014016,aucune
Q014017,aucune
Q014018,aucune
Q014019,aucune
Q014020,aucune
Q014021,aucune
Q014022,aucune
Q014023,aucune
Q014024,age_arrondi
Q014025,aucune
Q014026,aucune
Q014027,aucune
Q014028,aucune
Q014029,aucune
Q014030,aucune
Q014031,aucune
Q014032,aucune
Q014033,aucune
Q014034,aucune
Q014035,aucune
Q014036,aucune
Q014037,aucune
Q014038,aucune
Q014039,aucune
Q014040,aucune
Q014041,aucune
Q014042,age_arrondi
Q014043,aucune
Q014044,aucune
Q014045,aucune
Q014046,age_arrondi
Q014047,aucune
Q014048,age_arrondi
Q014049,age_arrondi
Q014050,aucune
Q014051,aucune
Q014052,aucune
Q014053,aucune
Q014054,aucune
Q014055,aucune
Q014056,aucune
Q014057,aucune
Q014058,age_arrondi
Q014059,aucune
Q014060,aucune
Q014061,aucune
Q014062,aucune
Q014063,aucune
Q014064,aucune
Q014065,age_arrondi
Q014066,aucune
Q014067,aucune
Q014068,aucune
Q014069,gps_reutilise
Q014070,aucune
Q014071,aucune
Q014072,aucune
Q014073,age_arrondi
Q014074,aucune
Q014075,aucune
Q014076,aucune
Q014077,aucune
Q014078,aucune
Q014079,aucune
Q014080,aucune
Q014081,age_arrondi
Q014082,aucune
Q014083,aucune
Q014084,aucune
Q014085,aucune
Q014086,aucune
Q014087,aucune
Q014088,aucune
Q014089,aucune
Q014090,aucune
Q014091,aucune
Q014092,age_arrondi
Q014093,aucune
Q014094,aucune
Q014095,aucune
Q014096,aucune
Q014097,aucune
Q014098,aucune
Q014099,aucune
Q014100,aucune
Q014101,gps_reutilise
Q014102,aucune
Q014103,aucune
Q014104,aucune
Q014105,aucune
Q014106,aucune
Q014107,aucune
Q014108,aucune
Q014109,aucune
Q014110,aucune
Q014111,entretien_rapide
Q014112,aucune
Q014113,aucune
Q014114,aucune
Q014115,aucune
Q014116,gps_reutilise
Q014117,aucune
Q014118,aucune
Q014119,aucune
Q014120,aucune
Q014121,aucune
Q014122,uniformite
Q014123,aucune
Q014124,aucune
Q014125,age_arrondi
Q014126,age_arrondi
Q014127,aucune
Q014128,aucune
Q014129,aucune
Q014130,aucune
Q014131,aucune
Q014132,aucune
Q014133,aucune
Q014134,aucune
Q014135,aucune
Q014136,age_arrondi
Q014137,aucune
Q014138,aucune
Q014139,aucune
Q014140,aucune
Q014141,aucune
Q014142,aucune
Q014143,age_arrondi
Q014144,age_arrondi
Q014145,aucune
Q014146,aucune
Q014147,aucune
Q014148,aucune
Q014149,age_arrondi
Q014150,aucune
Q014151,aucune
Q014152,entretien_rapide
Q014153,aucune
Q014154,aucune
Q014155,age_arrondi
Q014156,age_arrondi
Q014157,aucune
Q014158,aucune
Q014159,aucune
Q014160,aucune
Q014161,aucune
Q014162,aucune
Q014163,aucune
Q014164,aucune
Q014165,aucune
Q014166,aucune
Q014167,aucune
Q014168,aucune
Q014169,aucune
Q014170,age_arrondi
Q014171,aucune
Q014172,age_arrondi
Q014173,aucune
Q014174,aucune
Q014175,aucune
Q014176,aucune
Q014177,aucune
Q014178,aucune
Q014179,aucune
Q014180,aucune
Q014181,aucune
Q014182,aucune
Q014183,aucune
Q014184,aucune
Q014185,aucune
Q014186,aucune
Q014187,aucune
Q014188,uniformite
Q014189,aucune
Q014190,aucune
Q014191,aucune
Q014192,age_arrondi
Q014193,aucune
Q014194,aucune
Q014195,aucune
Q014196,aucune
Q014197,aucune
Q014198,aucune
Q014199,aucune
Q014200,aucune
Q014201,aucune
Q014202,aucune
Q014203,aucune
Q014204,aucune
Q014205,aucune
Q014206,aucune
Q014207,aucune
Q014208,age_arrondi
Q014209,aucune
Q014210,aucune
Q014211,aucune
Q014212,aucune
Q014213,aucune
Q014214,aucune
Q014215,age_arrondi
Q014216,gps_reutilise
Q014217,aucune
Q014218,doublon
Q014219,aucune
Q014220,age_arrondi
Q014221,aucune
Q014222,entretien_rapide
Q014223,aucune
Q014224,aucune
Q014225,aucune
Q014226,aucune
Q014227,aucune
Q014228,aucune
Q014229,aucune
Q014230,aucune
Q014231,aucune
Q014232,aucune
Q014233,aucune
Q014234,aucune
Q014235,aucune
Q014236,gps_reutilise
Q014237,aucune
Q014238,aucune
Q014239,aucune
Q014240,age_arrondi
Q014241,aucune
Q014242,aucune
Q014243,aucune
Q014244,age_arrondi
Q014245,aucune
Q014246,aucune
Q014247,aucune
Q014248,aucune
Q014249,aucune
Q014250,aucune
Q014251,aucune
Q014252,aucune
Q014253,age_arrondi
Q014254,aucune
Q014255,aucune
Q014256,aucune
Q014257,aucune
Q014258,aucune
Q014259,age_arrondi
Q014260,aucune
Q014261,aucune
Q014262,aucune
Q014263,aucune
Q014264,aucune
Q014265,age_arrondi
Q014266,aucune
Q014267,gps_reutilise
Q014268,aucune
Q014269,doublon
Q014270,entretien_rapide
Q014271,aucune
Q014272,aucune
Q014273,gps_reutilise
Q014274,aucune
Q014275,aucune
Q014276,age_arrondi
Q014277,aucune
Q014278,aucune
Q014279,aucune
Q014280,aucune
Q014281,aucune
Q014282,aucune
Q014283,aucune
Q014284,aucune
Q014285,aucune
Q014286,entretien_rapide
Q014287,aucune
Q014288,age_arrondi
Q014289,aucune
Q014290,aucune
Q014291,aucune
Q014292,entretien_rapide
Q014293,aucune
Q014294,aucune
Q014295,aucune
Q014296,aucune
Q014297,aucune
Q014298,aucune
Q014299,aucune
Q014300,aucune
Q014301,aucune
Q014302,entretien_rapide
Q014303,aucune
Q014304,aucune
Q014305,aucune
Q014306,aucune
Q014307,aucune
Q014308,aucune
Q014309,aucune
Q014310,aucune
Q014311,aucune
Q014312,gps_reutilise
Q014313,aucune
Q014314,aucune
Q014315,aucune
Q014316,aucune
Q014317,aucune
Q014318,aucune
Q014319,uniformite
Q014320,aucune
Q014321,aucune
Q014322,aucune
Q014323,aucune
Q014324,aucune
Q014325,aucune
Q014326,gps_reutilise
Q014327,aucune
Q014328,aucune
Q014329,aucune
Q014330,age_arrondi
Q014331,gps_reutilise
Q014332,aucune
Q014333,aucune
Q014334,aucune
Q014335,aucune
Q014336,age_arrondi
Q014337,doublon
Q014338,gps_reutilise
Q014339,aucune
Q014340,aucune
Q014341,aucune
Q014342,aucune
Q014343,aucune
Q014344,aucune
Q014345,aucune
Q014346,aucune
Q014347,age_arrondi
Q014348,doublon
Q014349,aucune
Q014350,aucune
Q014351,aucune
Q014352,aucune
Q014353,aucune
Q014354,aucune
Q014355,aucune
Q014356,aucune
Q014357,aucune
Q014358,aucune
Q014359,aucune
Q014360,aucune
Q014361,aucune
Q014362,aucune
Q014363,aucune
Q014364,aucune
Q014365,aucune
Q014366,age_arrondi
Q014367,aucune
Q014368,aucune
Q014369,aucune
Q014370,aucune
Q014371,aucune
Q014372,aucune
Q014373,aucune
Q014374,aucune
Q014375,aucune
Q014376,aucune
Q014377,aucune
Q014378,aucune
Q014379,aucune
Q014380,aucune
Q014381,age_arrondi
Q014382,aucune
Q014383,aucune
Q014384,aucune
Q014385,aucune
Q014386,aucune
Q014387,aucune
Q014388,aucune
Q014389,aucune
Q014390,aucune
Q014391,aucune
Q014392,aucune
Q014393,aucune
Q014394,aucune
Q014395,aucune
Q014396,aucune
Q014397,age_arrondi
Q014398,aucune
Q014399,aucune
Q014400,aucune
Q014401,aucune
Q014402,aucune
Q014403,aucune
Q014404,aucune
Q014405,aucune
Q014406,aucune
Q014407,aucune
Q014408,age_arrondi
Q014409,aucune
Q014410,aucune
Q014411,aucune
Q014412,aucune
Q014413,entretien_rapide
Q014414,age_arrondi
Q014415,aucune
Q014416,aucune
Q014417,aucune
Q014418,uniformite
Q014419,aucune
Q014420,aucune
Q014421,aucune
Q014422,aucune
Q014423,aucune
Q014424,aucune
Q014425,aucune
Q014426,aucune
Q014427,entretien_rapide
Q014428,aucune
Q014429,aucune
Q014430,aucune
Q014431,age_arrondi
Q014432,aucune
Q014433,aucune
Q014434,aucune
Q014435,aucune
Q014436,aucune
Q014437,aucune
Q014438,uniformite
Q014439,aucune
Q014440,aucune
Q014441,entretien_rapide
Q014442,aucune
Q014443,aucune
Q014444,aucune
Q014445,aucune
Q014446,aucune
Q014447,aucune
Q014448,aucune
Q014449,aucune
Q014450,aucune
Q014451,aucune
Q014452,aucune
Q014453,aucune
Q014454,aucune
Q014455,aucune
Q014456,age_arrondi
Q014457,aucune
Q014458,aucune
Q014459,aucune
Q014460,aucune
Q014461,aucune
Q014462,aucune
Q014463,aucune
Q014464,aucune
Q014465,aucune
Q014466,aucune
Q014467,aucune
Q014468,aucune
Q014469,aucune
Q014470,aucune
Q014471,aucune
Q014472,aucune
Q014473,aucune
Q014474,aucune
Q014475,aucune
Q014476,aucune
Q014477,aucune
Q014478,aucune
Q014479,entretien_rapide
Q014480,aucune
Q014481,aucune
Q014482,aucune
Q014483,aucune
Q014484,age_arrondi
Q014485,aucune
Q014486,aucune
Q014487,age_arrondi
Q014488,aucune
Q014489,aucune
Q014490,entretien_rapide
Q014491,aucune
Q014492,aucune
Q014493,aucune
Q014494,aucune
Q014495,aucune
Q014496,aucune
Q014497,aucune
Q014498,aucune
Q014499,aucune
Q014500,aucune
Q014501,uniformite
Q014502,age_arrondi
Q014503,aucune
Q014504,aucune
Q014505,aucune
Q014506,aucune
Q014507,aucune
Q014508,aucune
Q014509,aucune
Q014510,aucune
Q014511,aucune
Q014512,aucune
Q014513,aucune
Q014514,aucune
Q014515,aucune
Q014516,aucune
Q014517,entretien_rapide
Q014518,aucune
Q014519,aucune
Q014520,gps_reutilise
Q014521,aucune
Q014522,aucune
Q014523,aucune
Q014524,aucune
Q014525,uniformite
Q014526,aucune
Q014527,aucune
Q014528,aucune
Q014529,aucune
Q014530,aucune
Q014531,age_arrondi
Q014532,aucune
Q014533,aucune
Q014534,age_arrondi
Q014535,aucune
Q014536,aucune
Q014537,aucune
Q014538,aucune
Q014539,aucune
Q014540,aucune
Q014541,aucune
Q014542,aucune
Q014543,aucune
Q014544,aucune
Q014545,aucune
Q014546,aucune
Q014547,age_arrondi
Q014548,age_arrondi
Q014549,aucune
Q014550,aucune
Q014551,aucune
Q014552,age_arrondi
Q014553,age_arrondi
Q014554,aucune
Q014555,aucune
Q014556,aucune
Q014557,aucune
Q014558,age_arrondi
Q014559,aucune
Q014560,aucune
Q014561,aucune
Q014562,aucune
Q014563,aucune
Q014564,aucune
Q014565,age_arrondi
Q014566,aucune
Q014567,aucune
Q014568,aucune
Q014569,aucune
Q014570,doublon
Q014571,aucune
Q014572,aucune
Q014573,aucune
Q014574,aucune
Q014575,aucune
Q014576,aucune
Q014577,aucune
Q014578,aucune
Q014579,aucune
Q014580,aucune
Q014581,aucune
Q014582,aucune
Q014583,aucune
Q014584,entretien_rapide
Q014585,aucune
Q014586,aucune
Q014587,aucune
Q014588,aucune
Q014589,aucune
Q014590,aucune
Q014591,aucune
Q014592,aucune
Q014593,aucune
Q014594,aucune
Q014595,aucune
Q014596,aucune
Q014597,aucune
Q014598,aucune
Q014599,aucune
Q014600,entretien_rapide
Q014601,aucune
Q014602,aucune
Q014603,aucune
Q014604,aucune
Q014605,aucune
Q014606,aucune
Q014607,aucune
Q014608,aucune
Q014609,age_arrondi
Q014610,aucune
Q014611,age_arrondi
Q014612,aucune
Q014613,aucune
Q014614,aucune
Q014615,aucune
Q014616,aucune
Q014617,aucune
Q014618,aucune
Q014619,aucune
Q014620,gps_reutilise
Q014621,aucune
Q014622,aucune
Q014623,gps_reutilise
Q014624,aucune
Q014625,age_arrondi
Q014626,aucune
Q014627,aucune
Q014628,aucune
Q014629,aucune
Q014630,doublon
Q014631,aucune
Q014632,aucune
Q014633,aucune
Q014634,aucune
Q014635,aucune
Q014636,aucune
Q014637,aucune
Q014638,aucune
Q014639,aucune
Q014640,aucune
Q014641,aucune
Q014642,aucune
Q014643,aucune
Q014644,age_arrondi
Q014645,aucune
Q014646,aucune
Q014647,aucune
Q014648,aucune
Q014649,age_arrondi
Q014650,doublon
Q014651,aucune
Q014652,aucune
Q014653,aucune
Q014654,aucune
Q014655,aucune
Q014656,aucune
Q014657,aucune
Q014658,entretien_rapide
Q014659,aucune
Q014660,aucune
Q014661,aucune
Q014662,aucune
Q014663,age_arrondi
Q014664,aucune
Q014665,aucune
Q014666,age_arrondi
Q014667,aucune
Q014668,aucune
Q014669,aucune
Q014670,aucune
Q014671,aucune
Q014672,aucune
Q014673,aucune
Q014674,aucune
Q014675,aucune
Q014676,aucune
Q014677,aucune
Q014678,aucune
Q014679,aucune
Q014680,aucune
Q014681,aucune
Q014682,aucune
Q014683,aucune
Q014684,aucune
Q014685,aucune
Q014686,aucune
Q014687,age_arrondi
Q014688,doublon
Q014689,age_arrondi
Q014690,aucune
Q014691,aucune
Q014692,aucune
Q014693,aucune
Q014694,aucune
Q014695,aucune
Q014696,aucune
Q014697,aucune
Q014698,aucune
Q014699,aucune
Q014700,aucune
Q014701,aucune
Q014702,aucune
Q014703,age_arrondi
Q014704,aucune
Q014705,age_arrondi
Q014706,aucune
Q014707,aucune
Q014708,aucune
Q014709,aucune
Q014710,aucune
Q014711,aucune
Q014712,aucune
Q014713,aucune
Q014714,aucune
Q014715,aucune
Q014716,aucune
Q014717,age_arrondi
Q014718,aucune
Q014719,aucune
Q014720,age_arrondi
Q014721,aucune
Q014722,aucune
Q014723,aucune
Q014724,age_arrondi
Q014725,age_arrondi
Q014726,aucune
Q014727,aucune
Q014728,aucune
Q014729,aucune
Q014730,aucune
Q014731,aucune
Q014732,aucune
Q014733,aucune
Q014734,aucune
Q014735,entretien_rapide
Q014736,aucune
Q014737,aucune
Q014738,aucune
Q014739,aucune
Q014740,aucune
Q014741,aucune
Q014742,gps_reutilise
Q014743,aucune
Q014744,aucune
Q014745,aucune
Q014746,doublon
Q014747,uniformite
Q014748,aucune
Q014749,aucune
Q014750,aucune
Q014751,aucune
Q014752,aucune
Q014753,aucune
Q014754,aucune
Q014755,aucune
Q014756,aucune
Q014757,gps_reutilise
Q014758,aucune
Q014759,aucune
Q014760,aucune
Q014761,aucune
Q014762,aucune
Q014763,aucune
Q014764,aucune
Q014765,aucune
Q014766,aucune
Q014767,aucune
Q014768,entretien_rapide
Q014769,aucune
Q014770,aucune
Q014771,aucune
Q014772,aucune
Q014773,aucune
Q014774,aucune
Q014775,aucune
Q014776,aucune
Q014777,aucune
Q014778,aucune
Q014779,aucune
Q014780,aucune
Q014781,age_arrondi
Q014782,aucune
Q014783,aucune
Q014784,aucune
Q014785,aucune
Q014786,aucune
Q014787,gps_reutilise
Q014788,aucune
Q014789,uniformite
Q014790,age_arrondi
Q014791,aucune
Q014792,aucune
Q014793,aucune
Q014794,aucune
Q014795,aucune
Q014796,aucune
Q014797,aucune
Q014798,aucune
Q014799,aucune
Q014800,aucune
Q014801,aucune
Q014802,aucune
Q014803,aucune
Q014804,aucune
Q014805,aucune
Q014806,aucune
Q014807,aucune
Q014808,aucune
Q014809,age_arrondi
Q014810,aucune
Q014811,aucune
Q014812,age_arrondi
Q014813,aucune
Q014814,aucune
Q014815,aucune
Q014816,aucune
Q014817,aucune
Q014818,aucune
Q014819,aucune
Q014820,aucune
Q014821,aucune
Q014822,aucune
Q014823,aucune
Q014824,aucune
Q014825,aucune
Q014826,aucune
Q014827,aucune
Q014828,aucune
Q014829,gps_reutilise
Q014830,age_arrondi
Q014831,aucune
Q014832,aucune
Q014833,aucune
Q014834,aucune
Q014835,aucune
Q014836,aucune
Q014837,age_arrondi
Q014838,aucune
Q014839,aucune
Q014840,aucune
Q014841,aucune
Q014842,aucune
Q014843,aucune
Q014844,aucune
Q014845,aucune
Q014846,aucune
Q014847,aucune
Q014848,aucune
Q014849,entretien_rapide
Q014850,entretien_rapide
Q014851,aucune
Q014852,aucune
Q014853,aucune
Q014854,aucune
Q014855,aucune
Q014856,aucune
Q014857,aucune
Q014858,aucune
Q014859,aucune
Q014860,aucune
Q014861,aucune
Q014862,aucune
Q014863,aucune
Q014864,aucune
Q014865,aucune
Q014866,aucune
Q014867,entretien_rapide
Q014868,aucune
Q014869,aucune
Q014870,aucune
Q014871,age_arrondi
Q014872,aucune
Q014873,aucune
Q014874,aucune
Q014875,aucune
Q014876,aucune
Q014877,aucune
Q014878,entretien_rapide
Q014879,aucune
Q014880,aucune
Q014881,aucune
Q014882,aucune
Q014883,aucune
Q014884,aucune
Q014885,entretien_rapide
Q014886,aucune
Q014887,aucune
Q014888,aucune
Q014889,aucune
Q014890,aucune
Q014891,aucune
Q014892,aucune
Q014893,aucune
Q014894,aucune
Q014895,aucune
Q014896,aucune
Q014897,aucune
Q014898,aucune
Q014899,aucune
Q014900,aucune
Q014901,aucune
Q014902,aucune
Q014903,aucune
Q014904,aucune
Q014905,uniformite
Q014906,aucune
Q014907,aucune
Q014908,aucune
Q014909,aucune
Q014910,aucune
Q014911,aucune
Q014912,aucune
Q014913,aucune
Q014914,aucune
Q014915,aucune
Q014916,gps_reutilise
Q014917,aucune
Q014918,aucune
Q014919,aucune
Q014920,aucune
Q014921,entretien_rapide
Q014922,aucune
Q014923,gps_reutilise
Q014924,aucune
Q014925,aucune
Q014926,aucune
Q014927,age_arrondi
Q014928,age_arrondi
Q014929,aucune
Q014930,aucune
Q014931,entretien_rapide
Q014932,aucune
Q014933,aucune
Q014934,age_arrondi
Q014935,entretien_rapide
Q014936,aucune
Q014937,age_arrondi
Q014938,gps_reutilise
Q014939,aucune
Q014940,age_arrondi
Q014941,aucune
Q014942,aucune
Q014943,aucune
Q014944,aucune
Q014945,aucune
Q014946,age_arrondi
Q014947,aucune
Q014948,aucune
Q014949,aucune
Q014950,aucune
Q014951,entretien_rapide
Q014952,aucune
Q014953,entretien_rapide
Q014954,aucune
Q014955,aucune
Q014956,aucune
Q014957,aucune
Q014958,aucune
Q014959,aucune
Q014960,aucune
Q014961,aucune
Q014962,aucune
Q014963,aucune
Q014964,aucune
Q014965,aucune
Q014966,aucune
Q014967,aucune
Q014968,aucune
Q014969,aucune
Q014970,aucune
Q014971,aucune
Q014972,aucune
Q014973,aucune
Q014974,aucune
Q014975,aucune
Q014976,aucune
Q014977,gps_reutilise
Q014978,aucune
Q014979,aucune
Q014980,uniformite
Q014981,aucune
Q014982,aucune
Q014983,aucune
Q014984,aucune
Q014985,aucune
Q014986,aucune
Q014987,gps_reutilise
Q014988,aucune
Q014989,aucune
Q014990,aucune
Q014991,uniformite
Q014992,aucune
Q014993,aucune
Q014994,aucune
Q014995,aucune
Q014996,aucune
Q014997,aucune
Q014998,aucune
Q014999,aucune
Q015000,aucune
Q015001,age_arrondi
Q015002,aucune
Q015003,aucune
Q015004,aucune
Q015005,aucune
Q015006,aucune
Q015007,aucune
Q015008,aucune
Q015009,aucune
Q015010,aucune
Q015011,aucune
Q015012,aucune
Q015013,age_arrondi
Q015014,entretien_rapide
Q015015,aucune
Q015016,aucune
Q015017,aucune
Q015018,age_arrondi
Q015019,aucune
Q015020,aucune
Q015021,aucune
Q015022,aucune
Q015023,aucune
Q015024,aucune
Q015025,aucune
Q015026,aucune
Q015027,gps_reutilise
Q015028,gps_reutilise
Q015029,aucune
Q015030,aucune
Q015031,aucune
Q015032,aucune
Q015033,aucune
Q015034,aucune
Q015035,aucune
Q015036,aucune
Q015037,aucune
Q015038,aucune
Q015039,aucune
Q015040,aucune
Q015041,aucune
Q015042,gps_reutilise
Q015043,aucune
Q015044,aucune
Q015045,aucune
Q015046,age_arrondi
Q015047,aucune
Q015048,aucune
Q015049,aucune
Q015050,aucune
Q015051,aucune
Q015052,age_arrondi
Q015053,aucune
Q015054,aucune
Q015055,aucune
Q015056,aucune
Q015057,aucune
Q015058,aucune
Q015059,aucune
Q015060,aucune
Q015061,aucune
Q015062,aucune
Q015063,aucune
Q015064,aucune
Q015065,aucune
Q015066,aucune
Q015067,aucune
Q015068,aucune
Q015069,aucune
Q015070,aucune
Q015071,aucune
Q015072,aucune
Q015073,aucune
Q015074,aucune
Q015075,entretien_rapide
Q015076,aucune
Q015077,aucune
Q015078,age_arrondi
Q015079,aucune
Q015080,aucune
Q015081,aucune
Q015082,aucune
Q015083,aucune
Q015084,aucune
Q015085,aucune
Q015086,aucune
Q015087,aucune
Q015088,aucune
Q015089,age_arrondi
Q015090,aucune
Q015091,aucune
Q015092,aucune
Q015093,aucune
Q015094,aucune
Q015095,aucune
Q015096,aucune
Q015097,age_arrondi
Q015098,aucune
Q015099,aucune
Q015100,age_arrondi
Q015101,aucune
Q015102,aucune
Q015103,aucune
Q015104,aucune
Q015105,age_arrondi
Q015106,aucune
Q015107,aucune
Q015108,aucune
Q015109,aucune
Q015110,aucune
Q015111,aucune
Q015112,gps_reutilise
Q015113,age_arrondi
Q015114,aucune
Q015115,doublon
Q015116,aucune
Q015117,aucune
Q015118,aucune
Q015119,aucune
Q015120,aucune
Q015121,aucune
Q015122,aucune
Q015123,aucune
Q015124,aucune
Q015125,aucune
Q015126,aucune
Q015127,aucune
Q015128,aucune
Q015129,entretien_rapide
Q015130,aucune
Q015131,aucune
Q015132,aucune
Q015133,age_arrondi
Q015134,aucune
Q015135,aucune
Q015136,aucune
Q015137,aucune
Q015138,aucune
Q015139,aucune
Q015140,aucune
Q015141,aucune
Q015142,aucune
Q015143,aucune
Q015144,aucune
Q015145,aucune
Q015146,aucune
Q015147,aucune
Q015148,aucune
Q015149,aucune
Q015150,aucune
Q015151,aucune
Q015152,aucune
Q015153,aucune
Q015154,aucune
Q015155,aucune
Q015156,aucune
Q015157,aucune
Q015158,aucune
Q015159,aucune
Q015160,aucune
Q015161,aucune
Q015162,aucune
Q015163,aucune
Q015164,aucune
Q015165,aucune
Q015166,aucune
Q015167,aucune
Q015168,aucune
Q015169,aucune
Q015170,aucune
Q015171,aucune
Q015172,aucune
Q015173,aucune
Q015174,aucune
Q015175,aucune
Q015176,age_arrondi
Q015177,aucune
Q015178,age_arrondi
Q015179,aucune
Q015180,aucune
Q015181,aucune
Q015182,aucune
Q015183,aucune
Q015184,aucune
Q015185,aucune
Q015186,aucune
Q015187,aucune
Q015188,aucune
Q015189,aucune
Q015190,age_arrondi
Q015191,aucune
Q015192,aucune
Q015193,aucune
Q015194,aucune
Q015195,aucune
Q015196,age_arrondi
Q015197,aucune
Q015198,age_arrondi
Q015199,aucune
Q015200,aucune
Q015201,aucune
Q015202,aucune
Q015203,aucune
Q015204,age_arrondi
Q015205,age_arrondi
Q015206,aucune
Q015207,aucune
Q015208,aucune
Q015209,aucune
Q015210,aucune
Q015211,aucune
Q015212,aucune
Q015213,aucune
Q015214,aucune
Q015215,aucune
Q015216,aucune
Q015217,aucune
Q015218,aucune
Q015219,aucune
Q015220,aucune
Q015221,aucune
Q015222,gps_reutilise
Q015223,aucune
Q015224,aucune
Q015225,aucune
Q015226,aucune
Q015227,aucune
Q015228,age_arrondi
Q015229,aucune
Q015230,aucune
Q015231,aucune
Q015232,aucune
Q015233,aucune
Q015234,aucune
Q015235,doublon
Q015236,aucune
Q015237,aucune
Q015238,aucune
Q015239,aucune
Q015240,aucune
Q015241,aucune
Q015242,aucune
Q015243,aucune
Q015244,aucune
Q015245,aucune
Q015246,aucune
Q015247,aucune
Q015248,aucune
Q015249,aucune
Q015250,aucune
Q015251,age_arrondi
Q015252,aucune
Q015253,aucune
Q015254,aucune
Q015255,aucune
Q015256,aucune
Q015257,aucune
Q015258,aucune
Q015259,entretien_rapide
Q015260,aucune
Q015261,aucune
Q015262,age_arrondi
Q015263,aucune
Q015264,aucune
Q015265,aucune
Q015266,aucune
Q015267,gps_reutilise
Q015268,entretien_rapide
Q015269,aucune
Q015270,aucune
Q015271,entretien_rapide
Q015272,entretien_rapide
Q015273,age_arrondi
Q015274,aucune
Q015275,aucune
Q015276,aucune
Q015277,age_arrondi
Q015278,aucune
Q015279,aucune
Q015280,aucune
Q015281,aucune
Q015282,aucune
Q015283,aucune
Q015284,age_arrondi
Q015285,aucune
Q015286,aucune
Q015287,aucune
Q015288,aucune
Q015289,aucune
Q015290,aucune
Q015291,aucune
Q015292,entretien_rapide
Q015293,aucune
Q015294,aucune
Q015295,aucune
Q015296,aucune
Q015297,aucune
Q015298,aucune
Q015299,aucune
Q015300,aucune
Q015301,doublon
Q015302,aucune
Q015303,aucune
Q015304,gps_reutilise
Q015305,doublon
Q015306,aucune
Q015307,entretien_rapide
Q015308,aucune
Q015309,aucune
Q015310,aucune
Q015311,aucune
Q015312,age_arrondi
Q015313,aucune
Q015314,aucune
Q015315,aucune
Q015316,aucune
Q015317,aucune
Q015318,aucune
Q015319,aucune
Q015320,aucune
Q015321,aucune
Q015322,aucune
Q015323,aucune
Q015324,aucune
Q015325,aucune
Q015326,aucune
Q015327,age_arrondi
Q015328,aucune
Q015329,aucune
Q015330,aucune
Q015331,aucune
Q015332,aucune
Q015333,aucune
Q015334,aucune
Q015335,aucune
Q015336,aucune
Q015337,aucune
Q015338,aucune
Q015339,aucune
Q015340,doublon
Q015341,gps_reutilise
Q015342,aucune
Q015343,aucune
Q015344,aucune
Q015345,aucune
Q015346,aucune
Q015347,aucune
Q015348,aucune
Q015349,aucune
Q015350,aucune
Q015351,age_arrondi
Q015352,uniformite
Q015353,aucune
Q015354,aucune
Q015355,aucune
Q015356,aucune
Q015357,aucune
Q015358,aucune
Q015359,aucune
Q015360,aucune
Q015361,aucune
Q015362,aucune
Q015363,aucune
Q015364,aucune
Q015365,aucune
Q015366,aucune
Q015367,aucune
Q015368,aucune
Q015369,doublon
Q015370,aucune
Q015371,aucune
Q015372,age_arrondi
Q015373,aucune
Q015374,aucune
Q015375,aucune
Q015376,aucune
Q015377,aucune
Q015378,aucune
Q015379,aucune
Q015380,aucune
Q015381,aucune
Q015382,aucune
Q015383,age_arrondi
Q015384,aucune
Q015385,aucune
Q015386,aucune
Q015387,aucune
Q015388,aucune
Q015389,aucune
Q015390,entretien_rapide
Q015391,aucune
Q015392,aucune
Q015393,aucune
Q015394,aucune
Q015395,aucune
Q015396,age_arrondi
Q015397,aucune
Q015398,aucune
Q015399,aucune
Q015400,age_arrondi
Q015401,entretien_rapide
Q015402,gps_reutilise
Q015403,aucune
Q015404,aucune
Q015405,aucune
Q015406,aucune
Q015407,aucune
Q015408,aucune
Q015409,aucune
Q015410,aucune
Q015411,aucune
Q015412,aucune
Q015413,aucune
Q015414,aucune
Q015415,aucune
Q015416,aucune
Q015417,aucune
Q015418,aucune
Q015419,aucune
Q015420,aucune
Q015421,aucune
Q015422,aucune
Q015423,age_arrondi
Q015424,aucune
Q015425,aucune
Q015426,age_arrondi
Q015427,aucune
Q015428,aucune
Q015429,aucune
Q015430,aucune
Q015431,aucune
Q015432,aucune
Q015433,aucune
Q015434,aucune
Q015435,aucune
Q015436,doublon
Q015437,entretien_rapide
Q015438,aucune
Q015439,aucune
Q015440,aucune
Q015441,aucune
Q015442,aucune
Q015443,aucune
Q015444,aucune
Q015445,age_arrondi
Q015446,aucune
Q015447,aucune
Q015448,aucune
Q015449,aucune
Q015450,age_arrondi
Q015451,aucune
Q015452,aucune
Q015453,entretien_rapide
Q015454,uniformite
Q015455,aucune
Q015456,aucune
Q015457,aucune
Q015458,aucune
Q015459,aucune
Q015460,aucune
Q015461,aucune
Q015462,aucune
Q015463,aucune
Q015464,aucune
Q015465,age_arrondi
Q015466,aucune
Q015467,aucune
Q015468,gps_reutilise
Q015469,aucune
Q015470,aucune
Q015471,aucune
Q015472,aucune
Q015473,aucune
Q015474,aucune
Q015475,aucune
Q015476,gps_reutilise
Q015477,aucune
Q015478,aucune
Q015479,aucune
Q015480,age_arrondi
Q015481,aucune
Q015482,aucune
Q015483,aucune
Q015484,aucune
Q015485,aucune
Q015486,aucune
Q015487,aucune
Q015488,aucune
Q015489,entretien_rapide
Q015490,gps_reutilise
Q015491,aucune
Q015492,aucune
Q015493,age_arrondi
Q015494,aucune
Q015495,aucune
Q015496,aucune
Q015497,aucune
Q015498,aucune
Q015499,aucune
Q015500,gps_reutilise
Q015501,aucune
Q015502,aucune
Q015503,aucune
Q015504,aucune
Q015505,aucune
Q015506,age_arrondi
Q015507,aucune
Q015508,age_arrondi
Q015509,aucune
Q015510,aucune
Q015511,doublon
Q015512,aucune
Q015513,aucune
Q015514,aucune
Q015515,aucune
Q015516,age_arrondi
Q015517,doublon
Q015518,entretien_rapide
Q015519,aucune
Q015520,age_arrondi
Q015521,aucune
Q015522,age_arrondi
Q015523,age_arrondi
Q015524,aucune
Q015525,aucune
Q015526,aucune
Q015527,entretien_rapide
Q015528,aucune
Q015529,doublon
Q015530,aucune
Q015531,aucune
Q015532,aucune
Q015533,aucune
Q015534,aucune
Q015535,aucune
Q015536,aucune
Q015537,aucune
Q015538,age_arrondi
Q015539,aucune
Q015540,aucune
Q015541,aucune
Q015542,aucune
Q015543,aucune
Q015544,aucune
Q015545,aucune
Q015546,aucune
Q015547,aucune
Q015548,aucune
Q015549,aucune
Q015550,aucune
Q015551,aucune
Q015552,aucune
Q015553,aucune
Q015554,aucune
Q015555,aucune
Q015556,aucune
Q015557,age_arrondi
Q015558,aucune
Q015559,aucune
Q015560,aucune
Q015561,aucune
Q015562,aucune
Q015563,aucune
Q015564,aucune
Q015565,age_arrondi
Q015566,aucune
Q015567,aucune
Q015568,aucune
Q015569,age_arrondi
Q015570,aucune
Q015571,aucune
Q015572,aucune
Q015573,age_arrondi
Q015574,aucune
Q015575,aucune
Q015576,aucune
Q015577,aucune
Q015578,aucune
Q015579,aucune
Q015580,aucune
Q015581,aucune
Q015582,aucune
Q015583,aucune
Q015584,aucune
Q015585,aucune
Q015586,aucune
Q015587,aucune
Q015588,aucune
Q015589,age_arrondi
Q015590,aucune
Q015591,aucune
Q015592,aucune
Q015593,aucune
Q015594,aucune
Q015595,aucune
Q015596,aucune
Q015597,age_arrondi
Q015598,entretien_rapide
Q015599,aucune
Q015600,aucune
Q015601,age_arrondi
Q015602,aucune
Q015603,aucune
Q015604,aucune
Q015605,aucune
Q015606,aucune
Q015607,aucune
Q015608,aucune
Q015609,aucune
Q015610,aucune
Q015611,aucune
Q015612,aucune
Q015613,aucune
Q015614,aucune
Q015615,aucune
Q015616,aucune
Q015617,aucune
Q015618,aucune
Q015619,aucune
Q015620,aucune
Q015621,aucune
Q015622,aucune
Q015623,aucune
Q015624,aucune
Q015625,gps_reutilise
Q015626,aucune
Q015627,aucune
Q015628,aucune
Q015629,entretien_rapide
Q015630,aucune
Q015631,age_arrondi
Q015632,doublon
Q015633,aucune
Q015634,aucune
Q015635,aucune
Q015636,aucune
Q015637,age_arrondi
Q015638,aucune
Q015639,aucune
Q015640,aucune
Q015641,aucune
Q015642,aucune
Q015643,aucune
Q015644,aucune
Q015645,aucune
Q015646,aucune
Q015647,aucune
Q015648,aucune
Q015649,aucune
Q015650,aucune
Q015651,aucune
Q015652,aucune
Q015653,aucune
Q015654,aucune
Q015655,age_arrondi
Q015656,aucune
Q015657,aucune
Q015658,aucune
Q015659,aucune
Q015660,aucune
Q015661,aucune
Q015662,age_arrondi
Q015663,aucune
Q015664,age_arrondi
Q015665,aucune
Q015666,aucune
Q015667,aucune
Q015668,gps_reutilise
Q015669,aucune
Q015670,age_arrondi
Q015671,age_arrondi
Q015672,age_arrondi
Q015673,age_arrondi
Q015674,aucune
Q015675,aucune
Q015676,aucune
Q015677,aucune
Q015678,aucune
Q015679,age_arrondi
Q015680,aucune
Q015681,aucune
Q015682,aucune
Q015683,aucune
Q015684,age_arrondi
Q015685,aucune
Q015686,aucune
Q015687,aucune
Q015688,aucune
Q015689,aucune
Q015690,aucune
Q015691,aucune
Q015692,aucune
Q015693,aucune
Q015694,aucune
Q015695,aucune
Q015696,aucune
Q015697,aucune
Q015698,entretien_rapide
Q015699,aucune
Q015700,aucune
Q015701,aucune
Q015702,age_arrondi
Q015703,age_arrondi
Q015704,aucune
Q015705,aucune
Q015706,uniformite
Q015707,aucune
Q015708,aucune
Q015709,aucune
Q015710,aucune
Q015711,aucune
Q015712,aucune
Q015713,aucune
Q015714,age_arrondi
Q015715,age_arrondi
Q015716,gps_reutilise
Q015717,aucune
Q015718,aucune
Q015719,aucune
Q015720,aucune
Q015721,uniformite
Q015722,aucune
Q015723,aucune
Q015724,age_arrondi
Q015725,aucune
Q015726,aucune
Q015727,aucune
Q015728,aucune
Q015729,age_arrondi
Q015730,aucune
Q015731,age_arrondi
Q015732,aucune
Q015733,aucune
Q015734,aucune
Q015735,aucune
Q015736,aucune
Q015737,aucune
Q015738,aucune
Q015739,aucune
Q015740,gps_reutilise
Q015741,aucune
Q015742,aucune
Q015743,aucune
Q015744,aucune
Q015745,aucune
Q015746,aucune
Q015747,aucune
Q015748,aucune
Q015749,aucune
Q015750,aucune
Q015751,aucune
Q015752,aucune
Q015753,aucune
Q015754,aucune
Q015755,aucune
Q015756,aucune
Q015757,aucune
Q015758,aucune
Q015759,aucune
Q015760,aucune
Q015761,aucune
Q015762,gps_reutilise
Q015763,aucune
Q015764,gps_reutilise
Q015765,aucune
Q015766,aucune
Q015767,aucune
Q015768,aucune
Q015769,aucune
Q015770,aucune
Q015771,aucune
Q015772,age_arrondi
Q015773,aucune
Q015774,aucune
Q015775,aucune
Q015776,aucune
Q015777,aucune
Q015778,aucune
Q015779,aucune
Q015780,aucune
Q015781,aucune
Q015782,aucune
Q015783,aucune
Q015784,entretien_rapide
Q015785,aucune
Q015786,aucune
Q015787,age_arrondi
Q015788,aucune
Q015789,age_arrondi
Q015790,aucune
Q015791,aucune
Q015792,aucune
Q015793,aucune
Q015794,aucune
Q015795,aucune
Q015796,aucune
Q015797,gps_reutilise
Q015798,aucune
Q015799,aucune
Q015800,entretien_rapide
Q015801,aucune
Q015802,aucune
Q015803,aucune
Q015804,aucune
Q015805,aucune
Q015806,aucune
Q015807,aucune
Q015808,aucune
Q015809,aucune
Q015810,aucune
Q015811,aucune
Q015812,aucune
Q015813,age_arrondi
Q015814,aucune
Q015815,entretien_rapide
Q015816,aucune
Q015817,aucune
Q015818,aucune
Q015819,aucune
Q015820,aucune
Q015821,aucune
Q015822,aucune
Q015823,aucune
Q015824,aucune
Q015825,aucune
Q015826,aucune
Q015827,aucune
Q015828,aucune
Q015829,aucune
Q015830,aucune
Q015831,aucune
Q015832,aucune
Q015833,aucune
Q015834,aucune
Q015835,uniformite
Q015836,aucune
Q015837,aucune
Q015838,age_arrondi
Q015839,aucune
Q015840,aucune
Q015841,uniformite
Q015842,aucune
Q015843,aucune
Q015844,aucune
Q015845,entretien_rapide
Q015846,age_arrondi
Q015847,aucune
Q015848,aucune
Q015849,aucune
Q015850,aucune
Q015851,aucune
Q015852,aucune
Q015853,aucune
Q015854,entretien_rapide
Q015855,aucune
Q015856,age_arrondi
Q015857,aucune
Q015858,aucune
Q015859,age_arrondi
Q015860,uniformite
Q015861,aucune
Q015862,aucune
Q015863,aucune
Q015864,aucune
Q015865,aucune
Q015866,aucune
Q015867,age_arrondi
Q015868,aucune
Q015869,entretien_rapide
Q015870,aucune
Q015871,aucune
Q015872,aucune
Q015873,aucune
Q015874,aucune
Q015875,age_arrondi
Q015876,aucune
Q015877,aucune
Q015878,aucune
Q015879,aucune
Q015880,aucune
Q015881,aucune
Q015882,aucune
Q015883,aucune
Q015884,aucune
Q015885,aucune
Q015886,age_arrondi
Q015887,aucune
Q015888,aucune
Q015889,age_arrondi
Q015890,aucune
Q015891,aucune
Q015892,aucune
Q015893,aucune
Q015894,aucune
Q015895,aucune
Q015896,aucune
Q015897,aucune
Q015898,aucune
Q015899,aucune
Q015900,aucune
Q015901,aucune
Q015902,entretien_rapide
Q015903,aucune
Q015904,aucune
Q015905,aucune
Q015906,entretien_rapide
Q015907,aucune
Q015908,aucune
Q015909,aucune
Q015910,aucune
Q015911,aucune
Q015912,aucune
Q015913,aucune
Q015914,aucune
Q015915,aucune
Q015916,aucune
Q015917,aucune
Q015918,uniformite
Q015919,aucune
Q015920,aucune
Q015921,aucune
Q015922,aucune
Q015923,aucune
Q015924,aucune
Q015925,aucune
Q015926,aucune
Q015927,aucune
Q015928,aucune
Q015929,age_arrondi
Q015930,age_arrondi
Q015931,aucune
Q015932,aucune
Q015933,aucune
Q015934,aucune
Q015935,aucune
Q015936,aucune
Q015937,aucune
Q015938,aucune
Q015939,aucune
Q015940,age_arrondi
Q015941,aucune
Q015942,aucune
Q015943,aucune
Q015944,aucune
Q015945,doublon
Q015946,aucune
Q015947,aucune
Q015948,aucune
Q015949,entretien_rapide
Q015950,aucune
Q015951,aucune
Q015952,aucune
Q015953,entretien_rapide
Q015954,aucune
Q015955,aucune
Q015956,aucune
Q015957,aucune
Q015958,aucune
Q015959,aucune
Q015960,aucune
Q015961,aucune
Q015962,aucune
Q015963,aucune
Q015964,aucune
Q015965,aucune
Q015966,aucune
Q015967,aucune
Q015968,aucune
Q015969,doublon
Q015970,uniformite
Q015971,age_arrondi
Q015972,aucune
Q015973,age_arrondi
Q015974,aucune
Q015975,aucune
Q015976,aucune
Q015977,aucune
Q015978,aucune
Q015979,aucune
Q015980,aucune
Q015981,entretien_rapide
Q015982,aucune
Q015983,aucune
Q015984,aucune
Q015985,aucune
Q015986,doublon
Q015987,aucune
Q015988,aucune
Q015989,aucune
Q015990,aucune
Q015991,aucune
Q015992,aucune
Q015993,age_arrondi
Q015994,aucune
Q015995,aucune
Q015996,aucune
Q015997,aucune
Q015998,aucune
Q015999,gps_reutilise
Q016000,aucune
Q016001,aucune
Q016002,aucune
Q016003,doublon
Q016004,aucune
Q016005,aucune
Q016006,aucune
Q016007,aucune
Q016008,aucune
Q016009,aucune
Q016010,aucune
Q016011,aucune
Q016012,aucune
Q016013,entretien_rapide
Q016014,aucune
Q016015,aucune
Q016016,aucune
Q016017,gps_reutilise
Q016018,aucune
Q016019,aucune
Q016020,aucune
Q016021,aucune
Q016022,aucune
Q016023,aucune
Q016024,doublon
Q016025,aucune
Q016026,aucune
Q016027,aucune
Q016028,entretien_rapide
Q016029,aucune
Q016030,aucune
Q016031,aucune
Q016032,aucune
Q016033,age_arrondi
Q016034,aucune
Q016035,aucune
Q016036,uniformite
Q016037,aucune
Q016038,aucune
Q016039,aucune
Q016040,aucune
Q016041,entretien_rapide
Q016042,aucune
Q016043,aucune
Q016044,age_arrondi
Q016045,aucune
Q016046,aucune
Q016047,aucune
Q016048,age_arrondi
Q016049,aucune
Q016050,aucune
Q016051,aucune
Q016052,aucune
Q016053,aucune
Q016054,aucune
Q016055,aucune
Q016056,aucune
Q016057,aucune
Q016058,aucune
Q016059,aucune
Q016060,aucune
Q016061,aucune
Q016062,aucune
Q016063,aucune
Q016064,aucune
Q016065,aucune
Q016066,aucune
Q016067,age_arrondi
Q016068,age_arrondi
Q016069,gps_reutilise
Q016070,aucune
Q016071,aucune
Q016072,aucune
Q016073,aucune
Q016074,aucune
Q016075,aucune
Q016076,aucune
Q016077,aucune
Q016078,aucune
Q016079,aucune
Q016080,aucune
Q016081,aucune
Q016082,aucune
Q016083,aucune
Q016084,aucune
Q016085,aucune
Q016086,aucune
Q016087,age_arrondi
Q016088,aucune
Q016089,aucune
Q016090,aucune
Q016091,age_arrondi
Q016092,gps_reutilise
Q016093,aucune
Q016094,aucune
Q016095,aucune
Q016096,aucune
Q016097,aucune
Q016098,aucune
Q016099,aucune
Q016100,aucune
Q016101,aucune
Q016102,aucune
Q016103,aucune
Q016104,aucune
Q016105,aucune
Q016106,aucune
Q016107,aucune
Q016108,aucune
Q016109,aucune
Q016110,aucune
Q016111,aucune
Q016112,aucune
Q016113,uniformite
Q016114,entretien_rapide
Q016115,aucune
Q016116,aucune
Q016117,aucune
Q016118,aucune
Q016119,aucune
Q016120,aucune
Q016121,aucune
Q016122,aucune
Q016123,aucune
Q016124,aucune
Q016125,gps_reutilise
Q016126,aucune
Q016127,age_arrondi
Q016128,aucune
Q016129,aucune
Q016130,aucune
Q016131,aucune
Q016132,aucune
Q016133,entretien_rapide
Q016134,aucune
Q016135,aucune
Q016136,aucune
Q016137,aucune
Q016138,aucune
Q016139,aucune
Q016140,aucune
Q016141,aucune
Q016142,aucune
Q016143,aucune
Q016144,age_arrondi
Q016145,aucune
Q016146,aucune
Q016147,aucune
Q016148,aucune
Q016149,aucune
Q016150,aucune
Q016151,aucune
Q016152,aucune
Q016153,aucune
Q016154,aucune
Q016155,aucune
Q016156,aucune
Q016157,aucune
Q016158,aucune
Q016159,aucune
Q016160,aucune
Q016161,aucune
Q016162,entretien_rapide
Q016163,aucune
Q016164,aucune
Q016165,gps_reutilise
Q016166,aucune
Q016167,aucune
Q016168,aucune
Q016169,age_arrondi
Q016170,aucune
Q016171,age_arrondi
Q016172,age_arrondi
Q016173,aucune
Q016174,aucune
Q016175,age_arrondi
Q016176,aucune
Q016177,aucune
Q016178,aucune
Q016179,aucune
Q016180,age_arrondi
Q016181,aucune
Q016182,aucune
Q016183,aucune
Q016184,aucune
Q016185,age_arrondi
Q016186,aucune
Q016187,aucune
Q016188,aucune
Q016189,aucune
Q016190,entretien_rapide
Q016191,aucune
Q016192,aucune
Q016193,uniformite
Q016194,aucune
Q016195,aucune
Q016196,age_arrondi
Q016197,aucune
Q016198,aucune
Q016199,aucune
Q016200,uniformite
Q016201,aucune
Q016202,aucune
Q016203,aucune
Q016204,aucune
Q016205,aucune
Q016206,aucune
Q016207,aucune
Q016208,aucune
Q016209,aucune
Q016210,aucune
Q016211,aucune
Q016212,aucune
Q016213,aucune
Q016214,aucune
Q016215,aucune
Q016216,aucune
Q016217,aucune
Q016218,aucune
Q016219,aucune
Q016220,aucune
Q016221,aucune
Q016222,age_arrondi
Q016223,aucune
Q016224,aucune
Q016225,aucune
Q016226,aucune
Q016227,aucune
Q016228,aucune
Q016229,uniformite
Q016230,aucune
Q016231,aucune
Q016232,aucune
Q016233,aucune
Q016234,aucune
Q016235,aucune
Q016236,aucune
Q016237,aucune
Q016238,aucune
Q016239,aucune
Q016240,age_arrondi
Q016241,age_arrondi
Q016242,aucune
Q016243,aucune
Q016244,aucune
Q016245,age_arrondi
Q016246,aucune
Q016247,age_arrondi
Q016248,aucune
Q016249,aucune
Q016250,aucune
Q016251,aucune
Q016252,aucune
Q016253,aucune
Q016254,age_arrondi
Q016255,aucune
Q016256,aucune
Q016257,aucune
Q016258,aucune
Q016259,aucune
Q016260,aucune
Q016261,aucune
Q016262,aucune
Q016263,aucune
Q016264,aucune
Q016265,aucune
Q016266,aucune
Q016267,age_arrondi
Q016268,aucune
Q016269,aucune
Q016270,aucune
Q016271,aucune
Q016272,aucune
Q016273,aucune
Q016274,aucune
Q016275,aucune
Q016276,aucune
Q016277,aucune
Q016278,aucune
Q016279,aucune
Q016280,aucune
Q016281,aucune
Q016282,aucune
Q016283,aucune
Q016284,aucune
Q016285,aucune
Q016286,aucune
Q016287,aucune
Q016288,aucune
Q016289,aucune
Q016290,aucune
Q016291,aucune
Q016292,aucune
Q016293,aucune
Q016294,aucune
Q016295,aucune
Q016296,aucune
Q016297,aucune
Q016298,aucune
Q016299,aucune
Q016300,gps_reutilise
Q016301,aucune
Q016302,aucune
Q016303,aucune
Q016304,aucune
Q016305,entretien_rapide
Q016306,aucune
Q016307,aucune
Q016308,aucune
Q016309,aucune
Q016310,aucune
Q016311,entretien_rapide
Q016312,aucune
Q016313,gps_reutilise
Q016314,aucune
Q016315,aucune
Q016316,aucune
Q016317,age_arrondi
Q016318,aucune
Q016319,aucune
Q016320,aucune
Q016321,aucune
Q016322,gps_reutilise
Q016323,age_arrondi
Q016324,aucune
Q016325,aucune
Q016326,age_arrondi
Q016327,aucune
Q016328,aucune
Q016329,aucune
Q016330,aucune
Q016331,aucune
Q016332,aucune
Q016333,aucune
Q016334,aucune
Q016335,aucune
Q016336,aucune
Q016337,aucune
Q016338,aucune
Q016339,aucune
Q016340,age_arrondi
Q016341,aucune
Q016342,aucune
Q016343,aucune
Q016344,aucune
Q016345,aucune
Q016346,age_arrondi
Q016347,uniformite
Q016348,aucune
Q016349,aucune
Q016350,aucune
Q016351,aucune
Q016352,aucune
Q016353,age_arrondi
Q016354,aucune
Q016355,aucune
Q016356,aucune
Q016357,entretien_rapide
Q016358,aucune
Q016359,aucune
Q016360,aucune
Q016361,aucune
Q016362,aucune
Q016363,aucune
Q016364,aucune
Q016365,aucune
Q016366,aucune
Q016367,entretien_rapide
Q016368,aucune
Q016369,aucune
Q016370,aucune
Q016371,aucune
Q016372,aucune
Q016373,aucune
Q016374,aucune
Q016375,age_arrondi
Q016376,aucune
Q016377,aucune
Q016378,doublon
Q016379,aucune
Q016380,aucune
Q016381,aucune
Q016382,age_arrondi
Q016383,aucune
Q016384,age_arrondi
Q016385,aucune
Q016386,aucune
Q016387,age_arrondi
Q016388,age_arrondi
Q016389,aucune
Q016390,aucune
Q016391,age_arrondi
Q016392,aucune
Q016393,aucune
Q016394,aucune
Q016395,aucune
Q016396,aucune
Q016397,aucune
Q016398,aucune
Q016399,aucune
Q016400,aucune
Q016401,aucune
Q016402,aucune
Q016403,aucune
Q016404,aucune
Q016405,age_arrondi
Q016406,aucune
Q016407,aucune
Q016408,age_arrondi
Q016409,aucune
Q016410,aucune
Q016411,uniformite
Q016412,aucune
Q016413,aucune
Q016414,aucune
Q016415,aucune
Q016416,doublon
Q016417,aucune
Q016418,aucune
Q016419,aucune
Q016420,entretien_rapide
Q016421,aucune
Q016422,aucune
Q016423,aucune
Q016424,age_arrondi
Q016425,aucune
Q016426,age_arrondi
Q016427,aucune
Q016428,aucune
Q016429,aucune
Q016430,age_arrondi
Q016431,aucune
Q016432,aucune
Q016433,aucune
Q016434,aucune
Q016435,aucune
Q016436,aucune
Q016437,gps_reutilise
Q016438,age_arrondi
Q016439,aucune
Q016440,aucune
Q016441,aucune
Q016442,aucune
Q016443,aucune
Q016444,aucune
Q016445,aucune
Q016446,age_arrondi
Q016447,aucune
Q016448,aucune
Q016449,aucune
Q016450,aucune
Q016451,aucune
Q016452,aucune
Q016453,aucune
Q016454,aucune
Q016455,aucune
Q016456,aucune
Q016457,aucune
Q016458,aucune
Q016459,age_arrondi
Q016460,aucune
Q016461,aucune
Q016462,gps_reutilise
Q016463,age_arrondi
Q016464,aucune
Q016465,aucune
Q016466,aucune
Q016467,aucune
Q016468,aucune
Q016469,doublon
Q016470,aucune
Q016471,aucune
Q016472,aucune
Q016473,aucune
Q016474,aucune
Q016475,aucune
Q016476,aucune
Q016477,aucune
Q016478,aucune
Q016479,aucune
Q016480,aucune
Q016481,age_arrondi
Q016482,aucune
Q016483,aucune
Q016484,age_arrondi
Q016485,aucune
Q016486,aucune
Q016487,aucune
Q016488,aucune
Q016489,aucune
Q016490,aucune
Q016491,aucune
Q016492,aucune
Q016493,aucune
Q016494,aucune
Q016495,gps_reutilise
Q016496,aucune
Q016497,aucune
Q016498,aucune
Q016499,aucune
Q016500,aucune
Q016501,aucune
Q016502,aucune
Q016503,aucune
Q016504,aucune
Q016505,aucune
Q016506,aucune
Q016507,uniformite
Q016508,age_arrondi
Q016509,aucune
Q016510,aucune
Q016511,aucune
Q016512,aucune
Q016513,aucune
Q016514,aucune
Q016515,aucune
Q016516,aucune
Q016517,age_arrondi
Q016518,aucune
Q016519,aucune
Q016520,age_arrondi
Q016521,age_arrondi
Q016522,aucune
Q016523,aucune
Q016524,aucune
Q016525,aucune
Q016526,age_arrondi
Q016527,aucune
Q016528,aucune
Q016529,aucune
Q016530,aucune
Q016531,aucune
Q016532,aucune
Q016533,aucune
Q016534,aucune
Q016535,aucune
Q016536,aucune
Q016537,aucune
Q016538,aucune
Q016539,aucune
Q016540,aucune
Q016541,aucune
Q016542,aucune
Q016543,aucune
Q016544,age_arrondi
Q016545,aucune
Q016546,entretien_rapide
Q016547,aucune
Q016548,aucune
Q016549,aucune
Q016550,aucune
Q016551,aucune
Q016552,aucune
Q016553,aucune
Q016554,aucune
Q016555,aucune
Q016556,gps_reutilise
Q016557,aucune
Q016558,aucune
Q016559,age_arrondi
Q016560,aucune
Q016561,aucune
Q016562,aucune
Q016563,aucune
Q016564,uniformite
Q016565,aucune
Q016566,aucune
Q016567,aucune
Q016568,aucune
Q016569,aucune
Q016570,aucune
Q016571,aucune
Q016572,age_arrondi
Q016573,aucune
Q016574,aucune
Q016575,aucune
Q016576,aucune
Q016577,aucune
Q016578,aucune
Q016579,aucune
Q016580,aucune
Q016581,aucune
Q016582,aucune
Q016583,age_arrondi
Q016584,aucune
Q016585,aucune
Q016586,aucune
Q016587,aucune
Q016588,aucune
Q016589,aucune
Q016590,age_arrondi
Q016591,aucune
Q016592,aucune
Q016593,age_arrondi
Q016594,aucune
Q016595,aucune
Q016596,aucune
Q016597,aucune
Q016598,aucune
Q016599,aucune
Q016600,aucune
Q016601,aucune
Q016602,aucune
Q016603,aucune
Q016604,aucune
Q016605,gps_reutilise
Q016606,aucune
Q016607,aucune
Q016608,aucune
Q016609,aucune
Q016610,aucune
Q016611,aucune
Q016612,aucune
Q016613,aucune
Q016614,age_arrondi
Q016615,aucune
Q016616,aucune
Q016617,aucune
Q016618,aucune
Q016619,aucune
Q016620,aucune
Q016621,entretien_rapide
Q016622,aucune
Q016623,aucune
Q016624,aucune
Q016625,aucune
Q016626,aucune
Q016627,aucune
Q016628,entretien_rapide
Q016629,aucune
Q016630,aucune
Q016631,aucune
Q016632,entretien_rapide
Q016633,aucune
Q016634,aucune
Q016635,aucune
Q016636,aucune
Q016637,aucune
Q016638,aucune
Q016639,aucune
Q016640,aucune
Q016641,aucune
Q016642,aucune
Q016643,aucune
Q016644,age_arrondi
Q016645,aucune
Q016646,aucune
Q016647,aucune
Q016648,aucune
Q016649,aucune
Q016650,aucune
Q016651,aucune
Q016652,aucune
Q016653,aucune
Q016654,aucune
Q016655,aucune
Q016656,aucune
Q016657,gps_reutilise
Q016658,aucune
Q016659,aucune
Q016660,aucune
Q016661,aucune
Q016662,aucune
Q016663,aucune
Q016664,aucune
Q016665,aucune
Q016666,aucune
Q016667,aucune
Q016668,age_arrondi
Q016669,aucune
Q016670,aucune
Q016671,aucune
Q016672,aucune
Q016673,aucune
Q016674,aucune
Q016675,aucune
Q016676,aucune
Q016677,age_arrondi
Q016678,aucune
Q016679,aucune
Q016680,age_arrondi
Q016681,aucune
Q016682,aucune
Q016683,aucune
Q016684,aucune
Q016685,aucune
Q016686,aucune
Q016687,aucune
Q016688,aucune
Q016689,aucune
Q016690,aucune
Q016691,aucune
Q016692,aucune
Q016693,aucune
Q016694,aucune
Q016695,aucune
Q016696,aucune
Q016697,aucune
Q016698,aucune
Q016699,entretien_rapide
Q016700,aucune
Q016701,aucune
Q016702,aucune
Q016703,aucune
Q016704,entretien_rapide
Q016705,aucune
Q016706,aucune
Q016707,age_arrondi
Q016708,aucune
Q016709,aucune
Q016710,aucune
Q016711,age_arrondi
Q016712,aucune
Q016713,aucune
Q016714,aucune
Q016715,aucune
Q016716,aucune
Q016717,aucune
Q016718,aucune
Q016719,aucune
Q016720,age_arrondi
Q016721,aucune
Q016722,aucune
Q016723,aucune
Q016724,aucune
Q016725,aucune
Q016726,aucune
Q016727,aucune
Q016728,aucune
Q016729,aucune
Q016730,aucune
Q016731,aucune
Q016732,age_arrondi
Q016733,aucune
Q016734,aucune
Q016735,aucune
Q016736,aucune
Q016737,age_arrondi
Q016738,aucune
Q016739,aucune
Q016740,aucune
Q016741,aucune
Q016742,age_arrondi
Q016743,aucune
Q016744,aucune
Q016745,aucune
Q016746,entretien_rapide
Q016747,aucune
Q016748,aucune
Q016749,aucune
Q016750,aucune
Q016751,aucune
Q016752,aucune
Q016753,aucune
Q016754,age_arrondi
Q016755,aucune
Q016756,aucune
Q016757,gps_reutilise
Q016758,aucune
Q016759,aucune
Q016760,aucune
Q016761,aucune
Q016762,aucune
Q016763,aucune
Q016764,aucune
Q016765,aucune
Q016766,gps_reutilise
Q016767,aucune
Q016768,age_arrondi
Q016769,aucune
Q016770,age_arrondi
Q016771,aucune
Q016772,age_arrondi
Q016773,aucune
Q016774,entretien_rapide
Q016775,aucune
Q016776,aucune
Q016777,aucune
Q016778,aucune
Q016779,age_arrondi
Q016780,age_arrondi
Q016781,uniformite
Q016782,aucune
Q016783,age_arrondi
Q016784,aucune
Q016785,aucune
Q016786,aucune
Q016787,aucune
Q016788,aucune
Q016789,uniformite
Q016790,aucune
Q016791,aucune
Q016792,aucune
Q016793,aucune
Q016794,aucune
Q016795,aucune
Q016796,age_arrondi
Q016797,aucune
Q016798,aucune
Q016799,aucune
Q016800,aucune
Q016801,aucune
Q016802,aucune
Q016803,aucune
Q016804,aucune
Q016805,aucune
Q016806,aucune
Q016807,aucune
Q016808,aucune
Q016809,aucune
Q016810,aucune
Q016811,aucune
Q016812,age_arrondi
Q016813,aucune
Q016814,aucune
Q016815,aucune
Q016816,aucune
Q016817,aucune
Q016818,aucune
Q016819,aucune
Q016820,uniformite
Q016821,aucune
Q016822,aucune
Q016823,aucune
Q016824,aucune
Q016825,aucune
Q016826,aucune
Q016827,aucune
Q016828,aucune
Q016829,aucune
Q016830,gps_reutilise
Q016831,age_arrondi
Q016832,aucune
Q016833,aucune
Q016834,aucune
Q016835,aucune
Q016836,aucune
Q016837,aucune
Q016838,aucune
Q016839,aucune
Q016840,aucune
Q016841,aucune
Q016842,aucune
Q016843,aucune
Q016844,aucune
Q016845,aucune
Q016846,aucune
Q016847,aucune
Q016848,aucune
Q016849,aucune
Q016850,age_arrondi
Q016851,aucune
Q016852,aucune
Q016853,aucune
Q016854,aucune
Q016855,aucune
Q016856,age_arrondi
Q016857,aucune
Q016858,aucune
Q016859,uniformite
Q016860,aucune
Q016861,aucune
Q016862,aucune
Q016863,aucune
Q016864,age_arrondi
Q016865,aucune
Q016866,aucune
Q016867,aucune
Q016868,aucune
Q016869,aucune
Q016870,aucune
Q016871,aucune
Q016872,aucune
Q016873,aucune
Q016874,aucune
Q016875,aucune
Q016876,aucune
Q016877,aucune
Q016878,aucune
Q016879,aucune
Q016880,age_arrondi
Q016881,aucune
Q016882,aucune
Q016883,aucune
Q016884,age_arrondi
Q016885,aucune
Q016886,aucune
Q016887,gps_reutilise
Q016888,aucune
Q016889,aucune
Q016890,aucune
Q016891,aucune
Q016892,uniformite
Q016893,aucune
Q016894,aucune
Q016895,aucune
Q016896,aucune
Q016897,aucune
Q016898,aucune
Q016899,aucune
Q016900,aucune
Q016901,aucune
Q016902,aucune
Q016903,aucune
Q016904,age_arrondi
Q016905,aucune
Q016906,doublon
Q016907,aucune
Q016908,aucune
Q016909,aucune
Q016910,aucune
Q016911,aucune
Q016912,aucune
Q016913,uniformite
Q016914,aucune
Q016915,aucune
Q016916,aucune
Q016917,aucune
Q016918,aucune
Q016919,aucune
Q016920,aucune
Q016921,aucune
Q016922,aucune
Q016923,aucune
Q016924,aucune
Q016925,aucune
Q016926,aucune
Q016927,aucune
Q016928,aucune
Q016929,aucune
Q016930,aucune
Q016931,aucune
Q016932,aucune
Q016933,aucune
Q016934,aucune
Q016935,aucune
Q016936,aucune
Q016937,aucune
Q016938,aucune
Q016939,aucune
Q016940,aucune
Q016941,doublon
Q016942,entretien_rapide
Q016943,aucune
Q016944,age_arrondi
Q016945,aucune
Q016946,aucune
Q016947,entretien_rapide
Q016948,aucune
Q016949,aucune
Q016950,age_arrondi
Q016951,aucune
Q016952,aucune
Q016953,uniformite
Q016954,age_arrondi
Q016955,aucune
Q016956,aucune
Q016957,aucune
Q016958,age_arrondi
Q016959,aucune
Q016960,aucune
Q016961,aucune
Q016962,aucune
Q016963,age_arrondi
Q016964,aucune
Q016965,aucune
Q016966,aucune
Q016967,aucune
Q016968,aucune
Q016969,aucune
Q016970,aucune
Q016971,aucune
Q016972,aucune
Q016973,aucune
Q016974,aucune
Q016975,aucune
Q016976,aucune
Q016977,aucune
Q016978,aucune
Q016979,aucune
Q016980,aucune
Q016981,age_arrondi
Q016982,aucune
Q016983,aucune
Q016984,aucune
Q016985,aucune
Q016986,aucune
Q016987,age_arrondi
Q016988,aucune
Q016989,aucune
Q016990,aucune
Q016991,aucune
Q016992,aucune
Q016993,aucune
Q016994,aucune
Q016995,aucune
Q016996,uniformite
Q016997,aucune
Q016998,aucune
Q016999,aucune
Q017000,aucune
Q017001,aucune
Q017002,aucune
Q017003,aucune
Q017004,aucune
Q017005,aucune
Q017006,aucune
Q017007,aucune
Q017008,entretien_rapide
Q017009,aucune
Q017010,aucune
Q017011,aucune
Q017012,aucune
Q017013,aucune
Q017014,aucune
Q017015,age_arrondi
Q017016,aucune
Q017017,aucune
Q017018,aucune
Q017019,aucune
Q017020,aucune
Q017021,aucune
Q017022,aucune
Q017023,aucune
Q017024,aucune
Q017025,aucune
Q017026,aucune
Q017027,aucune
Q017028,aucune
Q017029,aucune
Q017030,aucune
Q017031,age_arrondi
Q017032,aucune
Q017033,aucune
Q017034,entretien_rapide
Q017035,aucune
Q017036,aucune
Q017037,gps_reutilise
Q017038,aucune
Q017039,aucune
Q017040,aucune
Q017041,aucune
Q017042,age_arrondi
Q017043,aucune
Q017044,age_arrondi
Q017045,aucune
Q017046,age_arrondi
Q017047,aucune
Q017048,uniformite
Q017049,aucune
Q017050,aucune
Q017051,aucune
Q017052,age_arrondi
Q017053,aucune
Q017054,gps_reutilise
Q017055,aucune
Q017056,aucune
Q017057,aucune
Q017058,aucune
Q017059,aucune
Q017060,aucune
Q017061,doublon
Q017062,gps_reutilise
Q017063,entretien_rapide
Q017064,aucune
Q017065,aucune
Q017066,aucune
Q017067,aucune
Q017068,aucune
Q017069,aucune
Q017070,aucune
Q017071,aucune
Q017072,age_arrondi
Q017073,aucune
Q017074,aucune
Q017075,aucune
Q017076,age_arrondi
Q017077,aucune
Q017078,aucune
Q017079,age_arrondi
Q017080,aucune
Q017081,aucune
Q017082,aucune
Q017083,aucune
Q017084,aucune
Q017085,aucune
Q017086,aucune
Q017087,aucune
Q017088,aucune
Q017089,aucune
Q017090,age_arrondi
Q017091,aucune
Q017092,aucune
Q017093,aucune
Q017094,aucune
Q017095,aucune
Q017096,aucune
Q017097,aucune
Q017098,aucune
Q017099,aucune
Q017100,aucune
Q017101,aucune
Q017102,age_arrondi
Q017103,aucune
Q017104,aucune
Q017105,aucune
Q017106,aucune
Q017107,aucune
Q017108,aucune
Q017109,aucune
Q017110,aucune
Q017111,aucune
Q017112,aucune
Q017113,aucune
Q017114,aucune
Q017115,aucune
Q017116,age_arrondi
Q017117,aucune
Q017118,aucune
Q017119,aucune
Q017120,aucune
Q017121,aucune
Q017122,age_arrondi
Q017123,aucune
Q017124,aucune
Q017125,age_arrondi
Q017126,aucune
Q017127,age_arrondi
Q017128,aucune
Q017129,aucune
Q017130,age_arrondi
Q017131,aucune
Q017132,aucune
Q017133,aucune
Q017134,entretien_rapide
Q017135,aucune
Q017136,age_arrondi
Q017137,aucune
Q017138,aucune
Q017139,aucune
Q017140,aucune
Q017141,aucune
Q017142,aucune
Q017143,aucune
Q017144,aucune
Q017145,aucune
Q017146,doublon
Q017147,aucune
Q017148,aucune
Q017149,aucune
Q017150,aucune
Q017151,aucune
Q017152,aucune
Q017153,aucune
Q017154,aucune
Q017155,aucune
Q017156,aucune
Q017157,aucune
Q017158,aucune
Q017159,aucune
Q017160,age_arrondi
Q017161,aucune
Q017162,aucune
Q017163,aucune
Q017164,aucune
Q017165,age_arrondi
Q017166,aucune
Q017167,aucune
Q017168,aucune
Q017169,aucune
Q017170,aucune
Q017171,entretien_rapide
Q017172,uniformite
Q017173,aucune
Q017174,aucune
Q017175,aucune
Q017176,aucune
Q017177,aucune
Q017178,aucune
Q017179,aucune
Q017180,aucune
Q017181,aucune
Q017182,aucune
Q017183,age_arrondi
Q017184,aucune
Q017185,aucune
Q017186,uniformite
Q017187,aucune
Q017188,aucune
Q017189,aucune
Q017190,age_arrondi
Q017191,aucune
Q017192,age_arrondi
Q017193,aucune
Q017194,aucune
Q017195,gps_reutilise
Q017196,aucune
Q017197,aucune
Q017198,aucune
Q017199,aucune
Q017200,aucune
Q017201,aucune
Q017202,age_arrondi
Q017203,aucune
Q017204,aucune
Q017205,entretien_rapide
Q017206,aucune
Q017207,aucune
Q017208,entretien_rapide
Q017209,aucune
Q017210,aucune
Q017211,aucune
Q017212,aucune
Q017213,aucune
Q017214,aucune
Q017215,age_arrondi
Q017216,aucune
Q017217,aucune
Q017218,aucune
Q017219,aucune
Q017220,uniformite
Q017221,aucune
Q017222,aucune
Q017223,aucune
Q017224,aucune
Q017225,aucune
Q017226,aucune
Q017227,aucune
Q017228,aucune
Q017229,aucune
Q017230,aucune
Q017231,aucune
Q017232,aucune
Q017233,aucune
Q017234,entretien_rapide
Q017235,aucune
Q017236,aucune
Q017237,uniformite
Q017238,aucune
Q017239,aucune
Q017240,aucune
Q017241,age_arrondi
Q017242,aucune
Q017243,age_arrondi
Q017244,aucune
Q017245,aucune
Q017246,aucune
Q017247,aucune
Q017248,aucune
Q017249,aucune
Q017250,aucune
Q017251,aucune
Q017252,aucune
Q017253,aucune
Q017254,entretien_rapide
Q017255,aucune
Q017256,aucune
Q017257,aucune
Q017258,age_arrondi
Q017259,aucune
Q017260,aucune
Q017261,age_arrondi
Q017262,aucune
Q017263,aucune
Q017264,aucune
Q017265,aucune
Q017266,aucune
Q017267,aucune
Q017268,aucune
Q017269,aucune
Q017270,aucune
Q017271,aucune
Q017272,aucune
Q017273,aucune
Q017274,aucune
Q017275,age_arrondi
Q017276,aucune
Q017277,aucune
Q017278,aucune
Q017279,aucune
Q017280,aucune
Q017281,uniformite
Q017282,aucune
Q017283,gps_reutilise
Q017284,aucune
Q017285,aucune
Q017286,aucune
Q017287,aucune
Q017288,age_arrondi
Q017289,entretien_rapide
Q017290,aucune
Q017291,aucune
Q017292,aucune
Q017293,aucune
Q017294,aucune
Q017295,aucune
Q017296,aucune
Q017297,aucune
Q017298,aucune
Q017299,aucune
Q017300,entretien_rapide
Q017301,aucune
Q017302,aucune
Q017303,aucune
Q017304,aucune
Q017305,aucune
Q017306,aucune
Q017307,age_arrondi
Q017308,aucune
Q017309,aucune
Q017310,aucune
Q017311,aucune
Q017312,gps_reutilise
Q017313,aucune
Q017314,age_arrondi
Q017315,aucune
Q017316,aucune
Q017317,aucune
Q017318,aucune
Q017319,age_arrondi
Q017320,aucune
Q017321,aucune
Q017322,aucune
Q017323,aucune
Q017324,aucune
Q017325,aucune
Q017326,aucune
Q017327,aucune
Q017328,aucune
Q017329,age_arrondi
Q017330,aucune
Q017331,aucune
Q017332,gps_reutilise
Q017333,aucune
Q017334,aucune
Q017335,entretien_rapide
Q017336,aucune
Q017337,aucune
Q017338,doublon
Q017339,gps_reutilise
Q017340,age_arrondi
Q017341,aucune
Q017342,aucune
Q017343,age_arrondi
Q017344,aucune
Q017345,aucune
Q017346,aucune
Q017347,aucune
Q017348,entretien_rapide
Q017349,age_arrondi
Q017350,aucune
Q017351,aucune
Q017352,aucune
Q017353,aucune
Q017354,age_arrondi
Q017355,aucune
Q017356,aucune
Q017357,aucune
Q017358,aucune
Q017359,age_arrondi
Q017360,aucune
Q017361,aucune
Q017362,aucune
Q017363,gps_reutilise
Q017364,aucune
Q017365,aucune
Q017366,aucune
Q017367,aucune
Q017368,aucune
Q017369,aucune
Q017370,aucune
Q017371,aucune
Q017372,aucune
Q017373,aucune
Q017374,aucune
Q017375,aucune
Q017376,aucune
Q017377,aucune
Q017378,aucune
Q017379,aucune
Q017380,aucune
Q017381,aucune
Q017382,aucune
Q017383,aucune
Q017384,age_arrondi
Q017385,aucune
Q017386,aucune
Q017387,aucune
Q017388,aucune
Q017389,aucune
Q017390,aucune
Q017391,entretien_rapide
Q017392,aucune
Q017393,aucune
Q017394,aucune
Q017395,aucune
Q017396,aucune
Q017397,aucune
Q017398,aucune
Q017399,aucune
Q017400,aucune
Q017401,aucune
Q017402,aucune
Q017403,aucune
Q017404,aucune
Q017405,age_arrondi
Q017406,aucune
Q017407,aucune
Q017408,aucune
Q017409,aucune
Q017410,aucune
Q017411,aucune
Q017412,aucune
Q017413,aucune
Q017414,aucune
Q017415,aucune
Q017416,aucune
Q017417,aucune
Q017418,aucune
Q017419,age_arrondi
Q017420,aucune
Q017421,aucune
Q017422,aucune
Q017423,aucune
Q017424,doublon
Q017425,aucune
Q017426,aucune
Q017427,aucune
Q017428,aucune
Q017429,age_arrondi
Q017430,aucune
Q017431,aucune
Q017432,aucune
Q017433,age_arrondi
Q017434,aucune
Q017435,aucune
Q017436,aucune
Q017437,aucune
Q017438,aucune
Q017439,aucune
Q017440,aucune
Q017441,aucune
Q017442,aucune
Q017443,aucune
Q017444,aucune
Q017445,aucune
Q017446,aucune
Q017447,aucune
Q017448,aucune
Q017449,uniformite
Q017450,aucune
Q017451,aucune
Q017452,aucune
Q017453,aucune
Q017454,aucune
Q017455,aucune
Q017456,aucune
Q017457,aucune
Q017458,aucune
Q017459,aucune
Q017460,aucune
Q017461,aucune
Q017462,aucune
Q017463,aucune
Q017464,aucune
Q017465,aucune
Q017466,aucune
Q017467,aucune
Q017468,aucune
Q017469,aucune
Q017470,aucune
Q017471,aucune
Q017472,aucune
Q017473,aucune
Q017474,aucune
Q017475,entretien_rapide
Q017476,aucune
Q017477,aucune
Q017478,doublon
Q017479,aucune
Q017480,aucune
Q017481,aucune
Q017482,uniformite
Q017483,aucune
Q017484,aucune
Q017485,age_arrondi
Q017486,entretien_rapide
Q017487,aucune
Q017488,aucune
Q017489,aucune
Q017490,aucune
Q017491,aucune
Q017492,aucune
Q017493,aucune
Q017494,aucune
Q017495,aucune
Q017496,aucune
Q017497,aucune
Q017498,aucune
Q017499,aucune
Q017500,aucune
Q017501,aucune
Q017502,age_arrondi
Q017503,aucune
Q017504,aucune
Q017505,aucune
Q017506,aucune
Q017507,aucune
Q017508,age_arrondi
Q017509,aucune
Q017510,aucune
Q017511,entretien_rapide
Q017512,aucune
Q017513,age_arrondi
Q017514,aucune
Q017515,uniformite
Q017516,aucune
Q017517,aucune
Q017518,aucune
Q017519,aucune
Q017520,aucune
Q017521,aucune
Q017522,aucune
Q017523,aucune
Q017524,aucune
Q017525,aucune
Q017526,aucune
Q017527,aucune
Q017528,age_arrondi
Q017529,aucune
Q017530,aucune
Q017531,aucune
Q017532,entretien_rapide
Q017533,aucune
Q017534,aucune
Q017535,aucune
Q017536,aucune
Q017537,aucune
Q017538,aucune
Q017539,aucune
Q017540,aucune
Q017541,aucune
Q017542,aucune
Q017543,aucune
Q017544,aucune
Q017545,aucune
Q017546,aucune
Q017547,aucune
Q017548,aucune
Q017549,entretien_rapide
Q017550,aucune
Q017551,aucune
Q017552,aucune
Q017553,aucune
Q017554,entretien_rapide
Q017555,aucune
Q017556,entretien_rapide
Q017557,aucune
Q017558,aucune
Q017559,aucune
Q017560,aucune
Q017561,aucune
Q017562,aucune
Q017563,aucune
Q017564,aucune
Q017565,aucune
Q017566,aucune
Q017567,aucune
Q017568,aucune
Q017569,aucune
Q017570,aucune
Q017571,age_arrondi
Q017572,aucune
Q017573,aucune
Q017574,age_arrondi
Q017575,aucune
Q017576,aucune
Q017577,aucune
Q017578,age_arrondi
Q017579,age_arrondi
Q017580,aucune
Q017581,aucune
Q017582,aucune
Q017583,aucune
Q017584,aucune
Q017585,aucune
Q017586,aucune
Q017587,aucune
Q017588,aucune
Q017589,aucune
Q017590,aucune
Q017591,aucune
Q017592,aucune
Q017593,aucune
Q017594,aucune
Q017595,aucune
Q017596,aucune
Q017597,aucune
Q017598,aucune
Q017599,aucune
Q017600,aucune
Q017601,aucune
Q017602,aucune
Q017603,aucune
Q017604,aucune
Q017605,uniformite
Q017606,aucune
Q017607,aucune
Q017608,aucune
Q017609,aucune
Q017610,aucune
Q017611,doublon
Q017612,aucune
Q017613,aucune
Q017614,aucune
Q017615,aucune
Q017616,aucune
Q017617,aucune
Q017618,aucune
Q017619,gps_reutilise
Q017620,aucune
Q017621,aucune
Q017622,aucune
Q017623,aucune
Q017624,aucune
Q017625,aucune
Q017626,aucune
Q017627,aucune
Q017628,aucune
Q017629,gps_reutilise
Q017630,aucune
Q017631,aucune
Q017632,age_arrondi
Q017633,aucune
Q017634,aucune
Q017635,aucune
Q017636,aucune
Q017637,aucune
Q017638,aucune
Q017639,aucune
Q017640,aucune
Q017641,aucune
Q017642,aucune
Q017643,aucune
Q017644,aucune
Q017645,aucune
Q017646,aucune
Q017647,aucune
Q017648,aucune
Q017649,aucune
Q017650,aucune
Q017651,uniformite
Q017652,aucune
Q017653,aucune
Q017654,aucune
Q017655,aucune
Q017656,aucune
Q017657,aucune
Q017658,aucune
Q017659,aucune
Q017660,age_arrondi
Q017661,aucune
Q017662,aucune
Q017663,aucune
Q017664,aucune
Q017665,aucune
Q017666,aucune
Q017667,aucune
Q017668,aucune
Q017669,age_arrondi
Q017670,aucune
Q017671,age_arrondi
Q017672,aucune
Q017673,aucune
Q017674,aucune
Q017675,aucune
Q017676,aucune
Q017677,aucune
Q017678,aucune
Q017679,aucune
Q017680,aucune
Q017681,aucune
Q017682,aucune
Q017683,aucune
Q017684,aucune
Q017685,aucune
Q017686,aucune
Q017687,aucune
Q017688,uniformite
Q017689,aucune
Q017690,aucune
Q017691,aucune
Q017692,aucune
Q017693,aucune
Q017694,age_arrondi
Q017695,aucune
Q017696,aucune
Q017697,aucune
Q017698,aucune
Q017699,aucune
Q017700,aucune
Q017701,aucune
Q017702,aucune
Q017703,aucune
Q017704,aucune
Q017705,age_arrondi
Q017706,aucune
Q017707,aucune
Q017708,aucune
Q017709,aucune
Q017710,aucune
Q017711,aucune
Q017712,aucune
Q017713,aucune
Q017714,aucune
Q017715,aucune
Q017716,aucune
Q017717,aucune
Q017718,aucune
Q017719,entretien_rapide
Q017720,aucune
Q017721,age_arrondi
Q017722,aucune
Q017723,aucune
Q017724,aucune
Q017725,aucune
Q017726,aucune
Q017727,aucune
Q017728,aucune
Q017729,aucune
Q017730,aucune
Q017731,entretien_rapide
Q017732,aucune
Q017733,aucune
Q017734,aucune
Q017735,aucune
Q017736,aucune
Q017737,aucune
Q017738,uniformite
Q017739,aucune
Q017740,aucune
Q017741,aucune
Q017742,aucune
Q017743,aucune
Q017744,aucune
Q017745,aucune
Q017746,aucune
Q017747,age_arrondi
Q017748,entretien_rapide
Q017749,aucune
Q017750,aucune
Q017751,aucune
Q017752,aucune
Q017753,aucune
Q017754,aucune
Q017755,aucune
Q017756,aucune
Q017757,aucune
Q017758,aucune
Q017759,aucune
Q017760,age_arrondi
Q017761,aucune
Q017762,aucune
Q017763,aucune
Q017764,aucune
Q017765,aucune
Q017766,aucune
Q017767,aucune
Q017768,aucune
Q017769,aucune
Q017770,aucune
Q017771,doublon
Q017772,aucune
Q017773,aucune
Q017774,aucune
Q017775,aucune
Q017776,aucune
Q017777,aucune
Q017778,aucune
Q017779,aucune
Q017780,uniformite
Q017781,aucune
Q017782,age_arrondi
Q017783,aucune
Q017784,gps_reutilise
Q017785,aucune
Q017786,aucune
Q017787,aucune
Q017788,aucune
Q017789,aucune
Q017790,aucune
Q017791,aucune
Q017792,age_arrondi
Q017793,aucune
Q017794,aucune
Q017795,age_arrondi
Q017796,aucune
Q017797,aucune
Q017798,aucune
Q017799,aucune
Q017800,aucune
Q017801,aucune
Q017802,aucune
Q017803,entretien_rapide
Q017804,aucune
Q017805,aucune
Q017806,aucune
Q017807,aucune
Q017808,aucune
Q017809,aucune
Q017810,aucune
Q017811,aucune
Q017812,aucune
Q017813,aucune
Q017814,aucune
Q017815,aucune
Q017816,aucune
Q017817,aucune
Q017818,aucune
Q017819,aucune
Q017820,aucune
Q017821,aucune
Q017822,aucune
Q017823,aucune
Q017824,aucune
Q017825,doublon
Q017826,aucune
Q017827,uniformite
Q017828,aucune
Q017829,aucune
Q017830,entretien_rapide
Q017831,aucune
Q017832,aucune
Q017833,aucune
Q017834,aucune
Q017835,age_arrondi
Q017836,aucune
Q017837,aucune
Q017838,aucune
Q017839,aucune
Q017840,aucune
Q017841,aucune
Q017842,aucune
Q017843,age_arrondi
Q017844,aucune
Q017845,aucune
Q017846,aucune
Q017847,aucune
Q017848,aucune
Q017849,aucune
Q017850,aucune
Q017851,aucune
Q017852,aucune
Q017853,aucune
Q017854,aucune
Q017855,aucune
Q017856,aucune
Q017857,aucune
Q017858,age_arrondi
Q017859,age_arrondi
Q017860,aucune
Q017861,age_arrondi
Q017862,aucune
Q017863,aucune
Q017864,aucune
Q017865,aucune
Q017866,aucune
Q017867,aucune
Q017868,aucune
Q017869,aucune
Q017870,aucune
Q017871,aucune
Q017872,aucune
Q017873,entretien_rapide
Q017874,aucune
Q017875,age_arrondi
Q017876,aucune
Q017877,aucune
Q017878,aucune
Q017879,aucune
Q017880,aucune
Q017881,age_arrondi
Q017882,age_arrondi
Q017883,aucune
Q017884,gps_reutilise
Q017885,aucune
Q017886,aucune
Q017887,aucune
Q017888,aucune
Q017889,aucune
Q017890,aucune
Q017891,aucune
Q017892,aucune
Q017893,aucune
Q017894,aucune
Q017895,age_arrondi
Q017896,aucune
Q017897,aucune
Q017898,aucune
Q017899,aucune
Q017900,aucune
Q017901,aucune
Q017902,aucune
Q017903,aucune
Q017904,aucune
Q017905,aucune
Q017906,aucune
Q017907,aucune
Q017908,aucune
Q017909,aucune
Q017910,age_arrondi
Q017911,age_arrondi
Q017912,aucune
Q017913,gps_reutilise
Q017914,aucune
Q017915,aucune
Q017916,aucune
Q017917,aucune
Q017918,entretien_rapide
Q017919,aucune
Q017920,doublon
Q017921,age_arrondi
Q017922,aucune
Q017923,aucune
Q017924,aucune
Q017925,aucune
Q017926,uniformite
Q017927,aucune
Q017928,aucune
Q017929,aucune
Q017930,aucune
Q017931,aucune
Q017932,age_arrondi
Q017933,aucune
Q017934,aucune
Q017935,aucune
Q017936,aucune
Q017937,aucune
Q017938,aucune
Q017939,aucune
Q017940,aucune
Q017941,aucune
Q017942,aucune
Q017943,aucune
Q017944,aucune
Q017945,aucune
Q017946,aucune
Q017947,aucune
Q017948,aucune
Q017949,aucune
Q017950,aucune
Q017951,age_arrondi
Q017952,aucune
Q017953,aucune
Q017954,aucune
Q017955,age_arrondi
Q017956,aucune
Q017957,gps_reutilise
Q017958,aucune
Q017959,aucune
Q017960,doublon
Q017961,aucune
Q017962,aucune
Q017963,aucune
Q017964,doublon
Q017965,aucune
Q017966,age_arrondi
Q017967,gps_reutilise
Q017968,aucune
Q017969,aucune
Q017970,aucune
Q017971,aucune
Q017972,aucune
Q017973,uniformite
Q017974,aucune
Q017975,entretien_rapide
Q017976,aucune
Q017977,aucune
Q017978,aucune
Q017979,aucune
Q017980,aucune
Q017981,aucune
Q017982,aucune
Q017983,aucune
Q017984,aucune
Q017985,aucune
Q017986,entretien_rapide
Q017987,aucune
Q017988,aucune
Q017989,aucune
Q017990,aucune
Q017991,aucune
Q017992,aucune
Q017993,aucune
Q017994,aucune
Q017995,aucune
Q017996,uniformite
Q017997,uniformite
Q017998,aucune
Q017999,aucune
Q018000,aucune
