client_id,satisfaction,date_enquete
60659,7.0,2026-06-15
57917,7.0,2026-06-15
75921,8.0,2026-06-15
27176,8.0,2026-06-15
64125,7.0,2026-06-15
66679,6.0,2026-06-15
14690,9.0,2026-06-15
57442,9.0,2026-06-15
11477,6.0,2026-06-15
54614,8.0,2026-06-15
2859,9.0,2026-06-15
20040,5.0,2026-06-15
69754,4.0,2026-06-15
42990,7.0,2026-06-15
21699,6.0,2026-06-15
41185,8.0,2026-06-15
69750,8.0,2026-06-15
5114,7.0,2026-06-15
5039,7.0,2026-06-15
13219,7.0,2026-06-15
77102,6.0,2026-06-15
33670,8.0,2026-06-15
66315,8.0,2026-06-15
58852,7.0,2026-06-15
58766,7.0,2026-06-15
3938,10.0,2026-06-15
53873,6.0,2026-06-15
64589,9.0,2026-06-15
60325,8.0,2026-06-15
65112,9.0,2026-06-15
47304,7.0,2026-06-15
64133,7.0,2026-06-15
7782,7.0,2026-06-15
70860,9.0,2026-06-15
53418,6.0,2026-06-15
1922,8.0,2026-06-15
19807,8.0,2026-06-15
20662,4.0,2026-06-15
21705,8.0,2026-06-15
71081,10.0,2026-06-15
16410,9.0,2026-06-15
47160,8.0,2026-06-15
29078,7.0,2026-06-15
67560,5.0,2026-06-15
45036,10.0,2026-06-15
70355,7.0,2026-06-15
75676,8.0,2026-06-15
901,9.0,2026-06-15
62410,7.0,2026-06-15
45790,8.0,2026-06-15
46374,10.0,2026-06-15
23745,9.0,2026-06-15
94,6.0,2026-06-15
65410,8.0,2026-06-15
33970,9.0,2026-06-15
61605,7.0,2026-06-15
74486,6.0,2026-06-15
20043,9.0,2026-06-15
14123,10.0,2026-06-15
61046,7.0,2026-06-15
34187,4.0,2026-06-15
13653,6.0,2026-06-15
8853,9.0,2026-06-15
18101,6.0,2026-06-15
28700,5.0,2026-06-15
22540,5.0,2026-06-15
48562,7.0,2026-06-15
29671,8.0,2026-06-15
73801,8.0,2026-06-15
12684,5.0,2026-06-15
40090,8.0,2026-06-15
33627,9.0,2026-06-15
8707,9.0,2026-06-15
39382,8.0,2026-06-15
38563,8.0,2026-06-15
75043,8.0,2026-06-15
13769,9.0,2026-06-15
72431,6.0,2026-06-15
29467,7.0,2026-06-15
48102,6.0,2026-06-15
67229,7.0,2026-06-15
19716,9.0,2026-06-15
7804,8.0,2026-06-15
9890,9.0,2026-06-15
49982,6.0,2026-06-15
3249,8.0,2026-06-15
59146,9.0,2026-06-15
11162,8.0,2026-06-15
19489,8.0,2026-06-15
60630,10.0,2026-06-15
3599,7.0,2026-06-15
26454,6.0,2026-06-15
62929,8.0,2026-06-15
46499,7.0,2026-06-15
1756,6.0,2026-06-15
73531,8.0,2026-06-15
31727,5.0,2026-06-15
77241,6.0,2026-06-15
42519,8.0,2026-06-15
78551,8.0,2026-06-15
14846,10.0,2026-06-15
24144,8.0,2026-06-15
26669,10.0,2026-06-15
19188,5.0,2026-06-15
75213,7.0,2026-06-15
14774,8.0,2026-06-15
61043,7.0,2026-06-15
18655,7.0,2026-06-15
78588,5.0,2026-06-15
2929,7.0,2026-06-15
27200,9.0,2026-06-15
17937,6.0,2026-06-15
52126,7.0,2026-06-15
43620,8.0,2026-06-15
38229,8.0,2026-06-15
5363,9.0,2026-06-15
62978,8.0,2026-06-15
24394,6.0,2026-06-15
61408,7.0,2026-06-15
61798,9.0,2026-06-15
76181,6.0,2026-06-15
65439,6.0,2026-06-15
74728,5.0,2026-06-15
73703,9.0,2026-06-15
10837,10.0,2026-06-15
78370,8.0,2026-06-15
34642,9.0,2026-06-15
38655,10.0,2026-06-15
113,6.0,2026-06-15
28593,10.0,2026-06-15
50405,5.0,2026-06-15
58546,9.0,2026-06-15
12755,5.0,2026-06-15
3823,8.0,2026-06-15
18515,5.0,2026-06-15
759,9.0,2026-06-15
57329,6.0,2026-06-15
55856,10.0,2026-06-15
12736,6.0,2026-06-15
75400,8.0,2026-06-15
28565,9.0,2026-06-15
56589,10.0,2026-06-15
20709,7.0,2026-06-15
57129,8.0,2026-06-15
15251,8.0,2026-06-15
5038,10.0,2026-06-15
37778,8.0,2026-06-15
34678,7.0,2026-06-15
28187,10.0,2026-06-15
32638,8.0,2026-06-15
37992,6.0,2026-06-15
5022,8.0,2026-06-15
49998,8.0,2026-06-15
880,10.0,2026-06-15
51730,8.0,2026-06-15
15060,8.0,2026-06-15
34791,10.0,2026-06-15
21547,8.0,2026-06-15
62903,7.0,2026-06-15
54041,8.0,2026-06-15
13251,9.0,2026-06-15
21187,7.0,2026-06-15
26343,5.0,2026-06-15
22548,7.0,2026-06-15
13309,7.0,2026-06-15
40118,9.0,2026-06-15
31092,7.0,2026-06-15
67299,7.0,2026-06-15
23016,8.0,2026-06-15
14624,10.0,2026-06-15
44431,7.0,2026-06-15
64160,4.0,2026-06-15
39090,9.0,2026-06-15
55764,7.0,2026-06-15
17672,9.0,2026-06-15
60861,8.0,2026-06-15
52806,9.0,2026-06-15
43584,5.0,2026-06-15
73506,8.0,2026-06-15
29456,7.0,2026-06-15
43498,9.0,2026-06-15
12045,8.0,2026-06-15
48142,5.0,2026-06-15
911,8.0,2026-06-15
60834,6.0,2026-06-15
58312,9.0,2026-06-15
37337,9.0,2026-06-15
43200,10.0,2026-06-15
69264,8.0,2026-06-15
10557,7.0,2026-06-15
35927,9.0,2026-06-15
54014,9.0,2026-06-15
79156,9.0,2026-06-15
74166,8.0,2026-06-15
1679,8.0,2026-06-15
72318,8.0,2026-06-15
45888,8.0,2026-06-15
6800,8.0,2026-06-15
59576,6.0,2026-06-15
73809,6.0,2026-06-15
37352,6.0,2026-06-15
61832,10.0,2026-06-15
59465,8.0,2026-06-15
42528,6.0,2026-06-15
69606,6.0,2026-06-15
75956,4.0,2026-06-15
60477,8.0,2026-06-15
22277,6.0,2026-06-15
71917,6.0,2026-06-15
68511,8.0,2026-06-15
33920,9.0,2026-06-15
14162,7.0,2026-06-15
17169,5.0,2026-06-15
37600,7.0,2026-06-15
10108,7.0,2026-06-15
49131,7.0,2026-06-15
872,7.0,2026-06-15
4629,9.0,2026-06-15
23959,8.0,2026-06-15
42561,8.0,2026-06-15
17395,6.0,2026-06-15
25298,7.0,2026-06-15
78615,10.0,2026-06-15
10127,7.0,2026-06-15
24620,8.0,2026-06-15
51115,8.0,2026-06-15
17469,7.0,2026-06-15
38064,7.0,2026-06-15
7722,7.0,2026-06-15
67991,8.0,2026-06-15
5184,10.0,2026-06-15
71314,8.0,2026-06-15
32333,7.0,2026-06-15
42824,10.0,2026-06-15
27798,8.0,2026-06-15
61446,8.0,2026-06-15
29234,8.0,2026-06-15
74840,8.0,2026-06-15
25624,5.0,2026-06-15
45383,9.0,2026-06-15
9694,8.0,2026-06-15
77491,9.0,2026-06-15
64225,6.0,2026-06-15
25307,9.0,2026-06-15
62758,7.0,2026-06-15
43860,6.0,2026-06-15
35296,6.0,2026-06-15
25973,7.0,2026-06-15
55580,6.0,2026-06-15
20817,8.0,2026-06-15
44994,8.0,2026-06-15
51914,9.0,2026-06-15
76089,7.0,2026-06-15
12419,8.0,2026-06-15
47580,8.0,2026-06-15
7158,10.0,2026-06-15
7849,9.0,2026-06-15
56837,9.0,2026-06-15
8028,6.0,2026-06-15
65470,9.0,2026-06-15
17817,6.0,2026-06-15
51615,8.0,2026-06-15
9329,5.0,2026-06-15
56092,7.0,2026-06-15
76592,8.0,2026-06-15
15899,8.0,2026-06-15
43419,7.0,2026-06-15
53857,6.0,2026-06-15
78752,7.0,2026-06-15
79529,7.0,2026-06-15
28736,8.0,2026-06-15
51789,6.0,2026-06-15
32508,10.0,2026-06-15
77150,7.0,2026-06-15
50175,6.0,2026-06-15
39600,7.0,2026-06-15
21379,8.0,2026-06-15
40678,7.0,2026-06-15
41679,9.0,2026-06-15
40752,8.0,2026-06-15
2747,7.0,2026-06-15
25654,9.0,2026-06-15
21983,6.0,2026-06-15
68968,7.0,2026-06-15
23291,6.0,2026-06-15
8806,10.0,2026-06-15
35384,8.0,2026-06-15
32218,9.0,2026-06-15
3244,8.0,2026-06-15
34691,7.0,2026-06-15
72294,8.0,2026-06-15
20819,10.0,2026-06-15
3741,9.0,2026-06-15
9443,7.0,2026-06-15
4199,6.0,2026-06-15
9498,9.0,2026-06-15
21941,7.0,2026-06-15
72158,6.0,2026-06-15
56578,8.0,2026-06-15
24816,8.0,2026-06-15
34751,10.0,2026-06-15
59867,8.0,2026-06-15
72572,8.0,2026-06-15
68953,8.0,2026-06-15
24388,8.0,2026-06-15
34829,7.0,2026-06-15
25586,6.0,2026-06-15
37811,7.0,2026-06-15
16408,7.0,2026-06-15
79488,8.0,2026-06-15
47290,6.0,2026-06-15
36041,9.0,2026-06-15
70075,4.0,2026-06-15
40952,7.0,2026-06-15
44142,9.0,2026-06-15
25473,7.0,2026-06-15
19589,7.0,2026-06-15
20895,9.0,2026-06-15
28575,8.0,2026-06-15
29399,8.0,2026-06-15
9230,7.0,2026-06-15
16474,7.0,2026-06-15
21364,7.0,2026-06-15
65908,10.0,2026-06-15
18164,9.0,2026-06-15
69817,7.0,2026-06-15
8777,10.0,2026-06-15
40688,8.0,2026-06-15
10794,7.0,2026-06-15
25180,7.0,2026-06-15
5503,6.0,2026-06-15
51863,8.0,2026-06-15
78511,10.0,2026-06-15
4957,8.0,2026-06-15
65778,7.0,2026-06-15
35013,10.0,2026-06-15
29862,6.0,2026-06-15
73495,6.0,2026-06-15
58410,7.0,2026-06-15
32942,9.0,2026-06-15
67621,6.0,2026-06-15
79684,6.0,2026-06-15
46863,8.0,2026-06-15
7434,9.0,2026-06-15
19702,9.0,2026-06-15
24231,7.0,2026-06-15
55395,10.0,2026-06-15
73539,9.0,2026-06-15
23693,9.0,2026-06-15
38335,8.0,2026-06-15
61938,7.0,2026-06-15
5580,9.0,2026-06-15
832,10.0,2026-06-15
66833,9.0,2026-06-15
64919,8.0,2026-06-15
6771,7.0,2026-06-15
79972,6.0,2026-06-15
33317,9.0,2026-06-15
20940,7.0,2026-06-15
9226,8.0,2026-06-15
21967,7.0,2026-06-15
37203,9.0,2026-06-15
75515,5.0,2026-06-15
71687,7.0,2026-06-15
63416,7.0,2026-06-15
68863,6.0,2026-06-15
9157,7.0,2026-06-15
19460,8.0,2026-06-15
14800,7.0,2026-06-15
23793,9.0,2026-06-15
20559,7.0,2026-06-15
30810,6.0,2026-06-15
55022,9.0,2026-06-15
5720,6.0,2026-06-15
50697,9.0,2026-06-15
58351,9.0,2026-06-15
40151,8.0,2026-06-15
7983,10.0,2026-06-15
58207,6.0,2026-06-15
27135,9.0,2026-06-15
19511,7.0,2026-06-15
22310,7.0,2026-06-15
48049,8.0,2026-06-15
20313,7.0,2026-06-15
34068,6.0,2026-06-15
55352,6.0,2026-06-15
76587,6.0,2026-06-15
50237,8.0,2026-06-15
73649,6.0,2026-06-15
58078,6.0,2026-06-15
13944,8.0,2026-06-15
15974,6.0,2026-06-15
73617,10.0,2026-06-15
5895,9.0,2026-06-15
74894,7.0,2026-06-15
45406,7.0,2026-06-15
4419,9.0,2026-06-15
60413,8.0,2026-06-15
71728,8.0,2026-06-15
16950,7.0,2026-06-15
39349,9.0,2026-06-15
65570,10.0,2026-06-15
696,8.0,2026-06-15
23644,6.0,2026-06-15
74737,8.0,2026-06-15
33523,7.0,2026-06-15
15864,8.0,2026-06-15
69470,7.0,2026-06-15
31144,8.0,2026-06-15
38535,8.0,2026-06-15
3091,9.0,2026-06-15
20935,7.0,2026-06-15
12028,8.0,2026-06-15
31450,6.0,2026-06-15
56043,9.0,2026-06-15
56811,9.0,2026-06-15
27027,9.0,2026-06-15
32053,7.0,2026-06-15
36746,6.0,2026-06-15
38762,8.0,2026-06-15
79884,8.0,2026-06-15
10558,10.0,2026-06-15
67785,6.0,2026-06-15
4961,10.0,2026-06-15
5551,8.0,2026-06-15
57332,6.0,2026-06-15
74759,9.0,2026-06-15
74997,7.0,2026-06-15
5638,9.0,2026-06-15
11263,8.0,2026-06-15
35620,10.0,2026-06-15
46346,7.0,2026-06-15
67490,6.0,2026-06-15
57258,9.0,2026-06-15
13638,6.0,2026-06-15
35780,8.0,2026-06-15
52601,8.0,2026-06-15
48060,9.0,2026-06-15
75280,9.0,2026-06-15
60691,10.0,2026-06-15
79945,9.0,2026-06-15
24417,8.0,2026-06-15
55811,9.0,2026-06-15
73472,6.0,2026-06-15
17012,8.0,2026-06-15
54785,8.0,2026-06-15
72095,10.0,2026-06-15
45022,6.0,2026-06-15
3098,7.0,2026-06-15
22304,10.0,2026-06-15
29883,10.0,2026-06-15
59746,8.0,2026-06-15
61563,7.0,2026-06-15
62575,8.0,2026-06-15
51342,6.0,2026-06-15
76448,8.0,2026-06-15
48272,6.0,2026-06-15
69000,7.0,2026-06-15
68366,7.0,2026-06-15
13345,8.0,2026-06-15
79698,8.0,2026-06-15
45893,8.0,2026-06-15
29841,7.0,2026-06-15
69574,6.0,2026-06-15
64848,9.0,2026-06-15
14996,7.0,2026-06-15
66381,5.0,2026-06-15
56778,7.0,2026-06-15
47998,10.0,2026-06-15
27363,10.0,2026-06-15
385,8.0,2026-06-15
62747,6.0,2026-06-15
20071,10.0,2026-06-15
54032,7.0,2026-06-15
59733,8.0,2026-06-15
46070,9.0,2026-06-15
28091,7.0,2026-06-15
8030,9.0,2026-06-15
69853,9.0,2026-06-15
79171,8.0,2026-06-15
11890,5.0,2026-06-15
5413,5.0,2026-06-15
55711,8.0,2026-06-15
63529,7.0,2026-06-15
3958,7.0,2026-06-15
73834,10.0,2026-06-15
76271,7.0,2026-06-15
18665,7.0,2026-06-15
51749,9.0,2026-06-15
27287,7.0,2026-06-15
79202,7.0,2026-06-15
5790,9.0,2026-06-15
29094,9.0,2026-06-15
78316,7.0,2026-06-15
36769,7.0,2026-06-15
76375,8.0,2026-06-15
56133,7.0,2026-06-15
30014,7.0,2026-06-15
23530,7.0,2026-06-15
57541,7.0,2026-06-15
66730,9.0,2026-06-15
67354,9.0,2026-06-15
70204,9.0,2026-06-15
71954,7.0,2026-06-15
15027,8.0,2026-06-15
39077,10.0,2026-06-15
41964,10.0,2026-06-15
33674,4.0,2026-06-15
24213,8.0,2026-06-15
6056,10.0,2026-06-15
39224,7.0,2026-06-15
9418,7.0,2026-06-15
43165,9.0,2026-06-15
48958,5.0,2026-06-15
70527,7.0,2026-06-15
61081,10.0,2026-06-15
25348,7.0,2026-06-15
827,7.0,2026-06-15
30649,7.0,2026-06-15
72675,8.0,2026-06-15
65665,6.0,2026-06-15
47530,10.0,2026-06-15
64709,8.0,2026-06-15
63205,8.0,2026-06-15
38058,10.0,2026-06-15
49546,8.0,2026-06-15
27721,7.0,2026-06-15
72738,9.0,2026-06-15
53046,8.0,2026-06-15
16383,7.0,2026-06-15
1262,6.0,2026-06-15
1793,6.0,2026-06-15
17057,7.0,2026-06-15
27998,8.0,2026-06-15
29039,5.0,2026-06-15
23385,8.0,2026-06-15
12494,6.0,2026-06-15
881,6.0,2026-06-15
64879,7.0,2026-06-15
41511,9.0,2026-06-15
60120,9.0,2026-06-15
63845,6.0,2026-06-15
48277,8.0,2026-06-15
27037,10.0,2026-06-15
32904,9.0,2026-06-15
50365,6.0,2026-06-15
27803,7.0,2026-06-15
25025,8.0,2026-06-15
42855,8.0,2026-06-15
22942,9.0,2026-06-15
47087,8.0,2026-06-15
8638,6.0,2026-06-15
7903,7.0,2026-06-15
53176,6.0,2026-06-15
64824,9.0,2026-06-15
76706,7.0,2026-06-15
78634,8.0,2026-06-15
58705,7.0,2026-06-15
13195,9.0,2026-06-15
16335,8.0,2026-06-15
52275,7.0,2026-06-15
5008,7.0,2026-06-15
69222,7.0,2026-06-15
76467,7.0,2026-06-15
70166,10.0,2026-06-15
27369,9.0,2026-06-15
78940,6.0,2026-06-15
63006,9.0,2026-06-15
59558,9.0,2026-06-15
12849,9.0,2026-06-15
71784,6.0,2026-06-15
20027,7.0,2026-06-15
61174,9.0,2026-06-15
4322,6.0,2026-06-15
76353,9.0,2026-06-15
9995,7.0,2026-06-15
50105,8.0,2026-06-15
29394,8.0,2026-06-15
31347,8.0,2026-06-15
66599,6.0,2026-06-15
75866,6.0,2026-06-15
54999,8.0,2026-06-15
62969,5.0,2026-06-15
50650,7.0,2026-06-15
3459,8.0,2026-06-15
5949,8.0,2026-06-15
7269,5.0,2026-06-15
55415,8.0,2026-06-15
78150,6.0,2026-06-15
22949,8.0,2026-06-15
31230,8.0,2026-06-15
47638,9.0,2026-06-15
58006,9.0,2026-06-15
3626,10.0,2026-06-15
74427,7.0,2026-06-15
41360,7.0,2026-06-15
72578,7.0,2026-06-15
11385,9.0,2026-06-15
59367,5.0,2026-06-15
49909,7.0,2026-06-15
45583,7.0,2026-06-15
61367,8.0,2026-06-15
75772,7.0,2026-06-15
32953,7.0,2026-06-15
2661,9.0,2026-06-15
25834,8.0,2026-06-15
75960,10.0,2026-06-15
59916,6.0,2026-06-15
16736,9.0,2026-06-15
63334,10.0,2026-06-15
64257,6.0,2026-06-15
79837,8.0,2026-06-15
16348,8.0,2026-06-15
46458,8.0,2026-06-15
41333,4.0,2026-06-15
58182,7.0,2026-06-15
66548,8.0,2026-06-15
62152,7.0,2026-06-15
35299,6.0,2026-06-15
25409,7.0,2026-06-15
69856,4.0,2026-06-15
59767,9.0,2026-06-15
24358,6.0,2026-06-15
75968,7.0,2026-06-15
20175,10.0,2026-06-15
52085,10.0,2026-06-15
20873,10.0,2026-06-15
41945,6.0,2026-06-15
59197,6.0,2026-06-15
79622,8.0,2026-06-15
47130,7.0,2026-06-15
7791,7.0,2026-06-15
1247,7.0,2026-06-15
22411,7.0,2026-06-15
70322,7.0,2026-06-15
70534,7.0,2026-06-15
77045,8.0,2026-06-15
42836,9.0,2026-06-15
79997,6.0,2026-06-15
10273,9.0,2026-06-15
54291,8.0,2026-06-15
30770,10.0,2026-06-15
52672,9.0,2026-06-15
71079,6.0,2026-06-15
41619,8.0,2026-06-15
12315,5.0,2026-06-15
38501,8.0,2026-06-15
60953,5.0,2026-06-15
3610,6.0,2026-06-15
10847,5.0,2026-06-15
70753,9.0,2026-06-15
33260,6.0,2026-06-15
68600,8.0,2026-06-15
70439,8.0,2026-06-15
59680,9.0,2026-06-15
59226,8.0,2026-06-15
5795,9.0,2026-06-15
57453,8.0,2026-06-15
58243,10.0,2026-06-15
62643,6.0,2026-06-15
56638,8.0,2026-06-15
54964,7.0,2026-06-15
37997,8.0,2026-06-15
61997,9.0,2026-06-15
8518,8.0,2026-06-15
23836,9.0,2026-06-15
65848,6.0,2026-06-15
39741,6.0,2026-06-15
33074,8.0,2026-06-15
68539,5.0,2026-06-15
75416,7.0,2026-06-15
12967,5.0,2026-06-15
630,7.0,2026-06-15
33944,10.0,2026-06-15
69978,6.0,2026-06-15
72889,8.0,2026-06-15
62540,6.0,2026-06-15
22194,7.0,2026-06-15
36163,9.0,2026-06-15
29635,5.0,2026-06-15
28944,9.0,2026-06-15
46073,7.0,2026-06-15
47641,8.0,2026-06-15
21810,8.0,2026-06-15
73804,8.0,2026-06-15
16809,10.0,2026-06-15
55655,5.0,2026-06-15
35918,9.0,2026-06-15
59995,10.0,2026-06-15
15600,7.0,2026-06-15
3569,6.0,2026-06-15
34026,8.0,2026-06-15
5651,10.0,2026-06-15
51164,7.0,2026-06-15
71221,8.0,2026-06-15
67901,9.0,2026-06-15
633,6.0,2026-06-15
53389,7.0,2026-06-15
39580,5.0,2026-06-15
31982,6.0,2026-06-15
72091,7.0,2026-06-15
70317,7.0,2026-06-15
60611,10.0,2026-06-15
57325,6.0,2026-06-15
65920,10.0,2026-06-15
18052,6.0,2026-06-15
28344,9.0,2026-06-15
10091,8.0,2026-06-15
59229,9.0,2026-06-15
27430,8.0,2026-06-15
78095,8.0,2026-06-15
18113,5.0,2026-06-15
49223,7.0,2026-06-15
28620,7.0,2026-06-15
60245,6.0,2026-06-15
79478,6.0,2026-06-15
42590,8.0,2026-06-15
41587,7.0,2026-06-15
62473,7.0,2026-06-15
29060,8.0,2026-06-15
56412,7.0,2026-06-15
22406,5.0,2026-06-15
5901,8.0,2026-06-15
682,7.0,2026-06-15
52943,7.0,2026-06-15
5822,6.0,2026-06-15
42671,7.0,2026-06-15
43402,6.0,2026-06-15
19818,10.0,2026-06-15
55694,6.0,2026-06-15
60672,9.0,2026-06-15
4220,7.0,2026-06-15
56725,8.0,2026-06-15
64601,8.0,2026-06-15
68856,7.0,2026-06-15
69436,7.0,2026-06-15
65494,6.0,2026-06-15
59773,8.0,2026-06-15
18567,6.0,2026-06-15
4600,10.0,2026-06-15
70603,8.0,2026-06-15
44504,10.0,2026-06-15
66119,10.0,2026-06-15
46598,8.0,2026-06-15
13152,7.0,2026-06-15
35990,9.0,2026-06-15
47019,7.0,2026-06-15
21510,7.0,2026-06-15
79933,6.0,2026-06-15
43950,6.0,2026-06-15
54624,9.0,2026-06-15
13075,8.0,2026-06-15
10975,9.0,2026-06-15
78482,5.0,2026-06-15
51529,8.0,2026-06-15
46934,7.0,2026-06-15
60739,10.0,2026-06-15
35735,7.0,2026-06-15
22997,7.0,2026-06-15
45563,8.0,2026-06-15
76321,7.0,2026-06-15
17147,7.0,2026-06-15
18531,8.0,2026-06-15
60442,6.0,2026-06-15
30108,9.0,2026-06-15
35070,8.0,2026-06-15
4573,8.0,2026-06-15
17025,9.0,2026-06-15
26229,4.0,2026-06-15
53883,7.0,2026-06-15
63180,9.0,2026-06-15
40990,6.0,2026-06-15
21642,7.0,2026-06-15
44831,7.0,2026-06-15
48515,6.0,2026-06-15
50545,7.0,2026-06-15
2087,6.0,2026-06-15
63157,9.0,2026-06-15
46657,8.0,2026-06-15
20780,9.0,2026-06-15
39887,6.0,2026-06-15
62593,5.0,2026-06-15
64863,5.0,2026-06-15
46621,7.0,2026-06-15
13516,7.0,2026-06-15
2871,5.0,2026-06-15
72523,7.0,2026-06-15
56116,8.0,2026-06-15
35957,10.0,2026-06-15
14893,7.0,2026-06-15
60627,10.0,2026-06-15
51064,6.0,2026-06-15
8385,7.0,2026-06-15
10112,5.0,2026-06-15
6687,8.0,2026-06-15
30128,6.0,2026-06-15
29893,9.0,2026-06-15
78356,10.0,2026-06-15
10472,9.0,2026-06-15
75388,9.0,2026-06-15
73689,7.0,2026-06-15
70301,10.0,2026-06-15
40284,5.0,2026-06-15
34435,8.0,2026-06-15
41837,10.0,2026-06-15
40039,4.0,2026-06-15
19478,7.0,2026-06-15
38465,8.0,2026-06-15
44259,5.0,2026-06-15
52070,7.0,2026-06-15
61527,6.0,2026-06-15
62420,10.0,2026-06-15
48075,10.0,2026-06-15
35425,5.0,2026-06-15
31309,8.0,2026-06-15
27544,8.0,2026-06-15
21952,8.0,2026-06-15
59461,7.0,2026-06-15
77406,8.0,2026-06-15
44168,8.0,2026-06-15
62078,6.0,2026-06-15
43456,4.0,2026-06-15
37387,6.0,2026-06-15
48533,8.0,2026-06-15
40815,6.0,2026-06-15
43274,10.0,2026-06-15
66669,9.0,2026-06-15
49089,7.0,2026-06-15
26812,8.0,2026-06-15
64996,8.0,2026-06-15
3358,8.0,2026-06-15
45233,5.0,2026-06-15
60631,9.0,2026-06-15
44271,7.0,2026-06-15
69325,9.0,2026-06-15
3797,5.0,2026-06-15
53753,9.0,2026-06-15
65495,7.0,2026-06-15
21808,6.0,2026-06-15
38696,4.0,2026-06-15
70124,10.0,2026-06-15
50260,8.0,2026-06-15
57717,9.0,2026-06-15
58173,9.0,2026-06-15
40603,7.0,2026-06-15
11562,7.0,2026-06-15
2262,8.0,2026-06-15
39589,7.0,2026-06-15
77171,7.0,2026-06-15
13540,8.0,2026-06-15
64655,7.0,2026-06-15
8817,9.0,2026-06-15
5478,5.0,2026-06-15
61296,7.0,2026-06-15
60282,10.0,2026-06-15
23015,6.0,2026-06-15
44772,4.0,2026-06-15
47734,10.0,2026-06-15
78350,6.0,2026-06-15
64837,8.0,2026-06-15
4599,9.0,2026-06-15
8704,10.0,2026-06-15
43724,8.0,2026-06-15
57055,8.0,2026-06-15
33972,9.0,2026-06-15
49494,9.0,2026-06-15
63483,7.0,2026-06-15
49872,7.0,2026-06-15
34418,6.0,2026-06-15
28017,7.0,2026-06-15
2268,8.0,2026-06-15
13128,8.0,2026-06-15
42390,7.0,2026-06-15
25652,8.0,2026-06-15
28781,8.0,2026-06-15
27554,7.0,2026-06-15
48264,8.0,2026-06-15
71503,6.0,2026-06-15
18057,8.0,2026-06-15
31578,5.0,2026-06-15
33092,6.0,2026-06-15
70250,7.0,2026-06-15
50371,7.0,2026-06-15
70562,6.0,2026-06-15
23552,6.0,2026-06-15
63343,8.0,2026-06-15
3697,8.0,2026-06-15
22077,8.0,2026-06-15
51836,5.0,2026-06-15
66611,8.0,2026-06-15
33869,8.0,2026-06-15
48148,5.0,2026-06-15
56779,7.0,2026-06-15
74494,5.0,2026-06-15
24423,10.0,2026-06-15
63094,8.0,2026-06-15
74521,10.0,2026-06-15
13154,9.0,2026-06-15
22438,7.0,2026-06-15
71765,9.0,2026-06-15
75399,9.0,2026-06-15
54196,7.0,2026-06-15
8249,9.0,2026-06-15
45360,6.0,2026-06-15
37763,9.0,2026-06-15
17541,6.0,2026-06-15
34826,8.0,2026-06-15
50274,6.0,2026-06-15
11711,10.0,2026-06-15
38770,9.0,2026-06-15
30966,8.0,2026-06-15
11644,9.0,2026-06-15
64867,9.0,2026-06-15
45325,8.0,2026-06-15
19143,9.0,2026-06-15
79178,9.0,2026-06-15
48373,7.0,2026-06-15
54091,7.0,2026-06-15
14674,9.0,2026-06-15
47686,7.0,2026-06-15
12463,6.0,2026-06-15
18865,6.0,2026-06-15
70653,7.0,2026-06-15
38463,9.0,2026-06-15
58463,7.0,2026-06-15
66350,7.0,2026-06-15
166,9.0,2026-06-15
9365,8.0,2026-06-15
46832,9.0,2026-06-15
75252,5.0,2026-06-15
60599,7.0,2026-06-15
5810,7.0,2026-06-15
11437,7.0,2026-06-15
31091,5.0,2026-06-15
11008,9.0,2026-06-15
13870,8.0,2026-06-15
19665,8.0,2026-06-15
58842,10.0,2026-06-15
67626,9.0,2026-06-15
34846,6.0,2026-06-15
73253,7.0,2026-06-15
23023,8.0,2026-06-15
23420,8.0,2026-06-15
5074,8.0,2026-06-15
6644,5.0,2026-06-15
34615,8.0,2026-06-15
59300,8.0,2026-06-15
61533,8.0,2026-06-15
29633,9.0,2026-06-15
3122,8.0,2026-06-15
37159,7.0,2026-06-15
69066,7.0,2026-06-15
52700,7.0,2026-06-15
45914,6.0,2026-06-15
78865,10.0,2026-06-15
48168,8.0,2026-06-15
53635,8.0,2026-06-15
40812,6.0,2026-06-15
14620,9.0,2026-06-15
54253,5.0,2026-06-15
55440,9.0,2026-06-15
79005,7.0,2026-06-15
67475,8.0,2026-06-15
30506,7.0,2026-06-15
9761,6.0,2026-06-15
40421,10.0,2026-06-15
27604,7.0,2026-06-15
32061,7.0,2026-06-15
32493,7.0,2026-06-15
74929,7.0,2026-06-15
27087,10.0,2026-06-15
60870,6.0,2026-06-15
39594,7.0,2026-06-15
25886,7.0,2026-06-15
7322,9.0,2026-06-15
20168,8.0,2026-06-15
58534,6.0,2026-06-15
46830,9.0,2026-06-15
65085,7.0,2026-06-15
13541,7.0,2026-06-15
58191,8.0,2026-06-15
59416,9.0,2026-06-15
76105,8.0,2026-06-15
22919,7.0,2026-06-15
20546,10.0,2026-06-15
77440,8.0,2026-06-15
8179,7.0,2026-06-15
4861,5.0,2026-06-15
47288,8.0,2026-06-15
15408,7.0,2026-06-15
43001,8.0,2026-06-15
79217,9.0,2026-06-15
73825,8.0,2026-06-15
62247,8.0,2026-06-15
15221,8.0,2026-06-15
15772,8.0,2026-06-15
53200,9.0,2026-06-15
34517,8.0,2026-06-15
4161,7.0,2026-06-15
47964,10.0,2026-06-15
65961,7.0,2026-06-15
66935,5.0,2026-06-15
30911,8.0,2026-06-15
73891,7.0,2026-06-15
43964,9.0,2026-06-15
60324,7.0,2026-06-15
17621,7.0,2026-06-15
10362,7.0,2026-06-15
70926,9.0,2026-06-15
28029,9.0,2026-06-15
43758,6.0,2026-06-15
49243,7.0,2026-06-15
75895,8.0,2026-06-15
68019,6.0,2026-06-15
62619,8.0,2026-06-15
47497,7.0,2026-06-15
8351,9.0,2026-06-15
41021,8.0,2026-06-15
56187,8.0,2026-06-15
56321,8.0,2026-06-15
73238,7.0,2026-06-15
47213,4.0,2026-06-15
53832,8.0,2026-06-15
59793,6.0,2026-06-15
5237,6.0,2026-06-15
75348,7.0,2026-06-15
54786,10.0,2026-06-15
1231,7.0,2026-06-15
42196,10.0,2026-06-15
74181,8.0,2026-06-15
60783,6.0,2026-06-15
29733,8.0,2026-06-15
22085,9.0,2026-06-15
5399,7.0,2026-06-15
39358,8.0,2026-06-15
23877,8.0,2026-06-15
60314,9.0,2026-06-15
75056,8.0,2026-06-15
43236,8.0,2026-06-15
41144,7.0,2026-06-15
64071,9.0,2026-06-15
70635,8.0,2026-06-15
56585,7.0,2026-06-15
54755,8.0,2026-06-15
54073,8.0,2026-06-15
4885,7.0,2026-06-15
41215,6.0,2026-06-15
16033,6.0,2026-06-15
40949,9.0,2026-06-15
25630,6.0,2026-06-15
65374,8.0,2026-06-15
23476,8.0,2026-06-15
53297,9.0,2026-06-15
44320,7.0,2026-06-15
6759,8.0,2026-06-15
65415,10.0,2026-06-15
77938,5.0,2026-06-15
78485,8.0,2026-06-15
43554,7.0,2026-06-15
58969,5.0,2026-06-15
78872,8.0,2026-06-15
8460,9.0,2026-06-15
69854,9.0,2026-06-15
64904,9.0,2026-06-15
42221,10.0,2026-06-15
47926,6.0,2026-06-15
3597,6.0,2026-06-15
2911,5.0,2026-06-15
17484,5.0,2026-06-15
12708,7.0,2026-06-15
1147,6.0,2026-06-15
14779,7.0,2026-06-15
48324,6.0,2026-06-15
3714,8.0,2026-06-15
49244,8.0,2026-06-15
30749,7.0,2026-06-15
1919,10.0,2026-06-15
28982,9.0,2026-06-15
67916,10.0,2026-06-15
58923,9.0,2026-06-15
76787,7.0,2026-06-15
38461,8.0,2026-06-15
15394,8.0,2026-06-15
65707,8.0,2026-06-15
41537,9.0,2026-06-15
47342,6.0,2026-06-15
44253,10.0,2026-06-15
77019,8.0,2026-06-15
22007,8.0,2026-06-15
72527,8.0,2026-06-15
69776,7.0,2026-06-15
70514,10.0,2026-06-15
40168,10.0,2026-06-15
62908,8.0,2026-06-15
79018,6.0,2026-06-15
24025,8.0,2026-06-15
65797,7.0,2026-06-15
78023,6.0,2026-06-15
55619,9.0,2026-06-15
72955,7.0,2026-06-15
23233,8.0,2026-06-15
12513,8.0,2026-06-15
39483,6.0,2026-06-15
1431,8.0,2026-06-15
79642,8.0,2026-06-15
65380,6.0,2026-06-15
58369,8.0,2026-06-15
18120,7.0,2026-06-15
61826,7.0,2026-06-15
48778,7.0,2026-06-15
12177,7.0,2026-06-15
12542,9.0,2026-06-15
45186,5.0,2026-06-15
16882,9.0,2026-06-15
35805,6.0,2026-06-15
10076,7.0,2026-06-15
66414,8.0,2026-06-15
10153,8.0,2026-06-15
46030,5.0,2026-06-15
18566,7.0,2026-06-15
2578,10.0,2026-06-15
44769,7.0,2026-06-15
17059,6.0,2026-06-15
73368,6.0,2026-06-15
62999,7.0,2026-06-15
73013,5.0,2026-06-15
55911,9.0,2026-06-15
18649,8.0,2026-06-15
47529,10.0,2026-06-15
27414,5.0,2026-06-15
40562,10.0,2026-06-15
72805,8.0,2026-06-15
49441,6.0,2026-06-15
41736,9.0,2026-06-15
48059,9.0,2026-06-15
22410,10.0,2026-06-15
52756,7.0,2026-06-15
36269,9.0,2026-06-15
56727,7.0,2026-06-15
20397,5.0,2026-06-15
15747,10.0,2026-06-15
52809,9.0,2026-06-15
66712,8.0,2026-06-15
39955,9.0,2026-06-15
71052,5.0,2026-06-15
73687,8.0,2026-06-15
6950,10.0,2026-06-15
1915,7.0,2026-06-15
23749,8.0,2026-06-15
72628,5.0,2026-06-15
22823,6.0,2026-06-15
64533,7.0,2026-06-15
48525,8.0,2026-06-15
46846,5.0,2026-06-15
21058,7.0,2026-06-15
18771,10.0,2026-06-15
3223,8.0,2026-06-15
59255,10.0,2026-06-15
1357,9.0,2026-06-15
53882,8.0,2026-06-15
60007,9.0,2026-06-15
74651,6.0,2026-06-15
65051,9.0,2026-06-15
8208,8.0,2026-06-15
20109,8.0,2026-06-15
6327,7.0,2026-06-15
77572,8.0,2026-06-15
13756,6.0,2026-06-15
17668,9.0,2026-06-15
19961,10.0,2026-06-15
7057,6.0,2026-06-15
60525,7.0,2026-06-15
41344,9.0,2026-06-15
31617,7.0,2026-06-15
20823,6.0,2026-06-15
77012,6.0,2026-06-15
65136,8.0,2026-06-15
71336,6.0,2026-06-15
9989,8.0,2026-06-15
6248,8.0,2026-06-15
74197,9.0,2026-06-15
8057,8.0,2026-06-15
63783,9.0,2026-06-15
935,8.0,2026-06-15
45927,6.0,2026-06-15
36777,10.0,2026-06-15
66184,6.0,2026-06-15
47395,6.0,2026-06-15
58141,7.0,2026-06-15
77797,10.0,2026-06-15
47691,5.0,2026-06-15
12871,7.0,2026-06-15
64303,7.0,2026-06-15
73455,7.0,2026-06-15
65856,6.0,2026-06-15
19455,5.0,2026-06-15
1459,8.0,2026-06-15
34069,10.0,2026-06-15
9138,8.0,2026-06-15
34433,10.0,2026-06-15
48633,9.0,2026-06-15
40703,8.0,2026-06-15
43468,10.0,2026-06-15
64265,6.0,2026-06-15
29425,7.0,2026-06-15
15404,7.0,2026-06-15
64977,7.0,2026-06-15
50233,5.0,2026-06-15
53157,7.0,2026-06-15
19950,10.0,2026-06-15
27962,8.0,2026-06-15
40206,9.0,2026-06-15
70975,6.0,2026-06-15
44503,10.0,2026-06-15
30585,8.0,2026-06-15
7183,7.0,2026-06-15
68705,7.0,2026-06-15
28425,10.0,2026-06-15
55515,9.0,2026-06-15
53329,8.0,2026-06-15
50822,7.0,2026-06-15
9994,8.0,2026-06-15
68664,7.0,2026-06-15
51430,6.0,2026-06-15
5575,8.0,2026-06-15
9568,8.0,2026-06-15
48192,10.0,2026-06-15
38148,10.0,2026-06-15
34099,7.0,2026-06-15
50251,9.0,2026-06-15
5448,7.0,2026-06-15
962,9.0,2026-06-15
23642,6.0,2026-06-15
46697,10.0,2026-06-15
32308,9.0,2026-06-15
38772,7.0,2026-06-15
19662,9.0,2026-06-15
39756,8.0,2026-06-15
18427,8.0,2026-06-15
5481,7.0,2026-06-15
32154,7.0,2026-06-15
14346,10.0,2026-06-15
74010,8.0,2026-06-15
66901,7.0,2026-06-15
45900,6.0,2026-06-15
25578,10.0,2026-06-15
19215,7.0,2026-06-15
61657,7.0,2026-06-15
9745,4.0,2026-06-15
29814,8.0,2026-06-15
49416,7.0,2026-06-15
31419,6.0,2026-06-15
22038,9.0,2026-06-15
12720,6.0,2026-06-15
70042,2.0,2026-06-15
52285,9.0,2026-06-15
79197,8.0,2026-06-15
28235,8.0,2026-06-15
8892,10.0,2026-06-15
59012,7.0,2026-06-15
59535,7.0,2026-06-15
32211,8.0,2026-06-15
44368,10.0,2026-06-15
25680,6.0,2026-06-15
48554,9.0,2026-06-15
37095,10.0,2026-06-15
75954,4.0,2026-06-15
60098,6.0,2026-06-15
55532,7.0,2026-06-15
30855,7.0,2026-06-15
29009,8.0,2026-06-15
76903,3.0,2026-06-15
15497,9.0,2026-06-15
65205,9.0,2026-06-15
33875,9.0,2026-06-15
52796,6.0,2026-06-15
68663,9.0,2026-06-15
74915,8.0,2026-06-15
67948,7.0,2026-06-15
26657,6.0,2026-06-15
63283,5.0,2026-06-15
11600,4.0,2026-06-15
9117,9.0,2026-06-15
22962,8.0,2026-06-15
25709,8.0,2026-06-15
38844,7.0,2026-06-15
19123,10.0,2026-06-15
32809,8.0,2026-06-15
76011,8.0,2026-06-15
30176,8.0,2026-06-15
76580,9.0,2026-06-15
44877,10.0,2026-06-15
6713,7.0,2026-06-15
76076,4.0,2026-06-15
12554,9.0,2026-06-15
5836,6.0,2026-06-15
70441,8.0,2026-06-15
52140,7.0,2026-06-15
17539,7.0,2026-06-15
69182,8.0,2026-06-15
22857,9.0,2026-06-15
16732,8.0,2026-06-15
69133,8.0,2026-06-15
66531,9.0,2026-06-15
21040,9.0,2026-06-15
33273,10.0,2026-06-15
4089,6.0,2026-06-15
46105,9.0,2026-06-15
48858,7.0,2026-06-15
51765,7.0,2026-06-15
45633,7.0,2026-06-15
20731,10.0,2026-06-15
47260,8.0,2026-06-15
11833,7.0,2026-06-15
56966,8.0,2026-06-15
79827,6.0,2026-06-15
5239,8.0,2026-06-15
28615,5.0,2026-06-15
14716,9.0,2026-06-15
19243,8.0,2026-06-15
34,6.0,2026-06-15
52034,8.0,2026-06-15
34944,8.0,2026-06-15
28606,7.0,2026-06-15
40159,9.0,2026-06-15
23908,6.0,2026-06-15
68013,7.0,2026-06-15
30131,7.0,2026-06-15
47397,9.0,2026-06-15
19779,8.0,2026-06-15
19473,8.0,2026-06-15
12492,6.0,2026-06-15
65024,8.0,2026-06-15
7964,10.0,2026-06-15
32680,7.0,2026-06-15
19251,6.0,2026-06-15
19249,7.0,2026-06-15
34031,9.0,2026-06-15
61285,8.0,2026-06-15
19828,8.0,2026-06-15
46467,8.0,2026-06-15
63257,8.0,2026-06-15
57538,8.0,2026-06-15
76050,6.0,2026-06-15
25617,8.0,2026-06-15
6105,6.0,2026-06-15
49295,7.0,2026-06-15
19280,7.0,2026-06-15
4896,7.0,2026-06-15
62728,7.0,2026-06-15
52758,10.0,2026-06-15
23495,5.0,2026-06-15
73380,9.0,2026-06-15
6712,8.0,2026-06-15
70952,7.0,2026-06-15
45204,7.0,2026-06-15
38756,5.0,2026-06-15
30101,7.0,2026-06-15
15390,7.0,2026-06-15
63716,9.0,2026-06-15
4202,8.0,2026-06-15
55507,4.0,2026-06-15
31214,9.0,2026-06-15
12963,7.0,2026-06-15
9440,9.0,2026-06-15
44014,7.0,2026-06-15
32362,6.0,2026-06-15
14077,6.0,2026-06-15
71106,8.0,2026-06-15
61424,9.0,2026-06-15
36724,7.0,2026-06-15
49928,7.0,2026-06-15
14953,9.0,2026-06-15
44108,8.0,2026-06-15
22923,7.0,2026-06-15
68077,9.0,2026-06-15
50092,6.0,2026-06-15
75061,8.0,2026-06-15
31053,7.0,2026-06-15
61548,9.0,2026-06-15
12007,8.0,2026-06-15
50793,8.0,2026-06-15
36767,8.0,2026-06-15
76579,9.0,2026-06-15
35111,9.0,2026-06-15
8258,9.0,2026-06-15
75502,6.0,2026-06-15
138,9.0,2026-06-15
78981,9.0,2026-06-15
31172,8.0,2026-06-15
19670,8.0,2026-06-15
30949,8.0,2026-06-15
46196,9.0,2026-06-15
42475,8.0,2026-06-15
77565,7.0,2026-06-15
4430,8.0,2026-06-15
43132,6.0,2026-06-15
58680,10.0,2026-06-15
59042,10.0,2026-06-15
7880,5.0,2026-06-15
72944,7.0,2026-06-15
43298,9.0,2026-06-15
76987,5.0,2026-06-15
48706,8.0,2026-06-15
23670,7.0,2026-06-15
1680,7.0,2026-06-15
17232,6.0,2026-06-15
72867,9.0,2026-06-15
33051,8.0,2026-06-15
7030,7.0,2026-06-15
56399,5.0,2026-06-15
57600,9.0,2026-06-15
9539,9.0,2026-06-15
60703,8.0,2026-06-15
24139,6.0,2026-06-15
54828,7.0,2026-06-15
43658,8.0,2026-06-15
41463,7.0,2026-06-15
59816,8.0,2026-06-15
48675,6.0,2026-06-15
75448,7.0,2026-06-15
37987,9.0,2026-06-15
29971,8.0,2026-06-15
53575,8.0,2026-06-15
53890,7.0,2026-06-15
21256,8.0,2026-06-15
60640,7.0,2026-06-15
51317,8.0,2026-06-15
64072,6.0,2026-06-15
56798,10.0,2026-06-15
62164,10.0,2026-06-15
36082,7.0,2026-06-15
48447,9.0,2026-06-15
77112,9.0,2026-06-15
62984,7.0,2026-06-15
28897,9.0,2026-06-15
62651,5.0,2026-06-15
53936,9.0,2026-06-15
59939,9.0,2026-06-15
51718,10.0,2026-06-15
41125,5.0,2026-06-15
18303,8.0,2026-06-15
21896,8.0,2026-06-15
75080,10.0,2026-06-15
20670,5.0,2026-06-15
63270,6.0,2026-06-15
25213,9.0,2026-06-15
23021,9.0,2026-06-15
30495,7.0,2026-06-15
6659,10.0,2026-06-15
32955,10.0,2026-06-15
52528,10.0,2026-06-15
68425,6.0,2026-06-15
9263,8.0,2026-06-15
39216,7.0,2026-06-15
5548,7.0,2026-06-15
71995,9.0,2026-06-15
46344,7.0,2026-06-15
71033,10.0,2026-06-15
22033,8.0,2026-06-15
6768,6.0,2026-06-15
39070,7.0,2026-06-15
29665,10.0,2026-06-15
74696,9.0,2026-06-15
14553,8.0,2026-06-15
52133,10.0,2026-06-15
64598,9.0,2026-06-15
22707,8.0,2026-06-15
48143,6.0,2026-06-15
26164,8.0,2026-06-15
62395,8.0,2026-06-15
41260,6.0,2026-06-15
66657,8.0,2026-06-15
28742,6.0,2026-06-15
52493,10.0,2026-06-15
46414,6.0,2026-06-15
400,10.0,2026-06-15
62172,8.0,2026-06-15
57164,7.0,2026-06-15
20122,7.0,2026-06-15
4085,10.0,2026-06-15
29539,8.0,2026-06-15
34464,7.0,2026-06-15
2056,5.0,2026-06-15
9325,8.0,2026-06-15
53938,8.0,2026-06-15
38824,7.0,2026-06-15
25197,10.0,2026-06-15
34692,6.0,2026-06-15
9249,9.0,2026-06-15
28934,7.0,2026-06-15
29346,6.0,2026-06-15
18288,8.0,2026-06-15
44045,7.0,2026-06-15
71680,10.0,2026-06-15
35213,7.0,2026-06-15
76827,7.0,2026-06-15
64458,10.0,2026-06-15
78666,6.0,2026-06-15
57746,8.0,2026-06-15
54734,10.0,2026-06-15
72551,9.0,2026-06-15
21049,9.0,2026-06-15
75985,6.0,2026-06-15
52503,7.0,2026-06-15
46945,6.0,2026-06-15
55854,8.0,2026-06-15
31922,7.0,2026-06-15
7640,8.0,2026-06-15
21940,6.0,2026-06-15
28621,7.0,2026-06-15
34852,5.0,2026-06-15
11535,6.0,2026-06-15
18930,6.0,2026-06-15
52144,8.0,2026-06-15
79936,6.0,2026-06-15
76570,8.0,2026-06-15
7817,9.0,2026-06-15
58362,8.0,2026-06-15
56561,7.0,2026-06-15
65144,8.0,2026-06-15
42382,9.0,2026-06-15
70752,8.0,2026-06-15
11657,8.0,2026-06-15
28947,5.0,2026-06-15
55690,5.0,2026-06-15
78996,6.0,2026-06-15
69442,9.0,2026-06-15
15622,6.0,2026-06-15
77436,7.0,2026-06-15
31209,9.0,2026-06-15
27818,7.0,2026-06-15
71308,7.0,2026-06-15
75370,10.0,2026-06-15
57357,9.0,2026-06-15
17037,10.0,2026-06-15
14770,6.0,2026-06-15
73637,8.0,2026-06-15
32693,8.0,2026-06-15
48547,7.0,2026-06-15
22914,9.0,2026-06-15
75241,5.0,2026-06-15
2701,10.0,2026-06-15
15976,6.0,2026-06-15
17001,8.0,2026-06-15
35677,9.0,2026-06-15
75068,8.0,2026-06-15
25344,3.0,2026-06-15
36940,5.0,2026-06-15
61709,9.0,2026-06-15
51315,7.0,2026-06-15
9235,9.0,2026-06-15
5781,9.0,2026-06-15
73007,8.0,2026-06-15
14667,7.0,2026-06-15
25547,7.0,2026-06-15
77057,9.0,2026-06-15
27017,7.0,2026-06-15
14969,6.0,2026-06-15
35010,6.0,2026-06-15
65331,5.0,2026-06-15
57418,8.0,2026-06-15
67068,7.0,2026-06-15
27916,10.0,2026-06-15
40321,8.0,2026-06-15
14209,9.0,2026-06-15
30145,9.0,2026-06-15
16218,8.0,2026-06-15
17992,10.0,2026-06-15
78621,8.0,2026-06-15
50187,8.0,2026-06-15
2375,6.0,2026-06-15
57795,8.0,2026-06-15
43548,6.0,2026-06-15
62574,8.0,2026-06-15
56621,9.0,2026-06-15
32057,9.0,2026-06-15
46149,6.0,2026-06-15
5168,5.0,2026-06-15
34295,9.0,2026-06-15
31566,8.0,2026-06-15
43612,7.0,2026-06-15
15988,6.0,2026-06-15
18642,7.0,2026-06-15
66274,10.0,2026-06-15
30693,7.0,2026-06-15
9809,9.0,2026-06-15
37971,8.0,2026-06-15
37216,8.0,2026-06-15
64411,7.0,2026-06-15
73758,8.0,2026-06-15
4816,8.0,2026-06-15
85,7.0,2026-06-15
68055,9.0,2026-06-15
3535,8.0,2026-06-15
22009,6.0,2026-06-15
9779,6.0,2026-06-15
8487,8.0,2026-06-15
50785,6.0,2026-06-15
332,9.0,2026-06-15
36702,8.0,2026-06-15
29439,7.0,2026-06-15
12887,5.0,2026-06-15
5778,9.0,2026-06-15
54868,9.0,2026-06-15
34392,9.0,2026-06-15
53263,6.0,2026-06-15
9931,5.0,2026-06-15
73060,10.0,2026-06-15
46490,6.0,2026-06-15
53464,8.0,2026-06-15
68622,8.0,2026-06-15
39498,7.0,2026-06-15
25468,9.0,2026-06-15
23193,7.0,2026-06-15
52516,6.0,2026-06-15
73456,6.0,2026-06-15
44411,9.0,2026-06-15
17129,10.0,2026-06-15
46320,7.0,2026-06-15
10816,7.0,2026-06-15
34449,7.0,2026-06-15
62673,8.0,2026-06-15
60733,6.0,2026-06-15
48878,10.0,2026-06-15
23201,7.0,2026-06-15
50119,8.0,2026-06-15
42153,10.0,2026-06-15
1179,8.0,2026-06-15
5753,5.0,2026-06-15
46978,9.0,2026-06-15
31021,7.0,2026-06-15
14709,6.0,2026-06-15
19346,7.0,2026-06-15
21255,6.0,2026-06-15
2062,9.0,2026-06-15
18624,8.0,2026-06-15
53204,8.0,2026-06-15
64982,10.0,2026-06-15
67942,8.0,2026-06-15
64816,10.0,2026-06-15
17591,10.0,2026-06-15
21182,10.0,2026-06-15
65715,9.0,2026-06-15
23062,6.0,2026-06-15
32902,6.0,2026-06-15
48738,7.0,2026-06-15
32431,7.0,2026-06-15
49593,8.0,2026-06-15
1604,6.0,2026-06-15
50188,9.0,2026-06-15
64398,5.0,2026-06-15
10643,7.0,2026-06-15
37267,9.0,2026-06-15
21038,6.0,2026-06-15
5914,7.0,2026-06-15
15651,8.0,2026-06-15
34819,7.0,2026-06-15
9106,6.0,2026-06-15
31271,10.0,2026-06-15
27150,10.0,2026-06-15
77746,8.0,2026-06-15
43630,6.0,2026-06-15
54059,8.0,2026-06-15
38939,8.0,2026-06-15
63937,8.0,2026-06-15
22024,9.0,2026-06-15
66528,4.0,2026-06-15
36441,8.0,2026-06-15
37776,6.0,2026-06-15
43787,7.0,2026-06-15
10119,9.0,2026-06-15
28528,8.0,2026-06-15
3679,8.0,2026-06-15
51931,8.0,2026-06-15
44705,6.0,2026-06-15
6106,7.0,2026-06-15
52352,7.0,2026-06-15
23300,10.0,2026-06-15
74037,8.0,2026-06-15
77270,5.0,2026-06-15
69701,7.0,2026-06-15
24100,9.0,2026-06-15
38390,4.0,2026-06-15
21197,7.0,2026-06-15
48295,8.0,2026-06-15
20019,4.0,2026-06-15
6376,8.0,2026-06-15
53798,9.0,2026-06-15
43861,4.0,2026-06-15
19088,8.0,2026-06-15
40165,6.0,2026-06-15
37063,8.0,2026-06-15
27057,9.0,2026-06-15
55209,10.0,2026-06-15
76049,9.0,2026-06-15
66207,5.0,2026-06-15
31759,8.0,2026-06-15
35758,8.0,2026-06-15
69581,8.0,2026-06-15
59860,10.0,2026-06-15
55314,6.0,2026-06-15
37905,7.0,2026-06-15
24488,9.0,2026-06-15
23643,7.0,2026-06-15
65663,9.0,2026-06-15
44882,6.0,2026-06-15
29014,6.0,2026-06-15
15664,9.0,2026-06-15
194,9.0,2026-06-15
27653,9.0,2026-06-15
52610,10.0,2026-06-15
61715,7.0,2026-06-15
21561,8.0,2026-06-15
6753,9.0,2026-06-15
71348,7.0,2026-06-15
58156,6.0,2026-06-15
38348,4.0,2026-06-15
74259,9.0,2026-06-15
15063,9.0,2026-06-15
3784,8.0,2026-06-15
64860,6.0,2026-06-15
46949,9.0,2026-06-15
27382,8.0,2026-06-15
46865,6.0,2026-06-15
877,7.0,2026-06-15
25270,8.0,2026-06-15
68389,6.0,2026-06-15
65646,7.0,2026-06-15
8096,8.0,2026-06-15
44678,7.0,2026-06-15
56366,9.0,2026-06-15
895,8.0,2026-06-15
66234,10.0,2026-06-15
43448,8.0,2026-06-15
58725,8.0,2026-06-15
26677,7.0,2026-06-15
73996,7.0,2026-06-15
26624,7.0,2026-06-15
31296,7.0,2026-06-15
79140,6.0,2026-06-15
26776,8.0,2026-06-15
77049,9.0,2026-06-15
75718,7.0,2026-06-15
173,8.0,2026-06-15
75100,8.0,2026-06-15
57330,9.0,2026-06-15
800,7.0,2026-06-15
78231,7.0,2026-06-15
61465,5.0,2026-06-15
21338,8.0,2026-06-15
49581,7.0,2026-06-15
19153,5.0,2026-06-15
33287,10.0,2026-06-15
39539,10.0,2026-06-15
30916,7.0,2026-06-15
45286,8.0,2026-06-15
3972,6.0,2026-06-15
8803,9.0,2026-06-15
12703,4.0,2026-06-15
60956,8.0,2026-06-15
31378,7.0,2026-06-15
66451,8.0,2026-06-15
25225,7.0,2026-06-15
71637,8.0,2026-06-15
63102,7.0,2026-06-15
59637,9.0,2026-06-15
27109,10.0,2026-06-15
35252,8.0,2026-06-15
13959,8.0,2026-06-15
77597,8.0,2026-06-15
66378,7.0,2026-06-15
47166,6.0,2026-06-15
3751,5.0,2026-06-15
70109,6.0,2026-06-15
9324,7.0,2026-06-15
31608,7.0,2026-06-15
64955,9.0,2026-06-15
32963,8.0,2026-06-15
49041,9.0,2026-06-15
27421,8.0,2026-06-15
30050,8.0,2026-06-15
32650,10.0,2026-06-15
31377,9.0,2026-06-15
30424,9.0,2026-06-15
53759,8.0,2026-06-15
39854,10.0,2026-06-15
52412,6.0,2026-06-15
673,6.0,2026-06-15
8969,10.0,2026-06-15
10902,9.0,2026-06-15
24801,7.0,2026-06-15
31926,9.0,2026-06-15
32687,8.0,2026-06-15
47084,7.0,2026-06-15
33054,8.0,2026-06-15
41100,6.0,2026-06-15
6906,8.0,2026-06-15
62277,6.0,2026-06-15
46421,8.0,2026-06-15
22073,8.0,2026-06-15
53802,7.0,2026-06-15
48587,7.0,2026-06-15
43902,8.0,2026-06-15
53453,8.0,2026-06-15
17572,8.0,2026-06-15
15498,6.0,2026-06-15
32540,7.0,2026-06-15
56405,8.0,2026-06-15
13478,7.0,2026-06-15
67318,9.0,2026-06-15
77328,7.0,2026-06-15
74402,10.0,2026-06-15
10526,7.0,2026-06-15
40743,8.0,2026-06-15
57516,8.0,2026-06-15
13088,10.0,2026-06-15
73716,6.0,2026-06-15
70759,8.0,2026-06-15
15034,7.0,2026-06-15
54182,8.0,2026-06-15
25433,5.0,2026-06-15
43099,8.0,2026-06-15
17685,7.0,2026-06-15
4858,6.0,2026-06-15
64434,7.0,2026-06-15
59932,10.0,2026-06-15
46648,5.0,2026-06-15
59608,5.0,2026-06-15
64173,8.0,2026-06-15
28267,6.0,2026-06-15
22853,8.0,2026-06-15
63333,7.0,2026-06-15
20995,9.0,2026-06-15
5453,8.0,2026-06-15
42013,8.0,2026-06-15
9479,10.0,2026-06-15
60032,7.0,2026-06-15
34909,7.0,2026-06-15
4102,6.0,2026-06-15
47826,8.0,2026-06-15
52145,10.0,2026-06-15
52811,10.0,2026-06-15
25201,9.0,2026-06-15
69863,8.0,2026-06-15
10629,6.0,2026-06-15
79428,8.0,2026-06-15
5673,10.0,2026-06-15
5400,10.0,2026-06-15
47589,10.0,2026-06-15
11951,7.0,2026-06-15
25440,8.0,2026-06-15
44735,6.0,2026-06-15
4936,6.0,2026-06-15
77377,7.0,2026-06-15
56496,10.0,2026-06-15
27084,8.0,2026-06-15
59671,10.0,2026-06-15
10121,7.0,2026-06-15
36726,9.0,2026-06-15
38009,5.0,2026-06-15
49430,7.0,2026-06-15
68805,6.0,2026-06-15
51570,10.0,2026-06-15
53704,7.0,2026-06-15
11479,7.0,2026-06-15
10666,6.0,2026-06-15
25575,8.0,2026-06-15
60585,6.0,2026-06-15
27800,6.0,2026-06-15
33570,6.0,2026-06-15
32868,7.0,2026-06-15
40925,7.0,2026-06-15
44026,9.0,2026-06-15
71864,7.0,2026-06-15
16202,10.0,2026-06-15
79693,9.0,2026-06-15
5891,6.0,2026-06-15
71675,8.0,2026-06-15
44761,10.0,2026-06-15
13459,8.0,2026-06-15
79377,8.0,2026-06-15
23683,8.0,2026-06-15
21202,10.0,2026-06-15
6636,9.0,2026-06-15
74739,7.0,2026-06-15
56744,7.0,2026-06-15
49134,8.0,2026-06-15
46442,7.0,2026-06-15
14616,5.0,2026-06-15
26619,6.0,2026-06-15
17316,6.0,2026-06-15
8789,8.0,2026-06-15
74040,8.0,2026-06-15
36810,8.0,2026-06-15
17881,8.0,2026-06-15
36075,7.0,2026-06-15
53011,8.0,2026-06-15
37008,6.0,2026-06-15
56564,9.0,2026-06-15
55473,8.0,2026-06-15
1540,7.0,2026-06-15
65767,9.0,2026-06-15
60252,9.0,2026-06-15
47930,9.0,2026-06-15
57980,10.0,2026-06-15
62012,6.0,2026-06-15
70642,8.0,2026-06-15
40810,8.0,2026-06-15
9075,7.0,2026-06-15
64656,7.0,2026-06-15
53149,6.0,2026-06-15
69747,7.0,2026-06-15
31254,8.0,2026-06-15
26026,8.0,2026-06-15
33345,6.0,2026-06-15
12163,9.0,2026-06-15
39245,10.0,2026-06-15
29778,8.0,2026-06-15
60689,8.0,2026-06-15
32393,6.0,2026-06-15
31626,8.0,2026-06-15
56194,10.0,2026-06-15
7356,8.0,2026-06-15
4216,10.0,2026-06-15
77557,8.0,2026-06-15
60026,6.0,2026-06-15
58510,8.0,2026-06-15
45400,10.0,2026-06-15
65315,7.0,2026-06-15
39821,9.0,2026-06-15
25703,8.0,2026-06-15
50967,6.0,2026-06-15
52406,7.0,2026-06-15
73410,8.0,2026-06-15
79358,7.0,2026-06-15
60035,8.0,2026-06-15
61675,8.0,2026-06-15
18943,8.0,2026-06-15
47074,4.0,2026-06-15
66735,6.0,2026-06-15
42219,7.0,2026-06-15
29468,5.0,2026-06-15
48067,8.0,2026-06-15
68294,9.0,2026-06-15
38120,8.0,2026-06-15
28361,8.0,2026-06-15
30744,4.0,2026-06-15
73546,6.0,2026-06-15
79334,9.0,2026-06-15
52179,7.0,2026-06-15
61443,7.0,2026-06-15
73849,10.0,2026-06-15
79889,6.0,2026-06-15
47046,9.0,2026-06-15
45484,9.0,2026-06-15
18703,7.0,2026-06-15
70615,8.0,2026-06-15
33733,8.0,2026-06-15
28527,10.0,2026-06-15
76118,8.0,2026-06-15
34533,9.0,2026-06-15
39427,8.0,2026-06-15
48202,9.0,2026-06-15
15510,8.0,2026-06-15
51245,7.0,2026-06-15
77400,7.0,2026-06-15
65408,7.0,2026-06-15
28587,8.0,2026-06-15
44072,7.0,2026-06-15
56746,6.0,2026-06-15
68612,10.0,2026-06-15
252,7.0,2026-06-15
7848,9.0,2026-06-15
65084,7.0,2026-06-15
5863,8.0,2026-06-15
60862,8.0,2026-06-15
44679,6.0,2026-06-15
8765,7.0,2026-06-15
61379,9.0,2026-06-15
1276,8.0,2026-06-15
43963,9.0,2026-06-15
51870,10.0,2026-06-15
34293,8.0,2026-06-15
64347,8.0,2026-06-15
9042,8.0,2026-06-15
58132,7.0,2026-06-15
78184,9.0,2026-06-15
41190,10.0,2026-06-15
62684,8.0,2026-06-15
45289,4.0,2026-06-15
48606,7.0,2026-06-15
11891,8.0,2026-06-15
78120,7.0,2026-06-15
6761,9.0,2026-06-15
61237,8.0,2026-06-15
51232,9.0,2026-06-15
67232,8.0,2026-06-15
34924,9.0,2026-06-15
54448,7.0,2026-06-15
31094,9.0,2026-06-15
76359,5.0,2026-06-15
532,7.0,2026-06-15
52249,10.0,2026-06-15
42570,8.0,2026-06-15
41240,8.0,2026-06-15
13178,7.0,2026-06-15
2876,9.0,2026-06-15
61526,7.0,2026-06-15
23608,10.0,2026-06-15
73453,7.0,2026-06-15
18342,7.0,2026-06-15
16908,8.0,2026-06-15
55399,6.0,2026-06-15
74542,6.0,2026-06-15
40758,10.0,2026-06-15
17761,6.0,2026-06-15
8942,7.0,2026-06-15
52281,10.0,2026-06-15
11189,9.0,2026-06-15
4944,9.0,2026-06-15
68488,9.0,2026-06-15
54703,8.0,2026-06-15
34168,9.0,2026-06-15
2152,9.0,2026-06-15
46373,7.0,2026-06-15
20702,9.0,2026-06-15
8470,9.0,2026-06-15
57504,8.0,2026-06-15
25522,5.0,2026-06-15
75208,8.0,2026-06-15
14116,9.0,2026-06-15
68150,8.0,2026-06-15
73548,8.0,2026-06-15
21720,8.0,2026-06-15
5870,8.0,2026-06-15
9148,7.0,2026-06-15
74064,6.0,2026-06-15
66683,9.0,2026-06-15
68355,5.0,2026-06-15
26827,7.0,2026-06-15
71393,6.0,2026-06-15
18969,7.0,2026-06-15
78339,7.0,2026-06-15
23972,7.0,2026-06-15
56627,9.0,2026-06-15
74518,8.0,2026-06-15
64489,9.0,2026-06-15
7273,5.0,2026-06-15
36509,8.0,2026-06-15
6115,7.0,2026-06-15
54556,8.0,2026-06-15
34540,10.0,2026-06-15
889,6.0,2026-06-15
34914,8.0,2026-06-15
369,6.0,2026-06-15
13304,6.0,2026-06-15
67443,6.0,2026-06-15
28063,8.0,2026-06-15
60202,9.0,2026-06-15
59011,6.0,2026-06-15
54418,5.0,2026-06-15
28237,6.0,2026-06-15
29083,8.0,2026-06-15
14604,7.0,2026-06-15
76449,9.0,2026-06-15
57392,7.0,2026-06-15
53818,8.0,2026-06-15
23648,5.0,2026-06-15
9303,8.0,2026-06-15
27258,7.0,2026-06-15
57380,7.0,2026-06-15
2936,7.0,2026-06-15
66980,8.0,2026-06-15
71553,7.0,2026-06-15
7361,7.0,2026-06-15
64742,6.0,2026-06-15
75245,7.0,2026-06-15
41199,9.0,2026-06-15
69692,7.0,2026-06-15
45316,7.0,2026-06-15
75606,8.0,2026-06-15
50502,7.0,2026-06-15
1789,5.0,2026-06-15
7235,9.0,2026-06-15
10130,6.0,2026-06-15
18261,7.0,2026-06-15
45638,6.0,2026-06-15
44179,9.0,2026-06-15
17491,6.0,2026-06-15
59018,9.0,2026-06-15
26656,7.0,2026-06-15
48279,6.0,2026-06-15
43599,7.0,2026-06-15
53994,7.0,2026-06-15
35842,10.0,2026-06-15
34107,7.0,2026-06-15
39986,7.0,2026-06-15
37417,9.0,2026-06-15
30417,8.0,2026-06-15
24069,7.0,2026-06-15
22183,9.0,2026-06-15
69157,7.0,2026-06-15
40275,5.0,2026-06-15
4418,9.0,2026-06-15
19281,7.0,2026-06-15
24219,9.0,2026-06-15
69568,7.0,2026-06-15
77665,9.0,2026-06-15
79362,8.0,2026-06-15
22359,6.0,2026-06-15
54585,8.0,2026-06-15
1298,6.0,2026-06-15
43929,8.0,2026-06-15
79711,8.0,2026-06-15
32895,10.0,2026-06-15
47877,10.0,2026-06-15
5499,7.0,2026-06-15
76097,8.0,2026-06-15
27936,6.0,2026-06-15
62317,8.0,2026-06-15
13950,10.0,2026-06-15
44254,7.0,2026-06-15
70273,8.0,2026-06-15
75953,7.0,2026-06-15
35982,7.0,2026-06-15
65435,8.0,2026-06-15
43237,5.0,2026-06-15
42612,10.0,2026-06-15
44429,7.0,2026-06-15
3515,6.0,2026-06-15
7399,9.0,2026-06-15
57892,7.0,2026-06-15
47269,8.0,2026-06-15
67043,8.0,2026-06-15
14087,4.0,2026-06-15
8760,7.0,2026-06-15
74350,9.0,2026-06-15
32891,9.0,2026-06-15
60823,7.0,2026-06-15
43828,10.0,2026-06-15
58789,10.0,2026-06-15
28843,9.0,2026-06-15
60204,10.0,2026-06-15
54373,8.0,2026-06-15
43809,6.0,2026-06-15
26831,9.0,2026-06-15
26061,9.0,2026-06-15
56313,8.0,2026-06-15
78685,7.0,2026-06-15
33121,8.0,2026-06-15
13972,8.0,2026-06-15
48589,7.0,2026-06-15
49152,10.0,2026-06-15
13933,8.0,2026-06-15
68824,8.0,2026-06-15
59517,8.0,2026-06-15
2538,6.0,2026-06-15
40557,8.0,2026-06-15
58327,6.0,2026-06-15
43289,9.0,2026-06-15
67288,5.0,2026-06-15
40177,8.0,2026-06-15
53749,8.0,2026-06-15
73392,8.0,2026-06-15
191,10.0,2026-06-15
27384,8.0,2026-06-15
71439,8.0,2026-06-15
3571,10.0,2026-06-15
11410,9.0,2026-06-15
67906,8.0,2026-06-15
36469,6.0,2026-06-15
68142,6.0,2026-06-15
25731,9.0,2026-06-15
51388,7.0,2026-06-15
15891,8.0,2026-06-15
65322,7.0,2026-06-15
48511,5.0,2026-06-15
1454,6.0,2026-06-15
44636,9.0,2026-06-15
78148,9.0,2026-06-15
56565,8.0,2026-06-15
11664,9.0,2026-06-15
57220,8.0,2026-06-15
55833,7.0,2026-06-15
44760,9.0,2026-06-15
16276,4.0,2026-06-15
34182,8.0,2026-06-15
64632,6.0,2026-06-15
3187,6.0,2026-06-15
53245,9.0,2026-06-15
48473,7.0,2026-06-15
40464,10.0,2026-06-15
79508,6.0,2026-06-15
15257,7.0,2026-06-15
56051,9.0,2026-06-15
40704,8.0,2026-06-15
64830,7.0,2026-06-15
10676,9.0,2026-06-15
32492,9.0,2026-06-15
21156,7.0,2026-06-15
8983,9.0,2026-06-15
28500,7.0,2026-06-15
50137,5.0,2026-06-15
70400,6.0,2026-06-15
9907,6.0,2026-06-15
47179,7.0,2026-06-15
51032,8.0,2026-06-15
19575,6.0,2026-06-15
18189,6.0,2026-06-15
37399,7.0,2026-06-15
27898,5.0,2026-06-15
54856,9.0,2026-06-15
73099,7.0,2026-06-15
67498,5.0,2026-06-15
64468,10.0,2026-06-15
79932,10.0,2026-06-15
66342,7.0,2026-06-15
72638,10.0,2026-06-15
73136,9.0,2026-06-15
70282,9.0,2026-06-15
5745,6.0,2026-06-15
13828,8.0,2026-06-15
74694,9.0,2026-06-15
60992,8.0,2026-06-15
71631,4.0,2026-06-15
20643,6.0,2026-06-15
36330,9.0,2026-06-15
18100,9.0,2026-06-15
64568,9.0,2026-06-15
55898,6.0,2026-06-15
35489,5.0,2026-06-15
51235,6.0,2026-06-15
26334,9.0,2026-06-15
12334,5.0,2026-06-15
40182,7.0,2026-06-15
15101,6.0,2026-06-15
879,6.0,2026-06-15
51945,10.0,2026-06-15
63611,9.0,2026-06-15
55201,6.0,2026-06-15
48394,7.0,2026-06-15
58623,8.0,2026-06-15
572,8.0,2026-06-15
5215,9.0,2026-06-15
48285,7.0,2026-06-15
66244,7.0,2026-06-15
31082,10.0,2026-06-15
26664,5.0,2026-06-15
60415,6.0,2026-06-15
37246,6.0,2026-06-15
43849,6.0,2026-06-15
49190,7.0,2026-06-15
71913,10.0,2026-06-15
10245,6.0,2026-06-15
55451,9.0,2026-06-15
20457,8.0,2026-06-15
24905,8.0,2026-06-15
79006,9.0,2026-06-15
26322,8.0,2026-06-15
43915,7.0,2026-06-15
79691,8.0,2026-06-15
30700,8.0,2026-06-15
39089,8.0,2026-06-15
3550,9.0,2026-06-15
18542,5.0,2026-06-15
48928,6.0,2026-06-15
24601,5.0,2026-06-15
68620,9.0,2026-06-15
51790,7.0,2026-06-15
26919,9.0,2026-06-15
13311,6.0,2026-06-15
11749,8.0,2026-06-15
20812,6.0,2026-06-15
74884,9.0,2026-06-15
36191,9.0,2026-06-15
41686,8.0,2026-06-15
7092,8.0,2026-06-15
57791,9.0,2026-06-15
2835,6.0,2026-06-15
18003,9.0,2026-06-15
72477,6.0,2026-06-15
50072,5.0,2026-06-15
47475,8.0,2026-06-15
58628,10.0,2026-06-15
40476,8.0,2026-06-15
40725,10.0,2026-06-15
75755,9.0,2026-06-15
31796,8.0,2026-06-15
54258,6.0,2026-06-15
57714,7.0,2026-06-15
70076,9.0,2026-06-15
61690,5.0,2026-06-15
17972,8.0,2026-06-15
46570,10.0,2026-06-15
31286,6.0,2026-06-15
34057,7.0,2026-06-15
47779,9.0,2026-06-15
5079,7.0,2026-06-15
32311,8.0,2026-06-15
60567,7.0,2026-06-15
8105,6.0,2026-06-15
3574,8.0,2026-06-15
79851,8.0,2026-06-15
50648,7.0,2026-06-15
32366,6.0,2026-06-15
75022,9.0,2026-06-15
22564,6.0,2026-06-15
18496,6.0,2026-06-15
55523,8.0,2026-06-15
12431,7.0,2026-06-15
32101,8.0,2026-06-15
21960,8.0,2026-06-15
36099,6.0,2026-06-15
29291,7.0,2026-06-15
43106,9.0,2026-06-15
23526,8.0,2026-06-15
65831,9.0,2026-06-15
19178,8.0,2026-06-15
76252,8.0,2026-06-15
58244,4.0,2026-06-15
77053,5.0,2026-06-15
7051,7.0,2026-06-15
20106,9.0,2026-06-15
36759,5.0,2026-06-15
33276,7.0,2026-06-15
31490,10.0,2026-06-15
55502,9.0,2026-06-15
45432,7.0,2026-06-15
22687,6.0,2026-06-15
1290,5.0,2026-06-15
65160,6.0,2026-06-15
22106,7.0,2026-06-15
36239,6.0,2026-06-15
608,7.0,2026-06-15
53755,6.0,2026-06-15
29830,9.0,2026-06-15
17006,7.0,2026-06-15
15839,9.0,2026-06-15
1710,10.0,2026-06-15
60412,8.0,2026-06-15
59614,8.0,2026-06-15
73345,9.0,2026-06-15
23697,9.0,2026-06-15
19431,10.0,2026-06-15
31471,9.0,2026-06-15
18608,5.0,2026-06-15
51320,10.0,2026-06-15
35437,8.0,2026-06-15
15165,7.0,2026-06-15
21512,9.0,2026-06-15
49691,9.0,2026-06-15
3776,5.0,2026-06-15
11574,10.0,2026-06-15
36068,10.0,2026-06-15
31440,8.0,2026-06-15
61048,8.0,2026-06-15
42928,7.0,2026-06-15
527,9.0,2026-06-15
21635,7.0,2026-06-15
59613,7.0,2026-06-15
30860,8.0,2026-06-15
16619,6.0,2026-06-15
36975,8.0,2026-06-15
21751,9.0,2026-06-15
31238,7.0,2026-06-15
64466,8.0,2026-06-15
29789,6.0,2026-06-15
32987,10.0,2026-06-15
41516,7.0,2026-06-15
31961,6.0,2026-06-15
13795,9.0,2026-06-15
21380,7.0,2026-06-15
16824,5.0,2026-06-15
30347,10.0,2026-06-15
79618,10.0,2026-06-15
41890,5.0,2026-06-15
69402,10.0,2026-06-15
56417,9.0,2026-06-15
68049,9.0,2026-06-15
63456,6.0,2026-06-15
53475,8.0,2026-06-15
46677,7.0,2026-06-15
1043,7.0,2026-06-15
18505,9.0,2026-06-15
71664,4.0,2026-06-15
61447,8.0,2026-06-15
11550,9.0,2026-06-15
78934,7.0,2026-06-15
18968,7.0,2026-06-15
8677,7.0,2026-06-15
61886,7.0,2026-06-15
40824,7.0,2026-06-15
24878,6.0,2026-06-15
11276,9.0,2026-06-15
11993,8.0,2026-06-15
10224,7.0,2026-06-15
55144,7.0,2026-06-15
39238,8.0,2026-06-15
3721,7.0,2026-06-15
12474,7.0,2026-06-15
40157,6.0,2026-06-15
6339,8.0,2026-06-15
66373,7.0,2026-06-15
6904,9.0,2026-06-15
24414,9.0,2026-06-15
37033,9.0,2026-06-15
14742,7.0,2026-06-15
65633,7.0,2026-06-15
15505,8.0,2026-06-15
37020,5.0,2026-06-15
62419,9.0,2026-06-15
76320,9.0,2026-06-15
62973,8.0,2026-06-15
17313,7.0,2026-06-15
49423,5.0,2026-06-15
49685,7.0,2026-06-15
18908,8.0,2026-06-15
46579,4.0,2026-06-15
69073,10.0,2026-06-15
1376,7.0,2026-06-15
30969,7.0,2026-06-15
71277,8.0,2026-06-15
68491,8.0,2026-06-15
17720,7.0,2026-06-15
13113,8.0,2026-06-15
64055,10.0,2026-06-15
2293,9.0,2026-06-15
22231,10.0,2026-06-15
79498,8.0,2026-06-15
41234,5.0,2026-06-15
45821,10.0,2026-06-15
33173,8.0,2026-06-15
45757,7.0,2026-06-15
16668,7.0,2026-06-15
70191,7.0,2026-06-15
64159,7.0,2026-06-15
28073,8.0,2026-06-15
3115,7.0,2026-06-15
61005,8.0,2026-06-15
5742,8.0,2026-06-15
9633,8.0,2026-06-15
1011,6.0,2026-06-15
43010,8.0,2026-06-15
65274,8.0,2026-06-15
34971,9.0,2026-06-15
42215,8.0,2026-06-15
54550,7.0,2026-06-15
65077,9.0,2026-06-15
60519,8.0,2026-06-15
42397,9.0,2026-06-15
32205,8.0,2026-06-15
54965,8.0,2026-06-15
68646,5.0,2026-06-15
77627,6.0,2026-06-15
73760,10.0,2026-06-15
58296,9.0,2026-06-15
10725,6.0,2026-06-15
35753,8.0,2026-06-15
55636,7.0,2026-06-15
22651,8.0,2026-06-15
79191,8.0,2026-06-15
65615,10.0,2026-06-15
64775,6.0,2026-06-15
54020,8.0,2026-06-15
57762,9.0,2026-06-15
76688,7.0,2026-06-15
52529,7.0,2026-06-15
9058,7.0,2026-06-15
72660,8.0,2026-06-15
76360,9.0,2026-06-15
30653,8.0,2026-06-15
59263,7.0,2026-06-15
79531,8.0,2026-06-15
77384,10.0,2026-06-15
45478,8.0,2026-06-15
55608,7.0,2026-06-15
26151,7.0,2026-06-15
4668,10.0,2026-06-15
17697,8.0,2026-06-15
14918,6.0,2026-06-15
66161,9.0,2026-06-15
51339,9.0,2026-06-15
58804,10.0,2026-06-15
19216,7.0,2026-06-15
15327,7.0,2026-06-15
16020,10.0,2026-06-15
71016,8.0,2026-06-15
55973,6.0,2026-06-15
44455,8.0,2026-06-15
18165,10.0,2026-06-15
35381,4.0,2026-06-15
65728,8.0,2026-06-15
68944,9.0,2026-06-15
27393,9.0,2026-06-15
78121,8.0,2026-06-15
72136,7.0,2026-06-15
71627,6.0,2026-06-15
74157,7.0,2026-06-15
66215,7.0,2026-06-15
52389,7.0,2026-06-15
34563,4.0,2026-06-15
10937,5.0,2026-06-15
69909,9.0,2026-06-15
73987,5.0,2026-06-15
29837,6.0,2026-06-15
59630,7.0,2026-06-15
24562,6.0,2026-06-15
13533,9.0,2026-06-15
34472,9.0,2026-06-15
50177,7.0,2026-06-15
27764,9.0,2026-06-15
48484,6.0,2026-06-15
36965,8.0,2026-06-15
256,7.0,2026-06-15
35369,8.0,2026-06-15
51773,5.0,2026-06-15
4370,7.0,2026-06-15
41015,7.0,2026-06-15
24725,9.0,2026-06-15
10614,8.0,2026-06-15
15990,6.0,2026-06-15
73781,7.0,2026-06-15
78935,7.0,2026-06-15
78870,7.0,2026-06-15
49271,7.0,2026-06-15
902,10.0,2026-06-15
45124,9.0,2026-06-15
46139,8.0,2026-06-15
38826,9.0,2026-06-15
21841,8.0,2026-06-15
73130,7.0,2026-06-15
38938,6.0,2026-06-15
20714,6.0,2026-06-15
67388,7.0,2026-06-15
29406,8.0,2026-06-15
38976,6.0,2026-06-15
1307,8.0,2026-06-15
71707,7.0,2026-06-15
46670,9.0,2026-06-15
32223,9.0,2026-06-15
38213,7.0,2026-06-15
31953,6.0,2026-06-15
38001,7.0,2026-06-15
14388,10.0,2026-06-15
72124,5.0,2026-06-15
25536,7.0,2026-06-15
10186,9.0,2026-06-15
36430,8.0,2026-06-15
3861,7.0,2026-06-15
8959,5.0,2026-06-15
36572,8.0,2026-06-15
24270,6.0,2026-06-15
34167,6.0,2026-06-15
34458,10.0,2026-06-15
15759,9.0,2026-06-15
18153,7.0,2026-06-15
72286,7.0,2026-06-15
39312,8.0,2026-06-15
63256,7.0,2026-06-15
75279,10.0,2026-06-15
4677,7.0,2026-06-15
9130,9.0,2026-06-15
68903,6.0,2026-06-15
64548,9.0,2026-06-15
77834,8.0,2026-06-15
18610,8.0,2026-06-15
31129,6.0,2026-06-15
42155,8.0,2026-06-15
65258,10.0,2026-06-15
12032,9.0,2026-06-15
75837,7.0,2026-06-15
31242,7.0,2026-06-15
72729,7.0,2026-06-15
69049,8.0,2026-06-15
19570,5.0,2026-06-15
45166,9.0,2026-06-15
2522,7.0,2026-06-15
58507,8.0,2026-06-15
59264,6.0,2026-06-15
59542,6.0,2026-06-15
23468,7.0,2026-06-15
45515,7.0,2026-06-15
57132,9.0,2026-06-15
31103,6.0,2026-06-15
4385,9.0,2026-06-15
36911,7.0,2026-06-15
1625,8.0,2026-06-15
39221,8.0,2026-06-15
40836,8.0,2026-06-15
1299,7.0,2026-06-15
35555,9.0,2026-06-15
47172,7.0,2026-06-15
59520,6.0,2026-06-15
36379,10.0,2026-06-15
39796,6.0,2026-06-15
37638,6.0,2026-06-15
29471,8.0,2026-06-15
56385,8.0,2026-06-15
35349,5.0,2026-06-15
20622,5.0,2026-06-15
58169,9.0,2026-06-15
59431,6.0,2026-06-15
60402,9.0,2026-06-15
33809,8.0,2026-06-15
64899,9.0,2026-06-15
22565,9.0,2026-06-15
29121,5.0,2026-06-15
45196,9.0,2026-06-15
1453,9.0,2026-06-15
22365,5.0,2026-06-15
22688,8.0,2026-06-15
35453,7.0,2026-06-15
63500,7.0,2026-06-15
17475,5.0,2026-06-15
27785,9.0,2026-06-15
54424,6.0,2026-06-15
71125,7.0,2026-06-15
34314,6.0,2026-06-15
24803,8.0,2026-06-15
28494,7.0,2026-06-15
68700,8.0,2026-06-15
79241,9.0,2026-06-15
57429,8.0,2026-06-15
39184,7.0,2026-06-15
68234,6.0,2026-06-15
74838,10.0,2026-06-15
57430,8.0,2026-06-15
49382,9.0,2026-06-15
48956,8.0,2026-06-15
1348,8.0,2026-06-15
43897,9.0,2026-06-15
5414,6.0,2026-06-15
62008,7.0,2026-06-15
68699,9.0,2026-06-15
58664,9.0,2026-06-15
15237,10.0,2026-06-15
22339,7.0,2026-06-15
49496,10.0,2026-06-15
27992,7.0,2026-06-15
70459,5.0,2026-06-15
37493,6.0,2026-06-15
28806,9.0,2026-06-15
43232,8.0,2026-06-15
56863,10.0,2026-06-15
35288,9.0,2026-06-15
10844,8.0,2026-06-15
5862,10.0,2026-06-15
44016,6.0,2026-06-15
60141,7.0,2026-06-15
70601,8.0,2026-06-15
7309,10.0,2026-06-15
43739,8.0,2026-06-15
16723,7.0,2026-06-15
75040,6.0,2026-06-15
70345,7.0,2026-06-15
8724,7.0,2026-06-15
52450,9.0,2026-06-15
45402,8.0,2026-06-15
62845,9.0,2026-06-15
18886,7.0,2026-06-15
64001,6.0,2026-06-15
1818,9.0,2026-06-15
13801,8.0,2026-06-15
65656,9.0,2026-06-15
55542,5.0,2026-06-15
23903,9.0,2026-06-15
51010,8.0,2026-06-15
35153,9.0,2026-06-15
65623,10.0,2026-06-15
20853,8.0,2026-06-15
60038,9.0,2026-06-15
23349,8.0,2026-06-15
27925,6.0,2026-06-15
18477,5.0,2026-06-15
7452,7.0,2026-06-15
26965,8.0,2026-06-15
23519,10.0,2026-06-15
26323,5.0,2026-06-15
77692,10.0,2026-06-15
41869,9.0,2026-06-15
21527,7.0,2026-06-15
27313,8.0,2026-06-15
72322,8.0,2026-06-15
34454,9.0,2026-06-15
2160,8.0,2026-06-15
50752,6.0,2026-06-15
26318,8.0,2026-06-15
57930,7.0,2026-06-15
38203,6.0,2026-06-15
24977,7.0,2026-06-15
69838,7.0,2026-06-15
61292,8.0,2026-06-15
9951,8.0,2026-06-15
12646,4.0,2026-06-15
65540,9.0,2026-06-15
49414,9.0,2026-06-15
3429,9.0,2026-06-15
52649,6.0,2026-06-15
69431,9.0,2026-06-15
4615,5.0,2026-06-15
38503,8.0,2026-06-15
38793,6.0,2026-06-15
71319,10.0,2026-06-15
38529,5.0,2026-06-15
51998,4.0,2026-06-15
21431,5.0,2026-06-15
24762,10.0,2026-06-15
7160,7.0,2026-06-15
69528,8.0,2026-06-15
42250,6.0,2026-06-15
68082,7.0,2026-06-15
78927,8.0,2026-06-15
57701,8.0,2026-06-15
60199,9.0,2026-06-15
28908,10.0,2026-06-15
44261,8.0,2026-06-15
26338,10.0,2026-06-15
72206,8.0,2026-06-15
25114,8.0,2026-06-15
71895,9.0,2026-06-15
52736,10.0,2026-06-15
27859,6.0,2026-06-15
2408,7.0,2026-06-15
23351,5.0,2026-06-15
17013,8.0,2026-06-15
22692,7.0,2026-06-15
28554,5.0,2026-06-15
52330,7.0,2026-06-15
67723,6.0,2026-06-15
1994,9.0,2026-06-15
32877,8.0,2026-06-15
1962,8.0,2026-06-15
45987,7.0,2026-06-15
39128,3.0,2026-06-15
20086,6.0,2026-06-15
36898,9.0,2026-06-15
64886,7.0,2026-06-15
64305,8.0,2026-06-15
49564,9.0,2026-06-15
24695,8.0,2026-06-15
21898,5.0,2026-06-15
42978,5.0,2026-06-15
41618,7.0,2026-06-15
77354,8.0,2026-06-15
33481,9.0,2026-06-15
35891,10.0,2026-06-15
26445,10.0,2026-06-15
19325,8.0,2026-06-15
70474,10.0,2026-06-15
45425,6.0,2026-06-15
47668,9.0,2026-06-15
11996,10.0,2026-06-15
78407,8.0,2026-06-15
25243,10.0,2026-06-15
56567,10.0,2026-06-15
46469,7.0,2026-06-15
42952,7.0,2026-06-15
21390,6.0,2026-06-15
43746,9.0,2026-06-15
12518,9.0,2026-06-15
31897,6.0,2026-06-15
64009,8.0,2026-06-15
69955,9.0,2026-06-15
59092,7.0,2026-06-15
54851,7.0,2026-06-15
51361,7.0,2026-06-15
53016,6.0,2026-06-15
52090,7.0,2026-06-15
55179,8.0,2026-06-15
2560,6.0,2026-06-15
10405,7.0,2026-06-15
7502,6.0,2026-06-15
34217,6.0,2026-06-15
59844,9.0,2026-06-15
70237,7.0,2026-06-15
74195,7.0,2026-06-15
5768,10.0,2026-06-15
70132,8.0,2026-06-15
31360,9.0,2026-06-15
50414,7.0,2026-06-15
49158,5.0,2026-06-15
73132,7.0,2026-06-15
3295,7.0,2026-06-15
72490,9.0,2026-06-15
11750,10.0,2026-06-15
73713,9.0,2026-06-15
59723,8.0,2026-06-15
30616,7.0,2026-06-15
22146,8.0,2026-06-15
67399,6.0,2026-06-15
75995,7.0,2026-06-15
63279,8.0,2026-06-15
26390,9.0,2026-06-15
66859,10.0,2026-06-15
24618,6.0,2026-06-15
54878,7.0,2026-06-15
40948,9.0,2026-06-15
77191,5.0,2026-06-15
39754,8.0,2026-06-15
52825,9.0,2026-06-15
14041,9.0,2026-06-15
34060,8.0,2026-06-15
10660,7.0,2026-06-15
52476,8.0,2026-06-15
44672,7.0,2026-06-15
13331,9.0,2026-06-15
58291,5.0,2026-06-15
39439,6.0,2026-06-15
59710,8.0,2026-06-15
49899,7.0,2026-06-15
14820,6.0,2026-06-15
47223,8.0,2026-06-15
13077,7.0,2026-06-15
77915,5.0,2026-06-15
17841,9.0,2026-06-15
4596,9.0,2026-06-15
54559,8.0,2026-06-15
77684,8.0,2026-06-15
25275,9.0,2026-06-15
42442,6.0,2026-06-15
41665,6.0,2026-06-15
61056,5.0,2026-06-15
68603,9.0,2026-06-15
61133,8.0,2026-06-15
17511,6.0,2026-06-15
69670,6.0,2026-06-15
33594,8.0,2026-06-15
40799,7.0,2026-06-15
37180,6.0,2026-06-15
26036,9.0,2026-06-15
57810,9.0,2026-06-15
72395,8.0,2026-06-15
25306,7.0,2026-06-15
58350,6.0,2026-06-15
35736,7.0,2026-06-15
18013,8.0,2026-06-15
45573,9.0,2026-06-15
68751,5.0,2026-06-15
20057,8.0,2026-06-15
51019,6.0,2026-06-15
3144,9.0,2026-06-15
30121,10.0,2026-06-15
64916,7.0,2026-06-15
24698,9.0,2026-06-15
44792,7.0,2026-06-15
23204,9.0,2026-06-15
43029,6.0,2026-06-15
73667,7.0,2026-06-15
6036,6.0,2026-06-15
20353,8.0,2026-06-15
43553,6.0,2026-06-15
57327,7.0,2026-06-15
53679,8.0,2026-06-15
39218,7.0,2026-06-15
64430,8.0,2026-06-15
67265,8.0,2026-06-15
11864,9.0,2026-06-15
75176,5.0,2026-06-15
13162,9.0,2026-06-15
24653,8.0,2026-06-15
44755,8.0,2026-06-15
28645,7.0,2026-06-15
57519,9.0,2026-06-15
27309,7.0,2026-06-15
26470,8.0,2026-06-15
23531,8.0,2026-06-15
9674,9.0,2026-06-15
45149,8.0,2026-06-15
9254,9.0,2026-06-15
71048,7.0,2026-06-15
17161,7.0,2026-06-15
52550,8.0,2026-06-15
35222,8.0,2026-06-15
76542,7.0,2026-06-15
30516,5.0,2026-06-15
76755,6.0,2026-06-15
49337,8.0,2026-06-15
2024,9.0,2026-06-15
32696,5.0,2026-06-15
49394,8.0,2026-06-15
57771,8.0,2026-06-15
76031,9.0,2026-06-15
1143,7.0,2026-06-15
49719,6.0,2026-06-15
13508,10.0,2026-06-15
56453,4.0,2026-06-15
49641,8.0,2026-06-15
49563,10.0,2026-06-15
76613,5.0,2026-06-15
28534,8.0,2026-06-15
20519,7.0,2026-06-15
30633,9.0,2026-06-15
79399,9.0,2026-06-15
6210,6.0,2026-06-15
13955,8.0,2026-06-15
58709,10.0,2026-06-15
43831,7.0,2026-06-15
77935,8.0,2026-06-15
46388,8.0,2026-06-15
14400,7.0,2026-06-15
2864,8.0,2026-06-15
62210,8.0,2026-06-15
65583,8.0,2026-06-15
3718,6.0,2026-06-15
78066,5.0,2026-06-15
26221,6.0,2026-06-15
73015,8.0,2026-06-15
12338,6.0,2026-06-15
55455,8.0,2026-06-15
33757,5.0,2026-06-15
22235,9.0,2026-06-15
37807,6.0,2026-06-15
27960,9.0,2026-06-15
923,7.0,2026-06-15
29566,7.0,2026-06-15
58528,8.0,2026-06-15
19063,8.0,2026-06-15
73298,7.0,2026-06-15
6851,7.0,2026-06-15
14384,6.0,2026-06-15
68709,9.0,2026-06-15
73557,5.0,2026-06-15
56782,7.0,2026-06-15
18773,5.0,2026-06-15
74510,6.0,2026-06-15
10761,9.0,2026-06-15
27911,6.0,2026-06-15
20749,7.0,2026-06-15
18466,8.0,2026-06-15
55762,8.0,2026-06-15
35420,8.0,2026-06-15
13048,8.0,2026-06-15
59647,4.0,2026-06-15
66702,5.0,2026-06-15
18410,6.0,2026-06-15
22139,9.0,2026-06-15
11822,9.0,2026-06-15
43308,8.0,2026-06-15
22167,5.0,2026-06-15
71967,10.0,2026-06-15
28045,7.0,2026-06-15
75742,10.0,2026-06-15
26072,9.0,2026-06-15
74922,10.0,2026-06-15
29329,8.0,2026-06-15
78302,7.0,2026-06-15
25914,5.0,2026-06-15
55521,9.0,2026-06-15
58975,7.0,2026-06-15
77990,7.0,2026-06-15
66891,8.0,2026-06-15
28133,9.0,2026-06-15
27985,9.0,2026-06-15
18815,9.0,2026-06-15
30207,9.0,2026-06-15
16460,8.0,2026-06-15
46967,10.0,2026-06-15
44040,7.0,2026-06-15
72897,10.0,2026-06-15
18416,8.0,2026-06-15
17042,10.0,2026-06-15
8820,8.0,2026-06-15
63741,5.0,2026-06-15
68940,6.0,2026-06-15
56657,6.0,2026-06-15
10382,9.0,2026-06-15
62804,10.0,2026-06-15
21001,10.0,2026-06-15
52710,8.0,2026-06-15
7220,6.0,2026-06-15
46298,9.0,2026-06-15
55350,10.0,2026-06-15
57007,10.0,2026-06-15
10930,8.0,2026-06-15
9472,7.0,2026-06-15
1091,8.0,2026-06-15
72393,7.0,2026-06-15
69569,8.0,2026-06-15
63509,7.0,2026-06-15
54000,8.0,2026-06-15
4483,7.0,2026-06-15
7179,7.0,2026-06-15
371,8.0,2026-06-15
41296,8.0,2026-06-15
38896,8.0,2026-06-15
52213,7.0,2026-06-15
51169,7.0,2026-06-15
56443,6.0,2026-06-15
72497,7.0,2026-06-15
5767,8.0,2026-06-15
3258,9.0,2026-06-15
69835,5.0,2026-06-15
16242,10.0,2026-06-15
4622,5.0,2026-06-15
48199,10.0,2026-06-15
12020,9.0,2026-06-15
12604,9.0,2026-06-15
67362,8.0,2026-06-15
38506,8.0,2026-06-15
18207,7.0,2026-06-15
19502,6.0,2026-06-15
9942,6.0,2026-06-15
67617,7.0,2026-06-15
40532,7.0,2026-06-15
6816,8.0,2026-06-15
23034,7.0,2026-06-15
67903,10.0,2026-06-15
67194,9.0,2026-06-15
2443,6.0,2026-06-15
8534,7.0,2026-06-15
28491,8.0,2026-06-15
3199,7.0,2026-06-15
47237,9.0,2026-06-15
28395,7.0,2026-06-15
61801,9.0,2026-06-15
68017,8.0,2026-06-15
71482,8.0,2026-06-15
75135,7.0,2026-06-15
6403,7.0,2026-06-15
35450,5.0,2026-06-15
58878,9.0,2026-06-15
76502,8.0,2026-06-15
37897,7.0,2026-06-15
6483,6.0,2026-06-15
27155,5.0,2026-06-15
30551,9.0,2026-06-15
72665,7.0,2026-06-15
29080,7.0,2026-06-15
74497,7.0,2026-06-15
39503,8.0,2026-06-15
15065,8.0,2026-06-15
35709,6.0,2026-06-15
44041,8.0,2026-06-15
4204,7.0,2026-06-15
33882,6.0,2026-06-15
36227,6.0,2026-06-15
42135,8.0,2026-06-15
38014,5.0,2026-06-15
70991,7.0,2026-06-15
47441,10.0,2026-06-15
14880,10.0,2026-06-15
7590,9.0,2026-06-15
42950,7.0,2026-06-15
42703,6.0,2026-06-15
54300,8.0,2026-06-15
12336,9.0,2026-06-15
71412,8.0,2026-06-15
74067,5.0,2026-06-15
45475,7.0,2026-06-15
52940,7.0,2026-06-15
40063,9.0,2026-06-15
9354,8.0,2026-06-15
37379,8.0,2026-06-15
28072,8.0,2026-06-15
69475,9.0,2026-06-15
30831,8.0,2026-06-15
8409,9.0,2026-06-15
10748,8.0,2026-06-15
66413,7.0,2026-06-15
49399,8.0,2026-06-15
7215,10.0,2026-06-15
16475,10.0,2026-06-15
67001,7.0,2026-06-15
24861,9.0,2026-06-15
76457,7.0,2026-06-15
71488,6.0,2026-06-15
4005,9.0,2026-06-15
19362,10.0,2026-06-15
55795,8.0,2026-06-15
37366,8.0,2026-06-15
31365,10.0,2026-06-15
54648,7.0,2026-06-15
64337,6.0,2026-06-15
29726,7.0,2026-06-15
12511,8.0,2026-06-15
47909,6.0,2026-06-15
52896,10.0,2026-06-15
27330,9.0,2026-06-15
50586,6.0,2026-06-15
10894,8.0,2026-06-15
73923,8.0,2026-06-15
64251,7.0,2026-06-15
65916,7.0,2026-06-15
32158,5.0,2026-06-15
70382,10.0,2026-06-15
56958,5.0,2026-06-15
57364,8.0,2026-06-15
67777,6.0,2026-06-15
70309,7.0,2026-06-15
38252,8.0,2026-06-15
54597,8.0,2026-06-15
12951,7.0,2026-06-15
65624,7.0,2026-06-15
7116,6.0,2026-06-15
24439,6.0,2026-06-15
41720,8.0,2026-06-15
70828,6.0,2026-06-15
47228,9.0,2026-06-15
25587,7.0,2026-06-15
326,5.0,2026-06-15
30823,9.0,2026-06-15
72721,7.0,2026-06-15
4064,9.0,2026-06-15
27314,8.0,2026-06-15
49682,9.0,2026-06-15
54526,7.0,2026-06-15
78412,9.0,2026-06-15
73295,8.0,2026-06-15
71465,10.0,2026-06-15
30294,9.0,2026-06-15
39989,6.0,2026-06-15
50350,8.0,2026-06-15
75678,8.0,2026-06-15
37730,8.0,2026-06-15
26054,7.0,2026-06-15
46620,6.0,2026-06-15
74475,7.0,2026-06-15
45480,5.0,2026-06-15
26516,8.0,2026-06-15
17737,7.0,2026-06-15
7184,6.0,2026-06-15
16927,7.0,2026-06-15
66727,10.0,2026-06-15
56042,8.0,2026-06-15
75748,8.0,2026-06-15
33546,8.0,2026-06-15
57009,9.0,2026-06-15
52097,7.0,2026-06-15
59561,6.0,2026-06-15
5164,9.0,2026-06-15
47786,7.0,2026-06-15
30952,8.0,2026-06-15
20001,7.0,2026-06-15
58598,6.0,2026-06-15
69047,5.0,2026-06-15
41249,10.0,2026-06-15
65287,10.0,2026-06-15
76150,8.0,2026-06-15
51118,9.0,2026-06-15
11294,8.0,2026-06-15
32509,5.0,2026-06-15
16367,10.0,2026-06-15
79093,8.0,2026-06-15
23088,9.0,2026-06-15
21525,8.0,2026-06-15
27780,7.0,2026-06-15
48124,6.0,2026-06-15
5089,6.0,2026-06-15
67643,8.0,2026-06-15
51581,6.0,2026-06-15
78288,6.0,2026-06-15
67782,6.0,2026-06-15
2615,5.0,2026-06-15
38147,9.0,2026-06-15
26736,8.0,2026-06-15
16924,7.0,2026-06-15
78124,7.0,2026-06-15
19172,9.0,2026-06-15
52944,6.0,2026-06-15
47047,8.0,2026-06-15
56664,10.0,2026-06-15
58909,7.0,2026-06-15
41635,7.0,2026-06-15
24758,7.0,2026-06-15
44502,6.0,2026-06-15
70085,6.0,2026-06-15
79909,7.0,2026-06-15
10760,8.0,2026-06-15
37802,7.0,2026-06-15
52851,10.0,2026-06-15
77594,5.0,2026-06-15
70350,6.0,2026-06-15
56053,6.0,2026-06-15
157,7.0,2026-06-15
42207,8.0,2026-06-15
17895,10.0,2026-06-15
51959,7.0,2026-06-15
79066,8.0,2026-06-15
54499,7.0,2026-06-15
31513,9.0,2026-06-15
4135,7.0,2026-06-15
6698,9.0,2026-06-15
24563,8.0,2026-06-15
10036,8.0,2026-06-15
36205,6.0,2026-06-15
28034,7.0,2026-06-15
42862,8.0,2026-06-15
17536,10.0,2026-06-15
48788,7.0,2026-06-15
61566,7.0,2026-06-15
71704,7.0,2026-06-15
63653,6.0,2026-06-15
47617,8.0,2026-06-15
4179,8.0,2026-06-15
75156,5.0,2026-06-15
39331,10.0,2026-06-15
29361,8.0,2026-06-15
60013,10.0,2026-06-15
53325,8.0,2026-06-15
17084,6.0,2026-06-15
59681,9.0,2026-06-15
14409,5.0,2026-06-15
62872,9.0,2026-06-15
73285,7.0,2026-06-15
4783,6.0,2026-06-15
66983,7.0,2026-06-15
26652,8.0,2026-06-15
12472,7.0,2026-06-15
22325,10.0,2026-06-15
59382,6.0,2026-06-15
33364,8.0,2026-06-15
58580,6.0,2026-06-15
11603,8.0,2026-06-15
22221,8.0,2026-06-15
21659,6.0,2026-06-15
6007,7.0,2026-06-15
60910,7.0,2026-06-15
68686,8.0,2026-06-15
27083,10.0,2026-06-15
53745,10.0,2026-06-15
75974,9.0,2026-06-15
13685,8.0,2026-06-15
32003,7.0,2026-06-15
55575,9.0,2026-06-15
37467,9.0,2026-06-15
61683,4.0,2026-06-15
33583,7.0,2026-06-15
38312,7.0,2026-06-15
10780,7.0,2026-06-15
12284,9.0,2026-06-15
28628,8.0,2026-06-15
74469,6.0,2026-06-15
18520,7.0,2026-06-15
67037,8.0,2026-06-15
13223,7.0,2026-06-15
24455,10.0,2026-06-15
35055,8.0,2026-06-15
7877,8.0,2026-06-15
23606,7.0,2026-06-15
50809,9.0,2026-06-15
23922,8.0,2026-06-15
5304,6.0,2026-06-15
2826,10.0,2026-06-15
938,5.0,2026-06-15
41966,7.0,2026-06-15
6540,8.0,2026-06-15
58402,6.0,2026-06-15
75432,9.0,2026-06-15
59819,6.0,2026-06-15
62352,6.0,2026-06-15
59522,7.0,2026-06-15
35171,8.0,2026-06-15
12842,6.0,2026-06-15
11244,5.0,2026-06-15
10231,8.0,2026-06-15
33608,5.0,2026-06-15
65814,8.0,2026-06-15
37218,9.0,2026-06-15
27713,7.0,2026-06-15
24522,8.0,2026-06-15
79495,8.0,2026-06-15
26597,9.0,2026-06-15
11104,8.0,2026-06-15
65221,7.0,2026-06-15
65676,8.0,2026-06-15
78711,7.0,2026-06-15
4379,8.0,2026-06-15
49071,10.0,2026-06-15
9701,9.0,2026-06-15
17026,7.0,2026-06-15
53262,8.0,2026-06-15
18882,9.0,2026-06-15
30406,5.0,2026-06-15
16444,9.0,2026-06-15
24075,9.0,2026-06-15
8626,8.0,2026-06-15
66080,8.0,2026-06-15
33370,7.0,2026-06-15
53187,5.0,2026-06-15
70947,9.0,2026-06-15
5837,9.0,2026-06-15
73127,7.0,2026-06-15
65276,5.0,2026-06-15
54521,8.0,2026-06-15
3856,8.0,2026-06-15
27464,10.0,2026-06-15
56278,7.0,2026-06-15
22461,7.0,2026-06-15
5890,7.0,2026-06-15
5188,7.0,2026-06-15
65798,6.0,2026-06-15
64984,9.0,2026-06-15
56438,6.0,2026-06-15
56081,5.0,2026-06-15
12286,7.0,2026-06-15
13010,8.0,2026-06-15
14325,9.0,2026-06-15
66017,4.0,2026-06-15
19806,10.0,2026-06-15
30310,7.0,2026-06-15
8977,6.0,2026-06-15
3307,9.0,2026-06-15
63649,6.0,2026-06-15
34296,7.0,2026-06-15
62795,8.0,2026-06-15
42048,8.0,2026-06-15
16026,9.0,2026-06-15
26722,9.0,2026-06-15
69130,7.0,2026-06-15
14447,8.0,2026-06-15
3977,7.0,2026-06-15
25235,7.0,2026-06-15
50041,7.0,2026-06-15
62781,6.0,2026-06-15
398,7.0,2026-06-15
75066,7.0,2026-06-15
22423,7.0,2026-06-15
1023,9.0,2026-06-15
13027,7.0,2026-06-15
28579,7.0,2026-06-15
72767,5.0,2026-06-15
6616,7.0,2026-06-15
38340,8.0,2026-06-15
2697,10.0,2026-06-15
16646,6.0,2026-06-15
20805,8.0,2026-06-15
21054,8.0,2026-06-15
39301,7.0,2026-06-15
14656,10.0,2026-06-15
4715,8.0,2026-06-15
47911,9.0,2026-06-15
49799,7.0,2026-06-15
41623,9.0,2026-06-15
788,9.0,2026-06-15
75944,8.0,2026-06-15
10739,8.0,2026-06-15
40789,10.0,2026-06-15
2637,8.0,2026-06-15
54299,6.0,2026-06-15
40659,6.0,2026-06-15
52759,10.0,2026-06-15
36921,9.0,2026-06-15
14730,9.0,2026-06-15
75003,7.0,2026-06-15
26562,8.0,2026-06-15
14668,8.0,2026-06-15
33142,6.0,2026-06-15
25972,9.0,2026-06-15
44863,8.0,2026-06-15
41332,7.0,2026-06-15
75604,6.0,2026-06-15
39251,7.0,2026-06-15
72483,5.0,2026-06-15
1435,10.0,2026-06-15
75948,7.0,2026-06-15
60303,8.0,2026-06-15
18738,9.0,2026-06-15
22400,10.0,2026-06-15
11581,6.0,2026-06-15
49594,7.0,2026-06-15
5779,8.0,2026-06-15
39496,8.0,2026-06-15
24542,10.0,2026-06-15
11467,9.0,2026-06-15
2093,9.0,2026-06-15
41195,6.0,2026-06-15
3072,4.0,2026-06-15
1502,7.0,2026-06-15
75240,8.0,2026-06-15
4756,6.0,2026-06-15
63982,6.0,2026-06-15
10373,5.0,2026-06-15
28251,7.0,2026-06-15
27478,7.0,2026-06-15
7194,8.0,2026-06-15
30492,8.0,2026-06-15
60153,6.0,2026-06-15
70289,7.0,2026-06-15
31416,10.0,2026-06-15
32934,7.0,2026-06-15
23647,9.0,2026-06-15
8589,10.0,2026-06-15
50512,9.0,2026-06-15
56533,7.0,2026-06-15
49199,7.0,2026-06-15
66550,8.0,2026-06-15
46080,8.0,2026-06-15
76322,7.0,2026-06-15
59510,7.0,2026-06-15
72427,4.0,2026-06-15
9059,7.0,2026-06-15
33911,9.0,2026-06-15
65304,9.0,2026-06-15
22193,9.0,2026-06-15
19903,7.0,2026-06-15
1913,9.0,2026-06-15
60787,7.0,2026-06-15
43560,7.0,2026-06-15
40115,9.0,2026-06-15
23374,8.0,2026-06-15
16447,8.0,2026-06-15
22107,7.0,2026-06-15
12647,8.0,2026-06-15
38644,7.0,2026-06-15
5117,10.0,2026-06-15
32829,8.0,2026-06-15
37709,6.0,2026-06-15
66581,6.0,2026-06-15
46116,6.0,2026-06-15
28890,5.0,2026-06-15
19014,7.0,2026-06-15
60185,7.0,2026-06-15
37913,9.0,2026-06-15
11950,9.0,2026-06-15
31113,7.0,2026-06-15
44059,7.0,2026-06-15
67788,7.0,2026-06-15
14082,10.0,2026-06-15
16093,9.0,2026-06-15
30938,10.0,2026-06-15
36590,8.0,2026-06-15
4393,8.0,2026-06-15
14695,5.0,2026-06-15
49757,7.0,2026-06-15
31750,7.0,2026-06-15
76234,8.0,2026-06-15
20999,8.0,2026-06-15
58532,8.0,2026-06-15
55463,6.0,2026-06-15
68145,8.0,2026-06-15
39831,10.0,2026-06-15
660,10.0,2026-06-15
73425,9.0,2026-06-15
10284,8.0,2026-06-15
43576,8.0,2026-06-15
56557,6.0,2026-06-15
47483,7.0,2026-06-15
28840,5.0,2026-06-15
58383,7.0,2026-06-15
67330,8.0,2026-06-15
12668,10.0,2026-06-15
1584,7.0,2026-06-15
25942,8.0,2026-06-15
20510,8.0,2026-06-15
38946,9.0,2026-06-15
61476,7.0,2026-06-15
18798,8.0,2026-06-15
29999,9.0,2026-06-15
67117,6.0,2026-06-15
33766,7.0,2026-06-15
67528,8.0,2026-06-15
19135,8.0,2026-06-15
68776,10.0,2026-06-15
52320,8.0,2026-06-15
62284,9.0,2026-06-15
26814,9.0,2026-06-15
33141,9.0,2026-06-15
34020,9.0,2026-06-15
68121,8.0,2026-06-15
26300,9.0,2026-06-15
31527,8.0,2026-06-15
67765,7.0,2026-06-15
64039,5.0,2026-06-15
53252,5.0,2026-06-15
77482,7.0,2026-06-15
77004,7.0,2026-06-15
6630,6.0,2026-06-15
50348,6.0,2026-06-15
23849,10.0,2026-06-15
46498,7.0,2026-06-15
77559,8.0,2026-06-15
59696,9.0,2026-06-15
22580,8.0,2026-06-15
53683,7.0,2026-06-15
71761,7.0,2026-06-15
11375,7.0,2026-06-15
62686,6.0,2026-06-15
10564,7.0,2026-06-15
16901,8.0,2026-06-15
39183,9.0,2026-06-15
26658,9.0,2026-06-15
61606,6.0,2026-06-15
2254,6.0,2026-06-15
31665,9.0,2026-06-15
46964,7.0,2026-06-15
69087,8.0,2026-06-15
14475,8.0,2026-06-15
1112,10.0,2026-06-15
25074,6.0,2026-06-15
29672,6.0,2026-06-15
27409,5.0,2026-06-15
20803,10.0,2026-06-15
57709,7.0,2026-06-15
74417,8.0,2026-06-15
54455,9.0,2026-06-15
65236,8.0,2026-06-15
34941,7.0,2026-06-15
7997,9.0,2026-06-15
67526,8.0,2026-06-15
39124,7.0,2026-06-15
73821,7.0,2026-06-15
41775,8.0,2026-06-15
77294,9.0,2026-06-15
35806,6.0,2026-06-15
56032,9.0,2026-06-15
20696,7.0,2026-06-15
76342,7.0,2026-06-15
30722,9.0,2026-06-15
48536,9.0,2026-06-15
18591,6.0,2026-06-15
21721,10.0,2026-06-15
36445,7.0,2026-06-15
73229,9.0,2026-06-15
31268,5.0,2026-06-15
19748,9.0,2026-06-15
48540,8.0,2026-06-15
77060,10.0,2026-06-15
75598,10.0,2026-06-15
31581,9.0,2026-06-15
29262,7.0,2026-06-15
64906,5.0,2026-06-15
39111,9.0,2026-06-15
9105,9.0,2026-06-15
15704,9.0,2026-06-15
50184,7.0,2026-06-15
4685,9.0,2026-06-15
9171,5.0,2026-06-15
47602,5.0,2026-06-15
56566,10.0,2026-06-15
14182,8.0,2026-06-15
2080,6.0,2026-06-15
44586,9.0,2026-06-15
35751,8.0,2026-06-15
37866,9.0,2026-06-15
34254,9.0,2026-06-15
14502,5.0,2026-06-15
37436,8.0,2026-06-15
9026,8.0,2026-06-15
12368,6.0,2026-06-15
74210,7.0,2026-06-15
49292,5.0,2026-06-15
50662,9.0,2026-06-15
46485,7.0,2026-06-15
52082,9.0,2026-06-15
28706,7.0,2026-06-15
74162,9.0,2026-06-15
72557,6.0,2026-06-15
37742,9.0,2026-06-15
54575,8.0,2026-06-15
37943,6.0,2026-06-15
30904,6.0,2026-06-15
23419,10.0,2026-06-15
75027,7.0,2026-06-15
66237,7.0,2026-06-15
6121,9.0,2026-06-15
47954,7.0,2026-06-15
11907,8.0,2026-06-15
63940,9.0,2026-06-15
25445,9.0,2026-06-15
59350,6.0,2026-06-15
13690,7.0,2026-06-15
21566,9.0,2026-06-15
52766,8.0,2026-06-15
48728,9.0,2026-06-15
60311,9.0,2026-06-15
35528,6.0,2026-06-15
48906,5.0,2026-06-15
2351,7.0,2026-06-15
14412,6.0,2026-06-15
57038,5.0,2026-06-15
75032,9.0,2026-06-15
41718,7.0,2026-06-15
7729,8.0,2026-06-15
22854,5.0,2026-06-15
26339,9.0,2026-06-15
35579,4.0,2026-06-15
50435,8.0,2026-06-15
50519,9.0,2026-06-15
13272,10.0,2026-06-15
6936,7.0,2026-06-15
54213,6.0,2026-06-15
74208,7.0,2026-06-15
12085,7.0,2026-06-15
64336,7.0,2026-06-15
54530,6.0,2026-06-15
65612,9.0,2026-06-15
59564,7.0,2026-06-15
1196,8.0,2026-06-15
72428,8.0,2026-06-15
67121,6.0,2026-06-15
198,8.0,2026-06-15
47226,7.0,2026-06-15
37078,7.0,2026-06-15
68907,8.0,2026-06-15
32777,9.0,2026-06-15
25410,5.0,2026-06-15
1441,8.0,2026-06-15
22604,8.0,2026-06-15
40861,6.0,2026-06-15
28000,6.0,2026-06-15
17565,6.0,2026-06-15
48664,10.0,2026-06-15
52108,8.0,2026-06-15
67474,7.0,2026-06-15
70223,8.0,2026-06-15
33985,8.0,2026-06-15
44968,6.0,2026-06-15
68624,6.0,2026-06-15
75099,9.0,2026-06-15
61560,5.0,2026-06-15
54220,7.0,2026-06-15
71612,5.0,2026-06-15
7666,7.0,2026-06-15
40197,6.0,2026-06-15
19949,6.0,2026-06-15
39127,9.0,2026-06-15
33448,6.0,2026-06-15
29280,9.0,2026-06-15
34112,6.0,2026-06-15
60531,8.0,2026-06-15
73331,8.0,2026-06-15
11982,7.0,2026-06-15
49914,7.0,2026-06-15
64390,7.0,2026-06-15
56672,7.0,2026-06-15
14453,10.0,2026-06-15
42819,5.0,2026-06-15
76717,6.0,2026-06-15
41529,9.0,2026-06-15
70327,10.0,2026-06-15
65868,7.0,2026-06-15
57703,8.0,2026-06-15
28107,10.0,2026-06-15
56189,8.0,2026-06-15
44833,7.0,2026-06-15
25543,7.0,2026-06-15
29525,9.0,2026-06-15
29514,10.0,2026-06-15
37278,8.0,2026-06-15
68925,9.0,2026-06-15
22455,8.0,2026-06-15
31429,8.0,2026-06-15
49741,8.0,2026-06-15
62200,7.0,2026-06-15
28866,9.0,2026-06-15
25460,10.0,2026-06-15
9867,8.0,2026-06-15
7208,10.0,2026-06-15
23200,6.0,2026-06-15
26558,9.0,2026-06-15
29376,6.0,2026-06-15
70294,7.0,2026-06-15
75433,6.0,2026-06-15
70183,10.0,2026-06-15
21359,7.0,2026-06-15
21920,6.0,2026-06-15
915,7.0,2026-06-15
52708,7.0,2026-06-15
44641,10.0,2026-06-15
40312,10.0,2026-06-15
9051,10.0,2026-06-15
79537,9.0,2026-06-15
4099,7.0,2026-06-15
77355,6.0,2026-06-15
32974,10.0,2026-06-15
23574,6.0,2026-06-15
36914,8.0,2026-06-15
79087,9.0,2026-06-15
63547,10.0,2026-06-15
24479,7.0,2026-06-15
67341,7.0,2026-06-15
44400,8.0,2026-06-15
71158,9.0,2026-06-15
54895,9.0,2026-06-15
69912,9.0,2026-06-15
30196,8.0,2026-06-15
62461,5.0,2026-06-15
32437,10.0,2026-06-15
35654,7.0,2026-06-15
61633,9.0,2026-06-15
54647,9.0,2026-06-15
77135,7.0,2026-06-15
57024,7.0,2026-06-15
65604,8.0,2026-06-15
50432,10.0,2026-06-15
24049,9.0,2026-06-15
40438,8.0,2026-06-15
4610,6.0,2026-06-15
8290,9.0,2026-06-15
53502,6.0,2026-06-15
55735,7.0,2026-06-15
17158,9.0,2026-06-15
5950,8.0,2026-06-15
7840,8.0,2026-06-15
32668,9.0,2026-06-15
71885,5.0,2026-06-15
22265,10.0,2026-06-15
34095,7.0,2026-06-15
74435,7.0,2026-06-15
77914,8.0,2026-06-15
3703,7.0,2026-06-15
65520,8.0,2026-06-15
79790,7.0,2026-06-15
71186,8.0,2026-06-15
21723,7.0,2026-06-15
4584,8.0,2026-06-15
63072,8.0,2026-06-15
70956,9.0,2026-06-15
39602,7.0,2026-06-15
65448,8.0,2026-06-15
3377,6.0,2026-06-15
25698,9.0,2026-06-15
78105,8.0,2026-06-15
25081,8.0,2026-06-15
48200,7.0,2026-06-15
64139,5.0,2026-06-15
48870,7.0,2026-06-15
3876,8.0,2026-06-15
391,6.0,2026-06-15
34809,9.0,2026-06-15
55165,10.0,2026-06-15
44793,6.0,2026-06-15
19820,7.0,2026-06-15
49562,7.0,2026-06-15
61010,6.0,2026-06-15
67438,7.0,2026-06-15
22389,8.0,2026-06-15
36034,10.0,2026-06-15
53831,6.0,2026-06-15
69803,6.0,2026-06-15
50298,7.0,2026-06-15
30119,7.0,2026-06-15
58405,5.0,2026-06-15
53659,10.0,2026-06-15
64297,7.0,2026-06-15
3498,8.0,2026-06-15
69247,6.0,2026-06-15
60661,6.0,2026-06-15
55738,9.0,2026-06-15
25122,9.0,2026-06-15
716,6.0,2026-06-15
24359,8.0,2026-06-15
16712,7.0,2026-06-15
17446,9.0,2026-06-15
639,8.0,2026-06-15
60192,7.0,2026-06-15
78908,8.0,2026-06-15
42568,7.0,2026-06-15
42910,7.0,2026-06-15
16147,9.0,2026-06-15
61468,9.0,2026-06-15
57759,10.0,2026-06-15
3186,8.0,2026-06-15
40576,9.0,2026-06-15
41771,6.0,2026-06-15
31234,6.0,2026-06-15
75505,7.0,2026-06-15
69495,7.0,2026-06-15
31382,6.0,2026-06-15
63597,5.0,2026-06-15
16884,8.0,2026-06-15
3949,7.0,2026-06-15
47748,5.0,2026-06-15
49162,7.0,2026-06-15
52114,5.0,2026-06-15
4639,7.0,2026-06-15
28896,8.0,2026-06-15
33197,6.0,2026-06-15
25602,8.0,2026-06-15
30665,8.0,2026-06-15
17914,8.0,2026-06-15
1995,8.0,2026-06-15
10954,8.0,2026-06-15
33612,9.0,2026-06-15
60680,5.0,2026-06-15
9860,5.0,2026-06-15
18293,8.0,2026-06-15
45457,8.0,2026-06-15
75593,10.0,2026-06-15
66911,7.0,2026-06-15
44684,9.0,2026-06-15
65584,10.0,2026-06-15
39945,6.0,2026-06-15
17178,7.0,2026-06-15
73859,9.0,2026-06-15
57830,10.0,2026-06-15
17486,6.0,2026-06-15
8520,7.0,2026-06-15
68111,8.0,2026-06-15
75583,10.0,2026-06-15
41149,8.0,2026-06-15
59543,7.0,2026-06-15
4041,7.0,2026-06-15
64068,8.0,2026-06-15
12311,7.0,2026-06-15
21822,9.0,2026-06-15
34577,10.0,2026-06-15
34790,8.0,2026-06-15
3665,6.0,2026-06-15
27375,6.0,2026-06-15
31612,9.0,2026-06-15
62970,8.0,2026-06-15
78241,7.0,2026-06-15
24624,8.0,2026-06-15
41205,8.0,2026-06-15
2716,8.0,2026-06-15
18160,7.0,2026-06-15
10511,6.0,2026-06-15
3683,10.0,2026-06-15
18594,8.0,2026-06-15
46686,6.0,2026-06-15
65454,5.0,2026-06-15
42700,6.0,2026-06-15
1729,9.0,2026-06-15
46518,4.0,2026-06-15
30273,5.0,2026-06-15
4169,8.0,2026-06-15
69881,8.0,2026-06-15
64463,8.0,2026-06-15
76282,8.0,2026-06-15
60198,8.0,2026-06-15
12208,8.0,2026-06-15
13738,7.0,2026-06-15
62626,7.0,2026-06-15
61753,10.0,2026-06-15
4508,7.0,2026-06-15
74005,7.0,2026-06-15
60410,10.0,2026-06-15
48603,8.0,2026-06-15
61400,6.0,2026-06-15
68066,7.0,2026-06-15
47286,6.0,2026-06-15
74538,7.0,2026-06-15
41091,9.0,2026-06-15
76003,7.0,2026-06-15
50922,8.0,2026-06-15
28874,7.0,2026-06-15
11695,6.0,2026-06-15
62403,6.0,2026-06-15
25449,9.0,2026-06-15
77582,7.0,2026-06-15
65942,7.0,2026-06-15
79074,8.0,2026-06-15
38282,9.0,2026-06-15
63973,8.0,2026-06-15
72991,5.0,2026-06-15
53596,10.0,2026-06-15
59645,8.0,2026-06-15
71269,8.0,2026-06-15
27451,8.0,2026-06-15
52353,9.0,2026-06-15
38825,10.0,2026-06-15
45144,8.0,2026-06-15
28669,9.0,2026-06-15
53361,8.0,2026-06-15
23047,7.0,2026-06-15
77706,5.0,2026-06-15
54461,7.0,2026-06-15
48994,8.0,2026-06-15
27445,9.0,2026-06-15
75314,7.0,2026-06-15
19659,9.0,2026-06-15
21909,8.0,2026-06-15
71141,6.0,2026-06-15
5634,8.0,2026-06-15
79873,9.0,2026-06-15
4462,7.0,2026-06-15
39314,5.0,2026-06-15
16016,9.0,2026-06-15
60900,6.0,2026-06-15
49758,7.0,2026-06-15
61825,9.0,2026-06-15
61110,6.0,2026-06-15
79278,6.0,2026-06-15
33848,5.0,2026-06-15
46641,8.0,2026-06-15
3604,9.0,2026-06-15
11812,9.0,2026-06-15
61259,8.0,2026-06-15
67144,9.0,2026-06-15
66142,7.0,2026-06-15
74937,8.0,2026-06-15
45083,10.0,2026-06-15
9407,7.0,2026-06-15
41242,9.0,2026-06-15
75276,8.0,2026-06-15
4003,8.0,2026-06-15
56132,9.0,2026-06-15
19740,7.0,2026-06-15
1409,7.0,2026-06-15
67655,7.0,2026-06-15
38490,5.0,2026-06-15
43832,7.0,2026-06-15
76494,9.0,2026-06-15
1419,7.0,2026-06-15
75167,7.0,2026-06-15
23575,6.0,2026-06-15
52536,10.0,2026-06-15
55574,10.0,2026-06-15
3975,6.0,2026-06-15
24766,8.0,2026-06-15
57973,7.0,2026-06-15
35225,5.0,2026-06-15
481,7.0,2026-06-15
52348,7.0,2026-06-15
32417,10.0,2026-06-15
28465,6.0,2026-06-15
65075,7.0,2026-06-15
58417,9.0,2026-06-15
72681,6.0,2026-06-15
57185,7.0,2026-06-15
75675,9.0,2026-06-15
1230,8.0,2026-06-15
4190,5.0,2026-06-15
72454,4.0,2026-06-15
44285,6.0,2026-06-15
63963,9.0,2026-06-15
18931,6.0,2026-06-15
30876,9.0,2026-06-15
73805,8.0,2026-06-15
7442,7.0,2026-06-15
27182,10.0,2026-06-15
73624,4.0,2026-06-15
43591,9.0,2026-06-15
79592,9.0,2026-06-15
70127,5.0,2026-06-15
61739,7.0,2026-06-15
43693,9.0,2026-06-15
57867,9.0,2026-06-15
49713,5.0,2026-06-15
55457,8.0,2026-06-15
28119,8.0,2026-06-15
37495,5.0,2026-06-15
58153,6.0,2026-06-15
69358,8.0,2026-06-15
58355,7.0,2026-06-15
24871,9.0,2026-06-15
36652,7.0,2026-06-15
56845,7.0,2026-06-15
41785,7.0,2026-06-15
61912,5.0,2026-06-15
790,9.0,2026-06-15
53956,7.0,2026-06-15
26019,8.0,2026-06-15
37818,10.0,2026-06-15
59968,6.0,2026-06-15
75270,10.0,2026-06-15
16449,8.0,2026-06-15
77687,6.0,2026-06-15
73602,8.0,2026-06-15
10308,9.0,2026-06-15
36663,9.0,2026-06-15
47305,8.0,2026-06-15
52264,7.0,2026-06-15
68550,8.0,2026-06-15
54260,8.0,2026-06-15
78240,6.0,2026-06-15
34498,9.0,2026-06-15
8612,7.0,2026-06-15
74849,6.0,2026-06-15
49893,4.0,2026-06-15
33748,9.0,2026-06-15
53621,8.0,2026-06-15
49980,6.0,2026-06-15
9016,7.0,2026-06-15
20260,9.0,2026-06-15
72208,7.0,2026-06-15
23320,8.0,2026-06-15
29777,9.0,2026-06-15
77471,6.0,2026-06-15
21470,8.0,2026-06-15
9853,6.0,2026-06-15
56293,7.0,2026-06-15
50587,7.0,2026-06-15
79597,8.0,2026-06-15
58867,7.0,2026-06-15
1972,9.0,2026-06-15
64029,8.0,2026-06-15
50136,8.0,2026-06-15
60897,7.0,2026-06-15
20336,8.0,2026-06-15
39844,4.0,2026-06-15
60049,10.0,2026-06-15
5846,9.0,2026-06-15
12109,6.0,2026-06-15
56682,9.0,2026-06-15
34955,8.0,2026-06-15
66821,9.0,2026-06-15
19823,6.0,2026-06-15
8393,7.0,2026-06-15
7489,9.0,2026-06-15
23401,7.0,2026-06-15
67824,9.0,2026-06-15
17772,8.0,2026-06-15
5998,8.0,2026-06-15
2138,7.0,2026-06-15
18419,8.0,2026-06-15
14404,6.0,2026-06-15
45991,8.0,2026-06-15
53801,8.0,2026-06-15
63679,7.0,2026-06-15
30139,8.0,2026-06-15
69501,6.0,2026-06-15
31136,8.0,2026-06-15
45634,5.0,2026-06-15
19206,8.0,2026-06-15
44171,6.0,2026-06-15
60481,9.0,2026-06-15
77808,8.0,2026-06-15
59570,8.0,2026-06-15
68728,6.0,2026-06-15
26434,7.0,2026-06-15
28192,7.0,2026-06-15
17181,9.0,2026-06-15
18765,7.0,2026-06-15
30863,7.0,2026-06-15
77792,9.0,2026-06-15
20524,9.0,2026-06-15
16346,5.0,2026-06-15
75092,8.0,2026-06-15
54866,8.0,2026-06-15
2795,7.0,2026-06-15
69077,8.0,2026-06-15
18750,5.0,2026-06-15
30277,7.0,2026-06-15
49910,8.0,2026-06-15
53456,5.0,2026-06-15
69015,7.0,2026-06-15
42246,6.0,2026-06-15
18257,9.0,2026-06-15
5761,9.0,2026-06-15
25984,7.0,2026-06-15
57966,10.0,2026-06-15
46075,6.0,2026-06-15
32889,10.0,2026-06-15
30594,10.0,2026-06-15
1191,9.0,2026-06-15
69593,9.0,2026-06-15
13203,9.0,2026-06-15
37523,9.0,2026-06-15
27617,7.0,2026-06-15
78419,8.0,2026-06-15
73093,8.0,2026-06-15
46834,7.0,2026-06-15
23274,7.0,2026-06-15
52076,8.0,2026-06-15
73031,7.0,2026-06-15
18666,6.0,2026-06-15
51743,7.0,2026-06-15
68975,8.0,2026-06-15
74081,8.0,2026-06-15
76729,8.0,2026-06-15
31096,4.0,2026-06-15
18975,8.0,2026-06-15
11086,9.0,2026-06-15
48122,9.0,2026-06-15
44062,8.0,2026-06-15
39759,6.0,2026-06-15
76885,7.0,2026-06-15
72326,7.0,2026-06-15
7650,5.0,2026-06-15
51873,8.0,2026-06-15
46823,6.0,2026-06-15
10247,7.0,2026-06-15
33053,4.0,2026-06-15
41545,8.0,2026-06-15
42573,7.0,2026-06-15
62182,7.0,2026-06-15
30402,6.0,2026-06-15
70007,6.0,2026-06-15
36241,7.0,2026-06-15
10795,8.0,2026-06-15
49566,6.0,2026-06-15
61373,6.0,2026-06-15
59776,4.0,2026-06-15
68665,7.0,2026-06-15
63879,8.0,2026-06-15
4300,7.0,2026-06-15
36360,7.0,2026-06-15
42005,6.0,2026-06-15
53780,10.0,2026-06-15
55056,7.0,2026-06-15
24232,7.0,2026-06-15
48361,8.0,2026-06-15
15626,7.0,2026-06-15
34727,7.0,2026-06-15
60949,9.0,2026-06-15
23512,8.0,2026-06-15
8876,6.0,2026-06-15
36185,7.0,2026-06-15
21370,7.0,2026-06-15
61719,10.0,2026-06-15
76694,7.0,2026-06-15
1249,8.0,2026-06-15
42530,7.0,2026-06-15
35174,6.0,2026-06-15
38216,7.0,2026-06-15
40281,7.0,2026-06-15
13844,5.0,2026-06-15
3362,5.0,2026-06-15
58524,6.0,2026-06-15
23363,8.0,2026-06-15
19266,7.0,2026-06-15
46726,8.0,2026-06-15
21210,10.0,2026-06-15
55094,7.0,2026-06-15
63116,10.0,2026-06-15
7447,9.0,2026-06-15
18134,5.0,2026-06-15
16500,9.0,2026-06-15
57902,9.0,2026-06-15
61604,7.0,2026-06-15
238,9.0,2026-06-15
59297,7.0,2026-06-15
64340,10.0,2026-06-15
50142,9.0,2026-06-15
35762,7.0,2026-06-15
38729,7.0,2026-06-15
13180,10.0,2026-06-15
66372,6.0,2026-06-15
71059,9.0,2026-06-15
53698,7.0,2026-06-15
2467,7.0,2026-06-15
49049,8.0,2026-06-15
59166,8.0,2026-06-15
78656,8.0,2026-06-15
7258,9.0,2026-06-15
43875,6.0,2026-06-15
55990,8.0,2026-06-15
54558,9.0,2026-06-15
3677,8.0,2026-06-15
58278,8.0,2026-06-15
45198,5.0,2026-06-15
45227,8.0,2026-06-15
7672,6.0,2026-06-15
59757,8.0,2026-06-15
75637,7.0,2026-06-15
61979,5.0,2026-06-15
59654,10.0,2026-06-15
37026,5.0,2026-06-15
28955,9.0,2026-06-15
46837,6.0,2026-06-15
10823,6.0,2026-06-15
32377,6.0,2026-06-15
24074,7.0,2026-06-15
66804,8.0,2026-06-15
53395,7.0,2026-06-15
27836,6.0,2026-06-15
35640,7.0,2026-06-15
42208,8.0,2026-06-15
62863,6.0,2026-06-15
69319,6.0,2026-06-15
26904,7.0,2026-06-15
58846,10.0,2026-06-15
55103,8.0,2026-06-15
42648,8.0,2026-06-15
76337,9.0,2026-06-15
41606,8.0,2026-06-15
48494,8.0,2026-06-15
66369,7.0,2026-06-15
27346,5.0,2026-06-15
16176,9.0,2026-06-15
35841,7.0,2026-06-15
40405,9.0,2026-06-15
26787,6.0,2026-06-15
7073,10.0,2026-06-15
60047,8.0,2026-06-15
9524,9.0,2026-06-15
26102,5.0,2026-06-15
45988,8.0,2026-06-15
69154,8.0,2026-06-15
58238,8.0,2026-06-15
62132,7.0,2026-06-15
50548,9.0,2026-06-15
78154,9.0,2026-06-15
60307,10.0,2026-06-15
64025,8.0,2026-06-15
78429,4.0,2026-06-15
50891,6.0,2026-06-15
4113,7.0,2026-06-15
27496,7.0,2026-06-15
47745,7.0,2026-06-15
68727,8.0,2026-06-15
35814,7.0,2026-06-15
76691,8.0,2026-06-15
26602,5.0,2026-06-15
42683,10.0,2026-06-15
42998,8.0,2026-06-15
64861,6.0,2026-06-15
38034,10.0,2026-06-15
52308,7.0,2026-06-15
12272,10.0,2026-06-15
46605,7.0,2026-06-15
52590,7.0,2026-06-15
27264,7.0,2026-06-15
59245,8.0,2026-06-15
25212,7.0,2026-06-15
3602,10.0,2026-06-15
54513,6.0,2026-06-15
33438,4.0,2026-06-15
54608,8.0,2026-06-15
44245,7.0,2026-06-15
32069,8.0,2026-06-15
63804,9.0,2026-06-15
27887,7.0,2026-06-15
34058,9.0,2026-06-15
74052,5.0,2026-06-15
24823,10.0,2026-06-15
36739,6.0,2026-06-15
30614,5.0,2026-06-15
63019,8.0,2026-06-15
78868,4.0,2026-06-15
47659,7.0,2026-06-15
48561,9.0,2026-06-15
42503,10.0,2026-06-15
31319,8.0,2026-06-15
48667,9.0,2026-06-15
55214,7.0,2026-06-15
29621,8.0,2026-06-15
33411,9.0,2026-06-15
35500,9.0,2026-06-15
67511,8.0,2026-06-15
66498,9.0,2026-06-15
65119,9.0,2026-06-15
30834,7.0,2026-06-15
31826,10.0,2026-06-15
21246,6.0,2026-06-15
3764,7.0,2026-06-15
59924,7.0,2026-06-15
24506,10.0,2026-06-15
41004,9.0,2026-06-15
40588,8.0,2026-06-15
755,7.0,2026-06-15
2854,6.0,2026-06-15
61940,8.0,2026-06-15
68929,9.0,2026-06-15
7812,7.0,2026-06-15
23948,7.0,2026-06-15
49616,6.0,2026-06-15
18346,8.0,2026-06-15
66841,8.0,2026-06-15
539,6.0,2026-06-15
6838,8.0,2026-06-15
62855,7.0,2026-06-15
1370,8.0,2026-06-15
53631,9.0,2026-06-15
31038,8.0,2026-06-15
74490,9.0,2026-06-15
68896,6.0,2026-06-15
602,6.0,2026-06-15
21620,10.0,2026-06-15
71302,7.0,2026-06-15
6488,8.0,2026-06-15
51026,6.0,2026-06-15
70802,6.0,2026-06-15
14694,8.0,2026-06-15
18572,8.0,2026-06-15
71426,8.0,2026-06-15
23828,7.0,2026-06-15
11185,8.0,2026-06-15
32920,9.0,2026-06-15
36423,6.0,2026-06-15
13494,9.0,2026-06-15
13373,10.0,2026-06-15
22756,10.0,2026-06-15
4972,3.0,2026-06-15
3419,6.0,2026-06-15
52706,10.0,2026-06-15
20898,6.0,2026-06-15
6686,7.0,2026-06-15
1932,6.0,2026-06-15
49504,10.0,2026-06-15
8083,10.0,2026-06-15
16709,9.0,2026-06-15
53579,8.0,2026-06-15
40117,7.0,2026-06-15
19872,9.0,2026-06-15
44064,7.0,2026-06-15
1890,8.0,2026-06-15
73754,8.0,2026-06-15
29738,7.0,2026-06-15
46296,7.0,2026-06-15
41318,9.0,2026-06-15
30002,5.0,2026-06-15
817,6.0,2026-06-15
27279,8.0,2026-06-15
12586,9.0,2026-06-15
69262,9.0,2026-06-15
28884,7.0,2026-06-15
61212,7.0,2026-06-15
54485,7.0,2026-06-15
15415,10.0,2026-06-15
63291,9.0,2026-06-15
63273,9.0,2026-06-15
24444,8.0,2026-06-15
51272,7.0,2026-06-15
23506,8.0,2026-06-15
42009,8.0,2026-06-15
56316,9.0,2026-06-15
22581,7.0,2026-06-15
79315,6.0,2026-06-15
3361,10.0,2026-06-15
17898,7.0,2026-06-15
26296,8.0,2026-06-15
75420,8.0,2026-06-15
55936,7.0,2026-06-15
18884,8.0,2026-06-15
61355,7.0,2026-06-15
30595,7.0,2026-06-15
20881,9.0,2026-06-15
79251,7.0,2026-06-15
57248,9.0,2026-06-15
11036,9.0,2026-06-15
78079,9.0,2026-06-15
75520,9.0,2026-06-15
6973,9.0,2026-06-15
4666,7.0,2026-06-15
2287,8.0,2026-06-15
39866,8.0,2026-06-15
63632,8.0,2026-06-15
68853,8.0,2026-06-15
23600,8.0,2026-06-15
26719,6.0,2026-06-15
51938,9.0,2026-06-15
64266,9.0,2026-06-15
20607,6.0,2026-06-15
13315,9.0,2026-06-15
14809,7.0,2026-06-15
35754,10.0,2026-06-15
69951,5.0,2026-06-15
75236,8.0,2026-06-15
24980,4.0,2026-06-15
64970,5.0,2026-06-15
76945,9.0,2026-06-15
17141,8.0,2026-06-15
16385,8.0,2026-06-15
73040,9.0,2026-06-15
72554,7.0,2026-06-15
22470,8.0,2026-06-15
40393,7.0,2026-06-15
69194,10.0,2026-06-15
48924,9.0,2026-06-15
12978,6.0,2026-06-15
41029,9.0,2026-06-15
58794,5.0,2026-06-15
75492,8.0,2026-06-15
33536,7.0,2026-06-15
27444,6.0,2026-06-15
62457,8.0,2026-06-15
32187,7.0,2026-06-15
14127,5.0,2026-06-15
26706,9.0,2026-06-15
47065,10.0,2026-06-15
6647,5.0,2026-06-15
33188,7.0,2026-06-15
14235,8.0,2026-06-15
52599,7.0,2026-06-15
29374,7.0,2026-06-15
67567,6.0,2026-06-15
57459,8.0,2026-06-15
34189,6.0,2026-06-15
58914,8.0,2026-06-15
50469,6.0,2026-06-15
25115,6.0,2026-06-15
79474,8.0,2026-06-15
54620,7.0,2026-06-15
45357,8.0,2026-06-15
6449,8.0,2026-06-15
16811,5.0,2026-06-15
27584,5.0,2026-06-15
24617,8.0,2026-06-15
49632,8.0,2026-06-15
17100,8.0,2026-06-15
33225,8.0,2026-06-15
47344,10.0,2026-06-15
36455,6.0,2026-06-15
69878,8.0,2026-06-15
11775,6.0,2026-06-15
56842,8.0,2026-06-15
55324,7.0,2026-06-15
15294,10.0,2026-06-15
58468,9.0,2026-06-15
20748,7.0,2026-06-15
74483,9.0,2026-06-15
24035,7.0,2026-06-15
14331,6.0,2026-06-15
79640,7.0,2026-06-15
3028,6.0,2026-06-15
27861,7.0,2026-06-15
3903,7.0,2026-06-15
4134,9.0,2026-06-15
39385,10.0,2026-06-15
79262,6.0,2026-06-15
57188,7.0,2026-06-15
32566,4.0,2026-06-15
14484,8.0,2026-06-15
32563,5.0,2026-06-15
32233,6.0,2026-06-15
72044,7.0,2026-06-15
77745,5.0,2026-06-15
10970,8.0,2026-06-15
38733,6.0,2026-06-15
45203,7.0,2026-06-15
75402,7.0,2026-06-15
15780,6.0,2026-06-15
16228,10.0,2026-06-15
58932,10.0,2026-06-15
62255,7.0,2026-06-15
19497,9.0,2026-06-15
56860,8.0,2026-06-15
73259,7.0,2026-06-15
13499,7.0,2026-06-15
33534,7.0,2026-06-15
69219,8.0,2026-06-15
23482,7.0,2026-06-15
69100,7.0,2026-06-15
52600,7.0,2026-06-15
5789,6.0,2026-06-15
28310,7.0,2026-06-15
7418,6.0,2026-06-15
29084,7.0,2026-06-15
37704,8.0,2026-06-15
58600,7.0,2026-06-15
12105,6.0,2026-06-15
30559,10.0,2026-06-15
64267,8.0,2026-06-15
73449,10.0,2026-06-15
8543,6.0,2026-06-15
64237,7.0,2026-06-15
7389,7.0,2026-06-15
70088,5.0,2026-06-15
49262,10.0,2026-06-15
23244,6.0,2026-06-15
35857,9.0,2026-06-15
42320,6.0,2026-06-15
13442,9.0,2026-06-15
5930,8.0,2026-06-15
683,7.0,2026-06-15
42513,6.0,2026-06-15
38113,7.0,2026-06-15
51215,7.0,2026-06-15
40196,7.0,2026-06-15
15793,9.0,2026-06-15
27358,6.0,2026-06-15
65473,8.0,2026-06-15
53131,5.0,2026-06-15
3417,10.0,2026-06-15
50938,9.0,2026-06-15
29364,8.0,2026-06-15
60841,6.0,2026-06-15
53922,9.0,2026-06-15
32498,4.0,2026-06-15
23579,8.0,2026-06-15
55323,7.0,2026-06-15
56375,8.0,2026-06-15
59260,8.0,2026-06-15
72623,9.0,2026-06-15
16947,6.0,2026-06-15
54282,5.0,2026-06-15
22592,8.0,2026-06-15
60102,7.0,2026-06-15
74151,8.0,2026-06-15
77775,8.0,2026-06-15
8077,10.0,2026-06-15
24489,5.0,2026-06-15
50754,7.0,2026-06-15
59983,10.0,2026-06-15
30622,9.0,2026-06-15
52105,9.0,2026-06-15
70006,8.0,2026-06-15
60645,10.0,2026-06-15
39104,8.0,2026-06-15
73724,8.0,2026-06-15
51397,7.0,2026-06-15
39774,7.0,2026-06-15
35280,7.0,2026-06-15
38239,7.0,2026-06-15
32572,6.0,2026-06-15
66566,6.0,2026-06-15
6672,10.0,2026-06-15
68802,7.0,2026-06-15
46451,8.0,2026-06-15
57623,6.0,2026-06-15
51188,8.0,2026-06-15
62573,10.0,2026-06-15
41245,6.0,2026-06-15
24086,10.0,2026-06-15
46434,6.0,2026-06-15
25345,4.0,2026-06-15
59868,7.0,2026-06-15
39803,7.0,2026-06-15
36460,7.0,2026-06-15
51999,7.0,2026-06-15
43974,4.0,2026-06-15
43416,9.0,2026-06-15
64223,8.0,2026-06-15
42997,9.0,2026-06-15
1709,10.0,2026-06-15
12850,9.0,2026-06-15
45674,9.0,2026-06-15
26230,5.0,2026-06-15
12302,10.0,2026-06-15
15797,7.0,2026-06-15
2696,8.0,2026-06-15
61455,7.0,2026-06-15
66811,6.0,2026-06-15
2822,9.0,2026-06-15
18395,7.0,2026-06-15
48118,5.0,2026-06-15
73752,9.0,2026-06-15
17364,8.0,2026-06-15
35712,5.0,2026-06-15
17630,6.0,2026-06-15
740,7.0,2026-06-15
75207,10.0,2026-06-15
50330,6.0,2026-06-15
4853,6.0,2026-06-15
40216,7.0,2026-06-15
322,8.0,2026-06-15
68731,4.0,2026-06-15
66734,8.0,2026-06-15
40453,8.0,2026-06-15
78202,7.0,2026-06-15
2336,7.0,2026-06-15
29957,7.0,2026-06-15
52691,9.0,2026-06-15
36611,5.0,2026-06-15
59457,8.0,2026-06-15
9682,8.0,2026-06-15
63173,9.0,2026-06-15
30104,9.0,2026-06-15
30544,7.0,2026-06-15
6142,9.0,2026-06-15
64923,9.0,2026-06-15
51033,9.0,2026-06-15
50009,8.0,2026-06-15
25099,9.0,2026-06-15
3155,10.0,2026-06-15
56527,8.0,2026-06-15
62307,7.0,2026-06-15
76919,8.0,2026-06-15
22121,10.0,2026-06-15
7173,8.0,2026-06-15
37983,7.0,2026-06-15
23354,8.0,2026-06-15
14242,8.0,2026-06-15
78579,10.0,2026-06-15
11280,9.0,2026-06-15
47005,6.0,2026-06-15
20903,6.0,2026-06-15
23442,6.0,2026-06-15
39577,10.0,2026-06-15
15000,8.0,2026-06-15
74632,8.0,2026-06-15
9952,8.0,2026-06-15
24237,10.0,2026-06-15
10577,10.0,2026-06-15
39468,5.0,2026-06-15
13156,8.0,2026-06-15
38445,10.0,2026-06-15
37758,10.0,2026-06-15
34361,9.0,2026-06-15
5167,6.0,2026-06-15
51625,8.0,2026-06-15
479,6.0,2026-06-15
6134,7.0,2026-06-15
74672,8.0,2026-06-15
18650,6.0,2026-06-15
55330,8.0,2026-06-15
2758,10.0,2026-06-15
68985,8.0,2026-06-15
54439,7.0,2026-06-15
21429,8.0,2026-06-15
3900,7.0,2026-06-15
53863,8.0,2026-06-15
43960,8.0,2026-06-15
38978,8.0,2026-06-15
40885,8.0,2026-06-15
46583,6.0,2026-06-15
48321,5.0,2026-06-15
48765,9.0,2026-06-15
15256,9.0,2026-06-15
14210,8.0,2026-06-15
16210,6.0,2026-06-15
44880,8.0,2026-06-15
19990,8.0,2026-06-15
56828,6.0,2026-06-15
33666,8.0,2026-06-15
53181,8.0,2026-06-15
47424,9.0,2026-06-15
21507,9.0,2026-06-15
29640,6.0,2026-06-15
75117,10.0,2026-06-15
28744,9.0,2026-06-15
56930,8.0,2026-06-15
7520,8.0,2026-06-15
1943,9.0,2026-06-15
75160,10.0,2026-06-15
28929,8.0,2026-06-15
41996,8.0,2026-06-15
76590,9.0,2026-06-15
20652,8.0,2026-06-15
35737,9.0,2026-06-15
3536,6.0,2026-06-15
2209,6.0,2026-06-15
27795,8.0,2026-06-15
19668,5.0,2026-06-15
16703,8.0,2026-06-15
16529,7.0,2026-06-15
65997,8.0,2026-06-15
72480,9.0,2026-06-15
14789,10.0,2026-06-15
16527,8.0,2026-06-15
17429,7.0,2026-06-15
71105,6.0,2026-06-15
75778,8.0,2026-06-15
67781,9.0,2026-06-15
72417,4.0,2026-06-15
77312,8.0,2026-06-15
66984,8.0,2026-06-15
45742,10.0,2026-06-15
61579,8.0,2026-06-15
66279,9.0,2026-06-15
22181,7.0,2026-06-15
29245,5.0,2026-06-15
9217,7.0,2026-06-15
13227,4.0,2026-06-15
53496,7.0,2026-06-15
3412,5.0,2026-06-15
59977,8.0,2026-06-15
66910,9.0,2026-06-15
56486,7.0,2026-06-15
36230,9.0,2026-06-15
72045,7.0,2026-06-15
62285,9.0,2026-06-15
69628,9.0,2026-06-15
17695,8.0,2026-06-15
16105,8.0,2026-06-15
30035,7.0,2026-06-15
34391,9.0,2026-06-15
67457,8.0,2026-06-15
16064,8.0,2026-06-15
59847,6.0,2026-06-15
69902,10.0,2026-06-15
22399,9.0,2026-06-15
16128,6.0,2026-06-15
13918,9.0,2026-06-15
6217,7.0,2026-06-15
14260,8.0,2026-06-15
78471,8.0,2026-06-15
8872,8.0,2026-06-15
41714,9.0,2026-06-15
52437,10.0,2026-06-15
12607,9.0,2026-06-15
72639,8.0,2026-06-15
37435,7.0,2026-06-15
77468,7.0,2026-06-15
56475,6.0,2026-06-15
72361,8.0,2026-06-15
60730,10.0,2026-06-15
15438,8.0,2026-06-15
76369,8.0,2026-06-15
53186,7.0,2026-06-15
11855,5.0,2026-06-15
77508,7.0,2026-06-15
2913,9.0,2026-06-15
70013,6.0,2026-06-15
18777,6.0,2026-06-15
32346,8.0,2026-06-15
79678,7.0,2026-06-15
52832,7.0,2026-06-15
44631,8.0,2026-06-15
78451,6.0,2026-06-15
59493,8.0,2026-06-15
3822,8.0,2026-06-15
79895,7.0,2026-06-15
67242,6.0,2026-06-15
25384,9.0,2026-06-15
19971,10.0,2026-06-15
10861,6.0,2026-06-15
48250,9.0,2026-06-15
16132,7.0,2026-06-15
32400,6.0,2026-06-15
58213,7.0,2026-06-15
17384,6.0,2026-06-15
1546,5.0,2026-06-15
73391,8.0,2026-06-15
50543,6.0,2026-06-15
36619,10.0,2026-06-15
24986,6.0,2026-06-15
48404,8.0,2026-06-15
21152,6.0,2026-06-15
67050,8.0,2026-06-15
74765,7.0,2026-06-15
72967,8.0,2026-06-15
18070,8.0,2026-06-15
51177,8.0,2026-06-15
19747,9.0,2026-06-15
42802,8.0,2026-06-15
45044,10.0,2026-06-15
3568,5.0,2026-06-15
8848,7.0,2026-06-15
50751,7.0,2026-06-15
35627,10.0,2026-06-15
1761,8.0,2026-06-15
33113,6.0,2026-06-15
58817,10.0,2026-06-15
65475,4.0,2026-06-15
33831,9.0,2026-06-15
10653,7.0,2026-06-15
5960,7.0,2026-06-15
7646,9.0,2026-06-15
39730,7.0,2026-06-15
46423,9.0,2026-06-15
62951,9.0,2026-06-15
43684,7.0,2026-06-15
73595,9.0,2026-06-15
29857,9.0,2026-06-15
22205,8.0,2026-06-15
53428,8.0,2026-06-15
21322,6.0,2026-06-15
72536,10.0,2026-06-15
14018,5.0,2026-06-15
29824,5.0,2026-06-15
24497,8.0,2026-06-15
61477,5.0,2026-06-15
27980,9.0,2026-06-15
61774,9.0,2026-06-15
61349,9.0,2026-06-15
68430,8.0,2026-06-15
54119,7.0,2026-06-15
8144,10.0,2026-06-15
42883,8.0,2026-06-15
31525,7.0,2026-06-15
531,6.0,2026-06-15
42087,9.0,2026-06-15
77980,7.0,2026-06-15
32506,9.0,2026-06-15
16772,4.0,2026-06-15
13299,7.0,2026-06-15
21973,7.0,2026-06-15
71504,8.0,2026-06-15
69660,7.0,2026-06-15
28469,8.0,2026-06-15
45724,5.0,2026-06-15
75047,8.0,2026-06-15
70563,7.0,2026-06-15
20941,10.0,2026-06-15
18441,9.0,2026-06-15
74261,6.0,2026-06-15
50120,7.0,2026-06-15
44638,6.0,2026-06-15
69292,8.0,2026-06-15
12773,10.0,2026-06-15
6081,6.0,2026-06-15
36221,10.0,2026-06-15
33823,10.0,2026-06-15
15431,8.0,2026-06-15
63737,7.0,2026-06-15
69702,8.0,2026-06-15
42690,8.0,2026-06-15
943,7.0,2026-06-15
46247,6.0,2026-06-15
71286,9.0,2026-06-15
52927,9.0,2026-06-15
3983,9.0,2026-06-15
54443,6.0,2026-06-15
69108,10.0,2026-06-15
20845,9.0,2026-06-15
74174,8.0,2026-06-15
70152,7.0,2026-06-15
58499,6.0,2026-06-15
60374,6.0,2026-06-15
77263,7.0,2026-06-15
7203,8.0,2026-06-15
24046,6.0,2026-06-15
74540,6.0,2026-06-15
29708,10.0,2026-06-15
24309,9.0,2026-06-15
47113,9.0,2026-06-15
51687,6.0,2026-06-15
29813,7.0,2026-06-15
70755,9.0,2026-06-15
74454,7.0,2026-06-15
45078,5.0,2026-06-15
26918,7.0,2026-06-15
16149,8.0,2026-06-15
9917,9.0,2026-06-15
14591,7.0,2026-06-15
7351,8.0,2026-06-15
53720,5.0,2026-06-15
37072,7.0,2026-06-15
38124,6.0,2026-06-15
39850,8.0,2026-06-15
63460,10.0,2026-06-15
42108,9.0,2026-06-15
18304,10.0,2026-06-15
40821,8.0,2026-06-15
59111,7.0,2026-06-15
45421,8.0,2026-06-15
6271,6.0,2026-06-15
56673,9.0,2026-06-15
69415,7.0,2026-06-15
12575,5.0,2026-06-15
19682,7.0,2026-06-15
52132,8.0,2026-06-15
35347,7.0,2026-06-15
11031,9.0,2026-06-15
60802,10.0,2026-06-15
51350,8.0,2026-06-15
63304,9.0,2026-06-15
61634,9.0,2026-06-15
43937,8.0,2026-06-15
54316,6.0,2026-06-15
74911,4.0,2026-06-15
74403,7.0,2026-06-15
2836,10.0,2026-06-15
71188,6.0,2026-06-15
21999,8.0,2026-06-15
15810,7.0,2026-06-15
55923,8.0,2026-06-15
60668,10.0,2026-06-15
3870,9.0,2026-06-15
62915,7.0,2026-06-15
50640,8.0,2026-06-15
5122,8.0,2026-06-15
52787,6.0,2026-06-15
78206,9.0,2026-06-15
51519,9.0,2026-06-15
29168,6.0,2026-06-15
19994,4.0,2026-06-15
28257,8.0,2026-06-15
65800,6.0,2026-06-15
65514,8.0,2026-06-15
67568,7.0,2026-06-15
64208,8.0,2026-06-15
75180,6.0,2026-06-15
65387,7.0,2026-06-15
16435,8.0,2026-06-15
60813,6.0,2026-06-15
14365,7.0,2026-06-15
60838,9.0,2026-06-15
6502,8.0,2026-06-15
4527,9.0,2026-06-15
28601,9.0,2026-06-15
29818,9.0,2026-06-15
54450,9.0,2026-06-15
46845,8.0,2026-06-15
44954,7.0,2026-06-15
76324,7.0,2026-06-15
25232,8.0,2026-06-15
71975,10.0,2026-06-15
21419,8.0,2026-06-15
77631,7.0,2026-06-15
74984,8.0,2026-06-15
21291,8.0,2026-06-15
59506,6.0,2026-06-15
15019,7.0,2026-06-15
76519,8.0,2026-06-15
74875,10.0,2026-06-15
71823,8.0,2026-06-15
2132,8.0,2026-06-15
53512,9.0,2026-06-15
39588,7.0,2026-06-15
17727,10.0,2026-06-15
7010,8.0,2026-06-15
76765,7.0,2026-06-15
19758,10.0,2026-06-15
58375,8.0,2026-06-15
50476,7.0,2026-06-15
35103,6.0,2026-06-15
26382,8.0,2026-06-15
3222,10.0,2026-06-15
35319,8.0,2026-06-15
8049,7.0,2026-06-15
15733,8.0,2026-06-15
11095,8.0,2026-06-15
50206,8.0,2026-06-15
69890,9.0,2026-06-15
50834,8.0,2026-06-15
47051,10.0,2026-06-15
1216,8.0,2026-06-15
4519,7.0,2026-06-15
72968,10.0,2026-06-15
46385,7.0,2026-06-15
31777,7.0,2026-06-15
61594,9.0,2026-06-15
11909,6.0,2026-06-15
46426,9.0,2026-06-15
71406,10.0,2026-06-15
45678,8.0,2026-06-15
50273,7.0,2026-06-15
41809,8.0,2026-06-15
78973,8.0,2026-06-15
10008,7.0,2026-06-15
12741,7.0,2026-06-15
33371,9.0,2026-06-15
47967,8.0,2026-06-15
66043,6.0,2026-06-15
58986,7.0,2026-06-15
51439,10.0,2026-06-15
40912,6.0,2026-06-15
34407,10.0,2026-06-15
79852,8.0,2026-06-15
46920,8.0,2026-06-15
13368,5.0,2026-06-15
24949,7.0,2026-06-15
57405,8.0,2026-06-15
2499,7.0,2026-06-15
31670,6.0,2026-06-15
77072,9.0,2026-06-15
6003,8.0,2026-06-15
30935,9.0,2026-06-15
58155,10.0,2026-06-15
60335,8.0,2026-06-15
614,9.0,2026-06-15
65963,10.0,2026-06-15
44852,9.0,2026-06-15
64167,7.0,2026-06-15
77315,8.0,2026-06-15
53124,10.0,2026-06-15
1102,6.0,2026-06-15
58439,7.0,2026-06-15
37666,10.0,2026-06-15
78538,8.0,2026-06-15
11039,7.0,2026-06-15
67565,10.0,2026-06-15
73309,7.0,2026-06-15
69091,10.0,2026-06-15
59172,10.0,2026-06-15
36682,8.0,2026-06-15
27302,9.0,2026-06-15
36454,9.0,2026-06-15
47276,9.0,2026-06-15
26484,7.0,2026-06-15
34257,7.0,2026-06-15
17676,8.0,2026-06-15
77810,7.0,2026-06-15
37011,8.0,2026-06-15
43146,8.0,2026-06-15
62511,6.0,2026-06-15
10226,7.0,2026-06-15
12288,8.0,2026-06-15
54301,7.0,2026-06-15
36363,8.0,2026-06-15
47795,10.0,2026-06-15
48761,4.0,2026-06-15
21024,8.0,2026-06-15
16675,7.0,2026-06-15
59794,8.0,2026-06-15
35859,7.0,2026-06-15
47182,7.0,2026-06-15
52932,8.0,2026-06-15
73466,9.0,2026-06-15
15490,10.0,2026-06-15
69752,8.0,2026-06-15
30096,6.0,2026-06-15
14267,10.0,2026-06-15
46085,9.0,2026-06-15
30153,9.0,2026-06-15
18343,6.0,2026-06-15
69852,10.0,2026-06-15
76684,6.0,2026-06-15
60498,9.0,2026-06-15
13937,5.0,2026-06-15
389,9.0,2026-06-15
55125,10.0,2026-06-15
29832,9.0,2026-06-15
27256,8.0,2026-06-15
41984,6.0,2026-06-15
35553,8.0,2026-06-15
72127,9.0,2026-06-15
23678,8.0,2026-06-15
32403,6.0,2026-06-15
61660,9.0,2026-06-15
7371,7.0,2026-06-15
19032,10.0,2026-06-15
79705,7.0,2026-06-15
11905,10.0,2026-06-15
30960,9.0,2026-06-15
67632,7.0,2026-06-15
30971,6.0,2026-06-15
70892,6.0,2026-06-15
76079,7.0,2026-06-15
17205,6.0,2026-06-15
8053,7.0,2026-06-15
11845,6.0,2026-06-15
78416,7.0,2026-06-15
34747,9.0,2026-06-15
31043,7.0,2026-06-15
38536,10.0,2026-06-15
68181,9.0,2026-06-15
739,6.0,2026-06-15
65012,7.0,2026-06-15
42336,8.0,2026-06-15
36281,5.0,2026-06-15
25258,8.0,2026-06-15
24166,9.0,2026-06-15
54472,10.0,2026-06-15
6680,10.0,2026-06-15
69303,10.0,2026-06-15
3133,6.0,2026-06-15
69556,6.0,2026-06-15
50627,7.0,2026-06-15
26646,10.0,2026-06-15
1781,6.0,2026-06-15
70444,6.0,2026-06-15
36680,8.0,2026-06-15
46365,8.0,2026-06-15
26354,7.0,2026-06-15
34465,10.0,2026-06-15
22625,8.0,2026-06-15
15363,7.0,2026-06-15
62070,7.0,2026-06-15
53565,9.0,2026-06-15
52812,6.0,2026-06-15
53057,7.0,2026-06-15
11876,8.0,2026-06-15
66624,6.0,2026-06-15
72165,8.0,2026-06-15
13481,7.0,2026-06-15
41495,8.0,2026-06-15
73634,9.0,2026-06-15
69155,6.0,2026-06-15
33479,6.0,2026-06-15
6741,7.0,2026-06-15
37921,9.0,2026-06-15
64978,7.0,2026-06-15
79025,8.0,2026-06-15
8241,7.0,2026-06-15
52764,9.0,2026-06-15
1032,7.0,2026-06-15
21207,6.0,2026-06-15
929,8.0,2026-06-15
58913,3.0,2026-06-15
27191,7.0,2026-06-15
67058,7.0,2026-06-15
63550,7.0,2026-06-15
44902,9.0,2026-06-15
63985,10.0,2026-06-15
23630,10.0,2026-06-15
15695,9.0,2026-06-15
10782,5.0,2026-06-15
48701,6.0,2026-06-15
75701,5.0,2026-06-15
26055,10.0,2026-06-15
16907,4.0,2026-06-15
43898,8.0,2026-06-15
63687,7.0,2026-06-15
38997,7.0,2026-06-15
35011,8.0,2026-06-15
30981,5.0,2026-06-15
71636,8.0,2026-06-15
2927,9.0,2026-06-15
11788,10.0,2026-06-15
5811,9.0,2026-06-15
9624,7.0,2026-06-15
33292,7.0,2026-06-15
26978,7.0,2026-06-15
73761,8.0,2026-06-15
5271,5.0,2026-06-15
8766,9.0,2026-06-15
38226,10.0,2026-06-15
516,10.0,2026-06-15
3326,7.0,2026-06-15
25107,9.0,2026-06-15
11379,6.0,2026-06-15
45817,7.0,2026-06-15
18731,8.0,2026-06-15
52062,10.0,2026-06-15
18459,10.0,2026-06-15
42576,5.0,2026-06-15
3907,6.0,2026-06-15
73480,9.0,2026-06-15
40964,7.0,2026-06-15
7224,9.0,2026-06-15
11771,8.0,2026-06-15
17743,9.0,2026-06-15
12551,10.0,2026-06-15
3159,8.0,2026-06-15
48767,7.0,2026-06-15
48350,9.0,2026-06-15
47868,8.0,2026-06-15
61637,10.0,2026-06-15
65482,9.0,2026-06-15
3334,9.0,2026-06-15
20789,7.0,2026-06-15
23626,7.0,2026-06-15
12348,9.0,2026-06-15
56442,9.0,2026-06-15
42591,9.0,2026-06-15
71661,9.0,2026-06-15
18640,5.0,2026-06-15
47685,9.0,2026-06-15
22795,5.0,2026-06-15
57855,7.0,2026-06-15
60373,8.0,2026-06-15
58813,9.0,2026-06-15
79252,5.0,2026-06-15
72725,8.0,2026-06-15
54938,7.0,2026-06-15
21644,8.0,2026-06-15
6297,7.0,2026-06-15
38598,8.0,2026-06-15
62337,8.0,2026-06-15
11051,7.0,2026-06-15
33851,10.0,2026-06-15
3605,6.0,2026-06-15
6710,9.0,2026-06-15
47539,9.0,2026-06-15
64987,6.0,2026-06-15
34661,8.0,2026-06-15
4943,7.0,2026-06-15
35098,8.0,2026-06-15
44701,6.0,2026-06-15
55836,7.0,2026-06-15
64780,7.0,2026-06-15
42600,9.0,2026-06-15
73881,7.0,2026-06-15
78036,7.0,2026-06-15
32762,8.0,2026-06-15
12523,9.0,2026-06-15
1689,7.0,2026-06-15
50256,8.0,2026-06-15
9104,8.0,2026-06-15
15776,3.0,2026-06-15
71991,10.0,2026-06-15
41953,8.0,2026-06-15
15508,8.0,2026-06-15
34006,6.0,2026-06-15
27779,8.0,2026-06-15
79486,8.0,2026-06-15
64276,5.0,2026-06-15
15798,8.0,2026-06-15
26039,7.0,2026-06-15
6786,7.0,2026-06-15
75149,6.0,2026-06-15
55982,8.0,2026-06-15
79159,6.0,2026-06-15
64170,9.0,2026-06-15
33940,9.0,2026-06-15
61799,6.0,2026-06-15
67664,10.0,2026-06-15
10912,7.0,2026-06-15
7906,6.0,2026-06-15
71072,10.0,2026-06-15
35885,9.0,2026-06-15
3923,8.0,2026-06-15
34741,9.0,2026-06-15
21123,6.0,2026-06-15
7674,7.0,2026-06-15
66317,10.0,2026-06-15
39186,7.0,2026-06-15
36967,8.0,2026-06-15
14498,9.0,2026-06-15
25579,8.0,2026-06-15
51898,6.0,2026-06-15
24822,7.0,2026-06-15
68404,8.0,2026-06-15
176,7.0,2026-06-15
45152,6.0,2026-06-15
47083,8.0,2026-06-15
58432,9.0,2026-06-15
31600,7.0,2026-06-15
56006,9.0,2026-06-15
49381,6.0,2026-06-15
5187,7.0,2026-06-15
70199,7.0,2026-06-15
73139,10.0,2026-06-15
21883,8.0,2026-06-15
15513,7.0,2026-06-15
62237,8.0,2026-06-15
8345,8.0,2026-06-15
23078,7.0,2026-06-15
38328,9.0,2026-06-15
7408,9.0,2026-06-15
34994,9.0,2026-06-15
49995,6.0,2026-06-15
46071,6.0,2026-06-15
68347,7.0,2026-06-15
70270,9.0,2026-06-15
38301,8.0,2026-06-15
52392,8.0,2026-06-15
72129,8.0,2026-06-15
13271,6.0,2026-06-15
30723,10.0,2026-06-15
49205,10.0,2026-06-15
63152,9.0,2026-06-15
58235,8.0,2026-06-15
34010,6.0,2026-06-15
29540,10.0,2026-06-15
37082,7.0,2026-06-15
14019,9.0,2026-06-15
49483,6.0,2026-06-15
15537,8.0,2026-06-15
22257,10.0,2026-06-15
66093,9.0,2026-06-15
61965,8.0,2026-06-15
57850,8.0,2026-06-15
76137,8.0,2026-06-15
56329,5.0,2026-06-15
22132,7.0,2026-06-15
39482,10.0,2026-06-15
76597,7.0,2026-06-15
47385,8.0,2026-06-15
49875,9.0,2026-06-15
23437,8.0,2026-06-15
60901,8.0,2026-06-15
43397,7.0,2026-06-15
34985,7.0,2026-06-15
77443,6.0,2026-06-15
71942,9.0,2026-06-15
58098,9.0,2026-06-15
50453,9.0,2026-06-15
42664,6.0,2026-06-15
49036,6.0,2026-06-15
59173,5.0,2026-06-15
51155,10.0,2026-06-15
21543,7.0,2026-06-15
24379,6.0,2026-06-15
6883,10.0,2026-06-15
64765,3.0,2026-06-15
22452,5.0,2026-06-15
18167,9.0,2026-06-15
25156,10.0,2026-06-15
44625,8.0,2026-06-15
4421,8.0,2026-06-15
19884,9.0,2026-06-15
26955,9.0,2026-06-15
71863,8.0,2026-06-15
49651,9.0,2026-06-15
34120,5.0,2026-06-15
45167,7.0,2026-06-15
56962,8.0,2026-06-15
24327,5.0,2026-06-15
26784,8.0,2026-06-15
46174,10.0,2026-06-15
5395,6.0,2026-06-15
7456,8.0,2026-06-15
8048,8.0,2026-06-15
44277,9.0,2026-06-15
40680,7.0,2026-06-15
64940,7.0,2026-06-15
69250,8.0,2026-06-15
63370,7.0,2026-06-15
6029,10.0,2026-06-15
12824,6.0,2026-06-15
32677,10.0,2026-06-15
2845,7.0,2026-06-15
21700,5.0,2026-06-15
17521,9.0,2026-06-15
12166,6.0,2026-06-15
15250,4.0,2026-06-15
69063,10.0,2026-06-15
12560,4.0,2026-06-15
74691,5.0,2026-06-15
43351,8.0,2026-06-15
57898,6.0,2026-06-15
72499,9.0,2026-06-15
1145,8.0,2026-06-15
19444,9.0,2026-06-15
62349,8.0,2026-06-15
69779,6.0,2026-06-15
26612,8.0,2026-06-15
53908,10.0,2026-06-15
31449,8.0,2026-06-15
20077,7.0,2026-06-15
64677,7.0,2026-06-15
61655,8.0,2026-06-15
20050,9.0,2026-06-15
13880,6.0,2026-06-15
65094,6.0,2026-06-15
20380,8.0,2026-06-15
44209,8.0,2026-06-15
52750,7.0,2026-06-15
19345,10.0,2026-06-15
72552,9.0,2026-06-15
27510,7.0,2026-06-15
73160,9.0,2026-06-15
31001,10.0,2026-06-15
60592,7.0,2026-06-15
35316,8.0,2026-06-15
53214,7.0,2026-06-15
34886,7.0,2026-06-15
8405,10.0,2026-06-15
54771,5.0,2026-06-15
29871,7.0,2026-06-15
45131,7.0,2026-06-15
41876,7.0,2026-06-15
42389,7.0,2026-06-15
17323,7.0,2026-06-15
28059,8.0,2026-06-15
74735,10.0,2026-06-15
41103,8.0,2026-06-15
59907,8.0,2026-06-15
34681,8.0,2026-06-15
29499,9.0,2026-06-15
48154,7.0,2026-06-15
6439,9.0,2026-06-15
31643,10.0,2026-06-15
15737,8.0,2026-06-15
17444,7.0,2026-06-15
73901,7.0,2026-06-15
62116,7.0,2026-06-15
78265,8.0,2026-06-15
41500,9.0,2026-06-15
37919,8.0,2026-06-15
45647,10.0,2026-06-15
16437,8.0,2026-06-15
66074,8.0,2026-06-15
38261,6.0,2026-06-15
3376,8.0,2026-06-15
31145,5.0,2026-06-15
16329,9.0,2026-06-15
76318,6.0,2026-06-15
71872,7.0,2026-06-15
77097,7.0,2026-06-15
43024,9.0,2026-06-15
50040,7.0,2026-06-15
61462,7.0,2026-06-15
14100,9.0,2026-06-15
22602,7.0,2026-06-15
77261,9.0,2026-06-15
29784,8.0,2026-06-15
60646,8.0,2026-06-15
47068,7.0,2026-06-15
31198,9.0,2026-06-15
50075,5.0,2026-06-15
20596,8.0,2026-06-15
61482,6.0,2026-06-15
24957,7.0,2026-06-15
358,9.0,2026-06-15
29189,6.0,2026-06-15
79872,10.0,2026-06-15
5608,9.0,2026-06-15
43091,7.0,2026-06-15
71312,9.0,2026-06-15
33500,9.0,2026-06-15
79504,8.0,2026-06-15
7928,9.0,2026-06-15
75970,8.0,2026-06-15
72917,10.0,2026-06-15
67384,8.0,2026-06-15
57755,8.0,2026-06-15
2218,10.0,2026-06-15
17352,6.0,2026-06-15
31088,6.0,2026-06-15
13753,8.0,2026-06-15
27192,8.0,2026-06-15
50655,8.0,2026-06-15
35514,8.0,2026-06-15
26129,10.0,2026-06-15
35079,3.0,2026-06-15
20946,5.0,2026-06-15
39999,5.0,2026-06-15
22760,10.0,2026-06-15
40449,6.0,2026-06-15
71926,6.0,2026-06-15
33176,10.0,2026-06-15
30211,9.0,2026-06-15
18776,6.0,2026-06-15
21763,8.0,2026-06-15
79356,8.0,2026-06-15
51407,6.0,2026-06-15
5972,9.0,2026-06-15
59770,9.0,2026-06-15
29689,7.0,2026-06-15
61074,8.0,2026-06-15
64382,8.0,2026-06-15
33651,5.0,2026-06-15
9955,8.0,2026-06-15
53899,5.0,2026-06-15
4647,6.0,2026-06-15
65441,7.0,2026-06-15
58011,10.0,2026-06-15
30290,10.0,2026-06-15
14923,7.0,2026-06-15
14133,9.0,2026-06-15
74946,7.0,2026-06-15
24870,5.0,2026-06-15
41478,5.0,2026-06-15
41899,8.0,2026-06-15
31483,8.0,2026-06-15
20629,7.0,2026-06-15
52707,9.0,2026-06-15
77512,8.0,2026-06-15
36918,7.0,2026-06-15
66641,7.0,2026-06-15
48436,8.0,2026-06-15
75996,6.0,2026-06-15
50683,8.0,2026-06-15
20654,9.0,2026-06-15
22379,5.0,2026-06-15
75668,7.0,2026-06-15
50391,8.0,2026-06-15
63339,6.0,2026-06-15
24421,8.0,2026-06-15
22414,8.0,2026-06-15
66115,10.0,2026-06-15
32396,6.0,2026-06-15
68230,7.0,2026-06-15
41629,7.0,2026-06-15
52102,6.0,2026-06-15
33595,7.0,2026-06-15
72256,8.0,2026-06-15
992,9.0,2026-06-15
38140,7.0,2026-06-15
47505,7.0,2026-06-15
56501,5.0,2026-06-15
16431,9.0,2026-06-15
36757,9.0,2026-06-15
64493,9.0,2026-06-15
24161,6.0,2026-06-15
61756,6.0,2026-06-15
17204,9.0,2026-06-15
10278,6.0,2026-06-15
42785,10.0,2026-06-15
56666,7.0,2026-06-15
19258,7.0,2026-06-15
372,8.0,2026-06-15
9395,4.0,2026-06-15
41935,9.0,2026-06-15
45777,8.0,2026-06-15
35940,7.0,2026-06-15
50535,8.0,2026-06-15
10302,9.0,2026-06-15
28996,5.0,2026-06-15
36687,8.0,2026-06-15
15501,4.0,2026-06-15
37064,7.0,2026-06-15
40290,9.0,2026-06-15
51753,9.0,2026-06-15
13487,8.0,2026-06-15
56832,8.0,2026-06-15
7161,7.0,2026-06-15
10094,6.0,2026-06-15
33220,7.0,2026-06-15
71905,9.0,2026-06-15
78704,7.0,2026-06-15
5759,9.0,2026-06-15
71948,8.0,2026-06-15
67359,6.0,2026-06-15
5034,8.0,2026-06-15
20369,7.0,2026-06-15
17144,7.0,2026-06-15
24849,9.0,2026-06-15
36602,8.0,2026-06-15
7892,8.0,2026-06-15
77585,8.0,2026-06-15
31404,6.0,2026-06-15
66568,7.0,2026-06-15
64200,6.0,2026-06-15
3124,9.0,2026-06-15
71061,7.0,2026-06-15
2272,6.0,2026-06-15
63974,9.0,2026-06-15
12010,7.0,2026-06-15
24844,9.0,2026-06-15
53545,8.0,2026-06-15
33133,10.0,2026-06-15
7888,8.0,2026-06-15
27490,7.0,2026-06-15
39336,7.0,2026-06-15
76345,10.0,2026-06-15
60184,8.0,2026-06-15
11324,7.0,2026-06-15
72542,7.0,2026-06-15
64309,5.0,2026-06-15
28019,7.0,2026-06-15
39587,5.0,2026-06-15
28330,8.0,2026-06-15
61402,8.0,2026-06-15
66196,5.0,2026-06-15
77928,9.0,2026-06-15
31070,8.0,2026-06-15
55447,7.0,2026-06-15
12130,7.0,2026-06-15
77712,5.0,2026-06-15
28306,9.0,2026-06-15
7568,7.0,2026-06-15
77021,8.0,2026-06-15
70207,9.0,2026-06-15
12312,10.0,2026-06-15
61518,6.0,2026-06-15
43413,8.0,2026-06-15
38052,6.0,2026-06-15
70936,7.0,2026-06-15
29068,9.0,2026-06-15
51309,10.0,2026-06-15
30783,7.0,2026-06-15
72178,10.0,2026-06-15
60654,7.0,2026-06-15
45105,9.0,2026-06-15
235,8.0,2026-06-15
12933,9.0,2026-06-15
26764,5.0,2026-06-15
50403,9.0,2026-06-15
70622,9.0,2026-06-15
64135,8.0,2026-06-15
11639,7.0,2026-06-15
51230,8.0,2026-06-15
53652,6.0,2026-06-15
47040,8.0,2026-06-15
10810,9.0,2026-06-15
50523,8.0,2026-06-15
46988,7.0,2026-06-15
55605,7.0,2026-06-15
10379,8.0,2026-06-15
26481,9.0,2026-06-15
26903,7.0,2026-06-15
58964,10.0,2026-06-15
76383,10.0,2026-06-15
19530,8.0,2026-06-15
16382,6.0,2026-06-15
72861,8.0,2026-06-15
7831,7.0,2026-06-15
12894,6.0,2026-06-15
70754,8.0,2026-06-15
4435,7.0,2026-06-15
6983,7.0,2026-06-15
61406,9.0,2026-06-15
21586,8.0,2026-06-15
11493,9.0,2026-06-15
21937,9.0,2026-06-15
20973,10.0,2026-06-15
31545,8.0,2026-06-15
55361,10.0,2026-06-15
55343,7.0,2026-06-15
63213,7.0,2026-06-15
68125,8.0,2026-06-15
58241,4.0,2026-06-15
14528,6.0,2026-06-15
8742,7.0,2026-06-15
62135,6.0,2026-06-15
75394,5.0,2026-06-15
65858,8.0,2026-06-15
25191,8.0,2026-06-15
62124,7.0,2026-06-15
3706,8.0,2026-06-15
35101,9.0,2026-06-15
62886,9.0,2026-06-15
40043,8.0,2026-06-15
8882,7.0,2026-06-15
35676,6.0,2026-06-15
16952,6.0,2026-06-15
50791,8.0,2026-06-15
56136,4.0,2026-06-15
71232,7.0,2026-06-15
51457,7.0,2026-06-15
32660,5.0,2026-06-15
58650,7.0,2026-06-15
32819,7.0,2026-06-15
74744,6.0,2026-06-15
57532,7.0,2026-06-15
65483,9.0,2026-06-15
49645,8.0,2026-06-15
27493,8.0,2026-06-15
46744,8.0,2026-06-15
70167,6.0,2026-06-15
61139,9.0,2026-06-15
32992,6.0,2026-06-15
39682,8.0,2026-06-15
13334,8.0,2026-06-15
63728,8.0,2026-06-15
71851,8.0,2026-06-15
61267,6.0,2026-06-15
2769,8.0,2026-06-15
13286,7.0,2026-06-15
10271,6.0,2026-06-15
4098,7.0,2026-06-15
43287,7.0,2026-06-15
43167,6.0,2026-06-15
71168,8.0,2026-06-15
12411,7.0,2026-06-15
48782,7.0,2026-06-15
60316,7.0,2026-06-15
29412,4.0,2026-06-15
65142,10.0,2026-06-15
51352,10.0,2026-06-15
75327,8.0,2026-06-15
65319,9.0,2026-06-15
28834,6.0,2026-06-15
66951,7.0,2026-06-15
3512,9.0,2026-06-15
30866,7.0,2026-06-15
31076,7.0,2026-06-15
60924,9.0,2026-06-15
59674,8.0,2026-06-15
19465,7.0,2026-06-15
146,8.0,2026-06-15
65844,5.0,2026-06-15
8382,9.0,2026-06-15
2167,9.0,2026-06-15
48172,7.0,2026-06-15
31859,8.0,2026-06-15
44836,5.0,2026-06-15
38037,8.0,2026-06-15
31763,5.0,2026-06-15
74679,8.0,2026-06-15
41598,6.0,2026-06-15
29451,9.0,2026-06-15
4996,7.0,2026-06-15
58039,9.0,2026-06-15
65062,7.0,2026-06-15
4157,6.0,2026-06-15
54793,7.0,2026-06-15
72369,9.0,2026-06-15
77026,6.0,2026-06-15
27640,10.0,2026-06-15
46462,10.0,2026-06-15
70655,8.0,2026-06-15
59128,5.0,2026-06-15
33562,6.0,2026-06-15
57950,6.0,2026-06-15
40522,7.0,2026-06-15
16099,6.0,2026-06-15
6570,10.0,2026-06-15
16978,6.0,2026-06-15
48037,5.0,2026-06-15
70617,7.0,2026-06-15
70722,8.0,2026-06-15
52227,9.0,2026-06-15
53586,7.0,2026-06-15
17207,7.0,2026-06-15
6493,10.0,2026-06-15
25943,6.0,2026-06-15
13885,9.0,2026-06-15
57794,6.0,2026-06-15
73533,7.0,2026-06-15
24177,9.0,2026-06-15
62536,5.0,2026-06-15
65394,8.0,2026-06-15
23668,6.0,2026-06-15
60547,8.0,2026-06-15
33483,6.0,2026-06-15
63739,6.0,2026-06-15
64259,4.0,2026-06-15
10234,8.0,2026-06-15
38799,6.0,2026-06-15
14463,8.0,2026-06-15
1232,7.0,2026-06-15
78004,8.0,2026-06-15
65152,8.0,2026-06-15
24155,6.0,2026-06-15
66578,8.0,2026-06-15
77420,5.0,2026-06-15
59425,8.0,2026-06-15
5025,7.0,2026-06-15
53147,8.0,2026-06-15
45792,7.0,2026-06-15
41200,6.0,2026-06-15
77148,7.0,2026-06-15
71239,7.0,2026-06-15
12481,9.0,2026-06-15
59196,5.0,2026-06-15
48854,8.0,2026-06-15
41106,5.0,2026-06-15
38936,5.0,2026-06-15
36366,7.0,2026-06-15
32392,8.0,2026-06-15
60785,10.0,2026-06-15
36993,7.0,2026-06-15
55177,9.0,2026-06-15
78694,8.0,2026-06-15
8716,8.0,2026-06-15
75690,9.0,2026-06-15
31575,8.0,2026-06-15
38689,10.0,2026-06-15
12361,5.0,2026-06-15
58299,8.0,2026-06-15
2856,7.0,2026-06-15
6615,9.0,2026-06-15
8495,6.0,2026-06-15
12834,6.0,2026-06-15
77504,7.0,2026-06-15
45781,7.0,2026-06-15
5240,9.0,2026-06-15
57388,3.0,2026-06-15
49137,10.0,2026-06-15
33373,8.0,2026-06-15
12698,8.0,2026-06-15
9960,4.0,2026-06-15
47544,8.0,2026-06-15
61269,7.0,2026-06-15
10652,8.0,2026-06-15
54227,7.0,2026-06-15
2319,9.0,2026-06-15
47133,5.0,2026-06-15
49266,7.0,2026-06-15
37690,9.0,2026-06-15
13734,10.0,2026-06-15
17366,8.0,2026-06-15
31178,9.0,2026-06-15
53454,9.0,2026-06-15
19306,6.0,2026-06-15
30661,7.0,2026-06-15
54259,8.0,2026-06-15
72565,6.0,2026-06-15
69651,9.0,2026-06-15
41730,7.0,2026-06-15
19019,9.0,2026-06-15
59193,7.0,2026-06-15
55110,9.0,2026-06-15
37280,8.0,2026-06-15
161,8.0,2026-06-15
50613,8.0,2026-06-15
36869,9.0,2026-06-15
20279,9.0,2026-06-15
16153,9.0,2026-06-15
58898,7.0,2026-06-15
1460,8.0,2026-06-15
45658,10.0,2026-06-15
65087,10.0,2026-06-15
76430,9.0,2026-06-15
62898,6.0,2026-06-15
65867,10.0,2026-06-15
37324,6.0,2026-06-15
59760,8.0,2026-06-15
39305,8.0,2026-06-15
42768,7.0,2026-06-15
76701,9.0,2026-06-15
56969,7.0,2026-06-15
65150,8.0,2026-06-15
34634,7.0,2026-06-15
50440,6.0,2026-06-15
23842,9.0,2026-06-15
25254,6.0,2026-06-15
39508,9.0,2026-06-15
27359,5.0,2026-06-15
6514,9.0,2026-06-15
38029,7.0,2026-06-15
23591,10.0,2026-06-15
3303,8.0,2026-06-15
63928,7.0,2026-06-15
75244,8.0,2026-06-15
13657,9.0,2026-06-15
45538,9.0,2026-06-15
23496,8.0,2026-06-15
3874,7.0,2026-06-15
35772,10.0,2026-06-15
59212,9.0,2026-06-15
1751,6.0,2026-06-15
64616,8.0,2026-06-15
38369,7.0,2026-06-15
3379,8.0,2026-06-15
16819,9.0,2026-06-15
77370,8.0,2026-06-15
72919,6.0,2026-06-15
40218,6.0,2026-06-15
16227,7.0,2026-06-15
74074,10.0,2026-06-15
19228,8.0,2026-06-15
3448,10.0,2026-06-15
74747,7.0,2026-06-15
74055,7.0,2026-06-15
14066,7.0,2026-06-15
17787,8.0,2026-06-15
72244,9.0,2026-06-15
66065,9.0,2026-06-15
63766,8.0,2026-06-15
79219,7.0,2026-06-15
8261,7.0,2026-06-15
36057,8.0,2026-06-15
24085,10.0,2026-06-15
3463,9.0,2026-06-15
35209,7.0,2026-06-15
76515,9.0,2026-06-15
64549,9.0,2026-06-15
20223,8.0,2026-06-15
49407,9.0,2026-06-15
37550,9.0,2026-06-15
43767,6.0,2026-06-15
41399,5.0,2026-06-15
61922,10.0,2026-06-15
66711,9.0,2026-06-15
58493,10.0,2026-06-15
50134,10.0,2026-06-15
70984,6.0,2026-06-15
28992,7.0,2026-06-15
46007,8.0,2026-06-15
5493,8.0,2026-06-15
53510,7.0,2026-06-15
53434,10.0,2026-06-15
66426,8.0,2026-06-15
29215,9.0,2026-06-15
51579,8.0,2026-06-15
55821,9.0,2026-06-15
29770,7.0,2026-06-15
70838,8.0,2026-06-15
65590,10.0,2026-06-15
22393,10.0,2026-06-15
14612,7.0,2026-06-15
77042,6.0,2026-06-15
27487,8.0,2026-06-15
63868,9.0,2026-06-15
41658,9.0,2026-06-15
51136,9.0,2026-06-15
19656,8.0,2026-06-15
44446,10.0,2026-06-15
74168,6.0,2026-06-15
37433,7.0,2026-06-15
40897,7.0,2026-06-15
12520,7.0,2026-06-15
57472,7.0,2026-06-15
36006,10.0,2026-06-15
263,6.0,2026-06-15
61213,7.0,2026-06-15
47653,6.0,2026-06-15
5973,9.0,2026-06-15
78975,7.0,2026-06-15
65047,7.0,2026-06-15
49948,10.0,2026-06-15
41931,7.0,2026-06-15
3725,7.0,2026-06-15
13532,8.0,2026-06-15
26689,10.0,2026-06-15
7301,8.0,2026-06-15
17315,6.0,2026-06-15
51433,6.0,2026-06-15
29282,6.0,2026-06-15
31972,5.0,2026-06-15
17777,5.0,2026-06-15
69664,6.0,2026-06-15
26428,8.0,2026-06-15
35776,4.0,2026-06-15
48519,7.0,2026-06-15
67224,9.0,2026-06-15
52950,7.0,2026-06-15
19965,7.0,2026-06-15
46246,10.0,2026-06-15
23381,6.0,2026-06-15
29184,6.0,2026-06-15
43826,7.0,2026-06-15
42716,9.0,2026-06-15
43123,8.0,2026-06-15
35301,7.0,2026-06-15
25535,6.0,2026-06-15
69976,5.0,2026-06-15
51093,8.0,2026-06-15
79335,5.0,2026-06-15
33928,8.0,2026-06-15
50778,5.0,2026-06-15
55106,6.0,2026-06-15
2432,8.0,2026-06-15
58720,8.0,2026-06-15
8272,6.0,2026-06-15
24611,8.0,2026-06-15
4143,8.0,2026-06-15
11188,5.0,2026-06-15
37972,8.0,2026-06-15
26817,4.0,2026-06-15
75564,10.0,2026-06-15
62401,7.0,2026-06-15
73576,8.0,2026-06-15
2586,5.0,2026-06-15
38423,8.0,2026-06-15
50170,8.0,2026-06-15
66290,8.0,2026-06-15
13416,5.0,2026-06-15
67690,9.0,2026-06-15
73129,6.0,2026-06-15
77607,9.0,2026-06-15
37125,9.0,2026-06-15
359,7.0,2026-06-15
31954,9.0,2026-06-15
27623,9.0,2026-06-15
16600,7.0,2026-06-15
4594,7.0,2026-06-15
72409,8.0,2026-06-15
68732,8.0,2026-06-15
26838,5.0,2026-06-15
16840,7.0,2026-06-15
54138,4.0,2026-06-15
44294,6.0,2026-06-15
31663,7.0,2026-06-15
20931,7.0,2026-06-15
72546,7.0,2026-06-15
4608,8.0,2026-06-15
6123,7.0,2026-06-15
50641,6.0,2026-06-15
49811,7.0,2026-06-15
23203,10.0,2026-06-15
58136,8.0,2026-06-15
21582,9.0,2026-06-15
72515,9.0,2026-06-15
24791,6.0,2026-06-15
40972,7.0,2026-06-15
48983,6.0,2026-06-15
50328,10.0,2026-06-15
25325,7.0,2026-06-15
19719,8.0,2026-06-15
15075,8.0,2026-06-15
32730,5.0,2026-06-15
74439,7.0,2026-06-15
939,7.0,2026-06-15
24409,5.0,2026-06-15
62175,7.0,2026-06-15
64107,8.0,2026-06-15
50442,10.0,2026-06-15
57891,9.0,2026-06-15
24598,7.0,2026-06-15
7990,9.0,2026-06-15
49795,8.0,2026-06-15
18127,6.0,2026-06-15
51657,7.0,2026-06-15
49075,10.0,2026-06-15
44172,3.0,2026-06-15
64084,8.0,2026-06-15
28339,7.0,2026-06-15
30372,6.0,2026-06-15
62502,8.0,2026-06-15
24558,7.0,2026-06-15
63326,8.0,2026-06-15
17561,7.0,2026-06-15
20259,10.0,2026-06-15
4643,10.0,2026-06-15
18029,10.0,2026-06-15
64812,6.0,2026-06-15
44539,9.0,2026-06-15
44870,7.0,2026-06-15
60011,8.0,2026-06-15
64396,9.0,2026-06-15
43947,7.0,2026-06-15
28933,6.0,2026-06-15
68759,10.0,2026-06-15
33199,10.0,2026-06-15
74565,9.0,2026-06-15
58518,9.0,2026-06-15
79730,8.0,2026-06-15
49906,6.0,2026-06-15
37133,5.0,2026-06-15
20361,9.0,2026-06-15
7464,9.0,2026-06-15
4180,6.0,2026-06-15
2899,7.0,2026-06-15
72718,10.0,2026-06-15
18748,7.0,2026-06-15
25339,9.0,2026-06-15
78363,9.0,2026-06-15
19272,6.0,2026-06-15
33299,6.0,2026-06-15
57626,9.0,2026-06-15
63275,6.0,2026-06-15
69535,6.0,2026-06-15
62625,9.0,2026-06-15
52337,6.0,2026-06-15
30137,6.0,2026-06-15
19136,7.0,2026-06-15
39179,10.0,2026-06-15
409,7.0,2026-06-15
20933,7.0,2026-06-15
74273,7.0,2026-06-15
71560,7.0,2026-06-15
65743,6.0,2026-06-15
47207,9.0,2026-06-15
29906,8.0,2026-06-15
6113,7.0,2026-06-15
20094,7.0,2026-06-15
64421,8.0,2026-06-15
57411,7.0,2026-06-15
40961,6.0,2026-06-15
50601,10.0,2026-06-15
23627,9.0,2026-06-15
9334,6.0,2026-06-15
75437,9.0,2026-06-15
6941,5.0,2026-06-15
37404,8.0,2026-06-15
63654,7.0,2026-06-15
21336,8.0,2026-06-15
47314,8.0,2026-06-15
73070,6.0,2026-06-15
8040,7.0,2026-06-15
66928,9.0,2026-06-15
10185,9.0,2026-06-15
55663,7.0,2026-06-15
9998,7.0,2026-06-15
7219,9.0,2026-06-15
59748,8.0,2026-06-15
36331,8.0,2026-06-15
24269,8.0,2026-06-15
76013,7.0,2026-06-15
64338,5.0,2026-06-15
67639,8.0,2026-06-15
19128,9.0,2026-06-15
64618,6.0,2026-06-15
78462,9.0,2026-06-15
76172,7.0,2026-06-15
11387,5.0,2026-06-15
4569,10.0,2026-06-15
61553,7.0,2026-06-15
6642,6.0,2026-06-15
72896,8.0,2026-06-15
76195,9.0,2026-06-15
43355,7.0,2026-06-15
79712,8.0,2026-06-15
25092,6.0,2026-06-15
38906,8.0,2026-06-15
71159,5.0,2026-06-15
6649,6.0,2026-06-15
11332,6.0,2026-06-15
1782,5.0,2026-06-15
48760,7.0,2026-06-15
1769,6.0,2026-06-15
18788,9.0,2026-06-15
33239,7.0,2026-06-15
32007,9.0,2026-06-15
59953,8.0,2026-06-15
34802,6.0,2026-06-15
34284,9.0,2026-06-15
55384,4.0,2026-06-15
7280,10.0,2026-06-15
25083,6.0,2026-06-15
20673,8.0,2026-06-15
67884,7.0,2026-06-15
40232,6.0,2026-06-15
57484,10.0,2026-06-15
78706,8.0,2026-06-15
64562,5.0,2026-06-15
27323,8.0,2026-06-15
77064,9.0,2026-06-15
34731,9.0,2026-06-15
65737,7.0,2026-06-15
46637,9.0,2026-06-15
72705,7.0,2026-06-15
12188,8.0,2026-06-15
33745,7.0,2026-06-15
65824,8.0,2026-06-15
7476,7.0,2026-06-15
32796,8.0,2026-06-15
63541,8.0,2026-06-15
24743,9.0,2026-06-15
42747,5.0,2026-06-15
78693,6.0,2026-06-15
38625,9.0,2026-06-15
9103,5.0,2026-06-15
9725,9.0,2026-06-15
26053,7.0,2026-06-15
8294,8.0,2026-06-15
49434,10.0,2026-06-15
62668,6.0,2026-06-15
76237,7.0,2026-06-15
54318,7.0,2026-06-15
15994,6.0,2026-06-15
63672,7.0,2026-06-15
20928,9.0,2026-06-15
20323,6.0,2026-06-15
59176,8.0,2026-06-15
40889,6.0,2026-06-15
66024,7.0,2026-06-15
4725,9.0,2026-06-15
22002,7.0,2026-06-15
40691,8.0,2026-06-15
29253,10.0,2026-06-15
1013,9.0,2026-06-15
45591,8.0,2026-06-15
8017,5.0,2026-06-15
50399,6.0,2026-06-15
62179,8.0,2026-06-15
57702,6.0,2026-06-15
28630,7.0,2026-06-15
35569,9.0,2026-06-15
78749,5.0,2026-06-15
75683,7.0,2026-06-15
71705,9.0,2026-06-15
40996,7.0,2026-06-15
42128,7.0,2026-06-15
25125,8.0,2026-06-15
76674,8.0,2026-06-15
77603,10.0,2026-06-15
46531,10.0,2026-06-15
35027,10.0,2026-06-15
22450,6.0,2026-06-15
61575,7.0,2026-06-15
29855,5.0,2026-06-15
65083,10.0,2026-06-15
7510,8.0,2026-06-15
56400,4.0,2026-06-15
77123,7.0,2026-06-15
7074,8.0,2026-06-15
21282,7.0,2026-06-15
1957,10.0,2026-06-15
33489,8.0,2026-06-15
69462,7.0,2026-06-15
65805,8.0,2026-06-15
17567,10.0,2026-06-15
66822,7.0,2026-06-15
38086,9.0,2026-06-15
34764,7.0,2026-06-15
32618,6.0,2026-06-15
43887,8.0,2026-06-15
58612,10.0,2026-06-15
49390,8.0,2026-06-15
9634,7.0,2026-06-15
79013,9.0,2026-06-15
32463,7.0,2026-06-15
3647,9.0,2026-06-15
67652,7.0,2026-06-15
59642,4.0,2026-06-15
43588,6.0,2026-06-15
66713,6.0,2026-06-15
11940,9.0,2026-06-15
32132,4.0,2026-06-15
1657,9.0,2026-06-15
77657,6.0,2026-06-15
66335,8.0,2026-06-15
45056,8.0,2026-06-15
25687,6.0,2026-06-15
55325,8.0,2026-06-15
876,7.0,2026-06-15
1018,7.0,2026-06-15
4781,10.0,2026-06-15
24404,6.0,2026-06-15
78296,8.0,2026-06-15
25540,8.0,2026-06-15
46487,7.0,2026-06-15
31039,8.0,2026-06-15
69263,7.0,2026-06-15
46922,6.0,2026-06-15
40592,10.0,2026-06-15
6793,8.0,2026-06-15
59445,10.0,2026-06-15
37626,6.0,2026-06-15
75483,7.0,2026-06-15
7910,10.0,2026-06-15
51243,8.0,2026-06-15
63712,8.0,2026-06-15
34463,6.0,2026-06-15
40356,10.0,2026-06-15
23766,10.0,2026-06-15
6655,9.0,2026-06-15
30660,8.0,2026-06-15
62148,7.0,2026-06-15
20736,5.0,2026-06-15
58443,7.0,2026-06-15
51486,9.0,2026-06-15
44908,8.0,2026-06-15
11123,6.0,2026-06-15
68485,6.0,2026-06-15
17387,10.0,2026-06-15
12918,7.0,2026-06-15
26801,7.0,2026-06-15
35150,8.0,2026-06-15
35386,7.0,2026-06-15
44399,7.0,2026-06-15
73775,6.0,2026-06-15
55102,8.0,2026-06-15
29367,7.0,2026-06-15
13129,5.0,2026-06-15
43441,8.0,2026-06-15
42994,6.0,2026-06-15
54955,6.0,2026-06-15
75684,8.0,2026-06-15
36468,7.0,2026-06-15
43774,8.0,2026-06-15
53097,7.0,2026-06-15
1005,7.0,2026-06-15
66776,7.0,2026-06-15
23702,6.0,2026-06-15
56255,7.0,2026-06-15
37060,9.0,2026-06-15
61536,8.0,2026-06-15
35298,9.0,2026-06-15
60925,8.0,2026-06-15
54322,5.0,2026-06-15
13122,8.0,2026-06-15
65669,9.0,2026-06-15
32009,7.0,2026-06-15
37932,10.0,2026-06-15
44032,9.0,2026-06-15
75705,8.0,2026-06-15
7698,10.0,2026-06-15
65549,6.0,2026-06-15
12186,5.0,2026-06-15
30150,7.0,2026-06-15
22758,10.0,2026-06-15
40617,7.0,2026-06-15
55652,9.0,2026-06-15
24245,7.0,2026-06-15
37073,5.0,2026-06-15
62874,7.0,2026-06-15
17117,10.0,2026-06-15
39979,9.0,2026-06-15
9645,8.0,2026-06-15
21469,9.0,2026-06-15
65225,3.0,2026-06-15
23659,8.0,2026-06-15
50159,10.0,2026-06-15
56905,6.0,2026-06-15
29222,8.0,2026-06-15
22357,8.0,2026-06-15
23120,4.0,2026-06-15
50817,7.0,2026-06-15
46088,7.0,2026-06-15
13168,8.0,2026-06-15
48751,8.0,2026-06-15
45531,8.0,2026-06-15
76339,9.0,2026-06-15
26632,9.0,2026-06-15
7228,10.0,2026-06-15
72323,6.0,2026-06-15
30927,9.0,2026-06-15
69022,10.0,2026-06-15
56534,6.0,2026-06-15
35582,7.0,2026-06-15
3046,6.0,2026-06-15
54545,8.0,2026-06-15
22309,9.0,2026-06-15
78049,7.0,2026-06-15
79038,10.0,2026-06-15
37767,8.0,2026-06-15
20312,3.0,2026-06-15
61247,10.0,2026-06-15
46732,8.0,2026-06-15
29159,8.0,2026-06-15
30427,7.0,2026-06-15
70621,5.0,2026-06-15
53707,7.0,2026-06-15
31488,6.0,2026-06-15
68876,8.0,2026-06-15
79856,10.0,2026-06-15
75561,7.0,2026-06-15
22549,7.0,2026-06-15
10369,8.0,2026-06-15
43536,7.0,2026-06-15
65243,2.0,2026-06-15
56080,5.0,2026-06-15
69742,7.0,2026-06-15
15437,5.0,2026-06-15
15319,5.0,2026-06-15
24926,9.0,2026-06-15
21450,4.0,2026-06-15
30746,8.0,2026-06-15
12908,8.0,2026-06-15
77397,7.0,2026-06-15
15691,6.0,2026-06-15
3829,8.0,2026-06-15
19069,8.0,2026-06-15
35628,6.0,2026-06-15
43147,7.0,2026-06-15
42853,8.0,2026-06-15
1821,7.0,2026-06-15
57014,10.0,2026-06-15
22253,6.0,2026-06-15
29384,9.0,2026-06-15
55308,8.0,2026-06-15
78889,9.0,2026-06-15
16400,8.0,2026-06-15
77621,8.0,2026-06-15
21655,6.0,2026-06-15
19675,8.0,2026-06-15
51420,7.0,2026-06-15
63286,6.0,2026-06-15
9685,6.0,2026-06-15
19179,8.0,2026-06-15
21681,7.0,2026-06-15
69953,8.0,2026-06-15
9508,9.0,2026-06-15
59892,6.0,2026-06-15
69548,9.0,2026-06-15
35717,7.0,2026-06-15
37787,8.0,2026-06-15
79418,7.0,2026-06-15
37799,6.0,2026-06-15
42143,6.0,2026-06-15
24152,4.0,2026-06-15
25514,10.0,2026-06-15
61489,6.0,2026-06-15
73412,9.0,2026-06-15
58682,7.0,2026-06-15
10645,8.0,2026-06-15
756,5.0,2026-06-15
45375,9.0,2026-06-15
34497,8.0,2026-06-15
14697,8.0,2026-06-15
77858,6.0,2026-06-15
42423,7.0,2026-06-15
57952,9.0,2026-06-15
67270,9.0,2026-06-15
54758,8.0,2026-06-15
39534,9.0,2026-06-15
17113,8.0,2026-06-15
63487,9.0,2026-06-15
68165,9.0,2026-06-15
52571,10.0,2026-06-15
53363,5.0,2026-06-15
26414,8.0,2026-06-15
65489,8.0,2026-06-15
17725,6.0,2026-06-15
15281,5.0,2026-06-15
58236,10.0,2026-06-15
13348,9.0,2026-06-15
57765,5.0,2026-06-15
38961,7.0,2026-06-15
43131,6.0,2026-06-15
78468,7.0,2026-06-15
10241,7.0,2026-06-15
70539,7.0,2026-06-15
39291,9.0,2026-06-15
18961,10.0,2026-06-15
18393,7.0,2026-06-15
44492,7.0,2026-06-15
7493,6.0,2026-06-15
40978,9.0,2026-06-15
44224,5.0,2026-06-15
77564,7.0,2026-06-15
73872,8.0,2026-06-15
44225,7.0,2026-06-15
60139,9.0,2026-06-15
14940,8.0,2026-06-15
73341,7.0,2026-06-15
34406,6.0,2026-06-15
34735,7.0,2026-06-15
16944,8.0,2026-06-15
64526,8.0,2026-06-15
589,6.0,2026-06-15
23104,9.0,2026-06-15
18569,8.0,2026-06-15
22930,7.0,2026-06-15
23539,9.0,2026-06-15
64666,7.0,2026-06-15
16867,10.0,2026-06-15
52738,8.0,2026-06-15
14635,9.0,2026-06-15
48048,8.0,2026-06-15
51667,6.0,2026-06-15
78089,8.0,2026-06-15
34942,8.0,2026-06-15
20352,6.0,2026-06-15
48158,9.0,2026-06-15
53138,7.0,2026-06-15
63167,6.0,2026-06-15
22362,7.0,2026-06-15
28350,4.0,2026-06-15
28093,7.0,2026-06-15
75237,7.0,2026-06-15
66659,7.0,2026-06-15
69572,6.0,2026-06-15
75330,7.0,2026-06-15
53589,8.0,2026-06-15
6385,9.0,2026-06-15
26263,7.0,2026-06-15
58441,9.0,2026-06-15
3489,9.0,2026-06-15
67737,7.0,2026-06-15
56973,9.0,2026-06-15
3763,8.0,2026-06-15
31433,7.0,2026-06-15
21617,8.0,2026-06-15
31457,7.0,2026-06-15
10297,8.0,2026-06-15
63927,4.0,2026-06-15
43735,8.0,2026-06-15
67080,6.0,2026-06-15
36980,7.0,2026-06-15
13813,7.0,2026-06-15
18161,5.0,2026-06-15
76046,4.0,2026-06-15
9233,9.0,2026-06-15
19858,7.0,2026-06-15
16274,7.0,2026-06-15
53346,10.0,2026-06-15
19204,7.0,2026-06-15
33227,8.0,2026-06-15
77550,5.0,2026-06-15
28676,8.0,2026-06-15
7383,8.0,2026-06-15
46310,9.0,2026-06-15
33427,9.0,2026-06-15
15902,9.0,2026-06-15
55684,7.0,2026-06-15
57786,8.0,2026-06-15
14335,10.0,2026-06-15
65450,7.0,2026-06-15
4055,7.0,2026-06-15
21006,9.0,2026-06-15
46887,9.0,2026-06-15
606,7.0,2026-06-15
13721,7.0,2026-06-15
37173,7.0,2026-06-15
11527,9.0,2026-06-15
7618,9.0,2026-06-15
48470,10.0,2026-06-15
43069,8.0,2026-06-15
15004,8.0,2026-06-15
64091,6.0,2026-06-15
52258,8.0,2026-06-15
29130,6.0,2026-06-15
7348,7.0,2026-06-15
38274,6.0,2026-06-15
13848,5.0,2026-06-15
32080,5.0,2026-06-15
78290,6.0,2026-06-15
47122,9.0,2026-06-15
72405,8.0,2026-06-15
12384,8.0,2026-06-15
18446,9.0,2026-06-15
6553,10.0,2026-06-15
44123,7.0,2026-06-15
22216,7.0,2026-06-15
29627,5.0,2026-06-15
3922,7.0,2026-06-15
57644,10.0,2026-06-15
78962,8.0,2026-06-15
1233,9.0,2026-06-15
75979,9.0,2026-06-15
56079,8.0,2026-06-15
42618,8.0,2026-06-15
26995,10.0,2026-06-15
7013,6.0,2026-06-15
27331,7.0,2026-06-15
22270,6.0,2026-06-15
57960,5.0,2026-06-15
74144,8.0,2026-06-15
3165,8.0,2026-06-15
61874,7.0,2026-06-15
23807,7.0,2026-06-15
16284,8.0,2026-06-15
60157,8.0,2026-06-15
49029,6.0,2026-06-15
56745,6.0,2026-06-15
79727,7.0,2026-06-15
62374,6.0,2026-06-15
27817,9.0,2026-06-15
30454,8.0,2026-06-15
31615,6.0,2026-06-15
79062,10.0,2026-06-15
5368,8.0,2026-06-15
12998,8.0,2026-06-15
24495,8.0,2026-06-15
9082,5.0,2026-06-15
45260,7.0,2026-06-15
28410,7.0,2026-06-15
60624,8.0,2026-06-15
69973,10.0,2026-06-15
3363,7.0,2026-06-15
55707,9.0,2026-06-15
5833,10.0,2026-06-15
69496,8.0,2026-06-15
5602,7.0,2026-06-15
60276,7.0,2026-06-15
42055,7.0,2026-06-15
56403,5.0,2026-06-15
31658,6.0,2026-06-15
24178,10.0,2026-06-15
62038,8.0,2026-06-15
41077,7.0,2026-06-15
6531,6.0,2026-06-15
32313,9.0,2026-06-15
26104,9.0,2026-06-15
59000,9.0,2026-06-15
22910,4.0,2026-06-15
63608,10.0,2026-06-15
9129,8.0,2026-06-15
76783,9.0,2026-06-15
46549,7.0,2026-06-15
48173,10.0,2026-06-15
73487,9.0,2026-06-15
19552,9.0,2026-06-15
54352,6.0,2026-06-15
78910,7.0,2026-06-15
29482,6.0,2026-06-15
67460,7.0,2026-06-15
57865,8.0,2026-06-15
43983,7.0,2026-06-15
73215,7.0,2026-06-15
25747,6.0,2026-06-15
66927,7.0,2026-06-15
24466,8.0,2026-06-15
21554,7.0,2026-06-15
37454,6.0,2026-06-15
8833,8.0,2026-06-15
46521,8.0,2026-06-15
30451,5.0,2026-06-15
16451,8.0,2026-06-15
20487,9.0,2026-06-15
37520,8.0,2026-06-15
42805,7.0,2026-06-15
13576,6.0,2026-06-15
58307,5.0,2026-06-15
3500,5.0,2026-06-15
32155,8.0,2026-06-15
59800,5.0,2026-06-15
31335,8.0,2026-06-15
19684,8.0,2026-06-15
8980,7.0,2026-06-15
70110,7.0,2026-06-15
10364,6.0,2026-06-15
1455,7.0,2026-06-15
58020,7.0,2026-06-15
77275,10.0,2026-06-15
56797,10.0,2026-06-15
41416,9.0,2026-06-15
21273,10.0,2026-06-15
37466,7.0,2026-06-15
3690,5.0,2026-06-15
53168,8.0,2026-06-15
56620,5.0,2026-06-15
74120,7.0,2026-06-15
52552,7.0,2026-06-15
28473,8.0,2026-06-15
31197,7.0,2026-06-15
71867,10.0,2026-06-15
39921,6.0,2026-06-15
35976,8.0,2026-06-15
52452,7.0,2026-06-15
47817,4.0,2026-06-15
34619,7.0,2026-06-15
14353,7.0,2026-06-15
62968,7.0,2026-06-15
9390,7.0,2026-06-15
48733,8.0,2026-06-15
73471,6.0,2026-06-15
32562,8.0,2026-06-15
28755,8.0,2026-06-15
28618,9.0,2026-06-15
60638,10.0,2026-06-15
10777,7.0,2026-06-15
59869,7.0,2026-06-15
11281,8.0,2026-06-15
60968,9.0,2026-06-15
61609,8.0,2026-06-15
43812,8.0,2026-06-15
73568,5.0,2026-06-15
38238,8.0,2026-06-15
62988,7.0,2026-06-15
69536,9.0,2026-06-15
39456,6.0,2026-06-15
33752,7.0,2026-06-15
2516,7.0,2026-06-15
65438,7.0,2026-06-15
43671,9.0,2026-06-15
71528,7.0,2026-06-15
28348,9.0,2026-06-15
14753,9.0,2026-06-15
7923,10.0,2026-06-15
29033,8.0,2026-06-15
56758,5.0,2026-06-15
38139,9.0,2026-06-15
27545,5.0,2026-06-15
2399,6.0,2026-06-15
31934,8.0,2026-06-15
6027,8.0,2026-06-15
48054,7.0,2026-06-15
48086,8.0,2026-06-15
8858,10.0,2026-06-15
22292,7.0,2026-06-15
56549,4.0,2026-06-15
50263,7.0,2026-06-15
65883,7.0,2026-06-15
48281,8.0,2026-06-15
41052,6.0,2026-06-15
47252,5.0,2026-06-15
39605,8.0,2026-06-15
28810,7.0,2026-06-15
73369,8.0,2026-06-15
79099,8.0,2026-06-15
11447,8.0,2026-06-15
12269,3.0,2026-06-15
1039,7.0,2026-06-15
58239,6.0,2026-06-15
75648,10.0,2026-06-15
16894,8.0,2026-06-15
68397,8.0,2026-06-15
43818,7.0,2026-06-15
73773,6.0,2026-06-15
21927,6.0,2026-06-15
31965,7.0,2026-06-15
46130,9.0,2026-06-15
48781,7.0,2026-06-15
76555,10.0,2026-06-15
55055,8.0,2026-06-15
15919,8.0,2026-06-15
6454,7.0,2026-06-15
53384,8.0,2026-06-15
51185,10.0,2026-06-15
50252,7.0,2026-06-15
72884,7.0,2026-06-15
44781,10.0,2026-06-15
19518,7.0,2026-06-15
22769,10.0,2026-06-15
65884,8.0,2026-06-15
41382,8.0,2026-06-15
47859,8.0,2026-06-15
22369,9.0,2026-06-15
63565,8.0,2026-06-15
15427,8.0,2026-06-15
59513,9.0,2026-06-15
24416,7.0,2026-06-15
27934,6.0,2026-06-15
9804,7.0,2026-06-15
26757,6.0,2026-06-15
68014,10.0,2026-06-15
27120,7.0,2026-06-15
17192,8.0,2026-06-15
7061,8.0,2026-06-15
48976,9.0,2026-06-15
8295,7.0,2026-06-15
53120,8.0,2026-06-15
37768,8.0,2026-06-15
59422,10.0,2026-06-15
8796,10.0,2026-06-15
14223,5.0,2026-06-15
3901,5.0,2026-06-15
15634,10.0,2026-06-15
78978,7.0,2026-06-15
78689,9.0,2026-06-15
40716,6.0,2026-06-15
14469,8.0,2026-06-15
11831,7.0,2026-06-15
52642,9.0,2026-06-15
14883,7.0,2026-06-15
55956,7.0,2026-06-15
23406,4.0,2026-06-15
52827,9.0,2026-06-15
79110,8.0,2026-06-15
79657,7.0,2026-06-15
34378,7.0,2026-06-15
66198,8.0,2026-06-15
17060,8.0,2026-06-15
24789,8.0,2026-06-15
28925,6.0,2026-06-15
50950,7.0,2026-06-15
26818,6.0,2026-06-15
45290,8.0,2026-06-15
68365,6.0,2026-06-15
56735,8.0,2026-06-15
39434,8.0,2026-06-15
71461,7.0,2026-06-15
38987,7.0,2026-06-15
3272,8.0,2026-06-15
67239,7.0,2026-06-15
53309,9.0,2026-06-15
8988,8.0,2026-06-15
73888,5.0,2026-06-15
9298,9.0,2026-06-15
30692,10.0,2026-06-15
62828,8.0,2026-06-15
69621,8.0,2026-06-15
41874,8.0,2026-06-15
446,5.0,2026-06-15
15099,6.0,2026-06-15
2675,9.0,2026-06-15
51267,10.0,2026-06-15
25792,9.0,2026-06-15
62340,6.0,2026-06-15
48000,7.0,2026-06-15
13511,8.0,2026-06-15
44438,8.0,2026-06-15
40482,10.0,2026-06-15
38943,7.0,2026-06-15
70968,8.0,2026-06-15
50999,6.0,2026-06-15
64505,10.0,2026-06-15
10632,6.0,2026-06-15
43094,8.0,2026-06-15
27918,7.0,2026-06-15
15872,10.0,2026-06-15
28965,7.0,2026-06-15
63674,9.0,2026-06-15
8909,5.0,2026-06-15
76567,8.0,2026-06-15
49596,8.0,2026-06-15
19614,9.0,2026-06-15
411,6.0,2026-06-15
65323,8.0,2026-06-15
42456,9.0,2026-06-15
55597,8.0,2026-06-15
30919,9.0,2026-06-15
11921,6.0,2026-06-15
27846,7.0,2026-06-15
17247,7.0,2026-06-15
29800,6.0,2026-06-15
2054,10.0,2026-06-15
1923,9.0,2026-06-15
52118,8.0,2026-06-15
17693,9.0,2026-06-15
19726,8.0,2026-06-15
61854,7.0,2026-06-15
61588,7.0,2026-06-15
65573,9.0,2026-06-15
17458,8.0,2026-06-15
25194,7.0,2026-06-15
47593,9.0,2026-06-15
79572,7.0,2026-06-15
63698,8.0,2026-06-15
28284,9.0,2026-06-15
33723,9.0,2026-06-15
71904,9.0,2026-06-15
22489,8.0,2026-06-15
22159,7.0,2026-06-15
32185,9.0,2026-06-15
37,9.0,2026-06-15
2654,6.0,2026-06-15
25612,8.0,2026-06-15
43301,10.0,2026-06-15
46115,6.0,2026-06-15
74947,5.0,2026-06-15
13971,7.0,2026-06-15
20584,8.0,2026-06-15
74663,6.0,2026-06-15
50148,7.0,2026-06-15
26097,9.0,2026-06-15
2409,8.0,2026-06-15
30389,7.0,2026-06-15
8946,6.0,2026-06-15
67772,8.0,2026-06-15
66331,5.0,2026-06-15
13656,7.0,2026-06-15
41198,7.0,2026-06-15
12868,6.0,2026-06-15
12086,8.0,2026-06-15
69937,10.0,2026-06-15
68950,8.0,2026-06-15
58519,10.0,2026-06-15
7548,8.0,2026-06-15
11006,8.0,2026-06-15
73783,6.0,2026-06-15
64027,7.0,2026-06-15
66774,7.0,2026-06-15
27529,7.0,2026-06-15
7543,9.0,2026-06-15
40674,7.0,2026-06-15
6716,8.0,2026-06-15
13391,8.0,2026-06-15
24481,6.0,2026-06-15
38980,5.0,2026-06-15
74788,6.0,2026-06-15
40320,8.0,2026-06-15
15946,9.0,2026-06-15
22952,7.0,2026-06-15
51438,8.0,2026-06-15
33149,10.0,2026-06-15
72636,7.0,2026-06-15
32464,6.0,2026-06-15
37786,7.0,2026-06-15
45694,9.0,2026-06-15
55730,9.0,2026-06-15
72906,8.0,2026-06-15
12180,10.0,2026-06-15
74302,8.0,2026-06-15
18589,10.0,2026-06-15
16189,8.0,2026-06-15
50327,8.0,2026-06-15
70118,5.0,2026-06-15
20275,8.0,2026-06-15
70579,6.0,2026-06-15
65131,9.0,2026-06-15
13589,6.0,2026-06-15
28431,6.0,2026-06-15
277,8.0,2026-06-15
61582,10.0,2026-06-15
14679,5.0,2026-06-15
16777,8.0,2026-06-15
49404,8.0,2026-06-15
54099,7.0,2026-06-15
19180,8.0,2026-06-15
3752,7.0,2026-06-15
62966,10.0,2026-06-15
72209,9.0,2026-06-15
66484,10.0,2026-06-15
20411,7.0,2026-06-15
59010,7.0,2026-06-15
60866,8.0,2026-06-15
66449,5.0,2026-06-15
52488,8.0,2026-06-15
17256,5.0,2026-06-15
73222,8.0,2026-06-15
39983,8.0,2026-06-15
31519,5.0,2026-06-15
63211,7.0,2026-06-15
51778,9.0,2026-06-15
44798,6.0,2026-06-15
17165,7.0,2026-06-15
24180,8.0,2026-06-15
33722,8.0,2026-06-15
18290,8.0,2026-06-15
73017,7.0,2026-06-15
72784,8.0,2026-06-15
24535,4.0,2026-06-15
7605,10.0,2026-06-15
25832,6.0,2026-06-15
22989,6.0,2026-06-15
15647,8.0,2026-06-15
39686,6.0,2026-06-15
39707,10.0,2026-06-15
62844,7.0,2026-06-15
20466,8.0,2026-06-15
6583,6.0,2026-06-15
73474,9.0,2026-06-15
44364,8.0,2026-06-15
44751,8.0,2026-06-15
25466,7.0,2026-06-15
35283,9.0,2026-06-15
26240,7.0,2026-06-15
71831,8.0,2026-06-15
1036,8.0,2026-06-15
24963,5.0,2026-06-15
20758,6.0,2026-06-15
40542,8.0,2026-06-15
78358,7.0,2026-06-15
73887,6.0,2026-06-15
70177,9.0,2026-06-15
9367,7.0,2026-06-15
18957,6.0,2026-06-15
18398,10.0,2026-06-15
47254,9.0,2026-06-15
10703,4.0,2026-06-15
74253,7.0,2026-06-15
70401,7.0,2026-06-15
58605,10.0,2026-06-15
70599,7.0,2026-06-15
35119,6.0,2026-06-15
38547,7.0,2026-06-15
50409,5.0,2026-06-15
43478,7.0,2026-06-15
58860,9.0,2026-06-15
16432,7.0,2026-06-15
69353,8.0,2026-06-15
1798,9.0,2026-06-15
30625,8.0,2026-06-15
7808,7.0,2026-06-15
57147,7.0,2026-06-15
39870,8.0,2026-06-15
26411,6.0,2026-06-15
52306,7.0,2026-06-15
6234,8.0,2026-06-15
28127,8.0,2026-06-15
2892,10.0,2026-06-15
13915,8.0,2026-06-15
22653,9.0,2026-06-15
12828,5.0,2026-06-15
73475,8.0,2026-06-15
17180,6.0,2026-06-15
5615,8.0,2026-06-15
1603,6.0,2026-06-15
70999,9.0,2026-06-15
75791,9.0,2026-06-15
42597,9.0,2026-06-15
40418,7.0,2026-06-15
14098,6.0,2026-06-15
49120,10.0,2026-06-15
45441,8.0,2026-06-15
15526,7.0,2026-06-15
69290,9.0,2026-06-15
65998,6.0,2026-06-15
55417,9.0,2026-06-15
450,8.0,2026-06-15
79357,7.0,2026-06-15
61131,10.0,2026-06-15
28663,10.0,2026-06-15
20291,8.0,2026-06-15
35773,8.0,2026-06-15
20514,6.0,2026-06-15
29727,7.0,2026-06-15
23249,2.0,2026-06-15
60513,9.0,2026-06-15
67649,8.0,2026-06-15
20786,6.0,2026-06-15
79082,8.0,2026-06-15
68594,8.0,2026-06-15
41046,9.0,2026-06-15
47107,5.0,2026-06-15
202,6.0,2026-06-15
48711,7.0,2026-06-15
65576,7.0,2026-06-15
57582,8.0,2026-06-15
50883,6.0,2026-06-15
44744,7.0,2026-06-15
2781,8.0,2026-06-15
41417,7.0,2026-06-15
37505,6.0,2026-06-15
44413,9.0,2026-06-15
31359,5.0,2026-06-15
43472,10.0,2026-06-15
40276,5.0,2026-06-15
74804,6.0,2026-06-15
71210,9.0,2026-06-15
18620,7.0,2026-06-15
37744,9.0,2026-06-15
67705,10.0,2026-06-15
46773,6.0,2026-06-15
17953,8.0,2026-06-15
64045,10.0,2026-06-15
51864,7.0,2026-06-15
78632,6.0,2026-06-15
3434,5.0,2026-06-15
4730,6.0,2026-06-15
18617,6.0,2026-06-15
16193,7.0,2026-06-15
28937,7.0,2026-06-15
74808,8.0,2026-06-15
16100,7.0,2026-06-15
79633,5.0,2026-06-15
70011,8.0,2026-06-15
66019,6.0,2026-06-15
44969,6.0,2026-06-15
17952,9.0,2026-06-15
50444,8.0,2026-06-15
70002,8.0,2026-06-15
73230,7.0,2026-06-15
14532,10.0,2026-06-15
41944,4.0,2026-06-15
12140,10.0,2026-06-15
32850,9.0,2026-06-15
14135,6.0,2026-06-15
48725,5.0,2026-06-15
6249,10.0,2026-06-15
24713,8.0,2026-06-15
37002,5.0,2026-06-15
22727,9.0,2026-06-15
12477,9.0,2026-06-15
43315,7.0,2026-06-15
49498,9.0,2026-06-15
14691,7.0,2026-06-15
47177,8.0,2026-06-15
68478,8.0,2026-06-15
66803,9.0,2026-06-15
76005,9.0,2026-06-15
40492,5.0,2026-06-15
48732,5.0,2026-06-15
8348,7.0,2026-06-15
9434,9.0,2026-06-15
32689,9.0,2026-06-15
44613,8.0,2026-06-15
21768,6.0,2026-06-15
28524,8.0,2026-06-15
18584,4.0,2026-06-15
18984,8.0,2026-06-15
40331,9.0,2026-06-15
7993,10.0,2026-06-15
36716,8.0,2026-06-15
61747,10.0,2026-06-15
36486,7.0,2026-06-15
34151,10.0,2026-06-15
38047,8.0,2026-06-15
59621,9.0,2026-06-15
61993,7.0,2026-06-15
63691,10.0,2026-06-15
18267,7.0,2026-06-15
51967,7.0,2026-06-15
61148,7.0,2026-06-15
42256,5.0,2026-06-15
26765,8.0,2026-06-15
73763,9.0,2026-06-15
1636,8.0,2026-06-15
54140,10.0,2026-06-15
72433,8.0,2026-06-15
10747,8.0,2026-06-15
56478,9.0,2026-06-15
55570,7.0,2026-06-15
64663,7.0,2026-06-15
62914,9.0,2026-06-15
4234,9.0,2026-06-15
65855,9.0,2026-06-15
53849,7.0,2026-06-15
52593,8.0,2026-06-15
63178,10.0,2026-06-15
51731,6.0,2026-06-15
61328,6.0,2026-06-15
873,7.0,2026-06-15
45018,6.0,2026-06-15
34299,7.0,2026-06-15
43215,9.0,2026-06-15
58775,6.0,2026-06-15
45492,8.0,2026-06-15
271,5.0,2026-06-15
30654,7.0,2026-06-15
33272,8.0,2026-06-15
7871,9.0,2026-06-15
51606,8.0,2026-06-15
38931,8.0,2026-06-15
46378,7.0,2026-06-15
33103,9.0,2026-06-15
22529,6.0,2026-06-15
36334,10.0,2026-06-15
61908,7.0,2026-06-15
26855,7.0,2026-06-15
31718,6.0,2026-06-15
5526,6.0,2026-06-15
59682,8.0,2026-06-15
2277,6.0,2026-06-15
38338,9.0,2026-06-15
53130,8.0,2026-06-15
74347,6.0,2026-06-15
65958,6.0,2026-06-15
42583,8.0,2026-06-15
48897,9.0,2026-06-15
16760,8.0,2026-06-15
12206,6.0,2026-06-15
58485,8.0,2026-06-15
719,6.0,2026-06-15
76994,10.0,2026-06-15
36816,9.0,2026-06-15
13405,7.0,2026-06-15
44165,7.0,2026-06-15
55215,7.0,2026-06-15
62921,7.0,2026-06-15
63305,9.0,2026-06-15
14922,6.0,2026-06-15
41196,8.0,2026-06-15
17978,9.0,2026-06-15
64868,8.0,2026-06-15
53777,8.0,2026-06-15
12674,9.0,2026-06-15
51869,6.0,2026-06-15
47579,7.0,2026-06-15
56960,7.0,2026-06-15
78527,5.0,2026-06-15
53808,10.0,2026-06-15
4038,6.0,2026-06-15
51555,7.0,2026-06-15
33274,10.0,2026-06-15
65350,8.0,2026-06-15
795,6.0,2026-06-15
46991,7.0,2026-06-15
34487,7.0,2026-06-15
39383,7.0,2026-06-15
32495,10.0,2026-06-15
16151,6.0,2026-06-15
47582,8.0,2026-06-15
51892,9.0,2026-06-15
42504,8.0,2026-06-15
50963,10.0,2026-06-15
77966,7.0,2026-06-15
58996,7.0,2026-06-15
41657,7.0,2026-06-15
51955,7.0,2026-06-15
21556,7.0,2026-06-15
13711,9.0,2026-06-15
33631,7.0,2026-06-15
63638,10.0,2026-06-15
6222,8.0,2026-06-15
33954,8.0,2026-06-15
41067,10.0,2026-06-15
60270,7.0,2026-06-15
56801,7.0,2026-06-15
42334,9.0,2026-06-15
22677,8.0,2026-06-15
7202,6.0,2026-06-15
8600,6.0,2026-06-15
22562,9.0,2026-06-15
53544,9.0,2026-06-15
44816,7.0,2026-06-15
67847,7.0,2026-06-15
16048,7.0,2026-06-15
73522,10.0,2026-06-15
49142,10.0,2026-06-15
3456,8.0,2026-06-15
79925,5.0,2026-06-15
19163,9.0,2026-06-15
62020,9.0,2026-06-15
71931,8.0,2026-06-15
44038,8.0,2026-06-15
27752,8.0,2026-06-15
49774,9.0,2026-06-15
25981,7.0,2026-06-15
17412,10.0,2026-06-15
11498,8.0,2026-06-15
5920,9.0,2026-06-15
67729,6.0,2026-06-15
33311,8.0,2026-06-15
15540,9.0,2026-06-15
30542,5.0,2026-06-15
74045,10.0,2026-06-15
62456,7.0,2026-06-15
66345,7.0,2026-06-15
16263,7.0,2026-06-15
27949,7.0,2026-06-15
3854,6.0,2026-06-15
28964,9.0,2026-06-15
22318,7.0,2026-06-15
77811,10.0,2026-06-15
27452,6.0,2026-06-15
33776,4.0,2026-06-15
62273,9.0,2026-06-15
39123,8.0,2026-06-15
1274,5.0,2026-06-15
49603,7.0,2026-06-15
6903,7.0,2026-06-15
25388,6.0,2026-06-15
32523,8.0,2026-06-15
78043,8.0,2026-06-15
26750,8.0,2026-06-15
42911,9.0,2026-06-15
10158,7.0,2026-06-15
4364,8.0,2026-06-15
16389,5.0,2026-06-15
11369,6.0,2026-06-15
23500,9.0,2026-06-15
9517,7.0,2026-06-15
32341,9.0,2026-06-15
59796,8.0,2026-06-15
5180,7.0,2026-06-15
59601,8.0,2026-06-15
46571,9.0,2026-06-15
34142,6.0,2026-06-15
47698,7.0,2026-06-15
5394,9.0,2026-06-15
74140,9.0,2026-06-15
1217,8.0,2026-06-15
42663,9.0,2026-06-15
52280,6.0,2026-06-15
11811,9.0,2026-06-15
22938,6.0,2026-06-15
56553,8.0,2026-06-15
53914,7.0,2026-06-15
38576,7.0,2026-06-15
45564,10.0,2026-06-15
57923,7.0,2026-06-15
47229,9.0,2026-06-15
23488,8.0,2026-06-15
77109,8.0,2026-06-15
16466,5.0,2026-06-15
78993,6.0,2026-06-15
32706,8.0,2026-06-15
1997,8.0,2026-06-15
19112,6.0,2026-06-15
3543,6.0,2026-06-15
25871,10.0,2026-06-15
7631,6.0,2026-06-15
56964,7.0,2026-06-15
70377,9.0,2026-06-15
41403,7.0,2026-06-15
69132,7.0,2026-06-15
31270,7.0,2026-06-15
45279,7.0,2026-06-15
26982,7.0,2026-06-15
78303,8.0,2026-06-15
3232,7.0,2026-06-15
77441,7.0,2026-06-15
63336,10.0,2026-06-15
7287,9.0,2026-06-15
63890,8.0,2026-06-15
64600,6.0,2026-06-15
43744,7.0,2026-06-15
8463,7.0,2026-06-15
76276,8.0,2026-06-15
38204,8.0,2026-06-15
49038,8.0,2026-06-15
10542,8.0,2026-06-15
62131,9.0,2026-06-15
66116,8.0,2026-06-15
38267,6.0,2026-06-15
14416,8.0,2026-06-15
75439,7.0,2026-06-15
22706,8.0,2026-06-15
59054,7.0,2026-06-15
48027,9.0,2026-06-15
28751,6.0,2026-06-15
42526,8.0,2026-06-15
69666,7.0,2026-06-15
3661,8.0,2026-06-15
6842,8.0,2026-06-15
16933,9.0,2026-06-15
45088,8.0,2026-06-15
44291,8.0,2026-06-15
63056,6.0,2026-06-15
74681,6.0,2026-06-15
60288,4.0,2026-06-15
49979,8.0,2026-06-15
39624,6.0,2026-06-15
22079,6.0,2026-06-15
2340,10.0,2026-06-15
71126,5.0,2026-06-15
17629,8.0,2026-06-15
21733,9.0,2026-06-15
6087,7.0,2026-06-15
64278,7.0,2026-06-15
15289,8.0,2026-06-15
78771,5.0,2026-06-15
55639,9.0,2026-06-15
5332,7.0,2026-06-15
53294,10.0,2026-06-15
53162,10.0,2026-06-15
69722,9.0,2026-06-15
20299,8.0,2026-06-15
60995,5.0,2026-06-15
54906,6.0,2026-06-15
40981,8.0,2026-06-15
17094,7.0,2026-06-15
23663,8.0,2026-06-15
49674,10.0,2026-06-15
79112,7.0,2026-06-15
34022,10.0,2026-06-15
55275,8.0,2026-06-15
60467,9.0,2026-06-15
47467,8.0,2026-06-15
11278,10.0,2026-06-15
55756,7.0,2026-06-15
75662,9.0,2026-06-15
63788,8.0,2026-06-15
21598,9.0,2026-06-15
72385,8.0,2026-06-15
51647,7.0,2026-06-15
12181,6.0,2026-06-15
59665,6.0,2026-06-15
10998,7.0,2026-06-15
74332,8.0,2026-06-15
53699,8.0,2026-06-15
71973,8.0,2026-06-15
65784,7.0,2026-06-15
15189,9.0,2026-06-15
38074,8.0,2026-06-15
31303,10.0,2026-06-15
57125,8.0,2026-06-15
20346,8.0,2026-06-15
61319,5.0,2026-06-15
39840,9.0,2026-06-15
71187,7.0,2026-06-15
75262,10.0,2026-06-15
59344,5.0,2026-06-15
12510,7.0,2026-06-15
4504,10.0,2026-06-15
63499,10.0,2026-06-15
463,9.0,2026-06-15
71051,10.0,2026-06-15
44635,7.0,2026-06-15
11721,8.0,2026-06-15
59153,7.0,2026-06-15
70580,7.0,2026-06-15
16448,7.0,2026-06-15
48803,9.0,2026-06-15
60045,10.0,2026-06-15
21473,9.0,2026-06-15
57520,10.0,2026-06-15
16075,9.0,2026-06-15
7582,7.0,2026-06-15
37944,6.0,2026-06-15
58099,6.0,2026-06-15
29961,10.0,2026-06-15
72700,5.0,2026-06-15
57143,10.0,2026-06-15
49633,10.0,2026-06-15
10934,8.0,2026-06-15
4913,7.0,2026-06-15
52769,8.0,2026-06-15
77849,8.0,2026-06-15
73323,8.0,2026-06-15
56615,7.0,2026-06-15
51393,7.0,2026-06-15
19930,9.0,2026-06-15
19600,6.0,2026-06-15
9619,4.0,2026-06-15
14486,7.0,2026-06-15
72117,10.0,2026-06-15
9630,8.0,2026-06-15
45410,6.0,2026-06-15
79836,6.0,2026-06-15
33050,10.0,2026-06-15
75407,9.0,2026-06-15
23125,7.0,2026-06-15
59853,8.0,2026-06-15
47181,10.0,2026-06-15
22211,8.0,2026-06-15
30816,10.0,2026-06-15
21452,9.0,2026-06-15
2420,7.0,2026-06-15
55782,9.0,2026-06-15
26265,9.0,2026-06-15
68016,9.0,2026-06-15
58812,7.0,2026-06-15
43004,9.0,2026-06-15
1688,7.0,2026-06-15
53792,5.0,2026-06-15
13626,8.0,2026-06-15
63894,9.0,2026-06-15
4230,7.0,2026-06-15
73161,9.0,2026-06-15
79007,8.0,2026-06-15
60176,9.0,2026-06-15
6813,8.0,2026-06-15
70675,8.0,2026-06-15
45666,8.0,2026-06-15
62218,7.0,2026-06-15
21376,6.0,2026-06-15
50218,8.0,2026-06-15
60341,9.0,2026-06-15
50890,9.0,2026-06-15
51681,8.0,2026-06-15
16192,8.0,2026-06-15
22189,8.0,2026-06-15
7690,8.0,2026-06-15
58196,9.0,2026-06-15
52865,7.0,2026-06-15
35127,9.0,2026-06-15
32916,6.0,2026-06-15
43618,7.0,2026-06-15
71744,8.0,2026-06-15
44528,7.0,2026-06-15
50810,8.0,2026-06-15
50651,7.0,2026-06-15
885,6.0,2026-06-15
45264,8.0,2026-06-15
12557,7.0,2026-06-15
2639,8.0,2026-06-15
45387,8.0,2026-06-15
24913,6.0,2026-06-15
3373,7.0,2026-06-15
58889,10.0,2026-06-15
24964,5.0,2026-06-15
28215,8.0,2026-06-15
41135,9.0,2026-06-15
67606,8.0,2026-06-15
78254,7.0,2026-06-15
65159,8.0,2026-06-15
28148,7.0,2026-06-15
97,8.0,2026-06-15
56161,6.0,2026-06-15
29861,6.0,2026-06-15
67339,6.0,2026-06-15
6588,7.0,2026-06-15
55487,6.0,2026-06-15
62392,8.0,2026-06-15
47489,9.0,2026-06-15
61013,7.0,2026-06-15
38555,7.0,2026-06-15
72231,4.0,2026-06-15
42820,9.0,2026-06-15
68580,8.0,2026-06-15
10775,7.0,2026-06-15
20493,6.0,2026-06-15
41832,5.0,2026-06-15
59005,10.0,2026-06-15
53024,8.0,2026-06-15
63662,6.0,2026-06-15
39701,8.0,2026-06-15
13502,8.0,2026-06-15
48877,8.0,2026-06-15
74476,8.0,2026-06-15
44487,5.0,2026-06-15
27907,4.0,2026-06-15
4981,8.0,2026-06-15
79701,6.0,2026-06-15
52974,6.0,2026-06-15
21631,10.0,2026-06-15
29038,6.0,2026-06-15
57802,8.0,2026-06-15
75533,6.0,2026-06-15
71184,10.0,2026-06-15
54552,8.0,2026-06-15
74301,9.0,2026-06-15
39295,8.0,2026-06-15
55590,7.0,2026-06-15
25550,5.0,2026-06-15
30000,6.0,2026-06-15
30218,9.0,2026-06-15
77212,7.0,2026-06-15
10217,8.0,2026-06-15
19901,7.0,2026-06-15
11974,9.0,2026-06-15
35064,6.0,2026-06-15
35026,7.0,2026-06-15
33306,8.0,2026-06-15
17274,10.0,2026-06-15
553,9.0,2026-06-15
21880,7.0,2026-06-15
55235,9.0,2026-06-15
34745,6.0,2026-06-15
23472,8.0,2026-06-15
75945,7.0,2026-06-15
55747,8.0,2026-06-15
32935,7.0,2026-06-15
20850,10.0,2026-06-15
69819,10.0,2026-06-15
56572,10.0,2026-06-15
34659,7.0,2026-06-15
8246,10.0,2026-06-15
7822,8.0,2026-06-15
71676,5.0,2026-06-15
30511,8.0,2026-06-15
52909,10.0,2026-06-15
52328,9.0,2026-06-15
12895,8.0,2026-06-15
44435,5.0,2026-06-15
74853,8.0,2026-06-15
1214,5.0,2026-06-15
58083,7.0,2026-06-15
40329,7.0,2026-06-15
35949,10.0,2026-06-15
45890,5.0,2026-06-15
77079,7.0,2026-06-15
44599,9.0,2026-06-15
12677,5.0,2026-06-15
40681,7.0,2026-06-15
72053,10.0,2026-06-15
21682,8.0,2026-06-15
4532,6.0,2026-06-15
66628,8.0,2026-06-15
20293,7.0,2026-06-15
19925,10.0,2026-06-15
5787,7.0,2026-06-15
34736,8.0,2026-06-15
46843,10.0,2026-06-15
66622,9.0,2026-06-15
6329,6.0,2026-06-15
13757,8.0,2026-06-15
70497,8.0,2026-06-15
8582,8.0,2026-06-15
63699,8.0,2026-06-15
2996,5.0,2026-06-15
37670,8.0,2026-06-15
32665,9.0,2026-06-15
34910,10.0,2026-06-15
4188,7.0,2026-06-15
48257,8.0,2026-06-15
42640,6.0,2026-06-15
52922,10.0,2026-06-15
54152,6.0,2026-06-15
36167,8.0,2026-06-15
60683,8.0,2026-06-15
68735,7.0,2026-06-15
3179,7.0,2026-06-15
3387,7.0,2026-06-15
44853,6.0,2026-06-15
11895,8.0,2026-06-15
30262,4.0,2026-06-15
17248,8.0,2026-06-15
40002,6.0,2026-06-15
73398,5.0,2026-06-15
54788,5.0,2026-06-15
18295,7.0,2026-06-15
27187,8.0,2026-06-15
14069,6.0,2026-06-15
3777,10.0,2026-06-15
75640,9.0,2026-06-15
35483,8.0,2026-06-15
180,6.0,2026-06-15
73394,7.0,2026-06-15
47778,7.0,2026-06-15
10216,10.0,2026-06-15
71764,8.0,2026-06-15
76770,7.0,2026-06-15
15991,7.0,2026-06-15
74406,9.0,2026-06-15
50746,8.0,2026-06-15
68872,7.0,2026-06-15
51697,7.0,2026-06-15
51677,9.0,2026-06-15
56763,8.0,2026-06-15
68394,9.0,2026-06-15
74975,7.0,2026-06-15
48826,9.0,2026-06-15
60642,6.0,2026-06-15
26713,8.0,2026-06-15
61075,7.0,2026-06-15
28962,8.0,2026-06-15
67358,8.0,2026-06-15
75632,8.0,2026-06-15
68710,8.0,2026-06-15
28893,5.0,2026-06-15
33502,4.0,2026-06-15
13435,8.0,2026-06-15
19519,9.0,2026-06-15
17598,8.0,2026-06-15
45269,7.0,2026-06-15
12981,6.0,2026-06-15
15473,8.0,2026-06-15
76753,3.0,2026-06-15
40624,7.0,2026-06-15
19073,6.0,2026-06-15
28553,7.0,2026-06-15
54469,5.0,2026-06-15
52475,9.0,2026-06-15
36141,5.0,2026-06-15
47315,8.0,2026-06-15
31636,6.0,2026-06-15
47332,6.0,2026-06-15
34905,5.0,2026-06-15
42695,9.0,2026-06-15
74050,10.0,2026-06-15
57662,6.0,2026-06-15
70262,9.0,2026-06-15
14220,6.0,2026-06-15
32079,7.0,2026-06-15
69081,9.0,2026-06-15
65217,7.0,2026-06-15
44904,9.0,2026-06-15
49122,5.0,2026-06-15
66755,7.0,2026-06-15
33190,7.0,2026-06-15
69695,8.0,2026-06-15
38714,8.0,2026-06-15
42773,7.0,2026-06-15
18358,9.0,2026-06-15
54568,8.0,2026-06-15
70131,9.0,2026-06-15
18162,10.0,2026-06-15
40004,10.0,2026-06-15
42679,6.0,2026-06-15
28366,6.0,2026-06-15
61602,7.0,2026-06-15
7088,6.0,2026-06-15
60544,7.0,2026-06-15
57732,7.0,2026-06-15
71846,8.0,2026-06-15
65821,6.0,2026-06-15
6490,7.0,2026-06-15
50530,7.0,2026-06-15
60952,7.0,2026-06-15
46398,9.0,2026-06-15
17089,7.0,2026-06-15
43992,6.0,2026-06-15
42491,7.0,2026-06-15
39691,8.0,2026-06-15
35984,8.0,2026-06-15
76506,7.0,2026-06-15
34548,5.0,2026-06-15
3043,5.0,2026-06-15
45328,7.0,2026-06-15
72512,9.0,2026-06-15
60792,9.0,2026-06-15
77813,7.0,2026-06-15
5462,4.0,2026-06-15
50977,6.0,2026-06-15
29265,9.0,2026-06-15
37349,8.0,2026-06-15
33161,10.0,2026-06-15
25726,8.0,2026-06-15
69632,7.0,2026-06-15
12379,7.0,2026-06-15
26176,9.0,2026-06-15
71373,9.0,2026-06-15
55966,5.0,2026-06-15
70517,4.0,2026-06-15
76198,7.0,2026-06-15
62760,7.0,2026-06-15
59634,8.0,2026-06-15
45255,9.0,2026-06-15
20090,6.0,2026-06-15
68956,9.0,2026-06-15
56107,9.0,2026-06-15
37398,6.0,2026-06-15
57226,6.0,2026-06-15
36540,7.0,2026-06-15
9121,10.0,2026-06-15
34249,5.0,2026-06-15
75955,8.0,2026-06-15
64346,9.0,2026-06-15
48617,6.0,2026-06-15
30288,7.0,2026-06-15
64254,10.0,2026-06-15
11288,8.0,2026-06-15
43374,8.0,2026-06-15
47699,5.0,2026-06-15
59352,8.0,2026-06-15
59162,8.0,2026-06-15
29375,6.0,2026-06-15
10225,10.0,2026-06-15
61028,7.0,2026-06-15
7140,9.0,2026-06-15
55271,7.0,2026-06-15
22266,7.0,2026-06-15
42949,6.0,2026-06-15
33764,7.0,2026-06-15
8296,5.0,2026-06-15
14479,6.0,2026-06-15
28780,8.0,2026-06-15
7343,6.0,2026-06-15
35433,7.0,2026-06-15
21943,7.0,2026-06-15
69531,6.0,2026-06-15
12707,10.0,2026-06-15
15964,10.0,2026-06-15
45242,4.0,2026-06-15
76028,7.0,2026-06-15
2224,7.0,2026-06-15
45945,8.0,2026-06-15
23572,8.0,2026-06-15
58857,7.0,2026-06-15
38201,5.0,2026-06-15
76886,10.0,2026-06-15
53793,6.0,2026-06-15
17255,7.0,2026-06-15
69492,6.0,2026-06-15
60706,9.0,2026-06-15
61335,7.0,2026-06-15
8500,10.0,2026-06-15
22546,8.0,2026-06-15
50124,6.0,2026-06-15
71423,8.0,2026-06-15
35385,7.0,2026-06-15
26016,10.0,2026-06-15
43582,7.0,2026-06-15
72576,7.0,2026-06-15
20751,6.0,2026-06-15
55751,8.0,2026-06-15
39917,6.0,2026-06-15
59946,10.0,2026-06-15
54307,6.0,2026-06-15
77027,9.0,2026-06-15
4174,8.0,2026-06-15
47785,7.0,2026-06-15
4559,9.0,2026-06-15
43074,8.0,2026-06-15
17344,9.0,2026-06-15
53694,4.0,2026-06-15
72449,6.0,2026-06-15
59046,8.0,2026-06-15
32500,10.0,2026-06-15
918,7.0,2026-06-15
35018,8.0,2026-06-15
7406,7.0,2026-06-15
72692,6.0,2026-06-15
54090,9.0,2026-06-15
69356,6.0,2026-06-15
39168,5.0,2026-06-15
19503,10.0,2026-06-15
24629,9.0,2026-06-15
21466,8.0,2026-06-15
14943,7.0,2026-06-15
77474,9.0,2026-06-15
79257,6.0,2026-06-15
78452,9.0,2026-06-15
13730,8.0,2026-06-15
66868,8.0,2026-06-15
49408,6.0,2026-06-15
47918,9.0,2026-06-15
77092,4.0,2026-06-15
60243,6.0,2026-06-15
28492,8.0,2026-06-15
14146,10.0,2026-06-15
2398,8.0,2026-06-15
51172,8.0,2026-06-15
25736,7.0,2026-06-15
59842,7.0,2026-06-15
31446,9.0,2026-06-15
39772,10.0,2026-06-15
14557,8.0,2026-06-15
39339,7.0,2026-06-15
65944,7.0,2026-06-15
68785,7.0,2026-06-15
14585,5.0,2026-06-15
38941,6.0,2026-06-15
78565,8.0,2026-06-15
36887,9.0,2026-06-15
5711,6.0,2026-06-15
30010,5.0,2026-06-15
68915,6.0,2026-06-15
37088,7.0,2026-06-15
1498,5.0,2026-06-15
68990,9.0,2026-06-15
59186,9.0,2026-06-15
23978,8.0,2026-06-15
52646,8.0,2026-06-15
13660,7.0,2026-06-15
55768,7.0,2026-06-15
26178,7.0,2026-06-15
40475,9.0,2026-06-15
22126,5.0,2026-06-15
68262,9.0,2026-06-15
44118,8.0,2026-06-15
66827,8.0,2026-06-15
16567,6.0,2026-06-15
40153,10.0,2026-06-15
38611,8.0,2026-06-15
2799,8.0,2026-06-15
50210,9.0,2026-06-15
13569,8.0,2026-06-15
20088,8.0,2026-06-15
12443,8.0,2026-06-15
6900,10.0,2026-06-15
34810,8.0,2026-06-15
35554,7.0,2026-06-15
283,10.0,2026-06-15
3918,10.0,2026-06-15
2972,10.0,2026-06-15
38954,7.0,2026-06-15
6066,9.0,2026-06-15
30007,6.0,2026-06-15
77846,7.0,2026-06-15
40994,8.0,2026-06-15
3537,6.0,2026-06-15
76531,6.0,2026-06-15
71901,10.0,2026-06-15
39651,7.0,2026-06-15
52170,7.0,2026-06-15
38584,9.0,2026-06-15
49207,5.0,2026-06-15
63711,8.0,2026-06-15
15118,7.0,2026-06-15
62813,9.0,2026-06-15
35848,6.0,2026-06-15
10771,9.0,2026-06-15
79586,6.0,2026-06-15
18486,8.0,2026-06-15
45664,10.0,2026-06-15
77088,7.0,2026-06-15
23917,10.0,2026-06-15
69050,8.0,2026-06-15
40670,8.0,2026-06-15
12854,9.0,2026-06-15
68540,10.0,2026-06-15
42656,7.0,2026-06-15
36791,8.0,2026-06-15
35276,7.0,2026-06-15
2789,6.0,2026-06-15
32531,8.0,2026-06-15
69426,7.0,2026-06-15
55922,8.0,2026-06-15
35782,6.0,2026-06-15
69821,8.0,2026-06-15
5747,6.0,2026-06-15
5644,8.0,2026-06-15
63745,4.0,2026-06-15
79715,6.0,2026-06-15
48126,8.0,2026-06-15
5590,6.0,2026-06-15
59843,8.0,2026-06-15
76785,10.0,2026-06-15
53648,8.0,2026-06-15
30514,7.0,2026-06-15
51005,7.0,2026-06-15
72177,8.0,2026-06-15
72006,8.0,2026-06-15
63604,7.0,2026-06-15
77475,10.0,2026-06-15
68479,6.0,2026-06-15
10560,7.0,2026-06-15
70213,7.0,2026-06-15
8744,7.0,2026-06-15
46301,7.0,2026-06-15
35543,10.0,2026-06-15
34359,6.0,2026-06-15
69113,8.0,2026-06-15
56871,10.0,2026-06-15
893,6.0,2026-06-15
10250,8.0,2026-06-15
6362,7.0,2026-06-15
32352,6.0,2026-06-15
10163,9.0,2026-06-15
72085,6.0,2026-06-15
19372,6.0,2026-06-15
19368,8.0,2026-06-15
64582,6.0,2026-06-15
48926,10.0,2026-06-15
43173,6.0,2026-06-15
57947,8.0,2026-06-15
58701,5.0,2026-06-15
68574,6.0,2026-06-15
58896,10.0,2026-06-15
78044,8.0,2026-06-15
66299,9.0,2026-06-15
10167,7.0,2026-06-15
56707,10.0,2026-06-15
41905,6.0,2026-06-15
63786,7.0,2026-06-15
57157,7.0,2026-06-15
31325,10.0,2026-06-15
19322,8.0,2026-06-15
59448,7.0,2026-06-15
20398,8.0,2026-06-15
49748,9.0,2026-06-15
5682,8.0,2026-06-15
5939,8.0,2026-06-15
51525,7.0,2026-06-15
45966,9.0,2026-06-15
62735,8.0,2026-06-15
39149,7.0,2026-06-15
22120,10.0,2026-06-15
14310,8.0,2026-06-15
79413,8.0,2026-06-15
19091,7.0,2026-06-15
2412,9.0,2026-06-15
11668,10.0,2026-06-15
62299,6.0,2026-06-15
23577,9.0,2026-06-15
49778,8.0,2026-06-15
22873,5.0,2026-06-15
75435,9.0,2026-06-15
49033,7.0,2026-06-15
61077,6.0,2026-06-15
78917,9.0,2026-06-15
58895,5.0,2026-06-15
32056,6.0,2026-06-15
2523,7.0,2026-06-15
54339,9.0,2026-06-15
16470,8.0,2026-06-15
16494,7.0,2026-06-15
3285,6.0,2026-06-15
23463,9.0,2026-06-15
3313,9.0,2026-06-15
762,9.0,2026-06-15
5046,8.0,2026-06-15
54419,7.0,2026-06-15
22588,8.0,2026-06-15
9938,9.0,2026-06-15
75070,7.0,2026-06-15
55769,7.0,2026-06-15
8542,5.0,2026-06-15
33414,7.0,2026-06-15
2717,7.0,2026-06-15
43264,7.0,2026-06-15
75857,8.0,2026-06-15
18586,6.0,2026-06-15
27603,7.0,2026-06-15
20080,6.0,2026-06-15
38858,8.0,2026-06-15
49012,9.0,2026-06-15
58418,7.0,2026-06-15
26519,9.0,2026-06-15
73530,6.0,2026-06-15
10475,8.0,2026-06-15
27010,7.0,2026-06-15
60749,9.0,2026-06-15
56793,9.0,2026-06-15
15980,9.0,2026-06-15
39082,6.0,2026-06-15
7098,7.0,2026-06-15
8162,7.0,2026-06-15
57965,6.0,2026-06-15
9343,8.0,2026-06-15
65016,8.0,2026-06-15
33079,7.0,2026-06-15
52655,5.0,2026-06-15
3038,8.0,2026-06-15
79436,10.0,2026-06-15
37845,10.0,2026-06-15
24524,6.0,2026-06-15
15855,7.0,2026-06-15
75383,8.0,2026-06-15
21221,7.0,2026-06-15
13674,7.0,2026-06-15
27754,9.0,2026-06-15
54466,8.0,2026-06-15
36437,7.0,2026-06-15
32149,8.0,2026-06-15
54200,6.0,2026-06-15
36801,6.0,2026-06-15
13884,6.0,2026-06-15
42335,8.0,2026-06-15
55085,7.0,2026-06-15
56373,6.0,2026-06-15
48863,7.0,2026-06-15
53733,6.0,2026-06-15
19897,9.0,2026-06-15
71778,8.0,2026-06-15
27118,8.0,2026-06-15
68474,10.0,2026-06-15
29140,10.0,2026-06-15
27340,6.0,2026-06-15
36079,5.0,2026-06-15
29884,8.0,2026-06-15
18125,6.0,2026-06-15
20739,8.0,2026-06-15
64269,10.0,2026-06-15
17014,9.0,2026-06-15
36950,9.0,2026-06-15
54189,9.0,2026-06-15
3490,7.0,2026-06-15
12098,8.0,2026-06-15
29563,5.0,2026-06-15
38992,7.0,2026-06-15
17096,8.0,2026-06-15
56539,7.0,2026-06-15
33571,10.0,2026-06-15
41337,7.0,2026-06-15
69728,6.0,2026-06-15
40497,10.0,2026-06-15
76294,8.0,2026-06-15
28147,8.0,2026-06-15
16541,7.0,2026-06-15
68931,10.0,2026-06-15
13866,5.0,2026-06-15
30243,10.0,2026-06-15
38156,9.0,2026-06-15
45300,9.0,2026-06-15
5018,6.0,2026-06-15
8652,9.0,2026-06-15
22354,10.0,2026-06-15
12301,10.0,2026-06-15
62782,8.0,2026-06-15
61729,10.0,2026-06-15
67207,7.0,2026-06-15
64858,8.0,2026-06-15
36839,6.0,2026-06-15
68714,6.0,2026-06-15
8548,8.0,2026-06-15
13946,6.0,2026-06-15
61524,7.0,2026-06-15
11913,5.0,2026-06-15
15302,7.0,2026-06-15
75298,8.0,2026-06-15
42723,7.0,2026-06-15
47912,7.0,2026-06-15
59388,8.0,2026-06-15
12779,8.0,2026-06-15
26751,8.0,2026-06-15
71803,8.0,2026-06-15
44130,8.0,2026-06-15
4580,9.0,2026-06-15
39455,8.0,2026-06-15
52564,6.0,2026-06-15
11810,6.0,2026-06-15
70783,10.0,2026-06-15
71121,9.0,2026-06-15
29590,9.0,2026-06-15
1713,9.0,2026-06-15
9375,8.0,2026-06-15
65266,8.0,2026-06-15
48707,6.0,2026-06-15
20187,6.0,2026-06-15
28439,7.0,2026-06-15
58305,8.0,2026-06-15
21146,8.0,2026-06-15
47033,7.0,2026-06-15
24765,10.0,2026-06-15
33744,5.0,2026-06-15
40641,7.0,2026-06-15
15484,7.0,2026-06-15
38258,8.0,2026-06-15
35721,5.0,2026-06-15
9151,8.0,2026-06-15
18807,9.0,2026-06-15
14758,5.0,2026-06-15
58110,7.0,2026-06-15
73516,9.0,2026-06-15
52064,6.0,2026-06-15
27963,9.0,2026-06-15
5935,8.0,2026-06-15
22497,9.0,2026-06-15
31790,7.0,2026-06-15
62022,7.0,2026-06-15
28433,7.0,2026-06-15
51307,10.0,2026-06-15
73154,9.0,2026-06-15
48851,8.0,2026-06-15
14660,6.0,2026-06-15
43103,5.0,2026-06-15
26648,7.0,2026-06-15
1436,7.0,2026-06-15
67262,7.0,2026-06-15
6752,7.0,2026-06-15
15461,8.0,2026-06-15
16897,6.0,2026-06-15
20711,7.0,2026-06-15
28636,8.0,2026-06-15
63065,7.0,2026-06-15
58517,10.0,2026-06-15
30133,8.0,2026-06-15
57871,8.0,2026-06-15
76517,8.0,2026-06-15
52889,7.0,2026-06-15
24845,8.0,2026-06-15
41569,8.0,2026-06-15
17582,6.0,2026-06-15
48820,7.0,2026-06-15
50367,8.0,2026-06-15
41854,6.0,2026-06-15
55509,7.0,2026-06-15
79603,7.0,2026-06-15
77066,8.0,2026-06-15
58584,9.0,2026-06-15
64132,7.0,2026-06-15
57604,7.0,2026-06-15
7133,6.0,2026-06-15
8828,6.0,2026-06-15
73302,8.0,2026-06-15
79793,7.0,2026-06-15
74987,7.0,2026-06-15
79996,9.0,2026-06-15
66101,8.0,2026-06-15
6525,7.0,2026-06-15
59449,5.0,2026-06-15
59541,9.0,2026-06-15
26413,9.0,2026-06-15
24721,7.0,2026-06-15
75859,7.0,2026-06-15
534,6.0,2026-06-15
1700,9.0,2026-06-15
55348,6.0,2026-06-15
17858,7.0,2026-06-15
30285,7.0,2026-06-15
73521,8.0,2026-06-15
50490,10.0,2026-06-15
30094,6.0,2026-06-15
66291,8.0,2026-06-15
70875,8.0,2026-06-15
12253,10.0,2026-06-15
27571,8.0,2026-06-15
72305,5.0,2026-06-15
5350,8.0,2026-06-15
45202,8.0,2026-06-15
64319,8.0,2026-06-15
17373,8.0,2026-06-15
77106,7.0,2026-06-15
16660,9.0,2026-06-15
44463,8.0,2026-06-15
6343,7.0,2026-06-15
26196,6.0,2026-06-15
62681,7.0,2026-06-15
1111,6.0,2026-06-15
38022,8.0,2026-06-15
106,7.0,2026-06-15
13415,10.0,2026-06-15
15710,7.0,2026-06-15
60147,8.0,2026-06-15
10423,9.0,2026-06-15
3385,7.0,2026-06-15
31445,8.0,2026-06-15
48266,7.0,2026-06-15
19436,9.0,2026-06-15
60137,9.0,2026-06-15
30610,6.0,2026-06-15
30298,10.0,2026-06-15
61676,6.0,2026-06-15
20274,9.0,2026-06-15
18745,7.0,2026-06-15
39226,6.0,2026-06-15
47508,6.0,2026-06-15
56568,9.0,2026-06-15
4110,7.0,2026-06-15
74639,7.0,2026-06-15
9595,6.0,2026-06-15
29287,7.0,2026-06-15
79552,8.0,2026-06-15
75325,8.0,2026-06-15
76639,7.0,2026-06-15
22924,6.0,2026-06-15
4691,9.0,2026-06-15
26283,4.0,2026-06-15
30541,10.0,2026-06-15
46167,7.0,2026-06-15
5772,5.0,2026-06-15
35260,6.0,2026-06-15
36992,7.0,2026-06-15
30705,10.0,2026-06-15
69128,10.0,2026-06-15
72378,5.0,2026-06-15
54557,8.0,2026-06-15
70174,8.0,2026-06-15
40677,7.0,2026-06-15
14461,9.0,2026-06-15
74011,8.0,2026-06-15
43987,7.0,2026-06-15
73317,8.0,2026-06-15
28975,7.0,2026-06-15
1589,8.0,2026-06-15
74646,5.0,2026-06-15
40184,8.0,2026-06-15
24760,10.0,2026-06-15
6765,10.0,2026-06-15
8499,9.0,2026-06-15
4355,8.0,2026-06-15
4150,6.0,2026-06-15
27140,9.0,2026-06-15
78848,6.0,2026-06-15
49907,6.0,2026-06-15
18383,8.0,2026-06-15
74718,9.0,2026-06-15
64680,7.0,2026-06-15
16614,8.0,2026-06-15
42800,8.0,2026-06-15
17721,8.0,2026-06-15
32681,6.0,2026-06-15
38725,7.0,2026-06-15
21316,9.0,2026-06-15
18929,9.0,2026-06-15
32245,7.0,2026-06-15
76991,8.0,2026-06-15
38080,7.0,2026-06-15
21604,8.0,2026-06-15
55292,8.0,2026-06-15
44232,9.0,2026-06-15
59467,9.0,2026-06-15
45646,5.0,2026-06-15
16289,9.0,2026-06-15
9648,9.0,2026-06-15
28160,8.0,2026-06-15
58872,5.0,2026-06-15
36322,9.0,2026-06-15
77364,7.0,2026-06-15
67647,10.0,2026-06-15
45145,6.0,2026-06-15
30258,10.0,2026-06-15
15201,8.0,2026-06-15
47310,8.0,2026-06-15
76894,10.0,2026-06-15
23986,6.0,2026-06-15
43125,8.0,2026-06-15
33147,6.0,2026-06-15
23939,7.0,2026-06-15
6191,6.0,2026-06-15
65347,7.0,2026-06-15
34122,7.0,2026-06-15
54818,10.0,2026-06-15
55069,7.0,2026-06-15
132,7.0,2026-06-15
25330,10.0,2026-06-15
48998,7.0,2026-06-15
19417,8.0,2026-06-15
35003,8.0,2026-06-15
61795,8.0,2026-06-15
75205,7.0,2026-06-15
24371,9.0,2026-06-15
14232,6.0,2026-06-15
35786,8.0,2026-06-15
44608,9.0,2026-06-15
24137,9.0,2026-06-15
32444,6.0,2026-06-15
61571,6.0,2026-06-15
41062,9.0,2026-06-15
53038,10.0,2026-06-15
56611,7.0,2026-06-15
48805,10.0,2026-06-15
20000,8.0,2026-06-15
44729,6.0,2026-06-15
79970,5.0,2026-06-15
33056,7.0,2026-06-15
26179,7.0,2026-06-15
29037,6.0,2026-06-15
17450,8.0,2026-06-15
1401,7.0,2026-06-15
76210,8.0,2026-06-15
12501,7.0,2026-06-15
148,8.0,2026-06-15
71248,7.0,2026-06-15
28204,8.0,2026-06-15
40160,9.0,2026-06-15
4184,7.0,2026-06-15
69228,9.0,2026-06-15
60650,6.0,2026-06-15
58489,8.0,2026-06-15
56626,8.0,2026-06-15
178,8.0,2026-06-15
69677,7.0,2026-06-15
77991,8.0,2026-06-15
12235,8.0,2026-06-15
45197,6.0,2026-06-15
70396,10.0,2026-06-15
31905,9.0,2026-06-15
58162,9.0,2026-06-15
52632,8.0,2026-06-15
23971,9.0,2026-06-15
53912,8.0,2026-06-15
21161,9.0,2026-06-15
48198,7.0,2026-06-15
7876,8.0,2026-06-15
15035,8.0,2026-06-15
60280,9.0,2026-06-15
22726,9.0,2026-06-15
42294,9.0,2026-06-15
2034,6.0,2026-06-15
39676,6.0,2026-06-15
1168,7.0,2026-06-15
76300,9.0,2026-06-15
16566,9.0,2026-06-15
47437,9.0,2026-06-15
45473,8.0,2026-06-15
21980,9.0,2026-06-15
49256,7.0,2026-06-15
45861,5.0,2026-06-15
10804,5.0,2026-06-15
72299,10.0,2026-06-15
7617,7.0,2026-06-15
20126,8.0,2026-06-15
26497,7.0,2026-06-15
44757,5.0,2026-06-15
31673,5.0,2026-06-15
64859,8.0,2026-06-15
10659,8.0,2026-06-15
68888,9.0,2026-06-15
54355,8.0,2026-06-15
30592,8.0,2026-06-15
58957,6.0,2026-06-15
43073,9.0,2026-06-15
77271,9.0,2026-06-15
1823,8.0,2026-06-15
40502,9.0,2026-06-15
42806,10.0,2026-06-15
62942,6.0,2026-06-15
29231,7.0,2026-06-15
2818,8.0,2026-06-15
58905,9.0,2026-06-15
46357,6.0,2026-06-15
10356,9.0,2026-06-15
67396,9.0,2026-06-15
18895,6.0,2026-06-15
42684,7.0,2026-06-15
58252,7.0,2026-06-15
27675,6.0,2026-06-15
75964,8.0,2026-06-15
39044,7.0,2026-06-15
22074,7.0,2026-06-15
59677,10.0,2026-06-15
45990,5.0,2026-06-15
75774,8.0,2026-06-15
35760,9.0,2026-06-15
2907,7.0,2026-06-15
17780,9.0,2026-06-15
59882,6.0,2026-06-15
63582,6.0,2026-06-15
74330,6.0,2026-06-15
22012,6.0,2026-06-15
4785,6.0,2026-06-15
68005,6.0,2026-06-15
5345,8.0,2026-06-15
68946,9.0,2026-06-15
66482,8.0,2026-06-15
72140,7.0,2026-06-15
44838,7.0,2026-06-15
20965,7.0,2026-06-15
66055,7.0,2026-06-15
53356,9.0,2026-06-15
58776,8.0,2026-06-15
59887,8.0,2026-06-15
14178,7.0,2026-06-15
61892,10.0,2026-06-15
31396,5.0,2026-06-15
26858,6.0,2026-06-15
42593,10.0,2026-06-15
5090,7.0,2026-06-15
16743,7.0,2026-06-15
63642,6.0,2026-06-15
44626,9.0,2026-06-15
19879,6.0,2026-06-15
16745,6.0,2026-06-15
27262,9.0,2026-06-15
66497,5.0,2026-06-15
37731,9.0,2026-06-15
67578,10.0,2026-06-15
35241,8.0,2026-06-15
70024,5.0,2026-06-15
48218,8.0,2026-06-15
64932,10.0,2026-06-15
2770,9.0,2026-06-15
4074,8.0,2026-06-15
78453,8.0,2026-06-15
37256,8.0,2026-06-15
23598,6.0,2026-06-15
20161,5.0,2026-06-15
70550,9.0,2026-06-15
35039,4.0,2026-06-15
77589,9.0,2026-06-15
23257,8.0,2026-06-15
37408,7.0,2026-06-15
20598,8.0,2026-06-15
47889,6.0,2026-06-15
77800,8.0,2026-06-15
61019,7.0,2026-06-15
17246,6.0,2026-06-15
24313,10.0,2026-06-15
7288,9.0,2026-06-15
70348,8.0,2026-06-15
19229,8.0,2026-06-15
34593,8.0,2026-06-15
71826,10.0,2026-06-15
48714,9.0,2026-06-15
4373,6.0,2026-06-15
5174,7.0,2026-06-15
57277,8.0,2026-06-15
62510,7.0,2026-06-15
77609,8.0,2026-06-15
52166,7.0,2026-06-15
79045,7.0,2026-06-15
57886,7.0,2026-06-15
41622,8.0,2026-06-15
77695,8.0,2026-06-15
59355,5.0,2026-06-15
75415,7.0,2026-06-15
70277,6.0,2026-06-15
20478,8.0,2026-06-15
40977,8.0,2026-06-15
14156,8.0,2026-06-15
11054,8.0,2026-06-15
31320,7.0,2026-06-15
48179,7.0,2026-06-15
48336,7.0,2026-06-15
29779,6.0,2026-06-15
23915,8.0,2026-06-15
550,9.0,2026-06-15
54431,9.0,2026-06-15
28142,6.0,2026-06-15
7477,8.0,2026-06-15
58404,8.0,2026-06-15
41128,8.0,2026-06-15
51727,7.0,2026-06-15
21915,10.0,2026-06-15
18792,7.0,2026-06-15
63751,8.0,2026-06-15
39913,8.0,2026-06-15
17293,9.0,2026-06-15
30051,10.0,2026-06-15
9632,7.0,2026-06-15
35246,9.0,2026-06-15
35302,8.0,2026-06-15
14870,9.0,2026-06-15
38522,10.0,2026-06-15
26433,9.0,2026-06-15
12255,8.0,2026-06-15
14141,8.0,2026-06-15
45215,6.0,2026-06-15
59380,5.0,2026-06-15
64285,8.0,2026-06-15
39571,8.0,2026-06-15
37231,8.0,2026-06-15
71651,5.0,2026-06-15
13188,7.0,2026-06-15
30898,6.0,2026-06-15
46028,5.0,2026-06-15
14378,10.0,2026-06-15
63033,8.0,2026-06-15
1323,8.0,2026-06-15
56462,7.0,2026-06-15
59778,9.0,2026-06-15
40540,6.0,2026-06-15
76146,8.0,2026-06-15
62570,8.0,2026-06-15
73908,5.0,2026-06-15
7950,8.0,2026-06-15
71291,8.0,2026-06-15
34975,5.0,2026-06-15
26078,8.0,2026-06-15
43868,5.0,2026-06-15
42451,6.0,2026-06-15
72652,8.0,2026-06-15
59507,8.0,2026-06-15
25452,5.0,2026-06-15
54252,9.0,2026-06-15
30164,9.0,2026-06-15
38890,6.0,2026-06-15
27965,8.0,2026-06-15
45008,6.0,2026-06-15
33258,10.0,2026-06-15
37674,6.0,2026-06-15
14324,8.0,2026-06-15
49559,6.0,2026-06-15
27639,7.0,2026-06-15
70376,8.0,2026-06-15
14713,9.0,2026-06-15
37432,9.0,2026-06-15
48992,6.0,2026-06-15
31307,5.0,2026-06-15
7560,8.0,2026-06-15
57847,6.0,2026-06-15
66938,6.0,2026-06-15
28756,5.0,2026-06-15
76895,6.0,2026-06-15
7619,8.0,2026-06-15
71767,6.0,2026-06-15
60760,8.0,2026-06-15
56196,8.0,2026-06-15
19262,7.0,2026-06-15
19603,6.0,2026-06-15
47015,7.0,2026-06-15
31201,6.0,2026-06-15
73183,7.0,2026-06-15
52931,7.0,2026-06-15
26620,5.0,2026-06-15
50315,7.0,2026-06-15
9933,9.0,2026-06-15
63119,8.0,2026-06-15
58148,8.0,2026-06-15
45445,10.0,2026-06-15
76716,8.0,2026-06-15
42511,8.0,2026-06-15
51048,5.0,2026-06-15
3336,9.0,2026-06-15
22960,7.0,2026-06-15
55899,8.0,2026-06-15
20138,9.0,2026-06-15
13875,9.0,2026-06-15
1628,7.0,2026-06-15
62301,7.0,2026-06-15
5421,6.0,2026-06-15
61405,8.0,2026-06-15
25066,5.0,2026-06-15
78557,7.0,2026-06-15
12066,6.0,2026-06-15
63790,8.0,2026-06-15
1512,4.0,2026-06-15
14984,8.0,2026-06-15
8482,10.0,2026-06-15
69350,9.0,2026-06-15
67988,7.0,2026-06-15
53524,7.0,2026-06-15
70029,8.0,2026-06-15
12344,8.0,2026-06-15
67279,9.0,2026-06-15
7329,8.0,2026-06-15
79393,7.0,2026-06-15
30518,5.0,2026-06-15
26279,5.0,2026-06-15
14094,8.0,2026-06-15
71366,8.0,2026-06-15
46723,9.0,2026-06-15
47515,9.0,2026-06-15
8561,10.0,2026-06-15
64193,9.0,2026-06-15
7281,7.0,2026-06-15
29610,6.0,2026-06-15
43078,6.0,2026-06-15
52005,9.0,2026-06-15
17783,6.0,2026-06-15
17381,8.0,2026-06-15
29381,7.0,2026-06-15
45719,6.0,2026-06-15
60363,5.0,2026-06-15
16109,8.0,2026-06-15
71316,9.0,2026-06-15
42827,7.0,2026-06-15
21403,8.0,2026-06-15
74209,8.0,2026-06-15
16524,9.0,2026-06-15
40288,6.0,2026-06-15
30030,9.0,2026-06-15
36169,4.0,2026-06-15
25318,7.0,2026-06-15
11620,6.0,2026-06-15
51041,6.0,2026-06-15
75302,7.0,2026-06-15
44717,6.0,2026-06-15
68893,8.0,2026-06-15
54705,7.0,2026-06-15
28660,9.0,2026-06-15
67595,6.0,2026-06-15
44856,7.0,2026-06-15
9854,9.0,2026-06-15
74110,10.0,2026-06-15
19182,5.0,2026-06-15
34746,7.0,2026-06-15
79173,7.0,2026-06-15
26398,6.0,2026-06-15
8080,6.0,2026-06-15
16220,10.0,2026-06-15
51640,8.0,2026-06-15
41425,7.0,2026-06-15
22348,7.0,2026-06-15
1975,7.0,2026-06-15
75929,8.0,2026-06-15
70114,8.0,2026-06-15
56659,8.0,2026-06-15
12366,10.0,2026-06-15
3547,6.0,2026-06-15
6890,8.0,2026-06-15
17961,8.0,2026-06-15
60626,6.0,2026-06-15
28820,5.0,2026-06-15
4842,5.0,2026-06-15
19983,4.0,2026-06-15
24932,10.0,2026-06-15
76056,6.0,2026-06-15
68566,7.0,2026-06-15
71017,9.0,2026-06-15
31977,9.0,2026-06-15
73056,7.0,2026-06-15
2465,7.0,2026-06-15
4617,7.0,2026-06-15
65330,6.0,2026-06-15
79940,5.0,2026-06-15
23527,10.0,2026-06-15
12865,6.0,2026-06-15
36685,6.0,2026-06-15
68446,6.0,2026-06-15
63869,6.0,2026-06-15
16842,7.0,2026-06-15
54644,10.0,2026-06-15
38046,5.0,2026-06-15
78903,9.0,2026-06-15
57757,8.0,2026-06-15
68660,9.0,2026-06-15
69827,7.0,2026-06-15
51784,8.0,2026-06-15
16486,8.0,2026-06-15
36397,7.0,2026-06-15
2266,9.0,2026-06-15
45828,9.0,2026-06-15
79632,6.0,2026-06-15
17907,8.0,2026-06-15
42110,8.0,2026-06-15
5466,8.0,2026-06-15
70785,7.0,2026-06-15
50104,7.0,2026-06-15
59497,8.0,2026-06-15
74966,8.0,2026-06-15
46615,9.0,2026-06-15
44745,7.0,2026-06-15
11841,9.0,2026-06-15
44929,5.0,2026-06-15
16687,8.0,2026-06-15
66125,5.0,2026-06-15
68353,6.0,2026-06-15
73942,8.0,2026-06-15
40293,9.0,2026-06-15
68827,7.0,2026-06-15
41579,5.0,2026-06-15
77280,6.0,2026-06-15
54174,6.0,2026-06-15
38894,6.0,2026-06-15
79021,6.0,2026-06-15
33919,7.0,2026-06-15
9127,9.0,2026-06-15
31800,10.0,2026-06-15
17462,7.0,2026-06-15
31723,5.0,2026-06-15
73559,7.0,2026-06-15
6180,5.0,2026-06-15
46460,8.0,2026-06-15
7649,5.0,2026-06-15
31751,8.0,2026-06-15
65609,6.0,2026-06-15
4708,7.0,2026-06-15
57841,7.0,2026-06-15
26988,7.0,2026-06-15
50531,8.0,2026-06-15
17280,7.0,2026-06-15
34663,8.0,2026-06-15
77672,10.0,2026-06-15
61820,6.0,2026-06-15
40260,6.0,2026-06-15
47359,10.0,2026-06-15
76761,7.0,2026-06-15
73963,9.0,2026-06-15
48408,9.0,2026-06-15
68368,8.0,2026-06-15
7066,7.0,2026-06-15
8116,8.0,2026-06-15
59039,9.0,2026-06-15
44572,7.0,2026-06-15
58429,8.0,2026-06-15
2349,7.0,2026-06-15
3005,10.0,2026-06-15
32103,8.0,2026-06-15
48609,7.0,2026-06-15
47293,9.0,2026-06-15
63731,10.0,2026-06-15
47610,10.0,2026-06-15
11846,4.0,2026-06-15
40033,9.0,2026-06-15
37514,9.0,2026-06-15
77732,9.0,2026-06-15
54102,7.0,2026-06-15
50462,10.0,2026-06-15
43844,7.0,2026-06-15
23258,7.0,2026-06-15
57335,5.0,2026-06-15
15145,8.0,2026-06-15
18538,4.0,2026-06-15
49756,10.0,2026-06-15
14437,7.0,2026-06-15
14978,6.0,2026-06-15
47915,10.0,2026-06-15
77688,6.0,2026-06-15
14524,5.0,2026-06-15
26953,7.0,2026-06-15
73755,10.0,2026-06-15
31717,7.0,2026-06-15
17752,7.0,2026-06-15
14322,8.0,2026-06-15
34415,5.0,2026-06-15
36093,7.0,2026-06-15
19885,10.0,2026-06-15
16672,9.0,2026-06-15
55432,6.0,2026-06-15
7378,10.0,2026-06-15
58193,7.0,2026-06-15
32719,10.0,2026-06-15
34873,9.0,2026-06-15
78767,9.0,2026-06-15
6637,3.0,2026-06-15
4317,9.0,2026-06-15
18866,7.0,2026-06-15
36344,5.0,2026-06-15
50506,6.0,2026-06-15
29821,7.0,2026-06-15
57433,8.0,2026-06-15
19613,8.0,2026-06-15
24243,6.0,2026-06-15
31133,9.0,2026-06-15
23799,7.0,2026-06-15
63815,8.0,2026-06-15
79781,6.0,2026-06-15
44542,8.0,2026-06-15
53501,9.0,2026-06-15
64156,4.0,2026-06-15
24797,7.0,2026-06-15
79779,7.0,2026-06-15
33684,8.0,2026-06-15
47444,8.0,2026-06-15
71189,8.0,2026-06-15
12392,9.0,2026-06-15
52820,7.0,2026-06-15
24339,7.0,2026-06-15
69565,8.0,2026-06-15
74938,9.0,2026-06-15
44912,9.0,2026-06-15
78718,8.0,2026-06-15
64806,7.0,2026-06-15
41793,6.0,2026-06-15
28114,9.0,2026-06-15
66604,6.0,2026-06-15
25260,8.0,2026-06-15
44220,6.0,2026-06-15
38470,7.0,2026-06-15
78502,7.0,2026-06-15
32658,7.0,2026-06-15
5898,7.0,2026-06-15
17853,7.0,2026-06-15
78944,9.0,2026-06-15
13624,7.0,2026-06-15
47834,9.0,2026-06-15
53931,7.0,2026-06-15
7465,9.0,2026-06-15
28970,8.0,2026-06-15
19730,8.0,2026-06-15
25297,6.0,2026-06-15
63923,8.0,2026-06-15
28109,9.0,2026-06-15
15009,7.0,2026-06-15
74107,7.0,2026-06-15
47167,8.0,2026-06-15
27726,7.0,2026-06-15
8545,8.0,2026-06-15
18488,8.0,2026-06-15
9193,6.0,2026-06-15
61059,8.0,2026-06-15
47560,9.0,2026-06-15
62974,7.0,2026-06-15
55650,7.0,2026-06-15
44522,7.0,2026-06-15
42039,4.0,2026-06-15
56685,10.0,2026-06-15
1946,7.0,2026-06-15
2993,10.0,2026-06-15
34023,9.0,2026-06-15
17495,7.0,2026-06-15
10585,7.0,2026-06-15
60740,7.0,2026-06-15
28293,9.0,2026-06-15
69266,6.0,2026-06-15
52774,7.0,2026-06-15
58738,5.0,2026-06-15
24194,7.0,2026-06-15
12578,7.0,2026-06-15
30717,5.0,2026-06-15
59950,9.0,2026-06-15
57508,10.0,2026-06-15
31973,9.0,2026-06-15
18350,8.0,2026-06-15
57654,6.0,2026-06-15
13068,10.0,2026-06-15
11412,6.0,2026-06-15
76139,8.0,2026-06-15
28878,10.0,2026-06-15
4002,8.0,2026-06-15
65643,6.0,2026-06-15
66147,8.0,2026-06-15
7745,5.0,2026-06-15
55435,7.0,2026-06-15
79070,6.0,2026-06-15
54894,8.0,2026-06-15
19605,6.0,2026-06-15
69515,6.0,2026-06-15
74178,10.0,2026-06-15
29207,5.0,2026-06-15
63931,7.0,2026-06-15
20462,10.0,2026-06-15
31831,7.0,2026-06-15
20475,7.0,2026-06-15
62128,7.0,2026-06-15
25001,8.0,2026-06-15
49334,8.0,2026-06-15
72979,6.0,2026-06-15
18713,6.0,2026-06-15
21795,8.0,2026-06-15
41955,7.0,2026-06-15
1851,6.0,2026-06-15
40769,7.0,2026-06-15
34868,9.0,2026-06-15
42217,9.0,2026-06-15
17271,9.0,2026-06-15
25719,7.0,2026-06-15
49472,9.0,2026-06-15
45811,7.0,2026-06-15
49987,7.0,2026-06-15
34590,7.0,2026-06-15
28216,7.0,2026-06-15
6145,7.0,2026-06-15
61856,4.0,2026-06-15
60384,7.0,2026-06-15
36029,7.0,2026-06-15
37942,5.0,2026-06-15
12123,10.0,2026-06-15
67760,5.0,2026-06-15
18928,9.0,2026-06-15
41541,10.0,2026-06-15
54707,9.0,2026-06-15
72276,7.0,2026-06-15
15416,7.0,2026-06-15
33605,5.0,2026-06-15
64958,7.0,2026-06-15
16009,10.0,2026-06-15
45921,5.0,2026-06-15
53781,9.0,2026-06-15
62547,7.0,2026-06-15
54068,4.0,2026-06-15
5147,10.0,2026-06-15
4574,8.0,2026-06-15
33617,10.0,2026-06-15
74618,6.0,2026-06-15
71978,7.0,2026-06-15
59512,9.0,2026-06-15
67023,9.0,2026-06-15
37715,9.0,2026-06-15
16843,9.0,2026-06-15
19217,9.0,2026-06-15
13546,9.0,2026-06-15
5532,10.0,2026-06-15
46885,6.0,2026-06-15
30718,9.0,2026-06-15
33528,10.0,2026-06-15
46756,8.0,2026-06-15
32915,8.0,2026-06-15
26088,6.0,2026-06-15
25576,7.0,2026-06-15
64757,7.0,2026-06-15
17142,5.0,2026-06-15
13784,10.0,2026-06-15
30838,10.0,2026-06-15
67248,9.0,2026-06-15
46938,7.0,2026-06-15
68572,7.0,2026-06-15
6438,8.0,2026-06-15
12983,8.0,2026-06-15
42104,7.0,2026-06-15
62762,8.0,2026-06-15
35668,9.0,2026-06-15
1119,7.0,2026-06-15
33164,7.0,2026-06-15
71430,9.0,2026-06-15
32862,7.0,2026-06-15
46763,7.0,2026-06-15
32412,7.0,2026-06-15
12752,7.0,2026-06-15
5817,8.0,2026-06-15
63819,7.0,2026-06-15
13282,9.0,2026-06-15
44218,7.0,2026-06-15
61006,8.0,2026-06-15
61958,10.0,2026-06-15
67965,9.0,2026-06-15
50744,9.0,2026-06-15
47429,9.0,2026-06-15
7744,9.0,2026-06-15
56618,7.0,2026-06-15
32811,7.0,2026-06-15
33444,6.0,2026-06-15
18396,9.0,2026-06-15
7350,7.0,2026-06-15
20029,6.0,2026-06-15
63651,9.0,2026-06-15
8032,7.0,2026-06-15
66957,8.0,2026-06-15
78652,7.0,2026-06-15
50140,8.0,2026-06-15
79569,9.0,2026-06-15
61613,7.0,2026-06-15
22711,8.0,2026-06-15
4516,5.0,2026-06-15
49565,9.0,2026-06-15
47512,9.0,2026-06-15
56120,10.0,2026-06-15
69327,8.0,2026-06-15
15863,10.0,2026-06-15
42021,8.0,2026-06-15
38159,5.0,2026-06-15
50582,9.0,2026-06-15
10004,7.0,2026-06-15
11960,6.0,2026-06-15
59876,6.0,2026-06-15
19986,8.0,2026-06-15
24277,8.0,2026-06-15
16015,7.0,2026-06-15
62451,9.0,2026-06-15
49398,8.0,2026-06-15
33741,10.0,2026-06-15
34719,8.0,2026-06-15
15593,6.0,2026-06-15
62645,8.0,2026-06-15
18846,8.0,2026-06-15
38038,5.0,2026-06-15
20775,6.0,2026-06-15
8578,7.0,2026-06-15
64844,9.0,2026-06-15
31858,5.0,2026-06-15
54366,8.0,2026-06-15
36897,9.0,2026-06-15
4782,10.0,2026-06-15
1188,6.0,2026-06-15
38357,8.0,2026-06-15
36679,6.0,2026-06-15
14452,7.0,2026-06-15
73473,7.0,2026-06-15
72877,9.0,2026-06-15
61298,8.0,2026-06-15
15162,8.0,2026-06-15
46905,6.0,2026-06-15
26364,8.0,2026-06-15
39100,6.0,2026-06-15
60864,8.0,2026-06-15
