questionnaire,enqueteur,grappe,strate,duree_min,lat,lon,age,straightlining,prob_inclusion,repondant,sexe,milieu,compte_bancaire,nb_corrections,distance_grappe_m,heure_debut,rang_dans_journee,classe_age,menage_id,invalide,poids_final
Q000001,E007,88,4,36.2,4.342228435236426,18.59135925541301,28,0.154,0.0114,1,F,Rural,oui,0,614.0,7,1,15a34,Q000001,0,87.72
Q000002,E059,105,1,40.9,4.386070641248606,18.58216361293797,14,0.167,0.0668,0,H,Rural,non,3,80.0,18,6,moins15,Q000002,1,14.97
Q000003,E050,18,3,35.6,4.316877632438694,18.431583932396755,30,0.143,0.0602,0,H,Rural,non,3,344.0,15,7,15a34,Q000003,0,16.61
Q000004,E033,30,5,36.3,4.3612,18.5551,56,0.267,0.0348,1,H,Rural,non,2,386.0,7,2,35plus,Q000004,1,28.74
Q000005,E033,5,4,27.9,4.407521243877983,18.58835938834192,18,0.078,0.0332,1,F,Rural,oui,2,6.0,17,6,15a34,Q000005,0,30.12
Q000006,E065,59,6,38.9,4.456579495264883,18.505568118480216,15,0.151,0.0242,1,H,Rural,non,2,407.0,11,4,15a34,Q000006,0,41.32
Q000007,E007,60,5,32.7,4.319891158083606,18.543563240687806,25,0.393,0.0731,1,F,Rural,non,1,4.0,15,7,15a34,Q000007,1,13.68
Q000008,E053,4,3,20.0,4.313685122439016,18.567955161792288,21,0.414,0.0215,1,H,Urbain,oui,1,139.0,8,8,15a34,Q000008,0,46.51
Q000009,E016,80,5,39.8,4.387566208620719,18.57418262800723,42,0.24,0.0721,1,F,Rural,non,2,659.0,14,6,35plus,Q000009,0,13.87
Q000010,E008,2,6,41.9,4.34631188479252,18.593034033176608,25,0.299,0.0185,1,H,Urbain,non,0,455.0,18,1,15a34,Q000010,0,54.05
Q000011,E040,96,4,44.4,4.4099659581280966,18.613555983971672,36,0.166,0.0201,0,H,Urbain,non,0,250.0,11,1,35plus,Q000011,0,49.75
Q000012,E074,85,5,49.2,4.425885501771707,18.581628559456906,55,0.334,0.0422,1,H,Rural,oui,1,434.0,12,6,35plus,Q000012,0,23.7
Q000013,E056,98,4,39.4,4.445140235320881,18.488627039367348,16,0.277,0.0285,1,H,Rural,non,1,166.0,10,1,15a34,Q000013,0,35.09
Q000014,E058,15,6,37.6,4.36291991488449,18.57932191052281,46,0.369,0.0581,1,H,Urbain,oui,0,111.0,11,8,35plus,Q000014,0,17.21
Q000015,E054,105,2,41.6,4.404019230895537,18.604087509165684,44,0.4,0.0457,1,H,Urbain,non,2,90.0,14,6,35plus,Q000015,0,21.88
Q000016,E059,66,3,27.8,4.3341520249469525,18.572674619331075,12,0.128,0.0441,1,F,Rural,non,1,236.0,8,3,moins15,Q000016,0,22.68
Q000017,E039,104,2,22.3,4.3708607500563605,18.614486398503296,51,0.19,0.0599,1,F,Urbain,non,1,609.0,18,7,35plus,Q000017,0,16.69
Q000018,E010,84,1,30.7,4.357328150120347,18.561877577175412,12,0.128,0.0434,1,F,Urbain,non,1,8.0,8,2,moins15,Q000018,0,23.04
Q000019,E063,79,4,42.9,4.354661326971998,18.5436503513074,9,0.159,0.0316,1,F,Rural,non,1,140.0,11,3,moins15,Q000019,0,31.65
Q000020,E034,4,1,29.4,4.451195835009213,18.507648918675976,18,0.113,0.0627,1,F,Rural,non,1,125.0,12,7,15a34,Q000020,0,15.95
Q000021,E038,84,2,37.3,4.2928960039700135,18.65171708486576,18,0.272,0.0491,0,H,Urbain,oui,1,262.0,12,8,15a34,Q000021,0,20.37
Q000022,E028,54,5,38.0,4.3597510885269255,18.497734581221426,25,0.026,0.012,1,F,Urbain,non,3,124.0,7,7,15a34,Q000022,0,83.33
Q000023,E014,102,2,35.7,4.362688525905338,18.54976074122388,14,0.138,0.0116,1,H,Rural,oui,2,491.0,12,8,moins15,Q000023,0,86.21
Q000024,E070,83,6,25.1,4.392165039641545,18.53218545946649,39,0.348,0.0183,1,F,Rural,non,1,51.0,15,6,35plus,Q000024,0,54.64
Q000025,E059,9,1,36.4,4.305141384328462,18.483289991825124,29,0.324,0.0457,1,H,Rural,non,1,620.0,9,5,15a34,Q000025,0,21.88
Q000026,E049,107,3,31.0,4.345050742881354,18.594408544453593,33,0.146,0.0479,0,H,Rural,non,0,49.0,15,5,15a34,Q000026,0,20.88
Q000027,E031,8,1,45.9,4.3302116634575905,18.574947677099626,41,0.051,0.0456,0,F,Urbain,non,0,159.0,8,2,35plus,Q000027,0,21.93
Q000028,E062,36,1,42.0,4.247404410651183,18.56219889612212,53,0.326,0.0331,1,H,Rural,non,2,93.0,16,1,35plus,Q000028,0,30.21
Q000029,E041,27,5,31.3,4.418123902058055,18.518631134397857,24,0.057,0.0184,1,F,Urbain,non,1,291.0,9,3,15a34,Q000029,0,54.35
Q000030,E034,117,1,46.4,4.286503383540502,18.578169094032997,21,0.091,0.0783,0,H,Rural,non,4,546.0,14,8,15a34,Q000030,0,12.77
Q000031,E034,19,6,36.4,4.279839059773096,18.536944340570614,43,0.133,0.0112,1,H,Urbain,oui,2,298.0,11,1,35plus,Q000031,0,89.29
Q000032,E018,102,4,22.3,4.4073814011520875,18.57405142128367,49,0.311,0.0578,1,F,Rural,non,0,15.0,9,1,35plus,Q000032,0,17.3
Q000033,E007,27,3,33.5,4.343257245509247,18.62180690393448,32,0.134,0.0159,1,H,Rural,oui,1,518.0,9,5,15a34,Q000033,0,62.89
Q000034,E042,79,6,45.4,4.344985796907399,18.42782076455102,32,0.238,0.0431,1,F,Rural,oui,3,36.0,8,2,15a34,Q000034,0,23.2
Q000035,E067,11,3,28.3,4.345939004950141,18.600106385928825,27,0.595,0.0613,1,F,Rural,non,1,284.0,15,2,15a34,Q000035,0,16.31
Q000036,E005,48,3,33.5,4.413718534112745,18.668673426244215,21,0.032,0.0227,1,F,Rural,non,1,340.0,15,1,15a34,Q000036,0,44.05
Q000037,E065,75,3,24.5,4.332408946114003,18.636042199891303,25,0.355,0.0783,1,H,Rural,non,1,1048.0,16,3,15a34,Q000037,0,12.77
Q000038,E063,86,4,25.6,4.389753284212846,18.588649368979194,29,0.113,0.0544,1,H,Urbain,oui,1,373.0,10,6,15a34,Q000038,0,18.38
Q000039,E021,105,6,28.2,4.302941195650319,18.611171759238566,40,0.089,0.029,1,F,Rural,non,0,10.0,9,8,35plus,Q000039,0,34.48
Q000040,E048,98,4,25.4,4.37650225558841,18.507519804673016,43,0.033,0.0175,1,H,Urbain,non,2,553.0,14,6,35plus,Q000040,0,57.14
Q000041,E013,63,2,12.6,4.405134582677461,18.56201657525579,17,0.023,0.0506,1,H,Rural,oui,1,5.0,12,8,15a34,Q000041,1,19.76
Q000042,E057,37,6,46.2,4.4302548196766285,18.542500942584766,31,0.125,0.0497,1,H,Urbain,oui,1,397.0,18,1,15a34,Q000042,0,20.12
Q000043,E053,32,4,33.7,4.282543528156017,18.526642097406878,20,0.092,0.0269,1,H,Rural,oui,3,761.0,15,5,15a34,Q000043,1,37.17
Q000044,E027,120,5,39.5,4.345165156079008,18.599414934418622,27,0.056,0.0362,1,F,Urbain,non,1,66.0,16,4,15a34,Q000044,0,27.62
Q000045,E006,73,3,41.6,4.439918172744138,18.54012527339222,32,0.218,0.0457,1,H,Rural,oui,1,166.0,8,1,15a34,Q000045,0,21.88
Q000046,E073,110,2,26.2,4.406093445430793,18.45728426389717,45,0.231,0.0663,0,F,Urbain,non,0,412.0,17,1,35plus,Q000046,0,15.08
Q000047,E034,53,6,28.2,4.350049401030996,18.57192318221519,30,0.066,0.075,1,F,Urbain,non,2,787.0,17,5,15a34,Q000047,1,13.33
Q000048,E067,59,5,39.4,4.36019045382346,18.548613160739308,37,0.103,0.0715,1,H,Rural,non,1,79.0,14,7,35plus,Q000048,0,13.99
Q000049,E051,100,2,10.7,4.374850936088661,18.584656595071035,14,0.462,0.0332,1,F,Rural,non,1,720.0,18,3,moins15,Q000049,1,30.12
Q000050,E059,87,6,38.9,4.341350916060993,18.52951425848207,13,0.292,0.0752,0,F,Rural,non,1,1524.0,16,3,moins15,Q000050,0,13.3
Q000051,E057,25,1,45.7,4.387357515612391,18.46385925022203,27,0.22,0.0355,1,F,Rural,non,1,333.0,13,3,15a34,Q000051,0,28.17
Q000052,E015,63,6,23.8,4.384525441576514,18.501281803028863,81,0.248,0.0189,1,F,Rural,oui,1,71.0,16,3,35plus,Q000052,0,52.91
Q000053,E028,26,4,31.5,4.304260958554471,18.504233698429836,19,0.415,0.0273,1,H,Rural,non,3,191.0,7,7,15a34,Q000053,0,36.63
Q000054,E036,92,4,32.6,4.3355113997498265,18.49861809669462,33,0.125,0.0487,0,F,Rural,oui,1,39.0,14,8,15a34,Q000054,0,20.53
Q000055,E038,4,1,30.3,4.337295650797843,18.521866791839667,37,0.133,0.0551,0,H,Urbain,non,1,917.0,18,4,35plus,Q000055,0,18.15
Q000056,E004,100,2,29.7,4.347223868449032,18.586362112814342,31,0.078,0.0399,1,H,Rural,non,3,250.0,9,4,15a34,Q000056,0,25.06
Q000057,E041,112,5,30.6,4.373493818503671,18.480938119000875,22,0.166,0.064,1,H,Rural,oui,3,125.0,18,1,15a34,Q000057,0,15.62
Q000058,E012,3,4,33.9,4.369023704666131,18.59415171875229,39,0.138,0.0169,1,F,Rural,non,1,269.0,18,4,35plus,Q000058,0,59.17
Q000059,E056,76,1,35.2,4.324012210430026,18.48651326567735,15,0.374,0.0715,1,F,Urbain,non,1,16.0,10,7,15a34,Q000059,1,13.99
Q000060,E052,10,4,40.7,4.427013736256956,18.53094388358017,36,0.385,0.0643,1,F,Rural,oui,2,178.0,12,2,35plus,Q000060,0,15.55
Q000061,E070,44,5,33.8,4.360252808391119,18.54821824615963,22,0.118,0.0471,1,H,Rural,oui,0,595.0,7,5,15a34,Q000061,0,21.23
Q000062,E056,41,2,41.8,4.433180953163953,18.53501584815068,45,0.064,0.0229,1,H,Rural,non,0,165.0,14,7,35plus,Q000062,0,43.67
Q000063,E028,63,5,29.9,4.432009334520764,18.58109367567632,5,0.11,0.0664,0,F,Rural,oui,3,338.0,10,4,moins15,Q000063,1,15.06
Q000064,E073,111,6,25.6,4.3070398417284,18.54457974123412,29,0.337,0.0675,0,H,Rural,non,1,675.0,18,8,15a34,Q000064,0,14.81
Q000065,E031,56,3,31.9,4.335483067055795,18.542155226141812,15,0.387,0.0273,1,F,Rural,non,3,358.0,13,6,moins15,Q000065,1,36.63
Q000066,E025,48,2,37.2,4.3391367327566215,18.431180629237854,43,0.045,0.0114,1,H,Rural,non,1,79.0,15,3,35plus,Q000066,0,87.72
Q000067,E068,12,6,40.0,4.375665527000098,18.570037674244467,43,0.207,0.0164,1,F,Rural,non,2,606.0,13,6,35plus,Q000067,0,60.98
Q000068,E028,107,6,7.6,4.396320450101847,18.643932854641847,0,0.106,0.0313,0,F,Rural,non,0,44.0,12,3,moins15,Q000068,1,31.95
Q000069,E006,38,3,36.0,4.367346317169465,18.525403477594782,10,0.104,0.0187,0,H,Urbain,non,2,579.0,10,2,moins15,Q000069,1,53.48
Q000070,E036,56,3,39.3,4.332454756544628,18.58302435754431,44,0.117,0.0798,1,F,Rural,non,1,197.0,12,5,35plus,Q000070,0,12.53
Q000071,E060,12,6,43.6,4.442580184239416,18.50880918219722,28,0.144,0.0122,1,H,Urbain,non,1,267.0,14,6,15a34,Q000071,0,81.97
Q000072,E015,35,1,28.5,4.338078671772397,18.599270012913298,40,0.065,0.0212,1,H,Rural,non,2,151.0,17,7,35plus,Q000072,0,47.17
Q000073,E035,67,2,32.5,4.397091426832763,18.575947510703173,30,0.033,0.0623,1,F,Rural,non,1,502.0,16,1,15a34,Q000073,0,16.05
Q000074,E010,109,4,53.4,4.358141869841782,18.531670725627745,33,0.049,0.0785,1,F,Rural,oui,0,586.0,15,6,15a34,Q000074,0,12.74
Q000075,E052,40,4,40.0,4.356741656012318,18.528376944925604,45,0.199,0.063,1,H,Rural,oui,0,1441.0,15,2,35plus,Q000075,0,15.87
Q000076,E036,68,4,37.6,4.393687616728516,18.5822672637479,13,0.166,0.0346,1,H,Rural,non,0,504.0,11,1,moins15,Q000076,0,28.9
Q000077,E025,106,3,40.3,4.437150132198592,18.552045924999398,24,0.198,0.062,1,H,Urbain,non,1,12.0,11,7,15a34,Q000077,0,16.13
Q000078,E018,44,6,24.7,4.375249575051411,18.48843139439623,15,0.236,0.0704,1,F,Urbain,oui,2,158.0,15,2,15a34,Q000078,0,14.2
Q000079,E043,36,4,29.5,4.335558315283444,18.47359723903786,35,0.234,0.0476,0,H,Rural,non,1,853.0,18,8,35plus,Q000079,0,21.01
Q000080,E051,6,4,26.9,4.43400362597385,18.579412222800176,11,0.35,0.0776,1,F,Rural,non,0,853.0,17,1,moins15,Q000080,0,12.89
Q000081,E071,109,6,36.9,4.384692226590467,18.511845572098615,44,0.197,0.0642,1,F,Rural,non,1,42.0,18,6,35plus,Q000081,0,15.58
Q000082,E033,14,1,31.4,4.368518136596366,18.551763845011568,22,0.064,0.0519,1,H,Rural,non,1,193.0,15,2,15a34,Q000082,0,19.27
Q000083,E013,26,5,34.7,4.411383731142577,18.57940469809277,40,0.24,0.053,1,H,Rural,non,2,69.0,11,7,35plus,Q000083,1,18.87
Q000084,E063,17,6,31.8,4.376110937317743,18.489876745483684,19,0.01,0.0116,1,H,Rural,non,0,297.0,11,2,15a34,Q000084,0,86.21
Q000085,E048,85,4,22.6,4.482847626045586,18.49928929275792,43,0.207,0.0654,1,H,Urbain,non,1,79.0,11,1,35plus,Q000085,0,15.29
Q000086,E053,44,4,40.2,4.360092858618515,18.631131746215924,48,0.506,0.045,1,H,Rural,non,1,14.0,16,6,35plus,Q000086,0,22.22
Q000087,E008,85,3,21.7,4.417482656249869,18.529385584471015,42,0.078,0.0297,1,H,Rural,oui,1,71.0,11,5,35plus,Q000087,0,33.67
Q000088,E024,73,2,28.9,4.382099409237157,18.600950048490134,17,0.256,0.0596,1,H,Rural,oui,1,616.0,13,5,15a34,Q000088,0,16.78
Q000089,E058,2,4,24.8,4.381934232740493,18.675363424254556,52,0.034,0.0404,1,H,Rural,oui,0,12.0,8,7,35plus,Q000089,0,24.75
Q000090,E063,37,6,27.8,4.341896154355771,18.56195957651233,41,0.198,0.0386,1,H,Rural,oui,0,14.0,10,4,35plus,Q000090,0,25.91
Q000091,E033,1,3,35.4,4.342144282898986,18.50689838070216,21,0.154,0.0535,0,H,Rural,oui,1,658.0,8,1,15a34,Q000091,0,18.69
Q000092,E061,8,1,42.6,4.384831585619939,18.556351463798187,35,0.036,0.0297,1,H,Rural,oui,1,133.0,13,3,35plus,Q000092,0,33.67
Q000093,E064,57,3,7.7,4.316586934644018,18.540560834143164,54,0.163,0.0397,1,F,Rural,oui,1,12.0,17,2,35plus,Q000093,1,25.19
Q000094,E030,32,1,30.1,4.331222560343121,18.553356841306698,15,0.35,0.0346,1,F,Rural,non,2,297.0,13,8,15a34,Q000094,1,28.9
Q000095,E068,11,6,21.8,4.360764915270336,18.585854504870433,17,0.24,0.0767,1,H,Rural,oui,2,217.0,8,1,15a34,Q000095,0,13.04
Q000096,E022,50,4,29.8,4.42201863830183,18.5915805326522,29,0.608,0.0731,1,H,Rural,oui,0,187.0,7,4,15a34,Q000096,0,13.68
Q000097,E018,55,2,34.5,4.364026606085886,18.44976184481145,10,0.457,0.0473,1,H,Rural,non,0,20.0,17,2,moins15,Q000097,1,21.14
Q000098,E052,120,4,39.4,4.363234566053049,18.609497582568835,32,0.321,0.0475,0,H,Urbain,oui,1,497.0,16,5,15a34,Q000098,0,21.05
Q000099,E048,80,4,19.2,4.307069233406161,18.563681941409847,41,0.305,0.0536,0,F,Rural,non,0,1192.0,12,4,35plus,Q000099,0,18.66
Q000100,E011,48,4,37.9,4.444784367187639,18.521322065581884,33,0.172,0.0267,0,F,Urbain,non,0,237.0,9,8,15a34,Q000100,0,37.45
Q000101,E063,57,4,27.2,4.415355798605502,18.58670750993982,20,0.084,0.0359,1,F,Urbain,oui,1,856.0,10,1,15a34,Q000101,0,27.86
Q000102,E015,11,6,25.5,4.420985242164229,18.49747673705664,44,0.055,0.0788,1,F,Urbain,non,2,516.0,18,2,35plus,Q000102,0,12.69
Q000103,E061,47,6,34.5,4.287367303319059,18.499806577056475,28,0.074,0.0483,0,H,Rural,oui,0,229.0,16,4,15a34,Q000103,0,20.7
Q000104,E001,70,2,38.4,4.3775776459727,18.602948845555705,19,0.085,0.0233,1,F,Rural,oui,3,21.0,14,1,15a34,Q000104,0,42.92
Q000105,E060,3,2,33.3,4.313087267602986,18.55335124200057,35,0.321,0.0568,1,F,Rural,oui,0,111.0,10,7,15a34,Q000105,1,17.61
Q000106,E060,111,6,26.3,4.398581471022563,18.628384470042473,49,0.306,0.065,1,H,Rural,non,1,84.0,17,7,35plus,Q000106,0,15.38
Q000107,E059,62,4,33.3,4.376084609198751,18.51569294339258,22,0.126,0.0516,0,H,Urbain,non,1,13.0,11,2,15a34,Q000107,0,19.38
Q000108,E050,95,1,28.9,4.38594151624026,18.56456690455122,55,0.144,0.07,0,F,Rural,non,1,192.0,12,3,35plus,Q000108,0,14.29
Q000109,E036,34,4,38.2,4.324169466481765,18.56937044337278,32,0.021,0.0553,1,H,Urbain,oui,1,242.0,7,3,15a34,Q000109,0,18.08
Q000110,E053,101,1,41.5,4.3612,18.5551,32,0.366,0.0679,1,F,Urbain,oui,2,14.0,8,5,15a34,Q000110,1,14.73
Q000111,E021,45,1,41.1,4.327963601775035,18.581037664636906,32,0.193,0.0168,1,H,Rural,oui,2,827.0,16,8,15a34,Q000111,0,59.52
Q000112,E059,112,2,33.9,4.375390021167111,18.572980654085065,22,0.23,0.0722,1,F,Rural,non,3,982.0,14,1,15a34,Q000112,0,13.85
Q000113,E042,63,2,41.9,4.347888534405318,18.55095889673809,11,0.321,0.0745,1,F,Rural,oui,1,180.0,12,3,moins15,Q000113,0,13.42
Q000114,E035,77,1,26.9,4.3726580014254965,18.452919613474933,60,0.311,0.0121,1,H,Rural,non,2,37.0,9,3,35plus,Q000114,0,82.64
Q000115,E038,25,6,46.5,4.308801435266776,18.593208589315946,13,0.293,0.0176,1,F,Urbain,non,0,59.0,16,3,moins15,Q000115,0,56.82
Q000116,E043,120,3,26.8,4.359673198599415,18.431309592584984,49,0.94,0.0337,1,F,Urbain,oui,0,542.0,17,6,35plus,Q000116,1,29.67
Q000117,E003,24,4,19.8,4.429755153644282,18.48831469645832,56,0.083,0.0473,1,H,Rural,oui,0,157.0,7,8,35plus,Q000117,0,21.14
Q000118,E011,4,6,43.6,4.376616796762479,18.514765626967517,20,0.094,0.0564,1,H,Rural,non,1,93.0,17,6,15a34,Q000118,0,17.73
Q000119,E019,53,6,29.0,4.379745376513286,18.59515959687271,40,0.064,0.017,1,F,Rural,non,0,729.0,14,1,35plus,Q000119,0,58.82
Q000120,E009,101,5,34.8,4.380145508705408,18.53888888534251,40,0.022,0.0538,1,F,Rural,oui,1,117.0,16,8,35plus,Q000120,1,18.59
Q000121,E033,111,2,26.8,4.334403515283828,18.643747612292376,41,0.315,0.0474,1,F,Rural,non,1,61.0,16,5,35plus,Q000121,0,21.1
Q000122,E051,103,5,50.5,4.441587001698808,18.480660192936647,21,0.178,0.0567,1,H,Rural,non,1,203.0,15,3,15a34,Q000122,0,17.64
Q000123,E050,67,6,46.8,4.37785120142322,18.495017449537364,25,0.099,0.054,1,H,Urbain,non,4,261.0,18,7,15a34,Q000123,0,18.52
Q000124,E036,111,1,44.8,4.3688600463147935,18.43747779569112,43,0.054,0.03,0,H,Urbain,non,0,665.0,15,5,35plus,Q000124,0,33.33
Q000125,E065,60,6,34.6,4.394348669118564,18.49266128111542,6,0.286,0.0419,0,F,Urbain,non,0,64.0,11,2,moins15,Q000125,0,23.87
Q000126,E043,58,6,40.9,4.407034693329025,18.51836856878218,0,0.209,0.0437,1,F,Urbain,non,4,557.0,10,2,moins15,Q000126,0,22.88
Q000127,E006,22,6,33.6,4.297719795205748,18.623246823851474,32,0.187,0.0445,1,H,Rural,oui,1,1081.0,11,3,15a34,Q000127,0,22.47
Q000128,E058,95,3,41.9,4.362818155663485,18.60228905998323,29,0.057,0.0195,1,F,Urbain,non,1,79.0,7,1,15a34,Q000128,0,51.28
Q000129,E044,38,2,31.1,4.471759068314755,18.56192252930177,33,0.181,0.0152,0,H,Rural,oui,3,226.0,9,6,15a34,Q000129,0,65.79
Q000130,E048,24,5,45.1,4.442765671767966,18.534437835009424,20,0.103,0.0544,1,H,Rural,non,2,660.0,7,1,15a34,Q000130,0,18.38
Q000131,E043,45,4,30.8,4.354679875641663,18.588236175313565,42,0.254,0.0612,1,H,Urbain,non,0,168.0,16,6,35plus,Q000131,0,16.34
Q000132,E042,73,5,31.6,4.396399963166559,18.613637886613184,43,0.264,0.067,1,F,Urbain,non,1,46.0,10,8,35plus,Q000132,0,14.93
Q000133,E007,33,2,30.7,4.343669574248807,18.517662817000712,33,0.123,0.0603,1,H,Urbain,non,5,102.0,18,3,15a34,Q000133,0,16.58
Q000134,E042,44,2,35.3,4.377683215891115,18.522638681270664,11,0.205,0.0531,1,H,Urbain,non,0,368.0,11,8,moins15,Q000134,0,18.83
Q000135,E060,40,6,31.3,4.3370842155263,18.528426750502998,46,0.078,0.0638,1,F,Urbain,non,2,576.0,17,2,35plus,Q000135,0,15.67
Q000136,E023,72,4,37.4,4.33623590497341,18.463275183315524,4,0.425,0.062,1,H,Rural,non,2,412.0,15,3,moins15,Q000136,0,16.13
Q000137,E046,86,6,30.6,4.330407269456335,18.61054668753893,10,0.43,0.0377,1,H,Rural,non,1,1.0,13,2,moins15,Q000137,1,26.53
Q000138,E003,82,6,39.5,4.444116065365769,18.520829421406066,42,0.262,0.0543,1,H,Rural,oui,1,118.0,8,5,35plus,Q000138,0,18.42
Q000139,E027,17,3,44.6,4.335977563995957,18.53553271292016,14,0.215,0.0474,0,H,Urbain,non,1,192.0,7,7,moins15,Q000139,0,21.1
Q000140,E033,42,2,34.5,4.4170885421053985,18.62279910227172,19,0.14,0.0274,1,F,Urbain,oui,0,174.0,17,5,15a34,Q000140,0,36.5
Q000141,E074,78,6,49.5,4.338416862335946,18.5230199971595,33,0.055,0.0562,1,F,Urbain,non,0,6.0,12,4,15a34,Q000141,0,17.79
Q000142,E017,26,5,41.9,4.332693011906166,18.61330354312404,44,0.326,0.0185,1,F,Urbain,oui,1,20.0,8,2,35plus,Q000142,0,54.05
Q000143,E021,9,4,49.0,4.379470270980921,18.462590986810415,39,0.298,0.0137,1,H,Urbain,non,1,771.0,13,2,35plus,Q000143,0,72.99
Q000144,E031,39,6,33.6,4.295063351731571,18.57807221641589,50,0.319,0.0751,1,H,Rural,non,2,292.0,9,1,35plus,Q000144,0,13.32
Q000145,E075,82,2,22.4,4.393233323258968,18.527726640056045,24,0.291,0.0287,1,H,Rural,oui,2,636.0,18,2,15a34,Q000145,0,34.84
Q000146,E065,80,3,29.1,4.353193509701411,18.471030115159735,18,0.152,0.051,1,F,Urbain,non,1,181.0,8,3,15a34,Q000146,0,19.61
Q000147,E003,16,1,29.8,4.332462030146256,18.493224550939495,11,0.353,0.0301,1,F,Urbain,oui,0,94.0,7,8,moins15,Q000147,0,33.22
Q000148,E018,82,3,27.3,4.3217257902790225,18.557020049641366,32,0.261,0.0771,1,F,Rural,oui,2,8.0,10,7,15a34,Q000148,0,12.97
Q000149,E062,24,3,18.6,4.458566808157977,18.502001955966925,35,0.163,0.0271,1,H,Rural,non,3,483.0,18,3,35plus,Q000149,0,36.9
Q000150,E005,89,3,41.2,4.358284483104702,18.569150274185343,67,0.107,0.0397,0,F,Rural,oui,0,389.0,14,6,35plus,Q000150,0,25.19
Q000151,E065,68,1,21.0,4.3561760782928465,18.512733269084737,40,0.296,0.0248,1,F,Rural,non,1,782.0,12,1,35plus,Q000151,1,40.32
Q000152,E022,16,5,40.5,4.403647574416055,18.469028171849374,5,0.166,0.071,1,F,Urbain,non,1,29.0,12,7,moins15,Q000152,0,14.08
Q000153,E069,43,3,49.3,4.317917713397858,18.59849041351641,48,0.064,0.014,0,F,Rural,non,0,42.0,12,5,35plus,Q000153,0,71.43
Q000154,E023,99,3,28.6,4.416714879544152,18.564719794392534,18,0.195,0.0679,1,F,Urbain,non,0,216.0,15,4,15a34,Q000154,0,14.73
Q000155,E033,52,6,36.7,4.358212901235067,18.459849522335862,11,0.362,0.0776,0,H,Urbain,oui,3,147.0,13,7,moins15,Q000155,0,12.89
Q000156,E050,83,3,31.2,4.290811509767734,18.582652268661235,46,0.065,0.054,1,H,Urbain,oui,0,477.0,15,5,35plus,Q000156,0,18.52
Q000157,E010,90,6,39.8,4.333475328928882,18.55610969725996,43,0.29,0.0636,1,F,Urbain,oui,1,233.0,8,8,35plus,Q000157,0,15.72
Q000158,E042,4,2,25.6,4.305242121207215,18.528420867574166,47,0.072,0.0305,1,F,Urbain,oui,0,28.0,9,6,35plus,Q000158,0,32.79
Q000159,E038,112,6,33.1,4.364057681931808,18.53040349875804,21,0.276,0.0369,1,F,Rural,non,0,140.0,11,6,15a34,Q000159,0,27.1
Q000160,E059,41,6,41.8,4.320320445369991,18.617021071908425,64,0.209,0.0113,0,H,Rural,non,0,22.0,14,8,35plus,Q000160,0,88.5
Q000161,E075,96,5,33.7,4.314814944028824,18.56595576321385,44,0.128,0.0603,1,H,Rural,non,0,305.0,9,8,35plus,Q000161,0,16.58
Q000162,E050,57,6,22.6,4.374610069908393,18.6194580041754,15,0.045,0.0448,1,H,Rural,oui,1,423.0,18,1,15a34,Q000162,1,22.32
Q000163,E031,70,5,42.7,4.362196704716676,18.57378894471748,64,0.105,0.0627,1,H,Rural,non,0,0.0,13,2,35plus,Q000163,0,15.95
Q000164,E031,44,4,24.9,4.420457841428584,18.561742039297584,39,0.048,0.0758,1,F,Rural,non,1,718.0,14,4,35plus,Q000164,0,13.19
Q000165,E032,103,5,34.6,4.418242516576001,18.5121354506659,30,0.26,0.0323,0,F,Urbain,non,0,189.0,15,4,15a34,Q000165,0,30.96
Q000166,E062,15,6,38.1,4.363068351942752,18.55788962085679,22,0.193,0.0107,1,F,Rural,non,2,807.0,17,5,15a34,Q000166,0,93.46
Q000167,E025,108,4,34.8,4.3849824116652965,18.60105003598165,0,0.148,0.0216,1,H,Rural,non,3,56.0,17,5,moins15,Q000167,0,46.3
Q000168,E013,25,5,51.8,4.28962361396387,18.554060931121338,42,0.323,0.019,1,F,Urbain,non,0,953.0,9,7,35plus,Q000168,0,52.63
Q000169,E026,106,1,39.1,4.3948020472247284,18.646819495079477,21,0.127,0.0213,1,H,Rural,oui,2,1260.0,9,6,15a34,Q000169,0,46.95
Q000170,E002,3,6,32.6,4.38053507506737,18.60097530125961,27,0.201,0.0147,1,F,Rural,non,0,196.0,12,6,15a34,Q000170,0,68.03
Q000171,E008,2,5,38.2,4.407703980565915,18.490087875856748,29,0.025,0.01,1,F,Rural,non,2,173.0,18,8,15a34,Q000171,0,100.0
Q000172,E007,12,1,35.5,4.3612,18.5551,18,0.173,0.0699,0,H,Urbain,non,3,262.0,17,1,15a34,Q000172,1,14.31
Q000173,E058,66,2,34.3,4.345124298075691,18.583666744038545,38,0.065,0.0421,1,F,Rural,oui,0,501.0,14,3,35plus,Q000173,0,23.75
Q000174,E055,32,2,35.7,4.345436558076289,18.47365267837458,18,0.208,0.0593,0,F,Rural,oui,0,346.0,15,1,15a34,Q000174,0,16.86
Q000175,E053,72,2,31.0,4.431729210495815,18.54417723058219,5,0.291,0.0361,1,F,Urbain,oui,1,53.0,14,4,moins15,Q000175,1,27.7
Q000176,E035,99,6,35.5,4.374146144408132,18.50336755906866,31,0.364,0.0772,1,H,Rural,non,0,157.0,9,1,15a34,Q000176,0,12.95
Q000177,E054,4,3,30.5,4.2852019749073,18.55203513347926,22,0.116,0.0164,1,H,Urbain,non,0,59.0,14,6,15a34,Q000177,0,60.98
Q000178,E013,64,3,20.7,4.392219066097811,18.503768149939418,1,0.357,0.0197,1,H,Urbain,non,2,87.0,9,6,moins15,Q000178,0,50.76
Q000179,E068,89,5,42.0,4.336835091513792,18.602670838093648,12,0.236,0.0503,1,H,Rural,non,1,607.0,18,5,moins15,Q000179,0,19.88
Q000180,E038,51,3,30.0,4.414229039269248,18.524540471667205,33,0.347,0.0268,1,H,Urbain,non,4,428.0,9,1,15a34,Q000180,0,37.31
Q000181,E071,112,6,35.0,4.386937549474903,18.58323210862285,33,0.201,0.033,0,F,Rural,oui,2,211.0,11,6,15a34,Q000181,0,30.3
Q000182,E012,80,5,28.7,4.422022212450921,18.475322824929854,51,0.23,0.053,1,F,Rural,oui,2,218.0,17,1,35plus,Q000182,0,18.87
Q000183,E038,5,2,28.9,4.4119429666506065,18.53476592189678,48,0.19,0.0715,1,H,Rural,oui,2,589.0,8,1,35plus,Q000183,0,13.99
Q000184,E053,65,4,26.7,4.406868347998325,18.486022293391503,37,0.331,0.0144,1,F,Rural,non,0,333.0,11,2,35plus,Q000184,0,69.44
Q000185,E038,47,3,40.6,4.416723721262154,18.609668865076976,20,0.311,0.0475,1,F,Rural,non,0,1900.0,12,5,15a34,Q000185,0,21.05
Q000186,E034,16,3,42.3,4.400752960808939,18.51128040299541,22,0.092,0.0164,1,F,Urbain,non,1,364.0,14,6,15a34,Q000186,0,60.98
Q000187,E013,115,6,34.2,4.325307882698533,18.54563700534376,37,0.052,0.0594,0,F,Rural,non,2,225.0,11,4,35plus,Q000187,0,16.84
Q000188,E029,27,3,30.2,4.302820753231639,18.5675955359099,45,0.466,0.0451,0,F,Urbain,oui,2,45.0,13,1,35plus,Q000188,0,22.17
Q000189,E018,11,1,22.1,4.31848732831649,18.512677228730247,39,0.038,0.074,0,H,Urbain,non,2,199.0,17,6,35plus,Q000189,0,13.51
Q000190,E023,27,3,39.6,4.396534742116144,18.489984164656168,23,0.17,0.0665,1,H,Rural,non,2,459.0,16,4,15a34,Q000190,0,15.04
Q000191,E052,99,4,29.3,4.248830153797494,18.559279856169425,34,0.233,0.0182,0,H,Rural,non,2,304.0,11,3,15a34,Q000191,0,54.95
Q000192,E048,72,1,26.2,4.359230031336245,18.45338647086564,25,0.414,0.0259,0,F,Rural,oui,2,298.0,9,5,15a34,Q000192,1,38.61
Q000193,E046,99,5,34.2,4.346706803565115,18.617089611200676,0,0.334,0.0549,1,F,Rural,non,0,73.0,13,1,moins15,Q000193,0,18.21
Q000194,E028,56,2,31.7,4.421192225829477,18.543165969744887,27,0.115,0.0395,0,H,Rural,non,0,191.0,18,3,15a34,Q000194,0,25.32
Q000195,E072,15,1,23.4,4.354139384231292,18.47629216066425,24,0.295,0.0419,1,F,Urbain,non,1,533.0,13,2,15a34,Q000195,0,23.87
Q000196,E007,47,4,24.3,4.341574128690225,18.53676790760144,42,0.036,0.0726,1,H,Rural,oui,0,235.0,9,1,35plus,Q000196,0,13.77
Q000197,E026,24,1,36.4,4.4258007550396385,18.578889848993864,14,0.964,0.0415,1,F,Urbain,non,3,335.0,7,5,moins15,Q000197,1,24.1
Q000198,E009,67,5,29.4,4.355404602470807,18.509146852042672,16,0.119,0.041,0,F,Rural,non,0,5.0,10,1,15a34,Q000198,0,24.39
Q000199,E026,33,1,37.6,4.347328335084757,18.4529000485671,46,0.261,0.0143,1,H,Urbain,oui,2,527.0,15,5,35plus,Q000199,0,69.93
Q000200,E073,117,3,35.0,4.335538699855981,18.54383178875933,17,0.345,0.0642,1,F,Rural,non,3,194.0,12,8,15a34,Q000200,0,15.58
Q000201,E028,46,1,41.3,4.374282033746309,18.588058965342555,20,0.538,0.0439,1,F,Rural,non,0,431.0,16,6,15a34,Q000201,0,22.78
Q000202,E069,38,3,28.2,4.343425878215579,18.561652226645705,38,0.198,0.0663,1,H,Rural,non,0,131.0,9,2,35plus,Q000202,0,15.08
Q000203,E038,119,6,35.6,4.343606522829151,18.570139027614847,41,0.094,0.0789,1,H,Rural,oui,1,493.0,16,1,35plus,Q000203,0,12.67
Q000204,E053,63,4,38.5,4.432511632633783,18.59783612106272,51,0.123,0.0574,1,H,Rural,oui,3,368.0,11,3,35plus,Q000204,0,17.42
Q000205,E035,21,4,29.6,4.3624446172095785,18.629147286354886,25,0.333,0.0371,1,F,Rural,non,1,22.0,10,3,15a34,Q000205,0,26.95
Q000206,E020,58,1,41.9,4.337589152243727,18.415329020490454,26,0.197,0.0352,1,H,Urbain,non,1,467.0,9,6,15a34,Q000206,0,28.41
Q000207,E058,31,2,22.3,4.310244755505552,18.483763056984845,28,0.134,0.0733,1,H,Urbain,non,1,313.0,11,8,15a34,Q000207,0,13.64
Q000208,E073,86,3,28.2,4.369925660658274,18.55839414286898,21,0.244,0.0578,1,H,Rural,non,1,434.0,14,6,15a34,Q000208,0,17.3
Q000209,E020,69,4,22.1,4.332012567013196,18.563852797023767,37,0.09,0.012,1,H,Rural,non,1,143.0,15,5,35plus,Q000209,0,83.33
Q000210,E059,88,2,7.3,4.34158335970057,18.472557684220654,26,0.195,0.0404,1,F,Urbain,non,0,406.0,10,2,15a34,Q000210,1,24.75
Q000211,E020,113,6,32.9,4.317423537064684,18.510890883878385,12,0.39,0.0226,1,F,Urbain,non,2,65.0,7,1,moins15,Q000211,0,44.25
Q000212,E054,88,4,39.8,4.369844965807945,18.636103283287,4,0.276,0.0207,1,F,Urbain,oui,2,953.0,13,1,moins15,Q000212,0,48.31
Q000213,E060,41,2,11.6,4.294833720979514,18.532296679360016,29,0.208,0.0582,1,H,Rural,non,1,37.0,16,8,15a34,Q000213,1,17.18
Q000214,E034,25,1,29.8,4.380573317802765,18.5605162525033,40,0.112,0.025,1,H,Rural,non,0,6.0,17,7,35plus,Q000214,0,40.0
Q000215,E056,64,4,23.2,4.332676381332389,18.63954155867461,20,0.029,0.0384,1,H,Urbain,oui,1,468.0,11,7,15a34,Q000215,0,26.04
Q000216,E021,54,3,25.5,4.3958319106046035,18.554708971011326,11,0.069,0.0179,1,H,Rural,oui,2,36.0,12,5,moins15,Q000216,0,55.87
Q000217,E006,38,5,36.2,4.384263152877026,18.58936884038655,54,0.388,0.0142,1,F,Rural,oui,2,253.0,18,8,35plus,Q000217,0,70.42
Q000218,E008,98,4,40.2,4.365200332151811,18.578552078411388,25,0.926,0.0449,1,H,Rural,non,0,687.0,18,2,15a34,Q000218,1,22.27
Q000219,E034,110,4,31.1,4.402307144931946,18.533203071497756,44,0.243,0.0301,1,H,Urbain,non,0,339.0,10,6,35plus,Q000219,0,33.22
Q000220,E068,46,6,42.5,4.4378474926579266,18.530345778150267,46,0.294,0.043,1,H,Urbain,non,1,346.0,14,4,35plus,Q000220,0,23.26
Q000221,E010,82,4,27.4,4.423424731825719,18.60908042029894,55,0.043,0.0563,1,H,Urbain,non,0,118.0,17,2,35plus,Q000221,1,17.76
Q000222,E035,119,5,31.3,4.294456771492778,18.54959716471121,30,0.115,0.0618,1,F,Urbain,non,0,683.0,7,7,15a34,Q000222,0,16.18
Q000223,E053,2,3,31.9,4.3612,18.5551,9,0.246,0.0322,1,F,Rural,oui,0,99.0,10,4,moins15,Q000223,1,31.06
Q000224,E016,44,6,44.7,4.3612,18.5551,2,0.394,0.0318,1,F,Rural,non,1,391.0,17,2,moins15,Q000224,1,31.45
Q000225,E055,89,3,34.9,4.391930501871206,18.40725882722142,27,0.041,0.0164,0,F,Rural,non,1,533.0,8,4,15a34,Q000225,0,60.98
Q000226,E023,60,5,21.4,4.333888545843178,18.628914628823615,56,0.945,0.0178,1,H,Rural,non,2,21.0,14,5,35plus,Q000226,1,56.18
Q000227,E061,96,6,40.7,4.331925804702631,18.540672342154185,32,0.434,0.0686,1,F,Rural,non,0,464.0,17,8,15a34,Q000227,0,14.58
Q000228,E044,57,3,46.9,4.32329120414234,18.550399020597624,51,0.34,0.0663,1,H,Rural,non,0,212.0,13,4,35plus,Q000228,0,15.08
Q000229,E042,8,1,32.3,4.374944452345004,18.5541512861292,16,0.077,0.0265,0,F,Rural,non,2,363.0,10,5,15a34,Q000229,0,37.74
Q000230,E014,53,2,27.7,4.391733820494108,18.61653445876224,52,0.259,0.0481,0,F,Urbain,non,1,25.0,13,1,35plus,Q000230,0,20.79
Q000231,E035,49,2,40.0,4.299419647601672,18.558708596318052,40,0.403,0.0177,1,F,Rural,non,1,197.0,12,1,35plus,Q000231,1,56.5
Q000232,E065,102,1,47.7,4.33428796776673,18.54886568168823,32,0.146,0.0162,1,H,Rural,non,0,121.0,11,2,15a34,Q000232,0,61.73
Q000233,E002,18,4,39.9,4.265248538467144,18.502383457729383,45,0.329,0.0722,1,F,Rural,oui,1,37.0,17,4,35plus,Q000233,0,13.85
Q000234,E057,19,2,22.6,4.24041566957959,18.51431846133126,22,0.336,0.0479,1,H,Urbain,non,2,105.0,11,7,15a34,Q000234,0,20.88
Q000235,E037,17,1,39.3,4.384233291068287,18.58210344288483,37,0.076,0.049,1,F,Rural,non,1,262.0,18,6,35plus,Q000235,0,20.41
Q000236,E054,69,1,36.8,4.3757713166970555,18.561134094058115,18,0.09,0.0208,1,H,Urbain,oui,4,228.0,13,5,15a34,Q000236,0,48.08
Q000237,E050,120,2,27.3,4.368620263374937,18.63435580457257,21,0.33,0.0394,0,F,Rural,oui,2,23.0,16,8,15a34,Q000237,0,25.38
Q000238,E033,75,3,43.0,4.439348897762154,18.509258227583615,15,0.116,0.0405,1,F,Urbain,non,2,650.0,8,7,15a34,Q000238,1,24.69
Q000239,E024,98,6,37.1,4.276213210870423,18.492306160652337,17,0.321,0.062,1,H,Rural,oui,2,34.0,15,8,15a34,Q000239,0,16.13
Q000240,E048,103,5,43.2,4.255994774984091,18.56498911934494,4,0.222,0.0605,1,H,Rural,non,0,3.0,18,3,moins15,Q000240,0,16.53
Q000241,E011,73,5,26.6,4.303832840497018,18.545729168413963,65,0.126,0.0399,0,H,Urbain,oui,2,111.0,16,2,35plus,Q000241,0,25.06
Q000242,E044,74,5,36.8,4.254017999359721,18.49007392480541,10,0.41,0.0663,1,F,Urbain,non,1,549.0,9,2,moins15,Q000242,1,15.08
Q000243,E008,30,5,27.7,4.329332203951313,18.52404909707976,46,0.057,0.0268,1,H,Urbain,non,1,482.0,16,8,35plus,Q000243,0,37.31
Q000244,E049,116,2,35.7,4.389142971554459,18.58523838917741,5,0.378,0.0243,1,H,Rural,non,1,609.0,17,1,moins15,Q000244,0,41.15
Q000245,E048,95,1,44.3,4.374828074912927,18.483988064802706,22,0.393,0.0254,1,F,Rural,non,2,163.0,18,6,15a34,Q000245,0,39.37
Q000246,E007,105,4,24.0,4.411375815381709,18.49312205666404,25,0.308,0.0631,1,F,Rural,non,1,229.0,17,8,15a34,Q000246,0,15.85
Q000247,E057,119,1,24.4,4.378538370491671,18.513587186110072,52,0.309,0.0212,1,F,Rural,non,0,244.0,7,8,35plus,Q000247,0,47.17
Q000248,E032,42,2,40.7,4.339797982885918,18.514614549018635,35,0.23,0.0596,1,F,Urbain,non,0,271.0,14,7,35plus,Q000248,0,16.78
Q000249,E060,18,5,33.9,4.33370192113232,18.589652314521746,14,0.115,0.0481,1,F,Rural,oui,1,111.0,12,6,moins15,Q000249,0,20.79
Q000250,E004,104,4,42.2,4.381872760496119,18.522239432061,25,0.329,0.071,1,F,Rural,non,1,741.0,8,2,15a34,Q000250,1,14.08
Q000251,E014,57,5,28.3,4.283491883115509,18.63156991620059,48,0.106,0.0458,1,F,Urbain,non,1,15.0,16,2,35plus,Q000251,0,21.83
Q000252,E038,116,4,34.4,4.20111560300564,18.497848821526965,46,0.216,0.0365,1,F,Rural,non,0,51.0,9,2,35plus,Q000252,0,27.4
Q000253,E015,84,4,38.8,4.37951116297643,18.568242298790185,20,0.094,0.0293,1,H,Rural,non,0,193.0,7,1,15a34,Q000253,0,34.13
Q000254,E025,31,2,35.5,4.371714574494935,18.547993773021904,8,0.203,0.05,1,F,Rural,non,1,453.0,13,6,moins15,Q000254,0,20.0
Q000255,E050,43,2,21.5,4.438464942013898,18.550160388689903,21,0.107,0.0169,1,F,Urbain,oui,0,71.0,8,4,15a34,Q000255,0,59.17
Q000256,E011,74,2,53.8,4.394821773453742,18.426908104642454,41,0.313,0.0221,1,F,Urbain,oui,2,342.0,7,4,35plus,Q000256,0,45.25
Q000257,E051,48,5,35.5,4.375458920246821,18.49512876001611,4,0.223,0.0632,1,H,Rural,oui,1,69.0,11,7,moins15,Q000257,0,15.82
Q000258,E008,34,6,24.6,4.344393479928727,18.541628900417173,28,0.201,0.077,0,H,Rural,non,0,126.0,8,8,15a34,Q000258,0,12.99
Q000259,E014,26,1,36.2,4.319443568905407,18.451521916295235,10,0.083,0.0359,1,H,Urbain,non,1,796.0,10,1,moins15,Q000259,1,27.86
Q000260,E045,78,4,37.0,4.345987339205649,18.403843900617183,23,0.175,0.0683,1,H,Urbain,oui,3,95.0,10,7,15a34,Q000260,0,14.64
Q000261,E060,5,3,41.0,4.407756697572039,18.488264924972828,38,0.089,0.0469,1,F,Rural,oui,0,421.0,14,5,35plus,Q000261,0,21.32
Q000262,E013,12,4,40.5,4.383183183432652,18.566865999810346,30,0.312,0.0582,1,F,Rural,oui,0,324.0,16,7,15a34,Q000262,0,17.18
Q000263,E023,6,2,32.5,4.406711538934997,18.573861300039642,41,0.323,0.0455,1,H,Rural,non,2,318.0,13,4,35plus,Q000263,0,21.98
Q000264,E070,89,1,21.9,4.365335675455139,18.48882122140096,49,0.132,0.0746,1,F,Urbain,non,0,974.0,16,1,35plus,Q000264,0,13.4
Q000265,E075,4,2,37.2,4.315022880785876,18.53993230112643,86,0.164,0.0279,1,H,Rural,oui,0,10.0,8,4,35plus,Q000265,0,35.84
Q000266,E044,51,2,22.5,4.418028967480075,18.57118478910348,44,0.095,0.0419,1,F,Rural,non,0,2.0,18,5,35plus,Q000266,0,23.87
Q000267,E034,15,1,42.5,4.413504283905874,18.616254018605584,40,0.215,0.08,1,H,Urbain,non,2,95.0,15,5,35plus,Q000267,1,12.5
Q000268,E027,71,3,28.9,4.36927617852339,18.61430867204638,21,0.059,0.0437,0,F,Rural,oui,1,341.0,13,3,15a34,Q000268,0,22.88
Q000269,E046,5,5,38.4,4.38779833070993,18.595564263531372,44,0.314,0.0711,1,H,Urbain,non,2,95.0,16,6,35plus,Q000269,0,14.06
Q000270,E045,4,6,29.4,4.385047583753749,18.523036018448778,54,0.121,0.0309,0,H,Rural,oui,2,54.0,7,5,35plus,Q000270,0,32.36
Q000271,E023,50,4,30.6,4.336580126515675,18.547535941414754,20,0.392,0.0746,1,H,Rural,non,0,1132.0,9,3,15a34,Q000271,0,13.4
Q000272,E002,84,2,28.4,4.346995573966916,18.553563635409354,22,0.578,0.0705,0,F,Rural,non,2,322.0,16,3,15a34,Q000272,0,14.18
Q000273,E012,14,3,39.0,4.314516341469065,18.539170765009334,21,0.096,0.0742,1,H,Rural,non,2,509.0,8,2,15a34,Q000273,0,13.48
Q000274,E072,60,2,29.7,4.346809482343622,18.481172417182968,11,0.225,0.0565,1,F,Urbain,non,1,203.0,14,2,moins15,Q000274,0,17.7
Q000275,E032,98,2,39.4,4.411542074503928,18.622054625829257,30,0.059,0.0767,1,F,Rural,oui,2,214.0,16,3,15a34,Q000275,0,13.04
Q000276,E037,76,6,29.8,4.402052744517178,18.571639451176644,10,0.457,0.0329,1,F,Rural,non,1,134.0,18,3,moins15,Q000276,0,30.4
Q000277,E036,91,4,32.4,4.387923127825134,18.59350075733206,29,0.041,0.0539,1,H,Rural,non,0,413.0,17,4,15a34,Q000277,0,18.55
Q000278,E059,38,3,34.2,4.407958905917546,18.583024628021004,35,0.138,0.0601,1,F,Rural,non,0,128.0,12,2,35plus,Q000278,0,16.64
Q000279,E005,114,3,35.1,4.341734288444132,18.52832844031984,35,0.358,0.0641,0,H,Rural,non,1,80.0,12,3,35plus,Q000279,0,15.6
Q000280,E007,18,2,27.5,4.301334084789881,18.475047061539648,23,0.268,0.0563,1,F,Urbain,oui,3,91.0,9,8,15a34,Q000280,0,17.76
Q000281,E021,73,3,38.9,4.3521561779048,18.58753832086441,7,0.071,0.0723,1,H,Rural,oui,1,572.0,9,6,moins15,Q000281,0,13.83
Q000282,E037,53,4,32.1,4.356115601307344,18.58432076907197,49,0.427,0.0519,1,F,Rural,non,0,92.0,15,1,35plus,Q000282,0,19.27
Q000283,E051,4,6,37.8,4.393786869890413,18.56448359709949,4,0.071,0.0269,1,H,Rural,non,2,60.0,8,6,moins15,Q000283,0,37.17
Q000284,E037,114,3,33.9,4.385572339475596,18.657621869575916,32,0.178,0.0288,1,H,Urbain,oui,2,31.0,17,8,15a34,Q000284,0,34.72
Q000285,E034,85,2,38.1,4.410529023331819,18.521686846363636,53,0.348,0.0242,1,H,Urbain,non,5,149.0,10,5,35plus,Q000285,0,41.32
Q000286,E071,28,6,31.1,4.25925461552792,18.534267024864818,32,0.126,0.0118,1,F,Urbain,oui,4,78.0,18,2,15a34,Q000286,0,84.75
Q000287,E013,7,2,28.5,4.32009840573257,18.560333666639284,50,0.135,0.0494,1,F,Urbain,non,1,117.0,10,5,35plus,Q000287,0,20.24
Q000288,E043,82,1,37.0,4.355432020531909,18.525138787957726,38,0.133,0.0531,1,H,Rural,non,2,321.0,14,1,35plus,Q000288,0,18.83
Q000289,E041,66,4,30.5,4.3839676891402455,18.5382619277422,10,0.104,0.0334,1,H,Rural,non,0,39.0,10,7,moins15,Q000289,0,29.94
Q000290,E036,6,5,44.2,4.464719318223253,18.601627205706517,50,0.165,0.0579,1,F,Rural,non,2,167.0,12,7,35plus,Q000290,0,17.27
Q000291,E061,119,2,34.5,4.311134589141412,18.517625672917898,22,0.102,0.0113,1,H,Rural,non,0,14.0,17,4,15a34,Q000291,0,88.5
Q000292,E021,87,2,24.4,4.32450829949938,18.521032430443395,24,0.198,0.026,0,F,Rural,non,1,220.0,16,8,15a34,Q000292,1,38.46
Q000293,E072,56,2,29.9,4.338833655962847,18.578878498357067,41,0.071,0.0547,1,H,Urbain,non,0,22.0,10,1,35plus,Q000293,0,18.28
Q000294,E025,29,5,27.0,4.322721534098025,18.484011750855746,16,0.336,0.0373,0,F,Rural,non,0,79.0,18,5,15a34,Q000294,0,26.81
Q000295,E041,33,6,41.5,4.315588177232151,18.545904004947243,45,0.039,0.0417,1,H,Urbain,non,1,311.0,11,6,35plus,Q000295,0,23.98
Q000296,E040,55,6,39.4,4.362295870182609,18.54328240936628,37,0.22,0.0325,0,H,Urbain,non,0,149.0,11,3,35plus,Q000296,0,30.77
Q000297,E064,7,2,33.6,4.409182234663989,18.581332778835822,55,0.115,0.0177,1,H,Urbain,non,0,588.0,16,7,35plus,Q000297,0,56.5
Q000298,E033,45,6,36.0,4.36596753852603,18.590164768651604,48,0.175,0.0607,1,F,Rural,non,3,82.0,7,7,35plus,Q000298,0,16.47
Q000299,E022,27,2,33.4,4.3170142865902035,18.54200713227545,27,0.298,0.0522,1,H,Rural,non,2,34.0,9,2,15a34,Q000299,0,19.16
Q000300,E002,14,6,40.0,4.350189014097906,18.545704103212945,24,0.255,0.0531,1,H,Rural,non,1,533.0,18,7,15a34,Q000300,0,18.83
Q000301,E028,16,6,37.6,4.308070463348945,18.548240736969873,20,0.493,0.0215,1,H,Rural,non,0,180.0,15,7,15a34,Q000301,0,46.51
Q000302,E062,42,5,38.9,4.3612,18.5551,27,0.072,0.0525,1,F,Rural,oui,1,152.0,15,2,15a34,Q000302,1,19.05
Q000303,E001,46,6,32.7,4.433557645629789,18.614599121559984,17,0.203,0.0527,1,F,Rural,oui,1,406.0,15,8,15a34,Q000303,0,18.98
Q000304,E068,43,1,29.6,4.280243121567136,18.575088319095425,26,0.159,0.056,1,F,Urbain,oui,1,609.0,14,2,15a34,Q000304,0,17.86
Q000305,E041,83,4,38.7,4.371451318555643,18.613311155435518,12,0.098,0.0337,1,H,Rural,oui,2,453.0,7,7,moins15,Q000305,0,29.67
Q000306,E011,63,1,44.9,4.321089732158564,18.506160917524475,16,0.191,0.0261,0,F,Rural,oui,1,879.0,8,3,15a34,Q000306,0,38.31
Q000307,E023,24,4,41.7,4.363143850571093,18.612560180185294,51,0.213,0.0178,1,F,Rural,oui,1,53.0,12,4,35plus,Q000307,0,56.18
Q000308,E042,117,3,45.1,4.3557222244308935,18.55597609446899,10,0.034,0.0489,1,F,Rural,non,1,128.0,14,4,moins15,Q000308,0,20.45
Q000309,E024,88,6,35.1,4.292946956158601,18.58420939360924,9,0.253,0.0601,1,H,Rural,non,1,177.0,17,2,moins15,Q000309,0,16.64
Q000310,E009,57,3,27.2,4.420440833366893,18.454549359523426,20,0.326,0.0183,1,F,Urbain,non,2,543.0,8,6,15a34,Q000310,0,54.64
Q000311,E050,6,5,27.8,4.352414526401296,18.631318083934573,51,0.389,0.0314,1,F,Rural,oui,0,205.0,17,7,35plus,Q000311,0,31.85
Q000312,E051,110,2,43.7,4.3364994622109245,18.572024181915403,16,0.214,0.0594,0,F,Rural,non,2,607.0,15,5,15a34,Q000312,0,16.84
Q000313,E009,90,1,21.0,4.365815426096417,18.643187590012143,26,0.2,0.0205,1,H,Rural,non,1,281.0,15,5,15a34,Q000313,0,48.78
Q000314,E022,56,5,44.5,4.3164701288101845,18.605591028008227,35,0.089,0.0173,1,F,Urbain,non,0,445.0,14,1,35plus,Q000314,0,57.8
Q000315,E019,20,2,11.9,4.3508171573008045,18.447636039646948,38,0.111,0.0222,0,H,Rural,non,0,28.0,16,5,35plus,Q000315,1,45.05
Q000316,E050,13,5,47.5,4.268134015078137,18.62607922820897,29,0.083,0.0471,1,H,Rural,non,0,1.0,9,1,15a34,Q000316,0,21.23
Q000317,E055,35,3,33.5,4.242144236713062,18.55934446998328,36,0.301,0.0238,1,F,Rural,non,0,919.0,8,4,35plus,Q000317,0,42.02
Q000318,E055,28,6,39.1,4.3114961672216525,18.582095844416855,45,0.134,0.0734,1,H,Rural,oui,1,299.0,17,3,35plus,Q000318,0,13.62
Q000319,E071,26,3,11.1,4.333380752768237,18.577095859034525,11,0.181,0.0409,1,F,Rural,oui,2,359.0,18,8,moins15,Q000319,1,24.45
Q000320,E058,49,3,31.7,4.2721498164814005,18.545064197080396,20,0.181,0.0163,1,F,Rural,oui,0,454.0,18,7,15a34,Q000320,0,61.35
Q000321,E025,6,5,31.6,4.335126044333009,18.52977695278093,18,0.199,0.0732,1,F,Urbain,non,0,227.0,8,7,15a34,Q000321,0,13.66
Q000322,E009,40,5,29.1,4.333314025590337,18.585281946165377,25,0.293,0.0761,1,H,Urbain,oui,2,346.0,8,5,15a34,Q000322,0,13.14
Q000323,E047,105,1,27.0,4.356921834321075,18.508389596208286,49,0.383,0.018,0,F,Rural,oui,1,60.0,17,7,35plus,Q000323,0,55.56
Q000324,E069,104,5,31.7,4.390707669637189,18.55141262324972,45,0.277,0.0375,0,H,Urbain,non,0,363.0,11,8,35plus,Q000324,0,26.67
Q000325,E074,2,3,30.1,4.445604686965644,18.620092432921478,29,0.133,0.0599,1,F,Urbain,non,0,77.0,9,4,15a34,Q000325,0,16.69
Q000326,E018,82,6,25.2,4.381412496448058,18.489025994242905,43,0.285,0.0218,1,H,Urbain,oui,1,120.0,11,2,35plus,Q000326,0,45.87
Q000327,E018,119,4,32.5,4.310794323354403,18.540054369621224,62,0.173,0.053,1,H,Rural,non,1,39.0,13,2,35plus,Q000327,0,18.87
Q000328,E003,70,5,37.1,4.393324562981147,18.608405168631254,12,0.444,0.0631,1,F,Rural,non,0,378.0,12,6,moins15,Q000328,0,15.85
Q000329,E011,47,3,27.7,4.4300302192066425,18.509094910643075,20,0.137,0.0563,1,F,Urbain,non,1,29.0,13,6,15a34,Q000329,1,17.76
Q000330,E042,59,2,32.9,4.30398643084062,18.454594308012332,26,0.084,0.0296,1,F,Rural,oui,2,32.0,13,7,15a34,Q000330,0,33.78
Q000331,E042,26,5,43.8,4.306768828287658,18.45090709761606,36,0.28,0.023,0,H,Rural,non,0,68.0,12,7,35plus,Q000331,0,43.48
Q000332,E028,48,1,24.1,4.2889469956613775,18.526491312425254,38,0.206,0.0795,1,H,Urbain,non,2,455.0,10,6,35plus,Q000332,0,12.58
Q000333,E024,113,4,47.5,4.33177515413435,18.634209532429182,15,0.214,0.0422,1,F,Urbain,oui,1,27.0,18,3,15a34,Q000333,0,23.7
Q000334,E063,74,6,29.3,4.378660781027354,18.511862831281345,33,0.19,0.0606,0,H,Urbain,oui,0,120.0,12,1,15a34,Q000334,0,16.5
Q000335,E035,52,6,35.4,4.434160188170432,18.5356016993143,43,0.249,0.0743,1,H,Urbain,non,1,1105.0,12,4,35plus,Q000335,0,13.46
Q000336,E061,15,5,43.0,4.404583680408093,18.552654231795415,10,0.109,0.066,1,F,Urbain,oui,1,128.0,11,1,moins15,Q000336,1,15.15
Q000337,E073,109,3,45.1,4.379276329014194,18.605305700927463,33,0.936,0.0222,1,H,Urbain,non,2,34.0,16,7,15a34,Q000337,1,45.05
Q000338,E024,20,5,37.3,4.362287887700766,18.592850858902327,21,0.236,0.0741,1,F,Rural,oui,1,322.0,17,8,15a34,Q000338,0,13.5
Q000339,E016,87,1,29.1,4.379575862188568,18.54232957390073,9,0.203,0.0696,1,H,Urbain,oui,2,70.0,12,1,moins15,Q000339,0,14.37
Q000340,E072,37,5,28.5,4.382522227682776,18.579973258159736,45,0.282,0.0683,1,F,Urbain,non,0,636.0,14,7,35plus,Q000340,1,14.64
Q000341,E048,34,2,30.0,4.425159809801478,18.60304814156184,37,0.285,0.027,1,F,Rural,oui,1,34.0,15,5,35plus,Q000341,0,37.04
Q000342,E022,21,5,47.2,4.358955947060885,18.467726474489474,17,0.341,0.0131,1,F,Urbain,non,1,282.0,13,4,15a34,Q000342,0,76.34
Q000343,E047,46,3,31.3,4.37308737555035,18.53116001279434,44,0.078,0.0594,1,F,Rural,non,0,11.0,16,6,35plus,Q000343,0,16.84
Q000344,E039,82,5,36.3,4.33957511080042,18.489966216426215,62,0.095,0.0547,1,F,Urbain,non,2,79.0,17,3,35plus,Q000344,0,18.28
Q000345,E068,50,4,26.7,4.365670036918438,18.513669939991008,32,0.24,0.0142,1,H,Rural,non,1,259.0,17,2,15a34,Q000345,0,70.42
Q000346,E020,3,6,25.9,4.3471847846541225,18.582504389999677,10,0.386,0.0131,1,F,Rural,non,1,506.0,11,5,moins15,Q000346,0,76.34
Q000347,E075,32,5,34.2,4.300521413741636,18.4899860587947,26,0.19,0.0301,1,F,Rural,non,1,19.0,16,4,15a34,Q000347,0,33.22
Q000348,E071,20,6,9.4,4.403663838740688,18.665471579345184,1,0.417,0.0537,1,F,Rural,non,0,121.0,12,6,moins15,Q000348,1,18.62
Q000349,E014,49,1,32.2,4.434412710408285,18.582951261513568,29,0.433,0.0495,1,F,Rural,non,0,437.0,15,1,15a34,Q000349,0,20.2
Q000350,E013,109,3,23.6,4.358128633822995,18.520769489983675,25,0.374,0.0544,1,H,Rural,non,1,238.0,11,8,15a34,Q000350,1,18.38
Q000351,E040,116,3,33.5,4.37660266940557,18.54342488867974,42,0.146,0.0549,0,F,Rural,non,1,339.0,9,2,35plus,Q000351,0,18.21
Q000352,E004,120,1,44.8,4.403082231496497,18.48558811561791,22,0.337,0.0255,1,F,Urbain,non,0,837.0,10,5,15a34,Q000352,0,39.22
Q000353,E023,14,1,28.0,4.3528336944538015,18.476272832404696,45,0.13,0.0791,1,F,Urbain,oui,2,93.0,16,5,35plus,Q000353,1,12.64
Q000354,E033,59,1,40.3,4.369479728375819,18.53072873384896,18,0.071,0.0734,1,F,Rural,oui,0,43.0,14,2,15a34,Q000354,0,13.62
Q000355,E073,6,5,9.7,4.3491507679451695,18.615426552913593,29,0.288,0.048,1,H,Rural,oui,1,99.0,13,6,15a34,Q000355,0,20.83
Q000356,E075,60,3,28.4,4.33252485088408,18.479656587318328,9,0.089,0.0119,0,H,Rural,non,4,197.0,7,1,moins15,Q000356,0,84.03
Q000357,E012,70,5,20.6,4.386079265286951,18.611651211829084,14,0.025,0.0322,0,F,Rural,non,0,257.0,8,1,moins15,Q000357,0,31.06
Q000358,E067,93,6,42.7,4.38562610267499,18.540715419360943,42,0.405,0.0144,1,H,Rural,oui,0,14.0,18,1,35plus,Q000358,0,69.44
Q000359,E007,41,1,40.2,4.406127135367373,18.561932767830115,47,0.074,0.0577,0,H,Rural,oui,0,49.0,16,3,35plus,Q000359,0,17.33
Q000360,E057,5,6,26.8,4.359830121284225,18.55365186008321,21,0.047,0.0422,1,H,Urbain,non,1,67.0,8,6,15a34,Q000360,0,23.7
Q000361,E064,55,2,36.0,4.30000875949609,18.588722829781293,38,0.387,0.0122,1,F,Rural,non,1,815.0,17,8,35plus,Q000361,0,81.97
Q000362,E067,52,3,42.4,4.415383113175082,18.60488354624459,42,0.329,0.0324,1,F,Urbain,non,2,148.0,10,4,35plus,Q000362,0,30.86
Q000363,E017,75,6,43.5,4.323273118838321,18.539272119127354,14,0.24,0.011,1,F,Rural,oui,0,1122.0,8,2,moins15,Q000363,0,90.91
Q000364,E068,12,2,31.2,4.32240991929628,18.575492236413513,35,0.037,0.0491,1,H,Urbain,non,1,6.0,9,6,35plus,Q000364,1,20.37
Q000365,E009,74,6,18.5,4.333402180250126,18.61503788338959,30,0.021,0.0381,1,H,Rural,non,2,238.0,12,8,15a34,Q000365,1,26.25
Q000366,E039,49,4,27.7,4.272820372781944,18.590704170504086,36,0.064,0.0649,0,F,Rural,non,0,69.0,7,7,35plus,Q000366,0,15.41
Q000367,E036,89,1,39.4,4.349118869100192,18.52934163987177,29,0.229,0.0766,1,F,Rural,oui,1,259.0,18,1,15a34,Q000367,0,13.05
Q000368,E024,119,5,6.3,4.390967018966312,18.540245761224373,0,0.123,0.0521,1,F,Rural,non,1,507.0,12,5,moins15,Q000368,1,19.19
Q000369,E002,28,1,11.6,4.338318387895066,18.50067420537081,33,0.277,0.0342,0,F,Rural,non,1,482.0,16,4,15a34,Q000369,1,29.24
Q000370,E058,91,4,29.8,4.426909836906306,18.640887239667816,28,0.358,0.0701,1,H,Urbain,oui,0,973.0,18,3,15a34,Q000370,0,14.27
Q000371,E026,16,3,50.8,4.4238101705789665,18.56532375146304,26,0.071,0.0322,1,F,Rural,non,1,239.0,17,3,15a34,Q000371,0,31.06
Q000372,E050,119,1,36.8,4.40446444032604,18.47982921081284,6,0.067,0.0475,1,H,Urbain,non,0,42.0,14,2,moins15,Q000372,0,21.05
Q000373,E031,58,4,25.4,4.263252233495059,18.50800920800553,46,0.176,0.0761,1,F,Urbain,non,0,1409.0,8,2,35plus,Q000373,0,13.14
Q000374,E029,90,3,33.2,4.4316856055161535,18.542321560103463,31,0.209,0.0766,1,H,Rural,non,1,155.0,15,5,15a34,Q000374,0,13.05
Q000375,E067,94,1,41.0,4.348141152807353,18.61710348271297,0,0.228,0.0452,1,F,Rural,non,1,412.0,15,5,moins15,Q000375,0,22.12
Q000376,E008,73,4,33.5,4.443920563935353,18.540449999812253,51,0.256,0.0151,1,H,Urbain,non,0,750.0,10,5,35plus,Q000376,0,66.23
Q000377,E056,47,1,39.6,4.329796580864541,18.58019762779035,37,0.232,0.0274,1,F,Rural,non,2,691.0,18,6,35plus,Q000377,0,36.5
Q000378,E057,91,4,22.8,4.353009581636221,18.514269409016386,44,0.233,0.0392,0,F,Rural,oui,1,491.0,17,7,35plus,Q000378,0,25.51
Q000379,E029,58,2,24.0,4.36448143355043,18.582217645920505,26,0.283,0.0459,0,F,Rural,non,1,716.0,7,7,15a34,Q000379,0,21.79
Q000380,E020,80,5,28.9,4.313382415948779,18.615060443156292,30,0.058,0.0778,1,H,Rural,oui,1,1536.0,9,8,15a34,Q000380,0,12.85
Q000381,E001,74,6,32.0,4.278976738219811,18.589485005701277,45,0.127,0.0786,1,F,Urbain,non,0,86.0,15,2,35plus,Q000381,1,12.72
Q000382,E071,56,6,36.3,4.240118546503463,18.42715226105847,37,0.217,0.0602,1,H,Rural,non,1,629.0,9,4,35plus,Q000382,0,16.61
Q000383,E072,15,6,38.5,4.507640785329163,18.542371383561058,28,0.141,0.0473,0,F,Urbain,non,2,301.0,10,2,15a34,Q000383,0,21.14
Q000384,E019,36,1,51.3,4.276569420712814,18.497114328234765,21,0.048,0.0527,1,F,Rural,non,0,54.0,11,3,15a34,Q000384,0,18.98
Q000385,E003,113,4,28.8,4.277258331550399,18.58356246042024,0,0.06,0.0719,0,F,Rural,oui,0,418.0,10,4,moins15,Q000385,0,13.91
Q000386,E010,63,2,31.8,4.388599709828638,18.55351229633979,45,0.138,0.0212,1,H,Rural,oui,1,40.0,10,8,35plus,Q000386,1,47.17
Q000387,E006,77,1,29.0,4.288808310944934,18.635583349231364,45,0.028,0.01,1,F,Rural,non,0,153.0,12,5,35plus,Q000387,0,100.0
Q000388,E063,32,3,41.6,4.279520078118757,18.533382054041763,42,0.278,0.0113,1,H,Rural,non,1,365.0,7,4,35plus,Q000388,0,88.5
Q000389,E067,85,3,41.9,4.216281629219674,18.55364145522742,48,0.012,0.039,1,H,Rural,non,0,41.0,16,1,35plus,Q000389,0,25.64
Q000390,E012,59,2,30.9,4.374635905472948,18.54384059854466,17,0.438,0.038,1,H,Rural,non,0,261.0,14,7,15a34,Q000390,0,26.32
Q000391,E057,27,1,48.5,4.306497074109473,18.585935739605407,25,0.189,0.0308,1,F,Urbain,oui,2,48.0,14,7,15a34,Q000391,0,32.47
Q000392,E014,18,3,29.0,4.392169441708177,18.50142011433745,23,0.15,0.04,1,F,Rural,non,1,177.0,12,6,15a34,Q000392,0,25.0
Q000393,E028,48,1,41.2,4.356209737894295,18.499994336970527,1,0.058,0.0642,0,H,Rural,non,2,127.0,18,7,moins15,Q000393,0,15.58
Q000394,E045,68,1,44.2,4.364275975804563,18.521835243888493,22,0.133,0.0294,1,H,Rural,non,4,291.0,9,5,15a34,Q000394,0,34.01
Q000395,E054,34,3,24.5,4.33732866195738,18.579238168864762,33,0.025,0.0571,1,F,Urbain,oui,3,289.0,9,2,15a34,Q000395,0,17.51
Q000396,E066,30,1,38.0,4.346210474118855,18.60195554897053,46,0.199,0.0542,1,F,Rural,non,5,48.0,12,4,35plus,Q000396,0,18.45
Q000397,E004,33,6,14.9,4.3152595430316465,18.54534870806728,38,0.395,0.0783,1,H,Rural,oui,0,164.0,14,6,35plus,Q000397,0,12.77
Q000398,E015,36,6,39.8,4.319996137528185,18.57957735138718,21,0.288,0.0515,1,F,Urbain,oui,1,145.0,7,3,15a34,Q000398,0,19.42
Q000399,E022,89,6,26.3,4.305250262486676,18.575397994672873,45,0.093,0.0421,1,F,Rural,oui,3,91.0,11,5,35plus,Q000399,0,23.75
Q000400,E024,60,1,38.0,4.435699062119504,18.547123940411172,35,0.317,0.0149,1,H,Rural,non,1,99.0,10,1,35plus,Q000400,0,67.11
Q000401,E075,57,3,7.9,4.340193733872985,18.545935438705587,6,0.142,0.071,0,F,Rural,non,0,263.0,16,8,moins15,Q000401,1,14.08
Q000402,E059,20,5,41.8,4.246759095623016,18.588126553504164,34,0.151,0.0356,1,H,Rural,non,0,1269.0,11,3,15a34,Q000402,0,28.09
Q000403,E025,66,4,40.2,4.372938025344326,18.645780883881677,43,0.075,0.065,1,F,Urbain,non,0,55.0,10,5,35plus,Q000403,0,15.38
Q000404,E073,116,2,34.4,4.31981297029697,18.599400905260552,40,0.224,0.0573,1,H,Rural,oui,1,158.0,7,8,35plus,Q000404,1,17.45
Q000405,E038,90,5,31.3,4.357775968539159,18.61014337438925,13,0.103,0.0443,1,F,Rural,non,0,403.0,9,3,moins15,Q000405,0,22.57
Q000406,E038,54,2,33.5,4.346522595684688,18.65195531822312,17,0.354,0.0303,1,H,Rural,non,7,43.0,8,2,15a34,Q000406,0,33.0
Q000407,E033,37,6,26.2,4.434508790508899,18.515096196174163,62,0.066,0.0249,1,H,Rural,non,0,996.0,9,2,35plus,Q000407,0,40.16
Q000408,E011,43,1,32.5,4.340818697366742,18.585072459965744,15,0.109,0.039,1,F,Rural,non,3,790.0,14,6,15a34,Q000408,1,25.64
Q000409,E071,4,5,32.0,4.400803676237793,18.622813796101113,32,0.359,0.0647,1,F,Rural,non,4,18.0,7,6,15a34,Q000409,0,15.46
Q000410,E002,4,1,28.5,4.395525005250906,18.596959897471567,0,0.4,0.0279,1,F,Rural,non,1,2.0,8,2,moins15,Q000410,0,35.84
Q000411,E014,94,6,21.8,4.291672169353553,18.52004665996984,51,0.099,0.025,1,F,Rural,oui,2,597.0,12,3,35plus,Q000411,0,40.0
Q000412,E018,102,3,25.1,4.369387302671536,18.510159632536062,43,0.12,0.0235,1,F,Urbain,non,1,105.0,18,3,35plus,Q000412,0,42.55
Q000413,E021,117,1,11.9,4.32208366579993,18.63165249851006,57,0.216,0.0332,1,H,Urbain,non,2,393.0,18,1,35plus,Q000413,0,30.12
Q000414,E010,76,6,31.8,4.29956710218321,18.570784575246165,15,0.151,0.0198,1,F,Rural,non,0,391.0,10,4,15a34,Q000414,0,50.51
Q000415,E002,112,6,36.5,4.299763990177737,18.565278644745383,49,0.071,0.0765,1,F,Urbain,oui,0,24.0,8,6,35plus,Q000415,0,13.07
Q000416,E051,50,6,15.2,4.401065601784234,18.55097470386817,15,0.309,0.06,1,F,Urbain,oui,3,14.0,13,6,15a34,Q000416,0,16.67
Q000417,E073,31,3,35.7,4.492151367195531,18.625503844216198,54,0.154,0.0605,1,H,Rural,non,2,251.0,8,5,35plus,Q000417,0,16.53
Q000418,E010,30,1,33.1,4.319734614083516,18.598706014782234,0,0.043,0.0434,1,F,Urbain,non,0,25.0,8,8,moins15,Q000418,0,23.04
Q000419,E023,29,2,25.8,4.3612,18.5551,47,0.193,0.0306,1,H,Urbain,oui,1,98.0,18,2,35plus,Q000419,1,32.68
Q000420,E038,90,1,31.0,4.375521292988917,18.595571044654317,32,0.064,0.0695,1,F,Rural,non,0,222.0,16,2,15a34,Q000420,0,14.39
Q000421,E070,2,1,41.4,4.3335005834027385,18.558909827202466,41,0.313,0.0488,1,F,Urbain,non,2,126.0,10,4,35plus,Q000421,0,20.49
Q000422,E053,114,1,27.2,4.430380163917052,18.593592078502756,40,0.321,0.0307,1,F,Rural,non,3,34.0,14,6,35plus,Q000422,0,32.57
Q000423,E058,93,4,34.6,4.469847265162138,18.61781025313807,38,0.364,0.0116,1,F,Rural,oui,0,745.0,7,4,35plus,Q000423,0,86.21
Q000424,E044,46,5,36.4,4.330114821303588,18.611818550368007,70,0.305,0.0573,1,H,Urbain,oui,1,412.0,9,5,35plus,Q000424,1,17.45
Q000425,E032,85,4,28.2,4.4467196704138185,18.463712721230753,59,0.196,0.0609,1,H,Urbain,non,1,89.0,14,1,35plus,Q000425,0,16.42
Q000426,E015,17,2,41.1,4.332664396500776,18.575683052945475,40,0.258,0.0675,1,F,Rural,oui,0,478.0,15,4,35plus,Q000426,0,14.81
Q000427,E065,52,4,36.8,4.311487311091513,18.623904782449134,34,0.405,0.0463,1,H,Rural,non,1,901.0,18,5,15a34,Q000427,0,21.6
Q000428,E061,14,2,32.2,4.353033322826475,18.514059116381397,54,0.053,0.02,0,H,Urbain,non,0,547.0,9,5,35plus,Q000428,0,50.0
Q000429,E002,14,3,50.5,4.403450849818305,18.649462440538972,55,0.505,0.0275,0,H,Rural,non,1,98.0,11,7,35plus,Q000429,0,36.36
Q000430,E054,1,6,41.1,4.354788914964034,18.581034762972003,33,0.414,0.0412,1,F,Rural,non,0,28.0,9,5,15a34,Q000430,0,24.27
Q000431,E007,96,1,22.2,4.396889685652236,18.597923819179613,30,0.096,0.0505,1,H,Rural,non,2,258.0,12,8,15a34,Q000431,1,19.8
Q000432,E056,90,6,31.3,4.371328784519633,18.59787873741181,17,0.161,0.0356,1,F,Rural,non,1,411.0,10,2,15a34,Q000432,0,28.09
Q000433,E062,108,2,51.3,4.427642212562209,18.482777444966008,36,0.077,0.0315,0,H,Rural,non,0,1000.0,18,6,35plus,Q000433,0,31.75
Q000434,E010,118,5,27.1,4.386532543623641,18.59977087862034,35,0.254,0.0394,1,H,Rural,non,2,759.0,15,6,35plus,Q000434,0,25.38
Q000435,E033,116,2,34.5,4.43652752794539,18.574658803366713,46,0.427,0.0637,1,H,Urbain,non,1,106.0,18,2,35plus,Q000435,0,15.7
Q000436,E010,120,1,42.6,4.317120382909556,18.5276015831846,59,0.194,0.057,1,F,Rural,non,1,489.0,13,6,35plus,Q000436,0,17.54
Q000437,E043,2,3,38.6,4.349827199790665,18.631175425445655,50,0.175,0.0643,0,H,Urbain,non,2,111.0,8,3,35plus,Q000437,0,15.55
Q000438,E070,95,3,39.6,4.359923269949173,18.455259104881524,47,0.082,0.0399,1,F,Rural,non,0,623.0,12,3,35plus,Q000438,0,25.06
Q000439,E007,87,4,39.2,4.3173059792328,18.519373240104827,28,0.058,0.0664,1,H,Rural,non,2,224.0,12,2,15a34,Q000439,0,15.06
Q000440,E030,20,2,34.2,4.309644904833808,18.62267114662636,25,0.021,0.0346,1,H,Rural,non,0,601.0,10,1,15a34,Q000440,0,28.9
Q000441,E073,17,6,28.5,4.379105475112285,18.60045137064227,43,0.24,0.0738,1,H,Urbain,non,1,216.0,13,8,35plus,Q000441,0,13.55
Q000442,E023,118,5,37.0,4.393262440365869,18.523118612775903,40,0.089,0.0681,1,H,Urbain,non,1,313.0,11,4,35plus,Q000442,0,14.68
Q000443,E010,106,6,31.2,4.3656317870357375,18.514394233069808,42,0.224,0.0781,1,H,Rural,non,1,181.0,16,5,35plus,Q000443,0,12.8
Q000444,E037,40,5,30.6,4.4129510913952945,18.54190600928958,17,0.085,0.0717,1,F,Rural,oui,2,291.0,13,1,15a34,Q000444,0,13.95
Q000445,E039,9,5,44.4,4.304834167214914,18.569586084787133,17,0.083,0.0459,1,F,Urbain,oui,1,173.0,12,1,15a34,Q000445,0,21.79
Q000446,E050,41,1,31.3,4.340446957542798,18.53282351908464,24,0.22,0.0652,0,F,Rural,non,2,309.0,14,1,15a34,Q000446,0,15.34
Q000447,E024,1,4,45.9,4.301007205371679,18.55069702157865,42,0.264,0.022,1,F,Rural,non,1,67.0,9,6,35plus,Q000447,0,45.45
Q000448,E072,83,6,35.8,4.366969298274594,18.559634288394808,31,0.174,0.0609,1,H,Urbain,non,2,607.0,14,1,15a34,Q000448,0,16.42
Q000449,E040,46,1,32.9,4.384393376326864,18.538888863269477,54,0.222,0.0644,0,F,Urbain,non,1,564.0,18,7,35plus,Q000449,0,15.53
Q000450,E022,6,3,21.3,4.427092074277508,18.53361485545638,16,0.422,0.0398,1,H,Rural,non,0,360.0,16,1,15a34,Q000450,0,25.13
Q000451,E073,118,2,48.8,4.301137150527613,18.49752574609753,15,0.109,0.0342,1,F,Urbain,non,1,6.0,7,5,15a34,Q000451,1,29.24
Q000452,E070,100,5,34.0,4.3786211010308,18.55504056036849,28,0.239,0.0227,1,H,Urbain,non,0,367.0,16,2,15a34,Q000452,0,44.05
Q000453,E038,109,6,18.1,4.431805633941322,18.554047939702823,23,0.133,0.0491,1,H,Rural,oui,1,313.0,11,3,15a34,Q000453,0,20.37
Q000454,E002,120,1,40.9,4.30991554303844,18.50951554907557,19,0.056,0.0763,1,H,Urbain,oui,3,303.0,17,6,15a34,Q000454,0,13.11
Q000455,E045,2,5,33.6,4.298187650016817,18.57046512457829,32,0.258,0.0206,1,F,Rural,non,0,770.0,11,2,15a34,Q000455,0,48.54
Q000456,E042,94,3,27.5,4.286276652765977,18.615224943928816,33,0.166,0.0675,1,H,Rural,non,3,330.0,12,3,15a34,Q000456,0,14.81
Q000457,E012,95,6,40.5,4.391223869887315,18.55952426466168,12,0.38,0.0387,0,F,Rural,non,1,477.0,9,6,moins15,Q000457,0,25.84
Q000458,E048,94,1,16.2,4.32372612598523,18.577817916675663,22,0.155,0.0389,1,H,Urbain,non,4,371.0,11,3,15a34,Q000458,0,25.71
Q000459,E064,32,2,29.0,4.383902675016417,18.60570503299754,41,0.239,0.0703,1,H,Urbain,oui,3,220.0,17,2,35plus,Q000459,0,14.22
Q000460,E008,47,5,31.9,4.349192273731705,18.554597144172288,27,0.168,0.0617,1,F,Rural,non,1,1.0,9,4,15a34,Q000460,0,16.21
Q000461,E055,112,5,40.0,4.450045148185846,18.60094553109165,18,0.151,0.0635,1,F,Rural,non,1,117.0,18,8,15a34,Q000461,0,15.75
Q000462,E011,8,1,49.7,4.399393062342085,18.441153333321942,25,0.167,0.0287,1,F,Rural,oui,0,563.0,10,1,15a34,Q000462,0,34.84
Q000463,E057,77,1,32.3,4.319809532685054,18.52090829631572,12,0.092,0.0397,0,H,Rural,non,0,108.0,16,8,moins15,Q000463,0,25.19
Q000464,E032,96,3,37.2,4.344895443046098,18.50121207981405,55,0.216,0.0661,1,H,Rural,oui,3,90.0,11,8,35plus,Q000464,1,15.13
Q000465,E001,96,1,53.2,4.399393417814615,18.626806302938096,44,0.257,0.0515,0,H,Urbain,oui,4,466.0,17,3,35plus,Q000465,0,19.42
Q000466,E073,72,5,34.0,4.306568068314913,18.587880666502386,67,0.111,0.056,1,H,Rural,non,0,253.0,14,7,35plus,Q000466,0,17.86
Q000467,E013,93,5,37.3,4.419108304082421,18.49583250220296,30,0.186,0.0523,1,H,Rural,oui,0,248.0,7,5,15a34,Q000467,1,19.12
Q000468,E045,110,5,25.3,4.347489001468612,18.507473741348154,25,0.035,0.0321,1,H,Urbain,non,0,26.0,8,2,15a34,Q000468,0,31.15
Q000469,E014,92,3,47.7,4.40044549439954,18.487700192258604,18,0.115,0.0565,1,F,Urbain,non,1,441.0,17,7,15a34,Q000469,0,17.7
Q000470,E070,14,4,29.0,4.350194176580625,18.572623438258205,37,0.122,0.025,1,H,Rural,non,3,62.0,12,5,35plus,Q000470,0,40.0
Q000471,E056,30,4,35.9,4.333807844595715,18.565945187499242,24,0.375,0.0636,1,F,Rural,oui,2,431.0,7,3,15a34,Q000471,0,15.72
Q000472,E061,37,5,35.7,4.325625747824234,18.535119044210575,15,0.068,0.0231,1,F,Rural,non,2,376.0,10,8,15a34,Q000472,1,43.29
Q000473,E033,42,3,34.6,4.446618808979239,18.51241161679974,50,0.269,0.0184,1,H,Rural,oui,3,214.0,8,8,35plus,Q000473,0,54.35
Q000474,E036,44,4,31.0,4.345244099757261,18.55468159181072,30,0.183,0.0313,1,F,Rural,non,2,132.0,14,8,15a34,Q000474,1,31.95
Q000475,E048,27,4,35.7,4.514030311301059,18.68508268287673,34,0.454,0.0259,1,F,Rural,oui,1,88.0,9,4,15a34,Q000475,0,38.61
Q000476,E059,82,4,46.3,4.367591707160854,18.537047989646222,34,0.171,0.0199,0,H,Urbain,non,0,316.0,9,7,15a34,Q000476,0,50.25
Q000477,E064,14,6,50.0,4.317460520827734,18.613416683590373,37,0.106,0.0715,1,F,Urbain,non,2,229.0,15,5,35plus,Q000477,0,13.99
Q000478,E002,95,3,32.8,4.28073663093981,18.541249926398642,4,0.133,0.0438,1,H,Urbain,non,2,282.0,13,5,moins15,Q000478,0,22.83
Q000479,E050,80,6,30.9,4.4216391578761955,18.60464901925781,15,0.105,0.0642,1,H,Urbain,non,1,453.0,7,8,moins15,Q000479,1,15.58
Q000480,E009,116,1,28.3,4.350313465063765,18.586324532521505,58,0.384,0.0624,1,H,Rural,oui,2,813.0,15,2,35plus,Q000480,0,16.03
Q000481,E022,1,3,52.8,4.401134192504552,18.5545103451896,30,0.385,0.0204,1,H,Rural,non,1,110.0,12,7,15a34,Q000481,0,49.02
Q000482,E063,36,3,34.9,4.476113801491176,18.588095833082836,37,0.064,0.0355,1,H,Rural,oui,1,492.0,17,4,35plus,Q000482,1,28.17
Q000483,E019,108,6,41.8,4.3934417973911435,18.61605866202189,40,0.086,0.0746,0,H,Rural,non,2,152.0,10,6,35plus,Q000483,1,13.4
Q000484,E060,60,1,38.9,4.3768649478655295,18.559505600713365,25,0.144,0.0716,0,H,Rural,oui,1,69.0,18,2,15a34,Q000484,0,13.97
Q000485,E035,68,2,49.5,4.421315285361259,18.547069484510846,14,0.222,0.0518,0,F,Urbain,oui,0,1669.0,8,5,moins15,Q000485,0,19.31
Q000486,E018,4,3,32.3,4.400205775639465,18.589379986206602,10,0.238,0.0744,1,F,Urbain,oui,3,216.0,15,1,moins15,Q000486,0,13.44
Q000487,E026,92,5,26.3,4.29686286403549,18.637659582372518,15,0.05,0.0295,1,H,Rural,oui,2,238.0,8,7,15a34,Q000487,0,33.9
Q000488,E040,31,3,47.0,4.4266325706153316,18.486591894786383,20,0.069,0.0131,1,H,Rural,non,1,591.0,18,3,15a34,Q000488,0,76.34
Q000489,E058,116,4,40.3,4.357702149566072,18.492748948111636,20,0.152,0.0231,1,H,Urbain,non,1,274.0,12,8,15a34,Q000489,1,43.29
Q000490,E046,45,2,37.2,4.4370678125113505,18.62684524620538,11,0.128,0.0241,1,F,Rural,oui,0,36.0,13,8,moins15,Q000490,0,41.49
Q000491,E070,23,6,44.7,4.385352310172471,18.52904115915546,44,0.319,0.0639,0,H,Urbain,oui,1,135.0,18,7,35plus,Q000491,0,15.65
Q000492,E066,72,5,37.6,4.419577528777896,18.61834039086397,53,0.225,0.0681,1,H,Rural,non,2,24.0,16,4,35plus,Q000492,0,14.68
Q000493,E057,58,1,45.0,4.3612,18.5551,16,0.237,0.0656,1,H,Rural,non,1,320.0,9,3,15a34,Q000493,1,15.24
Q000494,E046,57,5,35.7,4.284134675195405,18.532681213809937,5,0.264,0.0394,1,F,Urbain,non,0,385.0,16,8,moins15,Q000494,0,25.38
Q000495,E022,114,1,40.3,4.388185645563347,18.60810740361814,31,0.111,0.0262,1,F,Urbain,oui,1,871.0,18,5,15a34,Q000495,0,38.17
Q000496,E031,44,4,37.7,4.408842595479622,18.592799387568995,53,0.074,0.0309,0,H,Urbain,non,1,52.0,12,4,35plus,Q000496,0,32.36
Q000497,E009,48,5,31.7,4.332153393960144,18.499397478785635,11,0.267,0.0441,0,H,Rural,non,1,848.0,17,2,moins15,Q000497,0,22.68
Q000498,E029,75,6,32.6,4.349834735092615,18.585944489372082,11,0.996,0.0557,1,F,Rural,non,2,202.0,7,5,moins15,Q000498,1,17.95
Q000499,E070,21,1,31.2,4.249282419528627,18.522700640261842,0,0.033,0.0388,1,F,Rural,oui,1,411.0,8,6,moins15,Q000499,0,25.77
Q000500,E032,100,2,35.9,4.352235139139789,18.57789779249536,34,0.169,0.0372,0,H,Rural,non,1,229.0,16,2,15a34,Q000500,0,26.88
Q000501,E009,28,5,30.8,4.297477388860706,18.559165754946918,15,0.316,0.0511,1,H,Urbain,non,0,224.0,9,1,15a34,Q000501,1,19.57
Q000502,E049,30,2,37.1,4.3858611707376225,18.54756502777081,44,0.205,0.0198,1,H,Urbain,non,0,167.0,18,4,35plus,Q000502,0,50.51
Q000503,E073,2,5,36.8,4.376746135091314,18.525279445858516,41,0.235,0.0511,1,F,Urbain,non,0,108.0,17,4,35plus,Q000503,0,19.57
Q000504,E066,42,2,35.4,4.360760017627273,18.472596398307545,53,0.199,0.0612,1,F,Urbain,non,1,240.0,12,3,35plus,Q000504,0,16.34
Q000505,E021,70,1,35.6,4.426132468140627,18.524596385316126,47,0.232,0.0143,1,H,Rural,oui,2,147.0,16,8,35plus,Q000505,0,69.93
Q000506,E035,85,4,30.0,4.372048238680611,18.59087748028334,7,0.18,0.0703,1,H,Rural,oui,2,25.0,11,6,moins15,Q000506,0,14.22
Q000507,E040,108,5,32.0,4.369672706962574,18.578964353828535,26,0.202,0.0487,1,F,Rural,oui,1,269.0,17,6,15a34,Q000507,0,20.53
Q000508,E019,94,2,22.3,4.376081095466285,18.514520657064665,50,0.251,0.0311,1,H,Rural,non,2,1181.0,15,1,35plus,Q000508,1,32.15
Q000509,E021,39,6,33.2,4.330859468805913,18.61150241249968,10,0.109,0.0751,1,F,Urbain,non,1,131.0,16,6,moins15,Q000509,0,13.32
Q000510,E018,100,6,27.1,4.409569183729346,18.57460427748098,25,0.409,0.0799,1,F,Urbain,oui,2,37.0,10,2,15a34,Q000510,0,12.52
Q000511,E075,24,1,34.7,4.314181836370595,18.587425659813224,32,0.157,0.0579,0,F,Rural,non,0,102.0,9,3,15a34,Q000511,0,17.27
Q000512,E056,26,2,29.0,4.3811377005756285,18.50478299095683,30,0.119,0.0275,1,F,Rural,oui,0,4.0,15,2,15a34,Q000512,0,36.36
Q000513,E064,43,4,19.6,4.42093411056015,18.64702512996399,35,0.107,0.0137,1,F,Urbain,non,0,239.0,13,4,35plus,Q000513,0,72.99
Q000514,E062,65,3,49.8,4.308676299344288,18.580934057199208,20,0.426,0.0362,0,F,Rural,non,1,8.0,8,8,15a34,Q000514,0,27.62
Q000515,E072,25,2,32.4,4.29288069215781,18.633881220252302,16,0.132,0.0296,1,F,Rural,oui,1,98.0,17,7,15a34,Q000515,0,33.78
Q000516,E008,109,4,44.1,4.307793593875372,18.52561400400254,37,0.424,0.0138,1,H,Rural,non,0,657.0,14,4,35plus,Q000516,0,72.46
Q000517,E067,33,6,30.3,4.450852790283569,18.46571876893376,28,0.241,0.0616,1,F,Rural,non,1,473.0,11,3,15a34,Q000517,0,16.23
Q000518,E005,48,2,45.9,4.329534645685721,18.509983321161357,62,0.321,0.0635,1,F,Rural,oui,0,924.0,14,7,35plus,Q000518,0,15.75
Q000519,E036,73,2,25.9,4.299977089709376,18.609324714120714,14,0.196,0.0663,1,F,Rural,non,3,167.0,10,4,moins15,Q000519,0,15.08
Q000520,E045,52,5,35.2,4.378317772752522,18.500788279737094,30,0.441,0.0199,1,H,Rural,oui,1,144.0,12,2,15a34,Q000520,0,50.25
Q000521,E027,49,4,26.4,4.223809460198472,18.631904603002464,11,0.125,0.0355,1,F,Urbain,non,1,972.0,10,5,moins15,Q000521,0,28.17
Q000522,E011,119,5,52.2,4.312270472573873,18.521106944852114,35,0.164,0.0282,1,H,Urbain,non,2,184.0,7,8,35plus,Q000522,1,35.46
Q000523,E015,53,4,32.3,4.4307037469801855,18.5767316829531,27,0.419,0.0209,1,F,Rural,non,0,196.0,15,4,15a34,Q000523,0,47.85
Q000524,E062,14,5,39.8,4.3122316115288255,18.569071464709232,38,0.154,0.0234,1,F,Rural,non,1,68.0,18,7,35plus,Q000524,0,42.74
Q000525,E024,88,5,37.2,4.346960451754153,18.541830486633156,20,0.204,0.0714,1,H,Rural,oui,2,33.0,18,8,15a34,Q000525,0,14.01
Q000526,E024,85,4,33.8,4.3612,18.5551,3,0.2,0.0289,1,F,Urbain,oui,2,147.0,9,6,moins15,Q000526,1,34.6
Q000527,E070,27,3,37.6,4.374733635137513,18.508059827695266,50,0.235,0.0626,1,F,Rural,non,1,43.0,16,6,35plus,Q000527,1,15.97
Q000528,E011,103,3,43.5,4.333373960920526,18.655280656396815,44,0.1,0.0443,1,H,Rural,oui,2,7.0,15,1,35plus,Q000528,0,22.57
Q000529,E069,48,2,38.7,4.387319178160483,18.58317909985918,45,0.358,0.0453,1,F,Rural,oui,1,44.0,14,3,35plus,Q000529,1,22.08
Q000530,E070,19,3,35.1,4.432311210667478,18.47605954285837,44,0.176,0.076,1,F,Rural,non,1,308.0,17,8,35plus,Q000530,0,13.16
Q000531,E045,21,4,37.6,4.3069177027567385,18.48943341410148,32,0.329,0.0512,1,H,Rural,non,1,344.0,18,5,15a34,Q000531,0,19.53
Q000532,E013,86,5,47.4,4.3357781469252865,18.58380920625839,40,0.054,0.0548,1,F,Rural,non,2,928.0,13,1,35plus,Q000532,0,18.25
Q000533,E012,26,5,31.1,4.3547425144573095,18.556702868697244,17,0.171,0.0746,1,H,Urbain,oui,1,795.0,7,4,15a34,Q000533,0,13.4
Q000534,E022,57,3,21.0,4.394992853988215,18.466448582176326,24,0.131,0.047,1,F,Rural,non,1,284.0,7,4,15a34,Q000534,0,21.28
Q000535,E044,89,5,26.3,4.361655733827908,18.684173835060452,48,0.216,0.0349,1,H,Rural,non,1,315.0,9,8,35plus,Q000535,0,28.65
Q000536,E012,103,3,26.8,4.353641723118869,18.417786714427454,61,0.21,0.0263,1,F,Rural,non,0,113.0,16,4,35plus,Q000536,0,38.02
Q000537,E035,59,3,27.8,4.282531524993256,18.534056982276905,35,0.174,0.0742,1,F,Urbain,non,0,61.0,8,3,35plus,Q000537,0,13.48
Q000538,E009,109,1,28.1,4.303347146487919,18.55811684574246,0,0.296,0.0372,1,F,Rural,non,0,567.0,10,8,moins15,Q000538,0,26.88
Q000539,E041,37,2,33.8,4.3696338554198055,18.523070489137755,35,0.306,0.0524,1,H,Urbain,non,1,148.0,7,6,35plus,Q000539,1,19.08
Q000540,E002,105,5,35.7,4.334308029651471,18.59983054616607,52,0.216,0.0138,1,F,Urbain,non,3,1030.0,8,8,35plus,Q000540,0,72.46
Q000541,E054,31,2,35.7,4.342895216130776,18.582806945321867,26,0.189,0.0312,1,H,Rural,non,1,33.0,10,8,15a34,Q000541,0,32.05
Q000542,E005,8,1,7.7,4.3569063201484,18.564256846684504,15,0.048,0.0704,0,H,Rural,oui,2,12.0,8,3,15a34,Q000542,1,14.2
Q000543,E015,88,2,41.0,4.477084128393853,18.553575092443527,45,0.437,0.0531,1,F,Rural,oui,2,215.0,8,7,35plus,Q000543,0,18.83
Q000544,E014,91,6,37.7,4.335125950043373,18.584026446805566,25,0.157,0.0456,0,F,Rural,non,2,515.0,9,8,15a34,Q000544,0,21.93
Q000545,E063,112,1,45.1,4.429347593971381,18.54668846975591,25,0.166,0.0469,0,F,Urbain,non,1,746.0,15,1,15a34,Q000545,0,21.32
Q000546,E005,111,1,39.9,4.42569167245653,18.481601340405916,5,0.21,0.05,1,H,Rural,oui,1,330.0,7,8,moins15,Q000546,0,20.0
Q000547,E033,13,3,31.6,4.3612,18.5551,6,0.24,0.0312,1,H,Urbain,non,0,545.0,9,5,moins15,Q000547,1,32.05
Q000548,E045,75,3,43.1,4.317627863803675,18.644673594473883,43,0.269,0.0612,1,H,Urbain,non,1,2344.0,17,6,35plus,Q000548,0,16.34
Q000549,E039,85,6,35.9,4.366859040322157,18.561395459154916,12,0.039,0.0427,1,H,Urbain,non,1,63.0,10,8,moins15,Q000549,0,23.42
Q000550,E052,73,2,39.6,4.340475477882622,18.562428906094034,57,0.456,0.0404,1,F,Urbain,non,2,52.0,7,7,35plus,Q000550,0,24.75
Q000551,E061,3,3,39.0,4.460720805425326,18.55540085380656,60,0.04,0.0617,0,F,Rural,non,1,349.0,14,2,35plus,Q000551,0,16.21
Q000552,E030,6,2,33.1,4.38053266531132,18.491292581993218,15,0.195,0.0367,1,F,Rural,non,1,172.0,13,3,15a34,Q000552,0,27.25
Q000553,E063,81,2,34.7,4.349340928999018,18.530026818070287,20,0.155,0.0596,1,F,Urbain,non,0,412.0,12,3,15a34,Q000553,0,16.78
Q000554,E024,103,2,33.1,4.44924601115985,18.597028441297784,41,0.273,0.0383,0,H,Urbain,non,1,380.0,9,4,35plus,Q000554,0,26.11
Q000555,E074,22,2,7.6,4.342374814061863,18.56994990742504,53,0.673,0.0221,1,F,Rural,oui,1,135.0,9,1,35plus,Q000555,1,45.25
Q000556,E038,6,5,19.0,4.387580438465835,18.643092343742104,33,0.178,0.0569,1,H,Urbain,non,1,90.0,15,8,15a34,Q000556,0,17.57
Q000557,E056,49,5,29.1,4.395120636554439,18.594651570133543,21,0.296,0.0791,1,H,Rural,non,3,182.0,7,2,15a34,Q000557,0,12.64
Q000558,E066,38,2,35.4,4.377368960667147,18.536968098923907,25,0.321,0.0214,1,H,Rural,non,1,51.0,12,5,15a34,Q000558,0,46.73
Q000559,E060,118,3,41.6,4.354679680917879,18.591072689413284,32,0.197,0.0489,0,H,Rural,non,0,19.0,9,2,15a34,Q000559,0,20.45
Q000560,E064,112,2,39.6,4.401876073166499,18.547556268603092,22,0.165,0.0256,1,H,Rural,oui,3,512.0,15,7,15a34,Q000560,0,39.06
Q000561,E041,67,6,32.0,4.328502603333853,18.475134496544253,49,0.12,0.0344,0,H,Urbain,non,0,502.0,15,3,35plus,Q000561,0,29.07
Q000562,E004,114,1,29.2,4.4156847864802,18.60977220471495,20,0.291,0.0104,1,F,Rural,oui,0,505.0,15,6,15a34,Q000562,0,96.15
Q000563,E037,28,3,32.7,4.345929289212672,18.58288569592485,37,0.102,0.0728,1,F,Rural,oui,1,188.0,12,2,35plus,Q000563,0,13.74
Q000564,E014,120,2,27.2,4.426889758549535,18.704589597843828,42,0.157,0.0348,0,F,Urbain,non,0,83.0,12,6,35plus,Q000564,0,28.74
Q000565,E067,54,3,19.2,4.412314256568954,18.53072064116149,31,0.371,0.0752,1,F,Rural,oui,1,124.0,18,7,15a34,Q000565,0,13.3
Q000566,E018,58,6,23.2,4.387465854085484,18.594252864445654,27,0.14,0.0465,1,H,Rural,oui,0,58.0,11,1,15a34,Q000566,0,21.51
Q000567,E018,7,4,43.6,4.355489986280376,18.520544368333148,30,0.188,0.0518,1,H,Rural,non,0,565.0,9,8,15a34,Q000567,0,19.31
Q000568,E019,22,3,47.0,4.3612,18.5551,17,0.255,0.0107,1,F,Rural,non,0,125.0,18,8,15a34,Q000568,1,93.46
Q000569,E049,24,5,39.3,4.388554727215483,18.674152461556524,42,0.097,0.0577,1,H,Urbain,oui,3,232.0,9,2,35plus,Q000569,0,17.33
Q000570,E043,59,5,33.6,4.199173418973637,18.45444491404808,30,0.434,0.0689,1,F,Urbain,non,1,44.0,14,7,15a34,Q000570,1,14.51
Q000571,E072,23,1,24.2,4.3191143798092915,18.555587842317387,27,0.047,0.0339,1,F,Rural,non,2,215.0,12,7,15a34,Q000571,0,29.5
Q000572,E032,13,3,32.9,4.368436959194911,18.644404382957397,14,0.106,0.0132,0,F,Rural,non,1,117.0,7,3,moins15,Q000572,0,75.76
Q000573,E022,73,3,38.3,4.373986329602813,18.48006573361383,60,0.445,0.0639,1,F,Rural,oui,2,539.0,9,8,35plus,Q000573,0,15.65
Q000574,E004,105,3,39.8,4.395357876802082,18.53175465005951,43,0.107,0.0169,1,F,Rural,oui,0,287.0,14,7,35plus,Q000574,0,59.17
Q000575,E001,9,3,38.8,4.437442329947649,18.60257025695493,9,0.29,0.0363,1,F,Urbain,non,1,42.0,18,4,moins15,Q000575,0,27.55
Q000576,E029,68,5,7.2,4.3893327104173485,18.497025180446833,39,0.192,0.037,1,F,Urbain,non,1,1236.0,13,8,35plus,Q000576,1,27.03
Q000577,E070,116,6,47.6,4.255782783325036,18.573611387509853,21,0.07,0.0145,1,F,Urbain,non,1,184.0,8,2,15a34,Q000577,0,68.97
Q000578,E040,49,1,31.2,4.369882291358203,18.5176076134693,17,0.133,0.0757,1,H,Urbain,oui,0,672.0,18,3,15a34,Q000578,0,13.21
Q000579,E068,22,6,53.6,4.4207901804498455,18.6240553954808,20,0.25,0.0219,1,H,Urbain,non,3,214.0,8,6,15a34,Q000579,0,45.66
Q000580,E008,10,6,19.9,4.365579395312116,18.62227157523492,40,0.196,0.0591,1,F,Rural,oui,0,216.0,8,8,35plus,Q000580,1,16.92
Q000581,E007,113,3,28.6,4.370172428621594,18.533138516011416,28,0.266,0.0259,1,F,Rural,non,3,40.0,10,2,15a34,Q000581,0,38.61
Q000582,E063,49,3,35.4,4.335287505582921,18.413538785251262,30,0.308,0.0118,1,F,Urbain,oui,0,331.0,13,3,15a34,Q000582,0,84.75
Q000583,E009,13,1,37.8,4.407461130188184,18.582914125896014,35,0.332,0.0234,1,H,Urbain,non,1,62.0,17,6,35plus,Q000583,1,42.74
Q000584,E004,104,3,32.7,4.3423411706972415,18.60826658223741,45,0.177,0.0448,1,F,Urbain,non,0,136.0,7,2,35plus,Q000584,0,22.32
Q000585,E031,97,2,30.5,4.3612,18.5551,65,0.284,0.0632,0,F,Rural,oui,1,649.0,12,1,35plus,Q000585,1,15.82
Q000586,E070,85,6,49.4,4.381427216497507,18.576986997214483,27,0.24,0.0626,1,F,Rural,non,0,502.0,10,7,15a34,Q000586,0,15.97
Q000587,E052,11,1,30.2,4.362711012746074,18.57033718623621,24,0.068,0.0687,0,F,Rural,oui,2,77.0,14,5,15a34,Q000587,0,14.56
Q000588,E008,10,3,26.9,4.384204685636837,18.540001345928356,32,0.235,0.013,1,H,Urbain,non,2,164.0,7,8,15a34,Q000588,0,76.92
Q000589,E063,27,3,45.8,4.370083624690173,18.518793643021503,41,0.207,0.0298,1,H,Rural,oui,0,272.0,8,3,35plus,Q000589,1,33.56
Q000590,E064,20,6,39.9,4.42386553234562,18.558783155171184,47,0.19,0.0134,1,F,Urbain,non,0,867.0,10,8,35plus,Q000590,0,74.63
Q000591,E061,64,5,41.7,4.393835972938007,18.54478587968082,16,0.301,0.0792,1,H,Rural,non,2,9.0,17,4,15a34,Q000591,0,12.63
Q000592,E068,48,6,35.4,4.411986125328731,18.590697898974053,67,0.217,0.0305,0,F,Rural,non,1,832.0,7,8,35plus,Q000592,0,32.79
Q000593,E018,92,2,24.4,4.32180424618138,18.513522241185516,13,0.322,0.0636,1,H,Rural,non,3,140.0,16,2,moins15,Q000593,0,15.72
Q000594,E074,13,2,34.6,4.318669047658769,18.534467427938434,44,0.304,0.0245,0,F,Urbain,oui,3,87.0,7,7,35plus,Q000594,0,40.82
Q000595,E025,88,4,23.4,4.363135634658396,18.559902346474153,42,0.298,0.0425,1,H,Urbain,oui,0,57.0,8,2,35plus,Q000595,0,23.53
Q000596,E061,113,3,35.7,4.397472853368454,18.517572099740704,9,0.108,0.0387,1,H,Rural,non,1,408.0,15,4,moins15,Q000596,0,25.84
Q000597,E044,16,1,38.6,4.386573514154015,18.48581466434217,35,0.088,0.0482,1,F,Urbain,non,2,36.0,12,7,35plus,Q000597,0,20.75
Q000598,E059,79,5,41.5,4.322436621390091,18.587493892508437,4,0.265,0.05,1,H,Rural,non,1,226.0,13,8,moins15,Q000598,0,20.0
Q000599,E048,62,1,33.4,4.3990281088464505,18.489928847925203,18,0.226,0.0244,1,H,Urbain,non,1,58.0,13,2,15a34,Q000599,0,40.98
Q000600,E049,12,2,39.2,4.3286079916807285,18.56453598944448,29,0.175,0.0194,1,F,Rural,oui,1,343.0,18,5,15a34,Q000600,0,51.55
Q000601,E047,36,6,27.7,4.393692539603252,18.581805672626214,35,0.16,0.0242,0,F,Urbain,oui,3,41.0,10,4,15a34,Q000601,1,41.32
Q000602,E059,95,5,40.8,4.3743276744087725,18.626204931074533,49,0.131,0.0269,1,F,Rural,non,2,160.0,14,4,35plus,Q000602,0,37.17
Q000603,E056,105,4,38.7,4.3612,18.5551,20,0.198,0.0785,1,H,Urbain,oui,1,274.0,8,3,15a34,Q000603,1,12.74
Q000604,E011,45,1,28.4,4.3332011174320515,18.62098676544983,36,0.109,0.0274,1,F,Urbain,non,1,81.0,11,3,35plus,Q000604,0,36.5
Q000605,E062,13,2,37.7,4.366659027791396,18.51973661977752,44,0.387,0.0677,1,F,Rural,non,1,12.0,11,7,35plus,Q000605,0,14.77
Q000606,E041,30,2,41.6,4.364152370866548,18.540175836419454,30,0.215,0.0192,1,H,Rural,non,4,198.0,12,2,15a34,Q000606,0,52.08
Q000607,E025,102,4,34.6,4.307671790160602,18.570138526374073,30,0.143,0.0567,1,H,Urbain,non,2,628.0,10,3,15a34,Q000607,1,17.64
Q000608,E039,69,4,28.2,4.390103674048001,18.551932152259607,9,0.29,0.0213,1,F,Rural,non,1,90.0,9,2,moins15,Q000608,0,46.95
Q000609,E073,52,3,35.2,4.417834203125377,18.562693538768997,6,0.296,0.0618,1,F,Rural,non,1,61.0,11,1,moins15,Q000609,0,16.18
Q000610,E065,2,5,37.9,4.4030288499235715,18.61730541595403,18,0.08,0.0282,1,F,Rural,non,2,23.0,17,2,15a34,Q000610,0,35.46
Q000611,E063,94,5,28.2,4.375751754007727,18.561410091821983,51,0.552,0.0426,1,H,Rural,non,0,211.0,12,2,35plus,Q000611,0,23.47
Q000612,E035,56,5,26.9,4.337503178231107,18.600629634812567,50,0.237,0.0258,1,F,Rural,non,2,330.0,12,4,35plus,Q000612,1,38.76
Q000613,E059,66,1,37.7,4.366447108845907,18.49831834205074,49,0.244,0.0549,1,H,Rural,oui,0,130.0,10,5,35plus,Q000613,0,18.21
Q000614,E029,102,4,39.8,4.353426917555975,18.578886816289366,36,0.411,0.0736,1,H,Rural,non,0,416.0,17,8,35plus,Q000614,0,13.59
Q000615,E052,68,2,49.0,4.366215059473385,18.471079217173386,38,0.215,0.0521,1,H,Urbain,non,0,123.0,15,1,35plus,Q000615,0,19.19
Q000616,E048,112,2,38.7,4.406822160668165,18.610642725388164,24,0.088,0.0212,0,F,Rural,oui,1,300.0,14,4,15a34,Q000616,0,47.17
Q000617,E019,68,6,25.5,4.354599015033794,18.54535518302568,25,0.165,0.0369,1,H,Urbain,non,0,344.0,17,2,15a34,Q000617,0,27.1
Q000618,E020,42,3,48.3,4.26813347926185,18.48557967077233,0,0.075,0.0532,1,H,Urbain,oui,0,338.0,10,8,moins15,Q000618,0,18.8
Q000619,E005,111,5,41.4,4.399977357851478,18.54062302314396,34,0.035,0.0232,0,F,Rural,non,1,70.0,17,5,15a34,Q000619,0,43.1
Q000620,E011,78,2,20.0,4.379860334841637,18.578279949989582,38,0.157,0.0239,0,H,Urbain,oui,1,476.0,11,4,35plus,Q000620,0,41.84
Q000621,E033,92,6,26.8,4.367495708233627,18.49255504494984,21,0.014,0.0631,1,H,Rural,non,1,360.0,9,7,15a34,Q000621,0,15.85
Q000622,E036,28,2,30.6,4.301281198177164,18.510546611239242,44,0.966,0.0281,1,H,Rural,oui,1,738.0,11,7,35plus,Q000622,1,35.59
Q000623,E013,81,2,39.9,4.318384132192299,18.534703087377764,49,0.166,0.0406,1,H,Rural,non,0,224.0,12,6,35plus,Q000623,0,24.63
Q000624,E032,68,2,17.3,4.324230637039611,18.596169433658694,14,0.36,0.0736,1,H,Urbain,non,1,180.0,9,3,moins15,Q000624,0,13.59
Q000625,E046,13,2,33.2,4.330814881029147,18.453859172189162,65,0.132,0.0468,1,F,Urbain,oui,0,1386.0,13,2,35plus,Q000625,0,21.37
Q000626,E018,31,4,39.5,4.335494249196389,18.577415928867563,40,0.168,0.0212,0,H,Rural,oui,2,34.0,13,1,35plus,Q000626,1,47.17
Q000627,E026,110,1,14.2,4.300914124407363,18.54177273680221,55,0.142,0.0119,1,F,Rural,non,2,86.0,9,7,35plus,Q000627,1,84.03
Q000628,E028,69,2,39.2,4.467582635924239,18.608078334134735,20,0.137,0.066,0,H,Rural,non,1,348.0,14,5,15a34,Q000628,0,15.15
Q000629,E038,93,5,40.1,4.4351046288676725,18.5745532028779,52,0.016,0.0115,1,F,Urbain,oui,0,206.0,9,8,35plus,Q000629,0,86.96
Q000630,E028,21,1,28.1,4.3738582197132025,18.622451553780934,40,0.189,0.0566,1,H,Urbain,non,2,531.0,10,4,35plus,Q000630,0,17.67
Q000631,E056,27,3,25.9,4.358317130630924,18.57502774369197,26,0.111,0.0417,1,F,Rural,oui,0,239.0,12,3,15a34,Q000631,0,23.98
Q000632,E025,113,5,28.0,4.451326547748026,18.493900086932964,14,0.144,0.0703,1,H,Rural,non,1,30.0,11,4,moins15,Q000632,0,14.22
Q000633,E033,51,3,15.3,4.441188250404441,18.575931040276135,31,0.14,0.0236,1,H,Rural,oui,2,19.0,10,5,15a34,Q000633,0,42.37
Q000634,E029,107,1,31.7,4.323004129793288,18.579082407068743,42,0.243,0.0737,1,H,Urbain,non,1,532.0,9,3,35plus,Q000634,0,13.57
Q000635,E014,98,1,35.5,4.3723838222733695,18.519536924114693,32,0.058,0.0226,1,H,Rural,non,1,789.0,14,4,15a34,Q000635,0,44.25
Q000636,E052,41,6,25.5,4.350879773168928,18.527048822062394,32,0.168,0.0297,0,F,Rural,non,2,198.0,11,1,15a34,Q000636,0,33.67
Q000637,E018,114,5,40.8,4.346532383046697,18.433745896765586,23,0.132,0.0556,1,F,Urbain,oui,2,141.0,7,3,15a34,Q000637,0,17.99
Q000638,E023,94,3,34.7,4.351726439348619,18.5906982417321,11,0.137,0.0496,1,F,Rural,non,2,253.0,7,5,moins15,Q000638,0,20.16
Q000639,E060,16,6,35.8,4.355716613047451,18.546722259713462,35,0.366,0.0419,1,H,Rural,non,2,48.0,7,6,15a34,Q000639,1,23.87
Q000640,E072,12,1,31.2,4.370536819243887,18.525066883257537,17,0.212,0.0625,1,H,Urbain,non,1,21.0,15,7,15a34,Q000640,0,16.0
Q000641,E051,16,1,39.2,4.370820040389691,18.503187198382655,45,0.188,0.0239,1,F,Urbain,non,0,251.0,9,5,35plus,Q000641,0,41.84
Q000642,E069,89,6,43.0,4.431909026408669,18.528593660933034,43,0.349,0.0384,1,F,Rural,oui,2,469.0,11,6,35plus,Q000642,0,26.04
Q000643,E065,18,5,31.1,4.319655517570577,18.575254838098015,55,0.138,0.0748,1,H,Urbain,non,4,43.0,15,6,35plus,Q000643,1,13.37
Q000644,E037,34,4,39.3,4.40834597756093,18.56232731309116,25,0.356,0.0583,1,F,Rural,non,1,1167.0,17,7,15a34,Q000644,1,17.15
Q000645,E058,53,3,39.4,4.306249424252522,18.53654958223349,30,0.131,0.0328,1,H,Rural,non,1,7.0,18,5,15a34,Q000645,1,30.49
Q000646,E025,17,5,36.9,4.37184225542847,18.49194398585624,8,0.116,0.0778,1,F,Rural,non,1,93.0,16,7,moins15,Q000646,0,12.85
Q000647,E035,40,4,45.7,4.412167490848849,18.535959722425318,22,0.055,0.0103,1,H,Rural,oui,3,1216.0,13,6,15a34,Q000647,0,97.09
Q000648,E041,82,3,28.9,4.388451476710972,18.511230369635868,30,0.186,0.0153,1,H,Rural,oui,0,522.0,10,7,15a34,Q000648,0,65.36
Q000649,E073,117,3,31.0,4.344181398539405,18.54184348369228,32,0.432,0.0444,1,H,Rural,non,2,394.0,14,8,15a34,Q000649,0,22.52
Q000650,E064,57,3,28.6,4.374239797292776,18.583734512623945,25,0.059,0.013,1,F,Urbain,non,2,67.0,10,6,15a34,Q000650,0,76.92
Q000651,E037,90,4,39.1,4.442614456228581,18.52561968213862,21,0.413,0.0569,1,H,Rural,non,0,707.0,13,5,15a34,Q000651,0,17.57
Q000652,E049,64,4,32.1,4.330414992744126,18.636110018043,34,0.334,0.0563,1,F,Urbain,oui,0,79.0,11,6,15a34,Q000652,0,17.76
Q000653,E016,56,5,29.1,4.38832765771568,18.52388246553295,26,0.337,0.0144,1,F,Urbain,oui,2,33.0,8,6,15a34,Q000653,0,69.44
Q000654,E061,63,3,45.6,4.408254354203153,18.466594467576652,50,0.015,0.0365,1,F,Urbain,oui,4,275.0,10,8,35plus,Q000654,0,27.4
Q000655,E042,116,2,46.7,4.340598769712682,18.54112966930174,34,0.298,0.0417,1,F,Rural,oui,1,157.0,14,6,15a34,Q000655,1,23.98
Q000656,E040,8,4,31.7,4.44676854299322,18.522015269510327,22,0.359,0.0233,1,F,Urbain,oui,2,278.0,17,5,15a34,Q000656,0,42.92
Q000657,E058,62,4,24.4,4.46366129789724,18.722836237957935,47,0.181,0.0238,1,F,Rural,non,1,270.0,10,3,35plus,Q000657,0,42.02
Q000658,E048,7,2,47.0,4.414701514081202,18.52901293430743,15,0.071,0.0623,1,F,Rural,non,0,418.0,9,7,15a34,Q000658,0,16.05
Q000659,E006,106,1,37.3,4.414807698589096,18.475690974209115,25,0.153,0.0213,1,H,Rural,non,1,144.0,9,5,15a34,Q000659,0,46.95
Q000660,E022,73,2,36.9,4.273564881502646,18.55205873459791,15,0.074,0.0722,0,H,Urbain,non,1,35.0,18,4,15a34,Q000660,0,13.85
Q000661,E014,6,1,34.7,4.29395380963171,18.5418387408334,27,0.204,0.0775,1,F,Rural,oui,1,372.0,18,3,15a34,Q000661,0,12.9
Q000662,E056,75,1,28.4,4.355777782468572,18.491717155032717,51,0.091,0.0518,1,H,Urbain,non,2,84.0,18,7,35plus,Q000662,0,19.31
Q000663,E003,53,6,31.1,4.327112335400257,18.56797897629672,33,0.235,0.0179,1,F,Rural,oui,1,934.0,14,1,15a34,Q000663,0,55.87
Q000664,E016,6,5,38.7,4.391293894744535,18.578307631165224,5,0.051,0.077,1,H,Urbain,non,0,157.0,15,5,moins15,Q000664,0,12.99
Q000665,E045,118,1,30.9,4.217633862819747,18.55405513386436,25,0.28,0.0524,1,H,Urbain,non,0,40.0,8,1,15a34,Q000665,0,19.08
Q000666,E053,46,3,37.0,4.39097035482071,18.536659992803187,35,0.12,0.027,1,F,Rural,non,0,443.0,15,8,35plus,Q000666,0,37.04
Q000667,E038,3,2,34.1,4.351212950011452,18.53158524031803,35,0.33,0.0644,1,H,Rural,oui,0,193.0,12,4,35plus,Q000667,0,15.53
Q000668,E065,74,6,26.6,4.33291013396341,18.51883219717055,28,0.037,0.0582,1,H,Rural,non,2,62.0,15,6,15a34,Q000668,0,17.18
Q000669,E069,46,3,45.3,4.4553297476203575,18.48593166912393,42,0.064,0.067,1,H,Urbain,non,1,520.0,9,4,35plus,Q000669,0,14.93
Q000670,E010,79,2,38.2,4.344596666238923,18.624249037793124,39,0.036,0.0718,1,F,Rural,oui,1,216.0,17,2,35plus,Q000670,0,13.93
Q000671,E072,20,4,36.3,4.279161841389572,18.671879420708134,30,0.361,0.075,0,H,Urbain,non,3,380.0,17,7,15a34,Q000671,1,13.33
Q000672,E047,100,3,37.9,4.382848053462129,18.498652664040858,34,0.162,0.0419,1,H,Rural,non,2,57.0,12,3,15a34,Q000672,0,23.87
Q000673,E048,51,2,21.4,4.379108615794111,18.519869004927703,28,0.108,0.0731,0,F,Urbain,non,0,371.0,12,8,15a34,Q000673,0,13.68
Q000674,E008,51,2,30.5,4.351303125884288,18.495917586368577,31,0.015,0.0244,1,H,Urbain,non,1,138.0,12,3,15a34,Q000674,0,40.98
Q000675,E047,97,1,23.3,4.477564609241286,18.594532959178892,33,0.215,0.03,1,F,Rural,non,1,44.0,7,5,15a34,Q000675,0,33.33
Q000676,E055,66,5,34.9,4.370504953116115,18.49924448145265,46,0.153,0.0398,1,F,Urbain,oui,1,14.0,14,2,35plus,Q000676,0,25.13
Q000677,E044,1,6,36.3,4.410739553450259,18.58492149098468,38,0.302,0.0167,1,F,Urbain,oui,1,919.0,16,3,35plus,Q000677,0,59.88
Q000678,E007,70,5,35.0,4.3761533886494375,18.57139569749714,31,0.23,0.0633,1,F,Rural,oui,1,183.0,11,4,15a34,Q000678,0,15.8
Q000679,E040,78,3,42.3,4.423528325417024,18.54233899146445,24,0.107,0.0354,1,H,Urbain,non,0,618.0,16,5,15a34,Q000679,0,28.25
Q000680,E071,38,3,23.5,4.343456148653196,18.61799401262907,40,0.116,0.0396,1,H,Urbain,non,2,202.0,15,7,35plus,Q000680,0,25.25
Q000681,E055,22,1,28.4,4.306829087356747,18.532509633009642,35,0.105,0.054,1,H,Rural,oui,1,107.0,15,8,35plus,Q000681,0,18.52
Q000682,E011,7,3,36.9,4.398286954464242,18.550114924692792,29,0.02,0.0722,1,F,Rural,non,2,24.0,13,5,15a34,Q000682,0,13.85
Q000683,E072,102,1,35.8,4.374963539874012,18.489162491933065,26,0.488,0.0784,1,H,Rural,non,1,1098.0,11,3,15a34,Q000683,0,12.76
Q000684,E072,1,5,24.8,4.399761116941976,18.427932782341053,31,0.158,0.069,1,H,Urbain,oui,3,26.0,14,3,15a34,Q000684,0,14.49
Q000685,E013,71,6,42.4,4.329164445055523,18.60300354499297,20,0.119,0.0497,1,H,Rural,non,2,265.0,13,2,15a34,Q000685,0,20.12
Q000686,E061,101,2,44.8,4.384009474459104,18.519084617598587,9,0.247,0.0285,1,F,Urbain,non,1,156.0,9,7,moins15,Q000686,0,35.09
Q000687,E031,43,5,37.0,4.280286257326057,18.60782292094998,55,0.037,0.0752,1,H,Urbain,non,1,425.0,9,1,35plus,Q000687,1,13.3
Q000688,E045,25,4,23.4,4.33601071217838,18.5323845060779,55,0.37,0.0348,1,H,Rural,non,2,32.0,8,5,35plus,Q000688,0,28.74
Q000689,E034,86,3,35.1,4.324767152084526,18.54455746923033,33,0.152,0.0234,1,F,Urbain,non,3,61.0,18,8,15a34,Q000689,0,42.74
Q000690,E059,76,5,36.4,4.384798013681221,18.56030233429445,39,0.11,0.0548,0,H,Urbain,non,0,56.0,14,7,35plus,Q000690,0,18.25
Q000691,E075,2,5,32.1,4.335789149198458,18.523029570086575,27,0.204,0.0368,1,H,Urbain,non,1,360.0,7,7,15a34,Q000691,0,27.17
Q000692,E060,70,2,43.4,4.291358642428747,18.46923518511049,38,0.127,0.0685,1,F,Rural,non,1,111.0,14,5,35plus,Q000692,0,14.6
Q000693,E070,1,5,33.2,4.331587888172225,18.506432975515203,32,0.447,0.0784,1,F,Urbain,non,1,130.0,16,1,15a34,Q000693,0,12.76
Q000694,E071,48,4,48.7,4.38992443056028,18.502498459427287,34,0.057,0.067,0,H,Rural,non,0,1.0,16,7,15a34,Q000694,0,14.93
Q000695,E007,37,2,39.5,4.366554165186837,18.548323368938537,16,0.215,0.0289,1,F,Rural,oui,1,381.0,12,4,15a34,Q000695,0,34.6
Q000696,E020,101,5,35.9,4.322745841826752,18.605849858899184,58,0.21,0.063,1,F,Rural,non,3,295.0,10,7,35plus,Q000696,0,15.87
Q000697,E055,118,4,40.4,4.401960692435687,18.513718741027734,14,0.366,0.0154,1,H,Urbain,non,1,130.0,9,8,moins15,Q000697,0,64.94
Q000698,E045,84,1,44.7,4.438270349573356,18.545020914914083,43,0.388,0.0281,1,H,Rural,non,1,898.0,10,7,35plus,Q000698,0,35.59
Q000699,E004,89,1,40.3,4.405441397906731,18.56194013998638,19,0.156,0.0735,1,H,Rural,oui,4,27.0,8,4,15a34,Q000699,0,13.61
Q000700,E008,3,2,33.5,4.3612,18.5551,1,0.078,0.0721,1,H,Rural,oui,0,66.0,13,7,moins15,Q000700,1,13.87
Q000701,E040,8,1,29.4,4.371857748333775,18.569267202252636,45,0.095,0.0578,1,F,Rural,non,0,74.0,9,5,35plus,Q000701,0,17.3
Q000702,E047,94,3,26.1,4.352908284870696,18.605024143385542,33,0.58,0.0773,1,H,Rural,non,0,827.0,7,7,15a34,Q000702,0,12.94
Q000703,E013,52,3,16.9,4.258212874223986,18.569677320232852,10,0.132,0.0286,1,H,Rural,non,3,215.0,7,8,moins15,Q000703,0,34.97
Q000704,E013,61,5,35.2,4.295479265233519,18.54748865999963,41,0.218,0.0485,1,H,Urbain,non,0,202.0,9,3,35plus,Q000704,0,20.62
Q000705,E010,84,2,31.3,4.399953289987616,18.507952190332293,26,0.122,0.0763,1,F,Rural,oui,1,94.0,13,7,15a34,Q000705,0,13.11
Q000706,E043,42,4,31.7,4.369283514746649,18.544066568938653,58,0.185,0.0124,1,H,Rural,oui,0,286.0,18,4,35plus,Q000706,0,80.65
Q000707,E001,82,4,41.2,4.364031768580386,18.51235737088779,10,0.129,0.0259,1,F,Rural,non,0,113.0,11,4,moins15,Q000707,0,38.61
Q000708,E043,88,3,33.2,4.327495354920936,18.52066719039317,22,0.198,0.0615,0,H,Rural,non,2,333.0,16,6,15a34,Q000708,0,16.26
Q000709,E036,29,6,47.3,4.414114241551963,18.54389485884507,43,0.566,0.0607,1,H,Rural,non,0,253.0,17,6,35plus,Q000709,0,16.47
Q000710,E035,83,2,30.0,4.298509878600883,18.539592063254467,25,0.191,0.063,1,H,Rural,non,1,664.0,11,5,15a34,Q000710,0,15.87
Q000711,E051,21,3,27.2,4.31560362402462,18.60165504318561,19,0.249,0.0192,1,F,Urbain,non,0,309.0,16,3,15a34,Q000711,0,52.08
Q000712,E040,38,1,25.2,4.344112157969201,18.520603058353863,34,0.099,0.0346,1,F,Urbain,non,0,803.0,17,5,15a34,Q000712,0,28.9
Q000713,E055,94,3,39.1,4.283713203039322,18.569432445294492,48,0.057,0.0349,1,H,Rural,non,1,90.0,17,3,35plus,Q000713,0,28.65
Q000714,E058,118,1,42.1,4.315916975382933,18.526771077821085,30,0.12,0.0443,0,F,Rural,non,3,328.0,18,8,15a34,Q000714,0,22.57
Q000715,E070,8,6,29.8,4.413078537568766,18.50445077333961,28,0.543,0.0213,1,H,Rural,oui,0,329.0,13,8,15a34,Q000715,0,46.95
Q000716,E060,78,2,26.6,4.3177856458226165,18.580331783438584,20,0.129,0.065,1,F,Rural,non,4,224.0,7,4,15a34,Q000716,0,15.38
Q000717,E039,69,5,44.7,4.399043809959674,18.57094484684308,24,0.252,0.0364,1,F,Rural,non,0,218.0,10,2,15a34,Q000717,0,27.47
Q000718,E037,73,1,23.8,4.391747547105535,18.519993788975366,14,0.198,0.0655,1,F,Urbain,non,1,571.0,7,8,moins15,Q000718,0,15.27
Q000719,E018,95,2,41.1,4.351578206082924,18.393741801976994,49,0.172,0.0496,1,F,Rural,oui,1,581.0,16,4,35plus,Q000719,0,20.16
Q000720,E045,9,1,30.0,4.289053294202089,18.606030364315252,42,0.039,0.0508,0,H,Rural,non,2,69.0,18,5,35plus,Q000720,0,19.69
Q000721,E011,89,3,36.8,4.363170710469858,18.58885951985492,12,0.239,0.0497,0,F,Rural,oui,3,70.0,10,6,moins15,Q000721,0,20.12
Q000722,E070,34,4,41.5,4.254459461445597,18.60771153357657,20,0.136,0.0429,1,F,Urbain,non,1,26.0,15,7,15a34,Q000722,1,23.31
Q000723,E064,19,3,37.3,4.333554895363016,18.610390798245593,42,0.065,0.0759,1,F,Rural,oui,1,90.0,13,7,35plus,Q000723,0,13.18
Q000724,E009,54,4,31.9,4.372162813845706,18.550736418707732,41,0.097,0.0605,0,H,Urbain,non,1,227.0,13,8,35plus,Q000724,0,16.53
Q000725,E059,4,5,43.8,4.403477094844141,18.529179295016096,29,0.22,0.0402,1,F,Urbain,oui,2,7.0,9,4,15a34,Q000725,0,24.88
Q000726,E009,76,1,36.0,4.352412548592539,18.460422182509927,25,0.101,0.0732,1,F,Rural,non,1,79.0,8,4,15a34,Q000726,1,13.66
Q000727,E055,68,3,59.8,4.329601607534474,18.556779079046116,31,0.083,0.0268,1,F,Urbain,oui,1,260.0,15,3,15a34,Q000727,0,37.31
Q000728,E007,62,4,22.1,4.325599001696759,18.527532790898245,24,0.102,0.0488,1,F,Urbain,non,0,235.0,7,8,15a34,Q000728,0,20.49
Q000729,E037,4,4,22.0,4.3365849807908035,18.510857932018414,47,0.126,0.0245,1,F,Rural,oui,1,162.0,16,1,35plus,Q000729,0,40.82
Q000730,E050,92,1,41.0,4.391206654752377,18.4820616694938,41,0.07,0.0597,1,F,Rural,non,1,43.0,14,8,35plus,Q000730,0,16.75
Q000731,E055,5,2,33.8,4.377504577038953,18.49848410611812,35,0.087,0.0373,0,H,Urbain,non,1,262.0,15,8,35plus,Q000731,1,26.81
Q000732,E032,32,3,39.5,4.3588991081214195,18.482704399349814,15,0.176,0.0659,1,F,Urbain,oui,1,18.0,12,2,15a34,Q000732,0,15.17
Q000733,E070,48,4,26.3,4.391501794469581,18.599646755124226,22,0.394,0.0339,0,H,Rural,non,0,74.0,18,3,15a34,Q000733,0,29.5
Q000734,E059,85,6,34.4,4.360026696503343,18.605782145053567,22,0.058,0.0302,1,F,Rural,oui,0,9.0,15,4,15a34,Q000734,0,33.11
Q000735,E016,49,3,37.2,4.293257866191374,18.512886266946627,25,0.208,0.0659,1,H,Rural,non,2,95.0,9,3,15a34,Q000735,0,15.17
Q000736,E051,98,4,30.2,4.304483789468733,18.611231570426245,34,0.118,0.0653,1,F,Rural,non,1,126.0,16,2,15a34,Q000736,0,15.31
Q000737,E055,113,2,35.6,4.390083920780523,18.555136375172662,55,0.135,0.0174,0,H,Rural,oui,0,17.0,7,2,35plus,Q000737,0,57.47
Q000738,E026,92,1,24.5,4.291300800445737,18.62341260272373,34,0.012,0.0111,1,H,Rural,oui,0,179.0,14,2,15a34,Q000738,0,90.09
Q000739,E056,5,3,36.8,4.340951248214512,18.57982452118228,10,0.283,0.0108,1,F,Rural,non,2,418.0,13,7,moins15,Q000739,0,92.59
Q000740,E068,93,3,44.1,4.354292296277259,18.581608308691692,40,0.152,0.0647,1,H,Rural,non,1,460.0,13,6,35plus,Q000740,1,15.46
Q000741,E062,25,1,25.3,4.308332033049285,18.56225049939543,11,0.109,0.065,1,F,Urbain,non,0,210.0,13,3,moins15,Q000741,0,15.38
Q000742,E058,107,5,24.9,4.276612953255515,18.513913732809147,40,0.502,0.0418,1,F,Rural,oui,1,11.0,17,7,35plus,Q000742,1,23.92
Q000743,E048,118,2,42.3,4.3012615181273315,18.483984370276122,24,0.043,0.0793,1,F,Urbain,non,0,130.0,8,1,15a34,Q000743,0,12.61
Q000744,E021,11,2,24.8,4.269513521648399,18.560243172346592,39,0.245,0.0741,1,H,Rural,non,3,224.0,14,5,35plus,Q000744,0,13.5
Q000745,E060,12,3,39.9,4.39058157062625,18.54523261918876,40,0.171,0.0357,1,F,Urbain,non,1,179.0,15,4,35plus,Q000745,1,28.01
Q000746,E028,84,6,34.4,4.379873672941497,18.67997294718282,33,0.278,0.0672,1,H,Rural,oui,0,181.0,16,6,15a34,Q000746,0,14.88
Q000747,E040,18,4,31.1,4.322018620092685,18.58738429404182,15,0.16,0.0672,0,H,Rural,non,4,54.0,18,6,15a34,Q000747,0,14.88
Q000748,E024,117,3,44.3,4.291632341877515,18.507774885012093,22,0.136,0.0502,1,F,Urbain,non,3,83.0,12,2,15a34,Q000748,0,19.92
Q000749,E024,65,5,40.5,4.41831466877223,18.54578071776996,39,0.177,0.0697,1,F,Rural,non,1,74.0,8,2,35plus,Q000749,0,14.35
Q000750,E012,69,1,36.0,4.382017310101392,18.531582268906043,34,0.162,0.0637,0,H,Rural,non,1,516.0,15,6,15a34,Q000750,0,15.7
Q000751,E073,104,3,18.9,4.328948117986376,18.54803382668641,58,0.927,0.0203,1,F,Rural,oui,1,222.0,7,2,35plus,Q000751,1,49.26
Q000752,E012,27,4,39.0,4.419356105743424,18.48442676158372,33,0.134,0.0417,1,F,Urbain,non,2,324.0,18,4,15a34,Q000752,0,23.98
Q000753,E007,67,3,26.5,4.3668802285437005,18.59537547916848,42,0.106,0.0501,1,F,Rural,oui,3,100.0,9,2,35plus,Q000753,0,19.96
Q000754,E071,120,5,32.5,4.375900721462526,18.530239535947793,25,0.41,0.0579,1,F,Urbain,non,1,444.0,17,6,15a34,Q000754,1,17.27
Q000755,E042,3,5,34.1,4.3079013144943366,18.58271584059823,20,0.192,0.063,1,F,Urbain,oui,0,789.0,17,2,15a34,Q000755,1,15.87
Q000756,E033,21,3,47.3,4.284188080238357,18.51981921356085,48,0.422,0.0283,0,H,Urbain,non,0,27.0,18,2,35plus,Q000756,0,35.34
Q000757,E056,18,6,32.2,4.281496553501547,18.530124419300673,20,0.191,0.0132,1,F,Rural,non,2,454.0,7,3,15a34,Q000757,0,75.76
Q000758,E029,41,6,24.0,4.464151665451669,18.579664299887373,9,0.243,0.0711,1,H,Urbain,non,3,186.0,14,1,moins15,Q000758,0,14.06
Q000759,E010,16,3,9.8,4.318621344452953,18.446443283341253,11,0.501,0.0777,1,H,Rural,oui,0,240.0,11,4,moins15,Q000759,1,12.87
Q000760,E055,21,6,39.1,4.363258673792754,18.599364195924593,36,0.39,0.0139,1,H,Urbain,non,1,532.0,11,5,35plus,Q000760,0,71.94
Q000761,E014,103,4,39.3,4.382980648004128,18.62349186854469,20,0.141,0.0428,1,H,Rural,non,0,980.0,14,7,15a34,Q000761,1,23.36
Q000762,E042,56,1,44.4,4.358958843061816,18.622518275623975,8,0.074,0.0514,1,F,Urbain,oui,1,99.0,11,8,moins15,Q000762,0,19.46
Q000763,E072,43,1,46.1,4.352287474106698,18.5149528336898,59,0.459,0.0126,1,H,Urbain,non,1,594.0,15,4,35plus,Q000763,0,79.37
Q000764,E071,51,1,27.8,4.351172552640567,18.5650867517587,0,0.343,0.0208,1,H,Rural,non,0,33.0,8,4,moins15,Q000764,0,48.08
Q000765,E028,117,2,24.3,4.38399730743388,18.527687728714664,24,0.123,0.0738,1,H,Urbain,oui,1,109.0,10,4,15a34,Q000765,0,13.55
Q000766,E059,59,2,6.6,4.308009848077278,18.475691150393466,55,0.107,0.0253,1,H,Rural,non,2,165.0,14,5,35plus,Q000766,1,39.53
Q000767,E046,57,1,32.2,4.337973145044921,18.554436050937106,31,0.293,0.0611,1,H,Rural,non,1,1700.0,9,8,15a34,Q000767,0,16.37
Q000768,E036,112,4,32.8,4.24481314654514,18.477168673921575,67,0.146,0.067,1,F,Rural,non,1,234.0,16,6,35plus,Q000768,0,14.93
Q000769,E011,5,3,26.1,4.266847661887663,18.579972888028838,42,0.269,0.0229,1,F,Urbain,non,0,2024.0,7,1,35plus,Q000769,0,43.67
Q000770,E029,58,4,38.1,4.2950975406812235,18.590939070802985,13,0.044,0.0248,1,F,Rural,non,0,60.0,14,4,moins15,Q000770,0,40.32
Q000771,E049,90,4,36.8,4.402687340517147,18.614561785877086,42,0.151,0.0622,1,H,Rural,non,0,13.0,15,4,35plus,Q000771,0,16.08
Q000772,E074,62,2,32.9,4.346364877747762,18.575621580287393,22,0.061,0.0161,1,F,Urbain,non,1,74.0,15,4,15a34,Q000772,0,62.11
Q000773,E001,105,4,24.3,4.394870372188578,18.529317009214633,27,0.366,0.0693,1,H,Rural,non,1,275.0,8,8,15a34,Q000773,0,14.43
Q000774,E054,107,6,42.5,4.37924427367625,18.540553429491915,15,0.168,0.02,1,H,Urbain,non,1,97.0,8,7,15a34,Q000774,0,50.0
Q000775,E064,41,2,35.8,4.373004801376289,18.556140227876917,21,0.115,0.0427,1,F,Rural,oui,2,97.0,17,4,15a34,Q000775,0,23.42
Q000776,E072,99,2,41.8,4.312795637890982,18.623143057531234,41,0.267,0.0322,1,H,Rural,non,0,9.0,15,6,35plus,Q000776,0,31.06
Q000777,E032,30,4,19.3,4.363746871273769,18.623669978589525,17,0.165,0.0316,1,H,Rural,non,2,627.0,17,1,15a34,Q000777,0,31.65
Q000778,E009,29,5,34.4,4.3727240054593794,18.545794574745475,1,0.13,0.0314,1,H,Urbain,non,2,607.0,18,3,moins15,Q000778,0,31.85
Q000779,E021,118,4,29.0,4.470033953733139,18.599144272899615,37,0.119,0.0493,1,F,Rural,oui,1,25.0,13,7,35plus,Q000779,0,20.28
Q000780,E064,2,5,34.3,4.3426993966851155,18.524198565119725,27,0.15,0.0417,1,H,Urbain,non,2,640.0,13,7,15a34,Q000780,0,23.98
Q000781,E066,43,1,40.6,4.396610973228032,18.57181311419317,44,0.273,0.0424,1,F,Rural,non,1,585.0,11,3,35plus,Q000781,0,23.58
Q000782,E048,76,1,36.6,4.35380603226923,18.5325277007154,19,0.186,0.0682,1,F,Rural,non,2,452.0,13,6,15a34,Q000782,0,14.66
Q000783,E010,50,3,34.1,4.324887454868597,18.562196768699557,46,0.147,0.0153,1,F,Urbain,non,0,498.0,10,3,35plus,Q000783,0,65.36
Q000784,E010,102,2,34.1,4.403476743223589,18.5089055106074,41,0.026,0.0786,0,H,Rural,oui,2,28.0,15,5,35plus,Q000784,0,12.72
Q000785,E036,31,1,23.1,4.4545792168851115,18.478980123705163,38,0.177,0.0357,0,F,Urbain,non,1,144.0,14,8,35plus,Q000785,0,28.01
Q000786,E045,67,2,27.7,4.373100251504872,18.487686949864578,10,0.244,0.0545,0,F,Rural,oui,1,237.0,7,4,moins15,Q000786,0,18.35
Q000787,E003,16,2,41.8,4.325848306093201,18.579153868438745,30,0.097,0.0388,1,H,Urbain,non,0,579.0,12,5,15a34,Q000787,1,25.77
Q000788,E052,26,6,30.5,4.383374560554898,18.494287017692603,44,0.198,0.0396,1,F,Urbain,non,0,263.0,14,3,35plus,Q000788,1,25.25
Q000789,E041,21,5,42.0,4.373971259372331,18.532941130002655,22,0.021,0.0504,1,F,Rural,non,0,61.0,17,4,15a34,Q000789,0,19.84
Q000790,E001,89,3,39.8,4.470825210443909,18.594519924773838,0,0.154,0.0596,1,F,Rural,oui,1,120.0,16,1,moins15,Q000790,0,16.78
Q000791,E008,25,6,40.2,4.397108476544811,18.606017507035364,20,0.121,0.068,0,F,Rural,non,4,133.0,16,1,15a34,Q000791,0,14.71
Q000792,E035,81,6,36.3,4.3133207080023785,18.50102958945502,16,0.5,0.0166,0,H,Rural,non,1,20.0,16,6,15a34,Q000792,0,60.24
Q000793,E055,42,2,30.9,4.423734667479644,18.429982894417563,21,0.203,0.017,1,F,Urbain,non,0,1165.0,14,7,15a34,Q000793,0,58.82
Q000794,E062,68,3,32.9,4.398768000284743,18.509821349183653,9,0.032,0.0606,1,H,Urbain,oui,0,341.0,7,6,moins15,Q000794,0,16.5
Q000795,E033,105,6,38.5,4.406769811913783,18.560026643305363,40,0.258,0.0411,1,F,Rural,non,0,120.0,12,7,35plus,Q000795,1,24.33
Q000796,E023,104,3,19.1,4.382244602478504,18.583558195484155,40,0.13,0.0534,1,H,Rural,non,0,66.0,17,6,35plus,Q000796,0,18.73
Q000797,E073,2,3,42.7,4.410415019838519,18.4910120278102,17,0.542,0.0151,1,H,Rural,oui,0,180.0,8,6,15a34,Q000797,0,66.23
Q000798,E035,95,6,11.2,4.382031168787727,18.461665859414293,24,0.126,0.0759,0,F,Rural,non,1,80.0,9,3,15a34,Q000798,1,13.18
Q000799,E024,115,4,33.4,4.347281128556863,18.504610446996423,17,0.174,0.0426,1,F,Rural,non,1,87.0,9,1,15a34,Q000799,0,23.47
Q000800,E034,81,3,33.5,4.366710933680697,18.524041247215614,38,0.429,0.0127,1,F,Urbain,non,2,78.0,7,5,35plus,Q000800,0,78.74
Q000801,E001,23,6,33.7,4.354202431584075,18.654380945233097,15,0.976,0.0591,1,H,Urbain,non,1,149.0,10,3,15a34,Q000801,1,16.92
Q000802,E023,80,5,24.8,4.37706931088902,18.555491605793407,18,0.185,0.0166,1,F,Rural,non,1,405.0,16,3,15a34,Q000802,0,60.24
Q000803,E039,77,3,35.1,4.363972119421845,18.58243179344436,32,0.336,0.0114,1,F,Rural,non,1,375.0,7,5,15a34,Q000803,0,87.72
Q000804,E069,80,3,9.6,4.3442709121357845,18.6050069868786,18,0.185,0.0749,1,F,Rural,non,1,421.0,14,8,15a34,Q000804,1,13.35
Q000805,E056,52,1,19.7,4.350919626712556,18.527522856925636,55,0.126,0.0457,0,H,Rural,oui,0,656.0,15,8,35plus,Q000805,1,21.88
Q000806,E059,64,1,24.9,4.359820038193341,18.555022994932234,20,0.233,0.0645,1,F,Rural,non,2,161.0,18,6,15a34,Q000806,0,15.5
Q000807,E041,79,6,40.3,4.270946030140245,18.562649847740108,41,0.079,0.0664,1,H,Rural,non,0,927.0,14,2,35plus,Q000807,0,15.06
Q000808,E009,56,1,39.0,4.41122156169787,18.5803154039213,44,0.099,0.0158,1,F,Rural,non,0,395.0,10,7,35plus,Q000808,0,63.29
Q000809,E030,93,6,36.1,4.377396455281587,18.543570850740643,9,0.089,0.029,1,H,Rural,non,1,962.0,13,3,moins15,Q000809,0,34.48
Q000810,E075,86,2,29.2,4.329425554570272,18.602198483501798,27,0.324,0.0312,1,H,Urbain,oui,1,326.0,8,3,15a34,Q000810,0,32.05
Q000811,E004,37,4,39.0,4.389559726761364,18.605174810749514,17,0.146,0.0184,0,H,Urbain,oui,2,110.0,15,3,15a34,Q000811,0,54.35
Q000812,E066,74,5,25.6,4.334594515237806,18.53582843260792,44,0.145,0.0262,1,H,Rural,non,2,26.0,8,1,35plus,Q000812,0,38.17
Q000813,E052,91,6,33.0,4.33459298448289,18.587954045977956,29,0.295,0.0663,1,F,Urbain,non,1,161.0,7,8,15a34,Q000813,0,15.08
Q000814,E022,59,3,24.9,4.378731831128424,18.56946059008815,44,0.152,0.0292,0,H,Rural,non,2,508.0,12,7,35plus,Q000814,0,34.25
Q000815,E059,86,6,32.9,4.431531174083376,18.683089929559085,55,0.085,0.0356,1,F,Urbain,non,0,306.0,11,8,35plus,Q000815,0,28.09
Q000816,E063,16,3,26.8,4.373993750767798,18.59480968329125,56,0.217,0.0483,0,F,Rural,oui,1,27.0,18,1,35plus,Q000816,0,20.7
Q000817,E004,47,6,39.3,4.32120618694131,18.56931230408456,14,0.284,0.0582,1,H,Urbain,oui,0,329.0,10,4,moins15,Q000817,0,17.18
Q000818,E008,85,1,37.0,4.342409341643761,18.52153566775638,13,0.187,0.0221,1,F,Rural,non,0,193.0,18,3,moins15,Q000818,0,45.25
Q000819,E050,108,2,30.0,4.402452364743457,18.49827623391338,15,0.058,0.0177,1,H,Urbain,non,0,210.0,17,8,moins15,Q000819,1,56.5
Q000820,E075,78,4,41.6,4.380213991479976,18.57638736959629,48,0.148,0.0333,1,H,Rural,non,0,118.0,12,8,35plus,Q000820,0,30.03
Q000821,E002,80,5,27.3,4.407973590711508,18.464585959730808,42,0.092,0.033,0,H,Rural,oui,0,139.0,8,8,35plus,Q000821,0,30.3
Q000822,E050,42,5,33.8,4.379672853661906,18.631196475054505,41,0.135,0.037,1,F,Urbain,non,0,200.0,10,8,35plus,Q000822,0,27.03
Q000823,E011,85,3,29.7,4.39854159656911,18.447031145569703,39,0.136,0.0511,1,F,Urbain,oui,1,822.0,7,7,35plus,Q000823,0,19.57
Q000824,E049,43,4,39.2,4.460649795232028,18.498541648145327,24,0.24,0.0595,0,F,Rural,non,2,258.0,10,7,15a34,Q000824,0,16.81
Q000825,E047,7,4,38.5,4.292383996749262,18.600000865633504,32,0.213,0.0637,1,H,Urbain,non,0,245.0,17,8,15a34,Q000825,0,15.7
Q000826,E007,30,6,43.1,4.480357182423402,18.548229378845615,36,0.453,0.018,1,H,Rural,oui,2,234.0,8,1,35plus,Q000826,0,55.56
Q000827,E052,74,1,34.6,4.4068245490752735,18.559151489425293,32,0.473,0.0179,0,H,Urbain,oui,1,180.0,10,2,15a34,Q000827,0,55.87
Q000828,E068,116,1,13.3,4.491248606953707,18.515625809864176,20,0.386,0.0655,1,H,Rural,oui,0,466.0,9,6,15a34,Q000828,1,15.27
Q000829,E065,60,4,31.0,4.31083740436826,18.543620030857326,55,0.132,0.0124,1,H,Urbain,non,0,36.0,16,5,35plus,Q000829,0,80.65
Q000830,E003,104,1,45.0,4.379122574985659,18.584210613008114,12,0.115,0.0701,1,H,Rural,non,2,32.0,11,8,moins15,Q000830,0,14.27
Q000831,E019,94,2,31.7,4.367968827688049,18.50838704368677,24,0.456,0.069,0,F,Urbain,non,3,7.0,15,7,15a34,Q000831,0,14.49
Q000832,E019,68,4,20.6,4.404177006814773,18.536897034526575,52,0.527,0.0783,0,H,Urbain,non,0,95.0,14,7,35plus,Q000832,0,12.77
Q000833,E034,97,2,37.1,4.383487733565575,18.550264711470692,44,0.162,0.0372,1,F,Urbain,non,0,347.0,13,7,35plus,Q000833,0,26.88
Q000834,E011,49,2,37.7,4.377886770216326,18.536460278242092,11,0.167,0.0486,1,H,Rural,oui,3,403.0,7,7,moins15,Q000834,0,20.58
Q000835,E065,54,3,28.9,4.398946100158685,18.587542383159096,0,0.072,0.0108,1,H,Urbain,oui,1,285.0,17,6,moins15,Q000835,0,92.59
Q000836,E059,89,5,32.3,4.354659519310828,18.572971957001915,15,0.216,0.0555,1,H,Rural,non,0,822.0,16,6,15a34,Q000836,0,18.02
Q000837,E061,77,3,28.1,4.334208523833563,18.544768862732095,32,0.052,0.0749,1,F,Rural,oui,2,309.0,9,1,15a34,Q000837,0,13.35
Q000838,E015,64,5,37.7,4.382662472822487,18.46469985735031,31,0.286,0.0203,1,F,Rural,non,1,49.0,15,5,15a34,Q000838,0,49.26
Q000839,E002,52,1,34.4,4.334109454614218,18.60909157857524,30,0.281,0.0422,1,F,Urbain,non,0,230.0,9,8,15a34,Q000839,0,23.7
Q000840,E069,118,1,25.8,4.353723412613635,18.503812696382816,39,0.091,0.0312,0,H,Urbain,non,0,77.0,10,6,35plus,Q000840,0,32.05
Q000841,E022,8,1,33.9,4.287944529230573,18.638802688618775,31,0.128,0.0139,1,H,Rural,non,0,159.0,12,5,15a34,Q000841,0,71.94
Q000842,E050,7,6,28.9,4.362796295507198,18.507757996468253,45,0.167,0.0104,1,F,Rural,oui,0,51.0,15,5,35plus,Q000842,0,96.15
Q000843,E069,58,2,44.2,4.313567784115197,18.562707057390046,40,0.16,0.0182,1,H,Rural,non,0,1608.0,17,6,35plus,Q000843,1,54.95
Q000844,E003,5,1,40.3,4.358351137254709,18.58179633150607,0,0.417,0.0358,1,H,Urbain,non,2,159.0,11,3,moins15,Q000844,0,27.93
Q000845,E001,41,2,33.1,4.305698619750854,18.540169451680814,32,0.329,0.0569,1,F,Rural,non,0,264.0,18,8,15a34,Q000845,0,17.57
Q000846,E001,69,5,34.6,4.359033405997385,18.565597601552174,25,0.124,0.0412,1,F,Urbain,non,2,76.0,7,7,15a34,Q000846,1,24.27
Q000847,E012,49,3,41.1,4.404985299672111,18.53587360166465,35,0.355,0.018,1,F,Rural,non,0,78.0,10,5,35plus,Q000847,0,55.56
Q000848,E004,25,3,6.6,4.330207974092968,18.64445928409851,27,0.124,0.0603,1,H,Urbain,non,0,98.0,11,8,15a34,Q000848,1,16.58
Q000849,E062,35,1,39.3,4.313335490015995,18.560110199275183,6,0.261,0.0783,0,H,Urbain,non,0,258.0,16,1,moins15,Q000849,0,12.77
Q000850,E046,73,5,44.3,4.399082046465959,18.54417989108954,37,0.306,0.0613,1,F,Rural,oui,2,89.0,15,7,35plus,Q000850,0,16.31
Q000851,E074,115,2,30.6,4.405663846572013,18.562211133493207,41,0.342,0.0695,0,H,Rural,oui,1,4.0,7,3,35plus,Q000851,0,14.39
Q000852,E061,94,1,45.5,4.3612,18.5551,3,0.214,0.0379,0,F,Urbain,non,1,55.0,12,4,moins15,Q000852,1,26.39
Q000853,E073,66,5,13.0,4.33672736406671,18.569521156043358,56,0.452,0.0687,0,H,Urbain,oui,0,32.0,7,7,35plus,Q000853,1,14.56
Q000854,E018,17,6,35.7,4.328515709062837,18.55917073580206,45,0.154,0.0662,1,H,Urbain,non,2,114.0,16,7,35plus,Q000854,0,15.11
Q000855,E022,30,4,30.9,4.343425713965826,18.4782676627361,17,0.147,0.0313,1,H,Rural,non,0,175.0,9,6,15a34,Q000855,0,31.95
Q000856,E064,53,6,35.7,4.357041799476091,18.60776732598463,14,0.171,0.0439,0,F,Urbain,non,0,264.0,7,2,moins15,Q000856,0,22.78
Q000857,E019,30,3,32.3,4.273728651884078,18.567513896614148,34,0.078,0.0523,1,F,Rural,non,1,67.0,13,4,15a34,Q000857,0,19.12
Q000858,E005,83,4,28.5,4.310842513595984,18.527731065415203,32,0.219,0.0632,1,F,Rural,non,0,206.0,13,6,15a34,Q000858,0,15.82
Q000859,E051,44,3,37.7,4.42254352714973,18.566335791495966,40,0.108,0.0784,1,F,Rural,non,0,281.0,12,7,35plus,Q000859,0,12.76
Q000860,E061,101,4,26.8,4.370371400295521,18.619544465153698,38,0.089,0.052,1,H,Rural,non,0,450.0,7,3,35plus,Q000860,0,19.23
Q000861,E073,33,6,31.6,4.421349027888073,18.585752843623116,39,0.15,0.0154,1,F,Urbain,oui,3,97.0,18,1,35plus,Q000861,0,64.94
Q000862,E070,60,4,31.7,4.410783816053532,18.648427592836157,14,0.297,0.0583,1,H,Rural,non,1,271.0,10,8,moins15,Q000862,0,17.15
Q000863,E010,86,1,24.4,4.344377311903409,18.593717672997187,28,0.143,0.0216,0,H,Urbain,non,0,83.0,10,3,15a34,Q000863,0,46.3
Q000864,E058,25,4,38.6,4.345132473278905,18.453530680440487,36,0.04,0.0771,1,F,Rural,oui,0,79.0,16,7,35plus,Q000864,0,12.97
Q000865,E064,92,3,32.4,4.408328146839309,18.613046925333382,27,0.314,0.0775,1,H,Rural,oui,2,183.0,17,2,15a34,Q000865,0,12.9
Q000866,E053,71,4,43.1,4.397932471767446,18.462839413815217,40,0.099,0.0699,1,F,Rural,oui,1,698.0,10,1,35plus,Q000866,0,14.31
Q000867,E062,78,4,32.3,4.4093707627516805,18.61754701730985,47,0.135,0.0155,1,F,Rural,oui,2,427.0,12,4,35plus,Q000867,0,64.52
Q000868,E063,55,4,31.2,4.3612,18.5551,18,0.267,0.0791,1,H,Urbain,non,0,29.0,11,1,15a34,Q000868,1,12.64
Q000869,E034,113,6,27.7,4.367128994520507,18.633998147806693,30,0.064,0.0357,1,H,Rural,non,1,968.0,8,5,15a34,Q000869,0,28.01
Q000870,E004,93,6,34.3,4.347221965655991,18.57214435325657,23,0.091,0.061,1,F,Rural,oui,0,831.0,17,5,15a34,Q000870,0,16.39
Q000871,E035,24,6,34.3,4.357326576041831,18.564310711625943,24,0.086,0.0394,1,H,Rural,non,1,23.0,7,7,15a34,Q000871,0,25.38
Q000872,E016,67,4,39.2,4.3257178318330896,18.611932641878916,6,0.059,0.0459,1,F,Rural,non,1,147.0,18,6,moins15,Q000872,0,21.79
Q000873,E009,109,2,34.5,4.35626072119262,18.491159836600698,37,0.093,0.0241,1,F,Rural,oui,0,29.0,7,7,35plus,Q000873,0,41.49
Q000874,E010,34,2,48.7,4.351999542303098,18.55201555056151,73,0.035,0.073,1,F,Rural,non,3,503.0,11,2,35plus,Q000874,0,13.7
Q000875,E053,65,6,37.2,4.337062989330878,18.53849954317264,37,0.049,0.0585,1,F,Rural,oui,3,909.0,15,7,35plus,Q000875,0,17.09
Q000876,E038,91,6,27.1,4.3995573945814055,18.528525939935072,65,0.165,0.0502,1,F,Urbain,oui,0,176.0,16,5,35plus,Q000876,0,19.92
Q000877,E041,33,1,26.5,4.289488138947266,18.521465109458962,50,0.339,0.0235,1,F,Urbain,oui,0,51.0,15,5,35plus,Q000877,0,42.55
Q000878,E056,63,2,6.0,4.376871859328522,18.55790263738542,19,0.168,0.0387,1,F,Urbain,oui,1,317.0,15,4,15a34,Q000878,1,25.84
Q000879,E042,67,5,26.9,4.313915480275609,18.585915181385356,37,0.239,0.0378,1,H,Urbain,oui,2,33.0,14,1,35plus,Q000879,0,26.46
Q000880,E048,22,1,38.2,4.317607424333138,18.624365247990703,42,0.452,0.0157,0,H,Rural,non,1,97.0,12,7,35plus,Q000880,0,63.69
Q000881,E007,22,1,40.3,4.32189294438319,18.53576024481137,41,0.306,0.0524,1,H,Rural,non,0,233.0,12,1,35plus,Q000881,0,19.08
Q000882,E064,68,6,40.4,4.383541938167266,18.53162370110869,20,0.057,0.0505,1,H,Rural,non,0,228.0,13,2,15a34,Q000882,0,19.8
Q000883,E034,22,1,27.9,4.247118260921594,18.408950573788736,34,0.22,0.0498,1,F,Rural,non,1,269.0,7,6,15a34,Q000883,0,20.08
Q000884,E012,114,2,40.5,4.368435022530176,18.623225555496568,56,0.296,0.0416,1,H,Urbain,non,0,23.0,17,5,35plus,Q000884,0,24.04
Q000885,E061,63,6,36.3,4.362272689457313,18.482098736709897,7,0.071,0.0248,1,F,Rural,non,1,2.0,17,7,moins15,Q000885,0,40.32
Q000886,E056,85,1,29.7,4.311491876183837,18.57402125567557,46,0.188,0.0525,1,H,Urbain,non,2,145.0,11,8,35plus,Q000886,0,19.05
Q000887,E004,48,5,32.9,4.369110550454209,18.56462856103346,48,0.193,0.0448,0,F,Rural,oui,0,157.0,12,6,35plus,Q000887,0,22.32
Q000888,E015,36,4,37.3,4.299337415159051,18.599517715893917,5,0.114,0.0528,1,H,Rural,non,1,184.0,17,8,moins15,Q000888,0,18.94
Q000889,E002,59,4,29.3,4.357811750588475,18.50602095130222,21,0.164,0.027,0,F,Urbain,oui,0,264.0,14,4,15a34,Q000889,0,37.04
Q000890,E021,86,5,36.1,4.29745054915968,18.578707159643486,26,0.311,0.0403,0,F,Urbain,non,1,19.0,8,4,15a34,Q000890,0,24.81
Q000891,E008,48,1,44.1,4.462516765849821,18.631424442598853,44,0.106,0.0676,1,F,Rural,non,1,418.0,7,4,35plus,Q000891,0,14.79
Q000892,E054,34,1,40.7,4.403070291262008,18.56162561339792,31,0.119,0.0536,1,H,Urbain,non,0,363.0,7,4,15a34,Q000892,0,18.66
Q000893,E040,18,2,34.6,4.372323319648815,18.506191433369636,22,0.172,0.0118,1,F,Urbain,non,1,433.0,18,6,15a34,Q000893,0,84.75
Q000894,E074,66,3,35.6,4.312241037718549,18.476640847753487,32,0.074,0.0586,0,H,Rural,non,2,44.0,18,8,15a34,Q000894,0,17.06
Q000895,E057,82,6,30.2,4.346223528598306,18.624447045249067,37,0.099,0.0648,1,H,Urbain,oui,0,142.0,7,5,35plus,Q000895,0,15.43
Q000896,E046,64,1,30.4,4.3612,18.5551,28,0.151,0.0256,1,F,Rural,non,1,429.0,14,7,15a34,Q000896,1,39.06
Q000897,E039,31,3,23.2,4.372095030379594,18.537973779842975,55,0.122,0.0488,0,H,Rural,non,2,528.0,11,5,35plus,Q000897,0,20.49
Q000898,E005,30,3,35.8,4.379927504541395,18.676425290273528,31,0.154,0.0737,1,F,Urbain,oui,0,363.0,17,6,15a34,Q000898,0,13.57
Q000899,E006,46,2,38.8,4.3712437882576465,18.59614686246275,42,0.082,0.0125,1,F,Urbain,non,3,592.0,18,8,35plus,Q000899,0,80.0
Q000900,E047,42,3,33.5,4.377115346879272,18.60728285662291,15,0.144,0.0651,1,F,Urbain,non,1,146.0,13,3,15a34,Q000900,0,15.36
Q000901,E001,25,2,27.9,4.3515074825812405,18.632080161864586,36,0.075,0.066,1,H,Urbain,non,1,95.0,14,4,35plus,Q000901,0,15.15
Q000902,E004,114,1,34.5,4.377123137470921,18.472001432238834,23,0.064,0.0722,1,H,Urbain,oui,0,140.0,15,2,15a34,Q000902,0,13.85
Q000903,E017,40,4,43.4,4.328103296117687,18.62673619017804,23,0.341,0.0766,1,F,Urbain,non,1,168.0,7,2,15a34,Q000903,0,13.05
Q000904,E067,31,6,40.3,4.306825055706597,18.633544487767228,54,0.178,0.0285,1,F,Rural,non,0,660.0,15,3,35plus,Q000904,0,35.09
Q000905,E035,73,3,33.8,4.452394035909339,18.527692451821093,21,0.367,0.0288,1,H,Urbain,oui,1,579.0,8,7,15a34,Q000905,0,34.72
Q000906,E054,97,4,48.3,4.380800321189078,18.587600210994196,23,0.215,0.0636,1,F,Rural,oui,2,148.0,16,5,15a34,Q000906,0,15.72
Q000907,E031,56,5,52.9,4.3612,18.5551,5,0.379,0.0535,0,F,Rural,non,0,315.0,14,8,moins15,Q000907,1,18.69
Q000908,E013,81,6,30.6,4.346262937562289,18.51460844900696,17,0.146,0.024,1,H,Rural,non,2,423.0,9,3,15a34,Q000908,0,41.67
Q000909,E028,12,5,32.3,4.480535838990187,18.595726026118037,5,0.294,0.0313,0,F,Urbain,oui,0,256.0,15,1,moins15,Q000909,0,31.95
Q000910,E007,64,6,38.9,4.363980222941088,18.518238280859656,48,0.25,0.056,1,H,Rural,non,1,523.0,18,6,35plus,Q000910,0,17.86
Q000911,E058,8,5,27.6,4.417297993750009,18.679602481513623,36,0.029,0.0532,1,F,Rural,non,1,446.0,9,4,35plus,Q000911,0,18.8
Q000912,E014,17,6,39.9,4.361642662037847,18.558083180300393,43,0.264,0.0682,1,F,Rural,oui,0,227.0,14,2,35plus,Q000912,0,14.66
Q000913,E029,72,6,34.7,4.368246127699167,18.578354347733953,35,0.085,0.038,0,F,Urbain,non,1,953.0,8,3,35plus,Q000913,1,26.32
Q000914,E074,25,5,36.6,4.354240000763254,18.46862110566163,15,0.251,0.0544,0,F,Urbain,non,2,688.0,13,5,15a34,Q000914,1,18.38
Q000915,E045,5,3,30.0,4.33535986817824,18.569800017830115,43,0.415,0.0706,1,H,Rural,oui,0,377.0,11,8,35plus,Q000915,0,14.16
Q000916,E035,22,2,28.5,4.409012113680227,18.61099940403837,28,0.287,0.0614,1,F,Urbain,non,1,475.0,7,3,15a34,Q000916,0,16.29
Q000917,E041,93,4,20.1,4.359556944256278,18.50527023900401,39,0.066,0.0763,1,H,Urbain,non,0,97.0,10,5,35plus,Q000917,0,13.11
Q000918,E059,71,5,44.4,4.401521833313422,18.523887686113124,0,0.113,0.0118,1,F,Rural,non,0,147.0,10,3,moins15,Q000918,0,84.75
Q000919,E020,46,5,40.6,4.405189707352019,18.514456402915446,13,0.243,0.0697,1,H,Rural,non,0,164.0,9,8,moins15,Q000919,0,14.35
Q000920,E048,117,4,38.7,4.430716935261961,18.49228922954329,20,0.197,0.0465,1,F,Rural,non,4,1.0,18,1,15a34,Q000920,0,21.51
Q000921,E066,47,1,36.4,4.381058571121954,18.485232379943238,35,0.132,0.0779,1,F,Urbain,oui,1,175.0,10,2,35plus,Q000921,0,12.84
Q000922,E043,106,2,17.9,4.284451440784485,18.60146256581647,5,0.07,0.0694,1,H,Rural,oui,1,184.0,8,1,moins15,Q000922,1,14.41
Q000923,E034,42,4,28.7,4.343989711650648,18.486715694590593,65,0.34,0.028,1,F,Rural,oui,1,21.0,11,5,35plus,Q000923,0,35.71
Q000924,E011,4,3,32.2,4.358739936249985,18.460817565198333,50,0.432,0.0614,1,F,Rural,non,0,35.0,17,8,35plus,Q000924,1,16.29
Q000925,E019,14,3,26.4,4.36062075173556,18.523392577833587,50,0.205,0.0585,1,H,Rural,non,0,12.0,11,7,35plus,Q000925,0,17.09
Q000926,E071,33,2,22.1,4.425919768214855,18.552508839175477,52,0.276,0.0731,1,F,Rural,non,1,17.0,15,1,35plus,Q000926,0,13.68
Q000927,E041,23,1,27.2,4.416811354705506,18.579016696114397,39,0.201,0.041,1,F,Rural,oui,1,47.0,16,4,35plus,Q000927,0,24.39
Q000928,E023,19,3,34.3,4.352754284365302,18.50563044611533,14,0.124,0.0617,1,H,Urbain,non,1,397.0,12,2,moins15,Q000928,0,16.21
Q000929,E032,47,3,34.3,4.48150473352991,18.520587865443332,37,0.136,0.046,1,F,Rural,oui,2,103.0,18,5,35plus,Q000929,0,21.74
Q000930,E044,118,5,40.4,4.342558253572463,18.57704607294961,23,0.351,0.0357,1,H,Rural,non,1,71.0,12,1,15a34,Q000930,0,28.01
Q000931,E041,25,1,48.4,4.346615447137293,18.595225496691743,25,0.348,0.0541,0,H,Rural,non,1,417.0,18,7,15a34,Q000931,1,18.48
Q000932,E053,29,3,38.8,4.305380086960766,18.612174574345623,43,0.254,0.0592,1,F,Rural,non,1,193.0,10,3,35plus,Q000932,0,16.89
Q000933,E020,120,6,32.8,4.282041712984051,18.573976644060465,22,0.377,0.0715,1,H,Rural,oui,1,656.0,12,5,15a34,Q000933,0,13.99
Q000934,E049,25,2,46.6,4.300996287567532,18.46711312158055,20,0.284,0.0382,1,H,Rural,non,0,274.0,10,3,15a34,Q000934,1,26.18
Q000935,E034,100,2,22.9,4.410677254361164,18.506240912815926,45,0.201,0.0316,0,H,Rural,oui,0,225.0,12,7,35plus,Q000935,0,31.65
Q000936,E071,75,1,19.4,4.397075100521151,18.612698096773798,18,0.119,0.043,1,F,Rural,oui,1,269.0,9,3,15a34,Q000936,0,23.26
Q000937,E012,112,4,27.8,4.315822477185029,18.638539344022565,26,0.185,0.0562,0,H,Urbain,oui,2,689.0,13,8,15a34,Q000937,0,17.79
Q000938,E012,67,6,39.7,4.364993959284198,18.54561549238486,29,0.071,0.056,1,H,Rural,non,0,535.0,15,5,15a34,Q000938,0,17.86
Q000939,E035,72,3,35.2,4.400323460841688,18.541216181343742,39,0.088,0.0793,1,H,Rural,non,0,450.0,10,2,35plus,Q000939,0,12.61
Q000940,E039,28,3,26.1,4.258331418490647,18.499952074396205,41,0.023,0.0134,1,H,Rural,oui,0,223.0,11,2,35plus,Q000940,0,74.63
Q000941,E052,69,5,28.9,4.448610565896116,18.621015979389426,21,0.307,0.0377,1,H,Rural,oui,1,215.0,11,1,15a34,Q000941,0,26.53
Q000942,E031,81,3,25.3,4.412626850997501,18.497083165196706,5,0.048,0.0431,1,F,Rural,non,4,367.0,7,5,moins15,Q000942,0,23.2
Q000943,E069,119,3,25.3,4.400525735393158,18.648086062085195,50,0.116,0.0153,1,F,Rural,non,0,405.0,8,7,35plus,Q000943,0,65.36
Q000944,E036,12,5,44.9,4.42010405782832,18.545917277153052,0,0.529,0.0192,1,F,Rural,oui,3,128.0,8,4,moins15,Q000944,0,52.08
Q000945,E010,19,2,33.0,4.257923087899043,18.50700403331157,37,0.183,0.0623,1,H,Rural,non,3,109.0,14,2,35plus,Q000945,0,16.05
Q000946,E009,3,6,46.4,4.34907139982975,18.460844536701394,30,0.125,0.0182,0,H,Rural,non,1,422.0,11,1,15a34,Q000946,0,54.95
Q000947,E074,95,2,27.8,4.422918466391954,18.536477160951844,34,0.194,0.0467,1,F,Rural,non,1,301.0,17,1,15a34,Q000947,0,21.41
Q000948,E011,10,4,37.4,4.359648530643101,18.543687606955693,35,0.402,0.0734,1,H,Urbain,oui,1,688.0,7,1,35plus,Q000948,0,13.62
Q000949,E072,110,2,35.6,4.3971338304564505,18.534060542692373,27,0.058,0.0682,1,F,Rural,oui,1,63.0,7,2,15a34,Q000949,0,14.66
Q000950,E021,44,4,40.2,4.4324087414492706,18.550252175846616,29,0.137,0.0395,1,F,Rural,oui,1,1222.0,17,2,15a34,Q000950,0,25.32
Q000951,E008,35,3,35.8,4.395181167614742,18.619280500225074,36,0.111,0.0795,0,H,Rural,non,1,314.0,9,8,35plus,Q000951,0,12.58
Q000952,E023,118,2,40.9,4.347114535515139,18.580941408306497,35,0.256,0.0187,1,F,Urbain,non,1,359.0,10,6,35plus,Q000952,0,53.48
Q000953,E047,87,5,37.9,4.388785318152271,18.55973958867024,0,0.216,0.0485,0,H,Rural,oui,0,125.0,8,6,moins15,Q000953,0,20.62
Q000954,E033,66,6,26.4,4.276449988115089,18.607084226020856,30,0.133,0.0196,1,F,Urbain,oui,1,138.0,7,6,15a34,Q000954,1,51.02
Q000955,E059,107,1,39.1,4.384517563349243,18.50418598654742,42,0.397,0.0284,0,H,Rural,non,2,141.0,12,3,35plus,Q000955,0,35.21
Q000956,E046,91,4,33.3,4.397481784864289,18.5856681285549,20,0.069,0.0365,1,H,Urbain,non,0,39.0,11,7,15a34,Q000956,0,27.4
Q000957,E031,77,5,28.6,4.367547494790867,18.58471756787603,37,0.164,0.0686,1,F,Urbain,non,1,486.0,9,7,35plus,Q000957,0,14.58
Q000958,E048,39,5,38.9,4.41807648728447,18.62498488024849,46,0.099,0.0543,1,H,Rural,non,2,127.0,9,3,35plus,Q000958,0,18.42
Q000959,E073,119,2,40.5,4.373931400445756,18.481468873925543,32,0.282,0.0356,1,H,Rural,non,0,39.0,15,3,15a34,Q000959,0,28.09
Q000960,E031,87,1,30.6,4.367347676729786,18.506691147454905,32,0.504,0.028,1,F,Urbain,non,0,89.0,16,1,15a34,Q000960,0,35.71
Q000961,E012,114,4,31.5,4.4516164656737605,18.50949219424833,10,0.056,0.0747,1,H,Urbain,oui,1,85.0,11,1,moins15,Q000961,0,13.39
Q000962,E031,116,4,24.3,4.312108089438144,18.573909433540045,29,0.081,0.0653,1,H,Rural,non,0,166.0,11,1,15a34,Q000962,0,15.31
Q000963,E064,66,2,21.4,4.429606692413423,18.561199411680466,38,0.113,0.0387,1,F,Rural,non,1,326.0,17,3,35plus,Q000963,0,25.84
Q000964,E017,43,3,32.3,4.425648224848354,18.57838785772535,24,0.113,0.0194,1,H,Urbain,non,2,249.0,11,4,15a34,Q000964,0,51.55
Q000965,E072,114,4,39.5,4.402264765883083,18.444656597936888,25,0.266,0.0731,1,F,Urbain,non,2,24.0,14,2,15a34,Q000965,0,13.68
Q000966,E045,120,3,30.0,4.339774360008194,18.62360975213969,38,0.12,0.0483,1,F,Urbain,oui,3,37.0,10,1,35plus,Q000966,0,20.7
Q000967,E046,15,3,44.0,4.377134779094316,18.56175043781142,36,0.089,0.0512,1,F,Rural,oui,0,250.0,8,3,35plus,Q000967,0,19.53
Q000968,E024,77,5,32.6,4.319785366825746,18.577628194713316,37,0.133,0.0166,1,H,Rural,non,0,13.0,9,8,35plus,Q000968,0,60.24
Q000969,E070,73,6,32.6,4.331894322470193,18.568515995703013,7,0.375,0.0739,1,F,Urbain,oui,0,285.0,7,2,moins15,Q000969,0,13.53
Q000970,E003,90,5,32.0,4.3665721247955736,18.51860897325514,37,0.438,0.0307,1,H,Rural,oui,0,46.0,13,4,35plus,Q000970,0,32.57
Q000971,E023,118,1,40.9,4.315819020945356,18.575901150417202,6,0.098,0.0227,1,H,Rural,non,1,15.0,15,3,moins15,Q000971,0,44.05
Q000972,E032,31,3,27.3,4.348333428896263,18.553811311214986,26,0.059,0.0373,0,F,Rural,non,0,710.0,18,4,15a34,Q000972,0,26.81
Q000973,E036,118,1,33.1,4.3048998993202545,18.553147337019894,60,0.455,0.0474,0,F,Rural,oui,0,400.0,17,8,35plus,Q000973,0,21.1
Q000974,E036,78,6,30.2,4.392646231931294,18.57465958836371,39,0.221,0.0643,0,H,Rural,non,0,34.0,16,5,35plus,Q000974,0,15.55
Q000975,E012,10,4,30.1,4.441743037301456,18.544873991411876,35,0.284,0.0129,0,H,Urbain,oui,2,160.0,7,8,35plus,Q000975,0,77.52
Q000976,E017,62,2,34.2,4.469845941204486,18.481965619537124,18,0.244,0.0692,1,H,Urbain,non,1,469.0,16,8,15a34,Q000976,1,14.45
Q000977,E008,17,6,33.2,4.308324027555429,18.540924914221296,54,0.134,0.0461,1,F,Rural,oui,1,100.0,11,8,35plus,Q000977,0,21.69
Q000978,E043,115,4,41.4,4.31710890364024,18.631251089732945,35,0.131,0.0412,1,F,Rural,non,1,235.0,8,7,35plus,Q000978,0,24.27
Q000979,E027,92,1,33.9,4.35750135984193,18.52232890355417,0,0.17,0.0164,0,H,Urbain,non,2,178.0,16,2,moins15,Q000979,1,60.98
Q000980,E043,109,1,37.9,4.401116951128922,18.554704207859494,20,0.269,0.0268,1,F,Rural,non,2,433.0,15,5,15a34,Q000980,0,37.31
Q000981,E045,73,5,35.2,4.355400141709804,18.591717516374896,35,0.287,0.0449,1,F,Rural,non,0,5.0,18,3,35plus,Q000981,0,22.27
Q000982,E053,48,2,43.8,4.41387733314174,18.655965756050996,27,0.101,0.0729,1,H,Rural,non,2,152.0,12,3,15a34,Q000982,0,13.72
Q000983,E042,52,4,31.9,4.392305728015033,18.537212810808455,47,0.419,0.0445,1,H,Urbain,oui,1,993.0,14,7,35plus,Q000983,0,22.47
Q000984,E049,114,6,31.9,4.27730873161861,18.488640576282744,14,0.185,0.0434,1,H,Rural,non,0,198.0,13,1,moins15,Q000984,0,23.04
Q000985,E045,19,2,39.2,4.36847165879093,18.583625912364337,33,0.044,0.0572,1,F,Rural,oui,2,162.0,11,7,15a34,Q000985,0,17.48
Q000986,E049,107,1,31.8,4.303746344422417,18.509386566645563,21,0.125,0.0414,0,F,Urbain,non,2,401.0,10,5,15a34,Q000986,0,24.15
Q000987,E047,51,1,37.5,4.337431827963877,18.56476585568005,33,0.257,0.0759,1,F,Urbain,non,0,566.0,15,4,15a34,Q000987,0,13.18
Q000988,E024,71,6,11.7,4.345085658741104,18.58030133365835,22,0.319,0.0202,0,F,Urbain,non,1,149.0,14,6,15a34,Q000988,1,49.5
Q000989,E019,81,4,27.1,4.402737217497626,18.52603151945973,30,0.363,0.0544,1,H,Rural,non,1,16.0,18,8,15a34,Q000989,1,18.38
Q000990,E060,10,2,44.7,4.36419280089067,18.536396741227183,53,0.133,0.021,1,F,Rural,non,2,587.0,11,1,35plus,Q000990,0,47.62
Q000991,E026,18,1,30.6,4.3423563994361105,18.590960964193826,7,0.16,0.0686,1,H,Rural,non,1,404.0,15,6,moins15,Q000991,0,14.58
Q000992,E042,20,5,43.4,4.470448605292296,18.604630836019357,61,0.063,0.0162,1,F,Rural,non,3,404.0,12,6,35plus,Q000992,0,61.73
Q000993,E015,94,1,38.8,4.320957901054201,18.55221072196351,83,0.171,0.034,0,F,Urbain,non,1,1050.0,10,6,35plus,Q000993,0,29.41
Q000994,E033,10,1,38.2,4.380019178873592,18.558430202311083,23,0.394,0.0238,1,H,Urbain,non,2,205.0,17,5,15a34,Q000994,0,42.02
Q000995,E040,74,4,32.9,4.39897812419765,18.49380322050581,51,0.478,0.0699,1,F,Rural,oui,1,15.0,16,8,35plus,Q000995,0,14.31
Q000996,E047,13,4,32.2,4.373996101765442,18.555903839912286,44,0.474,0.011,1,H,Rural,non,1,244.0,14,3,35plus,Q000996,0,90.91
Q000997,E040,93,4,28.9,4.32066704072047,18.530417549067753,42,0.141,0.0238,1,F,Urbain,non,2,337.0,16,1,35plus,Q000997,0,42.02
Q000998,E028,118,6,34.0,4.3612,18.5551,19,0.235,0.0797,1,H,Rural,non,4,49.0,8,8,15a34,Q000998,1,12.55
Q000999,E073,50,2,32.7,4.396593960069929,18.62091074052745,16,0.266,0.0324,1,H,Rural,non,2,49.0,8,6,15a34,Q000999,0,30.86
Q001000,E039,26,4,35.3,4.41782006155127,18.49369199134559,23,0.336,0.0534,1,H,Urbain,non,0,269.0,16,8,15a34,Q001000,0,18.73
Q001001,E061,54,2,24.1,4.362935760443992,18.60876749259088,24,0.178,0.071,1,F,Urbain,oui,0,735.0,17,4,15a34,Q001001,0,14.08
Q001002,E056,83,3,34.2,4.299675678418359,18.55973750300608,12,0.201,0.0281,1,H,Urbain,non,2,53.0,11,6,moins15,Q001002,0,35.59
Q001003,E042,88,1,42.8,4.3660586243486215,18.54865288393309,19,0.196,0.0272,1,H,Urbain,non,1,228.0,9,7,15a34,Q001003,0,36.76
Q001004,E067,77,5,40.6,4.4412871949406245,18.506563313430945,46,0.091,0.034,1,F,Urbain,oui,1,285.0,17,2,35plus,Q001004,0,29.41
Q001005,E010,70,5,34.2,4.315238793885982,18.563976408164088,54,0.135,0.0552,1,H,Urbain,oui,1,365.0,17,6,35plus,Q001005,0,18.12
Q001006,E070,76,5,51.9,4.349660675714692,18.658573514203724,17,0.219,0.0255,1,H,Rural,oui,2,151.0,15,8,15a34,Q001006,0,39.22
Q001007,E064,27,1,30.0,4.3684397728170605,18.422621559541245,67,0.155,0.074,1,H,Urbain,non,2,131.0,7,6,35plus,Q001007,0,13.51
Q001008,E038,25,1,33.4,4.419951038155858,18.45222382262431,10,0.319,0.0375,1,F,Rural,non,0,21.0,18,2,moins15,Q001008,1,26.67
Q001009,E056,112,5,23.8,4.339059122779663,18.541160732074385,13,0.046,0.0319,1,F,Urbain,oui,1,559.0,7,3,moins15,Q001009,0,31.35
Q001010,E040,70,4,31.2,4.389745124196174,18.56635043122513,2,0.141,0.0314,1,H,Urbain,non,0,107.0,9,8,moins15,Q001010,0,31.85
Q001011,E021,104,1,46.5,4.435088081133248,18.59697639457214,3,0.107,0.0604,1,H,Urbain,oui,1,358.0,16,2,moins15,Q001011,0,16.56
Q001012,E060,76,4,31.4,4.291448754380329,18.572605479030514,48,0.344,0.0193,1,F,Rural,non,0,310.0,10,5,35plus,Q001012,0,51.81
Q001013,E019,55,6,23.3,4.3612,18.5551,23,0.212,0.0382,0,H,Rural,oui,1,160.0,17,6,15a34,Q001013,1,26.18
Q001014,E024,69,5,40.1,4.360847071577625,18.58080556572693,30,0.349,0.0274,1,F,Rural,non,0,721.0,14,5,15a34,Q001014,0,36.5
Q001015,E039,84,2,36.7,4.4145505523465625,18.541372606681552,25,0.118,0.0183,0,F,Rural,oui,0,407.0,17,3,15a34,Q001015,0,54.64
Q001016,E063,23,2,39.8,4.382173475804004,18.594265596412026,10,0.038,0.0765,1,F,Rural,oui,1,984.0,12,2,moins15,Q001016,0,13.07
Q001017,E029,56,5,31.9,4.419017722347544,18.51414582798013,4,0.228,0.0734,1,F,Rural,non,2,153.0,13,1,moins15,Q001017,0,13.62
Q001018,E038,87,3,27.0,4.280421835209451,18.473408260050718,0,0.133,0.0209,1,H,Urbain,non,2,109.0,12,5,moins15,Q001018,0,47.85
Q001019,E004,11,5,32.7,4.382822496579486,18.527447937216778,25,0.09,0.0326,1,F,Urbain,oui,1,44.0,17,2,15a34,Q001019,0,30.67
Q001020,E009,9,6,37.9,4.223189007074232,18.574551780379128,35,0.126,0.027,1,F,Rural,oui,0,163.0,9,7,35plus,Q001020,0,37.04
Q001021,E005,20,3,33.5,4.431876536589066,18.569147704892725,14,0.408,0.0322,1,H,Rural,non,0,159.0,18,5,moins15,Q001021,0,31.06
Q001022,E006,71,4,36.7,4.3612,18.5551,0,0.096,0.0663,1,F,Rural,non,1,89.0,18,1,moins15,Q001022,1,15.08
Q001023,E066,29,3,30.2,4.349105095062065,18.519421866022732,42,0.083,0.0202,1,H,Rural,non,1,24.0,9,1,35plus,Q001023,0,49.5
Q001024,E064,53,4,37.0,4.250046346661664,18.543401852999125,44,0.244,0.0463,1,H,Rural,oui,0,30.0,14,5,35plus,Q001024,0,21.6
Q001025,E062,17,1,34.0,4.355082341141439,18.624087841593596,7,0.172,0.0147,0,H,Rural,non,1,172.0,14,7,moins15,Q001025,0,68.03
Q001026,E005,31,6,29.1,4.421348096719326,18.677607224642717,10,0.019,0.0378,0,H,Rural,oui,1,917.0,9,6,moins15,Q001026,0,26.46
Q001027,E006,3,4,35.0,4.386217475385519,18.571279003303452,40,0.181,0.0174,1,H,Rural,non,0,29.0,14,3,35plus,Q001027,0,57.47
Q001028,E022,97,2,31.3,4.457970568854603,18.60125847944934,0,0.263,0.0355,1,H,Rural,non,1,516.0,12,5,moins15,Q001028,0,28.17
Q001029,E043,56,4,38.3,4.3506982317638725,18.513631266796935,7,0.532,0.0447,1,H,Urbain,oui,0,30.0,13,7,moins15,Q001029,0,22.37
Q001030,E026,22,3,40.1,4.467024507519377,18.61766369222017,50,0.079,0.0498,1,H,Urbain,non,2,37.0,13,4,35plus,Q001030,0,20.08
Q001031,E037,64,5,37.5,4.264389331283836,18.532539950051607,20,0.351,0.0409,1,H,Urbain,non,1,167.0,13,6,15a34,Q001031,0,24.45
Q001032,E013,112,5,22.6,4.327531993073217,18.486661054275846,29,0.058,0.0622,1,F,Urbain,non,1,356.0,8,3,15a34,Q001032,0,16.08
Q001033,E055,99,3,27.2,4.300715400514827,18.607614086430736,10,0.115,0.07,1,H,Urbain,non,1,63.0,12,1,moins15,Q001033,0,14.29
Q001034,E024,107,5,29.5,4.40228868592604,18.55448214478098,45,0.122,0.0773,1,F,Urbain,non,1,572.0,15,6,35plus,Q001034,0,12.94
Q001035,E005,49,1,28.4,4.304901026506992,18.61968884057358,27,0.059,0.056,0,H,Rural,non,1,296.0,11,2,15a34,Q001035,0,17.86
Q001036,E056,44,6,30.2,4.415808313666425,18.591318322649123,43,0.219,0.0278,1,F,Urbain,non,1,209.0,14,8,35plus,Q001036,0,35.97
Q001037,E068,38,4,40.5,4.399781674148359,18.485317445716117,20,0.363,0.0704,1,F,Urbain,oui,1,249.0,12,6,15a34,Q001037,0,14.2
Q001038,E002,37,4,38.9,4.374477802828543,18.559230289677476,10,0.236,0.0172,0,F,Rural,non,0,545.0,15,6,moins15,Q001038,1,58.14
Q001039,E033,111,4,31.0,4.35978037455745,18.505160062821908,26,0.058,0.0354,1,H,Urbain,non,0,971.0,17,2,15a34,Q001039,0,28.25
Q001040,E063,17,2,38.1,4.3127670675357646,18.613189453951534,15,0.319,0.0174,0,F,Urbain,non,0,99.0,15,8,15a34,Q001040,0,57.47
Q001041,E053,103,5,36.3,4.395448955883644,18.554310188851453,20,0.24,0.0605,1,H,Rural,non,0,35.0,11,6,15a34,Q001041,0,16.53
Q001042,E065,110,3,33.8,4.339877767682023,18.517086871864826,15,0.124,0.0226,1,F,Urbain,non,1,284.0,8,8,15a34,Q001042,0,44.25
Q001043,E032,102,5,42.0,4.403524453679093,18.448490721877338,9,0.167,0.0741,1,H,Rural,oui,1,201.0,8,1,moins15,Q001043,0,13.5
Q001044,E028,76,1,29.4,4.440010881858768,18.608309782601847,40,0.128,0.0268,1,F,Rural,non,1,374.0,14,1,35plus,Q001044,0,37.31
Q001045,E054,103,1,34.4,4.349654319546981,18.53286747934371,35,0.214,0.0657,1,H,Rural,non,1,407.0,16,6,35plus,Q001045,0,15.22
Q001046,E012,4,6,26.6,4.4311227879224475,18.536909667572708,13,0.08,0.0305,1,H,Urbain,oui,2,662.0,14,6,moins15,Q001046,0,32.79
Q001047,E018,99,5,27.0,4.374594152714536,18.574190576004327,55,0.239,0.0271,1,H,Rural,non,0,41.0,10,6,35plus,Q001047,0,36.9
Q001048,E046,62,1,24.5,4.394932959019229,18.505777907686284,17,0.242,0.0227,1,F,Urbain,non,0,674.0,8,1,15a34,Q001048,0,44.05
Q001049,E051,116,2,27.1,4.298989533501751,18.474092225227185,40,0.131,0.021,0,H,Urbain,oui,0,566.0,15,7,35plus,Q001049,0,47.62
Q001050,E009,11,4,34.6,4.33075556118976,18.559650741085015,0,0.128,0.0677,0,F,Urbain,oui,0,275.0,13,6,moins15,Q001050,0,14.77
Q001051,E039,112,1,31.9,4.330212055459986,18.50344795031795,25,0.295,0.0759,1,F,Urbain,non,0,238.0,14,8,15a34,Q001051,1,13.18
Q001052,E028,69,3,32.1,4.432388334080765,18.546159181165635,0,0.403,0.0309,0,F,Urbain,oui,0,336.0,8,3,moins15,Q001052,0,32.36
Q001053,E038,13,2,31.9,4.347541358919306,18.506730871143567,15,0.357,0.0716,1,F,Urbain,oui,1,8.0,16,1,15a34,Q001053,0,13.97
Q001054,E072,62,1,46.4,4.396506477852898,18.482038237710366,34,0.085,0.0368,1,F,Rural,non,2,233.0,9,3,15a34,Q001054,1,27.17
Q001055,E006,5,2,26.0,4.361286562881312,18.467930792748657,32,0.149,0.0771,0,F,Urbain,oui,0,197.0,10,5,15a34,Q001055,0,12.97
Q001056,E075,10,2,25.3,4.347240386900639,18.555050118207365,16,0.069,0.049,1,F,Rural,non,1,112.0,9,1,15a34,Q001056,0,20.41
Q001057,E034,64,1,28.1,4.291480435100047,18.60482518729746,29,0.316,0.0349,1,H,Rural,oui,1,153.0,10,5,15a34,Q001057,0,28.65
Q001058,E058,98,4,33.5,4.269627176341688,18.5988985342149,32,0.147,0.0305,1,H,Urbain,oui,1,407.0,13,2,15a34,Q001058,0,32.79
Q001059,E032,13,2,37.6,4.348145486506431,18.55124276018098,18,0.096,0.0196,1,H,Urbain,non,0,817.0,18,3,15a34,Q001059,0,51.02
Q001060,E024,32,1,38.3,4.351057049028429,18.621237951855747,38,0.268,0.0327,0,F,Rural,non,0,392.0,12,5,35plus,Q001060,0,30.58
Q001061,E058,47,1,40.6,4.321144288011524,18.523217601590545,30,0.378,0.0212,1,H,Urbain,oui,0,252.0,8,7,15a34,Q001061,0,47.17
Q001062,E052,65,6,33.2,4.372337533792822,18.590941224074037,20,0.164,0.0564,1,H,Urbain,non,2,103.0,8,6,15a34,Q001062,0,17.73
Q001063,E011,1,1,31.2,4.463265674153229,18.5253947593197,55,0.199,0.0462,1,H,Rural,non,1,521.0,18,4,35plus,Q001063,0,21.65
Q001064,E053,77,6,45.4,4.439728481232303,18.51370485584341,22,0.064,0.0391,1,F,Rural,non,2,532.0,13,4,15a34,Q001064,0,25.58
Q001065,E057,60,1,14.5,4.364241776272554,18.590481140538675,12,0.915,0.0476,1,H,Urbain,non,0,819.0,18,6,moins15,Q001065,1,21.01
Q001066,E030,116,1,34.4,4.365977696054525,18.571631610968158,43,0.124,0.0406,1,F,Rural,non,0,376.0,13,3,35plus,Q001066,0,24.63
Q001067,E070,37,4,37.0,4.3612,18.5551,37,0.334,0.0218,1,F,Rural,non,2,37.0,18,2,35plus,Q001067,1,45.87
Q001068,E049,60,6,47.1,4.375367862873368,18.475574433556954,0,0.196,0.0242,0,H,Rural,oui,1,219.0,11,1,moins15,Q001068,0,41.32
Q001069,E026,10,1,22.4,4.395177172511561,18.601450102402552,0,0.059,0.0733,1,F,Rural,non,1,427.0,13,2,moins15,Q001069,0,13.64
Q001070,E001,111,2,31.1,4.376787412861603,18.583858121884482,35,0.499,0.0692,1,H,Rural,non,2,47.0,7,3,35plus,Q001070,0,14.45
Q001071,E051,101,5,24.5,4.367702249885213,18.529858878345284,17,0.179,0.0759,1,F,Urbain,non,1,611.0,12,3,15a34,Q001071,0,13.18
Q001072,E016,43,1,21.4,4.330396073026416,18.579148450802826,32,0.287,0.0679,1,H,Urbain,non,1,311.0,18,2,15a34,Q001072,0,14.73
Q001073,E057,56,2,32.6,4.380471740790955,18.604809357032238,22,0.242,0.0456,0,F,Urbain,non,0,131.0,18,8,15a34,Q001073,0,21.93
Q001074,E040,103,2,39.8,4.249250389564196,18.51320355406284,36,0.134,0.0407,1,H,Rural,non,0,384.0,10,5,35plus,Q001074,0,24.57
Q001075,E036,36,5,42.4,4.375592986245452,18.513531157754237,39,0.198,0.0661,1,F,Rural,oui,0,819.0,17,5,35plus,Q001075,0,15.13
Q001076,E013,29,5,30.3,4.258998809632662,18.535574913044407,0,0.201,0.0362,1,F,Urbain,non,2,79.0,18,7,moins15,Q001076,1,27.62
Q001077,E054,30,5,38.7,4.375633244556251,18.438929161545307,13,0.409,0.0516,1,F,Urbain,non,1,194.0,8,6,moins15,Q001077,0,19.38
Q001078,E013,85,4,32.6,4.3134193919605135,18.566505092726786,50,0.285,0.0277,0,F,Rural,oui,2,261.0,11,6,35plus,Q001078,1,36.1
Q001079,E032,26,1,37.9,4.426250917284367,18.595541599062514,34,0.177,0.0438,0,F,Rural,non,3,272.0,13,5,15a34,Q001079,0,22.83
Q001080,E063,11,2,42.1,4.366822144889736,18.578503279680884,38,0.36,0.0577,1,H,Rural,non,0,155.0,9,5,35plus,Q001080,0,17.33
Q001081,E070,20,6,32.6,4.362442934252798,18.573962487847954,65,0.224,0.0379,0,H,Rural,non,1,151.0,14,1,35plus,Q001081,1,26.39
Q001082,E075,119,5,41.5,4.382651046310014,18.60117434141011,46,0.203,0.0473,1,H,Urbain,oui,0,195.0,7,2,35plus,Q001082,0,21.14
Q001083,E072,105,2,25.5,4.319157961588964,18.544988269477223,30,0.073,0.0763,0,F,Urbain,non,3,190.0,8,7,15a34,Q001083,0,13.11
Q001084,E042,115,5,38.6,4.418458254622167,18.47141717510516,11,0.114,0.071,0,F,Urbain,oui,1,120.0,12,4,moins15,Q001084,0,14.08
Q001085,E016,34,5,41.2,4.397041796687082,18.55647162430205,48,0.095,0.051,1,F,Rural,non,0,15.0,11,6,35plus,Q001085,0,19.61
Q001086,E063,54,5,40.5,4.334829127635171,18.615069836698726,49,0.057,0.0737,1,H,Rural,non,0,334.0,10,5,35plus,Q001086,0,13.57
Q001087,E061,59,6,25.7,4.309441596653672,18.56806168394753,32,0.2,0.0489,1,H,Rural,non,0,25.0,7,8,15a34,Q001087,0,20.45
Q001088,E075,63,4,32.6,4.341322545856666,18.531403979168157,58,0.057,0.023,1,F,Rural,non,3,66.0,14,6,35plus,Q001088,0,43.48
Q001089,E049,4,1,36.1,4.354616706152822,18.589207693703276,35,0.272,0.0215,1,H,Rural,oui,1,235.0,10,6,35plus,Q001089,0,46.51
Q001090,E011,72,5,37.1,4.305763650543749,18.569306138347585,31,0.008,0.0449,0,F,Rural,non,0,9.0,15,1,15a34,Q001090,0,22.27
Q001091,E038,5,1,34.8,4.337156958456897,18.53921053608973,50,0.124,0.0743,1,H,Urbain,oui,0,556.0,11,4,35plus,Q001091,1,13.46
Q001092,E034,34,4,44.0,4.330422333636462,18.555953771827774,38,0.088,0.0215,0,F,Rural,oui,0,407.0,16,3,35plus,Q001092,0,46.51
Q001093,E064,36,5,24.9,4.349887822012538,18.534131031877003,42,0.163,0.0684,1,F,Urbain,oui,4,63.0,13,7,35plus,Q001093,0,14.62
Q001094,E030,81,1,32.3,4.350287070465718,18.58074174777817,0,0.384,0.0222,1,H,Rural,non,0,153.0,7,6,moins15,Q001094,0,45.05
Q001095,E025,108,5,22.2,4.3844049345456915,18.505005164053053,36,0.322,0.0474,1,F,Urbain,non,3,623.0,7,7,35plus,Q001095,0,21.1
Q001096,E007,84,5,38.3,4.361562179817514,18.566497606336213,23,0.23,0.069,1,F,Rural,non,2,147.0,7,3,15a34,Q001096,0,14.49
Q001097,E063,53,4,37.9,4.380103329335045,18.59346329827592,22,0.16,0.0471,1,H,Urbain,oui,1,29.0,13,4,15a34,Q001097,0,21.23
Q001098,E057,64,2,57.4,4.372442441029487,18.56189604590156,25,0.14,0.0483,1,H,Urbain,non,2,255.0,9,5,15a34,Q001098,1,20.7
Q001099,E004,62,2,41.2,4.350254426594727,18.562463428438733,20,0.163,0.0173,1,H,Rural,oui,0,188.0,15,7,15a34,Q001099,0,57.8
Q001100,E033,18,5,36.3,4.394186150367389,18.553500744297487,41,0.373,0.0288,1,H,Urbain,oui,1,381.0,14,5,35plus,Q001100,0,34.72
Q001101,E036,115,1,35.8,4.222799662556967,18.576729922557092,12,0.021,0.0586,1,H,Rural,non,0,148.0,16,6,moins15,Q001101,0,17.06
Q001102,E036,111,5,31.8,4.34206068993414,18.532036295011928,3,0.055,0.0797,1,F,Urbain,non,2,74.0,16,2,moins15,Q001102,0,12.55
Q001103,E069,29,2,34.9,4.331467087238553,18.54347323869509,28,0.35,0.0587,1,F,Urbain,non,2,224.0,9,8,15a34,Q001103,0,17.04
Q001104,E012,14,3,35.9,4.365968629613321,18.5049500511625,50,0.128,0.067,1,H,Urbain,oui,1,91.0,10,5,35plus,Q001104,0,14.93
Q001105,E023,20,4,20.2,4.3282832365474855,18.536504458268222,23,0.127,0.0298,1,F,Rural,non,1,751.0,12,7,15a34,Q001105,0,33.56
Q001106,E014,76,1,35.4,4.387445001781371,18.449772464034655,25,0.18,0.029,0,F,Rural,non,4,376.0,7,2,15a34,Q001106,1,34.48
Q001107,E019,4,5,34.7,4.3962666714111105,18.551426640561743,26,0.401,0.0312,1,H,Rural,oui,0,400.0,10,8,15a34,Q001107,0,32.05
Q001108,E069,13,5,46.3,4.290799904034901,18.580800383084334,68,0.228,0.0718,0,F,Rural,non,0,326.0,9,7,35plus,Q001108,0,13.93
Q001109,E071,78,1,33.1,4.371174871662005,18.546650191228963,45,0.419,0.0288,1,H,Urbain,oui,0,655.0,8,7,35plus,Q001109,1,34.72
Q001110,E004,18,6,28.6,4.295955145223606,18.596060347972365,21,0.246,0.0641,1,H,Urbain,oui,1,168.0,16,5,15a34,Q001110,0,15.6
Q001111,E048,9,5,35.9,4.383983126638731,18.616768704406493,27,0.228,0.0311,1,H,Rural,non,1,475.0,16,3,15a34,Q001111,0,32.15
Q001112,E018,3,6,34.5,4.336672988589794,18.54919631912537,19,0.949,0.0253,1,F,Rural,oui,1,683.0,17,1,15a34,Q001112,1,39.53
Q001113,E015,85,4,12.1,4.319789222545249,18.500175277680405,58,0.196,0.0767,0,H,Rural,non,0,679.0,10,7,35plus,Q001113,1,13.04
Q001114,E022,44,4,25.0,4.274477583726599,18.604573259845775,7,0.21,0.0733,1,H,Urbain,non,1,21.0,13,6,moins15,Q001114,0,13.64
Q001115,E015,35,3,32.9,4.3553908392967005,18.594460900042503,16,0.032,0.0486,1,F,Urbain,oui,1,1188.0,17,1,15a34,Q001115,0,20.58
Q001116,E037,77,2,9.5,4.3020999635602095,18.572447422044476,44,0.074,0.0285,1,H,Rural,non,2,367.0,18,5,35plus,Q001116,1,35.09
Q001117,E075,21,2,32.5,4.285822544108688,18.523776955983248,56,0.019,0.019,1,F,Urbain,non,2,34.0,17,7,35plus,Q001117,0,52.63
Q001118,E044,63,2,39.1,4.369298138301701,18.568896868659763,30,0.196,0.0354,1,H,Urbain,non,0,1263.0,8,8,15a34,Q001118,0,28.25
Q001119,E055,59,2,29.3,4.408462209361276,18.53442814190752,26,0.465,0.0468,1,H,Rural,non,0,127.0,13,2,15a34,Q001119,0,21.37
Q001120,E037,81,5,32.5,4.379723616057821,18.513315254910037,31,0.209,0.038,1,H,Rural,oui,3,568.0,12,7,15a34,Q001120,0,26.32
Q001121,E002,75,4,37.8,4.288450709815088,18.56795788398503,32,0.151,0.0553,1,H,Urbain,oui,0,548.0,8,5,15a34,Q001121,0,18.08
Q001122,E007,82,3,32.1,4.353160855230277,18.501341576665673,62,0.244,0.0176,1,F,Rural,oui,0,1301.0,11,2,35plus,Q001122,0,56.82
Q001123,E021,26,5,52.3,4.394028193312082,18.587793727904273,37,0.166,0.0154,1,F,Rural,non,0,87.0,18,8,35plus,Q001123,0,64.94
Q001124,E019,17,5,35.7,4.353180463173381,18.564078097753672,25,0.684,0.0513,0,H,Urbain,non,0,125.0,7,7,15a34,Q001124,0,19.49
Q001125,E064,65,6,25.3,4.376276588903032,18.5444260415533,36,0.206,0.0236,0,F,Rural,non,1,11.0,8,5,35plus,Q001125,0,42.37
Q001126,E064,7,2,28.1,4.33813698669211,18.547920436817407,45,0.194,0.0396,1,F,Urbain,non,2,787.0,18,7,35plus,Q001126,0,25.25
Q001127,E065,55,2,27.4,4.3407652120605595,18.49634155432258,16,0.04,0.0226,0,F,Urbain,non,0,150.0,7,2,15a34,Q001127,0,44.25
Q001128,E048,76,1,28.2,4.3270193445411245,18.499341849436384,34,0.464,0.0624,1,F,Rural,non,0,372.0,17,1,15a34,Q001128,0,16.03
Q001129,E042,99,1,37.8,4.390600696137007,18.63664188707351,31,0.196,0.0765,1,H,Rural,non,2,354.0,15,4,15a34,Q001129,0,13.07
Q001130,E049,79,4,26.3,4.393754170901203,18.5424547233522,13,0.204,0.0537,1,H,Rural,non,3,259.0,11,1,moins15,Q001130,0,18.62
Q001131,E031,120,5,31.7,4.332241369654123,18.47880125632797,24,0.368,0.053,1,H,Rural,non,1,13.0,9,6,15a34,Q001131,0,18.87
Q001132,E051,67,4,42.0,4.39774319224738,18.595926115299708,23,0.077,0.0515,1,F,Rural,oui,2,872.0,13,4,15a34,Q001132,0,19.42
Q001133,E060,54,6,30.4,4.288651274823266,18.49878322547281,23,0.253,0.023,0,F,Rural,non,2,217.0,8,5,15a34,Q001133,0,43.48
Q001134,E058,30,4,38.7,4.351443840643483,18.578830533470917,59,0.138,0.0563,1,F,Urbain,non,2,153.0,12,2,35plus,Q001134,0,17.76
Q001135,E047,81,6,22.2,4.292316390312691,18.623709259626736,31,0.197,0.0262,0,F,Rural,non,0,632.0,9,2,15a34,Q001135,0,38.17
Q001136,E005,98,2,31.4,4.303407079460382,18.539144941057476,35,0.11,0.0751,1,H,Urbain,non,5,20.0,7,2,35plus,Q001136,1,13.32
Q001137,E055,39,2,27.8,4.291716840955688,18.607887482072652,40,0.493,0.0315,1,H,Urbain,non,1,447.0,18,5,35plus,Q001137,0,31.75
Q001138,E028,10,5,36.1,4.327213536968167,18.586691875076507,30,0.29,0.0789,1,H,Rural,non,1,731.0,11,7,15a34,Q001138,0,12.67
Q001139,E056,2,4,26.8,4.390987556028543,18.628664187087526,24,0.419,0.0354,0,H,Urbain,oui,1,80.0,18,5,15a34,Q001139,0,28.25
Q001140,E041,76,3,48.5,4.356081918823438,18.579092257881786,53,0.033,0.0372,1,F,Urbain,non,2,133.0,10,8,35plus,Q001140,0,26.88
Q001141,E067,80,6,22.5,4.330804641703036,18.523567219119727,53,0.327,0.0355,1,F,Rural,oui,0,142.0,9,4,35plus,Q001141,0,28.17
Q001142,E026,15,5,42.0,4.351324731766887,18.44585083165751,44,0.289,0.0486,1,F,Rural,non,0,416.0,14,5,35plus,Q001142,0,20.58
Q001143,E070,3,2,40.1,4.25718533657103,18.51039709582992,29,0.054,0.0498,1,H,Rural,oui,2,597.0,17,5,15a34,Q001143,0,20.08
Q001144,E064,79,4,36.2,4.3612,18.5551,36,0.219,0.0351,1,F,Urbain,non,0,436.0,17,3,35plus,Q001144,1,28.49
Q001145,E025,48,3,34.4,4.247618275649709,18.599633268773974,18,0.055,0.0642,1,F,Urbain,non,0,308.0,7,4,15a34,Q001145,0,15.58
Q001146,E037,51,3,47.0,4.324638051919006,18.610708216781138,32,0.188,0.0274,1,F,Rural,non,4,9.0,14,3,15a34,Q001146,0,36.5
Q001147,E040,32,5,51.3,4.3560561461229,18.495198616643705,13,0.064,0.0257,1,F,Urbain,non,1,128.0,17,5,moins15,Q001147,0,38.91
Q001148,E058,87,5,32.5,4.382277080293709,18.611146019426627,42,0.277,0.0722,1,F,Rural,non,0,223.0,14,1,35plus,Q001148,0,13.85
Q001149,E052,90,1,35.1,4.371949298315519,18.511329951967785,55,0.204,0.0247,1,F,Rural,oui,1,230.0,14,1,35plus,Q001149,0,40.49
Q001150,E064,7,4,30.1,4.357525238345809,18.508331889706312,14,0.212,0.0109,1,H,Rural,non,5,38.0,11,1,moins15,Q001150,0,91.74
Q001151,E028,11,4,25.8,4.4328744634092105,18.48082018512835,57,0.14,0.0675,1,H,Rural,oui,0,14.0,11,1,35plus,Q001151,0,14.81
Q001152,E038,67,4,37.2,4.4607427835422,18.566887966560074,40,0.218,0.0122,0,F,Rural,non,2,3.0,8,6,35plus,Q001152,0,81.97
Q001153,E033,73,2,35.7,4.360352742916556,18.520715668691693,19,0.263,0.0355,1,H,Rural,non,6,660.0,15,4,15a34,Q001153,0,28.17
Q001154,E069,18,4,22.7,4.354995712719963,18.615650930256137,34,0.568,0.0504,1,H,Rural,non,1,580.0,16,1,15a34,Q001154,0,19.84
Q001155,E023,19,6,37.2,4.352013586819774,18.504593814597886,54,0.378,0.0582,1,H,Urbain,oui,2,111.0,16,1,35plus,Q001155,0,17.18
Q001156,E045,82,1,36.0,4.329456469450366,18.586610312329384,49,0.144,0.0377,1,H,Rural,oui,1,667.0,17,6,35plus,Q001156,0,26.53
Q001157,E010,55,4,29.8,4.378792883518553,18.48938351119946,49,0.13,0.0564,1,F,Rural,non,3,41.0,9,8,35plus,Q001157,0,17.73
Q001158,E064,15,6,29.3,4.423577124513449,18.60159399026192,25,0.027,0.0521,1,H,Rural,non,1,102.0,11,2,15a34,Q001158,0,19.19
Q001159,E029,74,3,37.0,4.235491046294203,18.555856007628723,16,0.107,0.0797,1,F,Rural,non,0,83.0,18,5,15a34,Q001159,0,12.55
Q001160,E026,9,3,45.3,4.3612,18.5551,30,0.241,0.0688,1,H,Rural,oui,2,101.0,15,1,15a34,Q001160,1,14.53
Q001161,E044,28,2,36.8,4.434429721026951,18.53207912942312,32,0.209,0.0508,1,F,Urbain,non,1,734.0,16,7,15a34,Q001161,0,19.69
Q001162,E038,86,2,39.5,4.379658315324536,18.529246841774796,27,0.249,0.049,1,F,Rural,non,3,890.0,10,4,15a34,Q001162,0,20.41
Q001163,E064,27,3,28.2,4.380689750489611,18.57483866063536,21,0.128,0.0271,1,F,Urbain,oui,1,410.0,11,4,15a34,Q001163,0,36.9
Q001164,E040,8,5,31.1,4.279954465648092,18.64042538515062,15,0.35,0.013,1,H,Urbain,non,1,84.0,17,1,15a34,Q001164,0,76.92
Q001165,E039,116,2,38.3,4.395106352262696,18.497516914166656,41,0.131,0.0793,1,F,Urbain,non,1,148.0,7,5,35plus,Q001165,0,12.61
Q001166,E008,27,2,24.5,4.410456382189602,18.532968203268396,20,0.073,0.0112,1,F,Urbain,non,2,163.0,13,5,15a34,Q001166,0,89.29
Q001167,E002,62,6,35.5,4.369996838540728,18.519369993946015,43,0.146,0.0373,1,F,Urbain,non,3,41.0,14,2,35plus,Q001167,0,26.81
Q001168,E030,99,6,37.5,4.327222485453058,18.474412185141585,26,0.15,0.0772,1,F,Rural,oui,1,440.0,14,2,15a34,Q001168,0,12.95
Q001169,E075,119,2,33.7,4.382140974747253,18.47378276339507,29,0.17,0.0141,1,F,Rural,non,0,143.0,11,7,15a34,Q001169,0,70.92
Q001170,E069,98,3,36.2,4.308107294255272,18.513374100948628,13,0.343,0.0443,1,H,Urbain,non,0,737.0,14,1,moins15,Q001170,0,22.57
Q001171,E048,41,3,34.4,4.301490287597422,18.53020340411148,37,0.169,0.0604,1,F,Urbain,non,2,27.0,8,5,35plus,Q001171,0,16.56
Q001172,E048,103,2,29.6,4.400106699514195,18.62080455124475,26,0.263,0.0594,0,F,Urbain,non,1,139.0,14,2,15a34,Q001172,0,16.84
Q001173,E030,2,1,25.8,4.414790679673385,18.599465583188863,15,0.115,0.0119,1,F,Rural,non,2,102.0,11,6,moins15,Q001173,1,84.03
Q001174,E014,40,1,33.4,4.32286892607944,18.508979260538077,27,0.204,0.0173,1,F,Urbain,non,0,1130.0,16,5,15a34,Q001174,0,57.8
Q001175,E001,24,4,43.1,4.301733492055144,18.58864197441407,18,0.087,0.0538,1,F,Rural,oui,1,50.0,16,8,15a34,Q001175,0,18.59
Q001176,E026,64,1,41.2,4.316107727079229,18.510032703488957,7,0.139,0.015,1,H,Rural,non,2,513.0,8,6,moins15,Q001176,0,66.67
Q001177,E024,107,4,31.6,4.369882489746688,18.545608868976174,42,0.079,0.0587,0,H,Urbain,non,1,311.0,9,5,35plus,Q001177,0,17.04
Q001178,E015,93,1,31.4,4.301789930400839,18.56618918509991,13,0.254,0.0199,1,H,Urbain,oui,0,576.0,7,8,moins15,Q001178,0,50.25
Q001179,E020,120,1,30.9,4.424191703549808,18.655500171596543,37,0.345,0.0225,1,H,Rural,non,1,499.0,13,6,35plus,Q001179,0,44.44
Q001180,E002,17,1,30.9,4.3367549884051355,18.563440484317795,65,0.392,0.0406,0,F,Urbain,non,2,345.0,16,5,35plus,Q001180,0,24.63
Q001181,E046,91,3,36.0,4.378314581197187,18.476099749766163,16,0.292,0.0257,1,F,Urbain,non,1,293.0,14,2,15a34,Q001181,0,38.91
Q001182,E070,87,2,41.4,4.322840019435733,18.58720981502868,37,0.34,0.0122,1,H,Urbain,non,2,501.0,16,1,35plus,Q001182,0,81.97
Q001183,E052,55,2,49.8,4.389201171874794,18.606859551251347,25,0.235,0.0675,1,H,Rural,oui,1,472.0,18,5,15a34,Q001183,1,14.81
Q001184,E034,12,2,28.2,4.393294292130972,18.59442948102409,34,0.196,0.0236,1,F,Rural,oui,1,372.0,7,6,15a34,Q001184,0,42.37
Q001185,E032,13,6,38.6,4.276109531341167,18.50028871768999,4,0.462,0.0686,1,H,Rural,oui,1,93.0,17,3,moins15,Q001185,0,14.58
Q001186,E024,110,3,37.8,4.326016835021039,18.55621644111753,37,0.041,0.0624,1,H,Urbain,oui,1,16.0,9,6,35plus,Q001186,0,16.03
Q001187,E011,36,5,31.7,4.352168925848187,18.549103962229065,32,0.247,0.056,0,F,Rural,oui,2,123.0,10,3,15a34,Q001187,0,17.86
Q001188,E045,77,2,26.8,4.333741343350178,18.63847580769002,67,0.248,0.0792,1,F,Urbain,oui,0,22.0,16,7,35plus,Q001188,0,12.63
Q001189,E043,114,3,35.9,4.403579023827599,18.58083708316426,0,0.105,0.0242,1,H,Urbain,non,1,16.0,13,8,moins15,Q001189,0,41.32
Q001190,E001,60,1,8.7,4.330140332152948,18.635835748019304,23,0.171,0.0482,1,H,Rural,oui,0,48.0,15,1,15a34,Q001190,1,20.75
Q001191,E032,26,2,35.9,4.395742552558083,18.514532419033493,37,0.237,0.015,1,F,Rural,non,0,74.0,11,7,35plus,Q001191,0,66.67
Q001192,E021,59,1,28.5,4.384233175350063,18.539163804986988,44,0.025,0.0118,1,F,Rural,non,0,1157.0,12,7,35plus,Q001192,0,84.75
Q001193,E013,28,1,32.9,4.354602798704972,18.52312168347029,29,0.961,0.0724,0,F,Urbain,oui,0,66.0,18,2,15a34,Q001193,1,13.81
Q001194,E053,22,2,26.0,4.397817484960937,18.598935228960833,49,0.132,0.0635,1,H,Urbain,non,4,165.0,10,6,35plus,Q001194,0,15.75
Q001195,E040,98,1,34.1,4.2831036046843405,18.606979294062544,31,0.067,0.0585,1,F,Urbain,non,0,86.0,15,3,15a34,Q001195,0,17.09
Q001196,E048,42,2,38.8,4.356915390834799,18.569540051283607,33,0.135,0.034,1,F,Urbain,non,0,628.0,10,7,15a34,Q001196,0,29.41
Q001197,E054,83,5,29.2,4.321288277688888,18.554738600720416,5,0.068,0.0334,1,H,Urbain,oui,0,77.0,8,4,moins15,Q001197,0,29.94
Q001198,E074,88,1,11.2,4.354654183507395,18.570890862242123,39,0.175,0.0747,1,H,Rural,non,1,162.0,11,1,35plus,Q001198,0,13.39
Q001199,E061,66,4,35.9,4.33652969579613,18.48087274597121,55,0.533,0.0224,1,H,Urbain,non,1,561.0,12,8,35plus,Q001199,1,44.64
Q001200,E047,65,3,30.5,4.362999216429583,18.529438887140415,16,0.137,0.0286,1,F,Rural,oui,0,713.0,13,6,15a34,Q001200,0,34.97
Q001201,E066,22,3,28.7,4.360474319675682,18.533457808077113,24,0.269,0.0139,1,H,Rural,non,0,880.0,11,8,15a34,Q001201,0,71.94
Q001202,E036,64,6,28.7,4.366937716436193,18.549320202753545,9,0.202,0.0105,1,H,Urbain,oui,0,139.0,7,2,moins15,Q001202,0,95.24
Q001203,E074,91,3,36.8,4.368919197027992,18.517399630565187,37,0.366,0.0654,1,F,Urbain,non,2,1.0,12,6,35plus,Q001203,0,15.29
Q001204,E058,24,2,31.1,4.388668031218617,18.507534557260847,28,0.295,0.0667,0,F,Rural,oui,0,1044.0,10,2,15a34,Q001204,0,14.99
Q001205,E049,28,2,40.5,4.297063452651561,18.470100285776212,43,0.401,0.0125,0,F,Rural,oui,1,107.0,10,4,35plus,Q001205,0,80.0
Q001206,E068,83,2,40.7,4.385468265080408,18.57160401559874,29,0.174,0.0351,1,F,Rural,non,2,250.0,10,7,15a34,Q001206,0,28.49
Q001207,E039,118,5,32.1,4.284368284211248,18.481413903887653,29,0.07,0.0203,1,F,Rural,non,1,149.0,12,1,15a34,Q001207,0,49.26
Q001208,E055,48,4,30.4,4.220281833162209,18.599973142639037,30,0.089,0.028,1,F,Rural,non,0,768.0,13,8,15a34,Q001208,0,35.71
Q001209,E022,100,2,34.9,4.458623148916613,18.56619679892053,35,0.24,0.0188,1,F,Urbain,oui,3,73.0,7,7,15a34,Q001209,1,53.19
Q001210,E073,22,3,33.0,4.313058028075639,18.59432156188366,31,0.085,0.0703,1,H,Rural,non,1,136.0,12,3,15a34,Q001210,0,14.22
Q001211,E047,69,4,21.7,4.337598062519402,18.505411742152166,37,0.168,0.0119,1,H,Rural,non,0,100.0,17,6,35plus,Q001211,0,84.03
Q001212,E059,114,1,47.4,4.266813487756102,18.64318937859426,52,0.153,0.0368,1,H,Rural,non,0,38.0,7,1,35plus,Q001212,0,27.17
Q001213,E035,53,6,39.0,4.337277253623151,18.660985092786724,45,0.061,0.0245,1,H,Rural,non,0,165.0,15,7,35plus,Q001213,0,40.82
Q001214,E066,61,5,30.8,4.3703397751631625,18.55150232873079,57,0.142,0.0383,1,F,Rural,non,3,18.0,13,5,35plus,Q001214,0,26.11
Q001215,E006,19,4,20.6,4.372138917730875,18.569671088497213,13,0.101,0.0559,1,H,Rural,oui,0,307.0,11,8,moins15,Q001215,0,17.89
Q001216,E009,64,5,32.7,4.299661022396912,18.54936019646638,19,0.072,0.0322,1,F,Rural,oui,1,122.0,18,1,15a34,Q001216,0,31.06
Q001217,E039,71,1,29.9,4.33781745861432,18.60036622114919,47,0.094,0.0621,0,F,Urbain,non,0,62.0,16,4,35plus,Q001217,0,16.1
Q001218,E055,118,6,33.6,4.3784377779240735,18.589633239981016,15,0.448,0.0546,1,H,Rural,non,1,409.0,11,2,15a34,Q001218,0,18.32
Q001219,E061,25,4,18.9,4.371927436864515,18.461231399810178,55,0.128,0.0504,1,H,Rural,non,1,143.0,17,2,35plus,Q001219,0,19.84
Q001220,E034,44,6,30.7,4.366412732836815,18.5086682991891,23,0.105,0.0683,0,F,Urbain,oui,2,200.0,13,7,15a34,Q001220,1,14.64
Q001221,E049,78,6,31.1,4.398021328967836,18.569637576249796,28,0.118,0.0324,1,F,Rural,non,2,217.0,13,8,15a34,Q001221,0,30.86
Q001222,E042,114,4,32.7,4.354550494160157,18.588685938469364,25,0.231,0.0163,1,H,Urbain,oui,0,17.0,18,2,15a34,Q001222,0,61.35
Q001223,E073,29,2,32.3,4.4296124419263805,18.557468128335252,31,0.083,0.0458,1,F,Urbain,non,2,270.0,7,5,15a34,Q001223,0,21.83
Q001224,E050,84,5,34.4,4.3453426560697705,18.4651645235829,55,0.217,0.0155,1,H,Urbain,non,3,761.0,14,7,35plus,Q001224,1,64.52
Q001225,E032,106,4,44.6,4.394725921817297,18.57782899772722,50,0.298,0.0259,1,F,Urbain,non,0,793.0,13,5,35plus,Q001225,0,38.61
Q001226,E073,76,3,30.4,4.396505985642249,18.64124228880252,60,0.224,0.0345,1,H,Rural,oui,1,247.0,11,7,35plus,Q001226,0,28.99
Q001227,E009,52,5,27.6,4.278042372859075,18.435193703689617,65,0.323,0.0583,1,F,Rural,oui,2,873.0,18,5,35plus,Q001227,0,17.15
Q001228,E074,29,6,21.9,4.382045218927564,18.596964666190193,24,0.07,0.0221,1,F,Rural,oui,1,502.0,12,6,15a34,Q001228,0,45.25
Q001229,E012,35,2,30.4,4.327993030729518,18.641604714122725,15,0.104,0.0143,1,F,Urbain,oui,1,497.0,13,8,15a34,Q001229,1,69.93
Q001230,E022,7,4,24.2,4.309557495642355,18.59717766356374,35,0.269,0.0459,1,F,Rural,oui,1,367.0,15,8,15a34,Q001230,1,21.79
Q001231,E062,19,5,40.7,4.33877865167008,18.545964473531352,35,0.087,0.0733,1,F,Urbain,non,0,30.0,14,6,35plus,Q001231,0,13.64
Q001232,E056,53,2,12.9,4.368084417462479,18.59484384478027,8,0.164,0.0549,1,H,Rural,oui,1,57.0,18,2,moins15,Q001232,1,18.21
Q001233,E073,17,3,40.6,4.281755119685261,18.545669234993618,42,0.158,0.0161,1,F,Urbain,oui,1,64.0,17,3,35plus,Q001233,0,62.11
Q001234,E057,2,1,44.3,4.36134418203679,18.577101498718473,15,0.181,0.0422,1,F,Rural,oui,0,126.0,11,3,15a34,Q001234,0,23.7
Q001235,E048,84,2,27.9,4.3491211514521035,18.554166242984525,25,0.188,0.0156,1,F,Urbain,non,3,496.0,9,3,15a34,Q001235,1,64.1
Q001236,E026,9,4,31.6,4.411908904885361,18.555564869501403,42,0.184,0.017,1,H,Urbain,oui,3,281.0,17,2,35plus,Q001236,0,58.82
Q001237,E001,17,6,43.3,4.328322932022283,18.511906344909846,38,0.029,0.0357,1,F,Rural,oui,5,80.0,15,1,35plus,Q001237,0,28.01
Q001238,E010,72,4,35.3,4.419491125302188,18.526833939594603,32,0.375,0.0508,1,H,Urbain,non,0,408.0,14,3,15a34,Q001238,0,19.69
Q001239,E023,111,2,37.7,4.379339942593504,18.63123545815586,34,0.144,0.0708,1,F,Urbain,oui,1,151.0,8,5,15a34,Q001239,0,14.12
Q001240,E004,87,5,41.2,4.358325429446974,18.519009260950924,40,0.277,0.0785,1,F,Urbain,non,1,93.0,8,3,35plus,Q001240,0,12.74
Q001241,E039,4,2,40.3,4.423683073920329,18.452211206939896,20,0.151,0.0497,1,F,Urbain,non,3,306.0,15,5,15a34,Q001241,1,20.12
Q001242,E059,21,2,36.9,4.456126648340721,18.725769653048218,35,0.131,0.0631,1,H,Urbain,non,1,128.0,15,5,35plus,Q001242,0,15.85
Q001243,E073,89,4,43.8,4.349472563313251,18.52817216413178,30,0.13,0.0391,1,H,Urbain,non,1,209.0,18,5,15a34,Q001243,0,25.58
Q001244,E037,88,5,33.5,4.322995645205892,18.53657386419507,33,0.106,0.0422,1,H,Rural,non,2,91.0,12,5,15a34,Q001244,0,23.7
Q001245,E066,47,2,37.6,4.381449228360589,18.52989646997011,48,0.257,0.0711,1,F,Rural,oui,2,685.0,12,3,35plus,Q001245,0,14.06
Q001246,E074,114,1,32.8,4.288848359103526,18.55079653028675,35,0.194,0.0539,1,F,Rural,non,1,554.0,16,6,35plus,Q001246,0,18.55
Q001247,E065,107,5,41.1,4.294948541385099,18.51204335688614,52,0.278,0.0778,1,F,Rural,non,1,219.0,12,2,35plus,Q001247,0,12.85
Q001248,E035,90,4,29.1,4.425343638838625,18.624472052861698,23,0.24,0.0448,1,F,Rural,non,1,2.0,15,6,15a34,Q001248,0,22.32
Q001249,E025,90,5,22.2,4.38859300293781,18.54002089238096,29,0.289,0.0359,1,H,Rural,non,1,140.0,13,4,15a34,Q001249,0,27.86
Q001250,E074,95,3,38.6,4.31709157100392,18.49772268765072,8,0.16,0.0221,0,F,Rural,non,1,246.0,14,4,moins15,Q001250,0,45.25
Q001251,E019,18,1,26.9,4.516752364969928,18.406562862418337,16,0.15,0.0125,1,F,Urbain,non,4,991.0,11,8,15a34,Q001251,0,80.0
Q001252,E031,85,2,26.2,4.290893287977319,18.60474374070179,25,0.084,0.0252,1,F,Rural,oui,0,132.0,13,7,15a34,Q001252,0,39.68
Q001253,E006,113,3,42.9,4.390986145865288,18.527965290985843,38,0.076,0.0176,1,F,Rural,non,1,172.0,14,7,35plus,Q001253,0,56.82
Q001254,E060,27,3,40.8,4.320175052332604,18.568784734926503,23,0.321,0.016,1,F,Urbain,oui,0,98.0,18,3,15a34,Q001254,0,62.5
Q001255,E049,2,6,31.6,4.449053520305324,18.503549700253124,14,0.1,0.0346,1,H,Rural,non,1,26.0,18,5,moins15,Q001255,0,28.9
Q001256,E007,44,2,12.7,4.333453588295282,18.554690002015544,36,0.118,0.0643,1,H,Rural,oui,1,23.0,17,2,35plus,Q001256,0,15.55
Q001257,E017,33,2,37.7,4.345769352397934,18.5486360017205,6,0.172,0.0424,1,H,Rural,non,0,614.0,7,8,moins15,Q001257,0,23.58
Q001258,E042,114,2,6.2,4.269562140517584,18.59604389644562,6,0.171,0.035,0,H,Urbain,non,2,177.0,18,6,moins15,Q001258,1,28.57
Q001259,E041,54,4,37.6,4.46413229101392,18.55827730579995,18,0.177,0.0193,1,F,Rural,non,0,244.0,15,1,15a34,Q001259,0,51.81
Q001260,E061,80,5,37.3,4.3291024912671325,18.493854244625187,36,0.948,0.0416,0,F,Urbain,non,1,302.0,7,5,35plus,Q001260,1,24.04
Q001261,E020,118,6,32.7,4.384009419057052,18.670121218154968,17,0.165,0.0529,1,F,Urbain,oui,1,3.0,14,5,15a34,Q001261,0,18.9
Q001262,E070,95,2,31.1,4.360236274954933,18.571728249906965,32,0.397,0.0125,1,H,Rural,non,2,138.0,9,7,15a34,Q001262,0,80.0
Q001263,E034,90,3,26.3,4.332427177311433,18.50275593961768,42,0.248,0.0425,1,H,Rural,oui,3,506.0,18,4,35plus,Q001263,0,23.53
Q001264,E062,117,5,29.1,4.248615313409213,18.559455694469012,38,0.306,0.0544,1,F,Rural,oui,1,115.0,11,3,35plus,Q001264,0,18.38
Q001265,E018,83,1,36.3,4.348584852826947,18.569554161837466,56,0.296,0.056,1,F,Rural,non,1,364.0,13,7,35plus,Q001265,0,17.86
Q001266,E003,28,5,36.4,4.34641579283147,18.574204856137882,33,0.2,0.079,1,H,Rural,non,0,66.0,13,5,15a34,Q001266,0,12.66
Q001267,E005,88,1,39.5,4.375938393512591,18.568164449762936,52,0.174,0.0236,1,F,Rural,non,3,115.0,12,2,35plus,Q001267,0,42.37
Q001268,E028,39,1,24.2,4.467273412038128,18.562267403840195,40,0.12,0.0393,1,H,Rural,non,0,1422.0,9,6,35plus,Q001268,0,25.45
Q001269,E072,40,1,22.4,4.392224655620903,18.59588463458746,25,0.144,0.0192,1,F,Rural,non,2,817.0,13,7,15a34,Q001269,1,52.08
Q001270,E004,78,6,31.3,4.4029930732361375,18.586393395490386,15,0.083,0.0113,1,F,Rural,non,2,133.0,11,2,15a34,Q001270,1,88.5
Q001271,E028,38,5,26.9,4.344741426425876,18.58732299855653,33,0.072,0.039,1,H,Urbain,non,1,212.0,10,8,15a34,Q001271,0,25.64
Q001272,E009,3,5,35.3,4.294336304975574,18.461172184049143,11,0.155,0.0513,1,H,Rural,oui,1,297.0,10,8,moins15,Q001272,0,19.49
Q001273,E070,120,5,24.8,4.34603675593542,18.463284880077193,27,0.221,0.0227,0,H,Rural,oui,1,540.0,17,6,15a34,Q001273,0,44.05
Q001274,E051,69,5,42.3,4.323275657772887,18.51034037377256,28,0.201,0.0468,0,F,Urbain,non,0,212.0,13,1,15a34,Q001274,0,21.37
Q001275,E058,81,3,28.2,4.357496456534715,18.53757806938688,48,0.187,0.0384,1,F,Urbain,non,0,40.0,8,2,35plus,Q001275,0,26.04
Q001276,E054,98,5,45.1,4.335291629059204,18.51200276261916,20,0.287,0.0539,1,H,Rural,non,1,243.0,18,7,15a34,Q001276,1,18.55
Q001277,E050,77,1,37.7,4.276115272990421,18.49920974475071,37,0.06,0.0783,1,F,Urbain,non,0,100.0,9,3,35plus,Q001277,0,12.77
Q001278,E059,74,4,26.6,4.423348938510995,18.561943716491715,16,0.106,0.063,1,F,Urbain,non,1,237.0,8,3,15a34,Q001278,0,15.87
Q001279,E001,96,5,48.7,4.3529606425326675,18.50636000948226,45,0.117,0.0251,1,H,Rural,non,0,181.0,13,7,35plus,Q001279,1,39.84
Q001280,E065,36,6,35.9,4.343498171830237,18.429822538168402,53,0.357,0.0196,1,F,Rural,non,3,107.0,10,3,35plus,Q001280,0,51.02
Q001281,E056,100,3,35.2,4.304761019011835,18.482088553164733,18,0.212,0.0157,1,F,Rural,non,0,229.0,15,3,15a34,Q001281,0,63.69
Q001282,E056,87,2,33.5,4.336229953096318,18.519512513613183,33,0.14,0.0665,1,F,Rural,non,1,172.0,16,6,15a34,Q001282,0,15.04
Q001283,E030,22,5,37.3,4.316834624185981,18.5370867835491,69,0.325,0.0692,1,F,Rural,non,1,205.0,9,7,35plus,Q001283,0,14.45
Q001284,E061,18,1,37.7,4.300300469498035,18.594934577303974,19,0.12,0.0227,1,F,Urbain,oui,1,103.0,7,4,15a34,Q001284,0,44.05
Q001285,E029,106,5,27.9,4.368136089540602,18.571727106530886,9,0.164,0.0506,0,H,Urbain,oui,1,196.0,13,4,moins15,Q001285,0,19.76
Q001286,E004,108,5,32.5,4.336558909862648,18.449740259304612,34,0.191,0.0221,1,F,Urbain,non,1,71.0,11,2,15a34,Q001286,0,45.25
Q001287,E069,120,5,34.8,4.3612,18.5551,15,0.113,0.0695,1,H,Rural,non,0,157.0,15,5,15a34,Q001287,1,14.39
Q001288,E018,13,2,38.1,4.341982125678287,18.540033990142277,36,0.063,0.0414,0,H,Rural,oui,0,95.0,15,8,35plus,Q001288,0,24.15
Q001289,E008,108,1,9.9,4.365739431261166,18.553458152836775,44,0.145,0.0655,1,H,Rural,non,2,103.0,18,4,35plus,Q001289,1,15.27
Q001290,E047,104,4,35.2,4.364314304566505,18.556061470390663,15,0.21,0.0776,0,H,Urbain,oui,1,478.0,15,1,15a34,Q001290,0,12.89
Q001291,E018,93,3,30.1,4.379240584478992,18.507365924542324,8,0.275,0.0339,0,H,Rural,oui,2,347.0,7,4,moins15,Q001291,0,29.5
Q001292,E065,60,3,29.8,4.317941975517417,18.57817103072886,46,0.22,0.0505,1,F,Urbain,non,1,491.0,13,2,35plus,Q001292,0,19.8
Q001293,E034,62,2,25.7,4.404955842474772,18.452585054656023,57,0.077,0.0765,1,F,Rural,non,0,144.0,16,7,35plus,Q001293,0,13.07
Q001294,E001,52,3,38.1,4.300999735768414,18.617005272461267,26,0.044,0.0723,1,H,Rural,non,1,297.0,14,7,15a34,Q001294,0,13.83
Q001295,E072,4,5,29.7,4.36212180534093,18.559376473540144,51,0.321,0.0786,0,F,Rural,non,2,402.0,10,2,35plus,Q001295,0,12.72
Q001296,E039,61,6,32.7,4.299753716497899,18.568161823807376,57,0.278,0.0476,1,F,Urbain,non,0,101.0,9,4,35plus,Q001296,0,21.01
Q001297,E020,29,3,35.7,4.353963592781063,18.57633091809643,41,0.126,0.0492,1,F,Rural,oui,0,104.0,7,4,35plus,Q001297,0,20.33
Q001298,E051,25,1,34.0,4.404542067611104,18.52792754048463,33,0.148,0.0338,1,F,Rural,oui,2,634.0,17,8,15a34,Q001298,0,29.59
Q001299,E040,7,1,34.0,4.3877739537140785,18.613557757437018,41,0.073,0.0226,1,F,Urbain,non,1,280.0,9,1,35plus,Q001299,0,44.25
Q001300,E003,55,2,27.7,4.412927824923864,18.513739249053383,44,0.168,0.024,1,F,Rural,oui,2,3.0,16,8,35plus,Q001300,0,41.67
Q001301,E057,6,1,35.9,4.3448387449982935,18.499970791528046,0,0.075,0.0798,1,H,Rural,non,0,313.0,8,5,moins15,Q001301,0,12.53
Q001302,E031,102,5,31.8,4.405446251816678,18.55745052712934,30,0.146,0.0388,1,F,Urbain,non,0,249.0,17,6,15a34,Q001302,1,25.77
Q001303,E053,107,4,33.4,4.32538869893363,18.481110983145083,11,0.436,0.0695,1,H,Rural,oui,2,276.0,7,3,moins15,Q001303,0,14.39
Q001304,E068,97,5,42.1,4.3370777416647135,18.521685199664393,17,0.315,0.057,1,F,Rural,non,1,54.0,7,4,15a34,Q001304,0,17.54
Q001305,E046,37,2,37.5,4.3665017069281,18.563038623906674,35,0.146,0.0445,0,H,Urbain,oui,2,239.0,17,4,35plus,Q001305,0,22.47
Q001306,E051,20,5,30.0,4.402500010900247,18.586752526653058,29,0.387,0.0575,1,F,Rural,oui,1,34.0,16,2,15a34,Q001306,0,17.39
Q001307,E020,61,2,33.0,4.332632907789435,18.548129098245013,31,0.163,0.0355,1,F,Rural,oui,0,141.0,14,2,15a34,Q001307,0,28.17
Q001308,E018,81,2,45.2,4.394756877121929,18.504786569319275,30,0.038,0.0435,0,F,Rural,oui,2,373.0,11,7,15a34,Q001308,1,22.99
Q001309,E032,3,6,31.8,4.371559371769878,18.53313986801188,28,0.366,0.0609,1,H,Rural,non,1,60.0,7,1,15a34,Q001309,0,16.42
Q001310,E064,103,6,34.3,4.376843996869432,18.51659694900429,30,0.183,0.0258,1,H,Rural,oui,2,231.0,10,8,15a34,Q001310,0,38.76
Q001311,E040,53,4,38.6,4.317268595045678,18.545117486964532,54,0.18,0.0305,0,F,Urbain,oui,2,99.0,16,2,35plus,Q001311,0,32.79
Q001312,E027,99,4,35.5,4.340764621657339,18.518987248289147,40,0.081,0.0504,0,H,Rural,non,1,118.0,18,1,35plus,Q001312,0,19.84
Q001313,E059,10,5,31.4,4.355318345012623,18.501134540795494,16,0.064,0.0475,1,H,Urbain,oui,1,49.0,9,2,15a34,Q001313,0,21.05
Q001314,E065,52,5,28.8,4.3768748914864215,18.49490937512283,24,0.269,0.0785,1,H,Urbain,non,1,17.0,9,2,15a34,Q001314,0,12.74
Q001315,E068,55,2,33.9,4.31962942409717,18.4580832402612,41,0.159,0.0378,0,H,Rural,oui,0,401.0,16,8,35plus,Q001315,0,26.46
Q001316,E023,6,1,38.6,4.295401169879677,18.60406364865714,26,0.225,0.0123,1,F,Urbain,non,1,388.0,12,8,15a34,Q001316,0,81.3
Q001317,E054,85,2,43.2,4.253361552718953,18.58578952482765,38,0.927,0.0513,1,F,Rural,non,2,234.0,13,3,35plus,Q001317,1,19.49
Q001318,E045,112,3,23.7,4.397290554553954,18.488574294846728,30,0.171,0.0723,0,H,Urbain,non,0,143.0,12,8,15a34,Q001318,0,13.83
Q001319,E034,65,2,46.3,4.407204471800327,18.58253815598445,34,0.14,0.0406,1,F,Urbain,non,0,61.0,15,6,15a34,Q001319,0,24.63
Q001320,E030,48,4,32.0,4.259515785611155,18.552119025028095,50,0.121,0.0341,0,F,Rural,oui,2,289.0,10,7,35plus,Q001320,1,29.33
Q001321,E009,77,1,40.5,4.363783540336978,18.485401235006027,37,0.243,0.0391,0,F,Rural,non,2,203.0,11,5,35plus,Q001321,0,25.58
Q001322,E021,44,4,28.8,4.34114330556702,18.497474948721305,60,0.29,0.0367,0,F,Rural,non,0,301.0,14,1,35plus,Q001322,0,27.25
Q001323,E042,44,5,22.7,4.420851528392868,18.54254757119462,21,0.306,0.0288,1,F,Rural,non,0,179.0,9,8,15a34,Q001323,0,34.72
Q001324,E067,92,1,24.8,4.349486791146102,18.58705909680156,17,0.146,0.0783,1,F,Urbain,oui,1,170.0,16,5,15a34,Q001324,0,12.77
Q001325,E065,71,2,31.7,4.387275554723519,18.57970675130915,36,0.206,0.0468,1,H,Urbain,non,1,62.0,14,1,35plus,Q001325,0,21.37
Q001326,E015,32,4,37.7,4.338738141016308,18.52306607816396,27,0.408,0.0403,1,F,Rural,non,2,1.0,9,3,15a34,Q001326,0,24.81
Q001327,E051,49,1,34.2,4.325645278665062,18.572963911622114,32,0.414,0.0687,1,F,Rural,non,1,416.0,16,1,15a34,Q001327,1,14.56
Q001328,E007,101,4,32.2,4.398361806228349,18.541866255601526,36,0.47,0.0487,1,F,Urbain,non,1,74.0,14,1,35plus,Q001328,0,20.53
Q001329,E051,64,5,41.8,4.413918059282205,18.51325396016025,11,0.123,0.0225,1,F,Rural,non,1,94.0,10,6,moins15,Q001329,0,44.44
Q001330,E026,10,3,34.0,4.296554234679453,18.598027070688122,0,0.28,0.0281,1,H,Urbain,non,0,495.0,11,6,moins15,Q001330,0,35.59
Q001331,E034,103,1,36.0,4.417122085373414,18.557787532671533,41,0.049,0.0351,1,F,Rural,non,2,172.0,16,7,35plus,Q001331,0,28.49
Q001332,E054,89,4,55.8,4.311260301345119,18.575541978083553,9,0.305,0.0442,1,F,Urbain,oui,2,40.0,17,7,moins15,Q001332,0,22.62
Q001333,E032,33,6,33.9,4.243396939624756,18.495113505873345,23,0.237,0.0442,1,H,Urbain,non,1,229.0,16,7,15a34,Q001333,0,22.62
Q001334,E061,116,2,29.1,4.360540916632938,18.52401696558091,28,0.171,0.0687,1,H,Urbain,non,1,134.0,7,6,15a34,Q001334,0,14.56
Q001335,E041,115,6,37.4,4.385358526536384,18.59100733878547,29,0.344,0.0775,1,H,Urbain,oui,0,51.0,17,3,15a34,Q001335,0,12.9
Q001336,E075,120,6,39.1,4.284213451688685,18.535965337405962,42,0.099,0.0621,1,F,Urbain,non,0,801.0,17,5,35plus,Q001336,0,16.1
Q001337,E048,46,2,36.1,4.260861726636695,18.538855363087457,40,0.187,0.0662,1,F,Rural,non,4,42.0,10,1,35plus,Q001337,0,15.11
Q001338,E023,111,4,35.1,4.335260405875216,18.496944323360196,34,0.235,0.0494,1,H,Urbain,non,2,151.0,10,5,15a34,Q001338,0,20.24
Q001339,E059,97,1,44.4,4.328571870525332,18.559843261268135,39,0.183,0.0252,1,F,Urbain,non,0,352.0,17,2,35plus,Q001339,0,39.68
Q001340,E031,105,4,43.5,4.428480814550767,18.496042196615956,15,0.076,0.0657,1,F,Rural,non,1,249.0,12,4,15a34,Q001340,0,15.22
Q001341,E041,66,6,33.2,4.360604615231263,18.568288715403824,19,0.052,0.0661,1,F,Urbain,oui,2,41.0,12,5,15a34,Q001341,0,15.13
Q001342,E011,34,6,29.5,4.396727223445963,18.50035697147164,84,0.18,0.053,1,F,Urbain,oui,0,290.0,16,3,35plus,Q001342,0,18.87
Q001343,E009,28,2,37.0,4.370484514871751,18.53952995446042,33,0.458,0.0239,1,F,Urbain,non,0,124.0,18,7,15a34,Q001343,0,41.84
Q001344,E044,116,4,29.5,4.438434689459327,18.62875110992616,45,0.241,0.0699,1,F,Urbain,oui,0,111.0,12,1,35plus,Q001344,1,14.31
Q001345,E015,61,1,40.2,4.315415083576853,18.568288978586676,13,0.258,0.0136,1,H,Urbain,non,2,160.0,11,3,moins15,Q001345,0,73.53
Q001346,E075,112,2,37.0,4.355602326223266,18.532677237232715,42,0.065,0.05,0,H,Urbain,non,1,12.0,13,6,35plus,Q001346,0,20.0
Q001347,E065,67,6,52.7,4.281546470608887,18.59284119596287,27,0.468,0.0268,1,H,Urbain,non,2,283.0,11,2,15a34,Q001347,0,37.31
Q001348,E053,65,4,44.3,4.400569751514141,18.513825034914216,23,0.097,0.0269,1,F,Rural,oui,1,799.0,12,7,15a34,Q001348,0,37.17
Q001349,E056,9,3,26.4,4.415701170706879,18.50068911261354,57,0.039,0.0673,1,F,Rural,oui,1,31.0,12,5,35plus,Q001349,0,14.86
Q001350,E045,49,6,30.4,4.40363867783441,18.531765082552635,54,0.019,0.0147,1,H,Urbain,non,1,480.0,7,4,35plus,Q001350,0,68.03
Q001351,E005,67,5,20.6,4.353765947175638,18.604933792984777,30,0.165,0.0681,1,F,Rural,non,1,168.0,11,2,15a34,Q001351,0,14.68
Q001352,E030,14,1,19.0,4.285528128430294,18.602124496605548,34,0.114,0.0362,1,H,Urbain,oui,1,360.0,9,7,15a34,Q001352,0,27.62
Q001353,E038,20,1,34.8,4.355679988635887,18.525166718714893,25,0.166,0.0226,0,H,Urbain,oui,1,74.0,16,5,15a34,Q001353,0,44.25
Q001354,E069,71,4,25.7,4.326114207341176,18.535802913560346,13,0.181,0.0331,1,H,Rural,non,2,460.0,18,2,moins15,Q001354,0,30.21
Q001355,E017,30,6,45.5,4.406132650007871,18.57101581943995,32,0.342,0.036,1,F,Urbain,non,0,27.0,9,1,15a34,Q001355,0,27.78
Q001356,E038,85,1,42.1,4.338664348395757,18.67140865654115,34,0.357,0.041,1,F,Urbain,non,2,57.0,17,4,15a34,Q001356,0,24.39
Q001357,E026,56,4,32.1,4.337597067050352,18.53812047836563,46,0.347,0.0753,1,H,Urbain,non,2,3.0,8,8,35plus,Q001357,0,13.28
Q001358,E011,49,5,31.7,4.4686991658015565,18.619126636654265,39,0.052,0.0214,1,H,Rural,non,1,90.0,8,4,35plus,Q001358,0,46.73
Q001359,E008,15,6,44.4,4.399965997040304,18.562473556399866,16,0.32,0.045,0,F,Rural,non,0,277.0,17,8,15a34,Q001359,0,22.22
Q001360,E028,49,4,46.0,4.41379675629004,18.592663296919422,0,0.142,0.057,1,F,Rural,non,1,32.0,17,7,moins15,Q001360,1,17.54
Q001361,E007,66,6,27.5,4.334394703546268,18.60067847417098,26,0.289,0.0434,1,H,Urbain,non,2,328.0,11,6,15a34,Q001361,0,23.04
Q001362,E006,69,6,26.6,4.304982016807559,18.55879870744956,11,0.073,0.0545,1,F,Urbain,non,0,171.0,15,1,moins15,Q001362,0,18.35
Q001363,E027,33,6,31.9,4.413339838094223,18.54858319966186,30,0.188,0.0393,1,F,Urbain,non,1,170.0,8,3,15a34,Q001363,1,25.45
Q001364,E016,4,5,37.0,4.434605138307262,18.539640480393942,37,0.127,0.0239,1,F,Rural,non,2,104.0,7,6,35plus,Q001364,0,41.84
Q001365,E042,113,6,30.4,4.29567535780943,18.567531544486666,36,0.068,0.0746,1,F,Urbain,non,0,340.0,16,6,35plus,Q001365,0,13.4
Q001366,E002,115,1,37.2,4.334125470587661,18.60939129514311,24,0.258,0.0714,1,H,Rural,non,1,380.0,10,7,15a34,Q001366,0,14.01
Q001367,E023,109,1,47.7,4.314287110706546,18.616136411157097,37,0.209,0.0627,1,H,Rural,non,3,108.0,18,1,35plus,Q001367,0,15.95
Q001368,E034,35,4,24.2,4.3840708511079765,18.61052811661926,52,0.105,0.0599,1,F,Rural,non,1,49.0,16,3,35plus,Q001368,0,16.69
Q001369,E073,73,5,30.9,4.414317272785564,18.526702791248386,37,0.064,0.0212,1,F,Rural,non,3,597.0,10,3,35plus,Q001369,0,47.17
Q001370,E048,17,6,24.3,4.341584597968243,18.52159118089019,35,0.024,0.076,1,F,Urbain,oui,0,88.0,7,4,35plus,Q001370,1,13.16
Q001371,E067,109,5,28.1,4.341439742652401,18.508595769191963,23,0.124,0.0714,1,F,Urbain,non,3,239.0,16,1,15a34,Q001371,0,14.01
Q001372,E026,1,2,31.9,4.262162865021917,18.557701377639482,33,0.18,0.0105,1,H,Urbain,non,0,0.0,16,1,15a34,Q001372,0,95.24
Q001373,E034,57,6,28.9,4.31228790949562,18.596645399078614,54,0.366,0.0609,1,H,Rural,oui,2,14.0,15,1,35plus,Q001373,0,16.42
Q001374,E032,103,1,37.6,4.3612,18.5551,30,0.09,0.0618,1,H,Urbain,non,3,135.0,13,7,15a34,Q001374,1,16.18
Q001375,E067,88,1,35.1,4.384633083796134,18.540850745584613,26,0.259,0.0341,1,H,Rural,non,0,122.0,18,5,15a34,Q001375,0,29.33
Q001376,E072,104,5,12.1,4.406314468133633,18.582333243247675,49,0.253,0.044,1,H,Urbain,non,0,58.0,13,5,35plus,Q001376,1,22.73
Q001377,E073,60,6,31.9,4.341741911745777,18.53394206349649,29,0.092,0.0303,1,H,Rural,non,2,124.0,13,4,15a34,Q001377,0,33.0
Q001378,E057,12,4,32.5,4.346346919670039,18.540482089970993,40,0.317,0.0335,1,H,Rural,oui,3,14.0,12,7,35plus,Q001378,0,29.85
Q001379,E038,1,1,31.5,4.360930881137308,18.60571710206635,34,0.433,0.0599,1,F,Urbain,oui,1,64.0,15,8,15a34,Q001379,0,16.69
Q001380,E041,19,1,32.3,4.376211946715343,18.551184824968786,39,0.586,0.0576,1,F,Urbain,oui,0,656.0,15,4,35plus,Q001380,0,17.36
Q001381,E074,7,6,36.9,4.428802134711033,18.513986951416232,44,0.197,0.026,1,F,Rural,non,0,421.0,10,1,35plus,Q001381,0,38.46
Q001382,E022,54,2,20.5,4.32636236717833,18.554817443608794,50,0.34,0.0678,0,F,Urbain,non,1,147.0,9,4,35plus,Q001382,1,14.75
Q001383,E027,7,4,36.0,4.353095615755789,18.571666945276107,47,0.19,0.0283,1,H,Rural,non,0,291.0,10,3,35plus,Q001383,0,35.34
Q001384,E068,23,2,27.9,4.320337396280778,18.675226612965577,53,0.362,0.067,1,H,Rural,oui,0,554.0,16,8,35plus,Q001384,0,14.93
Q001385,E029,51,2,31.6,4.261591754329092,18.62595405318216,27,0.25,0.0298,1,F,Rural,non,0,94.0,8,4,15a34,Q001385,0,33.56
Q001386,E018,89,5,23.1,4.406006970647575,18.709617993934515,13,0.922,0.0131,1,F,Rural,non,1,107.0,18,6,moins15,Q001386,1,76.34
Q001387,E043,81,5,31.5,4.44737261178734,18.496732881791115,29,0.042,0.0561,1,H,Urbain,oui,1,420.0,7,3,15a34,Q001387,0,17.83
Q001388,E025,7,3,10.5,4.398273015357893,18.619561305378316,74,0.121,0.0202,1,H,Rural,non,0,1.0,10,3,35plus,Q001388,1,49.5
Q001389,E067,109,4,37.2,4.371514460439135,18.627645688241902,30,0.105,0.059,1,H,Urbain,non,0,338.0,15,3,15a34,Q001389,0,16.95
Q001390,E069,66,3,25.7,4.452671936229559,18.551524298747854,3,0.099,0.0168,1,H,Rural,non,1,150.0,10,7,moins15,Q001390,0,59.52
Q001391,E023,42,4,36.9,4.382943881178441,18.53037921522219,71,0.147,0.0788,1,F,Urbain,oui,0,663.0,10,8,35plus,Q001391,0,12.69
Q001392,E040,46,5,42.0,4.400137408709016,18.586863688556846,34,0.185,0.0382,0,H,Urbain,non,1,236.0,10,6,15a34,Q001392,0,26.18
Q001393,E074,102,5,30.5,4.3670486116986895,18.53370665873079,20,0.078,0.0211,1,H,Urbain,non,0,770.0,16,4,15a34,Q001393,1,47.39
Q001394,E056,56,2,34.0,4.37468494720979,18.492803683757792,14,0.223,0.0417,1,H,Rural,oui,0,149.0,11,3,moins15,Q001394,0,23.98
Q001395,E017,30,2,19.5,4.353352399891838,18.479138463233507,34,0.241,0.0724,1,F,Urbain,non,1,906.0,11,6,15a34,Q001395,0,13.81
Q001396,E045,51,5,27.7,4.401629015811616,18.47516200959096,43,0.094,0.0613,1,H,Urbain,non,1,262.0,7,6,35plus,Q001396,0,16.31
Q001397,E047,9,4,35.9,4.305435880101635,18.56165509120876,42,0.461,0.0325,0,F,Rural,oui,2,46.0,11,1,35plus,Q001397,0,30.77
Q001398,E050,19,3,40.7,4.380963005042859,18.583562969393874,45,0.053,0.0596,0,F,Urbain,non,0,100.0,8,2,35plus,Q001398,0,16.78
Q001399,E002,38,6,29.8,4.3173477335507995,18.50126868420886,10,0.149,0.08,1,F,Urbain,oui,1,68.0,10,2,moins15,Q001399,1,12.5
Q001400,E023,27,3,52.7,4.385493005965103,18.574182482902014,14,0.225,0.0135,1,F,Rural,non,2,409.0,10,1,moins15,Q001400,0,74.07
Q001401,E065,42,3,36.2,4.479706332586648,18.573830121772463,31,0.129,0.037,1,F,Urbain,oui,0,550.0,16,3,15a34,Q001401,0,27.03
Q001402,E019,8,4,25.1,4.394992583118841,18.567336982403546,49,0.229,0.0311,0,H,Urbain,oui,1,284.0,9,7,35plus,Q001402,0,32.15
Q001403,E023,74,2,43.0,4.418696172254646,18.583995463177878,25,0.046,0.0189,0,H,Urbain,oui,1,187.0,10,5,15a34,Q001403,0,52.91
Q001404,E025,14,5,25.2,4.405123846105618,18.560777300526482,0,0.084,0.0257,1,F,Urbain,oui,4,43.0,12,8,moins15,Q001404,0,38.91
Q001405,E014,27,6,36.3,4.243711887622206,18.616643753120957,44,0.296,0.0203,1,H,Rural,non,1,99.0,10,5,35plus,Q001405,0,49.26
Q001406,E012,118,6,27.5,4.353415290758203,18.581188161733944,0,0.313,0.0336,1,F,Urbain,non,2,121.0,16,6,moins15,Q001406,0,29.76
Q001407,E027,1,3,24.5,4.3823936754059005,18.487271654657146,24,0.159,0.0554,1,F,Rural,oui,0,81.0,10,7,15a34,Q001407,0,18.05
Q001408,E066,34,2,40.7,4.255555622020864,18.642001903279898,43,0.231,0.0487,1,H,Rural,oui,1,75.0,10,4,35plus,Q001408,0,20.53
Q001409,E001,61,3,32.2,4.345806663688474,18.501960881776743,43,0.214,0.0248,0,F,Rural,non,3,294.0,14,4,35plus,Q001409,0,40.32
Q001410,E022,37,1,46.1,4.3560378088599245,18.54919008347592,5,0.392,0.0599,0,F,Rural,oui,2,150.0,18,5,moins15,Q001410,1,16.69
Q001411,E005,39,5,26.9,4.298420486295719,18.677606148443324,45,0.008,0.0109,0,H,Urbain,non,0,163.0,17,8,35plus,Q001411,1,91.74
Q001412,E043,16,3,23.1,4.311515537130301,18.574485551416856,52,0.943,0.0338,1,F,Rural,non,0,511.0,15,3,35plus,Q001412,1,29.59
Q001413,E019,51,1,30.6,4.426867718185548,18.508872964076634,41,0.195,0.0683,0,F,Rural,non,2,102.0,18,3,35plus,Q001413,0,14.64
Q001414,E060,91,4,54.2,4.180958512037707,18.56683839264274,28,0.162,0.0428,1,H,Rural,non,2,516.0,12,7,15a34,Q001414,0,23.36
Q001415,E044,71,5,39.8,4.373573433392126,18.576117595993814,39,0.4,0.0336,0,F,Rural,non,2,55.0,9,1,35plus,Q001415,0,29.76
Q001416,E059,111,2,37.9,4.4181785504625495,18.560058077958494,20,0.578,0.0761,1,H,Urbain,oui,0,103.0,11,7,15a34,Q001416,1,13.14
Q001417,E048,84,3,38.1,4.358643280913414,18.52466147706112,48,0.315,0.0461,0,F,Urbain,non,2,120.0,10,3,35plus,Q001417,0,21.69
Q001418,E033,95,6,7.4,4.430431295560443,18.486008518517096,54,0.222,0.0568,1,H,Rural,non,1,19.0,17,2,35plus,Q001418,1,17.61
Q001419,E065,52,5,53.1,4.338631127514793,18.4917674303649,25,0.156,0.0676,1,H,Rural,non,2,59.0,8,3,15a34,Q001419,0,14.79
Q001420,E036,74,5,37.2,4.314746650514255,18.51103369877327,43,0.124,0.0249,1,F,Rural,non,2,151.0,12,3,35plus,Q001420,0,40.16
Q001421,E072,70,3,36.6,4.359528239140601,18.61474607170644,47,0.159,0.0745,1,F,Urbain,non,1,324.0,8,7,35plus,Q001421,0,13.42
Q001422,E075,98,3,40.9,4.340922322485598,18.489053226075924,28,0.412,0.0477,1,F,Urbain,oui,1,75.0,14,1,15a34,Q001422,0,20.96
Q001423,E045,61,3,25.1,4.331408832988779,18.55778736185108,0,0.189,0.0452,1,H,Urbain,non,0,95.0,12,6,moins15,Q001423,0,22.12
Q001424,E051,49,3,27.8,4.3509767343361005,18.619916710477717,34,0.355,0.0238,1,F,Rural,non,2,412.0,11,2,15a34,Q001424,0,42.02
Q001425,E020,9,1,32.3,4.3612,18.5551,0,0.356,0.0256,1,H,Urbain,non,0,87.0,9,6,moins15,Q001425,1,39.06
Q001426,E062,104,1,40.9,4.318105658303721,18.62106942124447,55,0.278,0.0592,1,F,Rural,oui,1,293.0,16,4,35plus,Q001426,1,16.89
Q001427,E051,53,5,24.9,4.3039006526001256,18.52068277898916,41,0.102,0.0766,1,H,Rural,oui,1,389.0,16,5,35plus,Q001427,0,13.05
Q001428,E068,96,4,33.5,4.380826643845715,18.581407164640503,28,0.05,0.0446,1,H,Rural,oui,1,3435.0,9,1,15a34,Q001428,0,22.42
Q001429,E021,82,4,32.5,4.310050996077684,18.607545402315424,45,0.051,0.0342,1,H,Rural,non,2,393.0,14,8,35plus,Q001429,1,29.24
Q001430,E060,1,4,23.0,4.297897543191935,18.597058579339972,14,0.095,0.0548,0,H,Urbain,non,2,33.0,18,2,moins15,Q001430,0,18.25
Q001431,E036,79,3,30.4,4.306314433069019,18.59449541553769,49,0.131,0.069,1,F,Rural,oui,1,321.0,16,3,35plus,Q001431,0,14.49
Q001432,E014,59,6,37.8,4.370281760209267,18.490268373444668,35,0.102,0.04,1,H,Rural,non,1,84.0,8,5,35plus,Q001432,0,25.0
Q001433,E013,29,3,23.6,4.393468923791547,18.583353116081426,35,0.024,0.0219,1,H,Urbain,oui,4,1271.0,11,1,35plus,Q001433,0,45.66
Q001434,E043,32,4,43.9,4.397551620487657,18.57438778137034,25,0.392,0.0603,1,F,Rural,non,4,445.0,8,6,15a34,Q001434,0,16.58
Q001435,E024,77,4,37.3,4.370715091525783,18.5424835746646,27,0.239,0.0702,1,H,Urbain,oui,2,296.0,11,8,15a34,Q001435,0,14.25
Q001436,E008,11,1,36.4,4.386776928175493,18.51975411015479,39,0.003,0.0407,1,H,Rural,non,1,201.0,18,6,35plus,Q001436,0,24.57
Q001437,E033,73,2,34.1,4.357260552560095,18.57252223202401,15,0.207,0.0245,1,H,Urbain,non,1,879.0,18,8,15a34,Q001437,1,40.82
Q001438,E049,102,2,26.4,4.38277977630151,18.50063323933444,12,0.119,0.0634,1,H,Urbain,non,0,31.0,15,4,moins15,Q001438,0,15.77
Q001439,E024,11,2,7.2,4.382010856875518,18.528435008180768,47,0.129,0.0674,1,F,Urbain,non,3,145.0,11,6,35plus,Q001439,1,14.84
Q001440,E072,1,1,36.5,4.323518041994438,18.5971069869978,39,0.219,0.0739,1,F,Rural,non,1,7.0,16,4,35plus,Q001440,0,13.53
Q001441,E059,8,2,29.4,4.306217606911163,18.60210013030308,16,0.057,0.0328,1,F,Rural,oui,0,741.0,18,4,15a34,Q001441,0,30.49
Q001442,E039,88,6,35.3,4.427607767978696,18.574104592150196,32,0.086,0.0786,1,H,Rural,non,1,5.0,17,1,15a34,Q001442,0,12.72
Q001443,E071,102,3,27.7,4.366267702621621,18.52701034476575,31,0.236,0.0688,1,F,Rural,non,3,341.0,11,3,15a34,Q001443,0,14.53
Q001444,E033,119,5,37.2,4.412589478945765,18.494423620720298,20,0.084,0.0682,1,F,Urbain,oui,1,105.0,9,5,15a34,Q001444,1,14.66
Q001445,E011,4,3,37.7,4.305000551356717,18.511028094008317,34,0.205,0.0352,0,H,Urbain,non,1,756.0,8,4,15a34,Q001445,0,28.41
Q001446,E003,58,5,22.6,4.3397222646863485,18.614280461564867,30,0.209,0.0767,0,F,Urbain,non,0,243.0,9,5,15a34,Q001446,0,13.04
Q001447,E071,6,5,34.5,4.3612,18.5551,44,0.229,0.0525,1,H,Rural,non,0,95.0,7,6,35plus,Q001447,1,19.05
Q001448,E072,45,6,23.3,4.392316397167961,18.54490387269582,37,0.584,0.0107,1,F,Rural,oui,1,855.0,15,3,35plus,Q001448,0,93.46
Q001449,E056,37,2,21.0,4.329275645821793,18.55817329661707,22,0.19,0.0629,1,H,Rural,non,2,69.0,18,8,15a34,Q001449,0,15.9
Q001450,E008,73,1,29.8,4.332286077265533,18.584228119312193,22,0.086,0.0403,1,F,Urbain,non,2,196.0,11,7,15a34,Q001450,0,24.81
Q001451,E023,110,2,53.6,4.457790185984201,18.498670498064627,35,0.151,0.0306,1,F,Rural,non,3,1298.0,12,2,35plus,Q001451,1,32.68
Q001452,E004,97,5,39.4,4.393314028722877,18.525682007297277,4,0.433,0.0733,0,H,Rural,non,3,114.0,14,7,moins15,Q001452,0,13.64
Q001453,E004,8,4,43.7,4.3927043270373565,18.58230330807495,14,0.156,0.0394,1,H,Rural,non,2,160.0,17,7,moins15,Q001453,0,25.38
Q001454,E019,29,5,38.3,4.299894466561577,18.56198882791267,28,0.307,0.0745,1,H,Rural,non,0,42.0,8,3,15a34,Q001454,0,13.42
Q001455,E043,33,6,35.4,4.267122659894212,18.6053055995055,29,0.358,0.066,1,H,Rural,non,1,551.0,12,2,15a34,Q001455,0,15.15
Q001456,E005,31,2,40.3,4.4085317782982845,18.58767004232996,45,0.312,0.0328,0,F,Urbain,non,0,135.0,16,5,35plus,Q001456,0,30.49
Q001457,E074,43,3,29.5,4.247980970262227,18.51139647968921,9,0.121,0.0707,1,H,Rural,non,1,62.0,16,7,moins15,Q001457,0,14.14
Q001458,E035,73,3,37.3,4.334921139636141,18.383123083876548,24,0.118,0.0242,0,F,Rural,non,0,140.0,14,1,15a34,Q001458,0,41.32
Q001459,E020,89,1,42.2,4.31941798967667,18.560214012432382,30,0.138,0.0654,1,H,Rural,non,1,905.0,9,3,15a34,Q001459,0,15.29
Q001460,E039,113,4,38.9,4.313742943807097,18.49773592469873,26,0.172,0.0546,1,F,Rural,non,2,18.0,10,5,15a34,Q001460,0,18.32
Q001461,E060,85,1,42.7,4.337952690328071,18.57537989224092,19,0.025,0.0353,1,F,Urbain,oui,1,355.0,15,5,15a34,Q001461,0,28.33
Q001462,E024,36,6,35.3,4.307213929668183,18.629524385299874,21,0.373,0.0724,1,F,Urbain,oui,0,255.0,14,7,15a34,Q001462,0,13.81
Q001463,E004,23,1,45.8,4.299199507470361,18.498517523148546,34,0.174,0.0366,1,H,Rural,non,3,289.0,11,4,15a34,Q001463,0,27.32
Q001464,E004,46,1,32.5,4.3727541531713845,18.582322863968667,26,0.455,0.0159,1,H,Urbain,oui,0,145.0,8,3,15a34,Q001464,0,62.89
Q001465,E064,96,2,48.8,4.413315938840791,18.59351199194341,25,0.067,0.0129,1,H,Urbain,oui,0,515.0,14,6,15a34,Q001465,0,77.52
Q001466,E009,120,6,38.0,4.2731868483731335,18.567285778625823,13,0.506,0.015,1,H,Urbain,oui,2,634.0,17,5,moins15,Q001466,0,66.67
Q001467,E048,48,6,31.3,4.3697776518189855,18.566394200135644,65,0.228,0.0569,1,F,Urbain,non,0,235.0,13,8,35plus,Q001467,0,17.57
Q001468,E029,22,6,25.7,4.3870707092090875,18.446178929941563,33,0.173,0.0282,1,H,Rural,non,2,728.0,15,2,15a34,Q001468,0,35.46
Q001469,E059,1,5,28.3,4.382325645938381,18.553277024701703,55,0.136,0.0696,1,F,Urbain,non,0,126.0,11,1,35plus,Q001469,1,14.37
Q001470,E005,10,6,27.3,4.348938793922631,18.549566159975324,26,0.071,0.0103,1,F,Rural,non,1,202.0,9,5,15a34,Q001470,0,97.09
Q001471,E068,77,3,33.4,4.330146472608843,18.602486431953817,32,0.129,0.0428,1,F,Rural,oui,2,22.0,9,5,15a34,Q001471,0,23.36
Q001472,E053,71,1,25.1,4.397929290088312,18.597997325307258,38,0.052,0.0168,1,H,Urbain,non,0,193.0,13,7,35plus,Q001472,0,59.52
Q001473,E034,78,3,43.0,4.376764830288592,18.524482809108846,29,0.044,0.0482,1,F,Urbain,oui,3,185.0,17,8,15a34,Q001473,0,20.75
Q001474,E016,3,2,34.8,4.26528498515351,18.455002571683657,32,0.216,0.064,1,H,Rural,non,0,76.0,12,4,15a34,Q001474,0,15.62
Q001475,E074,53,2,34.5,4.348946869512887,18.47019955835489,34,0.175,0.0155,0,F,Urbain,non,2,371.0,17,3,15a34,Q001475,0,64.52
Q001476,E023,22,5,25.8,4.362774406479173,18.620435879118396,27,0.11,0.0791,1,F,Rural,non,1,285.0,17,6,15a34,Q001476,0,12.64
Q001477,E037,41,2,28.6,4.3612,18.5551,29,0.196,0.0474,1,H,Urbain,oui,0,274.0,14,8,15a34,Q001477,1,21.1
Q001478,E030,75,2,18.5,4.347827825860524,18.47766815049321,46,0.295,0.0791,1,F,Rural,non,3,82.0,7,8,35plus,Q001478,0,12.64
Q001479,E018,34,3,45.3,4.384576900940541,18.483883192561326,16,0.236,0.0646,1,H,Rural,non,0,318.0,12,1,15a34,Q001479,0,15.48
Q001480,E032,80,1,24.1,4.318633299270636,18.561539993950028,57,0.072,0.0428,1,H,Rural,oui,2,133.0,18,6,35plus,Q001480,0,23.36
Q001481,E012,35,5,24.6,4.371649407528249,18.55604799188436,39,0.05,0.0252,1,F,Rural,non,3,476.0,14,8,35plus,Q001481,0,39.68
Q001482,E001,62,5,43.9,4.310523399756944,18.632794707521576,26,0.39,0.0308,0,F,Urbain,oui,0,140.0,18,7,15a34,Q001482,0,32.47
Q001483,E022,56,4,36.7,4.298165951089487,18.54598955026934,44,0.164,0.0178,1,F,Rural,non,2,491.0,16,4,35plus,Q001483,0,56.18
Q001484,E009,47,1,34.8,4.39077950518445,18.569308675298714,43,0.187,0.0709,1,F,Urbain,oui,0,454.0,14,4,35plus,Q001484,0,14.1
Q001485,E032,16,5,36.4,4.418699912561359,18.547904173857134,36,0.319,0.0177,1,H,Urbain,non,1,405.0,15,2,35plus,Q001485,0,56.5
Q001486,E065,70,3,40.7,4.300813704172116,18.5909465795062,29,0.115,0.0515,1,F,Urbain,non,0,47.0,13,5,15a34,Q001486,0,19.42
Q001487,E013,119,2,34.7,4.407651281688369,18.638002857920128,5,0.148,0.0498,1,H,Rural,non,1,128.0,16,4,moins15,Q001487,1,20.08
Q001488,E001,78,6,23.2,4.3593488610716316,18.59722228447062,20,0.225,0.0162,1,F,Rural,oui,0,1921.0,9,1,15a34,Q001488,0,61.73
Q001489,E009,90,6,39.1,4.249327549785627,18.64855135229912,32,0.2,0.0169,1,H,Rural,oui,1,191.0,8,6,15a34,Q001489,0,59.17
Q001490,E039,97,3,37.0,4.28825266674435,18.577047766391406,38,0.48,0.0716,1,H,Rural,non,1,594.0,10,5,35plus,Q001490,0,13.97
Q001491,E021,5,3,42.2,4.390413247985625,18.470697852786234,32,0.901,0.0193,1,H,Urbain,non,2,386.0,16,3,15a34,Q001491,1,51.81
Q001492,E037,96,6,25.3,4.278802541182981,18.508798774906527,37,0.441,0.0385,1,H,Rural,non,2,306.0,15,5,35plus,Q001492,0,25.97
Q001493,E003,30,2,28.9,4.32907209278894,18.591042815332223,27,0.153,0.0368,1,F,Urbain,oui,1,1078.0,8,6,15a34,Q001493,0,27.17
Q001494,E025,80,3,36.7,4.355932147005315,18.537936069440597,40,0.09,0.0582,1,F,Urbain,non,1,166.0,11,6,35plus,Q001494,0,17.18
Q001495,E031,119,4,27.4,4.382400979411797,18.550092425328867,63,0.061,0.0754,1,F,Urbain,non,1,83.0,14,4,35plus,Q001495,0,13.26
Q001496,E033,108,3,17.5,4.369234069368769,18.50949328105267,33,0.256,0.0202,1,H,Urbain,oui,1,128.0,9,1,15a34,Q001496,0,49.5
Q001497,E042,50,2,35.4,4.4384279067017935,18.62222142910603,29,0.027,0.0576,1,F,Rural,non,1,57.0,16,7,15a34,Q001497,0,17.36
Q001498,E059,101,1,40.3,4.31920981909855,18.62657112378618,31,0.302,0.0394,1,F,Urbain,non,0,111.0,8,7,15a34,Q001498,0,25.38
Q001499,E036,75,2,33.1,4.36493017421613,18.538550294930346,43,0.108,0.0782,1,F,Rural,oui,2,378.0,16,6,35plus,Q001499,0,12.79
Q001500,E064,16,3,37.8,4.3612,18.5551,30,0.263,0.0493,1,H,Rural,non,0,420.0,10,6,15a34,Q001500,1,20.28
Q001501,E040,29,6,36.8,4.395621662351596,18.61377118203642,43,0.242,0.0164,1,H,Rural,non,1,623.0,12,6,35plus,Q001501,0,60.98
Q001502,E020,115,3,34.1,4.41256351225358,18.602304400598168,45,0.134,0.0358,1,F,Rural,non,1,26.0,10,7,35plus,Q001502,0,27.93
Q001503,E018,110,1,11.0,4.3382965754661775,18.468452439132374,58,0.184,0.0306,0,H,Rural,non,1,1058.0,13,6,35plus,Q001503,1,32.68
Q001504,E025,108,6,43.4,4.392574125666022,18.583974396473153,38,0.922,0.0154,1,F,Rural,non,1,6.0,13,6,35plus,Q001504,1,64.94
Q001505,E045,47,3,27.3,4.3137073834128605,18.574789956506724,32,0.135,0.0177,1,F,Urbain,non,0,20.0,10,4,15a34,Q001505,0,56.5
Q001506,E019,39,6,39.4,4.356115155550984,18.559333543095075,35,0.225,0.0765,1,H,Rural,non,3,82.0,16,4,35plus,Q001506,1,13.07
Q001507,E069,97,1,8.6,4.385062381910282,18.506119956223333,31,0.221,0.0604,1,F,Rural,non,1,1090.0,16,3,15a34,Q001507,1,16.56
Q001508,E036,3,1,28.4,4.408769538265453,18.50720912246488,34,0.098,0.0485,1,H,Urbain,oui,2,49.0,14,1,15a34,Q001508,0,20.62
Q001509,E065,108,6,42.4,4.3612,18.5551,52,0.285,0.016,1,F,Rural,oui,2,1019.0,12,4,35plus,Q001509,1,62.5
Q001510,E052,73,1,25.5,4.364527425938646,18.517179030096194,24,0.121,0.0721,0,H,Rural,oui,1,78.0,17,8,15a34,Q001510,0,13.87
Q001511,E026,76,1,32.3,4.3560258004916985,18.45146510652947,11,0.114,0.0123,1,H,Urbain,oui,2,108.0,7,1,moins15,Q001511,0,81.3
Q001512,E018,53,4,50.5,4.387439643697941,18.52295549292895,33,0.106,0.0777,0,F,Urbain,non,1,405.0,9,3,15a34,Q001512,0,12.87
Q001513,E056,118,2,41.2,4.469460759760244,18.570108033766896,34,0.12,0.0522,1,F,Rural,non,1,98.0,13,3,15a34,Q001513,0,19.16
Q001514,E025,90,3,28.8,4.4027295103674735,18.491616306495388,46,0.223,0.0262,1,F,Rural,oui,2,322.0,15,3,35plus,Q001514,1,38.17
Q001515,E019,7,3,30.0,4.379077496435678,18.61659614375741,29,0.305,0.0233,1,F,Rural,oui,0,67.0,14,1,15a34,Q001515,0,42.92
Q001516,E070,63,2,32.8,4.291551492131293,18.647796881616596,24,0.233,0.0447,1,F,Rural,non,3,60.0,18,8,15a34,Q001516,0,22.37
Q001517,E037,104,3,43.2,4.31777608797359,18.56184591180331,22,0.335,0.0278,1,H,Rural,non,2,810.0,14,6,15a34,Q001517,0,35.97
Q001518,E004,10,2,27.0,4.343796180946423,18.58042748302278,22,0.172,0.0282,1,F,Rural,non,0,62.0,12,4,15a34,Q001518,0,35.46
Q001519,E038,89,2,26.6,4.405501055037028,18.46907671538171,18,0.113,0.0112,1,F,Rural,non,1,80.0,14,2,15a34,Q001519,0,89.29
Q001520,E035,30,2,39.0,4.313161878233774,18.559170325820077,13,0.446,0.0251,0,H,Rural,non,2,217.0,17,5,moins15,Q001520,0,39.84
Q001521,E065,61,1,22.2,4.39212257936831,18.479742211256752,0,0.255,0.0192,1,H,Urbain,non,0,53.0,8,4,moins15,Q001521,0,52.08
Q001522,E054,106,4,27.6,4.365984944591841,18.46379951603018,43,0.116,0.0295,1,F,Rural,non,2,1120.0,12,1,35plus,Q001522,0,33.9
Q001523,E015,60,4,33.4,4.377746559556486,18.486698532105198,34,0.107,0.0341,1,F,Urbain,oui,0,623.0,12,3,15a34,Q001523,0,29.33
Q001524,E012,5,1,33.8,4.349202284485168,18.542282125187953,62,0.224,0.0138,1,F,Rural,oui,1,30.0,7,2,35plus,Q001524,0,72.46
Q001525,E046,3,3,24.4,4.330168562803174,18.54796545831323,9,0.142,0.0305,1,H,Rural,non,2,231.0,13,3,moins15,Q001525,0,32.79
Q001526,E004,89,5,36.5,4.311311891088798,18.546359983129303,60,0.087,0.0448,1,F,Rural,oui,1,266.0,17,1,35plus,Q001526,0,22.32
Q001527,E024,112,1,37.9,4.390579712431652,18.491811922521972,28,0.142,0.0798,1,F,Rural,non,0,225.0,17,1,15a34,Q001527,0,12.53
Q001528,E011,36,2,29.4,4.3561638848379864,18.555307601144413,7,0.165,0.0536,1,F,Rural,oui,1,551.0,13,8,moins15,Q001528,0,18.66
Q001529,E002,113,6,45.6,4.306137954144112,18.51523104750922,0,0.162,0.0613,1,F,Rural,oui,0,88.0,9,3,moins15,Q001529,0,16.31
Q001530,E069,55,3,36.4,4.371163997872524,18.556435040252367,25,0.526,0.0479,1,F,Urbain,oui,1,263.0,11,7,15a34,Q001530,1,20.88
Q001531,E007,8,1,27.0,4.531164930370418,18.53820131938976,44,0.13,0.0395,0,F,Rural,non,1,210.0,14,4,35plus,Q001531,0,25.32
Q001532,E001,64,4,45.3,4.349926328329107,18.459867225517165,35,0.238,0.0395,1,F,Urbain,non,1,85.0,17,1,35plus,Q001532,1,25.32
Q001533,E070,117,3,30.3,4.442705204458425,18.516031980875397,25,0.389,0.0117,1,H,Rural,non,3,608.0,9,8,15a34,Q001533,0,85.47
Q001534,E015,31,2,35.3,4.230735878039877,18.57721302496187,48,0.12,0.0249,1,H,Urbain,oui,0,280.0,18,7,35plus,Q001534,0,40.16
Q001535,E062,116,1,30.6,4.346476488269737,18.59193351362013,32,0.377,0.0759,1,F,Rural,non,0,38.0,12,1,15a34,Q001535,0,13.18
Q001536,E003,79,6,38.4,4.407739384310763,18.48840784613631,7,0.223,0.0212,1,H,Urbain,non,0,186.0,15,3,moins15,Q001536,0,47.17
Q001537,E012,48,5,30.6,4.360777767964725,18.51179307439929,50,0.371,0.0118,1,H,Rural,non,0,1244.0,17,3,35plus,Q001537,1,84.75
Q001538,E009,84,5,31.1,4.327868395592877,18.527637077466075,15,0.276,0.0184,1,H,Urbain,non,3,28.0,15,6,15a34,Q001538,0,54.35
Q001539,E053,49,1,32.9,4.3612,18.5551,15,0.274,0.0176,1,H,Rural,non,0,159.0,15,8,15a34,Q001539,1,56.82
Q001540,E047,11,6,30.5,4.409255472111412,18.573457532804223,27,0.465,0.0762,1,H,Urbain,non,1,590.0,9,6,15a34,Q001540,0,13.12
Q001541,E036,105,3,41.5,4.467172169554568,18.486002581991222,36,0.077,0.0483,1,F,Rural,non,1,86.0,7,2,35plus,Q001541,0,20.7
Q001542,E019,45,3,25.2,4.413275312092977,18.574604965928668,20,0.087,0.0262,1,H,Rural,non,2,71.0,17,4,15a34,Q001542,1,38.17
Q001543,E007,68,6,33.7,4.3347637253641516,18.61343720081692,4,0.183,0.0427,1,F,Urbain,non,4,194.0,9,1,moins15,Q001543,0,23.42
Q001544,E043,90,3,34.6,4.348356321370018,18.560820054737373,21,0.067,0.0149,0,F,Rural,non,0,96.0,11,2,15a34,Q001544,0,67.11
Q001545,E018,10,2,33.1,4.348728177199604,18.511249534530457,45,0.425,0.0178,1,H,Urbain,non,2,2142.0,10,4,35plus,Q001545,0,56.18
Q001546,E045,87,2,40.8,4.316637604594733,18.592409008709758,30,0.087,0.0264,1,F,Rural,non,0,125.0,10,3,15a34,Q001546,0,37.88
Q001547,E052,44,6,23.5,4.352246770543696,18.5592494385279,47,0.032,0.0539,0,H,Urbain,non,0,350.0,14,4,35plus,Q001547,0,18.55
Q001548,E064,66,4,38.0,4.3463097412318366,18.53751622919891,38,0.265,0.0794,1,F,Rural,non,1,52.0,16,8,35plus,Q001548,0,12.59
Q001549,E038,55,4,25.3,4.2999722115778365,18.59465549410072,22,0.314,0.0124,0,H,Rural,non,1,870.0,15,1,15a34,Q001549,0,80.65
Q001550,E001,94,4,30.4,4.401906456425485,18.549804724726624,20,0.089,0.04,1,F,Rural,oui,2,66.0,7,2,15a34,Q001550,0,25.0
Q001551,E022,23,2,24.6,4.381046248974562,18.55403431590913,33,0.053,0.0455,0,F,Rural,oui,0,109.0,12,4,15a34,Q001551,0,21.98
Q001552,E065,13,3,31.7,4.3279526998725695,18.593009941088688,33,0.033,0.0304,1,H,Rural,non,1,1913.0,12,5,15a34,Q001552,0,32.89
Q001553,E040,50,6,30.0,4.367389977521388,18.52495141668731,32,0.941,0.0226,1,H,Rural,oui,1,321.0,12,4,15a34,Q001553,1,44.25
Q001554,E047,15,1,45.5,4.311772397736243,18.492183324713185,35,0.111,0.0734,1,H,Rural,non,0,752.0,11,7,15a34,Q001554,1,13.62
Q001555,E035,30,6,35.7,4.332387461503493,18.56626253683602,30,0.178,0.0673,1,F,Urbain,oui,2,516.0,18,2,15a34,Q001555,1,14.86
Q001556,E013,79,2,37.1,4.39438381126069,18.62784133171328,29,0.301,0.0682,1,H,Rural,non,2,125.0,10,7,15a34,Q001556,0,14.66
Q001557,E068,99,2,26.2,4.38355229262292,18.436274085477763,18,0.331,0.0347,1,H,Rural,oui,0,403.0,17,5,15a34,Q001557,0,28.82
Q001558,E058,84,1,39.2,4.334340588358908,18.586669598030536,15,0.24,0.0249,0,H,Rural,non,1,368.0,8,3,15a34,Q001558,0,40.16
Q001559,E075,39,4,45.5,4.375573198475277,18.5517389292888,42,0.133,0.0299,0,H,Rural,non,0,365.0,9,8,35plus,Q001559,0,33.44
Q001560,E065,98,2,40.1,4.3562811808751585,18.52329306784339,16,0.455,0.0655,1,F,Rural,non,1,2.0,12,8,15a34,Q001560,0,15.27
Q001561,E022,49,3,24.8,4.310136874041441,18.517683469432825,2,0.044,0.0769,0,F,Rural,oui,0,78.0,10,3,moins15,Q001561,0,13.0
Q001562,E020,22,4,30.8,4.351638025804616,18.59514797248668,25,0.278,0.0241,1,F,Rural,oui,0,414.0,13,5,15a34,Q001562,0,41.49
Q001563,E019,91,4,34.8,4.381601638207046,18.583994190370703,35,0.397,0.0388,0,H,Rural,non,0,133.0,14,8,35plus,Q001563,0,25.77
Q001564,E069,63,6,30.0,4.3753080202320485,18.49814494990828,30,0.016,0.0585,1,F,Rural,non,4,175.0,14,2,15a34,Q001564,1,17.09
Q001565,E042,45,4,51.7,4.275369077294428,18.565231051886514,13,0.483,0.0323,1,F,Rural,non,2,189.0,14,1,moins15,Q001565,0,30.96
Q001566,E035,80,2,30.6,4.368304885860492,18.618615432230087,45,0.245,0.0464,1,F,Urbain,non,1,77.0,11,3,35plus,Q001566,1,21.55
Q001567,E073,87,5,10.4,4.361271288623007,18.58487087316383,34,0.198,0.0242,1,F,Urbain,non,2,79.0,11,4,15a34,Q001567,1,41.32
Q001568,E046,27,1,29.8,4.265086047457308,18.46660576027359,48,0.108,0.0666,1,H,Urbain,non,0,202.0,13,4,35plus,Q001568,0,15.02
Q001569,E069,15,6,35.6,4.319597994039572,18.58230008040712,30,0.032,0.0189,1,F,Rural,non,1,233.0,10,1,15a34,Q001569,0,52.91
Q001570,E074,63,2,43.7,4.384581550399992,18.487627900018563,38,0.044,0.0567,0,H,Rural,non,1,930.0,18,1,35plus,Q001570,0,17.64
Q001571,E006,7,5,34.8,4.429240131151583,18.56090415309889,13,0.104,0.031,1,F,Rural,non,0,50.0,14,7,moins15,Q001571,0,32.26
Q001572,E028,77,1,32.5,4.277974164984655,18.51261626713356,0,0.045,0.0329,1,F,Rural,oui,1,13.0,17,1,moins15,Q001572,0,30.4
Q001573,E056,53,3,26.5,4.408965164290332,18.570124751841362,31,0.274,0.0777,0,H,Rural,non,2,55.0,9,7,15a34,Q001573,0,12.87
Q001574,E061,26,5,7.8,4.2659813510424485,18.516513520112504,10,0.39,0.0259,1,H,Urbain,non,1,195.0,9,7,moins15,Q001574,1,38.61
Q001575,E012,72,4,33.0,4.429875890909329,18.497681412759377,44,0.229,0.0574,1,H,Rural,non,0,607.0,14,2,35plus,Q001575,0,17.42
Q001576,E024,46,1,32.7,4.348066677611758,18.565745417235274,44,0.055,0.0131,0,H,Rural,oui,2,466.0,13,3,35plus,Q001576,0,76.34
Q001577,E042,47,1,17.6,4.324263867725886,18.555769409240984,35,0.281,0.0768,1,F,Urbain,non,1,78.0,17,1,35plus,Q001577,0,13.02
Q001578,E060,26,6,33.1,4.37772683426963,18.591080741559757,18,0.435,0.0697,1,H,Rural,non,1,1.0,12,7,15a34,Q001578,0,14.35
Q001579,E009,82,4,31.2,4.3118751581402766,18.52348677212762,30,0.06,0.0237,1,F,Rural,non,2,87.0,12,7,15a34,Q001579,0,42.19
Q001580,E046,109,6,21.2,4.385796060546568,18.47430283415161,39,0.237,0.0473,1,F,Urbain,oui,0,1465.0,11,5,35plus,Q001580,0,21.14
Q001581,E023,75,1,40.9,4.353801555005391,18.58380233777369,37,0.058,0.0112,1,F,Rural,non,1,195.0,10,8,35plus,Q001581,0,89.29
Q001582,E017,29,3,30.3,4.1694990534280105,18.622344945682155,17,0.107,0.0343,0,H,Urbain,non,1,80.0,11,1,15a34,Q001582,0,29.15
Q001583,E039,101,4,47.3,4.3194643357951925,18.521109282944327,0,0.254,0.0626,1,H,Rural,non,1,764.0,16,7,moins15,Q001583,1,15.97
Q001584,E032,15,6,43.9,4.36955483675633,18.57430699086939,36,0.164,0.0422,1,F,Urbain,oui,0,194.0,11,4,35plus,Q001584,0,23.7
Q001585,E048,35,5,29.0,4.413323502981808,18.534414554178568,30,0.193,0.0314,1,F,Rural,oui,2,812.0,10,1,15a34,Q001585,0,31.85
Q001586,E024,5,4,43.6,4.3765748652338115,18.64662721667479,39,0.191,0.0123,1,H,Urbain,oui,0,72.0,11,1,35plus,Q001586,0,81.3
Q001587,E062,102,2,45.3,4.412525389989104,18.523704198809458,30,0.119,0.0361,1,F,Rural,oui,0,258.0,16,1,15a34,Q001587,0,27.7
Q001588,E006,6,6,30.1,4.315301835898618,18.547695432528055,28,0.217,0.07,1,F,Urbain,non,1,460.0,17,3,15a34,Q001588,0,14.29
Q001589,E065,66,2,26.8,4.396382271935384,18.448897404119446,28,0.215,0.0295,1,F,Rural,non,1,134.0,11,8,15a34,Q001589,0,33.9
Q001590,E003,23,2,18.9,4.3972206945797465,18.628654316658668,26,0.153,0.0314,1,F,Rural,non,0,182.0,8,5,15a34,Q001590,0,31.85
Q001591,E056,26,5,36.7,4.278451266626302,18.52328192835102,67,0.34,0.0203,1,F,Rural,non,1,115.0,18,2,35plus,Q001591,0,49.26
Q001592,E026,73,6,27.2,4.414975773471137,18.614923567366098,27,0.103,0.0168,1,F,Rural,oui,0,211.0,12,7,15a34,Q001592,0,59.52
Q001593,E029,97,6,36.9,4.376368627274537,18.51649385197487,26,0.958,0.0188,1,F,Rural,oui,1,166.0,7,8,15a34,Q001593,1,53.19
Q001594,E002,3,2,10.8,4.34592623069778,18.546063887678084,41,0.204,0.0158,1,H,Rural,oui,1,88.0,18,2,35plus,Q001594,1,63.29
Q001595,E053,20,5,28.5,4.345065594202335,18.5109321867657,37,0.3,0.0432,1,H,Rural,oui,1,394.0,17,6,35plus,Q001595,0,23.15
Q001596,E013,35,3,30.1,4.308099123282075,18.50326817146401,32,0.159,0.0751,1,H,Rural,oui,0,54.0,9,2,15a34,Q001596,0,13.32
Q001597,E050,114,2,24.9,4.39154044980008,18.53534573834936,18,0.244,0.0723,1,F,Rural,non,0,88.0,14,5,15a34,Q001597,0,13.83
Q001598,E055,7,6,30.1,4.3612,18.5551,11,0.109,0.019,0,H,Urbain,non,3,174.0,13,2,moins15,Q001598,1,52.63
Q001599,E064,22,6,28.8,4.3891462800089815,18.531758240244837,30,0.223,0.0678,1,F,Urbain,non,1,94.0,10,5,15a34,Q001599,0,14.75
Q001600,E054,49,3,33.9,4.3612,18.5551,28,0.37,0.0302,1,F,Rural,non,0,602.0,10,2,15a34,Q001600,1,33.11
Q001601,E023,40,1,34.7,4.370289331239788,18.564183436093327,23,0.167,0.0208,1,H,Rural,non,1,344.0,7,6,15a34,Q001601,0,48.08
Q001602,E056,6,2,26.5,4.3452049732199916,18.452160936182246,42,0.208,0.0497,0,F,Urbain,oui,0,178.0,16,5,35plus,Q001602,0,20.12
Q001603,E062,65,4,41.7,4.413839716792248,18.53310554504074,44,0.069,0.0695,1,F,Rural,oui,4,66.0,18,7,35plus,Q001603,0,14.39
Q001604,E024,73,1,32.9,4.390318414252403,18.470976982181405,48,0.548,0.0721,1,H,Rural,non,1,13.0,9,6,35plus,Q001604,0,13.87
Q001605,E010,22,2,44.5,4.36864248961907,18.595015176441333,15,0.302,0.056,1,H,Rural,oui,2,137.0,14,3,15a34,Q001605,0,17.86
Q001606,E067,83,1,35.7,4.353271519226581,18.611606058915815,46,0.051,0.0648,1,F,Urbain,non,2,19.0,14,8,35plus,Q001606,0,15.43
Q001607,E012,7,6,34.5,4.2716024124409,18.579594032124437,2,0.073,0.0491,1,F,Rural,non,1,43.0,8,7,moins15,Q001607,0,20.37
Q001608,E045,88,3,30.6,4.260768239660512,18.526187843291368,30,0.081,0.0535,1,F,Rural,non,2,39.0,10,2,15a34,Q001608,0,18.69
Q001609,E018,32,3,38.3,4.341584933431802,18.51292289805595,43,0.416,0.0555,1,F,Urbain,oui,3,342.0,9,5,35plus,Q001609,0,18.02
Q001610,E010,27,3,34.2,4.423434553743904,18.537315494505794,15,0.092,0.0226,1,F,Rural,oui,2,15.0,15,5,15a34,Q001610,0,44.25
Q001611,E059,24,1,40.0,4.324756852091749,18.547258229847504,10,0.074,0.0707,1,H,Rural,non,3,115.0,10,4,moins15,Q001611,0,14.14
Q001612,E011,105,4,45.2,4.326723067808073,18.574131555373725,30,0.557,0.0594,1,F,Rural,oui,4,232.0,11,1,15a34,Q001612,0,16.84
Q001613,E051,61,6,28.9,4.311382551490372,18.56989265430262,55,0.086,0.0602,0,H,Rural,oui,0,233.0,12,2,35plus,Q001613,0,16.61
Q001614,E052,83,5,38.3,4.295480617046182,18.448084565688497,55,0.423,0.0398,0,F,Urbain,non,1,30.0,17,2,35plus,Q001614,1,25.13
Q001615,E005,25,2,38.1,4.3143003784052425,18.5831072439747,48,0.051,0.0204,1,H,Rural,oui,3,450.0,16,2,35plus,Q001615,0,49.02
Q001616,E013,7,1,37.2,4.3739315379245784,18.569280476983085,16,0.249,0.0201,1,F,Urbain,non,1,132.0,11,2,15a34,Q001616,0,49.75
Q001617,E060,5,5,31.0,4.335407965575173,18.510908668994507,31,0.345,0.0459,0,F,Urbain,non,2,143.0,18,1,15a34,Q001617,0,21.79
Q001618,E039,53,6,31.1,4.3612,18.5551,64,0.472,0.0641,0,F,Rural,non,3,172.0,14,1,35plus,Q001618,1,15.6
Q001619,E010,40,6,29.9,4.328686524461954,18.553081407141356,44,0.098,0.0661,0,H,Urbain,non,1,232.0,17,7,35plus,Q001619,0,15.13
Q001620,E075,93,4,29.8,4.371849793503855,18.559003854334115,7,0.138,0.0683,1,F,Rural,non,0,307.0,18,8,moins15,Q001620,0,14.64
Q001621,E020,95,3,28.1,4.379514872322063,18.494899064448305,43,0.327,0.0537,1,F,Rural,oui,0,232.0,14,2,35plus,Q001621,0,18.62
Q001622,E001,38,5,33.3,4.2665497379113395,18.55291340274648,19,0.101,0.0206,1,H,Rural,oui,0,582.0,11,3,15a34,Q001622,0,48.54
Q001623,E070,53,5,28.7,4.321987246176935,18.559225368089887,26,0.264,0.0348,1,H,Urbain,non,0,161.0,10,1,15a34,Q001623,0,28.74
Q001624,E002,46,5,37.0,4.355530534722078,18.592902379075955,42,0.249,0.0537,1,F,Rural,non,0,10.0,18,5,35plus,Q001624,0,18.62
Q001625,E042,82,2,34.4,4.381945503382082,18.544448977679984,25,0.163,0.0297,0,F,Rural,oui,2,288.0,15,3,15a34,Q001625,0,33.67
Q001626,E075,76,6,35.2,4.366384695527709,18.44859952908836,23,0.202,0.0139,0,H,Rural,oui,1,18.0,12,8,15a34,Q001626,0,71.94
Q001627,E044,79,1,32.1,4.4011427739539855,18.56260189301541,47,0.242,0.0616,1,F,Rural,oui,2,47.0,15,2,35plus,Q001627,0,16.23
Q001628,E044,7,1,34.5,4.289407513262847,18.46546644259907,42,0.194,0.057,1,F,Rural,oui,1,955.0,16,8,35plus,Q001628,0,17.54
Q001629,E030,41,4,32.3,4.380759131870806,18.507502141344133,36,0.347,0.0726,1,H,Urbain,oui,1,69.0,11,1,35plus,Q001629,0,13.77
Q001630,E010,117,4,39.5,4.462564778880233,18.482461513462333,60,0.199,0.0569,1,F,Urbain,non,2,842.0,11,7,35plus,Q001630,1,17.57
Q001631,E043,42,4,30.9,4.362386054472202,18.574693368337066,34,0.125,0.0198,1,H,Rural,oui,0,391.0,9,8,15a34,Q001631,0,50.51
Q001632,E068,21,6,36.6,4.364423696919207,18.495691613530422,35,0.294,0.0432,1,F,Urbain,non,0,532.0,11,3,35plus,Q001632,0,23.15
Q001633,E007,24,6,24.9,4.385963019600066,18.5999662281174,26,0.153,0.0116,1,F,Rural,non,1,1180.0,10,5,15a34,Q001633,0,86.21
Q001634,E067,4,5,39.0,4.3327331588560005,18.49210380845591,16,0.186,0.0678,1,H,Rural,oui,1,333.0,16,7,15a34,Q001634,0,14.75
Q001635,E032,94,1,30.1,4.312657393004692,18.44932280871285,9,0.144,0.038,1,H,Urbain,non,1,192.0,8,2,moins15,Q001635,0,26.32
Q001636,E041,1,1,27.6,4.362901073995628,18.532604088399513,45,0.134,0.0707,1,H,Rural,oui,2,197.0,11,6,35plus,Q001636,1,14.14
Q001637,E013,72,1,26.0,4.277299619982078,18.483604703602747,24,0.303,0.0235,1,F,Rural,oui,3,844.0,14,5,15a34,Q001637,0,42.55
Q001638,E047,48,4,25.5,4.379798353774726,18.61582901068453,69,0.072,0.0134,0,F,Rural,non,1,58.0,18,6,35plus,Q001638,0,74.63
Q001639,E014,12,5,7.7,4.38822629980997,18.51602275112387,17,0.11,0.0506,1,H,Urbain,oui,2,693.0,8,8,15a34,Q001639,1,19.76
Q001640,E021,107,5,44.5,4.279808420022488,18.60771021155034,19,0.017,0.0293,1,F,Urbain,non,3,381.0,8,5,15a34,Q001640,0,34.13
Q001641,E055,90,1,29.5,4.368150231955388,18.53470454918035,36,0.153,0.016,0,H,Rural,oui,0,324.0,8,2,35plus,Q001641,0,62.5
Q001642,E004,99,2,18.5,4.34917627222685,18.567809116553608,15,0.179,0.0635,1,F,Urbain,oui,1,174.0,17,5,15a34,Q001642,0,15.75
Q001643,E034,113,3,36.6,4.4338939069736565,18.52353200649437,8,0.26,0.064,1,F,Urbain,oui,0,28.0,16,3,moins15,Q001643,0,15.62
Q001644,E045,110,4,26.2,4.425492047096028,18.66885743563922,41,0.137,0.0311,1,H,Rural,oui,0,78.0,15,8,35plus,Q001644,0,32.15
Q001645,E010,85,1,39.7,4.4020809471368665,18.492557792660808,0,0.602,0.0796,1,F,Urbain,oui,2,179.0,16,4,moins15,Q001645,0,12.56
Q001646,E023,65,6,31.1,4.420534067864594,18.39738970795492,34,0.227,0.0748,1,F,Urbain,non,0,211.0,18,3,15a34,Q001646,0,13.37
Q001647,E026,84,1,32.1,4.3417388242638095,18.563009869914985,34,0.129,0.0156,0,H,Urbain,oui,0,574.0,12,1,15a34,Q001647,0,64.1
Q001648,E050,54,4,42.4,4.3729972483314885,18.49875299620861,45,0.264,0.021,1,H,Urbain,oui,1,781.0,16,8,35plus,Q001648,0,47.62
Q001649,E074,22,6,38.3,4.347377326154934,18.56021501356918,40,0.061,0.0772,1,F,Urbain,non,0,290.0,16,2,35plus,Q001649,1,12.95
Q001650,E063,47,2,25.3,4.310142095422395,18.546534446569773,72,0.443,0.0374,1,H,Urbain,oui,0,911.0,14,4,35plus,Q001650,0,26.74
Q001651,E015,57,5,26.3,4.364133282757491,18.523529847998898,25,0.072,0.0362,1,F,Rural,oui,1,33.0,17,3,15a34,Q001651,0,27.62
Q001652,E002,6,4,21.5,4.355837772456426,18.5296525675001,11,0.191,0.0355,1,H,Urbain,non,1,146.0,18,1,moins15,Q001652,0,28.17
Q001653,E004,102,5,52.2,4.349883928599997,18.570462431955605,72,0.062,0.0608,1,H,Rural,non,2,158.0,18,6,35plus,Q001653,0,16.45
Q001654,E045,110,4,28.0,4.357037989893275,18.53193661493416,32,0.073,0.0244,1,H,Rural,non,1,437.0,13,5,15a34,Q001654,0,40.98
Q001655,E012,51,6,42.2,4.363039982620879,18.542362036944603,17,0.138,0.0263,1,F,Urbain,oui,0,771.0,8,7,15a34,Q001655,0,38.02
Q001656,E018,60,3,10.0,4.404394155693191,18.525109272986736,7,0.182,0.0262,1,H,Rural,non,2,558.0,9,1,moins15,Q001656,1,38.17
Q001657,E064,101,1,26.4,4.330776216895244,18.631419164036142,26,0.078,0.0687,1,H,Urbain,non,1,204.0,11,8,15a34,Q001657,0,14.56
Q001658,E066,55,5,34.2,4.2960183425643,18.61548004234969,19,0.242,0.0779,1,H,Rural,oui,0,247.0,12,2,15a34,Q001658,0,12.84
Q001659,E063,83,6,31.7,4.39390004297967,18.476378778806225,19,0.355,0.0655,1,F,Urbain,non,1,151.0,14,4,15a34,Q001659,0,15.27
Q001660,E020,62,3,39.6,4.402828990799545,18.550127107000645,0,0.273,0.0588,1,F,Urbain,non,2,734.0,12,8,moins15,Q001660,1,17.01
Q001661,E047,33,5,39.7,4.377897656443232,18.50927243406026,25,0.117,0.0475,1,F,Rural,oui,1,305.0,7,1,15a34,Q001661,0,21.05
Q001662,E046,96,6,29.9,4.3612,18.5551,37,0.14,0.0442,0,F,Rural,non,1,1010.0,14,5,35plus,Q001662,1,22.62
Q001663,E014,24,4,23.9,4.353425536167832,18.390082440525532,15,0.198,0.0624,1,H,Urbain,non,3,87.0,17,5,15a34,Q001663,0,16.03
Q001664,E042,27,5,25.6,4.374252277950097,18.533727394884867,24,0.728,0.0658,0,F,Rural,non,1,330.0,14,8,15a34,Q001664,0,15.2
Q001665,E040,83,4,18.0,4.306582845053519,18.537567220256054,23,0.66,0.0473,0,F,Urbain,non,1,27.0,10,4,15a34,Q001665,0,21.14
Q001666,E030,86,5,32.1,4.321777308964347,18.61779505499252,32,0.253,0.0476,1,F,Rural,non,0,311.0,15,4,15a34,Q001666,0,21.01
Q001667,E057,115,3,33.9,4.352671284538395,18.602371729657197,56,0.206,0.0429,1,F,Urbain,non,0,395.0,15,1,35plus,Q001667,0,23.31
Q001668,E051,86,4,10.7,4.419147209742654,18.574591629340798,34,0.074,0.0564,1,F,Rural,oui,2,182.0,11,1,15a34,Q001668,1,17.73
Q001669,E040,3,1,25.2,4.3712581270016395,18.586895023208506,13,0.285,0.0666,1,H,Rural,non,1,918.0,13,5,moins15,Q001669,0,15.02
Q001670,E055,102,2,33.9,4.331373451786413,18.59258568274336,29,0.148,0.0351,1,H,Rural,oui,0,11.0,8,3,15a34,Q001670,0,28.49
Q001671,E058,50,4,29.6,4.349916713833095,18.574380000781122,36,0.306,0.0654,0,F,Rural,oui,1,11.0,15,8,35plus,Q001671,0,15.29
Q001672,E043,2,5,32.5,4.32668623617102,18.619237864244106,12,0.168,0.0162,1,F,Rural,non,1,804.0,15,3,moins15,Q001672,0,61.73
Q001673,E021,70,1,31.4,4.339399587837827,18.48652102561882,17,0.308,0.0531,0,F,Rural,non,1,133.0,15,1,15a34,Q001673,0,18.83
Q001674,E057,21,1,35.7,4.396113471397503,18.525629291887704,16,0.118,0.0472,1,H,Urbain,non,0,1218.0,12,2,15a34,Q001674,0,21.19
Q001675,E054,50,1,30.0,4.264000123301687,18.518568492074817,28,0.176,0.0525,1,F,Rural,oui,1,140.0,14,3,15a34,Q001675,0,19.05
Q001676,E074,57,4,30.6,4.42574722982095,18.52242665936306,25,0.273,0.0211,0,F,Rural,non,1,530.0,16,5,15a34,Q001676,0,47.39
Q001677,E012,9,3,20.8,4.469459122515512,18.54241862322563,5,0.414,0.0786,1,F,Rural,non,2,149.0,7,4,moins15,Q001677,1,12.72
Q001678,E032,103,1,33.6,4.368128161383199,18.631628810177993,22,0.272,0.0103,1,F,Urbain,oui,1,4.0,12,2,15a34,Q001678,0,97.09
Q001679,E070,62,5,34.6,4.318446198453298,18.594767226433596,30,0.29,0.0702,1,H,Urbain,non,0,217.0,15,2,15a34,Q001679,0,14.25
Q001680,E039,116,4,32.8,4.418161671248989,18.611156203211003,47,0.383,0.0212,0,F,Rural,oui,1,154.0,16,2,35plus,Q001680,0,47.17
Q001681,E071,56,1,47.4,4.373897273317005,18.546103586188316,11,0.072,0.0133,1,F,Rural,non,0,144.0,16,7,moins15,Q001681,0,75.19
Q001682,E001,72,5,35.1,4.333701849911507,18.54383985322636,17,0.089,0.0358,1,H,Rural,non,0,148.0,15,2,15a34,Q001682,0,27.93
Q001683,E003,98,6,32.9,4.311405401262988,18.57891853417143,13,0.211,0.0277,1,H,Rural,oui,0,1015.0,7,2,moins15,Q001683,0,36.1
Q001684,E060,26,3,37.5,4.339708129834518,18.571602521689297,6,0.299,0.0119,1,H,Urbain,non,0,105.0,13,7,moins15,Q001684,0,84.03
Q001685,E027,110,6,48.8,4.369629064955247,18.57157226825394,0,0.317,0.0248,0,F,Rural,non,2,478.0,13,4,moins15,Q001685,0,40.32
Q001686,E040,23,3,35.8,4.404775314542715,18.665920064056888,37,0.203,0.0141,1,H,Urbain,oui,0,1.0,11,7,35plus,Q001686,0,70.92
Q001687,E033,120,1,18.4,4.374209766959019,18.579292736408558,32,0.204,0.0321,0,H,Urbain,non,0,113.0,18,7,15a34,Q001687,0,31.15
Q001688,E031,77,1,37.0,4.38270584366313,18.51064443804462,37,0.115,0.0715,1,F,Urbain,oui,2,660.0,12,1,35plus,Q001688,0,13.99
Q001689,E071,63,1,27.8,4.343312909462668,18.514804499203564,34,0.082,0.0183,0,F,Rural,oui,2,324.0,16,5,15a34,Q001689,0,54.64
Q001690,E008,26,2,12.3,4.402746428949077,18.592092896215753,24,0.124,0.0297,1,F,Rural,non,0,177.0,12,1,15a34,Q001690,1,33.67
Q001691,E058,69,3,45.9,4.3496639409228415,18.588189098417306,21,0.056,0.0203,1,H,Urbain,non,1,27.0,17,5,15a34,Q001691,1,49.26
Q001692,E067,67,3,44.4,4.451899606342548,18.598936563426598,46,0.034,0.0464,0,F,Urbain,oui,1,104.0,12,1,35plus,Q001692,0,21.55
Q001693,E050,119,3,27.7,4.327361221976475,18.576044183533362,40,0.3,0.074,1,F,Rural,oui,2,24.0,17,5,35plus,Q001693,0,13.51
Q001694,E030,101,6,27.7,4.379749723929913,18.49799533825281,29,0.427,0.0703,1,H,Urbain,oui,3,271.0,14,4,15a34,Q001694,0,14.22
Q001695,E013,58,1,35.1,4.46946949785612,18.62683421338033,15,0.098,0.0551,0,F,Rural,non,1,6.0,14,1,15a34,Q001695,0,18.15
Q001696,E052,47,6,27.8,4.412097743266772,18.617143971113368,32,0.153,0.0238,1,F,Rural,oui,2,186.0,15,3,15a34,Q001696,0,42.02
Q001697,E036,47,2,33.1,4.397270767185956,18.5307190923167,33,0.234,0.0763,1,F,Rural,oui,1,802.0,9,7,15a34,Q001697,0,13.11
Q001698,E012,46,6,29.0,4.3748415780513215,18.56832484923147,21,0.036,0.0781,1,F,Rural,non,1,207.0,14,2,15a34,Q001698,0,12.8
Q001699,E027,2,1,31.2,4.362641722454868,18.55929025389851,34,0.03,0.0399,1,F,Urbain,oui,0,49.0,15,2,15a34,Q001699,0,25.06
Q001700,E073,5,1,24.2,4.351306699108269,18.53142289417757,39,0.283,0.0562,1,H,Urbain,non,2,452.0,9,7,35plus,Q001700,0,17.79
Q001701,E020,91,1,39.8,4.3319096970017945,18.492040769749945,37,0.143,0.0619,1,H,Rural,oui,1,54.0,12,7,35plus,Q001701,0,16.16
Q001702,E014,31,2,42.4,4.283213620583957,18.578723963663915,45,0.164,0.0427,1,H,Rural,non,2,395.0,8,3,35plus,Q001702,0,23.42
Q001703,E052,50,6,33.3,4.392030860601885,18.475400641088303,43,0.321,0.0708,0,F,Urbain,non,1,535.0,17,8,35plus,Q001703,0,14.12
Q001704,E015,84,3,33.7,4.283098556388278,18.520231147059167,46,0.003,0.0698,1,F,Rural,non,0,456.0,12,8,35plus,Q001704,0,14.33
Q001705,E069,73,1,38.4,4.3925692888812815,18.63559121685827,22,0.104,0.0733,1,F,Rural,oui,0,98.0,9,2,15a34,Q001705,0,13.64
Q001706,E065,44,4,6.2,4.344537547699873,18.570817189922398,42,0.314,0.0754,1,F,Urbain,non,3,440.0,8,6,35plus,Q001706,1,13.26
Q001707,E074,91,4,46.1,4.312226340595505,18.56915785167417,38,0.12,0.0274,1,F,Urbain,non,1,202.0,14,3,35plus,Q001707,0,36.5
Q001708,E069,19,5,24.8,4.430284262735871,18.535273446398595,43,0.041,0.0427,1,F,Urbain,non,2,237.0,8,5,35plus,Q001708,0,23.42
Q001709,E019,57,5,40.0,4.287545219436084,18.471931781565814,32,0.245,0.0141,0,H,Rural,oui,0,327.0,13,8,15a34,Q001709,0,70.92
Q001710,E016,13,5,33.2,4.3266931869184315,18.570714162495758,38,0.126,0.0635,0,F,Urbain,non,3,141.0,10,3,35plus,Q001710,0,15.75
Q001711,E026,64,1,26.2,4.331367383025042,18.574945288152616,15,0.07,0.0249,1,F,Rural,non,0,638.0,15,5,15a34,Q001711,0,40.16
Q001712,E036,12,3,49.7,4.36747870725581,18.589708789923428,38,0.028,0.032,1,F,Rural,non,0,616.0,8,8,35plus,Q001712,0,31.25
Q001713,E066,113,4,50.7,4.329366012495416,18.53036931160657,49,0.256,0.0228,1,H,Urbain,non,2,364.0,16,6,35plus,Q001713,0,43.86
Q001714,E056,80,4,32.5,4.433085758098571,18.529566120607896,55,0.051,0.0152,1,F,Rural,oui,1,118.0,8,2,35plus,Q001714,0,65.79
Q001715,E049,30,6,37.1,4.291435243688099,18.578404468686106,29,0.231,0.054,1,H,Rural,oui,3,753.0,12,2,15a34,Q001715,0,18.52
Q001716,E066,74,6,30.7,4.5642708982204185,18.4871075395932,57,0.127,0.0152,1,F,Urbain,non,2,217.0,16,4,35plus,Q001716,0,65.79
Q001717,E049,42,5,31.8,4.307061366131423,18.59065350776429,28,0.347,0.0592,1,F,Rural,oui,0,165.0,9,6,15a34,Q001717,0,16.89
Q001718,E029,63,2,26.1,4.507793483994279,18.541987169281263,41,0.35,0.0328,1,H,Urbain,oui,1,65.0,12,3,35plus,Q001718,0,30.49
Q001719,E031,21,4,25.0,4.414652078643588,18.56465180618699,31,0.058,0.0799,1,H,Urbain,non,3,876.0,8,2,15a34,Q001719,0,12.52
Q001720,E039,61,5,46.9,4.354485489069877,18.665384973626058,50,0.219,0.0411,1,F,Urbain,non,1,237.0,9,1,35plus,Q001720,0,24.33
Q001721,E007,13,2,33.7,4.371331480912345,18.53640430085153,34,0.07,0.0194,1,F,Rural,non,0,105.0,8,3,15a34,Q001721,0,51.55
Q001722,E056,19,5,8.8,4.341061931111712,18.556965551054557,21,0.191,0.0522,1,H,Rural,non,1,74.0,13,1,15a34,Q001722,1,19.16
Q001723,E049,71,2,28.3,4.377352855731815,18.55149812383306,46,0.183,0.0771,1,H,Urbain,non,2,362.0,8,8,35plus,Q001723,0,12.97
Q001724,E055,61,1,35.3,4.32314941121383,18.451057198800612,23,0.172,0.0679,1,F,Urbain,non,0,229.0,12,7,15a34,Q001724,0,14.73
Q001725,E041,36,2,23.5,4.395449552949792,18.580573280032688,35,0.398,0.0171,1,H,Urbain,non,0,131.0,13,4,35plus,Q001725,0,58.48
Q001726,E059,8,6,28.6,4.369099872566871,18.43310868659631,5,0.177,0.0249,1,F,Rural,oui,3,538.0,8,5,moins15,Q001726,0,40.16
Q001727,E072,51,6,25.6,4.310524420851551,18.587873330088982,43,0.078,0.0716,1,H,Rural,oui,1,188.0,12,2,35plus,Q001727,0,13.97
Q001728,E043,112,6,43.1,4.381357346598201,18.51541934754777,2,0.192,0.0734,1,H,Urbain,non,0,238.0,16,4,moins15,Q001728,0,13.62
Q001729,E034,85,2,22.4,4.378271066095849,18.513087752760946,23,0.23,0.0135,1,F,Rural,non,1,238.0,10,1,15a34,Q001729,0,74.07
Q001730,E008,7,5,25.7,4.324143233469977,18.548077758648507,10,0.216,0.0343,1,F,Rural,non,1,101.0,10,7,moins15,Q001730,0,29.15
Q001731,E059,113,2,19.7,4.338614701247089,18.483709418688523,14,0.147,0.0363,0,F,Urbain,non,1,44.0,14,2,moins15,Q001731,0,27.55
Q001732,E068,51,1,27.8,4.385624291899459,18.5443987970576,30,0.192,0.056,1,F,Rural,oui,0,437.0,17,7,15a34,Q001732,1,17.86
Q001733,E053,70,2,30.8,4.414536911168488,18.495206079607417,20,0.372,0.0527,1,H,Rural,oui,3,374.0,9,6,15a34,Q001733,0,18.98
Q001734,E065,1,1,40.8,4.3528873448811005,18.4855333143341,42,0.233,0.0637,1,H,Urbain,non,2,121.0,17,6,35plus,Q001734,0,15.7
Q001735,E065,38,4,32.4,4.4065327616331285,18.53907811055507,27,0.179,0.08,1,H,Rural,non,1,101.0,8,6,15a34,Q001735,0,12.5
Q001736,E060,95,5,31.1,4.418353064077964,18.611175855566287,33,0.188,0.0196,0,H,Rural,oui,2,224.0,10,7,15a34,Q001736,0,51.02
Q001737,E038,40,1,36.1,4.425163260872548,18.58611208901972,18,0.031,0.01,0,F,Rural,oui,1,137.0,15,5,15a34,Q001737,0,100.0
Q001738,E008,20,1,30.9,4.380849200408047,18.52281104482719,42,0.33,0.0353,1,H,Urbain,non,2,274.0,11,4,35plus,Q001738,0,28.33
Q001739,E001,11,3,50.9,4.314912552272286,18.541814119874605,33,0.3,0.0598,1,H,Rural,non,0,133.0,16,5,15a34,Q001739,0,16.72
Q001740,E016,111,1,29.9,4.404564862429826,18.52285048735485,38,0.227,0.0492,1,H,Urbain,oui,2,215.0,14,5,35plus,Q001740,0,20.33
Q001741,E033,98,5,36.9,4.350430007174607,18.49028851916125,42,0.125,0.0132,0,H,Rural,oui,1,221.0,7,4,35plus,Q001741,0,75.76
Q001742,E056,6,3,39.8,4.385325257040789,18.497640100253648,43,0.949,0.0274,1,H,Rural,non,0,390.0,18,2,35plus,Q001742,1,36.5
Q001743,E035,112,3,29.7,4.328549778992669,18.563234427384973,37,0.947,0.0573,1,H,Rural,non,0,220.0,7,3,35plus,Q001743,1,17.45
Q001744,E002,99,1,35.2,4.32999147058936,18.513485023382312,33,0.101,0.0779,1,H,Urbain,oui,1,24.0,17,4,15a34,Q001744,0,12.84
Q001745,E016,44,5,30.5,4.324930350993,18.546968056483102,47,0.295,0.0409,1,H,Rural,non,3,292.0,11,3,35plus,Q001745,0,24.45
Q001746,E074,79,5,35.9,4.293751284998441,18.49896646051085,33,0.261,0.0735,1,F,Urbain,oui,1,1.0,12,3,15a34,Q001746,0,13.61
Q001747,E075,31,5,10.8,4.330662616159537,18.589588504109827,24,0.145,0.0612,1,H,Rural,non,1,82.0,14,5,15a34,Q001747,1,16.34
Q001748,E029,30,4,33.0,4.308351958514331,18.581949942081266,44,0.305,0.049,1,F,Rural,non,2,89.0,11,1,35plus,Q001748,0,20.41
Q001749,E061,86,2,25.9,4.388313306913404,18.627831736328975,46,0.214,0.0532,1,H,Rural,non,0,29.0,11,5,35plus,Q001749,0,18.8
Q001750,E054,25,1,47.0,4.306756074772197,18.61808032745697,30,0.135,0.0427,1,F,Rural,non,1,34.0,11,3,15a34,Q001750,0,23.42
Q001751,E070,43,2,38.1,4.326528448381131,18.503917921428265,40,0.352,0.0757,1,F,Rural,oui,0,65.0,17,4,35plus,Q001751,0,13.21
Q001752,E067,43,4,22.9,4.3601590525461456,18.507002410318616,37,0.435,0.0512,0,H,Rural,oui,1,91.0,17,1,35plus,Q001752,0,19.53
Q001753,E048,19,1,31.1,4.450621280158743,18.56756835856631,32,0.465,0.0753,1,H,Rural,non,2,265.0,15,4,15a34,Q001753,1,13.28
Q001754,E030,100,1,23.0,4.325394758353569,18.505683697308097,8,0.426,0.0356,1,H,Urbain,non,2,358.0,14,4,moins15,Q001754,0,28.09
Q001755,E047,81,2,39.3,4.290888901210351,18.561762076809174,14,0.054,0.053,0,F,Urbain,non,0,133.0,18,5,moins15,Q001755,0,18.87
Q001756,E024,104,1,33.8,4.294407024599258,18.53268918993445,25,0.127,0.0408,1,F,Urbain,oui,2,435.0,15,3,15a34,Q001756,0,24.51
Q001757,E027,63,1,34.0,4.316968032609776,18.595831851184634,31,0.081,0.0186,1,F,Rural,non,4,229.0,18,1,15a34,Q001757,0,53.76
Q001758,E046,22,3,28.1,4.327158414570811,18.597263092281075,15,0.434,0.0359,0,H,Rural,oui,1,99.0,11,2,moins15,Q001758,1,27.86
Q001759,E043,34,5,31.8,4.4752302513914906,18.53468023270926,0,0.148,0.0372,1,F,Rural,non,0,206.0,8,5,moins15,Q001759,0,26.88
Q001760,E044,43,3,12.8,4.408337232464344,18.458527492084507,29,0.275,0.0105,1,H,Urbain,oui,0,138.0,15,7,15a34,Q001760,1,95.24
Q001761,E029,114,1,41.4,4.344249107915008,18.600518430657882,31,0.073,0.0318,1,H,Urbain,non,0,543.0,10,4,15a34,Q001761,0,31.45
Q001762,E031,29,3,39.9,4.452642663175507,18.519445303334606,43,0.252,0.0117,1,F,Urbain,oui,2,98.0,16,7,35plus,Q001762,0,85.47
Q001763,E001,84,1,23.1,4.329370962232278,18.548826118232142,59,0.115,0.0584,1,H,Urbain,non,2,558.0,9,5,35plus,Q001763,0,17.12
Q001764,E046,15,4,32.7,4.339437322361275,18.5431643450561,10,0.213,0.0566,1,H,Rural,oui,1,223.0,12,8,moins15,Q001764,0,17.67
Q001765,E044,115,2,35.8,4.336438140763136,18.569206066656207,35,0.022,0.0356,0,F,Rural,oui,1,556.0,14,2,35plus,Q001765,1,28.09
Q001766,E071,78,3,28.9,4.411342392123503,18.51888061902901,66,0.105,0.0577,0,F,Rural,non,0,141.0,14,4,35plus,Q001766,0,17.33
Q001767,E038,52,6,22.4,4.356501330645229,18.494066778187683,10,0.123,0.0463,1,H,Urbain,non,0,12.0,7,7,moins15,Q001767,1,21.6
Q001768,E036,42,4,25.0,4.43536629570895,18.557577506151397,16,0.076,0.0428,0,F,Rural,oui,0,255.0,16,2,15a34,Q001768,0,23.36
Q001769,E006,43,5,44.5,4.3817001667477165,18.591324797806266,45,0.187,0.04,0,F,Rural,non,2,12.0,9,8,35plus,Q001769,0,25.0
Q001770,E015,28,3,25.7,4.405448779955015,18.543839764104433,33,0.45,0.0757,1,H,Urbain,non,1,572.0,10,5,15a34,Q001770,0,13.21
Q001771,E026,72,6,34.3,4.269193556471892,18.543687131337975,35,0.157,0.0542,1,F,Rural,oui,0,89.0,12,4,35plus,Q001771,0,18.45
Q001772,E029,104,5,32.9,4.275042774747322,18.490673978943416,40,0.542,0.0794,1,H,Urbain,non,3,30.0,7,5,35plus,Q001772,0,12.59
Q001773,E028,29,4,32.9,4.2766882742924155,18.57570325579648,42,0.253,0.0101,1,H,Rural,oui,0,890.0,9,1,35plus,Q001773,0,99.01
Q001774,E030,90,4,31.8,4.338594511359964,18.579318187876975,37,0.155,0.0197,0,H,Urbain,non,2,382.0,15,6,35plus,Q001774,0,50.76
Q001775,E058,68,4,39.5,4.283057619780713,18.544637294566158,39,0.241,0.0713,1,H,Urbain,non,1,567.0,17,5,35plus,Q001775,0,14.03
Q001776,E010,93,1,34.2,4.422015960942754,18.501282252910364,13,0.166,0.0641,1,H,Rural,oui,4,171.0,17,3,moins15,Q001776,0,15.6
Q001777,E025,93,2,29.6,4.350040506578983,18.554091656372506,45,0.115,0.0727,0,F,Urbain,non,1,354.0,7,1,35plus,Q001777,0,13.76
Q001778,E013,5,5,34.4,4.390767079702695,18.558294359345574,54,0.336,0.0448,0,F,Rural,non,1,684.0,8,1,35plus,Q001778,0,22.32
Q001779,E024,3,3,25.1,4.33538642735955,18.547951088143282,47,0.235,0.0518,1,F,Rural,oui,1,123.0,17,4,35plus,Q001779,0,19.31
Q001780,E052,110,5,37.3,4.4012400780527585,18.495843615402165,38,0.233,0.0202,1,H,Rural,non,0,485.0,11,2,35plus,Q001780,0,49.5
Q001781,E004,19,4,29.2,4.261745594258562,18.562683116592027,59,0.156,0.0272,1,F,Rural,non,2,149.0,8,5,35plus,Q001781,0,36.76
Q001782,E026,69,1,29.6,4.3575554735784525,18.558133340242573,33,0.14,0.0336,1,F,Urbain,non,1,179.0,13,5,15a34,Q001782,0,29.76
Q001783,E002,91,4,37.6,4.385035996551196,18.570938047603214,45,0.197,0.0669,1,F,Urbain,non,2,642.0,18,8,35plus,Q001783,0,14.95
Q001784,E072,61,4,31.1,4.389250126549529,18.543186346083203,56,0.118,0.0156,1,H,Rural,non,0,470.0,15,2,35plus,Q001784,0,64.1
Q001785,E055,1,3,31.5,4.344116008773564,18.614177726030817,25,0.158,0.0116,1,F,Rural,oui,0,279.0,10,3,15a34,Q001785,0,86.21
Q001786,E019,2,5,42.2,4.274450083493215,18.549905205608674,50,0.238,0.065,1,F,Urbain,oui,2,20.0,8,4,35plus,Q001786,0,15.38
Q001787,E015,81,3,27.2,4.410564731576676,18.619750633627262,14,0.2,0.0706,1,F,Urbain,non,2,172.0,18,5,moins15,Q001787,0,14.16
Q001788,E008,108,1,37.5,4.340386330541575,18.561143243108393,18,0.219,0.0318,1,F,Rural,non,1,247.0,17,1,15a34,Q001788,0,31.45
Q001789,E036,42,1,40.6,4.344730774494504,18.492084382395497,15,0.148,0.0144,1,F,Urbain,non,2,199.0,15,8,15a34,Q001789,1,69.44
Q001790,E057,66,6,42.2,4.470960456263981,18.591790668836822,0,0.119,0.0788,0,H,Rural,oui,3,718.0,7,4,moins15,Q001790,0,12.69
Q001791,E044,113,3,49.2,4.364830042883939,18.531790173769824,20,0.389,0.0112,1,F,Urbain,non,1,205.0,13,8,15a34,Q001791,0,89.29
Q001792,E067,100,3,29.5,4.33405440022952,18.5277948152779,32,0.112,0.0282,1,H,Urbain,oui,1,31.0,16,1,15a34,Q001792,0,35.46
Q001793,E026,65,2,27.9,4.331059161940268,18.601904782504004,26,0.384,0.0322,1,F,Urbain,non,1,1596.0,9,8,15a34,Q001793,0,31.06
Q001794,E021,79,5,39.7,4.392258545118006,18.487529573235065,11,0.24,0.0726,0,H,Rural,oui,1,80.0,15,4,moins15,Q001794,0,13.77
Q001795,E036,116,4,40.6,4.318956299271558,18.462410475598617,0,0.264,0.0181,1,F,Rural,non,0,1171.0,8,8,moins15,Q001795,0,55.25
Q001796,E016,96,6,28.5,4.38558527093868,18.53904406082917,19,0.066,0.0218,1,H,Urbain,non,1,362.0,11,1,15a34,Q001796,0,45.87
Q001797,E074,50,6,37.4,4.415067140737359,18.565072595512333,18,0.261,0.0491,1,F,Rural,non,0,89.0,9,1,15a34,Q001797,0,20.37
Q001798,E014,84,6,53.1,4.3555852197078435,18.593377800213652,59,0.02,0.0433,1,H,Rural,non,1,162.0,10,1,35plus,Q001798,0,23.09
Q001799,E036,40,2,34.7,4.409391368989028,18.55724227916303,30,0.122,0.029,1,H,Urbain,oui,0,95.0,15,7,15a34,Q001799,1,34.48
Q001800,E040,111,4,40.5,4.356557848426856,18.437466150506104,57,0.331,0.0402,1,F,Rural,oui,2,135.0,15,3,35plus,Q001800,0,24.88
Q001801,E005,12,3,45.0,4.325627257456666,18.50145048494259,20,0.126,0.0558,1,H,Rural,non,0,19.0,7,6,15a34,Q001801,0,17.92
Q001802,E036,28,5,51.5,4.27677115429726,18.48701636047608,46,0.16,0.0101,1,H,Rural,non,2,12.0,14,6,35plus,Q001802,0,99.01
Q001803,E035,42,5,35.7,4.37375551775058,18.455740304426296,34,0.157,0.06,1,F,Urbain,non,2,290.0,11,4,15a34,Q001803,0,16.67
Q001804,E020,25,2,42.8,4.3748042295986105,18.541492179712048,18,0.364,0.0135,1,H,Rural,non,1,17.0,12,3,15a34,Q001804,0,74.07
Q001805,E010,72,6,28.5,4.409065856009094,18.57554545169523,34,0.128,0.0174,1,F,Rural,non,1,617.0,14,5,15a34,Q001805,0,57.47
Q001806,E004,86,2,34.2,4.404247858110218,18.59856058872473,27,0.297,0.022,1,F,Urbain,non,1,144.0,9,2,15a34,Q001806,0,45.45
Q001807,E001,107,6,30.9,4.4633682727771475,18.574820672086332,26,0.238,0.0164,1,H,Urbain,non,0,373.0,12,7,15a34,Q001807,0,60.98
Q001808,E037,61,6,20.8,4.330948446781872,18.522096156698844,5,0.107,0.0218,1,H,Urbain,oui,0,101.0,11,5,moins15,Q001808,1,45.87
Q001809,E007,75,1,22.8,4.37779539876551,18.60411800593514,60,0.042,0.0691,1,F,Rural,oui,1,28.0,9,8,35plus,Q001809,0,14.47
Q001810,E072,72,3,37.0,4.325619448268892,18.539481063202803,39,0.045,0.0344,1,F,Rural,non,1,375.0,12,6,35plus,Q001810,0,29.07
Q001811,E019,1,3,37.1,4.406503237960928,18.553023052122168,15,0.263,0.0503,1,H,Urbain,oui,2,368.0,8,2,moins15,Q001811,1,19.88
Q001812,E049,86,5,26.7,4.313654675569104,18.516886674802354,36,0.335,0.067,1,H,Urbain,non,1,51.0,8,4,35plus,Q001812,0,14.93
Q001813,E051,3,5,44.9,4.4056853883953035,18.537747953274398,25,0.178,0.0398,1,H,Rural,non,3,1590.0,12,4,15a34,Q001813,0,25.13
Q001814,E038,66,1,26.2,4.323173109956869,18.528940749078465,52,0.34,0.0397,1,F,Rural,non,1,243.0,16,5,35plus,Q001814,0,25.19
Q001815,E067,120,6,35.8,4.398325608293405,18.4809245003158,26,0.094,0.0555,1,H,Urbain,oui,3,3.0,18,6,15a34,Q001815,0,18.02
Q001816,E009,95,2,31.1,4.420323270123412,18.581851664407548,30,0.205,0.0646,1,F,Urbain,non,1,70.0,17,1,15a34,Q001816,0,15.48
Q001817,E018,61,3,34.7,4.282295103547905,18.5583839310726,21,0.115,0.0661,0,H,Rural,oui,4,453.0,10,4,15a34,Q001817,0,15.13
Q001818,E019,39,2,40.3,4.292640324501444,18.58974448382609,38,0.283,0.0733,1,F,Rural,oui,0,166.0,10,3,35plus,Q001818,0,13.64
Q001819,E011,101,1,39.3,4.371745405274821,18.514801479681363,30,0.607,0.0266,1,H,Urbain,oui,1,1.0,9,1,15a34,Q001819,1,37.59
Q001820,E023,104,4,39.0,4.366422752561102,18.585273560228334,49,0.239,0.0451,1,F,Rural,non,3,168.0,16,8,35plus,Q001820,0,22.17
Q001821,E024,45,1,38.1,4.345391778970923,18.471561220205235,35,0.397,0.0561,1,H,Urbain,non,1,51.0,12,3,35plus,Q001821,0,17.83
Q001822,E058,13,1,25.1,4.336186956314991,18.577071889569897,67,0.093,0.0748,0,H,Urbain,non,0,234.0,15,1,35plus,Q001822,0,13.37
Q001823,E023,70,5,41.9,4.3612,18.5551,28,0.022,0.014,1,F,Rural,oui,1,348.0,9,5,15a34,Q001823,1,71.43
Q001824,E066,77,3,26.6,4.376553403338237,18.498075242473636,19,0.159,0.0388,1,H,Urbain,oui,1,283.0,16,7,15a34,Q001824,0,25.77
Q001825,E058,113,4,33.3,4.311778857899619,18.60583745846414,20,0.288,0.0108,1,F,Urbain,non,1,89.0,16,7,15a34,Q001825,0,92.59
Q001826,E068,107,6,31.5,4.378304983538276,18.627924227471137,20,0.274,0.0183,0,H,Urbain,oui,1,509.0,8,5,15a34,Q001826,0,54.64
Q001827,E008,28,1,12.1,4.331281011730315,18.521258231779015,18,0.123,0.0672,0,H,Rural,non,1,185.0,9,4,15a34,Q001827,1,14.88
Q001828,E074,31,5,30.6,4.33886569462396,18.622469918611007,53,0.408,0.0368,0,F,Rural,oui,3,136.0,13,6,35plus,Q001828,0,27.17
Q001829,E047,120,1,32.9,4.420788934536799,18.46491467131087,27,0.142,0.0303,0,H,Urbain,oui,3,195.0,15,5,15a34,Q001829,0,33.0
Q001830,E074,40,5,45.3,4.407724172433394,18.543186669644314,35,0.146,0.0433,1,F,Rural,oui,2,521.0,17,7,35plus,Q001830,0,23.09
Q001831,E027,56,2,24.9,4.310155031035521,18.41929383072343,11,0.226,0.058,1,F,Rural,non,2,241.0,7,7,moins15,Q001831,0,17.24
Q001832,E072,37,1,34.0,4.316353986468476,18.59648235094266,31,0.242,0.0531,1,H,Rural,oui,0,20.0,16,7,15a34,Q001832,0,18.83
Q001833,E045,48,2,26.2,4.398891638683864,18.473482559470124,0,0.183,0.0218,0,F,Urbain,non,0,200.0,12,7,moins15,Q001833,0,45.87
Q001834,E006,68,3,38.7,4.288307182757044,18.45243927413259,36,0.117,0.0104,1,H,Rural,non,1,120.0,13,5,35plus,Q001834,0,96.15
Q001835,E031,36,5,28.9,4.4326998757266685,18.56311655300787,23,0.105,0.0571,1,H,Rural,oui,1,341.0,14,2,15a34,Q001835,0,17.51
Q001836,E011,50,5,34.3,4.366757646082482,18.601814066083634,55,0.357,0.0422,0,F,Rural,non,2,190.0,16,4,35plus,Q001836,1,23.7
Q001837,E071,43,5,7.1,4.331089229972738,18.529775566626537,43,0.038,0.0168,1,F,Rural,non,0,176.0,9,6,35plus,Q001837,1,59.52
Q001838,E023,13,1,43.0,4.360524769563581,18.556815303078768,43,0.111,0.0127,1,F,Urbain,non,1,562.0,14,1,35plus,Q001838,0,78.74
Q001839,E017,95,6,34.5,4.428054223598168,18.638095135748276,17,0.5,0.0481,1,H,Rural,non,1,753.0,14,6,15a34,Q001839,0,20.79
Q001840,E042,107,3,35.0,4.253443763949608,18.50246589399888,36,0.102,0.048,0,H,Rural,non,1,127.0,16,3,35plus,Q001840,0,20.83
Q001841,E032,60,1,39.8,4.4113152445452215,18.50092832643322,60,0.216,0.0335,1,F,Rural,non,0,38.0,16,2,35plus,Q001841,0,29.85
Q001842,E008,25,6,25.2,4.419727363274864,18.6042811182596,19,0.646,0.0664,1,F,Urbain,oui,1,43.0,16,5,15a34,Q001842,0,15.06
Q001843,E062,78,5,29.7,4.3439549068017485,18.561216488891056,18,0.191,0.025,1,F,Urbain,non,1,153.0,16,2,15a34,Q001843,0,40.0
Q001844,E064,65,1,35.2,4.356420854554909,18.62124196572855,31,0.261,0.0115,1,F,Rural,non,3,280.0,10,3,15a34,Q001844,0,86.96
Q001845,E056,67,3,21.7,4.366822394049686,18.485213047344555,34,0.193,0.0176,1,H,Rural,non,0,149.0,12,4,15a34,Q001845,0,56.82
Q001846,E047,72,6,22.4,4.396676578259664,18.460555794569885,41,0.308,0.0134,0,H,Urbain,oui,1,323.0,9,3,35plus,Q001846,0,74.63
Q001847,E031,87,5,28.3,4.32351343450432,18.478294719849345,39,0.203,0.0209,1,H,Rural,oui,0,19.0,13,7,35plus,Q001847,0,47.85
Q001848,E041,5,2,26.0,4.35927438899165,18.585335830032868,34,0.08,0.0677,1,H,Rural,oui,1,84.0,7,5,15a34,Q001848,0,14.77
Q001849,E040,12,5,31.6,4.355005814509423,18.610027997628684,20,0.307,0.0352,1,H,Rural,non,2,509.0,16,2,15a34,Q001849,0,28.41
Q001850,E013,12,2,37.7,4.393942272307273,18.603534390233808,60,0.058,0.0244,0,F,Urbain,oui,1,203.0,11,7,35plus,Q001850,1,40.98
Q001851,E007,19,3,39.2,4.493771057839826,18.577770146802628,53,0.113,0.0772,0,F,Rural,non,1,231.0,10,3,35plus,Q001851,0,12.95
Q001852,E019,117,2,46.7,4.323306267562713,18.61264079377481,38,0.055,0.0465,1,F,Urbain,non,0,97.0,7,8,35plus,Q001852,0,21.51
Q001853,E035,88,5,33.8,4.363941798601939,18.51963032592609,50,0.113,0.0618,1,F,Rural,oui,1,367.0,15,5,35plus,Q001853,1,16.18
Q001854,E013,80,6,35.1,4.321959754281594,18.45070808734264,30,0.329,0.0375,1,H,Rural,oui,0,278.0,11,3,15a34,Q001854,0,26.67
Q001855,E009,84,1,33.8,4.335558277720752,18.469155855354764,13,0.271,0.0223,1,H,Rural,non,0,15.0,12,7,moins15,Q001855,0,44.84
Q001856,E064,5,4,36.2,4.306202132473654,18.47733908449003,44,0.111,0.0562,1,H,Urbain,oui,1,213.0,15,5,35plus,Q001856,0,17.79
Q001857,E029,26,2,36.8,4.283475963754854,18.453243417984723,12,0.057,0.0664,1,H,Urbain,non,0,136.0,14,3,moins15,Q001857,0,15.06
Q001858,E044,96,5,40.5,4.419142671327765,18.481974155239474,62,0.975,0.0262,1,F,Rural,oui,1,172.0,12,7,35plus,Q001858,1,38.17
Q001859,E040,56,1,40.4,4.37780387017157,18.503726144276623,14,0.261,0.0531,1,F,Rural,non,1,788.0,13,5,moins15,Q001859,0,18.83
Q001860,E056,62,3,37.6,4.364643826617117,18.58033891194295,52,0.255,0.0445,1,H,Rural,non,0,660.0,14,4,35plus,Q001860,0,22.47
Q001861,E056,91,2,44.6,4.316302288954215,18.564714831764274,59,0.917,0.0536,1,F,Rural,non,3,476.0,12,3,35plus,Q001861,1,18.66
Q001862,E023,10,6,34.2,4.356251754613522,18.62542390456952,11,0.07,0.0105,1,H,Urbain,oui,1,123.0,15,3,moins15,Q001862,0,95.24
Q001863,E064,96,1,29.7,4.302182134604957,18.48801922257255,10,0.133,0.0441,0,F,Rural,oui,0,395.0,16,3,moins15,Q001863,0,22.68
Q001864,E028,82,4,30.9,4.358637107743988,18.568656409211457,39,0.045,0.0456,1,H,Urbain,oui,1,400.0,11,2,35plus,Q001864,0,21.93
Q001865,E063,49,1,33.3,4.376686545227131,18.615803434097664,55,0.046,0.0368,0,H,Rural,non,0,96.0,15,6,35plus,Q001865,1,27.17
Q001866,E031,60,4,26.4,4.332874982382426,18.524455362685703,42,0.059,0.0104,1,H,Urbain,oui,0,151.0,16,5,35plus,Q001866,0,96.15
Q001867,E009,9,5,29.7,4.322159583565692,18.527739214438522,19,0.133,0.0412,1,F,Urbain,non,1,2.0,8,8,15a34,Q001867,0,24.27
Q001868,E058,25,5,26.0,4.335384875845445,18.619086815594496,55,0.122,0.0204,1,F,Rural,oui,3,180.0,9,4,35plus,Q001868,0,49.02
Q001869,E003,30,1,36.4,4.400740937848278,18.53220556484949,65,0.262,0.054,1,H,Rural,oui,3,305.0,14,8,35plus,Q001869,0,18.52
Q001870,E058,106,5,36.5,4.370081223759929,18.621661472666162,17,0.132,0.0327,1,F,Rural,non,1,104.0,12,2,15a34,Q001870,0,30.58
Q001871,E004,14,2,21.6,4.279654232551665,18.47592583599249,35,0.259,0.0324,1,F,Urbain,oui,1,346.0,17,8,35plus,Q001871,1,30.86
Q001872,E016,35,5,29.4,4.396173071759422,18.63095753201304,41,0.21,0.0676,0,H,Rural,oui,3,179.0,10,5,35plus,Q001872,0,14.79
Q001873,E046,16,6,46.8,4.3871627743402835,18.612870970368043,27,0.066,0.0404,1,H,Rural,non,0,1018.0,16,1,15a34,Q001873,0,24.75
Q001874,E071,35,1,38.4,4.369354844837139,18.502180511102125,18,0.479,0.0219,1,H,Urbain,non,1,55.0,8,5,15a34,Q001874,0,45.66
Q001875,E031,2,3,37.2,4.442280775432236,18.5345887995828,16,0.221,0.0191,1,H,Rural,non,1,322.0,16,8,15a34,Q001875,0,52.36
Q001876,E010,33,6,29.4,4.361191645310397,18.487946583379774,5,0.42,0.0569,0,H,Rural,non,0,38.0,9,5,moins15,Q001876,0,17.57
Q001877,E018,87,1,36.0,4.381537137846047,18.525321250195738,45,0.273,0.0427,1,F,Rural,non,2,214.0,8,6,35plus,Q001877,0,23.42
Q001878,E068,93,2,33.9,4.383470787745993,18.47180818891499,24,0.202,0.076,1,F,Rural,non,1,10.0,12,4,15a34,Q001878,0,13.16
Q001879,E055,46,4,28.4,4.403870768884452,18.460993788581654,55,0.375,0.0523,1,H,Urbain,non,2,8.0,10,8,35plus,Q001879,1,19.12
Q001880,E008,85,6,30.5,4.348856746951594,18.487304969223533,40,0.281,0.0572,1,H,Urbain,non,1,306.0,10,3,35plus,Q001880,0,17.48
Q001881,E029,75,2,30.7,4.327757955303405,18.601841937940648,30,0.067,0.0619,1,F,Rural,oui,2,127.0,10,4,15a34,Q001881,0,16.16
Q001882,E020,109,3,23.6,4.408653559538397,18.456993310469407,53,0.188,0.0395,1,H,Urbain,non,0,94.0,10,4,35plus,Q001882,0,25.32
Q001883,E014,97,5,24.7,4.406067006989617,18.61863840222585,30,0.078,0.0278,1,F,Rural,non,6,48.0,16,8,15a34,Q001883,0,35.97
Q001884,E064,28,1,32.6,4.423741716324907,18.595727189846365,23,0.126,0.0527,1,F,Rural,non,2,557.0,14,3,15a34,Q001884,0,18.98
Q001885,E047,71,2,28.1,4.3807784384307835,18.61587045128301,43,0.285,0.0703,1,F,Rural,non,0,26.0,10,6,35plus,Q001885,0,14.22
Q001886,E014,95,2,31.9,4.277562199076764,18.567236065566682,23,0.221,0.0771,0,H,Rural,non,2,68.0,13,4,15a34,Q001886,0,12.97
Q001887,E049,37,3,22.8,4.36820408031713,18.632457278877336,34,0.193,0.0159,1,F,Urbain,oui,2,1332.0,10,7,15a34,Q001887,0,62.89
Q001888,E032,69,4,39.6,4.361684545503434,18.47828533338361,37,0.208,0.0276,1,F,Rural,non,1,140.0,14,3,35plus,Q001888,0,36.23
Q001889,E005,49,2,48.6,4.421472500528469,18.618417089550828,32,0.14,0.0736,1,F,Rural,non,0,162.0,11,5,15a34,Q001889,0,13.59
Q001890,E034,38,3,41.2,4.412921614174646,18.702072145323857,37,0.163,0.0656,1,F,Rural,non,0,115.0,18,5,35plus,Q001890,0,15.24
Q001891,E014,24,6,41.9,4.3906404505634,18.536824387372214,37,0.248,0.0474,1,F,Urbain,non,0,729.0,16,4,35plus,Q001891,0,21.1
Q001892,E019,5,5,38.4,4.256350240849633,18.547232336689323,34,0.082,0.0463,1,H,Urbain,oui,1,297.0,16,4,15a34,Q001892,0,21.6
Q001893,E066,90,6,35.9,4.318759131605792,18.503929292609673,23,0.027,0.0542,1,H,Urbain,non,0,262.0,15,7,15a34,Q001893,0,18.45
Q001894,E054,99,5,34.6,4.341785841015809,18.553319204227375,16,0.416,0.0142,1,H,Urbain,non,1,2149.0,14,2,15a34,Q001894,0,70.42
Q001895,E011,79,4,27.6,4.342931565663042,18.559307243469863,20,0.366,0.0454,0,F,Urbain,non,2,184.0,12,6,15a34,Q001895,0,22.03
Q001896,E064,29,2,38.8,4.368343733307007,18.43184971244249,21,0.288,0.0486,1,F,Rural,oui,1,132.0,12,3,15a34,Q001896,0,20.58
Q001897,E044,3,1,38.4,4.434010248271825,18.580601574511476,41,0.244,0.0352,1,H,Urbain,non,1,1545.0,12,6,35plus,Q001897,0,28.41
Q001898,E066,76,4,30.8,4.398962859801433,18.605479958784404,57,0.54,0.0501,1,H,Urbain,non,1,182.0,18,1,35plus,Q001898,0,19.96
Q001899,E057,24,3,37.7,4.314050031572182,18.505941588389526,31,0.234,0.0167,1,F,Rural,oui,2,259.0,18,2,15a34,Q001899,0,59.88
Q001900,E026,66,5,29.1,4.318566533828216,18.528779257814538,49,0.078,0.0158,1,H,Rural,non,1,603.0,13,6,35plus,Q001900,0,63.29
Q001901,E041,117,1,29.6,4.314050342462105,18.592410189843733,20,0.11,0.042,1,F,Rural,non,0,13.0,18,2,15a34,Q001901,0,23.81
Q001902,E040,1,6,39.4,4.354157939761362,18.50353988448332,29,0.181,0.0635,1,F,Rural,oui,3,501.0,16,5,15a34,Q001902,0,15.75
Q001903,E054,70,2,37.0,4.400277477754855,18.587163266304042,28,0.262,0.0399,0,F,Rural,non,1,87.0,12,1,15a34,Q001903,0,25.06
Q001904,E019,120,3,32.4,4.408200906079815,18.564303515786598,40,0.238,0.0269,0,F,Rural,non,1,313.0,12,8,35plus,Q001904,0,37.17
Q001905,E025,41,3,31.6,4.341189220056114,18.666744461467868,22,0.444,0.054,1,F,Rural,oui,1,197.0,13,5,15a34,Q001905,0,18.52
Q001906,E019,98,6,35.2,4.358492954272193,18.54359060251188,42,0.01,0.064,1,F,Rural,non,2,506.0,14,4,35plus,Q001906,0,15.62
Q001907,E023,100,5,21.2,4.443709038420577,18.523309513261875,36,0.169,0.0381,1,H,Urbain,oui,0,683.0,9,4,35plus,Q001907,0,26.25
Q001908,E013,59,1,28.7,4.285757223282987,18.562356607143013,33,0.042,0.0328,1,F,Rural,non,0,14.0,13,3,15a34,Q001908,0,30.49
Q001909,E003,37,6,25.1,4.3918981307445435,18.555783410618893,20,0.085,0.026,0,F,Rural,oui,1,23.0,17,3,15a34,Q001909,1,38.46
Q001910,E071,82,5,34.1,4.386497532660859,18.63159744765322,6,0.096,0.045,0,H,Urbain,oui,0,279.0,15,3,moins15,Q001910,0,22.22
Q001911,E006,75,1,41.6,4.34516774704611,18.628973082269237,24,0.286,0.0716,1,H,Rural,non,0,1132.0,12,1,15a34,Q001911,0,13.97
Q001912,E067,58,5,37.3,4.359077615345717,18.51352158438536,42,0.243,0.0129,1,F,Urbain,non,0,671.0,18,3,35plus,Q001912,0,77.52
Q001913,E001,24,1,30.4,4.381010992928626,18.540389042134326,4,0.19,0.0107,1,F,Urbain,non,3,67.0,9,2,moins15,Q001913,0,93.46
Q001914,E059,90,3,29.1,4.345272302131092,18.51526929056594,7,0.276,0.0119,0,F,Rural,oui,1,193.0,11,1,moins15,Q001914,0,84.03
Q001915,E025,26,1,28.7,4.328119720050724,18.506412884392773,26,0.165,0.0756,1,H,Rural,non,1,94.0,17,8,15a34,Q001915,0,13.23
Q001916,E039,17,1,48.0,4.32435419610023,18.386962858067307,18,0.149,0.0291,1,H,Rural,oui,2,576.0,13,1,15a34,Q001916,0,34.36
Q001917,E022,9,4,34.5,4.4531083793111526,18.6344417007087,79,0.168,0.0182,1,H,Rural,non,2,19.0,15,6,35plus,Q001917,0,54.95
Q001918,E037,54,5,35.4,4.337985313043023,18.516483474284517,35,0.113,0.0303,0,H,Urbain,non,0,9.0,9,1,15a34,Q001918,1,33.0
Q001919,E034,15,3,19.2,4.370067564228588,18.527694582534185,25,0.192,0.0101,0,H,Urbain,non,1,58.0,18,1,15a34,Q001919,0,99.01
Q001920,E040,41,3,25.7,4.399262623230477,18.688507758571248,48,0.901,0.024,1,H,Urbain,oui,1,262.0,8,4,35plus,Q001920,1,41.67
Q001921,E030,30,4,33.7,4.349425186617915,18.517990272590026,30,0.127,0.0319,1,H,Urbain,non,0,430.0,12,2,15a34,Q001921,0,31.35
Q001922,E041,56,1,30.5,4.361789491393381,18.540846264159857,29,0.124,0.0154,1,F,Rural,non,1,57.0,13,7,15a34,Q001922,0,64.94
Q001923,E062,94,1,34.9,4.385137252634887,18.563357487679284,58,0.176,0.0433,0,H,Rural,non,2,76.0,15,1,35plus,Q001923,0,23.09
Q001924,E033,55,1,34.8,4.317603401751547,18.566904411400124,0,0.123,0.0154,1,F,Rural,oui,1,77.0,13,2,moins15,Q001924,0,64.94
Q001925,E028,67,1,38.2,4.283177349211924,18.519066341464743,16,0.105,0.0533,0,H,Rural,oui,1,57.0,12,4,15a34,Q001925,0,18.76
Q001926,E010,18,5,20.9,4.323469789932345,18.60616420902178,39,0.416,0.0311,1,H,Rural,non,2,105.0,10,3,35plus,Q001926,0,32.15
Q001927,E027,14,4,26.3,4.446423384543573,18.5580294900599,16,0.116,0.0641,0,H,Rural,non,1,460.0,10,7,15a34,Q001927,0,15.6
Q001928,E010,118,2,33.3,4.3312420617629295,18.555616587353775,16,0.189,0.0109,1,H,Urbain,non,1,886.0,16,7,15a34,Q001928,0,91.74
Q001929,E014,75,4,29.5,4.366532450737284,18.51631289821359,43,0.257,0.0294,1,F,Rural,non,0,2.0,13,3,35plus,Q001929,0,34.01
Q001930,E072,2,3,31.8,4.293709443238654,18.543470719137137,20,0.124,0.0379,1,F,Urbain,oui,0,53.0,18,6,15a34,Q001930,1,26.39
Q001931,E007,68,1,34.8,4.4271072083421945,18.598735543249944,36,0.177,0.03,1,F,Rural,non,2,776.0,12,1,35plus,Q001931,0,33.33
Q001932,E037,2,6,28.8,4.344945733164375,18.598900249643957,27,0.302,0.0407,1,F,Rural,non,4,416.0,7,5,15a34,Q001932,0,24.57
Q001933,E063,10,6,35.3,4.337252802194261,18.52854475942552,36,0.18,0.0221,1,H,Rural,non,1,103.0,9,4,35plus,Q001933,0,45.25
Q001934,E072,45,5,10.4,4.353328382223212,18.511299626187782,29,0.252,0.0196,1,F,Rural,non,1,183.0,12,8,15a34,Q001934,1,51.02
Q001935,E012,79,5,34.5,4.485651873387904,18.59392627397964,45,0.271,0.0763,1,H,Rural,non,5,121.0,12,1,35plus,Q001935,1,13.11
Q001936,E013,75,4,39.0,4.382076392670316,18.56506584198873,45,0.367,0.0253,0,H,Rural,oui,0,865.0,8,2,35plus,Q001936,0,39.53
Q001937,E028,95,5,18.8,4.352160309659627,18.593842068413064,20,0.136,0.0667,1,H,Rural,non,2,250.0,13,4,15a34,Q001937,0,14.99
Q001938,E042,22,4,29.9,4.215859143078833,18.501554366357947,6,0.083,0.0284,1,H,Rural,oui,1,42.0,14,3,moins15,Q001938,0,35.21
Q001939,E072,24,1,40.2,4.427649759808989,18.548926896055836,29,0.237,0.0186,1,F,Rural,oui,0,97.0,16,3,15a34,Q001939,0,53.76
Q001940,E016,64,2,27.9,4.32525549116147,18.593966394130742,20,0.393,0.0683,1,F,Urbain,oui,0,319.0,14,2,15a34,Q001940,1,14.64
Q001941,E013,105,6,27.0,4.317367438732638,18.51439413789486,20,0.185,0.0535,1,H,Urbain,non,1,2037.0,18,8,15a34,Q001941,0,18.69
Q001942,E019,87,3,33.1,4.32183761666693,18.644363342413914,5,0.091,0.0306,1,H,Rural,non,2,676.0,10,5,moins15,Q001942,0,32.68
Q001943,E066,81,5,33.9,4.433251186367825,18.63151142806394,24,0.284,0.0267,1,F,Urbain,non,1,134.0,9,8,15a34,Q001943,0,37.45
Q001944,E003,12,1,30.3,4.3578918388018275,18.539807519692445,31,0.06,0.0449,1,H,Rural,oui,0,333.0,7,3,15a34,Q001944,0,22.27
Q001945,E029,106,3,46.9,4.283896910797233,18.54016400635558,22,0.184,0.0472,1,F,Rural,oui,1,260.0,9,2,15a34,Q001945,0,21.19
Q001946,E009,119,1,36.0,4.349793271720535,18.56605864908425,30,0.19,0.0585,0,H,Urbain,oui,1,1568.0,8,7,15a34,Q001946,0,17.09
Q001947,E012,70,2,27.7,4.3612,18.5551,40,0.372,0.0535,1,H,Rural,oui,0,1353.0,7,4,35plus,Q001947,1,18.69
Q001948,E069,41,1,23.9,4.3779770556298905,18.610730242336878,52,0.033,0.0243,1,H,Rural,oui,2,3.0,18,3,35plus,Q001948,0,41.15
Q001949,E001,80,2,36.8,4.340679100018957,18.505958451126375,55,0.283,0.0569,1,F,Urbain,non,0,870.0,13,3,35plus,Q001949,1,17.57
Q001950,E025,78,4,27.5,4.281535208790368,18.506489084220817,21,0.287,0.0493,1,H,Rural,non,1,578.0,15,2,15a34,Q001950,0,20.28
Q001951,E069,112,1,6.4,4.355875559049236,18.56354933805229,19,0.251,0.0523,0,H,Rural,non,0,272.0,10,1,15a34,Q001951,1,19.12
Q001952,E046,14,2,37.0,4.357160226606089,18.57474706663259,10,0.125,0.0406,1,F,Urbain,oui,1,306.0,9,6,moins15,Q001952,0,24.63
Q001953,E006,62,5,37.9,4.297325372405324,18.54820566735583,43,0.175,0.0334,1,H,Rural,oui,2,149.0,16,3,35plus,Q001953,0,29.94
Q001954,E035,86,1,35.7,4.261996405776727,18.59477541328307,33,0.483,0.0364,1,H,Urbain,oui,0,267.0,18,1,15a34,Q001954,0,27.47
Q001955,E073,42,4,41.9,4.3741307173202735,18.61836783899672,52,0.444,0.048,1,H,Urbain,oui,0,567.0,8,6,35plus,Q001955,0,20.83
Q001956,E031,101,6,17.2,4.345967857471256,18.587357143604276,33,0.322,0.0521,1,F,Urbain,non,2,326.0,8,5,15a34,Q001956,0,19.19
Q001957,E040,8,5,25.6,4.349240958320233,18.568561142162956,22,0.299,0.0741,1,H,Rural,non,2,50.0,7,5,15a34,Q001957,0,13.5
Q001958,E040,13,1,41.2,4.397291607764875,18.539172287727265,30,0.217,0.027,1,H,Urbain,oui,1,248.0,9,4,15a34,Q001958,1,37.04
Q001959,E050,95,1,44.5,4.263065913220434,18.553750972921495,27,0.144,0.0721,1,H,Rural,oui,1,271.0,17,2,15a34,Q001959,0,13.87
Q001960,E015,16,5,25.4,4.363015134602323,18.481686884524574,20,0.146,0.022,1,H,Rural,non,0,138.0,17,6,15a34,Q001960,0,45.45
Q001961,E063,51,3,21.3,4.393128900258497,18.490521903919383,32,0.248,0.0637,1,F,Urbain,oui,1,137.0,16,7,15a34,Q001961,0,15.7
Q001962,E075,34,3,35.2,4.350867615570622,18.612935888490775,17,0.133,0.0337,1,H,Rural,non,3,389.0,12,7,15a34,Q001962,0,29.67
Q001963,E011,83,3,37.4,4.289192463005637,18.637680709021353,51,0.224,0.0763,0,H,Rural,non,3,5.0,9,7,35plus,Q001963,0,13.11
Q001964,E062,2,4,35.0,4.326958491548087,18.481689209001985,5,0.228,0.0172,1,F,Rural,oui,1,168.0,14,2,moins15,Q001964,1,58.14
Q001965,E062,43,3,33.6,4.337426771744499,18.577325492878572,49,0.269,0.0415,1,H,Rural,non,0,70.0,17,5,35plus,Q001965,0,24.1
Q001966,E056,119,1,21.0,4.281051070652333,18.473771271111282,23,0.227,0.0512,1,H,Rural,oui,2,214.0,9,4,15a34,Q001966,0,19.53
Q001967,E028,45,1,31.4,4.3785687125210195,18.632398494038537,0,0.084,0.0431,1,F,Urbain,oui,0,122.0,13,3,moins15,Q001967,1,23.2
Q001968,E036,72,1,32.4,4.360160161359151,18.549165992528703,4,0.929,0.0391,1,H,Rural,non,0,171.0,15,2,moins15,Q001968,1,25.58
Q001969,E063,119,2,30.2,4.327853475944106,18.675963826030177,30,0.248,0.0356,1,H,Rural,non,2,69.0,13,2,15a34,Q001969,0,28.09
Q001970,E012,73,5,20.6,4.4092761959636535,18.518168758110985,24,0.112,0.0786,1,F,Rural,non,1,477.0,16,7,15a34,Q001970,0,12.72
Q001971,E063,91,6,38.1,4.333900794791567,18.524512987992193,37,0.18,0.0196,1,H,Urbain,oui,2,358.0,17,3,35plus,Q001971,0,51.02
Q001972,E070,116,3,40.1,4.3612,18.5551,24,0.225,0.0395,1,F,Urbain,oui,0,194.0,10,4,15a34,Q001972,1,25.32
Q001973,E052,75,1,28.4,4.3465535778435695,18.595185290917772,39,0.049,0.062,1,F,Rural,oui,0,176.0,11,6,35plus,Q001973,0,16.13
Q001974,E026,100,1,32.7,4.312272924198463,18.59056184835374,31,0.109,0.0658,1,H,Urbain,oui,3,447.0,14,4,15a34,Q001974,0,15.2
Q001975,E042,61,5,30.5,4.313782329122128,18.598699935847034,40,0.41,0.0626,0,F,Urbain,non,1,542.0,13,8,35plus,Q001975,0,15.97
Q001976,E004,98,3,30.6,4.364554045151877,18.538699378748216,45,0.178,0.0797,1,F,Rural,non,0,190.0,7,2,35plus,Q001976,1,12.55
Q001977,E070,78,6,37.5,4.306475734528121,18.599275928921866,38,0.05,0.0512,0,H,Urbain,non,0,56.0,17,3,35plus,Q001977,0,19.53
Q001978,E026,41,4,37.6,4.3672200486250805,18.66117741810772,26,0.319,0.0423,0,H,Rural,oui,2,97.0,13,6,15a34,Q001978,0,23.64
Q001979,E005,67,6,41.5,4.3399740274699505,18.590060720115805,52,0.177,0.0154,0,F,Rural,non,1,181.0,15,4,35plus,Q001979,0,64.94
Q001980,E060,41,1,41.4,4.338827452550601,18.509100429492687,29,0.442,0.016,1,F,Rural,non,3,605.0,18,5,15a34,Q001980,0,62.5
Q001981,E050,48,6,8.6,4.357918477368467,18.571347833756764,20,0.167,0.0168,0,H,Rural,non,3,19.0,8,1,15a34,Q001981,1,59.52
Q001982,E047,36,4,53.9,4.410234193099583,18.452114312919797,24,0.215,0.0384,1,H,Rural,non,1,129.0,11,2,15a34,Q001982,0,26.04
Q001983,E005,59,3,44.8,4.3328503003664665,18.585118034714874,36,0.906,0.0693,1,F,Rural,oui,1,20.0,16,6,35plus,Q001983,1,14.43
Q001984,E057,42,4,29.4,4.369206455910738,18.466628501963662,45,0.039,0.0552,1,F,Rural,non,0,17.0,7,2,35plus,Q001984,0,18.12
Q001985,E048,76,2,34.9,4.382214958822941,18.585914313208317,40,0.265,0.0421,0,F,Rural,non,2,320.0,14,5,35plus,Q001985,0,23.75
Q001986,E060,45,4,20.1,4.299507822662375,18.547983379003206,41,0.418,0.0488,0,H,Urbain,non,3,13.0,15,5,35plus,Q001986,0,20.49
Q001987,E063,59,5,34.2,4.38613810669033,18.60023996451414,25,0.149,0.0395,1,H,Rural,non,0,170.0,12,6,15a34,Q001987,0,25.32
Q001988,E016,17,5,45.7,4.400768994945312,18.552425945541852,47,0.096,0.0561,1,F,Rural,oui,1,104.0,13,3,35plus,Q001988,0,17.83
Q001989,E016,47,6,53.5,4.408307173069979,18.620665001228833,31,0.216,0.0209,1,F,Rural,non,0,201.0,11,3,15a34,Q001989,0,47.85
Q001990,E070,43,3,33.2,4.304562498346688,18.578624849991634,22,0.105,0.0478,0,H,Rural,oui,2,68.0,10,2,15a34,Q001990,0,20.92
Q001991,E040,116,5,36.3,4.308056761463426,18.605081420672033,2,0.055,0.0775,1,F,Urbain,oui,1,501.0,10,1,moins15,Q001991,0,12.9
Q001992,E033,54,6,38.2,4.357282544610643,18.530795393638353,40,0.108,0.0102,1,H,Rural,oui,1,486.0,9,1,35plus,Q001992,0,98.04
Q001993,E022,3,1,47.9,4.354437724507004,18.528163089132967,22,0.139,0.0198,1,F,Urbain,non,0,176.0,10,2,15a34,Q001993,0,50.51
Q001994,E048,38,3,27.1,4.360965692424255,18.480308731747886,14,0.403,0.0354,1,F,Rural,oui,1,73.0,8,6,moins15,Q001994,0,28.25
Q001995,E057,88,5,52.6,4.342169481976423,18.49312169668954,11,0.042,0.0158,1,H,Rural,oui,2,140.0,14,7,moins15,Q001995,0,63.29
Q001996,E001,20,3,31.8,4.369291513312532,18.554846830764504,44,0.113,0.0541,0,H,Rural,non,2,255.0,8,5,35plus,Q001996,0,18.48
Q001997,E042,20,1,25.8,4.232296272176506,18.553275999438814,33,0.342,0.0742,1,F,Rural,non,1,14.0,7,5,15a34,Q001997,0,13.48
Q001998,E075,45,4,31.8,4.392904037833015,18.570102051147654,38,0.127,0.0194,1,F,Rural,oui,0,245.0,7,7,35plus,Q001998,0,51.55
Q001999,E022,43,3,28.3,4.43359429298508,18.515548279848307,27,0.336,0.0264,1,F,Rural,oui,1,125.0,12,2,15a34,Q001999,0,37.88
Q002000,E022,58,4,36.9,4.332347457487956,18.55851024990277,31,0.44,0.0782,1,F,Rural,oui,0,379.0,10,6,15a34,Q002000,0,12.79
Q002001,E066,5,1,22.4,4.370117799734821,18.617329794580975,30,0.056,0.0169,1,H,Rural,oui,0,443.0,10,4,15a34,Q002001,0,59.17
Q002002,E005,87,1,35.0,4.444033455906729,18.571690765631885,13,0.385,0.0501,1,F,Rural,oui,1,8.0,14,2,moins15,Q002002,0,19.96
Q002003,E030,26,4,38.6,4.361673191818658,18.552004257486054,43,0.226,0.0656,1,F,Rural,oui,1,456.0,16,8,35plus,Q002003,0,15.24
Q002004,E035,86,6,44.4,4.375271298439001,18.564304906875122,18,0.128,0.073,1,H,Urbain,oui,0,93.0,11,5,15a34,Q002004,0,13.7
Q002005,E060,68,4,38.8,4.452085076345164,18.61219931338053,22,0.055,0.0772,1,H,Rural,oui,2,553.0,9,7,15a34,Q002005,0,12.95
Q002006,E010,25,6,43.9,4.4618214122696465,18.55870378818373,36,0.295,0.0389,0,H,Rural,non,3,85.0,18,3,35plus,Q002006,0,25.71
Q002007,E033,57,6,29.8,4.306961730372604,18.524033857903266,46,0.085,0.0643,1,F,Rural,oui,2,52.0,15,8,35plus,Q002007,0,15.55
Q002008,E012,5,2,36.8,4.3394253377848635,18.524531244802514,21,0.21,0.0476,1,F,Rural,oui,0,237.0,12,3,15a34,Q002008,0,21.01
Q002009,E060,85,1,18.4,4.404679456613286,18.522793669066086,42,0.252,0.048,1,F,Rural,oui,2,406.0,10,7,35plus,Q002009,0,20.83
Q002010,E048,37,4,33.2,4.384855748801192,18.521540360500563,35,0.388,0.0767,1,H,Urbain,non,2,73.0,12,3,35plus,Q002010,0,13.04
Q002011,E038,47,4,36.7,4.395302091301003,18.589484682974884,27,0.236,0.064,1,H,Rural,non,1,139.0,17,1,15a34,Q002011,0,15.62
Q002012,E030,19,5,37.3,4.228921779011551,18.635028615163126,29,0.368,0.0119,1,F,Urbain,non,1,653.0,9,1,15a34,Q002012,0,84.03
Q002013,E012,44,4,23.0,4.262306082411098,18.529570607844985,29,0.312,0.0402,1,H,Rural,oui,0,649.0,18,8,15a34,Q002013,0,24.88
Q002014,E070,48,6,31.3,4.4492107557486085,18.504891607309485,34,0.234,0.0623,1,F,Rural,non,1,154.0,16,4,15a34,Q002014,0,16.05
Q002015,E049,27,6,32.2,4.398693685126319,18.48648434296217,48,0.078,0.029,1,F,Rural,non,0,117.0,14,4,35plus,Q002015,0,34.48
Q002016,E024,118,4,31.0,4.3776820925503355,18.636321565580783,35,0.096,0.0612,1,F,Urbain,non,1,987.0,17,1,35plus,Q002016,0,16.34
Q002017,E032,34,4,39.1,4.297885508758121,18.598323431041916,26,0.117,0.0386,1,H,Rural,oui,1,519.0,7,2,15a34,Q002017,0,25.91
Q002018,E055,22,1,32.5,4.3392505986047,18.515949353871104,24,0.23,0.0472,1,H,Rural,non,2,53.0,11,2,15a34,Q002018,0,21.19
Q002019,E054,66,5,6.5,4.3884826058756,18.557014540694418,33,0.33,0.0735,1,H,Urbain,oui,0,369.0,8,1,15a34,Q002019,1,13.61
Q002020,E035,39,5,30.6,4.290845903065269,18.620149090858,23,0.06,0.0698,1,H,Rural,non,2,604.0,18,1,15a34,Q002020,0,14.33
Q002021,E023,55,6,12.3,4.324737298937629,18.54681556510359,4,0.124,0.0554,0,F,Rural,non,0,257.0,17,3,moins15,Q002021,1,18.05
Q002022,E050,88,1,42.0,4.378770034917414,18.593131766979344,48,0.037,0.0497,1,F,Urbain,non,1,27.0,15,6,35plus,Q002022,0,20.12
Q002023,E050,10,1,31.8,4.389487127757278,18.542194145572626,29,0.193,0.0638,0,F,Urbain,non,2,81.0,17,7,15a34,Q002023,0,15.67
Q002024,E045,62,5,54.0,4.333847573389867,18.535227742069747,28,0.336,0.0558,0,H,Rural,non,2,28.0,10,8,15a34,Q002024,0,17.92
Q002025,E006,3,3,28.6,4.4091133940175595,18.41755908626107,51,0.356,0.0622,1,F,Urbain,non,2,40.0,13,8,35plus,Q002025,0,16.08
Q002026,E036,6,4,41.1,4.407488872008177,18.52977100753466,23,0.234,0.0718,1,H,Rural,oui,1,157.0,15,7,15a34,Q002026,0,13.93
Q002027,E047,12,3,27.3,4.270362335242119,18.523193687563733,37,0.18,0.0183,1,H,Urbain,non,1,175.0,13,7,35plus,Q002027,0,54.64
Q002028,E072,20,4,39.4,4.441898297689033,18.576020663230008,30,0.35,0.0474,1,H,Rural,oui,2,16.0,16,5,15a34,Q002028,0,21.1
Q002029,E040,42,4,38.9,4.418320788161562,18.562487152892302,36,0.085,0.0296,1,F,Rural,non,3,17.0,9,2,35plus,Q002029,0,33.78
Q002030,E026,113,2,26.9,4.370328435596046,18.55988866757917,22,0.217,0.0379,1,F,Rural,oui,2,189.0,9,8,15a34,Q002030,0,26.39
Q002031,E042,109,5,33.1,4.353135015979383,18.59762571071316,44,0.066,0.0671,1,F,Rural,oui,1,0.0,17,2,35plus,Q002031,0,14.9
Q002032,E014,13,3,47.1,4.3612,18.5551,57,0.365,0.0399,1,F,Rural,oui,2,446.0,12,4,35plus,Q002032,1,25.06
Q002033,E007,119,4,28.3,4.386685941214057,18.547524777911697,16,0.056,0.0613,1,H,Urbain,non,1,66.0,16,4,15a34,Q002033,0,16.31
Q002034,E051,77,4,36.8,4.346422365744585,18.491510823350644,42,0.486,0.0796,1,F,Urbain,non,1,72.0,10,3,35plus,Q002034,0,12.56
Q002035,E074,67,5,36.3,4.440313549683422,18.487421764990476,32,0.131,0.0393,1,F,Urbain,oui,1,145.0,7,8,15a34,Q002035,0,25.45
Q002036,E064,96,2,33.7,4.254764917648291,18.5354710384461,36,0.127,0.0737,0,H,Urbain,non,5,566.0,12,2,35plus,Q002036,0,13.57
Q002037,E044,59,1,21.9,4.326755365887408,18.55108219792285,37,0.465,0.0673,1,H,Rural,oui,1,560.0,10,5,35plus,Q002037,0,14.86
Q002038,E004,32,2,39.8,4.382388924151501,18.575117601287797,12,0.137,0.0795,1,F,Rural,non,1,54.0,7,4,moins15,Q002038,0,12.58
Q002039,E075,64,6,34.1,4.357394800010787,18.571799925297285,19,0.235,0.0787,1,F,Rural,non,0,12.0,17,4,15a34,Q002039,0,12.71
Q002040,E034,88,2,41.7,4.394979522098985,18.508675165561193,27,0.061,0.0294,1,F,Rural,oui,0,201.0,16,4,15a34,Q002040,0,34.01
Q002041,E022,82,2,35.6,4.2902680006470435,18.540148761729554,49,0.103,0.0111,1,F,Rural,oui,1,439.0,17,5,35plus,Q002041,0,90.09
Q002042,E067,21,6,34.5,4.34727788582374,18.621853332485493,26,0.163,0.0419,1,H,Urbain,oui,1,843.0,13,2,15a34,Q002042,0,23.87
Q002043,E056,113,2,36.6,4.417518420790582,18.630695456421506,38,0.282,0.0201,1,F,Rural,non,0,175.0,17,8,35plus,Q002043,0,49.75
Q002044,E057,35,3,27.1,4.285314669528698,18.53465511262274,31,0.99,0.0542,1,F,Rural,non,0,227.0,15,3,15a34,Q002044,1,18.45
Q002045,E021,99,3,44.9,4.347976600513843,18.554642538730057,32,0.517,0.0458,1,H,Rural,non,2,608.0,10,5,15a34,Q002045,0,21.83
Q002046,E075,38,4,31.4,4.333459074711602,18.50518577184617,33,0.388,0.0286,1,F,Urbain,non,1,244.0,12,7,15a34,Q002046,0,34.97
Q002047,E034,8,4,31.5,4.378168170164923,18.60136427776348,20,0.169,0.0761,1,F,Rural,non,2,39.0,8,4,15a34,Q002047,1,13.14
Q002048,E040,120,4,43.0,4.3796547150389,18.665800844164988,28,0.257,0.0296,0,H,Urbain,oui,2,148.0,16,3,15a34,Q002048,0,33.78
Q002049,E057,71,4,35.7,4.364854943615035,18.523241734403722,24,0.045,0.0372,1,F,Urbain,oui,2,391.0,15,3,15a34,Q002049,0,26.88
Q002050,E050,26,6,32.3,4.345507294319617,18.608811020889235,30,0.228,0.0357,1,H,Rural,non,0,223.0,8,7,15a34,Q002050,0,28.01
Q002051,E013,1,4,9.2,4.36316338263035,18.58683079710605,20,0.341,0.0349,1,F,Rural,non,2,283.0,15,4,15a34,Q002051,1,28.65
Q002052,E023,16,4,38.4,4.351767476140321,18.54160999239031,58,0.222,0.0128,1,F,Rural,oui,1,976.0,7,5,35plus,Q002052,0,78.12
Q002053,E028,21,6,33.2,4.358376858687265,18.515195920485745,5,0.101,0.042,1,H,Urbain,oui,0,36.0,12,4,moins15,Q002053,1,23.81
Q002054,E072,112,1,40.5,4.432848355242193,18.673919598853722,5,0.166,0.0684,1,H,Rural,non,0,348.0,15,8,moins15,Q002054,1,14.62
Q002055,E054,22,6,25.1,4.299887101077451,18.58830733623308,37,0.4,0.0408,0,F,Urbain,non,1,521.0,14,2,35plus,Q002055,0,24.51
Q002056,E028,20,2,35.8,4.377082821839791,18.597930473276374,45,0.172,0.0706,1,F,Rural,non,1,233.0,7,7,35plus,Q002056,1,14.16
Q002057,E056,101,2,39.6,4.312894362489116,18.53942153142032,55,0.155,0.0725,1,F,Rural,non,2,163.0,7,5,35plus,Q002057,0,13.79
Q002058,E056,106,1,38.4,4.45774959546843,18.553050104868735,27,0.394,0.0537,1,F,Rural,non,1,370.0,18,8,15a34,Q002058,0,18.62
Q002059,E030,26,4,18.3,4.364453917177904,18.489160447666137,31,0.112,0.0407,1,F,Urbain,non,1,24.0,16,1,15a34,Q002059,0,24.57
Q002060,E031,79,5,33.1,4.296606340368351,18.588043981577265,40,0.091,0.0515,1,F,Rural,non,0,69.0,11,6,35plus,Q002060,1,19.42
Q002061,E068,65,3,25.5,4.348404330759556,18.531273343899947,50,0.201,0.0426,1,F,Rural,oui,0,828.0,7,3,35plus,Q002061,1,23.47
Q002062,E043,70,4,43.0,4.287054116771358,18.49867408986029,11,0.143,0.0471,1,H,Urbain,non,2,58.0,18,3,moins15,Q002062,0,21.23
Q002063,E012,38,3,31.3,4.32833842703381,18.507253394731773,33,0.306,0.0585,1,F,Urbain,oui,0,11.0,11,1,15a34,Q002063,0,17.09
Q002064,E054,91,5,42.2,4.390787613737114,18.67053044818913,40,0.167,0.0434,1,F,Urbain,non,2,430.0,11,2,35plus,Q002064,0,23.04
Q002065,E045,106,6,25.5,4.4280618774321,18.535126057915257,25,0.084,0.0696,0,F,Urbain,non,0,4.0,14,1,15a34,Q002065,0,14.37
Q002066,E039,88,5,13.0,4.414034298515509,18.568410199655535,37,0.22,0.0783,1,H,Rural,non,0,297.0,14,4,35plus,Q002066,1,12.77
Q002067,E055,109,3,34.1,4.354756177609777,18.49025158103087,21,0.289,0.0569,1,F,Rural,oui,0,390.0,11,4,15a34,Q002067,0,17.57
Q002068,E069,14,5,53.3,4.388502779679077,18.540545915536587,49,0.637,0.0713,0,F,Rural,non,1,669.0,15,4,35plus,Q002068,0,14.03
Q002069,E025,79,1,42.2,4.4004253179690105,18.481473963463557,4,0.317,0.0225,1,H,Rural,non,0,48.0,9,4,moins15,Q002069,0,44.44
Q002070,E032,120,6,41.8,4.472486341613827,18.56859182729307,27,0.248,0.0352,0,F,Rural,non,1,207.0,11,3,15a34,Q002070,0,28.41
Q002071,E015,65,6,48.2,4.329801235949646,18.504473943549492,39,0.989,0.0592,1,H,Rural,non,2,265.0,8,2,35plus,Q002071,1,16.89
Q002072,E049,114,4,36.0,4.435469554883561,18.58990708368219,26,0.319,0.0312,0,H,Rural,oui,2,474.0,7,3,15a34,Q002072,0,32.05
Q002073,E031,42,4,33.3,4.305398059777365,18.460514544573897,43,0.364,0.0469,1,F,Urbain,non,0,681.0,9,4,35plus,Q002073,0,21.32
Q002074,E026,108,2,32.5,4.418996852750508,18.518396185096364,32,0.137,0.0757,1,H,Rural,non,1,488.0,18,3,15a34,Q002074,0,13.21
Q002075,E053,113,3,36.3,4.328967251457827,18.608836606644015,35,0.205,0.0101,0,F,Urbain,non,2,128.0,17,5,35plus,Q002075,0,99.01
Q002076,E031,75,1,12.7,4.325813437365568,18.626654073471293,39,0.191,0.0725,1,F,Rural,oui,1,187.0,16,4,35plus,Q002076,1,13.79
Q002077,E035,85,3,34.0,4.345767521188636,18.550298916152048,30,0.145,0.0241,1,H,Urbain,non,1,395.0,16,7,15a34,Q002077,0,41.49
Q002078,E034,63,4,35.6,4.321200316563137,18.530583365148352,6,0.167,0.0759,0,H,Rural,oui,3,254.0,11,6,moins15,Q002078,0,13.18
Q002079,E020,39,3,32.9,4.381302752200896,18.55582457155988,57,0.071,0.035,1,F,Rural,oui,1,37.0,14,2,35plus,Q002079,0,28.57
Q002080,E010,65,5,23.3,4.421327082108883,18.65259980613386,51,0.281,0.0785,0,F,Urbain,non,0,423.0,16,7,35plus,Q002080,0,12.74
Q002081,E063,116,6,33.0,4.254421918762928,18.53657778632898,41,0.079,0.0544,1,F,Rural,non,1,34.0,10,7,35plus,Q002081,0,18.38
Q002082,E007,2,4,23.3,4.351269880421698,18.55017280971365,25,0.192,0.058,1,H,Rural,non,0,504.0,14,6,15a34,Q002082,0,17.24
Q002083,E025,25,3,46.4,4.305671922362103,18.497355261742076,37,0.207,0.0777,1,H,Urbain,non,1,78.0,8,5,35plus,Q002083,0,12.87
Q002084,E051,60,2,32.2,4.405254121651955,18.51611613509616,5,0.142,0.0545,1,F,Rural,oui,1,813.0,13,1,moins15,Q002084,1,18.35
Q002085,E010,41,4,19.6,4.431020136258301,18.572030331409632,7,0.118,0.0193,1,H,Urbain,non,1,390.0,9,2,moins15,Q002085,0,51.81
Q002086,E050,75,5,32.6,4.351267883860206,18.594655596215258,65,0.105,0.0263,1,F,Rural,non,0,158.0,7,4,35plus,Q002086,1,38.02
Q002087,E055,44,1,40.3,4.324834792756139,18.56511965486863,12,0.215,0.0242,1,F,Urbain,oui,1,1346.0,12,6,moins15,Q002087,0,41.32
Q002088,E050,80,3,35.2,4.279239800088507,18.591534016323862,26,0.23,0.0525,1,F,Urbain,non,1,279.0,11,8,15a34,Q002088,0,19.05
Q002089,E023,13,3,27.6,4.45743950240102,18.499974646957455,33,0.162,0.02,1,F,Rural,non,2,46.0,16,1,15a34,Q002089,0,50.0
Q002090,E002,40,2,29.3,4.425946514120698,18.495019166213652,35,0.097,0.036,1,H,Rural,non,1,82.0,9,6,35plus,Q002090,1,27.78
Q002091,E067,84,2,32.0,4.261074588996748,18.58972054547698,30,0.072,0.0258,1,H,Rural,oui,2,123.0,13,5,15a34,Q002091,0,38.76
Q002092,E025,57,6,30.9,4.392773707725549,18.52619202839409,25,0.19,0.0114,1,F,Urbain,non,1,15.0,10,7,15a34,Q002092,0,87.72
Q002093,E061,86,3,25.2,4.304393243121093,18.491273946447627,29,0.057,0.0375,1,H,Rural,non,1,99.0,15,6,15a34,Q002093,0,26.67
Q002094,E015,77,4,33.5,4.334573668296539,18.560141869113355,48,0.099,0.0528,1,H,Rural,non,2,307.0,12,3,35plus,Q002094,0,18.94
Q002095,E013,40,1,24.7,4.2975762115374465,18.554292554941313,40,0.145,0.0411,1,H,Urbain,oui,2,275.0,16,2,35plus,Q002095,0,24.33
Q002096,E059,52,2,40.6,4.259960198958022,18.540507518682777,41,0.046,0.0661,0,H,Urbain,oui,0,291.0,9,3,35plus,Q002096,0,15.13
Q002097,E071,116,2,9.5,4.357720695507714,18.629350405635225,1,0.255,0.0676,1,F,Rural,oui,2,3.0,18,7,moins15,Q002097,1,14.79
Q002098,E065,116,2,27.0,4.45477062384252,18.643732847368806,38,0.087,0.0193,0,H,Rural,non,2,344.0,16,5,35plus,Q002098,0,51.81
Q002099,E057,5,6,29.0,4.313698221937204,18.59798905248512,32,0.367,0.062,1,H,Urbain,non,1,135.0,17,4,15a34,Q002099,0,16.13
Q002100,E019,85,4,31.0,4.404565891241552,18.571474753229012,21,0.054,0.0667,1,H,Rural,non,1,478.0,15,7,15a34,Q002100,0,14.99
Q002101,E069,59,6,33.8,4.412414670693631,18.6190047787566,58,0.126,0.0426,1,H,Rural,non,1,8.0,9,6,35plus,Q002101,0,23.47
Q002102,E051,1,3,35.8,4.396087495344107,18.55788925943281,8,0.128,0.0279,1,F,Urbain,non,2,14.0,12,3,moins15,Q002102,0,35.84
Q002103,E013,77,5,37.2,4.459822867675314,18.54031213974983,30,0.05,0.071,1,H,Rural,oui,0,470.0,12,7,15a34,Q002103,0,14.08
Q002104,E010,3,1,37.1,4.407760355239635,18.520819234732894,48,0.254,0.0378,1,H,Urbain,oui,0,40.0,13,8,35plus,Q002104,0,26.46
Q002105,E066,39,5,44.9,4.450232746014455,18.510888177528766,33,0.139,0.0249,0,F,Urbain,non,1,195.0,16,2,15a34,Q002105,0,40.16
Q002106,E021,83,4,34.4,4.302646676164471,18.59640110253558,1,0.08,0.0556,1,F,Rural,non,1,3.0,12,3,moins15,Q002106,0,17.99
Q002107,E058,98,1,24.9,4.397267898893166,18.47490696396872,50,0.398,0.0187,1,F,Rural,oui,1,19.0,17,1,35plus,Q002107,1,53.48
Q002108,E011,50,5,22.7,4.435544965523103,18.52028551782541,5,0.13,0.0549,1,H,Urbain,oui,2,134.0,14,8,moins15,Q002108,0,18.21
Q002109,E022,98,3,45.5,4.321399875553015,18.532314821758266,13,0.349,0.0278,0,H,Urbain,oui,0,23.0,18,4,moins15,Q002109,0,35.97
Q002110,E022,101,1,37.6,4.18569191076892,18.47963047894269,45,0.119,0.0181,1,F,Rural,non,0,258.0,16,7,35plus,Q002110,0,55.25
Q002111,E022,54,6,35.4,4.296633196062023,18.53042980435584,16,0.279,0.0456,1,F,Rural,non,1,89.0,17,5,15a34,Q002111,0,21.93
Q002112,E051,21,4,37.1,4.323761540383811,18.55468737703833,27,0.262,0.0164,1,F,Urbain,non,3,6.0,8,2,15a34,Q002112,0,60.98
Q002113,E069,80,4,35.1,4.388059089028616,18.60136324905874,16,0.28,0.0223,1,H,Urbain,non,2,106.0,9,6,15a34,Q002113,0,44.84
Q002114,E069,2,4,37.0,4.331678258192872,18.524698778977946,32,0.308,0.0719,1,F,Urbain,non,0,167.0,18,3,15a34,Q002114,0,13.91
Q002115,E056,108,1,31.4,4.360156013109273,18.555034507000602,48,0.373,0.0694,1,H,Rural,non,2,64.0,13,2,35plus,Q002115,0,14.41
Q002116,E016,47,2,41.4,4.329783342786652,18.475288213084234,7,0.522,0.0148,1,F,Rural,oui,1,1492.0,11,5,moins15,Q002116,0,67.57
Q002117,E073,92,5,30.3,4.35357289533594,18.489175572688684,34,0.109,0.0795,0,H,Urbain,oui,0,275.0,12,4,15a34,Q002117,0,12.58
Q002118,E041,89,3,27.7,4.3566887682988735,18.4548197863497,5,0.383,0.0716,1,H,Rural,oui,1,1139.0,7,1,moins15,Q002118,0,13.97
Q002119,E041,57,6,22.2,4.328381136051771,18.59894415068448,62,0.138,0.0457,1,F,Rural,oui,0,440.0,8,6,35plus,Q002119,0,21.88
Q002120,E053,117,2,32.3,4.401062709007945,18.53360692759067,17,0.207,0.0133,1,F,Urbain,non,1,40.0,14,1,15a34,Q002120,0,75.19
Q002121,E058,96,3,42.9,4.429015756069354,18.561047937399074,39,0.134,0.0483,1,H,Rural,non,2,68.0,7,6,35plus,Q002121,0,20.7
Q002122,E072,107,3,30.8,4.3612,18.5551,35,0.316,0.0323,1,F,Rural,oui,1,1021.0,9,6,35plus,Q002122,1,30.96
Q002123,E044,12,1,24.4,4.370865800005218,18.590423676675986,35,0.396,0.048,1,F,Rural,oui,0,727.0,12,8,15a34,Q002123,1,20.83
Q002124,E046,59,5,36.0,4.288523522381953,18.650267631537677,24,0.314,0.0778,0,H,Urbain,non,0,245.0,11,4,15a34,Q002124,0,12.85
Q002125,E056,115,1,29.4,4.272363752765576,18.54793352525597,10,0.279,0.0483,1,H,Rural,non,1,175.0,11,6,moins15,Q002125,0,20.7
Q002126,E020,98,3,44.8,4.411827096636847,18.514422992942748,53,0.419,0.0301,0,H,Urbain,non,2,223.0,17,3,35plus,Q002126,0,33.22
Q002127,E024,55,6,41.5,4.460370283240127,18.584917311252877,16,0.282,0.0677,1,H,Rural,non,2,1068.0,15,5,15a34,Q002127,0,14.77
Q002128,E047,9,6,25.1,4.343581748201142,18.66814477332819,29,0.228,0.0449,0,F,Rural,oui,0,34.0,16,8,15a34,Q002128,0,22.27
Q002129,E005,34,2,32.8,4.451664865364361,18.523041198657275,25,0.018,0.0697,1,H,Rural,non,0,551.0,7,6,15a34,Q002129,0,14.35
Q002130,E025,69,3,28.7,4.327589986352572,18.510251031555644,45,0.083,0.0784,1,F,Rural,non,0,334.0,12,1,35plus,Q002130,0,12.76
Q002131,E054,78,4,25.9,4.348275798681662,18.422251773871,65,0.379,0.0715,1,H,Urbain,oui,2,199.0,9,2,35plus,Q002131,0,13.99
Q002132,E074,111,5,33.6,4.443386776454809,18.4466446318582,20,0.238,0.0263,1,F,Rural,oui,0,389.0,13,4,15a34,Q002132,0,38.02
Q002133,E039,12,2,39.7,4.314366800612401,18.62096891332257,33,0.14,0.0227,1,H,Rural,non,1,575.0,15,4,15a34,Q002133,0,44.05
Q002134,E030,48,4,33.4,4.405833955626969,18.541323853403334,47,0.174,0.0722,1,F,Urbain,non,0,366.0,18,8,35plus,Q002134,0,13.85
Q002135,E034,33,6,30.4,4.342586123687145,18.49311159208389,50,0.335,0.0643,1,H,Rural,oui,1,153.0,14,7,35plus,Q002135,0,15.55
Q002136,E052,116,5,18.6,4.323964728031337,18.55015198806218,30,0.131,0.0165,1,H,Rural,oui,0,322.0,15,1,15a34,Q002136,1,60.61
Q002137,E041,20,5,29.3,4.334559775721757,18.680064880269633,29,0.114,0.0302,1,F,Urbain,non,1,161.0,10,8,15a34,Q002137,0,33.11
Q002138,E002,27,6,37.9,4.251585029228735,18.55020952857113,50,0.205,0.0682,1,F,Rural,non,1,628.0,7,3,35plus,Q002138,0,14.66
Q002139,E041,36,6,24.6,4.423054484009387,18.645734828985244,3,0.204,0.0725,1,F,Rural,non,2,92.0,11,1,moins15,Q002139,0,13.79
Q002140,E031,13,4,43.0,4.371315009882029,18.50315350749658,44,0.401,0.0664,1,F,Urbain,non,0,24.0,9,3,35plus,Q002140,0,15.06
Q002141,E053,78,6,29.9,4.352600032493056,18.623014706147675,19,0.043,0.0612,1,F,Urbain,oui,0,148.0,9,8,15a34,Q002141,0,16.34
Q002142,E066,63,3,35.4,4.325352840198573,18.52194627051133,33,0.109,0.0391,0,F,Urbain,non,2,411.0,11,7,15a34,Q002142,0,25.58
Q002143,E073,67,5,31.2,4.375588802742523,18.511518611557957,31,0.278,0.0157,1,F,Rural,non,1,390.0,10,3,15a34,Q002143,0,63.69
Q002144,E046,109,6,25.8,4.4041725452764,18.50302162213434,21,0.048,0.0329,1,F,Rural,non,0,525.0,7,1,15a34,Q002144,0,30.4
Q002145,E028,52,1,37.1,4.346272754851666,18.53380304418111,35,0.074,0.0351,1,F,Rural,non,0,162.0,14,4,35plus,Q002145,0,28.49
Q002146,E034,38,6,29.8,4.408179488793617,18.598794937674622,25,0.027,0.075,1,F,Rural,oui,2,247.0,17,3,15a34,Q002146,0,13.33
Q002147,E014,46,5,28.2,4.373754979911962,18.5259150317743,46,0.212,0.0605,1,F,Urbain,oui,1,196.0,7,7,35plus,Q002147,0,16.53
Q002148,E071,97,6,17.4,4.355330996632231,18.603482833362637,19,0.061,0.03,1,F,Rural,oui,0,481.0,10,8,15a34,Q002148,0,33.33
Q002149,E064,64,5,43.1,4.405618136952895,18.514131895394083,15,0.398,0.0402,1,F,Rural,oui,0,430.0,18,8,15a34,Q002149,0,24.88
Q002150,E065,21,1,34.0,4.3346042403346985,18.545896805235316,32,0.222,0.0357,1,H,Rural,non,1,1931.0,15,7,15a34,Q002150,0,28.01
Q002151,E025,83,2,41.7,4.297423390658634,18.523462226364053,29,0.14,0.0391,1,F,Urbain,non,0,261.0,18,1,15a34,Q002151,0,25.58
Q002152,E025,90,1,38.3,4.357345533711535,18.640596340533932,53,0.366,0.0365,1,H,Rural,non,2,195.0,15,8,35plus,Q002152,0,27.4
Q002153,E065,30,4,41.7,4.36176393742029,18.575876329560028,30,0.108,0.029,1,F,Rural,oui,1,37.0,11,2,15a34,Q002153,0,34.48
Q002154,E041,67,3,11.5,4.348883887366608,18.564210733587114,30,0.371,0.0636,1,H,Rural,non,1,161.0,13,8,15a34,Q002154,1,15.72
Q002155,E053,68,3,24.4,4.419494740196494,18.536056539472337,12,0.171,0.0339,1,F,Rural,oui,3,633.0,9,8,moins15,Q002155,0,29.5
Q002156,E037,22,5,39.3,4.385024621575058,18.520855614271856,33,0.125,0.035,1,F,Rural,oui,2,301.0,10,6,15a34,Q002156,0,28.57
Q002157,E034,2,5,34.9,4.354246814232725,18.499670463016955,13,0.061,0.0324,1,H,Urbain,non,0,136.0,18,3,moins15,Q002157,0,30.86
Q002158,E048,87,1,30.7,4.3597245300259155,18.616099389592446,28,0.171,0.0554,1,F,Rural,non,1,791.0,15,6,15a34,Q002158,0,18.05
Q002159,E061,74,6,39.2,4.3640314759522285,18.46927437795203,15,0.363,0.0554,1,H,Urbain,non,0,3.0,10,7,15a34,Q002159,1,18.05
Q002160,E026,86,3,36.2,4.386302634480239,18.531883787117923,38,0.247,0.06,1,H,Rural,non,1,469.0,14,8,35plus,Q002160,0,16.67
Q002161,E061,46,5,38.5,4.362626718412746,18.594127676604927,30,0.395,0.0158,1,F,Rural,oui,1,120.0,13,2,15a34,Q002161,1,63.29
Q002162,E019,62,4,26.8,4.35227687704425,18.466233141100425,48,0.167,0.0618,1,F,Rural,non,0,338.0,15,1,35plus,Q002162,0,16.18
Q002163,E031,118,3,40.8,4.293289803793478,18.558913606881507,15,0.143,0.0242,1,H,Urbain,oui,0,479.0,10,4,15a34,Q002163,0,41.32
Q002164,E069,28,2,34.0,4.324510208274641,18.506469770686866,31,0.151,0.0398,1,F,Urbain,oui,1,1327.0,10,1,15a34,Q002164,0,25.13
Q002165,E072,79,2,41.6,4.373850080615909,18.551332090283736,32,0.16,0.0214,1,H,Rural,oui,0,186.0,8,8,15a34,Q002165,0,46.73
Q002166,E070,16,5,40.8,4.3694002154390645,18.541572394124497,28,0.283,0.0407,0,H,Rural,oui,2,249.0,18,1,15a34,Q002166,0,24.57
Q002167,E024,8,2,38.8,4.285733435536926,18.437255596269818,47,0.406,0.0769,1,H,Urbain,non,1,735.0,12,1,35plus,Q002167,0,13.0
Q002168,E064,115,2,33.2,4.331904140064934,18.581899185245433,29,0.276,0.0117,1,F,Urbain,non,2,162.0,15,3,15a34,Q002168,0,85.47
Q002169,E071,16,1,39.0,4.31351234736271,18.500609440033333,15,0.176,0.0564,1,H,Rural,non,2,170.0,14,8,15a34,Q002169,0,17.73
Q002170,E074,79,6,41.8,4.428231688773543,18.522564969506348,36,0.256,0.0327,1,F,Urbain,non,0,99.0,10,5,35plus,Q002170,0,30.58
Q002171,E002,62,3,38.2,4.3725566589972225,18.552534474116495,57,0.08,0.0762,1,F,Rural,non,0,7.0,17,3,35plus,Q002171,0,13.12
Q002172,E056,98,3,35.4,4.381517393936662,18.56878526527787,20,0.39,0.0194,1,H,Rural,non,1,238.0,18,8,15a34,Q002172,1,51.55
Q002173,E075,66,3,39.0,4.356663971085722,18.57236913952486,29,0.296,0.0757,1,H,Rural,oui,1,198.0,13,1,15a34,Q002173,0,13.21
Q002174,E058,84,4,30.3,4.328683654905945,18.589543293395035,35,0.25,0.0685,0,F,Rural,oui,0,99.0,18,7,15a34,Q002174,1,14.6
Q002175,E018,108,3,44.6,4.337728004878364,18.426618376596696,44,0.2,0.0677,1,F,Urbain,non,0,44.0,15,1,35plus,Q002175,0,14.77
Q002176,E058,100,4,22.2,4.384636179160751,18.574138577177656,42,0.194,0.0569,1,F,Urbain,non,1,559.0,11,3,35plus,Q002176,0,17.57
Q002177,E008,87,2,34.2,4.346995136796014,18.55054851406122,32,0.106,0.0799,0,F,Rural,oui,1,26.0,12,7,15a34,Q002177,0,12.52
Q002178,E037,20,2,31.2,4.385154301487659,18.522330550074955,24,0.13,0.0167,1,F,Urbain,non,2,60.0,18,8,15a34,Q002178,0,59.88
Q002179,E047,21,6,29.5,4.367148658991599,18.563129540949046,23,0.13,0.0214,1,F,Rural,non,0,308.0,11,1,15a34,Q002179,0,46.73
Q002180,E035,60,3,36.1,4.3747772815956205,18.596027487021164,38,0.058,0.0585,1,F,Rural,non,1,237.0,7,1,35plus,Q002180,0,17.09
Q002181,E053,80,6,26.1,4.377327859540982,18.506172828891025,20,0.024,0.0318,1,H,Urbain,oui,1,15.0,15,5,15a34,Q002181,0,31.45
Q002182,E019,81,6,49.1,4.333692233176759,18.620099395492073,10,0.084,0.0642,0,H,Rural,non,0,627.0,11,1,moins15,Q002182,0,15.58
Q002183,E046,95,5,8.6,4.34445397988239,18.60731625628316,27,0.59,0.0387,1,F,Urbain,non,0,398.0,14,2,15a34,Q002183,1,25.84
Q002184,E049,13,4,27.3,4.405442337755784,18.568506854669586,25,0.079,0.0768,1,F,Rural,non,1,1447.0,15,5,15a34,Q002184,1,13.02
Q002185,E048,21,6,26.7,4.451318034869201,18.488844928192453,25,0.25,0.0356,1,F,Urbain,non,2,44.0,11,7,15a34,Q002185,1,28.09
Q002186,E022,18,1,35.4,4.405899612000823,18.65774909777071,38,0.285,0.0787,1,H,Rural,non,2,394.0,14,1,35plus,Q002186,0,12.71
Q002187,E023,65,3,6.7,4.220553481308301,18.564221158644553,32,0.034,0.0231,1,F,Urbain,oui,1,678.0,13,2,15a34,Q002187,1,43.29
Q002188,E020,77,5,37.7,4.3221001083594155,18.557416056529895,27,0.049,0.0135,1,H,Rural,non,0,72.0,13,5,15a34,Q002188,0,74.07
Q002189,E035,14,1,44.3,4.365735839805684,18.555680729620715,13,0.103,0.0551,1,F,Rural,oui,2,258.0,9,4,moins15,Q002189,0,18.15
Q002190,E044,105,2,28.2,4.30508913753528,18.577628134387908,24,0.257,0.0236,1,F,Urbain,non,0,301.0,14,6,15a34,Q002190,0,42.37
Q002191,E028,37,1,38.6,4.302745633261303,18.596346891970864,6,0.254,0.0108,1,F,Rural,oui,0,87.0,10,6,moins15,Q002191,0,92.59
Q002192,E031,80,3,31.9,4.339064159189411,18.548743168830555,19,0.189,0.0485,0,H,Rural,non,1,11.0,12,7,15a34,Q002192,0,20.62
Q002193,E022,91,4,35.6,4.37726613568585,18.48786131627542,18,0.339,0.0752,1,F,Urbain,oui,0,94.0,10,8,15a34,Q002193,0,13.3
Q002194,E017,5,3,41.8,4.390876829091259,18.60174653905103,31,0.245,0.0421,1,F,Urbain,oui,0,48.0,11,6,15a34,Q002194,0,23.75
Q002195,E050,104,1,22.2,4.341632663806001,18.509234427628694,30,0.049,0.0503,1,F,Rural,oui,1,46.0,16,8,15a34,Q002195,1,19.88
Q002196,E062,117,3,47.9,4.337793750776183,18.499761557820563,27,0.021,0.0148,1,H,Urbain,non,0,67.0,8,3,15a34,Q002196,0,67.57
Q002197,E022,116,6,33.0,4.317815910836478,18.546815396598678,13,0.128,0.0169,1,F,Urbain,oui,1,66.0,11,6,moins15,Q002197,0,59.17
Q002198,E065,17,1,22.8,4.3612,18.5551,5,0.255,0.0161,1,F,Urbain,non,0,61.0,17,1,moins15,Q002198,1,62.11
Q002199,E043,48,5,29.2,4.381994489897812,18.569000887111677,50,0.178,0.035,1,H,Rural,oui,1,22.0,12,7,35plus,Q002199,1,28.57
Q002200,E013,28,2,34.7,4.4053522756930885,18.578505651953645,18,0.183,0.0447,1,H,Rural,non,2,162.0,7,4,15a34,Q002200,0,22.37
Q002201,E028,55,1,29.1,4.366487628160789,18.52649656350399,26,0.029,0.0197,1,F,Rural,non,1,203.0,14,4,15a34,Q002201,0,50.76
Q002202,E001,117,1,19.7,4.294439760086712,18.556063798415444,23,0.433,0.0679,1,F,Rural,non,0,278.0,10,2,15a34,Q002202,0,14.73
Q002203,E003,92,1,34.7,4.342555553871791,18.525733666123376,43,0.433,0.0768,0,H,Rural,non,5,503.0,15,5,35plus,Q002203,0,13.02
Q002204,E026,93,3,28.9,4.402845979218176,18.58834100803092,35,0.352,0.0561,1,H,Urbain,non,0,30.0,12,4,35plus,Q002204,0,17.83
Q002205,E035,51,3,38.6,4.273226013761195,18.57451267164666,20,0.334,0.0353,1,H,Rural,non,1,377.0,12,5,15a34,Q002205,1,28.33
Q002206,E060,113,4,26.5,4.355758586890399,18.585874218445998,38,0.072,0.0759,1,H,Rural,oui,0,437.0,18,6,35plus,Q002206,0,13.18
Q002207,E011,111,1,49.8,4.374257521267061,18.535790785999925,10,0.111,0.0389,0,H,Urbain,non,3,195.0,15,2,moins15,Q002207,0,25.71
Q002208,E063,97,4,37.6,4.46018437108103,18.562916372916366,29,0.172,0.0311,0,F,Urbain,oui,2,26.0,15,4,15a34,Q002208,0,32.15
Q002209,E018,98,5,35.4,4.32994427366336,18.57550264533898,0,0.058,0.0184,0,F,Urbain,non,1,36.0,9,4,moins15,Q002209,1,54.35
Q002210,E011,79,1,38.4,4.353916153430564,18.587442930663933,35,0.07,0.0215,1,F,Urbain,oui,1,96.0,12,8,35plus,Q002210,0,46.51
Q002211,E053,12,5,21.2,4.444380088857572,18.58314236399923,25,0.229,0.0506,1,H,Rural,non,0,73.0,12,1,15a34,Q002211,1,19.76
Q002212,E059,35,1,30.5,4.330583865346328,18.54385900963508,27,0.276,0.065,1,H,Rural,non,1,233.0,15,4,15a34,Q002212,0,15.38
Q002213,E046,93,3,46.5,4.413735286078571,18.492514756686784,49,0.129,0.0731,1,H,Rural,non,2,139.0,10,1,35plus,Q002213,0,13.68
Q002214,E009,40,4,31.8,4.379633032890392,18.575081936124946,19,0.386,0.0448,1,H,Rural,oui,2,256.0,14,2,15a34,Q002214,0,22.32
Q002215,E009,21,6,33.6,4.348949389309858,18.572601390873324,20,0.397,0.073,0,H,Rural,non,2,60.0,7,4,15a34,Q002215,0,13.7
Q002216,E030,114,4,30.7,4.382580855860513,18.495006948106415,8,0.016,0.0359,1,H,Rural,non,1,79.0,14,3,moins15,Q002216,0,27.86
Q002217,E034,59,3,44.3,4.35262440599337,18.5923346778711,31,0.351,0.0671,1,F,Urbain,oui,3,1357.0,18,7,15a34,Q002217,0,14.9
Q002218,E075,104,6,32.3,4.472890707316987,18.55781010312531,30,0.167,0.0657,1,F,Rural,non,1,286.0,7,2,15a34,Q002218,1,15.22
Q002219,E022,35,2,25.2,4.256722168928104,18.543555241980833,41,0.093,0.0655,1,H,Urbain,oui,1,333.0,10,6,35plus,Q002219,0,15.27
Q002220,E015,44,2,52.1,4.345876671763317,18.560673275486383,30,0.177,0.0417,1,H,Rural,non,2,13.0,12,1,15a34,Q002220,0,23.98
Q002221,E071,42,3,24.4,4.347342188019325,18.596553643263064,36,0.231,0.0752,1,F,Rural,oui,2,265.0,8,5,35plus,Q002221,0,13.3
Q002222,E012,45,1,33.3,4.353300364929971,18.627925882964888,38,0.226,0.0188,1,H,Urbain,non,1,487.0,10,8,35plus,Q002222,0,53.19
Q002223,E002,53,1,28.1,4.414021231597401,18.547318786991568,36,0.518,0.0161,1,F,Rural,non,0,303.0,17,2,35plus,Q002223,0,62.11
Q002224,E032,36,3,29.1,4.337648158229598,18.53848091906406,29,0.197,0.0676,1,H,Urbain,oui,0,57.0,12,4,15a34,Q002224,0,14.79
Q002225,E031,98,1,26.6,4.384602006640396,18.580389204062246,39,0.211,0.0472,0,H,Rural,non,0,186.0,17,1,35plus,Q002225,0,21.19
Q002226,E047,40,4,30.2,4.371573326481524,18.482997828988356,40,0.102,0.013,0,H,Rural,non,0,160.0,16,6,35plus,Q002226,0,76.92
Q002227,E066,53,4,40.9,4.401923822482831,18.59311615842972,46,0.14,0.0544,0,F,Rural,oui,1,8.0,17,4,35plus,Q002227,0,18.38
Q002228,E070,104,3,20.7,4.353140872890501,18.482261706636695,65,0.293,0.0411,1,F,Urbain,non,1,63.0,9,2,35plus,Q002228,0,24.33
Q002229,E022,53,3,42.8,4.376110367680491,18.481282027583735,16,0.075,0.0406,1,F,Urbain,non,1,568.0,18,3,15a34,Q002229,0,24.63
Q002230,E074,2,1,41.6,4.35382801351239,18.627664772565776,38,0.126,0.0256,1,F,Urbain,non,1,131.0,7,5,35plus,Q002230,0,39.06
Q002231,E048,1,3,37.6,4.310697321965791,18.445864768934563,30,0.422,0.0693,1,F,Urbain,non,2,59.0,15,3,15a34,Q002231,0,14.43
Q002232,E006,53,1,34.9,4.439951825318629,18.615361758212366,34,0.172,0.066,1,F,Urbain,non,5,117.0,8,3,15a34,Q002232,0,15.15
Q002233,E071,78,3,35.9,4.3218908039154895,18.62798623671758,42,0.107,0.0609,1,F,Rural,oui,1,213.0,12,3,35plus,Q002233,0,16.42
Q002234,E011,114,5,44.0,4.336075611831157,18.56697817283853,34,0.064,0.0727,1,H,Rural,non,0,504.0,14,4,15a34,Q002234,0,13.76
Q002235,E045,16,6,21.8,4.317158887741695,18.580286813570467,15,0.284,0.01,1,H,Rural,non,1,62.0,7,8,15a34,Q002235,0,100.0
Q002236,E060,66,2,39.1,4.380101072312142,18.471295086082076,23,0.233,0.0153,1,F,Urbain,non,2,51.0,7,3,15a34,Q002236,0,65.36
Q002237,E019,35,2,28.8,4.336091967495379,18.525379101019688,39,0.935,0.0203,1,F,Rural,non,1,556.0,15,7,35plus,Q002237,1,49.26
Q002238,E021,55,5,39.8,4.435762107055587,18.567922623883778,19,0.109,0.0638,1,H,Rural,non,0,648.0,12,3,15a34,Q002238,0,15.67
Q002239,E036,54,6,10.9,4.386697531716934,18.566466134403584,14,0.064,0.0388,1,F,Rural,non,2,769.0,16,7,moins15,Q002239,1,25.77
Q002240,E067,38,2,38.9,4.346157711357319,18.572217557839096,26,0.224,0.0238,0,F,Rural,non,1,361.0,10,8,15a34,Q002240,0,42.02
Q002241,E017,3,6,23.2,4.31451247338786,18.56643914311119,9,0.169,0.0184,1,F,Rural,non,5,780.0,13,5,moins15,Q002241,0,54.35
Q002242,E050,9,2,22.2,4.354464662455875,18.55105075300428,19,0.107,0.0636,0,F,Rural,non,1,37.0,13,1,15a34,Q002242,0,15.72
Q002243,E034,63,4,33.2,4.386001523608429,18.488910182823822,60,0.302,0.0503,1,H,Urbain,oui,0,472.0,7,2,35plus,Q002243,0,19.88
Q002244,E009,27,2,44.0,4.357705764499834,18.56760118064853,22,0.186,0.0762,1,H,Rural,oui,1,5.0,11,3,15a34,Q002244,0,13.12
Q002245,E054,40,2,37.8,4.3612,18.5551,36,0.332,0.0429,1,F,Urbain,oui,0,209.0,11,8,35plus,Q002245,1,23.31
Q002246,E063,11,6,37.7,4.308976511578626,18.531760323563155,18,0.387,0.0278,1,H,Rural,non,2,104.0,12,6,15a34,Q002246,0,35.97
Q002247,E044,6,3,40.0,4.47215735767631,18.619607441990606,40,0.081,0.046,1,F,Rural,non,0,111.0,14,3,35plus,Q002247,0,21.74
Q002248,E014,16,1,31.2,4.349944438401691,18.4717821137955,27,0.363,0.0492,1,H,Rural,oui,1,435.0,16,2,15a34,Q002248,0,20.33
Q002249,E012,46,5,38.3,4.291274128214323,18.543785173604693,42,0.073,0.0577,1,F,Rural,non,0,531.0,14,3,35plus,Q002249,0,17.33
Q002250,E032,20,1,29.9,4.306247660944697,18.5934116100754,26,0.093,0.0605,1,H,Urbain,non,0,464.0,12,6,15a34,Q002250,0,16.53
Q002251,E038,28,1,31.8,4.342794865186063,18.581936052586293,23,0.159,0.0291,1,H,Rural,non,2,598.0,18,5,15a34,Q002251,0,34.36
Q002252,E042,37,6,32.7,4.457238792581572,18.565281379074612,28,0.24,0.0568,1,F,Rural,oui,0,303.0,14,8,15a34,Q002252,0,17.61
Q002253,E019,35,3,30.2,4.351479873066721,18.516135999647876,31,0.148,0.0777,0,H,Rural,non,0,446.0,15,3,15a34,Q002253,0,12.87
Q002254,E038,2,1,33.5,4.34125991248639,18.615541676946247,34,0.262,0.055,1,H,Urbain,non,2,100.0,10,7,15a34,Q002254,0,18.18
Q002255,E023,15,6,32.2,4.402234613724067,18.488800890217963,20,0.244,0.0249,1,F,Rural,non,1,222.0,18,1,15a34,Q002255,0,40.16
Q002256,E052,115,2,29.0,4.405884239838479,18.584646696529564,17,0.172,0.0376,1,F,Rural,non,0,1092.0,18,5,15a34,Q002256,0,26.6
Q002257,E060,81,4,33.0,4.392954384319975,18.55765168559962,9,0.045,0.0335,1,F,Rural,non,0,861.0,12,8,moins15,Q002257,0,29.85
Q002258,E049,15,2,35.1,4.369993796897073,18.510665336059034,22,0.171,0.0208,0,H,Rural,oui,1,307.0,16,5,15a34,Q002258,0,48.08
Q002259,E001,35,4,26.3,4.304783184534268,18.53054406064492,5,0.055,0.0717,1,F,Urbain,non,8,544.0,8,3,moins15,Q002259,0,13.95
Q002260,E075,46,5,36.9,4.322449161729525,18.640556516088456,11,0.33,0.0103,1,H,Rural,non,0,419.0,16,3,moins15,Q002260,0,97.09
Q002261,E002,109,5,30.5,4.280453607013937,18.491893617411417,27,0.191,0.0503,1,F,Urbain,non,0,86.0,18,6,15a34,Q002261,0,19.88
Q002262,E075,106,3,35.4,4.348801858165636,18.462004940447432,39,0.131,0.0683,1,H,Urbain,non,4,94.0,13,2,35plus,Q002262,0,14.64
Q002263,E003,93,4,29.3,4.338767000422899,18.518102362602477,25,0.064,0.0399,1,F,Rural,non,2,79.0,13,4,15a34,Q002263,1,25.06
Q002264,E039,13,6,41.4,4.333577656725815,18.570647759928402,60,0.047,0.034,1,F,Rural,non,0,138.0,15,2,35plus,Q002264,0,29.41
Q002265,E008,59,6,40.7,4.373963149566108,18.621190932595272,35,0.15,0.0348,1,H,Urbain,oui,1,392.0,8,2,35plus,Q002265,0,28.74
Q002266,E008,59,5,26.7,4.3271404947038965,18.551264565594565,35,0.17,0.0621,1,F,Rural,non,3,635.0,13,8,15a34,Q002266,1,16.1
Q002267,E052,77,3,37.7,4.342976743047302,18.468572999956262,14,0.063,0.0648,1,F,Rural,oui,0,147.0,18,8,moins15,Q002267,0,15.43
Q002268,E055,102,4,44.1,4.33568338655502,18.55477924841127,39,0.249,0.0751,1,F,Urbain,oui,2,336.0,13,3,35plus,Q002268,0,13.32
Q002269,E009,39,6,27.4,4.358407509338134,18.59279714362264,39,0.127,0.0504,1,F,Urbain,non,0,902.0,12,5,35plus,Q002269,0,19.84
Q002270,E074,67,2,27.9,4.3782318656503385,18.566026308028437,16,0.198,0.0436,0,H,Urbain,non,0,705.0,18,1,15a34,Q002270,0,22.94
Q002271,E025,32,5,39.1,4.29277334274245,18.574688681227798,31,0.119,0.0726,1,F,Rural,non,3,112.0,11,7,15a34,Q002271,0,13.77
Q002272,E024,26,5,24.8,4.382660773586687,18.456400445033605,53,0.063,0.0658,1,H,Rural,oui,1,261.0,8,5,35plus,Q002272,0,15.2
Q002273,E023,38,3,28.6,4.373212626237234,18.482893667451627,35,0.513,0.0557,1,F,Urbain,non,0,342.0,14,7,15a34,Q002273,1,17.95
Q002274,E035,89,6,26.9,4.380931312971298,18.543303514898824,43,0.069,0.0151,1,F,Rural,non,0,278.0,16,5,35plus,Q002274,0,66.23
Q002275,E014,53,3,39.2,4.366661566630361,18.60667462578555,25,0.104,0.063,1,H,Rural,non,1,235.0,9,4,15a34,Q002275,0,15.87
Q002276,E032,82,6,29.2,4.37807819813248,18.510528453208888,4,0.119,0.0252,1,F,Rural,non,0,153.0,7,1,moins15,Q002276,0,39.68
Q002277,E016,83,4,32.0,4.3392166958085,18.560236028408735,38,0.11,0.0605,1,H,Urbain,non,1,455.0,12,4,35plus,Q002277,0,16.53
Q002278,E004,44,1,28.8,4.382168406031476,18.558311874802556,28,0.068,0.0678,1,F,Rural,non,1,569.0,16,6,15a34,Q002278,0,14.75
Q002279,E028,115,5,42.0,4.417228347615943,18.497864619102316,35,0.027,0.0603,1,H,Urbain,non,1,25.0,16,7,15a34,Q002279,1,16.58
Q002280,E051,6,5,28.0,4.335230958157094,18.5131878171549,31,0.285,0.0741,1,F,Rural,non,1,32.0,18,8,15a34,Q002280,0,13.5
Q002281,E058,108,2,10.3,4.337045266075859,18.54874004189055,19,0.068,0.051,1,F,Rural,non,1,240.0,7,1,15a34,Q002281,1,19.61
Q002282,E027,1,5,23.9,4.391525254972711,18.531719136196905,31,0.228,0.0771,1,H,Rural,non,1,351.0,12,7,15a34,Q002282,0,12.97
Q002283,E025,46,4,38.9,4.332299607914272,18.59102942104648,21,0.173,0.0422,1,H,Rural,oui,0,236.0,8,6,15a34,Q002283,0,23.7
Q002284,E060,100,6,39.4,4.324038092074068,18.528960769685693,15,0.127,0.0465,1,H,Rural,non,3,548.0,16,1,15a34,Q002284,0,21.51
Q002285,E052,83,2,42.7,4.381108597469625,18.594354048802362,42,0.217,0.03,1,F,Urbain,oui,1,468.0,15,7,35plus,Q002285,0,33.33
Q002286,E063,39,2,25.2,4.338476623541672,18.531911122533767,18,0.123,0.0783,1,F,Rural,non,0,283.0,18,1,15a34,Q002286,0,12.77
Q002287,E068,107,1,32.4,4.421087322423157,18.551196538488135,28,0.119,0.0578,1,H,Rural,oui,0,1178.0,18,7,15a34,Q002287,0,17.3
Q002288,E062,17,5,51.0,4.336689425409683,18.58999546985749,15,0.349,0.0115,1,F,Rural,non,0,166.0,17,8,15a34,Q002288,1,86.96
Q002289,E071,81,6,31.9,4.319044223365432,18.544640178053175,52,0.19,0.0462,0,H,Rural,oui,5,21.0,10,2,35plus,Q002289,0,21.65
Q002290,E032,63,5,30.1,4.3597607125688285,18.528694423197056,40,0.298,0.0481,0,F,Urbain,non,1,591.0,11,5,35plus,Q002290,1,20.79
Q002291,E030,25,3,33.9,4.381771515765608,18.546540385853103,16,0.106,0.0139,0,H,Urbain,non,1,312.0,16,6,15a34,Q002291,0,71.94
Q002292,E025,111,6,37.7,4.376015855000633,18.594663336029804,31,0.312,0.0464,1,F,Urbain,oui,0,151.0,16,6,15a34,Q002292,0,21.55
Q002293,E018,92,2,37.6,4.386945636867098,18.566582852594582,31,0.917,0.0784,1,F,Urbain,non,0,104.0,16,3,15a34,Q002293,1,12.76
Q002294,E057,2,5,29.7,4.332342197275309,18.44276859178846,32,0.063,0.0615,1,H,Rural,non,0,290.0,14,8,15a34,Q002294,0,16.26
Q002295,E054,11,4,29.9,4.41677467077813,18.513894641443752,21,0.063,0.0246,0,F,Rural,oui,2,65.0,10,5,15a34,Q002295,0,40.65
Q002296,E061,7,6,31.9,4.277232591254354,18.514325929936128,20,0.403,0.0263,1,F,Rural,oui,0,224.0,9,4,15a34,Q002296,0,38.02
Q002297,E013,50,6,28.9,4.320957175205553,18.579175574682576,55,0.197,0.0657,1,H,Rural,oui,1,194.0,18,4,35plus,Q002297,1,15.22
Q002298,E037,51,3,25.4,4.361918379125652,18.45418699079317,17,0.082,0.0617,1,H,Urbain,oui,0,205.0,8,7,15a34,Q002298,0,16.21
Q002299,E017,87,1,46.7,4.32514409148391,18.5639870239079,15,0.319,0.0307,1,F,Urbain,oui,3,793.0,8,8,15a34,Q002299,0,32.57
Q002300,E067,82,1,31.2,4.344515004585325,18.581801011930427,3,0.051,0.0597,1,F,Urbain,non,3,392.0,8,8,moins15,Q002300,0,16.75
Q002301,E021,2,5,31.5,4.310917010016986,18.581808161891438,27,0.186,0.063,1,F,Rural,non,1,329.0,12,4,15a34,Q002301,0,15.87
Q002302,E011,58,3,31.8,4.349592161263686,18.545765848763264,11,0.098,0.0602,1,H,Rural,oui,0,277.0,7,7,moins15,Q002302,0,16.61
Q002303,E043,95,1,33.4,4.383153862691902,18.469204738401007,63,0.161,0.0605,1,H,Urbain,oui,1,315.0,7,2,35plus,Q002303,0,16.53
Q002304,E066,108,5,37.0,4.333222491969766,18.537139540129875,10,0.13,0.0114,1,H,Rural,oui,3,1203.0,15,7,moins15,Q002304,0,87.72
Q002305,E069,36,4,30.7,4.31605162854198,18.62369092910559,19,0.598,0.0554,0,F,Rural,non,1,331.0,10,8,15a34,Q002305,0,18.05
Q002306,E008,6,1,42.0,4.336954085280828,18.520206466846442,63,0.173,0.0794,1,F,Urbain,non,1,116.0,18,6,35plus,Q002306,0,12.59
Q002307,E025,19,5,38.2,4.415193377722932,18.65904166705532,47,0.122,0.0559,1,H,Rural,non,0,37.0,12,2,35plus,Q002307,0,17.89
Q002308,E012,41,4,32.7,4.414778672542068,18.590557621182942,3,0.369,0.0294,1,H,Rural,oui,1,53.0,15,4,moins15,Q002308,0,34.01
Q002309,E024,54,6,29.3,4.3360945022386375,18.542849094995578,31,0.101,0.0685,1,F,Rural,non,2,37.0,16,7,15a34,Q002309,0,14.6
Q002310,E041,43,6,41.6,4.3854143479289105,18.561286680767182,34,0.17,0.0446,1,H,Urbain,oui,1,277.0,10,4,15a34,Q002310,0,22.42
Q002311,E022,11,6,32.9,4.359083273781143,18.56871912418859,16,0.217,0.0762,1,F,Rural,non,0,83.0,15,7,15a34,Q002311,0,13.12
Q002312,E006,41,6,25.3,4.424202428259303,18.521141817927628,40,0.42,0.0779,1,F,Rural,non,0,48.0,18,2,35plus,Q002312,0,12.84
Q002313,E039,35,5,41.1,4.36957831443489,18.529307749545122,9,0.14,0.0367,1,F,Rural,oui,1,187.0,10,6,moins15,Q002313,0,27.25
Q002314,E004,59,5,28.9,4.349922290829692,18.64973167644567,5,0.093,0.0289,1,F,Rural,non,0,58.0,15,2,moins15,Q002314,0,34.6
Q002315,E018,10,4,40.1,4.439993870442929,18.62458569968239,45,0.135,0.0622,1,F,Urbain,oui,0,160.0,15,7,35plus,Q002315,0,16.08
Q002316,E001,95,5,16.4,4.313809942367447,18.531111341745504,39,0.23,0.0364,1,H,Rural,oui,2,707.0,18,1,35plus,Q002316,0,27.47
Q002317,E007,51,6,31.4,4.37596021071881,18.511057942026795,58,0.252,0.0494,1,H,Urbain,non,1,229.0,16,1,35plus,Q002317,0,20.24
Q002318,E033,39,1,12.7,4.428303624110084,18.470341800456836,29,0.17,0.0699,1,H,Rural,non,1,6.0,12,5,15a34,Q002318,1,14.31
Q002319,E064,109,1,34.0,4.3933080113830245,18.657828670689103,55,0.099,0.0294,1,F,Urbain,non,0,232.0,18,7,35plus,Q002319,1,34.01
Q002320,E059,90,3,38.2,4.321857938188999,18.601214684552026,22,0.097,0.065,0,F,Rural,non,1,105.0,7,4,15a34,Q002320,0,15.38
Q002321,E008,17,2,27.7,4.319166522935631,18.612321619230002,48,0.034,0.0127,1,F,Rural,non,0,443.0,14,5,35plus,Q002321,0,78.74
Q002322,E003,18,4,36.4,4.2895755986007815,18.522830800615832,58,0.202,0.0438,1,H,Rural,non,1,143.0,16,1,35plus,Q002322,0,22.83
Q002323,E026,1,2,34.0,4.434146079202095,18.519538673548993,15,0.076,0.0552,1,H,Rural,oui,0,182.0,17,7,15a34,Q002323,1,18.12
Q002324,E049,68,5,35.7,4.303355333277392,18.503925079604812,5,0.322,0.0147,1,F,Rural,non,1,459.0,16,3,moins15,Q002324,1,68.03
Q002325,E057,43,6,48.3,4.395670075101204,18.392000630064143,34,0.339,0.0653,1,F,Urbain,oui,1,111.0,15,2,15a34,Q002325,0,15.31
Q002326,E062,46,2,43.1,4.288674429989097,18.506271987895385,33,0.314,0.0335,1,F,Rural,non,2,584.0,9,8,15a34,Q002326,0,29.85
Q002327,E026,62,5,39.5,4.487854545836466,18.56597949397535,28,0.337,0.0541,1,H,Rural,oui,3,83.0,7,7,15a34,Q002327,0,18.48
Q002328,E013,65,1,39.6,4.292355143737448,18.562419780865778,45,0.055,0.0131,0,H,Urbain,oui,3,541.0,11,7,35plus,Q002328,0,76.34
Q002329,E002,1,5,27.6,4.362126085709766,18.519192031611016,14,0.258,0.0193,1,H,Urbain,oui,0,180.0,18,5,moins15,Q002329,0,51.81
Q002330,E012,13,5,30.7,4.420603001997135,18.58273267206454,29,0.149,0.0359,1,F,Rural,non,3,46.0,18,2,15a34,Q002330,0,27.86
Q002331,E005,95,5,23.3,4.3248463532839265,18.516292245517736,19,0.036,0.0331,1,F,Urbain,non,0,610.0,16,2,15a34,Q002331,0,30.21
Q002332,E065,115,3,25.1,4.38818856004756,18.588385753953315,55,0.264,0.0593,1,H,Urbain,oui,3,7.0,8,3,35plus,Q002332,0,16.86
Q002333,E021,101,1,9.7,4.3459083997264365,18.587741881859074,42,0.128,0.0619,1,H,Rural,non,0,13.0,15,4,35plus,Q002333,1,16.16
Q002334,E062,109,6,33.8,4.379409587035417,18.590958138889945,20,0.349,0.0653,1,F,Urbain,oui,2,1006.0,8,6,15a34,Q002334,0,15.31
Q002335,E042,56,1,25.4,4.414038496598635,18.553692584610292,31,0.046,0.0167,1,F,Urbain,non,0,167.0,12,1,15a34,Q002335,0,59.88
Q002336,E041,100,3,33.7,4.338581495531163,18.50919148713824,28,0.303,0.0677,1,H,Urbain,non,0,224.0,13,1,15a34,Q002336,0,14.77
Q002337,E035,106,2,32.9,4.434845518394836,18.490384354497973,11,0.501,0.0764,0,F,Urbain,oui,2,67.0,13,7,moins15,Q002337,0,13.09
Q002338,E062,108,6,26.1,4.3776214487423255,18.4415681118296,54,0.037,0.0319,1,H,Rural,non,1,834.0,14,2,35plus,Q002338,0,31.35
Q002339,E004,18,4,44.7,4.457423293650312,18.5878585181404,24,0.077,0.0368,1,H,Rural,non,2,29.0,16,2,15a34,Q002339,0,27.17
Q002340,E007,18,4,24.7,4.318402684391481,18.46570822602806,77,0.368,0.0246,1,F,Rural,non,3,58.0,18,4,35plus,Q002340,0,40.65
Q002341,E032,49,2,41.8,4.327896165422032,18.543246879837824,30,0.104,0.0502,1,F,Rural,non,0,949.0,9,8,15a34,Q002341,1,19.92
Q002342,E030,61,5,18.2,4.348386684730238,18.560900102382742,49,0.276,0.0578,1,H,Rural,oui,0,346.0,8,7,35plus,Q002342,0,17.3
Q002343,E041,115,2,33.0,4.2993673580413105,18.496544153331534,31,0.384,0.0297,1,H,Urbain,non,1,2.0,14,7,15a34,Q002343,0,33.67
Q002344,E056,39,5,25.6,4.406294180329885,18.54383854295367,35,0.102,0.078,1,H,Urbain,oui,2,222.0,12,7,35plus,Q002344,1,12.82
Q002345,E045,100,6,29.4,4.356208007158214,18.565949153174934,24,0.152,0.0398,1,H,Rural,oui,0,263.0,8,3,15a34,Q002345,0,25.13
Q002346,E020,107,2,46.7,4.302693789512417,18.536332531285023,5,0.328,0.0168,1,F,Urbain,oui,1,172.0,14,7,moins15,Q002346,1,59.52
Q002347,E025,116,5,31.6,4.318860382147919,18.573019650084934,56,0.177,0.064,0,F,Urbain,non,3,38.0,16,7,35plus,Q002347,0,15.62
Q002348,E057,23,2,26.3,4.316501769433019,18.527769462061322,21,0.368,0.0507,1,F,Rural,non,0,24.0,15,4,15a34,Q002348,0,19.72
Q002349,E016,30,6,37.4,4.406182973994078,18.53611031941927,50,0.395,0.0498,1,H,Rural,oui,1,163.0,8,1,35plus,Q002349,1,20.08
Q002350,E038,27,6,31.5,4.38285881275269,18.50556106432409,62,0.297,0.0283,1,H,Urbain,oui,1,899.0,8,3,35plus,Q002350,0,35.34
Q002351,E041,89,2,35.1,4.3533717155591605,18.543219485167164,21,0.047,0.0116,1,H,Rural,oui,1,39.0,15,4,15a34,Q002351,0,86.21
Q002352,E057,83,2,27.6,4.341735074026252,18.550303466217432,18,0.042,0.0371,1,H,Rural,oui,1,453.0,10,5,15a34,Q002352,0,26.95
Q002353,E054,49,1,12.7,4.348063476322804,18.50380779178981,22,0.501,0.0622,1,F,Urbain,non,1,313.0,10,4,15a34,Q002353,1,16.08
Q002354,E035,11,5,28.5,4.449055689705542,18.5714474029781,0,0.352,0.0657,1,F,Rural,non,0,439.0,11,3,moins15,Q002354,1,15.22
Q002355,E024,63,6,39.6,4.348304931322945,18.426726418161365,36,0.194,0.0701,0,F,Rural,non,2,194.0,8,7,35plus,Q002355,0,14.27
Q002356,E028,88,1,32.4,4.402877395017178,18.60410007550219,50,0.256,0.0108,1,F,Rural,non,1,114.0,18,3,35plus,Q002356,0,92.59
Q002357,E031,57,5,26.7,4.343534485293259,18.479125899293656,16,0.096,0.0543,0,F,Rural,oui,1,60.0,14,7,15a34,Q002357,0,18.42
Q002358,E017,33,5,35.1,4.444124894988569,18.6020214919148,38,0.104,0.0224,1,F,Rural,non,0,215.0,7,6,35plus,Q002358,0,44.64
Q002359,E047,72,3,8.6,4.299040409136633,18.581024319133366,27,0.113,0.0552,1,H,Urbain,oui,3,343.0,9,7,15a34,Q002359,1,18.12
Q002360,E016,80,2,38.0,4.400351529871977,18.60062981158166,27,0.143,0.0141,1,F,Urbain,oui,1,296.0,17,1,15a34,Q002360,0,70.92
Q002361,E049,71,4,30.6,4.3220303274815945,18.493690972779152,30,0.054,0.0788,0,F,Rural,non,0,194.0,16,2,15a34,Q002361,0,12.69
Q002362,E057,105,4,33.5,4.470664927392603,18.539820192981413,35,0.109,0.0182,1,H,Rural,non,0,95.0,7,7,35plus,Q002362,0,54.95
Q002363,E073,38,5,37.0,4.394867329647403,18.56469124276403,21,0.077,0.0731,1,F,Rural,oui,0,221.0,7,8,15a34,Q002363,0,13.68
Q002364,E009,74,4,26.9,4.274810360634312,18.57139777456297,31,0.48,0.0185,1,F,Urbain,non,4,445.0,17,5,15a34,Q002364,0,54.05
Q002365,E057,103,1,40.2,4.313426706504732,18.592007469302295,21,0.571,0.0709,1,F,Rural,non,0,19.0,9,2,15a34,Q002365,0,14.1
Q002366,E007,26,2,34.1,4.394257614666307,18.582567366302232,32,0.142,0.0723,1,F,Rural,oui,2,137.0,14,1,15a34,Q002366,0,13.83
Q002367,E026,34,3,26.3,4.392889594835279,18.573788164008686,15,0.211,0.055,1,F,Urbain,oui,0,38.0,18,5,15a34,Q002367,1,18.18
Q002368,E014,6,3,26.2,4.389156250490164,18.574568177516433,44,0.225,0.0247,0,F,Urbain,oui,4,120.0,18,3,35plus,Q002368,0,40.49
Q002369,E013,45,3,33.3,4.3678292220627,18.584187723040934,25,0.051,0.0603,1,H,Rural,oui,2,94.0,15,7,15a34,Q002369,0,16.58
Q002370,E014,6,6,30.1,4.344053883889352,18.550992467877702,12,0.268,0.0583,1,F,Urbain,oui,2,158.0,8,6,moins15,Q002370,0,17.15
Q002371,E004,90,2,39.3,4.4143373631029705,18.60729388489726,25,0.059,0.0153,0,H,Rural,oui,0,471.0,12,8,15a34,Q002371,1,65.36
Q002372,E062,11,5,32.0,4.316792167356922,18.54615177233259,29,0.136,0.0738,0,F,Rural,non,2,582.0,8,2,15a34,Q002372,0,13.55
Q002373,E005,84,3,36.1,4.362671670745345,18.465434477161654,23,0.078,0.03,1,H,Urbain,non,3,218.0,17,1,15a34,Q002373,0,33.33
Q002374,E030,70,6,28.1,4.328992905397311,18.612268969020963,6,0.251,0.0692,1,F,Urbain,non,1,145.0,16,8,moins15,Q002374,0,14.45
Q002375,E053,119,6,33.8,4.3612,18.5551,29,0.028,0.0617,1,F,Rural,oui,2,97.0,11,1,15a34,Q002375,1,16.21
Q002376,E075,42,5,43.2,4.337050005545975,18.542551622076125,33,0.127,0.0319,0,F,Rural,non,0,300.0,17,8,15a34,Q002376,0,31.35
Q002377,E065,42,5,33.0,4.32323684954222,18.555703190472443,37,0.192,0.0595,1,F,Urbain,oui,1,79.0,16,7,35plus,Q002377,0,16.81
Q002378,E011,30,4,30.1,4.387485671725763,18.625351584200526,46,0.26,0.0142,0,F,Rural,non,3,286.0,8,1,35plus,Q002378,0,70.42
Q002379,E075,65,4,28.0,4.286194902070841,18.555003151187606,38,0.172,0.0401,1,H,Rural,non,1,100.0,11,7,35plus,Q002379,0,24.94
Q002380,E050,27,4,33.9,4.381550871549188,18.625952801856485,35,0.095,0.0374,0,H,Rural,oui,0,143.0,7,7,35plus,Q002380,0,26.74
Q002381,E014,14,1,43.9,4.328286677086519,18.573583414740874,39,0.065,0.0511,1,F,Rural,oui,3,107.0,15,2,35plus,Q002381,0,19.57
Q002382,E034,114,6,24.5,4.361519422914682,18.53185822242943,22,0.507,0.0671,0,H,Rural,oui,1,311.0,7,1,15a34,Q002382,0,14.9
Q002383,E069,82,6,33.7,4.351657775569403,18.484512925565625,44,0.167,0.0729,0,F,Rural,non,1,89.0,14,6,35plus,Q002383,0,13.72
Q002384,E030,15,4,22.0,4.335038926053192,18.554568578272246,29,0.073,0.0526,1,F,Rural,oui,1,259.0,10,6,15a34,Q002384,0,19.01
Q002385,E014,75,6,31.1,4.420656173920923,18.615706788024312,28,0.255,0.0665,1,H,Rural,non,0,200.0,18,8,15a34,Q002385,0,15.04
Q002386,E066,37,3,35.8,4.341455885369575,18.521575121239145,12,0.025,0.044,1,F,Rural,oui,0,22.0,13,7,moins15,Q002386,0,22.73
Q002387,E072,22,1,22.9,4.395175116943754,18.568328932586866,35,0.415,0.0135,1,F,Urbain,non,1,195.0,10,2,35plus,Q002387,1,74.07
Q002388,E074,57,6,30.9,4.395819370942187,18.626752814842707,36,0.993,0.0444,1,F,Rural,non,3,204.0,13,8,35plus,Q002388,1,22.52
Q002389,E072,95,4,36.0,4.346370792348917,18.461356856440368,42,0.042,0.0546,0,F,Rural,non,0,1348.0,8,7,35plus,Q002389,0,18.32
Q002390,E066,1,6,34.9,4.297105512545763,18.569877722657868,10,0.119,0.0686,1,H,Rural,non,2,53.0,16,2,moins15,Q002390,0,14.58
Q002391,E035,43,2,36.4,4.315892731234411,18.577702307911252,41,0.277,0.0419,1,H,Rural,non,1,261.0,11,1,35plus,Q002391,0,23.87
Q002392,E015,111,3,27.2,4.423939912252729,18.567804402312674,28,0.261,0.0338,1,H,Rural,non,2,18.0,12,8,15a34,Q002392,0,29.59
Q002393,E047,48,5,36.0,4.384627536042885,18.46480277661944,17,0.163,0.054,1,F,Urbain,oui,1,194.0,16,6,15a34,Q002393,0,18.52
Q002394,E017,12,1,29.8,4.3669427728256185,18.51203695562932,24,0.071,0.0411,1,H,Urbain,oui,2,299.0,10,7,15a34,Q002394,0,24.33
Q002395,E036,52,6,39.0,4.331648628976821,18.4457085806212,18,0.101,0.0484,1,H,Rural,non,1,119.0,15,7,15a34,Q002395,0,20.66
Q002396,E050,82,4,17.8,4.446591096590318,18.484116708625034,35,0.142,0.0798,1,H,Urbain,non,0,442.0,15,4,35plus,Q002396,0,12.53
Q002397,E071,120,2,32.0,4.316594617264668,18.592185143275422,24,0.18,0.0286,1,F,Rural,non,0,75.0,15,4,15a34,Q002397,0,34.97
Q002398,E022,76,5,34.7,4.366985455212004,18.53350068035141,29,0.12,0.0727,1,F,Rural,non,2,193.0,7,6,15a34,Q002398,0,13.76
Q002399,E019,7,6,43.4,4.38509034634447,18.590962265435063,23,0.235,0.0554,1,H,Rural,non,0,306.0,9,1,15a34,Q002399,0,18.05
Q002400,E056,98,3,34.6,4.294714687669785,18.58822719829986,29,0.175,0.0331,1,H,Rural,non,1,88.0,16,3,15a34,Q002400,0,30.21
Q002401,E001,94,4,35.3,4.322076003688739,18.49381861707483,13,0.218,0.0364,0,H,Urbain,oui,3,515.0,11,4,moins15,Q002401,0,27.47
Q002402,E043,79,5,36.6,4.337122731272782,18.558463730732356,0,0.153,0.0162,1,F,Rural,non,0,32.0,18,2,moins15,Q002402,0,61.73
Q002403,E056,108,1,42.8,4.403095510412301,18.470686899251643,70,0.059,0.0228,1,H,Rural,non,3,59.0,18,8,35plus,Q002403,0,43.86
Q002404,E042,93,4,31.3,4.33810804141619,18.56373577661634,30,0.361,0.0757,1,F,Rural,oui,1,73.0,14,6,15a34,Q002404,1,13.21
Q002405,E029,28,4,24.2,4.288190529776071,18.57118649036234,75,0.14,0.0705,0,H,Urbain,non,1,783.0,8,5,35plus,Q002405,0,14.18
Q002406,E063,51,2,22.8,4.283385864861346,18.53862886300624,29,0.059,0.0766,1,H,Urbain,non,3,68.0,7,7,15a34,Q002406,0,13.05
Q002407,E028,61,2,38.6,4.3216500348252405,18.46589501815525,30,0.058,0.0572,1,F,Urbain,non,1,70.0,7,3,15a34,Q002407,0,17.48
Q002408,E054,59,4,10.4,4.28549457370179,18.47561495589291,26,0.131,0.0204,1,H,Urbain,non,0,319.0,13,2,15a34,Q002408,1,49.02
Q002409,E035,77,5,32.2,4.398432174553563,18.67713125357707,39,0.386,0.0341,1,F,Rural,non,2,71.0,7,3,35plus,Q002409,0,29.33
Q002410,E002,85,3,29.9,4.400392017351482,18.581069701094307,32,0.109,0.0559,1,F,Rural,oui,0,396.0,9,8,15a34,Q002410,0,17.89
Q002411,E040,13,1,35.3,4.360352748480954,18.536058048875134,10,0.247,0.0653,1,F,Rural,non,1,32.0,17,3,moins15,Q002411,0,15.31
Q002412,E004,69,5,35.5,4.346844251457614,18.59799559434277,15,0.101,0.0708,1,F,Urbain,non,0,161.0,12,3,15a34,Q002412,0,14.12
Q002413,E070,5,2,37.4,4.397079826481911,18.62358203448874,12,0.043,0.0227,1,H,Rural,non,0,317.0,8,6,moins15,Q002413,0,44.05
Q002414,E046,62,1,26.2,4.395008985593852,18.61052658247421,30,0.314,0.0715,0,H,Urbain,oui,1,8.0,14,7,15a34,Q002414,1,13.99
Q002415,E028,51,2,21.6,4.310666018478603,18.540325337883832,33,0.307,0.0708,0,F,Urbain,non,2,132.0,14,4,15a34,Q002415,0,14.12
Q002416,E037,25,5,27.6,4.317574333959212,18.533306287607335,32,0.451,0.0671,1,F,Rural,non,0,24.0,11,3,15a34,Q002416,0,14.9
Q002417,E047,119,5,24.5,4.395327210394931,18.58979411529717,20,0.176,0.0584,0,F,Rural,non,3,52.0,14,4,15a34,Q002417,0,17.12
Q002418,E020,31,2,24.2,4.373527762964551,18.538228811755936,12,0.411,0.0601,1,H,Urbain,oui,1,637.0,18,7,moins15,Q002418,0,16.64
Q002419,E022,7,4,45.0,4.390411761141608,18.609932804293724,47,0.068,0.0365,1,H,Rural,non,1,57.0,13,2,35plus,Q002419,0,27.4
Q002420,E032,44,6,18.1,4.315303807629858,18.55560466627248,35,0.109,0.078,1,F,Urbain,non,1,447.0,12,7,15a34,Q002420,1,12.82
Q002421,E020,91,5,37.3,4.322416992893393,18.58967444746729,39,0.205,0.0426,1,H,Urbain,non,1,645.0,8,1,35plus,Q002421,0,23.47
Q002422,E057,2,5,40.3,4.383194442076204,18.601978106621473,45,0.194,0.0669,1,H,Urbain,non,1,237.0,7,6,35plus,Q002422,0,14.95
Q002423,E008,60,1,40.9,4.3259020423104975,18.48505337118543,0,0.188,0.0418,1,F,Rural,non,1,34.0,17,1,moins15,Q002423,0,23.92
Q002424,E062,51,2,35.9,4.284003002992592,18.557284901714656,31,0.24,0.0766,0,H,Urbain,non,1,572.0,14,1,15a34,Q002424,0,13.05
Q002425,E027,104,1,43.2,4.326659426224342,18.607414648457613,47,0.124,0.0636,1,H,Rural,oui,3,167.0,18,1,35plus,Q002425,0,15.72
Q002426,E043,1,6,46.5,4.349743076965673,18.50966463745868,10,0.126,0.0538,1,H,Urbain,non,1,22.0,10,1,moins15,Q002426,1,18.59
Q002427,E012,3,3,31.9,4.4450674499719,18.522603649345676,13,0.982,0.0248,1,F,Urbain,oui,1,79.0,17,6,moins15,Q002427,1,40.32
Q002428,E029,68,3,37.1,4.3180776825872105,18.610070783009917,13,0.171,0.0612,1,F,Rural,oui,1,65.0,17,1,moins15,Q002428,0,16.34
Q002429,E057,22,4,42.9,4.356915695377486,18.626395130441008,7,0.248,0.0287,1,H,Urbain,oui,3,212.0,11,4,moins15,Q002429,0,34.84
Q002430,E021,85,4,28.0,4.462146391192469,18.373921453345908,39,0.121,0.0485,1,F,Urbain,non,0,4.0,18,8,35plus,Q002430,0,20.62
Q002431,E010,34,1,32.3,4.305329628060526,18.609933848482047,33,0.094,0.0582,1,H,Rural,oui,1,490.0,7,5,15a34,Q002431,0,17.18
Q002432,E040,68,6,29.6,4.393024480270606,18.433757414193607,11,0.037,0.0782,1,H,Urbain,non,0,247.0,7,5,moins15,Q002432,0,12.79
Q002433,E013,5,3,37.2,4.32445118405213,18.54684376425449,3,0.234,0.0207,1,H,Urbain,non,0,686.0,7,7,moins15,Q002433,0,48.31
Q002434,E024,84,6,20.7,4.3612,18.5551,17,0.239,0.066,1,H,Urbain,non,0,213.0,9,7,15a34,Q002434,1,15.15
Q002435,E034,63,5,44.1,4.476732108237405,18.522622213757426,46,0.101,0.0762,1,H,Urbain,non,0,190.0,15,3,35plus,Q002435,0,13.12
Q002436,E043,1,5,37.7,4.399577499921117,18.555248248054802,12,0.077,0.0477,1,H,Urbain,non,1,14.0,11,7,moins15,Q002436,0,20.96
Q002437,E048,32,5,38.1,4.367592942239887,18.57653855631903,4,0.321,0.0631,1,F,Rural,non,1,31.0,7,1,moins15,Q002437,0,15.85
Q002438,E051,8,6,17.5,4.312443836491644,18.621470298333943,27,0.192,0.0723,0,F,Urbain,oui,0,1324.0,7,3,15a34,Q002438,0,13.83
Q002439,E064,6,2,26.7,4.351228959764129,18.482736412558165,10,0.371,0.0554,1,F,Urbain,non,1,300.0,10,8,moins15,Q002439,1,18.05
Q002440,E005,84,2,44.4,4.3317321177241705,18.607811878408807,55,0.313,0.0531,1,F,Urbain,non,0,150.0,13,3,35plus,Q002440,0,18.83
Q002441,E028,52,5,32.8,4.287472264832951,18.5361123943464,31,0.385,0.0392,0,H,Urbain,non,1,51.0,13,6,15a34,Q002441,0,25.51
Q002442,E001,97,2,21.9,4.253554012612218,18.537176745093927,23,0.216,0.0579,0,F,Rural,oui,1,145.0,7,6,15a34,Q002442,0,17.27
Q002443,E001,31,5,35.6,4.318476689912388,18.63502165537806,24,0.037,0.0597,0,H,Rural,non,2,798.0,14,1,15a34,Q002443,0,16.75
Q002444,E016,87,1,38.8,4.358422661598754,18.59212216090486,20,0.398,0.0639,1,F,Rural,oui,1,10.0,12,7,15a34,Q002444,0,15.65
Q002445,E045,74,6,37.7,4.41596591786486,18.46588381388088,22,0.167,0.0525,1,F,Urbain,non,1,49.0,18,7,15a34,Q002445,0,19.05
Q002446,E068,80,3,32.9,4.323090540409274,18.546083372924308,65,0.11,0.071,1,F,Urbain,non,0,350.0,12,3,35plus,Q002446,0,14.08
Q002447,E059,100,1,41.9,4.369580734554751,18.51261454802362,43,0.104,0.0185,1,F,Rural,non,1,38.0,7,8,35plus,Q002447,0,54.05
Q002448,E049,85,4,29.1,4.274940359150607,18.528268309360442,26,0.129,0.0621,0,H,Rural,oui,1,780.0,13,6,15a34,Q002448,0,16.1
Q002449,E059,90,2,37.8,4.319979891801151,18.543428631460124,32,0.145,0.0301,1,H,Urbain,non,1,179.0,7,4,15a34,Q002449,0,33.22
Q002450,E013,89,2,34.9,4.2376335249496,18.573161728939056,18,0.213,0.0303,1,F,Rural,non,1,999.0,13,3,15a34,Q002450,0,33.0
Q002451,E063,54,3,33.1,4.471706211943883,18.487233631947245,44,0.108,0.0769,1,F,Rural,non,1,48.0,17,5,35plus,Q002451,0,13.0
Q002452,E067,87,4,31.3,4.369899609389782,18.53891238420631,0,0.312,0.0446,1,F,Urbain,non,1,646.0,14,1,moins15,Q002452,0,22.42
Q002453,E008,102,1,31.6,4.3683205715634905,18.530264689702065,20,0.234,0.017,1,F,Urbain,non,1,572.0,14,3,15a34,Q002453,0,58.82
Q002454,E036,89,1,34.2,4.3867609842002695,18.56920785933414,12,0.354,0.0798,1,F,Urbain,non,0,340.0,10,8,moins15,Q002454,0,12.53
Q002455,E063,73,3,11.7,4.486617861699798,18.54735146804833,41,0.064,0.025,1,F,Urbain,non,2,8.0,12,1,35plus,Q002455,1,40.0
Q002456,E036,9,3,39.1,4.338236292733266,18.59688798656039,28,0.227,0.0783,1,H,Urbain,oui,1,563.0,12,2,15a34,Q002456,0,12.77
Q002457,E064,53,4,30.2,4.310961280326071,18.562929276392488,1,0.143,0.0618,1,H,Urbain,oui,0,511.0,8,1,moins15,Q002457,0,16.18
Q002458,E071,8,5,45.0,4.460009073826981,18.580163919417057,26,0.094,0.0547,1,H,Rural,non,1,44.0,12,5,15a34,Q002458,0,18.28
Q002459,E036,13,4,29.9,4.29845569932325,18.56164493376123,27,0.21,0.0671,1,F,Urbain,oui,3,509.0,11,7,15a34,Q002459,0,14.9
Q002460,E005,44,1,12.1,4.424906356657694,18.492522447249556,49,0.123,0.049,1,F,Rural,non,1,121.0,17,5,35plus,Q002460,1,20.41
Q002461,E026,56,6,40.7,4.3563090213797695,18.53126590706137,31,0.191,0.0223,1,H,Rural,oui,0,284.0,13,7,15a34,Q002461,0,44.84
Q002462,E017,64,5,35.2,4.381667360331574,18.51656261653687,26,0.437,0.0663,1,F,Urbain,oui,1,178.0,14,5,15a34,Q002462,0,15.08
Q002463,E036,109,1,34.5,4.288164347835515,18.587944506589203,28,0.306,0.0402,1,H,Rural,non,2,159.0,13,5,15a34,Q002463,0,24.88
Q002464,E044,92,5,28.9,4.489678835812396,18.59257433892528,0,0.94,0.0378,1,F,Urbain,non,0,2.0,12,1,moins15,Q002464,1,26.46
Q002465,E035,51,6,30.4,4.340888471349354,18.545906174268765,15,0.088,0.0522,1,F,Rural,non,2,179.0,17,1,15a34,Q002465,0,19.16
Q002466,E015,41,4,35.5,4.324932346483138,18.557262806569486,0,0.996,0.0642,1,F,Rural,oui,1,514.0,11,2,moins15,Q002466,1,15.58
Q002467,E023,86,5,33.7,4.387418542856498,18.4710253048121,57,0.091,0.016,0,H,Urbain,oui,0,813.0,15,2,35plus,Q002467,0,62.5
Q002468,E051,34,6,42.3,4.3277517961745895,18.530511699450795,20,0.165,0.0697,1,F,Urbain,non,1,93.0,18,8,15a34,Q002468,0,14.35
Q002469,E003,107,6,30.8,4.381222992336181,18.42489670771579,37,0.111,0.0307,0,F,Rural,non,1,137.0,18,6,35plus,Q002469,0,32.57
Q002470,E017,94,6,31.2,4.296950918340568,18.590456859702577,12,0.591,0.0186,1,H,Urbain,non,0,551.0,9,4,moins15,Q002470,0,53.76
Q002471,E067,82,2,22.3,4.36728041689509,18.66144693792443,21,0.203,0.0325,1,F,Urbain,non,1,228.0,13,4,15a34,Q002471,1,30.77
Q002472,E008,30,1,38.5,4.329841724581152,18.523339938075782,22,0.283,0.0178,1,F,Rural,oui,2,102.0,18,2,15a34,Q002472,0,56.18
Q002473,E032,75,4,37.9,4.320834173164494,18.561441726717355,35,0.356,0.0444,0,F,Urbain,oui,1,299.0,13,5,35plus,Q002473,0,22.52
Q002474,E016,99,5,8.7,4.31293374292676,18.570861849551346,25,0.208,0.021,1,F,Rural,non,0,266.0,8,2,15a34,Q002474,1,47.62
Q002475,E008,9,4,41.2,4.404293193201849,18.4931717781039,17,0.371,0.0758,1,F,Rural,non,3,217.0,17,5,15a34,Q002475,0,13.19
Q002476,E032,22,2,7.5,4.342480121357434,18.543426551357335,0,0.19,0.0115,1,F,Rural,non,2,518.0,10,3,moins15,Q002476,1,86.96
Q002477,E040,62,6,39.8,4.350805721595063,18.573386465962216,60,0.334,0.0267,1,H,Rural,non,2,28.0,12,5,35plus,Q002477,1,37.45
Q002478,E014,44,3,38.3,4.381353294236929,18.558449880330382,19,0.201,0.0732,1,H,Rural,non,0,44.0,13,1,15a34,Q002478,0,13.66
Q002479,E006,86,5,39.3,4.417007866722105,18.552978851472336,21,0.016,0.0466,1,F,Rural,non,2,220.0,11,2,15a34,Q002479,0,21.46
Q002480,E011,49,4,21.1,4.313837316375215,18.535181218911088,18,0.13,0.0407,1,F,Rural,oui,1,287.0,8,6,15a34,Q002480,0,24.57
Q002481,E049,120,6,26.3,4.3710321275175446,18.50919459400134,48,0.028,0.0694,1,F,Rural,non,1,458.0,9,6,35plus,Q002481,0,14.41
Q002482,E065,36,5,25.2,4.314517311544619,18.583798926083794,17,0.139,0.0448,1,H,Urbain,oui,0,500.0,11,8,15a34,Q002482,0,22.32
Q002483,E014,44,4,42.9,4.34957429008038,18.638018480269995,19,0.11,0.0664,1,H,Rural,non,0,83.0,15,6,15a34,Q002483,0,15.06
Q002484,E025,1,6,28.5,4.413254346068307,18.449730131061735,30,0.294,0.0226,1,F,Rural,non,0,241.0,14,2,15a34,Q002484,0,44.25
Q002485,E026,30,1,29.6,4.242697332236296,18.442337504141353,45,0.289,0.0672,1,F,Urbain,oui,1,180.0,9,7,35plus,Q002485,0,14.88
Q002486,E028,29,5,34.0,4.313856052448908,18.489273840711725,26,0.169,0.0369,1,H,Rural,oui,1,447.0,18,5,15a34,Q002486,0,27.1
Q002487,E019,92,4,25.3,4.3484337156695085,18.527939904916256,27,0.151,0.0706,1,F,Urbain,oui,1,91.0,16,5,15a34,Q002487,0,14.16
Q002488,E005,41,5,36.7,4.379031171138051,18.536886265895756,25,0.052,0.0745,1,H,Urbain,non,0,354.0,10,5,15a34,Q002488,0,13.42
Q002489,E040,25,2,19.1,4.420987617846143,18.556358026366613,20,0.968,0.0425,1,F,Urbain,non,0,225.0,13,7,15a34,Q002489,1,23.53
Q002490,E027,38,4,25.8,4.2751359578752535,18.5536245876674,54,0.334,0.0512,0,F,Rural,oui,0,173.0,8,3,35plus,Q002490,0,19.53
Q002491,E026,68,2,35.4,4.4307739858296085,18.543067197677896,15,0.142,0.0472,1,F,Rural,non,0,68.0,9,6,15a34,Q002491,0,21.19
Q002492,E020,95,1,25.3,4.3860395553132525,18.613607772409573,33,0.159,0.0546,1,F,Rural,non,4,537.0,9,5,15a34,Q002492,0,18.32
Q002493,E070,118,4,43.1,4.347968593669397,18.503708516997296,18,0.241,0.0601,1,H,Rural,non,0,143.0,17,3,15a34,Q002493,0,16.64
Q002494,E046,6,1,34.3,4.286548232862498,18.595363177397164,36,0.201,0.0292,1,H,Rural,oui,1,94.0,9,1,35plus,Q002494,0,34.25
Q002495,E032,101,1,41.9,4.3313781787906676,18.649255452385344,26,0.066,0.035,0,F,Rural,non,2,371.0,15,8,15a34,Q002495,0,28.57
Q002496,E016,47,4,36.5,4.4112596461603255,18.47647171569276,30,0.195,0.0515,0,F,Rural,non,3,980.0,8,8,15a34,Q002496,0,19.42
Q002497,E061,97,6,33.9,4.361321204051371,18.452511932466333,28,0.147,0.0343,0,H,Urbain,oui,0,123.0,8,7,15a34,Q002497,0,29.15
Q002498,E067,5,5,27.0,4.3509596553342424,18.559280746904605,10,0.033,0.0331,1,H,Urbain,non,4,768.0,12,8,moins15,Q002498,0,30.21
Q002499,E003,76,1,40.5,4.311425963120132,18.58234136883629,26,0.18,0.0368,0,H,Rural,non,2,122.0,9,8,15a34,Q002499,0,27.17
Q002500,E070,112,1,37.1,4.396731862046606,18.551810606959027,0,0.191,0.0128,1,F,Urbain,non,3,524.0,9,1,moins15,Q002500,0,78.12
Q002501,E053,5,3,48.6,4.352514514762916,18.443709948546353,30,0.238,0.0221,1,H,Urbain,oui,0,397.0,9,7,15a34,Q002501,0,45.25
Q002502,E008,95,3,39.8,4.348168891717487,18.465659591170986,19,0.738,0.0623,1,H,Urbain,non,2,216.0,9,8,15a34,Q002502,0,16.05
Q002503,E057,14,1,31.2,4.355238271131342,18.52459799557309,25,0.072,0.0109,1,H,Urbain,non,2,815.0,14,7,15a34,Q002503,1,91.74
Q002504,E009,118,2,36.0,4.327737544353514,18.570787245203682,27,0.33,0.0132,1,F,Urbain,non,0,1224.0,9,2,15a34,Q002504,0,75.76
Q002505,E004,90,1,12.6,4.319235064536914,18.53227379170138,29,0.257,0.0377,1,F,Urbain,non,1,278.0,7,2,15a34,Q002505,1,26.53
Q002506,E009,110,4,42.1,4.2840237072162095,18.560668748146004,0,0.384,0.0737,1,F,Rural,non,7,100.0,9,3,moins15,Q002506,0,13.57
Q002507,E035,108,4,43.3,4.329026462497748,18.559263308249758,21,0.012,0.0468,1,F,Rural,non,0,623.0,16,5,15a34,Q002507,0,21.37
Q002508,E047,38,3,32.9,4.269991974745158,18.596557280210508,31,0.085,0.0241,1,H,Urbain,oui,2,130.0,16,7,15a34,Q002508,0,41.49
Q002509,E031,50,4,25.5,4.384285060381142,18.491958425767233,50,0.113,0.0516,1,F,Urbain,non,0,913.0,7,8,35plus,Q002509,0,19.38
Q002510,E010,83,2,21.0,4.326618316035779,18.55440785693367,66,0.1,0.0766,1,F,Urbain,non,2,84.0,16,6,35plus,Q002510,0,13.05
Q002511,E015,21,6,26.0,4.3403849286838545,18.62193589139191,57,0.159,0.0118,0,H,Rural,non,2,263.0,9,5,35plus,Q002511,0,84.75
Q002512,E064,37,1,29.9,4.358143267412904,18.510499925268206,15,0.429,0.0291,0,F,Urbain,non,1,508.0,13,7,15a34,Q002512,1,34.36
Q002513,E073,12,4,44.5,4.319890419450139,18.51865526228912,35,0.174,0.0517,1,F,Urbain,non,1,1219.0,12,6,35plus,Q002513,0,19.34
Q002514,E057,107,2,44.6,4.301249807666876,18.554313191122482,44,0.115,0.0229,1,F,Urbain,oui,3,125.0,8,3,35plus,Q002514,0,43.67
Q002515,E008,30,3,40.7,4.3710913167358605,18.497138966352868,37,0.377,0.0164,1,F,Rural,oui,2,388.0,11,3,35plus,Q002515,0,60.98
Q002516,E062,50,4,42.6,4.4544505026395065,18.491784685045307,25,0.081,0.0315,1,H,Urbain,oui,1,230.0,9,5,15a34,Q002516,1,31.75
Q002517,E052,55,4,29.0,4.405506842013694,18.532642901728448,32,0.257,0.0194,1,F,Urbain,oui,0,568.0,9,8,15a34,Q002517,0,51.55
Q002518,E040,46,6,23.4,4.423993506715627,18.537797365236628,33,0.233,0.0232,0,F,Rural,non,0,210.0,10,8,15a34,Q002518,0,43.1
Q002519,E011,94,4,27.0,4.2950781624771635,18.587573380541865,19,0.204,0.0277,1,H,Urbain,non,1,18.0,10,7,15a34,Q002519,0,36.1
Q002520,E075,110,2,19.8,4.3504268507196375,18.505164355278957,32,0.198,0.0201,0,H,Rural,non,1,245.0,16,8,15a34,Q002520,0,49.75
Q002521,E034,69,4,26.2,4.350099805019897,18.551523939480774,9,0.105,0.038,1,H,Rural,non,0,175.0,15,1,moins15,Q002521,0,26.32
Q002522,E004,101,4,30.5,4.431421226062126,18.611715594262908,64,0.271,0.0359,1,H,Urbain,oui,0,235.0,16,5,35plus,Q002522,0,27.86
Q002523,E016,14,6,35.2,4.4058413272355015,18.608740848912763,23,0.161,0.037,1,F,Rural,non,0,103.0,9,7,15a34,Q002523,0,27.03
Q002524,E031,116,4,34.9,4.351793154148457,18.544490410906274,37,0.281,0.0474,1,H,Rural,non,1,342.0,8,3,35plus,Q002524,0,21.1
Q002525,E005,14,6,29.2,4.2455818728028,18.55944582291934,30,0.5,0.0483,1,H,Urbain,non,0,494.0,10,3,15a34,Q002525,1,20.7
Q002526,E025,8,4,38.0,4.302059634456924,18.50473808596785,30,0.064,0.0758,0,F,Rural,non,0,155.0,18,4,15a34,Q002526,1,13.19
Q002527,E036,3,4,29.3,4.391647391822137,18.564442698064866,38,0.275,0.0585,1,F,Urbain,non,0,321.0,12,3,35plus,Q002527,0,17.09
Q002528,E072,30,2,34.1,4.3439630398696725,18.626517151388008,46,0.082,0.0263,1,F,Urbain,non,0,20.0,17,7,35plus,Q002528,0,38.02
Q002529,E007,101,2,26.2,4.354489486345346,18.614966686377542,31,0.275,0.0258,1,H,Rural,oui,0,101.0,8,7,15a34,Q002529,0,38.76
Q002530,E044,37,1,41.6,4.3906815997683415,18.54888774707387,41,0.373,0.0288,1,F,Rural,non,0,261.0,11,7,35plus,Q002530,0,34.72
Q002531,E069,95,4,34.1,4.416590386288635,18.56729505567695,36,0.333,0.0187,1,F,Urbain,non,0,198.0,13,3,35plus,Q002531,0,53.48
Q002532,E061,51,6,38.8,4.3210587177680715,18.513224945988235,10,0.144,0.0363,1,H,Rural,non,0,219.0,7,1,moins15,Q002532,0,27.55
Q002533,E070,13,1,25.5,4.389582712217746,18.50351315469198,30,0.099,0.0553,1,F,Urbain,non,1,910.0,13,2,15a34,Q002533,0,18.08
Q002534,E013,57,6,35.2,4.44057252536801,18.531786921916037,26,0.214,0.028,1,F,Urbain,non,2,731.0,13,5,15a34,Q002534,0,35.71
Q002535,E061,28,6,38.0,4.431398679176472,18.563537846584786,39,0.904,0.0595,0,F,Rural,non,0,137.0,18,1,35plus,Q002535,1,16.81
Q002536,E074,35,3,19.7,4.333459114946269,18.586096251549474,40,0.143,0.0242,1,H,Urbain,oui,2,613.0,10,2,35plus,Q002536,0,41.32
Q002537,E025,63,2,42.2,4.374743808135599,18.546036798230567,31,0.247,0.0789,1,F,Rural,oui,2,379.0,12,4,15a34,Q002537,0,12.67
Q002538,E038,95,4,25.3,4.397537573931919,18.572007542113063,35,0.001,0.0348,1,F,Rural,oui,0,169.0,8,8,35plus,Q002538,1,28.74
Q002539,E040,71,6,35.5,4.361007520075353,18.42240977193701,32,0.172,0.0107,1,H,Rural,non,0,267.0,18,8,15a34,Q002539,0,93.46
Q002540,E038,27,1,46.5,4.347540347402696,18.558522340025306,21,0.274,0.0449,1,F,Rural,non,1,334.0,14,8,15a34,Q002540,0,22.27
Q002541,E022,87,3,40.7,4.273477046188739,18.518988846497443,48,0.194,0.0524,1,F,Urbain,non,1,535.0,14,1,35plus,Q002541,0,19.08
Q002542,E073,84,1,23.6,4.316746172141572,18.487458254812935,40,0.151,0.0539,0,H,Urbain,non,2,112.0,10,2,35plus,Q002542,1,18.55
Q002543,E072,29,4,32.8,4.325233612046807,18.572699319231546,58,0.044,0.076,1,H,Rural,oui,1,753.0,17,4,35plus,Q002543,0,13.16
Q002544,E029,103,1,42.6,4.296931178498789,18.62235801647964,27,0.186,0.012,1,H,Rural,non,0,16.0,7,6,15a34,Q002544,0,83.33
Q002545,E061,102,2,28.3,4.365474924541154,18.549314115257584,21,0.045,0.0364,0,H,Urbain,oui,3,121.0,14,8,15a34,Q002545,0,27.47
Q002546,E030,73,5,31.5,4.40332789939412,18.593989680000487,0,0.064,0.0634,1,F,Urbain,non,2,175.0,7,6,moins15,Q002546,0,15.77
Q002547,E060,36,5,31.3,4.339038736806468,18.529114569746994,65,0.138,0.0499,1,H,Urbain,non,1,303.0,7,3,35plus,Q002547,0,20.04
Q002548,E044,43,2,38.0,4.3612,18.5551,38,0.363,0.0133,1,F,Rural,non,2,652.0,15,5,35plus,Q002548,1,75.19
Q002549,E036,53,4,23.2,4.354081353332592,18.47119019318503,42,0.356,0.0642,1,F,Urbain,oui,1,8.0,18,7,35plus,Q002549,0,15.58
Q002550,E010,23,2,38.4,4.373699328761972,18.544956520151466,56,0.02,0.0285,1,F,Rural,non,2,107.0,9,1,35plus,Q002550,0,35.09
Q002551,E050,37,4,29.6,4.370318362500414,18.58757194166803,32,0.241,0.0508,1,F,Rural,non,1,425.0,17,4,15a34,Q002551,0,19.69
Q002552,E025,17,1,33.9,4.3239427880084795,18.548456559696238,20,0.028,0.0741,1,F,Urbain,non,1,148.0,17,3,15a34,Q002552,1,13.5
Q002553,E017,19,5,32.4,4.299750288049438,18.618820788704568,44,0.207,0.028,0,H,Urbain,oui,3,200.0,13,7,35plus,Q002553,0,35.71
Q002554,E015,90,1,38.2,4.404319985445304,18.446346214335158,27,0.945,0.0537,1,F,Urbain,non,0,412.0,17,6,15a34,Q002554,1,18.62
Q002555,E074,16,4,33.9,4.37758642427883,18.5444403848807,3,0.129,0.0743,1,H,Urbain,non,0,141.0,15,8,moins15,Q002555,0,13.46
Q002556,E008,57,3,44.1,4.325938369471098,18.53753341973595,53,0.246,0.064,0,H,Rural,oui,0,160.0,18,8,35plus,Q002556,0,15.62
Q002557,E060,52,2,40.9,4.284940792389905,18.544484442358694,15,0.252,0.0786,1,H,Urbain,oui,0,76.0,8,1,moins15,Q002557,1,12.72
Q002558,E065,6,4,28.4,4.371130337676865,18.470853162409536,19,0.162,0.0435,1,F,Rural,non,2,22.0,17,5,15a34,Q002558,0,22.99
Q002559,E003,100,1,43.6,4.315122728708849,18.535432981210075,42,0.261,0.0591,1,H,Rural,oui,3,195.0,12,1,35plus,Q002559,0,16.92
Q002560,E045,119,4,36.2,4.3791346091940175,18.533124406108108,0,0.15,0.0659,1,F,Rural,non,3,86.0,17,3,moins15,Q002560,1,15.17
Q002561,E044,77,4,35.2,4.367891821934763,18.562158439519788,32,0.199,0.0683,1,F,Rural,oui,1,395.0,12,2,15a34,Q002561,0,14.64
Q002562,E027,81,3,39.9,4.463845416866131,18.604913085508908,34,0.134,0.0323,1,F,Rural,non,0,913.0,12,3,15a34,Q002562,0,30.96
Q002563,E051,28,3,26.7,4.356104886517894,18.555574222365216,46,0.132,0.0105,1,H,Urbain,non,0,73.0,9,3,35plus,Q002563,0,95.24
Q002564,E031,102,3,24.3,4.460037945161528,18.57088846952263,39,0.023,0.0404,1,F,Urbain,non,4,497.0,16,3,35plus,Q002564,0,24.75
Q002565,E033,95,6,34.2,4.36409564073793,18.612875926434434,41,0.21,0.0167,1,F,Urbain,non,1,333.0,8,7,35plus,Q002565,0,59.88
Q002566,E033,53,5,29.8,4.326653663824566,18.60946029815467,44,0.044,0.063,1,H,Rural,non,1,246.0,16,6,35plus,Q002566,0,15.87
Q002567,E061,85,1,48.5,4.307225902029588,18.430779559268814,52,0.162,0.0612,1,H,Rural,oui,2,421.0,7,5,35plus,Q002567,0,16.34
Q002568,E048,115,2,12.8,4.316148534871571,18.589869998586128,23,0.042,0.0279,0,H,Rural,oui,2,1386.0,16,3,15a34,Q002568,1,35.84
Q002569,E029,73,1,34.3,4.381453995647263,18.589555990110085,15,0.15,0.016,1,H,Rural,oui,0,513.0,12,6,15a34,Q002569,0,62.5
Q002570,E070,24,2,35.3,4.366457984082563,18.53688966641992,16,0.076,0.0314,0,H,Rural,oui,0,188.0,9,8,15a34,Q002570,0,31.85
Q002571,E061,40,5,42.6,4.268068015995685,18.527074033663606,40,0.239,0.0491,0,F,Rural,non,2,1023.0,15,3,35plus,Q002571,1,20.37
Q002572,E070,23,6,27.0,4.411008190393475,18.493543843281355,26,0.088,0.0247,1,F,Urbain,oui,2,91.0,11,1,15a34,Q002572,0,40.49
Q002573,E055,40,3,22.7,4.433845327450501,18.4529395990895,21,0.236,0.0273,1,F,Urbain,non,1,198.0,9,1,15a34,Q002573,0,36.63
Q002574,E030,107,5,43.8,4.267560539411818,18.59248953301359,46,0.03,0.04,1,F,Urbain,non,0,369.0,11,1,35plus,Q002574,0,25.0
Q002575,E058,23,3,34.6,4.410601230719661,18.588255702524805,39,0.159,0.0321,1,F,Rural,oui,1,416.0,17,5,35plus,Q002575,0,31.15
Q002576,E025,108,3,39.7,4.444154641476777,18.545001646681303,54,0.143,0.0268,0,F,Rural,non,1,23.0,7,8,35plus,Q002576,0,37.31
Q002577,E021,35,5,40.0,4.270196878401924,18.585492862894885,34,0.218,0.0249,1,F,Urbain,non,1,565.0,10,6,15a34,Q002577,0,40.16
Q002578,E034,60,2,41.2,4.336636930403956,18.601178701397163,39,0.361,0.0239,0,F,Rural,oui,2,90.0,11,6,35plus,Q002578,0,41.84
Q002579,E073,64,2,31.4,4.317522698659949,18.46021078215205,24,0.199,0.0564,1,H,Rural,non,0,632.0,8,4,15a34,Q002579,0,17.73
Q002580,E043,16,1,29.5,4.408694831558962,18.562465753277046,0,0.445,0.0487,0,H,Urbain,non,1,744.0,15,1,moins15,Q002580,0,20.53
Q002581,E029,23,2,20.0,4.339265577592517,18.537864044673917,22,0.092,0.0598,0,H,Rural,non,1,745.0,7,2,15a34,Q002581,0,16.72
Q002582,E035,37,1,27.0,4.337271880928996,18.57161259142566,19,0.155,0.0681,1,H,Rural,non,0,205.0,12,4,15a34,Q002582,0,14.68
Q002583,E022,8,5,34.4,4.381063304663388,18.559317373717082,10,0.055,0.015,1,F,Urbain,non,1,121.0,8,8,moins15,Q002583,0,66.67
Q002584,E050,91,6,29.1,4.437980962940164,18.588494437495374,33,0.298,0.0498,1,H,Urbain,oui,0,150.0,10,7,15a34,Q002584,0,20.08
Q002585,E027,66,3,26.0,4.3569177384631255,18.470857758476864,45,0.345,0.0232,1,F,Rural,non,1,576.0,17,4,35plus,Q002585,1,43.1
Q002586,E042,102,4,34.4,4.336463305779802,18.615698341952026,23,0.551,0.069,0,H,Rural,oui,0,212.0,15,6,15a34,Q002586,0,14.49
Q002587,E028,104,2,43.4,4.345782355213044,18.523816906913865,36,0.063,0.0396,0,F,Rural,oui,0,387.0,11,8,35plus,Q002587,0,25.25
Q002588,E025,42,1,33.6,4.3612,18.5551,22,0.219,0.0299,1,H,Urbain,oui,3,77.0,18,5,15a34,Q002588,1,33.44
Q002589,E073,99,4,26.1,4.293430859261523,18.462022464495185,28,0.369,0.0637,1,H,Urbain,non,0,139.0,8,6,15a34,Q002589,0,15.7
Q002590,E026,8,1,42.9,4.359178086246606,18.544822144975118,21,0.281,0.072,1,F,Rural,non,0,618.0,7,4,15a34,Q002590,0,13.89
Q002591,E006,52,6,28.6,4.313113198198021,18.54909124655921,35,0.332,0.0705,1,F,Rural,non,3,108.0,17,2,35plus,Q002591,0,14.18
Q002592,E029,80,2,44.4,4.299850121675895,18.54601029367654,39,0.341,0.0785,1,H,Urbain,non,0,180.0,7,3,35plus,Q002592,0,12.74
Q002593,E040,56,5,32.2,4.262766065725114,18.51320358041018,56,0.087,0.0602,0,F,Rural,non,3,540.0,7,2,35plus,Q002593,0,16.61
Q002594,E008,89,2,34.7,4.334250460129898,18.48901909260136,22,0.138,0.0237,1,H,Rural,non,0,288.0,15,8,15a34,Q002594,0,42.19
Q002595,E023,104,1,44.9,4.413936408750717,18.582065515178574,27,0.42,0.0738,1,H,Rural,non,1,293.0,16,2,15a34,Q002595,0,13.55
Q002596,E013,51,4,24.5,4.260830944759032,18.463142920065767,47,0.049,0.0268,1,F,Rural,oui,2,30.0,11,4,35plus,Q002596,0,37.31
Q002597,E038,33,2,26.6,4.3612,18.5551,25,0.374,0.0336,1,F,Rural,non,0,467.0,17,8,15a34,Q002597,1,29.76
Q002598,E055,70,3,31.7,4.327558237489753,18.634726042621164,38,0.246,0.015,1,F,Urbain,non,1,150.0,9,4,35plus,Q002598,0,66.67
Q002599,E073,105,2,33.0,4.306830253702793,18.66083895598896,23,0.236,0.0585,1,F,Rural,oui,2,700.0,13,6,15a34,Q002599,0,17.09
Q002600,E030,119,6,52.5,4.377193782974023,18.495821766225124,36,0.523,0.0467,1,H,Urbain,non,0,1673.0,8,2,35plus,Q002600,0,21.41
Q002601,E065,98,4,27.8,4.425528349324715,18.579541893214742,39,0.087,0.0787,1,F,Rural,non,1,483.0,9,6,35plus,Q002601,0,12.71
Q002602,E017,30,5,24.9,4.4348996602017055,18.52187251663964,50,0.315,0.0103,0,H,Rural,non,0,723.0,12,8,35plus,Q002602,0,97.09
Q002603,E059,25,4,27.4,4.374184960689779,18.61122604002368,19,0.197,0.0719,1,F,Rural,non,3,243.0,15,2,15a34,Q002603,0,13.91
Q002604,E043,69,6,35.6,4.356485773511087,18.56965201922055,38,0.054,0.0392,1,H,Rural,non,1,305.0,11,1,35plus,Q002604,0,25.51
Q002605,E057,49,3,37.4,4.3795776647670195,18.535386831826354,28,0.432,0.0563,1,F,Rural,non,1,79.0,12,7,15a34,Q002605,0,17.76
Q002606,E057,74,6,29.1,4.483848113880763,18.50448042711166,6,0.049,0.0512,0,H,Urbain,non,0,418.0,18,1,moins15,Q002606,0,19.53
Q002607,E040,111,6,34.1,4.345366002228636,18.531521715025075,21,0.048,0.0123,1,F,Rural,non,0,479.0,11,1,15a34,Q002607,0,81.3
Q002608,E020,66,6,47.6,4.416746863275777,18.516283321452704,19,0.155,0.0292,1,F,Rural,oui,2,263.0,18,3,15a34,Q002608,0,34.25
Q002609,E040,43,5,34.2,4.330381367077186,18.54878386065248,35,0.208,0.0402,1,F,Urbain,oui,1,202.0,18,8,35plus,Q002609,1,24.88
Q002610,E063,105,6,36.2,4.318468550612638,18.551359576429967,17,0.132,0.0323,0,F,Urbain,non,1,63.0,12,6,15a34,Q002610,0,30.96
Q002611,E073,53,5,47.2,4.448445017770915,18.522272970857042,30,0.157,0.0122,1,H,Urbain,oui,0,14.0,11,6,15a34,Q002611,1,81.97
Q002612,E070,73,2,29.1,4.360132866523509,18.51779452588898,31,0.188,0.0451,1,H,Rural,non,2,203.0,8,6,15a34,Q002612,0,22.17
Q002613,E014,17,1,28.7,4.371228324717927,18.58137141786495,40,0.033,0.0302,1,H,Rural,non,0,77.0,13,3,35plus,Q002613,0,33.11
Q002614,E045,61,2,30.7,4.387347397492093,18.58502490223972,23,0.291,0.0687,1,F,Rural,non,2,104.0,8,6,15a34,Q002614,0,14.56
Q002615,E008,52,4,30.3,4.31536755559391,18.509361610123594,8,0.12,0.0148,1,F,Rural,non,1,88.0,9,7,moins15,Q002615,0,67.57
Q002616,E051,15,1,21.3,4.338086342524629,18.547273125553737,44,0.098,0.0678,1,H,Urbain,oui,1,630.0,13,5,35plus,Q002616,0,14.75
Q002617,E075,26,2,35.0,4.327897657038143,18.506788780951545,22,0.103,0.0665,0,F,Urbain,non,1,81.0,9,2,15a34,Q002617,0,15.04
Q002618,E004,85,4,35.5,4.376608895928982,18.680394469029714,47,0.159,0.0262,0,F,Rural,non,3,671.0,8,3,35plus,Q002618,0,38.17
Q002619,E050,22,2,32.7,4.378331759736765,18.502968927778422,30,0.095,0.0464,1,F,Rural,non,1,229.0,17,8,15a34,Q002619,0,21.55
Q002620,E071,16,5,35.7,4.3299744096916335,18.562665005301202,32,0.042,0.0323,1,H,Rural,non,1,309.0,8,3,15a34,Q002620,0,30.96
Q002621,E064,7,6,35.8,4.461388312240294,18.572254121717716,40,0.068,0.0176,1,F,Rural,non,2,163.0,10,5,35plus,Q002621,0,56.82
Q002622,E030,4,1,12.2,4.358631070646313,18.516733010185188,40,0.599,0.0345,0,H,Rural,oui,0,277.0,7,8,35plus,Q002622,1,28.99
Q002623,E008,53,4,36.0,4.36513908603355,18.506983690742228,29,0.15,0.0658,1,F,Rural,non,1,1771.0,12,6,15a34,Q002623,0,15.2
Q002624,E070,59,5,37.9,4.4271746300265535,18.536026961645593,24,0.238,0.015,1,H,Urbain,non,3,677.0,9,4,15a34,Q002624,0,66.67
Q002625,E070,75,1,22.8,4.316253599024125,18.50674780097426,30,0.274,0.0454,1,F,Rural,non,2,9.0,13,3,15a34,Q002625,0,22.03
Q002626,E044,69,5,44.2,4.333956409700463,18.559420825344322,3,0.203,0.0126,1,F,Rural,non,1,39.0,7,5,moins15,Q002626,0,79.37
Q002627,E074,65,4,25.3,4.3742752269824745,18.507514260550025,45,0.1,0.024,1,H,Rural,non,1,156.0,14,7,35plus,Q002627,0,41.67
Q002628,E001,120,4,26.0,4.286217294372984,18.557331213614994,20,0.208,0.0268,1,H,Rural,oui,0,457.0,17,4,15a34,Q002628,1,37.31
Q002629,E047,30,1,35.4,4.34812735793646,18.446780465873793,23,0.246,0.0196,1,F,Rural,non,3,1029.0,8,3,15a34,Q002629,0,51.02
Q002630,E003,86,3,37.7,4.462543838806244,18.50965259508178,25,0.263,0.0343,0,F,Rural,non,0,135.0,12,3,15a34,Q002630,0,29.15
Q002631,E071,10,3,39.4,4.451449310973338,18.52899828167712,36,0.042,0.0668,1,H,Urbain,oui,1,106.0,7,7,35plus,Q002631,0,14.97
Q002632,E052,102,1,37.9,4.404860814645263,18.600033479841752,29,0.115,0.078,1,H,Urbain,oui,2,655.0,15,6,15a34,Q002632,0,12.82
Q002633,E069,44,5,30.4,4.419137622469351,18.457612002165078,40,0.337,0.0133,1,H,Urbain,oui,1,527.0,17,8,35plus,Q002633,0,75.19
Q002634,E043,42,4,34.8,4.3846690481079,18.600767095311397,38,0.051,0.0433,1,F,Rural,non,1,222.0,8,1,35plus,Q002634,1,23.09
Q002635,E007,17,6,31.8,4.338424242437133,18.582985820046513,18,0.209,0.0669,0,F,Rural,non,0,129.0,15,6,15a34,Q002635,0,14.95
Q002636,E002,62,1,35.2,4.442178838587395,18.460722890223174,18,0.133,0.0291,1,F,Rural,non,0,130.0,12,6,15a34,Q002636,0,34.36
Q002637,E026,48,5,34.5,4.3612,18.5551,26,0.133,0.0782,0,H,Urbain,non,2,19.0,7,2,15a34,Q002637,1,12.79
Q002638,E056,117,4,30.5,4.4084230880662805,18.50349727098481,41,0.383,0.0406,1,F,Rural,non,1,451.0,10,2,35plus,Q002638,0,24.63
Q002639,E012,22,4,31.6,4.334540543899586,18.578560392232735,39,0.176,0.0548,1,H,Urbain,non,0,46.0,17,4,35plus,Q002639,0,18.25
Q002640,E064,51,2,21.0,4.337551291906322,18.5815281495586,40,0.144,0.0578,1,H,Rural,non,1,124.0,8,3,35plus,Q002640,0,17.3
Q002641,E018,109,5,39.8,4.386933045284037,18.589657854218864,27,0.204,0.0357,1,F,Rural,non,3,397.0,9,6,15a34,Q002641,0,28.01
Q002642,E038,97,2,36.1,4.461698792729076,18.521426545371092,46,0.227,0.0222,1,H,Urbain,oui,3,31.0,15,8,35plus,Q002642,0,45.05
Q002643,E016,92,5,17.9,4.431433063271428,18.584105280390094,36,0.247,0.0209,1,F,Rural,oui,3,31.0,15,7,35plus,Q002643,0,47.85
Q002644,E035,64,3,39.6,4.376938041802869,18.62699793770129,22,0.236,0.0772,1,F,Urbain,non,0,99.0,10,2,15a34,Q002644,0,12.95
Q002645,E034,105,3,33.6,4.363143630324573,18.535436155370796,27,0.323,0.0503,0,H,Urbain,non,0,90.0,12,2,15a34,Q002645,0,19.88
Q002646,E001,27,4,27.4,4.399073807969695,18.541786991383105,43,0.083,0.0288,1,F,Rural,oui,1,374.0,18,1,35plus,Q002646,0,34.72
Q002647,E043,98,1,26.8,4.428258181599291,18.585520043361242,53,0.391,0.0142,1,H,Urbain,non,0,101.0,11,5,35plus,Q002647,0,70.42
Q002648,E059,70,3,29.2,4.2719721233505075,18.40766779916369,5,0.125,0.0133,1,H,Rural,oui,2,983.0,16,2,moins15,Q002648,0,75.19
Q002649,E071,42,2,27.5,4.3536495005581575,18.500923475222173,34,0.298,0.01,1,F,Urbain,non,0,55.0,18,7,15a34,Q002649,0,100.0
Q002650,E025,27,6,28.4,4.307378306631948,18.60035818397402,6,0.252,0.0255,1,F,Urbain,oui,3,89.0,9,5,moins15,Q002650,0,39.22
Q002651,E067,63,3,45.9,4.349066001066798,18.557688150159432,19,0.362,0.012,1,H,Rural,non,1,125.0,7,5,15a34,Q002651,0,83.33
Q002652,E066,1,1,36.6,4.297104769317317,18.53922577557406,38,0.254,0.071,1,F,Rural,non,1,334.0,11,1,35plus,Q002652,0,14.08
Q002653,E075,86,1,48.3,4.269696584156891,18.502919806724748,32,0.458,0.0224,1,F,Urbain,non,0,419.0,9,6,15a34,Q002653,0,44.64
Q002654,E028,29,6,35.6,4.294037437523948,18.551329802689292,18,0.181,0.032,1,F,Rural,non,0,357.0,8,2,15a34,Q002654,0,31.25
Q002655,E064,47,1,38.1,4.332324600226279,18.523455376906416,24,0.066,0.0754,1,F,Urbain,oui,1,2.0,8,3,15a34,Q002655,0,13.26
Q002656,E043,24,1,27.8,4.389327255290589,18.46265694703366,44,0.252,0.0377,0,H,Rural,non,1,33.0,7,7,35plus,Q002656,0,26.53
Q002657,E005,56,2,32.8,4.319305016913186,18.615131071086704,32,0.113,0.0558,1,F,Urbain,oui,1,111.0,13,2,15a34,Q002657,0,17.92
Q002658,E021,45,2,33.4,4.31671476787796,18.51525624289858,30,0.116,0.0612,0,F,Rural,non,2,108.0,7,4,15a34,Q002658,0,16.34
Q002659,E051,23,1,38.3,4.379785828619891,18.536408561836065,46,0.408,0.0761,1,H,Urbain,oui,1,263.0,18,1,35plus,Q002659,0,13.14
Q002660,E013,107,6,33.7,4.37433944565911,18.460843294894786,42,0.134,0.0585,1,F,Urbain,non,2,1175.0,18,7,35plus,Q002660,1,17.09
Q002661,E033,92,1,36.5,4.445109297060703,18.523243769095547,25,0.361,0.0638,1,F,Rural,non,2,2.0,14,8,15a34,Q002661,1,15.67
Q002662,E059,47,5,36.2,4.406734312567739,18.600296987799492,40,0.133,0.0451,1,F,Urbain,oui,1,216.0,16,6,35plus,Q002662,0,22.17
Q002663,E012,7,6,31.9,4.308705021945491,18.596547256688513,27,0.061,0.0427,1,F,Rural,non,0,482.0,16,8,15a34,Q002663,0,23.42
Q002664,E038,102,4,31.2,4.326471645961958,18.551263426350506,32,0.26,0.0222,1,H,Rural,non,2,46.0,17,5,15a34,Q002664,0,45.05
Q002665,E017,84,1,29.3,4.3973240155046325,18.51875897660202,5,0.273,0.0105,0,H,Rural,non,1,39.0,9,8,moins15,Q002665,0,95.24
Q002666,E041,67,5,41.6,4.315672455614959,18.55129119344441,22,0.059,0.0235,1,F,Urbain,oui,1,21.0,14,8,15a34,Q002666,0,42.55
Q002667,E019,73,2,31.9,4.34378297368081,18.57528393573452,33,0.093,0.063,1,H,Urbain,non,2,176.0,7,8,15a34,Q002667,0,15.87
Q002668,E073,1,3,36.3,4.274477451797696,18.475151454796233,14,0.057,0.0191,0,H,Rural,non,1,41.0,12,5,moins15,Q002668,0,52.36
Q002669,E006,57,2,32.9,4.294668837822979,18.562530183898453,26,0.196,0.0171,1,F,Rural,oui,1,700.0,11,2,15a34,Q002669,0,58.48
Q002670,E073,23,5,41.4,4.422969039847359,18.58832494548754,6,0.134,0.0346,1,F,Rural,oui,0,6.0,8,6,moins15,Q002670,0,28.9
Q002671,E060,79,4,20.1,4.368359642823999,18.54698600688767,41,0.188,0.0705,1,F,Urbain,non,2,333.0,9,4,35plus,Q002671,0,14.18
Q002672,E065,112,1,36.1,4.328549533162926,18.549026112180396,51,0.121,0.0584,1,F,Rural,oui,3,119.0,8,2,35plus,Q002672,0,17.12
Q002673,E064,64,3,25.2,4.335574952914126,18.513680715313328,15,0.267,0.079,1,F,Rural,oui,1,429.0,9,8,15a34,Q002673,0,12.66
Q002674,E015,73,5,36.7,4.445764995723773,18.56485895398003,7,0.197,0.0551,1,H,Rural,non,2,268.0,14,8,moins15,Q002674,0,18.15
Q002675,E070,81,6,33.0,4.327159254247783,18.63041252657421,39,0.291,0.0498,1,H,Urbain,non,1,77.0,18,4,35plus,Q002675,0,20.08
Q002676,E045,112,6,23.7,4.383668309276836,18.620315733747965,34,0.392,0.0645,1,F,Rural,oui,1,403.0,12,2,15a34,Q002676,0,15.5
Q002677,E073,5,1,36.4,4.403572996944622,18.521219542225175,35,0.229,0.0174,1,H,Urbain,non,1,619.0,9,7,35plus,Q002677,1,57.47
Q002678,E066,38,6,35.6,4.432248537102004,18.531272637266003,41,0.176,0.0431,1,H,Urbain,non,0,435.0,12,8,35plus,Q002678,0,23.2
Q002679,E044,33,4,32.4,4.317446849250298,18.618276959924028,33,0.211,0.066,1,F,Rural,oui,1,530.0,14,2,15a34,Q002679,0,15.15
Q002680,E029,86,5,33.3,4.290027861087699,18.579749892562894,51,0.22,0.0203,1,H,Urbain,non,1,446.0,13,5,35plus,Q002680,0,49.26
Q002681,E009,54,3,35.1,4.304816303209406,18.578742976315024,53,0.282,0.0697,1,H,Rural,oui,1,153.0,15,5,35plus,Q002681,0,14.35
Q002682,E008,93,4,42.2,4.396551532632974,18.459587703554543,59,0.259,0.0538,1,F,Urbain,oui,2,468.0,16,6,35plus,Q002682,0,18.59
Q002683,E030,57,2,31.8,4.4595952663352865,18.595740843538948,61,0.138,0.0601,0,F,Urbain,oui,0,95.0,12,3,35plus,Q002683,0,16.64
Q002684,E061,118,4,41.1,4.398289635324189,18.535976507849018,20,0.378,0.0401,1,H,Urbain,non,3,3.0,16,1,15a34,Q002684,0,24.94
Q002685,E038,93,2,33.7,4.327025174999691,18.561674160900726,47,0.162,0.0493,1,F,Urbain,non,3,80.0,13,7,35plus,Q002685,0,20.28
Q002686,E037,3,3,43.1,4.419391281704526,18.514727928283783,33,0.198,0.0593,1,F,Rural,non,1,116.0,7,3,15a34,Q002686,0,16.86
Q002687,E019,119,3,32.4,4.336545181930537,18.63247984614101,2,0.309,0.0625,1,F,Rural,non,2,29.0,14,6,moins15,Q002687,0,16.0
Q002688,E043,115,6,29.3,4.318414683473185,18.501252860791986,38,0.209,0.0177,1,H,Urbain,non,1,201.0,16,6,35plus,Q002688,0,56.5
Q002689,E048,6,4,26.3,4.343428445413602,18.647625998289826,20,0.421,0.0623,0,H,Rural,oui,2,24.0,18,5,15a34,Q002689,0,16.05
Q002690,E074,47,4,33.8,4.330943833597894,18.55143321557171,30,0.068,0.0356,1,H,Rural,non,4,352.0,15,8,15a34,Q002690,0,28.09
Q002691,E055,117,2,28.4,4.324905164961893,18.541631887480438,13,0.268,0.0649,1,F,Rural,non,0,61.0,18,1,moins15,Q002691,0,15.41
Q002692,E046,101,3,43.8,4.421087878213826,18.50584693189708,50,0.281,0.0288,1,F,Rural,non,1,686.0,18,2,35plus,Q002692,0,34.72
Q002693,E069,57,3,27.9,4.334211283087487,18.523863493417302,17,0.491,0.034,0,H,Urbain,non,1,75.0,16,7,15a34,Q002693,0,29.41
Q002694,E032,66,5,29.2,4.280635483729406,18.53983452863447,19,0.102,0.0291,1,F,Urbain,non,1,220.0,17,2,15a34,Q002694,0,34.36
Q002695,E071,4,2,38.1,4.38929351890242,18.55673890487121,50,0.061,0.0396,1,H,Urbain,oui,1,497.0,14,1,35plus,Q002695,1,25.25
Q002696,E028,68,1,42.3,4.312268363481842,18.57697350228894,35,0.056,0.0731,1,H,Urbain,oui,2,72.0,17,1,35plus,Q002696,0,13.68
Q002697,E010,80,4,39.1,4.3138802112812105,18.539570242212548,57,0.159,0.0673,1,F,Rural,non,2,430.0,15,4,35plus,Q002697,0,14.86
Q002698,E032,44,5,41.4,4.395062007289681,18.576933249890548,44,0.106,0.013,1,F,Urbain,non,2,404.0,16,5,35plus,Q002698,0,76.92
Q002699,E010,37,5,33.4,4.3237286131854065,18.609138399924465,47,0.213,0.0345,1,H,Rural,oui,4,148.0,17,8,35plus,Q002699,0,28.99
Q002700,E009,100,5,33.5,4.337357633295523,18.60293610509388,15,0.285,0.0585,1,F,Rural,non,2,134.0,14,5,15a34,Q002700,0,17.09
Q002701,E067,54,3,48.1,4.362108799628107,18.581334929795982,36,0.124,0.0622,0,F,Rural,oui,1,566.0,13,3,35plus,Q002701,0,16.08
Q002702,E060,32,2,45.8,4.3456828950722315,18.57501555674059,58,0.166,0.0124,1,H,Rural,non,3,252.0,17,3,35plus,Q002702,0,80.65
Q002703,E017,45,4,39.0,4.3385391253220815,18.496986447890322,14,0.034,0.0148,1,F,Rural,oui,2,131.0,16,1,moins15,Q002703,0,67.57
Q002704,E063,60,1,41.7,4.242852930454088,18.560446652292843,31,0.282,0.0405,1,F,Urbain,non,0,38.0,10,2,15a34,Q002704,0,24.69
Q002705,E006,32,6,40.0,4.351356859781849,18.495763241363974,29,0.292,0.0585,0,H,Rural,oui,3,478.0,15,7,15a34,Q002705,0,17.09
Q002706,E022,68,5,25.6,4.4406727320072985,18.60084935290213,35,0.307,0.0798,1,F,Rural,non,1,260.0,17,1,35plus,Q002706,0,12.53
Q002707,E053,104,4,33.7,4.391482202439514,18.564429084010367,42,0.296,0.0126,1,F,Urbain,non,0,134.0,9,3,35plus,Q002707,0,79.37
Q002708,E023,90,2,44.5,4.341224936101425,18.606484868852228,33,0.263,0.0365,1,F,Urbain,non,2,48.0,17,2,15a34,Q002708,0,27.4
Q002709,E055,28,2,39.0,4.383508998502011,18.608764548691813,60,0.098,0.0268,1,F,Urbain,oui,2,579.0,15,6,35plus,Q002709,1,37.31
Q002710,E066,57,6,33.6,4.391368052593998,18.57205773046703,0,0.064,0.0574,0,H,Rural,non,1,124.0,9,1,moins15,Q002710,0,17.42
Q002711,E005,66,1,44.6,4.3178969536590595,18.516183357118088,0,0.212,0.0636,0,F,Urbain,oui,1,519.0,9,8,moins15,Q002711,0,15.72
Q002712,E002,82,1,36.6,4.422858737220917,18.43787277655924,25,0.187,0.0601,0,F,Urbain,non,1,1215.0,14,2,15a34,Q002712,1,16.64
Q002713,E071,91,3,39.3,4.3681537251233085,18.57714125384236,50,0.145,0.0469,1,H,Rural,oui,0,162.0,8,4,35plus,Q002713,0,21.32
Q002714,E040,59,2,36.6,4.344383514273452,18.54159586861031,28,0.181,0.0481,0,F,Urbain,non,3,327.0,9,7,15a34,Q002714,0,20.79
Q002715,E038,38,5,37.8,4.439521851100795,18.59001729936456,25,0.346,0.0183,1,H,Urbain,non,2,373.0,12,5,15a34,Q002715,1,54.64
Q002716,E035,80,1,38.3,4.256583463223669,18.58491385094475,2,0.145,0.0145,0,H,Urbain,oui,2,262.0,10,4,moins15,Q002716,0,68.97
Q002717,E033,16,5,43.1,4.30120953307632,18.57991975977543,26,0.32,0.0659,1,H,Urbain,oui,1,102.0,12,5,15a34,Q002717,0,15.17
Q002718,E052,81,5,44.0,4.392080123201965,18.562355272866007,23,0.065,0.0476,1,F,Rural,oui,0,334.0,15,8,15a34,Q002718,0,21.01
Q002719,E044,108,2,30.8,4.393704197446108,18.467064761550123,28,0.257,0.0255,1,F,Rural,non,0,422.0,9,5,15a34,Q002719,0,39.22
Q002720,E013,86,4,36.5,4.442339493173157,18.61319002456114,28,0.352,0.0276,1,F,Urbain,oui,0,181.0,10,7,15a34,Q002720,0,36.23
Q002721,E047,53,5,42.9,4.247200919834943,18.487150695966154,41,0.103,0.0517,1,F,Rural,non,1,2.0,11,8,35plus,Q002721,0,19.34
Q002722,E051,99,6,33.1,4.402934958424008,18.517636883344366,25,0.077,0.0236,1,H,Urbain,oui,2,200.0,13,7,15a34,Q002722,1,42.37
Q002723,E009,64,5,24.8,4.297732549959144,18.533476303541388,18,0.149,0.0285,1,F,Urbain,non,1,558.0,9,6,15a34,Q002723,0,35.09
Q002724,E029,65,6,27.6,4.3809449906631235,18.550917781343376,31,0.328,0.0212,1,H,Rural,non,1,376.0,18,3,15a34,Q002724,0,47.17
Q002725,E060,103,1,28.1,4.356749153180974,18.534044148560714,30,0.138,0.0661,0,H,Urbain,non,0,262.0,14,5,15a34,Q002725,0,15.13
Q002726,E047,24,4,30.8,4.402494999488381,18.52221127835314,12,0.283,0.0583,1,F,Rural,oui,0,70.0,16,6,moins15,Q002726,0,17.15
Q002727,E011,94,5,28.8,4.3482312890876775,18.590128338495795,36,0.232,0.0317,1,F,Rural,oui,2,250.0,13,2,35plus,Q002727,0,31.55
Q002728,E004,82,2,41.2,4.410550796239998,18.483420237821726,12,0.182,0.0534,1,F,Rural,non,0,473.0,7,2,moins15,Q002728,0,18.73
Q002729,E044,64,2,32.1,4.318595788805465,18.529280302853927,40,0.318,0.0441,0,F,Rural,oui,2,387.0,8,4,35plus,Q002729,0,22.68
Q002730,E035,10,1,42.8,4.355927792221159,18.445168368607334,23,0.208,0.0273,1,H,Rural,non,1,442.0,13,3,15a34,Q002730,0,36.63
Q002731,E073,92,6,26.1,4.369639253045614,18.498453747562493,13,0.191,0.0793,0,H,Urbain,non,0,96.0,15,4,moins15,Q002731,0,12.61
Q002732,E040,27,6,31.5,4.443835063056526,18.471844671146894,72,0.083,0.0791,1,F,Rural,non,1,535.0,16,1,35plus,Q002732,0,12.64
Q002733,E070,108,1,34.7,4.401647437442208,18.586700831207576,32,0.029,0.0795,0,F,Rural,non,0,244.0,12,6,15a34,Q002733,0,12.58
Q002734,E017,96,2,39.7,4.370218002040889,18.559339654075504,46,0.22,0.0551,1,F,Urbain,non,1,83.0,15,4,35plus,Q002734,0,18.15
Q002735,E034,44,3,42.0,4.391990312425471,18.509556814952393,29,0.589,0.0615,1,H,Rural,non,1,58.0,13,1,15a34,Q002735,0,16.26
Q002736,E011,53,6,30.2,4.414307748384106,18.390061258904677,50,0.371,0.0439,1,H,Urbain,non,0,181.0,9,3,35plus,Q002736,0,22.78
Q002737,E044,4,5,41.0,4.3787268326622675,18.473708682288734,42,0.138,0.0212,1,F,Rural,oui,1,994.0,13,8,35plus,Q002737,0,47.17
Q002738,E015,60,6,22.2,4.308737830242127,18.495049392520823,26,0.144,0.0438,0,F,Rural,non,1,39.0,9,2,15a34,Q002738,0,22.83
Q002739,E037,7,5,40.1,4.391418756532119,18.5319728566259,45,0.141,0.0414,1,H,Rural,non,0,58.0,12,5,35plus,Q002739,0,24.15
Q002740,E026,119,4,24.6,4.358584281421109,18.58789152757353,48,0.156,0.0328,1,H,Rural,non,1,130.0,8,3,35plus,Q002740,0,30.49
Q002741,E014,77,2,37.1,4.342350539783855,18.47806535804137,24,0.17,0.0225,1,F,Urbain,non,0,285.0,16,1,15a34,Q002741,0,44.44
Q002742,E008,29,4,41.9,4.320738102031927,18.48246169437859,30,0.161,0.0273,1,H,Rural,non,0,45.0,9,5,15a34,Q002742,0,36.63
Q002743,E039,97,3,40.2,4.3889666120732915,18.46620285800282,62,0.233,0.0184,1,F,Urbain,non,0,132.0,12,5,35plus,Q002743,0,54.35
Q002744,E072,3,6,22.5,4.385600041269413,18.550139321567414,33,0.123,0.0413,1,H,Urbain,non,0,121.0,11,5,15a34,Q002744,0,24.21
Q002745,E015,66,3,30.9,4.312221697827815,18.44154155470461,47,0.189,0.0731,1,F,Urbain,non,1,197.0,8,6,35plus,Q002745,0,13.68
Q002746,E031,14,5,39.0,4.304694378518861,18.461741008395855,43,0.296,0.074,1,H,Urbain,non,2,2025.0,8,6,35plus,Q002746,0,13.51
Q002747,E017,7,2,38.8,4.454581183210931,18.573569400927834,47,0.266,0.0133,1,H,Rural,oui,1,171.0,8,1,35plus,Q002747,0,75.19
Q002748,E061,30,5,35.9,4.403031387956309,18.62620087465806,45,0.089,0.0681,1,F,Rural,oui,1,275.0,14,7,35plus,Q002748,0,14.68
Q002749,E032,36,3,18.6,4.364336180652738,18.553185276134773,0,0.347,0.0253,1,F,Urbain,non,0,1554.0,7,2,moins15,Q002749,0,39.53
Q002750,E074,88,3,42.4,4.390312258606593,18.534299290279147,23,0.197,0.0622,1,H,Rural,non,1,50.0,13,5,15a34,Q002750,0,16.08
Q002751,E019,107,5,43.6,4.3366133404829785,18.65890155296997,26,0.273,0.0492,1,F,Rural,oui,3,258.0,16,5,15a34,Q002751,0,20.33
Q002752,E007,94,3,35.1,4.351380134133756,18.52392029426601,35,0.152,0.0413,1,F,Rural,non,2,64.0,8,8,35plus,Q002752,1,24.21
Q002753,E044,89,1,35.6,4.36107340467243,18.52408636364439,17,0.067,0.0247,1,H,Urbain,non,0,289.0,11,1,15a34,Q002753,0,40.49
Q002754,E049,68,3,12.2,4.408215139642814,18.523179122943578,29,0.197,0.0609,1,F,Rural,non,1,615.0,16,2,15a34,Q002754,1,16.42
Q002755,E075,45,6,44.2,4.289333683754627,18.625032724297885,12,0.273,0.0363,1,H,Rural,oui,0,311.0,17,4,moins15,Q002755,0,27.55
Q002756,E066,31,6,35.8,4.308987093518068,18.57694822830986,0,0.083,0.0426,1,F,Urbain,non,2,1276.0,9,4,moins15,Q002756,0,23.47
Q002757,E067,114,4,32.7,4.298762921687643,18.57641869281593,71,0.23,0.0521,0,H,Urbain,non,2,1.0,8,1,35plus,Q002757,0,19.19
Q002758,E048,63,4,36.7,4.3612,18.5551,24,0.057,0.0237,1,H,Urbain,oui,0,294.0,13,1,15a34,Q002758,1,42.19
Q002759,E027,68,2,33.9,4.354954316825072,18.52716688465109,50,0.155,0.0305,1,H,Urbain,oui,2,952.0,12,5,35plus,Q002759,0,32.79
Q002760,E033,2,5,34.0,4.3141811257256455,18.533841066081784,44,0.144,0.0723,1,F,Rural,non,0,160.0,11,7,35plus,Q002760,0,13.83
Q002761,E011,55,4,21.6,4.348923956198257,18.5017710630009,24,0.119,0.0353,1,F,Rural,oui,1,251.0,8,5,15a34,Q002761,0,28.33
Q002762,E033,82,1,37.7,4.328409730784057,18.530193458498463,55,0.285,0.0489,0,F,Urbain,non,0,261.0,15,7,35plus,Q002762,1,20.45
Q002763,E028,60,6,42.2,4.288273271904093,18.56412965983104,15,0.24,0.0777,1,F,Rural,non,1,216.0,7,7,15a34,Q002763,1,12.87
Q002764,E003,74,6,41.1,4.4230175477385805,18.540226672938772,29,0.186,0.0447,1,H,Rural,non,1,1486.0,16,8,15a34,Q002764,0,22.37
Q002765,E016,98,1,40.7,4.352532845855162,18.59046227531206,40,0.105,0.0293,1,F,Urbain,non,2,277.0,17,7,35plus,Q002765,1,34.13
Q002766,E041,3,3,33.6,4.424172458865234,18.563126067424893,31,0.244,0.0646,1,F,Rural,oui,1,345.0,17,4,15a34,Q002766,0,15.48
Q002767,E028,109,5,35.0,4.287561069063638,18.559491091735676,30,0.155,0.0349,0,F,Rural,non,2,277.0,17,2,15a34,Q002767,1,28.65
Q002768,E075,99,5,42.3,4.385213781343288,18.506607102918792,0,0.355,0.0231,1,F,Urbain,oui,1,618.0,15,1,moins15,Q002768,1,43.29
Q002769,E036,51,2,40.1,4.28787476610005,18.48867520654377,42,0.169,0.0337,1,H,Urbain,oui,1,95.0,15,6,35plus,Q002769,0,29.67
Q002770,E072,92,1,44.4,4.4822690880017175,18.493685087981934,44,0.158,0.0219,0,F,Rural,non,1,120.0,16,4,35plus,Q002770,0,45.66
Q002771,E050,8,6,29.3,4.273527097599952,18.604392750378256,23,0.048,0.0643,1,F,Rural,oui,1,284.0,11,5,15a34,Q002771,0,15.55
Q002772,E004,37,6,29.2,4.4498004600488885,18.463642703609928,45,0.11,0.0695,0,H,Urbain,non,0,58.0,16,2,35plus,Q002772,0,14.39
Q002773,E016,13,5,31.7,4.359008785395716,18.559494467311982,34,0.167,0.0241,1,H,Rural,non,1,3.0,11,2,15a34,Q002773,0,41.49
Q002774,E053,77,4,27.4,4.3508628502218345,18.559521928932373,47,0.265,0.0684,1,F,Rural,non,2,81.0,18,2,35plus,Q002774,0,14.62
Q002775,E041,103,5,24.7,4.3894670443449,18.51578731331197,42,0.358,0.0469,1,F,Urbain,non,1,15.0,10,8,35plus,Q002775,0,21.32
Q002776,E023,73,3,37.3,4.313098835384684,18.548204785828375,26,0.158,0.0776,1,F,Rural,oui,1,361.0,12,2,15a34,Q002776,0,12.89
Q002777,E040,86,5,36.8,4.399255403475311,18.55856169006284,62,0.167,0.0278,1,H,Rural,non,0,509.0,9,7,35plus,Q002777,0,35.97
Q002778,E068,18,2,35.7,4.402916946116999,18.49224273588118,17,0.101,0.0617,1,F,Rural,oui,1,364.0,10,6,15a34,Q002778,0,16.21
Q002779,E030,113,1,36.5,4.360595597402213,18.510528142108306,0,0.106,0.014,1,H,Urbain,oui,2,251.0,18,4,moins15,Q002779,0,71.43
Q002780,E004,24,2,23.8,4.372502609358172,18.543295440967427,0,0.289,0.0757,1,F,Urbain,oui,1,239.0,18,3,moins15,Q002780,0,13.21
Q002781,E024,64,2,30.6,4.4564822577707375,18.544835262996504,37,0.247,0.0488,1,F,Rural,non,0,481.0,8,5,35plus,Q002781,0,20.49
Q002782,E071,82,2,31.9,4.392558887856951,18.47890392700293,0,0.411,0.0739,1,H,Rural,oui,2,197.0,10,6,moins15,Q002782,0,13.53
Q002783,E058,103,3,34.3,4.320889717387563,18.550164770169847,21,0.967,0.0487,0,H,Urbain,oui,2,252.0,18,5,15a34,Q002783,1,20.53
Q002784,E063,113,1,23.8,4.397526649191108,18.552058106760537,47,0.368,0.0734,1,H,Rural,non,1,192.0,10,3,35plus,Q002784,0,13.62
Q002785,E069,72,3,27.5,4.333103301947556,18.59578993896401,0,0.174,0.0566,1,F,Urbain,non,1,831.0,10,3,moins15,Q002785,0,17.67
Q002786,E009,70,3,30.9,4.323422439678612,18.544739313784973,27,0.114,0.0593,0,H,Rural,non,0,19.0,12,8,15a34,Q002786,0,16.86
Q002787,E022,51,2,41.4,4.3856323883224775,18.52565189047852,29,0.205,0.0545,1,H,Urbain,non,2,645.0,18,1,15a34,Q002787,0,18.35
Q002788,E005,69,3,35.8,4.309531993097343,18.58418608592351,7,0.065,0.0339,0,H,Urbain,oui,2,182.0,13,7,moins15,Q002788,0,29.5
Q002789,E001,81,5,41.2,4.362319716171619,18.6015026333673,34,0.217,0.0428,1,H,Rural,oui,1,778.0,11,7,15a34,Q002789,0,23.36
Q002790,E063,78,3,33.1,4.393687614446714,18.476565260858763,28,0.078,0.0753,1,F,Urbain,non,1,101.0,13,5,15a34,Q002790,0,13.28
Q002791,E071,72,1,34.0,4.455485522407405,18.519542182834655,40,0.099,0.0114,1,H,Rural,non,1,339.0,15,1,35plus,Q002791,1,87.72
Q002792,E012,53,5,37.5,4.391916712421567,18.43997638718595,30,0.117,0.0118,1,F,Rural,non,2,648.0,15,1,15a34,Q002792,0,84.75
Q002793,E055,24,4,32.8,4.286501569616293,18.497575689873884,23,0.073,0.0384,1,F,Rural,oui,1,117.0,11,1,15a34,Q002793,0,26.04
Q002794,E041,7,3,29.6,4.294310611037429,18.619845231876294,36,0.051,0.0553,1,F,Rural,oui,2,36.0,12,6,35plus,Q002794,0,18.08
Q002795,E006,51,1,23.6,4.44631724239488,18.4918643634152,50,0.12,0.0227,1,H,Urbain,oui,0,89.0,16,8,35plus,Q002795,0,44.05
Q002796,E069,48,1,29.8,4.328287296340029,18.568790344196767,51,0.228,0.0363,1,F,Urbain,oui,4,212.0,13,5,35plus,Q002796,0,27.55
Q002797,E066,73,1,39.9,4.284176729646292,18.565986401331063,40,0.269,0.057,1,F,Urbain,non,0,536.0,10,3,35plus,Q002797,1,17.54
Q002798,E043,109,6,42.8,4.309761536758863,18.516273288163827,45,0.176,0.0359,1,H,Rural,non,0,9.0,17,6,35plus,Q002798,1,27.86
Q002799,E054,85,2,28.6,4.399706520496954,18.522739532150865,21,0.273,0.0216,0,H,Urbain,non,0,117.0,10,7,15a34,Q002799,0,46.3
Q002800,E030,97,3,21.9,4.365641987519075,18.615067308237673,27,0.365,0.0286,1,F,Rural,non,0,31.0,12,5,15a34,Q002800,0,34.97
Q002801,E060,70,5,40.5,4.392366727541789,18.592618733580558,38,0.243,0.0445,0,H,Urbain,non,0,27.0,12,6,35plus,Q002801,0,22.47
Q002802,E034,112,4,34.5,4.358349715885884,18.657307628350328,34,0.298,0.015,0,F,Rural,non,0,1106.0,9,2,15a34,Q002802,0,66.67
Q002803,E075,113,1,24.6,4.304857325604846,18.417697663855826,40,0.331,0.0361,1,H,Rural,non,2,545.0,9,1,35plus,Q002803,0,27.7
Q002804,E005,19,6,12.2,4.270637513040681,18.572143820224902,52,0.298,0.0539,1,H,Urbain,non,0,243.0,7,1,35plus,Q002804,0,18.55
Q002805,E013,77,2,27.3,4.318270636727578,18.42620328745313,29,0.1,0.0276,0,F,Rural,non,1,209.0,15,4,15a34,Q002805,0,36.23
Q002806,E073,61,5,30.8,4.366088384947574,18.543352575779632,8,0.049,0.0196,1,H,Rural,non,0,611.0,18,4,moins15,Q002806,0,51.02
Q002807,E022,117,5,25.9,4.300822418687587,18.534159998652104,17,0.396,0.0725,1,F,Urbain,oui,1,55.0,9,3,15a34,Q002807,0,13.79
Q002808,E024,71,4,38.8,4.409145103401667,18.487882972961685,34,0.148,0.0379,1,F,Rural,non,1,352.0,13,3,15a34,Q002808,0,26.39
Q002809,E060,2,1,28.3,4.309996579698902,18.51491811456916,25,0.098,0.0225,0,H,Rural,non,1,318.0,9,8,15a34,Q002809,0,44.44
Q002810,E015,26,4,7.4,4.277401483781194,18.53017144397206,12,0.285,0.0168,1,H,Urbain,non,2,1260.0,18,8,moins15,Q002810,1,59.52
Q002811,E039,16,2,50.6,4.360033086991045,18.56699069295676,30,0.312,0.0135,1,H,Urbain,oui,1,844.0,7,5,15a34,Q002811,0,74.07
Q002812,E022,25,6,34.8,4.398036119742682,18.487797385977085,19,0.059,0.0554,1,H,Rural,oui,4,140.0,8,5,15a34,Q002812,0,18.05
Q002813,E015,12,5,33.2,4.434628028188679,18.50823346685506,39,0.272,0.0767,0,H,Rural,oui,1,242.0,8,3,35plus,Q002813,0,13.04
Q002814,E073,94,5,33.3,4.2794101377707765,18.57108314471348,53,0.261,0.0334,1,H,Rural,oui,1,232.0,13,8,35plus,Q002814,0,29.94
Q002815,E015,60,5,38.7,4.431184493715372,18.58105497209922,48,0.17,0.0666,0,H,Rural,non,2,591.0,11,5,35plus,Q002815,0,15.02
Q002816,E008,81,2,37.8,4.369266664374174,18.67658065843405,17,0.193,0.0772,1,F,Rural,non,1,751.0,14,8,15a34,Q002816,0,12.95
Q002817,E051,120,1,27.0,4.328949783520454,18.553461246565746,21,0.276,0.0718,1,H,Urbain,non,0,323.0,11,7,15a34,Q002817,0,13.93
Q002818,E066,78,4,31.1,4.3940406361627184,18.576713808824557,7,0.075,0.0403,0,H,Urbain,non,2,179.0,17,8,moins15,Q002818,0,24.81
Q002819,E010,58,4,29.3,4.427769247604466,18.533829531051357,47,0.178,0.0406,1,F,Rural,non,1,71.0,12,7,35plus,Q002819,0,24.63
Q002820,E054,33,6,32.0,4.276046568109674,18.615166983267535,33,0.25,0.0655,0,H,Rural,non,2,297.0,13,8,15a34,Q002820,0,15.27
Q002821,E041,91,4,46.8,4.338453405118392,18.49840714322607,54,0.285,0.0316,0,H,Rural,oui,0,426.0,9,3,35plus,Q002821,0,31.65
Q002822,E063,61,5,38.3,4.332766247011374,18.541683639586598,40,0.203,0.0751,1,H,Urbain,oui,3,35.0,10,4,35plus,Q002822,0,13.32
Q002823,E010,91,3,33.4,4.391299405656879,18.557585243403018,24,0.405,0.0252,1,H,Rural,oui,0,1713.0,14,5,15a34,Q002823,0,39.68
Q002824,E074,3,1,42.7,4.3612,18.5551,4,0.081,0.0496,0,H,Urbain,non,1,370.0,9,7,moins15,Q002824,1,20.16
Q002825,E047,20,1,35.3,4.363670000333776,18.591834315281474,35,0.094,0.0453,0,F,Urbain,non,3,401.0,11,1,35plus,Q002825,0,22.08
Q002826,E064,16,3,22.5,4.345390570297505,18.534850286969434,62,0.131,0.0461,1,F,Rural,non,2,51.0,9,1,35plus,Q002826,0,21.69
Q002827,E028,82,1,45.6,4.382268041337577,18.589655918700686,43,0.345,0.0527,1,F,Urbain,oui,2,488.0,8,3,35plus,Q002827,0,18.98
Q002828,E071,63,4,32.9,4.348276151995791,18.47429371004991,30,0.397,0.0432,0,F,Rural,non,0,50.0,11,1,15a34,Q002828,1,23.15
Q002829,E047,39,3,18.2,4.251522487290349,18.55761780859363,43,0.137,0.0632,1,H,Urbain,non,2,257.0,15,8,35plus,Q002829,0,15.82
Q002830,E010,38,2,22.8,4.385851374987722,18.450635234123723,41,0.179,0.0731,0,F,Urbain,non,3,552.0,18,5,35plus,Q002830,0,13.68
Q002831,E070,73,4,41.9,4.409283790849522,18.533710813617823,50,0.199,0.0798,1,F,Rural,oui,2,758.0,8,5,35plus,Q002831,0,12.53
Q002832,E060,116,5,22.9,4.413684825957197,18.67004069101697,18,0.14,0.0355,1,H,Rural,non,4,423.0,11,2,15a34,Q002832,0,28.17
Q002833,E023,120,1,43.4,4.302200278494486,18.558318079632457,35,0.487,0.0279,1,F,Urbain,non,1,13.0,13,6,35plus,Q002833,1,35.84
Q002834,E041,57,3,34.6,4.390357906461089,18.521157281768488,8,0.113,0.0194,1,H,Rural,non,0,4.0,7,2,moins15,Q002834,0,51.55
Q002835,E030,81,6,39.0,4.436638373049339,18.570742927329636,2,0.293,0.0168,1,F,Rural,non,0,145.0,8,6,moins15,Q002835,0,59.52
Q002836,E041,11,2,32.2,4.486530854902544,18.54263602086222,41,0.139,0.0197,1,F,Rural,oui,1,750.0,12,3,35plus,Q002836,0,50.76
Q002837,E073,114,5,37.7,4.3839466165606344,18.488760642453244,50,0.171,0.0591,1,H,Rural,non,3,228.0,18,8,35plus,Q002837,1,16.92
Q002838,E068,3,3,36.2,4.409193047770518,18.452770958210905,30,0.176,0.0137,1,F,Rural,non,1,647.0,12,8,15a34,Q002838,1,72.99
Q002839,E017,42,2,33.7,4.310368766387147,18.544379832083013,29,0.306,0.0513,1,F,Rural,oui,1,215.0,8,4,15a34,Q002839,0,19.49
Q002840,E073,88,6,26.5,4.303830022795256,18.535273821463182,36,0.998,0.0161,1,H,Rural,non,0,737.0,12,6,35plus,Q002840,1,62.11
Q002841,E033,117,3,36.5,4.409366583557551,18.53231014035737,48,0.298,0.0138,1,F,Rural,non,3,277.0,14,2,35plus,Q002841,0,72.46
Q002842,E053,21,6,21.3,4.258205758633413,18.587194926457144,44,0.085,0.0112,1,F,Rural,non,0,670.0,16,5,35plus,Q002842,0,89.29
Q002843,E058,80,4,40.5,4.367767431254156,18.614605677961723,35,0.257,0.0238,1,H,Rural,non,3,37.0,11,1,35plus,Q002843,0,42.02
Q002844,E037,23,5,35.4,4.4315299459910005,18.582238139158648,41,0.559,0.0779,1,F,Rural,non,1,397.0,11,5,35plus,Q002844,0,12.84
Q002845,E035,7,5,37.2,4.39562931440398,18.52921997212877,43,0.33,0.0143,1,H,Urbain,non,1,267.0,18,1,35plus,Q002845,0,69.93
Q002846,E035,51,6,15.7,4.39530346704954,18.552710979625818,14,0.272,0.0594,1,F,Urbain,non,2,579.0,9,8,moins15,Q002846,0,16.84
Q002847,E065,70,4,26.1,4.357526454147962,18.60164924430004,40,0.151,0.0102,1,F,Urbain,non,0,50.0,17,5,35plus,Q002847,1,98.04
Q002848,E029,32,6,30.5,4.339505659109684,18.590571911720303,10,0.037,0.0489,1,H,Rural,non,2,30.0,18,7,moins15,Q002848,1,20.45
Q002849,E021,117,1,38.7,4.467738766136322,18.57546565837901,47,0.099,0.0184,1,H,Urbain,non,0,191.0,12,8,35plus,Q002849,0,54.35
Q002850,E028,74,3,27.4,4.421682207767662,18.522437606802047,45,0.097,0.0126,1,H,Rural,oui,0,222.0,14,4,35plus,Q002850,1,79.37
Q002851,E015,53,3,51.8,4.402312846798341,18.60185060721465,31,0.191,0.0399,1,F,Urbain,oui,0,9.0,15,8,15a34,Q002851,0,25.06
Q002852,E030,59,1,32.2,4.361392285049599,18.617265846921352,28,0.117,0.0402,1,H,Urbain,oui,0,91.0,11,7,15a34,Q002852,0,24.88
Q002853,E009,56,6,26.9,4.3307940317445786,18.591000097238844,48,0.246,0.0123,0,F,Rural,non,0,333.0,12,6,35plus,Q002853,0,81.3
Q002854,E007,14,5,32.7,4.413981763978769,18.697161067878447,35,0.078,0.0105,1,H,Rural,non,0,26.0,17,5,35plus,Q002854,0,95.24
Q002855,E055,73,5,27.3,4.344655843189069,18.587446193475305,34,0.235,0.025,1,H,Rural,oui,2,38.0,18,6,15a34,Q002855,0,40.0
Q002856,E006,95,4,25.7,4.363935298209821,18.607368041137022,36,0.312,0.0706,1,F,Urbain,non,2,20.0,14,7,35plus,Q002856,0,14.16
Q002857,E043,51,4,41.1,4.390784626145734,18.582034924394176,37,0.134,0.0133,1,H,Rural,non,1,30.0,17,6,35plus,Q002857,0,75.19
Q002858,E059,52,3,37.6,4.370473330588268,18.54352028024971,48,0.15,0.069,1,H,Urbain,non,0,364.0,7,3,35plus,Q002858,0,14.49
Q002859,E055,110,5,37.6,4.4374997277941635,18.49119681882939,6,0.092,0.0276,1,F,Urbain,oui,2,198.0,17,8,moins15,Q002859,0,36.23
Q002860,E034,74,6,42.9,4.294002208416052,18.511536405088698,29,0.161,0.04,1,H,Rural,oui,2,278.0,15,6,15a34,Q002860,0,25.0
Q002861,E015,36,2,9.4,4.363366828621694,18.512054316925827,0,0.306,0.0242,0,H,Rural,non,1,741.0,17,4,moins15,Q002861,1,41.32
Q002862,E070,1,3,11.1,4.466903216842347,18.489554880625864,37,0.053,0.0649,1,H,Rural,oui,0,429.0,8,2,35plus,Q002862,1,15.41
Q002863,E063,99,1,39.0,4.404852670262117,18.53566765322129,21,0.116,0.0277,1,H,Rural,oui,2,281.0,17,1,15a34,Q002863,0,36.1
Q002864,E046,76,6,26.1,4.350147792840515,18.550161660536645,33,0.074,0.063,1,F,Rural,non,3,85.0,14,8,15a34,Q002864,0,15.87
Q002865,E007,76,4,30.7,4.399941039489049,18.60956834963826,19,0.488,0.0286,1,F,Rural,non,1,676.0,10,3,15a34,Q002865,0,34.97
Q002866,E003,34,4,33.7,4.357613099384814,18.489739448950356,18,0.281,0.0266,1,F,Urbain,oui,0,469.0,8,6,15a34,Q002866,0,37.59
Q002867,E024,23,2,33.0,4.433318575536584,18.594595735145298,24,0.305,0.0142,1,H,Rural,oui,2,26.0,15,2,15a34,Q002867,0,70.42
Q002868,E012,60,1,21.5,4.401062652824295,18.56340754225024,32,0.1,0.0179,1,H,Rural,non,2,48.0,11,8,15a34,Q002868,0,55.87
Q002869,E065,91,5,27.2,4.316674166691668,18.568826084324147,41,0.177,0.0467,1,F,Rural,non,4,449.0,13,3,35plus,Q002869,0,21.41
Q002870,E016,36,6,33.8,4.371918085289166,18.54519032802681,20,0.256,0.0289,1,H,Rural,oui,1,1295.0,10,5,15a34,Q002870,1,34.6
Q002871,E022,64,3,10.7,4.380931283641289,18.654595135815658,33,0.043,0.0102,0,F,Urbain,non,1,171.0,18,3,15a34,Q002871,1,98.04
Q002872,E074,120,5,41.9,4.383405425686467,18.510687935321148,37,0.116,0.0518,1,H,Rural,non,0,532.0,11,4,35plus,Q002872,0,19.31
Q002873,E062,27,4,43.1,4.375937471295676,18.522082529238862,23,0.074,0.0676,1,F,Rural,non,1,771.0,10,2,15a34,Q002873,0,14.79
Q002874,E017,28,4,26.2,4.3882372368206735,18.555886545210925,36,0.222,0.0566,1,H,Urbain,oui,2,358.0,13,3,35plus,Q002874,0,17.67
Q002875,E029,29,2,34.4,4.380951268822031,18.569779529424476,11,0.016,0.0657,0,F,Urbain,non,1,0.0,16,7,moins15,Q002875,0,15.22
Q002876,E039,110,4,45.1,4.32394060955642,18.561245671175467,17,0.462,0.0577,1,F,Urbain,oui,1,1198.0,10,3,15a34,Q002876,0,17.33
Q002877,E050,64,1,33.1,4.337176255959745,18.547503068082413,46,0.317,0.0129,1,H,Urbain,oui,2,148.0,18,4,35plus,Q002877,0,77.52
Q002878,E071,111,2,31.2,4.34729168815833,18.57632102997431,0,0.09,0.073,1,H,Urbain,non,2,19.0,15,1,moins15,Q002878,0,13.7
Q002879,E066,114,3,40.0,4.364776531347604,18.580080821892523,25,0.493,0.0774,1,F,Rural,oui,1,125.0,7,4,15a34,Q002879,0,12.92
Q002880,E074,51,2,32.1,4.347454970039327,18.548069579397144,32,0.228,0.0649,0,F,Urbain,non,1,739.0,12,2,15a34,Q002880,0,15.41
Q002881,E004,7,6,42.9,4.415144015351934,18.64183705990174,34,0.12,0.028,0,H,Urbain,oui,1,178.0,14,4,15a34,Q002881,0,35.71
Q002882,E018,37,1,29.8,4.3612,18.5551,35,0.114,0.0436,1,F,Rural,non,2,858.0,10,8,35plus,Q002882,1,22.94
Q002883,E043,66,6,30.7,4.273268560031231,18.536222761317784,27,0.073,0.0518,1,F,Rural,non,0,240.0,8,4,15a34,Q002883,0,19.31
Q002884,E004,46,1,39.5,4.458342209352598,18.61217262403789,25,0.075,0.0781,1,F,Urbain,non,4,34.0,13,4,15a34,Q002884,0,12.8
Q002885,E027,1,6,34.7,4.319124847322505,18.44853634171442,18,0.253,0.0143,1,F,Rural,non,3,1044.0,11,7,15a34,Q002885,0,69.93
Q002886,E012,119,3,34.8,4.415018871460098,18.493739241428013,54,0.187,0.0151,1,F,Urbain,oui,1,203.0,7,8,35plus,Q002886,0,66.23
Q002887,E070,37,6,20.6,4.390429484058244,18.539803115054035,42,0.154,0.0208,1,H,Rural,non,1,168.0,9,1,35plus,Q002887,0,48.08
Q002888,E005,75,4,31.5,4.320886879775059,18.4911035995655,35,0.395,0.0371,1,H,Rural,oui,0,403.0,9,4,35plus,Q002888,0,26.95
Q002889,E012,114,3,40.0,4.353351463430372,18.59016557449106,30,0.095,0.0409,0,F,Urbain,oui,3,87.0,10,2,15a34,Q002889,1,24.45
Q002890,E015,66,1,28.5,4.345902297366549,18.588462960058198,22,0.308,0.0228,1,H,Rural,non,1,101.0,11,4,15a34,Q002890,0,43.86
Q002891,E012,84,3,38.9,4.377818996354886,18.63155528942182,30,0.214,0.0342,1,H,Rural,non,1,112.0,13,2,15a34,Q002891,0,29.24
Q002892,E043,5,4,35.9,4.321628635289127,18.521119050167385,16,0.209,0.0439,1,F,Urbain,non,2,83.0,9,4,15a34,Q002892,0,22.78
Q002893,E028,84,6,32.6,4.351174184600562,18.57837491164536,51,0.146,0.0405,0,F,Rural,non,3,290.0,11,1,35plus,Q002893,0,24.69
Q002894,E069,102,2,43.5,4.358137402186178,18.613986890817653,17,0.064,0.0746,1,F,Rural,non,1,38.0,7,6,15a34,Q002894,0,13.4
Q002895,E020,111,1,31.6,4.415091040527726,18.558126920395733,12,0.098,0.0345,0,H,Urbain,oui,1,490.0,14,6,moins15,Q002895,0,28.99
Q002896,E041,11,2,32.1,4.339444341549983,18.599294214783733,75,0.982,0.0746,0,H,Rural,oui,1,513.0,7,4,35plus,Q002896,1,13.4
Q002897,E050,28,2,32.5,4.311217355927118,18.544997296369154,28,0.335,0.0718,1,F,Rural,oui,1,1009.0,7,5,15a34,Q002897,0,13.93
Q002898,E047,6,6,34.6,4.33276428734837,18.61573569359347,18,0.144,0.0639,1,H,Rural,oui,2,724.0,13,5,15a34,Q002898,0,15.65
Q002899,E060,111,1,39.4,4.378351465227119,18.511948887980715,40,0.289,0.0783,1,F,Urbain,oui,1,243.0,12,3,35plus,Q002899,1,12.77
Q002900,E016,33,6,23.7,4.271420527822475,18.472423708427254,10,0.078,0.0508,1,H,Rural,oui,2,283.0,14,2,moins15,Q002900,0,19.69
Q002901,E039,64,1,40.1,4.419865758361061,18.531055827751583,20,0.073,0.0272,0,H,Rural,oui,0,360.0,17,6,15a34,Q002901,0,36.76
Q002902,E061,58,5,34.5,4.3609825748912465,18.54560690107233,43,0.154,0.0271,1,H,Urbain,oui,2,211.0,17,7,35plus,Q002902,0,36.9
Q002903,E065,83,3,37.9,4.381660803698566,18.571877798481776,63,0.058,0.0642,1,H,Rural,non,1,34.0,17,4,35plus,Q002903,0,15.58
Q002904,E047,108,1,50.7,4.370959217709192,18.572551098758044,46,0.279,0.0229,1,H,Rural,non,4,17.0,11,6,35plus,Q002904,0,43.67
Q002905,E049,39,4,30.4,4.326631909549821,18.514529286009203,41,0.126,0.0435,1,F,Urbain,oui,2,181.0,12,5,35plus,Q002905,0,22.99
Q002906,E065,95,5,25.4,4.305890057231955,18.500073407040322,51,0.195,0.0632,1,F,Rural,non,0,381.0,13,2,35plus,Q002906,0,15.82
Q002907,E047,35,6,35.4,4.324976059113428,18.631321759315473,26,0.343,0.0207,1,F,Rural,non,0,362.0,16,4,15a34,Q002907,0,48.31
Q002908,E072,24,2,36.5,4.284698524789184,18.543114237901516,9,0.141,0.0427,1,H,Rural,oui,4,37.0,9,5,moins15,Q002908,0,23.42
Q002909,E010,13,4,40.1,4.377412648899414,18.526213725343705,20,0.334,0.0715,0,F,Rural,non,3,244.0,13,7,15a34,Q002909,0,13.99
Q002910,E027,45,4,30.2,4.351862337158907,18.565945697415554,51,0.191,0.0328,1,F,Rural,non,1,462.0,7,1,35plus,Q002910,0,30.49
Q002911,E009,68,3,28.2,4.283283886813597,18.501510276393926,13,0.074,0.0551,1,H,Rural,oui,2,151.0,18,1,moins15,Q002911,0,18.15
Q002912,E007,94,6,23.3,4.329174705428277,18.51425580506732,28,0.154,0.0784,1,F,Urbain,oui,3,25.0,7,7,15a34,Q002912,0,12.76
Q002913,E036,102,3,24.4,4.3926067811928,18.589593800755228,31,0.073,0.0494,1,H,Rural,non,1,148.0,17,1,15a34,Q002913,0,20.24
Q002914,E017,64,3,31.1,4.424651141042181,18.499275424576464,37,0.305,0.0329,1,H,Rural,non,2,520.0,7,3,35plus,Q002914,0,30.4
Q002915,E031,50,4,33.2,4.295805815116354,18.483538880054713,40,0.279,0.0132,1,F,Rural,oui,1,334.0,12,5,35plus,Q002915,0,75.76
Q002916,E033,21,6,48.5,4.46806944050134,18.532218689938368,40,0.03,0.0125,1,F,Rural,non,1,584.0,17,6,35plus,Q002916,0,80.0
Q002917,E047,110,6,22.2,4.312029333229029,18.56295197871949,75,0.116,0.0594,0,H,Rural,non,2,76.0,14,4,35plus,Q002917,0,16.84
Q002918,E071,48,5,36.3,4.274761854522888,18.61873514171878,42,0.167,0.0586,0,H,Urbain,oui,1,107.0,18,6,35plus,Q002918,0,17.06
Q002919,E064,92,1,28.9,4.447872825165281,18.567025507445432,52,0.127,0.0422,1,F,Urbain,non,2,639.0,7,8,35plus,Q002919,0,23.7
Q002920,E029,76,2,35.6,4.307958196843119,18.575805763413506,30,0.106,0.0576,1,H,Rural,oui,1,35.0,13,3,15a34,Q002920,1,17.36
Q002921,E025,112,1,30.1,4.436191641319174,18.498866554376495,61,0.224,0.0286,1,F,Rural,non,1,156.0,13,4,35plus,Q002921,0,34.97
Q002922,E058,117,1,41.2,4.326755196348364,18.5593412933764,19,0.116,0.0685,1,F,Rural,non,0,198.0,9,7,15a34,Q002922,0,14.6
Q002923,E010,85,5,41.2,4.345344772598275,18.49403649120005,46,0.369,0.0411,0,F,Rural,oui,0,232.0,10,8,35plus,Q002923,0,24.33
Q002924,E041,80,5,33.2,4.2947443400013965,18.595770818545873,29,0.347,0.0266,1,F,Urbain,non,1,18.0,15,8,15a34,Q002924,0,37.59
Q002925,E032,17,1,44.1,4.423871941393486,18.55567816393059,45,0.731,0.0787,0,H,Urbain,non,1,394.0,14,2,35plus,Q002925,0,12.71
Q002926,E014,2,3,39.3,4.417003639414123,18.547409962597072,39,0.103,0.024,1,H,Rural,non,0,57.0,18,7,35plus,Q002926,0,41.67
Q002927,E047,66,2,43.7,4.326975521423558,18.575283007289134,50,0.146,0.0209,0,F,Rural,non,3,54.0,16,4,35plus,Q002927,0,47.85
Q002928,E025,85,1,33.7,4.356255675107111,18.525468182160058,38,0.154,0.0662,1,H,Rural,non,1,379.0,9,2,35plus,Q002928,0,15.11
Q002929,E014,90,3,40.7,4.39310463977686,18.525749212022884,30,0.049,0.032,1,H,Rural,oui,1,229.0,16,7,15a34,Q002929,0,31.25
Q002930,E049,31,1,28.6,4.336429297807944,18.50245382265414,45,0.166,0.0455,0,H,Rural,oui,2,25.0,13,1,35plus,Q002930,1,21.98
Q002931,E014,61,5,27.9,4.428211055165733,18.63905449367909,18,0.098,0.0746,1,F,Urbain,non,1,328.0,13,5,15a34,Q002931,0,13.4
Q002932,E051,104,6,49.3,4.3547074263058345,18.538607194364744,4,0.271,0.0789,1,H,Rural,oui,0,234.0,13,7,moins15,Q002932,0,12.67
Q002933,E013,12,3,26.4,4.334025994770189,18.53419978878667,0,0.076,0.0204,1,F,Rural,non,1,470.0,9,3,moins15,Q002933,0,49.02
Q002934,E033,47,2,30.9,4.280858246824566,18.584687029518093,58,0.085,0.0103,1,F,Rural,oui,0,538.0,17,8,35plus,Q002934,0,97.09
Q002935,E061,114,3,9.1,4.295314363282107,18.550583525658695,35,0.054,0.0286,1,F,Rural,non,0,948.0,8,1,35plus,Q002935,1,34.97
Q002936,E018,24,6,28.1,4.3894274686514505,18.43391611481214,38,0.182,0.0665,1,F,Rural,non,0,125.0,8,1,35plus,Q002936,0,15.04
Q002937,E058,39,1,27.0,4.371772391330681,18.651138051473588,25,0.125,0.0629,1,H,Rural,non,1,944.0,13,2,15a34,Q002937,0,15.9
Q002938,E055,57,5,29.3,4.400785497614624,18.52601692386826,35,0.146,0.0479,1,F,Urbain,non,1,288.0,13,8,35plus,Q002938,0,20.88
Q002939,E068,83,1,36.1,4.331857588716152,18.508014353190884,20,0.174,0.0417,1,H,Urbain,non,3,163.0,11,2,15a34,Q002939,0,23.98
Q002940,E013,31,2,37.8,4.277934800407995,18.541866444189527,30,0.324,0.0746,1,H,Rural,non,0,266.0,13,1,15a34,Q002940,0,13.4
Q002941,E054,96,3,27.0,4.335184381402653,18.52419383979421,4,0.33,0.0532,1,F,Rural,non,0,1000.0,18,3,moins15,Q002941,0,18.8
Q002942,E071,29,3,28.5,4.461896212793451,18.5251528461433,2,0.224,0.0706,1,F,Rural,non,1,570.0,18,3,moins15,Q002942,0,14.16
Q002943,E058,45,2,41.6,4.311758784560533,18.555813220428185,11,0.111,0.0296,1,H,Urbain,oui,0,1172.0,14,1,moins15,Q002943,0,33.78
Q002944,E015,69,5,45.9,4.358178603310912,18.45699605092632,18,0.079,0.034,1,H,Urbain,oui,1,358.0,16,7,15a34,Q002944,0,29.41
Q002945,E062,2,5,42.8,4.239321540845045,18.586739914626673,51,0.046,0.0132,1,F,Rural,non,0,474.0,10,6,35plus,Q002945,0,75.76
Q002946,E009,93,3,9.0,4.334006296280551,18.597707449838843,69,0.147,0.0216,1,F,Urbain,non,1,166.0,13,6,35plus,Q002946,1,46.3
Q002947,E045,81,3,42.3,4.339303234675541,18.465524140726696,48,0.316,0.0173,0,H,Urbain,oui,1,49.0,16,1,35plus,Q002947,0,57.8
Q002948,E038,101,1,47.0,4.376592320444268,18.572778570189133,0,0.217,0.0304,0,H,Rural,non,0,216.0,16,7,moins15,Q002948,0,32.89
Q002949,E040,33,4,22.1,4.344102641682709,18.507200236040866,55,0.531,0.0432,1,F,Rural,non,3,1160.0,17,8,35plus,Q002949,1,23.15
Q002950,E039,48,2,41.6,4.284070834888164,18.528108439727827,25,0.276,0.0387,1,F,Urbain,non,0,1875.0,11,6,15a34,Q002950,0,25.84
Q002951,E003,108,2,35.6,4.326804617018703,18.567586286730403,7,0.231,0.0457,1,H,Urbain,oui,0,28.0,11,2,moins15,Q002951,0,21.88
Q002952,E039,9,6,7.5,4.349801371418157,18.593320668718935,59,0.12,0.0216,1,H,Rural,oui,3,1318.0,12,7,35plus,Q002952,1,46.3
Q002953,E071,59,4,34.7,4.310191624679547,18.56655317055077,25,0.213,0.0687,1,H,Rural,non,0,257.0,17,5,15a34,Q002953,0,14.56
Q002954,E033,59,5,37.1,4.317456830606741,18.480540143056253,16,0.172,0.0342,1,F,Rural,non,2,672.0,9,8,15a34,Q002954,0,29.24
Q002955,E021,54,2,42.1,4.410259120566284,18.553206858358273,23,0.399,0.0683,1,H,Urbain,non,0,559.0,13,8,15a34,Q002955,0,14.64
Q002956,E075,53,4,41.7,4.328756103060687,18.57447243848009,26,0.125,0.0366,1,F,Urbain,oui,1,42.0,14,7,15a34,Q002956,0,27.32
Q002957,E008,90,1,23.5,4.381997754286537,18.511365197165723,40,0.121,0.0382,1,H,Rural,non,1,839.0,8,4,35plus,Q002957,0,26.18
Q002958,E037,24,2,11.3,4.351151988274013,18.50770864234381,34,0.276,0.036,1,F,Rural,non,3,198.0,14,4,15a34,Q002958,1,27.78
Q002959,E039,107,5,34.7,4.298501770200536,18.54642801568559,21,0.021,0.037,1,H,Urbain,non,3,277.0,13,1,15a34,Q002959,0,27.03
Q002960,E036,108,3,45.0,4.34335174130463,18.578681576030178,1,0.371,0.0586,1,H,Rural,non,1,557.0,9,2,moins15,Q002960,0,17.06
Q002961,E070,22,4,14.9,4.374549288812007,18.521663831572504,19,0.343,0.0398,1,F,Rural,non,0,1180.0,18,7,15a34,Q002961,0,25.13
Q002962,E032,117,5,29.7,4.3612,18.5551,34,0.238,0.0427,1,H,Rural,non,2,1850.0,14,1,15a34,Q002962,1,23.42
Q002963,E073,32,6,23.3,4.321387800300855,18.486972556507194,20,0.178,0.0451,1,H,Rural,non,2,319.0,11,4,15a34,Q002963,0,22.17
Q002964,E006,7,1,24.4,4.355737639419469,18.56352421185792,33,0.095,0.0789,1,F,Urbain,oui,0,396.0,9,4,15a34,Q002964,0,12.67
Q002965,E056,48,4,40.9,4.4054541378763865,18.45892936070914,31,0.147,0.0193,0,H,Urbain,non,1,104.0,14,3,15a34,Q002965,0,51.81
Q002966,E045,96,6,30.3,4.423026189490498,18.565490837684575,48,0.336,0.0758,1,F,Rural,non,1,286.0,7,3,35plus,Q002966,0,13.19
Q002967,E019,102,2,17.7,4.327554326797465,18.594069987870967,35,0.176,0.0556,1,F,Rural,non,3,422.0,10,4,35plus,Q002967,0,17.99
Q002968,E018,78,6,32.9,4.352210363349166,18.541655173887467,44,0.24,0.0255,1,F,Rural,non,1,340.0,8,4,35plus,Q002968,0,39.22
Q002969,E054,98,4,48.3,4.415634797692555,18.577869275881007,27,0.265,0.077,0,F,Urbain,non,0,183.0,7,5,15a34,Q002969,0,12.99
Q002970,E048,32,2,6.9,4.385572554345558,18.562264796831865,55,0.284,0.0318,1,H,Urbain,oui,7,76.0,10,3,35plus,Q002970,1,31.45
Q002971,E046,106,5,37.7,4.4116722069388565,18.481143641782236,24,0.115,0.0454,1,H,Rural,non,2,69.0,18,1,15a34,Q002971,0,22.03
Q002972,E004,77,6,45.0,4.418571148685696,18.49094626557449,18,0.155,0.023,1,H,Rural,non,1,127.0,16,3,15a34,Q002972,0,43.48
Q002973,E045,17,1,33.7,4.38768611726087,18.531897722210207,51,0.149,0.0275,1,H,Urbain,non,3,520.0,9,6,35plus,Q002973,0,36.36
Q002974,E074,16,5,47.5,4.367177335549179,18.542571252889175,21,0.248,0.0758,1,H,Rural,non,0,115.0,9,8,15a34,Q002974,0,13.19
Q002975,E002,33,6,29.4,4.326451259041357,18.510872768040905,14,0.454,0.0333,1,F,Rural,non,2,239.0,17,3,moins15,Q002975,0,30.03
Q002976,E036,9,4,44.1,4.347789324593359,18.488988123727005,14,0.163,0.0633,1,F,Rural,oui,0,237.0,15,6,moins15,Q002976,0,15.8
Q002977,E038,34,4,42.5,4.351106952328264,18.40718427779524,25,0.412,0.0609,1,F,Rural,non,0,175.0,7,7,15a34,Q002977,1,16.42
Q002978,E068,120,1,33.8,4.419949787424733,18.633678776873044,27,0.056,0.0129,1,F,Urbain,non,2,274.0,16,3,15a34,Q002978,0,77.52
Q002979,E022,29,3,23.6,4.368817102055508,18.635235513923767,37,0.098,0.018,1,F,Rural,non,0,340.0,10,1,35plus,Q002979,0,55.56
Q002980,E036,77,6,7.3,4.369290516642823,18.507752172856488,42,0.348,0.0419,1,H,Rural,oui,2,773.0,14,3,35plus,Q002980,1,23.87
Q002981,E054,118,5,17.6,4.31029820853963,18.477977789990167,31,0.018,0.0493,1,F,Rural,non,0,49.0,14,2,15a34,Q002981,0,20.28
Q002982,E005,31,3,38.2,4.420224088434856,18.622749547351784,45,0.136,0.07,1,H,Rural,non,2,103.0,8,7,35plus,Q002982,0,14.29
Q002983,E061,84,2,11.6,4.321633328982259,18.444014082463863,43,0.356,0.0337,1,H,Rural,oui,3,151.0,14,4,35plus,Q002983,1,29.67
Q002984,E062,55,5,34.6,4.3457638185548575,18.601393791118994,17,0.092,0.0368,1,F,Rural,non,2,569.0,8,2,15a34,Q002984,0,27.17
Q002985,E054,35,6,33.1,4.42547036167002,18.581838440283704,16,0.092,0.0152,0,F,Rural,oui,0,80.0,16,2,15a34,Q002985,0,65.79
Q002986,E049,115,2,43.5,4.404330418902403,18.532519708802113,24,0.979,0.0515,1,H,Rural,non,1,152.0,13,8,15a34,Q002986,1,19.42
Q002987,E057,79,5,36.1,4.317511120426033,18.61965134918866,0,0.182,0.049,0,F,Rural,oui,0,201.0,8,4,moins15,Q002987,0,20.41
Q002988,E059,53,2,30.1,4.306058783926709,18.517012316172863,32,0.226,0.0731,1,F,Urbain,non,0,492.0,17,8,15a34,Q002988,0,13.68
Q002989,E068,98,5,35.0,4.34981348659267,18.592025109864203,27,0.095,0.0161,1,H,Rural,non,2,92.0,12,8,15a34,Q002989,0,62.11
Q002990,E033,109,6,48.3,4.331179530079537,18.53751682402325,55,0.12,0.0254,1,H,Rural,oui,1,796.0,9,6,35plus,Q002990,0,39.37
Q002991,E035,94,4,38.4,4.286629532521519,18.489167723149702,47,0.245,0.0504,1,F,Rural,non,3,159.0,10,8,35plus,Q002991,0,19.84
Q002992,E048,105,3,31.3,4.322335290855083,18.652144712072257,26,0.089,0.0266,1,H,Rural,non,1,430.0,15,7,15a34,Q002992,0,37.59
Q002993,E015,39,2,33.7,4.2225976403117285,18.514576213142494,45,0.186,0.0117,1,F,Urbain,oui,1,62.0,11,5,35plus,Q002993,0,85.47
Q002994,E065,42,1,37.2,4.405198744658903,18.52853604428514,28,0.562,0.07,1,H,Urbain,non,0,172.0,15,3,15a34,Q002994,0,14.29
Q002995,E058,28,1,31.1,4.402051855893542,18.590669317910596,38,0.062,0.0587,1,F,Rural,non,1,36.0,12,7,35plus,Q002995,0,17.04
Q002996,E048,84,6,30.4,4.430484576205498,18.61201527857146,2,0.393,0.0297,1,F,Urbain,non,0,1579.0,18,8,moins15,Q002996,0,33.67
Q002997,E023,97,4,33.9,4.377661974296338,18.484062879339778,22,0.349,0.0284,1,H,Rural,non,1,608.0,8,8,15a34,Q002997,0,35.21
Q002998,E027,80,2,44.6,4.337584969983265,18.622042391386977,33,0.022,0.069,1,H,Urbain,oui,1,904.0,10,5,15a34,Q002998,0,14.49
Q002999,E033,72,4,39.5,4.411170153028199,18.549685240136697,27,0.281,0.0343,0,H,Rural,non,1,261.0,14,1,15a34,Q002999,0,29.15
Q003000,E050,93,6,31.1,4.324926895838514,18.545605247028323,50,0.063,0.0675,1,H,Urbain,oui,0,532.0,18,5,35plus,Q003000,1,14.81
